sku,nombre,descripcion_completa,categoria_ct,categoria_clasificada,marca,base_cost_usd,costo_proveedor_mxn,precio_original,original,precio,precio_mxn,precio_mayoreo_10pzs,precio_piso_minimo_20,img,local_img
DDUKGT1290,Disco de Estado Solido SATA de 240GB SA400S37/240G,Disco de Estado Solido SATA de 240GB SA400S37/240G. Clave Oficial CT: DDUKGT1290. Marca: CT.,COMPONENTES DE ENSAMBLE,discos_duros,CT,46.78,912.17,1459.47,1459.47,1231.42,1231.42,1140.21,1094.6,https://static.ctonline.mx/imagenes/DDUKGT1290/DDUKGT1290_400.jpg,assets/img/catalog/DDUKGT1290.jpg
DDUKGT1300,Disco de Estado Solido SATA de 480GB  SA400S37/480G,Disco de Estado Solido SATA de 480GB  SA400S37/480G. Clave Oficial CT: DDUKGT1300. Marca: CT.,COMPONENTES DE ENSAMBLE,discos_duros,CT,67.33,1313.0,2100.8,2100.8,1772.55,1772.55,1641.25,1575.6,https://static.ctonline.mx/imagenes/DDUKGT1300/DDUKGT1300_400.jpg,assets/img/catalog/DDUKGT1300.jpg
DDUKGT1360,Disco de Estado Solido SATA de 960GB SA400S37/960G,Disco de Estado Solido SATA de 960GB SA400S37/960G. Clave Oficial CT: DDUKGT1360. Marca: CT.,COMPONENTES DE ENSAMBLE,discos_duros,CT,131.67,2567.5,4108.0,4108.0,3466.13,3466.13,3209.38,3081.0,https://static.ctonline.mx/imagenes/DDUKGT1360/DDUKGT1360_400.jpg,assets/img/catalog/DDUKGT1360.jpg
DDUKGT2570,Disco de Estado Solido SATA de 480GB KC-S44480-7S,Disco de Estado Solido SATA de 480GB KC-S44480-7S. Clave Oficial CT: DDUKGT2570. Marca: CT.,COMPONENTES DE ENSAMBLE,discos_duros,CT,71.11,1386.67,2218.67,2218.67,1872.0,1872.0,1733.33,1664.0,https://static.ctonline.mx/imagenes/DDUKGT2570/DDUKGT2570_400.jpg,assets/img/catalog/DDUKGT2570.jpg
DDUKGT2020,SSD KC600 2.5 KINGSTON 512GB SKC600MS/512G,SSD KC600 2.5 KINGSTON 512GB SKC600MS/512G. Clave Oficial CT: DDUKGT2020. Marca: CT.,COMPONENTES DE ENSAMBLE,discos_duros,CT,130.8,2550.6,4080.96,4080.96,3443.31,3443.31,3188.25,3060.72,https://static.ctonline.mx/imagenes/DDUKGT2020/DDUKGT2020_400.jpg,assets/img/catalog/DDUKGT2020.jpg
DDUKGT2010,SSD KC600 2.5 KINGSTON 256GB SKC600MS/256G,SSD KC600 2.5 KINGSTON 256GB SKC600MS/256G. Clave Oficial CT: DDUKGT2010. Marca: CT.,COMPONENTES DE ENSAMBLE,discos_duros,CT,77.9,1519.05,2430.48,2430.48,2050.72,2050.72,1898.81,1822.86,https://static.ctonline.mx/imagenes/DDUKGT2010/DDUKGT2010_400.jpg,assets/img/catalog/DDUKGT2010.jpg
DDUKGT1870,SSD KC600 2.5 KINGSTON 256GB SKC600/256G,SSD KC600 2.5 KINGSTON 256GB SKC600/256G. Clave Oficial CT: DDUKGT1870. Marca: CT.,COMPONENTES DE ENSAMBLE,discos_duros,CT,80.22,1564.33,2502.93,2502.93,2111.85,2111.85,1955.42,1877.2,https://static.ctonline.mx/imagenes/DDUKGT1870/DDUKGT1870_400.jpg,assets/img/catalog/DDUKGT1870.jpg
DDUKGT1880,SSD KC600 2.5 KINGSTON 512GB SKC600/512G,SSD KC600 2.5 KINGSTON 512GB SKC600/512G. Clave Oficial CT: DDUKGT1880. Marca: CT.,COMPONENTES DE ENSAMBLE,discos_duros,CT,131.52,2564.68,4103.49,4103.49,3462.32,3462.32,3205.85,3077.62,https://static.ctonline.mx/imagenes/DDUKGT1880/DDUKGT1880_400.jpg,assets/img/catalog/DDUKGT1880.jpg
DDUKGT1890,SSD KC600 2.5 KINGSTON 1024GB SKC600/1024G,SSD KC600 2.5 KINGSTON 1024GB SKC600/1024G. Clave Oficial CT: DDUKGT1890. Marca: CT.,COMPONENTES DE ENSAMBLE,discos_duros,CT,230.52,4495.18,7192.29,7192.29,6068.5,6068.5,5618.98,5394.22,https://static.ctonline.mx/imagenes/DDUKGT1890/DDUKGT1890_400.jpg,assets/img/catalog/DDUKGT1890.jpg
DDUKGT2400,SSD KC600 2.5 KINGSTON 2048GB SKC600/2048G,SSD KC600 2.5 KINGSTON 2048GB SKC600/2048G. Clave Oficial CT: DDUKGT2400. Marca: CT.,COMPONENTES DE ENSAMBLE,discos_duros,CT,423.46,8257.38,13211.81,13211.81,11147.47,11147.47,10321.73,9908.86,https://static.ctonline.mx/imagenes/DDUKGT2400/DDUKGT2400_400.jpg,assets/img/catalog/DDUKGT2400.jpg
DDUKGT2410,SSD NV3 M.2 KINGSTON 500GB SNV3S/500G,SSD NV3 M.2 KINGSTON 500GB SNV3S/500G. Clave Oficial CT: DDUKGT2410. Marca: CT.,COMPONENTES DE ENSAMBLE,discos_duros,CT,79.0,1540.5,2464.8,2464.8,2079.67,2079.67,1925.62,1848.6,https://static.ctonline.mx/imagenes/DDUKGT2410/DDUKGT2410_400.jpg,assets/img/catalog/DDUKGT2410.jpg
DDUKGT2420,SSD NV3 M.2 KINGSTON 1000GB SNV3S/1000G,SSD NV3 M.2 KINGSTON 1000GB SNV3S/1000G. Clave Oficial CT: DDUKGT2420. Marca: CT.,COMPONENTES DE ENSAMBLE,discos_duros,CT,123.5,2408.25,3853.2,3853.2,3251.14,3251.14,3010.31,2889.9,https://static.ctonline.mx/imagenes/DDUKGT2420/DDUKGT2420_400.jpg,assets/img/catalog/DDUKGT2420.jpg
DDUKGT2430,SSD NV3 M.2 KINGSTON 2000GB SNV3S/2000G,SSD NV3 M.2 KINGSTON 2000GB SNV3S/2000G. Clave Oficial CT: DDUKGT2430. Marca: CT.,COMPONENTES DE ENSAMBLE,discos_duros,CT,296.64,5784.57,9255.31,9255.31,7809.17,7809.17,7230.71,6941.48,https://static.ctonline.mx/imagenes/DDUKGT2430/DDUKGT2430_400.jpg,assets/img/catalog/DDUKGT2430.jpg
DDUKGT2440,SSD NV3 M.2 KINGSTON 4000GB SNV3S/4000G,SSD NV3 M.2 KINGSTON 4000GB SNV3S/4000G. Clave Oficial CT: DDUKGT2440. Marca: CT.,COMPONENTES DE ENSAMBLE,discos_duros,CT,590.83,11521.25,18434.0,18434.0,15553.69,15553.69,14401.56,13825.5,https://static.ctonline.mx/imagenes/DDUKGT2440/DDUKGT2440_400.jpg,assets/img/catalog/DDUKGT2440.jpg
DDUKGT2310,SSD DC600M 2.5 KINGSTON 480GB SEDC600M/480G,SSD DC600M 2.5 KINGSTON 480GB SEDC600M/480G. Clave Oficial CT: DDUKGT2310. Marca: CT.,COMPONENTES DE ENSAMBLE,discos_duros,CT,413.72,8067.58,12908.13,12908.13,10891.24,10891.24,10084.48,9681.1,https://static.ctonline.mx/imagenes/DDUKGT2310/DDUKGT2310_400.jpg,assets/img/catalog/DDUKGT2310.jpg
DDUKGT2320,SSD DC600M 2.5 KINGSTON 960GB SEDC600M/960G,SSD DC600M 2.5 KINGSTON 960GB SEDC600M/960G. Clave Oficial CT: DDUKGT2320. Marca: CT.,COMPONENTES DE ENSAMBLE,discos_duros,CT,590.74,11519.52,18431.23,18431.23,15551.35,15551.35,14399.4,13823.42,https://static.ctonline.mx/imagenes/DDUKGT2320/DDUKGT2320_400.jpg,assets/img/catalog/DDUKGT2320.jpg
DDUKGT2330,SSD DC600M 2.5 KINGSTON 1920GB SEDC600M/1920G,SSD DC600M 2.5 KINGSTON 1920GB SEDC600M/1920G. Clave Oficial CT: DDUKGT2330. Marca: CT.,COMPONENTES DE ENSAMBLE,discos_duros,CT,1136.83,22168.25,35469.2,35469.2,29927.14,29927.14,27710.31,26601.9,https://static.ctonline.mx/imagenes/DDUKGT2330/DDUKGT2330_400.jpg,assets/img/catalog/DDUKGT2330.jpg
DDUKGT2340,SSD DC600M 2.5 KINGSTON 3840GB SEDC600M/3840G,SSD DC600M 2.5 KINGSTON 3840GB SEDC600M/3840G. Clave Oficial CT: DDUKGT2340. Marca: CT.,COMPONENTES DE ENSAMBLE,discos_duros,CT,1310.8,25560.6,40896.96,40896.96,34506.81,34506.81,31950.75,30672.72,https://static.ctonline.mx/imagenes/DDUKGT2340/DDUKGT2340_400.jpg,assets/img/catalog/DDUKGT2340.jpg
DDUKGT2300,SSD DC600M 2.5 KINGSTON 7680GB SEDC600M/7680G,SSD DC600M 2.5 KINGSTON 7680GB SEDC600M/7680G. Clave Oficial CT: DDUKGT2300. Marca: CT.,COMPONENTES DE ENSAMBLE,discos_duros,CT,2401.86,46836.18,74937.89,74937.89,63228.85,63228.85,58545.23,56203.42,https://static.ctonline.mx/imagenes/DDUKGT2300/DDUKGT2300_400.jpg,assets/img/catalog/DDUKGT2300.jpg
DDUKGT2070,SSD KC3000 PCIe NVMe M.2 KINGSTON 512GB SKC3000S/512G,SSD KC3000 PCIe NVMe M.2 KINGSTON 512GB SKC3000S/512G. Clave Oficial CT: DDUKGT2070. Marca: CT.,COMPONENTES DE ENSAMBLE,discos_duros,CT,158.61,3092.92,4948.67,4948.67,4175.44,4175.44,3866.15,3711.5,https://static.ctonline.mx/imagenes/DDUKGT2070/DDUKGT2070_400.jpg,assets/img/catalog/DDUKGT2070.jpg
DDUKGT2080,SSD KC3000 PCIe NVMe M.2 KINGSTON 1024GB SKC3000S/1024G,SSD KC3000 PCIe NVMe M.2 KINGSTON 1024GB SKC3000S/1024G. Clave Oficial CT: DDUKGT2080. Marca: CT.,COMPONENTES DE ENSAMBLE,discos_duros,CT,254.31,4958.95,7934.32,7934.32,6694.58,6694.58,6198.68,5950.74,https://static.ctonline.mx/imagenes/DDUKGT2080/DDUKGT2080_400.jpg,assets/img/catalog/DDUKGT2080.jpg
DDUKGT2060,SSD KC3000 PCIe NVMe M.2 KINGSTON 2048GB SKC3000D/2048G,SSD KC3000 PCIe NVMe M.2 KINGSTON 2048GB SKC3000D/2048G. Clave Oficial CT: DDUKGT2060. Marca: CT.,COMPONENTES DE ENSAMBLE,discos_duros,CT,417.4,8139.3,13022.88,13022.88,10988.06,10988.06,10174.13,9767.16,https://static.ctonline.mx/imagenes/DDUKGT2060/DDUKGT2060_400.jpg,assets/img/catalog/DDUKGT2060.jpg
DDUKGT2090,SSD KC3000 PCIe NVMe M.2 KINGSTON 4096GB SKC3000D/4096G,SSD KC3000 PCIe NVMe M.2 KINGSTON 4096GB SKC3000D/4096G. Clave Oficial CT: DDUKGT2090. Marca: CT.,COMPONENTES DE ENSAMBLE,discos_duros,CT,818.7,15964.65,25543.44,25543.44,21552.28,21552.28,19955.81,19157.58,https://static.ctonline.mx/imagenes/DDUKGT2090/DDUKGT2090_400.jpg,assets/img/catalog/DDUKGT2090.jpg
DDUKGT2580,SSD SFYRS M.2 KINGSTON 8192GB SFYR2D/8T1,SSD SFYRS M.2 KINGSTON 8192GB SFYR2D/8T1. Clave Oficial CT: DDUKGT2580. Marca: CT.,COMPONENTES DE ENSAMBLE,discos_duros,CT,1977.65,38564.18,61702.68,61702.68,52061.64,52061.64,48205.22,46277.01,https://static.ctonline.mx/imagenes/DDUKGT2580/DDUKGT2580_400.jpg,assets/img/catalog/DDUKGT2580.jpg
DDUKGT2590,SSD DC600M 2.5 KINGSTON 480GB SEDC600ME/480G,SSD DC600M 2.5 KINGSTON 480GB SEDC600ME/480G. Clave Oficial CT: DDUKGT2590. Marca: CT.,COMPONENTES DE ENSAMBLE,discos_duros,CT,388.89,7583.33,12133.33,12133.33,10237.5,10237.5,9479.17,9100.0,https://static.ctonline.mx/imagenes/DDUKGT2590/DDUKGT2590_400.jpg,assets/img/catalog/DDUKGT2590.jpg
DDUKGT2600,SSD DC600M 2.5 KINGSTON 960GB SEDC600ME/960G,SSD DC600M 2.5 KINGSTON 960GB SEDC600ME/960G. Clave Oficial CT: DDUKGT2600. Marca: CT.,COMPONENTES DE ENSAMBLE,discos_duros,CT,589.5,11495.25,18392.4,18392.4,15518.59,15518.59,14369.06,13794.3,https://static.ctonline.mx/imagenes/DDUKGT2600/DDUKGT2600_400.jpg,assets/img/catalog/DDUKGT2600.jpg
DDUKGT2610,SSD DC600M 2.5 KINGSTON 1920GB SEDC600ME/1920G,SSD DC600M 2.5 KINGSTON 1920GB SEDC600ME/1920G. Clave Oficial CT: DDUKGT2610. Marca: CT.,COMPONENTES DE ENSAMBLE,discos_duros,CT,888.89,17333.33,27733.33,27733.33,23400.0,23400.0,21666.67,20800.0,https://static.ctonline.mx/imagenes/DDUKGT2610/DDUKGT2610_400.jpg,assets/img/catalog/DDUKGT2610.jpg
DDUKGT2620,SSD DC600M 2.5 KINGSTON 3840GB SEDC600ME/3840G,SSD DC600M 2.5 KINGSTON 3840GB SEDC600ME/3840G. Clave Oficial CT: DDUKGT2620. Marca: CT.,COMPONENTES DE ENSAMBLE,discos_duros,CT,2100.06,40951.08,65521.73,65521.73,55283.96,55283.96,51188.85,49141.3,https://static.ctonline.mx/imagenes/DDUKGT2620/DDUKGT2620_400.jpg,assets/img/catalog/DDUKGT2620.jpg
DDUKGT2630,SSD DC600M 2.5 KINGSTON 7680GB SEDC600ME/7680G,SSD DC600M 2.5 KINGSTON 7680GB SEDC600ME/7680G. Clave Oficial CT: DDUKGT2630. Marca: CT.,COMPONENTES DE ENSAMBLE,discos_duros,CT,2407.15,46939.43,75103.08,75103.08,63368.22,63368.22,58674.28,56327.31,https://static.ctonline.mx/imagenes/DDUKGT2630/DDUKGT2630_400.jpg,assets/img/catalog/DDUKGT2630.jpg
DDUKGT2640,SSD SPSD DUAL USB-A/C PORTABLE KINGSTON 512GB SPSD/512GB,SSD SPSD DUAL USB-A/C PORTABLE KINGSTON 512GB SPSD/512GB. Clave Oficial CT: DDUKGT2640. Marca: CT.,COMPONENTES DE ENSAMBLE,discos_duros,CT,126.6,2468.7,3949.92,3949.92,3332.75,3332.75,3085.88,2962.44,https://static.ctonline.mx/imagenes/DDUKGT2640/DDUKGT2640_400.jpg,assets/img/catalog/DDUKGT2640.jpg
DDUKGT2650,SSD SPSD DUAL USB-A/C PORTABLE KINGSTON 1TB SPSD/1TB,SSD SPSD DUAL USB-A/C PORTABLE KINGSTON 1TB SPSD/1TB. Clave Oficial CT: DDUKGT2650. Marca: CT.,COMPONENTES DE ENSAMBLE,discos_duros,CT,187.4,3654.3,5846.88,5846.88,4933.31,4933.31,4567.88,4385.16,https://static.ctonline.mx/imagenes/DDUKGT2650/DDUKGT2650_400.jpg,assets/img/catalog/DDUKGT2650.jpg
DDUKGT2660,SSD SPSD DUAL USB-A/C PORTABLE KINGSTON 2TB SPSD/2TB,SSD SPSD DUAL USB-A/C PORTABLE KINGSTON 2TB SPSD/2TB. Clave Oficial CT: DDUKGT2660. Marca: CT.,COMPONENTES DE ENSAMBLE,discos_duros,CT,311.6,6076.2,9721.92,9721.92,8202.87,8202.87,7595.25,7291.44,https://static.ctonline.mx/imagenes/DDUKGT2660/DDUKGT2660_400.jpg,assets/img/catalog/DDUKGT2660.jpg
DDUKGT2030,SSD KC600 mSATA KINGSTON 1024GB SKC600MS/1024G,SSD KC600 mSATA KINGSTON 1024GB SKC600MS/1024G. Clave Oficial CT: DDUKGT2030. Marca: CT.,COMPONENTES DE ENSAMBLE,discos_duros,CT,229.25,4470.38,7152.6,7152.6,6035.01,6035.01,5587.97,5364.45,https://static.ctonline.mx/imagenes/DDUKGT2030/DDUKGT2030_400.jpg,assets/img/catalog/DDUKGT2030.jpg
DDUKGT2530,SSD NV3 M.2 2230 PCIe 4.0 NVMe KINGSTON 500GB SNV3SM3/500G,SSD NV3 M.2 2230 PCIe 4.0 NVMe KINGSTON 500GB SNV3SM3/500G. Clave Oficial CT: DDUKGT2530. Marca: CT.,COMPONENTES DE ENSAMBLE,discos_duros,CT,122.22,2383.33,3813.33,3813.33,3217.5,3217.5,2979.17,2860.0,https://static.ctonline.mx/imagenes/DDUKGT2530/DDUKGT2530_400.jpg,assets/img/catalog/DDUKGT2530.jpg
DDUKGT2540,SSD NV3 M.2 2230 PCIe 4.0 NVMe KINGSTON 1000GB SNV3SM3/1T0,SSD NV3 M.2 2230 PCIe 4.0 NVMe KINGSTON 1000GB SNV3SM3/1T0. Clave Oficial CT: DDUKGT2540. Marca: CT.,COMPONENTES DE ENSAMBLE,discos_duros,CT,194.78,3798.17,6077.07,6077.07,5127.53,5127.53,4747.71,4557.8,https://static.ctonline.mx/imagenes/DDUKGT2540/DDUKGT2540_400.jpg,assets/img/catalog/DDUKGT2540.jpg
DDUKGT2550,SSD NV3 M.2 2230 PCIe 4.0 NVMe KINGSTON 2000GB SNV3SM3/2T0,SSD NV3 M.2 2230 PCIe 4.0 NVMe KINGSTON 2000GB SNV3SM3/2T0. Clave Oficial CT: DDUKGT2550. Marca: CT.,COMPONENTES DE ENSAMBLE,discos_duros,CT,333.95,6512.03,10419.24,10419.24,8791.23,8791.23,8140.03,7814.43,https://static.ctonline.mx/imagenes/DDUKGT2550/DDUKGT2550_400.jpg,assets/img/catalog/DDUKGT2550.jpg
DDUKGT2500,SSD SFYR2S M.2 KINGSTON 1024GB SFYR2S/1T0,SSD SFYR2S M.2 KINGSTON 1024GB SFYR2S/1T0. Clave Oficial CT: DDUKGT2500. Marca: CT.,COMPONENTES DE ENSAMBLE,discos_duros,CT,364.5,7107.75,11372.4,11372.4,9595.46,9595.46,8884.69,8529.3,https://static.ctonline.mx/imagenes/DDUKGT2500/DDUKGT2500_400.jpg,assets/img/catalog/DDUKGT2500.jpg
DDUKGT2510,SSD SFYRS M.2 KINGSTON 2048GB SFYR2S/2T0,SSD SFYRS M.2 KINGSTON 2048GB SFYR2S/2T0. Clave Oficial CT: DDUKGT2510. Marca: CT.,COMPONENTES DE ENSAMBLE,discos_duros,CT,524.75,10232.62,16372.2,16372.2,13814.04,13814.04,12790.78,12279.15,https://static.ctonline.mx/imagenes/DDUKGT2510/DDUKGT2510_400.jpg,assets/img/catalog/DDUKGT2510.jpg
DDUKGT2520,SSD SFYRS M.2 KINGSTON 4096GB SFYR2S/4T0,SSD SFYRS M.2 KINGSTON 4096GB SFYR2S/4T0. Clave Oficial CT: DDUKGT2520. Marca: CT.,COMPONENTES DE ENSAMBLE,discos_duros,CT,999.75,19495.12,31192.2,31192.2,26318.42,26318.42,24368.91,23394.15,https://static.ctonline.mx/imagenes/DDUKGT2520/DDUKGT2520_400.jpg,assets/img/catalog/DDUKGT2520.jpg
DDUKGT2380,SSD EXTERNO XS1000 KINGSTON 1000GB SXS1000/1000G,SSD EXTERNO XS1000 KINGSTON 1000GB SXS1000/1000G. Clave Oficial CT: DDUKGT2380. Marca: CT.,COMPONENTES DE ENSAMBLE,discos_duros,CT,188.44,3674.67,5879.47,5879.47,4960.8,4960.8,4593.33,4409.6,https://static.ctonline.mx/imagenes/DDUKGT2380/DDUKGT2380_400.jpg,assets/img/catalog/DDUKGT2380.jpg
DDUKGT2390,SSD EXTERNO XS1000 KINGSTON 2000GB SXS1000/2000G,SSD EXTERNO XS1000 KINGSTON 2000GB SXS1000/2000G. Clave Oficial CT: DDUKGT2390. Marca: CT.,COMPONENTES DE ENSAMBLE,discos_duros,CT,311.61,6076.42,9722.27,9722.27,8203.16,8203.16,7595.52,7291.7,https://static.ctonline.mx/imagenes/DDUKGT2390/DDUKGT2390_400.jpg,assets/img/catalog/DDUKGT2390.jpg
DDUKGT2450,SSD EXTERNO XS1000 RED KINGSTON 1000GB SXS1000R/1000G,SSD EXTERNO XS1000 RED KINGSTON 1000GB SXS1000R/1000G. Clave Oficial CT: DDUKGT2450. Marca: CT.,COMPONENTES DE ENSAMBLE,discos_duros,CT,187.4,3654.3,5846.88,5846.88,4933.31,4933.31,4567.88,4385.16,https://static.ctonline.mx/imagenes/DDUKGT2450/DDUKGT2450_400.jpg,assets/img/catalog/DDUKGT2450.jpg
DDUKGT2460,SSD EXTERNO XS1000 RED KINGSTON 2000GB SXS1000R/2000G,SSD EXTERNO XS1000 RED KINGSTON 2000GB SXS1000R/2000G. Clave Oficial CT: DDUKGT2460. Marca: CT.,COMPONENTES DE ENSAMBLE,discos_duros,CT,311.6,6076.2,9721.92,9721.92,8202.87,8202.87,7595.25,7291.44,https://static.ctonline.mx/imagenes/DDUKGT2460/DDUKGT2460_400.jpg,assets/img/catalog/DDUKGT2460.jpg
DDUKGT2150,SSD EXTERNO XS2000 KINGSTON 1000GB SXS2000/1000G,SSD EXTERNO XS2000 KINGSTON 1000GB SXS2000/1000G. Clave Oficial CT: DDUKGT2150. Marca: CT.,COMPONENTES DE ENSAMBLE,discos_duros,CT,176.86,3448.68,5517.89,5517.89,4655.72,4655.72,4310.85,4138.42,https://static.ctonline.mx/imagenes/DDUKGT2150/DDUKGT2150_400.jpg,assets/img/catalog/DDUKGT2150.jpg
DDUDAT450,"Disco Duro Externo 2.5"" modelo HV620S 1TB USB 3.1, Carcasa elegante, brillante y portátil. Con compatibilidad universal de dispositivos. Color Negro.","Disco Duro Externo 2.5"" modelo HV620S 1TB USB 3.1, Carcasa elegante, brillante y portátil. Con compatibilidad universal de dispositivos. Color Negro.. Clave Oficial CT: DDUDAT450. Marca: CT.",COMPONENTES DE ENSAMBLE,discos_duros,CT,78.89,1538.33,2461.33,2461.33,2076.75,2076.75,1922.92,1846.0,https://static.ctonline.mx/imagenes/DDUDAT450/DDUDAT450_400.jpg,assets/img/catalog/DDUDAT450.jpg
DDUDAT670,"Disco Duro Externo 2.5"" HV620S 1TB USB 3.1, Carcasa elegante, brillante y portátil. Con compatibilidad universal de dispositivos. Color Blanco AHV620S-1TU3-CWH","Disco Duro Externo 2.5"" HV620S 1TB USB 3.1, Carcasa elegante, brillante y portátil. Con compatibilidad universal de dispositivos. Color Blanco AHV620S-1TU3-CWH. Clave Oficial CT: DDUDAT670. Marca: CT.",COMPONENTES DE ENSAMBLE,discos_duros,CT,75.99,1481.78,2370.85,2370.85,2000.41,2000.41,1852.23,1778.14,https://static.ctonline.mx/imagenes/DDUDAT670/DDUDAT670_400.jpg,assets/img/catalog/DDUDAT670.jpg
DDUDAT600,"Disco Duro Externo 2.5"" HV620S 1TB USB 3.2, Carcasa elegante, brillante y portátil. Con compatibilidad universal de dispositivos. Color AZUL. AHV620S-1TU31-CBL","Disco Duro Externo 2.5"" HV620S 1TB USB 3.2, Carcasa elegante, brillante y portátil. Con compatibilidad universal de dispositivos. Color AZUL. AHV620S-1TU31-CBL. Clave Oficial CT: DDUDAT600. Marca: CT.",COMPONENTES DE ENSAMBLE,discos_duros,CT,75.99,1481.78,2370.85,2370.85,2000.41,2000.41,1852.23,1778.14,https://static.ctonline.mx/imagenes/DDUDAT600/DDUDAT600_400.jpg,assets/img/catalog/DDUDAT600.jpg
DDUDAT690,"Disco Duro Externo 2.5"" HV620S 2TB USB 3.2, Carcasa elegante, brillante y portátil. Con compatibilidad universal de dispositivos. Color AZUL. AHV620S-2TU31-CBL","Disco Duro Externo 2.5"" HV620S 2TB USB 3.2, Carcasa elegante, brillante y portátil. Con compatibilidad universal de dispositivos. Color AZUL. AHV620S-2TU31-CBL. Clave Oficial CT: DDUDAT690. Marca: CT.",COMPONENTES DE ENSAMBLE,discos_duros,CT,102.68,2002.22,3203.55,3203.55,2702.99,2702.99,2502.77,2402.66,https://static.ctonline.mx/imagenes/DDUDAT690/DDUDAT690_400.jpg,assets/img/catalog/DDUDAT690.jpg
DDUDAT460,"Disco Duro Externo 2.5"" modelo HV620S 2TB USB 3.1, Carcasa elegante, brillante y portátil. Con compatibilidad universal de dispositivos. Color Negro.","Disco Duro Externo 2.5"" modelo HV620S 2TB USB 3.1, Carcasa elegante, brillante y portátil. Con compatibilidad universal de dispositivos. Color Negro.. Clave Oficial CT: DDUDAT460. Marca: CT.",COMPONENTES DE ENSAMBLE,discos_duros,CT,102.68,2002.22,3203.55,3203.55,2702.99,2702.99,2502.77,2402.66,https://static.ctonline.mx/imagenes/DDUDAT460/DDUDAT460_400.jpg,assets/img/catalog/DDUDAT460.jpg
DDUDAT680,"Disco Duro Externo 2.5"" HV620S 2TB USB 3.2 Gen1, compatible con 3.1 y 2.0, Carcasa elegante, brillante y portátil. Con compatibilidad universal de dispositivos. Color Blanco AHV620S-2TU31-CWH","Disco Duro Externo 2.5"" HV620S 2TB USB 3.2 Gen1, compatible con 3.1 y 2.0, Carcasa elegante, brillante y portátil. Con compatibilidad universal de dispositivos. Color Blanco AHV620S-2TU31-CWH. Clave Oficial CT: DDUDAT680. Marca: CT.",COMPONENTES DE ENSAMBLE,discos_duros,CT,94.36,1839.93,2943.89,2943.89,2483.91,2483.91,2299.92,2207.92,https://static.ctonline.mx/imagenes/DDUDAT680/DDUDAT680_400.jpg,assets/img/catalog/DDUDAT680.jpg
DDUDAT700,"Disco Duro Externo 2.5"" HV620S 4TB USB 3.1, Carcasa elegante, brillante y portátil. Con compatibilidad universal de dispositivos. Color Negro AHV620S-4TU31-CBK","Disco Duro Externo 2.5"" HV620S 4TB USB 3.1, Carcasa elegante, brillante y portátil. Con compatibilidad universal de dispositivos. Color Negro AHV620S-4TU31-CBK. Clave Oficial CT: DDUDAT700. Marca: CT.",COMPONENTES DE ENSAMBLE,discos_duros,CT,187.22,3650.83,5841.33,5841.33,4928.63,4928.63,4563.54,4381.0,https://static.ctonline.mx/imagenes/DDUDAT700/DDUDAT700_400.jpg,assets/img/catalog/DDUDAT700.jpg
DDUDAT1350,"Disco Duro Externo ADATA de 2.5"" HD330 1TB USB 3.2 Gen1, compatible con 3.1 y 2.0. Contra golpes. Color ROJO NP. AHD330-1TU31-CRD","Disco Duro Externo ADATA de 2.5"" HD330 1TB USB 3.2 Gen1, compatible con 3.1 y 2.0. Contra golpes. Color ROJO NP. AHD330-1TU31-CRD. Clave Oficial CT: DDUDAT1350. Marca: CT.",COMPONENTES DE ENSAMBLE,discos_duros,CT,80.99,1579.28,2526.85,2526.85,2132.03,2132.03,1974.1,1895.14,https://static.ctonline.mx/imagenes/DDUDAT1350/DDUDAT1350_400.jpg,assets/img/catalog/DDUDAT1350.jpg
DDUDAT1120,"Disco Duro Externo de 2.5"" modelo HD330 1TB USB 3.2 Gen1 compatible con 3.1 y 2.0. Contra golpes. Color NEGRO NP. AHD330-1TU31-CBK","Disco Duro Externo de 2.5"" modelo HD330 1TB USB 3.2 Gen1 compatible con 3.1 y 2.0. Contra golpes. Color NEGRO NP. AHD330-1TU31-CBK. Clave Oficial CT: DDUDAT1120. Marca: CT.",COMPONENTES DE ENSAMBLE,discos_duros,CT,82.4,1606.8,2570.88,2570.88,2169.18,2169.18,2008.5,1928.16,https://static.ctonline.mx/imagenes/DDUDAT1120/DDUDAT1120_400.jpg,assets/img/catalog/DDUDAT1120.jpg
DDUDAT1460,"Disco Duro Externo de 2.5"" modelo HD330 1TB USB 3.2 Gen1 compatible con 3.1 y 2.0. Contra golpes. Color AZUL NP. AHD330-1TU31-CBL","Disco Duro Externo de 2.5"" modelo HD330 1TB USB 3.2 Gen1 compatible con 3.1 y 2.0. Contra golpes. Color AZUL NP. AHD330-1TU31-CBL. Clave Oficial CT: DDUDAT1460. Marca: CT.",COMPONENTES DE ENSAMBLE,discos_duros,CT,64.44,1256.67,2010.67,2010.67,1696.5,1696.5,1570.83,1508.0,https://static.ctonline.mx/imagenes/DDUDAT1460/DDUDAT1460_400.jpg,assets/img/catalog/DDUDAT1460.jpg
DDUDAT1130,"Disco Duro Externo de 2.5"" modelo HD330 2TB USB 3.2 Gen1 compatible con 3.1 y 2.0. Contra golpes. Color NEGRO NP. AHD330-2TU31-CBK","Disco Duro Externo de 2.5"" modelo HD330 2TB USB 3.2 Gen1 compatible con 3.1 y 2.0. Contra golpes. Color NEGRO NP. AHD330-2TU31-CBK. Clave Oficial CT: DDUDAT1130. Marca: CT.",COMPONENTES DE ENSAMBLE,discos_duros,CT,93.33,1820.0,2912.0,2912.0,2457.0,2457.0,2275.0,2184.0,https://static.ctonline.mx/imagenes/DDUDAT1130/DDUDAT1130_400.jpg,assets/img/catalog/DDUDAT1130.jpg
DDUDAT1360,"Disco Duro Externo de 2.5"" modelo HD330 2TB USB 3.2 Gen1 compatible con 3.1 y 2.0. Contra golpes. Color ROJO NP. AHD330-2TU31-CRD","Disco Duro Externo de 2.5"" modelo HD330 2TB USB 3.2 Gen1 compatible con 3.1 y 2.0. Contra golpes. Color ROJO NP. AHD330-2TU31-CRD. Clave Oficial CT: DDUDAT1360. Marca: CT.",COMPONENTES DE ENSAMBLE,discos_duros,CT,83.33,1625.0,2600.0,2600.0,2193.75,2193.75,2031.25,1950.0,https://static.ctonline.mx/imagenes/DDUDAT1360/DDUDAT1360_400.jpg,assets/img/catalog/DDUDAT1360.jpg
DDUDAT1370,"Disco Duro Externo de 2.5"" modelo HD330 2TB USB 3.2 Gen1 compatible con 3.1 y 2.0. Contra golpes. Color AZUL NP. AHD330-2TU31-CBL","Disco Duro Externo de 2.5"" modelo HD330 2TB USB 3.2 Gen1 compatible con 3.1 y 2.0. Contra golpes. Color AZUL NP. AHD330-2TU31-CBL. Clave Oficial CT: DDUDAT1370. Marca: CT.",COMPONENTES DE ENSAMBLE,discos_duros,CT,83.33,1625.0,2600.0,2600.0,2193.75,2193.75,2031.25,1950.0,https://static.ctonline.mx/imagenes/DDUDAT1370/DDUDAT1370_400.jpg,assets/img/catalog/DDUDAT1370.jpg
DDUDAT1140,"Disco Duro Externo de 2.5"" modelo HD330 4TB USB 3.2 Gen1 compatible con 3.1 y 2.0. Contra golpes. Color NEGRO NP. AHD330-4TU31-CBK","Disco Duro Externo de 2.5"" modelo HD330 4TB USB 3.2 Gen1 compatible con 3.1 y 2.0. Contra golpes. Color NEGRO NP. AHD330-4TU31-CBK. Clave Oficial CT: DDUDAT1140. Marca: CT.",COMPONENTES DE ENSAMBLE,discos_duros,CT,190.0,3705.0,5928.0,5928.0,5001.75,5001.75,4631.25,4446.0,https://static.ctonline.mx/imagenes/DDUDAT1140/DDUDAT1140_400.jpg,assets/img/catalog/DDUDAT1140.jpg
DDUDAT1850,"Disco Duro Externo de 2.5"" modelo HD330 5TB USB 3.2 Gen1 (USB 5Gbps) compatible con 3.1 y 2.0. Contra golpes. Color NEGRO NP. AHD330-5TU31-CBK","Disco Duro Externo de 2.5"" modelo HD330 5TB USB 3.2 Gen1 (USB 5Gbps) compatible con 3.1 y 2.0. Contra golpes. Color NEGRO NP. AHD330-5TU31-CBK. Clave Oficial CT: DDUDAT1850. Marca: CT.",COMPONENTES DE ENSAMBLE,discos_duros,CT,205.56,4008.33,6413.33,6413.33,5411.25,5411.25,5010.42,4810.0,https://static.ctonline.mx/imagenes/DDUDAT1850/DDUDAT1850_400.jpg,assets/img/catalog/DDUDAT1850.jpg
ACCDAT980,"Disco Duro Externo de 2.5"" modelo HD650 1TB USB 3.1 Contragolpes y aprueba de agua. Compatible USB 2.0, Windows 8.x (y versiones anteriores). Color NEGRO.","Disco Duro Externo de 2.5"" modelo HD650 1TB USB 3.1 Contragolpes y aprueba de agua. Compatible USB 2.0, Windows 8.x (y versiones anteriores). Color NEGRO.. Clave Oficial CT: ACCDAT980. Marca: CT.",COMPONENTES DE ENSAMBLE,discos_duros,CT,73.77,1438.45,2301.52,2301.52,1941.91,1941.91,1798.06,1726.14,https://static.ctonline.mx/imagenes/ACCDAT980/ACCDAT980_400.jpg,assets/img/catalog/ACCDAT980.jpg
ACCDAT440,"Disco Duro Externo de 2.5"" modelo HD650 1TB USB 3.1 Contragolpes y aprueba de agua. Compatible USB 2.0, Windows 8.x (y versiones anteriores). Color ROJO.","Disco Duro Externo de 2.5"" modelo HD650 1TB USB 3.1 Contragolpes y aprueba de agua. Compatible USB 2.0, Windows 8.x (y versiones anteriores). Color ROJO.. Clave Oficial CT: ACCDAT440. Marca: CT.",COMPONENTES DE ENSAMBLE,discos_duros,CT,60.53,1180.42,1888.67,1888.67,1593.57,1593.57,1475.53,1416.51,https://static.ctonline.mx/imagenes/ACCDAT440/ACCDAT440_400.jpg,assets/img/catalog/ACCDAT440.jpg
DDUDAT570,"Disco Duro Externo de 2.5"" modelo HD650 2TB USB 3.1 Contra golpes y aprueba de agua. Color NEGRO. AHD650-2TU31-CBK","Disco Duro Externo de 2.5"" modelo HD650 2TB USB 3.1 Contra golpes y aprueba de agua. Color NEGRO. AHD650-2TU31-CBK. Clave Oficial CT: DDUDAT570. Marca: CT.",COMPONENTES DE ENSAMBLE,discos_duros,CT,105.86,2064.18,3302.69,3302.69,2786.65,2786.65,2580.23,2477.02,https://static.ctonline.mx/imagenes/DDUDAT570/DDUDAT570_400.jpg,assets/img/catalog/DDUDAT570.jpg
DDUDAT590,"Disco Duro Externo ADATA HD650 2TB 2.5"", USB 3.2 Gen 1 (USB 5Gbps). Contra golpes y aprueba de agua. Color ROJO. AHD650-2TU31-CRD","Disco Duro Externo ADATA HD650 2TB 2.5"", USB 3.2 Gen 1 (USB 5Gbps). Contra golpes y aprueba de agua. Color ROJO. AHD650-2TU31-CRD. Clave Oficial CT: DDUDAT590. Marca: CT.",COMPONENTES DE ENSAMBLE,discos_duros,CT,87.49,1706.03,2729.65,2729.65,2303.14,2303.14,2132.54,2047.24,https://static.ctonline.mx/imagenes/DDUDAT590/DDUDAT590_400.jpg,assets/img/catalog/DDUDAT590.jpg
DDUDAT710,"Disco Duro Externo de 2.5"" modelo HD650 4TB USB 3.1 Contra golpes y aprueba de agua. Color NEGRO. AHD650-4TU31-CBK","Disco Duro Externo de 2.5"" modelo HD650 4TB USB 3.1 Contra golpes y aprueba de agua. Color NEGRO. AHD650-4TU31-CBK. Clave Oficial CT: DDUDAT710. Marca: CT.",COMPONENTES DE ENSAMBLE,discos_duros,CT,166.67,3250.0,5200.0,5200.0,4387.5,4387.5,4062.5,3900.0,https://static.ctonline.mx/imagenes/DDUDAT710/DDUDAT710_400.jpg,assets/img/catalog/DDUDAT710.jpg
DDUDAT540,"Disco Duro Externo HD710 PRO 1TB 2.5"", USB 3.2 Gen 1 (USB 5Gbps) Impermeable y resistente a golpes. Color ROJO AHD710P-1TU31-CRD","Disco Duro Externo HD710 PRO 1TB 2.5"", USB 3.2 Gen 1 (USB 5Gbps) Impermeable y resistente a golpes. Color ROJO AHD710P-1TU31-CRD. Clave Oficial CT: DDUDAT540. Marca: CT.",COMPONENTES DE ENSAMBLE,discos_duros,CT,86.78,1692.17,2707.47,2707.47,2284.42,2284.42,2115.21,2030.6,https://static.ctonline.mx/imagenes/DDUDAT540/DDUDAT540_400.jpg,assets/img/catalog/DDUDAT540.jpg
DDUDAT730,"Disco Duro Externo HD710 PRO 1TB 2.5"" Interfaz USB 3.1. Impermeable y resistente a golpes. Color AZUL AHD710P-1TU31-CBL","Disco Duro Externo HD710 PRO 1TB 2.5"" Interfaz USB 3.1. Impermeable y resistente a golpes. Color AZUL AHD710P-1TU31-CBL. Clave Oficial CT: DDUDAT730. Marca: CT.",COMPONENTES DE ENSAMBLE,discos_duros,CT,86.67,1690.0,2704.0,2704.0,2281.5,2281.5,2112.5,2028.0,https://static.ctonline.mx/imagenes/DDUDAT730/DDUDAT730_400.jpg,assets/img/catalog/DDUDAT730.jpg
DDUDAT530,"Disco Duro Externo HD710 PRO 1TB 2.5"" Interfaz USB 3.1. Impermeable y resistente a golpes. Color MILITAR AHD710MP-1TU31-CCF","Disco Duro Externo HD710 PRO 1TB 2.5"" Interfaz USB 3.1. Impermeable y resistente a golpes. Color MILITAR AHD710MP-1TU31-CCF. Clave Oficial CT: DDUDAT530. Marca: CT.",COMPONENTES DE ENSAMBLE,discos_duros,CT,67.67,1319.5,2111.2,2111.2,1781.32,1781.32,1649.37,1583.4,https://static.ctonline.mx/imagenes/DDUDAT530/DDUDAT530_400.jpg,assets/img/catalog/DDUDAT530.jpg
DDUDAT740,"Disco Duro Externo HD710 PRO 1TB 2.5"", USB 3.2 Gen 1 (USB 5Gbps) Impermeable y resistente a golpes. Color AMARILLO AHD710P-1TU31-CYL","Disco Duro Externo HD710 PRO 1TB 2.5"", USB 3.2 Gen 1 (USB 5Gbps) Impermeable y resistente a golpes. Color AMARILLO AHD710P-1TU31-CYL. Clave Oficial CT: DDUDAT740. Marca: CT.",COMPONENTES DE ENSAMBLE,discos_duros,CT,86.99,1696.28,2714.05,2714.05,2289.98,2289.98,2120.35,2035.54,https://static.ctonline.mx/imagenes/DDUDAT740/DDUDAT740_400.jpg,assets/img/catalog/DDUDAT740.jpg
DDUDAT750,"Disco Duro Externo HD710 PRO 1TB 2.5"" Interfaz USB 3.1. Impermeable y resistente a golpes. Color NEGRO AHD710P-1TU31-CBK","Disco Duro Externo HD710 PRO 1TB 2.5"" Interfaz USB 3.1. Impermeable y resistente a golpes. Color NEGRO AHD710P-1TU31-CBK. Clave Oficial CT: DDUDAT750. Marca: CT.",COMPONENTES DE ENSAMBLE,discos_duros,CT,85.0,1657.5,2652.0,2652.0,2237.62,2237.62,2071.88,1989.0,https://static.ctonline.mx/imagenes/DDUDAT750/DDUDAT750_400.jpg,assets/img/catalog/DDUDAT750.jpg
DDUDAT1900,"Disco Duro Externo HD710M PRO 2TB 2.5"" USB 3.2 Gen1 (USB 5Gbps) Impermeable y resistente a golpes. Color MILITAR AHD710MP-2TU31-CCF","Disco Duro Externo HD710M PRO 2TB 2.5"" USB 3.2 Gen1 (USB 5Gbps) Impermeable y resistente a golpes. Color MILITAR AHD710MP-2TU31-CCF. Clave Oficial CT: DDUDAT1900. Marca: CT.",COMPONENTES DE ENSAMBLE,discos_duros,CT,78.22,1525.33,2440.53,2440.53,2059.2,2059.2,1906.67,1830.4,https://static.ctonline.mx/imagenes/DDUDAT1900/DDUDAT1900_400.jpg,assets/img/catalog/DDUDAT1900.jpg
DDUDAT2230,"Disco Duro Externo HD710 PRO 2TB 2.5"" Interfaz USB 3.2 Gen1. Impermeable y resistente a golpes. Color AMARILLO AHD710P-2TU31-CYL","Disco Duro Externo HD710 PRO 2TB 2.5"" Interfaz USB 3.2 Gen1. Impermeable y resistente a golpes. Color AMARILLO AHD710P-2TU31-CYL. Clave Oficial CT: DDUDAT2230. Marca: CT.",COMPONENTES DE ENSAMBLE,discos_duros,CT,107.63,2098.85,3358.16,3358.16,2833.45,2833.45,2623.56,2518.62,https://static.ctonline.mx/imagenes/DDUDAT2230/DDUDAT2230_400.jpg,assets/img/catalog/DDUDAT2230.jpg
ACCDAT1470,"Disco Duro Externo HD710 PRO 2TB 2.5"" Interfaz USB 3.1. Impermeable y resistente a golpes, AHD710P-2TU31-CBL. Color AZUL","Disco Duro Externo HD710 PRO 2TB 2.5"" Interfaz USB 3.1. Impermeable y resistente a golpes, AHD710P-2TU31-CBL. Color AZUL. Clave Oficial CT: ACCDAT1470. Marca: CT.",COMPONENTES DE ENSAMBLE,discos_duros,CT,107.28,2091.92,3347.07,3347.07,2824.09,2824.09,2614.9,2510.3,https://static.ctonline.mx/imagenes/ACCDAT1470/ACCDAT1470_400.jpg,assets/img/catalog/ACCDAT1470.jpg
ACCDAT1460,"Disco Duro Externo HD710 PRO 2TB 2.5"" Interfaz USB 3.1. Impermeable y resistente a golpes. Color NEGRO AHD710P-2TU31-CBK","Disco Duro Externo HD710 PRO 2TB 2.5"" Interfaz USB 3.1. Impermeable y resistente a golpes. Color NEGRO AHD710P-2TU31-CBK. Clave Oficial CT: ACCDAT1460. Marca: CT.",COMPONENTES DE ENSAMBLE,discos_duros,CT,104.13,2030.6,3248.96,3248.96,2741.31,2741.31,2538.25,2436.72,https://static.ctonline.mx/imagenes/ACCDAT1460/ACCDAT1460_400.jpg,assets/img/catalog/ACCDAT1460.jpg
DDUDAT520,"Disco Duro Externo HD710 PRO 4TB 2.5"" Interfaz USB 3.1. Impermeable y resistente a golpes. Color NEGRO AHD710P-4TU31-CBK","Disco Duro Externo HD710 PRO 4TB 2.5"" Interfaz USB 3.1. Impermeable y resistente a golpes. Color NEGRO AHD710P-4TU31-CBK. Clave Oficial CT: DDUDAT520. Marca: CT.",COMPONENTES DE ENSAMBLE,discos_duros,CT,191.11,3726.67,5962.67,5962.67,5031.0,5031.0,4658.33,4472.0,https://static.ctonline.mx/imagenes/DDUDAT520/DDUDAT520_400.jpg,assets/img/catalog/DDUDAT520.jpg
DDUDAT720,"Disco Duro Externo HD710 PRO 5TB 2.5"" Interfaz USB 3.1. Impermeable y resistente a golpes. Color NEGRO AHD710P-5TU31-CBK","Disco Duro Externo HD710 PRO 5TB 2.5"" Interfaz USB 3.1. Impermeable y resistente a golpes. Color NEGRO AHD710P-5TU31-CBK. Clave Oficial CT: DDUDAT720. Marca: CT.",COMPONENTES DE ENSAMBLE,discos_duros,CT,206.11,4019.17,6430.67,6430.67,5425.88,5425.88,5023.96,4823.0,https://static.ctonline.mx/imagenes/DDUDAT720/DDUDAT720_400.jpg,assets/img/catalog/DDUDAT720.jpg
ACCDAT1300,"Disco Duro Externo 2.5"" modelo HD720 1TB USB 3.0 / 3.1 Ultra resistente a golpes, agua y polvo. Compatible con Windows y Mac. Color Negro, N.P. AHD720-1TU31-CBK","Disco Duro Externo 2.5"" modelo HD720 1TB USB 3.0 / 3.1 Ultra resistente a golpes, agua y polvo. Compatible con Windows y Mac. Color Negro, N.P. AHD720-1TU31-CBK. Clave Oficial CT: ACCDAT1300. Marca: CT.",COMPONENTES DE ENSAMBLE,discos_duros,CT,63.25,1233.36,1973.38,1973.38,1665.04,1665.04,1541.71,1480.04,https://static.ctonline.mx/imagenes/ACCDAT1300/ACCDAT1300_400.jpg,assets/img/catalog/ACCDAT1300.jpg
DDUDAT110,"Disco Duro Externo 2.5"" modelo HD720 2TB USB 3.0 / 3.1 Ultra resistente a golpes, agua y polvo. Compatible con Windows y Mac. Color Azul, N.P. AHD720-2TU3-CBL","Disco Duro Externo 2.5"" modelo HD720 2TB USB 3.0 / 3.1 Ultra resistente a golpes, agua y polvo. Compatible con Windows y Mac. Color Azul, N.P. AHD720-2TU3-CBL. Clave Oficial CT: DDUDAT110. Marca: CT.",COMPONENTES DE ENSAMBLE,discos_duros,CT,81.78,1594.67,2551.47,2551.47,2152.8,2152.8,1993.33,1913.6,https://static.ctonline.mx/imagenes/DDUDAT110/DDUDAT110_400.jpg,assets/img/catalog/DDUDAT110.jpg
ACCDAT1260,"Disco Duro Externo 2.5"" modelo HD720 2TB USB 3.0 / 3.1 Ultra resistente a golpes, agua y polvo. Compatible con Windows y Mac. Color Negro, N.P. AHD720-2TU31-CBK","Disco Duro Externo 2.5"" modelo HD720 2TB USB 3.0 / 3.1 Ultra resistente a golpes, agua y polvo. Compatible con Windows y Mac. Color Negro, N.P. AHD720-2TU31-CBK. Clave Oficial CT: ACCDAT1260. Marca: CT.",COMPONENTES DE ENSAMBLE,discos_duros,CT,81.75,1594.16,2550.65,2550.65,2152.11,2152.11,1992.7,1912.99,https://static.ctonline.mx/imagenes/ACCDAT1260/ACCDAT1260_400.jpg,assets/img/catalog/ACCDAT1260.jpg
DDUDAT1240,"Disco Duro Externo HD770G 1TB 2.5"", Interfaz USB 3.2 Gen 1 (Retrocompatible con USB 2.0.) Con iluminación RGB, impermeable y resistente a golpes (IP68). Color NEGRO AHD770G-1TU32G1-CBK","Disco Duro Externo HD770G 1TB 2.5"", Interfaz USB 3.2 Gen 1 (Retrocompatible con USB 2.0.) Con iluminación RGB, impermeable y resistente a golpes (IP68). Color NEGRO AHD770G-1TU32G1-CBK. Clave Oficial CT: DDUDAT1240. Marca: CT.",COMPONENTES DE ENSAMBLE,discos_duros,CT,68.67,1339.0,2142.4,2142.4,1807.65,1807.65,1673.75,1606.8,https://static.ctonline.mx/imagenes/DDUDAT1240/DDUDAT1240_400.jpg,assets/img/catalog/DDUDAT1240.jpg
DDUDAT1260,"Disco Duro Externo HD770G 2TB 2.5"", Interfaz USB 3.2 Gen 1 (Retrocompatible con USB 2.0.) Con iluminación RGB, impermeable y resistente a golpes (IP68). Color NEGRO AHD770G-2TU32G1-CBK","Disco Duro Externo HD770G 2TB 2.5"", Interfaz USB 3.2 Gen 1 (Retrocompatible con USB 2.0.) Con iluminación RGB, impermeable y resistente a golpes (IP68). Color NEGRO AHD770G-2TU32G1-CBK. Clave Oficial CT: DDUDAT1260. Marca: CT.",COMPONENTES DE ENSAMBLE,discos_duros,CT,84.44,1646.67,2634.67,2634.67,2223.0,2223.0,2058.33,1976.0,https://static.ctonline.mx/imagenes/DDUDAT1260/DDUDAT1260_400.jpg,assets/img/catalog/DDUDAT1260.jpg
DDUDAT1270,"Disco Duro Externo HD770G 2TB 2.5"", Interfaz USB 3.2 Gen 1 (Retrocompatible con USB 2.0.) Con iluminación RGB, impermeable y resistente a golpes (IP68). Color ROJO AHD770G-2TU32G1-CRD","Disco Duro Externo HD770G 2TB 2.5"", Interfaz USB 3.2 Gen 1 (Retrocompatible con USB 2.0.) Con iluminación RGB, impermeable y resistente a golpes (IP68). Color ROJO AHD770G-2TU32G1-CRD. Clave Oficial CT: DDUDAT1270. Marca: CT.",COMPONENTES DE ENSAMBLE,discos_duros,CT,84.44,1646.67,2634.67,2634.67,2223.0,2223.0,2058.33,1976.0,https://static.ctonline.mx/imagenes/DDUDAT1270/DDUDAT1270_400.jpg,assets/img/catalog/DDUDAT1270.jpg
DDUDAT1390,"Disco Duro Externo 2.5"" modelo HV300 1TB USB 3.2 Gen 1 (Retrocompatible con USB 2.0). Con compatibilidad universal de dispositivos. Color BLANCO. PN. AHV300-1TU31-CWH","Disco Duro Externo 2.5"" modelo HV300 1TB USB 3.2 Gen 1 (Retrocompatible con USB 2.0). Con compatibilidad universal de dispositivos. Color BLANCO. PN. AHV300-1TU31-CWH. Clave Oficial CT: DDUDAT1390. Marca: CT.",COMPONENTES DE ENSAMBLE,discos_duros,CT,75.99,1481.78,2370.85,2370.85,2000.41,2000.41,1852.23,1778.14,https://static.ctonline.mx/imagenes/DDUDAT1390/DDUDAT1390_400.jpg,assets/img/catalog/DDUDAT1390.jpg
DDUDAT850,"Disco Duro Externo 2.5"" modelo HV300 1TB USB 3.1, Con compatibilidad universal de dispositivos. Color AZUL. PN. AHV300-1TU31-CBL","Disco Duro Externo 2.5"" modelo HV300 1TB USB 3.1, Con compatibilidad universal de dispositivos. Color AZUL. PN. AHV300-1TU31-CBL. Clave Oficial CT: DDUDAT850. Marca: CT.",COMPONENTES DE ENSAMBLE,discos_duros,CT,75.99,1481.78,2370.85,2370.85,2000.41,2000.41,1852.23,1778.14,https://static.ctonline.mx/imagenes/DDUDAT850/DDUDAT850_400.jpg,assets/img/catalog/DDUDAT850.jpg
DDUDAT860,"Disco Duro Externo 2.5"" modelo HV300 1TB USB 3.1, Con compatibilidad universal de dispositivos. Color ROJO. PN. AHV300-1TU31-CRD","Disco Duro Externo 2.5"" modelo HV300 1TB USB 3.1, Con compatibilidad universal de dispositivos. Color ROJO. PN. AHV300-1TU31-CRD. Clave Oficial CT: DDUDAT860. Marca: CT.",COMPONENTES DE ENSAMBLE,discos_duros,CT,59.48,1159.83,1855.73,1855.73,1565.77,1565.77,1449.79,1391.8,https://static.ctonline.mx/imagenes/DDUDAT860/DDUDAT860_400.jpg,assets/img/catalog/DDUDAT860.jpg
DDUDAT830,"Disco Duro Externo 2.5"" modelo HV300 1TB USB 3.1, Con compatibilidad universal de dispositivos. Color Negro.","Disco Duro Externo 2.5"" modelo HV300 1TB USB 3.1, Con compatibilidad universal de dispositivos. Color Negro.. Clave Oficial CT: DDUDAT830. Marca: CT.",COMPONENTES DE ENSAMBLE,discos_duros,CT,69.52,1355.68,2169.09,2169.09,1830.17,1830.17,1694.6,1626.82,https://static.ctonline.mx/imagenes/DDUDAT830/DDUDAT830_400.jpg,assets/img/catalog/DDUDAT830.jpg
DDUDAT870,"Disco Duro Externo 2.5"" modelo HV300 2TB USB 3.1, Con compatibilidad universal de dispositivos. Color NEGRO. PN. AHV300-2TU31-CBK","Disco Duro Externo 2.5"" modelo HV300 2TB USB 3.1, Con compatibilidad universal de dispositivos. Color NEGRO. PN. AHV300-2TU31-CBK. Clave Oficial CT: DDUDAT870. Marca: CT.",COMPONENTES DE ENSAMBLE,discos_duros,CT,90.34,1761.72,2818.75,2818.75,2378.32,2378.32,2202.15,2114.06,https://static.ctonline.mx/imagenes/DDUDAT870/DDUDAT870_400.jpg,assets/img/catalog/DDUDAT870.jpg
DDUDAT880,"Disco Duro Externo 2.5"" modelo HV300 2TB USB 3.1, Con compatibilidad universal de dispositivos. Color AZUL. PN. AHV300-2TU31-CBL","Disco Duro Externo 2.5"" modelo HV300 2TB USB 3.1, Con compatibilidad universal de dispositivos. Color AZUL. PN. AHV300-2TU31-CBL. Clave Oficial CT: DDUDAT880. Marca: CT.",COMPONENTES DE ENSAMBLE,discos_duros,CT,90.0,1755.0,2808.0,2808.0,2369.25,2369.25,2193.75,2106.0,https://static.ctonline.mx/imagenes/DDUDAT880/DDUDAT880_400.jpg,assets/img/catalog/DDUDAT880.jpg
DDUDAT890,"Disco Duro Externo 2.5"" modelo HV300 2TB USB 3.1, Con compatibilidad universal de dispositivos. Color ROJO. PN. AHV300-2TU31-CRD","Disco Duro Externo 2.5"" modelo HV300 2TB USB 3.1, Con compatibilidad universal de dispositivos. Color ROJO. PN. AHV300-2TU31-CRD. Clave Oficial CT: DDUDAT890. Marca: CT.",COMPONENTES DE ENSAMBLE,discos_duros,CT,77.11,1503.67,2405.87,2405.87,2029.95,2029.95,1879.58,1804.4,https://static.ctonline.mx/imagenes/DDUDAT890/DDUDAT890_400.jpg,assets/img/catalog/DDUDAT890.jpg
DDUDAT2310,"Disco Duro Externo 2.5"" modelo HV300 2TB USB 3.1, Con compatibilidad universal de dispositivos. Color BLANCO. AHV300-2TU31-CWH","Disco Duro Externo 2.5"" modelo HV300 2TB USB 3.1, Con compatibilidad universal de dispositivos. Color BLANCO. AHV300-2TU31-CWH. Clave Oficial CT: DDUDAT2310. Marca: CT.",COMPONENTES DE ENSAMBLE,discos_duros,CT,96.89,1889.33,3022.93,3022.93,2550.6,2550.6,2361.67,2267.2,https://static.ctonline.mx/imagenes/DDUDAT2310/DDUDAT2310_400.jpg,assets/img/catalog/DDUDAT2310.jpg
DDUDAT900,"Disco Duro Externo 2.5"" modelo HV300 4TB USB 3.1, Con compatibilidad universal de dispositivos. Color NEGRO. PN. AHV300-4TU31-CBK","Disco Duro Externo 2.5"" modelo HV300 4TB USB 3.1, Con compatibilidad universal de dispositivos. Color NEGRO. PN. AHV300-4TU31-CBK. Clave Oficial CT: DDUDAT900. Marca: CT.",COMPONENTES DE ENSAMBLE,discos_duros,CT,121.67,2372.5,3796.0,3796.0,3202.88,3202.88,2965.62,2847.0,https://static.ctonline.mx/imagenes/DDUDAT900/DDUDAT900_400.jpg,assets/img/catalog/DDUDAT900.jpg
DDUDAT1160,"Disco Duro Externo de 3.5"" HM800 4TB USB 3.2 (Compatible con USB 3.1, 3.0 y 2.0) (Con Windows y Mac). Color NEGRO N.P.  AHM800-4TU32G1-CUSBK","Disco Duro Externo de 3.5"" HM800 4TB USB 3.2 (Compatible con USB 3.1, 3.0 y 2.0) (Con Windows y Mac). Color NEGRO N.P.  AHM800-4TU32G1-CUSBK. Clave Oficial CT: DDUDAT1160. Marca: CT.",COMPONENTES DE ENSAMBLE,discos_duros,CT,169.44,3304.17,5286.67,5286.67,4460.62,4460.62,4130.21,3965.0,https://static.ctonline.mx/imagenes/DDUDAT1160/DDUDAT1160_400.jpg,assets/img/catalog/DDUDAT1160.jpg
DDUDAT1170,"Disco Duro Externo de 3.5"" HM800 6TB USB 3.2 (Compatible con USB 3.1, 3.0 y 2.0) (Con Windows y Mac). Color NEGRO N.P.  AHM800-6TU32G1-CUSBK","Disco Duro Externo de 3.5"" HM800 6TB USB 3.2 (Compatible con USB 3.1, 3.0 y 2.0) (Con Windows y Mac). Color NEGRO N.P.  AHM800-6TU32G1-CUSBK. Clave Oficial CT: DDUDAT1170. Marca: CT.",COMPONENTES DE ENSAMBLE,discos_duros,CT,222.78,4344.17,6950.67,6950.67,5864.63,5864.63,5430.21,5213.0,https://static.ctonline.mx/imagenes/DDUDAT1170/DDUDAT1170_400.jpg,assets/img/catalog/DDUDAT1170.jpg
DDUDAT1180,"Disco Duro Externo de 3.5"" HM800 8TB USB 3.2 (Compatible con USB 3.1, 3.0 y 2.0) (Con Windows y Mac). Color NEGRO N.P.  AHM800-8TU32G1-CUSBK","Disco Duro Externo de 3.5"" HM800 8TB USB 3.2 (Compatible con USB 3.1, 3.0 y 2.0) (Con Windows y Mac). Color NEGRO N.P.  AHM800-8TU32G1-CUSBK. Clave Oficial CT: DDUDAT1180. Marca: CT.",COMPONENTES DE ENSAMBLE,discos_duros,CT,282.78,5514.17,8822.67,8822.67,7444.13,7444.13,6892.71,6617.0,https://static.ctonline.mx/imagenes/DDUDAT1180/DDUDAT1180_400.jpg,assets/img/catalog/DDUDAT1180.jpg
DDUDAT2560,"Disco Duro Externo ADATA HD680 1TB 2.5"", interfaz USB 3.2 Gen1 (USB 5Gbps). Resistente a golpes. NEGRO AHD680-1TU31-CBK","Disco Duro Externo ADATA HD680 1TB 2.5"", interfaz USB 3.2 Gen1 (USB 5Gbps). Resistente a golpes. NEGRO AHD680-1TU31-CBK. Clave Oficial CT: DDUDAT2560. Marca: CT.",COMPONENTES DE ENSAMBLE,discos_duros,CT,63.67,1241.5,1986.4,1986.4,1676.03,1676.03,1551.88,1489.8,https://static.ctonline.mx/imagenes/DDUDAT2560/DDUDAT2560_400.jpg,assets/img/catalog/DDUDAT2560.jpg
DDUDAT2580,"Disco Duro Externo 2.5"" modelo HV320 2TB USB 3.2, Gen1 (USB 5Gbps) compatible con 3.1 y 2.0. Con compatibilidad universal de dispositivos. Color BLANCO. AHV320-2TU31-CWH","Disco Duro Externo 2.5"" modelo HV320 2TB USB 3.2, Gen1 (USB 5Gbps) compatible con 3.1 y 2.0. Con compatibilidad universal de dispositivos. Color BLANCO. AHV320-2TU31-CWH. Clave Oficial CT: DDUDAT2580. Marca: CT.",COMPONENTES DE ENSAMBLE,discos_duros,CT,80.0,1560.0,2496.0,2496.0,2106.0,2106.0,1950.0,1872.0,https://static.ctonline.mx/imagenes/DDUDAT2580/DDUDAT2580_400.jpg,assets/img/catalog/DDUDAT2580.jpg
DDUDAT2270,"Disco Duro Externo ADATA 2.5"" modelo HV320 1TB USB 3.2, Gen1 (USB 5Gbps) compatible con 3.1 y 2.0. Con compatibilidad universal de dispositivos. Color AZUL. AHV320-1TU31-CBL","Disco Duro Externo ADATA 2.5"" modelo HV320 1TB USB 3.2, Gen1 (USB 5Gbps) compatible con 3.1 y 2.0. Con compatibilidad universal de dispositivos. Color AZUL. AHV320-1TU31-CBL. Clave Oficial CT: DDUDAT2270. Marca: CT.",COMPONENTES DE ENSAMBLE,discos_duros,CT,75.99,1481.78,2370.85,2370.85,2000.41,2000.41,1852.23,1778.14,https://static.ctonline.mx/imagenes/DDUDAT2270/DDUDAT2270_400.jpg,assets/img/catalog/DDUDAT2270.jpg
DDUDAT2320,SSD Externo ADATA SC730 512TB. conectores dobles USB-C y USB-A integrados (USB 3.2 Gen2). 600 MB/s de lectura/escritura. Color NEGRO. SC730-512G-CACTI,SSD Externo ADATA SC730 512TB. conectores dobles USB-C y USB-A integrados (USB 3.2 Gen2). 600 MB/s de lectura/escritura. Color NEGRO. SC730-512G-CACTI. Clave Oficial CT: DDUDAT2320. Marca: CT.,COMPONENTES DE ENSAMBLE,discos_duros,CT,81.67,1592.5,2548.0,2548.0,2149.88,2149.88,1990.62,1911.0,https://static.ctonline.mx/imagenes/DDUDAT2320/DDUDAT2320_400.jpg,assets/img/catalog/DDUDAT2320.jpg
DDUDAT2330,SSD Externo ADATA SC730 1TB. conectores dobles USB-C y USB-A integrados (USB 3.2 Gen2). 600 MB/s de lectura/escritura. Color NEGRO. SC730-1T-CACTI,SSD Externo ADATA SC730 1TB. conectores dobles USB-C y USB-A integrados (USB 3.2 Gen2). 600 MB/s de lectura/escritura. Color NEGRO. SC730-1T-CACTI. Clave Oficial CT: DDUDAT2330. Marca: CT.,COMPONENTES DE ENSAMBLE,discos_duros,CT,114.44,2231.67,3570.67,3570.67,3012.75,3012.75,2789.58,2678.0,https://static.ctonline.mx/imagenes/DDUDAT2330/DDUDAT2330_400.jpg,assets/img/catalog/DDUDAT2330.jpg
DDUDAT2130,"SSD Externo ADATASC750 1TB. Interfaz USB 3.2 Gen 2 con velocidades de lectura/escritura de hasta 1050/1000, Puerto USB-C. Color NEGRO. Numero de parte SC750-1000G-CCBK","SSD Externo ADATASC750 1TB. Interfaz USB 3.2 Gen 2 con velocidades de lectura/escritura de hasta 1050/1000, Puerto USB-C. Color NEGRO. Numero de parte SC750-1000G-CCBK. Clave Oficial CT: DDUDAT2130. Marca: CT.",COMPONENTES DE ENSAMBLE,discos_duros,CT,141.56,2760.33,4416.53,4416.53,3726.45,3726.45,3450.42,3312.4,https://static.ctonline.mx/imagenes/DDUDAT2130/DDUDAT2130_400.jpg,assets/img/catalog/DDUDAT2130.jpg
DDUDAT2540,"SSD Externo ADATASC750 500GB. Interfaz USB 3.2 Gen 2 con velocidades de lectura/escritura de hasta 1050/1000, Puerto USB-C. Color NEGRO. Numero de parte SC750-500G-CCBK","SSD Externo ADATASC750 500GB. Interfaz USB 3.2 Gen 2 con velocidades de lectura/escritura de hasta 1050/1000, Puerto USB-C. Color NEGRO. Numero de parte SC750-500G-CCBK. Clave Oficial CT: DDUDAT2540. Marca: CT.",COMPONENTES DE ENSAMBLE,discos_duros,CT,79.98,1559.57,2495.31,2495.31,2105.41,2105.41,1949.46,1871.48,https://static.ctonline.mx/imagenes/DDUDAT2540/DDUDAT2540_400.jpg,assets/img/catalog/DDUDAT2540.jpg
DDUDAT2550,"SSD Externo ADATA SC740 500GB. USB tipo C incorporado, 1.050/1.000 MB/s de lectura/escritura, Resistente a caídas MIL-STD de 1,22 m. Color NEGRO. N.P. SC740-500G-CBK","SSD Externo ADATA SC740 500GB. USB tipo C incorporado, 1.050/1.000 MB/s de lectura/escritura, Resistente a caídas MIL-STD de 1,22 m. Color NEGRO. N.P. SC740-500G-CBK. Clave Oficial CT: DDUDAT2550. Marca: CT.",COMPONENTES DE ENSAMBLE,discos_duros,CT,75.0,1462.5,2340.0,2340.0,1974.38,1974.38,1828.12,1755.0,https://static.ctonline.mx/imagenes/DDUDAT2550/DDUDAT2550_400.jpg,assets/img/catalog/DDUDAT2550.jpg
DDUDAT2240,"SSD Externo ADATA SC740 1TB. USB tipo C incorporado, 1.050/1.000 MB/s de lectura/escritura, Resistente a caídas MIL-STD de 1,22 m. Color AZUL. N.P. SC740-1000G-CBU","SSD Externo ADATA SC740 1TB. USB tipo C incorporado, 1.050/1.000 MB/s de lectura/escritura, Resistente a caídas MIL-STD de 1,22 m. Color AZUL. N.P. SC740-1000G-CBU. Clave Oficial CT: DDUDAT2240. Marca: CT.",COMPONENTES DE ENSAMBLE,discos_duros,CT,145.0,2827.5,4524.0,4524.0,3817.13,3817.13,3534.38,3393.0,https://static.ctonline.mx/imagenes/DDUDAT2240/DDUDAT2240_400.jpg,assets/img/catalog/DDUDAT2240.jpg
DDUDAT2590,"SSD Externo ADATA SC740 1TB. USB tipo C incorporado, 1.050/1.000 MB/s de lectura/escritura, Resistente a caídas MIL-STD de 1,22 m. Color NEGRO.SC740-1000G-CBK","SSD Externo ADATA SC740 1TB. USB tipo C incorporado, 1.050/1.000 MB/s de lectura/escritura, Resistente a caídas MIL-STD de 1,22 m. Color NEGRO.SC740-1000G-CBK. Clave Oficial CT: DDUDAT2590. Marca: CT.",COMPONENTES DE ENSAMBLE,discos_duros,CT,145.0,2827.5,4524.0,4524.0,3817.13,3817.13,3534.38,3393.0,https://static.ctonline.mx/imagenes/DDUDAT2590/DDUDAT2590_400.jpg,assets/img/catalog/DDUDAT2590.jpg
DDUDAT2530,"SSD Externo ADATA SC740 500GB. USB tipo C incorporado, 1.050/1.000 MB/s de lectura/escritura, Resistente a caídas MIL-STD de 1,22 m. Color AZUL. N.P. SC740-500G-CBU","SSD Externo ADATA SC740 500GB. USB tipo C incorporado, 1.050/1.000 MB/s de lectura/escritura, Resistente a caídas MIL-STD de 1,22 m. Color AZUL. N.P. SC740-500G-CBU. Clave Oficial CT: DDUDAT2530. Marca: CT.",COMPONENTES DE ENSAMBLE,discos_duros,CT,75.56,1473.33,2357.33,2357.33,1989.0,1989.0,1841.67,1768.0,https://static.ctonline.mx/imagenes/DDUDAT2530/DDUDAT2530_400.jpg,assets/img/catalog/DDUDAT2530.jpg
DDUDAT2050,"SSD Externo ADATA SE880 1TB. Interfaz USB 3.2 Gen 2 X2, Puerto USB-C. Color GRIS. Numero de parte AELI-SE880-1TCGY","SSD Externo ADATA SE880 1TB. Interfaz USB 3.2 Gen 2 X2, Puerto USB-C. Color GRIS. Numero de parte AELI-SE880-1TCGY. Clave Oficial CT: DDUDAT2050. Marca: CT.",COMPONENTES DE ENSAMBLE,discos_duros,CT,150.32,2931.28,4690.05,4690.05,3957.23,3957.23,3664.1,3517.54,https://static.ctonline.mx/imagenes/DDUDAT2050/DDUDAT2050_400.jpg,assets/img/catalog/DDUDAT2050.jpg
DDUDAT2000,"SSD Externo ADATA SE880 1TB. Interfaz USB 3.2 Gen 2 X2, Puerto USB-C. Color AZUL. Numero de parte AELI-SE880-1TCBU","SSD Externo ADATA SE880 1TB. Interfaz USB 3.2 Gen 2 X2, Puerto USB-C. Color AZUL. Numero de parte AELI-SE880-1TCBU. Clave Oficial CT: DDUDAT2000. Marca: CT.",COMPONENTES DE ENSAMBLE,discos_duros,CT,145.78,2842.67,4548.27,4548.27,3837.6,3837.6,3553.33,3411.2,https://static.ctonline.mx/imagenes/DDUDAT2000/DDUDAT2000_400.jpg,assets/img/catalog/DDUDAT2000.jpg
DDUDAT2010,"SSD Externo ADATA SE880 2TB. Interfaz USB 3.2 Gen 2 X2, Puerto USB-C. Color AZUL. Numero de parte AELI-SE880-2TCBU","SSD Externo ADATA SE880 2TB. Interfaz USB 3.2 Gen 2 X2, Puerto USB-C. Color AZUL. Numero de parte AELI-SE880-2TCBU. Clave Oficial CT: DDUDAT2010. Marca: CT.",COMPONENTES DE ENSAMBLE,discos_duros,CT,273.0,5323.5,8517.6,8517.6,7186.73,7186.73,6654.38,6388.2,https://static.ctonline.mx/imagenes/DDUDAT2010/DDUDAT2010_400.jpg,assets/img/catalog/DDUDAT2010.jpg
DDUDAT2060,"SSD Externo ADATA SE880 2TB. Interfaz USB 3.2 Gen 2 X2, Puerto USB-C. Color GRIS. Numero de parte AELI-SE880-2TCGY","SSD Externo ADATA SE880 2TB. Interfaz USB 3.2 Gen 2 X2, Puerto USB-C. Color GRIS. Numero de parte AELI-SE880-2TCGY. Clave Oficial CT: DDUDAT2060. Marca: CT.",COMPONENTES DE ENSAMBLE,discos_duros,CT,281.17,5482.75,8772.4,8772.4,7401.71,7401.71,6853.44,6579.3,https://static.ctonline.mx/imagenes/DDUDAT2060/DDUDAT2060_400.jpg,assets/img/catalog/DDUDAT2060.jpg
DDUDAT2340,"SSD Externo ADATA SC750 2TB. Interfaz USB 3.2 Gen 2 con velocidades de lectura/escritura de hasta 1050/1000, Puerto USB-C. Color NEGRO. Numero de parte SC750-2000G-CCBK","SSD Externo ADATA SC750 2TB. Interfaz USB 3.2 Gen 2 con velocidades de lectura/escritura de hasta 1050/1000, Puerto USB-C. Color NEGRO. Numero de parte SC750-2000G-CCBK. Clave Oficial CT: DDUDAT2340. Marca: CT.",COMPONENTES DE ENSAMBLE,discos_duros,CT,280.83,5476.25,8762.0,8762.0,7392.94,7392.94,6845.31,6571.5,https://static.ctonline.mx/imagenes/DDUDAT2340/DDUDAT2340_400.jpg,assets/img/catalog/DDUDAT2340.jpg
DDUDAT2350,"SSD Externo ADATA SC740 2TB. USB tipo C incorporado, 1.050/1.000 MB/s de lectura/escritura, Resistente a caídas MIL-STD de 1,22 m. Color AZUL. SC740-2000G-CBU","SSD Externo ADATA SC740 2TB. USB tipo C incorporado, 1.050/1.000 MB/s de lectura/escritura, Resistente a caídas MIL-STD de 1,22 m. Color AZUL. SC740-2000G-CBU. Clave Oficial CT: DDUDAT2350. Marca: CT.",COMPONENTES DE ENSAMBLE,discos_duros,CT,273.33,5330.0,8528.0,8528.0,7195.5,7195.5,6662.5,6396.0,https://static.ctonline.mx/imagenes/DDUDAT2350/DDUDAT2350_400.jpg,assets/img/catalog/DDUDAT2350.jpg
DDUDAT1970,"SSD Externo ADATA 1TB. USB4 40Gbps Type-C, 3,800/3,700MB/s lectura/escritura, resistente a impactos grado MIL-STD Color AZUL. N.P. SE920-1TCBK","SSD Externo ADATA 1TB. USB4 40Gbps Type-C, 3,800/3,700MB/s lectura/escritura, resistente a impactos grado MIL-STD Color AZUL. N.P. SE920-1TCBK. Clave Oficial CT: DDUDAT1970. Marca: CT.",COMPONENTES DE ENSAMBLE,discos_duros,CT,133.33,2600.0,4160.0,4160.0,3510.0,3510.0,3250.0,3120.0,https://static.ctonline.mx/imagenes/DDUDAT1970/DDUDAT1970_400.jpg,assets/img/catalog/DDUDAT1970.jpg
DDUDAT2250,"SSD Externo ADATA 2TB. USB4 40Gbps Type-C, 3,800/3,700MB/s lectura/escritura, exclusivo sistema de disipación del calor con un microventilador integrado. Color NEGRO.SE920-2TCBK","SSD Externo ADATA 2TB. USB4 40Gbps Type-C, 3,800/3,700MB/s lectura/escritura, exclusivo sistema de disipación del calor con un microventilador integrado. Color NEGRO.SE920-2TCBK. Clave Oficial CT: DDUDAT2250. Marca: CT.",COMPONENTES DE ENSAMBLE,discos_duros,CT,159.67,3113.5,4981.6,4981.6,4203.23,4203.23,3891.88,3736.2,https://static.ctonline.mx/imagenes/DDUDAT2250/DDUDAT2250_400.jpg,assets/img/catalog/DDUDAT2250.jpg
DDUDAT2020,"SSD Externo ADATA SE880 4TB. Interfaz USB 3.2 Gen 2 X2, Puerto USB-C. Color AZUL. Numero de parte AELI-SE880-4TCGY","SSD Externo ADATA SE880 4TB. Interfaz USB 3.2 Gen 2 X2, Puerto USB-C. Color AZUL. Numero de parte AELI-SE880-4TCGY. Clave Oficial CT: DDUDAT2020. Marca: CT.",COMPONENTES DE ENSAMBLE,discos_duros,CT,552.44,10772.67,17236.27,17236.27,14543.1,14543.1,13465.83,12927.2,https://static.ctonline.mx/imagenes/DDUDAT2020/DDUDAT2020_400.jpg,assets/img/catalog/DDUDAT2020.jpg
DDUDAT2070,"SSD Externo ADATA SE880 4TB. Interfaz USB 3.2 Gen 2 X2, Puerto USB-C. Color AZUL. Numero de parte AELI-SE880-4TCBU","SSD Externo ADATA SE880 4TB. Interfaz USB 3.2 Gen 2 X2, Puerto USB-C. Color AZUL. Numero de parte AELI-SE880-4TCBU. Clave Oficial CT: DDUDAT2070. Marca: CT.",COMPONENTES DE ENSAMBLE,discos_duros,CT,381.11,7431.67,11890.67,11890.67,10032.75,10032.75,9289.58,8918.0,https://static.ctonline.mx/imagenes/DDUDAT2070/DDUDAT2070_400.jpg,assets/img/catalog/DDUDAT2070.jpg
DDUDAT2140,"SSD Externo ADATA SD620 512GB. USB 3.2 Gen2, Velocidad de transferencia de hasta 520 MB/s, resistente a impactos grado MIL-STD Color NEGRO. N.P. SD620-512GCBK","SSD Externo ADATA SD620 512GB. USB 3.2 Gen2, Velocidad de transferencia de hasta 520 MB/s, resistente a impactos grado MIL-STD Color NEGRO. N.P. SD620-512GCBK. Clave Oficial CT: DDUDAT2140. Marca: CT.",COMPONENTES DE ENSAMBLE,discos_duros,CT,78.51,1530.97,2449.55,2449.55,2066.8,2066.8,1913.71,1837.16,https://static.ctonline.mx/imagenes/DDUDAT2140/DDUDAT2140_400.jpg,assets/img/catalog/DDUDAT2140.jpg
DDUDAT1930,"SSD Externo ADATA 1TB. USB 3.2 Gen2, Velocidad de transferencia de hasta 520 MB/s, resistente a impactos grado MIL-STD Color AZUL. N.P. SD620-1TCBL","SSD Externo ADATA 1TB. USB 3.2 Gen2, Velocidad de transferencia de hasta 520 MB/s, resistente a impactos grado MIL-STD Color AZUL. N.P. SD620-1TCBL. Clave Oficial CT: DDUDAT1930. Marca: CT.",COMPONENTES DE ENSAMBLE,discos_duros,CT,134.4,2620.8,4193.28,4193.28,3538.08,3538.08,3276.0,3144.96,https://static.ctonline.mx/imagenes/DDUDAT1930/DDUDAT1930_400.jpg,assets/img/catalog/DDUDAT1930.jpg
DDUDAT1940,"SSD Externo ADATA 1TB. USB 3.2 Gen2, Velocidad de transferencia de hasta 520 MB/s, resistente a impactos grado MIL-STD Color ROJO. N.P. SD620-1TCRD","SSD Externo ADATA 1TB. USB 3.2 Gen2, Velocidad de transferencia de hasta 520 MB/s, resistente a impactos grado MIL-STD Color ROJO. N.P. SD620-1TCRD. Clave Oficial CT: DDUDAT1940. Marca: CT.",COMPONENTES DE ENSAMBLE,discos_duros,CT,134.4,2620.8,4193.28,4193.28,3538.08,3538.08,3276.0,3144.96,https://static.ctonline.mx/imagenes/DDUDAT1940/DDUDAT1940_400.jpg,assets/img/catalog/DDUDAT1940.jpg
DDUDAT1920,"SSD Externo ADATA 1TB. USB 3.2 Gen2, Velocidad de transferencia de hasta 520 MB/s, resistente a impactos grado MIL-STD Color NEGRO. N.P. SD620-1TCBK","SSD Externo ADATA 1TB. USB 3.2 Gen2, Velocidad de transferencia de hasta 520 MB/s, resistente a impactos grado MIL-STD Color NEGRO. N.P. SD620-1TCBK. Clave Oficial CT: DDUDAT1920. Marca: CT.",COMPONENTES DE ENSAMBLE,discos_duros,CT,132.22,2578.33,4125.33,4125.33,3480.75,3480.75,3222.92,3094.0,https://static.ctonline.mx/imagenes/DDUDAT1920/DDUDAT1920_400.jpg,assets/img/catalog/DDUDAT1920.jpg
DDUDAT2360,"Unidad de Estado Sólido ADATA LEGEND 710 256GB PCIe Gen3x4 M.2 2280, Con disipador de aluminio. ALEG-710-256GCS","Unidad de Estado Sólido ADATA LEGEND 710 256GB PCIe Gen3x4 M.2 2280, Con disipador de aluminio. ALEG-710-256GCS. Clave Oficial CT: DDUDAT2360. Marca: CT.",COMPONENTES DE ENSAMBLE,discos_duros,CT,57.83,1127.75,1804.4,1804.4,1522.46,1522.46,1409.69,1353.3,https://static.ctonline.mx/imagenes/DDUDAT2360/DDUDAT2360_400.jpg,assets/img/catalog/DDUDAT2360.jpg
DDUDAT2370,"Unidad de Estado Sólido ADATA LEGEND 710 512GB PCIe Gen3x4 M.2 2280, Con disipador de aluminio. ALEG-710-512GCS","Unidad de Estado Sólido ADATA LEGEND 710 512GB PCIe Gen3x4 M.2 2280, Con disipador de aluminio. ALEG-710-512GCS. Clave Oficial CT: DDUDAT2370. Marca: CT.",COMPONENTES DE ENSAMBLE,discos_duros,CT,77.78,1516.67,2426.67,2426.67,2047.5,2047.5,1895.83,1820.0,https://static.ctonline.mx/imagenes/DDUDAT2370/DDUDAT2370_400.jpg,assets/img/catalog/DDUDAT2370.jpg
DDUDAT2380,"Unidad de Estado Sólido ADATA LEGEND 710 1TB PCIe Gen3x4 M.2 2280, Con disipador de aluminio. ALEG-710-1TCS","Unidad de Estado Sólido ADATA LEGEND 710 1TB PCIe Gen3x4 M.2 2280, Con disipador de aluminio. ALEG-710-1TCS. Clave Oficial CT: DDUDAT2380. Marca: CT.",COMPONENTES DE ENSAMBLE,discos_duros,CT,132.22,2578.33,4125.33,4125.33,3480.75,3480.75,3222.92,3094.0,https://static.ctonline.mx/imagenes/DDUDAT2380/DDUDAT2380_400.jpg,assets/img/catalog/DDUDAT2380.jpg
DDUDAT2190,Unidad de Estado Sólido ADATA LEGEND 860 1TB PCIe Gen4x4 M.2 2280. Velocidad de lectura y escritura secuencial superior de 6.000/5.000 MB/s. Con disipador de aluminio. SLEG-860-1000GCS,Unidad de Estado Sólido ADATA LEGEND 860 1TB PCIe Gen4x4 M.2 2280. Velocidad de lectura y escritura secuencial superior de 6.000/5.000 MB/s. Con disipador de aluminio. SLEG-860-1000GCS. Clave Oficial CT: DDUDAT2190. Marca: CT.,COMPONENTES DE ENSAMBLE,discos_duros,CT,146.72,2861.08,4577.73,4577.73,3862.46,3862.46,3576.35,3433.3,https://static.ctonline.mx/imagenes/DDUDAT2190/DDUDAT2190_400.jpg,assets/img/catalog/DDUDAT2190.jpg
DDUDAT2200,Unidad de Estado Sólido ADATA LEGEND 860 2TB PCIe Gen4x4 M.2 2280. Velocidad de lectura y escritura secuencial superior de 6.000/5.000 MB/s. Con disipador de aluminio. SLEG-860-2000GCS,Unidad de Estado Sólido ADATA LEGEND 860 2TB PCIe Gen4x4 M.2 2280. Velocidad de lectura y escritura secuencial superior de 6.000/5.000 MB/s. Con disipador de aluminio. SLEG-860-2000GCS. Clave Oficial CT: DDUDAT2200. Marca: CT.,COMPONENTES DE ENSAMBLE,discos_duros,CT,288.67,5629.0,9006.4,9006.4,7599.15,7599.15,7036.25,6754.8,https://static.ctonline.mx/imagenes/DDUDAT2200/DDUDAT2200_400.jpg,assets/img/catalog/DDUDAT2200.jpg
DDUDAT2210,Unidad de Estado Sólido ADATA LEGEND 860 500GB PCIe Gen4x4 M.2 2280. Velocidad de lectura y escritura secuencial superior de 6.000/5.000 MB/s. Con disipador de aluminio. SLEG-860-500GCS,Unidad de Estado Sólido ADATA LEGEND 860 500GB PCIe Gen4x4 M.2 2280. Velocidad de lectura y escritura secuencial superior de 6.000/5.000 MB/s. Con disipador de aluminio. SLEG-860-500GCS. Clave Oficial CT: DDUDAT2210. Marca: CT.,COMPONENTES DE ENSAMBLE,discos_duros,CT,91.0,1774.5,2839.2,2839.2,2395.58,2395.58,2218.12,2129.4,https://static.ctonline.mx/imagenes/DDUDAT2210/DDUDAT2210_400.jpg,assets/img/catalog/DDUDAT2210.jpg
DDUDAT2080,"Unidad de Estado Sólido ADATA LEGEND 900 512GB PCIe Gen4x4 M.2 2280, Con disipador de aluminio. SLEG-900-512GCS","Unidad de Estado Sólido ADATA LEGEND 900 512GB PCIe Gen4x4 M.2 2280, Con disipador de aluminio. SLEG-900-512GCS. Clave Oficial CT: DDUDAT2080. Marca: CT.",COMPONENTES DE ENSAMBLE,discos_duros,CT,99.44,1939.17,3102.67,3102.67,2617.88,2617.88,2423.96,2327.0,https://static.ctonline.mx/imagenes/DDUDAT2080/DDUDAT2080_400.jpg,assets/img/catalog/DDUDAT2080.jpg
DDUDAT2090,"Unidad de Estado Sólido ADATA LEGEND 900 1TB PCIe Gen4x4 M.2 2280, Con disipador de aluminio. SLEG-900-1TCS","Unidad de Estado Sólido ADATA LEGEND 900 1TB PCIe Gen4x4 M.2 2280, Con disipador de aluminio. SLEG-900-1TCS. Clave Oficial CT: DDUDAT2090. Marca: CT.",COMPONENTES DE ENSAMBLE,discos_duros,CT,175.44,3421.17,5473.87,5473.87,4618.58,4618.58,4276.46,4105.4,https://static.ctonline.mx/imagenes/DDUDAT2090/DDUDAT2090_400.jpg,assets/img/catalog/DDUDAT2090.jpg
DDUDAT2100,"Unidad de Estado Sólido ADATA LEGEND 900 2TB PCIe Gen4x4 M.2 2280, Con disipador de aluminio. SLEG-900-2TCS","Unidad de Estado Sólido ADATA LEGEND 900 2TB PCIe Gen4x4 M.2 2280, Con disipador de aluminio. SLEG-900-2TCS. Clave Oficial CT: DDUDAT2100. Marca: CT.",COMPONENTES DE ENSAMBLE,discos_duros,CT,322.89,6296.33,10074.13,10074.13,8500.05,8500.05,7870.42,7555.6,https://static.ctonline.mx/imagenes/DDUDAT2100/DDUDAT2100_400.jpg,assets/img/catalog/DDUDAT2100.jpg
DDUDAT2470,"Unidad de Estado Sólido ADATA LEGEND 900 PRO 1TB PCIe Gen4 x4 M.2 2280, Velocidades de 7,400/6,000MB/s Con disipador de aluminio. SLEG-900P-1TCS","Unidad de Estado Sólido ADATA LEGEND 900 PRO 1TB PCIe Gen4 x4 M.2 2280, Velocidades de 7,400/6,000MB/s Con disipador de aluminio. SLEG-900P-1TCS. Clave Oficial CT: DDUDAT2470. Marca: CT.",COMPONENTES DE ENSAMBLE,discos_duros,CT,160.51,3129.97,5007.95,5007.95,4225.45,4225.45,3912.46,3755.96,https://static.ctonline.mx/imagenes/DDUDAT2470/DDUDAT2470_400.jpg,assets/img/catalog/DDUDAT2470.jpg
DDUDAT2480,"Unidad de Estado Sólido ADATA LEGEND 900 PRO 2TB PCIe Gen4 x4 M.2 2280, Velocidades de 7,400/6,500MB/s Con disipador de aluminio. SLEG-900P-2TCS","Unidad de Estado Sólido ADATA LEGEND 900 PRO 2TB PCIe Gen4 x4 M.2 2280, Velocidades de 7,400/6,500MB/s Con disipador de aluminio. SLEG-900P-2TCS. Clave Oficial CT: DDUDAT2480. Marca: CT.",COMPONENTES DE ENSAMBLE,discos_duros,CT,297.4,5799.3,9278.88,9278.88,7829.06,7829.06,7249.13,6959.16,https://static.ctonline.mx/imagenes/DDUDAT2480/DDUDAT2480_400.jpg,assets/img/catalog/DDUDAT2480.jpg
DDUDAT2520,"Unidad de Estado Sólido ADATA LEGEND 900 PRO 4TB PCIe Gen4 x4 M.2 2280, Velocidades de 7,400/6,500MB/s Con disipador de aluminio. SLEG-900P-4TCS","Unidad de Estado Sólido ADATA LEGEND 900 PRO 4TB PCIe Gen4 x4 M.2 2280, Velocidades de 7,400/6,500MB/s Con disipador de aluminio. SLEG-900P-4TCS. Clave Oficial CT: DDUDAT2520. Marca: CT.",COMPONENTES DE ENSAMBLE,discos_duros,CT,568.11,11078.17,17725.07,17725.07,14955.52,14955.52,13847.71,13293.8,https://static.ctonline.mx/imagenes/DDUDAT2520/DDUDAT2520_400.jpg,assets/img/catalog/DDUDAT2520.jpg
DDUDAT2490,"Unidad de Estado Sólido ADATA XPG SPECTRIX S65G, 500GB, M.2 PCIe GEN4X4 (NVMe) , 2280 (Lec/esc 5,000/2,700MB/s). SSPECTRIXS65G-500G-CI","Unidad de Estado Sólido ADATA XPG SPECTRIX S65G, 500GB, M.2 PCIe GEN4X4 (NVMe) , 2280 (Lec/esc 5,000/2,700MB/s). SSPECTRIXS65G-500G-CI. Clave Oficial CT: DDUDAT2490. Marca: CT.",COMPONENTES DE ENSAMBLE,discos_duros,CT,93.33,1820.0,2912.0,2912.0,2457.0,2457.0,2275.0,2184.0,https://static.ctonline.mx/imagenes/DDUDAT2490/DDUDAT2490_400.jpg,assets/img/catalog/DDUDAT2490.jpg
DDUDAT2500,"Unidad de Estado Sólido ADATA XPG SPECTRIX S65G, 1TB, M.2 PCIe GEN4X4 (NVMe) , 2280 (Lec/esc 6,000/4,000MB/s). SSPECTRIXS65G-1000G-CI","Unidad de Estado Sólido ADATA XPG SPECTRIX S65G, 1TB, M.2 PCIe GEN4X4 (NVMe) , 2280 (Lec/esc 6,000/4,000MB/s). SSPECTRIXS65G-1000G-CI. Clave Oficial CT: DDUDAT2500. Marca: CT.",COMPONENTES DE ENSAMBLE,discos_duros,CT,174.44,3401.67,5442.67,5442.67,4592.25,4592.25,4252.08,4082.0,https://static.ctonline.mx/imagenes/DDUDAT2500/DDUDAT2500_400.jpg,assets/img/catalog/DDUDAT2500.jpg
DDUDAT2510,"Unidad de Estado Sólido ADATA XPG SPECTRIX S65G, 2TB, M.2 PCIe GEN4X4 (NVMe) , 2280 (Lec/esc 6,000/5,000MB/s). SSPECTRIXS65G-2000G-CI","Unidad de Estado Sólido ADATA XPG SPECTRIX S65G, 2TB, M.2 PCIe GEN4X4 (NVMe) , 2280 (Lec/esc 6,000/5,000MB/s). SSPECTRIXS65G-2000G-CI. Clave Oficial CT: DDUDAT2510. Marca: CT.",COMPONENTES DE ENSAMBLE,discos_duros,CT,294.44,5741.67,9186.67,9186.67,7751.25,7751.25,7177.08,6890.0,https://static.ctonline.mx/imagenes/DDUDAT2510/DDUDAT2510_400.jpg,assets/img/catalog/DDUDAT2510.jpg
DDUDAT2170,Unidad de Estado Sólido ADATA LEGEND 960 MAX 1TB PCIe Gen4x4 M.2 2280. Velocidad máxima de lectura/escritura: 7.400/6.800MB/s. Con disipador de aluminio. ALEG-960M-1TCS,Unidad de Estado Sólido ADATA LEGEND 960 MAX 1TB PCIe Gen4x4 M.2 2280. Velocidad máxima de lectura/escritura: 7.400/6.800MB/s. Con disipador de aluminio. ALEG-960M-1TCS. Clave Oficial CT: DDUDAT2170. Marca: CT.,COMPONENTES DE ENSAMBLE,discos_duros,CT,533.33,10400.0,16640.0,16640.0,14040.0,14040.0,13000.0,12480.0,https://static.ctonline.mx/imagenes/DDUDAT2170/DDUDAT2170_400.jpg,assets/img/catalog/DDUDAT2170.jpg
DDUDAT2180,Unidad de Estado Sólido ADATA LEGEND 960 MAX 2TB PCIe Gen4x4 M.2 2280. Velocidad máxima de lectura/escritura: 7.400/6.800MB/s. Con disipador de aluminio. ALEG-960M-2TCS,Unidad de Estado Sólido ADATA LEGEND 960 MAX 2TB PCIe Gen4x4 M.2 2280. Velocidad máxima de lectura/escritura: 7.400/6.800MB/s. Con disipador de aluminio. ALEG-960M-2TCS. Clave Oficial CT: DDUDAT2180. Marca: CT.,COMPONENTES DE ENSAMBLE,discos_duros,CT,133.41,2601.52,4162.43,4162.43,3512.05,3512.05,3251.9,3121.82,https://static.ctonline.mx/imagenes/DDUDAT2180/DDUDAT2180_400.jpg,assets/img/catalog/DDUDAT2180.jpg
DDUDAT2300,Unidad de Estado Sólido ADATA LEGEND 960 MAX 4TB PCIe Gen4x4 M.2 2280. Velocidad máxima de lectura/escritura: 7.400/6.800MB/s. Con disipador de aluminio. ALEG-960M-4TCS,Unidad de Estado Sólido ADATA LEGEND 960 MAX 4TB PCIe Gen4x4 M.2 2280. Velocidad máxima de lectura/escritura: 7.400/6.800MB/s. Con disipador de aluminio. ALEG-960M-4TCS. Clave Oficial CT: DDUDAT2300. Marca: CT.,COMPONENTES DE ENSAMBLE,discos_duros,CT,594.44,11591.67,18546.67,18546.67,15648.75,15648.75,14489.58,13910.0,https://static.ctonline.mx/imagenes/DDUDAT2300/DDUDAT2300_400.jpg,assets/img/catalog/DDUDAT2300.jpg
DDUDAT1020,Unidad de Estado Solido ADATA XPG SX8200 Pro 512GB PCIe Gen3X4 M.2 2280 ASX8200PNP-512GT-C,Unidad de Estado Solido ADATA XPG SX8200 Pro 512GB PCIe Gen3X4 M.2 2280 ASX8200PNP-512GT-C. Clave Oficial CT: DDUDAT1020. Marca: CT.,COMPONENTES DE ENSAMBLE,discos_duros,CT,85.78,1672.67,2676.27,2676.27,2258.1,2258.1,2090.83,2007.2,https://static.ctonline.mx/imagenes/DDUDAT1020/DDUDAT1020_400.jpg,assets/img/catalog/DDUDAT1020.jpg
DDUDAT1610,"Unidad de Estado Sólido ADATA XPG GAMMIX S70 BLADE, 1TB, M.2 PCIe GEN4X4 (NVMe) , 2280 (Lec/esc 7,400/6,800MB/s). N.P. AGAMMIXS70B-1T-CS","Unidad de Estado Sólido ADATA XPG GAMMIX S70 BLADE, 1TB, M.2 PCIe GEN4X4 (NVMe) , 2280 (Lec/esc 7,400/6,800MB/s). N.P. AGAMMIXS70B-1T-CS. Clave Oficial CT: DDUDAT1610. Marca: CT.",COMPONENTES DE ENSAMBLE,discos_duros,CT,181.11,3531.67,5650.67,5650.67,4767.75,4767.75,4414.58,4238.0,https://static.ctonline.mx/imagenes/DDUDAT1610/DDUDAT1610_400.jpg,assets/img/catalog/DDUDAT1610.jpg
DDUDAT1620,"Unidad de Estado Sólido ADATA XPG GAMMIX S70 BLADE, 2TB, M.2 PCIe GEN4X4 (NVMe) , 2280 (Lec/esc 7,400/6,800MB/s). N.P. AGAMMIXS70B-2T-CS","Unidad de Estado Sólido ADATA XPG GAMMIX S70 BLADE, 2TB, M.2 PCIe GEN4X4 (NVMe) , 2280 (Lec/esc 7,400/6,800MB/s). N.P. AGAMMIXS70B-2T-CS. Clave Oficial CT: DDUDAT1620. Marca: CT.",COMPONENTES DE ENSAMBLE,discos_duros,CT,309.72,6039.58,9663.33,9663.33,8153.44,8153.44,7549.48,7247.5,https://static.ctonline.mx/imagenes/DDUDAT1620/DDUDAT1620_400.jpg,assets/img/catalog/DDUDAT1620.jpg
DDUDAT2220,"Unidad de Estado Sólido ADATA XPG GAMMIX S70 BLADE, 4TB, M.2 PCIe GEN4X4 (NVMe) 2280 (Lec/esc 7,400/6,800MB/s). AGAMMIXS70B-4T-CS","Unidad de Estado Sólido ADATA XPG GAMMIX S70 BLADE, 4TB, M.2 PCIe GEN4X4 (NVMe) 2280 (Lec/esc 7,400/6,800MB/s). AGAMMIXS70B-4T-CS. Clave Oficial CT: DDUDAT2220. Marca: CT.",COMPONENTES DE ENSAMBLE,discos_duros,CT,622.22,12133.33,19413.33,19413.33,16380.0,16380.0,15166.67,14560.0,https://static.ctonline.mx/imagenes/DDUDAT2220/DDUDAT2220_400.jpg,assets/img/catalog/DDUDAT2220.jpg
DDUDAT2460,"Unidad de Estado Sólido ADATA XPG GAMMIX S70 BLADE, 8TB, M.2 PCIe GEN4X4 (NVMe) 2280 (Lec/esc 7,300/6,300MB/s). AGAMMIXS70B-8000G-CS","Unidad de Estado Sólido ADATA XPG GAMMIX S70 BLADE, 8TB, M.2 PCIe GEN4X4 (NVMe) 2280 (Lec/esc 7,300/6,300MB/s). AGAMMIXS70B-8000G-CS. Clave Oficial CT: DDUDAT2460. Marca: CT.",COMPONENTES DE ENSAMBLE,discos_duros,CT,888.89,17333.33,27733.33,27733.33,23400.0,23400.0,21666.67,20800.0,https://static.ctonline.mx/imagenes/DDUDAT2460/DDUDAT2460_400.jpg,assets/img/catalog/DDUDAT2460.jpg
DDUDAT2390,"Unidad de Estado Sólido XPG MARS 980 BLADE 1TB PCIe Gen5 x4 M.2 2280, velocidades de lectura/escritura secuenciales de hasta 14,000/13,000MB/s, SMAR-980B-1TCS","Unidad de Estado Sólido XPG MARS 980 BLADE 1TB PCIe Gen5 x4 M.2 2280, velocidades de lectura/escritura secuenciales de hasta 14,000/13,000MB/s, SMAR-980B-1TCS. Clave Oficial CT: DDUDAT2390. Marca: CT.",COMPONENTES DE ENSAMBLE,discos_duros,CT,185.56,3618.33,5789.33,5789.33,4884.75,4884.75,4522.92,4342.0,https://static.ctonline.mx/imagenes/DDUDAT2390/DDUDAT2390_400.jpg,assets/img/catalog/DDUDAT2390.jpg
DDUDAT2400,"Unidad de Estado Sólido XPG MARS 980 BLADE 2TB PCIe Gen5 x4 M.2 2280, velocidades de lectura/escritura secuenciales de hasta 14,000/13,000MB/s, SMAR-980B-2TCS","Unidad de Estado Sólido XPG MARS 980 BLADE 2TB PCIe Gen5 x4 M.2 2280, velocidades de lectura/escritura secuenciales de hasta 14,000/13,000MB/s, SMAR-980B-2TCS. Clave Oficial CT: DDUDAT2400. Marca: CT.",COMPONENTES DE ENSAMBLE,discos_duros,CT,339.44,6619.17,10590.67,10590.67,8935.88,8935.88,8273.96,7943.0,https://static.ctonline.mx/imagenes/DDUDAT2400/DDUDAT2400_400.jpg,assets/img/catalog/DDUDAT2400.jpg
DDUDAT2410,"Unidad de Estado Sólido XPG MARS 980 BLADE 4TB PCIe Gen5 x4 M.2 2280, velocidades de lectura/escritura secuenciales de hasta 14,000/13,000MB/s, SMAR-980B-4TCS","Unidad de Estado Sólido XPG MARS 980 BLADE 4TB PCIe Gen5 x4 M.2 2280, velocidades de lectura/escritura secuenciales de hasta 14,000/13,000MB/s, SMAR-980B-4TCS. Clave Oficial CT: DDUDAT2410. Marca: CT.",COMPONENTES DE ENSAMBLE,discos_duros,CT,622.22,12133.33,19413.33,19413.33,16380.0,16380.0,15166.67,14560.0,https://static.ctonline.mx/imagenes/DDUDAT2410/DDUDAT2410_400.jpg,assets/img/catalog/DDUDAT2410.jpg
DDUDAT2420,"Unidad de Estado Sólido XPG MARS 980 PRO 1TB PCIe Gen5 x4 M.2 2280, velocidades de lectura/escritura secuenciales de hasta 14,000/13,000MB/s, SMAR-980P-1TCI","Unidad de Estado Sólido XPG MARS 980 PRO 1TB PCIe Gen5 x4 M.2 2280, velocidades de lectura/escritura secuenciales de hasta 14,000/13,000MB/s, SMAR-980P-1TCI. Clave Oficial CT: DDUDAT2420. Marca: CT.",COMPONENTES DE ENSAMBLE,discos_duros,CT,204.77,3992.95,6388.72,6388.72,5390.48,5390.48,4991.19,4791.54,https://static.ctonline.mx/imagenes/DDUDAT2420/DDUDAT2420_400.jpg,assets/img/catalog/DDUDAT2420.jpg
DDUDAT2430,"Unidad de Estado Sólido XPG MARS 980 PRO 2TB PCIe Gen5 x4 M.2 2280, velocidades de lectura/escritura secuenciales de hasta 14,000/13,000MB/s, SMAR-980P-2TCI","Unidad de Estado Sólido XPG MARS 980 PRO 2TB PCIe Gen5 x4 M.2 2280, velocidades de lectura/escritura secuenciales de hasta 14,000/13,000MB/s, SMAR-980P-2TCI. Clave Oficial CT: DDUDAT2430. Marca: CT.",COMPONENTES DE ENSAMBLE,discos_duros,CT,365.12,7119.88,11391.81,11391.81,9611.84,9611.84,8899.85,8543.86,https://static.ctonline.mx/imagenes/DDUDAT2430/DDUDAT2430_400.jpg,assets/img/catalog/DDUDAT2430.jpg
DDUDAT2440,"Unidad de Estado Sólido XPG MARS 980 STORM 1TB PCIe Gen5 x4 M.2 2280, velocidades de lectura/escritura secuenciales de hasta 14,000/13,000MB/s, SMAR-980S-1TCI","Unidad de Estado Sólido XPG MARS 980 STORM 1TB PCIe Gen5 x4 M.2 2280, velocidades de lectura/escritura secuenciales de hasta 14,000/13,000MB/s, SMAR-980S-1TCI. Clave Oficial CT: DDUDAT2440. Marca: CT.",COMPONENTES DE ENSAMBLE,discos_duros,CT,188.89,3683.33,5893.33,5893.33,4972.5,4972.5,4604.17,4420.0,https://static.ctonline.mx/imagenes/DDUDAT2440/DDUDAT2440_400.jpg,assets/img/catalog/DDUDAT2440.jpg
DDUDAT2450,"Unidad de Estado Sólido XPG MARS 980 PRO 2TB PCIe Gen5 x4 M.2 2280, velocidades de lectura/escritura secuenciales de hasta 14,000/13,000MB/s, SMAR-980S-2TCI","Unidad de Estado Sólido XPG MARS 980 PRO 2TB PCIe Gen5 x4 M.2 2280, velocidades de lectura/escritura secuenciales de hasta 14,000/13,000MB/s, SMAR-980S-2TCI. Clave Oficial CT: DDUDAT2450. Marca: CT.",COMPONENTES DE ENSAMBLE,discos_duros,CT,500.0,9750.0,15600.0,15600.0,13162.5,13162.5,12187.5,11700.0,https://static.ctonline.mx/imagenes/DDUDAT2450/DDUDAT2450_400.jpg,assets/img/catalog/DDUDAT2450.jpg
DDUSTY010,"Stylos SSD SataIII 120G STMSSD1B. Solid state drive 120GB. Tamaño de 2.5"". Interfaz SataIII 6GB/s. Voltaje DC 5V. 4KB Random Read IOPS: 70000. 4KB Random Write IOPS: 5000. Sequential read: 510Mb/s. Sequential write: 460Mb/s. Response time: 0.2ms","Stylos SSD SataIII 120G STMSSD1B. Solid state drive 120GB. Tamaño de 2.5"". Interfaz SataIII 6GB/s. Voltaje DC 5V. 4KB Random Read IOPS: 70000. 4KB Random Write IOPS: 5000. Sequential read: 510Mb/s. Sequential write: 460Mb/s. Response time: 0.2ms. Clave Oficial CT: DDUSTY010. Marca: CT.",COMPONENTES DE ENSAMBLE,discos_duros,CT,21.3,415.35,664.56,664.56,560.72,560.72,519.19,498.42,https://static.ctonline.mx/imagenes/DDUSTY010/DDUSTY010_400.jpg,assets/img/catalog/DDUSTY010.jpg
DDUSTY020,"Stylos SSD SataIII 240G STMSSD2B. Solid state drive 240GB. Tamaño de 2.5"". Interfaz SataIII 6GB/s. Voltaje DC 5V. 4KB Random Read IOPS: 70000. 4KB Random Write IOPS: 5000. Sequential read: 520Mb/s. Sequential write: 460Mb/s. Response time: 0.2ms","Stylos SSD SataIII 240G STMSSD2B. Solid state drive 240GB. Tamaño de 2.5"". Interfaz SataIII 6GB/s. Voltaje DC 5V. 4KB Random Read IOPS: 70000. 4KB Random Write IOPS: 5000. Sequential read: 520Mb/s. Sequential write: 460Mb/s. Response time: 0.2ms. Clave Oficial CT: DDUSTY020. Marca: CT.",COMPONENTES DE ENSAMBLE,discos_duros,CT,31.23,609.05,974.48,974.48,822.22,822.22,761.31,730.86,https://static.ctonline.mx/imagenes/DDUSTY020/DDUSTY020_400.jpg,assets/img/catalog/DDUSTY020.jpg
DDUSTY030,"STYLOS SSD SATAIII 480G STMSSD3B. Soporta funciones S.M.A.R.T. Trim command, NCQ. Corrección de errores configurable. Avanzada tecnología de nivelación de desgaste. Interface Sata III. Voltaje DC 5V.","STYLOS SSD SATAIII 480G STMSSD3B. Soporta funciones S.M.A.R.T. Trim command, NCQ. Corrección de errores configurable. Avanzada tecnología de nivelación de desgaste. Interface Sata III. Voltaje DC 5V.. Clave Oficial CT: DDUSTY030. Marca: CT.",COMPONENTES DE ENSAMBLE,discos_duros,CT,51.44,1003.17,1605.07,1605.07,1354.28,1354.28,1253.96,1203.8,https://static.ctonline.mx/imagenes/DDUSTY030/DDUSTY030_400.jpg,assets/img/catalog/DDUSTY030.jpg
DDUSTY040,"STYLOS SSD SATAIII 1TB STMSSD4B. Soporta funciones S.M.A.R.T. Trim command, NCQ. Corrección de errores configurable. Avanzada tecnología de nivelación de desgaste. Interface Sata III. Voltaje DC 5V.","STYLOS SSD SATAIII 1TB STMSSD4B. Soporta funciones S.M.A.R.T. Trim command, NCQ. Corrección de errores configurable. Avanzada tecnología de nivelación de desgaste. Interface Sata III. Voltaje DC 5V.. Clave Oficial CT: DDUSTY040. Marca: CT.",COMPONENTES DE ENSAMBLE,discos_duros,CT,120.01,2340.22,3744.35,3744.35,3159.29,3159.29,2925.27,2808.26,https://static.ctonline.mx/imagenes/DDUSTY040/DDUSTY040_400.jpg,assets/img/catalog/DDUSTY040.jpg
DDUSTY060,"SSD M2 512GB STYLOS STMSSDM21B. Unidad de estado solido 512GB M2, Tamaño M2 22 mm x 80 mm, Soporte técnico gratuito, Soporta funciones S.M.A.R.T., TRIM Command, Velocidad de lectura de 3000 mb/s, Velocidad de escritura de 2500 mb/s, Interfaz NVM Express","SSD M2 512GB STYLOS STMSSDM21B. Unidad de estado solido 512GB M2, Tamaño M2 22 mm x 80 mm, Soporte técnico gratuito, Soporta funciones S.M.A.R.T., TRIM Command, Velocidad de lectura de 3000 mb/s, Velocidad de escritura de 2500 mb/s, Interfaz NVM Express. Clave Oficial CT: DDUSTY060. Marca: CT.",COMPONENTES DE ENSAMBLE,discos_duros,CT,75.61,1474.42,2359.07,2359.07,1990.46,1990.46,1843.02,1769.3,https://static.ctonline.mx/imagenes/DDUSTY060/DDUSTY060_400.jpg,assets/img/catalog/DDUSTY060.jpg
DDUSTY050,"SSD M2 1TB STYLOS STMSSDM22B. Unidad de estado solido 1TB M2, Tamaño M2 22 mm x 80 mm, Soporte técnico gratuito, Soporta funciones S.M.A.R.T., TRIM Command, Velocidad de lectura de 3000 mb/s, Velocidad de escritura de 2500 mb/s, Interfaz NVM Express","SSD M2 1TB STYLOS STMSSDM22B. Unidad de estado solido 1TB M2, Tamaño M2 22 mm x 80 mm, Soporte técnico gratuito, Soporta funciones S.M.A.R.T., TRIM Command, Velocidad de lectura de 3000 mb/s, Velocidad de escritura de 2500 mb/s, Interfaz NVM Express. Clave Oficial CT: DDUSTY050. Marca: CT.",COMPONENTES DE ENSAMBLE,discos_duros,CT,133.11,2595.67,4153.07,4153.07,3504.15,3504.15,3244.58,3114.8,https://static.ctonline.mx/imagenes/DDUSTY050/DDUSTY050_400.jpg,assets/img/catalog/DDUSTY050.jpg
DDUSTY070,"SSD M2 2TB STYLOS STMSSDM23B. Unidad de estado solido 2TB M2, 22 mm x 80 mm, Soporte técnico gratuito, Soporta funciones S.M.A.R.T., TRIM Command, Velocidad de lectura de 3000 mb/s, Velocidad de escritura de 2500 mb/s, Interfaz NVM Express","SSD M2 2TB STYLOS STMSSDM23B. Unidad de estado solido 2TB M2, 22 mm x 80 mm, Soporte técnico gratuito, Soporta funciones S.M.A.R.T., TRIM Command, Velocidad de lectura de 3000 mb/s, Velocidad de escritura de 2500 mb/s, Interfaz NVM Express. Clave Oficial CT: DDUSTY070. Marca: CT.",COMPONENTES DE ENSAMBLE,discos_duros,CT,222.22,4333.33,6933.33,6933.33,5850.0,5850.0,5416.67,5200.0,https://static.ctonline.mx/imagenes/DDUSTY070/DDUSTY070_400.jpg,assets/img/catalog/DDUSTY070.jpg
DDUWSD2810,"SSD EXTERNO SANDISK SDSSDE61-1T00-G25 1TB, Conexión: USB 3.2 Gen 2 Compatibilidad: USB Type-C  (RTelefonos, laptops y tablets), iOS 13+, Android 11+, macOS v.11+, Windows 10+,    Modelo: SDSSDE61-1T00-G25","SSD EXTERNO SANDISK SDSSDE61-1T00-G25 1TB, Conexión: USB 3.2 Gen 2 Compatibilidad: USB Type-C  (RTelefonos, laptops y tablets), iOS 13+, Android 11+, macOS v.11+, Windows 10+,    Modelo: SDSSDE61-1T00-G25. Clave Oficial CT: DDUWSD2810. Marca: CT.",COMPONENTES DE ENSAMBLE,discos_duros,CT,153.41,2991.48,4786.36,4786.36,4038.49,4038.49,3739.35,3589.77,https://static.ctonline.mx/imagenes/DDUWSD2810/DDUWSD2810_400.jpg,assets/img/catalog/DDUWSD2810.jpg
DDUSDX010,"Disco Estado Solido Sandisk Portable , 1TB, USB 3.2, USB C, SDSSDE30-1T00-G26","Disco Estado Solido Sandisk Portable , 1TB, USB 3.2, USB C, SDSSDE30-1T00-G26. Clave Oficial CT: DDUSDX010. Marca: CT.",COMPONENTES DE ENSAMBLE,discos_duros,CT,113.64,2215.91,3545.45,3545.45,2991.48,2991.48,2769.89,2659.09,https://static.ctonline.mx/imagenes/DDUSDX010/DDUSDX010_400.jpg,assets/img/catalog/DDUSDX010.jpg
MEMWSD140,"SSD PORTABLE SanDisk Fortnite 2TB SDSSDE30-2T00-G25F, Rendimiento de lectura secuencial: 800MB/s, Interfaz: USB 3.2 Gen 2, Compatibilidad: Windows® 10+, macOS 10.13+, PlayStation® 4 & 5, Xbox™ Series X|S Modelo: SDSSDE30-2T00-G25F  Fortnite","SSD PORTABLE SanDisk Fortnite 2TB SDSSDE30-2T00-G25F, Rendimiento de lectura secuencial: 800MB/s, Interfaz: USB 3.2 Gen 2, Compatibilidad: Windows® 10+, macOS 10.13+, PlayStation® 4 & 5, Xbox™ Series X|S Modelo: SDSSDE30-2T00-G25F  Fortnite. Clave Oficial CT: MEMWSD140. Marca: CT.",COMPONENTES DE ENSAMBLE,discos_duros,CT,159.09,3102.27,4963.64,4963.64,4188.07,4188.07,3877.84,3722.73,https://static.ctonline.mx/imagenes/MEMWSD140/MEMWSD140_400.jpg,assets/img/catalog/MEMWSD140.jpg
DDUHYU160,"Disco Duro EXTERNO HYUNDAI 1TBHYNBLUE, carcaza plástica de alta calidad, USB 2.5 COLOR AZUL","Disco Duro EXTERNO HYUNDAI 1TBHYNBLUE, carcaza plástica de alta calidad, USB 2.5 COLOR AZUL. Clave Oficial CT: DDUHYU160. Marca: CT.",COMPONENTES DE ENSAMBLE,discos_duros,CT,61.67,1202.5,1924.0,1924.0,1623.38,1623.38,1503.12,1443.0,https://static.ctonline.mx/imagenes/DDUHYU160/DDUHYU160_400.jpg,assets/img/catalog/DDUHYU160.jpg
DDUHYU200,"Disco Duro EXTERNO HYUNDAI 500HYNRED, carcaza plástica de alta calidad, USB 2.5 COLOR ROJO","Disco Duro EXTERNO HYUNDAI 500HYNRED, carcaza plástica de alta calidad, USB 2.5 COLOR ROJO. Clave Oficial CT: DDUHYU200. Marca: CT.",COMPONENTES DE ENSAMBLE,discos_duros,CT,39.44,769.17,1230.67,1230.67,1038.38,1038.38,961.46,923.0,https://static.ctonline.mx/imagenes/DDUHYU200/DDUHYU200_400.jpg,assets/img/catalog/DDUHYU200.jpg
DDUSAN480,"Disco Duro""New Pull"" Laptop 1TB, 5400 RPM 2.5 "", 7mm. Interfaz  Serial ATA III","Disco Duro""New Pull"" Laptop 1TB, 5400 RPM 2.5 "", 7mm. Interfaz  Serial ATA III. Clave Oficial CT: DDUSAN480. Marca: CT.",COMPONENTES DE ENSAMBLE,discos_duros,CT,59.44,1159.17,1854.67,1854.67,1564.88,1564.88,1448.96,1391.0,https://static.ctonline.mx/imagenes/DDUSAN480/DDUSAN480_400.jpg,assets/img/catalog/DDUSAN480.jpg
DDUWSD1230,Disco Duro WD de 1TB Blue 7mm Modelo WD10SPZX,Disco Duro WD de 1TB Blue 7mm Modelo WD10SPZX. Clave Oficial CT: DDUWSD1230. Marca: CT.,COMPONENTES DE ENSAMBLE,discos_duros,CT,92.48,1803.31,2885.29,2885.29,2434.46,2434.46,2254.13,2163.97,https://static.ctonline.mx/imagenes/DDUWSD1230/DDUWSD1230_400.jpg,assets/img/catalog/DDUWSD1230.jpg
DDUWSD2380,"Disco Duro Western Digital BLUE WD20SPZX 2TB, Formato: 2.5"", Conector: SATA, Velocidad de transferencia: hasta 150MB/s, Interfaz: SATA, 5400 RPM, Recording Technology: SMR, Cache 128MB, Temp. Operativa: 0°C a 60°C, Certificaciones: BSMI, ICES-003/NMB-003, CE, FCC, KC, Maghreb, RCM, UKCA, VCCI, CB-Scheme, TUV, UL, Compatibilidad: PC, Modelo: WD60EZAX","Disco Duro Western Digital BLUE WD20SPZX 2TB, Formato: 2.5"", Conector: SATA, Velocidad de transferencia: hasta 150MB/s, Interfaz: SATA, 5400 RPM, Recording Technology: SMR, Cache 128MB, Temp. Operativa: 0°C a 60°C, Certificaciones: BSMI, ICES-003/NMB-003, CE, FCC, KC, Maghreb, RCM, UKCA, VCCI, CB-Scheme, TUV, UL, Compatibilidad: PC, Modelo: WD60EZAX. Clave Oficial CT: DDUWSD2380. Marca: CT.",COMPONENTES DE ENSAMBLE,discos_duros,CT,159.09,3102.27,4963.64,4963.64,4188.07,4188.07,3877.84,3722.73,https://static.ctonline.mx/imagenes/DDUWSD2380/DDUWSD2380_400.jpg,assets/img/catalog/DDUWSD2380.jpg
DDUWSD2670,"Disco Duro Western Digital BLUE WD40EZAX 4TB, Factor de forma: 3.5 pulgadas, Conector: SATA, Interfaz: SATA, Velocidad de transferencia: hasta 185MB/s, RPM: 5400 RPM, Tecnología de grabación: CMR, Tamaño de caché: 256MB, Temp. operativa: 0°C to 60°C, Certificaciones: BSMI, ICES-003/NMB-003, CE, FCC, KC, Maghreb, RCM, UKCA, VCCI, CB-Scheme, TUV, UL   Modelo: WD40EZAX","Disco Duro Western Digital BLUE WD40EZAX 4TB, Factor de forma: 3.5 pulgadas, Conector: SATA, Interfaz: SATA, Velocidad de transferencia: hasta 185MB/s, RPM: 5400 RPM, Tecnología de grabación: CMR, Tamaño de caché: 256MB, Temp. operativa: 0°C to 60°C, Certificaciones: BSMI, ICES-003/NMB-003, CE, FCC, KC, Maghreb, RCM, UKCA, VCCI, CB-Scheme, TUV, UL   Modelo: WD40EZAX. Clave Oficial CT: DDUWSD2670. Marca: CT.",COMPONENTES DE ENSAMBLE,discos_duros,CT,181.82,3545.45,5672.73,5672.73,4786.36,4786.36,4431.82,4254.55,https://static.ctonline.mx/imagenes/DDUWSD2670/DDUWSD2670_400.jpg,assets/img/catalog/DDUWSD2670.jpg
DDUSGT1920,"Disco Duro Interno SEAGATE Exos X20 20TB 3.5"" SATA lll, 6 Gbit/s, 7200RPM, 256MB. ST20000NM007D","Disco Duro Interno SEAGATE Exos X20 20TB 3.5"" SATA lll, 6 Gbit/s, 7200RPM, 256MB. ST20000NM007D. Clave Oficial CT: DDUSGT1920. Marca: CT.",COMPONENTES DE ENSAMBLE,discos_duros,CT,477.51,9311.47,14898.35,14898.35,12570.49,12570.49,11639.34,11173.77,https://static.ctonline.mx/imagenes/DDUSGT1920/DDUSGT1920_400.jpg,assets/img/catalog/DDUSGT1920.jpg
DDUSGT960,"Disco Duro Interno SEAGATE SkyHawk 1TB 3.5"" 5400RPM Video Vigilancia.ST1000VX013","Disco Duro Interno SEAGATE SkyHawk 1TB 3.5"" 5400RPM Video Vigilancia.ST1000VX013. Clave Oficial CT: DDUSGT960. Marca: CT.",COMPONENTES DE ENSAMBLE,discos_duros,CT,125.57,2448.58,3917.73,3917.73,3305.58,3305.58,3060.72,2938.3,https://static.ctonline.mx/imagenes/DDUSGT960/DDUSGT960_400.jpg,assets/img/catalog/DDUSGT960.jpg
DDUWDX940,"Disco Duro Externo 2.5"" WD Elements 2TB Modelo WDBU6Y0020BBK USB 3.0 y 2.0 Ofrece almacenamiento fiable y de gran capacidad , velocidades ultrarrápidas de transferencia de datos y conectividad universal. Compatible con Windows y Mac OS X. Color Negro .","Disco Duro Externo 2.5"" WD Elements 2TB Modelo WDBU6Y0020BBK USB 3.0 y 2.0 Ofrece almacenamiento fiable y de gran capacidad , velocidades ultrarrápidas de transferencia de datos y conectividad universal. Compatible con Windows y Mac OS X. Color Negro .. Clave Oficial CT: DDUWDX940. Marca: CT.",COMPONENTES DE ENSAMBLE,discos_duros,CT,112.5,2193.75,3510.0,3510.0,2961.56,2961.56,2742.19,2632.5,https://static.ctonline.mx/imagenes/DDUWDX940/DDUWDX940_400.jpg,assets/img/catalog/DDUWDX940.jpg
DDUWSD1890,"Disco Duro Externo 2.5"" WD Elements 4TB Modelo WDBU6Y0040BBK-WESN USB 3.0 Ofrece almacenamiento fiable y de gran capacidad , velocidades ultrarrápidas de transferencia de datos y conectividad universal. Compatible con Windows y Mac OS X. Color Negro .","Disco Duro Externo 2.5"" WD Elements 4TB Modelo WDBU6Y0040BBK-WESN USB 3.0 Ofrece almacenamiento fiable y de gran capacidad , velocidades ultrarrápidas de transferencia de datos y conectividad universal. Compatible con Windows y Mac OS X. Color Negro .. Clave Oficial CT: DDUWSD1890. Marca: CT.",COMPONENTES DE ENSAMBLE,discos_duros,CT,142.33,2775.43,4440.68,4440.68,3746.83,3746.83,3469.28,3330.51,https://static.ctonline.mx/imagenes/DDUWSD1890/DDUWSD1890_400.jpg,assets/img/catalog/DDUWSD1890.jpg
DDUWSD2460,"Disco Duro Western Digital BLACK ELEMENTS WDBUZG0010BBK-WESN 1TB, Conector: Micro-B, Interfaz: USB 3.2 Gen 1, USB 3.0, Temp. Operativa: 5°C to 35°C, Certificaciones: FCC-ICES, CE, BSMI, RCM, VCCI, EAC, KC, UKCA  Modelo: WDBUZG0010BBK-WESN","Disco Duro Western Digital BLACK ELEMENTS WDBUZG0010BBK-WESN 1TB, Conector: Micro-B, Interfaz: USB 3.2 Gen 1, USB 3.0, Temp. Operativa: 5°C to 35°C, Certificaciones: FCC-ICES, CE, BSMI, RCM, VCCI, EAC, KC, UKCA  Modelo: WDBUZG0010BBK-WESN. Clave Oficial CT: DDUWSD2460. Marca: CT.",COMPONENTES DE ENSAMBLE,discos_duros,CT,84.66,1650.85,2641.36,2641.36,2228.65,2228.65,2063.57,1981.02,https://static.ctonline.mx/imagenes/DDUWSD2460/DDUWSD2460_400.jpg,assets/img/catalog/DDUWSD2460.jpg
DDUWSD2550,"Disco Portátil Western Digital Black WDBU6Y0020BBK-WESN 2TB, Conector: Micro-B, Interfaz: USB 3.2 Gen 1, USB 3.0, Temp. Operativa: 5°C to 35°C, Certificaciones: FCC-ICES, CE, BSMI, RCM, VCCI, EAC, KC, UKCA, Capacidad de expansión con plug-and-play, Compatibilidad: Windows® 10 o versiones posteriores,   Modelo: WDBU6Y0020BBK-WESN","Disco Portátil Western Digital Black WDBU6Y0020BBK-WESN 2TB, Conector: Micro-B, Interfaz: USB 3.2 Gen 1, USB 3.0, Temp. Operativa: 5°C to 35°C, Certificaciones: FCC-ICES, CE, BSMI, RCM, VCCI, EAC, KC, UKCA, Capacidad de expansión con plug-and-play, Compatibilidad: Windows® 10 o versiones posteriores,   Modelo: WDBU6Y0020BBK-WESN. Clave Oficial CT: DDUWSD2550. Marca: CT.",COMPONENTES DE ENSAMBLE,discos_duros,CT,94.89,1850.28,2960.45,2960.45,2497.88,2497.88,2312.86,2220.34,https://static.ctonline.mx/imagenes/DDUWSD2550/DDUWSD2550_400.jpg,assets/img/catalog/DDUWSD2550.jpg
DDUWDX1630,"Disco Estado Solido Sandisk Portable , 1TB, USB 3.2, USB C, SDSSDE81-1T00-G25","Disco Estado Solido Sandisk Portable , 1TB, USB 3.2, USB C, SDSSDE81-1T00-G25. Clave Oficial CT: DDUWDX1630. Marca: CT.",COMPONENTES DE ENSAMBLE,discos_duros,CT,184.75,3602.58,5764.12,5764.12,4863.48,4863.48,4503.22,4323.09,https://static.ctonline.mx/imagenes/DDUWDX1630/DDUWDX1630_400.jpg,assets/img/catalog/DDUWDX1630.jpg
DDUWSD3180,"SSD BLUE SANDISK 1TB WDS100T5B0E M.2 SN5100 NVME, Formato: M.2 2280, Rendimiento de lectura secuencial: 7100MB/s, Rendimiento de escritura secuencial: 700MB/s, Lectura aleatoria: 1000K IOPS, Escritura aleatoria: 1300K IOPS, Resistencia (TBW): 600, Temp. operativa: 0°C to 85°C, Certificaciones: BSMI, CAN ICES-3(B)/NMB-3(B), CE, FCC, KCC, Morocco, RCM, TÜV, UL, UKCA, VCCI, Compatibilidad: Ranura M.2 2280, PCIe® 4.0 y anterior    Modelo: WDS100T5B0E","SSD BLUE SANDISK 1TB WDS100T5B0E M.2 SN5100 NVME, Formato: M.2 2280, Rendimiento de lectura secuencial: 7100MB/s, Rendimiento de escritura secuencial: 700MB/s, Lectura aleatoria: 1000K IOPS, Escritura aleatoria: 1300K IOPS, Resistencia (TBW): 600, Temp. operativa: 0°C to 85°C, Certificaciones: BSMI, CAN ICES-3(B)/NMB-3(B), CE, FCC, KCC, Morocco, RCM, TÜV, UL, UKCA, VCCI, Compatibilidad: Ranura M.2 2280, PCIe® 4.0 y anterior    Modelo: WDS100T5B0E. Clave Oficial CT: DDUWSD3180. Marca: CT.",COMPONENTES DE ENSAMBLE,discos_duros,CT,154.2,3006.99,4811.18,4811.18,4059.43,4059.43,3758.74,3608.39,https://static.ctonline.mx/imagenes/DDUWSD3180/DDUWSD3180_400.jpg,assets/img/catalog/DDUWSD3180.jpg
DDUWSD3190,"SSD GREEN SANDISK 480GB WDS480G3G0B M.2 SN350 NVME, Formato: M.2 SN350 NVMe, Interfaz: PCI Express 3.0, Vibración operativa: 5 G, Intervalo de temperatura operativa: 0 - 70 °C, Golpes en funcionamiento: 1500 G, Consumo de energía (max): 3.5 W, Velocidad de escritura: 1650 MB/s, Velocidad de lectura: 2400 MB/s, calificación TBW: 60, Velocidad de transferencia de datos: 8 Gbit/s, Escritura aleatoria (4KB): 170 IOPS, Certificación: BSMI, CAN ICES-3(B)/NMB-3(B), CE, FCC, KCC, Morocco, RCM, TUV, UL, VCCI    Modelo: WDS480G350B","SSD GREEN SANDISK 480GB WDS480G3G0B M.2 SN350 NVME, Formato: M.2 SN350 NVMe, Interfaz: PCI Express 3.0, Vibración operativa: 5 G, Intervalo de temperatura operativa: 0 - 70 °C, Golpes en funcionamiento: 1500 G, Consumo de energía (max): 3.5 W, Velocidad de escritura: 1650 MB/s, Velocidad de lectura: 2400 MB/s, calificación TBW: 60, Velocidad de transferencia de datos: 8 Gbit/s, Escritura aleatoria (4KB): 170 IOPS, Certificación: BSMI, CAN ICES-3(B)/NMB-3(B), CE, FCC, KCC, Morocco, RCM, TUV, UL, VCCI    Modelo: WDS480G350B. Clave Oficial CT: DDUWSD3190. Marca: CT.",COMPONENTES DE ENSAMBLE,discos_duros,CT,82.39,1606.53,2570.45,2570.45,2168.82,2168.82,2008.17,1927.84,https://static.ctonline.mx/imagenes/DDUWSD3190/DDUWSD3190_400.jpg,assets/img/catalog/DDUWSD3190.jpg
DDUWSD2590,"SSD BLACK SanDisk SN7100 NVMe 500GB WDS500G4X0E M.2, Formato: M.2 2280, Rendimiento de lectura secuencial: 6800MB/s, Rendimiento de escritura secuencial: 5800MB/s, Lectura aleatoria: 760K IOPS, Escritura aleatoria: 1200K IOPS, Interfaz: PCIe Gen 4.0, Temp. operativa: 0°C to 85°C    Modelo: WDS500G4X0E","SSD BLACK SanDisk SN7100 NVMe 500GB WDS500G4X0E M.2, Formato: M.2 2280, Rendimiento de lectura secuencial: 6800MB/s, Rendimiento de escritura secuencial: 5800MB/s, Lectura aleatoria: 760K IOPS, Escritura aleatoria: 1200K IOPS, Interfaz: PCIe Gen 4.0, Temp. operativa: 0°C to 85°C    Modelo: WDS500G4X0E. Clave Oficial CT: DDUWSD2590. Marca: CT.",COMPONENTES DE ENSAMBLE,discos_duros,CT,117.8,2297.06,3675.3,3675.3,3101.03,3101.03,2871.33,2756.47,https://static.ctonline.mx/imagenes/DDUWSD2590/DDUWSD2590_400.jpg,assets/img/catalog/DDUWSD2590.jpg
DDUWSD2600,"SSD BLUE SanDisk SN5000 NVMe 1TB WDS100T4B0E M.2, Formato: M.2 2280, Rendimiento de lectura secuencial: 5,150MB/s, Rendimiento de escritura secuencial: 4,900MB/s, Lectura aleatoria: 730K IOPS, Escritura aleatoria: 770K IOPS, Interfaz: PCIe Gen4 x4, Resistencia (TBW): 600, Temp. operativa: 0°C to 85°C, Certificaciones: BSMI, CAN ICES-3(B)/NMB-3(B), CE, FCC, KCC, Morocco, RCM, TUV, UL, VCCI     Modelo: WDS100T4B0E","SSD BLUE SanDisk SN5000 NVMe 1TB WDS100T4B0E M.2, Formato: M.2 2280, Rendimiento de lectura secuencial: 5,150MB/s, Rendimiento de escritura secuencial: 4,900MB/s, Lectura aleatoria: 730K IOPS, Escritura aleatoria: 770K IOPS, Interfaz: PCIe Gen4 x4, Resistencia (TBW): 600, Temp. operativa: 0°C to 85°C, Certificaciones: BSMI, CAN ICES-3(B)/NMB-3(B), CE, FCC, KCC, Morocco, RCM, TUV, UL, VCCI     Modelo: WDS100T4B0E. Clave Oficial CT: DDUWSD2600. Marca: CT.",COMPONENTES DE ENSAMBLE,discos_duros,CT,117.78,2296.79,3674.86,3674.86,3100.67,3100.67,2870.99,2756.15,https://static.ctonline.mx/imagenes/DDUWSD2600/DDUWSD2600_400.jpg,assets/img/catalog/DDUWSD2600.jpg
DDUWSD1850,"SSD SANDISK 512GB WDS100T3G0C 1TB N350 NVMe M.2 2280, Rendimiento de lectura secuencial: 3200MB/s, Rendimiento de escritura secuencial: 2500MB/s, Lectura aleatoria: 300K IOPS, Escritura aleatoria: 400K IOPS, Interfaz: PCIe Gen3 x4, NVMe v1.3, Resistencia (TBW): 100units, Temp. operativa: 0°C to 70°C, Certificaciones: BSMI, ICES-003/NMB-003, CE, FCC, KC, Maghreb, RCM, UKCA, VCCI, CB-Scheme, TUV, UL,    Modelo: WDS100T3G0C","SSD SANDISK 512GB WDS100T3G0C 1TB N350 NVMe M.2 2280, Rendimiento de lectura secuencial: 3200MB/s, Rendimiento de escritura secuencial: 2500MB/s, Lectura aleatoria: 300K IOPS, Escritura aleatoria: 400K IOPS, Interfaz: PCIe Gen3 x4, NVMe v1.3, Resistencia (TBW): 100units, Temp. operativa: 0°C to 70°C, Certificaciones: BSMI, ICES-003/NMB-003, CE, FCC, KC, Maghreb, RCM, UKCA, VCCI, CB-Scheme, TUV, UL,    Modelo: WDS100T3G0C. Clave Oficial CT: DDUWSD1850. Marca: CT.",COMPONENTES DE ENSAMBLE,discos_duros,CT,195.03,3803.04,6084.87,6084.87,5134.11,5134.11,4753.8,4563.65,https://static.ctonline.mx/imagenes/DDUWSD1850/DDUWSD1850_400.jpg,assets/img/catalog/DDUWSD1850.jpg
DDUWSD2720,"SSD SANDISK SDSSDA3N-1T00-G26 1TB SSD PLUS M.2 NVMe PCIe Gen 3.0, Formato: M.2 2280, Rendimiento de lectura secuencial: 3200MB/s, Interfaz: PCIe Gen 3, Modelo: SDSSDA3N-1T00-G26","SSD SANDISK SDSSDA3N-1T00-G26 1TB SSD PLUS M.2 NVMe PCIe Gen 3.0, Formato: M.2 2280, Rendimiento de lectura secuencial: 3200MB/s, Interfaz: PCIe Gen 3, Modelo: SDSSDA3N-1T00-G26. Clave Oficial CT: DDUWSD2720. Marca: CT.",COMPONENTES DE ENSAMBLE,discos_duros,CT,164.77,3213.07,5140.91,5140.91,4337.64,4337.64,4016.34,3855.68,https://static.ctonline.mx/imagenes/DDUWSD2720/DDUWSD2720_400.jpg,assets/img/catalog/DDUWSD2720.jpg
DDUWSD2730,"SSD SANDISK SDSSDA3N-2T00-G26 2TB SSD PLUS M.2 NVMe PCIe Gen 3.0, Formato; M.2 2280, Rendimiento de lectura secuencial: 3200MB/s, Interfaz: PCIe Gen 3,   Modelo: SDSSDA3N-2T00-G26","SSD SANDISK SDSSDA3N-2T00-G26 2TB SSD PLUS M.2 NVMe PCIe Gen 3.0, Formato; M.2 2280, Rendimiento de lectura secuencial: 3200MB/s, Interfaz: PCIe Gen 3,   Modelo: SDSSDA3N-2T00-G26. Clave Oficial CT: DDUWSD2730. Marca: CT.",COMPONENTES DE ENSAMBLE,discos_duros,CT,390.04,7605.87,12169.39,12169.39,10267.92,10267.92,9507.33,9127.04,https://static.ctonline.mx/imagenes/DDUWSD2730/DDUWSD2730_400.jpg,assets/img/catalog/DDUWSD2730.jpg
DDUWSD2570,"SSD SANDISK BLACK 1TB WDS100T2X0E M.2 SN850X NVMe, Formato: M.2 2280, Conector: M.2, Rendimiento de lectura secuencial: 7300MB/s, Rendimiento de escritura secuencial: 6300MB/s, Lectura aleatoria: 800K IOPS, Escritura aleatoria: 1100K IOPS, Interfaz: PCIe Gen4 x4,  Resistencia (TBW): 600units, Temp. operativa: 0°C to 85°C, Certificaciones: BSMI, CAN ICES-3(B)/NMB-3(B), CE, FCC, KCC, Morocco, RCM, TUV, UL, VCCI, Compatibilidad: Windows® 10 o versiones posteriores, PlayStation® 5 (solo el modelo con disipador de calor), Computadora con puerto M.2 (de tipo M), capaz de tomar un factor de forma M.2 2280   Modelo: WDS100T2X0E","SSD SANDISK BLACK 1TB WDS100T2X0E M.2 SN850X NVMe, Formato: M.2 2280, Conector: M.2, Rendimiento de lectura secuencial: 7300MB/s, Rendimiento de escritura secuencial: 6300MB/s, Lectura aleatoria: 800K IOPS, Escritura aleatoria: 1100K IOPS, Interfaz: PCIe Gen4 x4,  Resistencia (TBW): 600units, Temp. operativa: 0°C to 85°C, Certificaciones: BSMI, CAN ICES-3(B)/NMB-3(B), CE, FCC, KCC, Morocco, RCM, TUV, UL, VCCI, Compatibilidad: Windows® 10 o versiones posteriores, PlayStation® 5 (solo el modelo con disipador de calor), Computadora con puerto M.2 (de tipo M), capaz de tomar un factor de forma M.2 2280   Modelo: WDS100T2X0E. Clave Oficial CT: DDUWSD2570. Marca: CT.",COMPONENTES DE ENSAMBLE,discos_duros,CT,142.05,2769.89,4431.82,4431.82,3739.35,3739.35,3462.36,3323.86,https://static.ctonline.mx/imagenes/DDUWSD2570/DDUWSD2570_400.jpg,assets/img/catalog/DDUWSD2570.jpg
DDUWSD2800,"SSD SANDISK GREEN 500GB WDS500G4G0E SN3000 NVMe M.2, Formato: M.2 2280"", Rendimiento de lectura secuencial: 5000MB/s, Rendimiento de escritura secuencial: 4100MB/s, Conexión: PCIe Gen4 x4, NVMe, Resistencia (TBW): 100units, Temperatura de funcionamiento: 0°C to 80°C, Compatibilidad: Ordenadores, portátiles y dispositivos de juego portátiles NVMe M.2 con PCIe Gen 4 x4, PCIe Gen4 x2, PCIe Gen3 x4, PCIe Gen3 x2    Modelo: WDS500G4G0E","SSD SANDISK GREEN 500GB WDS500G4G0E SN3000 NVMe M.2, Formato: M.2 2280"", Rendimiento de lectura secuencial: 5000MB/s, Rendimiento de escritura secuencial: 4100MB/s, Conexión: PCIe Gen4 x4, NVMe, Resistencia (TBW): 100units, Temperatura de funcionamiento: 0°C to 80°C, Compatibilidad: Ordenadores, portátiles y dispositivos de juego portátiles NVMe M.2 con PCIe Gen 4 x4, PCIe Gen4 x2, PCIe Gen3 x4, PCIe Gen3 x2    Modelo: WDS500G4G0E. Clave Oficial CT: DDUWSD2800. Marca: CT.",COMPONENTES DE ENSAMBLE,discos_duros,CT,85.57,1668.58,2669.73,2669.73,2252.58,2252.58,2085.72,2002.3,https://static.ctonline.mx/imagenes/DDUWSD2800/DDUWSD2800_400.jpg,assets/img/catalog/DDUWSD2800.jpg
DDUWSD2890,"SSD SANDISK BLACK 2TB WDS200T4X0E M.2 SN7100 NVMe, Formato: M.2 2280, Rendimiento de lectura secuencial: 7250MB/s, Rendimiento de escritura secuencial: 6900MB/s, Lectura aleatoria: 1000K IOPS, Escritura aleatoria: 1400K IOPS, Interfaz: PCIe Gen 4.0, Temp. operativa: 0°C to 85°C, Compatibilidad: Windows® 10 o versiones posteriores  Modelo: WDS200T4X0E","SSD SANDISK BLACK 2TB WDS200T4X0E M.2 SN7100 NVMe, Formato: M.2 2280, Rendimiento de lectura secuencial: 7250MB/s, Rendimiento de escritura secuencial: 6900MB/s, Lectura aleatoria: 1000K IOPS, Escritura aleatoria: 1400K IOPS, Interfaz: PCIe Gen 4.0, Temp. operativa: 0°C to 85°C, Compatibilidad: Windows® 10 o versiones posteriores  Modelo: WDS200T4X0E. Clave Oficial CT: DDUWSD2890. Marca: CT.",COMPONENTES DE ENSAMBLE,discos_duros,CT,204.55,3988.64,6381.82,6381.82,5384.66,5384.66,4985.8,4786.36,https://static.ctonline.mx/imagenes/DDUWSD2890/DDUWSD2890_400.jpg,assets/img/catalog/DDUWSD2890.jpg
DDUWSD2950,"SSD SANDISK BLACK 2TB WDS200T2X0E M.2 SN850X NVMe, Formato:M.2 2280, Conector: M.2, Rendimiento de lectura secuencial: 7300MB/s, Rendimiento de escritura secuencial: 6600MB/s, Lectura aleatoria: 1200K IOPS, Escritura aleatoria: 1100K IOPS, Interfaz: PCIe Gen4 x4, Resistencia (TBW): 1200units, Temp. operativa: 0°C to 85°C, Certificaciones: BSMI, CAN ICES-3(B)/NMB-3(B), CE, FCC, KCC, Morocco, RCM, TUV, UL, VCCI, Compatibilidad: Windows® 10 o versiones posteriores,  PlayStation® 5 (solo el modelo con disipador de calor), Computadora con puerto M.2 (de tipo M), capaz de tomar un factor de forma M.2 2280  Modelo: WDS200T2X0E","SSD SANDISK BLACK 2TB WDS200T2X0E M.2 SN850X NVMe, Formato:M.2 2280, Conector: M.2, Rendimiento de lectura secuencial: 7300MB/s, Rendimiento de escritura secuencial: 6600MB/s, Lectura aleatoria: 1200K IOPS, Escritura aleatoria: 1100K IOPS, Interfaz: PCIe Gen4 x4, Resistencia (TBW): 1200units, Temp. operativa: 0°C to 85°C, Certificaciones: BSMI, CAN ICES-3(B)/NMB-3(B), CE, FCC, KCC, Morocco, RCM, TUV, UL, VCCI, Compatibilidad: Windows® 10 o versiones posteriores,  PlayStation® 5 (solo el modelo con disipador de calor), Computadora con puerto M.2 (de tipo M), capaz de tomar un factor de forma M.2 2280  Modelo: WDS200T2X0E. Clave Oficial CT: DDUWSD2950. Marca: CT.",COMPONENTES DE ENSAMBLE,discos_duros,CT,563.37,10985.74,17577.18,17577.18,14830.75,14830.75,13732.17,13182.89,https://static.ctonline.mx/imagenes/DDUWSD2950/DDUWSD2950_400.jpg,assets/img/catalog/DDUWSD2950.jpg
DDUWSD2960,"SSD SANDISK BLACK 1TB WDS100T1X0M M.2 SN8100 NVMe, Formato: M.2 2280, Rendimiento de lectura secuencial: 14900MB/s, Rendimiento de escritura secuencial: 11000MB/s, Lectura aleatoria: 1.6M IOPS, Escritura aleatoria: 2.4M IOPS, Resistencia (TBW): 600, Temp. operativa: 0°C to 85°C, Certificaciones: BSMI, CAN ICES-3(B)/NMB-3(B), CE, FCC, KCC, Morocco, RCM, TUV, UL, VCCI, Compatibilidad: Windows® 10 o versiones posteriores, Computadoras portátiles (únicamente modelo sin disipador térmico) y PC, PC con puerto M.2 (de tipo M), capaz de tomar un factor de forma M.2 2280  Modelo: WDS100T1X0M","SSD SANDISK BLACK 1TB WDS100T1X0M M.2 SN8100 NVMe, Formato: M.2 2280, Rendimiento de lectura secuencial: 14900MB/s, Rendimiento de escritura secuencial: 11000MB/s, Lectura aleatoria: 1.6M IOPS, Escritura aleatoria: 2.4M IOPS, Resistencia (TBW): 600, Temp. operativa: 0°C to 85°C, Certificaciones: BSMI, CAN ICES-3(B)/NMB-3(B), CE, FCC, KCC, Morocco, RCM, TUV, UL, VCCI, Compatibilidad: Windows® 10 o versiones posteriores, Computadoras portátiles (únicamente modelo sin disipador térmico) y PC, PC con puerto M.2 (de tipo M), capaz de tomar un factor de forma M.2 2280  Modelo: WDS100T1X0M. Clave Oficial CT: DDUWSD2960. Marca: CT.",COMPONENTES DE ENSAMBLE,discos_duros,CT,323.95,6316.98,10107.16,10107.16,8527.92,8527.92,7896.22,7580.37,https://static.ctonline.mx/imagenes/DDUWSD2960/DDUWSD2960_400.jpg,assets/img/catalog/DDUWSD2960.jpg
DDUWSD2970,"SSD SANDISK BLACK 2TB WDS200T1X0M M.2 SN8100 NVMe, Formato: M.2 2280, Rendimiento de lectura secuencial: 14900MB/s, Rendimiento de escritura secuencial: 14000MB/s, Lectura aleatoria: 2.3M IOPS, Escritura aleatoria: 2.4M IOPS, Resistencia (TBW): 1200, Temp. operativa: 0°C to 85°C, Certificaciones: BSMI, CAN ICES-3(B)/NMB-3(B), CE, FCC, KCC, Morocco, RCM, TUV, UL, VCCI, Compatibilidad: Windows® 10 o versiones posteriores, Computadoras portátiles (únicamente modelo sin disipador térmico) y PC, PC con puerto M.2 (de tipo M), capaz de tomar un factor de forma M.2 2280   Modelo: WDS200T1X0M","SSD SANDISK BLACK 2TB WDS200T1X0M M.2 SN8100 NVMe, Formato: M.2 2280, Rendimiento de lectura secuencial: 14900MB/s, Rendimiento de escritura secuencial: 14000MB/s, Lectura aleatoria: 2.3M IOPS, Escritura aleatoria: 2.4M IOPS, Resistencia (TBW): 1200, Temp. operativa: 0°C to 85°C, Certificaciones: BSMI, CAN ICES-3(B)/NMB-3(B), CE, FCC, KCC, Morocco, RCM, TUV, UL, VCCI, Compatibilidad: Windows® 10 o versiones posteriores, Computadoras portátiles (únicamente modelo sin disipador térmico) y PC, PC con puerto M.2 (de tipo M), capaz de tomar un factor de forma M.2 2280   Modelo: WDS200T1X0M. Clave Oficial CT: DDUWSD2970. Marca: CT.",COMPONENTES DE ENSAMBLE,discos_duros,CT,647.88,12633.73,20213.97,20213.97,17055.54,17055.54,15792.16,15160.48,https://static.ctonline.mx/imagenes/DDUWSD2970/DDUWSD2970_400.jpg,assets/img/catalog/DDUWSD2970.jpg
DDUWSD2990,"SSD SANDISK GREEN 2TB WDS200T4G0E SN3000 NVMe M.2, Formato: M.2 2280, Rendimiento de lectura secuencial: 5000MB/s, Rendimiento de escritura secuencial: 4200MB/s, Interfaz: PCIe Gen4 x4, NVMe, Resistencia (TBW): 250units, Temp. operativa: 0°C to 80°C, Compatibilidad: PC, computadoras portátiles y dispositivos móviles M.2 NVMe con 4 carriles de PCIe Gen4, 2 carriles de PCIe Gen4, 4 carriles de PCIe Gen3, 2 carriles de PCIe Gen3,   Modelo: WDS200T4G0E","SSD SANDISK GREEN 2TB WDS200T4G0E SN3000 NVMe M.2, Formato: M.2 2280, Rendimiento de lectura secuencial: 5000MB/s, Rendimiento de escritura secuencial: 4200MB/s, Interfaz: PCIe Gen4 x4, NVMe, Resistencia (TBW): 250units, Temp. operativa: 0°C to 80°C, Compatibilidad: PC, computadoras portátiles y dispositivos móviles M.2 NVMe con 4 carriles de PCIe Gen4, 2 carriles de PCIe Gen4, 4 carriles de PCIe Gen3, 2 carriles de PCIe Gen3,   Modelo: WDS200T4G0E. Clave Oficial CT: DDUWSD2990. Marca: CT.",COMPONENTES DE ENSAMBLE,discos_duros,CT,204.55,3988.64,6381.82,6381.82,5384.66,5384.66,4985.8,4786.36,https://static.ctonline.mx/imagenes/DDUWSD2990/DDUWSD2990_400.jpg,assets/img/catalog/DDUWSD2990.jpg
DDUWSD3000,"SSD SANDISK BLACK 4TB WDS400T4X0E SN7100 NVMe M.2, Formato: M.2 2280, Rendimiento de lectura secuencial: 7000MB/s, Rendimiento de escritura secuencial: 6700MB/s, Lectura aleatoria: 900K IOPS, Escritura aleatoria: 1350K IOPS, Interfaz: PCIe Gen 4.0, Temp. operativa: 0°C to 85°C, Compatibilidad: Windows® 10 o versiones posteriores,   Modelo: WDS400T4X0E","SSD SANDISK BLACK 4TB WDS400T4X0E SN7100 NVMe M.2, Formato: M.2 2280, Rendimiento de lectura secuencial: 7000MB/s, Rendimiento de escritura secuencial: 6700MB/s, Lectura aleatoria: 900K IOPS, Escritura aleatoria: 1350K IOPS, Interfaz: PCIe Gen 4.0, Temp. operativa: 0°C to 85°C, Compatibilidad: Windows® 10 o versiones posteriores,   Modelo: WDS400T4X0E. Clave Oficial CT: DDUWSD3000. Marca: CT.",COMPONENTES DE ENSAMBLE,discos_duros,CT,454.55,8863.64,14181.82,14181.82,11965.91,11965.91,11079.55,10636.36,https://static.ctonline.mx/imagenes/DDUWSD3000/DDUWSD3000_400.jpg,assets/img/catalog/DDUWSD3000.jpg
DDUWSD3010,"SSD SANDISK BLACK 1TB WDS100T2XHE SN850X NVMe M.2, Con disipador térmico, Formato: M.2 2280, Rendimiento de lectura secuencial, 7300MB/s, Rendimiento de escritura secuencial: 6300MB/s, Lectura aleatoria: 800K IOPS, Escritura aleatoria: 1100K IOPS, Interfaz: PCIe Gen4 x4, Resistencia (TBW): 600units, Temp. operativa: 0°C to 85°C, Certificaciones: BSMI, CAN ICES-3(B)/NMB-3(B), CE, FCC, KCC, Morocco, RCM, TUV, UL, VCCI, Compatibilidad: Windows® 10 o versiones posteriores, PlayStation® 5 (solo el modelo con disipador de calor)4, Computadora con puerto M.2 (de tipo M), capaz de tomar un factor de forma M.2 2280,   Modelo: WDS100T2XHE","SSD SANDISK BLACK 1TB WDS100T2XHE SN850X NVMe M.2, Con disipador térmico, Formato: M.2 2280, Rendimiento de lectura secuencial, 7300MB/s, Rendimiento de escritura secuencial: 6300MB/s, Lectura aleatoria: 800K IOPS, Escritura aleatoria: 1100K IOPS, Interfaz: PCIe Gen4 x4, Resistencia (TBW): 600units, Temp. operativa: 0°C to 85°C, Certificaciones: BSMI, CAN ICES-3(B)/NMB-3(B), CE, FCC, KCC, Morocco, RCM, TUV, UL, VCCI, Compatibilidad: Windows® 10 o versiones posteriores, PlayStation® 5 (solo el modelo con disipador de calor)4, Computadora con puerto M.2 (de tipo M), capaz de tomar un factor de forma M.2 2280,   Modelo: WDS100T2XHE. Clave Oficial CT: DDUWSD3010. Marca: CT.",COMPONENTES DE ENSAMBLE,discos_duros,CT,211.36,4121.59,6594.55,6594.55,5564.15,5564.15,5151.99,4945.91,https://static.ctonline.mx/imagenes/DDUWSD3010/DDUWSD3010_400.jpg,assets/img/catalog/DDUWSD3010.jpg
DDUWSD2790,"SSD SANDISK GREEN 2TB WDS200T5G0A 2.5"" SATA, Formato: 2.5"", Rendimiento de lectura secuencial: 545MB/s, Temperatura de funcionamiento: 0°C to 70°C, Compatibilidad: Ordenadores de sobremesa, Ordenadores portátiles   Modelo: WDS200T5G0A","SSD SANDISK GREEN 2TB WDS200T5G0A 2.5"" SATA, Formato: 2.5"", Rendimiento de lectura secuencial: 545MB/s, Temperatura de funcionamiento: 0°C to 70°C, Compatibilidad: Ordenadores de sobremesa, Ordenadores portátiles   Modelo: WDS200T5G0A. Clave Oficial CT: DDUWSD2790. Marca: CT.",COMPONENTES DE ENSAMBLE,discos_duros,CT,315.17,6145.82,9833.32,9833.32,8296.86,8296.86,7682.28,7374.99,https://static.ctonline.mx/imagenes/DDUWSD2790/DDUWSD2790_400.jpg,assets/img/catalog/DDUWSD2790.jpg
DDUWSD2880,"SSD SANDISK GREEN 250GB WDS250G5G0A 2.5"" SATA, Formato: 2.5"", Rendimiento de lectura secuencial: 545MB/s, Temperatura de funcionamiento: 0°C to 70°C, Compatibilidad: Ordenadores de sobremesa, Ordenadores portátiles    Modelo: WDS250G5G0A","SSD SANDISK GREEN 250GB WDS250G5G0A 2.5"" SATA, Formato: 2.5"", Rendimiento de lectura secuencial: 545MB/s, Temperatura de funcionamiento: 0°C to 70°C, Compatibilidad: Ordenadores de sobremesa, Ordenadores portátiles    Modelo: WDS250G5G0A. Clave Oficial CT: DDUWSD2880. Marca: CT.",COMPONENTES DE ENSAMBLE,discos_duros,CT,42.05,819.89,1311.82,1311.82,1106.85,1106.85,1024.86,983.86,https://static.ctonline.mx/imagenes/DDUWSD2880/DDUWSD2880_400.jpg,assets/img/catalog/DDUWSD2880.jpg
DDUWSD2710,"SSD SANDISK SDSSDA-2T00-G26 2TB, Formato: 2.5, Rendimiento de lectura secuencial: 545MB/s, Rendimiento de escritura secuencial: 450MB/s, Temperatura de funcionamiento: 0°C to 70°C, Certificaciones: BSMI, ICES-003/NMB-003, CE, FCC, KC, Maghreb, RCM, UKCA, VCCI, CB-Scheme, TUV, UL,  Modelo: SDSSDA-2T00-G26","SSD SANDISK SDSSDA-2T00-G26 2TB, Formato: 2.5, Rendimiento de lectura secuencial: 545MB/s, Rendimiento de escritura secuencial: 450MB/s, Temperatura de funcionamiento: 0°C to 70°C, Certificaciones: BSMI, ICES-003/NMB-003, CE, FCC, KC, Maghreb, RCM, UKCA, VCCI, CB-Scheme, TUV, UL,  Modelo: SDSSDA-2T00-G26. Clave Oficial CT: DDUWSD2710. Marca: CT.",COMPONENTES DE ENSAMBLE,discos_duros,CT,96.6,1883.74,3013.99,3013.99,2543.05,2543.05,2354.68,2260.49,https://static.ctonline.mx/imagenes/DDUWSD2710/DDUWSD2710_400.jpg,assets/img/catalog/DDUWSD2710.jpg
DDUSGT1910,Disco Duro SEAGATE modelo EXOS ST18000NM000J 18TB 7200RPM SATA-III,Disco Duro SEAGATE modelo EXOS ST18000NM000J 18TB 7200RPM SATA-III. Clave Oficial CT: DDUSGT1910. Marca: CT.,COMPONENTES DE ENSAMBLE,discos_duros,CT,738.64,14403.41,23045.45,23045.45,19444.6,19444.6,18004.26,17284.09,https://static.ctonline.mx/imagenes/DDUSGT1910/DDUSGT1910_400.jpg,assets/img/catalog/DDUSGT1910.jpg
DDUSAT220,"Disco duro NEW PULL 320G Interno, 3.5"", Velocidad de rotación: 7,200 rpm","Disco duro NEW PULL 320G Interno, 3.5"", Velocidad de rotación: 7,200 rpm. Clave Oficial CT: DDUSAT220. Marca: CT.",COMPONENTES DE ENSAMBLE,discos_duros,CT,8.33,162.5,260.0,260.0,219.38,219.38,203.12,195.0,https://static.ctonline.mx/imagenes/DDUSAT220/DDUSAT220_400.jpg,assets/img/catalog/DDUSAT220.jpg
DDUSAT580,"Disco Duro ""New Pull"" de 3TB.","Disco Duro ""New Pull"" de 3TB.. Clave Oficial CT: DDUSAT580. Marca: CT.",COMPONENTES DE ENSAMBLE,discos_duros,CT,36.11,704.17,1126.67,1126.67,950.62,950.62,880.21,845.0,https://static.ctonline.mx/imagenes/DDUSAT580/DDUSAT580_400.jpg,assets/img/catalog/DDUSAT580.jpg
DDUSAT1090,"Disco Duro ""New Pull"" de 4 TB HUS724040ALE640 3.5"" SATA 7200","Disco Duro ""New Pull"" de 4 TB HUS724040ALE640 3.5"" SATA 7200. Clave Oficial CT: DDUSAT1090. Marca: CT.",COMPONENTES DE ENSAMBLE,discos_duros,CT,36.11,704.17,1126.67,1126.67,950.62,950.62,880.21,845.0,https://static.ctonline.mx/imagenes/DDUSAT1090/DDUSAT1090_400.jpg,assets/img/catalog/DDUSAT1090.jpg
DDUSGT1960,"Disco Duro Interno  Seagate 1TB  Barracuda 3.5""  ST1000DM014","Disco Duro Interno  Seagate 1TB  Barracuda 3.5""  ST1000DM014. Clave Oficial CT: DDUSGT1960. Marca: CT.",COMPONENTES DE ENSAMBLE,discos_duros,CT,51.03,995.15,1592.24,1592.24,1343.45,1343.45,1243.94,1194.18,https://static.ctonline.mx/imagenes/DDUSGT1960/DDUSGT1960_400.jpg,assets/img/catalog/DDUSGT1960.jpg
DDUSAT1360,"Disco duro SATA 8TB NEW PULL, 3.5 Pulgadas","Disco duro SATA 8TB NEW PULL, 3.5 Pulgadas. Clave Oficial CT: DDUSAT1360. Marca: CT.",COMPONENTES DE ENSAMBLE,discos_duros,CT,66.67,1300.0,2080.0,2080.0,1755.0,1755.0,1625.0,1560.0,https://static.ctonline.mx/imagenes/DDUSAT1360/DDUSAT1360_400.jpg,assets/img/catalog/DDUSAT1360.jpg
DDUSAT1350,"Disco Duro NEW PULL 6TB Interno, 3.5"", Velocidad de rotación: 7,200 rpm","Disco Duro NEW PULL 6TB Interno, 3.5"", Velocidad de rotación: 7,200 rpm. Clave Oficial CT: DDUSAT1350. Marca: CT.",COMPONENTES DE ENSAMBLE,discos_duros,CT,75.0,1462.5,2340.0,2340.0,1974.38,1974.38,1828.12,1755.0,https://static.ctonline.mx/imagenes/DDUSAT1350/DDUSAT1350_400.jpg,assets/img/catalog/DDUSAT1350.jpg
DDUSGT1450,"Disco Duro Interno Seagate 2TB ST2000LM015, 2.5"" Barracuda/Laptop, SATA III, , 5400rpm","Disco Duro Interno Seagate 2TB ST2000LM015, 2.5"" Barracuda/Laptop, SATA III, , 5400rpm. Clave Oficial CT: DDUSGT1450. Marca: CT.",COMPONENTES DE ENSAMBLE,discos_duros,CT,88.33,1722.5,2756.0,2756.0,2325.38,2325.38,2153.12,2067.0,https://static.ctonline.mx/imagenes/DDUSGT1450/DDUSGT1450_400.jpg,assets/img/catalog/DDUSGT1450.jpg
DDUSAT1380,"Disco duro SATA II 12TB 7200 RPM NEW PULL, 3.5 Pulgadas","Disco duro SATA II 12TB 7200 RPM NEW PULL, 3.5 Pulgadas. Clave Oficial CT: DDUSAT1380. Marca: CT.",COMPONENTES DE ENSAMBLE,discos_duros,CT,155.56,3033.33,4853.33,4853.33,4095.0,4095.0,3791.67,3640.0,https://static.ctonline.mx/imagenes/DDUSAT1380/DDUSAT1380_400.jpg,assets/img/catalog/DDUSAT1380.jpg
DDUSGT1550,"Disco Duro Interno SEAGATE Barracuda 8TB 3.5"" SATA lll, 6 Gbit/s, 5400RPM, 256MB. ST8000DM004","Disco Duro Interno SEAGATE Barracuda 8TB 3.5"" SATA lll, 6 Gbit/s, 5400RPM, 256MB. ST8000DM004. Clave Oficial CT: DDUSGT1550. Marca: CT.",COMPONENTES DE ENSAMBLE,discos_duros,CT,332.22,6478.33,10365.33,10365.33,8745.75,8745.75,8097.92,7774.0,https://static.ctonline.mx/imagenes/DDUSGT1550/DDUSGT1550_400.jpg,assets/img/catalog/DDUSGT1550.jpg
DDUSGT1290,"Disco Duro Seagate 2TB ST2000DM008 3.5"" 7200 RPM","Disco Duro Seagate 2TB ST2000DM008 3.5"" 7200 RPM. Clave Oficial CT: DDUSGT1290. Marca: CT.",COMPONENTES DE ENSAMBLE,discos_duros,CT,68.39,1333.58,2133.73,2133.73,1800.34,1800.34,1666.98,1600.3,https://static.ctonline.mx/imagenes/DDUSGT1290/DDUSGT1290_400.jpg,assets/img/catalog/DDUSGT1290.jpg
DDUWSD1420,"Disco Duro Western Digital ULTRASTAR 0B36404 8TB 3.5, Factor de forma: 3.5, Interfaz: SATA, Velocidad de transferencia: Hasta 285MB/s, RPM: 7200 RPM, Tecnología de grabación: CMR, Cache Size: 256MB, Temp. Operativa: 5°C to 60°C, Certificaciones: BSMI, ICES-003/NMB-003, CE, FCC, KC, Maghreb, RCM, UKCA, VCCI, CB-Scheme, TUV, UL    Modelo: 0B36404","Disco Duro Western Digital ULTRASTAR 0B36404 8TB 3.5, Factor de forma: 3.5, Interfaz: SATA, Velocidad de transferencia: Hasta 285MB/s, RPM: 7200 RPM, Tecnología de grabación: CMR, Cache Size: 256MB, Temp. Operativa: 5°C to 60°C, Certificaciones: BSMI, ICES-003/NMB-003, CE, FCC, KC, Maghreb, RCM, UKCA, VCCI, CB-Scheme, TUV, UL    Modelo: 0B36404. Clave Oficial CT: DDUWSD1420. Marca: CT.",COMPONENTES DE ENSAMBLE,discos_duros,CT,230.09,4486.73,7178.77,7178.77,6057.09,6057.09,5608.42,5384.08,https://static.ctonline.mx/imagenes/DDUWSD1420/DDUWSD1420_400.jpg,assets/img/catalog/DDUWSD1420.jpg
DDUWSD3130,"Disco Duro Western Digital RED PRO WD6003FFBX 6TB 3.5, Factor de forma: 3.5, Interfaz: SATA, Velocidad de transferencia: Hasta 750MB/s, RPM: 7200 RPM, Tecnología de grabación: CMR, Cache Size: 256MB,  Modelo: WD6003FFBX","Disco Duro Western Digital RED PRO WD6003FFBX 6TB 3.5, Factor de forma: 3.5, Interfaz: SATA, Velocidad de transferencia: Hasta 750MB/s, RPM: 7200 RPM, Tecnología de grabación: CMR, Cache Size: 256MB,  Modelo: WD6003FFBX. Clave Oficial CT: DDUWSD3130. Marca: CT.",COMPONENTES DE ENSAMBLE,discos_duros,CT,235.44,4591.17,7345.87,7345.87,6198.08,6198.08,5738.96,5509.4,https://static.ctonline.mx/imagenes/DDUWSD3130/DDUWSD3130_400.jpg,assets/img/catalog/DDUWSD3130.jpg
DDUWSD3140,"Disco Duro Western Digital GOLD WD6003FRYZ 6TB 3.5, Factor de forma: 3.5, Interfaz: SATA, Velocidad de transferencia: hasta 255MB/s, RPM: 7200 RPM, Cache Size: 256MB, Temperatura de funcionamiento: 5°C to 60°C, Certificaciones: BSMI, ICES-003/NMB-003, CE, FCC, KC, Maghreb, RCM, UKCA, VCCI, CB-Scheme, TUV, UL: Compatibilidad: Compatible con Windows, Windows Server y Linux     Modelo: WD6003FRYZ","Disco Duro Western Digital GOLD WD6003FRYZ 6TB 3.5, Factor de forma: 3.5, Interfaz: SATA, Velocidad de transferencia: hasta 255MB/s, RPM: 7200 RPM, Cache Size: 256MB, Temperatura de funcionamiento: 5°C to 60°C, Certificaciones: BSMI, ICES-003/NMB-003, CE, FCC, KC, Maghreb, RCM, UKCA, VCCI, CB-Scheme, TUV, UL: Compatibilidad: Compatible con Windows, Windows Server y Linux     Modelo: WD6003FRYZ. Clave Oficial CT: DDUWSD3140. Marca: CT.",COMPONENTES DE ENSAMBLE,discos_duros,CT,197.99,3860.78,6177.25,6177.25,5212.06,5212.06,4825.98,4632.94,https://static.ctonline.mx/imagenes/DDUWSD3140/DDUWSD3140_400.jpg,assets/img/catalog/DDUWSD3140.jpg
DDUWSD2230,"Disco Duro Western Digital RED PRO WD121KFBX 12TB 3.5, Factor de forma: 3.5, Interfaz: SATA, Velocidad de transferencia: hasta 240MB/s, RPM: 7200 RPM, Tecnología de grabación: CMR, Cache Size: 256MB, Temperatura de funcionamiento: 0°C to 65°C, Certificaciones: BSMI, ICES-003/NMB-003, CE, FCC, KC, Maghreb, RCM, UKCA, VCCI, CB-Scheme, TUV, UL:      Modelo: WD121KFBX","Disco Duro Western Digital RED PRO WD121KFBX 12TB 3.5, Factor de forma: 3.5, Interfaz: SATA, Velocidad de transferencia: hasta 240MB/s, RPM: 7200 RPM, Tecnología de grabación: CMR, Cache Size: 256MB, Temperatura de funcionamiento: 0°C to 65°C, Certificaciones: BSMI, ICES-003/NMB-003, CE, FCC, KC, Maghreb, RCM, UKCA, VCCI, CB-Scheme, TUV, UL:      Modelo: WD121KFBX. Clave Oficial CT: DDUWSD2230. Marca: CT.",COMPONENTES DE ENSAMBLE,discos_duros,CT,334.97,6531.85,10450.96,10450.96,8818.0,8818.0,8164.81,7838.22,https://static.ctonline.mx/imagenes/DDUWSD2230/DDUWSD2230_400.jpg,assets/img/catalog/DDUWSD2230.jpg
DDUWSD2680,"Disco Duro Western Digital Gold WD103KRYZ 10TB, Factor de forma: 3.5 pulgadas, Conector: SATA, Interfaz: SATA,  Tasa de transferencia: hasta 267 MB/s, Velocidad del disco (RPM): 7200 RPM, Tecnología de grabación: CMR, Tamaño de caché: 512 MB, Temperatura de funcionamiento5°C a 60°C, Compatibilidad: Ventanas®, Servidor Windows®, Linux®, macOS®.    Modelo: WD103KRYZ","Disco Duro Western Digital Gold WD103KRYZ 10TB, Factor de forma: 3.5 pulgadas, Conector: SATA, Interfaz: SATA,  Tasa de transferencia: hasta 267 MB/s, Velocidad del disco (RPM): 7200 RPM, Tecnología de grabación: CMR, Tamaño de caché: 512 MB, Temperatura de funcionamiento5°C a 60°C, Compatibilidad: Ventanas®, Servidor Windows®, Linux®, macOS®.    Modelo: WD103KRYZ. Clave Oficial CT: DDUWSD2680. Marca: CT.",COMPONENTES DE ENSAMBLE,discos_duros,CT,282.83,5515.25,8824.4,8824.4,7445.59,7445.59,6894.06,6618.3,https://static.ctonline.mx/imagenes/DDUWSD2680/DDUWSD2680_400.jpg,assets/img/catalog/DDUWSD2680.jpg
DDUWSD2510,"Disco Duro Western Digital RED PRO WD221KFGX 22TB, Formato: 3.5"", Conector: SATA, Velocidad de transferencia: hasta 265MB/s, Interfaz: SATA, 7200 RPM, Recording Technology: CMR, Cache 512MB, Temp. Operativa: 0°C to 65°C, Certificaciones: BSMI, ICES-003/NMB-003, CE, FCC, KC, Maghreb, RCM, UKCA, VCCI, CB-Scheme, TUV, UL,  Modelo: WD221KFGX","Disco Duro Western Digital RED PRO WD221KFGX 22TB, Formato: 3.5"", Conector: SATA, Velocidad de transferencia: hasta 265MB/s, Interfaz: SATA, 7200 RPM, Recording Technology: CMR, Cache 512MB, Temp. Operativa: 0°C to 65°C, Certificaciones: BSMI, ICES-003/NMB-003, CE, FCC, KC, Maghreb, RCM, UKCA, VCCI, CB-Scheme, TUV, UL,  Modelo: WD221KFGX. Clave Oficial CT: DDUWSD2510. Marca: CT.",COMPONENTES DE ENSAMBLE,discos_duros,CT,519.49,10130.12,16208.19,16208.19,13675.66,13675.66,12662.65,12156.14,https://static.ctonline.mx/imagenes/DDUWSD2510/DDUWSD2510_400.jpg,assets/img/catalog/DDUWSD2510.jpg
DDUWSD2520,"Disco Duro Western Digital RED PRO WD240KFGX 24TB, Formato: 3.5"", Conector: SATA, Velocidad de transferencia: hasta 287MB/s, Interfaz: SATA, 7200 RPM, Recording Technology: CMR, Cache 512MB, Temp. Operativa: 0°C a 65°C, Certificaciones: BSMI, ICES-003/NMB-003, CE, FCC, KC, Maghreb, RCM, UKCA, VCCI, CB-Scheme, TUV, UL,   Modelo: WD240KFGX","Disco Duro Western Digital RED PRO WD240KFGX 24TB, Formato: 3.5"", Conector: SATA, Velocidad de transferencia: hasta 287MB/s, Interfaz: SATA, 7200 RPM, Recording Technology: CMR, Cache 512MB, Temp. Operativa: 0°C a 65°C, Certificaciones: BSMI, ICES-003/NMB-003, CE, FCC, KC, Maghreb, RCM, UKCA, VCCI, CB-Scheme, TUV, UL,   Modelo: WD240KFGX. Clave Oficial CT: DDUWSD2520. Marca: CT.",COMPONENTES DE ENSAMBLE,discos_duros,CT,602.57,11750.1,18800.16,18800.16,15862.64,15862.64,14687.63,14100.12,https://static.ctonline.mx/imagenes/DDUWSD2520/DDUWSD2520_400.jpg,assets/img/catalog/DDUWSD2520.jpg
DDUWSD2640,"Disco Duro Western Digital RED PLUS NAS WD100EFGX 10TB, Factor de forma: 3.5, Conector: SATA, Interfaz: SATA, Velocidad de transferencia: Hasta 260MB/s, RPM: 7200 RPM, Tecnología de Grabación: CMR, Cache Size: 512MB, Resistencia (TBW): 180TB/Year, Temp. operativa: 0°C to 65°C, Certificaciones: BSMI, ICES-003/NMB-003, CE, FCC, KC, Maghreb, RCM, UKCA, VCCI, CB-Scheme, TUV, UL, Compatibilidad: Sistemas NAS optimizados para RAID con hasta 8 ranuras     Modelo: WD100EFGX","Disco Duro Western Digital RED PLUS NAS WD100EFGX 10TB, Factor de forma: 3.5, Conector: SATA, Interfaz: SATA, Velocidad de transferencia: Hasta 260MB/s, RPM: 7200 RPM, Tecnología de Grabación: CMR, Cache Size: 512MB, Resistencia (TBW): 180TB/Year, Temp. operativa: 0°C to 65°C, Certificaciones: BSMI, ICES-003/NMB-003, CE, FCC, KC, Maghreb, RCM, UKCA, VCCI, CB-Scheme, TUV, UL, Compatibilidad: Sistemas NAS optimizados para RAID con hasta 8 ranuras     Modelo: WD100EFGX. Clave Oficial CT: DDUWSD2640. Marca: CT.",COMPONENTES DE ENSAMBLE,discos_duros,CT,272.89,5321.33,8514.13,8514.13,7183.8,7183.8,6651.67,6385.6,https://static.ctonline.mx/imagenes/DDUWSD2640/DDUWSD2640_400.jpg,assets/img/catalog/DDUWSD2640.jpg
DDUWSD2660,"Disco Duro Western Digital RED PLUS NAS WD120EFGX 12TB, Factor de forma: 3.5, Conector: SATA, Interfaz: SATA, Velocidad de transferencia: Hasta 260MB/s, RPM: 7200 RPM, Tecnología de Grabación: CMR, Cache Size: 512MB, Resistencia (TBW): 180TB/Year, Temp. operativa: 0°C to 65°C, Certificaciones: BSMI, ICES-003/NMB-003, CE, FCC, KC, Maghreb, RCM, UKCA, VCCI, CB-Scheme, TUV, UL, Compatibilidad: Sistemas NAS optimizados para RAID con hasta 8 ranuras     Modelo: WD120EFGX","Disco Duro Western Digital RED PLUS NAS WD120EFGX 12TB, Factor de forma: 3.5, Conector: SATA, Interfaz: SATA, Velocidad de transferencia: Hasta 260MB/s, RPM: 7200 RPM, Tecnología de Grabación: CMR, Cache Size: 512MB, Resistencia (TBW): 180TB/Year, Temp. operativa: 0°C to 65°C, Certificaciones: BSMI, ICES-003/NMB-003, CE, FCC, KC, Maghreb, RCM, UKCA, VCCI, CB-Scheme, TUV, UL, Compatibilidad: Sistemas NAS optimizados para RAID con hasta 8 ranuras     Modelo: WD120EFGX. Clave Oficial CT: DDUWSD2660. Marca: CT.",COMPONENTES DE ENSAMBLE,discos_duros,CT,273.96,5342.13,8547.41,8547.41,7211.88,7211.88,6677.67,6410.56,https://static.ctonline.mx/imagenes/DDUWSD2660/DDUWSD2660_400.jpg,assets/img/catalog/DDUWSD2660.jpg
DDUWSD2650,"Disco Duro Western Digital RED PRO NAS WD122KFBX 12TB, Factor de forma: 3.5, Conector: SATA, Interfaz: SATA, Velocidad de transferencia: Hasta 267MB/s, RPM: 7200 RPM, Tecnología de Grabación: CMR, Cache Size: 512MB, Temp. operativa: 0°C to 65°C, Certificaciones: BSMI, ICES-003/NMB-003, CE, FCC, KC, Maghreb, RCM, UKCA, VCCI, CB-Scheme, TUV, UL, Compatibilidad: Para sistemas NAS optimizados para RAID con un número ilimitado de ranuras     Modelo: WD122KFBX","Disco Duro Western Digital RED PRO NAS WD122KFBX 12TB, Factor de forma: 3.5, Conector: SATA, Interfaz: SATA, Velocidad de transferencia: Hasta 267MB/s, RPM: 7200 RPM, Tecnología de Grabación: CMR, Cache Size: 512MB, Temp. operativa: 0°C to 65°C, Certificaciones: BSMI, ICES-003/NMB-003, CE, FCC, KC, Maghreb, RCM, UKCA, VCCI, CB-Scheme, TUV, UL, Compatibilidad: Para sistemas NAS optimizados para RAID con un número ilimitado de ranuras     Modelo: WD122KFBX. Clave Oficial CT: DDUWSD2650. Marca: CT.",COMPONENTES DE ENSAMBLE,discos_duros,CT,322.81,6294.75,10071.6,10071.6,8497.91,8497.91,7868.43,7553.7,https://static.ctonline.mx/imagenes/DDUWSD2650/DDUWSD2650_400.jpg,assets/img/catalog/DDUWSD2650.jpg
DDUWSD2620,"Disco Duro Western Digital RED PRO WD202KFGX 20TB 3.5 NAS, Factor de forma: 3.5, Interfaz: SATA, Velocidad de transferencia: Hasta 285MB/s, RPM: 7200 RPM, Tecnología de grabación: CMR, Cache Size: 512MB, Temp. Operativa: 0°C to 65°C, Certificaciones: BSMI, ICES-003/NMB-003, CE, FCC, KC, Maghreb, RCM, UKCA, VCCI, CB-Scheme, TUV, UL,    Modelo: WD202KFGX","Disco Duro Western Digital RED PRO WD202KFGX 20TB 3.5 NAS, Factor de forma: 3.5, Interfaz: SATA, Velocidad de transferencia: Hasta 285MB/s, RPM: 7200 RPM, Tecnología de grabación: CMR, Cache Size: 512MB, Temp. Operativa: 0°C to 65°C, Certificaciones: BSMI, ICES-003/NMB-003, CE, FCC, KC, Maghreb, RCM, UKCA, VCCI, CB-Scheme, TUV, UL,    Modelo: WD202KFGX. Clave Oficial CT: DDUWSD2620. Marca: CT.",COMPONENTES DE ENSAMBLE,discos_duros,CT,418.11,8153.17,13045.07,13045.07,11006.77,11006.77,10191.46,9783.8,https://static.ctonline.mx/imagenes/DDUWSD2620/DDUWSD2620_400.jpg,assets/img/catalog/DDUWSD2620.jpg
DDUWSD2160,Disco Duro WD PURPLE Modelo WD11PURZ de 1TB.,Disco Duro WD PURPLE Modelo WD11PURZ de 1TB.. Clave Oficial CT: DDUWSD2160. Marca: CT.,COMPONENTES DE ENSAMBLE,discos_duros,CT,119.44,2329.17,3726.67,3726.67,3144.38,3144.38,2911.46,2795.0,https://static.ctonline.mx/imagenes/DDUWSD2160/DDUWSD2160_400.jpg,assets/img/catalog/DDUWSD2160.jpg
DDUSAT960,Disco Duro WD PURPLE Modelo WD10PURZ de 1TB.,Disco Duro WD PURPLE Modelo WD10PURZ de 1TB.. Clave Oficial CT: DDUSAT960. Marca: CT.,COMPONENTES DE ENSAMBLE,discos_duros,CT,121.11,2361.67,3778.67,3778.67,3188.25,3188.25,2952.08,2834.0,https://static.ctonline.mx/imagenes/DDUSAT960/DDUSAT960_400.jpg,assets/img/catalog/DDUSAT960.jpg
DDUWSD2090,Disco Duro WD PURPLE Modelo WD23PURZ de 2TB.,Disco Duro WD PURPLE Modelo WD23PURZ de 2TB.. Clave Oficial CT: DDUWSD2090. Marca: CT.,COMPONENTES DE ENSAMBLE,discos_duros,CT,97.53,1901.9,3043.04,3043.04,2567.57,2567.57,2377.38,2282.28,https://static.ctonline.mx/imagenes/DDUWSD2090/DDUWSD2090_400.jpg,assets/img/catalog/DDUWSD2090.jpg
DDUWSD2410,"Disco Duro Western Digital RED WD20EFPX 2TB, Formato: 3.5"", Conector: SATA, Velocidad de transferencia: hasta 175MB/s, Interfaz: SATA, 5400 RPM, Recording Technology: CMR, Cache 512MB, Temp. Operativa: 0°C to 65°C, Certificaciones: BSMI, ICES-003/NMB-003, CE, FCC, KC, Maghreb, RCM, UKCA, VCCI, CB-Scheme, TUV, UL,   Modelo: WD20EFPX","Disco Duro Western Digital RED WD20EFPX 2TB, Formato: 3.5"", Conector: SATA, Velocidad de transferencia: hasta 175MB/s, Interfaz: SATA, 5400 RPM, Recording Technology: CMR, Cache 512MB, Temp. Operativa: 0°C to 65°C, Certificaciones: BSMI, ICES-003/NMB-003, CE, FCC, KC, Maghreb, RCM, UKCA, VCCI, CB-Scheme, TUV, UL,   Modelo: WD20EFPX. Clave Oficial CT: DDUWSD2410. Marca: CT.",COMPONENTES DE ENSAMBLE,discos_duros,CT,164.06,3199.08,5118.53,5118.53,4318.76,4318.76,3998.85,3838.9,https://static.ctonline.mx/imagenes/DDUWSD2410/DDUWSD2410_400.jpg,assets/img/catalog/DDUWSD2410.jpg
DDUWSD2100,"Disco Duro Western Digital PURPLE WD33PURZ 3TB, Formato: 3.5"", Conector: SATA, Velocidad de transferencia: hasta 175MB/s, Interfaz: SATA, Recording Technology: CMR, Cache 256MB, Temp. Operativa: 0°C a 65°C, Certificaciones: BSMI, ICES-003/NMB-003, CE, FCC, KC, Maghreb, RCM, UKCA, VCCI, CB-Scheme, TUV, UL,   Modelo: WD33PURZ","Disco Duro Western Digital PURPLE WD33PURZ 3TB, Formato: 3.5"", Conector: SATA, Velocidad de transferencia: hasta 175MB/s, Interfaz: SATA, Recording Technology: CMR, Cache 256MB, Temp. Operativa: 0°C a 65°C, Certificaciones: BSMI, ICES-003/NMB-003, CE, FCC, KC, Maghreb, RCM, UKCA, VCCI, CB-Scheme, TUV, UL,   Modelo: WD33PURZ. Clave Oficial CT: DDUWSD2100. Marca: CT.",COMPONENTES DE ENSAMBLE,discos_duros,CT,117.93,2299.7,3679.52,3679.52,3104.6,3104.6,2874.63,2759.64,https://static.ctonline.mx/imagenes/DDUWSD2100/DDUWSD2100_400.jpg,assets/img/catalog/DDUWSD2100.jpg
DDUWSD3020,"Disco Duro Western Digital Purple WD44PURZ 4TB, Factor de forma: 3.5, Conector: SATA, Interfaz: SATA, Velocidad de transferencia: Hasta 175MB/s, Tecnología de grabación: CMR, Tamaño de caché: 256MB, Temp. Operativa: 0°C to 65°C, Certificaciones: BSMI, ICES-003/NMB-003, CE, FCC, KC, Maghreb, RCM, UKCA, VCCI, CB-Scheme, TUV, UL, Compatibilidad: Conecte hasta 64 cámaras por disco para los sistemas de seguridad con videovigilancia gracias a sus más de ocho ranuras.   Modelo: WD44PURZ","Disco Duro Western Digital Purple WD44PURZ 4TB, Factor de forma: 3.5, Conector: SATA, Interfaz: SATA, Velocidad de transferencia: Hasta 175MB/s, Tecnología de grabación: CMR, Tamaño de caché: 256MB, Temp. Operativa: 0°C to 65°C, Certificaciones: BSMI, ICES-003/NMB-003, CE, FCC, KC, Maghreb, RCM, UKCA, VCCI, CB-Scheme, TUV, UL, Compatibilidad: Conecte hasta 64 cámaras por disco para los sistemas de seguridad con videovigilancia gracias a sus más de ocho ranuras.   Modelo: WD44PURZ. Clave Oficial CT: DDUWSD3020. Marca: CT.",COMPONENTES DE ENSAMBLE,discos_duros,CT,189.0,3685.5,5896.8,5896.8,4975.43,4975.43,4606.88,4422.6,https://static.ctonline.mx/imagenes/DDUWSD3020/DDUWSD3020_400.jpg,assets/img/catalog/DDUWSD3020.jpg
DDUWSD2110,Disco Duro WD PURPLE Modelo WD43PURZ de 4TB.,Disco Duro WD PURPLE Modelo WD43PURZ de 4TB.. Clave Oficial CT: DDUWSD2110. Marca: CT.,COMPONENTES DE ENSAMBLE,discos_duros,CT,175.56,3423.33,5477.33,5477.33,4621.5,4621.5,4279.17,4108.0,https://static.ctonline.mx/imagenes/DDUWSD2110/DDUWSD2110_400.jpg,assets/img/catalog/DDUWSD2110.jpg
DDUWSD410,"Disco Duro Western Digital BLACK WD2003FZEX 2TB, Formato: 3.5"", Conector: SATA, Velocidad de transferencia: hasta 164MB/s, Interfaz: SATA, 7200 RPM, Recording Technology: CMR, Cache 64MB, Temp. Operativa: 5°C a 55°C, Compatibilidad: PC, Certificaciones: BSMI, ICES-003/NMB-003, CE, FCC, KC, Maghreb, RCM, UKCA, VCCI, CB-Scheme, TUV, UL,  Modelo: WD2003FZEX","Disco Duro Western Digital BLACK WD2003FZEX 2TB, Formato: 3.5"", Conector: SATA, Velocidad de transferencia: hasta 164MB/s, Interfaz: SATA, 7200 RPM, Recording Technology: CMR, Cache 64MB, Temp. Operativa: 5°C a 55°C, Compatibilidad: PC, Certificaciones: BSMI, ICES-003/NMB-003, CE, FCC, KC, Maghreb, RCM, UKCA, VCCI, CB-Scheme, TUV, UL,  Modelo: WD2003FZEX. Clave Oficial CT: DDUWSD410. Marca: CT.",COMPONENTES DE ENSAMBLE,discos_duros,CT,111.11,2166.67,3466.67,3466.67,2925.0,2925.0,2708.33,2600.0,https://static.ctonline.mx/imagenes/DDUWSD410/DDUWSD410_400.jpg,assets/img/catalog/DDUWSD410.jpg
DDUWSD2370,"Disco Duro Western Digital BLUE WD60EZAX 6TB, Formato: 3.5"", Conector: SATA, Velocidad de transferencia: hasta 185MB/s, Interfaz: SATA, 5400 RPM, Recording Technology: CMR, Cache 256MB, Temp. Operativa: 0°C a 65°C, Certificaciones: BSMI, ICES-003/NMB-003, CE, FCC, KC, Maghreb, RCM, UKCA, VCCI, CB-Scheme, TUV, UL, Compatibilidad: Windows® 10, Windows 8.1, Windows 7,    Modelo: WD60EZAX","Disco Duro Western Digital BLUE WD60EZAX 6TB, Formato: 3.5"", Conector: SATA, Velocidad de transferencia: hasta 185MB/s, Interfaz: SATA, 5400 RPM, Recording Technology: CMR, Cache 256MB, Temp. Operativa: 0°C a 65°C, Certificaciones: BSMI, ICES-003/NMB-003, CE, FCC, KC, Maghreb, RCM, UKCA, VCCI, CB-Scheme, TUV, UL, Compatibilidad: Windows® 10, Windows 8.1, Windows 7,    Modelo: WD60EZAX. Clave Oficial CT: DDUWSD2370. Marca: CT.",COMPONENTES DE ENSAMBLE,discos_duros,CT,149.74,2920.02,4672.03,4672.03,3942.02,3942.02,3650.02,3504.02,https://static.ctonline.mx/imagenes/DDUWSD2370/DDUWSD2370_400.jpg,assets/img/catalog/DDUWSD2370.jpg
DDUWSD2120,Disco Duro WD PURPLE Modelo WD64PURZ de 6TB.,Disco Duro WD PURPLE Modelo WD64PURZ de 6TB.. Clave Oficial CT: DDUWSD2120. Marca: CT.,COMPONENTES DE ENSAMBLE,discos_duros,CT,273.89,5340.83,8545.33,8545.33,7210.12,7210.12,6676.04,6409.0,https://static.ctonline.mx/imagenes/DDUWSD2120/DDUWSD2120_400.jpg,assets/img/catalog/DDUWSD2120.jpg
DDUWSD2420,"Disco Duro Western Digital RED WD4005FFBX 4TB, Formato: 3.5"", Conector: SATA, Velocidad de transferencia: hasta 217MB/s, Interfaz: SATA, 7200 RPM, Recording Technology: CMR, Cache 256MB, Temp. Operativa: 0°C to 65°C, Certificaciones: BSMI, ICES-003/NMB-003, CE, FCC, KC, Maghreb, RCM, UKCA, VCCI, CB-Scheme, TUV, UL,   Modelo: WD4005FFBX","Disco Duro Western Digital RED WD4005FFBX 4TB, Formato: 3.5"", Conector: SATA, Velocidad de transferencia: hasta 217MB/s, Interfaz: SATA, 7200 RPM, Recording Technology: CMR, Cache 256MB, Temp. Operativa: 0°C to 65°C, Certificaciones: BSMI, ICES-003/NMB-003, CE, FCC, KC, Maghreb, RCM, UKCA, VCCI, CB-Scheme, TUV, UL,   Modelo: WD4005FFBX. Clave Oficial CT: DDUWSD2420. Marca: CT.",COMPONENTES DE ENSAMBLE,discos_duros,CT,164.78,3213.17,5141.07,5141.07,4337.78,4337.78,4016.46,3855.8,https://static.ctonline.mx/imagenes/DDUWSD2420/DDUWSD2420_400.jpg,assets/img/catalog/DDUWSD2420.jpg
DDUWSD2340,"Disco Duro Western Digital PURPLE WD85PURZ 8TB, SATA, 5640 RPM, Velocidad de transferencia: 215MB/s,  caché de 256MB, 3.5″, Modelo: WD85PURZ","Disco Duro Western Digital PURPLE WD85PURZ 8TB, SATA, 5640 RPM, Velocidad de transferencia: 215MB/s,  caché de 256MB, 3.5″, Modelo: WD85PURZ. Clave Oficial CT: DDUWSD2340. Marca: CT.",COMPONENTES DE ENSAMBLE,discos_duros,CT,236.67,4615.0,7384.0,7384.0,6230.25,6230.25,5768.75,5538.0,https://static.ctonline.mx/imagenes/DDUWSD2340/DDUWSD2340_400.jpg,assets/img/catalog/DDUWSD2340.jpg
DDUWSD2430,"Disco Duro Western Digital RED WD6005FFBX 6TB, Formato: 3.5"", Conector: SATA, Velocidad de transferencia: hasta 238MB/s, Interfaz: SATA, 7200 RPM, Recording Technology: CMR, Cache 256MB, Temp. Operativa: 0°C to 65°C, Certificaciones: BSMI, ICES-003/NMB-003, CE, FCC, KC, Maghreb, RCM, UKCA, VCCI, CB-Scheme, TUV, UL,   Modelo: WD6005FFBX","Disco Duro Western Digital RED WD6005FFBX 6TB, Formato: 3.5"", Conector: SATA, Velocidad de transferencia: hasta 238MB/s, Interfaz: SATA, 7200 RPM, Recording Technology: CMR, Cache 256MB, Temp. Operativa: 0°C to 65°C, Certificaciones: BSMI, ICES-003/NMB-003, CE, FCC, KC, Maghreb, RCM, UKCA, VCCI, CB-Scheme, TUV, UL,   Modelo: WD6005FFBX. Clave Oficial CT: DDUWSD2430. Marca: CT.",COMPONENTES DE ENSAMBLE,discos_duros,CT,241.2,4703.4,7525.44,7525.44,6349.59,6349.59,5879.25,5644.08,https://static.ctonline.mx/imagenes/DDUWSD2430/DDUWSD2430_400.jpg,assets/img/catalog/DDUWSD2430.jpg
DDUWSD2440,"Disco Duro Western Digital RED WD8005FFBX 8TB, Formato: 3.5"", Conector: SATA, Velocidad de transferencia: hasta 235MB/s, Interfaz: SATA, 7200 RPM, Recording Technology: CMR, Cache 256MB, Temp. Operativa: 0°C to 65°C, Certificaciones: BSMI, ICES-003/NMB-003, CE, FCC, KC, Maghreb, RCM, UKCA, VCCI, CB-Scheme, TUV, UL,   Modelo: WD8005FFBX","Disco Duro Western Digital RED WD8005FFBX 8TB, Formato: 3.5"", Conector: SATA, Velocidad de transferencia: hasta 235MB/s, Interfaz: SATA, 7200 RPM, Recording Technology: CMR, Cache 256MB, Temp. Operativa: 0°C to 65°C, Certificaciones: BSMI, ICES-003/NMB-003, CE, FCC, KC, Maghreb, RCM, UKCA, VCCI, CB-Scheme, TUV, UL,   Modelo: WD8005FFBX. Clave Oficial CT: DDUWSD2440. Marca: CT.",COMPONENTES DE ENSAMBLE,discos_duros,CT,230.58,4496.27,7194.03,7194.03,6069.96,6069.96,5620.33,5395.52,https://static.ctonline.mx/imagenes/DDUWSD2440/DDUWSD2440_400.jpg,assets/img/catalog/DDUWSD2440.jpg
DDUWSD2870,"Disco Duro Western Digital Purple PRO  WD141PURP 14TB, Factor de forma: 3.5, Capacidad: 14TB, Conexión: SATA, Velocidad de transferencia: hasta 255MB/s, Compatibilidad: Hasta 64 cámaras de transmisión única, Velocidad de rotación de disco duro: 	7200RPM  Modelo: WD141PURP","Disco Duro Western Digital Purple PRO  WD141PURP 14TB, Factor de forma: 3.5, Capacidad: 14TB, Conexión: SATA, Velocidad de transferencia: hasta 255MB/s, Compatibilidad: Hasta 64 cámaras de transmisión única, Velocidad de rotación de disco duro: 	7200RPM  Modelo: WD141PURP. Clave Oficial CT: DDUWSD2870. Marca: CT.",COMPONENTES DE ENSAMBLE,discos_duros,CT,319.66,6233.28,9973.25,9973.25,8414.93,8414.93,7791.6,7479.94,https://static.ctonline.mx/imagenes/DDUWSD2870/DDUWSD2870_400.jpg,assets/img/catalog/DDUWSD2870.jpg
DDUWSD2980,"Disco Duro Western Digital Purple PRO WD260PURP 26TB, Factor de forma: 3.5, Conexión: SATA, Velocidad de transferencia:  hasta 287MB/s, RPM: 7200 RPM, Cache Size: 512MB, Temp. Operativa: 0°C to 65°C, Certificaciones: BSMI, ICES-003/NMB-003, CE, FCC, KC, Maghreb, RCM, UKCA, VCCI, CB-Scheme, TUV, UL, Compatibilidad: Hasta 64 cámaras de transmisión única,  Modelo: WD260PURP","Disco Duro Western Digital Purple PRO WD260PURP 26TB, Factor de forma: 3.5, Conexión: SATA, Velocidad de transferencia:  hasta 287MB/s, RPM: 7200 RPM, Cache Size: 512MB, Temp. Operativa: 0°C to 65°C, Certificaciones: BSMI, ICES-003/NMB-003, CE, FCC, KC, Maghreb, RCM, UKCA, VCCI, CB-Scheme, TUV, UL, Compatibilidad: Hasta 64 cámaras de transmisión única,  Modelo: WD260PURP. Clave Oficial CT: DDUWSD2980. Marca: CT.",COMPONENTES DE ENSAMBLE,discos_duros,CT,581.17,11332.9,18132.64,18132.64,15299.41,15299.41,14166.12,13599.48,https://static.ctonline.mx/imagenes/DDUWSD2980/DDUWSD2980_400.jpg,assets/img/catalog/DDUWSD2980.jpg
DDUWSD2450,"Disco Duro Western Digital RED WD142KFGX 14TB, Formato: 3.5"", Conector: SATA, Velocidad de transferencia: hasta 255MB/s, Interfaz: SATA, 7200 RPM, Recording Technology: CMR, Cache 512MB, Temp. Operativa: 0°C to 65°C, Certificaciones: BSMI, ICES-003/NMB-003, CE, FCC, KC, Maghreb, RCM, UKCA, VCCI, CB-Scheme, TUV, UL,   Modelo: WD142KFGX","Disco Duro Western Digital RED WD142KFGX 14TB, Formato: 3.5"", Conector: SATA, Velocidad de transferencia: hasta 255MB/s, Interfaz: SATA, 7200 RPM, Recording Technology: CMR, Cache 512MB, Temp. Operativa: 0°C to 65°C, Certificaciones: BSMI, ICES-003/NMB-003, CE, FCC, KC, Maghreb, RCM, UKCA, VCCI, CB-Scheme, TUV, UL,   Modelo: WD142KFGX. Clave Oficial CT: DDUWSD2450. Marca: CT.",COMPONENTES DE ENSAMBLE,discos_duros,CT,353.33,6890.0,11024.0,11024.0,9301.5,9301.5,8612.5,8268.0,https://static.ctonline.mx/imagenes/DDUWSD2450/DDUWSD2450_400.jpg,assets/img/catalog/DDUWSD2450.jpg
DDUWSD2390,"Disco Duro Western Digital PURPLE WD142PURP 14TB, Formato: 3.5"", Conector: SATA, Velocidad de transferencia: hasta 255MB/s, Interfaz: SATA, 7200 RPM, Recording Technology: CMR, Cache 512MB, Temp. Operativa: 0°C a 65°C, Certificaciones: BSMI, ICES-003/NMB-003, CE, FCC, KC, Maghreb, RCM, UKCA, VCCI, CB-Scheme, TUV, UL, Modelo: WD142PURP","Disco Duro Western Digital PURPLE WD142PURP 14TB, Formato: 3.5"", Conector: SATA, Velocidad de transferencia: hasta 255MB/s, Interfaz: SATA, 7200 RPM, Recording Technology: CMR, Cache 512MB, Temp. Operativa: 0°C a 65°C, Certificaciones: BSMI, ICES-003/NMB-003, CE, FCC, KC, Maghreb, RCM, UKCA, VCCI, CB-Scheme, TUV, UL, Modelo: WD142PURP. Clave Oficial CT: DDUWSD2390. Marca: CT.",COMPONENTES DE ENSAMBLE,discos_duros,CT,349.38,6812.81,10900.5,10900.5,9197.3,9197.3,8516.02,8175.38,https://static.ctonline.mx/imagenes/DDUWSD2390/DDUWSD2390_400.jpg,assets/img/catalog/DDUWSD2390.jpg
DDUWSD2530,"Disco Duro Western Digital PURPLE PRO WD122PURP 12TB, Formato: 3.5"", Conector: SATA, Velocidad de transferencia: hasta 272MB/s, Interfaz: SATA, 7200 RPM, Recording Technology: CMR, Cache 512MB, Temp. Operativa: 0°C to 65°C, Certificaciones: BSMI, ICES-003/NMB-003, CE, FCC, KC, Maghreb, RCM, UKCA, VCCI, CB-Scheme, TUV, UL,  Modelo: WD122PURP","Disco Duro Western Digital PURPLE PRO WD122PURP 12TB, Formato: 3.5"", Conector: SATA, Velocidad de transferencia: hasta 272MB/s, Interfaz: SATA, 7200 RPM, Recording Technology: CMR, Cache 512MB, Temp. Operativa: 0°C to 65°C, Certificaciones: BSMI, ICES-003/NMB-003, CE, FCC, KC, Maghreb, RCM, UKCA, VCCI, CB-Scheme, TUV, UL,  Modelo: WD122PURP. Clave Oficial CT: DDUWSD2530. Marca: CT.",COMPONENTES DE ENSAMBLE,discos_duros,CT,416.67,8125.0,13000.0,13000.0,10968.75,10968.75,10156.25,9750.0,https://static.ctonline.mx/imagenes/DDUWSD2530/DDUWSD2530_400.jpg,assets/img/catalog/DDUWSD2530.jpg
DDUWSD2400,"Disco Duro Western Digital PURPLE PRO WD181PURP 18TB, Formato: 3.5"", Conector: SATA, Velocidad de transferencia: hasta 272MB/s, Interfaz: SATA, 7200 RPM, Recording Technology: CMR, Cache 512MB, Temp. Operativa: 0°C a 65°C, Certificaciones: BSMI, ICES-003/NMB-003, CE, FCC, KC, Maghreb, RCM, UKCA, VCCI, CB-Scheme, TUV, UL,   Modelo: WD181PURP","Disco Duro Western Digital PURPLE PRO WD181PURP 18TB, Formato: 3.5"", Conector: SATA, Velocidad de transferencia: hasta 272MB/s, Interfaz: SATA, 7200 RPM, Recording Technology: CMR, Cache 512MB, Temp. Operativa: 0°C a 65°C, Certificaciones: BSMI, ICES-003/NMB-003, CE, FCC, KC, Maghreb, RCM, UKCA, VCCI, CB-Scheme, TUV, UL,   Modelo: WD181PURP. Clave Oficial CT: DDUWSD2400. Marca: CT.",COMPONENTES DE ENSAMBLE,discos_duros,CT,430.33,8391.5,13426.4,13426.4,11328.53,11328.53,10489.38,10069.8,https://static.ctonline.mx/imagenes/DDUWSD2400/DDUWSD2400_400.jpg,assets/img/catalog/DDUWSD2400.jpg
DDUWSD2610,"Disco Duro Western Digital PURPLE WD221PURP 22TB, Formato: 3.5"", Conector: SATA, RPM: 7200 RPM, Velocidad de transferencia: hasta 265MB/s, Tecnología de grabación: CMR, Tamaño de caché: 512MB, Temp. Operativa: 0°C to 65°C, Certificaciones: BSMI, ICES-003/NMB-003, CE, FCC, KC, Maghreb, RCM, UKCA, VCCI, CB-Scheme, TUV, UL , Diseñados para grabadoras avanzadas que emplean IA, dispositivos de análisis de video, servidores de aprendizaje profundo y almacenamiento en la nube, e incluyen RAID y JBOD  Modelo: WD221PURP","Disco Duro Western Digital PURPLE WD221PURP 22TB, Formato: 3.5"", Conector: SATA, RPM: 7200 RPM, Velocidad de transferencia: hasta 265MB/s, Tecnología de grabación: CMR, Tamaño de caché: 512MB, Temp. Operativa: 0°C to 65°C, Certificaciones: BSMI, ICES-003/NMB-003, CE, FCC, KC, Maghreb, RCM, UKCA, VCCI, CB-Scheme, TUV, UL , Diseñados para grabadoras avanzadas que emplean IA, dispositivos de análisis de video, servidores de aprendizaje profundo y almacenamiento en la nube, e incluyen RAID y JBOD  Modelo: WD221PURP. Clave Oficial CT: DDUWSD2610. Marca: CT.",COMPONENTES DE ENSAMBLE,discos_duros,CT,537.47,10480.75,16769.2,16769.2,14149.01,14149.01,13100.93,12576.9,https://static.ctonline.mx/imagenes/DDUWSD2610/DDUWSD2610_400.jpg,assets/img/catalog/DDUWSD2610.jpg
DDUWSD3090,"Disco Duro Western Digital PURPLE PRO WD241PURP 24TB, Formato: 3.5, Conector: SATA, Interfaz: SATA, Velocidad de transferencia: hasta 287MB/s, RPM: 7200 RPM, Tecnología de grabación: CMR, Cache Size: 512MB, Temp. Operativa: 0°C to 65°C, Certificaciones: BSMI, ICES-003/NMB-003, CE, FCC, KC, Maghreb, RCM, UKCA, VCCI, CB-Scheme, TUV, UL, Compatibilidad: Up to 64 single-stream cameras  Modelo: WD241PURP","Disco Duro Western Digital PURPLE PRO WD241PURP 24TB, Formato: 3.5, Conector: SATA, Interfaz: SATA, Velocidad de transferencia: hasta 287MB/s, RPM: 7200 RPM, Tecnología de grabación: CMR, Cache Size: 512MB, Temp. Operativa: 0°C to 65°C, Certificaciones: BSMI, ICES-003/NMB-003, CE, FCC, KC, Maghreb, RCM, UKCA, VCCI, CB-Scheme, TUV, UL, Compatibilidad: Up to 64 single-stream cameras  Modelo: WD241PURP. Clave Oficial CT: DDUWSD3090. Marca: CT.",COMPONENTES DE ENSAMBLE,discos_duros,CT,525.1,10239.45,16383.12,16383.12,13823.26,13823.26,12799.31,12287.34,https://static.ctonline.mx/imagenes/DDUWSD3090/DDUWSD3090_400.jpg,assets/img/catalog/DDUWSD3090.jpg
DDUWSD2540,"Disco Duro Western Digital PURPLE PRO WD240PURP 24TB, Formato: 3.5"", Conector: SATA, Velocidad de transferencia: hasta 287MB/s, Interfaz: SATA, 7200 RPM, Recording Technology: CMR, Cache 512MB, Temp. Operativa: 0°C a 65°C, Certificaciones: BSMI, ICES-003/NMB-003, CE, FCC, KC, Maghreb, RCM, UKCA, VCCI, CB-Scheme, TUV, UL,   Modelo: WD240PURP","Disco Duro Western Digital PURPLE PRO WD240PURP 24TB, Formato: 3.5"", Conector: SATA, Velocidad de transferencia: hasta 287MB/s, Interfaz: SATA, 7200 RPM, Recording Technology: CMR, Cache 512MB, Temp. Operativa: 0°C a 65°C, Certificaciones: BSMI, ICES-003/NMB-003, CE, FCC, KC, Maghreb, RCM, UKCA, VCCI, CB-Scheme, TUV, UL,   Modelo: WD240PURP. Clave Oficial CT: DDUWSD2540. Marca: CT.",COMPONENTES DE ENSAMBLE,discos_duros,CT,501.83,9785.75,15657.2,15657.2,13210.76,13210.76,12232.19,11742.9,https://static.ctonline.mx/imagenes/DDUWSD2540/DDUWSD2540_400.jpg,assets/img/catalog/DDUWSD2540.jpg
DDUWSD1920,Disco Estado Solido WD Green 240GB WDS240G3G0A,Disco Estado Solido WD Green 240GB WDS240G3G0A. Clave Oficial CT: DDUWSD1920. Marca: CT.,COMPONENTES DE ENSAMBLE,discos_duros,CT,48.89,953.33,1525.33,1525.33,1287.0,1287.0,1191.67,1144.0,https://static.ctonline.mx/imagenes/DDUWSD1920/DDUWSD1920_400.jpg,assets/img/catalog/DDUWSD1920.jpg
DDUWSD1930,Disco Estado Solido WD Green 480GB WDS480G3G0A,Disco Estado Solido WD Green 480GB WDS480G3G0A. Clave Oficial CT: DDUWSD1930. Marca: CT.,COMPONENTES DE ENSAMBLE,discos_duros,CT,72.22,1408.33,2253.33,2253.33,1901.25,1901.25,1760.42,1690.0,https://static.ctonline.mx/imagenes/DDUWSD1930/DDUWSD1930_400.jpg,assets/img/catalog/DDUWSD1930.jpg
DDUWSD1740,"Disco Estado Solido WD Green, 1TB, Serial ATA III, 2.5"", 7mm WDS100T3G0A","Disco Estado Solido WD Green, 1TB, Serial ATA III, 2.5"", 7mm WDS100T3G0A. Clave Oficial CT: DDUWSD1740. Marca: CT.",COMPONENTES DE ENSAMBLE,discos_duros,CT,61.33,1196.0,1913.6,1913.6,1614.6,1614.6,1495.0,1435.2,https://static.ctonline.mx/imagenes/DDUWSD1740/DDUWSD1740_400.jpg,assets/img/catalog/DDUWSD1740.jpg
DDUWSD2030,"SSD WD GREEN 2TB WDS200T2G0A, Rendimiento de lectura secuencial: 545MB/s, Formato: 2.5"", Interfaz: SATA, Temp. Operativa: 0°C a 70°C, Certificaciones: FCC, UL, TUV, KC, BSMI, VCCI, CE, Morocco, RCM, UKCA,  Modelo: WDS200T2G0A","SSD WD GREEN 2TB WDS200T2G0A, Rendimiento de lectura secuencial: 545MB/s, Formato: 2.5"", Interfaz: SATA, Temp. Operativa: 0°C a 70°C, Certificaciones: FCC, UL, TUV, KC, BSMI, VCCI, CE, Morocco, RCM, UKCA,  Modelo: WDS200T2G0A. Clave Oficial CT: DDUWSD2030. Marca: CT.",COMPONENTES DE ENSAMBLE,discos_duros,CT,171.78,3349.67,5359.47,5359.47,4522.05,4522.05,4187.08,4019.6,https://static.ctonline.mx/imagenes/DDUWSD2030/DDUWSD2030_400.jpg,assets/img/catalog/DDUWSD2030.jpg
DDUWSD1950,Disco Estado Solido WD Blue 500GB WDS500G3B0A,Disco Estado Solido WD Blue 500GB WDS500G3B0A. Clave Oficial CT: DDUWSD1950. Marca: CT.,COMPONENTES DE ENSAMBLE,discos_duros,CT,87.78,1711.67,2738.67,2738.67,2310.75,2310.75,2139.58,2054.0,https://static.ctonline.mx/imagenes/DDUWSD1950/DDUWSD1950_400.jpg,assets/img/catalog/DDUWSD1950.jpg
DDUWSD1870,Disco Estado Solido WD Black SN770 NVMe PCI Express 4.0 500GB WDS500G3X0E,Disco Estado Solido WD Black SN770 NVMe PCI Express 4.0 500GB WDS500G3X0E. Clave Oficial CT: DDUWSD1870. Marca: CT.,COMPONENTES DE ENSAMBLE,discos_duros,CT,88.89,1733.33,2773.33,2773.33,2340.0,2340.0,2166.67,2080.0,https://static.ctonline.mx/imagenes/DDUWSD1870/DDUWSD1870_400.jpg,assets/img/catalog/DDUWSD1870.jpg
DDUWSD1880,Disco Estado Solido WD Black SN770 NVMe PCI Express 4.0 1TB WDS100T3X0E,Disco Estado Solido WD Black SN770 NVMe PCI Express 4.0 1TB WDS100T3X0E. Clave Oficial CT: DDUWSD1880. Marca: CT.,COMPONENTES DE ENSAMBLE,discos_duros,CT,133.33,2600.0,4160.0,4160.0,3510.0,3510.0,3250.0,3120.0,https://static.ctonline.mx/imagenes/DDUWSD1880/DDUWSD1880_400.jpg,assets/img/catalog/DDUWSD1880.jpg
DDUWSD2270,Disco Estado Solido WD Black SN770 NVMe PCI Express 4.0 1TB WDS100T3X0G M.2 2230,Disco Estado Solido WD Black SN770 NVMe PCI Express 4.0 1TB WDS100T3X0G M.2 2230. Clave Oficial CT: DDUWSD2270. Marca: CT.,COMPONENTES DE ENSAMBLE,discos_duros,CT,212.83,4150.17,6640.27,6640.27,5602.73,5602.73,5187.71,4980.2,https://static.ctonline.mx/imagenes/DDUWSD2270/DDUWSD2270_400.jpg,assets/img/catalog/DDUWSD2270.jpg
DDUWSD2280,Disco Estado Solido WD Black SN770 NVMe PCI Express 4.0 2TB WDS200T3X0G M.2 2230,Disco Estado Solido WD Black SN770 NVMe PCI Express 4.0 2TB WDS200T3X0G M.2 2230. Clave Oficial CT: DDUWSD2280. Marca: CT.,COMPONENTES DE ENSAMBLE,discos_duros,CT,425.66,8300.34,13280.54,13280.54,11205.45,11205.45,10375.42,9960.4,https://static.ctonline.mx/imagenes/DDUWSD2280/DDUWSD2280_400.jpg,assets/img/catalog/DDUWSD2280.jpg
DDUWSD2170,Unidad de Estado Solido WD Green M.2 PCIE GN 3 NVME SN350 250GB WDS250G2G0C,Unidad de Estado Solido WD Green M.2 PCIE GN 3 NVME SN350 250GB WDS250G2G0C. Clave Oficial CT: DDUWSD2170. Marca: CT.,COMPONENTES DE ENSAMBLE,discos_duros,CT,54.33,1059.5,1695.2,1695.2,1430.33,1430.33,1324.38,1271.4,https://static.ctonline.mx/imagenes/DDUWSD2170/DDUWSD2170_400.jpg,assets/img/catalog/DDUWSD2170.jpg
DDUWSD2240,Unidad de Estado Solido WD Green M.2 PCIE GN 3 NVME SN350 500GB WDS500G2G0C,Unidad de Estado Solido WD Green M.2 PCIE GN 3 NVME SN350 500GB WDS500G2G0C. Clave Oficial CT: DDUWSD2240. Marca: CT.,COMPONENTES DE ENSAMBLE,discos_duros,CT,78.28,1526.42,2442.27,2442.27,2060.66,2060.66,1908.02,1831.7,https://static.ctonline.mx/imagenes/DDUWSD2240/DDUWSD2240_400.jpg,assets/img/catalog/DDUWSD2240.jpg
DDUWSD2190,Unidad de Estado Solido WD Green M.2 PCIE GN 3 NVME SN350 1TB WDS100T2G0C,Unidad de Estado Solido WD Green M.2 PCIE GN 3 NVME SN350 1TB WDS100T2G0C. Clave Oficial CT: DDUWSD2190. Marca: CT.,COMPONENTES DE ENSAMBLE,discos_duros,CT,140.59,2741.48,4386.37,4386.37,3701.0,3701.0,3426.85,3289.78,https://static.ctonline.mx/imagenes/DDUWSD2190/DDUWSD2190_400.jpg,assets/img/catalog/DDUWSD2190.jpg
DDUWSD1860,Unidad de Estado Solido WD Green M.2 PCIE GN 3 NVME SN350 2TB WDS200T3G0C,Unidad de Estado Solido WD Green M.2 PCIE GN 3 NVME SN350 2TB WDS200T3G0C. Clave Oficial CT: DDUWSD1860. Marca: CT.,COMPONENTES DE ENSAMBLE,discos_duros,CT,268.33,5232.5,8372.0,8372.0,7063.88,7063.88,6540.62,6279.0,https://static.ctonline.mx/imagenes/DDUWSD1860/DDUWSD1860_400.jpg,assets/img/catalog/DDUWSD1860.jpg
DDUWSD2500,"SSD M.2 NVME PCIE 500GB SDSSDA3N-500G-G26, Capacidad: 500 GB, Conector: M.2, Interfaz: PCIe Gen 3, Formato: M.2 2280, Rendimiento de lectura secuencial: 2400MB/s,    Modelo: SDSSDA3N-500G-G26","SSD M.2 NVME PCIE 500GB SDSSDA3N-500G-G26, Capacidad: 500 GB, Conector: M.2, Interfaz: PCIe Gen 3, Formato: M.2 2280, Rendimiento de lectura secuencial: 2400MB/s,    Modelo: SDSSDA3N-500G-G26. Clave Oficial CT: DDUWSD2500. Marca: CT.",COMPONENTES DE ENSAMBLE,discos_duros,CT,103.17,2011.79,3218.87,3218.87,2715.92,2715.92,2514.74,2414.15,https://static.ctonline.mx/imagenes/DDUWSD2500/DDUWSD2500_400.jpg,assets/img/catalog/DDUWSD2500.jpg
DDUWSD2490,"SSD PLUS SanDisk 1TB SDSSDA-1T00-G27, Rendimiento de escritura secuencial: 50MB/s, Interfaz: SATA III, Temp. Operativa: 0°C to 70°C, Certificaciones: BSMI, ICES-003/NMB-003, CE, FCC, KC, Maghreb, RCM, UKCA, VCCI, CB-Scheme, TUV, UL,    Modelo: SDSSDA-1T00-G27","SSD PLUS SanDisk 1TB SDSSDA-1T00-G27, Rendimiento de escritura secuencial: 50MB/s, Interfaz: SATA III, Temp. Operativa: 0°C to 70°C, Certificaciones: BSMI, ICES-003/NMB-003, CE, FCC, KC, Maghreb, RCM, UKCA, VCCI, CB-Scheme, TUV, UL,    Modelo: SDSSDA-1T00-G27. Clave Oficial CT: DDUWSD2490. Marca: CT.",COMPONENTES DE ENSAMBLE,discos_duros,CT,100.0,1950.0,3120.0,3120.0,2632.5,2632.5,2437.5,2340.0,https://static.ctonline.mx/imagenes/DDUWSD2490/DDUWSD2490_400.jpg,assets/img/catalog/DDUWSD2490.jpg
DDUWSD2480,"SSD PLUS SanDisk 480GB SDSSDA-480G-G26, Rendimiento de escritura secuencial: 445MB/s, Rendimiento de lectura secuencial: 535MB/s, Interfaz: SATA III, Temp. Operativa: 0°C to 70°C, Certificaciones: BSMI, ICES-003/NMB-003, CE, FCC, KC, Maghreb, RCM, UKCA, VCCI, CB-Scheme, TUV, UL,   Modelo: DSSDA-480G-G26","SSD PLUS SanDisk 480GB SDSSDA-480G-G26, Rendimiento de escritura secuencial: 445MB/s, Rendimiento de lectura secuencial: 535MB/s, Interfaz: SATA III, Temp. Operativa: 0°C to 70°C, Certificaciones: BSMI, ICES-003/NMB-003, CE, FCC, KC, Maghreb, RCM, UKCA, VCCI, CB-Scheme, TUV, UL,   Modelo: DSSDA-480G-G26. Clave Oficial CT: DDUWSD2480. Marca: CT.",COMPONENTES DE ENSAMBLE,discos_duros,CT,55.56,1083.33,1733.33,1733.33,1462.5,1462.5,1354.17,1300.0,https://static.ctonline.mx/imagenes/DDUWSD2480/DDUWSD2480_400.jpg,assets/img/catalog/DDUWSD2480.jpg
DDUWSD2750,"SSD PLUS SANDISK 500GB SDSSDA-500G-G28 2.5, Formato: 2.5, Rendimiento de lectura secuencial: 545MB/s, Rendimiento de escritura secuencial: 505MB/s, Interfaz: SATA, Temp. Operativa: 0°C to 70°C, Certificaciones: BSMI, ICES-003/NMB-003, CE, FCC, KC, Maghreb, RCM, UKCA, VCCI, CB-Scheme, TUV, UL, Compatibilidad: Windows® 11, Windows® 10, Windows® 8.1    Modelo: SDSSDA-500G-G28","SSD PLUS SANDISK 500GB SDSSDA-500G-G28 2.5, Formato: 2.5, Rendimiento de lectura secuencial: 545MB/s, Rendimiento de escritura secuencial: 505MB/s, Interfaz: SATA, Temp. Operativa: 0°C to 70°C, Certificaciones: BSMI, ICES-003/NMB-003, CE, FCC, KC, Maghreb, RCM, UKCA, VCCI, CB-Scheme, TUV, UL, Compatibilidad: Windows® 11, Windows® 10, Windows® 8.1    Modelo: SDSSDA-500G-G28. Clave Oficial CT: DDUWSD2750. Marca: CT.",COMPONENTES DE ENSAMBLE,discos_duros,CT,62.22,1213.33,1941.33,1941.33,1638.0,1638.0,1516.67,1456.0,https://static.ctonline.mx/imagenes/DDUWSD2750/DDUWSD2750_400.jpg,assets/img/catalog/DDUWSD2750.jpg
DDUWSD2770,"SSD PLUS SANDISK 1TB SDSSDA-1T00-G28 2.5, Formato: 2.5, Rendimiento de lectura secuencial:  545MB/s, Rendimiento de escritura secuencial: 515MB/s, Interfaz: SATA, Temp. Operativa: 0°C to 70°C, Certificaciones: BSMI, ICES-003/NMB-003, CE, FCC, KC, Maghreb, RCM, UKCA, VCCI, CB-Scheme, TUV, UL, Compatibilidad: Windows® 11, Windows® 10, Windows® 8.1 Modelo: SDSSDA-1T00-G28","SSD PLUS SANDISK 1TB SDSSDA-1T00-G28 2.5, Formato: 2.5, Rendimiento de lectura secuencial:  545MB/s, Rendimiento de escritura secuencial: 515MB/s, Interfaz: SATA, Temp. Operativa: 0°C to 70°C, Certificaciones: BSMI, ICES-003/NMB-003, CE, FCC, KC, Maghreb, RCM, UKCA, VCCI, CB-Scheme, TUV, UL, Compatibilidad: Windows® 11, Windows® 10, Windows® 8.1 Modelo: SDSSDA-1T00-G28. Clave Oficial CT: DDUWSD2770. Marca: CT.",COMPONENTES DE ENSAMBLE,discos_duros,CT,94.83,1849.25,2958.8,2958.8,2496.49,2496.49,2311.56,2219.1,https://static.ctonline.mx/imagenes/DDUWSD2770/DDUWSD2770_400.jpg,assets/img/catalog/DDUWSD2770.jpg
DDUWSD3150,"SSD PORTATIL SANDISK EXTREME 1TB SDSSDE61-1T00-G25M, Interfaz: USB 3.2 Gen 2, Compatibilidad: USB Type-C devices (phones, laptops, and tablets), iOS 13+, Android 11+, macOS v.11+, Windows 10+,     Modelo: SDSSDE61-1T00-G25M","SSD PORTATIL SANDISK EXTREME 1TB SDSSDE61-1T00-G25M, Interfaz: USB 3.2 Gen 2, Compatibilidad: USB Type-C devices (phones, laptops, and tablets), iOS 13+, Android 11+, macOS v.11+, Windows 10+,     Modelo: SDSSDE61-1T00-G25M. Clave Oficial CT: DDUWSD3150. Marca: CT.",COMPONENTES DE ENSAMBLE,discos_duros,CT,193.89,3780.83,6049.33,6049.33,5104.13,5104.13,4726.04,4537.0,https://static.ctonline.mx/imagenes/DDUWSD3150/DDUWSD3150_400.jpg,assets/img/catalog/DDUWSD3150.jpg
DDUWSD3170,"SSD ELEMENTS SE 2TB WDBAYN0020BBK-WESN, Interfaz: USB 3.0, Conector: Micro-B, Rendimiento de lectura secuencial: 400MB/s, Temp. Operativa: 0°C to 45°C, Compatibilidad: Windows®, macOS 11+     Modelo: WDBAYN0020BBK-WESN","SSD ELEMENTS SE 2TB WDBAYN0020BBK-WESN, Interfaz: USB 3.0, Conector: Micro-B, Rendimiento de lectura secuencial: 400MB/s, Temp. Operativa: 0°C to 45°C, Compatibilidad: Windows®, macOS 11+     Modelo: WDBAYN0020BBK-WESN. Clave Oficial CT: DDUWSD3170. Marca: CT.",COMPONENTES DE ENSAMBLE,discos_duros,CT,150.0,2925.0,4680.0,4680.0,3948.75,3948.75,3656.25,3510.0,https://static.ctonline.mx/imagenes/DDUWSD3170/DDUWSD3170_400.jpg,assets/img/catalog/DDUWSD3170.jpg
DDUWSD3110,"SSD PORTATIL 2TB SDSSDE30-2T00-G26, Interfaz: USB 3.2 Gen 2, Conector: USB-C, Rendimiento de lectura secuencial: 800MB/s, Temp. Operativa: 0°C to 45°C, Certificaciones: CE,FCC,RCM, BSMI, EAC, UKCA, ICES, BIS, Compatibilidad: 
Compatible con computadoras portátiles o de escritorio   Modelo: SDSSDE30-2T00-G26","SSD PORTATIL 2TB SDSSDE30-2T00-G26, Interfaz: USB 3.2 Gen 2, Conector: USB-C, Rendimiento de lectura secuencial: 800MB/s, Temp. Operativa: 0°C to 45°C, Certificaciones: CE,FCC,RCM, BSMI, EAC, UKCA, ICES, BIS, Compatibilidad: 
Compatible con computadoras portátiles o de escritorio   Modelo: SDSSDE30-2T00-G26. Clave Oficial CT: DDUWSD3110. Marca: CT.",COMPONENTES DE ENSAMBLE,discos_duros,CT,153.33,2990.0,4784.0,4784.0,4036.5,4036.5,3737.5,3588.0,https://static.ctonline.mx/imagenes/DDUWSD3110/DDUWSD3110_400.jpg,assets/img/catalog/DDUWSD3110.jpg
DDUWSD3160,"SSD ELEMENT SE 1TB WDBAYN0010BBK-WESN, Interfaz: USB 3.0, Conector: Micro-B, Rendimiento de lectura secuencial: 400MB/s, Temp. Operativa: 0°C to 45°C, Compatibilidad: Windows® 10+, macOS 11+     Modelo: WDBAYN0010BBK-WESN","SSD ELEMENT SE 1TB WDBAYN0010BBK-WESN, Interfaz: USB 3.0, Conector: Micro-B, Rendimiento de lectura secuencial: 400MB/s, Temp. Operativa: 0°C to 45°C, Compatibilidad: Windows® 10+, macOS 11+     Modelo: WDBAYN0010BBK-WESN. Clave Oficial CT: DDUWSD3160. Marca: CT.",COMPONENTES DE ENSAMBLE,discos_duros,CT,167.0,3256.5,5210.4,5210.4,4396.28,4396.28,4070.62,3907.8,https://static.ctonline.mx/imagenes/DDUWSD3160/DDUWSD3160_400.jpg,assets/img/catalog/DDUWSD3160.jpg
DDUWSD2760,"SSD GREEN SANDISK 500GB WDS500G5G0A 2.5, Formato: 2.5, Rendimiento de lectura secuencial: 545MB/s, Temperatura de funcionamiento: 0°C to 70°C,  Interfaz: SATA, Compatibilidad: Ordenadores de sobremesa, Ordenadores portátiles  Modelo: WDS500G5G0A","SSD GREEN SANDISK 500GB WDS500G5G0A 2.5, Formato: 2.5, Rendimiento de lectura secuencial: 545MB/s, Temperatura de funcionamiento: 0°C to 70°C,  Interfaz: SATA, Compatibilidad: Ordenadores de sobremesa, Ordenadores portátiles  Modelo: WDS500G5G0A. Clave Oficial CT: DDUWSD2760. Marca: CT.",COMPONENTES DE ENSAMBLE,discos_duros,CT,79.33,1547.0,2475.2,2475.2,2088.45,2088.45,1933.75,1856.4,https://static.ctonline.mx/imagenes/DDUWSD2760/DDUWSD2760_400.jpg,assets/img/catalog/DDUWSD2760.jpg
DDUWSD2780,"SSD CREEN SANDISK 1TB WDS100T5G0A 2.5, Formato: 2.5, Rendimiento de lectura secuencial: 545MB/s, Temperatura de funcionamiento: 0°C to 70°C,  Interfaz: SATA, Compatibilidad: Ordenadores de sobremesa, Ordenadores portátiles  Modelo: WDS100T5G0A","SSD CREEN SANDISK 1TB WDS100T5G0A 2.5, Formato: 2.5, Rendimiento de lectura secuencial: 545MB/s, Temperatura de funcionamiento: 0°C to 70°C,  Interfaz: SATA, Compatibilidad: Ordenadores de sobremesa, Ordenadores portátiles  Modelo: WDS100T5G0A. Clave Oficial CT: DDUWSD2780. Marca: CT.",COMPONENTES DE ENSAMBLE,discos_duros,CT,144.47,2817.1,4507.36,4507.36,3803.09,3803.09,3521.38,3380.52,https://static.ctonline.mx/imagenes/DDUWSD2780/DDUWSD2780_400.jpg,assets/img/catalog/DDUWSD2780.jpg
DDUWSD2470,"SSD SanDisk BLACK 1TB WDS100T4X0E SN7100, Factor de forma: M.2 2280, Rendimiento de lectura secuencial: 7250 MB/s, Rendimiento de escritura secuencial: 6900 MB/s, Lectura aleatoria: 000K IOPS, Escritura aleatoria: 1400 000 IOPS, Interfaz: PCIe Gen 4.0, Temperatura de funcionamiento: De 0 °C a 85 °C Modelo: WDS100T4X0E","SSD SanDisk BLACK 1TB WDS100T4X0E SN7100, Factor de forma: M.2 2280, Rendimiento de lectura secuencial: 7250 MB/s, Rendimiento de escritura secuencial: 6900 MB/s, Lectura aleatoria: 000K IOPS, Escritura aleatoria: 1400 000 IOPS, Interfaz: PCIe Gen 4.0, Temperatura de funcionamiento: De 0 °C a 85 °C Modelo: WDS100T4X0E. Clave Oficial CT: DDUWSD2470. Marca: CT.",COMPONENTES DE ENSAMBLE,discos_duros,CT,138.89,2708.33,4333.33,4333.33,3656.25,3656.25,3385.42,3250.0,https://static.ctonline.mx/imagenes/DDUWSD2470/DDUWSD2470_400.jpg,assets/img/catalog/DDUWSD2470.jpg
DDUWSD3030,"Disco Duro Western Digital BLACK WDBA3P0080HBK-NESN 8TB, Conector: Micro-B  USB-A, (para cargar accesorios) Fuente de alimentación, Interfaz: USB 3.2 Gen 1, Velocidad de transferencia: Hasta 250MB/s, RPM: 7200 RPM, Temp. operativa: 5°C to 35°C, Certificaciones: FCC-ICES, CE, RCM, VCCI, BSMI, EAC, UAE, UKCA, Compatibilidad: Windows® 10+, macOS 11+, PlayStation™ 5 (play PS4™ games, store PS5 games), Xbox Series X|S™ (play Xbox One™ games, store Xbox Series X|S games), PlayStation™ 4 Pro or PS4 with system software versión 4.50 or higher, Xbox One™  Modelo: WDBA3P0080HBK-NESN","Disco Duro Western Digital BLACK WDBA3P0080HBK-NESN 8TB, Conector: Micro-B  USB-A, (para cargar accesorios) Fuente de alimentación, Interfaz: USB 3.2 Gen 1, Velocidad de transferencia: Hasta 250MB/s, RPM: 7200 RPM, Temp. operativa: 5°C to 35°C, Certificaciones: FCC-ICES, CE, RCM, VCCI, BSMI, EAC, UAE, UKCA, Compatibilidad: Windows® 10+, macOS 11+, PlayStation™ 5 (play PS4™ games, store PS5 games), Xbox Series X|S™ (play Xbox One™ games, store Xbox Series X|S games), PlayStation™ 4 Pro or PS4 with system software versión 4.50 or higher, Xbox One™  Modelo: WDBA3P0080HBK-NESN. Clave Oficial CT: DDUWSD3030. Marca: CT.",COMPONENTES DE ENSAMBLE,discos_duros,CT,212.93,4152.2,6643.52,6643.52,5605.47,5605.47,5190.25,4982.64,https://static.ctonline.mx/imagenes/DDUWSD3030/DDUWSD3030_400.jpg,assets/img/catalog/DDUWSD3030.jpg
DDUWSD3040,"Disco Duro Western Digital BLACK WDBA5G0040BBK-WESN 4TB PARA XBOX, Conector: Micro-B, Interfaz: USB 3.2 Gen 1, Velocidad de transferencia: hasta 130MB/s, Temp. Operativa: 5°C to 35°C, Certificaciones: FCC-ICES, CE, BSMI, RCM, VCCI, EAC, UKCA, Compatibilidad: Xbox Series X|S™, Xbox One™,  Modelo: WDBA5G0040BBK-WESN","Disco Duro Western Digital BLACK WDBA5G0040BBK-WESN 4TB PARA XBOX, Conector: Micro-B, Interfaz: USB 3.2 Gen 1, Velocidad de transferencia: hasta 130MB/s, Temp. Operativa: 5°C to 35°C, Certificaciones: FCC-ICES, CE, BSMI, RCM, VCCI, EAC, UKCA, Compatibilidad: Xbox Series X|S™, Xbox One™,  Modelo: WDBA5G0040BBK-WESN. Clave Oficial CT: DDUWSD3040. Marca: CT.",COMPONENTES DE ENSAMBLE,discos_duros,CT,153.37,2990.65,4785.04,4785.04,4037.38,4037.38,3738.31,3588.78,https://static.ctonline.mx/imagenes/DDUWSD3040/DDUWSD3040_400.jpg,assets/img/catalog/DDUWSD3040.jpg
DDUWSD3050,"Disco Duro Western Digital BLACK WDBA5G0050BBK-WESN 5TB PARA XBOX, Conector: Micro-B, Interfaz: USB 3.2 Gen 1, Velocidad de transferencia: hasta 130MB/s, Temp. Operativa: 5°C to 35°C, Certificaciones: FCC-ICES, CE, BSMI, RCM, VCCI, EAC, UKCA, Compatibilidad: Xbox Series X|S™, Xbox One™   Modelo: WDBA5G0050BBK-WESN","Disco Duro Western Digital BLACK WDBA5G0050BBK-WESN 5TB PARA XBOX, Conector: Micro-B, Interfaz: USB 3.2 Gen 1, Velocidad de transferencia: hasta 130MB/s, Temp. Operativa: 5°C to 35°C, Certificaciones: FCC-ICES, CE, BSMI, RCM, VCCI, EAC, UKCA, Compatibilidad: Xbox Series X|S™, Xbox One™   Modelo: WDBA5G0050BBK-WESN. Clave Oficial CT: DDUWSD3050. Marca: CT.",COMPONENTES DE ENSAMBLE,discos_duros,CT,138.51,2700.97,4321.55,4321.55,3646.3,3646.3,3376.21,3241.16,https://static.ctonline.mx/imagenes/DDUWSD3050/DDUWSD3050_400.jpg,assets/img/catalog/DDUWSD3050.jpg
DDUTOS990,"Disco Portatil Toshiba 2TB 2.5"", USB 3.0.Canvio Basics. Para Mac/PC. Negro HDTB520XK3AA","Disco Portatil Toshiba 2TB 2.5"", USB 3.0.Canvio Basics. Para Mac/PC. Negro HDTB520XK3AA. Clave Oficial CT: DDUTOS990. Marca: CT.",COMPONENTES DE ENSAMBLE,discos_duros,CT,85.0,1657.5,2652.0,2652.0,2237.62,2237.62,2071.88,1989.0,https://static.ctonline.mx/imagenes/DDUTOS990/DDUTOS990_400.jpg,assets/img/catalog/DDUTOS990.jpg
DDUTOS950,"Disco Portatil Toshiba 1TB 2.5"", USB 3.0.Canvio Ready. Para Mac/PC. Negro HDTP310XK3AA","Disco Portatil Toshiba 1TB 2.5"", USB 3.0.Canvio Ready. Para Mac/PC. Negro HDTP310XK3AA. Clave Oficial CT: DDUTOS950. Marca: CT.",COMPONENTES DE ENSAMBLE,discos_duros,CT,73.5,1433.25,2293.2,2293.2,1934.89,1934.89,1791.56,1719.9,https://static.ctonline.mx/imagenes/DDUTOS950/DDUTOS950_400.jpg,assets/img/catalog/DDUTOS950.jpg
DDUTOS850,"Disco Portátil Toshiba 2TB 2.5"", USB 2.0/3.0. Advance V10. Para Mac/PC. Blanco HDTCA20XW3AA","Disco Portátil Toshiba 2TB 2.5"", USB 2.0/3.0. Advance V10. Para Mac/PC. Blanco HDTCA20XW3AA. Clave Oficial CT: DDUTOS850. Marca: CT.",COMPONENTES DE ENSAMBLE,discos_duros,CT,72.94,1422.42,2275.87,2275.87,1920.26,1920.26,1778.02,1706.9,https://static.ctonline.mx/imagenes/DDUTOS850/DDUTOS850_400.jpg,assets/img/catalog/DDUTOS850.jpg
DDUTOS910,"Disco Portátil Toshiba 1TB 2.5"", USB 3.0.Canvio Basics Gaming. Para Mac/PC/PlayStation/Xbox. Negro HDTX110XK3AA","Disco Portátil Toshiba 1TB 2.5"", USB 3.0.Canvio Basics Gaming. Para Mac/PC/PlayStation/Xbox. Negro HDTX110XK3AA. Clave Oficial CT: DDUTOS910. Marca: CT.",COMPONENTES DE ENSAMBLE,discos_duros,CT,58.14,1133.82,1814.11,1814.11,1530.65,1530.65,1417.27,1360.58,https://static.ctonline.mx/imagenes/DDUTOS910/DDUTOS910_400.jpg,assets/img/catalog/DDUTOS910.jpg
DDUTOS980,"Disco Portátil Toshiba 1TB 2.5"", USB 3.0.Canvio Ready. Para Mac/PC. Negro HDTP310XK3AA","Disco Portátil Toshiba 1TB 2.5"", USB 3.0.Canvio Ready. Para Mac/PC. Negro HDTP310XK3AA. Clave Oficial CT: DDUTOS980. Marca: CT.",COMPONENTES DE ENSAMBLE,discos_duros,CT,73.89,1440.83,2305.33,2305.33,1945.12,1945.12,1801.04,1729.0,https://static.ctonline.mx/imagenes/DDUTOS980/DDUTOS980_400.jpg,assets/img/catalog/DDUTOS980.jpg
DDUTOS1080,"Disco Duro Interno Toshiba 10TB, MG10-D 7200RPM, CACHE SATAIII, 3.5"". MG10ADA10TE","Disco Duro Interno Toshiba 10TB, MG10-D 7200RPM, CACHE SATAIII, 3.5"". MG10ADA10TE. Clave Oficial CT: DDUTOS1080. Marca: CT.",COMPONENTES DE ENSAMBLE,discos_duros,CT,316.67,6175.0,9880.0,9880.0,8336.25,8336.25,7718.75,7410.0,https://static.ctonline.mx/imagenes/DDUTOS1080/DDUTOS1080_400.jpg,assets/img/catalog/DDUTOS1080.jpg
DDUTOS1090,"Disco Duro Interno Toshiba 6TB, MG10-D 7200RPM, CACHE SATAIII, 3.5"". MG10ADA600E","Disco Duro Interno Toshiba 6TB, MG10-D 7200RPM, CACHE SATAIII, 3.5"". MG10ADA600E. Clave Oficial CT: DDUTOS1090. Marca: CT.",COMPONENTES DE ENSAMBLE,discos_duros,CT,266.67,5200.0,8320.0,8320.0,7020.0,7020.0,6500.0,6240.0,https://static.ctonline.mx/imagenes/DDUTOS1090/DDUTOS1090_400.jpg,assets/img/catalog/DDUTOS1090.jpg
DDUTOS1100,"Disco Duro Interno Toshiba 2TB, MG10-D 7200RPM, CACHE SATAIII, 3.5"". MG10ADA200E","Disco Duro Interno Toshiba 2TB, MG10-D 7200RPM, CACHE SATAIII, 3.5"". MG10ADA200E. Clave Oficial CT: DDUTOS1100. Marca: CT.",COMPONENTES DE ENSAMBLE,discos_duros,CT,183.33,3575.0,5720.0,5720.0,4826.25,4826.25,4468.75,4290.0,https://static.ctonline.mx/imagenes/DDUTOS1100/DDUTOS1100_400.jpg,assets/img/catalog/DDUTOS1100.jpg
DDUTOS1040,"Disco Duro Interno Toshiba 4TB ,N300, HDD NAS 7200RPM/256MB, CACHE SATA 3.5"". HDWG740XZSTC","Disco Duro Interno Toshiba 4TB ,N300, HDD NAS 7200RPM/256MB, CACHE SATA 3.5"". HDWG740XZSTC. Clave Oficial CT: DDUTOS1040. Marca: CT.",COMPONENTES DE ENSAMBLE,discos_duros,CT,107.43,2094.95,3351.92,3351.92,2828.18,2828.18,2618.69,2513.94,https://static.ctonline.mx/imagenes/DDUTOS1040/DDUTOS1040_400.jpg,assets/img/catalog/DDUTOS1040.jpg
DDUTOS1050,"Disco Duro Interno Toshiba 6TB ,N300, HDD NAS 7200RPM/256MB, CACHE SATA 3.5"". HDWG760XZSTA","Disco Duro Interno Toshiba 6TB ,N300, HDD NAS 7200RPM/256MB, CACHE SATA 3.5"". HDWG760XZSTA. Clave Oficial CT: DDUTOS1050. Marca: CT.",COMPONENTES DE ENSAMBLE,discos_duros,CT,159.66,3113.28,4981.25,4981.25,4202.93,4202.93,3891.6,3735.94,https://static.ctonline.mx/imagenes/DDUTOS1050/DDUTOS1050_400.jpg,assets/img/catalog/DDUTOS1050.jpg
DDUTOS1060,"Disco Duro Interno Toshiba 12TB ,N300, HDD NAS 7200RPM/256MB, CACHE SATA 3.5"". HDWG51CXZSTA","Disco Duro Interno Toshiba 12TB ,N300, HDD NAS 7200RPM/256MB, CACHE SATA 3.5"". HDWG51CXZSTA. Clave Oficial CT: DDUTOS1060. Marca: CT.",COMPONENTES DE ENSAMBLE,discos_duros,CT,240.02,4680.43,7488.69,7488.69,6318.59,6318.59,5850.54,5616.52,https://static.ctonline.mx/imagenes/DDUTOS1060/DDUTOS1060_400.jpg,assets/img/catalog/DDUTOS1060.jpg
DDUTOS1010,"Disco Duro Interno Toshiba 2TB  3.5 Sata Videovigilancia, S300 Surveillance. HDWT720UZSVA","Disco Duro Interno Toshiba 2TB  3.5 Sata Videovigilancia, S300 Surveillance. HDWT720UZSVA. Clave Oficial CT: DDUTOS1010. Marca: CT.",COMPONENTES DE ENSAMBLE,discos_duros,CT,140.0,2730.0,4368.0,4368.0,3685.5,3685.5,3412.5,3276.0,https://static.ctonline.mx/imagenes/DDUTOS1010/DDUTOS1010_400.jpg,assets/img/catalog/DDUTOS1010.jpg
DDUTOS1020,"Disco Duro Interno Toshiba 4TB  3.5 Sata Videovigilancia, S300 Surveillance. HDWT840UZSVA","Disco Duro Interno Toshiba 4TB  3.5 Sata Videovigilancia, S300 Surveillance. HDWT840UZSVA. Clave Oficial CT: DDUTOS1020. Marca: CT.",COMPONENTES DE ENSAMBLE,discos_duros,CT,127.78,2491.67,3986.67,3986.67,3363.75,3363.75,3114.58,2990.0,https://static.ctonline.mx/imagenes/DDUTOS1020/DDUTOS1020_400.jpg,assets/img/catalog/DDUTOS1020.jpg
DDUTOS1070,"Disco Duro Interno Toshiba 6TB  3.5 Sata Videovigilancia, S300 Surveillance. HDWT860UZSVA","Disco Duro Interno Toshiba 6TB  3.5 Sata Videovigilancia, S300 Surveillance. HDWT860UZSVA. Clave Oficial CT: DDUTOS1070. Marca: CT.",COMPONENTES DE ENSAMBLE,discos_duros,CT,206.11,4019.17,6430.67,6430.67,5425.88,5425.88,5023.96,4823.0,https://static.ctonline.mx/imagenes/DDUTOS1070/DDUTOS1070_400.jpg,assets/img/catalog/DDUTOS1070.jpg
GABEVO420,"Gabinete Evotec Bassu, Compatibilidad: mini ATX; Conectores: 2 USB 2.0; 1 Entrada de audio y micrófono, Compartimentos 1 x disco duro 3.5 , 1 x SSD de 2.5; Ranuras de expansión 4 PCI-E, fuente de poder: 600W, garantía 1 año Modelo: EV-1014","Gabinete Evotec Bassu, Compatibilidad: mini ATX; Conectores: 2 USB 2.0; 1 Entrada de audio y micrófono, Compartimentos 1 x disco duro 3.5 , 1 x SSD de 2.5; Ranuras de expansión 4 PCI-E, fuente de poder: 600W, garantía 1 año Modelo: EV-1014. Clave Oficial CT: GABEVO420. Marca: CT.",COMPONENTES DE ENSAMBLE,discos_duros,CT,469.41,9153.53,14645.65,14645.65,12357.26,12357.26,11441.91,10984.24,https://static.ctonline.mx/imagenes/GABEVO420/GABEVO420_400.jpg,assets/img/catalog/GABEVO420.jpg
GABEVO430,"Gabinete Evotec Bardi, Compatibilidad:  ATX; Conectores: 2 USB 2.0; 1 Entrada de audio y micrófono, Compartimentos 1 x disco duro 3.5 , 1 x SSD de 2.5; Ranuras de expansión 6 PCI-E, fuente de poder: 600W, garantía 1 año Modelo: EV-1015","Gabinete Evotec Bardi, Compatibilidad:  ATX; Conectores: 2 USB 2.0; 1 Entrada de audio y micrófono, Compartimentos 1 x disco duro 3.5 , 1 x SSD de 2.5; Ranuras de expansión 6 PCI-E, fuente de poder: 600W, garantía 1 año Modelo: EV-1015. Clave Oficial CT: GABEVO430. Marca: CT.",COMPONENTES DE ENSAMBLE,discos_duros,CT,491.76,9589.41,15343.06,15343.06,12945.71,12945.71,11986.76,11507.29,https://static.ctonline.mx/imagenes/GABEVO430/GABEVO430_400.jpg,assets/img/catalog/GABEVO430.jpg
GABEVO150,"Gabinete Evotec EV-1005, Gamer, Negor, Torre completa, Micro ATX EV-1005 NEGRO, incluye fuente de poder de 600 watts mas 2 Sata. Panel Frontal con USB 3.0. Compatible con montaje de SSD. Entrada de audio HD y micrófono frontal.","Gabinete Evotec EV-1005, Gamer, Negor, Torre completa, Micro ATX EV-1005 NEGRO, incluye fuente de poder de 600 watts mas 2 Sata. Panel Frontal con USB 3.0. Compatible con montaje de SSD. Entrada de audio HD y micrófono frontal.. Clave Oficial CT: GABEVO150. Marca: CT.",COMPONENTES DE ENSAMBLE,discos_duros,CT,625.76,12202.41,19523.86,19523.86,16473.26,16473.26,15253.01,14642.89,https://static.ctonline.mx/imagenes/GABEVO150/GABEVO150_400.jpg,assets/img/catalog/GABEVO150.jpg
GABEVO300,"Gabinete Evotec (EV-1004) Conectores: 1 x USB 3.0, 1 X USB 2.0, 1 entrada/salida de audio HD; Compatibilidad: ATX, Mini ATX, Micro ATX; Ranuras de expansión: 7 x PCI-E; Compartimentos: 4 Bahías HDD 3.5"", 2 Bahías SSD 2.5""; Dimensiones: 44.5 x 22.8 x 46.4 cm; Incluye fuente de 600w","Gabinete Evotec (EV-1004) Conectores: 1 x USB 3.0, 1 X USB 2.0, 1 entrada/salida de audio HD; Compatibilidad: ATX, Mini ATX, Micro ATX; Ranuras de expansión: 7 x PCI-E; Compartimentos: 4 Bahías HDD 3.5"", 2 Bahías SSD 2.5""; Dimensiones: 44.5 x 22.8 x 46.4 cm; Incluye fuente de 600w. Clave Oficial CT: GABEVO300. Marca: CT.",COMPONENTES DE ENSAMBLE,discos_duros,CT,625.76,12202.41,19523.86,19523.86,16473.26,16473.26,15253.01,14642.89,https://static.ctonline.mx/imagenes/GABEVO300/GABEVO300_400.jpg,assets/img/catalog/GABEVO300.jpg
GABACT530,"Gabinete Mini Torre Fuji GC470 Advanced Series, Factor: Micro Atx - Mini ITX, Panel Lateral Cristal Templado, Incluye 2 Ventiladores 120mm FRGB, Espacio para Ventilador 80mm trasero no Incluido, Puertos: 1x USB 2.0, 1x USB 3.0 y 1x 3.5mm Dual (Audio y micrófono), Bahías 1x 3.5""/2.5"" combo, 3x 2.5"" SSD, Fuente de poder 500w Color Blanco. AC-939515","Gabinete Mini Torre Fuji GC470 Advanced Series, Factor: Micro Atx - Mini ITX, Panel Lateral Cristal Templado, Incluye 2 Ventiladores 120mm FRGB, Espacio para Ventilador 80mm trasero no Incluido, Puertos: 1x USB 2.0, 1x USB 3.0 y 1x 3.5mm Dual (Audio y micrófono), Bahías 1x 3.5""/2.5"" combo, 3x 2.5"" SSD, Fuente de poder 500w Color Blanco. AC-939515. Clave Oficial CT: GABACT530. Marca: CT.",COMPONENTES DE ENSAMBLE,discos_duros,CT,623.53,12158.82,19454.12,19454.12,16414.41,16414.41,15198.53,14590.59,https://static.ctonline.mx/imagenes/GABACT530/GABACT530_400.jpg,assets/img/catalog/GABACT530.jpg
GABACT540,"Gabinete Mini Torre Acteck KIOTO GC220 ESSENTIAL SERIES Factor de forma: Mini Torre, Panel Lateral Cristal Templado, Tarjetas madre compatibles: Micro ATX y Mini ITX, Soporte para ventiladores: Superior 2 * 120 mm 1* 80mm, No Incluido, Bahías: 1x3.5""/2.5 Combo ODD, 3x2.5 SSD, Ranuras PCI: 4 (no compatible), Puertos:  2xUSB 2.0, 1x3.5mm Audio+ Micrófono, Fuente de poder ATX 500w. Color Blanco AC-939522","Gabinete Mini Torre Acteck KIOTO GC220 ESSENTIAL SERIES Factor de forma: Mini Torre, Panel Lateral Cristal Templado, Tarjetas madre compatibles: Micro ATX y Mini ITX, Soporte para ventiladores: Superior 2 * 120 mm 1* 80mm, No Incluido, Bahías: 1x3.5""/2.5 Combo ODD, 3x2.5 SSD, Ranuras PCI: 4 (no compatible), Puertos:  2xUSB 2.0, 1x3.5mm Audio+ Micrófono, Fuente de poder ATX 500w. Color Blanco AC-939522. Clave Oficial CT: GABACT540. Marca: CT.",COMPONENTES DE ENSAMBLE,discos_duros,CT,464.71,9061.76,14498.82,14498.82,12233.38,12233.38,11327.21,10874.12,https://static.ctonline.mx/imagenes/GABACT540/GABACT540_400.jpg,assets/img/catalog/GABACT540.jpg
GABACT550,"Gabinete Mini Torre Acteck KIOTO GC220F ESSENTIAL SERIES Factor de forma: Mini Torre, Tarjetas madre compatibles: Micro ATX y Mini ITX, Soporte para ventiladores: Superior 2 * 120 mm 1* 80mm, No Incluido, Bahías: 1x3.5""/2.5 Combo ODD, 3x2.5 SSD, Ranuras PCI: 4 (no compatible), Puertos:  2xUSB 2.0, 1x3.5mm Audio+ Micrófono, Fuente de poder ATX 500w. Color Blanco AC-939546","Gabinete Mini Torre Acteck KIOTO GC220F ESSENTIAL SERIES Factor de forma: Mini Torre, Tarjetas madre compatibles: Micro ATX y Mini ITX, Soporte para ventiladores: Superior 2 * 120 mm 1* 80mm, No Incluido, Bahías: 1x3.5""/2.5 Combo ODD, 3x2.5 SSD, Ranuras PCI: 4 (no compatible), Puertos:  2xUSB 2.0, 1x3.5mm Audio+ Micrófono, Fuente de poder ATX 500w. Color Blanco AC-939546. Clave Oficial CT: GABACT550. Marca: CT.",COMPONENTES DE ENSAMBLE,discos_duros,CT,411.76,8029.41,12847.06,12847.06,10839.71,10839.71,10036.76,9635.29,https://static.ctonline.mx/imagenes/GABACT550/GABACT550_400.jpg,assets/img/catalog/GABACT550.jpg
GABACT560,"Gabinete Mini Torre Acteck KIOTO GC220F ESSENTIAL SERIES Factor de forma: Mini Torre, Tarjetas madre compatibles: Micro ATX y Mini ITX, Soporte para ventiladores: Superior 2 * 120 mm 1* 80mm, No Incluido, Bahías: 1x3.5""/2.5 Combo ODD, 3x2.5 SSD, Ranuras PCI: 4 (no compatible), Puertos:  2xUSB 2.0, 1x3.5mm Audio+ Micrófono, Fuente de poder ATX 500w. Color Negro AC-939539","Gabinete Mini Torre Acteck KIOTO GC220F ESSENTIAL SERIES Factor de forma: Mini Torre, Tarjetas madre compatibles: Micro ATX y Mini ITX, Soporte para ventiladores: Superior 2 * 120 mm 1* 80mm, No Incluido, Bahías: 1x3.5""/2.5 Combo ODD, 3x2.5 SSD, Ranuras PCI: 4 (no compatible), Puertos:  2xUSB 2.0, 1x3.5mm Audio+ Micrófono, Fuente de poder ATX 500w. Color Negro AC-939539. Clave Oficial CT: GABACT560. Marca: CT.",COMPONENTES DE ENSAMBLE,discos_duros,CT,411.76,8029.41,12847.06,12847.06,10839.71,10839.71,10036.76,9635.29,https://static.ctonline.mx/imagenes/GABACT560/GABACT560_400.jpg,assets/img/catalog/GABACT560.jpg
GABACT130,"Gabinete ATX Acteck GM270 TURIN ESSENTIAL SERIES Factor de forma: Media Torre. Tarjetas madre compatibles: ATX, Micro ATX y Mini ITX, Soporte para ventiladores: Lateral 2 * 120 mm, No Incluido(s), Bahías: 1x5.25"" ODD, 1x3.5"" HDD, 3x2.5 SSD, Ranuras PCI 7, Puertos: 2xUSB 2.0, 2x3.5mm Audio+ Micrófono, Fuente de poder ATX 500w. Color NEGRO AC-932578","Gabinete ATX Acteck GM270 TURIN ESSENTIAL SERIES Factor de forma: Media Torre. Tarjetas madre compatibles: ATX, Micro ATX y Mini ITX, Soporte para ventiladores: Lateral 2 * 120 mm, No Incluido(s), Bahías: 1x5.25"" ODD, 1x3.5"" HDD, 3x2.5 SSD, Ranuras PCI 7, Puertos: 2xUSB 2.0, 2x3.5mm Audio+ Micrófono, Fuente de poder ATX 500w. Color NEGRO AC-932578. Clave Oficial CT: GABACT130. Marca: CT.",COMPONENTES DE ENSAMBLE,discos_duros,CT,521.77,10174.49,16279.18,16279.18,13735.56,13735.56,12718.11,12209.39,https://static.ctonline.mx/imagenes/GABACT130/GABACT130_400.jpg,assets/img/catalog/GABACT130.jpg
GABACT410,"Gabinete Mini Torre Acteck NEUSS PRO GI717 ELITE SERIES Tarjetas madre compatibles:  Micro  ATX/ITX. Panel Lateral Cristal Templado, Soporte para ventiladores: Trasero 1* 120mm, Costado 2* 120mm, Superior 2*120mm, No Incluidos, Bahías: 2 x 3.5 HDD, 2 x 2.5 SSD, Ranuras PCI: 4, Puertos:  1x USB 2.0, 1x USB 3.0 1x USB C 1 x 3.5mm Audio+ Micrófono, SIN FUENTE DE PODER, Color NEGRO AC-935937","Gabinete Mini Torre Acteck NEUSS PRO GI717 ELITE SERIES Tarjetas madre compatibles:  Micro  ATX/ITX. Panel Lateral Cristal Templado, Soporte para ventiladores: Trasero 1* 120mm, Costado 2* 120mm, Superior 2*120mm, No Incluidos, Bahías: 2 x 3.5 HDD, 2 x 2.5 SSD, Ranuras PCI: 4, Puertos:  1x USB 2.0, 1x USB 3.0 1x USB C 1 x 3.5mm Audio+ Micrófono, SIN FUENTE DE PODER, Color NEGRO AC-935937. Clave Oficial CT: GABACT410. Marca: CT.",COMPONENTES DE ENSAMBLE,discos_duros,CT,400.0,7800.0,12480.0,12480.0,10530.0,10530.0,9750.0,9360.0,https://static.ctonline.mx/imagenes/GABACT410/GABACT410_400.jpg,assets/img/catalog/GABACT410.jpg
GABACT420,"Gabinete Mini Torre Acteck NEUSS PRO GI717 ELITE SERIES Tarjetas madre compatibles:  Micro  ATX/ITX. Panel Lateral Cristal Templado, Soporte para ventiladores: Trasero 1* 120mm, Costado 2* 120mm, Superior 2*120mm, No Incluidos, Bahías: 2 x 3.5 HDD, 2 x 2.5 SSD, Ranuras PCI: 4, Puertos:  1x USB 2.0, 1x USB 3.0 1x USB C 1 x 3.5mm Audio+ Micrófono, SIN FUENTE DE PODER, Color Blanco AC-936002","Gabinete Mini Torre Acteck NEUSS PRO GI717 ELITE SERIES Tarjetas madre compatibles:  Micro  ATX/ITX. Panel Lateral Cristal Templado, Soporte para ventiladores: Trasero 1* 120mm, Costado 2* 120mm, Superior 2*120mm, No Incluidos, Bahías: 2 x 3.5 HDD, 2 x 2.5 SSD, Ranuras PCI: 4, Puertos:  1x USB 2.0, 1x USB 3.0 1x USB C 1 x 3.5mm Audio+ Micrófono, SIN FUENTE DE PODER, Color Blanco AC-936002. Clave Oficial CT: GABACT420. Marca: CT.",COMPONENTES DE ENSAMBLE,discos_duros,CT,400.0,7800.0,12480.0,12480.0,10530.0,10530.0,9750.0,9360.0,https://static.ctonline.mx/imagenes/GABACT420/GABACT420_400.jpg,assets/img/catalog/GABACT420.jpg
GABACT440,"Gabinete Mini Torre Acteck NEUSS PLUS GI707 ELITE SERIES Tarjetas madre compatibles:  Micro  ATX/ITX. Soporte para ventiladores: Trasero 1* 80mm, No Incluido, Bahías: 2 x 3.5 HDD, 2 x 2.5 SSD, Ranuras PCI: 4, Puertos: 1x USB 2.0, 1xUSB 3.0,  1 x 3.5mm Audio+ Micrófono, Fuente de poder SFX 500w. atx 20 + 4 PIN, ATX 12V 4PIN, PCIe 6+2 PIN, 2 SATA, 1 Molex 4 PIN, Color Blanco AC-936026","Gabinete Mini Torre Acteck NEUSS PLUS GI707 ELITE SERIES Tarjetas madre compatibles:  Micro  ATX/ITX. Soporte para ventiladores: Trasero 1* 80mm, No Incluido, Bahías: 2 x 3.5 HDD, 2 x 2.5 SSD, Ranuras PCI: 4, Puertos: 1x USB 2.0, 1xUSB 3.0,  1 x 3.5mm Audio+ Micrófono, Fuente de poder SFX 500w. atx 20 + 4 PIN, ATX 12V 4PIN, PCIe 6+2 PIN, 2 SATA, 1 Molex 4 PIN, Color Blanco AC-936026. Clave Oficial CT: GABACT440. Marca: CT.",COMPONENTES DE ENSAMBLE,discos_duros,CT,423.53,8258.82,13214.12,13214.12,11149.41,11149.41,10323.53,9910.59,https://static.ctonline.mx/imagenes/GABACT440/GABACT440_400.jpg,assets/img/catalog/GABACT440.jpg
GABACT160,"Gabinete MICRO SLIM Acteck KIOTO GC220 ESSENTIAL SERIES Factor de forma: Micro Slim M-ATX. Tarjetas madre compatibles: Micro ATX y Mini ITX, Soporte para ventiladores: Superior 2 * 120 mm 1* 80mm, No Incluido, Bahías: 1x3.5""/2.5 Combo ODD, 3x2.5 SSD, Ranuras PCI: 4 (no compatible), Puertos:  2xUSB 2.0, 1x3.5mm Audio+ Micrófono, Fuente de poder ATX 500w. Color NEGRO AC-933063","Gabinete MICRO SLIM Acteck KIOTO GC220 ESSENTIAL SERIES Factor de forma: Micro Slim M-ATX. Tarjetas madre compatibles: Micro ATX y Mini ITX, Soporte para ventiladores: Superior 2 * 120 mm 1* 80mm, No Incluido, Bahías: 1x3.5""/2.5 Combo ODD, 3x2.5 SSD, Ranuras PCI: 4 (no compatible), Puertos:  2xUSB 2.0, 1x3.5mm Audio+ Micrófono, Fuente de poder ATX 500w. Color NEGRO AC-933063. Clave Oficial CT: GABACT160. Marca: CT.",COMPONENTES DE ENSAMBLE,discos_duros,CT,464.76,9062.91,14500.66,14500.66,12234.93,12234.93,11328.64,10875.49,https://static.ctonline.mx/imagenes/GABACT160/GABACT160_400.jpg,assets/img/catalog/GABACT160.jpg
GABACT320,"Gabinete micro Torre Performance II GI215 Essential Series, Factor: Micro Atx - Mini ITX, Soporte para ventiladores: Superior 2x120mm no incluidos 1x120mm frontal y lateral no incluidos, Ranuras PCI 4, Puertos: 2x USB 2.0 y 1x 3.5mm Dual (Audio y micrófono), Bahías 1x 3.5"" HDD 1x 2.5"" SSD, Fuente de poder 500w Color Negro. AC-935777","Gabinete micro Torre Performance II GI215 Essential Series, Factor: Micro Atx - Mini ITX, Soporte para ventiladores: Superior 2x120mm no incluidos 1x120mm frontal y lateral no incluidos, Ranuras PCI 4, Puertos: 2x USB 2.0 y 1x 3.5mm Dual (Audio y micrófono), Bahías 1x 3.5"" HDD 1x 2.5"" SSD, Fuente de poder 500w Color Negro. AC-935777. Clave Oficial CT: GABACT320. Marca: CT.",COMPONENTES DE ENSAMBLE,discos_duros,CT,464.71,9061.76,14498.82,14498.82,12233.38,12233.38,11327.21,10874.12,https://static.ctonline.mx/imagenes/GABACT320/GABACT320_400.jpg,assets/img/catalog/GABACT320.jpg
GABACT580,"Gabinete Micro Torre Performance II GI215F Essential Series Factor: Micro Atx - Mini ITX, Soporte para ventiladores: Superior 2x120mm no incluidos 1x120mm frontal y lateral no incluidos, Ranuras PCI 4, Puertos: 2x USB 2.0 y 1x 3.5mm Dual (Audio y micrófono), Bahías 1x 3.5"" HDD 1x 2.5"" SSD, Fuente de poder 500w Color Blanco. AC-940047","Gabinete Micro Torre Performance II GI215F Essential Series Factor: Micro Atx - Mini ITX, Soporte para ventiladores: Superior 2x120mm no incluidos 1x120mm frontal y lateral no incluidos, Ranuras PCI 4, Puertos: 2x USB 2.0 y 1x 3.5mm Dual (Audio y micrófono), Bahías 1x 3.5"" HDD 1x 2.5"" SSD, Fuente de poder 500w Color Blanco. AC-940047. Clave Oficial CT: GABACT580. Marca: CT.",COMPONENTES DE ENSAMBLE,discos_duros,CT,464.71,9061.76,14498.82,14498.82,12233.38,12233.38,11327.21,10874.12,https://static.ctonline.mx/imagenes/GABACT580/GABACT580_400.jpg,assets/img/catalog/GABACT580.jpg
GABACT270,"Gabinete media Torre Kiruna II GM420 Advanced Series, Factor: ATX, Micro Atx - Mini ITX,, Soporte de ventiladores: 3x120mm Superior 1x120mm Frontal no incluidos, Ranuras PCI 7, Puertos: 2x USB 2.0, 1x3.5mm Dual(Audio y micrófono), Bahías: 1x5.25"" ODD,2x 2.5/3.5 (SSD, HDD) combo, 2x 2.5"" SSD, Fuente de poder 500w Color Negro. AC-935685","Gabinete media Torre Kiruna II GM420 Advanced Series, Factor: ATX, Micro Atx - Mini ITX,, Soporte de ventiladores: 3x120mm Superior 1x120mm Frontal no incluidos, Ranuras PCI 7, Puertos: 2x USB 2.0, 1x3.5mm Dual(Audio y micrófono), Bahías: 1x5.25"" ODD,2x 2.5/3.5 (SSD, HDD) combo, 2x 2.5"" SSD, Fuente de poder 500w Color Negro. AC-935685. Clave Oficial CT: GABACT270. Marca: CT.",COMPONENTES DE ENSAMBLE,discos_duros,CT,469.53,9155.82,14649.32,14649.32,12360.36,12360.36,11444.78,10986.99,https://static.ctonline.mx/imagenes/GABACT270/GABACT270_400.jpg,assets/img/catalog/GABACT270.jpg
GABACT140,"Gabinete Micro ATX Acteck Gc240 KIOTO ESSENTIAL SERIES Factor de forma: Mini Torre. Tarjetas madre compatibles: Micro ATX y Mini ITX, Soporte para ventiladores: Lateral 1*120 mm, Frontal 1*120 mm, No Incluidos, Bahías: 1x5.25"" ODD, 2x 3,5/2.5""(Combo) SSD, Ranuras PCI 4, Puertos: 1xUSB 3.0 1xUSB 2.0, 2x3.5mm Audio+ Micrófono, Fuente de poder ATX 500w. Color NEGRO AC-932547","Gabinete Micro ATX Acteck Gc240 KIOTO ESSENTIAL SERIES Factor de forma: Mini Torre. Tarjetas madre compatibles: Micro ATX y Mini ITX, Soporte para ventiladores: Lateral 1*120 mm, Frontal 1*120 mm, No Incluidos, Bahías: 1x5.25"" ODD, 2x 3,5/2.5""(Combo) SSD, Ranuras PCI 4, Puertos: 1xUSB 3.0 1xUSB 2.0, 2x3.5mm Audio+ Micrófono, Fuente de poder ATX 500w. Color NEGRO AC-932547. Clave Oficial CT: GABACT140. Marca: CT.",COMPONENTES DE ENSAMBLE,discos_duros,CT,494.12,9635.29,15416.47,15416.47,13007.65,13007.65,12044.12,11562.35,https://static.ctonline.mx/imagenes/GABACT140/GABACT140_400.jpg,assets/img/catalog/GABACT140.jpg
GABACT300,"Gabinete micro Torre Performance II GI215w Essential Series, Factor: Micro Atx - Mini ITX, Panel de acrílico, Soporte para ventiladores: Superior 2x120mm no incluidos 1x120mm frontal y lateral no incluidos, Ranuras PCI 4, Puertos: 2x USB 2.0 y 1x 3.5mm Dual (Audio y micrófono), Bahías 1x 3.5"" HDD 1x 2.5"" SSD, Fuente de poder 500w Color Negro. AC-935784","Gabinete micro Torre Performance II GI215w Essential Series, Factor: Micro Atx - Mini ITX, Panel de acrílico, Soporte para ventiladores: Superior 2x120mm no incluidos 1x120mm frontal y lateral no incluidos, Ranuras PCI 4, Puertos: 2x USB 2.0 y 1x 3.5mm Dual (Audio y micrófono), Bahías 1x 3.5"" HDD 1x 2.5"" SSD, Fuente de poder 500w Color Negro. AC-935784. Clave Oficial CT: GABACT300. Marca: CT.",COMPONENTES DE ENSAMBLE,discos_duros,CT,500.0,9750.0,15600.0,15600.0,13162.5,13162.5,12187.5,11700.0,https://static.ctonline.mx/imagenes/GABACT300/GABACT300_400.jpg,assets/img/catalog/GABACT300.jpg
GABACT310,"Gabinete micro Torre Performance II GI215w Essential Series, Factor: Micro Atx - Mini ITX, Panel de acrílico, Soporte para ventiladores: Superior 2x120mm no incluidos 1x120mm frontal y lateral no incluidos, Ranuras PCI 4, Puertos: 2x USB 2.0 y 1x 3.5mm Dual (Audio y micrófono), Bahías 1x 3.5"" HDD 1x 2.5"" SSD, Fuente de poder 500w Color Blanco. AC-935852","Gabinete micro Torre Performance II GI215w Essential Series, Factor: Micro Atx - Mini ITX, Panel de acrílico, Soporte para ventiladores: Superior 2x120mm no incluidos 1x120mm frontal y lateral no incluidos, Ranuras PCI 4, Puertos: 2x USB 2.0 y 1x 3.5mm Dual (Audio y micrófono), Bahías 1x 3.5"" HDD 1x 2.5"" SSD, Fuente de poder 500w Color Blanco. AC-935852. Clave Oficial CT: GABACT310. Marca: CT.",COMPONENTES DE ENSAMBLE,discos_duros,CT,500.0,9750.0,15600.0,15600.0,13162.5,13162.5,12187.5,11700.0,https://static.ctonline.mx/imagenes/GABACT310/GABACT310_400.jpg,assets/img/catalog/GABACT310.jpg
GABACT280,"Gabinete micro Torre Fusión II GI440 Advanced Series, Factor: Micro Atx - Mini ITX, Panel de acrílico, Soporte para ventiladores: Superior 2x120mm no incluidos, Ranuras PCI 4, Puertos: 1x USB 2.0, 1x USB 3.0 y 1x 3.5mm Dual(Audio y micrófono), Bahías 1x 3.5"" HDD 1x 2.5"" SSD, Fuente de poder 500w Color Negro. AC-935753","Gabinete micro Torre Fusión II GI440 Advanced Series, Factor: Micro Atx - Mini ITX, Panel de acrílico, Soporte para ventiladores: Superior 2x120mm no incluidos, Ranuras PCI 4, Puertos: 1x USB 2.0, 1x USB 3.0 y 1x 3.5mm Dual(Audio y micrófono), Bahías 1x 3.5"" HDD 1x 2.5"" SSD, Fuente de poder 500w Color Negro. AC-935753. Clave Oficial CT: GABACT280. Marca: CT.",COMPONENTES DE ENSAMBLE,discos_duros,CT,564.71,11011.76,17618.82,17618.82,14865.88,14865.88,13764.71,13214.12,https://static.ctonline.mx/imagenes/GABACT280/GABACT280_400.jpg,assets/img/catalog/GABACT280.jpg
GABACT290,"Gabinete micro Torre Fusión II GI440 Advanced Series, Factor: Micro Atx - Mini ITX, Panel de acrílico, Soporte para ventiladores: Superior 2x120mm no incluidos, Ranuras PCI 4, Puertos: 1x USB 2.0, 1x USB 3.0 y 1x 3.5mm Dual(Audio y micrófono), Bahías 1x 3.5"" HDD 1x 2.5"" SSD, Fuente de poder 500w Color Blanco. AC-935760","Gabinete micro Torre Fusión II GI440 Advanced Series, Factor: Micro Atx - Mini ITX, Panel de acrílico, Soporte para ventiladores: Superior 2x120mm no incluidos, Ranuras PCI 4, Puertos: 1x USB 2.0, 1x USB 3.0 y 1x 3.5mm Dual(Audio y micrófono), Bahías 1x 3.5"" HDD 1x 2.5"" SSD, Fuente de poder 500w Color Blanco. AC-935760. Clave Oficial CT: GABACT290. Marca: CT.",COMPONENTES DE ENSAMBLE,discos_duros,CT,564.71,11011.76,17618.82,17618.82,14865.88,14865.88,13764.71,13214.12,https://static.ctonline.mx/imagenes/GABACT290/GABACT290_400.jpg,assets/img/catalog/GABACT290.jpg
GABACT170,"Gabinete MICRO SLIM Acteck KIOTO GC460 RGB ESSENTIAL SERIES Factor de forma: Micro Slim M-ATX. Tarjetas madre compatibles: Micro ATX y Mini ITX, Soporte para ventiladores: Superior 2 * 120 mm 1* 80mm, No Incluido, Bahías: 1x3.5""/2.5 Combo ODD, 3x2.5 SSD, Ranuras PCI: 4 (no compatible), Puertos:1XUSB 3.0  2xUSB 2.0, 1x3.5mm Audio+ Micrófono, Fuente de poder ATX 500w. Color NEGRO RGB AC-933070","Gabinete MICRO SLIM Acteck KIOTO GC460 RGB ESSENTIAL SERIES Factor de forma: Micro Slim M-ATX. Tarjetas madre compatibles: Micro ATX y Mini ITX, Soporte para ventiladores: Superior 2 * 120 mm 1* 80mm, No Incluido, Bahías: 1x3.5""/2.5 Combo ODD, 3x2.5 SSD, Ranuras PCI: 4 (no compatible), Puertos:1XUSB 3.0  2xUSB 2.0, 1x3.5mm Audio+ Micrófono, Fuente de poder ATX 500w. Color NEGRO RGB AC-933070. Clave Oficial CT: GABACT170. Marca: CT.",COMPONENTES DE ENSAMBLE,discos_duros,CT,576.47,11241.18,17985.88,17985.88,15175.59,15175.59,14051.47,13489.41,https://static.ctonline.mx/imagenes/GABACT170/GABACT170_400.jpg,assets/img/catalog/GABACT170.jpg
GABACT190,"Gabinete Micro ATX/ITX Acteck NEUSS GI480 ADVANCED SERIES Tarjetas madre compatibles:  Micro  ATX/ITX. Soporte para ventiladores: Superior  1* 80mm, No Incluido, Bahías: 2 x 3.5 HDD, 2 x 2.5 SSD, Ranuras PCI: 4, Puertos:  2x USB 2.0, 1 x 3.5mm Audio+ Micrófono, Fuente de poder SFX 450w. atx 20 + 4 PIN, ATX 12V 4PIN, PCIe 6+2 PIN, 2 SATA, 1 Molex 4 PIN, Color NEGRO AC-935142","Gabinete Micro ATX/ITX Acteck NEUSS GI480 ADVANCED SERIES Tarjetas madre compatibles:  Micro  ATX/ITX. Soporte para ventiladores: Superior  1* 80mm, No Incluido, Bahías: 2 x 3.5 HDD, 2 x 2.5 SSD, Ranuras PCI: 4, Puertos:  2x USB 2.0, 1 x 3.5mm Audio+ Micrófono, Fuente de poder SFX 450w. atx 20 + 4 PIN, ATX 12V 4PIN, PCIe 6+2 PIN, 2 SATA, 1 Molex 4 PIN, Color NEGRO AC-935142. Clave Oficial CT: GABACT190. Marca: CT.",COMPONENTES DE ENSAMBLE,discos_duros,CT,423.53,8258.82,13214.12,13214.12,11149.41,11149.41,10323.53,9910.59,https://static.ctonline.mx/imagenes/GABACT190/GABACT190_400.jpg,assets/img/catalog/GABACT190.jpg
GABACT200,"Gabinete Micro Torre Acteck Neuss GI485 Advanced Series Factor: Micro Atx, Mini ITX, Puertos: 2 USB 1 USB C 1 puerto dual 3.5mm(audio y micrófono), Bahías: 2 2.5"" SSD, 2 3.5"" HDD, Ranura PCI: 4, Fuente de poder SFX 450w, Color Blanco. AC-935159","Gabinete Micro Torre Acteck Neuss GI485 Advanced Series Factor: Micro Atx, Mini ITX, Puertos: 2 USB 1 USB C 1 puerto dual 3.5mm(audio y micrófono), Bahías: 2 2.5"" SSD, 2 3.5"" HDD, Ranura PCI: 4, Fuente de poder SFX 450w, Color Blanco. AC-935159. Clave Oficial CT: GABACT200. Marca: CT.",COMPONENTES DE ENSAMBLE,discos_duros,CT,458.82,8947.06,14315.29,14315.29,12078.53,12078.53,11183.82,10736.47,https://static.ctonline.mx/imagenes/GABACT200/GABACT200_400.jpg,assets/img/catalog/GABACT200.jpg
GABACT330,"Gabinete compacto mini Torre Fuji GC470 Advanced Series, Factor: Micro Atx - Mini ITX, Panel de acrílico, Soporte para ventiladores: Superior 2x120mm FRGB incluidos, 1x120mm lateral no incluidos, Ranuras PCI 4, Puertos: 2x USB 2.0, 1x USB 3.0 y 1x 3.5mm Dual (Audio y micrófono), Bahías 1x 3.5""/2.5"" combo, 3x 2.5"" SSD, Fuente de poder 500w Color Negro. AC-935838","Gabinete compacto mini Torre Fuji GC470 Advanced Series, Factor: Micro Atx - Mini ITX, Panel de acrílico, Soporte para ventiladores: Superior 2x120mm FRGB incluidos, 1x120mm lateral no incluidos, Ranuras PCI 4, Puertos: 2x USB 2.0, 1x USB 3.0 y 1x 3.5mm Dual (Audio y micrófono), Bahías 1x 3.5""/2.5"" combo, 3x 2.5"" SSD, Fuente de poder 500w Color Negro. AC-935838. Clave Oficial CT: GABACT330. Marca: CT.",COMPONENTES DE ENSAMBLE,discos_duros,CT,623.53,12158.82,19454.12,19454.12,16414.41,16414.41,15198.53,14590.59,https://static.ctonline.mx/imagenes/GABACT330/GABACT330_400.jpg,assets/img/catalog/GABACT330.jpg
GABACT700,"Gabinete Mini Torre Acteck DOOM ULTRA MESH GI750M Factor: Micro Atx, Mini ITX, Puertos: 2 USB 2.0 1 Puerto dual 3.5mm(audio y micrófono), Bahías: 1 2.5"" SSD, 1 3.5/2.5 Combo, 1 3.5 , Frente Malla, Panel Izquierdo de Cristal templado, , Fuente de poder ATX 500w, Incluye 2 Ventiladores 120mm FRGB, Color Negro. AC-943772","Gabinete Mini Torre Acteck DOOM ULTRA MESH GI750M Factor: Micro Atx, Mini ITX, Puertos: 2 USB 2.0 1 Puerto dual 3.5mm(audio y micrófono), Bahías: 1 2.5"" SSD, 1 3.5/2.5 Combo, 1 3.5 , Frente Malla, Panel Izquierdo de Cristal templado, , Fuente de poder ATX 500w, Incluye 2 Ventiladores 120mm FRGB, Color Negro. AC-943772. Clave Oficial CT: GABACT700. Marca: CT.",COMPONENTES DE ENSAMBLE,discos_duros,CT,588.24,11470.59,18352.94,18352.94,15485.29,15485.29,14338.24,13764.71,https://static.ctonline.mx/imagenes/GABACT700/GABACT700_400.jpg,assets/img/catalog/GABACT700.jpg
GABACT710,"Gabinete Mini Torre  APEX GI205F ACTECK  Factor: Micro Atx, Mini ITX, Puertos: 2 USB 2.0 1 Puerto dual 3.5mm(audio y micrófono), Bahías: 1 2.5"" SSD, 1 3.5/2.5 Combo, 1 3.5 , Fuente de poder ATX 500w, Color Negro. AC-943796","Gabinete Mini Torre  APEX GI205F ACTECK  Factor: Micro Atx, Mini ITX, Puertos: 2 USB 2.0 1 Puerto dual 3.5mm(audio y micrófono), Bahías: 1 2.5"" SSD, 1 3.5/2.5 Combo, 1 3.5 , Fuente de poder ATX 500w, Color Negro. AC-943796. Clave Oficial CT: GABACT710. Marca: CT.",COMPONENTES DE ENSAMBLE,discos_duros,CT,400.0,7800.0,12480.0,12480.0,10530.0,10530.0,9750.0,9360.0,https://static.ctonline.mx/imagenes/GABACT710/GABACT710_400.jpg,assets/img/catalog/GABACT710.jpg
GABACT720,"Gabinete Mini Torre  APEX GI205F ACTECK  Factor: Micro Atx, Mini ITX, Puertos: 2 USB 2.0 1 Puerto dual 3.5mm(audio y micrófono), Bahías: 1 2.5"" SSD, 1 3.5/2.5 Combo, 1 3.5 , Fuente de poder ATX 500w, Color Negro. AC-943802","Gabinete Mini Torre  APEX GI205F ACTECK  Factor: Micro Atx, Mini ITX, Puertos: 2 USB 2.0 1 Puerto dual 3.5mm(audio y micrófono), Bahías: 1 2.5"" SSD, 1 3.5/2.5 Combo, 1 3.5 , Fuente de poder ATX 500w, Color Negro. AC-943802. Clave Oficial CT: GABACT720. Marca: CT.",COMPONENTES DE ENSAMBLE,discos_duros,CT,400.0,7800.0,12480.0,12480.0,10530.0,10530.0,9750.0,9360.0,https://static.ctonline.mx/imagenes/GABACT720/GABACT720_400.jpg,assets/img/catalog/GABACT720.jpg
GABACT590,"Gabinete Media Torre ESSEN PRO X GM767 ELITE Series, Factor: ATX, Micro Atx - e ITX, Panel Lateral Cristal Templado, Incluye 3 Ventiladores 120mm Iluminación Rainbow, Espacio para Ventilador 120mm trasero no Incluido, Puertos: 1x USB Tipo C 3.1, 1x USB 3.0, 1x USB 2.0 y 1x 3.5mm Dual (Audio y micrófono), Bahías 1x 3.5"", 3x 2.5"" SSD, No Incluye Fuente de Poder, Color Negro. AC-941709","Gabinete Media Torre ESSEN PRO X GM767 ELITE Series, Factor: ATX, Micro Atx - e ITX, Panel Lateral Cristal Templado, Incluye 3 Ventiladores 120mm Iluminación Rainbow, Espacio para Ventilador 120mm trasero no Incluido, Puertos: 1x USB Tipo C 3.1, 1x USB 3.0, 1x USB 2.0 y 1x 3.5mm Dual (Audio y micrófono), Bahías 1x 3.5"", 3x 2.5"" SSD, No Incluye Fuente de Poder, Color Negro. AC-941709. Clave Oficial CT: GABACT590. Marca: CT.",COMPONENTES DE ENSAMBLE,discos_duros,CT,618.81,12066.83,19306.93,19306.93,16290.22,16290.22,15083.54,14480.2,https://static.ctonline.mx/imagenes/GABACT590/GABACT590_400.jpg,assets/img/catalog/GABACT590.jpg
GABACT600,"Gabinete Media Torre ESSEN PRO X GM767 ELITE Series, Factor: ATX, Micro Atx - e ITX, Panel Lateral Cristal Templado, Incluye 3 Ventiladores 120mm Iluminación Rainbow, Espacio para Ventilador 120mm trasero no Incluido, Puertos: 1x USB Tipo C 3.1, 1x USB 3.0, 1x USB 2.0 y 1x 3.5mm Dual (Audio y micrófono), Bahías 1x 3.5"", 3x 2.5"" SSD, No Incluye Fuente de Poder, Color Blanco. AC-941716","Gabinete Media Torre ESSEN PRO X GM767 ELITE Series, Factor: ATX, Micro Atx - e ITX, Panel Lateral Cristal Templado, Incluye 3 Ventiladores 120mm Iluminación Rainbow, Espacio para Ventilador 120mm trasero no Incluido, Puertos: 1x USB Tipo C 3.1, 1x USB 3.0, 1x USB 2.0 y 1x 3.5mm Dual (Audio y micrófono), Bahías 1x 3.5"", 3x 2.5"" SSD, No Incluye Fuente de Poder, Color Blanco. AC-941716. Clave Oficial CT: GABACT600. Marca: CT.",COMPONENTES DE ENSAMBLE,discos_duros,CT,618.81,12066.83,19306.93,19306.93,16290.22,16290.22,15083.54,14480.2,https://static.ctonline.mx/imagenes/GABACT600/GABACT600_400.jpg,assets/img/catalog/GABACT600.jpg
GABACT210,"Gabinete Mini Torre Acteck Doom GI630 Elite Series Factor: Micro Atx, Mini ITX, Puertos: 1 USB 2.0 1 USB 3.0  Puerto dual 3.5mm(audio y micrófono), Bahías: 1 2.5"" SSD, 1 3.5"" HDD, Ranura PCI: 4, Fuente de poder ATX 500w, Incluye 3 Ventiladores 120mm FRGB, Color Negro. AC-935739","Gabinete Mini Torre Acteck Doom GI630 Elite Series Factor: Micro Atx, Mini ITX, Puertos: 1 USB 2.0 1 USB 3.0  Puerto dual 3.5mm(audio y micrófono), Bahías: 1 2.5"" SSD, 1 3.5"" HDD, Ranura PCI: 4, Fuente de poder ATX 500w, Incluye 3 Ventiladores 120mm FRGB, Color Negro. AC-935739. Clave Oficial CT: GABACT210. Marca: CT.",COMPONENTES DE ENSAMBLE,discos_duros,CT,764.71,14911.76,23858.82,23858.82,20130.88,20130.88,18639.71,17894.12,https://static.ctonline.mx/imagenes/GABACT210/GABACT210_400.jpg,assets/img/catalog/GABACT210.jpg
GABACT490,"Gabinete Mini Torre Acteck ZENITH GI656 Factor: Micro Atx, Mini ITX, Puertos: 2 USB 2.0 1 USB 3.0  Puerto dual 3.5mm(audio y micrófono), Bahías: 1 2.5"" SSD, 1 3.5/2.5 Combo, 1 3.5 , Fuente de poder ATX 500w, Incluye 1 Ventiladores 120mm , Color Negro. AC-939263","Gabinete Mini Torre Acteck ZENITH GI656 Factor: Micro Atx, Mini ITX, Puertos: 2 USB 2.0 1 USB 3.0  Puerto dual 3.5mm(audio y micrófono), Bahías: 1 2.5"" SSD, 1 3.5/2.5 Combo, 1 3.5 , Fuente de poder ATX 500w, Incluye 1 Ventiladores 120mm , Color Negro. AC-939263. Clave Oficial CT: GABACT490. Marca: CT.",COMPONENTES DE ENSAMBLE,discos_duros,CT,700.92,13667.89,21868.63,21868.63,18451.66,18451.66,17084.87,16401.47,https://static.ctonline.mx/imagenes/GABACT490/GABACT490_400.jpg,assets/img/catalog/GABACT490.jpg
GABACT500,"Gabinete Mini Torre Acteck ZENITH GI656 Factor: Micro Atx, Mini ITX, Puertos: 2 USB 2.0 1 USB 3.0  Puerto dual 3.5mm(audio y micrófono), Bahías: 1 2.5"" SSD, 1 3.5/2.5 Combo, 1 3.5 , Fuente de poder ATX 500w, Incluye 1 Ventiladores 120mm , Color Blanco. AC-939270","Gabinete Mini Torre Acteck ZENITH GI656 Factor: Micro Atx, Mini ITX, Puertos: 2 USB 2.0 1 USB 3.0  Puerto dual 3.5mm(audio y micrófono), Bahías: 1 2.5"" SSD, 1 3.5/2.5 Combo, 1 3.5 , Fuente de poder ATX 500w, Incluye 1 Ventiladores 120mm , Color Blanco. AC-939270. Clave Oficial CT: GABACT500. Marca: CT.",COMPONENTES DE ENSAMBLE,discos_duros,CT,700.92,13667.89,21868.63,21868.63,18451.66,18451.66,17084.87,16401.47,https://static.ctonline.mx/imagenes/GABACT500/GABACT500_400.jpg,assets/img/catalog/GABACT500.jpg
GABACT450,"Gabinete Mini Torre Acteck DOOM PRO CRYSTAL GI730C Factor: Micro Atx, Mini ITX, Puertos: 1 USB 2.0 1 USB 3.0  Puerto dual 3.5mm(audio y micrófono), Bahías: 1 2.5"" SSD, 1 3.5/2.5 Combo, 1 3.5 , Frente Cristal, Panel Izquierdo de Cristal templado, , Fuente de poder ATX 600w, Incluye 3 Ventiladores 120mm FRGB, Color Negro. AC-939225","Gabinete Mini Torre Acteck DOOM PRO CRYSTAL GI730C Factor: Micro Atx, Mini ITX, Puertos: 1 USB 2.0 1 USB 3.0  Puerto dual 3.5mm(audio y micrófono), Bahías: 1 2.5"" SSD, 1 3.5/2.5 Combo, 1 3.5 , Frente Cristal, Panel Izquierdo de Cristal templado, , Fuente de poder ATX 600w, Incluye 3 Ventiladores 120mm FRGB, Color Negro. AC-939225. Clave Oficial CT: GABACT450. Marca: CT.",COMPONENTES DE ENSAMBLE,discos_duros,CT,932.32,18180.19,29088.31,29088.31,24543.26,24543.26,22725.24,21816.23,https://static.ctonline.mx/imagenes/GABACT450/GABACT450_400.jpg,assets/img/catalog/GABACT450.jpg
GABACT650,"Gabinete Mini Torre  ZYRON GC606 ACTECK  Factor: Micro Atx, Mini ITX, Paneles de Cristal Templado,Puertos: 1 USB 2.0 1 USB 3.0 Puerto dual 3.5mm(audio y micrófono), Bahías: 1 2.5"" SSD, 1 3.5/2.5 Combo, 1 3.5  , Fuente de poder ATX 500w, Incluye 2 Ventiladores 120mm FRGB Frontales 1 Ventalador 120mm FGRB Trasero, Color Negro. AC-943819","Gabinete Mini Torre  ZYRON GC606 ACTECK  Factor: Micro Atx, Mini ITX, Paneles de Cristal Templado,Puertos: 1 USB 2.0 1 USB 3.0 Puerto dual 3.5mm(audio y micrófono), Bahías: 1 2.5"" SSD, 1 3.5/2.5 Combo, 1 3.5  , Fuente de poder ATX 500w, Incluye 2 Ventiladores 120mm FRGB Frontales 1 Ventalador 120mm FGRB Trasero, Color Negro. AC-943819. Clave Oficial CT: GABACT650. Marca: CT.",COMPONENTES DE ENSAMBLE,discos_duros,CT,447.06,8717.65,13948.24,13948.24,11768.82,11768.82,10897.06,10461.18,https://static.ctonline.mx/imagenes/GABACT650/GABACT650_400.jpg,assets/img/catalog/GABACT650.jpg
GABACT640,"Gabinete Mini Torre Acteck DOOM ULTRA CRYSTAL GI750C Factor: Micro Atx, Mini ITX, Paneles de Cristal Templado, Puertos: 1 USB 2.0 1 USB Puerto dual 3.5mm(audio y micrófono), Bahías: 1 2.5"" SSD, 1 3.5/2.5 Combo, 1 3.5, Fuente de poder ATX 500w, Incluye 2 Ventiladores 120mm FRGB, Color Negro. AC-943789","Gabinete Mini Torre Acteck DOOM ULTRA CRYSTAL GI750C Factor: Micro Atx, Mini ITX, Paneles de Cristal Templado, Puertos: 1 USB 2.0 1 USB Puerto dual 3.5mm(audio y micrófono), Bahías: 1 2.5"" SSD, 1 3.5/2.5 Combo, 1 3.5, Fuente de poder ATX 500w, Incluye 2 Ventiladores 120mm FRGB, Color Negro. AC-943789. Clave Oficial CT: GABACT640. Marca: CT.",COMPONENTES DE ENSAMBLE,discos_duros,CT,588.24,11470.59,18352.94,18352.94,15485.29,15485.29,14338.24,13764.71,https://static.ctonline.mx/imagenes/GABACT640/GABACT640_400.jpg,assets/img/catalog/GABACT640.jpg
GABACT460,"Gabinete Mini Torre Acteck DOOM PRO CRYSTAL GI730C Factor: Micro Atx, Mini ITX, Puertos: 1 USB 2.0 1 USB 3.0  Puerto dual 3.5mm(audio y micrófono), Bahías: 1 2.5"" SSD, 1 3.5/2.5 Combo, 1 3.5 ,Frente Criatal, Panel Izquierdo de Cristal templado, Fuente de poder ATX 600w, Incluye 3 Ventiladores 120mm FRGB, Color Blanco. AC-939232","Gabinete Mini Torre Acteck DOOM PRO CRYSTAL GI730C Factor: Micro Atx, Mini ITX, Puertos: 1 USB 2.0 1 USB 3.0  Puerto dual 3.5mm(audio y micrófono), Bahías: 1 2.5"" SSD, 1 3.5/2.5 Combo, 1 3.5 ,Frente Criatal, Panel Izquierdo de Cristal templado, Fuente de poder ATX 600w, Incluye 3 Ventiladores 120mm FRGB, Color Blanco. AC-939232. Clave Oficial CT: GABACT460. Marca: CT.",COMPONENTES DE ENSAMBLE,discos_duros,CT,932.32,18180.19,29088.31,29088.31,24543.26,24543.26,22725.24,21816.23,https://static.ctonline.mx/imagenes/GABACT460/GABACT460_400.jpg,assets/img/catalog/GABACT460.jpg
GABACT220,"Gabinete Mini Torre Acteck Doom GI630 Elite Series Factor: Micro Atx, Mini ITX, Puertos: 1 USB 2.0 1 USB 3.0  Puerto dual 3.5mm(audio y micrófono), Bahías: 1 2.5"" SSD, 1 3.5"" HDD, Ranura PCI: 4, Fuente de poder ATX 500w, Incluye 3 Ventiladores 120mm FRGB, Color Blanco. AC-935746","Gabinete Mini Torre Acteck Doom GI630 Elite Series Factor: Micro Atx, Mini ITX, Puertos: 1 USB 2.0 1 USB 3.0  Puerto dual 3.5mm(audio y micrófono), Bahías: 1 2.5"" SSD, 1 3.5"" HDD, Ranura PCI: 4, Fuente de poder ATX 500w, Incluye 3 Ventiladores 120mm FRGB, Color Blanco. AC-935746. Clave Oficial CT: GABACT220. Marca: CT.",COMPONENTES DE ENSAMBLE,discos_duros,CT,764.71,14911.76,23858.82,23858.82,20130.88,20130.88,18639.71,17894.12,https://static.ctonline.mx/imagenes/GABACT220/GABACT220_400.jpg,assets/img/catalog/GABACT220.jpg
GABBLR910,"Gabinete Gamer Mini Torre Tank Perform 3600 Legend Series, Factor:  Micro ATX, ITX, Panel Frontal y Lateral de Cristal Templado, Panel Derecho Metal, 2 Ventiladores Laterales  de 120mm (ARGB), 1 Ventilador Trasero 120mm,  1 HDD, 1 SSD, Puertos: 1X USB 3.0, 1X USB 2.0, 1 3.5mm Dual(Audio y micrófono),  Color Blanco, BR-941648","Gabinete Gamer Mini Torre Tank Perform 3600 Legend Series, Factor:  Micro ATX, ITX, Panel Frontal y Lateral de Cristal Templado, Panel Derecho Metal, 2 Ventiladores Laterales  de 120mm (ARGB), 1 Ventilador Trasero 120mm,  1 HDD, 1 SSD, Puertos: 1X USB 3.0, 1X USB 2.0, 1 3.5mm Dual(Audio y micrófono),  Color Blanco, BR-941648. Clave Oficial CT: GABBLR910. Marca: CT.",COMPONENTES DE ENSAMBLE,discos_duros,CT,823.53,16058.82,25694.12,25694.12,21679.41,21679.41,20073.53,19270.59,https://static.ctonline.mx/imagenes/GABBLR910/GABBLR910_400.jpg,assets/img/catalog/GABBLR910.jpg
GABBLR030,"Gabinete Gaming TALOS BALAM RUSH Spectrum Tamaño Micro gaming Mid Tower, Formato máximo soportado de tarjetas: ATX Materiales: Acero + Cristal Templado, Luz RGB con control Ranuras PCI 4, Discos duros soportados: 2*2.5"" 2 3.5"", puertos USB: 2*2.0 1*3.0 1 HD Audio, Ventiladores incluidos: 2*120mm RGB Frontales, 1*120mm RGB Trasero, Opción a agregar 2 Superiores más de 120mm. BR-922968","Gabinete Gaming TALOS BALAM RUSH Spectrum Tamaño Micro gaming Mid Tower, Formato máximo soportado de tarjetas: ATX Materiales: Acero + Cristal Templado, Luz RGB con control Ranuras PCI 4, Discos duros soportados: 2*2.5"" 2 3.5"", puertos USB: 2*2.0 1*3.0 1 HD Audio, Ventiladores incluidos: 2*120mm RGB Frontales, 1*120mm RGB Trasero, Opción a agregar 2 Superiores más de 120mm. BR-922968. Clave Oficial CT: GABBLR030. Marca: CT.",COMPONENTES DE ENSAMBLE,discos_duros,CT,1057.65,20624.12,32998.59,32998.59,27842.56,27842.56,25780.15,24748.94,https://static.ctonline.mx/imagenes/GABBLR030/GABBLR030_400.jpg,assets/img/catalog/GABBLR030.jpg
GABBLR940,"Gabinete Gamer Media Torre Carbono Polar Twin Mate 9900 Legend Series, Factor: ATX, Micro ATX, Mini ATX, Panel Frontal y Lateral de Cristal Templado, Panel Derecho Metal, 3 Ventiladores Superior  de 120mm (ARGB), 1 Ventiladores Inferioir 120mm Ajustable, 1 Ventilador 120mm Trasero, Soporta Enfriamiento Liquido,   1 HDD, 2 SSD, Puertos: 1x USB C 3.1,  1X USB 3.0, 1X USB 2.0, 1 3.5mm Dual(Audio y micrófono),  Color Negro, BR-941457","Gabinete Gamer Media Torre Carbono Polar Twin Mate 9900 Legend Series, Factor: ATX, Micro ATX, Mini ATX, Panel Frontal y Lateral de Cristal Templado, Panel Derecho Metal, 3 Ventiladores Superior  de 120mm (ARGB), 1 Ventiladores Inferioir 120mm Ajustable, 1 Ventilador 120mm Trasero, Soporta Enfriamiento Liquido,   1 HDD, 2 SSD, Puertos: 1x USB C 3.1,  1X USB 3.0, 1X USB 2.0, 1 3.5mm Dual(Audio y micrófono),  Color Negro, BR-941457. Clave Oficial CT: GABBLR940. Marca: CT.",COMPONENTES DE ENSAMBLE,discos_duros,CT,1647.06,32117.65,51388.24,51388.24,43358.82,43358.82,40147.06,38541.18,https://static.ctonline.mx/imagenes/GABBLR940/GABBLR940_400.jpg,assets/img/catalog/GABBLR940.jpg
GABBLR950,"Gabinete Gamer Media Torre Carbono Polar Twin Mate 9900 Legend Series, Factor: ATX, Micro ATX, Mini ATX, Panel Frontal y Lateral de Cristal Templado, Panel Derecho Metal, 3 Ventiladores Superior  de 120mm (ARGB), 1 Ventiladores Inferioir 120mm Ajustable, 1 Ventilador 120mm Trasero, Soporta Enfriamiento Liquido,   1 HDD, 2 SSD, Puertos: 1x USB C 3.1,  1X USB 3.0, 1X USB 2.0, 1 3.5mm Dual(Audio y micrófono),  Color Blanco, BR-941464","Gabinete Gamer Media Torre Carbono Polar Twin Mate 9900 Legend Series, Factor: ATX, Micro ATX, Mini ATX, Panel Frontal y Lateral de Cristal Templado, Panel Derecho Metal, 3 Ventiladores Superior  de 120mm (ARGB), 1 Ventiladores Inferioir 120mm Ajustable, 1 Ventilador 120mm Trasero, Soporta Enfriamiento Liquido,   1 HDD, 2 SSD, Puertos: 1x USB C 3.1,  1X USB 3.0, 1X USB 2.0, 1 3.5mm Dual(Audio y micrófono),  Color Blanco, BR-941464. Clave Oficial CT: GABBLR950. Marca: CT.",COMPONENTES DE ENSAMBLE,discos_duros,CT,1647.06,32117.65,51388.24,51388.24,43358.82,43358.82,40147.06,38541.18,https://static.ctonline.mx/imagenes/GABBLR950/GABBLR950_400.jpg,assets/img/catalog/GABBLR950.jpg
GABBLR880,"Gabinete Gamer Media Torre Tank Polar 7900 Legend Series, Factor: ATX, Micro ATX, Mini ATX, Panel Frontal y Lateral de Cristal Templado, Panel Derecho Metal, 3 Ventiladores Superior  de 120mm (ARGB), 2 Ventiladores 140mm 1 Ventilador 120mm, Soporta Enfriamiento Liquido,  1 HDD, 2 SSD, Puertos: 1x USB C 3.1,  1X USB 3.0, 1X USB 2.0, 1 3.5mm Dual(Audio y micrófono),  Color Negro, BR-941471","Gabinete Gamer Media Torre Tank Polar 7900 Legend Series, Factor: ATX, Micro ATX, Mini ATX, Panel Frontal y Lateral de Cristal Templado, Panel Derecho Metal, 3 Ventiladores Superior  de 120mm (ARGB), 2 Ventiladores 140mm 1 Ventilador 120mm, Soporta Enfriamiento Liquido,  1 HDD, 2 SSD, Puertos: 1x USB C 3.1,  1X USB 3.0, 1X USB 2.0, 1 3.5mm Dual(Audio y micrófono),  Color Negro, BR-941471. Clave Oficial CT: GABBLR880. Marca: CT.",COMPONENTES DE ENSAMBLE,discos_duros,CT,1588.24,30970.59,49552.94,49552.94,41810.29,41810.29,38713.24,37164.71,https://static.ctonline.mx/imagenes/GABBLR880/GABBLR880_400.jpg,assets/img/catalog/GABBLR880.jpg
GABBLR890,"Gabinete Gamer Media Torre Tank Polar 7900 Legend Series, Factor: ATX, Micro ATX, Mini ATX, Panel Frontal y Lateral de Cristal Templado, Panel Derecho Metal, 3 Ventiladores Superior  de 120mm (ARGB), 2 Ventiladores 140mm 1 Ventilador 120mm, Soporta Enfriamiento Liquido,  1 HDD, 2 SSD, Puertos: 1x USB C 3.1,  1X USB 3.0, 1X USB 2.0, 1 3.5mm Dual(Audio y micrófono),  Color Blanco, BR-941488","Gabinete Gamer Media Torre Tank Polar 7900 Legend Series, Factor: ATX, Micro ATX, Mini ATX, Panel Frontal y Lateral de Cristal Templado, Panel Derecho Metal, 3 Ventiladores Superior  de 120mm (ARGB), 2 Ventiladores 140mm 1 Ventilador 120mm, Soporta Enfriamiento Liquido,  1 HDD, 2 SSD, Puertos: 1x USB C 3.1,  1X USB 3.0, 1X USB 2.0, 1 3.5mm Dual(Audio y micrófono),  Color Blanco, BR-941488. Clave Oficial CT: GABBLR890. Marca: CT.",COMPONENTES DE ENSAMBLE,discos_duros,CT,1588.24,30970.59,49552.94,49552.94,41810.29,41810.29,38713.24,37164.71,https://static.ctonline.mx/imagenes/GABBLR890/GABBLR890_400.jpg,assets/img/catalog/GABBLR890.jpg
GABBLR920,"Gabinete Gamer Mini Torre Tank Perform 3200 Legend Series, Factor:  Micro ATX, ITX, Panel Frontal y Lateral de Cristal Templado, Panel Derecho Metal, 2 Ventiladores Laterales  de 120mm (ARGB), 1 Ventilador Trasero 120mm,  1 HDD, 1 SSD, Puertos: 1X USB 3.0, 1X USB 2.0, 1 3.5mm Dual(Audio y micrófono),  Color Negro, BR-941655","Gabinete Gamer Mini Torre Tank Perform 3200 Legend Series, Factor:  Micro ATX, ITX, Panel Frontal y Lateral de Cristal Templado, Panel Derecho Metal, 2 Ventiladores Laterales  de 120mm (ARGB), 1 Ventilador Trasero 120mm,  1 HDD, 1 SSD, Puertos: 1X USB 3.0, 1X USB 2.0, 1 3.5mm Dual(Audio y micrófono),  Color Negro, BR-941655. Clave Oficial CT: GABBLR920. Marca: CT.",COMPONENTES DE ENSAMBLE,discos_duros,CT,764.71,14911.76,23858.82,23858.82,20130.88,20130.88,18639.71,17894.12,https://static.ctonline.mx/imagenes/GABBLR920/GABBLR920_400.jpg,assets/img/catalog/GABBLR920.jpg
GABBLR930,"Gabinete Gamer Mini Torre Tank Perform 3200 Legend Series, Factor:  Micro ATX, ITX, Panel Frontal y Lateral de Cristal Templado, Panel Derecho Metal, 2 Ventiladores Laterales  de 120mm (ARGB), 1 Ventilador Trasero 120mm,  1 HDD, 1 SSD, Puertos: 1X USB 3.0, 1X USB 2.0, 1 3.5mm Dual(Audio y micrófono),  Color Blanco, BR-941662","Gabinete Gamer Mini Torre Tank Perform 3200 Legend Series, Factor:  Micro ATX, ITX, Panel Frontal y Lateral de Cristal Templado, Panel Derecho Metal, 2 Ventiladores Laterales  de 120mm (ARGB), 1 Ventilador Trasero 120mm,  1 HDD, 1 SSD, Puertos: 1X USB 3.0, 1X USB 2.0, 1 3.5mm Dual(Audio y micrófono),  Color Blanco, BR-941662. Clave Oficial CT: GABBLR930. Marca: CT.",COMPONENTES DE ENSAMBLE,discos_duros,CT,764.71,14911.76,23858.82,23858.82,20130.88,20130.88,18639.71,17894.12,https://static.ctonline.mx/imagenes/GABBLR930/GABBLR930_400.jpg,assets/img/catalog/GABBLR930.jpg
GABBLR180,"Gabinete Gaming THINOS BALAM RUSH Spectrum Color Rojo, Tamaño E-ATX Tower, Formato máximo soportado de tarjetas: E-ATX / ATX/Micro ATX / Mini ATX. Materiales: Acero + Cristal Templado, 4 Ventiladores ARGB incluidos, Soporte para enfriamiento liquido, Discos duros soportados: 3*2.5"" 2 3.5"", puertos USB: 2*2.0 1*3.0, Audio 2*3.5mm, Dimensiones 43.2*21*48.5 cm, Peso 5.1k BR-932257","Gabinete Gaming THINOS BALAM RUSH Spectrum Color Rojo, Tamaño E-ATX Tower, Formato máximo soportado de tarjetas: E-ATX / ATX/Micro ATX / Mini ATX. Materiales: Acero + Cristal Templado, 4 Ventiladores ARGB incluidos, Soporte para enfriamiento liquido, Discos duros soportados: 3*2.5"" 2 3.5"", puertos USB: 2*2.0 1*3.0, Audio 2*3.5mm, Dimensiones 43.2*21*48.5 cm, Peso 5.1k BR-932257. Clave Oficial CT: GABBLR180. Marca: CT.",COMPONENTES DE ENSAMBLE,discos_duros,CT,1199.0,23380.5,37408.8,37408.8,31563.68,31563.68,29225.62,28056.6,https://static.ctonline.mx/imagenes/GABBLR180/GABBLR180_400.jpg,assets/img/catalog/GABBLR180.jpg
GABGIG180,"Gabinete GIGABYTE GAMER AORUS GB-AC700G, Full Tower mini-ITX/m-ATX/ATX; Conectores: 2 USB 3.0, 1 Entrada de audio y micrófono, Compartimentos 4 x disco duro 3.5 , 6 x SSD de 2.5; Ranuras de expansión 8 PCI-E, sin fuente de poder, Fan Support Rear : 120mm x1 (Pre-installed), Top : 120mm x2 / 140mm x2, Front : 120mm x3 / 140mm x2, RGB LED Switch, Dimensions H=714 W=301 D=671 mm (Dentro de ± 1% de error), Black. (Existencias Limitadas)","Gabinete GIGABYTE GAMER AORUS GB-AC700G, Full Tower mini-ITX/m-ATX/ATX; Conectores: 2 USB 3.0, 1 Entrada de audio y micrófono, Compartimentos 4 x disco duro 3.5 , 6 x SSD de 2.5; Ranuras de expansión 8 PCI-E, sin fuente de poder, Fan Support Rear : 120mm x1 (Pre-installed), Top : 120mm x2 / 140mm x2, Front : 120mm x3 / 140mm x2, RGB LED Switch, Dimensions H=714 W=301 D=671 mm (Dentro de ± 1% de error), Black. (Existencias Limitadas). Clave Oficial CT: GABGIG180. Marca: CT.",COMPONENTES DE ENSAMBLE,discos_duros,CT,311.11,6066.67,9706.67,9706.67,8190.0,8190.0,7583.33,7280.0,https://static.ctonline.mx/imagenes/GABGIG180/GABGIG180_400.jpg,assets/img/catalog/GABGIG180.jpg
GABCLR990,"Gabinete COOLER MASTER  TD300-WGNN-S00 Mesh Mini Tower con Ventana ARGB, tarjetas madre soportadas Micro-ITX, Mini-ITX USB 3.0, sin Fuente, Blanco, disco duro soportado 2.5'', 2 ventiladores frontales instalados 120 mm, con iluminación.","Gabinete COOLER MASTER  TD300-WGNN-S00 Mesh Mini Tower con Ventana ARGB, tarjetas madre soportadas Micro-ITX, Mini-ITX USB 3.0, sin Fuente, Blanco, disco duro soportado 2.5'', 2 ventiladores frontales instalados 120 mm, con iluminación.. Clave Oficial CT: GABCLR990. Marca: CT.",COMPONENTES DE ENSAMBLE,discos_duros,CT,62.22,1213.33,1941.33,1941.33,1638.0,1638.0,1516.67,1456.0,https://static.ctonline.mx/imagenes/GABCLR990/GABCLR990_400.jpg,assets/img/catalog/GABCLR990.jpg
GABCLR880,"Gabinete COOLER MASTER  MB520-WGNN-S00 MasterBox 520 ARGB con Ventana, Midi-Tower, ATX/EATX/Micro ATX/Mini-ITX, USB 3.2, sin Fuente, 3 Ventiladores frontales ARGB Instalados, blanco, disco duro soportado 2.5'', controlador LED incorporado, no cuenta con ventiladores laterales instalados, para placas madre ATX, Micro ATX, SSI CEB, Mini-ITX o EATX.","Gabinete COOLER MASTER  MB520-WGNN-S00 MasterBox 520 ARGB con Ventana, Midi-Tower, ATX/EATX/Micro ATX/Mini-ITX, USB 3.2, sin Fuente, 3 Ventiladores frontales ARGB Instalados, blanco, disco duro soportado 2.5'', controlador LED incorporado, no cuenta con ventiladores laterales instalados, para placas madre ATX, Micro ATX, SSI CEB, Mini-ITX o EATX.. Clave Oficial CT: GABCLR880. Marca: CT.",COMPONENTES DE ENSAMBLE,discos_duros,CT,78.89,1538.33,2461.33,2461.33,2076.75,2076.75,1922.92,1846.0,https://static.ctonline.mx/imagenes/GABCLR880/GABCLR880_400.jpg,assets/img/catalog/GABCLR880.jpg
GABCLR890,"Gabinete COOLER MASTER  MB520-WGNN-S01 MasterBox MB520 ARGB con Ventana, panel frontal de vidrio templado, tres ventiladores CF120 ARGB incluidos, panel superior extraíble, caja de disco duro extraíble, controlador ARGB incluido, caja de HDD es completamente removible, soporte de filtro de polvo extraíble mejorado, compatible con tarjetas madre ITX, M-ATX y ATX.","Gabinete COOLER MASTER  MB520-WGNN-S01 MasterBox MB520 ARGB con Ventana, panel frontal de vidrio templado, tres ventiladores CF120 ARGB incluidos, panel superior extraíble, caja de disco duro extraíble, controlador ARGB incluido, caja de HDD es completamente removible, soporte de filtro de polvo extraíble mejorado, compatible con tarjetas madre ITX, M-ATX y ATX.. Clave Oficial CT: GABCLR890. Marca: CT.",COMPONENTES DE ENSAMBLE,discos_duros,CT,80.76,1574.73,2519.57,2519.57,2125.89,2125.89,1968.42,1889.68,https://static.ctonline.mx/imagenes/GABCLR890/GABCLR890_400.jpg,assets/img/catalog/GABCLR890.jpg
GABCLR840,"Gabinete COOLER MASTER  H500-KGNN-S00 con Ventana ARGB, Midi Tower, ITX/Micro-ATX/ATX/SSI CEB/E-ATX, USB 3.0, sin Fuente, Negro, panel frontal de malla, ventiladores ARGB de 200 mm, iluminación, tamaño de discos duros soportados 2.5''","Gabinete COOLER MASTER  H500-KGNN-S00 con Ventana ARGB, Midi Tower, ITX/Micro-ATX/ATX/SSI CEB/E-ATX, USB 3.0, sin Fuente, Negro, panel frontal de malla, ventiladores ARGB de 200 mm, iluminación, tamaño de discos duros soportados 2.5''. Clave Oficial CT: GABCLR840. Marca: CT.",COMPONENTES DE ENSAMBLE,discos_duros,CT,100.0,1950.0,3120.0,3120.0,2632.5,2632.5,2437.5,2340.0,https://static.ctonline.mx/imagenes/GABCLR840/GABCLR840_400.jpg,assets/img/catalog/GABCLR840.jpg
GABNCB070,"Gabinete Gaming NACEB Cypher, RGB 3 ventiladores x3 panel superior, x1 panel posterior frontales,  1 SSD 2.5"", HDD 3.5"", 7 Ranuras PCI, USB 2.0x2 y USB 3.0x1 frontal, Filtro de Aire Magnético, Panel lateral de Cristal Templado, Salida de audio y entrada de micrófono frontal, Sin fuente de poder, NA-0611","Gabinete Gaming NACEB Cypher, RGB 3 ventiladores x3 panel superior, x1 panel posterior frontales,  1 SSD 2.5"", HDD 3.5"", 7 Ranuras PCI, USB 2.0x2 y USB 3.0x1 frontal, Filtro de Aire Magnético, Panel lateral de Cristal Templado, Salida de audio y entrada de micrófono frontal, Sin fuente de poder, NA-0611. Clave Oficial CT: GABNCB070. Marca: CT.",COMPONENTES DE ENSAMBLE,discos_duros,CT,597.02,11641.93,18627.09,18627.09,15716.61,15716.61,14552.42,13970.32,https://static.ctonline.mx/imagenes/GABNCB070/GABNCB070_400.jpg,assets/img/catalog/GABNCB070.jpg
GABNCB080,"Gabinete Gaming NACEB Zion, RGB 3 ventiladores frontales, 1 SSD 2.5"", HDD 3.5"", 7 Ranuras PCI, USB 2.0x2 y USB 3.0x1 frontal, Filtro de Aire Magnético, Salida de audio y entrada de micrófono frontal, Sin fuente de poder, NA-0612","Gabinete Gaming NACEB Zion, RGB 3 ventiladores frontales, 1 SSD 2.5"", HDD 3.5"", 7 Ranuras PCI, USB 2.0x2 y USB 3.0x1 frontal, Filtro de Aire Magnético, Salida de audio y entrada de micrófono frontal, Sin fuente de poder, NA-0612. Clave Oficial CT: GABNCB080. Marca: CT.",COMPONENTES DE ENSAMBLE,discos_duros,CT,597.02,11641.93,18627.09,18627.09,15716.61,15716.61,14552.42,13970.32,https://static.ctonline.mx/imagenes/GABNCB080/GABNCB080_400.jpg,assets/img/catalog/GABNCB080.jpg
GABNCB090,"Gabinete Gaming NACEB Zed, RGB 3 ventiladores frontales, 1 SSD 2.5"", HDD 3.5"", 7 Ranuras PCI, USB 2.0x2 y USB 3.0x1 frontal, Filtro de Aire Magnético, Salida de audio y entrada de micrófono frontal, Sin fuente de poder, NA-0613","Gabinete Gaming NACEB Zed, RGB 3 ventiladores frontales, 1 SSD 2.5"", HDD 3.5"", 7 Ranuras PCI, USB 2.0x2 y USB 3.0x1 frontal, Filtro de Aire Magnético, Salida de audio y entrada de micrófono frontal, Sin fuente de poder, NA-0613. Clave Oficial CT: GABNCB090. Marca: CT.",COMPONENTES DE ENSAMBLE,discos_duros,CT,597.02,11641.93,18627.09,18627.09,15716.61,15716.61,14552.42,13970.32,https://static.ctonline.mx/imagenes/GABNCB090/GABNCB090_400.jpg,assets/img/catalog/GABNCB090.jpg
GABNCB040,"Gabinete NACEB HYDRA Crystal Case (NA-0602) Compatibilidad: FULL ATX; Conectores: 1 USB 3.0, 2 USB 2.0; 1 Entrada de audio y micrófono, Filtro de aire magnético, Compartimentos 1 x disco duro 3.5 , 1 x SSD de 2.5; Ranuras de expansión 7 PCI-E, sin fuente de poder y 3 ventiladores frontales RGB.","Gabinete NACEB HYDRA Crystal Case (NA-0602) Compatibilidad: FULL ATX; Conectores: 1 USB 3.0, 2 USB 2.0; 1 Entrada de audio y micrófono, Filtro de aire magnético, Compartimentos 1 x disco duro 3.5 , 1 x SSD de 2.5; Ranuras de expansión 7 PCI-E, sin fuente de poder y 3 ventiladores frontales RGB.. Clave Oficial CT: GABNCB040. Marca: CT.",COMPONENTES DE ENSAMBLE,discos_duros,CT,844.44,16466.67,26346.67,26346.67,22230.0,22230.0,20583.33,19760.0,https://static.ctonline.mx/imagenes/GABNCB040/GABNCB040_400.jpg,assets/img/catalog/GABNCB040.jpg
GABNCB050,"Gabinete NACEB PLAYER Crystal Case (NA-0603) Compatibilidad: FULL ATX; Conectores: 1 USB 3.0, 2 USB 2.0; 1 Entrada de audio y micrófono, Filtro de aire magnético, Compartimentos 1 x disco duro 3.5 , 1 x SSD de 2.5; Ranuras de expansión 7 PCI-E, sin fuente de poder y 3 ventiladores frontales RGB.","Gabinete NACEB PLAYER Crystal Case (NA-0603) Compatibilidad: FULL ATX; Conectores: 1 USB 3.0, 2 USB 2.0; 1 Entrada de audio y micrófono, Filtro de aire magnético, Compartimentos 1 x disco duro 3.5 , 1 x SSD de 2.5; Ranuras de expansión 7 PCI-E, sin fuente de poder y 3 ventiladores frontales RGB.. Clave Oficial CT: GABNCB050. Marca: CT.",COMPONENTES DE ENSAMBLE,discos_duros,CT,861.11,16791.67,26866.67,26866.67,22668.75,22668.75,20989.58,20150.0,https://static.ctonline.mx/imagenes/GABNCB050/GABNCB050_400.jpg,assets/img/catalog/GABNCB050.jpg
GABNCB220,"Gabinete Gaming M-ATX CRISTAL TEMPLADO NA-0638, ITX, MicroATX, ATX, Disco Duro 2, Disco de Estado Solido 3, Ranuras de expansión 7 PCI, Ventiladores 2 Frontales, 1 Posterior ARGB 12*12 CM, Entradas USB 3.0 * 1, USB C*1USB 1.1*1 HD AUDIO *1, Medidas Altura 41cm,Ancho 28.6, Profundidad 36cm, Peso 6.7 kg, Medidas del empaque 45.3*33.6*51.1cm, pesos del empaque 7.7kg Modelo: NA-0638","Gabinete Gaming M-ATX CRISTAL TEMPLADO NA-0638, ITX, MicroATX, ATX, Disco Duro 2, Disco de Estado Solido 3, Ranuras de expansión 7 PCI, Ventiladores 2 Frontales, 1 Posterior ARGB 12*12 CM, Entradas USB 3.0 * 1, USB C*1USB 1.1*1 HD AUDIO *1, Medidas Altura 41cm,Ancho 28.6, Profundidad 36cm, Peso 6.7 kg, Medidas del empaque 45.3*33.6*51.1cm, pesos del empaque 7.7kg Modelo: NA-0638. Clave Oficial CT: GABNCB220. Marca: CT.",COMPONENTES DE ENSAMBLE,discos_duros,CT,1087.88,21213.62,33941.79,33941.79,28638.38,28638.38,26517.02,25456.34,https://static.ctonline.mx/imagenes/GABNCB220/GABNCB220_400.jpg,assets/img/catalog/GABNCB220.jpg
GABNCB240,"Gabinete Gaming ESPECIAL CON CRISTAL TEMPLADO NA-0641, Metal 0.8mm, Cristal Templado, ITX, MicroATX, Disco Duro 2,Disco de estado solido 2,4 PCI, Ventiladores 2 Frontales 1Posterior ARGB, Modelo: NA-0641","Gabinete Gaming ESPECIAL CON CRISTAL TEMPLADO NA-0641, Metal 0.8mm, Cristal Templado, ITX, MicroATX, Disco Duro 2,Disco de estado solido 2,4 PCI, Ventiladores 2 Frontales 1Posterior ARGB, Modelo: NA-0641. Clave Oficial CT: GABNCB240. Marca: CT.",COMPONENTES DE ENSAMBLE,discos_duros,CT,1311.11,25566.67,40906.67,40906.67,34515.0,34515.0,31958.33,30680.0,https://static.ctonline.mx/imagenes/GABNCB240/GABNCB240_400.jpg,assets/img/catalog/GABNCB240.jpg
GABNCB230,"Gabinete Gaming ATX CRISTAL TEMPLADO NA-0639, Metal 0.8mm,Cristal Templado, ITX, Micro ATX,ATX, Disco Duro 2 , Disco de Estado Solido 3, 7PCI,Ventiladores 3 Frontales 1 Posterior ARGB 12*12 cm. Entradas: USB 301 * 1, USB C *1, USB 1.1*1 HD AUDIO *1, Altura 41cm, Ancho 28.6cm Profundidad 45.6cm Peso 8.4kg  Modelo: NA-0639","Gabinete Gaming ATX CRISTAL TEMPLADO NA-0639, Metal 0.8mm,Cristal Templado, ITX, Micro ATX,ATX, Disco Duro 2 , Disco de Estado Solido 3, 7PCI,Ventiladores 3 Frontales 1 Posterior ARGB 12*12 cm. Entradas: USB 301 * 1, USB C *1, USB 1.1*1 HD AUDIO *1, Altura 41cm, Ancho 28.6cm Profundidad 45.6cm Peso 8.4kg  Modelo: NA-0639. Clave Oficial CT: GABNCB230. Marca: CT.",COMPONENTES DE ENSAMBLE,discos_duros,CT,1387.78,27061.67,43298.67,43298.67,36533.25,36533.25,33827.08,32474.0,https://static.ctonline.mx/imagenes/GABNCB230/GABNCB230_400.jpg,assets/img/catalog/GABNCB230.jpg
GABSTY440,"Gabinete Curvo Xzeal M-ATX/ITX XZGAMC3B 2x USB 2.0 + 1x USB 3.0 + 3.5 mm + 3 Ventiladores RGB Negro, Compatible con sistema de enfriamiento 240mm, Ventiladores Frontales Laterales 2 x 120mm RGB (Incluidos), Ventilador Trasero 1 x 120mm RGB (Incluido), Ventiladores Superiores 2 x 120mm (No Incluidos), Soporta: M-ATX / M-ATX Versión Extendida / M-ITX, ESPACIOS PARA DISCO DURO 3.5 HDD x 1, SSD x1Superior o inferior (No incluido).","Gabinete Curvo Xzeal M-ATX/ITX XZGAMC3B 2x USB 2.0 + 1x USB 3.0 + 3.5 mm + 3 Ventiladores RGB Negro, Compatible con sistema de enfriamiento 240mm, Ventiladores Frontales Laterales 2 x 120mm RGB (Incluidos), Ventilador Trasero 1 x 120mm RGB (Incluido), Ventiladores Superiores 2 x 120mm (No Incluidos), Soporta: M-ATX / M-ATX Versión Extendida / M-ITX, ESPACIOS PARA DISCO DURO 3.5 HDD x 1, SSD x1Superior o inferior (No incluido).. Clave Oficial CT: GABSTY440. Marca: CT.",COMPONENTES DE ENSAMBLE,discos_duros,CT,811.87,15831.4,25330.24,25330.24,21372.39,21372.39,19789.25,18997.68,https://static.ctonline.mx/imagenes/GABSTY440/GABSTY440_400.jpg,assets/img/catalog/GABSTY440.jpg
GABSTY450,"Gabinete Curvo Xzeal M-ATX/ITX XZGAMC3W  2x USB 2.0 + 1x USB 3.0 + 3.5 mm + 3 Ventiladores RGB Blanco, Compatible con sistema de enfriamiento 240mm, Ventiladores Frontales Laterales 2 x 120mm RGB (Incluidos), Ventilador Trasero 1 x 120mm RGB (Incluido), Ventiladores Superiores 2 x 120mm (No Incluidos), Soporta: M-ATX / M-ATX Versión Extendida / M-ITX, ESPACIOS PARA DISCO DURO 3.5 HDD x 1, SSD x1Superior o inferior (No incluido).","Gabinete Curvo Xzeal M-ATX/ITX XZGAMC3W  2x USB 2.0 + 1x USB 3.0 + 3.5 mm + 3 Ventiladores RGB Blanco, Compatible con sistema de enfriamiento 240mm, Ventiladores Frontales Laterales 2 x 120mm RGB (Incluidos), Ventilador Trasero 1 x 120mm RGB (Incluido), Ventiladores Superiores 2 x 120mm (No Incluidos), Soporta: M-ATX / M-ATX Versión Extendida / M-ITX, ESPACIOS PARA DISCO DURO 3.5 HDD x 1, SSD x1Superior o inferior (No incluido).. Clave Oficial CT: GABSTY450. Marca: CT.",COMPONENTES DE ENSAMBLE,discos_duros,CT,846.22,16501.33,26402.13,26402.13,22276.8,22276.8,20626.67,19801.6,https://static.ctonline.mx/imagenes/GABSTY450/GABSTY450_400.jpg,assets/img/catalog/GABSTY450.jpg
GABGET020,Gabinete. GETTTECH. GG-1802. Gabinete elaborado con lamina SGCC 0.4 mm. Panel frontal hecho con ABS superficie cepillado de aluminio CGCC 0.4 mm. Compatible on tarjetas madres ATX. Espacio para 2 HDD 3.5” / 2 HDD 2.5” / 1 HDD 3.5” 1 HDD / SSD 2.5”. Espacio para un unidad óptica de 5 ¼. Fuente de poder estándar ATX / micro ATX. Puertos frontales: 2x USB 2x Jack de 3.5mm Audio / Micrófono. Espacio posterior para un ventilador de 80 mm. 7x Bahías de expansión. Dimensiones 330 mm * 175 mm * 405 mm Dimensiones de embalaje 447 mm * 217 mm * 410 mm Peso 3.6 kg. UPC 7503026359044.,Gabinete. GETTTECH. GG-1802. Gabinete elaborado con lamina SGCC 0.4 mm. Panel frontal hecho con ABS superficie cepillado de aluminio CGCC 0.4 mm. Compatible on tarjetas madres ATX. Espacio para 2 HDD 3.5” / 2 HDD 2.5” / 1 HDD 3.5” 1 HDD / SSD 2.5”. Espacio para un unidad óptica de 5 ¼. Fuente de poder estándar ATX / micro ATX. Puertos frontales: 2x USB 2x Jack de 3.5mm Audio / Micrófono. Espacio posterior para un ventilador de 80 mm. 7x Bahías de expansión. Dimensiones 330 mm * 175 mm * 405 mm Dimensiones de embalaje 447 mm * 217 mm * 410 mm Peso 3.6 kg. UPC 7503026359044.. Clave Oficial CT: GABGET020. Marca: CT.,COMPONENTES DE ENSAMBLE,discos_duros,CT,26.56,517.83,828.53,828.53,699.07,699.07,647.29,621.4,https://static.ctonline.mx/imagenes/GABGET020/GABGET020_400.jpg,assets/img/catalog/GABGET020.jpg
GABYEY040,"Gabinete Gamer. YEYIAN. YNH-SL900. Gabinete gamer STAHL 900 color negro. Espacio para 2 HHD y 2 SSD. 7 bahías de expansión, Compatibilidad con tarjetas de vídeo de hasta 260 mm. Puertos frontales: 2x USB 3.0, 2x USB 2.0 y 2x Jack Mic/Speaker. Compatible con tarjetas madre ATX y mATX. Espacio para ventiladores: frontal x2 de 120 mm, posterior x1 de 80 mm, (Incluye un ventilador LED). Fuente de Alimentación ATX Estándar en la parte superior (NO INCLUIDA). Material del producto SPCC, ABS, 0.4 mm. Dimensiones y peso 350 x 170 x 415 mm, 2.9 kg. Dimensiones y peso con empaque: 448 x 220 x 454 mm, 3.6 kg. UPC 7503024642629.","Gabinete Gamer. YEYIAN. YNH-SL900. Gabinete gamer STAHL 900 color negro. Espacio para 2 HHD y 2 SSD. 7 bahías de expansión, Compatibilidad con tarjetas de vídeo de hasta 260 mm. Puertos frontales: 2x USB 3.0, 2x USB 2.0 y 2x Jack Mic/Speaker. Compatible con tarjetas madre ATX y mATX. Espacio para ventiladores: frontal x2 de 120 mm, posterior x1 de 80 mm, (Incluye un ventilador LED). Fuente de Alimentación ATX Estándar en la parte superior (NO INCLUIDA). Material del producto SPCC, ABS, 0.4 mm. Dimensiones y peso 350 x 170 x 415 mm, 2.9 kg. Dimensiones y peso con empaque: 448 x 220 x 454 mm, 3.6 kg. UPC 7503024642629.. Clave Oficial CT: GABYEY040. Marca: CT.",COMPONENTES DE ENSAMBLE,discos_duros,CT,22.39,436.58,698.53,698.53,589.39,589.39,545.73,523.9,https://static.ctonline.mx/imagenes/GABYEY040/GABYEY040_400.jpg,assets/img/catalog/GABYEY040.jpg
GABYEY120,"Gabinete Gaming ATX, YEYIAN YGA-68809 Armageddon 2200, 2 puertos USB 2.0 y 1 puerto USB 3.0 / Incluye 3 ventiladores RGB con control remoto de luces / 2 HDD / 3 SSD","Gabinete Gaming ATX, YEYIAN YGA-68809 Armageddon 2200, 2 puertos USB 2.0 y 1 puerto USB 3.0 / Incluye 3 ventiladores RGB con control remoto de luces / 2 HDD / 3 SSD. Clave Oficial CT: GABYEY120. Marca: CT.",COMPONENTES DE ENSAMBLE,discos_duros,CT,53.61,1045.42,1672.67,1672.67,1411.31,1411.31,1306.77,1254.5,https://static.ctonline.mx/imagenes/GABYEY120/GABYEY120_400.jpg,assets/img/catalog/GABYEY120.jpg
GABYEY230,"Gabinete Gaming Haizen, YEYIAN YCH-042820, serie 2500, blanco, la caja PC Yeyian Heizen admite sistemas de refrigeración por aire y agua para un enfriamiento prolongado, medidas 325""mm de largo, 200""mm de ancho y 380""mm de alto junto con tres puertos USB 3.0 y una entrada de audio, compatible con placa base Mini ATX, Micro ATX, espacio de almacenamiento interno para RAM 3.5 ""HDD x 2/1 (opcional) y SDD 3/2 (opcional),  soporta tarjeta VGA con una longitud max. de 320mm,","Gabinete Gaming Haizen, YEYIAN YCH-042820, serie 2500, blanco, la caja PC Yeyian Heizen admite sistemas de refrigeración por aire y agua para un enfriamiento prolongado, medidas 325""mm de largo, 200""mm de ancho y 380""mm de alto junto con tres puertos USB 3.0 y una entrada de audio, compatible con placa base Mini ATX, Micro ATX, espacio de almacenamiento interno para RAM 3.5 ""HDD x 2/1 (opcional) y SDD 3/2 (opcional),  soporta tarjeta VGA con una longitud max. de 320mm,. Clave Oficial CT: GABYEY230. Marca: CT.",COMPONENTES DE ENSAMBLE,discos_duros,CT,40.56,790.83,1265.33,1265.33,1067.63,1067.63,988.54,949.0,https://static.ctonline.mx/imagenes/GABYEY230/GABYEY230_400.jpg,assets/img/catalog/GABYEY230.jpg
STODLL510,"Storage DELL PowerVault ME5024-FY26Q1-SSD. 24x2.5"" (SAS/SATA), Rack Configuration. 10Gb iSCSI Base-T 8 Port Dual Controller, 4X 3.84TB SSD SAS Read Intensive up to 24Gbps 512e 2.5in Hot-Plug 1WPD, AG Drive. 20x Hard Drive Filler 2.5in, Single Blank. Power Supply, 580W, Redundant, WW. ProDeploy Storage ME 5XXX 2u-LA. 3 Years ProSupport and 4-Hour Onsite Service-LA.","Storage DELL PowerVault ME5024-FY26Q1-SSD. 24x2.5"" (SAS/SATA), Rack Configuration. 10Gb iSCSI Base-T 8 Port Dual Controller, 4X 3.84TB SSD SAS Read Intensive up to 24Gbps 512e 2.5in Hot-Plug 1WPD, AG Drive. 20x Hard Drive Filler 2.5in, Single Blank. Power Supply, 580W, Redundant, WW. ProDeploy Storage ME 5XXX 2u-LA. 3 Years ProSupport and 4-Hour Onsite Service-LA.. Clave Oficial CT: STODLL510. Marca: CT.",EQUIPOS DE MARCA,discos_duros,CT,332021.67,6474422.64,10359076.22,10359076.22,8740470.56,8740470.56,8093028.3,7769307.16,https://static.ctonline.mx/imagenes/STODLL510/STODLL510_400.jpg,assets/img/catalog/STODLL510.jpg
DDUDLL1610,"Disco Duro Dell 400-ATKJ 2TB 7.2K RPM SATA 6Gbps 512n 3.5in Hot-plug Hard Drive, CK. Compatible con R240, R340, R540, R740","Disco Duro Dell 400-ATKJ 2TB 7.2K RPM SATA 6Gbps 512n 3.5in Hot-plug Hard Drive, CK. Compatible con R240, R340, R540, R740. Clave Oficial CT: DDUDLL1610. Marca: CT.",EQUIPOS DE MARCA,discos_duros,CT,8841.4,172407.34,275851.75,275851.75,232749.91,232749.91,215509.18,206888.81,https://static.ctonline.mx/imagenes/DDUDLL1610/DDUDLL1610_400.jpg,assets/img/catalog/DDUDLL1610.jpg
DDUDLL2550,"Disco duro SATA Dell 400-BLLF - 4TB Hard Drive SATA 6Gbps 7.2K 512n 3.5in Hot-Plug, CUS Kit .  Compatible con T350,T550,R350,R550,R750xs.","Disco duro SATA Dell 400-BLLF - 4TB Hard Drive SATA 6Gbps 7.2K 512n 3.5in Hot-Plug, CUS Kit .  Compatible con T350,T550,R350,R550,R750xs.. Clave Oficial CT: DDUDLL2550. Marca: CT.",EQUIPOS DE MARCA,discos_duros,CT,10099.93,196948.73,315117.97,315117.97,265880.78,265880.78,246185.91,236338.47,https://static.ctonline.mx/imagenes/DDUDLL2550/DDUDLL2550_400.jpg,assets/img/catalog/DDUDLL2550.jpg
DDUDLL2530,Disco Duro Dell 161-BCBC 2TB Hard Drive SATA 6Gbps 7.2K 512n 3.5in Cabled Customer Kit. Compatible con servidor R250,Disco Duro Dell 161-BCBC 2TB Hard Drive SATA 6Gbps 7.2K 512n 3.5in Cabled Customer Kit. Compatible con servidor R250. Clave Oficial CT: DDUDLL2530. Marca: CT.,EQUIPOS DE MARCA,discos_duros,CT,6212.0,121134.0,193814.4,193814.4,163530.9,163530.9,151417.5,145360.8,https://static.ctonline.mx/imagenes/DDUDLL2530/DDUDLL2530_400.jpg,assets/img/catalog/DDUDLL2530.jpg
DDUDLL3120,"Disco Duro Dell 161-BBRX Dell 8TB 7.2K RPM SAS 12Gbps 512e 3.5in Hot-plug Hard Drive (Solo funciona en equipos con chasis de 3.5''). Compatible con R760xs, T360, T560, R660xs, R360.","Disco Duro Dell 161-BBRX Dell 8TB 7.2K RPM SAS 12Gbps 512e 3.5in Hot-plug Hard Drive (Solo funciona en equipos con chasis de 3.5''). Compatible con R760xs, T360, T560, R660xs, R360.. Clave Oficial CT: DDUDLL3120. Marca: CT.",EQUIPOS DE MARCA,discos_duros,CT,14984.78,292203.26,467525.22,467525.22,394474.4,394474.4,365254.08,350643.91,https://static.ctonline.mx/imagenes/DDUDLL3120/DDUDLL3120_400.jpg,assets/img/catalog/DDUDLL3120.jpg
SERHPE1530,"Servidor HPE ProLiant ML350 Gen11 4410Y 2.0GHz 12c 1P 64GB-R 8SFF MR408i-o 2x960GB SSD 2x800W RPS LA Server. P75341-DM5 HPE ProLiant ML350 Gen11 SFF, 4410Y (12 core, 2.0 GHz, 150W), One with standard heatsink, Memory: 64 GB (2x32 GB, 4800 MT/s) Networking: Broadcom BCM5719 Ethernet 1Gb 4-port BASE-T OCP3 Adapter for HPE,  Storage Controller: HPE MR408i-o en11 x8 Lanes 4GB Cache OCP SPDM Included Drives: 2x HPE 960GB SATA 6G Mixed Use SFF BC Multi Vendor SSD. Default with 8 SFF SAS/SATA/NVMe x1 U.3 Drive Cage Kit (P47217-B21), up to two additional drive cages. Power Supply: 2x HPE 800W Flex Slot Platinum Hot Plug Low Halogen Power Supply Kit , Fans: 3x Standard Fans, Management: HPE iLO Standard with Intelligent Provisioning (embedded), Security Hardware:  TPM (Trusted Platform Module), 1x HPE ProLiant Compute ML Gen11/Gen12 Intrusion Cable Kit, Form Factor: 4U Tower, Optional Tower-to-Rack conversion kit (P47394-B21) to convert the unit to a 5U Rack-mount server. Warranty: Server warranty includes 3-year parts, 3-year labor, 3-year on-site support with next business day response.","Servidor HPE ProLiant ML350 Gen11 4410Y 2.0GHz 12c 1P 64GB-R 8SFF MR408i-o 2x960GB SSD 2x800W RPS LA Server. P75341-DM5 HPE ProLiant ML350 Gen11 SFF, 4410Y (12 core, 2.0 GHz, 150W), One with standard heatsink, Memory: 64 GB (2x32 GB, 4800 MT/s) Networking: Broadcom BCM5719 Ethernet 1Gb 4-port BASE-T OCP3 Adapter for HPE,  Storage Controller: HPE MR408i-o en11 x8 Lanes 4GB Cache OCP SPDM Included Drives: 2x HPE 960GB SATA 6G Mixed Use SFF BC Multi Vendor SSD. Default with 8 SFF SAS/SATA/NVMe x1 U.3 Drive Cage Kit (P47217-B21), up to two additional drive cages. Power Supply: 2x HPE 800W Flex Slot Platinum Hot Plug Low Halogen Power Supply Kit , Fans: 3x Standard Fans, Management: HPE iLO Standard with Intelligent Provisioning (embedded), Security Hardware:  TPM (Trusted Platform Module), 1x HPE ProLiant Compute ML Gen11/Gen12 Intrusion Cable Kit, Form Factor: 4U Tower, Optional Tower-to-Rack conversion kit (P47394-B21) to convert the unit to a 5U Rack-mount server. Warranty: Server warranty includes 3-year parts, 3-year labor, 3-year on-site support with next business day response.. Clave Oficial CT: SERHPE1530. Marca: CT.",EQUIPOS DE MARCA,discos_duros,CT,7951.16,155047.58,248076.13,248076.13,209314.23,209314.23,193809.47,186057.09,https://static.ctonline.mx/imagenes/SERHPE1530/SERHPE1530_400.jpg,assets/img/catalog/SERHPE1530.jpg
SERHPE1820,"HPE ProLiant Compute ML350 P89085-DM5 Gen12 NC, 8 SFF, 6505P (12 core, 2.2 GHz, 150W), One with standard heatsink, 64 GB (1x64 GB, 6400 MT/s), Broadcom BCM5719 Ethernet 1Gb 4-port BASE-T OCP3 Adapter for HPE, HPE MR408i-o Gen11 x8 Lanes 4GB Cache OCP SPDM Storage Controller, HPE 960GB SATA 6G Read Intensive SFF BC Multi Vendor SSD, Default with 4 x8 PCIe Gen5 slots from Primary Riser Kit. Upgradable with additional riser kit. 2x HPE 800W Flex Slot Platinum Hot Plug Low Halogen Power Supply Kit, 3x Standard Fans; HPE iLO Standard with Intelligent Provisioning (embedded),  TPM (Trusted Platform Module), 4U Tower, Server warranty includes 3-year parts, 3-year labor, 3-year on-site support with next business day response.","HPE ProLiant Compute ML350 P89085-DM5 Gen12 NC, 8 SFF, 6505P (12 core, 2.2 GHz, 150W), One with standard heatsink, 64 GB (1x64 GB, 6400 MT/s), Broadcom BCM5719 Ethernet 1Gb 4-port BASE-T OCP3 Adapter for HPE, HPE MR408i-o Gen11 x8 Lanes 4GB Cache OCP SPDM Storage Controller, HPE 960GB SATA 6G Read Intensive SFF BC Multi Vendor SSD, Default with 4 x8 PCIe Gen5 slots from Primary Riser Kit. Upgradable with additional riser kit. 2x HPE 800W Flex Slot Platinum Hot Plug Low Halogen Power Supply Kit, 3x Standard Fans; HPE iLO Standard with Intelligent Provisioning (embedded),  TPM (Trusted Platform Module), 4U Tower, Server warranty includes 3-year parts, 3-year labor, 3-year on-site support with next business day response.. Clave Oficial CT: SERHPE1820. Marca: CT.",EQUIPOS DE MARCA,discos_duros,CT,9200.0,179400.0,287040.0,287040.0,242190.0,242190.0,224250.0,215280.0,https://static.ctonline.mx/imagenes/SERHPE1820/SERHPE1820_400.jpg,assets/img/catalog/SERHPE1820.jpg
SERHPE1830,"HPE ProLiant Compute DL360 P89231-DM5 Gen12 8SFF NC, 8 SFF, 6515P (16 core, 2.4 GHz, 150W), One with standard heatsink, 64 GB (2x32 GB, 6400 MT/s), Broadcom BCM57416 Ethernet 10Gb 2-port BASE-T Adapter for HPE, HPE MR408i-o Gen11 x8 Lanes 4GB Cache OCP SPDM Storage Controller, 2x HPE 480GB SATA 6G Read Intensive SFF BC Multi Vendor SSD, 2x HPE 1000W Flex Slot Titanium Hot Plug Power Supply Kit, 5x Standard Fans, Included - HPE iLO7 Standard with Intelligent Provisioning (embedded), HPE ProLiant DL3XX Gen11 Easy Install Rail 3 Kit, TPM (Trusted Platform Module) 1x HPE Bezel Lock Kit  1x HPE ProLiant DL3XX Gen11 Intrusion Cable Kit 1x HPE ProLiant Gen11 1U Common Bezel Kit, 1U Rack, Server warranty includes 3-year parts, 3-year labor, 3-year on-site support with next business day response.","HPE ProLiant Compute DL360 P89231-DM5 Gen12 8SFF NC, 8 SFF, 6515P (16 core, 2.4 GHz, 150W), One with standard heatsink, 64 GB (2x32 GB, 6400 MT/s), Broadcom BCM57416 Ethernet 10Gb 2-port BASE-T Adapter for HPE, HPE MR408i-o Gen11 x8 Lanes 4GB Cache OCP SPDM Storage Controller, 2x HPE 480GB SATA 6G Read Intensive SFF BC Multi Vendor SSD, 2x HPE 1000W Flex Slot Titanium Hot Plug Power Supply Kit, 5x Standard Fans, Included - HPE iLO7 Standard with Intelligent Provisioning (embedded), HPE ProLiant DL3XX Gen11 Easy Install Rail 3 Kit, TPM (Trusted Platform Module) 1x HPE Bezel Lock Kit  1x HPE ProLiant DL3XX Gen11 Intrusion Cable Kit 1x HPE ProLiant Gen11 1U Common Bezel Kit, 1U Rack, Server warranty includes 3-year parts, 3-year labor, 3-year on-site support with next business day response.. Clave Oficial CT: SERHPE1830. Marca: CT.",EQUIPOS DE MARCA,discos_duros,CT,10860.63,211782.32,338851.71,338851.71,285906.13,285906.13,264727.89,254138.78,https://static.ctonline.mx/imagenes/SERHPE1830/SERHPE1830_400.jpg,assets/img/catalog/SERHPE1830.jpg
SERHPE1840,"HPE ProLiant Compute DL380 P89235-DM5 Gen12 SFF NC, 8 SFF, 6505P (12 core, 2.2 GHz, 150W), 64 GB (2x32 GB, 6400 MT/s), Broadcom BCM5719 Ethernet 1Gb 4-port BASE-T OCP3 Adapter for HPE, HPE MR416i-o Gen11 x16 Lanes 8GB Cache OCP SPDM Storage Controller, 2x HPE 480GB SATA 6G Read Intensive SFF BC Multi Vendor SSD, 2x HPE 800W Flex Slot Platinum Hot Plug Low Halogen Power Supply Kit, 4x Standard Fans, HPE iLO Standard with intelligent provisioning (embedded), HPE ProLiant DL3XX Gen11 Easy Install Rail 3 Kit, TPM (Trusted Platform Module), 1x HPE ProLiant DL3XX Gen11 Intrusion Cable Kit, 2U Rack, Server warranty includes 3-year parts, 3-year labor, 3-year on-site support with next business day response.","HPE ProLiant Compute DL380 P89235-DM5 Gen12 SFF NC, 8 SFF, 6505P (12 core, 2.2 GHz, 150W), 64 GB (2x32 GB, 6400 MT/s), Broadcom BCM5719 Ethernet 1Gb 4-port BASE-T OCP3 Adapter for HPE, HPE MR416i-o Gen11 x16 Lanes 8GB Cache OCP SPDM Storage Controller, 2x HPE 480GB SATA 6G Read Intensive SFF BC Multi Vendor SSD, 2x HPE 800W Flex Slot Platinum Hot Plug Low Halogen Power Supply Kit, 4x Standard Fans, HPE iLO Standard with intelligent provisioning (embedded), HPE ProLiant DL3XX Gen11 Easy Install Rail 3 Kit, TPM (Trusted Platform Module), 1x HPE ProLiant DL3XX Gen11 Intrusion Cable Kit, 2U Rack, Server warranty includes 3-year parts, 3-year labor, 3-year on-site support with next business day response.. Clave Oficial CT: SERHPE1840. Marca: CT.",EQUIPOS DE MARCA,discos_duros,CT,10260.21,200074.11,320118.57,320118.57,270100.04,270100.04,250092.63,240088.93,https://static.ctonline.mx/imagenes/SERHPE1840/SERHPE1840_400.jpg,assets/img/catalog/SERHPE1840.jpg
MEMHPE320,"Unidad de arranque USB HPE (P21868-B21) microSD de 32 GB RAID 1. Especificación USB 2.0, Soporte PCIe: Gen3. Las unidades de estado sólido (SSD) de HPE tienen una garantía estándar 3/0/0 la autoreparación por parte del cliente (CSR) está sujeta a las limitaciones de uso máximo.","Unidad de arranque USB HPE (P21868-B21) microSD de 32 GB RAID 1. Especificación USB 2.0, Soporte PCIe: Gen3. Las unidades de estado sólido (SSD) de HPE tienen una garantía estándar 3/0/0 la autoreparación por parte del cliente (CSR) está sujeta a las limitaciones de uso máximo.. Clave Oficial CT: MEMHPE320. Marca: CT.",EQUIPOS DE MARCA,discos_duros,CT,307.37,5993.68,9589.89,9589.89,8091.47,8091.47,7492.11,7192.42,https://static.ctonline.mx/imagenes/MEMHPE320/MEMHPE320_400.jpg,assets/img/catalog/MEMHPE320.jpg
DDUHPE010,Disco Duro HPE (801882-B21) 1TB 6G SATA 7.2K rpm LFF (3.5-inch) Non-hot plug. 1 año de garantía.,Disco Duro HPE (801882-B21) 1TB 6G SATA 7.2K rpm LFF (3.5-inch) Non-hot plug. 1 año de garantía.. Clave Oficial CT: DDUHPE010. Marca: CT.,EQUIPOS DE MARCA,discos_duros,CT,168.42,3284.21,5254.74,5254.74,4433.68,4433.68,4105.26,3941.05,https://static.ctonline.mx/imagenes/DDUHPE010/DDUHPE010_400.jpg,assets/img/catalog/DDUHPE010.jpg
DDUHPE1100,HPE SSD (P47808-B21) 960GB SATA 6G RI LFF (3.5in) SCC 3 Years Wty Digitally Signed Firmware.,HPE SSD (P47808-B21) 960GB SATA 6G RI LFF (3.5in) SCC 3 Years Wty Digitally Signed Firmware.. Clave Oficial CT: DDUHPE1100. Marca: CT.,EQUIPOS DE MARCA,discos_duros,CT,4280.0,83460.0,133536.0,133536.0,112671.0,112671.0,104325.0,100152.0,https://static.ctonline.mx/imagenes/DDUHPE1100/DDUHPE1100_400.jpg,assets/img/catalog/DDUHPE1100.jpg
DDUHPE1010,Disco Duro HPE (P40513-B21) 480GB SSD M.2 NVMe Gen3 Mainstream Performance Read Intensive.,Disco Duro HPE (P40513-B21) 480GB SSD M.2 NVMe Gen3 Mainstream Performance Read Intensive.. Clave Oficial CT: DDUHPE1010. Marca: CT.,EQUIPOS DE MARCA,discos_duros,CT,1263.16,24631.58,39410.53,39410.53,33252.63,33252.63,30789.47,29557.89,https://static.ctonline.mx/imagenes/DDUHPE1010/DDUHPE1010_400.jpg,assets/img/catalog/DDUHPE1010.jpg
DDUHPE1020,Disco Duro HPE (881781-B21) 12TB SAS 7.2K rpm LFF (3.5 pulg.)  Hot Plug.,Disco Duro HPE (881781-B21) 12TB SAS 7.2K rpm LFF (3.5 pulg.)  Hot Plug.. Clave Oficial CT: DDUHPE1020. Marca: CT.,EQUIPOS DE MARCA,discos_duros,CT,1086.32,21183.16,33893.05,33893.05,28597.26,28597.26,26478.95,25419.79,https://static.ctonline.mx/imagenes/DDUHPE1020/DDUHPE1020_400.jpg,assets/img/catalog/DDUHPE1020.jpg
DDUHPE1050,Disco Duro HPE (P37009-B21) 960GB SAS 12G Mixed Use LFF (3.5in) Low Profile Carrier Value Multi Vendor SSD.,Disco Duro HPE (P37009-B21) 960GB SAS 12G Mixed Use LFF (3.5in) Low Profile Carrier Value Multi Vendor SSD.. Clave Oficial CT: DDUHPE1050. Marca: CT.,EQUIPOS DE MARCA,discos_duros,CT,2488.42,48524.21,77638.74,77638.74,65507.68,65507.68,60655.26,58229.05,https://static.ctonline.mx/imagenes/DDUHPE1050/DDUHPE1050_400.jpg,assets/img/catalog/DDUHPE1050.jpg
DDUHPE910,Disco Duro HPE (801888-B21) 4TB 6G SATA 7.2K rpm LFF (3.5-inch) Non-hot plug. 1 año de garantía.,Disco Duro HPE (801888-B21) 4TB 6G SATA 7.2K rpm LFF (3.5-inch) Non-hot plug. 1 año de garantía.. Clave Oficial CT: DDUHPE910. Marca: CT.,EQUIPOS DE MARCA,discos_duros,CT,347.37,6773.68,10837.89,10837.89,9144.47,9144.47,8467.11,8128.42,https://static.ctonline.mx/imagenes/DDUHPE910/DDUHPE910_400.jpg,assets/img/catalog/DDUHPE910.jpg
DDUHPE540,Disco Duro HPE (861686-B21) 1TB 6G 7.2K rpm HPL SATA LFF (3.5in) Low Profile MDL Digitally Signed Firmware HDD. 1 año de garantía.,Disco Duro HPE (861686-B21) 1TB 6G 7.2K rpm HPL SATA LFF (3.5in) Low Profile MDL Digitally Signed Firmware HDD. 1 año de garantía.. Clave Oficial CT: DDUHPE540. Marca: CT.,EQUIPOS DE MARCA,discos_duros,CT,196.84,3838.42,6141.47,6141.47,5181.87,5181.87,4798.03,4606.11,https://static.ctonline.mx/imagenes/DDUHPE540/DDUHPE540_400.jpg,assets/img/catalog/DDUHPE540.jpg
DDUHPE550,Disco Duro HPE (861681-B21) 2TB 6G 7.2K rpm HPL SATA LFF (3.5in) Low Profile MDL Digitally Signed Firmware HDD. 1 año de garantía.,Disco Duro HPE (861681-B21) 2TB 6G 7.2K rpm HPL SATA LFF (3.5in) Low Profile MDL Digitally Signed Firmware HDD. 1 año de garantía.. Clave Oficial CT: DDUHPE550. Marca: CT.,EQUIPOS DE MARCA,discos_duros,CT,244.21,4762.11,7619.37,7619.37,6428.84,6428.84,5952.63,5714.53,https://static.ctonline.mx/imagenes/DDUHPE550/DDUHPE550_400.jpg,assets/img/catalog/DDUHPE550.jpg
DDUHPE520,Disco Duro HPE (861683-B21) 4TB 6G 7.2K rpm HPL SATA LFF (3.5in) Low Profile MDL Digitally Signed Firmware HDD. 1 año de garantía.,Disco Duro HPE (861683-B21) 4TB 6G 7.2K rpm HPL SATA LFF (3.5in) Low Profile MDL Digitally Signed Firmware HDD. 1 año de garantía.. Clave Oficial CT: DDUHPE520. Marca: CT.,EQUIPOS DE MARCA,discos_duros,CT,351.58,6855.79,10969.26,10969.26,9255.32,9255.32,8569.74,8226.95,https://static.ctonline.mx/imagenes/DDUHPE520/DDUHPE520_400.jpg,assets/img/catalog/DDUHPE520.jpg
DDUHPE740,Disco Duro HPE (833928-B21) 4TB 12G SAS 7.2K rpm LFF (3.5 pulg.) low profile Hot Plug. 1 año de Garantía.,Disco Duro HPE (833928-B21) 4TB 12G SAS 7.2K rpm LFF (3.5 pulg.) low profile Hot Plug. 1 año de Garantía.. Clave Oficial CT: DDUHPE740. Marca: CT.,EQUIPOS DE MARCA,discos_duros,CT,467.37,9113.68,14581.89,14581.89,12303.47,12303.47,11392.11,10936.42,https://static.ctonline.mx/imagenes/DDUHPE740/DDUHPE740_400.jpg,assets/img/catalog/DDUHPE740.jpg
DDUHPE1320,Disco Duro HPE (P40497-B21) 480GB SSD SATA 6G Read Intensive SFF (2.5in) Basic Carrier.,Disco Duro HPE (P40497-B21) 480GB SSD SATA 6G Read Intensive SFF (2.5in) Basic Carrier.. Clave Oficial CT: DDUHPE1320. Marca: CT.,EQUIPOS DE MARCA,discos_duros,CT,926.32,18063.16,28901.05,28901.05,24385.26,24385.26,22578.95,21675.79,https://static.ctonline.mx/imagenes/DDUHPE1320/DDUHPE1320_400.jpg,assets/img/catalog/DDUHPE1320.jpg
DDUHPE1380,Disco Duro HPE (P40498-B21) 960GB SSD SATA 6G Read Intensive SFF (2.5in) Basic Carrier.,Disco Duro HPE (P40498-B21) 960GB SSD SATA 6G Read Intensive SFF (2.5in) Basic Carrier.. Clave Oficial CT: DDUHPE1380. Marca: CT.,EQUIPOS DE MARCA,discos_duros,CT,1562.11,30461.05,48737.68,48737.68,41122.42,41122.42,38076.32,36553.26,https://static.ctonline.mx/imagenes/DDUHPE1380/DDUHPE1380_400.jpg,assets/img/catalog/DDUHPE1380.jpg
DDUHPE1040,Disco Duro HPE (P37011-B21) 1.92TB SAS 12G Mixed Use SFF (2.5in) Smart Carrier Value Multi Vendor SSD.,Disco Duro HPE (P37011-B21) 1.92TB SAS 12G Mixed Use SFF (2.5in) Smart Carrier Value Multi Vendor SSD.. Clave Oficial CT: DDUHPE1040. Marca: CT.,EQUIPOS DE MARCA,discos_duros,CT,3684.21,71842.11,114947.37,114947.37,96986.84,96986.84,89802.63,86210.53,https://static.ctonline.mx/imagenes/DDUHPE1040/DDUHPE1040_400.jpg,assets/img/catalog/DDUHPE1040.jpg
DDUHPE1210,Disco Duro HPE SSD MSA 1.92 TB SAS 12G (R0Q47A) lectura intensiva SFF (2.5 pulg.). 3 años de garantía.,Disco Duro HPE SSD MSA 1.92 TB SAS 12G (R0Q47A) lectura intensiva SFF (2.5 pulg.). 3 años de garantía.. Clave Oficial CT: DDUHPE1210. Marca: CT.,EQUIPOS DE MARCA,discos_duros,CT,2302.11,44891.05,71825.68,71825.68,60602.92,60602.92,56113.82,53869.26,https://static.ctonline.mx/imagenes/DDUHPE1210/DDUHPE1210_400.jpg,assets/img/catalog/DDUHPE1210.jpg
DDUHPE1000,Disco Duro HPE MSA Enterprise (R0Q57A)2.4 TB SAS 12G 10 000 rpm SFF (2.5 pulg.). 3 años de garantía.,Disco Duro HPE MSA Enterprise (R0Q57A)2.4 TB SAS 12G 10 000 rpm SFF (2.5 pulg.). 3 años de garantía.. Clave Oficial CT: DDUHPE1000. Marca: CT.,EQUIPOS DE MARCA,discos_duros,CT,952.11,18566.05,29705.68,29705.68,25064.17,25064.17,23207.57,22279.26,https://static.ctonline.mx/imagenes/DDUHPE1000/DDUHPE1000_400.jpg,assets/img/catalog/DDUHPE1000.jpg
DDUHPE1110,HPE SSD (P40502-B21) 480GB SATA 6G Mixed Used SFF (2.5in) SCC 3 Years Wty Digitally Signed Firmware.,HPE SSD (P40502-B21) 480GB SATA 6G Mixed Used SFF (2.5in) SCC 3 Years Wty Digitally Signed Firmware.. Clave Oficial CT: DDUHPE1110. Marca: CT.,EQUIPOS DE MARCA,discos_duros,CT,752.63,14676.32,23482.11,23482.11,19813.03,19813.03,18345.39,17611.58,https://static.ctonline.mx/imagenes/DDUHPE1110/DDUHPE1110_400.jpg,assets/img/catalog/DDUHPE1110.jpg
DDUHPE1120,HPE SSD (P40503-B21) 960GB SATA 6G Mixed Used SFF (2.5in) SCC 3 Years Wty Digitally Signed Firmware.,HPE SSD (P40503-B21) 960GB SATA 6G Mixed Used SFF (2.5in) SCC 3 Years Wty Digitally Signed Firmware.. Clave Oficial CT: DDUHPE1120. Marca: CT.,EQUIPOS DE MARCA,discos_duros,CT,2852.63,55626.32,89002.11,89002.11,75095.53,75095.53,69532.89,66751.58,https://static.ctonline.mx/imagenes/DDUHPE1120/DDUHPE1120_400.jpg,assets/img/catalog/DDUHPE1120.jpg
DDUHPE1130,HPE SSD (P40504-B21) 1.92TB SATA 6G Mixed Used SFF (2.5in) SCC 3 Years Wty Digitally Signed Firmware.,HPE SSD (P40504-B21) 1.92TB SATA 6G Mixed Used SFF (2.5in) SCC 3 Years Wty Digitally Signed Firmware.. Clave Oficial CT: DDUHPE1130. Marca: CT.,EQUIPOS DE MARCA,discos_duros,CT,4810.53,93805.26,150088.42,150088.42,126637.11,126637.11,117256.58,112566.32,https://static.ctonline.mx/imagenes/DDUHPE1130/DDUHPE1130_400.jpg,assets/img/catalog/DDUHPE1130.jpg
DDUHPE1140,HPE SSD (P40505-B21) 3.84TB SATA 6G Mixed Used SFF (2.5in) SCC 3 Years Wty Digitally Signed Firmware.,HPE SSD (P40505-B21) 3.84TB SATA 6G Mixed Used SFF (2.5in) SCC 3 Years Wty Digitally Signed Firmware.. Clave Oficial CT: DDUHPE1140. Marca: CT.,EQUIPOS DE MARCA,discos_duros,CT,8640.0,168480.0,269568.0,269568.0,227448.0,227448.0,210600.0,202176.0,https://static.ctonline.mx/imagenes/DDUHPE1140/DDUHPE1140_400.jpg,assets/img/catalog/DDUHPE1140.jpg
DDUHPE1150,Disco Duro HPE (P28586-B21) 1.2 TB 12G SAS 10K rpm SFF (2.5 pulg.) Hot Plug. 3 años de Garantía.,Disco Duro HPE (P28586-B21) 1.2 TB 12G SAS 10K rpm SFF (2.5 pulg.) Hot Plug. 3 años de Garantía.. Clave Oficial CT: DDUHPE1150. Marca: CT.,EQUIPOS DE MARCA,discos_duros,CT,488.42,9524.21,15238.74,15238.74,12857.68,12857.68,11905.26,11429.05,https://static.ctonline.mx/imagenes/DDUHPE1150/DDUHPE1150_400.jpg,assets/img/catalog/DDUHPE1150.jpg
DDUHPE1170,Disco Duro HPE (P28352-B21) 2.4 TB 12G SAS 10K rpm SFF (2.5 pulg.) Hot Plug. 3 años de Garantía.,Disco Duro HPE (P28352-B21) 2.4 TB 12G SAS 10K rpm SFF (2.5 pulg.) Hot Plug. 3 años de Garantía.. Clave Oficial CT: DDUHPE1170. Marca: CT.,EQUIPOS DE MARCA,discos_duros,CT,711.58,13875.79,22201.26,22201.26,18732.32,18732.32,17344.74,16650.95,https://static.ctonline.mx/imagenes/DDUHPE1170/DDUHPE1170_400.jpg,assets/img/catalog/DDUHPE1170.jpg
DDUHPE1180,HPE SSD (P40510-B21) 960GB SAS12G Mixed Used SFF (2.5in) SCC 3 Years Wty Digitally Signed Firmware.,HPE SSD (P40510-B21) 960GB SAS12G Mixed Used SFF (2.5in) SCC 3 Years Wty Digitally Signed Firmware.. Clave Oficial CT: DDUHPE1180. Marca: CT.,EQUIPOS DE MARCA,discos_duros,CT,2736.84,53368.42,85389.47,85389.47,72047.37,72047.37,66710.53,64042.11,https://static.ctonline.mx/imagenes/DDUHPE1180/DDUHPE1180_400.jpg,assets/img/catalog/DDUHPE1180.jpg
DDUHPE1190,HPE SSD (P40511-B21) 1.92TB SATA 6G Mixed Used SFF (2.5in) SCC 3 Years Wty Digitally Signed Firmware.,HPE SSD (P40511-B21) 1.92TB SATA 6G Mixed Used SFF (2.5in) SCC 3 Years Wty Digitally Signed Firmware.. Clave Oficial CT: DDUHPE1190. Marca: CT.,EQUIPOS DE MARCA,discos_duros,CT,4050.53,78985.26,126376.42,126376.42,106630.11,106630.11,98731.58,94782.32,https://static.ctonline.mx/imagenes/DDUHPE1190/DDUHPE1190_400.jpg,assets/img/catalog/DDUHPE1190.jpg
DDUHPE870,HPE SSD (P18420-B21) 240GB SATA 6G Read Intensive SFF (2.5in) SCC 3 Years Wty Digitally Signed Firmware.,HPE SSD (P18420-B21) 240GB SATA 6G Read Intensive SFF (2.5in) SCC 3 Years Wty Digitally Signed Firmware.. Clave Oficial CT: DDUHPE870. Marca: CT.,EQUIPOS DE MARCA,discos_duros,CT,382.11,7451.05,11921.68,11921.68,10058.92,10058.92,9313.82,8941.26,https://static.ctonline.mx/imagenes/DDUHPE870/DDUHPE870_400.jpg,assets/img/catalog/DDUHPE870.jpg
DDUHPE1290,"Disco duro SSD HPE (P47818-H21) 480 GB SATA 6G lectura intensiva M.2. IOPS de lectura:
IOPs de lectura aleatoria (4 KiB, Q = 16) = 65 000 IOPs de lectura aleatoria máx. (4 KiB) = 76 000 a Q6. IOPS de escritura: IOPs de escritura aleatoria (4 KiB, Q = 16) = 38 000 IOPs de escritura aleatoria máx. (4 KiB) = 39 500 a Q256.","Disco duro SSD HPE (P47818-H21) 480 GB SATA 6G lectura intensiva M.2. IOPS de lectura:
IOPs de lectura aleatoria (4 KiB, Q = 16) = 65 000 IOPs de lectura aleatoria máx. (4 KiB) = 76 000 a Q6. IOPS de escritura: IOPs de escritura aleatoria (4 KiB, Q = 16) = 38 000 IOPs de escritura aleatoria máx. (4 KiB) = 39 500 a Q256.. Clave Oficial CT: DDUHPE1290. Marca: CT.",EQUIPOS DE MARCA,discos_duros,CT,1027.37,20033.68,32053.89,32053.89,27045.47,27045.47,25042.11,24040.42,https://static.ctonline.mx/imagenes/DDUHPE1290/DDUHPE1290_400.jpg,assets/img/catalog/DDUHPE1290.jpg
DDUHPE1340,Disco Duro HPE (834028-B21) 8TB SATA 6G Business Critical 7.2K LFF. 1 año de garantía.,Disco Duro HPE (834028-B21) 8TB SATA 6G Business Critical 7.2K LFF. 1 año de garantía.. Clave Oficial CT: DDUHPE1340. Marca: CT.,EQUIPOS DE MARCA,discos_duros,CT,1412.21,27538.11,44060.97,44060.97,37176.44,37176.44,34422.63,33045.73,https://static.ctonline.mx/imagenes/DDUHPE1340/DDUHPE1340_400.jpg,assets/img/catalog/DDUHPE1340.jpg
DDUHPE1430,Disco Duro HPE (881787-B21) 12TB SATA 6G Business Critical 7.2K LFF. 1 año de garantía.,Disco Duro HPE (881787-B21) 12TB SATA 6G Business Critical 7.2K LFF. 1 año de garantía.. Clave Oficial CT: DDUHPE1430. Marca: CT.,EQUIPOS DE MARCA,discos_duros,CT,2462.32,48015.16,76824.25,76824.25,64820.46,64820.46,60018.95,57618.19,https://static.ctonline.mx/imagenes/DDUHPE1430/DDUHPE1430_400.jpg,assets/img/catalog/DDUHPE1430.jpg
STOHPE730,"HPE MSA 2070 (P76569-B25) SFF 2x10/25GbE Iscsi 4-port Cntrl 12x3.84 SDD 4x10Gb Iscsi XVCR 46TB Storage Array Servidor  2U rack mount  2x 10/25 GbE iSCSI 4-port Controller, 10/25 GbE iSCSI, HPE MSA 10Gb Short Range iSCSI SFP+ 4-pack Transceiver, Hasta 24 HDD y/o SSD SFF por modelo de arreglo base, 12x HPE MSA 3.84TB SAS 12G Read Intensive SFF (2.5in) M2 3yr Warranty SSD. MSA 2U Rail Kit included. Garantía limitada de tres años, intercambio de piezas con entrega al día siguiente en todos los arrays base y cajas de unidades. Los discos MSA y otras opciones tienen una garantía separada.","HPE MSA 2070 (P76569-B25) SFF 2x10/25GbE Iscsi 4-port Cntrl 12x3.84 SDD 4x10Gb Iscsi XVCR 46TB Storage Array Servidor  2U rack mount  2x 10/25 GbE iSCSI 4-port Controller, 10/25 GbE iSCSI, HPE MSA 10Gb Short Range iSCSI SFP+ 4-pack Transceiver, Hasta 24 HDD y/o SSD SFF por modelo de arreglo base, 12x HPE MSA 3.84TB SAS 12G Read Intensive SFF (2.5in) M2 3yr Warranty SSD. MSA 2U Rail Kit included. Garantía limitada de tres años, intercambio de piezas con entrega al día siguiente en todos los arrays base y cajas de unidades. Los discos MSA y otras opciones tienen una garantía separada.. Clave Oficial CT: STOHPE730. Marca: CT.",EQUIPOS DE MARCA,discos_duros,CT,30391.58,592635.79,948217.26,948217.26,800058.32,800058.32,740794.74,711162.95,https://static.ctonline.mx/imagenes/STOHPE730/STOHPE730_400.jpg,assets/img/catalog/STOHPE730.jpg
STOHPE740,"HPE MSA 2070 (P76570-B25) SFF 2x16Gb FC 4-port Controller 12x3.84TB SSD 4x16Gb SFP FC XCVR 46TB Storage Array Servidor  2U rack mount  2x 16 Gb Fibre Channel 4-port Controller, 16 Gb Fibre Channel, HPE MSA 16Gb Short Wave Fibre Channel SFP+ 4-pack Transceive, Hasta 24 HDD y/o SSD SFF por modelo de arreglo base, 12x HPE MSA 3.84TB SAS 12G Read Intensive SFF (2.5in) M2 3yr Warranty SSD. MSA 2U Rail Kit included. Garantía limitada de tres años, intercambio de piezas con entrega al día siguiente en todos los arrays base y cajas de unidades. Los discos MSA y otras opciones tienen una garantía separada.","HPE MSA 2070 (P76570-B25) SFF 2x16Gb FC 4-port Controller 12x3.84TB SSD 4x16Gb SFP FC XCVR 46TB Storage Array Servidor  2U rack mount  2x 16 Gb Fibre Channel 4-port Controller, 16 Gb Fibre Channel, HPE MSA 16Gb Short Wave Fibre Channel SFP+ 4-pack Transceive, Hasta 24 HDD y/o SSD SFF por modelo de arreglo base, 12x HPE MSA 3.84TB SAS 12G Read Intensive SFF (2.5in) M2 3yr Warranty SSD. MSA 2U Rail Kit included. Garantía limitada de tres años, intercambio de piezas con entrega al día siguiente en todos los arrays base y cajas de unidades. Los discos MSA y otras opciones tienen una garantía separada.. Clave Oficial CT: STOHPE740. Marca: CT.",EQUIPOS DE MARCA,discos_duros,CT,30534.74,595427.37,952683.79,952683.79,803826.95,803826.95,744284.21,714512.84,https://static.ctonline.mx/imagenes/STOHPE740/STOHPE740_400.jpg,assets/img/catalog/STOHPE740.jpg
STOHPE750,"HPE MSA 2070 (P76571-B25) SFF 2x10/25GbE iSCSI 4-port Controller 12x1.92TB SSD 4x10Gb iSCSI XCVR 23TB Storage Array Servidor  2U rack mount  2x 10/25 GbE iSCSI 4-port Controller, 10/25 GbE iSCSI, HPE MSA 10Gb Short Range iSCSI SFP+ 4-pack Transceiver, Hasta 24 HDD y/o SSD SFF por modelo de arreglo base, 12x HPE MSA 1.92TB SAS 12G Read Intensive SFF (2.5in) M2 3yr Warranty SSD. MSA 2U Rail Kit included. Garantía limitada de tres años, intercambio de piezas con entrega al día siguiente en todos los arrays base y cajas de unidades. Los discos MSA y otras opciones tienen una garantía separada.","HPE MSA 2070 (P76571-B25) SFF 2x10/25GbE iSCSI 4-port Controller 12x1.92TB SSD 4x10Gb iSCSI XCVR 23TB Storage Array Servidor  2U rack mount  2x 10/25 GbE iSCSI 4-port Controller, 10/25 GbE iSCSI, HPE MSA 10Gb Short Range iSCSI SFP+ 4-pack Transceiver, Hasta 24 HDD y/o SSD SFF por modelo de arreglo base, 12x HPE MSA 1.92TB SAS 12G Read Intensive SFF (2.5in) M2 3yr Warranty SSD. MSA 2U Rail Kit included. Garantía limitada de tres años, intercambio de piezas con entrega al día siguiente en todos los arrays base y cajas de unidades. Los discos MSA y otras opciones tienen una garantía separada.. Clave Oficial CT: STOHPE750. Marca: CT.",EQUIPOS DE MARCA,discos_duros,CT,23469.47,457654.74,732247.58,732247.58,617833.89,617833.89,572068.42,549185.68,https://static.ctonline.mx/imagenes/STOHPE750/STOHPE750_400.jpg,assets/img/catalog/STOHPE750.jpg
STOHPE760,"HPE MSA 2070 (P76572-B25) SFF 2x16Gb FC 4-port Controller 12x1.92TB SSD 4x16Gb SFP FC XCVR 23TB Storage Arra Servidor  2U rack mount  2x 16 Gb Fibre Channel 4-port Controller, 16 Gb Fibre Channel, HPE MSA 16 Gb Short Wave Fibre Channel SFP+ 4-pack Transceivers, Hasta 24 HDD y/o SSD SFF por modelo de arreglo base, 12x HPE MSA 1.92TB SAS 12G Read Intensive SFF (2.5in) M2 3yr Warranty SSD. MSA 2U Rail Kit included. Garantía limitada de tres años, intercambio de piezas con entrega al día siguiente en todos los arrays base y cajas de unidades. Los discos MSA y otras opciones tienen una garantía separada.","HPE MSA 2070 (P76572-B25) SFF 2x16Gb FC 4-port Controller 12x1.92TB SSD 4x16Gb SFP FC XCVR 23TB Storage Arra Servidor  2U rack mount  2x 16 Gb Fibre Channel 4-port Controller, 16 Gb Fibre Channel, HPE MSA 16 Gb Short Wave Fibre Channel SFP+ 4-pack Transceivers, Hasta 24 HDD y/o SSD SFF por modelo de arreglo base, 12x HPE MSA 1.92TB SAS 12G Read Intensive SFF (2.5in) M2 3yr Warranty SSD. MSA 2U Rail Kit included. Garantía limitada de tres años, intercambio de piezas con entrega al día siguiente en todos los arrays base y cajas de unidades. Los discos MSA y otras opciones tienen una garantía separada.. Clave Oficial CT: STOHPE760. Marca: CT.",EQUIPOS DE MARCA,discos_duros,CT,23612.63,460446.32,736714.11,736714.11,621602.53,621602.53,575557.89,552535.58,https://static.ctonline.mx/imagenes/STOHPE760/STOHPE760_400.jpg,assets/img/catalog/STOHPE760.jpg
STOHPE770,"HPE MSA 2070 (P79245-B25) SFF 2x32Gb FC 4-port Controller 12x1.92TB SSD 4x32Gb SFP FC XCVR 23TB Storage Array Servidor  2U rack mount  2x 32 Gb Fibre Channel 4-port Controller, 32 Gb Fibre Channel, HPE MSA 32 Gb Short Wave Fibre Channel SFP+ 4-pack Transceiver, Hasta 24 HDD y/o SSD SFF por modelo de arreglo base, 12x HPE MSA 1.92 TB SAS 12G Read Intensive SFF (2.5in) M2 3yr Warranty SSD. MSA 2U Rail Kit included. Garantía limitada de tres años, intercambio de piezas con entrega al día siguiente en todos los arrays base y cajas de unidades. Los discos MSA y otras opciones tienen una garantía separada.","HPE MSA 2070 (P79245-B25) SFF 2x32Gb FC 4-port Controller 12x1.92TB SSD 4x32Gb SFP FC XCVR 23TB Storage Array Servidor  2U rack mount  2x 32 Gb Fibre Channel 4-port Controller, 32 Gb Fibre Channel, HPE MSA 32 Gb Short Wave Fibre Channel SFP+ 4-pack Transceiver, Hasta 24 HDD y/o SSD SFF por modelo de arreglo base, 12x HPE MSA 1.92 TB SAS 12G Read Intensive SFF (2.5in) M2 3yr Warranty SSD. MSA 2U Rail Kit included. Garantía limitada de tres años, intercambio de piezas con entrega al día siguiente en todos los arrays base y cajas de unidades. Los discos MSA y otras opciones tienen una garantía separada.. Clave Oficial CT: STOHPE770. Marca: CT.",EQUIPOS DE MARCA,discos_duros,CT,25448.42,496244.21,793990.74,793990.74,669929.68,669929.68,620305.26,595493.05,https://static.ctonline.mx/imagenes/STOHPE770/STOHPE770_400.jpg,assets/img/catalog/STOHPE770.jpg
STOHPE780,"HPE MSA 2070 (P79246-B25) SFF 2x32Gb FC 4-port Controller 12x3.84TB SSD 4x32Gb SFP FC XCVR 46TB Storage Arra Servidor  2U rack mount  2x 32 Gb Fibre Channel 4-port Controller, 32 Gb Fibre Channel, HPE MSA 32 Gb Short Wave Fibre Channel SFP+ 4-pack Transceiver, Hasta 24 HDD y/o SSD SFF por modelo de arreglo base, 12x HPE MSA 3.84 TB SAS 12G Read Intensive SFF (2.5in) M2 3yr Warranty SSD. MSA 2U Rail Kit included. Garantía limitada de tres años, intercambio de piezas con entrega al día siguiente en todos los arrays base y cajas de unidades. Los discos MSA y otras opciones tienen una garantía separada.","HPE MSA 2070 (P79246-B25) SFF 2x32Gb FC 4-port Controller 12x3.84TB SSD 4x32Gb SFP FC XCVR 46TB Storage Arra Servidor  2U rack mount  2x 32 Gb Fibre Channel 4-port Controller, 32 Gb Fibre Channel, HPE MSA 32 Gb Short Wave Fibre Channel SFP+ 4-pack Transceiver, Hasta 24 HDD y/o SSD SFF por modelo de arreglo base, 12x HPE MSA 3.84 TB SAS 12G Read Intensive SFF (2.5in) M2 3yr Warranty SSD. MSA 2U Rail Kit included. Garantía limitada de tres años, intercambio de piezas con entrega al día siguiente en todos los arrays base y cajas de unidades. Los discos MSA y otras opciones tienen una garantía separada.. Clave Oficial CT: STOHPE780. Marca: CT.",EQUIPOS DE MARCA,discos_duros,CT,32480.0,633360.0,1013376.0,1013376.0,855036.0,855036.0,791700.0,760032.0,https://static.ctonline.mx/imagenes/STOHPE780/STOHPE780_400.jpg,assets/img/catalog/STOHPE780.jpg
STOHPE790,"HPE MSA 2070 (P84177-B25) SFF 2x10/25GbE iSCSI 4-port Controller 12x1.92TB SSD 4x25Gb iSCSI XCVR 23TB Storage Array Servidor  2U rack mount  2x 10/25 GbE iSCSI 4-port Controllers, 10/25 GbE iSCSI, HPE MSA 25Gb SFP28 Short Range 4-pack iSCSI Transceivers, Hasta 24 HDD y/o SSD SFF por modelo de arreglo base, 12x HPE MSA 1.92 TB SAS 12G Read Intensive SFF (2.5in) M2 3yr Warranty SSD. MSA 2U Rail Kit included. Garantía limitada de tres años, intercambio de piezas con entrega al día siguiente en todos los arrays base y cajas de unidades. Los discos MSA y otras opciones tienen una garantía separada.","HPE MSA 2070 (P84177-B25) SFF 2x10/25GbE iSCSI 4-port Controller 12x1.92TB SSD 4x25Gb iSCSI XCVR 23TB Storage Array Servidor  2U rack mount  2x 10/25 GbE iSCSI 4-port Controllers, 10/25 GbE iSCSI, HPE MSA 25Gb SFP28 Short Range 4-pack iSCSI Transceivers, Hasta 24 HDD y/o SSD SFF por modelo de arreglo base, 12x HPE MSA 1.92 TB SAS 12G Read Intensive SFF (2.5in) M2 3yr Warranty SSD. MSA 2U Rail Kit included. Garantía limitada de tres años, intercambio de piezas con entrega al día siguiente en todos los arrays base y cajas de unidades. Los discos MSA y otras opciones tienen una garantía separada.. Clave Oficial CT: STOHPE790. Marca: CT.",EQUIPOS DE MARCA,discos_duros,CT,22425.26,437292.63,699668.21,699668.21,590345.05,590345.05,546615.79,524751.16,https://static.ctonline.mx/imagenes/STOHPE790/STOHPE790_400.jpg,assets/img/catalog/STOHPE790.jpg
STOHPE800,"HPE MSA 2070 (P84178-B25) SFF 2x12Gb SAS 4-port Controller 12x1.92TB SSD 23TB Storage Array Servidor  2U rack mount  2x 12 Gb SAS 4-port Controllers, 12 Gb SAS,  Hasta 24 HDD y/o SSD SFF por modelo de arreglo base, 12x HPE MSA 1.92 TB SAS 12G Read Intensive SFF (2.5in) M2 3yr Warranty SSD. MSA 2U Rail Kit included. Garantía limitada de tres años, intercambio de piezas con entrega al día siguiente en todos los arrays base y cajas de unidades. Los discos MSA y otras opciones tienen una garantía separada.","HPE MSA 2070 (P84178-B25) SFF 2x12Gb SAS 4-port Controller 12x1.92TB SSD 23TB Storage Array Servidor  2U rack mount  2x 12 Gb SAS 4-port Controllers, 12 Gb SAS,  Hasta 24 HDD y/o SSD SFF por modelo de arreglo base, 12x HPE MSA 1.92 TB SAS 12G Read Intensive SFF (2.5in) M2 3yr Warranty SSD. MSA 2U Rail Kit included. Garantía limitada de tres años, intercambio de piezas con entrega al día siguiente en todos los arrays base y cajas de unidades. Los discos MSA y otras opciones tienen una garantía separada.. Clave Oficial CT: STOHPE800. Marca: CT.",EQUIPOS DE MARCA,discos_duros,CT,22105.26,431052.63,689684.21,689684.21,581921.05,581921.05,538815.79,517263.16,https://static.ctonline.mx/imagenes/STOHPE800/STOHPE800_400.jpg,assets/img/catalog/STOHPE800.jpg
STOHPE810,"HPE MSA 2070 (P84179-B25) SFF 2x10/25GbE iSCSI 4-port Controller 12x3.84TB SSD 4x25Gb iSCSI XCVR 46TB Storage Array Servidor  2U rack mount  2x 10/25 GbE iSCSI 4-port Controllers, 10/25 GbE iSCSI, HPE MSA 25Gb SFP28 Short Range 4-pack iSCSI Transceivers, Hasta 24 HDD y/o SSD SFF por modelo de arreglo base, 12x HPE MSA 3.84 TB SAS 12G Read Intensive SFF (2.5in) M2 3yr Warranty SSD. MSA 2U Rail Kit included. Garantía limitada de tres años, intercambio de piezas con entrega al día siguiente en todos los arrays base y cajas de unidades. Los discos MSA y otras opciones tienen una garantía separada.","HPE MSA 2070 (P84179-B25) SFF 2x10/25GbE iSCSI 4-port Controller 12x3.84TB SSD 4x25Gb iSCSI XCVR 46TB Storage Array Servidor  2U rack mount  2x 10/25 GbE iSCSI 4-port Controllers, 10/25 GbE iSCSI, HPE MSA 25Gb SFP28 Short Range 4-pack iSCSI Transceivers, Hasta 24 HDD y/o SSD SFF por modelo de arreglo base, 12x HPE MSA 3.84 TB SAS 12G Read Intensive SFF (2.5in) M2 3yr Warranty SSD. MSA 2U Rail Kit included. Garantía limitada de tres años, intercambio de piezas con entrega al día siguiente en todos los arrays base y cajas de unidades. Los discos MSA y otras opciones tienen una garantía separada.. Clave Oficial CT: STOHPE810. Marca: CT.",EQUIPOS DE MARCA,discos_duros,CT,30770.53,600025.26,960040.42,960040.42,810034.11,810034.11,750031.58,720030.32,https://static.ctonline.mx/imagenes/STOHPE810/STOHPE810_400.jpg,assets/img/catalog/STOHPE810.jpg
STOHPE820,"HPE MSA 2070 (P84180-B25) SFF 2x12Gb SAS 4-port Controller 12x3.84TB SSD 46TB Storage Array Servidor  2U rack mount 2x 12 Gb SAS 4-port Controllers, 12 Gb SAS,  Hasta 24 HDD y/o SSD SFF por modelo de arreglo base, 12x HPE MSA 3.84 TB SAS 12G Read Intensive SFF (2.5in) M2 3yr Warranty SSD. MSA 2U Rail Kit included. Garantía limitada de tres años, intercambio de piezas con entrega al día siguiente en todos los arrays base y cajas de unidades. Los discos MSA y otras opciones tienen una garantía separada.","HPE MSA 2070 (P84180-B25) SFF 2x12Gb SAS 4-port Controller 12x3.84TB SSD 46TB Storage Array Servidor  2U rack mount 2x 12 Gb SAS 4-port Controllers, 12 Gb SAS,  Hasta 24 HDD y/o SSD SFF por modelo de arreglo base, 12x HPE MSA 3.84 TB SAS 12G Read Intensive SFF (2.5in) M2 3yr Warranty SSD. MSA 2U Rail Kit included. Garantía limitada de tres años, intercambio de piezas con entrega al día siguiente en todos los arrays base y cajas de unidades. Los discos MSA y otras opciones tienen una garantía separada.. Clave Oficial CT: STOHPE820. Marca: CT.",EQUIPOS DE MARCA,discos_duros,CT,29002.11,565541.05,904865.68,904865.68,763480.42,763480.42,706926.32,678649.26,https://static.ctonline.mx/imagenes/STOHPE820/STOHPE820_400.jpg,assets/img/catalog/STOHPE820.jpg
STOHPE830,"HPE MSA 2070 (P84181-B25) SFF 2x16Gb FC 4-port Controller 12x7.68TB SSD 4x16Gb SFP FC XCVR 92TB Storage Array Servidor  2U rack mount  2x 16 Gb Fibre Channel 4-port Controllers, 16 Gb Fibre Channel, HPE MSA 16 Gb Short Wave Fibre Channel SFP+ 4-pack Transceivers, Hasta 24 HDD y/o SSD SFF por modelo de arreglo base, 12x HPE MSA 7.68 TB SAS 12G Read Intensive SFF (2.5in) M2 3yr Warranty SSD. MSA 2U Rail Kit included. Garantía limitada de tres años, intercambio de piezas con entrega al día siguiente en todos los arrays base y cajas de unidades. Los discos MSA y otras opciones tienen una garantía separada.","HPE MSA 2070 (P84181-B25) SFF 2x16Gb FC 4-port Controller 12x7.68TB SSD 4x16Gb SFP FC XCVR 92TB Storage Array Servidor  2U rack mount  2x 16 Gb Fibre Channel 4-port Controllers, 16 Gb Fibre Channel, HPE MSA 16 Gb Short Wave Fibre Channel SFP+ 4-pack Transceivers, Hasta 24 HDD y/o SSD SFF por modelo de arreglo base, 12x HPE MSA 7.68 TB SAS 12G Read Intensive SFF (2.5in) M2 3yr Warranty SSD. MSA 2U Rail Kit included. Garantía limitada de tres años, intercambio de piezas con entrega al día siguiente en todos los arrays base y cajas de unidades. Los discos MSA y otras opciones tienen una garantía separada.. Clave Oficial CT: STOHPE830. Marca: CT.",EQUIPOS DE MARCA,discos_duros,CT,43402.11,846341.05,1354145.68,1354145.68,1142560.42,1142560.42,1057926.32,1015609.26,https://static.ctonline.mx/imagenes/STOHPE830/STOHPE830_400.jpg,assets/img/catalog/STOHPE830.jpg
STOHPE840,"HPE MSA 2070 (P84182-B25) SFF 2x32Gb FC 4-port Controller 12x7.68TB SSD 4x32Gb SFP FC XCVR 92TB Storage Array Servidor  2U rack mount  2x 32 Gb Fibre Channel 4-port Controllers, 32 Gb Fibre Channel, HPE MSA 32 Gb Short Wave Fibre Channel SFP+ 4-pack Transceivers, Hasta 24 HDD y/o SSD SFF por modelo de arreglo base, 12x HPE MSA 7.68 TB SAS 12G Read Intensive SFF (2.5in) M2 3yr Warranty SSD. MSA 2U Rail Kit included. Garantía limitada de tres años, intercambio de piezas con entrega al día siguiente en todos los arrays base y cajas de unidades. Los discos MSA y otras opciones tienen una garantía separada.","HPE MSA 2070 (P84182-B25) SFF 2x32Gb FC 4-port Controller 12x7.68TB SSD 4x32Gb SFP FC XCVR 92TB Storage Array Servidor  2U rack mount  2x 32 Gb Fibre Channel 4-port Controllers, 32 Gb Fibre Channel, HPE MSA 32 Gb Short Wave Fibre Channel SFP+ 4-pack Transceivers, Hasta 24 HDD y/o SSD SFF por modelo de arreglo base, 12x HPE MSA 7.68 TB SAS 12G Read Intensive SFF (2.5in) M2 3yr Warranty SSD. MSA 2U Rail Kit included. Garantía limitada de tres años, intercambio de piezas con entrega al día siguiente en todos los arrays base y cajas de unidades. Los discos MSA y otras opciones tienen una garantía separada.. Clave Oficial CT: STOHPE840. Marca: CT.",EQUIPOS DE MARCA,discos_duros,CT,45237.89,882138.95,1411422.32,1411422.32,1190887.58,1190887.58,1102673.68,1058566.74,https://static.ctonline.mx/imagenes/STOHPE840/STOHPE840_400.jpg,assets/img/catalog/STOHPE840.jpg
STOHPE850,"HPE MSA 2070 (P84183-B25) SFF 2x10/25GbE iSCSI 4-port Controller 12x7.68TB SSD 4x10Gb iSCSI XCVR 92TB Storage Array Servidor  2U rack mount  2x 10/25 GbE iSCSI 4-port Controllers, 10/25 GbE iSCSI, HPE MSA 10 Gb Short Range iSCSI SFP+ 4-pack Transceivers, Hasta 24 HDD y/o SSD SFF por modelo de arreglo base, 12x HPE MSA 7.68 TB SAS 12G Read Intensive SFF (2.5in) M2 3yr Warranty SSD. MSA 2U Rail Kit included. Garantía limitada de tres años, intercambio de piezas con entrega al día siguiente en todos los arrays base y cajas de unidades. Los discos MSA y otras opciones tienen una garantía separada.","HPE MSA 2070 (P84183-B25) SFF 2x10/25GbE iSCSI 4-port Controller 12x7.68TB SSD 4x10Gb iSCSI XCVR 92TB Storage Array Servidor  2U rack mount  2x 10/25 GbE iSCSI 4-port Controllers, 10/25 GbE iSCSI, HPE MSA 10 Gb Short Range iSCSI SFP+ 4-pack Transceivers, Hasta 24 HDD y/o SSD SFF por modelo de arreglo base, 12x HPE MSA 7.68 TB SAS 12G Read Intensive SFF (2.5in) M2 3yr Warranty SSD. MSA 2U Rail Kit included. Garantía limitada de tres años, intercambio de piezas con entrega al día siguiente en todos los arrays base y cajas de unidades. Los discos MSA y otras opciones tienen una garantía separada.. Clave Oficial CT: STOHPE850. Marca: CT.",EQUIPOS DE MARCA,discos_duros,CT,43250.53,843385.26,1349416.42,1349416.42,1138570.11,1138570.11,1054231.58,1012062.32,https://static.ctonline.mx/imagenes/STOHPE850/STOHPE850_400.jpg,assets/img/catalog/STOHPE850.jpg
STOHPE860,"HPE MSA 2070 (P84184-B25) SFF 2x10/25GbE iSCSI 4-port Controller 12x7.68TB SSD 4x25Gb iSCSI XCVR 92TB Storage Array Servidor  2U rack mount 2x 16 Gb Fibre Channel 2-port Controller, 16 Gb Fibre Channel, HPE MSA 25Gb SFP28 Short Range 4-pack iSCSI Transceivers, Hasta 24 HDD y/o SSD SFF por modelo de arreglo base, 12x HPE MSA 7.68 TB SAS 12G Read Intensive SFF (2.5in) M2 3yr Warranty SSD. MSA 2U Rail Kit included. Garantía limitada de tres años, intercambio de piezas con entrega al día siguiente en todos los arrays base y cajas de unidades. Los discos MSA y otras opciones tienen una garantía separada.","HPE MSA 2070 (P84184-B25) SFF 2x10/25GbE iSCSI 4-port Controller 12x7.68TB SSD 4x25Gb iSCSI XCVR 92TB Storage Array Servidor  2U rack mount 2x 16 Gb Fibre Channel 2-port Controller, 16 Gb Fibre Channel, HPE MSA 25Gb SFP28 Short Range 4-pack iSCSI Transceivers, Hasta 24 HDD y/o SSD SFF por modelo de arreglo base, 12x HPE MSA 7.68 TB SAS 12G Read Intensive SFF (2.5in) M2 3yr Warranty SSD. MSA 2U Rail Kit included. Garantía limitada de tres años, intercambio de piezas con entrega al día siguiente en todos los arrays base y cajas de unidades. Los discos MSA y otras opciones tienen una garantía separada.. Clave Oficial CT: STOHPE860. Marca: CT.",EQUIPOS DE MARCA,discos_duros,CT,43865.26,855372.63,1368596.21,1368596.21,1154753.05,1154753.05,1069215.79,1026447.16,https://static.ctonline.mx/imagenes/STOHPE860/STOHPE860_400.jpg,assets/img/catalog/STOHPE860.jpg
STOHPE870,"HPE MSA 1060 (P79250-B25) SFF 2x16Gb FC 2-port Controller 12x1.2TB HDD 4x16Gb SFP FC XCVR 14TB Storage Array Servidor  2U rack mount 2x 16 Gb Fibre Channel 2-port Controller, 16 Gb Fibre Channel, HPE MSA 16 Gb Short Wave Fibre Channel SFP+ 4-pack Transceiver, Hasta 24 HDD y/o SSD SFF por modelo de arreglo base, 12x HPE MSA 1.2 TB SAS 12G Enterprise 10K SFF (2.5in) M2 3yr Warranty HDD. MSA 2U Rail Kit included. Garantía limitada de tres años, intercambio de piezas con entrega al día siguiente en todos los arrays base y cajas de unidades. Los discos MSA y otras opciones tienen una garantía separada.","HPE MSA 1060 (P79250-B25) SFF 2x16Gb FC 2-port Controller 12x1.2TB HDD 4x16Gb SFP FC XCVR 14TB Storage Array Servidor  2U rack mount 2x 16 Gb Fibre Channel 2-port Controller, 16 Gb Fibre Channel, HPE MSA 16 Gb Short Wave Fibre Channel SFP+ 4-pack Transceiver, Hasta 24 HDD y/o SSD SFF por modelo de arreglo base, 12x HPE MSA 1.2 TB SAS 12G Enterprise 10K SFF (2.5in) M2 3yr Warranty HDD. MSA 2U Rail Kit included. Garantía limitada de tres años, intercambio de piezas con entrega al día siguiente en todos los arrays base y cajas de unidades. Los discos MSA y otras opciones tienen una garantía separada.. Clave Oficial CT: STOHPE870. Marca: CT.",EQUIPOS DE MARCA,discos_duros,CT,8076.63,157494.32,251990.91,251990.91,212617.33,212617.33,196867.89,188993.18,https://static.ctonline.mx/imagenes/STOHPE870/STOHPE870_400.jpg,assets/img/catalog/STOHPE870.jpg
STOHPE880,"HPE MSA 1060 (P79251-B25) SFF 2x12Gb SAS 2-port Controller 12x1.2TB HDD 14TB Storage Array Servidor  2U rack mount  2x 12 Gb SAS 2-port Controller, 12 Gb SAS, Hasta 24 HDD y/o SSD SFF por modelo de arreglo base, 12x HPE MSA 1.2 TB SAS 12G Enterprise 10K SFF (2.5in) M2 3yr Warranty HDD. MSA 2U Rail Kit included. Garantía limitada de tres años, intercambio de piezas con entrega al día siguiente en todos los arrays base y cajas de unidades. Los discos MSA y otras opciones tienen una garantía separada.","HPE MSA 1060 (P79251-B25) SFF 2x12Gb SAS 2-port Controller 12x1.2TB HDD 14TB Storage Array Servidor  2U rack mount  2x 12 Gb SAS 2-port Controller, 12 Gb SAS, Hasta 24 HDD y/o SSD SFF por modelo de arreglo base, 12x HPE MSA 1.2 TB SAS 12G Enterprise 10K SFF (2.5in) M2 3yr Warranty HDD. MSA 2U Rail Kit included. Garantía limitada de tres años, intercambio de piezas con entrega al día siguiente en todos los arrays base y cajas de unidades. Los discos MSA y otras opciones tienen una garantía separada.. Clave Oficial CT: STOHPE880. Marca: CT.",EQUIPOS DE MARCA,discos_duros,CT,7829.89,152682.95,244292.72,244292.72,206121.98,206121.98,190853.68,183219.54,https://static.ctonline.mx/imagenes/STOHPE880/STOHPE880_400.jpg,assets/img/catalog/STOHPE880.jpg
STOHPE890,"HPE MSA 2060 (P79252-B25) LFF 2x16Gb FC 4-port Controller 12x20TB HDD 4x16Gb SFP FC XCVR 240TB Storage Array Servidor  2U rack mount  2x 16 Gb Fibre Channel 4-port Controller, 16 Gb Fibre Channel, HPE MSA 16 Gb Short Wave Fibre Channel SFP+ 4-pack Transceivers, Hasta 12 HDD y/o SSD LFF por modelo de arreglo base, 12x HPE MSA 20 TB SAS 12G Midline 7.2K LFF M2 1-year Warranty HDD. MSA 2U Rail Kit included. Garantía limitada de tres años, intercambio de piezas con entrega al día siguiente en todos los arrays base y cajas de unidades. Los discos MSA y otras opciones tienen una garantía separada.","HPE MSA 2060 (P79252-B25) LFF 2x16Gb FC 4-port Controller 12x20TB HDD 4x16Gb SFP FC XCVR 240TB Storage Array Servidor  2U rack mount  2x 16 Gb Fibre Channel 4-port Controller, 16 Gb Fibre Channel, HPE MSA 16 Gb Short Wave Fibre Channel SFP+ 4-pack Transceivers, Hasta 12 HDD y/o SSD LFF por modelo de arreglo base, 12x HPE MSA 20 TB SAS 12G Midline 7.2K LFF M2 1-year Warranty HDD. MSA 2U Rail Kit included. Garantía limitada de tres años, intercambio de piezas con entrega al día siguiente en todos los arrays base y cajas de unidades. Los discos MSA y otras opciones tienen una garantía separada.. Clave Oficial CT: STOHPE890. Marca: CT.",EQUIPOS DE MARCA,discos_duros,CT,16564.21,323002.11,516803.37,516803.37,436052.84,436052.84,403752.63,387602.53,https://static.ctonline.mx/imagenes/STOHPE890/STOHPE890_400.jpg,assets/img/catalog/STOHPE890.jpg
STOHPE900,"HPE MSA 2060 (P84176-B25) LFF 2x10GbE iSCSI 4-port Controller 12x20TB HDD 4x10Gb iSCSI XCVR 240TB Storage Array Servidor  2U rack mount  2x 10/25 GbE iSCSI 4-port Controllers, 10 GbE iSCSI, HPE MSA 10 Gb Short Range iSCSI SFP+ 4-pack Transceivers, Hasta 12 HDD y/o SSD LFF por modelo de arreglo base, 12x HPE MSA 20 TB SAS 12G Midline 7.2K LFF M2 1-year Warranty HDD. MSA 2U Rail Kit included. Garantía limitada de tres años, intercambio de piezas con entrega al día siguiente en todos los arrays base y cajas de unidades. Los discos MSA y otras opciones tienen una garantía separada.","HPE MSA 2060 (P84176-B25) LFF 2x10GbE iSCSI 4-port Controller 12x20TB HDD 4x10Gb iSCSI XCVR 240TB Storage Array Servidor  2U rack mount  2x 10/25 GbE iSCSI 4-port Controllers, 10 GbE iSCSI, HPE MSA 10 Gb Short Range iSCSI SFP+ 4-pack Transceivers, Hasta 12 HDD y/o SSD LFF por modelo de arreglo base, 12x HPE MSA 20 TB SAS 12G Midline 7.2K LFF M2 1-year Warranty HDD. MSA 2U Rail Kit included. Garantía limitada de tres años, intercambio de piezas con entrega al día siguiente en todos los arrays base y cajas de unidades. Los discos MSA y otras opciones tienen una garantía separada.. Clave Oficial CT: STOHPE900. Marca: CT.",EQUIPOS DE MARCA,discos_duros,CT,16320.0,318240.0,509184.0,509184.0,429624.0,429624.0,397800.0,381888.0,https://static.ctonline.mx/imagenes/STOHPE900/STOHPE900_400.jpg,assets/img/catalog/STOHPE900.jpg
STOHPE910,"HPE MSA 2060 (P79248-B25) SFF 2x10/25GbE iSCSI 4-port Controller 12x2.4TB HDD 4x10Gb iSCSI XCVR 29TB Storage Array Servidor  2U rack mount  2x 10/25 GbE iSCSI 4-port Controller, 10/25 GbE iSCSI, HPE MSA 10 Gb Short Range iSCSI SFP+ 4-pack Transceivers, Hasta 24 HDD y/o SSD SFF por modelo de arreglo base,12x HPE MSA 2.4 TB SAS 12G Enterprise 10K SFF (2.5in) M2 3yr Warranty HDD. MSA 2U Rail Kit included. Garantía limitada de tres años, intercambio de piezas con entrega al día siguiente en todos los arrays base y cajas de unidades. Los discos MSA y otras opciones tienen una garantía separada.","HPE MSA 2060 (P79248-B25) SFF 2x10/25GbE iSCSI 4-port Controller 12x2.4TB HDD 4x10Gb iSCSI XCVR 29TB Storage Array Servidor  2U rack mount  2x 10/25 GbE iSCSI 4-port Controller, 10/25 GbE iSCSI, HPE MSA 10 Gb Short Range iSCSI SFP+ 4-pack Transceivers, Hasta 24 HDD y/o SSD SFF por modelo de arreglo base,12x HPE MSA 2.4 TB SAS 12G Enterprise 10K SFF (2.5in) M2 3yr Warranty HDD. MSA 2U Rail Kit included. Garantía limitada de tres años, intercambio de piezas con entrega al día siguiente en todos los arrays base y cajas de unidades. Los discos MSA y otras opciones tienen una garantía separada.. Clave Oficial CT: STOHPE910. Marca: CT.",EQUIPOS DE MARCA,discos_duros,CT,11073.68,215936.84,345498.95,345498.95,291514.74,291514.74,269921.05,259124.21,https://static.ctonline.mx/imagenes/STOHPE910/STOHPE910_400.jpg,assets/img/catalog/STOHPE910.jpg
STOHPE920,"HPE MSA 2060 (P79249-B25) SFF 2x12Gb SAS 4-port Controller 12x2.4TB HDD 29TB Storage Array Servidor  2U rack mount  2x 12 Gb SAS 4-port Controller, 12 Gb SAS, Hasta 24 HDD y/o SSD SFF por modelo de arreglo base, 12x HPE MSA 2.4 TB SAS 12G Enterprise 10K SFF (2.5in) M2 3yr Warranty HDD. MSA 2U Rail Kit included. Garantía limitada de tres años, intercambio de piezas con entrega al día siguiente en todos los arrays base y cajas de unidades. Los discos MSA y otras opciones tienen una garantía separada.","HPE MSA 2060 (P79249-B25) SFF 2x12Gb SAS 4-port Controller 12x2.4TB HDD 29TB Storage Array Servidor  2U rack mount  2x 12 Gb SAS 4-port Controller, 12 Gb SAS, Hasta 24 HDD y/o SSD SFF por modelo de arreglo base, 12x HPE MSA 2.4 TB SAS 12G Enterprise 10K SFF (2.5in) M2 3yr Warranty HDD. MSA 2U Rail Kit included. Garantía limitada de tres años, intercambio de piezas con entrega al día siguiente en todos los arrays base y cajas de unidades. Los discos MSA y otras opciones tienen una garantía separada.. Clave Oficial CT: STOHPE920. Marca: CT.",EQUIPOS DE MARCA,discos_duros,CT,10880.0,212160.0,339456.0,339456.0,286416.0,286416.0,265200.0,254592.0,https://static.ctonline.mx/imagenes/STOHPE920/STOHPE920_400.jpg,assets/img/catalog/STOHPE920.jpg
STOHPE930,"HPE MSA 2060 (P84173-B25) HPE MSA 2060 LFF 2x16Gb FC 4-port Controller 7x8TB HDD 4x16Gb SFP FC XCVR 56TB Storage Array Servidor  2U rack mount  2x 16 Gb Fibre Channel 4-port Controller, 16 Gb Fibre Channel, HPE MSA 16 Gb Short Wave Fibre Channel SFP+ 4-pack Transceivers, Hasta 12 HDD y/o SSD LFF por modelo de arreglo base, 7x HPE MSA 8 TB SAS 12G Midline 7.2K LFF M2 1-year Warranty HDD. MSA 2U Rail Kit included. Garantía limitada de tres años, intercambio de piezas con entrega al día siguiente en todos los arrays base y cajas de unidades. Los discos MSA y otras opciones tienen una garantía separada.","HPE MSA 2060 (P84173-B25) HPE MSA 2060 LFF 2x16Gb FC 4-port Controller 7x8TB HDD 4x16Gb SFP FC XCVR 56TB Storage Array Servidor  2U rack mount  2x 16 Gb Fibre Channel 4-port Controller, 16 Gb Fibre Channel, HPE MSA 16 Gb Short Wave Fibre Channel SFP+ 4-pack Transceivers, Hasta 12 HDD y/o SSD LFF por modelo de arreglo base, 7x HPE MSA 8 TB SAS 12G Midline 7.2K LFF M2 1-year Warranty HDD. MSA 2U Rail Kit included. Garantía limitada de tres años, intercambio de piezas con entrega al día siguiente en todos los arrays base y cajas de unidades. Los discos MSA y otras opciones tienen una garantía separada.. Clave Oficial CT: STOHPE930. Marca: CT.",EQUIPOS DE MARCA,discos_duros,CT,9743.16,189991.58,303986.53,303986.53,256488.63,256488.63,237489.47,227989.89,https://static.ctonline.mx/imagenes/STOHPE930/STOHPE930_400.jpg,assets/img/catalog/STOHPE930.jpg
STOHPE940,"HPE MSA 2060 (P84174-B25) LFF 2x10GbE iSCSI 4-port Controller 7x8TB HDD 4x10Gb iSCSI XCVR 56TB Storage Array Servidor  2U rack mount  2x 10/25 GbE iSCSI 4-port Controllers, 10 GbE iSCSI, HPE MSA 10 Gb Short Range iSCSI SFP+ 4-pack Transceivers, Hasta 12 HDD y/o SSD LFF por modelo de arreglo base, 7x HPE MSA 8 TB SAS 12G Midline 7.2K LFF M2 1-year Warranty HDD. MSA 2U Rail Kit included. Garantía limitada de tres años, intercambio de piezas con entrega al día siguiente en todos los arrays base y cajas de unidades. Los discos MSA y otras opciones tienen una garantía separada.","HPE MSA 2060 (P84174-B25) LFF 2x10GbE iSCSI 4-port Controller 7x8TB HDD 4x10Gb iSCSI XCVR 56TB Storage Array Servidor  2U rack mount  2x 10/25 GbE iSCSI 4-port Controllers, 10 GbE iSCSI, HPE MSA 10 Gb Short Range iSCSI SFP+ 4-pack Transceivers, Hasta 12 HDD y/o SSD LFF por modelo de arreglo base, 7x HPE MSA 8 TB SAS 12G Midline 7.2K LFF M2 1-year Warranty HDD. MSA 2U Rail Kit included. Garantía limitada de tres años, intercambio de piezas con entrega al día siguiente en todos los arrays base y cajas de unidades. Los discos MSA y otras opciones tienen una garantía separada.. Clave Oficial CT: STOHPE940. Marca: CT.",EQUIPOS DE MARCA,discos_duros,CT,9524.21,185722.11,297155.37,297155.37,250724.84,250724.84,232152.63,222866.53,https://static.ctonline.mx/imagenes/STOHPE940/STOHPE940_400.jpg,assets/img/catalog/STOHPE940.jpg
STOHPE950,"HPE MSA 2060 (P84175-B25) LFF 2x12Gb SAS 4-port Controller 7x8TB HDD 56TB Storage Array Servidor  2U rack mount  2x 12 Gb SAS 4-port Controllers, 12 Gb SASl, Hasta 12 HDD y/o SSD SFF por modelo de arreglo base, 7x HPE MSA 8 TB SAS 12G Midline 7.2K LFF M2 1-year Warranty HDD. MSA 2U Rail Kit included. Garantía limitada de tres años, intercambio de piezas con entrega al día siguiente en todos los arrays base y cajas de unidades. Los discos MSA y otras opciones tienen una garantía separada.","HPE MSA 2060 (P84175-B25) LFF 2x12Gb SAS 4-port Controller 7x8TB HDD 56TB Storage Array Servidor  2U rack mount  2x 12 Gb SAS 4-port Controllers, 12 Gb SASl, Hasta 12 HDD y/o SSD SFF por modelo de arreglo base, 7x HPE MSA 8 TB SAS 12G Midline 7.2K LFF M2 1-year Warranty HDD. MSA 2U Rail Kit included. Garantía limitada de tres años, intercambio de piezas con entrega al día siguiente en todos los arrays base y cajas de unidades. Los discos MSA y otras opciones tienen una garantía separada.. Clave Oficial CT: STOHPE950. Marca: CT.",EQUIPOS DE MARCA,discos_duros,CT,9423.16,183751.58,294002.53,294002.53,248064.63,248064.63,229689.47,220501.89,https://static.ctonline.mx/imagenes/STOHPE950/STOHPE950_400.jpg,assets/img/catalog/STOHPE950.jpg
STOHPE960,"HPE MSA 2062 (P84170-B25) SFF 2x16Gb FC 4-port Controller 12x2.4TB HDD 4x16Gb SFP FC XCVR 32TB Storage Array Servidor  2U rack mount  2x 16 Gb Fibre Channel 4-port Controller, 16 Gb Fibre Channel, HPE MSA 16 Gb Short Wave Fibre Channel SFP+ 4-pack Transceivers, Hasta 24 HDD y/o SSD SFF por modelo de arreglo base, 12x HPE MSA 2.4 TB SAS 12G Enterprise 10K SFF (2.5in) M2 3yr Warranty HDD; 2x HPE MSA 1.92 TB SAS 12G Read Intensive SFF (2.5in) M2 3yr Warranty SSD. MSA 2U Rail Kit included. Garantía limitada de tres años, intercambio de piezas con entrega al día siguiente en todos los arrays base y cajas de unidades. Los discos MSA y otras opciones tienen una garantía separada.","HPE MSA 2062 (P84170-B25) SFF 2x16Gb FC 4-port Controller 12x2.4TB HDD 4x16Gb SFP FC XCVR 32TB Storage Array Servidor  2U rack mount  2x 16 Gb Fibre Channel 4-port Controller, 16 Gb Fibre Channel, HPE MSA 16 Gb Short Wave Fibre Channel SFP+ 4-pack Transceivers, Hasta 24 HDD y/o SSD SFF por modelo de arreglo base, 12x HPE MSA 2.4 TB SAS 12G Enterprise 10K SFF (2.5in) M2 3yr Warranty HDD; 2x HPE MSA 1.92 TB SAS 12G Read Intensive SFF (2.5in) M2 3yr Warranty SSD. MSA 2U Rail Kit included. Garantía limitada de tres años, intercambio de piezas con entrega al día siguiente en todos los arrays base y cajas de unidades. Los discos MSA y otras opciones tienen una garantía separada.. Clave Oficial CT: STOHPE960. Marca: CT.",EQUIPOS DE MARCA,discos_duros,CT,13970.53,272425.26,435880.42,435880.42,367774.11,367774.11,340531.58,326910.32,https://static.ctonline.mx/imagenes/STOHPE960/STOHPE960_400.jpg,assets/img/catalog/STOHPE960.jpg
STOHPE970,"HPE MSA 2062 (P84171-B25) SFF 2x10GbE iSCSI 4-port Controller 12x2.4TB HDD 4x10Gb iSCSI XCVR 32TB Storage Array Servidor  2U rack mount  2x 10/25 GbE iSCSI 4-port Controllers, 10 GbE iSCSI, HPE MSA 10 Gb Short Range iSCSI SFP+ 4-pack Transceivers, Hasta 24 HDD y/o SSD SFF por modelo de arreglo base, 12x HPE MSA 2.4 TB SAS 12G Enterprise 10K SFF (2.5in) M2 3yr Warranty HDD; 2x HPE MSA 1.92 TB SAS 12G Read Intensive SFF (2.5in) M2 3yr Warranty SSD. MSA 2U Rail Kit included. Garantía limitada de tres años, intercambio de piezas con entrega al día siguiente en todos los arrays base y cajas de unidades. Los discos MSA y otras opciones tienen una garantía separada.","HPE MSA 2062 (P84171-B25) SFF 2x10GbE iSCSI 4-port Controller 12x2.4TB HDD 4x10Gb iSCSI XCVR 32TB Storage Array Servidor  2U rack mount  2x 10/25 GbE iSCSI 4-port Controllers, 10 GbE iSCSI, HPE MSA 10 Gb Short Range iSCSI SFP+ 4-pack Transceivers, Hasta 24 HDD y/o SSD SFF por modelo de arreglo base, 12x HPE MSA 2.4 TB SAS 12G Enterprise 10K SFF (2.5in) M2 3yr Warranty HDD; 2x HPE MSA 1.92 TB SAS 12G Read Intensive SFF (2.5in) M2 3yr Warranty SSD. MSA 2U Rail Kit included. Garantía limitada de tres años, intercambio de piezas con entrega al día siguiente en todos los arrays base y cajas de unidades. Los discos MSA y otras opciones tienen una garantía separada.. Clave Oficial CT: STOHPE970. Marca: CT.",EQUIPOS DE MARCA,discos_duros,CT,14256.84,278008.42,444813.47,444813.47,375311.37,375311.37,347510.53,333610.11,https://static.ctonline.mx/imagenes/STOHPE970/STOHPE970_400.jpg,assets/img/catalog/STOHPE970.jpg
STOHPE980,"HPE MSA 2062 (P84172-B25) SFF 2x12Gb SAS 4-port Controller 12x2.4TB HDD 32TB Storage Array Servidor  2U rack mount  2x 12 Gb SAS 4-port Controllers, 12 Gb SAS, HPE MSA 16 Gb Short Wave Fibre Channel SFP+ 4-pack Transceivers, Hasta 24 HDD y/o SSD SFF por modelo de arreglo base, 12x HPE MSA 2.4 TB SAS 12G Enterprise 10K SFF (2.5in) M2 3yr Warranty HDD; 2x HPE MSA 1.92 TB SAS 12G Read Intensive SFF (2.5in) M2 3yr Warranty SSD MSA 2U Rail Kit included. Garantía limitada de tres años, intercambio de piezas con entrega al día siguiente en todos los arrays base y cajas de unidades. Los discos MSA y otras opciones tienen una garantía separada.","HPE MSA 2062 (P84172-B25) SFF 2x12Gb SAS 4-port Controller 12x2.4TB HDD 32TB Storage Array Servidor  2U rack mount  2x 12 Gb SAS 4-port Controllers, 12 Gb SAS, HPE MSA 16 Gb Short Wave Fibre Channel SFP+ 4-pack Transceivers, Hasta 24 HDD y/o SSD SFF por modelo de arreglo base, 12x HPE MSA 2.4 TB SAS 12G Enterprise 10K SFF (2.5in) M2 3yr Warranty HDD; 2x HPE MSA 1.92 TB SAS 12G Read Intensive SFF (2.5in) M2 3yr Warranty SSD MSA 2U Rail Kit included. Garantía limitada de tres años, intercambio de piezas con entrega al día siguiente en todos los arrays base y cajas de unidades. Los discos MSA y otras opciones tienen una garantía separada.. Clave Oficial CT: STOHPE980. Marca: CT.",EQUIPOS DE MARCA,discos_duros,CT,14063.16,274231.58,438770.53,438770.53,370212.63,370212.63,342789.47,329077.89,https://static.ctonline.mx/imagenes/STOHPE980/STOHPE980_400.jpg,assets/img/catalog/STOHPE980.jpg
STOHPE720,"HPE MSA 2060 (P79247-B25) SFF 2x16Gb FC 4-port Controller 12x2.4TB HDD 4x16Gb SFP FC XCVR 29TB Storage ArrayServidor  2U rack mount  2x 16 Gb Fibre Channel 4-port Controller, 16 Gb Fibre Channel, HPE MSA 16 Gb Short Wave Fibre Channel SFP+ 4-pack Transceivers, Hasta 24 HDD y/o SSD SFF por modelo de arreglo base, 12x HPE MSA 2.4 TB SAS 12G Enterprise 10K SFF (2.5in) M2 3yr Warranty HDD. MSA 2U Rail Kit included. Garantía limitada de tres años, intercambio de piezas con entrega al día siguiente en todos los arrays base y cajas de unidades. Los discos MSA y otras opciones tienen una garantía separada.","HPE MSA 2060 (P79247-B25) SFF 2x16Gb FC 4-port Controller 12x2.4TB HDD 4x16Gb SFP FC XCVR 29TB Storage ArrayServidor  2U rack mount  2x 16 Gb Fibre Channel 4-port Controller, 16 Gb Fibre Channel, HPE MSA 16 Gb Short Wave Fibre Channel SFP+ 4-pack Transceivers, Hasta 24 HDD y/o SSD SFF por modelo de arreglo base, 12x HPE MSA 2.4 TB SAS 12G Enterprise 10K SFF (2.5in) M2 3yr Warranty HDD. MSA 2U Rail Kit included. Garantía limitada de tres años, intercambio de piezas con entrega al día siguiente en todos los arrays base y cajas de unidades. Los discos MSA y otras opciones tienen una garantía separada.. Clave Oficial CT: STOHPE720. Marca: CT.",EQUIPOS DE MARCA,discos_duros,CT,11323.79,220813.89,353302.23,353302.23,298098.76,298098.76,276017.37,264976.67,https://static.ctonline.mx/imagenes/STOHPE720/STOHPE720_400.jpg,assets/img/catalog/STOHPE720.jpg
ACCHPE2530,Dispositivo de arranque (P12965-B21) del SO HPE NS204i-p x2 lanes NVMe PCIe3 x8. Para uso en servidores HPE.,Dispositivo de arranque (P12965-B21) del SO HPE NS204i-p x2 lanes NVMe PCIe3 x8. Para uso en servidores HPE.. Clave Oficial CT: ACCHPE2530. Marca: CT.,EQUIPOS DE MARCA,discos_duros,CT,1254.74,24467.37,39147.79,39147.79,33030.95,33030.95,30584.21,29360.84,https://static.ctonline.mx/imagenes/ACCHPE2530/ACCHPE2530_400.jpg,assets/img/catalog/ACCHPE2530.jpg
ACCHPE3900,"Controlador de almacenamiento HPE (P58335-B21) MR408i-o Gen11 x8 canales 4 GB caché OCP SPDM. Niveles de RAID: 0, 1, 5, 6, 10, 50, 60. Protocolo de almacenamiento: 6G SATA, 12G SAS, 16G NVMe. Gestión del almacenamiento: MRSA, StorCLI, UEFI y Redfish.","Controlador de almacenamiento HPE (P58335-B21) MR408i-o Gen11 x8 canales 4 GB caché OCP SPDM. Niveles de RAID: 0, 1, 5, 6, 10, 50, 60. Protocolo de almacenamiento: 6G SATA, 12G SAS, 16G NVMe. Gestión del almacenamiento: MRSA, StorCLI, UEFI y Redfish.. Clave Oficial CT: ACCHPE3900. Marca: CT.",EQUIPOS DE MARCA,discos_duros,CT,1250.53,24385.26,39016.42,39016.42,32920.11,32920.11,30481.58,29262.32,https://static.ctonline.mx/imagenes/ACCHPE3900/ACCHPE3900_400.jpg,assets/img/catalog/ACCHPE3900.jpg
ACCHPE3920,"Controlador de almacenamiento HPE (P47777-B21) MR416i-p Gen11 x16 canales 8 GB caché PCI SPDM Plug-in. Niveles de RAID: 0, 1, 5, 6, 10, 50, 60. Protocolo de almacenamiento: 6G SATA, 12G SAS, 16G NVMe. Gestión del almacenamiento: Gestión MRSA, StorCLI, UEFI y Redfish.","Controlador de almacenamiento HPE (P47777-B21) MR416i-p Gen11 x16 canales 8 GB caché PCI SPDM Plug-in. Niveles de RAID: 0, 1, 5, 6, 10, 50, 60. Protocolo de almacenamiento: 6G SATA, 12G SAS, 16G NVMe. Gestión del almacenamiento: Gestión MRSA, StorCLI, UEFI y Redfish.. Clave Oficial CT: ACCHPE3920. Marca: CT.",EQUIPOS DE MARCA,discos_duros,CT,1978.95,38589.47,61743.16,61743.16,52095.79,52095.79,48236.84,46307.37,https://static.ctonline.mx/imagenes/ACCHPE3920/ACCHPE3920_400.jpg,assets/img/catalog/ACCHPE3920.jpg
ACCHPE3560,Controlador HPE (P26279-B21) MR416i-a Gen10 Plus x16 canales 4 GB caché NVMe/SAS 12 G,Controlador HPE (P26279-B21) MR416i-a Gen10 Plus x16 canales 4 GB caché NVMe/SAS 12 G. Clave Oficial CT: ACCHPE3560. Marca: CT.,EQUIPOS DE MARCA,discos_duros,CT,1210.53,23605.26,37768.42,37768.42,31867.11,31867.11,29506.58,28326.32,https://static.ctonline.mx/imagenes/ACCHPE3560/ACCHPE3560_400.jpg,assets/img/catalog/ACCHPE3560.jpg
RELLEN7560,"ThinkCentre M70s Gen 5, 12U2S64Y00, Intel® Core™ i5-14500 vPro®, 1x 8 GB , SSD de 512 GB M.2 2280 PCIe 4.0x4 NVMe Opal, Gráficos Intel integrados, USB Calliope Teclado Español Negro |USB Calliope Mouse Negro, Sistema Operativo Windows® 11 Pro, español, Garantía 3 años con fabricante.","ThinkCentre M70s Gen 5, 12U2S64Y00, Intel® Core™ i5-14500 vPro®, 1x 8 GB , SSD de 512 GB M.2 2280 PCIe 4.0x4 NVMe Opal, Gráficos Intel integrados, USB Calliope Teclado Español Negro |USB Calliope Mouse Negro, Sistema Operativo Windows® 11 Pro, español, Garantía 3 años con fabricante.. Clave Oficial CT: RELLEN7560. Marca: CT.",EQUIPOS DE MARCA,discos_duros,CT,661.05,12890.53,20624.84,20624.84,17402.21,17402.21,16113.16,15468.63,https://static.ctonline.mx/imagenes/RELLEN7560/RELLEN7560_400.jpg,assets/img/catalog/RELLEN7560.jpg
SOFLEN360,"Microsoft Windows Server Essentials ROK LENOVO 2025 (7S1S000XWW) Solo para 25 usuarios locales, soporta hasta 64GB en ram, se entrega media de instalación (Disco DVD) con certificado de autentificación. No admite licencias RDS (Remote Desktop Services). Compatible únicamente para Servidores LENOVO","Microsoft Windows Server Essentials ROK LENOVO 2025 (7S1S000XWW) Solo para 25 usuarios locales, soporta hasta 64GB en ram, se entrega media de instalación (Disco DVD) con certificado de autentificación. No admite licencias RDS (Remote Desktop Services). Compatible únicamente para Servidores LENOVO. Clave Oficial CT: SOFLEN360. Marca: CT.",EQUIPOS DE MARCA,discos_duros,CT,484.39,9445.64,15113.02,15113.02,12751.61,12751.61,11807.05,11334.77,https://static.ctonline.mx/imagenes/SOFLEN360/SOFLEN360_400.jpg,assets/img/catalog/SOFLEN360.jpg
DDULEN880,"Disco Duro Lenovo ThinkSystem (4XB7A77446) 2TB, SATA III 7200RPM 3.5"" 6 Gbit/s, Compatible con SERLEN1150.","Disco Duro Lenovo ThinkSystem (4XB7A77446) 2TB, SATA III 7200RPM 3.5"" 6 Gbit/s, Compatible con SERLEN1150.. Clave Oficial CT: DDULEN880. Marca: CT.",EQUIPOS DE MARCA,discos_duros,CT,190.53,3715.26,5944.42,5944.42,5015.61,5015.61,4644.08,4458.32,https://static.ctonline.mx/imagenes/DDULEN880/DDULEN880_400.jpg,assets/img/catalog/DDULEN880.jpg
DDULEN940,"Disco Duro Lenovo ThinkSystem 4XB7A17134, 3.5"" S4620 480GB Mixed Use SATA 6Gb SS SSD, compatible - ST50 / ST250 / ST550, (revisar bien compatibilidad).","Disco Duro Lenovo ThinkSystem 4XB7A17134, 3.5"" S4620 480GB Mixed Use SATA 6Gb SS SSD, compatible - ST50 / ST250 / ST550, (revisar bien compatibilidad).. Clave Oficial CT: DDULEN940. Marca: CT.",EQUIPOS DE MARCA,discos_duros,CT,431.58,8415.79,13465.26,13465.26,11361.32,11361.32,10519.74,10098.95,https://static.ctonline.mx/imagenes/DDULEN940/DDULEN940_400.jpg,assets/img/catalog/DDULEN940.jpg
DDULEN1020,"Disco Duro Lenovo ThinkSystem 4XB7A90874, ThinkSystem 2.5"" VA 960GB Read Intensive SATA 6Gb HS SSD v2, compatible para servidores SR630 V3, (revisar bien compatibilidad)","Disco Duro Lenovo ThinkSystem 4XB7A90874, ThinkSystem 2.5"" VA 960GB Read Intensive SATA 6Gb HS SSD v2, compatible para servidores SR630 V3, (revisar bien compatibilidad). Clave Oficial CT: DDULEN1020. Marca: CT.",EQUIPOS DE MARCA,discos_duros,CT,361.03,7040.12,11264.19,11264.19,9504.16,9504.16,8800.14,8448.14,https://static.ctonline.mx/imagenes/DDULEN1020/DDULEN1020_400.jpg,assets/img/catalog/DDULEN1020.jpg
DDULEN1040,"Disco Duro Lenovo ThinkSystem 7XB7A00069, Capacidad de 2.4 TB 10K, Tipo SAS de 12 GB, DD de 2.5, HOT-SWAP 512n HDD.","Disco Duro Lenovo ThinkSystem 7XB7A00069, Capacidad de 2.4 TB 10K, Tipo SAS de 12 GB, DD de 2.5, HOT-SWAP 512n HDD.. Clave Oficial CT: DDULEN1040. Marca: CT.",EQUIPOS DE MARCA,discos_duros,CT,842.11,16421.05,26273.68,26273.68,22168.42,22168.42,20526.32,19705.26,https://static.ctonline.mx/imagenes/DDULEN1040/DDULEN1040_400.jpg,assets/img/catalog/DDULEN1040.jpg
DDULEN1050,"Disco Duro Lenovo ThinkSystem SFF/2.5"" (4XB7B01771) 2.4TB 10K SAS 12Gb Hot Swap 512e HDD. No tiene soporte para SED (Self-Encrypting Drive). Compatible solo con SR630 V4.","Disco Duro Lenovo ThinkSystem SFF/2.5"" (4XB7B01771) 2.4TB 10K SAS 12Gb Hot Swap 512e HDD. No tiene soporte para SED (Self-Encrypting Drive). Compatible solo con SR630 V4.. Clave Oficial CT: DDULEN1050. Marca: CT.",EQUIPOS DE MARCA,discos_duros,CT,481.68,9392.84,15028.55,15028.55,12680.34,12680.34,11741.05,11271.41,https://static.ctonline.mx/imagenes/DDULEN1050/DDULEN1050_400.jpg,assets/img/catalog/DDULEN1050.jpg
DDULEN1060,"Disco Duro Lenovo ThinkSystem SFF/2.5"" (4XB7B01770) 1.2TB 10K SAS 12Gb Hot Swap 512n HDD. No tiene soporte para SED (Self-Encrypting Drive). Compatible solo con SR630 V4.","Disco Duro Lenovo ThinkSystem SFF/2.5"" (4XB7B01770) 1.2TB 10K SAS 12Gb Hot Swap 512n HDD. No tiene soporte para SED (Self-Encrypting Drive). Compatible solo con SR630 V4.. Clave Oficial CT: DDULEN1060. Marca: CT.",EQUIPOS DE MARCA,discos_duros,CT,345.59,6738.99,10782.39,10782.39,9097.64,9097.64,8423.74,8086.79,https://static.ctonline.mx/imagenes/DDULEN1060/DDULEN1060_400.jpg,assets/img/catalog/DDULEN1060.jpg
DDULEN680,"Disco Duro LenovoThinkSystem SSF/2.5"" (7XB7A00027) 1.2TB 10K SAS 12Gb Hot Swap 512n HDD. No tiene soporte para SED (Self-Encrypting Drive). Compatible solo con SR250 V3 y SR650 V4.","Disco Duro LenovoThinkSystem SSF/2.5"" (7XB7A00027) 1.2TB 10K SAS 12Gb Hot Swap 512n HDD. No tiene soporte para SED (Self-Encrypting Drive). Compatible solo con SR250 V3 y SR650 V4.. Clave Oficial CT: DDULEN680. Marca: CT.",EQUIPOS DE MARCA,discos_duros,CT,347.08,6768.14,10829.03,10829.03,9136.99,9136.99,8460.18,8121.77,https://static.ctonline.mx/imagenes/DDULEN680/DDULEN680_400.jpg,assets/img/catalog/DDULEN680.jpg
DDULEN1070,"Disco Duro Lenovo ThinkSystem SFF/2.5"" (4XB7A83970) 2.4TB 10K SAS 12Gb Hot Swap 512e HDD v2. No tiene soporte para SED (Self-Encrypting Drive). Compatible solo con SR250 V3 y SR650 V4.","Disco Duro Lenovo ThinkSystem SFF/2.5"" (4XB7A83970) 2.4TB 10K SAS 12Gb Hot Swap 512e HDD v2. No tiene soporte para SED (Self-Encrypting Drive). Compatible solo con SR250 V3 y SR650 V4.. Clave Oficial CT: DDULEN1070. Marca: CT.",EQUIPOS DE MARCA,discos_duros,CT,482.8,9414.6,15063.36,15063.36,12709.71,12709.71,11768.25,11297.52,https://static.ctonline.mx/imagenes/DDULEN1070/DDULEN1070_400.jpg,assets/img/catalog/DDULEN1070.jpg
DDULEN1080,"Disco Duro Lenovo ThinkSystem SFF/2.5"" (4XB7A90873) 480GB Read Intensive SATA 6Gb HS SSD v2. No tiene soporte para SED (Self-Encrypting Drive). Compatible solo con SR250 V3 y SR650 V4.","Disco Duro Lenovo ThinkSystem SFF/2.5"" (4XB7A90873) 480GB Read Intensive SATA 6Gb HS SSD v2. No tiene soporte para SED (Self-Encrypting Drive). Compatible solo con SR250 V3 y SR650 V4.. Clave Oficial CT: DDULEN1080. Marca: CT.",EQUIPOS DE MARCA,discos_duros,CT,809.97,15794.38,25271.01,25271.01,21322.42,21322.42,19742.98,18953.26,https://static.ctonline.mx/imagenes/DDULEN1080/DDULEN1080_400.jpg,assets/img/catalog/DDULEN1080.jpg
DDULEN1090,"Disco Duro Lenovo ThinkSystem SFF/2.5"" (4XB7A90875) 1.92TB Read Intensive SATA 6Gb HS SSD v2. No tiene soporte para SED (Self-Encrypting Drive). Compatible solo con SR250 V3, SR630 V4 y SR650 V4.","Disco Duro Lenovo ThinkSystem SFF/2.5"" (4XB7A90875) 1.92TB Read Intensive SATA 6Gb HS SSD v2. No tiene soporte para SED (Self-Encrypting Drive). Compatible solo con SR250 V3, SR630 V4 y SR650 V4.. Clave Oficial CT: DDULEN1090. Marca: CT.",EQUIPOS DE MARCA,discos_duros,CT,2392.36,46650.98,74641.57,74641.57,62978.82,62978.82,58313.72,55981.17,https://static.ctonline.mx/imagenes/DDULEN1090/DDULEN1090_400.jpg,assets/img/catalog/DDULEN1090.jpg
DDUXFN090,"Disco duro SSD XFUSION 0255YEYT, 960GB,SATA 6Gb/s,Read Intensive,SE006 Series,2.5inch(2.5inch Drive Bay)","Disco duro SSD XFUSION 0255YEYT, 960GB,SATA 6Gb/s,Read Intensive,SE006 Series,2.5inch(2.5inch Drive Bay). Clave Oficial CT: DDUXFN090. Marca: CT.",EQUIPOS DE MARCA,discos_duros,CT,654.11,12755.07,20408.12,20408.12,17219.35,17219.35,15943.84,15306.09,https://static.ctonline.mx/imagenes/DDUXFN090/DDUXFN090_400.jpg,assets/img/catalog/DDUXFN090.jpg
DDUXFN100,"Disco duro SSD XFUSION 0255YEXM, 1920GB,SATA 6Gb/s,Read Intensive,SE006 Series,2.5inch(2.5inch Drive Bay)","Disco duro SSD XFUSION 0255YEXM, 1920GB,SATA 6Gb/s,Read Intensive,SE006 Series,2.5inch(2.5inch Drive Bay). Clave Oficial CT: DDUXFN100. Marca: CT.",EQUIPOS DE MARCA,discos_duros,CT,982.69,19162.48,30659.97,30659.97,25869.35,25869.35,23953.11,22994.98,https://static.ctonline.mx/imagenes/DDUXFN100/DDUXFN100_400.jpg,assets/img/catalog/DDUXFN100.jpg
DDUXFN010,"Disco Duro XFUSION (0254Y710), V7SAS600G HDD,1200GB,SAS 12Gb/s,10K rpm,128MB, (2.5inch, Drive Bay), COMPATIBLE SERVER XFUSION SERXFN010 Y SERXFN020","Disco Duro XFUSION (0254Y710), V7SAS600G HDD,1200GB,SAS 12Gb/s,10K rpm,128MB, (2.5inch, Drive Bay), COMPATIBLE SERVER XFUSION SERXFN010 Y SERXFN020. Clave Oficial CT: DDUXFN010. Marca: CT.",EQUIPOS DE MARCA,discos_duros,CT,207.45,4045.21,6472.34,6472.34,5461.04,5461.04,5056.52,4854.26,https://static.ctonline.mx/imagenes/DDUXFN010/DDUXFN010_400.jpg,assets/img/catalog/DDUXFN010.jpg
DDUXFN020,"Disco Duro XFUSION (0254Y061/714), HDD,1800GB,SAS 12Gb/s,10K rpm,128MB, (2.5inch Drive Bay), COMPATIBLE SERVER XFUSION SERXFN010 Y SERXFN020","Disco Duro XFUSION (0254Y061/714), HDD,1800GB,SAS 12Gb/s,10K rpm,128MB, (2.5inch Drive Bay), COMPATIBLE SERVER XFUSION SERXFN010 Y SERXFN020. Clave Oficial CT: DDUXFN020. Marca: CT.",EQUIPOS DE MARCA,discos_duros,CT,287.23,5601.06,8961.7,8961.7,7561.44,7561.44,7001.33,6721.28,https://static.ctonline.mx/imagenes/DDUXFN020/DDUXFN020_400.jpg,assets/img/catalog/DDUXFN020.jpg
DDUXFN040,"Disco Duro XFUSION (0254Y358), V7DZ2400G BS2 HDD,2400GB,SAS 12Gb/s,10K rpm, 256MB, (2.5inch Drive Bay),Toshiba, COMPATIBLE SERVER XFUSION SERXFN010 Y SERXFN020","Disco Duro XFUSION (0254Y358), V7DZ2400G BS2 HDD,2400GB,SAS 12Gb/s,10K rpm, 256MB, (2.5inch Drive Bay),Toshiba, COMPATIBLE SERVER XFUSION SERXFN010 Y SERXFN020. Clave Oficial CT: DDUXFN040. Marca: CT.",EQUIPOS DE MARCA,discos_duros,CT,341.49,6659.04,10654.47,10654.47,8989.71,8989.71,8323.8,7990.85,https://static.ctonline.mx/imagenes/DDUXFN040/DDUXFN040_400.jpg,assets/img/catalog/DDUXFN040.jpg
DDUXFN080,"Disco duro SSD XFUSION, 3840GB, SATA 6Gb/s 0255Y424, Read Intensive, Enterprise Series, 3.5inch Drive Bay, Hot-Swap, High Performance Storage Solution, Compatible Server XFUSION.","Disco duro SSD XFUSION, 3840GB, SATA 6Gb/s 0255Y424, Read Intensive, Enterprise Series, 3.5inch Drive Bay, Hot-Swap, High Performance Storage Solution, Compatible Server XFUSION.. Clave Oficial CT: DDUXFN080. Marca: CT.",EQUIPOS DE MARCA,discos_duros,CT,2090.43,40763.3,65221.28,65221.28,55030.45,55030.45,50954.12,48915.96,https://static.ctonline.mx/imagenes/DDUXFN080/DDUXFN080_400.jpg,assets/img/catalog/DDUXFN080.jpg
DDUXFN070,"Disco duro SSD XFUSION, 1920GB, SATA 6Gb/s 0255Y422, Read Intensive, Enterprise Series, 3.5inch Drive Bay, Hot-Swap, High Reliability Storage, Data Center Grade, Compatible Server XFUSION.","Disco duro SSD XFUSION, 1920GB, SATA 6Gb/s 0255Y422, Read Intensive, Enterprise Series, 3.5inch Drive Bay, Hot-Swap, High Reliability Storage, Data Center Grade, Compatible Server XFUSION.. Clave Oficial CT: DDUXFN070. Marca: CT.",EQUIPOS DE MARCA,discos_duros,CT,1045.21,20381.65,32610.64,32610.64,27515.23,27515.23,25477.06,24457.98,https://static.ctonline.mx/imagenes/DDUXFN070/DDUXFN070_400.jpg,assets/img/catalog/DDUXFN070.jpg
DDUXFN060,"Disco duro SSD XFUSION, 960GB, SATA 6Gb/s 0255Y420, Read Intensive, Enterprise Series, 2.5inch Drive Bay, Hot-Swap, High Performance Storage Solution, Low Latency Access, Compatible Server XFUSION.","Disco duro SSD XFUSION, 960GB, SATA 6Gb/s 0255Y420, Read Intensive, Enterprise Series, 2.5inch Drive Bay, Hot-Swap, High Performance Storage Solution, Low Latency Access, Compatible Server XFUSION.. Clave Oficial CT: DDUXFN060. Marca: CT.",EQUIPOS DE MARCA,discos_duros,CT,695.74,13567.02,21707.23,21707.23,18315.48,18315.48,16958.78,16280.43,https://static.ctonline.mx/imagenes/DDUXFN060/DDUXFN060_400.jpg,assets/img/catalog/DDUXFN060.jpg
DDUXFN050,"Disco duro HDD XFUSION, 8000GB, SATA 6Gb/s 0254Y470, Enterprise Capacity Storage, 3.5inch Drive Bay, High Reliability, Optimized for Continuous Operation, Large Data Repository Solution, Compatible Server XFUSION.","Disco duro HDD XFUSION, 8000GB, SATA 6Gb/s 0254Y470, Enterprise Capacity Storage, 3.5inch Drive Bay, High Reliability, Optimized for Continuous Operation, Large Data Repository Solution, Compatible Server XFUSION.. Clave Oficial CT: DDUXFN050. Marca: CT.",EQUIPOS DE MARCA,discos_duros,CT,527.13,10278.99,16446.38,16446.38,13876.64,13876.64,12848.74,12334.79,https://static.ctonline.mx/imagenes/DDUXFN050/DDUXFN050_400.jpg,assets/img/catalog/DDUXFN050.jpg
SERCLO220,50 gb disco duro adicional para servidor virtual en la nube,50 gb disco duro adicional para servidor virtual en la nube. Clave Oficial CT: SERCLO220. Marca: CT.,EQUIPOS DE MARCA,discos_duros,CT,188.27,3671.17,5873.88,5873.88,4956.08,4956.08,4588.97,4405.41,https://static.ctonline.mx/imagenes/SERCLO220/SERCLO220_400.jpg,assets/img/catalog/SERCLO220.jpg
SERCLO350,100gb disco duro adicional para servidor virtual en la nube NCST100,100gb disco duro adicional para servidor virtual en la nube NCST100. Clave Oficial CT: SERCLO350. Marca: CT.,EQUIPOS DE MARCA,discos_duros,CT,210.41,4103.0,6564.8,6564.8,5539.05,5539.05,5128.75,4923.6,https://static.ctonline.mx/imagenes/SERCLO350/SERCLO350_400.jpg,assets/img/catalog/SERCLO350.jpg
SERCLO360,150gb disco duro adicional para servidor virtual en la nube NCST150,150gb disco duro adicional para servidor virtual en la nube NCST150. Clave Oficial CT: SERCLO360. Marca: CT.,EQUIPOS DE MARCA,discos_duros,CT,233.73,4557.68,7292.29,7292.29,6152.87,6152.87,5697.1,5469.22,https://static.ctonline.mx/imagenes/SERCLO360/SERCLO360_400.jpg,assets/img/catalog/SERCLO360.jpg
SERCLO370,200gb disco duro adicional para servidor virtual en la nube NCST200,200gb disco duro adicional para servidor virtual en la nube NCST200. Clave Oficial CT: SERCLO370. Marca: CT.,EQUIPOS DE MARCA,discos_duros,CT,257.04,5012.36,8019.77,8019.77,6766.68,6766.68,6265.45,6014.83,https://static.ctonline.mx/imagenes/SERCLO370/SERCLO370_400.jpg,assets/img/catalog/SERCLO370.jpg
SERCLO380,250gb disco duro adicional para servidor virtual en la nube NCST250,250gb disco duro adicional para servidor virtual en la nube NCST250. Clave Oficial CT: SERCLO380. Marca: CT.,EQUIPOS DE MARCA,discos_duros,CT,292.21,5698.04,9116.87,9116.87,7692.36,7692.36,7122.55,6837.65,https://static.ctonline.mx/imagenes/SERCLO380/SERCLO380_400.jpg,assets/img/catalog/SERCLO380.jpg
SERCLO390,300gb disco duro adicional para servidor virtual en la nube NCST300,300gb disco duro adicional para servidor virtual en la nube NCST300. Clave Oficial CT: SERCLO390. Marca: CT.,EQUIPOS DE MARCA,discos_duros,CT,375.43,7320.96,11713.54,11713.54,9883.3,9883.3,9151.2,8785.16,https://static.ctonline.mx/imagenes/SERCLO390/SERCLO390_400.jpg,assets/img/catalog/SERCLO390.jpg
SERCLO400,350gb disco duro adicional para servidor virtual en la nube NCST350,350gb disco duro adicional para servidor virtual en la nube NCST350. Clave Oficial CT: SERCLO400. Marca: CT.,EQUIPOS DE MARCA,discos_duros,CT,467.45,9115.36,14584.57,14584.57,12305.73,12305.73,11394.2,10938.43,https://static.ctonline.mx/imagenes/SERCLO400/SERCLO400_400.jpg,assets/img/catalog/SERCLO400.jpg
SERCLO410,400gb disco duro adicional para servidor virtual en la nube NCST400,400gb disco duro adicional para servidor virtual en la nube NCST400. Clave Oficial CT: SERCLO410. Marca: CT.,EQUIPOS DE MARCA,discos_duros,CT,535.11,10434.74,16695.59,16695.59,14086.9,14086.9,13043.43,12521.69,https://static.ctonline.mx/imagenes/SERCLO410/SERCLO410_400.jpg,assets/img/catalog/SERCLO410.jpg
SERCLO420,500gb disco duro adicional para servidor virtual en la nube NCST500,500gb disco duro adicional para servidor virtual en la nube NCST500. Clave Oficial CT: SERCLO420. Marca: CT.,EQUIPOS DE MARCA,discos_duros,CT,592.44,11552.68,18484.28,18484.28,15596.11,15596.11,14440.84,13863.21,https://static.ctonline.mx/imagenes/SERCLO420/SERCLO420_400.jpg,assets/img/catalog/SERCLO420.jpg
SERCLO430,750gb disco duro adicional para servidor virtual en la nube NCST750,750gb disco duro adicional para servidor virtual en la nube NCST750. Clave Oficial CT: SERCLO430. Marca: CT.,EQUIPOS DE MARCA,discos_duros,CT,879.12,17142.76,27428.42,27428.42,23142.73,23142.73,21428.45,20571.31,https://static.ctonline.mx/imagenes/SERCLO430/SERCLO430_400.jpg,assets/img/catalog/SERCLO430.jpg
SERCLO440,1tb disco duro adicional para servidor virtual en la nube NCST1000,1tb disco duro adicional para servidor virtual en la nube NCST1000. Clave Oficial CT: SERCLO440. Marca: CT.,EQUIPOS DE MARCA,discos_duros,CT,1165.78,22732.64,36372.22,36372.22,30689.06,30689.06,28415.8,27279.16,https://static.ctonline.mx/imagenes/SERCLO440/SERCLO440_400.jpg,assets/img/catalog/SERCLO440.jpg
SERCLO450,1tb y 500gb disco duro adicional para servidor virtual en la nube NCST1500,1tb y 500gb disco duro adicional para servidor virtual en la nube NCST1500. Clave Oficial CT: SERCLO450. Marca: CT.,EQUIPOS DE MARCA,discos_duros,CT,1758.23,34285.52,54856.83,54856.83,46285.45,46285.45,42856.9,41142.62,https://static.ctonline.mx/imagenes/SERCLO450/SERCLO450_400.jpg,assets/img/catalog/SERCLO450.jpg
SERCLO460,2tb disco duro adicional para servidor virtual en la nube NCST2000,2tb disco duro adicional para servidor virtual en la nube NCST2000. Clave Oficial CT: SERCLO460. Marca: CT.,EQUIPOS DE MARCA,discos_duros,CT,2331.56,45465.48,72744.77,72744.77,61378.4,61378.4,56831.85,54558.58,https://static.ctonline.mx/imagenes/SERCLO460/SERCLO460_400.jpg,assets/img/catalog/SERCLO460.jpg
SERCLO470,3tb disco duro adicional para servidor virtual en la nube NCST3000,3tb disco duro adicional para servidor virtual en la nube NCST3000. Clave Oficial CT: SERCLO470. Marca: CT.,EQUIPOS DE MARCA,discos_duros,CT,3497.34,68198.12,109116.99,109116.99,92067.46,92067.46,85247.65,81837.74,https://static.ctonline.mx/imagenes/SERCLO470/SERCLO470_400.jpg,assets/img/catalog/SERCLO470.jpg
SERCLO480,4tb disco duro adicional para servidor virtual en la nube NCST4000,4tb disco duro adicional para servidor virtual en la nube NCST4000. Clave Oficial CT: SERCLO480. Marca: CT.,EQUIPOS DE MARCA,discos_duros,CT,4663.13,90930.96,145489.54,145489.54,122756.8,122756.8,113663.7,109117.16,https://static.ctonline.mx/imagenes/SERCLO480/SERCLO480_400.jpg,assets/img/catalog/SERCLO480.jpg
SERCLO490,5tb disco duro adicional para servidor virtual en la nube NCST5000,5tb disco duro adicional para servidor virtual en la nube NCST5000. Clave Oficial CT: SERCLO490. Marca: CT.,EQUIPOS DE MARCA,discos_duros,CT,5828.9,113663.6,181861.76,181861.76,153445.86,153445.86,142079.5,136396.32,https://static.ctonline.mx/imagenes/SERCLO490/SERCLO490_400.jpg,assets/img/catalog/SERCLO490.jpg
SERCLO500,6tb disco duro adicional para servidor virtual en la nube NCST6000,6tb disco duro adicional para servidor virtual en la nube NCST6000. Clave Oficial CT: SERCLO500. Marca: CT.,EQUIPOS DE MARCA,discos_duros,CT,6994.69,136396.44,218234.31,218234.31,184135.2,184135.2,170495.56,163675.73,https://static.ctonline.mx/imagenes/SERCLO500/SERCLO500_400.jpg,assets/img/catalog/SERCLO500.jpg
SERCLO510,7tb disco duro adicional para servidor virtual en la nube NCST7000,7tb disco duro adicional para servidor virtual en la nube NCST7000. Clave Oficial CT: SERCLO510. Marca: CT.,EQUIPOS DE MARCA,discos_duros,CT,8160.47,159129.08,254606.53,254606.53,214824.26,214824.26,198911.35,190954.9,https://static.ctonline.mx/imagenes/SERCLO510/SERCLO510_400.jpg,assets/img/catalog/SERCLO510.jpg
SERCLO520,8tb disco duro adicional para servidor virtual en la nube NCST8000,8tb disco duro adicional para servidor virtual en la nube NCST8000. Clave Oficial CT: SERCLO520. Marca: CT.,EQUIPOS DE MARCA,discos_duros,CT,9211.49,179623.96,287398.34,287398.34,242492.35,242492.35,224529.95,215548.76,https://static.ctonline.mx/imagenes/SERCLO520/SERCLO520_400.jpg,assets/img/catalog/SERCLO520.jpg
SERCLO530,9tb disco duro adicional para servidor virtual en la nube NCST9000,9tb disco duro adicional para servidor virtual en la nube NCST9000. Clave Oficial CT: SERCLO530. Marca: CT.,EQUIPOS DE MARCA,discos_duros,CT,10387.11,202548.62,324077.79,324077.79,273440.63,273440.63,253185.77,243058.34,https://static.ctonline.mx/imagenes/SERCLO530/SERCLO530_400.jpg,assets/img/catalog/SERCLO530.jpg
SERCLO540,10tb disco duro adicional para servidor virtual en la nube NCST10000,10tb disco duro adicional para servidor virtual en la nube NCST10000. Clave Oficial CT: SERCLO540. Marca: CT.,EQUIPOS DE MARCA,discos_duros,CT,11541.23,225054.02,360086.43,360086.43,303822.93,303822.93,281317.52,270064.82,https://static.ctonline.mx/imagenes/SERCLO540/SERCLO540_400.jpg,assets/img/catalog/SERCLO540.jpg
ACCXRX2000,XEROX 497K23610 Disco duro Xerox 320 GB . Compatible con: Serie VersaLink® B7100 · Serie VersaLink® C7100 ·,XEROX 497K23610 Disco duro Xerox 320 GB . Compatible con: Serie VersaLink® B7100 · Serie VersaLink® C7100 ·. Clave Oficial CT: ACCXRX2000. Marca: CT.,"IMPRESION, DIG. DE IMAGENES",discos_duros,CT,429.14,8368.17,13389.07,13389.07,11297.03,11297.03,10460.21,10041.8,https://static.ctonline.mx/imagenes/ACCXRX2000/ACCXRX2000_400.jpg,assets/img/catalog/ACCXRX2000.jpg
ACCKYC350,Accesorio Kyocera  Kit de Cifrado de Disco Duro / Sobrescritura  *  Compatible: TASKalfa 307ci/306ci 855D200600,Accesorio Kyocera  Kit de Cifrado de Disco Duro / Sobrescritura  *  Compatible: TASKalfa 307ci/306ci 855D200600. Clave Oficial CT: ACCKYC350. Marca: CT.,CONSUMIBLES,discos_duros,CT,458.89,8948.33,14317.33,14317.33,12080.25,12080.25,11185.42,10738.0,https://static.ctonline.mx/imagenes/ACCKYC350/ACCKYC350_400.jpg,assets/img/catalog/ACCKYC350.jpg
ACCKYC380,Accesorio Kyocera  Disco duro SSD (32GB)  Compatible: TASKalfa 307ci/3006ci 1505J40UN0,Accesorio Kyocera  Disco duro SSD (32GB)  Compatible: TASKalfa 307ci/3006ci 1505J40UN0. Clave Oficial CT: ACCKYC380. Marca: CT.,CONSUMIBLES,discos_duros,CT,300.0,5850.0,9360.0,9360.0,7897.5,7897.5,7312.5,7020.0,https://static.ctonline.mx/imagenes/ACCKYC380/ACCKYC380_400.jpg,assets/img/catalog/ACCKYC380.jpg
ACCKYC390,Accesorio Kyocera  Disco duro SSD (128GB)  Compatible: TASKalfa 307ci/306ci 1505J80UN0,Accesorio Kyocera  Disco duro SSD (128GB)  Compatible: TASKalfa 307ci/306ci 1505J80UN0. Clave Oficial CT: ACCKYC390. Marca: CT.,CONSUMIBLES,discos_duros,CT,493.33,9620.0,15392.0,15392.0,12987.0,12987.0,12025.0,11544.0,https://static.ctonline.mx/imagenes/ACCKYC390/ACCKYC390_400.jpg,assets/img/catalog/ACCKYC390.jpg
ACCXRX1260,XEROX 497K17740 Disco Duro 320 GB para Versalink 7CX B7000,XEROX 497K17740 Disco Duro 320 GB para Versalink 7CX B7000. Clave Oficial CT: ACCXRX1260. Marca: CT.,CONSUMIBLES,discos_duros,CT,319.84,6236.92,9979.07,9979.07,8419.84,8419.84,7796.15,7484.31,https://static.ctonline.mx/imagenes/ACCXRX1260/ACCXRX1260_400.jpg,assets/img/catalog/ACCXRX1260.jpg
ACCXRX1520,XEROX 497K18360 Kit de Productividad. Incluye Disco Duro de 250GB,XEROX 497K18360 Kit de Productividad. Incluye Disco Duro de 250GB. Clave Oficial CT: ACCXRX1520. Marca: CT.,CONSUMIBLES,discos_duros,CT,178.92,3488.86,5582.17,5582.17,4709.96,4709.96,4361.07,4186.63,https://static.ctonline.mx/imagenes/ACCXRX1520/ACCXRX1520_400.jpg,assets/img/catalog/ACCXRX1520.jpg
ACCXRX1510,"XEROX 097S04914 Kit de Productividad. Incluye Disco Duro de 320GB. (expands onboard capacity for Apps, Font/Form/Macro storage) Para equipo Versalink C400 y C405","XEROX 097S04914 Kit de Productividad. Incluye Disco Duro de 320GB. (expands onboard capacity for Apps, Font/Form/Macro storage) Para equipo Versalink C400 y C405. Clave Oficial CT: ACCXRX1510. Marca: CT.",CONSUMIBLES,discos_duros,CT,208.62,4068.11,6508.98,6508.98,5491.95,5491.95,5085.14,4881.73,https://static.ctonline.mx/imagenes/ACCXRX1510/ACCXRX1510_400.jpg,assets/img/catalog/ACCXRX1510.jpg
CABRBT2030,"CABLE USB V3.0 A-B 1.8MTS NEGRO BROBOTIX (360806), Brobotix. SuperSpeed USB 3.0 cable ofrece gran velocidad de transferencia de datos entre dispositivos de almacenamiento y periféricos. Hasta 4.8 Gbps. La especificación 3.0 ofrece un rendimiento increíble que permite a los consumidores y empresas hacer más cosas en menos tiempo. Usos: Conexón de Hubs USB, lectores de tarjetas gabinetes para disco duro, dispositivos grandes. Hot-sincronización. Tecnología SYNC-N-GO que reduce al mínimo el tiempo de espera del usuario. Proporciona mayor eficiencia energética. Color negro. Especificaciones: Longitud: 1.8 mts.  5gbps de transferencia de datos y aumenta rendimiento en tasa de señalización 10 veces más. Compatible con USB 2.0 Color: Negro","CABLE USB V3.0 A-B 1.8MTS NEGRO BROBOTIX (360806), Brobotix. SuperSpeed USB 3.0 cable ofrece gran velocidad de transferencia de datos entre dispositivos de almacenamiento y periféricos. Hasta 4.8 Gbps. La especificación 3.0 ofrece un rendimiento increíble que permite a los consumidores y empresas hacer más cosas en menos tiempo. Usos: Conexón de Hubs USB, lectores de tarjetas gabinetes para disco duro, dispositivos grandes. Hot-sincronización. Tecnología SYNC-N-GO que reduce al mínimo el tiempo de espera del usuario. Proporciona mayor eficiencia energética. Color negro. Especificaciones: Longitud: 1.8 mts.  5gbps de transferencia de datos y aumenta rendimiento en tasa de señalización 10 veces más. Compatible con USB 2.0 Color: Negro. Clave Oficial CT: CABRBT2030. Marca: CT.",CONECTIVIDAD,discos_duros,CT,4.4,85.8,137.28,137.28,115.83,115.83,107.25,102.96,https://static.ctonline.mx/imagenes/CABRBT2030/CABRBT2030_400.jpg,assets/img/catalog/CABRBT2030.jpg
CABRBT2330,"CABLE SATA P/CORRIENTE DOBLE A.6"" (180824), Brobotix Cable  Divisor de Alimentación SATA de 0,15m - 2x Hembra. Alimenta 2 drivers SATA con un cable de energía SATA. Una conexión SATA de 15 pines macho a dos SATA 15 pines hembra. Especificaciones: Permite conectar dos unidades de disco SATA en un conector SATA de la fuente de alimentación. Fácil de usar y de instalar. Extienda una Conexión de Alimentación SATA en hasta 30 cm Color: Negro","CABLE SATA P/CORRIENTE DOBLE A.6"" (180824), Brobotix Cable  Divisor de Alimentación SATA de 0,15m - 2x Hembra. Alimenta 2 drivers SATA con un cable de energía SATA. Una conexión SATA de 15 pines macho a dos SATA 15 pines hembra. Especificaciones: Permite conectar dos unidades de disco SATA en un conector SATA de la fuente de alimentación. Fácil de usar y de instalar. Extienda una Conexión de Alimentación SATA en hasta 30 cm Color: Negro. Clave Oficial CT: CABRBT2330. Marca: CT.",CONECTIVIDAD,discos_duros,CT,2.93,57.2,91.52,91.52,77.22,77.22,71.5,68.64,https://static.ctonline.mx/imagenes/CABRBT2330/CABRBT2330_400.jpg,assets/img/catalog/CABRBT2330.jpg
ACCUBI580,"UDM-PRO UBIQUITI, UNIFI Dream Machine PRO, con 1 puerto 10G SFP+WAN/ 1 GBE WAN /8 puertos 10/100/1000 MBps RJ45 LAN, una bahía de HDD 3.5"", Integra todos los controladores UNIFI, recomendable para hasta 50 dispositivos de red UNIFI NETWORK O 20 cámaras  UNIFI HD O 7 cámaras 4K ( sin utilizar funciones avanzadas de seguridad).","UDM-PRO UBIQUITI, UNIFI Dream Machine PRO, con 1 puerto 10G SFP+WAN/ 1 GBE WAN /8 puertos 10/100/1000 MBps RJ45 LAN, una bahía de HDD 3.5"", Integra todos los controladores UNIFI, recomendable para hasta 50 dispositivos de red UNIFI NETWORK O 20 cámaras  UNIFI HD O 7 cámaras 4K ( sin utilizar funciones avanzadas de seguridad).. Clave Oficial CT: ACCUBI580. Marca: CT.",CONECTIVIDAD,discos_duros,CT,563.92,10996.39,17594.23,17594.23,14845.13,14845.13,13745.49,13195.67,https://static.ctonline.mx/imagenes/ACCUBI580/ACCUBI580_400.jpg,assets/img/catalog/ACCUBI580.jpg
SERTRD1420,Synology NAS DiskStation modelo DS1525+ Expansión hasta 15 Bahías 2 Puertos 2.5GbE soporte 10GbE  almacenamiento en Caché SSD hasta 300 TB de Capacidad compatible virtualización y vigilancia.,Synology NAS DiskStation modelo DS1525+ Expansión hasta 15 Bahías 2 Puertos 2.5GbE soporte 10GbE  almacenamiento en Caché SSD hasta 300 TB de Capacidad compatible virtualización y vigilancia.. Clave Oficial CT: SERTRD1420. Marca: CT.,CONECTIVIDAD,discos_duros,CT,1181.97,23048.35,36877.36,36877.36,31115.27,31115.27,28810.44,27658.02,https://static.ctonline.mx/imagenes/SERTRD1420/SERTRD1420_400.jpg,assets/img/catalog/SERTRD1420.jpg
SERTRD1320,"Synology RackStation RS2423+ es un NAS de 12 bahías diseñado para pymes. Proporciona almacenamiento flexible y ampliabilidad de la SSD M.2, ideal para funcionar como un servidor de archivos o como destino de copia de seguridad centralizado. Se puede integrar fácilmente en entornos virtuales y ofrece aplicaciones de almacenamiento fáciles de usar para proteger los activos de datos de la empresa.","Synology RackStation RS2423+ es un NAS de 12 bahías diseñado para pymes. Proporciona almacenamiento flexible y ampliabilidad de la SSD M.2, ideal para funcionar como un servidor de archivos o como destino de copia de seguridad centralizado. Se puede integrar fácilmente en entornos virtuales y ofrece aplicaciones de almacenamiento fáciles de usar para proteger los activos de datos de la empresa.. Clave Oficial CT: SERTRD1320. Marca: CT.",CONECTIVIDAD,discos_duros,CT,3222.22,62833.33,100533.33,100533.33,84825.0,84825.0,78541.67,75400.0,https://static.ctonline.mx/imagenes/SERTRD1320/SERTRD1320_400.jpg,assets/img/catalog/SERTRD1320.jpg
DDUTRD120,Disco duro para NAS marca Synology modelo HAT5320-4T 7200RPM,Disco duro para NAS marca Synology modelo HAT5320-4T 7200RPM. Clave Oficial CT: DDUTRD120. Marca: CT.,CONECTIVIDAD,discos_duros,CT,495.07,9653.8,15446.08,15446.08,13032.63,13032.63,12067.25,11584.56,https://static.ctonline.mx/imagenes/DDUTRD120/DDUTRD120_400.jpg,assets/img/catalog/DDUTRD120.jpg
DDUTRD100,Synology HAT3310-12T Disco duro 12TB  7200RPM  Serie Plus Discos Duros Especializados para NAS,Synology HAT3310-12T Disco duro 12TB  7200RPM  Serie Plus Discos Duros Especializados para NAS. Clave Oficial CT: DDUTRD100. Marca: CT.,CONECTIVIDAD,discos_duros,CT,558.19,10884.68,17415.49,17415.49,14694.32,14694.32,13605.85,13061.62,https://static.ctonline.mx/imagenes/DDUTRD100/DDUTRD100_400.jpg,assets/img/catalog/DDUTRD100.jpg
DDUTRD110,Synology HAT3320-20T Disco duro 20TB  7200RPM  Serie Plus Discos Duros Especializados para NAS,Synology HAT3320-20T Disco duro 20TB  7200RPM  Serie Plus Discos Duros Especializados para NAS. Clave Oficial CT: DDUTRD110. Marca: CT.,CONECTIVIDAD,discos_duros,CT,797.04,15542.37,24867.79,24867.79,20982.2,20982.2,19427.96,18650.84,https://static.ctonline.mx/imagenes/DDUTRD110/DDUTRD110_400.jpg,assets/img/catalog/DDUTRD110.jpg
DDUTRD020,Synology HAT3310-16T Disco duro 16TB / 7200RPM / Serie Plus Discos Duros/ Especializados para NAS,Synology HAT3310-16T Disco duro 16TB / 7200RPM / Serie Plus Discos Duros/ Especializados para NAS. Clave Oficial CT: DDUTRD020. Marca: CT.,CONECTIVIDAD,discos_duros,CT,672.22,13108.33,20973.33,20973.33,17696.25,17696.25,16385.42,15730.0,https://static.ctonline.mx/imagenes/DDUTRD020/DDUTRD020_400.jpg,assets/img/catalog/DDUTRD020.jpg
DDUTRD030,Synology HAT3300-4T Disco duro 4TB / 5400RPM / Serie Plus Discos Duros/ Especializados para NAS,Synology HAT3300-4T Disco duro 4TB / 5400RPM / Serie Plus Discos Duros/ Especializados para NAS. Clave Oficial CT: DDUTRD030. Marca: CT.,CONECTIVIDAD,discos_duros,CT,226.67,4420.0,7072.0,7072.0,5967.0,5967.0,5525.0,5304.0,https://static.ctonline.mx/imagenes/DDUTRD030/DDUTRD030_400.jpg,assets/img/catalog/DDUTRD030.jpg
DDUTRD040,Synology HAT3300-6T Disco duro 6TB / 5400RPM / Serie Plus Discos Duros/ Especializados para NAS,Synology HAT3300-6T Disco duro 6TB / 5400RPM / Serie Plus Discos Duros/ Especializados para NAS. Clave Oficial CT: DDUTRD040. Marca: CT.,CONECTIVIDAD,discos_duros,CT,318.11,6203.17,9925.07,9925.07,8374.28,8374.28,7753.96,7443.8,https://static.ctonline.mx/imagenes/DDUTRD040/DDUTRD040_400.jpg,assets/img/catalog/DDUTRD040.jpg
DDUTRD070,Disco duro para NAS marca Synology modelo HAT5310-20T 7200RPM,Disco duro para NAS marca Synology modelo HAT5310-20T 7200RPM. Clave Oficial CT: DDUTRD070. Marca: CT.,CONECTIVIDAD,discos_duros,CT,1210.56,23605.83,37769.33,37769.33,31867.88,31867.88,29507.29,28327.0,https://static.ctonline.mx/imagenes/DDUTRD070/DDUTRD070_400.jpg,assets/img/catalog/DDUTRD070.jpg
DDUTRD090,Disco duro para NAS marca Synology modelo HAT5320-24T 7200RPM,Disco duro para NAS marca Synology modelo HAT5320-24T 7200RPM. Clave Oficial CT: DDUTRD090. Marca: CT.,CONECTIVIDAD,discos_duros,CT,1420.83,27706.25,44330.0,44330.0,37403.44,37403.44,34632.81,33247.5,https://static.ctonline.mx/imagenes/DDUTRD090/DDUTRD090_400.jpg,assets/img/catalog/DDUTRD090.jpg
KITPVS370,"Kit de video vigilancia Marca PROVISION, (PAK4LIGHTCC2MP-28), 2 MP 1 dvr AHD de 4 canales + 4 cámaras bala de plastico con lente de 2.8 (2MPX) Ext/Interior, cubre hasta 15 metros en vision nocturno, 4 cables siames de 20 metros, soporta 1 disco duro SATA de hasta 6TB (no incluido), 1 fuente de poder de 12v/3A,1 divisor de voltaje, P2P Aplicacion para MOVILES, notificacion vía mail, 2 años de garantía.","Kit de video vigilancia Marca PROVISION, (PAK4LIGHTCC2MP-28), 2 MP 1 dvr AHD de 4 canales + 4 cámaras bala de plastico con lente de 2.8 (2MPX) Ext/Interior, cubre hasta 15 metros en vision nocturno, 4 cables siames de 20 metros, soporta 1 disco duro SATA de hasta 6TB (no incluido), 1 fuente de poder de 12v/3A,1 divisor de voltaje, P2P Aplicacion para MOVILES, notificacion vía mail, 2 años de garantía.. Clave Oficial CT: KITPVS370. Marca: CT.",TELEFONIA Y VIDEO VIGILANCIA,discos_duros,CT,69.23,1350.0,2160.0,2160.0,1822.5,1822.5,1687.5,1620.0,https://static.ctonline.mx/imagenes/KITPVS370/KITPVS370_400.jpg,assets/img/catalog/KITPVS370.jpg
GRDPVS890,"DVR AHD Pentahibrido PROVISION ISR (SH-4100A5S-2L(MM)) (2MP),  4 canales + 1IP, compatible con CVI / TVI / CVBS y soporta 1 camaras IP via red,  Soporta disco duro de 6 TB (no lo incluye), HDMI, VGA, Entrada / salida de audio, Slim, 2 años de garantia","DVR AHD Pentahibrido PROVISION ISR (SH-4100A5S-2L(MM)) (2MP),  4 canales + 1IP, compatible con CVI / TVI / CVBS y soporta 1 camaras IP via red,  Soporta disco duro de 6 TB (no lo incluye), HDMI, VGA, Entrada / salida de audio, Slim, 2 años de garantia. Clave Oficial CT: GRDPVS890. Marca: CT.",TELEFONIA Y VIDEO VIGILANCIA,discos_duros,CT,25.85,504.12,806.59,806.59,680.56,680.56,630.15,604.94,https://static.ctonline.mx/imagenes/GRDPVS890/GRDPVS890_400.jpg,assets/img/catalog/GRDPVS890.jpg
GRDPVS900,"DVR AHD Pentahibrido PROVISION ISR (SH-8100A5S-2L(MM)) (2MP), 8 canales + 2 IP, compatible con CVI / TVI / CVBS y soporta 2 camaras IP via red,  Soporta disco duro de 6 TB (no lo incluye), HDMI, VGA, Entrada / salida de audio, Slim, 2 años de garantia","DVR AHD Pentahibrido PROVISION ISR (SH-8100A5S-2L(MM)) (2MP), 8 canales + 2 IP, compatible con CVI / TVI / CVBS y soporta 2 camaras IP via red,  Soporta disco duro de 6 TB (no lo incluye), HDMI, VGA, Entrada / salida de audio, Slim, 2 años de garantia. Clave Oficial CT: GRDPVS900. Marca: CT.",TELEFONIA Y VIDEO VIGILANCIA,discos_duros,CT,28.86,562.84,900.55,900.55,759.84,759.84,703.55,675.41,https://static.ctonline.mx/imagenes/GRDPVS900/GRDPVS900_400.jpg,assets/img/catalog/GRDPVS900.jpg
GRDPVS1000,"DVR AHD Pentahibrido PROVISION ISR SH-4050A5N-5L(MM), (5 MP), 4 canales BCN + 2 Canales IP, compatible con CVI / TVI / CVBS ,soporta 1 disco duros de 6 TB c/u (no los incluye), HDMI, VGA, Entrada /salida de audio, 2 años de garantía","DVR AHD Pentahibrido PROVISION ISR SH-4050A5N-5L(MM), (5 MP), 4 canales BCN + 2 Canales IP, compatible con CVI / TVI / CVBS ,soporta 1 disco duros de 6 TB c/u (no los incluye), HDMI, VGA, Entrada /salida de audio, 2 años de garantía. Clave Oficial CT: GRDPVS1000. Marca: CT.",TELEFONIA Y VIDEO VIGILANCIA,discos_duros,CT,79.24,1545.15,2472.25,2472.25,2085.96,2085.96,1931.44,1854.18,https://static.ctonline.mx/imagenes/GRDPVS1000/GRDPVS1000_400.jpg,assets/img/catalog/GRDPVS1000.jpg
GRDPVS840,"DVR AHD Pentahibrido PROVISION ISR (SH-16200A5N-2L(MM)) (2MP), 16 canales + 2 IP, compatible con CVI / TVI / CVBS y soporta 2 camaras IP via red,  Soporta disco duro de 6 TB (no lo incluye), HDMI, VGA, Entrada / salida de audio, sensor Novatek, OSSIA, 2 años de garantia soporta","DVR AHD Pentahibrido PROVISION ISR (SH-16200A5N-2L(MM)) (2MP), 16 canales + 2 IP, compatible con CVI / TVI / CVBS y soporta 2 camaras IP via red,  Soporta disco duro de 6 TB (no lo incluye), HDMI, VGA, Entrada / salida de audio, sensor Novatek, OSSIA, 2 años de garantia soporta. Clave Oficial CT: GRDPVS840. Marca: CT.",TELEFONIA Y VIDEO VIGILANCIA,discos_duros,CT,70.45,1373.86,2198.18,2198.18,1854.72,1854.72,1717.33,1648.64,https://static.ctonline.mx/imagenes/GRDPVS840/GRDPVS840_400.jpg,assets/img/catalog/GRDPVS840.jpg
GRDPVS740,"DVR  4K H.265 Marca Provision (SH-4050A5-8L(MM)/SH-4050A5N-8L(MM)), 4 canales de hasta 8 MP + 2 IP, soporta cámaras AHD/TVI hasta 8/5/4 MP,CVI de hasta 4 MP e IP hasta 8 MP, soporta Disco duro de hasta 6 TB (no incluido), HDMI, VGA, RCA-AUDIO (IN/OUT), PTZ (RS-485), CMS, ONVIF, OSSIA, RJ45 100Mbps DDNS, P2P, APLICACION PARA MOVILES, gabinete de metal color negro, 2 años de garantía.","DVR  4K H.265 Marca Provision (SH-4050A5-8L(MM)/SH-4050A5N-8L(MM)), 4 canales de hasta 8 MP + 2 IP, soporta cámaras AHD/TVI hasta 8/5/4 MP,CVI de hasta 4 MP e IP hasta 8 MP, soporta Disco duro de hasta 6 TB (no incluido), HDMI, VGA, RCA-AUDIO (IN/OUT), PTZ (RS-485), CMS, ONVIF, OSSIA, RJ45 100Mbps DDNS, P2P, APLICACION PARA MOVILES, gabinete de metal color negro, 2 años de garantía.. Clave Oficial CT: GRDPVS740. Marca: CT.",TELEFONIA Y VIDEO VIGILANCIA,discos_duros,CT,89.43,1743.92,2790.27,2790.27,2354.29,2354.29,2179.9,2092.7,https://static.ctonline.mx/imagenes/GRDPVS740/GRDPVS740_400.jpg,assets/img/catalog/GRDPVS740.jpg
GRDPVS1010,"DVR AHD Penta hibrido PROVISION ISR (SH-8100A5N-5L(MM)-V2) (5 MP), 8 canales + 4 IP, compatible con AHD / CVI / TVI / CVBS + IP y soporta 4 cámaras IP vía red,  Soporta 1 disco duro de 6 TB  (no lo incluye), HDMI, VGA, Entrada / salida de audio, 2 años de garantía","DVR AHD Penta hibrido PROVISION ISR (SH-8100A5N-5L(MM)-V2) (5 MP), 8 canales + 4 IP, compatible con AHD / CVI / TVI / CVBS + IP y soporta 4 cámaras IP vía red,  Soporta 1 disco duro de 6 TB  (no lo incluye), HDMI, VGA, Entrada / salida de audio, 2 años de garantía. Clave Oficial CT: GRDPVS1010. Marca: CT.",TELEFONIA Y VIDEO VIGILANCIA,discos_duros,CT,99.98,1949.56,3119.29,3119.29,2631.9,2631.9,2436.95,2339.47,https://static.ctonline.mx/imagenes/GRDPVS1010/GRDPVS1010_400.jpg,assets/img/catalog/GRDPVS1010.jpg
GRDPVS980,"DVR AHD Penta hibrido PROVISION ISR (SH-8100A5N-8L(1U)-V2) (8 MP), 8 canales + 8 IP, compatible con AHD / CVI / TVI / CVBS + IP y soporta 8 cámaras IP vía red,  Soporta 2 disco duro de 10 TB  (no lo incluye), HDMI, VGA, Entrada / salida de audio, 2 años de garantía","DVR AHD Penta hibrido PROVISION ISR (SH-8100A5N-8L(1U)-V2) (8 MP), 8 canales + 8 IP, compatible con AHD / CVI / TVI / CVBS + IP y soporta 8 cámaras IP vía red,  Soporta 2 disco duro de 10 TB  (no lo incluye), HDMI, VGA, Entrada / salida de audio, 2 años de garantía. Clave Oficial CT: GRDPVS980. Marca: CT.",TELEFONIA Y VIDEO VIGILANCIA,discos_duros,CT,240.12,4682.44,7491.9,7491.9,6321.29,6321.29,5853.05,5618.93,https://static.ctonline.mx/imagenes/GRDPVS980/GRDPVS980_400.jpg,assets/img/catalog/GRDPVS980.jpg
GRDPVS970,"DVR AHD Pentahibrido PROVISION ISR (SH-16200A5N-5L(MM)-V2) (5MP), 16 canales + 8 IP, compatible con CVI / TVI / CVBS y soporta 8 cámaras IP vía red,  Soporta disco duro de 6 TB (no lo incluye), HDMI, VGA, Entrada / salida de audio, OSSIA, 2 años de garantía soporta","DVR AHD Pentahibrido PROVISION ISR (SH-16200A5N-5L(MM)-V2) (5MP), 16 canales + 8 IP, compatible con CVI / TVI / CVBS y soporta 8 cámaras IP vía red,  Soporta disco duro de 6 TB (no lo incluye), HDMI, VGA, Entrada / salida de audio, OSSIA, 2 años de garantía soporta. Clave Oficial CT: GRDPVS970. Marca: CT.",TELEFONIA Y VIDEO VIGILANCIA,discos_duros,CT,150.67,2938.07,4700.92,4700.92,3966.4,3966.4,3672.59,3525.69,https://static.ctonline.mx/imagenes/GRDPVS970/GRDPVS970_400.jpg,assets/img/catalog/GRDPVS970.jpg
GRDPVS710,"DVR AHD Pentahibrido PROVISION ISR (SH-16200A5N-5L(1U)) (5MP), 16 canales + 8 IP, compatible con CVI / TVI / CVBS y soporta 8 cámaras IP vía red,  Soporta 2 disco duro de 8 TB (no lo incluye), HDMI, VGA, Entrada / salida de audio, OSSIA, 2 años de garantía soporta","DVR AHD Pentahibrido PROVISION ISR (SH-16200A5N-5L(1U)) (5MP), 16 canales + 8 IP, compatible con CVI / TVI / CVBS y soporta 8 cámaras IP vía red,  Soporta 2 disco duro de 8 TB (no lo incluye), HDMI, VGA, Entrada / salida de audio, OSSIA, 2 años de garantía soporta. Clave Oficial CT: GRDPVS710. Marca: CT.",TELEFONIA Y VIDEO VIGILANCIA,discos_duros,CT,219.11,4272.72,6836.35,6836.35,5768.17,5768.17,5340.89,5127.26,https://static.ctonline.mx/imagenes/GRDPVS710/GRDPVS710_400.jpg,assets/img/catalog/GRDPVS710.jpg
GRDPVS920,"DVR AHD Pentahibrido PROVISION ISR (SH-16200A5N-5L(1U)-V2 ) (5 MP),  16 canales + 8 IP, compatible con AHD / CVI / TVI / CVBS + IP y soporta 8 camaras IP via red,  Soporta disco duro de 10 TB (no lo incluye), HDMI, VGA, Entrada / salida de audio, 2 años de garantia","DVR AHD Pentahibrido PROVISION ISR (SH-16200A5N-5L(1U)-V2 ) (5 MP),  16 canales + 8 IP, compatible con AHD / CVI / TVI / CVBS + IP y soporta 8 camaras IP via red,  Soporta disco duro de 10 TB (no lo incluye), HDMI, VGA, Entrada / salida de audio, 2 años de garantia. Clave Oficial CT: GRDPVS920. Marca: CT.",TELEFONIA Y VIDEO VIGILANCIA,discos_duros,CT,246.8,4812.51,7700.02,7700.02,6496.89,6496.89,6015.64,5775.01,https://static.ctonline.mx/imagenes/GRDPVS920/GRDPVS920_400.jpg,assets/img/catalog/GRDPVS920.jpg
GRDPVS1020,"DVR AHD Pentahibrido PROVISION ISR (SH-32400A5N-5L(1.5U)-V2) (5MP), 32 canales + 8 IP, compatible con AHD / CVI / TVI / CVBS + IP y soporta 8 camaras IP via red,  Soporta 4 disco duro de 10 TB  C/U (no lo incluye), HDMI, VGA, Entrada / salida de audio, 2 años de garantia","DVR AHD Pentahibrido PROVISION ISR (SH-32400A5N-5L(1.5U)-V2) (5MP), 32 canales + 8 IP, compatible con AHD / CVI / TVI / CVBS + IP y soporta 8 camaras IP via red,  Soporta 4 disco duro de 10 TB  C/U (no lo incluye), HDMI, VGA, Entrada / salida de audio, 2 años de garantia. Clave Oficial CT: GRDPVS1020. Marca: CT.",TELEFONIA Y VIDEO VIGILANCIA,discos_duros,CT,562.61,10970.97,17553.55,17553.55,14810.8,14810.8,13713.71,13165.16,https://static.ctonline.mx/imagenes/GRDPVS1020/GRDPVS1020_400.jpg,assets/img/catalog/GRDPVS1020.jpg
NVRPVS480,"NVR PoE PROVISION ISR NVR5-4100PXN(MM), 4 canales IP hasta 5 MP (4 puertos POE), Soporta un Disco duro de hasta 6 TB (no incluido)  HDMI, VGA,RJ45 100Mbps, DDNS, analytics, P2P APLICACION PARA MOVILES, 2 años de garantía.","NVR PoE PROVISION ISR NVR5-4100PXN(MM), 4 canales IP hasta 5 MP (4 puertos POE), Soporta un Disco duro de hasta 6 TB (no incluido)  HDMI, VGA,RJ45 100Mbps, DDNS, analytics, P2P APLICACION PARA MOVILES, 2 años de garantía.. Clave Oficial CT: NVRPVS480. Marca: CT.",TELEFONIA Y VIDEO VIGILANCIA,discos_duros,CT,64.86,1264.84,2023.75,2023.75,1707.54,1707.54,1581.05,1517.81,https://static.ctonline.mx/imagenes/NVRPVS480/NVRPVS480_400.jpg,assets/img/catalog/NVRPVS480.jpg
NVRPVS450,"NVR PROVISION ISR (NVR8-16400AN(1U)-V2) (8MP), soporta 16 canales, Conexión estándar de 16 canales  (a través del puerto de red RJ-45), soporta hasta 2 discos duros 10tb (no incluidos), compatible con teclado, 8 entradas de alarma y 4 salidas, 2 años de garantía","NVR PROVISION ISR (NVR8-16400AN(1U)-V2) (8MP), soporta 16 canales, Conexión estándar de 16 canales  (a través del puerto de red RJ-45), soporta hasta 2 discos duros 10tb (no incluidos), compatible con teclado, 8 entradas de alarma y 4 salidas, 2 años de garantía. Clave Oficial CT: NVRPVS450. Marca: CT.",TELEFONIA Y VIDEO VIGILANCIA,discos_duros,CT,114.77,2238.07,3580.91,3580.91,3021.39,3021.39,2797.59,2685.68,https://static.ctonline.mx/imagenes/NVRPVS450/NVRPVS450_400.jpg,assets/img/catalog/NVRPVS450.jpg
NVRPVS390,"NVR Provision H.265 Marca Provision  (NVR5-4100PX+(MM)), 4 canales IP hasta 5 MP (4 puertos POE), Soporta Disco duro de hasta 6 TB (no incluido), HDMI, OSSIA, ONVIF, PTZ,CMS,RJ45 100Mbps, DDNS, Analytics, P2P APLICACION PARA MOVILES, gabinete pequeño 1U de metal negro, 2 años de garantía.","NVR Provision H.265 Marca Provision  (NVR5-4100PX+(MM)), 4 canales IP hasta 5 MP (4 puertos POE), Soporta Disco duro de hasta 6 TB (no incluido), HDMI, OSSIA, ONVIF, PTZ,CMS,RJ45 100Mbps, DDNS, Analytics, P2P APLICACION PARA MOVILES, gabinete pequeño 1U de metal negro, 2 años de garantía.. Clave Oficial CT: NVRPVS390. Marca: CT.",TELEFONIA Y VIDEO VIGILANCIA,discos_duros,CT,101.93,1987.67,3180.27,3180.27,2683.36,2683.36,2484.59,2385.2,https://static.ctonline.mx/imagenes/NVRPVS390/NVRPVS390_400.jpg,assets/img/catalog/NVRPVS390.jpg
NVRPVS240,"NVR H.265 Marca Provision (NVR5-8200PXN(MM)), 8 canales IP hasta 5 MP (8 puertos POE), Soporta Disco duro de hasta 6 TB (no incluido), HDMI, OSSIA, ONVIF, PTZ (RS-485),CMS,RJ45 100Mbps, DDNS, P2P APLICACION PARA MOVILES, gabinete de metal negro, 2 años de garantia.","NVR H.265 Marca Provision (NVR5-8200PXN(MM)), 8 canales IP hasta 5 MP (8 puertos POE), Soporta Disco duro de hasta 6 TB (no incluido), HDMI, OSSIA, ONVIF, PTZ (RS-485),CMS,RJ45 100Mbps, DDNS, P2P APLICACION PARA MOVILES, gabinete de metal negro, 2 años de garantia.. Clave Oficial CT: NVRPVS240. Marca: CT.",TELEFONIA Y VIDEO VIGILANCIA,discos_duros,CT,107.95,2105.11,3368.18,3368.18,2841.9,2841.9,2631.39,2526.14,https://static.ctonline.mx/imagenes/NVRPVS240/NVRPVS240_400.jpg,assets/img/catalog/NVRPVS240.jpg
NVRPVS400,"NVR PoE PROVISION ISR NVR12-8200PFAN reconocimiento facial de 8 canales y 8 MP con alarmas Entrada: 8 canales (a través de PoE/red) • Salida: HDMI(4K)/VGA • Resolución de grabación: hasta 8 megapíxeles • Caja pequeña de 1U, 1 HDD • Entrada/salida de audio • Entrada/salida de alarma","NVR PoE PROVISION ISR NVR12-8200PFAN reconocimiento facial de 8 canales y 8 MP con alarmas Entrada: 8 canales (a través de PoE/red) • Salida: HDMI(4K)/VGA • Resolución de grabación: hasta 8 megapíxeles • Caja pequeña de 1U, 1 HDD • Entrada/salida de audio • Entrada/salida de alarma. Clave Oficial CT: NVRPVS400. Marca: CT.",TELEFONIA Y VIDEO VIGILANCIA,discos_duros,CT,248.88,4853.06,7764.9,7764.9,6551.63,6551.63,6066.33,5823.68,https://static.ctonline.mx/imagenes/NVRPVS400/NVRPVS400_400.jpg,assets/img/catalog/NVRPVS400.jpg
NVRPVS470,"NVR PoE PROVISION ISR NVR12-16400PFAN(1U) reconocimiento facial de 16  canales y 12 MP con alarmas Entrada: 8 canales (a través de PoE/red) • Salida: HDMI(4K)/VGA • Resolución de grabación: hasta 12 megapíxeles • Caja pequeña de 1U, 1 HDD • Entrada/salida de audio • Entrada/salida de alarma, P2P APLICACION PARA MOVILES, gabinete 1U de metal negro, 2 años de garantía.","NVR PoE PROVISION ISR NVR12-16400PFAN(1U) reconocimiento facial de 16  canales y 12 MP con alarmas Entrada: 8 canales (a través de PoE/red) • Salida: HDMI(4K)/VGA • Resolución de grabación: hasta 12 megapíxeles • Caja pequeña de 1U, 1 HDD • Entrada/salida de audio • Entrada/salida de alarma, P2P APLICACION PARA MOVILES, gabinete 1U de metal negro, 2 años de garantía.. Clave Oficial CT: NVRPVS470. Marca: CT.",TELEFONIA Y VIDEO VIGILANCIA,discos_duros,CT,444.99,8677.28,13883.65,13883.65,11714.33,11714.33,10846.6,10412.73,https://static.ctonline.mx/imagenes/NVRPVS470/NVRPVS470_400.jpg,assets/img/catalog/NVRPVS470.jpg
NVRPVS410,"NVR  DDA2 PROVISION ISR  NVR12-32800RFAN(2U), 32 canales IP hasta 12 MP, Soporta 8 Disco duro de hasta 10 TB C/U (no incluido)  HDMI, VGA,RJ45 , DDNS,  analytics, Entreda/Salida de alarma, P2P APLICACION PARA MOVILES, 2 años de garantía.","NVR  DDA2 PROVISION ISR  NVR12-32800RFAN(2U), 32 canales IP hasta 12 MP, Soporta 8 Disco duro de hasta 10 TB C/U (no incluido)  HDMI, VGA,RJ45 , DDNS,  analytics, Entreda/Salida de alarma, P2P APLICACION PARA MOVILES, 2 años de garantía.. Clave Oficial CT: NVRPVS410. Marca: CT.",TELEFONIA Y VIDEO VIGILANCIA,discos_duros,CT,603.88,11775.56,18840.9,18840.9,15897.01,15897.01,14719.45,14130.67,https://static.ctonline.mx/imagenes/NVRPVS410/NVRPVS410_400.jpg,assets/img/catalog/NVRPVS410.jpg
NVRPVS440,"NVR  DDA PROVISION ISR  NVR12-16400FAN(1U) , 16 canales IP hasta 12 MP, Soporta 2 Disco duro de hasta 10 TB C/U (no incluido)   HDMI, VGA,RJ45 , DDNS,  analytics, Entreda/Salida de alarma, P2P APLICACION PARA MOVILES, 2 años de garantía.","NVR  DDA PROVISION ISR  NVR12-16400FAN(1U) , 16 canales IP hasta 12 MP, Soporta 2 Disco duro de hasta 10 TB C/U (no incluido)   HDMI, VGA,RJ45 , DDNS,  analytics, Entreda/Salida de alarma, P2P APLICACION PARA MOVILES, 2 años de garantía.. Clave Oficial CT: NVRPVS440. Marca: CT.",TELEFONIA Y VIDEO VIGILANCIA,discos_duros,CT,273.86,5340.34,8544.55,8544.55,7209.46,7209.46,6675.43,6408.41,https://static.ctonline.mx/imagenes/NVRPVS440/NVRPVS440_400.jpg,assets/img/catalog/NVRPVS440.jpg
NVRPVS500,"NVR  DDA2  PROVISION ISR  NVR16-641600RFAN(2U), 64 canales IP hasta 16 MP, Soporta 8 Disco duro de hasta 10 TB C/U (no incluido)  HDMI, VGA,RJ45 , DDNS,  analytics, Entrada/Salida de alarma, P2P APLICACION PARA MOVILES, 2 años de garantía.","NVR  DDA2  PROVISION ISR  NVR16-641600RFAN(2U), 64 canales IP hasta 16 MP, Soporta 8 Disco duro de hasta 10 TB C/U (no incluido)  HDMI, VGA,RJ45 , DDNS,  analytics, Entrada/Salida de alarma, P2P APLICACION PARA MOVILES, 2 años de garantía.. Clave Oficial CT: NVRPVS500. Marca: CT.",TELEFONIA Y VIDEO VIGILANCIA,discos_duros,CT,900.65,17562.63,28100.21,28100.21,23709.55,23709.55,21953.29,21075.16,https://static.ctonline.mx/imagenes/NVRPVS500/NVRPVS500_400.jpg,assets/img/catalog/NVRPVS500.jpg
NVRPVS430,"NVR PoE PROVISION ISR NVR12-32800FN-16P(2U) reconocimiento facial de 32  canales y 12 MP con alarmas Entrada: 16 canales (a través de PoE/red) • Salida: HDMI(4K)/VGA • Resolución de grabación: hasta 12 megapíxeles, Soporta 8 Disco duro de hasta 10 TB (no incluido) , Entrada/salida de audio • Entrada/salida de alarma, P2P APLICACION PARA MOVILES, negro, 2 años de garantía.","NVR PoE PROVISION ISR NVR12-32800FN-16P(2U) reconocimiento facial de 32  canales y 12 MP con alarmas Entrada: 16 canales (a través de PoE/red) • Salida: HDMI(4K)/VGA • Resolución de grabación: hasta 12 megapíxeles, Soporta 8 Disco duro de hasta 10 TB (no incluido) , Entrada/salida de audio • Entrada/salida de alarma, P2P APLICACION PARA MOVILES, negro, 2 años de garantía.. Clave Oficial CT: NVRPVS430. Marca: CT.",TELEFONIA Y VIDEO VIGILANCIA,discos_duros,CT,457.84,8927.9,14284.64,14284.64,12052.66,12052.66,11159.87,10713.48,https://static.ctonline.mx/imagenes/NVRPVS430/NVRPVS430_400.jpg,assets/img/catalog/NVRPVS430.jpg
NVRPVS490,"NVR DDA2 PROVISION ISR NVR16-128RFAN(3U) , 128 canales IP hasta 16 MP, Soporta 16Hot-Swap  Disco duro de hasta 10 TB C/U (no incluido)   HDMI, VGA,RJ45 ,  analytics, Entrada/Salida de alarma, P2P APLICACION PARA MOVILES, 2 años de garantía.","NVR DDA2 PROVISION ISR NVR16-128RFAN(3U) , 128 canales IP hasta 16 MP, Soporta 16Hot-Swap  Disco duro de hasta 10 TB C/U (no incluido)   HDMI, VGA,RJ45 ,  analytics, Entrada/Salida de alarma, P2P APLICACION PARA MOVILES, 2 años de garantía.. Clave Oficial CT: NVRPVS490. Marca: CT.",TELEFONIA Y VIDEO VIGILANCIA,discos_duros,CT,2181.82,42545.45,68072.73,68072.73,57436.36,57436.36,53181.82,51054.55,https://static.ctonline.mx/imagenes/NVRPVS490/NVRPVS490_400.jpg,assets/img/catalog/NVRPVS490.jpg
KITDAH600,"Kit Full Color de 2 Megapíxeles FULLCOLORKIT-/ 1 xvr de 4 canales/ 4x cámaras de 2 mp full color/lente 2.8mm/4 ch smd plus/ accesorios incluidos: 1 xvr de 4 ch, 4 cámaras 2mp Full color, 4x rollos de cables de 18.5 mts c/u, 2x fuentes de poder. NO INCLUYE DISCO DURO","Kit Full Color de 2 Megapíxeles FULLCOLORKIT-/ 1 xvr de 4 canales/ 4x cámaras de 2 mp full color/lente 2.8mm/4 ch smd plus/ accesorios incluidos: 1 xvr de 4 ch, 4 cámaras 2mp Full color, 4x rollos de cables de 18.5 mts c/u, 2x fuentes de poder. NO INCLUYE DISCO DURO. Clave Oficial CT: KITDAH600. Marca: CT.",TELEFONIA Y VIDEO VIGILANCIA,discos_duros,CT,114.17,2226.32,3562.12,3562.12,3005.54,3005.54,2782.9,2671.59,https://static.ctonline.mx/imagenes/KITDAH600/KITDAH600_400.jpg,assets/img/catalog/KITDAH600.jpg
GRDDAH1170,"GRABADOR DAHUA DH-XVR5416L-4KL-I3 - DVR de 16 canales, resolución 4K, WizSense, H.265+, IA avanzada, 4 bahías para discos duros, soporte para 16 canales IP adicionales (32 en total), 2 canales de reconocimiento facial, SMD Plus, y funciones IoT y POS.","GRABADOR DAHUA DH-XVR5416L-4KL-I3 - DVR de 16 canales, resolución 4K, WizSense, H.265+, IA avanzada, 4 bahías para discos duros, soporte para 16 canales IP adicionales (32 en total), 2 canales de reconocimiento facial, SMD Plus, y funciones IoT y POS.. Clave Oficial CT: GRDDAH1170. Marca: CT.",TELEFONIA Y VIDEO VIGILANCIA,discos_duros,CT,372.7,7267.74,11628.38,11628.38,9811.45,9811.45,9084.67,8721.29,https://static.ctonline.mx/imagenes/GRDDAH1170/GRDDAH1170_400.jpg,assets/img/catalog/GRDDAH1170.jpg
GRDDAH1280,"Grabador XVR DAHUA DH-XVR5108HE-I3/T, 8 canales, serie WizSense, compresión H.265+, inteligencia artificial, SMD Plus en 8 canales, protección perimetral en hasta 4 canales, reconocimiento facial, búsqueda rápida por humano y vehículo, compatible con HDCVI/AHD/TVI/CVBS/IP hasta 16 canales IP, resolución máxima de grabación 5MP Lite/1080P, salida HDMI y VGA, audio por coaxial (AoC), 1 bahía para disco duro SATA de hasta 16TB, puertos USB, interfaz de red RJ-45 10/100 Mbps, acceso remoto mediante DMSS y administración para sistemas de videovigilancia profesionales.","Grabador XVR DAHUA DH-XVR5108HE-I3/T, 8 canales, serie WizSense, compresión H.265+, inteligencia artificial, SMD Plus en 8 canales, protección perimetral en hasta 4 canales, reconocimiento facial, búsqueda rápida por humano y vehículo, compatible con HDCVI/AHD/TVI/CVBS/IP hasta 16 canales IP, resolución máxima de grabación 5MP Lite/1080P, salida HDMI y VGA, audio por coaxial (AoC), 1 bahía para disco duro SATA de hasta 16TB, puertos USB, interfaz de red RJ-45 10/100 Mbps, acceso remoto mediante DMSS y administración para sistemas de videovigilancia profesionales.. Clave Oficial CT: GRDDAH1280. Marca: CT.",TELEFONIA Y VIDEO VIGILANCIA,discos_duros,CT,108.88,2123.06,3396.9,3396.9,2866.13,2866.13,2653.83,2547.67,https://static.ctonline.mx/imagenes/GRDDAH1280/GRDDAH1280_400.jpg,assets/img/catalog/GRDDAH1280.jpg
GRDDAH990,"Grabador XVR DAHUA DH-XVR5116HS-I3/T, 16 canales, serie WizSense, compresión H.265+, inteligencia artificial, SMD Plus en 16 canales, protección perimetral en hasta 4 canales, reconocimiento facial en 2 canales, compatible con HDCVI/AHD/TVI/CVBS/IP hasta 24 canales IP, resolución máxima de grabación 5MP Lite/1080P, salida HDMI y VGA, audio por coaxial (AoC), 1 bahía para disco duro SATA de hasta 16TB, puertos USB, interfaz de red RJ-45 10/100/1000 Mbps, acceso remoto mediante DMSS y administración para sistemas de videovigilancia profesionales.","Grabador XVR DAHUA DH-XVR5116HS-I3/T, 16 canales, serie WizSense, compresión H.265+, inteligencia artificial, SMD Plus en 16 canales, protección perimetral en hasta 4 canales, reconocimiento facial en 2 canales, compatible con HDCVI/AHD/TVI/CVBS/IP hasta 24 canales IP, resolución máxima de grabación 5MP Lite/1080P, salida HDMI y VGA, audio por coaxial (AoC), 1 bahía para disco duro SATA de hasta 16TB, puertos USB, interfaz de red RJ-45 10/100/1000 Mbps, acceso remoto mediante DMSS y administración para sistemas de videovigilancia profesionales.. Clave Oficial CT: GRDDAH990. Marca: CT.",TELEFONIA Y VIDEO VIGILANCIA,discos_duros,CT,145.26,2832.6,4532.15,4532.15,3824.01,3824.01,3540.75,3399.12,https://static.ctonline.mx/imagenes/GRDDAH990/GRDDAH990_400.jpg,assets/img/catalog/GRDDAH990.jpg
GRDDAH1300,"Grabador XVR DAHUA DH-XVR5108HS-4KL-I3/T, 8 canales, serie WizSense, compresión H.265+, inteligencia artificial, SMD Plus en 8 canales, protección perimetral en hasta 8 canales, reconocimiento facial en 2 canales, compatible con HDCVI/AHD/TVI/CVBS/IP hasta 16 canales IP, resolución máxima de grabación 4K/5MP, salida HDMI 4K y VGA, audio por coaxial (AoC), 1 bahía para disco duro SATA de hasta 16TB, puertos USB, interfaz de red RJ-45 10/100/1000 Mbps, acceso remoto mediante DMSS y administración para sistemas de videovigilancia profesionales.","Grabador XVR DAHUA DH-XVR5108HS-4KL-I3/T, 8 canales, serie WizSense, compresión H.265+, inteligencia artificial, SMD Plus en 8 canales, protección perimetral en hasta 8 canales, reconocimiento facial en 2 canales, compatible con HDCVI/AHD/TVI/CVBS/IP hasta 16 canales IP, resolución máxima de grabación 4K/5MP, salida HDMI 4K y VGA, audio por coaxial (AoC), 1 bahía para disco duro SATA de hasta 16TB, puertos USB, interfaz de red RJ-45 10/100/1000 Mbps, acceso remoto mediante DMSS y administración para sistemas de videovigilancia profesionales.. Clave Oficial CT: GRDDAH1300. Marca: CT.",TELEFONIA Y VIDEO VIGILANCIA,discos_duros,CT,153.03,2984.16,4774.66,4774.66,4028.62,4028.62,3730.21,3581.0,https://static.ctonline.mx/imagenes/GRDDAH1300/GRDDAH1300_400.jpg,assets/img/catalog/GRDDAH1300.jpg
GRDDAH1090,DAHUA XVR5232AN-4KL-I3 - DVR de 32 Canales 4k/ 8 Megapíxeles/ WizSense/ Con IA/ 6 Canales de Reconocimiento Facial/ H.265+/ Hasta 32 Canales IP/ Codificación IA/ SMD Plus/ 2 Bahías de Discos Duros/ Funciones IoT&POS/,DAHUA XVR5232AN-4KL-I3 - DVR de 32 Canales 4k/ 8 Megapíxeles/ WizSense/ Con IA/ 6 Canales de Reconocimiento Facial/ H.265+/ Hasta 32 Canales IP/ Codificación IA/ SMD Plus/ 2 Bahías de Discos Duros/ Funciones IoT&POS/. Clave Oficial CT: GRDDAH1090. Marca: DAHUA.,TELEFONIA Y VIDEO VIGILANCIA,discos_duros,DAHUA,534.43,10421.42,16674.27,16674.27,14068.92,14068.92,13026.78,12505.7,https://static.ctonline.mx/imagenes/GRDDAH1090/GRDDAH1090_400.jpg,assets/img/catalog/GRDDAH1090.jpg
GRDDAH1020,"XVR DAHUA 16 canales DH-XVR5116HS-I3, 5 Megapíxeles Lite compresión H.265+, WizSense, reconocimiento facial, Protección perimetral, 16 canales SMD Plus, hasta 24 canales IP, 1 Bahía de Disco Duro de hasta 16TB, 1 puerto PS-485 para control PTZ, 2 puertos USB, 1 puerto HDMI, 1 puerto VGA, 1 año de Garantia","XVR DAHUA 16 canales DH-XVR5116HS-I3, 5 Megapíxeles Lite compresión H.265+, WizSense, reconocimiento facial, Protección perimetral, 16 canales SMD Plus, hasta 24 canales IP, 1 Bahía de Disco Duro de hasta 16TB, 1 puerto PS-485 para control PTZ, 2 puertos USB, 1 puerto HDMI, 1 puerto VGA, 1 año de Garantia. Clave Oficial CT: GRDDAH1020. Marca: CT.",TELEFONIA Y VIDEO VIGILANCIA,discos_duros,CT,145.45,2836.36,4538.18,4538.18,3829.09,3829.09,3545.45,3403.64,https://static.ctonline.mx/imagenes/GRDDAH1020/GRDDAH1020_400.jpg,assets/img/catalog/GRDDAH1020.jpg
GRDDAH580,"XVR DAHUA 16 canales WizSense DHI-XVR1B16H-I, 5 Megapíxeles Lite, compresión H.265+, Búsqueda Inteligente, 8 Canales IP Adicionales, hasta 24 canales IP, 1 Bahía de Disco Duro de hasta 16TB, SMD Plus, funciones POS, 1 puerto HDMI, 1 puerto VGA, 1 año de Garantia","XVR DAHUA 16 canales WizSense DHI-XVR1B16H-I, 5 Megapíxeles Lite, compresión H.265+, Búsqueda Inteligente, 8 Canales IP Adicionales, hasta 24 canales IP, 1 Bahía de Disco Duro de hasta 16TB, SMD Plus, funciones POS, 1 puerto HDMI, 1 puerto VGA, 1 año de Garantia. Clave Oficial CT: GRDDAH580. Marca: CT.",TELEFONIA Y VIDEO VIGILANCIA,discos_duros,CT,133.24,2598.15,4157.05,4157.05,3507.51,3507.51,3247.69,3117.78,https://static.ctonline.mx/imagenes/GRDDAH580/GRDDAH580_400.jpg,assets/img/catalog/GRDDAH580.jpg
GRDDAH960,"XVR Dahua 4 Canales HDCVI DH-XVR1B04H-I, Pentahibrido 5 Megapíxeles Lite, WizSense, Compresión de video H265+, 2 Ch IP adicionales 4+2, hasta 6 canales IP, 4 canales SMD Plus, búsqueda inteligente de humanos y vehículos, codificación inteligente, 1 Bahía de Disco Duro de Hasta 6TB, P2P, Smart Audio, 1 año de Garantia","XVR Dahua 4 Canales HDCVI DH-XVR1B04H-I, Pentahibrido 5 Megapíxeles Lite, WizSense, Compresión de video H265+, 2 Ch IP adicionales 4+2, hasta 6 canales IP, 4 canales SMD Plus, búsqueda inteligente de humanos y vehículos, codificación inteligente, 1 Bahía de Disco Duro de Hasta 6TB, P2P, Smart Audio, 1 año de Garantia. Clave Oficial CT: GRDDAH960. Marca: CT.",TELEFONIA Y VIDEO VIGILANCIA,discos_duros,CT,51.28,1000.04,1600.06,1600.06,1350.05,1350.05,1250.05,1200.05,https://static.ctonline.mx/imagenes/GRDDAH960/GRDDAH960_400.jpg,assets/img/catalog/GRDDAH960.jpg
GRDDAH940,"DVR Dahua 16 Canales HDCVI DH-XVR1B16-I Pentahibrido 2 Megapíxeles Lite, Wizsense, Compresión de video H265+, 2 Ch IP adicionales 16+2, Hasta 18 canales IP, 8 canales SMD Plus, búsqueda inteligente, 1 Bahía de Disco Duro de Hasta 6TB, P2P, Smart Audio, 1 año de Garantia","DVR Dahua 16 Canales HDCVI DH-XVR1B16-I Pentahibrido 2 Megapíxeles Lite, Wizsense, Compresión de video H265+, 2 Ch IP adicionales 16+2, Hasta 18 canales IP, 8 canales SMD Plus, búsqueda inteligente, 1 Bahía de Disco Duro de Hasta 6TB, P2P, Smart Audio, 1 año de Garantia. Clave Oficial CT: GRDDAH940. Marca: CT.",TELEFONIA Y VIDEO VIGILANCIA,discos_duros,CT,70.66,1377.85,2204.56,2204.56,1860.1,1860.1,1722.32,1653.42,https://static.ctonline.mx/imagenes/GRDDAH940/GRDDAH940_400.jpg,assets/img/catalog/GRDDAH940.jpg
GRDDAH1040,"DVR 16 CANALES 5MP LITE DH-XVR5216AN-I3 DVR de 16 Canales de 5 Megapíxeles Lite, WizSense, H.265+, 2 Bahías de Discos Duros, 16 Ch HDCVI +8 Canales IP, Hasta 24 Ch IP, 2 Canales de Reconocimiento Facial, Codificación IA, SMD Plus, Proteccion Perimetral","DVR 16 CANALES 5MP LITE DH-XVR5216AN-I3 DVR de 16 Canales de 5 Megapíxeles Lite, WizSense, H.265+, 2 Bahías de Discos Duros, 16 Ch HDCVI +8 Canales IP, Hasta 24 Ch IP, 2 Canales de Reconocimiento Facial, Codificación IA, SMD Plus, Proteccion Perimetral. Clave Oficial CT: GRDDAH1040. Marca: CT.",TELEFONIA Y VIDEO VIGILANCIA,discos_duros,CT,184.03,3588.66,5741.86,5741.86,4844.7,4844.7,4485.83,4306.4,https://static.ctonline.mx/imagenes/GRDDAH1040/GRDDAH1040_400.jpg,assets/img/catalog/GRDDAH1040.jpg
GRDDAH1130,"DVR 4 CANALES 2MP+SSD DH-XVR1B04-I-SSD DVR de 4 canales 1080p Lite con disco SSD de 512GB Especial para Videovigilancia, S-XVR Series, WizSense, H.265+, 4 canales con SMD Plus, Búsqueda inteligente (Humanos y vehículos)","DVR 4 CANALES 2MP+SSD DH-XVR1B04-I-SSD DVR de 4 canales 1080p Lite con disco SSD de 512GB Especial para Videovigilancia, S-XVR Series, WizSense, H.265+, 4 canales con SMD Plus, Búsqueda inteligente (Humanos y vehículos). Clave Oficial CT: GRDDAH1130. Marca: CT.",TELEFONIA Y VIDEO VIGILANCIA,discos_duros,CT,59.26,1155.6,1848.95,1848.95,1560.06,1560.06,1444.5,1386.72,https://static.ctonline.mx/imagenes/GRDDAH1130/GRDDAH1130_400.jpg,assets/img/catalog/GRDDAH1130.jpg
GRDDAH780,"DVR 16 CANALES 4K DH-XVR5216AN-4KL-I3 DVR de 16 Canales 4K, WizSense, IA, H.265+, 2 Bahías de Disco Duro, 16 Ch HDCVI + 16 IP (Hasta 32 IP), 2 Canales de Reconocimiento Facial, SMD Plus, Codificación IA, Funciones IoT&POS, Audio Bidireccional","DVR 16 CANALES 4K DH-XVR5216AN-4KL-I3 DVR de 16 Canales 4K, WizSense, IA, H.265+, 2 Bahías de Disco Duro, 16 Ch HDCVI + 16 IP (Hasta 32 IP), 2 Canales de Reconocimiento Facial, SMD Plus, Codificación IA, Funciones IoT&POS, Audio Bidireccional. Clave Oficial CT: GRDDAH780. Marca: CT.",TELEFONIA Y VIDEO VIGILANCIA,discos_duros,CT,258.3,5036.76,8058.82,8058.82,6799.63,6799.63,6295.95,6044.11,https://static.ctonline.mx/imagenes/GRDDAH780/GRDDAH780_400.jpg,assets/img/catalog/GRDDAH780.jpg
NVRDAH700,GRABADOR DAHUA DHI-NVR4108HS-8P-4KS3 NVR de 8 MP / 4k / 8 canales IP/ 8 puertos PoE/ Rendimiento de 160 mbps/ H.265+/ 1 Bahía para disco duro/ Soporta cámaras WizSense/ HDMI 4K & VGA/,GRABADOR DAHUA DHI-NVR4108HS-8P-4KS3 NVR de 8 MP / 4k / 8 canales IP/ 8 puertos PoE/ Rendimiento de 160 mbps/ H.265+/ 1 Bahía para disco duro/ Soporta cámaras WizSense/ HDMI 4K & VGA/. Clave Oficial CT: NVRDAH700. Marca: CT.,TELEFONIA Y VIDEO VIGILANCIA,discos_duros,CT,131.59,2566.02,4105.64,4105.64,3464.13,3464.13,3207.53,3079.23,https://static.ctonline.mx/imagenes/NVRDAH700/NVRDAH700_400.jpg,assets/img/catalog/NVRDAH700.jpg
NVRDAH640,"NVR 32CH 4K DHI-NVR4232-16P-4KS3, DAHUA DHI-NVR4232-16P-4KS3 NVR de 8 MP / 4k / 32 Canales IP / 16 Puertos PoE / Rendimiento de 160 Mbps/ Smart H.265+/ 2 Bahías de disco duro/ 4&2 E&S de Alarma/ Soporta cámaras WizSense/ 2 canales SMD Plus","NVR 32CH 4K DHI-NVR4232-16P-4KS3, DAHUA DHI-NVR4232-16P-4KS3 NVR de 8 MP / 4k / 32 Canales IP / 16 Puertos PoE / Rendimiento de 160 Mbps/ Smart H.265+/ 2 Bahías de disco duro/ 4&2 E&S de Alarma/ Soporta cámaras WizSense/ 2 canales SMD Plus. Clave Oficial CT: NVRDAH640. Marca: CT.",TELEFONIA Y VIDEO VIGILANCIA,discos_duros,CT,257.36,5018.59,8029.75,8029.75,6775.1,6775.1,6273.24,6022.31,https://static.ctonline.mx/imagenes/NVRDAH640/NVRDAH640_400.jpg,assets/img/catalog/NVRDAH640.jpg
NVRDAH580,"NVR 32CH 4K DHI-NVR4432-16P-EI NVR de 8MP, 4K WizSense, 32 Canales IP, 16 Puertos PoE, 4 Bahías de Discos Duros, Smart H.265+, 1 Canal de Reconocimiento Facial, SMD Plus, Rendimiento de 256 Mbps, Quick Pick","NVR 32CH 4K DHI-NVR4432-16P-EI NVR de 8MP, 4K WizSense, 32 Canales IP, 16 Puertos PoE, 4 Bahías de Discos Duros, Smart H.265+, 1 Canal de Reconocimiento Facial, SMD Plus, Rendimiento de 256 Mbps, Quick Pick. Clave Oficial CT: NVRDAH580. Marca: CT.",TELEFONIA Y VIDEO VIGILANCIA,discos_duros,CT,444.9,8675.51,13880.81,13880.81,11711.93,11711.93,10844.38,10410.61,https://static.ctonline.mx/imagenes/NVRDAH580/NVRDAH580_400.jpg,assets/img/catalog/NVRDAH580.jpg
NVRDAH610,"NVR 16CH 4K DHI-NVR4416-16P-EI NVR de 8MP, 4K, 16 Canales IP, WizSense, 4K con IA, 16 Puertos PoE af/at, 4 Bahías para Discos Duros, 1 Canal de Reconocimiento Facial por NVR, 4 Ch con SMD Plus, Soporta Cámaras con IA, 10 Bases de Datos de Rostros#","NVR 16CH 4K DHI-NVR4416-16P-EI NVR de 8MP, 4K, 16 Canales IP, WizSense, 4K con IA, 16 Puertos PoE af/at, 4 Bahías para Discos Duros, 1 Canal de Reconocimiento Facial por NVR, 4 Ch con SMD Plus, Soporta Cámaras con IA, 10 Bases de Datos de Rostros#. Clave Oficial CT: NVRDAH610. Marca: CT.",TELEFONIA Y VIDEO VIGILANCIA,discos_duros,CT,347.73,6780.68,10849.09,10849.09,9153.92,9153.92,8475.85,8136.82,https://static.ctonline.mx/imagenes/NVRDAH610/NVRDAH610_400.jpg,assets/img/catalog/NVRDAH610.jpg
NVRDAH630,"NVR WIFI 8CH 4MP DHI-NVR1108HS-W-S2-CE NVR WiFi de 4 Megapíxeles, 8 Canales IP, H.265, Salidas HDMI &VGA, 1 Bahía de Disco Duro, 1 E&S de Audio, Onvif","NVR WIFI 8CH 4MP DHI-NVR1108HS-W-S2-CE NVR WiFi de 4 Megapíxeles, 8 Canales IP, H.265, Salidas HDMI &VGA, 1 Bahía de Disco Duro, 1 E&S de Audio, Onvif. Clave Oficial CT: NVRDAH630. Marca: CT.",TELEFONIA Y VIDEO VIGILANCIA,discos_duros,CT,70.65,1377.63,2204.21,2204.21,1859.8,1859.8,1722.04,1653.16,https://static.ctonline.mx/imagenes/NVRDAH630/NVRDAH630_400.jpg,assets/img/catalog/NVRDAH630.jpg
NVRDAH520,"NVR 16 CANALES 4K DHI-NVR2216-16P-I2 NVR de 8 Megapixeles, 16 Canales IP, WizSense, 4k Con IA, 16 Puertos PoE, 2 Bahías de Discos Duros, 1 Ch de Reconocimiento Facial y FD, 10 Bases de Datos de Rostros, H.265+, SMD Plus, Soporta Camaras con IA","NVR 16 CANALES 4K DHI-NVR2216-16P-I2 NVR de 8 Megapixeles, 16 Canales IP, WizSense, 4k Con IA, 16 Puertos PoE, 2 Bahías de Discos Duros, 1 Ch de Reconocimiento Facial y FD, 10 Bases de Datos de Rostros, H.265+, SMD Plus, Soporta Camaras con IA. Clave Oficial CT: NVRDAH520. Marca: CT.",TELEFONIA Y VIDEO VIGILANCIA,discos_duros,CT,280.85,5476.62,8762.59,8762.59,7393.44,7393.44,6845.77,6571.94,https://static.ctonline.mx/imagenes/NVRDAH520/NVRDAH520_400.jpg,assets/img/catalog/NVRDAH520.jpg
NVRDAH570,"NVR 32 CANALES 4K DHI-NVR5432-EI NVR de 32 canales IP 4K con tecnología Acupick, WizSense, y Smart H.265+. Rendimiento de 384 Mbps, 4 bahías para discos duros. IA avanzada. E incluye E/S de alarma y audio","NVR 32 CANALES 4K DHI-NVR5432-EI NVR de 32 canales IP 4K con tecnología Acupick, WizSense, y Smart H.265+. Rendimiento de 384 Mbps, 4 bahías para discos duros. IA avanzada. E incluye E/S de alarma y audio. Clave Oficial CT: NVRDAH570. Marca: CT.",TELEFONIA Y VIDEO VIGILANCIA,discos_duros,CT,612.33,11940.43,19104.68,19104.68,16119.58,16119.58,14925.53,14328.51,https://static.ctonline.mx/imagenes/NVRDAH570/NVRDAH570_400.jpg,assets/img/catalog/NVRDAH570.jpg
NVRDAH670,DAHUA NVR 8MP NVR2104HS-P-I2 NVR DE 8 Megapíxeles/ 4k/ 4 Canales IP/ WizSense/ 4 Puertos Poe/ H265+/ Rendimiento de 80 Mbps/ HDMI y VGA/ 1 Ch de Reconocimiento Facial/ Protección Perimetral/ SMD Plus/ 1 Bahía de Disco Duro de 10 TB,DAHUA NVR 8MP NVR2104HS-P-I2 NVR DE 8 Megapíxeles/ 4k/ 4 Canales IP/ WizSense/ 4 Puertos Poe/ H265+/ Rendimiento de 80 Mbps/ HDMI y VGA/ 1 Ch de Reconocimiento Facial/ Protección Perimetral/ SMD Plus/ 1 Bahía de Disco Duro de 10 TB. Clave Oficial CT: NVRDAH670. Marca: DAHUA.,TELEFONIA Y VIDEO VIGILANCIA,discos_duros,DAHUA,109.9,2143.01,3428.81,3428.81,2893.06,2893.06,2678.76,2571.61,https://static.ctonline.mx/imagenes/NVRDAH670/NVRDAH670_400.jpg,assets/img/catalog/NVRDAH670.jpg
NVRDAH660,DAHUA NVR 8MP  DHI-NVR4208-8P-4KS3 NVR de 8 MP/ 4k/ 8 Canales IP/ 8 Puertos PoE/ Rendimiento de 160 Mbps/ H.265+/ 2 Bahías de discos duros / Soporta cámaras WizSense/ HDMI 4k & VGA/ 4 canales SMD Plus/ E&S de Alarma,DAHUA NVR 8MP  DHI-NVR4208-8P-4KS3 NVR de 8 MP/ 4k/ 8 Canales IP/ 8 Puertos PoE/ Rendimiento de 160 Mbps/ H.265+/ 2 Bahías de discos duros / Soporta cámaras WizSense/ HDMI 4k & VGA/ 4 canales SMD Plus/ E&S de Alarma. Clave Oficial CT: NVRDAH660. Marca: DAHUA.,TELEFONIA Y VIDEO VIGILANCIA,discos_duros,DAHUA,167.86,3273.34,5237.35,5237.35,4419.01,4419.01,4091.68,3928.01,https://static.ctonline.mx/imagenes/NVRDAH660/NVRDAH660_400.jpg,assets/img/catalog/NVRDAH660.jpg
NVRDAH550,DAHUA NVR1104HS-W-S2 - NVR WiFi de 4 Megapíxeles/ 4 Canales IP/ H.265/ Salidas HDMI &VGA/ 1 Bahía de Disco Duro/ 1 E&S de Audio/ Onvif/ Emparejamiento Automático con IPC WiFi de Dahua/,DAHUA NVR1104HS-W-S2 - NVR WiFi de 4 Megapíxeles/ 4 Canales IP/ H.265/ Salidas HDMI &VGA/ 1 Bahía de Disco Duro/ 1 E&S de Audio/ Onvif/ Emparejamiento Automático con IPC WiFi de Dahua/. Clave Oficial CT: NVRDAH550. Marca: DAHUA.,TELEFONIA Y VIDEO VIGILANCIA,discos_duros,DAHUA,58.77,1146.07,1833.71,1833.71,1547.19,1547.19,1432.59,1375.28,https://static.ctonline.mx/imagenes/NVRDAH550/NVRDAH550_400.jpg,assets/img/catalog/NVRDAH550.jpg
NVRDAH650,NVR 32 CANALES 8 MP DHI-NVR4232-4KS3 NVR De 8 MP / 4k / 32 Canales IP/ Rendimiento de 160 Mbps/ Smart H.265+/ 2 Bahías de discos duros de hasta 10 TB/ HDMI&VGA/ 4&2 E&S de Alarmas/ Soporta cámaras WizSense/ 2 canales SMD Plus,NVR 32 CANALES 8 MP DHI-NVR4232-4KS3 NVR De 8 MP / 4k / 32 Canales IP/ Rendimiento de 160 Mbps/ Smart H.265+/ 2 Bahías de discos duros de hasta 10 TB/ HDMI&VGA/ 4&2 E&S de Alarmas/ Soporta cámaras WizSense/ 2 canales SMD Plus. Clave Oficial CT: NVRDAH650. Marca: CT.,TELEFONIA Y VIDEO VIGILANCIA,discos_duros,CT,153.41,2991.48,4786.36,4786.36,4038.49,4038.49,3739.35,3589.77,https://static.ctonline.mx/imagenes/NVRDAH650/NVRDAH650_400.jpg,assets/img/catalog/NVRDAH650.jpg
GRDDAH1120,NVR 16 CANALES 8MP(4K) HDHI-NVR4216-16P-4KS3 NVR de 8 MP/ 4k / 16 Canales IP/ 16 Puertos PoE/ Rendimiento de 160 Mbps/ Smart H.265+/ 2 Bahías de Discos Duros/ Salidas de Video HDMI&VGA/ 4&2 E&S de Alarmas/ Soporta cámaras WizSense/ H.265+/ 4 canales SMD Plus,NVR 16 CANALES 8MP(4K) HDHI-NVR4216-16P-4KS3 NVR de 8 MP/ 4k / 16 Canales IP/ 16 Puertos PoE/ Rendimiento de 160 Mbps/ Smart H.265+/ 2 Bahías de Discos Duros/ Salidas de Video HDMI&VGA/ 4&2 E&S de Alarmas/ Soporta cámaras WizSense/ H.265+/ 4 canales SMD Plus. Clave Oficial CT: GRDDAH1120. Marca: CT.,TELEFONIA Y VIDEO VIGILANCIA,discos_duros,CT,239.2,4664.49,7463.18,7463.18,6297.06,6297.06,5830.61,5597.39,https://static.ctonline.mx/imagenes/GRDDAH1120/GRDDAH1120_400.jpg,assets/img/catalog/GRDDAH1120.jpg
NVRDAH350,"NVR Dahua 32 Canales DHI-NVR4232-16P-4KS2/L, Resolución de 8 Megapíxeles, 32 canales IP, 16 puertos PoE, Detección de Rostros, SMD Plus, Protección Perimetral, Rendimiento 160 Mbps, Compresión de video H.265+, 2 Bahias de Disco Duro , 4/2 E/S de Alarma.","NVR Dahua 32 Canales DHI-NVR4232-16P-4KS2/L, Resolución de 8 Megapíxeles, 32 canales IP, 16 puertos PoE, Detección de Rostros, SMD Plus, Protección Perimetral, Rendimiento 160 Mbps, Compresión de video H.265+, 2 Bahias de Disco Duro , 4/2 E/S de Alarma.. Clave Oficial CT: NVRDAH350. Marca: CT.",TELEFONIA Y VIDEO VIGILANCIA,discos_duros,CT,252.61,4925.97,7881.55,7881.55,6650.05,6650.05,6157.46,5911.16,https://static.ctonline.mx/imagenes/NVRDAH350/NVRDAH350_400.jpg,assets/img/catalog/NVRDAH350.jpg
NVRDAH500,"NVR Dahua 8 Canales IP DHI-NVR2208-8P-I2, 8 puertos PoE, WizSense, 1 canal de reconocimiento facial, hasta 10 bases de datos de rostros, 4 canales SMD Plus, 1 canal de Protección Perimetral, Compresión de video H.265+, 2 Bahias de Disco Duro hasta 10TB, 1 año de garantía","NVR Dahua 8 Canales IP DHI-NVR2208-8P-I2, 8 puertos PoE, WizSense, 1 canal de reconocimiento facial, hasta 10 bases de datos de rostros, 4 canales SMD Plus, 1 canal de Protección Perimetral, Compresión de video H.265+, 2 Bahias de Disco Duro hasta 10TB, 1 año de garantía. Clave Oficial CT: NVRDAH500. Marca: CT.",TELEFONIA Y VIDEO VIGILANCIA,discos_duros,CT,188.47,3675.09,5880.14,5880.14,4961.37,4961.37,4593.86,4410.1,https://static.ctonline.mx/imagenes/NVRDAH500/NVRDAH500_400.jpg,assets/img/catalog/NVRDAH500.jpg
NVRIMO010,"NVR N110W IMOU NVR-N110W-8A0E, NVR 10 canales, Características: Conexión de hasta 10 cámaras cableadas o WiFi, emparejamiento automático con cámaras IMOU, micrófono y altavoz incluidos para audio bidireccional, soporte para disco duro de hasta 16 TB, salidas HDMI y VGA, Dimensiones: 241.5mm x 260mm x 60.2mm, Peso: 300 grs.","NVR N110W IMOU NVR-N110W-8A0E, NVR 10 canales, Características: Conexión de hasta 10 cámaras cableadas o WiFi, emparejamiento automático con cámaras IMOU, micrófono y altavoz incluidos para audio bidireccional, soporte para disco duro de hasta 16 TB, salidas HDMI y VGA, Dimensiones: 241.5mm x 260mm x 60.2mm, Peso: 300 grs.. Clave Oficial CT: NVRIMO010. Marca: CT.",TELEFONIA Y VIDEO VIGILANCIA,discos_duros,CT,57.26,1116.6,1786.55,1786.55,1507.41,1507.41,1395.75,1339.92,https://static.ctonline.mx/imagenes/NVRIMO010/NVRIMO010_400.jpg,assets/img/catalog/NVRIMO010.jpg
CAMTPL820,"Cámara IP Domo Varifocal Motorizada 4MP  (InSight S245ZI) Resolución: 4 Megapíxeles (2K - 2688 x 1520) en alta definición. Lente Óptica: Varifocal motorizada de 2.7 mm a 13.5 mm con Zoom Óptico 5X, Visión Nocturna: Infrarrojos inteligentes (Smart IR) con alcance excepcional de hasta 60 metros, Audio Integrado: Incluye micrófono de alta sensibilidad integrado (rango de 5m) e interfaz para alarma externa, IP67, Ranura para tarjeta MicroSD de hasta 512 GB, Compresión Eficiente: H.265+ para ahorrar hasta un 70% de espacio en disco y ancho de banda.","Cámara IP Domo Varifocal Motorizada 4MP  (InSight S245ZI) Resolución: 4 Megapíxeles (2K - 2688 x 1520) en alta definición. Lente Óptica: Varifocal motorizada de 2.7 mm a 13.5 mm con Zoom Óptico 5X, Visión Nocturna: Infrarrojos inteligentes (Smart IR) con alcance excepcional de hasta 60 metros, Audio Integrado: Incluye micrófono de alta sensibilidad integrado (rango de 5m) e interfaz para alarma externa, IP67, Ranura para tarjeta MicroSD de hasta 512 GB, Compresión Eficiente: H.265+ para ahorrar hasta un 70% de espacio en disco y ancho de banda.. Clave Oficial CT: CAMTPL820. Marca: CT.",TELEFONIA Y VIDEO VIGILANCIA,discos_duros,CT,134.09,2614.77,4183.64,4183.64,3529.94,3529.94,3268.47,3137.73,https://static.ctonline.mx/imagenes/CAMTPL820/CAMTPL820_400.jpg,assets/img/catalog/CAMTPL820.jpg
NVRTPL160,"Grabador de Video (NVR) PoE+ VIGI de 8 Canales(VIGI NVR1008H-8MP) Capacidad para administrar y grabar de forma simultánea hasta 8 cámaras IP . Capacidad de Decodificación de 16MP, Compresión Inteligente H.265+,  1 interfaz interna que soporta un disco duro de hasta 10 TB para resguardar semanas de grabación ininterrumpida (HDD no incluido), Compatibilidad ONVIF,.","Grabador de Video (NVR) PoE+ VIGI de 8 Canales(VIGI NVR1008H-8MP) Capacidad para administrar y grabar de forma simultánea hasta 8 cámaras IP . Capacidad de Decodificación de 16MP, Compresión Inteligente H.265+,  1 interfaz interna que soporta un disco duro de hasta 10 TB para resguardar semanas de grabación ininterrumpida (HDD no incluido), Compatibilidad ONVIF,.. Clave Oficial CT: NVRTPL160. Marca: CT.",TELEFONIA Y VIDEO VIGILANCIA,discos_duros,CT,93.18,1817.05,2907.27,2907.27,2453.01,2453.01,2271.31,2180.45,https://static.ctonline.mx/imagenes/NVRTPL160/NVRTPL160_400.jpg,assets/img/catalog/NVRTPL160.jpg
NVRTPL040,Grabador NVR IP de 16 Canales (VIGI NVR1016H) Soporta hasta 8MP. Salida HDMI 4K y VGA | 1 Bahía SATA para HDD de hasta 10TB | Inteligente H.265+. Incorpora puertos RCA de entrada y salida de audio para intercomunicación por voz en tiempo real con cámaras compatibles.,Grabador NVR IP de 16 Canales (VIGI NVR1016H) Soporta hasta 8MP. Salida HDMI 4K y VGA | 1 Bahía SATA para HDD de hasta 10TB | Inteligente H.265+. Incorpora puertos RCA de entrada y salida de audio para intercomunicación por voz en tiempo real con cámaras compatibles.. Clave Oficial CT: NVRTPL040. Marca: CT.,TELEFONIA Y VIDEO VIGILANCIA,discos_duros,CT,59.09,1152.27,1843.64,1843.64,1555.57,1555.57,1440.34,1382.73,https://static.ctonline.mx/imagenes/NVRTPL040/NVRTPL040_400.jpg,assets/img/catalog/NVRTPL040.jpg
NVRTPL110,"Grabador de video NVR (VIGI NVR2016H-16P) Canales de Video: Soporta hasta 16 cámaras IP simultáneas . Puertos PoE+ Integrados: 16 puertos RJ-45 (10/100 Mbps) compatibles con estándares 802.3af/at, Hasta 8 Megapíxeles (4K) por canal, Soporta 8 canales a 2MP, 4 canales a 4MP o 2 canales a 8MP, Salidas de Video: 1 puerto HDMI (Resolución 4K) y 1 puerto VGA independientes, Tecnología H.265+, 2 bahías SATA para discos duros independientes (hasta 10TB o 16TB según la revisión de hardware),  2 puertos USB 2.0 y audio bidireccional","Grabador de video NVR (VIGI NVR2016H-16P) Canales de Video: Soporta hasta 16 cámaras IP simultáneas . Puertos PoE+ Integrados: 16 puertos RJ-45 (10/100 Mbps) compatibles con estándares 802.3af/at, Hasta 8 Megapíxeles (4K) por canal, Soporta 8 canales a 2MP, 4 canales a 4MP o 2 canales a 8MP, Salidas de Video: 1 puerto HDMI (Resolución 4K) y 1 puerto VGA independientes, Tecnología H.265+, 2 bahías SATA para discos duros independientes (hasta 10TB o 16TB según la revisión de hardware),  2 puertos USB 2.0 y audio bidireccional. Clave Oficial CT: NVRTPL110. Marca: CT.",TELEFONIA Y VIDEO VIGILANCIA,discos_duros,CT,181.82,3545.45,5672.73,5672.73,4786.36,4786.36,4431.82,4254.55,https://static.ctonline.mx/imagenes/NVRTPL110/NVRTPL110_400.jpg,assets/img/catalog/NVRTPL110.jpg
NVRTPL130,"Grabador de video NVR (VIGI NVR2016H-16MP)  16 Canales IP, Alimentación integrada: 16 Puertos PoE+ (Presupuesto total de 140 W). Soporta cámaras de hasta 8MP (Salida 4K) / Capacidad total de descodificación de 16MP, 2 Bahías SATA (Hasta 10 TB por disco, total 20 TB), H.265+ , Interfaces: 1 HDMI (4K), 1 VGA, 1 Puerto RJ45 Gigabit, Alarma 6 Entradas / 4 Salidas, Audio Bidireccional ,  ONVIF.","Grabador de video NVR (VIGI NVR2016H-16MP)  16 Canales IP, Alimentación integrada: 16 Puertos PoE+ (Presupuesto total de 140 W). Soporta cámaras de hasta 8MP (Salida 4K) / Capacidad total de descodificación de 16MP, 2 Bahías SATA (Hasta 10 TB por disco, total 20 TB), H.265+ , Interfaces: 1 HDMI (4K), 1 VGA, 1 Puerto RJ45 Gigabit, Alarma 6 Entradas / 4 Salidas, Audio Bidireccional ,  ONVIF.. Clave Oficial CT: NVRTPL130. Marca: CT.",TELEFONIA Y VIDEO VIGILANCIA,discos_duros,CT,217.05,4232.39,6771.82,6771.82,5713.72,5713.72,5290.48,5078.86,https://static.ctonline.mx/imagenes/NVRTPL130/NVRTPL130_400.jpg,assets/img/catalog/NVRTPL130.jpg
NVRTPL140,"Grabador de video NVR (VIGI NVR4064H)  16 Canales IP, Alimentación integrada: 16 Puertos PoE+ (Presupuesto total de 140 W). Soporta cámaras de hasta 8MP (Salida 4K) / Capacidad total de descodificación de 16MP, 2 Bahías SATA (Hasta 10 TB por disco, total 20 TB), H.265+ , Interfaces: 1 HDMI (4K), 1 VGA, 1 Puerto RJ45 Gigabit, Alarma 6 Entradas / 4 Salidas, Audio Bidireccional ,  ONVIF.","Grabador de video NVR (VIGI NVR4064H)  16 Canales IP, Alimentación integrada: 16 Puertos PoE+ (Presupuesto total de 140 W). Soporta cámaras de hasta 8MP (Salida 4K) / Capacidad total de descodificación de 16MP, 2 Bahías SATA (Hasta 10 TB por disco, total 20 TB), H.265+ , Interfaces: 1 HDMI (4K), 1 VGA, 1 Puerto RJ45 Gigabit, Alarma 6 Entradas / 4 Salidas, Audio Bidireccional ,  ONVIF.. Clave Oficial CT: NVRTPL140. Marca: CT.",TELEFONIA Y VIDEO VIGILANCIA,discos_duros,CT,431.82,8420.45,13472.73,13472.73,11367.61,11367.61,10525.57,10104.55,https://static.ctonline.mx/imagenes/NVRTPL140/NVRTPL140_400.jpg,assets/img/catalog/NVRTPL140.jpg
KITHKV740,"Kit IP Inalámbrico 1080p Hikvision NK42W0H-1T(E), NVR 4 Canales, 4 Cámaras Bala para Exterior, 1 HDD de 1 TB, Modo Repetidor, Soporta Inteligente H.265+, Angulo de visión 112, 2 antenas wifi frecuencia 2.4 GHz, 30 mts IR EXIR.","Kit IP Inalámbrico 1080p Hikvision NK42W0H-1T(E), NVR 4 Canales, 4 Cámaras Bala para Exterior, 1 HDD de 1 TB, Modo Repetidor, Soporta Inteligente H.265+, Angulo de visión 112, 2 antenas wifi frecuencia 2.4 GHz, 30 mts IR EXIR.. Clave Oficial CT: KITHKV740. Marca: CT.",TELEFONIA Y VIDEO VIGILANCIA,discos_duros,CT,313.18,6107.1,9771.37,9771.37,8244.59,8244.59,7633.88,7328.52,https://static.ctonline.mx/imagenes/KITHKV740/KITHKV740_400.jpg,assets/img/catalog/KITHKV740.jpg
KITHKV120,"Epcom (KEVTX8T8EW), KIT de 8 canales analogico a 1080p(2MP)  / 1*DVR(EV4008TURBO) 4 Megapixel / 8 Canales TURBOHD + 4 Canales IP / 1 Bahía de Disco Duro / 1 Canal de Audio / Vídeoanálisis /  8*Cámaras(E8TURBOEXW) Tipo Domo Eyeball TURBOHD 1080p / METÁLICA / Gran Angular 103º / Lente 2.8 mm / IR Inteligente 20 mts / Exterior IP66   /  8*Transceptores TURBO HD  TT101FTURBOZ  /  8*adaptadores jack JR52  /  1*Fuente de alimentacion profesional XP16DC204K","Epcom (KEVTX8T8EW), KIT de 8 canales analogico a 1080p(2MP)  / 1*DVR(EV4008TURBO) 4 Megapixel / 8 Canales TURBOHD + 4 Canales IP / 1 Bahía de Disco Duro / 1 Canal de Audio / Vídeoanálisis /  8*Cámaras(E8TURBOEXW) Tipo Domo Eyeball TURBOHD 1080p / METÁLICA / Gran Angular 103º / Lente 2.8 mm / IR Inteligente 20 mts / Exterior IP66   /  8*Transceptores TURBO HD  TT101FTURBOZ  /  8*adaptadores jack JR52  /  1*Fuente de alimentacion profesional XP16DC204K. Clave Oficial CT: KITHKV120. Marca: CT.",TELEFONIA Y VIDEO VIGILANCIA,discos_duros,CT,233.81,4559.25,7294.8,7294.8,6154.99,6154.99,5699.07,5471.1,https://static.ctonline.mx/imagenes/KITHKV120/KITHKV120_400.jpg,assets/img/catalog/KITHKV120.jpg
GRDHKV460,DVR-216G-M1(F) DVR 16 Canales TurboHD + 2 Canales IP / 2 Megapíxel (1080p) Lite / Acusense Lite (Evita falsas alarmas) / Audio por Coaxitron / 1 Bahía de Disco Duro / H.265+ / Salida de Video en Full HD,DVR-216G-M1(F) DVR 16 Canales TurboHD + 2 Canales IP / 2 Megapíxel (1080p) Lite / Acusense Lite (Evita falsas alarmas) / Audio por Coaxitron / 1 Bahía de Disco Duro / H.265+ / Salida de Video en Full HD. Clave Oficial CT: GRDHKV460. Marca: CT.,TELEFONIA Y VIDEO VIGILANCIA,discos_duros,CT,57.61,1123.37,1797.39,1797.39,1516.55,1516.55,1404.21,1348.04,https://static.ctonline.mx/imagenes/GRDHKV460/GRDHKV460_400.jpg,assets/img/catalog/GRDHKV460.jpg
GABHKV120,"DVR HiLook by HIKVISION DVR-204Q-M1(E), 4 Canales TurboHD + 2 Canales IP 5 Megapíxel Lite - 3K Lite, audio por Coaxitron, ACUSENSE Lite, 1 Bahía de Disco Duro, H.265+, Soporte HD-TVI, HD-CVI, AHD, analógico y IP, Salida en Full HD, Compatible con Hik-Connect, Dimensiones 260 x 222 x 45 mm, peso 1 kg","DVR HiLook by HIKVISION DVR-204Q-M1(E), 4 Canales TurboHD + 2 Canales IP 5 Megapíxel Lite - 3K Lite, audio por Coaxitron, ACUSENSE Lite, 1 Bahía de Disco Duro, H.265+, Soporte HD-TVI, HD-CVI, AHD, analógico y IP, Salida en Full HD, Compatible con Hik-Connect, Dimensiones 260 x 222 x 45 mm, peso 1 kg. Clave Oficial CT: GABHKV120. Marca: CT.",TELEFONIA Y VIDEO VIGILANCIA,discos_duros,CT,48.61,947.87,1516.59,1516.59,1279.62,1279.62,1184.84,1137.44,https://static.ctonline.mx/imagenes/GABHKV120/GABHKV120_400.jpg,assets/img/catalog/GABHKV120.jpg
DVRHKV890,DVR 8 Canales TURBOHD + 4 Canales IP HILOOK modelo DVR-208Q-M1(E)  5 Megapíxel Lite - 3K Lite / Audio por Coaxitron / ACUSENSE Lite / 1 Bahía de Disco Duro / H.265+ / Salida en Full HD,DVR 8 Canales TURBOHD + 4 Canales IP HILOOK modelo DVR-208Q-M1(E)  5 Megapíxel Lite - 3K Lite / Audio por Coaxitron / ACUSENSE Lite / 1 Bahía de Disco Duro / H.265+ / Salida en Full HD. Clave Oficial CT: DVRHKV890. Marca: CT.,TELEFONIA Y VIDEO VIGILANCIA,discos_duros,CT,67.23,1310.95,2097.52,2097.52,1769.78,1769.78,1638.69,1573.14,https://static.ctonline.mx/imagenes/DVRHKV890/DVRHKV890_400.jpg,assets/img/catalog/DVRHKV890.jpg
GRDHKV310,"NVR 4 Megapíxel HiLook by HIKVISION NVR-104H-D/4P(D), (Compatibles con Cámaras Acúsense), 4 Canales IP, 4 Puertos PoE+, Soporta 1 HDD de hasta 6 TB (no incluido), Salida en Full HD, Compatible con Hik-Connect P2P, consume 1 unidad de rack, dimensiones 200 x 200 x 48 mm, peso 1 kg (sin HDD).","NVR 4 Megapíxel HiLook by HIKVISION NVR-104H-D/4P(D), (Compatibles con Cámaras Acúsense), 4 Canales IP, 4 Puertos PoE+, Soporta 1 HDD de hasta 6 TB (no incluido), Salida en Full HD, Compatible con Hik-Connect P2P, consume 1 unidad de rack, dimensiones 200 x 200 x 48 mm, peso 1 kg (sin HDD).. Clave Oficial CT: GRDHKV310. Marca: CT.",TELEFONIA Y VIDEO VIGILANCIA,discos_duros,CT,64.01,1248.21,1997.14,1997.14,1685.09,1685.09,1560.26,1497.85,https://static.ctonline.mx/imagenes/GRDHKV310/GRDHKV310_400.jpg,assets/img/catalog/GRDHKV310.jpg
GRDHKV490,NVR 8 Megapixel (4K) HIKVISION modelo DS-7604NI-Q1/4P(E) (Compatible con Cámaras ACUSENSE) / 4 canales IP / 4 Puertos PoE+ / 1 Bahía de Disco Duro / Salida de Vídeo en 4K / 300 Metros PoE Modo Extendido,NVR 8 Megapixel (4K) HIKVISION modelo DS-7604NI-Q1/4P(E) (Compatible con Cámaras ACUSENSE) / 4 canales IP / 4 Puertos PoE+ / 1 Bahía de Disco Duro / Salida de Vídeo en 4K / 300 Metros PoE Modo Extendido. Clave Oficial CT: GRDHKV490. Marca: CT.,TELEFONIA Y VIDEO VIGILANCIA,discos_duros,CT,88.77,1731.05,2769.68,2769.68,2336.92,2336.92,2163.81,2077.26,https://static.ctonline.mx/imagenes/GRDHKV490/GRDHKV490_400.jpg,assets/img/catalog/GRDHKV490.jpg
GRDHKV350,"NVR 12 Megapíxel (4K) Hikvision DS-7604NXI-K1/4P(D), 4CH IP, 4 Puertos PoE+, Acusearch Reconocimiento Facial, Acúsense, HDMI en 4K, 300 Metros PoE Modo Extendido, Soporta 1 HDD de hasta 16 TB (no incluido), Soporta Hik-Connect (P2P), dimensiones 320 x 240 x 48mm, peso 1 Kg sin HDD.","NVR 12 Megapíxel (4K) Hikvision DS-7604NXI-K1/4P(D), 4CH IP, 4 Puertos PoE+, Acusearch Reconocimiento Facial, Acúsense, HDMI en 4K, 300 Metros PoE Modo Extendido, Soporta 1 HDD de hasta 16 TB (no incluido), Soporta Hik-Connect (P2P), dimensiones 320 x 240 x 48mm, peso 1 Kg sin HDD.. Clave Oficial CT: GRDHKV350. Marca: CT.",TELEFONIA Y VIDEO VIGILANCIA,discos_duros,CT,112.66,2196.93,3515.09,3515.09,2965.85,2965.85,2746.16,2636.32,https://static.ctonline.mx/imagenes/GRDHKV350/GRDHKV350_400.jpg,assets/img/catalog/GRDHKV350.jpg
GRDHKV410,"DVR 2 Megapíxel (1080p) Lite HiLook by HIKVISION DVR-204G-M1(C), 4 Canales TurboHD + 1 Canal IP, Acusense Lite, Audio por Coaxitron, H.265+, Salida de Vídeo Full HD, soporta 1 HDD de hasta 4 TB (no incluido), compatible con App HiLook (P2P), dimensiones 260 × 222 × 45 mm (W × D × H), peso 1 Kg sin HDD.","DVR 2 Megapíxel (1080p) Lite HiLook by HIKVISION DVR-204G-M1(C), 4 Canales TurboHD + 1 Canal IP, Acusense Lite, Audio por Coaxitron, H.265+, Salida de Vídeo Full HD, soporta 1 HDD de hasta 4 TB (no incluido), compatible con App HiLook (P2P), dimensiones 260 × 222 × 45 mm (W × D × H), peso 1 Kg sin HDD.. Clave Oficial CT: GRDHKV410. Marca: CT.",TELEFONIA Y VIDEO VIGILANCIA,discos_duros,CT,21.15,412.47,659.95,659.95,556.83,556.83,515.58,494.96,https://static.ctonline.mx/imagenes/GRDHKV410/GRDHKV410_400.jpg,assets/img/catalog/GRDHKV410.jpg
GRDHKV420,"DVR 2 megapíxel (1080p) Lite, HiLook by HIKVISION DVR-104G-M1/T, 4 Canales TurboHD + 1 Canal IP, Acusense Lite búsqueda inteligente de personas y vehículos, H.265+ , Salida Vídeo Full HD, Audio Bidireccional, Soporta 1 HDD de hasta 4 TB (no incluido), compatible con Hik-Connect (P2P), dimensiones 260 x 222 x 45 mm (W×D×H), peso 0.8 Kg sin HDD.","DVR 2 megapíxel (1080p) Lite, HiLook by HIKVISION DVR-104G-M1/T, 4 Canales TurboHD + 1 Canal IP, Acusense Lite búsqueda inteligente de personas y vehículos, H.265+ , Salida Vídeo Full HD, Audio Bidireccional, Soporta 1 HDD de hasta 4 TB (no incluido), compatible con Hik-Connect (P2P), dimensiones 260 x 222 x 45 mm (W×D×H), peso 0.8 Kg sin HDD.. Clave Oficial CT: GRDHKV420. Marca: CT.",TELEFONIA Y VIDEO VIGILANCIA,discos_duros,CT,23.42,456.77,730.83,730.83,616.63,616.63,570.96,548.12,https://static.ctonline.mx/imagenes/GRDHKV420/GRDHKV420_400.jpg,assets/img/catalog/GRDHKV420.jpg
GRDHKV430,"DVR 2 megapíxel (1080p) Lite HiLook by HIKVISION DVR-108G-M1/T, 8 Canales TurboHD + 2 Canales IP,  Acusense Lite, Audio Bidireccional y Coaxitron, H.265+, Salida de Vídeo Full HD, Soporta 1 HDD de hasta 4 TB (no incluido), compatible con Hik-Connect (P2P), dimensiones 260 x 222 x 45 mm (W×D×H), peso 0.8 Kg sin HDD.","DVR 2 megapíxel (1080p) Lite HiLook by HIKVISION DVR-108G-M1/T, 8 Canales TurboHD + 2 Canales IP,  Acusense Lite, Audio Bidireccional y Coaxitron, H.265+, Salida de Vídeo Full HD, Soporta 1 HDD de hasta 4 TB (no incluido), compatible con Hik-Connect (P2P), dimensiones 260 x 222 x 45 mm (W×D×H), peso 0.8 Kg sin HDD.. Clave Oficial CT: GRDHKV430. Marca: CT.",TELEFONIA Y VIDEO VIGILANCIA,discos_duros,CT,32.89,641.39,1026.22,1026.22,865.88,865.88,801.74,769.67,https://static.ctonline.mx/imagenes/GRDHKV430/GRDHKV430_400.jpg,assets/img/catalog/GRDHKV430.jpg
GRDHKV440,"DVR 8 Megapíxel (4K) Hikvision IDS-7204HUHI-M1/A/XT, 4 Canales TURBOHD + 4 Canales IP, Audio de dos vías por Coaxitron, ACUSENSE, Reconocimiento Facial, Salida de Video en 4K, H.265+, Soporta 1 HDD de hasta10 TB (no incluido), compatible con Hik-Connect (P2P), dimensiones 315 x 242 x 45 mm (W × D × H), peso 1.78 Kg sin HDD.","DVR 8 Megapíxel (4K) Hikvision IDS-7204HUHI-M1/A/XT, 4 Canales TURBOHD + 4 Canales IP, Audio de dos vías por Coaxitron, ACUSENSE, Reconocimiento Facial, Salida de Video en 4K, H.265+, Soporta 1 HDD de hasta10 TB (no incluido), compatible con Hik-Connect (P2P), dimensiones 315 x 242 x 45 mm (W × D × H), peso 1.78 Kg sin HDD.. Clave Oficial CT: GRDHKV440. Marca: CT.",TELEFONIA Y VIDEO VIGILANCIA,discos_duros,CT,74.51,1452.96,2324.74,2324.74,1961.5,1961.5,1816.2,1743.55,https://static.ctonline.mx/imagenes/GRDHKV440/GRDHKV440_400.jpg,assets/img/catalog/GRDHKV440.jpg
NVRHKV700,NVR 4 Megapixel HIKVISION modelo DS-7108NI-Q1/8P(D) (Compatible con Cámaras ACUSENSE) / 8 canales IP / 8 Puertos PoE /1 Bahía de Disco Duro / Salida de Vídeo Full HD,NVR 4 Megapixel HIKVISION modelo DS-7108NI-Q1/8P(D) (Compatible con Cámaras ACUSENSE) / 8 canales IP / 8 Puertos PoE /1 Bahía de Disco Duro / Salida de Vídeo Full HD. Clave Oficial CT: NVRHKV700. Marca: CT.,TELEFONIA Y VIDEO VIGILANCIA,discos_duros,CT,115.23,2246.95,3595.12,3595.12,3033.38,3033.38,2808.69,2696.34,https://static.ctonline.mx/imagenes/NVRHKV700/NVRHKV700_400.jpg,assets/img/catalog/NVRHKV700.jpg
NVRHKV660,DS-7616NXI-K1(E) NVR 12 Megapíxel (4K) / 16 canales IP / AcuSense (Evita Falsas Alarmas) / Reconocimiento Facial / 1 Bahía de Disco Duro / HDMI en 4K / Sin Puertos PoE+,DS-7616NXI-K1(E) NVR 12 Megapíxel (4K) / 16 canales IP / AcuSense (Evita Falsas Alarmas) / Reconocimiento Facial / 1 Bahía de Disco Duro / HDMI en 4K / Sin Puertos PoE+. Clave Oficial CT: NVRHKV660. Marca: CT.,TELEFONIA Y VIDEO VIGILANCIA,discos_duros,CT,139.57,2721.71,4354.73,4354.73,3674.31,3674.31,3402.14,3266.05,https://static.ctonline.mx/imagenes/NVRHKV660/NVRHKV660_400.jpg,assets/img/catalog/NVRHKV660.jpg
NVRHKV690,NVR 12 Megapixel (4K) / 32 HIKVISION modelo DS-7632NXI-K2(E) AcuSense (Evita Falsas Alarmas) / Reconocimiento Facial / 2 Bahías de Disco Duro / HDMI en 4K / Sin Puertos PoE+,NVR 12 Megapixel (4K) / 32 HIKVISION modelo DS-7632NXI-K2(E) AcuSense (Evita Falsas Alarmas) / Reconocimiento Facial / 2 Bahías de Disco Duro / HDMI en 4K / Sin Puertos PoE+. Clave Oficial CT: NVRHKV690. Marca: CT.,TELEFONIA Y VIDEO VIGILANCIA,discos_duros,CT,243.48,4747.83,7596.52,7596.52,6409.57,6409.57,5934.78,5697.39,https://static.ctonline.mx/imagenes/NVRHKV690/NVRHKV690_400.jpg,assets/img/catalog/NVRHKV690.jpg
NVRHKV670,DS-7632NXI-K2/16P(E) NVR 12 Megapixel (4K) / 32 canales IP / 16 Puertos PoE+ / Recocimiento Facial / AcuSense (Evita Falsas Alarmas) / 2 Bahías de Disco Duro / HDMI en 4K / Alarmas I/O / 300 Metros PoE Modo Extendido,DS-7632NXI-K2/16P(E) NVR 12 Megapixel (4K) / 32 canales IP / 16 Puertos PoE+ / Recocimiento Facial / AcuSense (Evita Falsas Alarmas) / 2 Bahías de Disco Duro / HDMI en 4K / Alarmas I/O / 300 Metros PoE Modo Extendido. Clave Oficial CT: NVRHKV670. Marca: CT.,TELEFONIA Y VIDEO VIGILANCIA,discos_duros,CT,479.42,9348.64,14957.82,14957.82,12620.66,12620.66,11685.8,11218.37,https://static.ctonline.mx/imagenes/NVRHKV670/NVRHKV670_400.jpg,assets/img/catalog/NVRHKV670.jpg
GRDHKV200,DVR 2 Megapíxel (1080P) lite (DS-7104HGHI-K1(S)) / 4 Canales TURBOHD + 1 Canal IP / 1 Bahía de Disco Duro / AUDIO POR COAXITRON / H.265+ / Salida de vídeo Full HD,DVR 2 Megapíxel (1080P) lite (DS-7104HGHI-K1(S)) / 4 Canales TURBOHD + 1 Canal IP / 1 Bahía de Disco Duro / AUDIO POR COAXITRON / H.265+ / Salida de vídeo Full HD. Clave Oficial CT: GRDHKV200. Marca: CT.,TELEFONIA Y VIDEO VIGILANCIA,discos_duros,CT,35.05,683.56,1093.7,1093.7,922.81,922.81,854.45,820.27,https://static.ctonline.mx/imagenes/GRDHKV200/GRDHKV200_400.jpg,assets/img/catalog/GRDHKV200.jpg
DVRHKV820,DVR 4 Canales TurboHD + 1 Canal IP DS-7204HGHI-M1(T) / 2 Megapíxel (1080p) Lite / Acusense Lite (Evita Falsas Alarmas) / Audio por Coaxitron / 1 Bahía de Disco Duro / H.265+ / Salida de Vídeo Full HD,DVR 4 Canales TurboHD + 1 Canal IP DS-7204HGHI-M1(T) / 2 Megapíxel (1080p) Lite / Acusense Lite (Evita Falsas Alarmas) / Audio por Coaxitron / 1 Bahía de Disco Duro / H.265+ / Salida de Vídeo Full HD. Clave Oficial CT: DVRHKV820. Marca: CT.,TELEFONIA Y VIDEO VIGILANCIA,discos_duros,CT,33.7,657.07,1051.3,1051.3,887.04,887.04,821.33,788.48,https://static.ctonline.mx/imagenes/DVRHKV820/DVRHKV820_400.jpg,assets/img/catalog/DVRHKV820.jpg
NVRHKV360,NVR 4 Megapíxel DS-7104NI-K1/W/M(C) / 4 canales IP / 1 Bahía de Disco Duro / 2 Antenas Wi-Fi / Salida de Vídeo Full HD,NVR 4 Megapíxel DS-7104NI-K1/W/M(C) / 4 canales IP / 1 Bahía de Disco Duro / 2 Antenas Wi-Fi / Salida de Vídeo Full HD. Clave Oficial CT: NVRHKV360. Marca: CT.,TELEFONIA Y VIDEO VIGILANCIA,discos_duros,CT,65.22,1271.74,2034.78,2034.78,1716.85,1716.85,1589.67,1526.09,https://static.ctonline.mx/imagenes/NVRHKV360/NVRHKV360_400.jpg,assets/img/catalog/NVRHKV360.jpg
DVRHKV680,eDVR 2 Megapíxel (1080p) Lite DS-E04HGHI-B / 4 Canales TURBOHD + 1 Canal IP / Disco duro eSSD Incluido (300 GB) / H.265+ / ACUSENSE Lite / Diseño Ultra Compacto / Extra Silencioso (Existencias Limitadas),eDVR 2 Megapíxel (1080p) Lite DS-E04HGHI-B / 4 Canales TURBOHD + 1 Canal IP / Disco duro eSSD Incluido (300 GB) / H.265+ / ACUSENSE Lite / Diseño Ultra Compacto / Extra Silencioso (Existencias Limitadas). Clave Oficial CT: DVRHKV680. Marca: CT.,TELEFONIA Y VIDEO VIGILANCIA,discos_duros,CT,72.83,1420.11,2272.17,2272.17,1917.15,1917.15,1775.14,1704.13,https://static.ctonline.mx/imagenes/DVRHKV680/DVRHKV680_400.jpg,assets/img/catalog/DVRHKV680.jpg
GRDHKV220,DVR 2 Megapíxel (1080P) lite (DS-7116HGHI-K1(C)(S)) / 16 Canales TURBOHD + 2 Canales IP / 1 Bahía de Disco Duro / 16 Canales de Audio por Coaxitron / Salida de Vídeo FULL HD,DVR 2 Megapíxel (1080P) lite (DS-7116HGHI-K1(C)(S)) / 16 Canales TURBOHD + 2 Canales IP / 1 Bahía de Disco Duro / 16 Canales de Audio por Coaxitron / Salida de Vídeo FULL HD. Clave Oficial CT: GRDHKV220. Marca: CT.,TELEFONIA Y VIDEO VIGILANCIA,discos_duros,CT,82.66,1611.93,2579.09,2579.09,2176.1,2176.1,2014.91,1934.32,https://static.ctonline.mx/imagenes/GRDHKV220/GRDHKV220_400.jpg,assets/img/catalog/GRDHKV220.jpg
GRDHKV480,DVR 16 Canales TURBOHD HIKVISION modelo IDS-7216HQHI-M1/T + 8 Canales IP / 5 Megapixel Lite - 3K Lite / Audio de Dos Vías por Coaxitron / ACUSENSE (Evita falsas alarmas) / 1 Bahía de Disco Duro / Salida de Video en Full HD,DVR 16 Canales TURBOHD HIKVISION modelo IDS-7216HQHI-M1/T + 8 Canales IP / 5 Megapixel Lite - 3K Lite / Audio de Dos Vías por Coaxitron / ACUSENSE (Evita falsas alarmas) / 1 Bahía de Disco Duro / Salida de Video en Full HD. Clave Oficial CT: GRDHKV480. Marca: CT.,TELEFONIA Y VIDEO VIGILANCIA,discos_duros,CT,150.71,2938.78,4702.04,4702.04,3967.35,3967.35,3673.47,3526.53,https://static.ctonline.mx/imagenes/GRDHKV480/GRDHKV480_400.jpg,assets/img/catalog/GRDHKV480.jpg
NVRHKV650,NVR 8 Megapíxel (4K) DS-7616NI-Q2/16P(E) (Compatible con Cámaras ACUSENSE) / 16 canales IP / 16 Puertos PoE+ / 2 Bahías de Disco Duro / Salida de Vídeo en 4K / 300 Metros PoE Modo Extendido,NVR 8 Megapíxel (4K) DS-7616NI-Q2/16P(E) (Compatible con Cámaras ACUSENSE) / 16 canales IP / 16 Puertos PoE+ / 2 Bahías de Disco Duro / Salida de Vídeo en 4K / 300 Metros PoE Modo Extendido. Clave Oficial CT: NVRHKV650. Marca: CT.,TELEFONIA Y VIDEO VIGILANCIA,discos_duros,CT,257.36,5018.49,8029.59,8029.59,6774.97,6774.97,6273.12,6022.19,https://static.ctonline.mx/imagenes/NVRHKV650/NVRHKV650_400.jpg,assets/img/catalog/NVRHKV650.jpg
NVRHKV430,NVR 8 Megapixel (4K) DS-7608NI-Q1/8P(D) (Compatible con Cámaras ACUSENSE) / 8 canales IP / 8 Puertos PoE+ / 1 Bahía de Disco Duro / Salida de Vídeo en 4K,NVR 8 Megapixel (4K) DS-7608NI-Q1/8P(D) (Compatible con Cámaras ACUSENSE) / 8 canales IP / 8 Puertos PoE+ / 1 Bahía de Disco Duro / Salida de Vídeo en 4K. Clave Oficial CT: NVRHKV430. Marca: CT.,TELEFONIA Y VIDEO VIGILANCIA,discos_duros,CT,144.78,2823.26,4517.22,4517.22,3811.4,3811.4,3529.08,3387.91,https://static.ctonline.mx/imagenes/NVRHKV430/NVRHKV430_400.jpg,assets/img/catalog/NVRHKV430.jpg
GRDHKV470,DVR 8 Canales TURBOHD  HIKVISION modelo IDS-7208HUHI-M1/XT IP / 8 Megapixel (4K) / Audio de dos vías por Coaxitron / ACUSENSE / Reconocimiento Facial / 1 Bahía de Disco Duro / Salida de Video en 4K / H.265+,DVR 8 Canales TURBOHD  HIKVISION modelo IDS-7208HUHI-M1/XT IP / 8 Megapixel (4K) / Audio de dos vías por Coaxitron / ACUSENSE / Reconocimiento Facial / 1 Bahía de Disco Duro / Salida de Video en 4K / H.265+. Clave Oficial CT: GRDHKV470. Marca: CT.,TELEFONIA Y VIDEO VIGILANCIA,discos_duros,CT,174.2,3396.82,5434.9,5434.9,4585.7,4585.7,4246.02,4076.18,https://static.ctonline.mx/imagenes/GRDHKV470/GRDHKV470_400.jpg,assets/img/catalog/GRDHKV470.jpg
GRDHKV520,NVR 12 Megapíxel (4K) HIKVISION modelo DS-7608NXI-K1/8P(D) 8 canales IP / 8 Puertos PoE+ / Reconocimiento Facial / AcuSense (Evita Falsas Alarmas) / 1 Bahías de Disco Duro / HDMI en 4K / 300 Metros PoE Modo Extendido,NVR 12 Megapíxel (4K) HIKVISION modelo DS-7608NXI-K1/8P(D) 8 canales IP / 8 Puertos PoE+ / Reconocimiento Facial / AcuSense (Evita Falsas Alarmas) / 1 Bahías de Disco Duro / HDMI en 4K / 300 Metros PoE Modo Extendido. Clave Oficial CT: GRDHKV520. Marca: CT.,TELEFONIA Y VIDEO VIGILANCIA,discos_duros,CT,196.97,3840.86,6145.38,6145.38,5185.17,5185.17,4801.08,4609.04,https://static.ctonline.mx/imagenes/GRDHKV520/GRDHKV520_400.jpg,assets/img/catalog/GRDHKV520.jpg
GRDHKV450,IDS-7216HUHI-M1/T DVR 16 Canales TURBOHD + 16 Canales IP / 8 Megapíxel (4K) / Audio Bidireccional / ACUSENSE / Audio Bidireccional / 1 Bahía de Disco Duro / Salida de Video en Full HD / H.265+,IDS-7216HUHI-M1/T DVR 16 Canales TURBOHD + 16 Canales IP / 8 Megapíxel (4K) / Audio Bidireccional / ACUSENSE / Audio Bidireccional / 1 Bahía de Disco Duro / Salida de Video en Full HD / H.265+. Clave Oficial CT: GRDHKV450. Marca: CT.,TELEFONIA Y VIDEO VIGILANCIA,discos_duros,CT,288.78,5631.26,9010.02,9010.02,7602.2,7602.2,7039.08,6757.51,https://static.ctonline.mx/imagenes/GRDHKV450/GRDHKV450_400.jpg,assets/img/catalog/GRDHKV450.jpg
GRDHKV510,NVR 12 Megapíxel (4K) HIKVISION modelo DS-7632NXI-K2/16P/VPRO 32 canales IP / 16 Puertos PoE+ / Recocimiento Facial / AcuSense (Evita Falsas Alarmas) / 2 Bahías de Disco Duro / HDMI en 4K / Alarmas I/O / 300 Metros PoE Modo Extendido,NVR 12 Megapíxel (4K) HIKVISION modelo DS-7632NXI-K2/16P/VPRO 32 canales IP / 16 Puertos PoE+ / Recocimiento Facial / AcuSense (Evita Falsas Alarmas) / 2 Bahías de Disco Duro / HDMI en 4K / Alarmas I/O / 300 Metros PoE Modo Extendido. Clave Oficial CT: GRDHKV510. Marca: CT.,TELEFONIA Y VIDEO VIGILANCIA,discos_duros,CT,559.9,10918.09,17468.95,17468.95,14739.42,14739.42,13647.62,13101.71,https://static.ctonline.mx/imagenes/GRDHKV510/GRDHKV510_400.jpg,assets/img/catalog/GRDHKV510.jpg
NVRHKV420,[Doble Poder de Decodificación] NVR 32 Megapixel (8K) DS-9664NI-M8 / 64 Canales IP / AcuSense / ANPR / Conteo de Personas / Heat Map / 8 Bahías de Disco Duro / 2 Tarjetas de Red / Soporta RAID con Hot Swap / 2 HDMI en 8K / Soporta POS / Alarmas I/O / ACU,[Doble Poder de Decodificación] NVR 32 Megapixel (8K) DS-9664NI-M8 / 64 Canales IP / AcuSense / ANPR / Conteo de Personas / Heat Map / 8 Bahías de Disco Duro / 2 Tarjetas de Red / Soporta RAID con Hot Swap / 2 HDMI en 8K / Soporta POS / Alarmas I/O / ACU. Clave Oficial CT: NVRHKV420. Marca: CT.,TELEFONIA Y VIDEO VIGILANCIA,discos_duros,CT,1984.82,38703.94,61926.3,61926.3,52250.32,52250.32,48379.92,46444.73,https://static.ctonline.mx/imagenes/NVRHKV420/NVRHKV420_400.jpg,assets/img/catalog/NVRHKV420.jpg
NVRHKV390,NVR 32 Megapíxel (8K) DS-9664NI-M16 / 64 canales IP / Soporta Cámaras con AcuSense / 16 Bahías de Disco Duro / 2 Tarjetas de Red / Soporta RAID con Hot Swap / HDMI en 8K / Soporta POS,NVR 32 Megapíxel (8K) DS-9664NI-M16 / 64 canales IP / Soporta Cámaras con AcuSense / 16 Bahías de Disco Duro / 2 Tarjetas de Red / Soporta RAID con Hot Swap / HDMI en 8K / Soporta POS. Clave Oficial CT: NVRHKV390. Marca: CT.,TELEFONIA Y VIDEO VIGILANCIA,discos_duros,CT,3068.98,59845.18,95752.28,95752.28,80790.99,80790.99,74806.47,71814.21,https://static.ctonline.mx/imagenes/NVRHKV390/NVRHKV390_400.jpg,assets/img/catalog/NVRHKV390.jpg
GRDHKV340,DVR 8 Canales TURBOHD + 8 Canales IP / 8 Megapíxel (4K) IDS-7208HUHI-M1/A/X / Audio por Coaxitron / ACUSENSE / Reconocimiento Facial / 1 Bahía de Disco Duro / Alarmas I/O / Salida de Video en 4K / H.265+,DVR 8 Canales TURBOHD + 8 Canales IP / 8 Megapíxel (4K) IDS-7208HUHI-M1/A/X / Audio por Coaxitron / ACUSENSE / Reconocimiento Facial / 1 Bahía de Disco Duro / Alarmas I/O / Salida de Video en 4K / H.265+. Clave Oficial CT: GRDHKV340. Marca: CT.,TELEFONIA Y VIDEO VIGILANCIA,discos_duros,CT,149.18,2909.1,4654.57,4654.57,3927.29,3927.29,3636.38,3490.92,https://static.ctonline.mx/imagenes/GRDHKV340/GRDHKV340_400.jpg,assets/img/catalog/GRDHKV340.jpg
NVRHKV640,NVR 12 Megapíxel (4K) DS-7608NXI-K1(D) / 8 canales IP / AcuSense (Evita Falsas Alarmas) / Reconocimiento Facial / 1 Bahía de Disco Duro / HDMI en 4K / Sin Puertos PoE,NVR 12 Megapíxel (4K) DS-7608NXI-K1(D) / 8 canales IP / AcuSense (Evita Falsas Alarmas) / Reconocimiento Facial / 1 Bahía de Disco Duro / HDMI en 4K / Sin Puertos PoE. Clave Oficial CT: NVRHKV640. Marca: CT.,TELEFONIA Y VIDEO VIGILANCIA,discos_duros,CT,88.04,1716.85,2746.96,2746.96,2317.74,2317.74,2146.06,2060.22,https://static.ctonline.mx/imagenes/NVRHKV640/NVRHKV640_400.jpg,assets/img/catalog/NVRHKV640.jpg
NVRHKV570,NVR 4 Megapíxel (Compatible con Cámaras AcuSense) NVR-108H-D/8P(D) / 8 Canales IP / 8 Puertos PoE+ / 1 Bahía de Disco Duro / Salida en Full HD,NVR 4 Megapíxel (Compatible con Cámaras AcuSense) NVR-108H-D/8P(D) / 8 Canales IP / 8 Puertos PoE+ / 1 Bahía de Disco Duro / Salida en Full HD. Clave Oficial CT: NVRHKV570. Marca: CT.,TELEFONIA Y VIDEO VIGILANCIA,discos_duros,CT,91.55,1785.31,2856.5,2856.5,2410.17,2410.17,2231.64,2142.37,https://static.ctonline.mx/imagenes/NVRHKV570/NVRHKV570_400.jpg,assets/img/catalog/NVRHKV570.jpg
NVRHLK070,"NVR 4 Megapíxel HiLook by HIKVISION NVR-104H-D/4P, 4 Canales IP, 4 Puertos PoE+, Soporta 1 HDD de hasta 6 TB (no incluido), Compatible con Hik-Connect P2P, dimensiones 200 x 200 x 48 mm, peso 1 kg (sin HDD).","NVR 4 Megapíxel HiLook by HIKVISION NVR-104H-D/4P, 4 Canales IP, 4 Puertos PoE+, Soporta 1 HDD de hasta 6 TB (no incluido), Compatible con Hik-Connect P2P, dimensiones 200 x 200 x 48 mm, peso 1 kg (sin HDD).. Clave Oficial CT: NVRHLK070. Marca: CT.",TELEFONIA Y VIDEO VIGILANCIA,discos_duros,CT,62.0,1209.0,1934.4,1934.4,1632.15,1632.15,1511.25,1450.8,https://static.ctonline.mx/imagenes/NVRHLK070/NVRHLK070_400.jpg,assets/img/catalog/NVRHLK070.jpg
GRDUNI010,DVR Pentahíbrido Uniarch (XVR-116G3) / 16 Canales Analógicos (Hasta 5MP Lite a 12 FPS) / AHD / TVI / CVI / 8 Canales IP (Hasta 8 MP) / Capacidad de 1 Disco Duro de 8 TB/ Audio Entrada/Salida / Salida VGA/HDMI Simultánea / P2P (EZCloud) / ONVIF / RTSP / Carcasa Metálica,DVR Pentahíbrido Uniarch (XVR-116G3) / 16 Canales Analógicos (Hasta 5MP Lite a 12 FPS) / AHD / TVI / CVI / 8 Canales IP (Hasta 8 MP) / Capacidad de 1 Disco Duro de 8 TB/ Audio Entrada/Salida / Salida VGA/HDMI Simultánea / P2P (EZCloud) / ONVIF / RTSP / Carcasa Metálica. Clave Oficial CT: GRDUNI010. Marca: CT.,TELEFONIA Y VIDEO VIGILANCIA,discos_duros,CT,58.3,1136.76,1818.82,1818.82,1534.63,1534.63,1420.95,1364.11,https://static.ctonline.mx/imagenes/GRDUNI010/GRDUNI010_400.jpg,assets/img/catalog/GRDUNI010.jpg
NVRUNI070,NVR 4 Canales Uniarch (NVR-104S3-P4-ECO) 6MP / Plug&Play / 4ch PoE / Capacidad 1 Disco Duro hasta 6TB Total / 1 Salida HDMI y 1 Salida VGA Simultáneas / PoE 100 mts / 64 Mbps / Ultra 265 / USB 2.0 / Analíticas SIP / Cloud,NVR 4 Canales Uniarch (NVR-104S3-P4-ECO) 6MP / Plug&Play / 4ch PoE / Capacidad 1 Disco Duro hasta 6TB Total / 1 Salida HDMI y 1 Salida VGA Simultáneas / PoE 100 mts / 64 Mbps / Ultra 265 / USB 2.0 / Analíticas SIP / Cloud. Clave Oficial CT: NVRUNI070. Marca: CT.,TELEFONIA Y VIDEO VIGILANCIA,discos_duros,CT,28.41,553.98,886.36,886.36,747.87,747.87,692.47,664.77,https://static.ctonline.mx/imagenes/NVRUNI070/NVRUNI070_400.jpg,assets/img/catalog/NVRUNI070.jpg
NVRUNI080,NVR 8 Canales Uniarch (NVR-108S3-P8-ECO) 6MP / Plug&Play / 8ch PoE / Modo Corredor / Capacidad 1 Disco Duro hasta 6TB Total / 1 Salida HDMI y 1 Salida VGA Simultáneas / 64 Mbps / Ultra 265 / USB 2.0 / Analíticas SIP / Cloud,NVR 8 Canales Uniarch (NVR-108S3-P8-ECO) 6MP / Plug&Play / 8ch PoE / Modo Corredor / Capacidad 1 Disco Duro hasta 6TB Total / 1 Salida HDMI y 1 Salida VGA Simultáneas / 64 Mbps / Ultra 265 / USB 2.0 / Analíticas SIP / Cloud. Clave Oficial CT: NVRUNI080. Marca: CT.,TELEFONIA Y VIDEO VIGILANCIA,discos_duros,CT,35.8,698.01,1116.82,1116.82,942.32,942.32,872.51,837.61,https://static.ctonline.mx/imagenes/NVRUNI080/NVRUNI080_400.jpg,assets/img/catalog/NVRUNI080.jpg
NVRUNI050,NVR UNIARCH (NVR-104E2-P4) / 4 Canales / 4 Canales POE / Capacidad 1 Disco Duro de 6 TB / Salida HDMI / Salida VGA Simultáneas / 40 MBPS / Ultra265 / P2P (EZCloud),NVR UNIARCH (NVR-104E2-P4) / 4 Canales / 4 Canales POE / Capacidad 1 Disco Duro de 6 TB / Salida HDMI / Salida VGA Simultáneas / 40 MBPS / Ultra265 / P2P (EZCloud). Clave Oficial CT: NVRUNI050. Marca: CT.,TELEFONIA Y VIDEO VIGILANCIA,discos_duros,CT,50.52,985.19,1576.31,1576.31,1330.01,1330.01,1231.49,1182.23,https://static.ctonline.mx/imagenes/NVRUNI050/NVRUNI050_400.jpg,assets/img/catalog/NVRUNI050.jpg
NVRUNI060,NVR UNIARCH (NVR-108E2-P8) / 8 Canales / 8 Canales POE / Capacidad 1 Disco Duro de 6 TB / Salida HDMI / Salida VGA Simultáneas / 50 MBPS / Ultra265 / P2P (EZ Cloud),NVR UNIARCH (NVR-108E2-P8) / 8 Canales / 8 Canales POE / Capacidad 1 Disco Duro de 6 TB / Salida HDMI / Salida VGA Simultáneas / 50 MBPS / Ultra265 / P2P (EZ Cloud). Clave Oficial CT: NVRUNI060. Marca: CT.,TELEFONIA Y VIDEO VIGILANCIA,discos_duros,CT,71.25,1389.38,2223.0,2223.0,1875.66,1875.66,1736.72,1667.25,https://static.ctonline.mx/imagenes/NVRUNI060/NVRUNI060_400.jpg,assets/img/catalog/NVRUNI060.jpg
NVRUNV020,NVR 8MP 4Ch / 4 POE UNV (NVR301-04LS3-P4) Capacidad 1 Disco Duro hasta 6TB Total /1 Salida HDMI 4K Y 1 Salida VGA Simultaneas / POE 300 mts / 64 MBPS / Ultra265 / Analíticas /VCA Search,NVR 8MP 4Ch / 4 POE UNV (NVR301-04LS3-P4) Capacidad 1 Disco Duro hasta 6TB Total /1 Salida HDMI 4K Y 1 Salida VGA Simultaneas / POE 300 mts / 64 MBPS / Ultra265 / Analíticas /VCA Search. Clave Oficial CT: NVRUNV020. Marca: CT.,TELEFONIA Y VIDEO VIGILANCIA,discos_duros,CT,72.73,1418.18,2269.09,2269.09,1914.55,1914.55,1772.73,1701.82,https://static.ctonline.mx/imagenes/NVRUNV020/NVRUNV020_400.jpg,assets/img/catalog/NVRUNV020.jpg
NVRUNV030,NVR 8MP (4K) 8 Ch / 8 POE UNV (NVR301-08S3-P8) Capacidad 1 Disco Duro hasta 10 TB /1 Salida HDMI 4K Y 1 Salida VGA Simultáneas / POE 300 M / 64 MBPS / Ultra265 / Analíticas SIP (Serie Easy),NVR 8MP (4K) 8 Ch / 8 POE UNV (NVR301-08S3-P8) Capacidad 1 Disco Duro hasta 10 TB /1 Salida HDMI 4K Y 1 Salida VGA Simultáneas / POE 300 M / 64 MBPS / Ultra265 / Analíticas SIP (Serie Easy). Clave Oficial CT: NVRUNV030. Marca: CT.,TELEFONIA Y VIDEO VIGILANCIA,discos_duros,CT,122.18,2382.55,3812.07,3812.07,3216.44,3216.44,2978.18,2859.05,https://static.ctonline.mx/imagenes/NVRUNV030/NVRUNV030_400.jpg,assets/img/catalog/NVRUNV030.jpg
NVRUNV040,NVR 8MP 16Ch / 8 POE UNV (NVR301-16LS3-P8) / Capacidad 1 Disco Duro hasta 10 TB /1 Salida HDMI 4K Y 1 Salida VGA Simultáneas / Carcasa Plástica / POE 300M / 64 MBPS / Ultra265 / Analíticas SIP (Serie Easy),NVR 8MP 16Ch / 8 POE UNV (NVR301-16LS3-P8) / Capacidad 1 Disco Duro hasta 10 TB /1 Salida HDMI 4K Y 1 Salida VGA Simultáneas / Carcasa Plástica / POE 300M / 64 MBPS / Ultra265 / Analíticas SIP (Serie Easy). Clave Oficial CT: NVRUNV040. Marca: CT.,TELEFONIA Y VIDEO VIGILANCIA,discos_duros,CT,132.36,2581.09,4129.75,4129.75,3484.47,3484.47,3226.36,3097.31,https://static.ctonline.mx/imagenes/NVRUNV040/NVRUNV040_400.jpg,assets/img/catalog/NVRUNV040.jpg
NVRUNV050,NVR 8MP 4Ch / 4 POE UNV (NVR301-04X-P4) Capacidad 1 Disco Duro hasta 10 TB Total /1 Salida HDMI 4K Y 1 Salida VGA Simultáneas / POE 300MTS / 64 MBPS / Ultra265 / Analíticas (Serie Easy),NVR 8MP 4Ch / 4 POE UNV (NVR301-04X-P4) Capacidad 1 Disco Duro hasta 10 TB Total /1 Salida HDMI 4K Y 1 Salida VGA Simultáneas / POE 300MTS / 64 MBPS / Ultra265 / Analíticas (Serie Easy). Clave Oficial CT: NVRUNV050. Marca: CT.,TELEFONIA Y VIDEO VIGILANCIA,discos_duros,CT,138.18,2694.55,4311.27,4311.27,3637.64,3637.64,3368.18,3233.45,https://static.ctonline.mx/imagenes/NVRUNV050/NVRUNV050_400.jpg,assets/img/catalog/NVRUNV050.jpg
NVRUNV060,NVR 8MP 8 Ch / 8 POE UNV (NVR302-08S2-P8) Capacidad 2 Discos Duros hasta 10 TB c/u (20 TB Total) / 4 Entradas de Alarma y 1 Salida de Alarma / 1 Salida HDMI 4K y 1 Salida VGA Simultáneas / POE 300 M / 64 MBPS / Ultra265 / Analíticas SIP (Serie Easy),NVR 8MP 8 Ch / 8 POE UNV (NVR302-08S2-P8) Capacidad 2 Discos Duros hasta 10 TB c/u (20 TB Total) / 4 Entradas de Alarma y 1 Salida de Alarma / 1 Salida HDMI 4K y 1 Salida VGA Simultáneas / POE 300 M / 64 MBPS / Ultra265 / Analíticas SIP (Serie Easy). Clave Oficial CT: NVRUNV060. Marca: CT.,TELEFONIA Y VIDEO VIGILANCIA,discos_duros,CT,226.91,4424.73,7079.56,7079.56,5973.38,5973.38,5530.91,5309.67,https://static.ctonline.mx/imagenes/NVRUNV060/NVRUNV060_400.jpg,assets/img/catalog/NVRUNV060.jpg
NVRUNV070,NVR 8MP 16 Ch / 16 POE UNV (NVR302-16S2-P16) Capacidad 2 Discos Duros hasta 10 TB c/u (20 TB Total) / 4 Entradas de Alarma y 1 Salida de Alarma / 1 Salida HDMI 4K y 1 Salida VGA Simultáneas / POE 300M / 64 MBPS / Ultra265 / Analíticas SIP / (Serie Easy),NVR 8MP 16 Ch / 16 POE UNV (NVR302-16S2-P16) Capacidad 2 Discos Duros hasta 10 TB c/u (20 TB Total) / 4 Entradas de Alarma y 1 Salida de Alarma / 1 Salida HDMI 4K y 1 Salida VGA Simultáneas / POE 300M / 64 MBPS / Ultra265 / Analíticas SIP / (Serie Easy). Clave Oficial CT: NVRUNV070. Marca: CT.,TELEFONIA Y VIDEO VIGILANCIA,discos_duros,CT,272.73,5318.18,8509.09,8509.09,7179.55,7179.55,6647.73,6381.82,https://static.ctonline.mx/imagenes/NVRUNV070/NVRUNV070_400.jpg,assets/img/catalog/NVRUNV070.jpg
NVRUNV080,NVR 8MP 32 Ch / 16 POE UNV (NVR304-32S-P16) Capacidad 4 Discos Duros hasta 10 TB c/u (40 TB Total) / 16 Entradas de Alarma / 4 Salidas de Alarma / 1 Salida HDMI 4K Y 1 Salida VGA Simultáneas / POE 300M / 160 MBPS / Ultra265 / Analíticas SIP / Conteo de Personas / UMD (Serie Easy),NVR 8MP 32 Ch / 16 POE UNV (NVR304-32S-P16) Capacidad 4 Discos Duros hasta 10 TB c/u (40 TB Total) / 16 Entradas de Alarma / 4 Salidas de Alarma / 1 Salida HDMI 4K Y 1 Salida VGA Simultáneas / POE 300M / 160 MBPS / Ultra265 / Analíticas SIP / Conteo de Personas / UMD (Serie Easy). Clave Oficial CT: NVRUNV080. Marca: CT.,TELEFONIA Y VIDEO VIGILANCIA,discos_duros,CT,363.64,7090.91,11345.45,11345.45,9572.73,9572.73,8863.64,8509.09,https://static.ctonline.mx/imagenes/NVRUNV080/NVRUNV080_400.jpg,assets/img/catalog/NVRUNV080.jpg
NVRUNV090,NVR UNV (NVR502-08B-P8-IQ) / 8 Canales / Ultra265 / 8 Puertos POE / 2 Discos Duros de hasta 16 TB c/u (Total hasta 32 TB) / HDMI | VGA Independientes / ANR / UMD / SIP / Conteo de Personas / Detección de Rostros / UMD / Alarma 8 Entradas /2 Salidas (Serie Prime) Smart IA,NVR UNV (NVR502-08B-P8-IQ) / 8 Canales / Ultra265 / 8 Puertos POE / 2 Discos Duros de hasta 16 TB c/u (Total hasta 32 TB) / HDMI | VGA Independientes / ANR / UMD / SIP / Conteo de Personas / Detección de Rostros / UMD / Alarma 8 Entradas /2 Salidas (Serie Prime) Smart IA. Clave Oficial CT: NVRUNV090. Marca: CT.,TELEFONIA Y VIDEO VIGILANCIA,discos_duros,CT,309.09,6027.27,9643.64,9643.64,8136.82,8136.82,7534.09,7232.73,https://static.ctonline.mx/imagenes/NVRUNV090/NVRUNV090_400.jpg,assets/img/catalog/NVRUNV090.jpg
NVRUNV100,NVR 32 Ch / 16 POE UNV (NVR504-32B-P16-IQ) / Capacidad 4 Discos Duros de hasta 16 TB c/u (Hasta 64 TB Total) / 1 Salida HDMI Y 1 Salida VGA Independientes / 320 MBPS |160 MBPS Smart ON/ Ultra265 / ANR / UMD / SIP / Conteo de Personas / Detección de Rostros / UMD / / RAID 1 Y 5 / (Serie Prime) Smart IA,NVR 32 Ch / 16 POE UNV (NVR504-32B-P16-IQ) / Capacidad 4 Discos Duros de hasta 16 TB c/u (Hasta 64 TB Total) / 1 Salida HDMI Y 1 Salida VGA Independientes / 320 MBPS |160 MBPS Smart ON/ Ultra265 / ANR / UMD / SIP / Conteo de Personas / Detección de Rostros / UMD / / RAID 1 Y 5 / (Serie Prime) Smart IA. Clave Oficial CT: NVRUNV100. Marca: CT.,TELEFONIA Y VIDEO VIGILANCIA,discos_duros,CT,541.09,10551.27,16882.04,16882.04,14244.22,14244.22,13189.09,12661.53,https://static.ctonline.mx/imagenes/NVRUNV100/NVRUNV100_400.jpg,assets/img/catalog/NVRUNV100.jpg
KITSWN090,"KIT DVR 6 CAMARAS DVR-4680 SWANN Sistema de seguridad 8 Canales, 6 Camaras con audio, Luces intermitentes rojo y azul, Sensor de Luz, Tecnologia Night2Day, Microfono integrado para transmitir y grabar Audio, Grabacion gratuita por 6 meses, Disco Duro de 1 Tera Integrado, Resolucion de 1080p Full HD, Camaras Interior/Exterior, Compatible con dispositivos Moviles iOS, Android. SWDVK-846806MQB-US","KIT DVR 6 CAMARAS DVR-4680 SWANN Sistema de seguridad 8 Canales, 6 Camaras con audio, Luces intermitentes rojo y azul, Sensor de Luz, Tecnologia Night2Day, Microfono integrado para transmitir y grabar Audio, Grabacion gratuita por 6 meses, Disco Duro de 1 Tera Integrado, Resolucion de 1080p Full HD, Camaras Interior/Exterior, Compatible con dispositivos Moviles iOS, Android. SWDVK-846806MQB-US. Clave Oficial CT: KITSWN090. Marca: CT.",TELEFONIA Y VIDEO VIGILANCIA,discos_duros,CT,5555.56,108333.33,173333.33,173333.33,146250.0,146250.0,135416.67,130000.0,https://static.ctonline.mx/imagenes/KITSWN090/KITSWN090_400.jpg,assets/img/catalog/KITSWN090.jpg
NVRUBI010,"Ubiquiti UNVR - NVR Empresarial UniFi Protect recomendado para 15 cámaras 4K o 50 cámaras Full HD, con 4 bahías de disco duro, puerto Gigabit RJ-45 y configuración RAID 1 o RAID 5 automática.","Ubiquiti UNVR - NVR Empresarial UniFi Protect recomendado para 15 cámaras 4K o 50 cámaras Full HD, con 4 bahías de disco duro, puerto Gigabit RJ-45 y configuración RAID 1 o RAID 5 automática.. Clave Oficial CT: NVRUBI010. Marca: CT.",TELEFONIA Y VIDEO VIGILANCIA,discos_duros,CT,398.43,7769.42,12431.07,12431.07,10488.72,10488.72,9711.78,9323.3,https://static.ctonline.mx/imagenes/NVRUBI010/NVRUBI010_400.jpg,assets/img/catalog/NVRUBI010.jpg
ACCSTY400,"Scooter Eléctrico STYLOS NEGRO STSCLLD1B. Rango de velocidad 15-25 KM/H, Clasificación IPX4, Tiempo de carga 5-7 Hrs, Rango de viaje 25km, Potencia del motor 36V 350W, Tamaño llantas 8.5"", Peso máximo de carga 120kg, Batería 36V 7500MaH (7.5Ah), Sistema de frenado con freno de disco + Corte de energía, Color Negro, Material aluminio","Scooter Eléctrico STYLOS NEGRO STSCLLD1B. Rango de velocidad 15-25 KM/H, Clasificación IPX4, Tiempo de carga 5-7 Hrs, Rango de viaje 25km, Potencia del motor 36V 350W, Tamaño llantas 8.5"", Peso máximo de carga 120kg, Batería 36V 7500MaH (7.5Ah), Sistema de frenado con freno de disco + Corte de energía, Color Negro, Material aluminio. Clave Oficial CT: ACCSTY400. Marca: CT.",ELECTRONICA DE CONSUMO,discos_duros,CT,4689.0,91435.5,146296.8,146296.8,123437.93,123437.93,114294.38,109722.6,https://static.ctonline.mx/imagenes/ACCSTY400/ACCSTY400_400.jpg,assets/img/catalog/ACCSTY400.jpg
ACCSTY530,"Scooter Eléctrico Stylos M2 STSCM02B, batería 36V 7.8Ah de litio, velocidad máxima 20 / 25 / 30 km/h, autonomía máxima Hasta 28 km, tiempo de carga 4 – 5 horas, carga máxima 120 kg, frenos Electrónico frontal + disco trasero, luces Delantera y trasera integradas","Scooter Eléctrico Stylos M2 STSCM02B, batería 36V 7.8Ah de litio, velocidad máxima 20 / 25 / 30 km/h, autonomía máxima Hasta 28 km, tiempo de carga 4 – 5 horas, carga máxima 120 kg, frenos Electrónico frontal + disco trasero, luces Delantera y trasera integradas. Clave Oficial CT: ACCSTY530. Marca: CT.",ELECTRONICA DE CONSUMO,discos_duros,CT,3548.67,69199.0,110718.4,110718.4,93418.65,93418.65,86498.75,83038.8,https://static.ctonline.mx/imagenes/ACCSTY530/ACCSTY530_400.jpg,assets/img/catalog/ACCSTY530.jpg
ACCVGO2520,Sooter Vorago SC-400 asiento ajustable 400W 25KM/H Peso máximo soportado 120 Kg Batería 36V 7.5 Ah lithium. Tiempo de carga: 4-5 horas freno de disco panel digital 1 año de garantía,Sooter Vorago SC-400 asiento ajustable 400W 25KM/H Peso máximo soportado 120 Kg Batería 36V 7.5 Ah lithium. Tiempo de carga: 4-5 horas freno de disco panel digital 1 año de garantía. Clave Oficial CT: ACCVGO2520. Marca: CT.,ELECTRONICA DE CONSUMO,discos_duros,CT,461.11,8991.67,14386.67,14386.67,12138.75,12138.75,11239.58,10790.0,https://static.ctonline.mx/imagenes/ACCVGO2520/ACCVGO2520_400.jpg,assets/img/catalog/ACCVGO2520.jpg
ACCACT4160,"Carcasa Para Disco Duro USB 3.0 ARMOR CLEAR HC430 Acteck Advanced Series Conexión USB Tipo C y Tipo A 3.0, Largo del cable 40cm, Velocidad de transferencia: 5 Gbps, Compatibilidad: Discos 2.5"", color Transparente.  AC-934688","Carcasa Para Disco Duro USB 3.0 ARMOR CLEAR HC430 Acteck Advanced Series Conexión USB Tipo C y Tipo A 3.0, Largo del cable 40cm, Velocidad de transferencia: 5 Gbps, Compatibilidad: Discos 2.5"", color Transparente.  AC-934688. Clave Oficial CT: ACCACT4160. Marca: CT.",ACCESORIOS,discos_duros,CT,116.82,2278.04,3644.86,3644.86,3075.35,3075.35,2847.55,2733.64,https://static.ctonline.mx/imagenes/ACCACT4160/ACCACT4160_400.jpg,assets/img/catalog/ACCACT4160.jpg
ACCACT4170,"Carcasa Para Disco Duro USB 3.2 ARMOR CLEAR HC440 Acteck Advanced Series Conexión USB Micro B a Tipo A 3.2, Largo del cable 30cm, Velocidad de transferencia: 5 Gbps, Compatibilidad: Discos 2.5"", color Transparente.  AC-934695","Carcasa Para Disco Duro USB 3.2 ARMOR CLEAR HC440 Acteck Advanced Series Conexión USB Micro B a Tipo A 3.2, Largo del cable 30cm, Velocidad de transferencia: 5 Gbps, Compatibilidad: Discos 2.5"", color Transparente.  AC-934695. Clave Oficial CT: ACCACT4170. Marca: CT.",ACCESORIOS,discos_duros,CT,135.31,2638.47,4221.56,4221.56,3561.94,3561.94,3298.09,3166.17,https://static.ctonline.mx/imagenes/ACCACT4170/ACCACT4170_400.jpg,assets/img/catalog/ACCACT4170.jpg
BOCACT120,"Audífonos Alámbricos 3.5mm Acteck DISCOVER HJ220 Tipo de micrófono: Rígido ajustable, Conectividad: alámbrico 2*3.5mm, Largo de cable 1.8m. Color Negro,  AC-929110.","Audífonos Alámbricos 3.5mm Acteck DISCOVER HJ220 Tipo de micrófono: Rígido ajustable, Conectividad: alámbrico 2*3.5mm, Largo de cable 1.8m. Color Negro,  AC-929110.. Clave Oficial CT: BOCACT120. Marca: CT.",ACCESORIOS,discos_duros,CT,57.11,1113.71,1781.93,1781.93,1503.5,1503.5,1392.13,1336.45,https://static.ctonline.mx/imagenes/BOCACT120/BOCACT120_400.jpg,assets/img/catalog/BOCACT120.jpg
ACCACT4710,"Enclosure SSD M.2 Armor Plus HC650 Acteck Elite Series Carcasa para M.2, Capacidad maxima 4 TB, USB C, USB A 2.0 y 3.0 Velocidad de transferencia 10 Gps,  Compatible con 2280/2260/2242/2230 Aluminio Color Negro. AC-936460","Enclosure SSD M.2 Armor Plus HC650 Acteck Elite Series Carcasa para M.2, Capacidad maxima 4 TB, USB C, USB A 2.0 y 3.0 Velocidad de transferencia 10 Gps,  Compatible con 2280/2260/2242/2230 Aluminio Color Negro. AC-936460. Clave Oficial CT: ACCACT4710. Marca: CT.",ACCESORIOS,discos_duros,CT,215.57,4203.63,6725.81,6725.81,5674.9,5674.9,5254.54,5044.36,https://static.ctonline.mx/imagenes/ACCACT4710/ACCACT4710_400.jpg,assets/img/catalog/ACCACT4710.jpg
ACCACT4790,"Enclosure SSD M.2 Acteck Armor Pro HC660 Elite Series Carcasa de Aluminio para M.2 SSD, USB 3.0 Tipo C, Puerto Interno M-Key, B&M-Key M.2 NVMe SSD, SSD Soportados 2,230,224,222,602,280, Velocidad de Transferencia 1052.8 Mbp/s, Color Negro. AC-936453","Enclosure SSD M.2 Acteck Armor Pro HC660 Elite Series Carcasa de Aluminio para M.2 SSD, USB 3.0 Tipo C, Puerto Interno M-Key, B&M-Key M.2 NVMe SSD, SSD Soportados 2,230,224,222,602,280, Velocidad de Transferencia 1052.8 Mbp/s, Color Negro. AC-936453. Clave Oficial CT: ACCACT4790. Marca: CT.",ACCESORIOS,discos_duros,CT,289.72,5649.53,9039.25,9039.25,7626.87,7626.87,7061.92,6779.44,https://static.ctonline.mx/imagenes/ACCACT4790/ACCACT4790_400.jpg,assets/img/catalog/ACCACT4790.jpg
ACCNCB160,"Gabinete Disco Duro NACEB 2.5"", USB 2.0; Soporta hasta 1TB NA-280","Gabinete Disco Duro NACEB 2.5"", USB 2.0; Soporta hasta 1TB NA-280. Clave Oficial CT: ACCNCB160. Marca: CT.",ACCESORIOS,discos_duros,CT,86.67,1690.0,2704.0,2704.0,2281.5,2281.5,2112.5,2028.0,https://static.ctonline.mx/imagenes/ACCNCB160/ACCNCB160_400.jpg,assets/img/catalog/ACCNCB160.jpg
GABNCB250,"Gabinete Para Disco Duro (NA-0146), Gabinete Para Disco Duro 2.5 De Aluminio USB 3.1 Gen 2 Na-0146 Modelo: NA-0146","Gabinete Para Disco Duro (NA-0146), Gabinete Para Disco Duro 2.5 De Aluminio USB 3.1 Gen 2 Na-0146 Modelo: NA-0146. Clave Oficial CT: GABNCB250. Marca: CT.",ACCESORIOS,discos_duros,CT,165.56,3228.33,5165.33,5165.33,4358.25,4358.25,4035.42,3874.0,https://static.ctonline.mx/imagenes/GABNCB250/GABNCB250_400.jpg,assets/img/catalog/GABNCB250.jpg
ACCNCB780,"Gabinete Disco Duro NACEB 2.5"", USB 3.0; Soporta hasta 1TB NA-0107","Gabinete Disco Duro NACEB 2.5"", USB 3.0; Soporta hasta 1TB NA-0107. Clave Oficial CT: ACCNCB780. Marca: CT.",ACCESORIOS,discos_duros,CT,182.22,3553.33,5685.33,5685.33,4797.0,4797.0,4441.67,4264.0,https://static.ctonline.mx/imagenes/ACCNCB780/ACCNCB780_400.jpg,assets/img/catalog/ACCNCB780.jpg
GABGET240,"Gabinete de Disco Duro 2.5'' GETTTECH Modelo GGE-O25U3-01, Transferencias mucho más ágiles y seguras gracias al estándar USB 3.1, ideal para mover archivos pesados como videos 4K o grandes bases de datos, compatibilidad universal; Funciona con Windows, macOS y Linux sin necesidad de configuraciones adicionales, lo que asegura conectividad inmediata en cualquier entorno, Aprovecha al máximo la velocidad de la unidad gracias al soporte para UASP (USB Attached SCSI Protocol), reduciendo tiempos de carga y aumentando la eficiencia, Carcasa ligera con gestión térmica que mantiene el dispositivo fresco y seguro, además de un cable USB-C integrado de 15 cm que evita enredos y la necesidad de cables extra, Color: Negro. Garantía: 1 año.","Gabinete de Disco Duro 2.5'' GETTTECH Modelo GGE-O25U3-01, Transferencias mucho más ágiles y seguras gracias al estándar USB 3.1, ideal para mover archivos pesados como videos 4K o grandes bases de datos, compatibilidad universal; Funciona con Windows, macOS y Linux sin necesidad de configuraciones adicionales, lo que asegura conectividad inmediata en cualquier entorno, Aprovecha al máximo la velocidad de la unidad gracias al soporte para UASP (USB Attached SCSI Protocol), reduciendo tiempos de carga y aumentando la eficiencia, Carcasa ligera con gestión térmica que mantiene el dispositivo fresco y seguro, además de un cable USB-C integrado de 15 cm que evita enredos y la necesidad de cables extra, Color: Negro. Garantía: 1 año.. Clave Oficial CT: GABGET240. Marca: CT.",ACCESORIOS,discos_duros,CT,9.93,193.7,309.92,309.92,261.49,261.49,242.12,232.44,https://static.ctonline.mx/imagenes/GABGET240/GABGET240_400.jpg,assets/img/catalog/GABGET240.jpg
GABGET160,"Gabinete de Disco Duro Getttech 2.5 ""USB 3.1, GCE-M231-01, Esta caja de disco brinda mucha comodidad y portabilidad para el disco duro. En este caso, sirve como una buena solución para el almacenamiento en disco duro móvil, Interfaz compatible con M.2 SATA SSD perfecto para juegos y uso estándar de computadora, almacenamiento con capacidad de 2TB para que pueda organizar todo lo que necesita, conector USB 3.1 a Sata III, trasferencia de datos 5gbps, material duradero y ultraligero, la Carcasa esta fabricada de aluminio para darte mayor portabilidad y diseño, sistema Plug-and-Play te permite conectar de manera fácil tu disco duro, sin configurar, mediante jumpers o software específico,","Gabinete de Disco Duro Getttech 2.5 ""USB 3.1, GCE-M231-01, Esta caja de disco brinda mucha comodidad y portabilidad para el disco duro. En este caso, sirve como una buena solución para el almacenamiento en disco duro móvil, Interfaz compatible con M.2 SATA SSD perfecto para juegos y uso estándar de computadora, almacenamiento con capacidad de 2TB para que pueda organizar todo lo que necesita, conector USB 3.1 a Sata III, trasferencia de datos 5gbps, material duradero y ultraligero, la Carcasa esta fabricada de aluminio para darte mayor portabilidad y diseño, sistema Plug-and-Play te permite conectar de manera fácil tu disco duro, sin configurar, mediante jumpers o software específico,. Clave Oficial CT: GABGET160. Marca: CT.",ACCESORIOS,discos_duros,CT,7.72,150.58,240.93,240.93,203.29,203.29,188.23,180.7,https://static.ctonline.mx/imagenes/GABGET160/GABGET160_400.jpg,assets/img/catalog/GABGET160.jpg
GABGET170,"Gabinete de Disco Duro Getttech 2.5 ""Trasparente, GCE-U325-01, Esta caja de disco brinda una tasa de transferencia de alta velocidad compatible con USB3.0 hasta SATA III con tasas de transferencia de hasta 5Gps. Puente de datos de alta calidad de USB 3.0 a SATA III, para una mejor velocidad, la unidad de disco duro tiene una interfaz USB 3.0. para una mejor tasa de transferencia, amplíe su espacio de almacenamiento con una máxima capacidad soportada de 2TB para que pueda organizar todo lo que necesita, creado con material duradero y ultraligero, la Caja de metal esta hecha de aleación de aluminio y plástico ABS transparente para darte mayor portabilidad y diseño, su sistema Plug-and-Play te permite conectar de manera fácil tu disco duro, sin configurar, mediante jumpers o software específico,","Gabinete de Disco Duro Getttech 2.5 ""Trasparente, GCE-U325-01, Esta caja de disco brinda una tasa de transferencia de alta velocidad compatible con USB3.0 hasta SATA III con tasas de transferencia de hasta 5Gps. Puente de datos de alta calidad de USB 3.0 a SATA III, para una mejor velocidad, la unidad de disco duro tiene una interfaz USB 3.0. para una mejor tasa de transferencia, amplíe su espacio de almacenamiento con una máxima capacidad soportada de 2TB para que pueda organizar todo lo que necesita, creado con material duradero y ultraligero, la Caja de metal esta hecha de aleación de aluminio y plástico ABS transparente para darte mayor portabilidad y diseño, su sistema Plug-and-Play te permite conectar de manera fácil tu disco duro, sin configurar, mediante jumpers o software específico,. Clave Oficial CT: GABGET170. Marca: CT.",ACCESORIOS,discos_duros,CT,5.92,115.48,184.77,184.77,155.9,155.9,144.35,138.58,https://static.ctonline.mx/imagenes/GABGET170/GABGET170_400.jpg,assets/img/catalog/GABGET170.jpg
ACCDLL6200,"Tarjeta WIFI DELL M.2, INTEL, AX210 4CX88 89572936  WiFi 802.11ax Bluetooth 5.3 M.2 Card - 4CX88 w/ 1 Year Warranty. Para equipos OptiPlex 3000 Thin Client.","Tarjeta WIFI DELL M.2, INTEL, AX210 4CX88 89572936  WiFi 802.11ax Bluetooth 5.3 M.2 Card - 4CX88 w/ 1 Year Warranty. Para equipos OptiPlex 3000 Thin Client.. Clave Oficial CT: ACCDLL6200. Marca: CT.",ACCESORIOS,discos_duros,CT,1105.26,21552.63,34484.21,34484.21,29096.05,29096.05,26940.79,25863.16,https://static.ctonline.mx/imagenes/ACCDLL6200/ACCDLL6200_400.jpg,assets/img/catalog/ACCDLL6200.jpg
GABASS310,"Carcasa para SSD ASUS ESD-S1C/BLK/G/AS ROG Strix Arion M.2 NVMe: USB 3.2 GEN2 tipo C (10 Gbps), dos cables USB-C a C y USB-C a , sin destornillador, almohadillas térmicas incluidas, compatible con PCIe 2280/2260/2242/2230 M key/B+M","Carcasa para SSD ASUS ESD-S1C/BLK/G/AS ROG Strix Arion M.2 NVMe: USB 3.2 GEN2 tipo C (10 Gbps), dos cables USB-C a C y USB-C a , sin destornillador, almohadillas térmicas incluidas, compatible con PCIe 2280/2260/2242/2230 M key/B+M. Clave Oficial CT: GABASS310. Marca: CT.",ACCESORIOS,discos_duros,CT,47.78,931.67,1490.67,1490.67,1257.75,1257.75,1164.58,1118.0,https://static.ctonline.mx/imagenes/GABASS310/GABASS310_400.jpg,assets/img/catalog/GABASS310.jpg
BOCLOG1740,"Logitech G335 981-000977. Ligeros y atractivos. En los G335 se combinan el color y el confort. El diseño de diadema con suspensión con cinta ajustable permite el ajuste idóneo. Con Plug and Play y controles integrados podrás conectarte y meterte de lleno en el juego rápidamente. Elige el color que vaya mejor con tu increíble estilo. Con transductores de neodimio de 40 mm, los audífonos G335 ofrecen un sonido nítido que da vida a tu juego. La certificación Discord garantiza un perfecto desempeño de las comunicaciones, con magnífico sonido y voces claras. Dos año de garantía de hardware limitada. Color negro.","Logitech G335 981-000977. Ligeros y atractivos. En los G335 se combinan el color y el confort. El diseño de diadema con suspensión con cinta ajustable permite el ajuste idóneo. Con Plug and Play y controles integrados podrás conectarte y meterte de lleno en el juego rápidamente. Elige el color que vaya mejor con tu increíble estilo. Con transductores de neodimio de 40 mm, los audífonos G335 ofrecen un sonido nítido que da vida a tu juego. La certificación Discord garantiza un perfecto desempeño de las comunicaciones, con magnífico sonido y voces claras. Dos año de garantía de hardware limitada. Color negro.. Clave Oficial CT: BOCLOG1740. Marca: LOGITECH.",ACCESORIOS,discos_duros,LOGITECH,1270.59,24776.47,39642.35,39642.35,33448.24,33448.24,30970.59,29731.76,https://static.ctonline.mx/imagenes/BOCLOG1740/BOCLOG1740_400.jpg,assets/img/catalog/BOCLOG1740.jpg
BOCLOG1750,"Logitech G335 981-001017. Ligeros y atractivos. En los G335 se combinan el color y el confort. El diseño de diadema con suspensión con cinta ajustable permite el ajuste idóneo. Con Plug and Play y controles integrados podrás conectarte y meterte de lleno en el juego rápidamente. Elige el color que vaya mejor con tu increíble estilo. Con transductores de neodimio de 40 mm, los audífonos G335 ofrecen un sonido nítido que da vida a tu juego. La certificación Discord garantiza un perfecto desempeño de las comunicaciones, con magnífico sonido y voces claras. Dos año de garantía de hardware limitada. Color blanco.","Logitech G335 981-001017. Ligeros y atractivos. En los G335 se combinan el color y el confort. El diseño de diadema con suspensión con cinta ajustable permite el ajuste idóneo. Con Plug and Play y controles integrados podrás conectarte y meterte de lleno en el juego rápidamente. Elige el color que vaya mejor con tu increíble estilo. Con transductores de neodimio de 40 mm, los audífonos G335 ofrecen un sonido nítido que da vida a tu juego. La certificación Discord garantiza un perfecto desempeño de las comunicaciones, con magnífico sonido y voces claras. Dos año de garantía de hardware limitada. Color blanco.. Clave Oficial CT: BOCLOG1750. Marca: LOGITECH.",ACCESORIOS,discos_duros,LOGITECH,1270.59,24776.47,39642.35,39642.35,33448.24,33448.24,30970.59,29731.76,https://static.ctonline.mx/imagenes/BOCLOG1750/BOCLOG1750_400.jpg,assets/img/catalog/BOCLOG1750.jpg
BOCLOG1760,"Logitech G335 981-001023. Ligeros y atractivos. En los G335 se combinan el color y el confort. El diseño de diadema con suspensión con cinta ajustable permite el ajuste idóneo. Con Plug and Play y controles integrados podrás conectarte y meterte de lleno en el juego rápidamente. Elige el color que vaya mejor con tu increíble estilo. Con transductores de neodimio de 40 mm, los audífonos G335 ofrecen un sonido nítido que da vida a tu juego. La certificación Discord garantiza un perfecto desempeño de las comunicaciones, con magnífico sonido y voces claras. Dos año de garantía de hardware limitada. Color mint.","Logitech G335 981-001023. Ligeros y atractivos. En los G335 se combinan el color y el confort. El diseño de diadema con suspensión con cinta ajustable permite el ajuste idóneo. Con Plug and Play y controles integrados podrás conectarte y meterte de lleno en el juego rápidamente. Elige el color que vaya mejor con tu increíble estilo. Con transductores de neodimio de 40 mm, los audífonos G335 ofrecen un sonido nítido que da vida a tu juego. La certificación Discord garantiza un perfecto desempeño de las comunicaciones, con magnífico sonido y voces claras. Dos año de garantía de hardware limitada. Color mint.. Clave Oficial CT: BOCLOG1760. Marca: LOGITECH.",ACCESORIOS,discos_duros,LOGITECH,1270.59,24776.47,39642.35,39642.35,33448.24,33448.24,30970.59,29731.76,https://static.ctonline.mx/imagenes/BOCLOG1760/BOCLOG1760_400.jpg,assets/img/catalog/BOCLOG1760.jpg
ACCMST4730,"Removedor de polvo de 374 ml, PERFECT CHOICE PC-030348 elimina polvo de áreas difíciles de alcanzar. Para equipo de computo, telefonía, cámaras fotográficas, discos compactos, equipos electrónicos. 100% ecológico amigable para el medio ambiente. NO contiene CFCs. Gas comprimido Tetrafluroetano, Butano-Isobutano- Propano. contenido de empaque 374 mL medidas: 6.5 X 6.4 X 21.5 UPC  615604030348","Removedor de polvo de 374 ml, PERFECT CHOICE PC-030348 elimina polvo de áreas difíciles de alcanzar. Para equipo de computo, telefonía, cámaras fotográficas, discos compactos, equipos electrónicos. 100% ecológico amigable para el medio ambiente. NO contiene CFCs. Gas comprimido Tetrafluroetano, Butano-Isobutano- Propano. contenido de empaque 374 mL medidas: 6.5 X 6.4 X 21.5 UPC  615604030348. Clave Oficial CT: ACCMST4730. Marca: CT.",ACCESORIOS,discos_duros,CT,60.3,1175.93,1881.5,1881.5,1587.51,1587.51,1469.92,1411.12,https://static.ctonline.mx/imagenes/ACCMST4730/ACCMST4730_400.jpg,assets/img/catalog/ACCMST4730.jpg
ACCDAT1410,"Gabinete externo XPG EX500 para SSD y Discos Duros 2.5"" (7mm y 9.5mm), Interfaz interna SATA 3.0 (6 GB/s) via USB 3.1 compatible con USB 3.0 y USB 2.0, resistente a golpes, AEX500U3-CRD, color ROJO","Gabinete externo XPG EX500 para SSD y Discos Duros 2.5"" (7mm y 9.5mm), Interfaz interna SATA 3.0 (6 GB/s) via USB 3.1 compatible con USB 3.0 y USB 2.0, resistente a golpes, AEX500U3-CRD, color ROJO. Clave Oficial CT: ACCDAT1410. Marca: CT.",ACCESORIOS,discos_duros,CT,8.67,169.0,270.4,270.4,228.15,228.15,211.25,202.8,https://static.ctonline.mx/imagenes/ACCDAT1410/ACCDAT1410_400.jpg,assets/img/catalog/ACCDAT1410.jpg
ACCDAT1480,"Gabinete externo XPG EX500 para SSD y Discos Duros 2.5"" (7mm y 9.5mm), Interfaz interna SATA 3.0 (6 GB/s) via USB 3.1 compatible con USB 3.0 y USB 2.0, resistente a golpes, AEX500U3-CBK, color NEGRO","Gabinete externo XPG EX500 para SSD y Discos Duros 2.5"" (7mm y 9.5mm), Interfaz interna SATA 3.0 (6 GB/s) via USB 3.1 compatible con USB 3.0 y USB 2.0, resistente a golpes, AEX500U3-CBK, color NEGRO. Clave Oficial CT: ACCDAT1480. Marca: CT.",ACCESORIOS,discos_duros,CT,9.0,175.5,280.8,280.8,236.93,236.93,219.38,210.6,https://static.ctonline.mx/imagenes/ACCDAT1480/ACCDAT1480_400.jpg,assets/img/catalog/ACCDAT1480.jpg
ACCDAT1670,"Gabinete externo ADATA EC600 para SSD y Discos Duros 2.5"" (7mm y 9.5mm), Interfaz interna SATA,  via USB 3.2 Gen2 (10 Gbps), compatible con USB 3.0 y USB 2.0. EC600-BCBK, color NEGRO","Gabinete externo ADATA EC600 para SSD y Discos Duros 2.5"" (7mm y 9.5mm), Interfaz interna SATA,  via USB 3.2 Gen2 (10 Gbps), compatible con USB 3.0 y USB 2.0. EC600-BCBK, color NEGRO. Clave Oficial CT: ACCDAT1670. Marca: CT.",ACCESORIOS,discos_duros,CT,9.34,182.22,291.55,291.55,245.99,245.99,227.77,218.66,https://static.ctonline.mx/imagenes/ACCDAT1670/ACCDAT1670_400.jpg,assets/img/catalog/ACCDAT1670.jpg
ACCDAT1680,"Gabinete externo para SSD ADATA EC680 para SSD M.2 PCIe, USB 3.2 Gen 2 Type-C (USB 10Gbps) . EC680-CCGY","Gabinete externo para SSD ADATA EC680 para SSD M.2 PCIe, USB 3.2 Gen 2 Type-C (USB 10Gbps) . EC680-CCGY. Clave Oficial CT: ACCDAT1680. Marca: CT.",ACCESORIOS,discos_duros,CT,12.67,247.0,395.2,395.2,333.45,333.45,308.75,296.4,https://static.ctonline.mx/imagenes/ACCDAT1680/ACCDAT1680_400.jpg,assets/img/catalog/ACCDAT1680.jpg
ACCDAT1600,"Gabinete de unidad de estado solido ADATA EC700G para SSD M.2 PCIe/SATA), con iluminación RGB. vía USB 3.2 Gen2 tipo C. AEC700GU32G2-CGY.","Gabinete de unidad de estado solido ADATA EC700G para SSD M.2 PCIe/SATA), con iluminación RGB. vía USB 3.2 Gen2 tipo C. AEC700GU32G2-CGY.. Clave Oficial CT: ACCDAT1600. Marca: CT.",ACCESORIOS,discos_duros,CT,22.91,446.77,714.83,714.83,603.13,603.13,558.46,536.12,https://static.ctonline.mx/imagenes/ACCDAT1600/ACCDAT1600_400.jpg,assets/img/catalog/ACCDAT1600.jpg
ACCITL1545,Convertidor USB 2.0 a HDD IDE/ SATA 2.5 Y 3.5 (179195),Convertidor USB 2.0 a HDD IDE/ SATA 2.5 Y 3.5 (179195). Clave Oficial CT: ACCITL1545. Marca: CT.,ACCESORIOS,discos_duros,CT,35.03,683.14,1093.03,1093.03,922.24,922.24,853.93,819.77,https://static.ctonline.mx/imagenes/ACCITL1545/ACCITL1545_400.jpg,assets/img/catalog/ACCITL1545.jpg
ACCITL7590,"153980 Adaptador de USB-A Macho a USB-C Hembra Gen2, negro: Conecta fácilmente un dispositivo USB-C a un puerto USB-A, USB 3.2 Gen 2 compatible con velocidades de transferencia SuperSpeed+ de hasta 10 Gbps; compatible con versiones anteriores USB 3.0/USB 2.0/USB 1.1, Ideal para conectar accesorios Tipo-C como hubs USB, discos duros externos, cables de sincronización/carga y mucho más; Longiotud Cable: 15 cm; Peso: 62 g;  Requerimiento de Sistema: Windows XP/Vista/7/8.1/10/11, Linux, Chrome OS o macOS.; 3 Años de Garantía Directo con Fabricante","153980 Adaptador de USB-A Macho a USB-C Hembra Gen2, negro: Conecta fácilmente un dispositivo USB-C a un puerto USB-A, USB 3.2 Gen 2 compatible con velocidades de transferencia SuperSpeed+ de hasta 10 Gbps; compatible con versiones anteriores USB 3.0/USB 2.0/USB 1.1, Ideal para conectar accesorios Tipo-C como hubs USB, discos duros externos, cables de sincronización/carga y mucho más; Longiotud Cable: 15 cm; Peso: 62 g;  Requerimiento de Sistema: Windows XP/Vista/7/8.1/10/11, Linux, Chrome OS o macOS.; 3 Años de Garantía Directo con Fabricante. Clave Oficial CT: ACCITL7590. Marca: CT.",ACCESORIOS,discos_duros,CT,2.34,45.64,73.03,73.03,61.62,61.62,57.05,54.77,https://static.ctonline.mx/imagenes/ACCITL7590/ACCITL7590_400.jpg,assets/img/catalog/ACCITL7590.jpg
ACCITL6850,"Gabinete USB a SDD M.2 NVMe y SATA (130639) Manhattan Conexión USB 3.2 Gen 2 Tipo-C Macho y Tipo-A Macho, para SSDs 2230/2242/2260/2280 con Llave M o Llave B+M, Aluminio, Negro. Conecta fácilmente tu SSD M.2 NVMe o M.2 SATA a un puerto USB 3.2 Gen 2 con tasas de transferencia SuperSpeed+ de hasta 10 Gbps. Compatible con: Thunderbolt ™ 3, UASP para velocidades de lectura 70% más rápidas y velocidades de escritura 40% más rápidas que con USB 3.2 tradicional a un rendimiento máximo, TRIM para una mejor escritura de datos en SSD y una vida útil más larga del disco de estado sólido, las revisiones SATA I (1.5 Gbps), II (3 Gbps) y III (6 Gbps). Instalación plug-and-play; compatible con Windows®, macOS®, Linux® y Chrome OS™, iPadOS® y Android™. Alimentado por bus - no se requiere alimentación externa, No es compatible con unidades SSD mSATA o PCIe AHCI.","Gabinete USB a SDD M.2 NVMe y SATA (130639) Manhattan Conexión USB 3.2 Gen 2 Tipo-C Macho y Tipo-A Macho, para SSDs 2230/2242/2260/2280 con Llave M o Llave B+M, Aluminio, Negro. Conecta fácilmente tu SSD M.2 NVMe o M.2 SATA a un puerto USB 3.2 Gen 2 con tasas de transferencia SuperSpeed+ de hasta 10 Gbps. Compatible con: Thunderbolt ™ 3, UASP para velocidades de lectura 70% más rápidas y velocidades de escritura 40% más rápidas que con USB 3.2 tradicional a un rendimiento máximo, TRIM para una mejor escritura de datos en SSD y una vida útil más larga del disco de estado sólido, las revisiones SATA I (1.5 Gbps), II (3 Gbps) y III (6 Gbps). Instalación plug-and-play; compatible con Windows®, macOS®, Linux® y Chrome OS™, iPadOS® y Android™. Alimentado por bus - no se requiere alimentación externa, No es compatible con unidades SSD mSATA o PCIe AHCI.. Clave Oficial CT: ACCITL6850. Marca: CT.",ACCESORIOS,discos_duros,CT,28.12,548.36,877.37,877.37,740.28,740.28,685.45,658.03,https://static.ctonline.mx/imagenes/ACCITL6850/ACCITL6850_400.jpg,assets/img/catalog/ACCITL6850.jpg
GABITL810,"Gabinete USB-C SSD (130752)  MANHATTAN Estación de acoplamiento con 2 bahías para clonación de SSD M.2 NVMe de hasta 8 TB, con cable integrado USBC SuperSpeed+ a 10 Gbps (USB 3.2 Gen 2 Tipo-C) de 20 cm, para unidades SSD 2230/2242/2260/2280/22110 con llave M (PCIe NVMe) y clave B+M (NVMe) negro. Compatible con Windows®, macOS®, Linux®, Chrome OS™, iPadOS® y Android™.  Compatible con TRIM para una mejor escritura de datos en SSD e Instalación Plug and Play, sin necesidad de controladores ni software.","Gabinete USB-C SSD (130752)  MANHATTAN Estación de acoplamiento con 2 bahías para clonación de SSD M.2 NVMe de hasta 8 TB, con cable integrado USBC SuperSpeed+ a 10 Gbps (USB 3.2 Gen 2 Tipo-C) de 20 cm, para unidades SSD 2230/2242/2260/2280/22110 con llave M (PCIe NVMe) y clave B+M (NVMe) negro. Compatible con Windows®, macOS®, Linux®, Chrome OS™, iPadOS® y Android™.  Compatible con TRIM para una mejor escritura de datos en SSD e Instalación Plug and Play, sin necesidad de controladores ni software.. Clave Oficial CT: GABITL810. Marca: CT.",ACCESORIOS,discos_duros,CT,88.74,1730.36,2768.57,2768.57,2335.98,2335.98,2162.95,2076.43,https://static.ctonline.mx/imagenes/GABITL810/GABITL810_400.jpg,assets/img/catalog/GABITL810.jpg
ACCITL7080,"Adaptador de USB-A a USB-C V3.2 (356305) Manhattan USB 3.2 Gen 1 Tipo-A Macho a Tipo-C Hembra, 5 Gbps, 3 A, Aluminio, Negro/Gris Espacial, Conecta fácilmente un dispositivo USB-C a un puerto USB-A, Compatible con USB 3.2 Gen 1 (antes USB 3.0) con tasas de transferencia Super Velocidad de hasta 5 Gbps,Ideal para conectar accesorios Tipo-C como hubs USB, discos duros externos, cables de sincronización/carga y mucho más.","Adaptador de USB-A a USB-C V3.2 (356305) Manhattan USB 3.2 Gen 1 Tipo-A Macho a Tipo-C Hembra, 5 Gbps, 3 A, Aluminio, Negro/Gris Espacial, Conecta fácilmente un dispositivo USB-C a un puerto USB-A, Compatible con USB 3.2 Gen 1 (antes USB 3.0) con tasas de transferencia Super Velocidad de hasta 5 Gbps,Ideal para conectar accesorios Tipo-C como hubs USB, discos duros externos, cables de sincronización/carga y mucho más.. Clave Oficial CT: ACCITL7080. Marca: CT.",ACCESORIOS,discos_duros,CT,3.18,61.93,99.09,99.09,83.6,83.6,77.41,74.31,https://static.ctonline.mx/imagenes/ACCITL7080/ACCITL7080_400.jpg,assets/img/catalog/ACCITL7080.jpg
CABITL100,Cable de corriente para disco duro SATA (342766),Cable de corriente para disco duro SATA (342766). Clave Oficial CT: CABITL100. Marca: CT.,ACCESORIOS,discos_duros,CT,1.35,26.36,42.17,42.17,35.58,35.58,32.95,31.63,https://static.ctonline.mx/imagenes/CABITL100/CABITL100_400.jpg,assets/img/catalog/CABITL100.jpg
CABITL3650,"Cable de Corriente INT. HDD SATA 1M - 2H (354554) Los cables de alimentación SATA, adaptadores y splitters de Manhattan permiten conectar fácilmente una unidad de suministro de energía y otros componentes internos críticos. Ideal para nuevos sistemas, reemplazamiento y aplicaciones de mejora, las soluciones para conexiones internas de Manhattan son cuidadosamente diseñadas y fabricadas de materiales de calidad para ofrecer y mantener distribuciones de energía confiables. Sus cubiertas durables y fabricacion de uso rudo son características de los cables de energía SATA, adaptadores y splitters de Manhattan. Nuestros cables proveen y ofrecen máxima conductividad eléctrica para transmitir energía dependiente donde y cuando sea necesaria.","Cable de Corriente INT. HDD SATA 1M - 2H (354554) Los cables de alimentación SATA, adaptadores y splitters de Manhattan permiten conectar fácilmente una unidad de suministro de energía y otros componentes internos críticos. Ideal para nuevos sistemas, reemplazamiento y aplicaciones de mejora, las soluciones para conexiones internas de Manhattan son cuidadosamente diseñadas y fabricadas de materiales de calidad para ofrecer y mantener distribuciones de energía confiables. Sus cubiertas durables y fabricacion de uso rudo son características de los cables de energía SATA, adaptadores y splitters de Manhattan. Nuestros cables proveen y ofrecen máxima conductividad eléctrica para transmitir energía dependiente donde y cuando sea necesaria.. Clave Oficial CT: CABITL3650. Marca: CT.",ACCESORIOS,discos_duros,CT,3.65,71.14,113.83,113.83,96.04,96.04,88.93,85.37,https://static.ctonline.mx/imagenes/CABITL3650/CABITL3650_400.jpg,assets/img/catalog/CABITL3650.jpg
BOCVGO1930,"Bocinas Vorago. KSP-350 Bafle KARAOKE Bluetooth 5.3 Bocina 8"", RGB, Flash Disco, Miro SD, 3.5 mm + USB-A, Hasta 5h de música, Micrófono recargable inalámbrico, Alimentación Tipo-C, Alcance 10m, RMS 30W, TWS Color Negro","Bocinas Vorago. KSP-350 Bafle KARAOKE Bluetooth 5.3 Bocina 8"", RGB, Flash Disco, Miro SD, 3.5 mm + USB-A, Hasta 5h de música, Micrófono recargable inalámbrico, Alimentación Tipo-C, Alcance 10m, RMS 30W, TWS Color Negro. Clave Oficial CT: BOCVGO1930. Marca: CT.",ACCESORIOS,discos_duros,CT,50.13,977.57,1564.11,1564.11,1319.72,1319.72,1221.96,1173.09,https://static.ctonline.mx/imagenes/BOCVGO1930/BOCVGO1930_400.jpg,assets/img/catalog/BOCVGO1930.jpg
ACCVGO750,Enclosure. Vorago.Hdd-101. USB 2.0. Sata 2.5. Soporta 1 Tera. Color Negro. Aluminio. Dimensiones: 130 x 78 x 12 mm. Cable 80 cm. Garantía 1 año.,Enclosure. Vorago.Hdd-101. USB 2.0. Sata 2.5. Soporta 1 Tera. Color Negro. Aluminio. Dimensiones: 130 x 78 x 12 mm. Cable 80 cm. Garantía 1 año.. Clave Oficial CT: ACCVGO750. Marca: CT.,ACCESORIOS,discos_duros,CT,4.4,85.71,137.14,137.14,115.71,115.71,107.14,102.86,https://static.ctonline.mx/imagenes/ACCVGO750/ACCVGO750_400.jpg,assets/img/catalog/ACCVGO750.jpg
ACCVGO2550,"Enclosure. Vorago. HDD-202. Gabinete para HDD y SSD de 2.5"", SATA, Hasta 10GB de transferencia, Soporta 2TB, USB C 3.1, Negro","Enclosure. Vorago. HDD-202. Gabinete para HDD y SSD de 2.5"", SATA, Hasta 10GB de transferencia, Soporta 2TB, USB C 3.1, Negro. Clave Oficial CT: ACCVGO2550. Marca: CT.",ACCESORIOS,discos_duros,CT,8.02,156.43,250.29,250.29,211.18,211.18,195.54,187.71,https://static.ctonline.mx/imagenes/ACCVGO2550/ACCVGO2550_400.jpg,assets/img/catalog/ACCVGO2550.jpg
ACCVGO2650,"Enclosure VORAGO HDD-303 Compatible con discos duros SATA de 2.5” y 3.5” con capacidad de hasta 16 TB, Transferencia de 6Gbps, TOOL FREE, Reforzado, Puerto USB 3.0, Compatibilidad: Windows 7, 8, 10, 11 y OS X o superior. Color Negro","Enclosure VORAGO HDD-303 Compatible con discos duros SATA de 2.5” y 3.5” con capacidad de hasta 16 TB, Transferencia de 6Gbps, TOOL FREE, Reforzado, Puerto USB 3.0, Compatibilidad: Windows 7, 8, 10, 11 y OS X o superior. Color Negro. Clave Oficial CT: ACCVGO2650. Marca: CT.",ACCESORIOS,discos_duros,CT,13.19,257.14,411.43,411.43,347.14,347.14,321.43,308.57,https://static.ctonline.mx/imagenes/ACCVGO2650/ACCVGO2650_400.jpg,assets/img/catalog/ACCVGO2650.jpg
ACCVGO2450,"Enclosure. Vorago SDD-400. Carcasa M.2, SATA NVME, Soporta 2 TB, USB C y USB A 3.1. Hasta 10GBps de transferencia, Color Plata. 5V - 1A. Dimensiones: 109 x 38 x 13.8 mm.","Enclosure. Vorago SDD-400. Carcasa M.2, SATA NVME, Soporta 2 TB, USB C y USB A 3.1. Hasta 10GBps de transferencia, Color Plata. 5V - 1A. Dimensiones: 109 x 38 x 13.8 mm.. Clave Oficial CT: ACCVGO2450. Marca: CT.",ACCESORIOS,discos_duros,CT,15.16,295.71,473.14,473.14,399.21,399.21,369.64,354.86,https://static.ctonline.mx/imagenes/ACCVGO2450/ACCVGO2450_400.jpg,assets/img/catalog/ACCVGO2450.jpg
ACCRBT3930,"GABINETE 2.5"" ESTUCHE PROTECTOR AZUL  (190917), Brobotix No pierdas esa información tan importante para ti. Protege tu disco duro con este estuche impermeable y llévalo contigo a todas partes sin ningún problema, protegiéndolo de caídas o golpes. Cuenta además con un bolsillo interior de malla para almacenar el cable de datos y una tira elástica para mantener tu disco duro sin movilidad. Dimensiones: 10 x 15.5 x 3.5 cm, Peso: 64g, Tamaño: Para discos duros de 2.5 pulgadas, Material: Impermeable. Diseño ligero y compacto. Pequeño y liviano, puedes llevarlo en tu mochila.
Material impermeable. Estuche a prueba de golpes. Protege tu disco de polvo y suciedad. Cascara rígida durable. Bolso interior de malla para almacenamiento de cable. Tamaño perfecto para llevar a todas partes.  Color: Azul","GABINETE 2.5"" ESTUCHE PROTECTOR AZUL  (190917), Brobotix No pierdas esa información tan importante para ti. Protege tu disco duro con este estuche impermeable y llévalo contigo a todas partes sin ningún problema, protegiéndolo de caídas o golpes. Cuenta además con un bolsillo interior de malla para almacenar el cable de datos y una tira elástica para mantener tu disco duro sin movilidad. Dimensiones: 10 x 15.5 x 3.5 cm, Peso: 64g, Tamaño: Para discos duros de 2.5 pulgadas, Material: Impermeable. Diseño ligero y compacto. Pequeño y liviano, puedes llevarlo en tu mochila.
Material impermeable. Estuche a prueba de golpes. Protege tu disco de polvo y suciedad. Cascara rígida durable. Bolso interior de malla para almacenamiento de cable. Tamaño perfecto para llevar a todas partes.  Color: Azul. Clave Oficial CT: ACCRBT3930. Marca: CT.",ACCESORIOS,discos_duros,CT,2.52,49.18,78.69,78.69,66.4,66.4,61.48,59.02,https://static.ctonline.mx/imagenes/ACCRBT3930/ACCRBT3930_400.jpg,assets/img/catalog/ACCRBT3930.jpg
ACCRBT4510,"GABINETE 2.5"" ESTUCHE PROTECTOR NEGRO (190917-4), Brobotix No pierdas esa información tan importante para ti. Protege tu disco duro con este estuche impermeable y llévalo contigo a todas partes sin ningún problema, protegiéndolo de caídas o golpes. Cuenta además con un bolsillo interior de malla para almacenar el cable de datos y una tira elástica para mantener tu disco duro sin movilidad. Dimensiones: 10 x 15.5 x 3.5 cm, Peso: 64g, Tamaño: Para discos duros de 2.5 pulgadas, Material: Impermeable. Diseño ligero y compacto. Pequeño y liviano, puedes llevarlo en tu mochila. Estuche a prueba de golpes. Protege tu disco de polvo y suciedad. Cáscara rígida durable. Bolso interior de malla para almacenamiento de cable. Tamaño perfecto para llevar a todas partes. Color: Negro","GABINETE 2.5"" ESTUCHE PROTECTOR NEGRO (190917-4), Brobotix No pierdas esa información tan importante para ti. Protege tu disco duro con este estuche impermeable y llévalo contigo a todas partes sin ningún problema, protegiéndolo de caídas o golpes. Cuenta además con un bolsillo interior de malla para almacenar el cable de datos y una tira elástica para mantener tu disco duro sin movilidad. Dimensiones: 10 x 15.5 x 3.5 cm, Peso: 64g, Tamaño: Para discos duros de 2.5 pulgadas, Material: Impermeable. Diseño ligero y compacto. Pequeño y liviano, puedes llevarlo en tu mochila. Estuche a prueba de golpes. Protege tu disco de polvo y suciedad. Cáscara rígida durable. Bolso interior de malla para almacenamiento de cable. Tamaño perfecto para llevar a todas partes. Color: Negro. Clave Oficial CT: ACCRBT4510. Marca: CT.",ACCESORIOS,discos_duros,CT,2.52,49.18,78.69,78.69,66.4,66.4,61.48,59.02,https://static.ctonline.mx/imagenes/ACCRBT4510/ACCRBT4510_400.jpg,assets/img/catalog/ACCRBT4510.jpg
ACCRBT5240,"GABINETE 2.5"" ESTUCHE PROTECTOR AZUL REY (190917-3), Brobotix. No pierdas esa informacion tan importante para ti. Protege tu disco duro con este estuche impermeable y llevalo contigo a todas partes sin ningun problema, protegiendolo de caidas o golpes. Cuenta ademas con un bolsillo interior de malla para almacenar el cable de datos y una tira elastica para mantener tu disco duro sin movilidad.   Color: Azul Rey","GABINETE 2.5"" ESTUCHE PROTECTOR AZUL REY (190917-3), Brobotix. No pierdas esa informacion tan importante para ti. Protege tu disco duro con este estuche impermeable y llevalo contigo a todas partes sin ningun problema, protegiendolo de caidas o golpes. Cuenta ademas con un bolsillo interior de malla para almacenar el cable de datos y una tira elastica para mantener tu disco duro sin movilidad.   Color: Azul Rey. Clave Oficial CT: ACCRBT5240. Marca: CT.",ACCESORIOS,discos_duros,CT,2.82,55.03,88.05,88.05,74.3,74.3,68.79,66.04,https://static.ctonline.mx/imagenes/ACCRBT5240/ACCRBT5240_400.jpg,assets/img/catalog/ACCRBT5240.jpg
ACCRBT5250,"GABINETE 2.5"" ESTUCHE PROTECTOR NEGRO CUADROS (190917-2), Brobotix. No pierdas esa informacion tan importante para ti. Protege tu disco duro con este estuche impermeable y llevalo contigo a todas partes sin ningun problema, protegiendolo de caidas o golpes. Cuenta ademas con un bolsillo interior de malla para almacenar el cable de datos y una tira elastica para mantener tu disco duro sin movilidad.   Color: Negro","GABINETE 2.5"" ESTUCHE PROTECTOR NEGRO CUADROS (190917-2), Brobotix. No pierdas esa informacion tan importante para ti. Protege tu disco duro con este estuche impermeable y llevalo contigo a todas partes sin ningun problema, protegiendolo de caidas o golpes. Cuenta ademas con un bolsillo interior de malla para almacenar el cable de datos y una tira elastica para mantener tu disco duro sin movilidad.   Color: Negro. Clave Oficial CT: ACCRBT5250. Marca: CT.",ACCESORIOS,discos_duros,CT,2.82,55.03,88.05,88.05,74.3,74.3,68.79,66.04,https://static.ctonline.mx/imagenes/ACCRBT5250/ACCRBT5250_400.jpg,assets/img/catalog/ACCRBT5250.jpg
CABRBT1430,"CABLE SATA CORRIENTE INTERNO HDD 150 DOBLE (102259), B-Robotix Conexiones internas poderosas para soluciones de cómputo los cables de alimentación SATA, adaptadores y splitters conectan con facilidad y extienden el alcance entre una fuente de alimentación y cualquier componente interno, Ideales para sistemas nuevos, reemplazos y actualizaciones. Ofrece una amplia variedad de soluciones de conectividad en varias configuraciones, todas ellas diseñadas con materiales de calidad para entregar y mantener la distribución de la energía de manera confiable. Color: Negro","CABLE SATA CORRIENTE INTERNO HDD 150 DOBLE (102259), B-Robotix Conexiones internas poderosas para soluciones de cómputo los cables de alimentación SATA, adaptadores y splitters conectan con facilidad y extienden el alcance entre una fuente de alimentación y cualquier componente interno, Ideales para sistemas nuevos, reemplazos y actualizaciones. Ofrece una amplia variedad de soluciones de conectividad en varias configuraciones, todas ellas diseñadas con materiales de calidad para entregar y mantener la distribución de la energía de manera confiable. Color: Negro. Clave Oficial CT: CABRBT1430. Marca: CT.",ACCESORIOS,discos_duros,CT,1.32,25.78,41.25,41.25,34.81,34.81,32.23,30.94,https://static.ctonline.mx/imagenes/CABRBT1430/CABRBT1430_400.jpg,assets/img/catalog/CABRBT1430.jpg
CABRBT1540,"CABLE SATA PARA DATOS HDD 43 CMS (034358), Brobotix, Cable SATA para datos de 43 centímetros, se conecta a dispositivos. 150 Mbps. Permite el uso de 12,5 y 3,3 voltios. Ventaja para las aplicaciones como los medios de comunicación portátiles o unidades de las bahías de almacenamiento Raid. Color: Rojo.","CABLE SATA PARA DATOS HDD 43 CMS (034358), Brobotix, Cable SATA para datos de 43 centímetros, se conecta a dispositivos. 150 Mbps. Permite el uso de 12,5 y 3,3 voltios. Ventaja para las aplicaciones como los medios de comunicación portátiles o unidades de las bahías de almacenamiento Raid. Color: Rojo.. Clave Oficial CT: CABRBT1540. Marca: CT.",ACCESORIOS,discos_duros,CT,1.31,25.57,40.91,40.91,34.52,34.52,31.96,30.68,https://static.ctonline.mx/imagenes/CABRBT1540/CABRBT1540_400.jpg,assets/img/catalog/CABRBT1540.jpg
CABRBT1550,"CABLE SATA DE CORRIENTE INTERNO HDD (102242), Brobotix, Conexiones internas poderosas para soluciones de cómputo los cables de alimentación SATA, adaptadores y splitters conectan con facilidad y extienden el alcance entre una fuente de alimentación y cualquier componente interno.
Ideales para sistemas nuevos, reemplazos y actualizaciones. Ofrece una amplia variedad de soluciones de conectividad en varias configuraciones, todas ellas diseñadas con materiales de calidad para entregar y mantener la distribución de la energía de manera confiable.
Presentando forros durables y construcciones robustas entregan un máximo de conductividad eléctrica para transmitir alimentación de manera segura cuando y donde se necesite. Estándares y certificaciones: RU, CE - pérdidas en el retorno (db) = 17.32 contactos. Conector sata con baño de oro, Botas moldeadas en PVC pérdidas en el retorno (db) = 17.32 Cable, Forro de plástico térmico; Cable 18 awg; Voltaje de ruptura: 300 v dc pérdidas en el retorno (db) = 17.32 pérdidas en el retorno (db) = 17.32; 4 pines - 15 pines. Contactos: Sata con baño de oro. Terminales moldeadas en PVC. Color: Negro","CABLE SATA DE CORRIENTE INTERNO HDD (102242), Brobotix, Conexiones internas poderosas para soluciones de cómputo los cables de alimentación SATA, adaptadores y splitters conectan con facilidad y extienden el alcance entre una fuente de alimentación y cualquier componente interno.
Ideales para sistemas nuevos, reemplazos y actualizaciones. Ofrece una amplia variedad de soluciones de conectividad en varias configuraciones, todas ellas diseñadas con materiales de calidad para entregar y mantener la distribución de la energía de manera confiable.
Presentando forros durables y construcciones robustas entregan un máximo de conductividad eléctrica para transmitir alimentación de manera segura cuando y donde se necesite. Estándares y certificaciones: RU, CE - pérdidas en el retorno (db) = 17.32 contactos. Conector sata con baño de oro, Botas moldeadas en PVC pérdidas en el retorno (db) = 17.32 Cable, Forro de plástico térmico; Cable 18 awg; Voltaje de ruptura: 300 v dc pérdidas en el retorno (db) = 17.32 pérdidas en el retorno (db) = 17.32; 4 pines - 15 pines. Contactos: Sata con baño de oro. Terminales moldeadas en PVC. Color: Negro. Clave Oficial CT: CABRBT1550. Marca: CT.",ACCESORIOS,discos_duros,CT,0.98,19.07,30.51,30.51,25.74,25.74,23.83,22.88,https://static.ctonline.mx/imagenes/CABRBT1550/CABRBT1550_400.jpg,assets/img/catalog/CABRBT1550.jpg
ACCRBT8400,"ORGANIZADOR DE CABLES, FUNDA GRIS (6006016), Brobotix La nueva Funda Organizador de Cables BRobotix es una solución práctica para todos tus accesorios de tus dispositivos electrónicos; con sus múltiples bolsillos, podrás transportar todos tus cables, cargadores, unidades USB, tarjetas SD, audífonos, o pencil de manera organizada en tu próximo viaje de negocios o de placer. Funda con dos divisiones. Múltiples bolsillos para cargadores, disco duro, audífonos, etc. Soporte con bandas elásticas para cables. Bolsillos para unidades: USB, Tarjetas SD o MicroSD, etc. Doble cremallera. Práctico y ligero Color: Gris","ORGANIZADOR DE CABLES, FUNDA GRIS (6006016), Brobotix La nueva Funda Organizador de Cables BRobotix es una solución práctica para todos tus accesorios de tus dispositivos electrónicos; con sus múltiples bolsillos, podrás transportar todos tus cables, cargadores, unidades USB, tarjetas SD, audífonos, o pencil de manera organizada en tu próximo viaje de negocios o de placer. Funda con dos divisiones. Múltiples bolsillos para cargadores, disco duro, audífonos, etc. Soporte con bandas elásticas para cables. Bolsillos para unidades: USB, Tarjetas SD o MicroSD, etc. Doble cremallera. Práctico y ligero Color: Gris. Clave Oficial CT: ACCRBT8400. Marca: CT.",ACCESORIOS,discos_duros,CT,8.59,167.48,267.97,267.97,226.1,226.1,209.35,200.98,https://static.ctonline.mx/imagenes/ACCRBT8400/ACCRBT8400_400.jpg,assets/img/catalog/ACCRBT8400.jpg
ACCRBT9170,"ESTUCHE PROTECTOR PARA GABINETE DE 2.5"", GRIS LISO (406832), Brobotix No pierdas esa información tan importante para ti. Protege tu dispositivo de almacenamiento con el estuche impermeable BRobotix® y llévalo contigo a todas partes sin ningún problema, manteniéndolo a salvo ante caídas o golpes accidentales. Cuenta además con un bolsillo interior de malla para almacenar el cable de datos y una tira elástica para mantener tu disco duro sin movilidad. Diseño ligero y compacto. Pequeño y liviano, puedes llevarlo en tu mochila. Material impermeable. Protección contra polvo, suciedad y caídas accidentales. Superficie rígida anti deslizable, cierre de cremallera. Correa de mano. Bolsa interior de malla para almacenamiento de cables u otros accesorios. Perfecto para llevar a todos lados. Especificaciones: Compatible con discos duros de 2.5 pulgadas. Material: EVA, PU. Color: Gris","ESTUCHE PROTECTOR PARA GABINETE DE 2.5"", GRIS LISO (406832), Brobotix No pierdas esa información tan importante para ti. Protege tu dispositivo de almacenamiento con el estuche impermeable BRobotix® y llévalo contigo a todas partes sin ningún problema, manteniéndolo a salvo ante caídas o golpes accidentales. Cuenta además con un bolsillo interior de malla para almacenar el cable de datos y una tira elástica para mantener tu disco duro sin movilidad. Diseño ligero y compacto. Pequeño y liviano, puedes llevarlo en tu mochila. Material impermeable. Protección contra polvo, suciedad y caídas accidentales. Superficie rígida anti deslizable, cierre de cremallera. Correa de mano. Bolsa interior de malla para almacenamiento de cables u otros accesorios. Perfecto para llevar a todos lados. Especificaciones: Compatible con discos duros de 2.5 pulgadas. Material: EVA, PU. Color: Gris. Clave Oficial CT: ACCRBT9170. Marca: CT.",ACCESORIOS,discos_duros,CT,2.83,55.1,88.16,88.16,74.39,74.39,68.88,66.12,https://static.ctonline.mx/imagenes/ACCRBT9170/ACCRBT9170_400.jpg,assets/img/catalog/ACCRBT9170.jpg
ACCRBT9180,"ESTUCHE PROTECTOR PARA GABINETE DE 2.5"", NEGRO LISO (406825), Brobotix No pierdas esa información tan importante para ti. Protege tu dispositivo de almacenamiento con el estuche impermeable BRobotix® y llévalo contigo a todas partes sin ningún problema, manteniéndolo a salvo ante caídas o golpes accidentales. Cuenta además con un bolsillo interior de malla para almacenar el cable de datos y una tira elástica para mantener tu disco duro sin movilidad. Diseño ligero y compacto. Pequeño y liviano, puedes llevarlo en tu mochila. Material impermeable. Protección contra polvo, suciedad y caídas accidentales. Superficie rígida anti deslizable, cierre de cremallera. Correa de mano. Bolsa interior de malla para almacenamiento de cables u otros accesorios. Perfecto para llevar a todos lados. Especificaciones: Compatible con discos duros de 2.5 pulgadas. Material: EVA, PU. Color: Negro","ESTUCHE PROTECTOR PARA GABINETE DE 2.5"", NEGRO LISO (406825), Brobotix No pierdas esa información tan importante para ti. Protege tu dispositivo de almacenamiento con el estuche impermeable BRobotix® y llévalo contigo a todas partes sin ningún problema, manteniéndolo a salvo ante caídas o golpes accidentales. Cuenta además con un bolsillo interior de malla para almacenar el cable de datos y una tira elástica para mantener tu disco duro sin movilidad. Diseño ligero y compacto. Pequeño y liviano, puedes llevarlo en tu mochila. Material impermeable. Protección contra polvo, suciedad y caídas accidentales. Superficie rígida anti deslizable, cierre de cremallera. Correa de mano. Bolsa interior de malla para almacenamiento de cables u otros accesorios. Perfecto para llevar a todos lados. Especificaciones: Compatible con discos duros de 2.5 pulgadas. Material: EVA, PU. Color: Negro. Clave Oficial CT: ACCRBT9180. Marca: CT.",ACCESORIOS,discos_duros,CT,2.83,55.1,88.16,88.16,74.39,74.39,68.88,66.12,https://static.ctonline.mx/imagenes/ACCRBT9180/ACCRBT9180_400.jpg,assets/img/catalog/ACCRBT9180.jpg
ACCRBT7660,"PROTECTOR DE SILICÓN PARA GABINETE Y DISCO DURO DE 2.5"", NEGRO (6005798), Brobotix Protege tu disco duro externo con estilo y confianza. El nuevo Protector de Silicón BRobotix® de alta calidad, es el accesorio perfecto para asegurar la vida útil de tu disco duro. Con su diseño expandible y agradable al tacto, ésta funda está diseñada para brindar la máxima protección. Durabilidad excepcional: El Protector de silicón BRobotix® está fabricada con materiales de primera calidad que garantiza una protección duradera para el disco duro externo. Es perfecta para aguantar el ritmo diario de trabajo; ideal para amortiguar cualquier caída gracias a sus esquinas protectoras. Se ajusta fácilmente a al disco duro externo de 2.5”. Color: Negro","PROTECTOR DE SILICÓN PARA GABINETE Y DISCO DURO DE 2.5"", NEGRO (6005798), Brobotix Protege tu disco duro externo con estilo y confianza. El nuevo Protector de Silicón BRobotix® de alta calidad, es el accesorio perfecto para asegurar la vida útil de tu disco duro. Con su diseño expandible y agradable al tacto, ésta funda está diseñada para brindar la máxima protección. Durabilidad excepcional: El Protector de silicón BRobotix® está fabricada con materiales de primera calidad que garantiza una protección duradera para el disco duro externo. Es perfecta para aguantar el ritmo diario de trabajo; ideal para amortiguar cualquier caída gracias a sus esquinas protectoras. Se ajusta fácilmente a al disco duro externo de 2.5”. Color: Negro. Clave Oficial CT: ACCRBT7660. Marca: CT.",ACCESORIOS,discos_duros,CT,1.17,22.75,36.4,36.4,30.71,30.71,28.44,27.3,https://static.ctonline.mx/imagenes/ACCRBT7660/ACCRBT7660_400.jpg,assets/img/catalog/ACCRBT7660.jpg
ACCRBT7330,"ANCLA PARA CANDADO DE SEGURIDAD K-SLOT, PARA LAPTOP, TABLETA, SMARTPHONE. TIPO DISCO ADHESIVO (6000977), Brobotix La nueva Ancla para candado de seguridad K-SLOT BRobotix te permite proteger contra robo laptops sin ranura, tabletas, smartphones, computadoras, dockings y demás dispositivos portátiles. Al instalarlo, crea un punto de anclaje para un cable con candado de seguridad K-Slot. Cuenta con ranura K-Slot, compatible con nuestros cables de candado de seguridad BRobotix modelos 128899, 963586, 235497. Para instalación en escritorios, mostradores, gabinetes, pared o cualquier otra superficie maciza. Ideal para sitios de venta minorista, atención al cliente, mostradores, empresas, escuelas y centros comerciales. Color: Plata.","ANCLA PARA CANDADO DE SEGURIDAD K-SLOT, PARA LAPTOP, TABLETA, SMARTPHONE. TIPO DISCO ADHESIVO (6000977), Brobotix La nueva Ancla para candado de seguridad K-SLOT BRobotix te permite proteger contra robo laptops sin ranura, tabletas, smartphones, computadoras, dockings y demás dispositivos portátiles. Al instalarlo, crea un punto de anclaje para un cable con candado de seguridad K-Slot. Cuenta con ranura K-Slot, compatible con nuestros cables de candado de seguridad BRobotix modelos 128899, 963586, 235497. Para instalación en escritorios, mostradores, gabinetes, pared o cualquier otra superficie maciza. Ideal para sitios de venta minorista, atención al cliente, mostradores, empresas, escuelas y centros comerciales. Color: Plata.. Clave Oficial CT: ACCRBT7330. Marca: CT.",ACCESORIOS,discos_duros,CT,3.23,63.05,100.88,100.88,85.12,85.12,78.81,75.66,https://static.ctonline.mx/imagenes/ACCRBT7330/ACCRBT7330_400.jpg,assets/img/catalog/ACCRBT7330.jpg
ACCRBT8740,"GABINETE GLASS PARA DISCO DURO SSD SATA I/II/III 2.5"" USB V3.0 (6007587), BRobotix Gabinete para disco duro transparente. Soporta todos los discos duros HDD SSD SATA de 2.5. Compatible con la mayoría de dispositivos: PC, Laptop, Smart TV, Router, XBOX, PS4, PS4 Pro, etc. Descarga y guarda más datos en tu disco duro para liberar espacio en tu ordenador o PC o recicla discos duros viejos. Con LED indicador de encendido. Facil de instalar. Simplemente empuje la tapa hacia afuera, inserte el disco duro, cierre la tapa, conecte el cable y estará listo para funcionar. Especificaciones: Gabinete para disco duro SSD SATA 2.5""; Sistema aplicable: Windows o MacOS, Tamaño del disco duro: 2.5"" (6.35 cm, Interfaces internas: SATA I/II/III, Interfaces externas: USB V3.0, Velocidad de transferencia de hasta 5Gbps, Material: ABS. Color: Transparente","GABINETE GLASS PARA DISCO DURO SSD SATA I/II/III 2.5"" USB V3.0 (6007587), BRobotix Gabinete para disco duro transparente. Soporta todos los discos duros HDD SSD SATA de 2.5. Compatible con la mayoría de dispositivos: PC, Laptop, Smart TV, Router, XBOX, PS4, PS4 Pro, etc. Descarga y guarda más datos en tu disco duro para liberar espacio en tu ordenador o PC o recicla discos duros viejos. Con LED indicador de encendido. Facil de instalar. Simplemente empuje la tapa hacia afuera, inserte el disco duro, cierre la tapa, conecte el cable y estará listo para funcionar. Especificaciones: Gabinete para disco duro SSD SATA 2.5""; Sistema aplicable: Windows o MacOS, Tamaño del disco duro: 2.5"" (6.35 cm, Interfaces internas: SATA I/II/III, Interfaces externas: USB V3.0, Velocidad de transferencia de hasta 5Gbps, Material: ABS. Color: Transparente. Clave Oficial CT: ACCRBT8740. Marca: CT.",ACCESORIOS,discos_duros,CT,5.36,104.43,167.09,167.09,140.99,140.99,130.54,125.32,https://static.ctonline.mx/imagenes/ACCRBT8740/ACCRBT8740_400.jpg,assets/img/catalog/ACCRBT8740.jpg
ACCRBT7280,"CONVERTIDOR USB V3.0 A SATA 2.5"" (6001417), Brobotix Con el nuevo Convertidor USB V3.0 a SATA 2.5"" BRobotix podrás conectar una unidad de disco / disco duro a tu computadora o laptop a través de un puerto USB y experimentar un rendimiento mejorado y velocidades de transferencia de datos súper rápidas V3.0 de hasta 5 Gbps y UASP.Admite unidades SATA de 2,5"" con opción a unidades de 3,5"" por contar con jack de alimentación para conectar un adaptador de corriente 12V.USB V3.0. Alta velocidad de 5 Gbps.  Ideal para copias de seguridad / respaldos de archivos, actualización de disco duro portátil y transferencia de datos. Este Adaptador puede utilizar 2.5"" y 3.5.Si utiliza un disco duro de 3.5"", debe utilizar una fuente de alimentación. Este producto no incluye adaptador de corriente. Indicadores LED.  Plug & play.Color: Negro","CONVERTIDOR USB V3.0 A SATA 2.5"" (6001417), Brobotix Con el nuevo Convertidor USB V3.0 a SATA 2.5"" BRobotix podrás conectar una unidad de disco / disco duro a tu computadora o laptop a través de un puerto USB y experimentar un rendimiento mejorado y velocidades de transferencia de datos súper rápidas V3.0 de hasta 5 Gbps y UASP.Admite unidades SATA de 2,5"" con opción a unidades de 3,5"" por contar con jack de alimentación para conectar un adaptador de corriente 12V.USB V3.0. Alta velocidad de 5 Gbps.  Ideal para copias de seguridad / respaldos de archivos, actualización de disco duro portátil y transferencia de datos. Este Adaptador puede utilizar 2.5"" y 3.5.Si utiliza un disco duro de 3.5"", debe utilizar una fuente de alimentación. Este producto no incluye adaptador de corriente. Indicadores LED.  Plug & play.Color: Negro. Clave Oficial CT: ACCRBT7280. Marca: CT.",ACCESORIOS,discos_duros,CT,10.09,196.73,314.77,314.77,265.59,265.59,245.92,236.08,https://static.ctonline.mx/imagenes/ACCRBT7280/ACCRBT7280_400.jpg,assets/img/catalog/ACCRBT7280.jpg
TARRBT060,"TARJETA SERIAL PCI DB9 2 PUERTOS (002959), Brobotix Añade dos puertos serie con un mínimo de conflictos. Compatible con la mayoría de los periféricos RS-232, La tarjeta serie PCI  con dos puertos externos DB9 es la solución ideal para conectar un dispositivo serie. Módems, lectores de códigos de barras, impresoras y más,  a través de una tarjeta PCI. Sus puertos de alta velocidad 16550/16C450 UART DB9 soportan compartición PCI IRQ incluso cuando se acceden de manera simultánea por otras tarjetas de expansión. Su bus universal alimentado diseñado para 5V y 3.3V, permite una gran variedad de dispositivos periféricos. Compatibilidad con Windows 2000/XP/Server 2003/Vista 32/64 bits. Capacidad Plug and Play y selección de dirección automática usando IRQ e IO hacen su instalación fácil para prevenir conflictos de configuración con otros dispositivos. Especificaciones: Adiciona dos puertos serie 16c550/16c450 UART de alta velocidad a la computadora. Tasa de transferencia máxima de kbps. Bus universal diseñado para 5 V y 3.3 V. Soporta totalmente la compartición PCI IRQ. Automáticamente selecciona las direcciones IRQ Y COM. Incluye disco de instalación. Color: Plata.","TARJETA SERIAL PCI DB9 2 PUERTOS (002959), Brobotix Añade dos puertos serie con un mínimo de conflictos. Compatible con la mayoría de los periféricos RS-232, La tarjeta serie PCI  con dos puertos externos DB9 es la solución ideal para conectar un dispositivo serie. Módems, lectores de códigos de barras, impresoras y más,  a través de una tarjeta PCI. Sus puertos de alta velocidad 16550/16C450 UART DB9 soportan compartición PCI IRQ incluso cuando se acceden de manera simultánea por otras tarjetas de expansión. Su bus universal alimentado diseñado para 5V y 3.3V, permite una gran variedad de dispositivos periféricos. Compatibilidad con Windows 2000/XP/Server 2003/Vista 32/64 bits. Capacidad Plug and Play y selección de dirección automática usando IRQ e IO hacen su instalación fácil para prevenir conflictos de configuración con otros dispositivos. Especificaciones: Adiciona dos puertos serie 16c550/16c450 UART de alta velocidad a la computadora. Tasa de transferencia máxima de kbps. Bus universal diseñado para 5 V y 3.3 V. Soporta totalmente la compartición PCI IRQ. Automáticamente selecciona las direcciones IRQ Y COM. Incluye disco de instalación. Color: Plata.. Clave Oficial CT: TARRBT060. Marca: CT.",ACCESORIOS,discos_duros,CT,13.2,257.4,411.84,411.84,347.49,347.49,321.75,308.88,https://static.ctonline.mx/imagenes/TARRBT060/TARRBT060_400.jpg,assets/img/catalog/TARRBT060.jpg
ACCSTY410,"Enclosure SSD STYLOS. STENNV1G. Enclosure SSD M.2 NVMe Tipo C3 2, Interfaz tipo C adaptada y compatible con discos de estado solido M.2, admite protocolos NVMe con velocidad de transmisión de hasta 10 Gbps, Desmontaje e instalación sin herramientas, Compatible con interfaz USB 3.0/USB 2.0, Carcasa metálica de aleación con aluminio, Incluye cable tipo C a tipo C, cable tipo C a tipo USB A","Enclosure SSD STYLOS. STENNV1G. Enclosure SSD M.2 NVMe Tipo C3 2, Interfaz tipo C adaptada y compatible con discos de estado solido M.2, admite protocolos NVMe con velocidad de transmisión de hasta 10 Gbps, Desmontaje e instalación sin herramientas, Compatible con interfaz USB 3.0/USB 2.0, Carcasa metálica de aleación con aluminio, Incluye cable tipo C a tipo C, cable tipo C a tipo USB A. Clave Oficial CT: ACCSTY410. Marca: CT.",ACCESORIOS,discos_duros,CT,247.02,4816.93,7707.09,7707.09,6502.86,6502.86,6021.17,5780.32,https://static.ctonline.mx/imagenes/ACCSTY410/ACCSTY410_400.jpg,assets/img/catalog/ACCSTY410.jpg
ACCSTY420,"Enclosure ENCNV SSD XZEAL. XZENNV1G. Enclosure SSD M.2 Portátil, Tipo C3 2, Interfaz tipo C adaptada y compatible con discos de estado solido M.2, Equipado con efectos coloridos RGB,  Compatible con interfaz USB 3.0/USB 2.0, Carcasa metálica de aleación con aluminio","Enclosure ENCNV SSD XZEAL. XZENNV1G. Enclosure SSD M.2 Portátil, Tipo C3 2, Interfaz tipo C adaptada y compatible con discos de estado solido M.2, Equipado con efectos coloridos RGB,  Compatible con interfaz USB 3.0/USB 2.0, Carcasa metálica de aleación con aluminio. Clave Oficial CT: ACCSTY420. Marca: CT.",ACCESORIOS,discos_duros,CT,303.42,5916.73,9466.77,9466.77,7987.59,7987.59,7395.92,7100.08,https://static.ctonline.mx/imagenes/ACCSTY420/ACCSTY420_400.jpg,assets/img/catalog/ACCSTY420.jpg
ACCSTY500,"Enclosure Stylos STEN251B 2.5"" Interfaz Tipo C, Gabinete para SSD y HDD de 2.5"" con un grosor de 9.5 mm Soporta protocolo de transporte UASP, Compatible con sistemas: Windows/XP/Vista /7/8/10, Mac OS9.0 o superior, Material de aleación de aluminio +ABS","Enclosure Stylos STEN251B 2.5"" Interfaz Tipo C, Gabinete para SSD y HDD de 2.5"" con un grosor de 9.5 mm Soporta protocolo de transporte UASP, Compatible con sistemas: Windows/XP/Vista /7/8/10, Mac OS9.0 o superior, Material de aleación de aluminio +ABS. Clave Oficial CT: ACCSTY500. Marca: CT.",ACCESORIOS,discos_duros,CT,101.94,1987.92,3180.67,3180.67,2683.69,2683.69,2484.9,2385.5,https://static.ctonline.mx/imagenes/ACCSTY500/ACCSTY500_400.jpg,assets/img/catalog/ACCSTY500.jpg
ACCSTY510,"Enclosure Stylos STEN251S 2.5"" Interfaz Tipo C, Gabinete para SSD y HDD de 2.5"" con un grosor de 9.5 mm Soporta protocolo de transporte UASP, Compatible con sistemas: Windows/XP/Vista /7/8/10, Mac OS9.0 o superior, Material de aleación de aluminio +ABS","Enclosure Stylos STEN251S 2.5"" Interfaz Tipo C, Gabinete para SSD y HDD de 2.5"" con un grosor de 9.5 mm Soporta protocolo de transporte UASP, Compatible con sistemas: Windows/XP/Vista /7/8/10, Mac OS9.0 o superior, Material de aleación de aluminio +ABS. Clave Oficial CT: ACCSTY510. Marca: CT.",ACCESORIOS,discos_duros,CT,101.91,1987.27,3179.63,3179.63,2682.81,2682.81,2484.08,2384.72,https://static.ctonline.mx/imagenes/ACCSTY510/ACCSTY510_400.jpg,assets/img/catalog/ACCSTY510.jpg
ACCTRL3300,"Estación de Trabajo de Pie WorkWise Marca: TRIPP-LITE, WWSSDC con Abrazadera para Escritorio","Estación de Trabajo de Pie WorkWise Marca: TRIPP-LITE, WWSSDC con Abrazadera para Escritorio. Clave Oficial CT: ACCTRL3300. Marca: CT.",ENERGIA,discos_duros,CT,4969.75,96910.2,155056.33,155056.33,130828.78,130828.78,121137.76,116292.25,https://static.ctonline.mx/imagenes/ACCTRL3300/ACCTRL3300_400.jpg,assets/img/catalog/ACCTRL3300.jpg
ACCTRL3310,"Estación de Trabajo de Pie WorkWise Marca: TRIPP-LITE, WWSSDT para Escritorio","Estación de Trabajo de Pie WorkWise Marca: TRIPP-LITE, WWSSDT para Escritorio. Clave Oficial CT: ACCTRL3310. Marca: CT.",ENERGIA,discos_duros,CT,2733.26,53298.56,85277.7,85277.7,71953.06,71953.06,66623.2,63958.27,https://static.ctonline.mx/imagenes/ACCTRL3310/ACCTRL3310_400.jpg,assets/img/catalog/ACCTRL3310.jpg
