sku,nombre,descripcion_completa,categoria_ct,marca,costo_base,precio_mxn,precio_original,img,brand_logo,ficha_url,costo_proveedor_mxn,precio,precio_mayoreo_10pzs,margen_aplicado,img_local,img_cdn,categoria_clasificada,utilidad_neta_minima,local_img
ACCRBT4800,"CAJA P/MESA HDMI+USB+RJ45+CORRIENTE NEGRA (170906), Brobotix No mas problemas a la hora de conectar tu proyector, hazlo ","CAJA P/MESA HDMI+USB+RJ45+CORRIENTE NEGRA (170906), Brobotix No mas problemas a la hora de conectar tu proyector, hazlo fácil y rápido con esta práctica caja para mesa que cuenta con todas las entradas que puedas necesitar.  ENTRADAS: HDMI, USB, Dos puertos RJ45, Dos puertos de corriente. Dimensiones: 26.5x13.0x6.5cm, Dimensiones de la tapa: 21.0x6.0cm. Color: Negro.",CONECTIVIDAD,CAJA,65.66,1728.38,2048.45,https://static.ctonline.mx/imagenes/ACCRBT4800/ACCRBT4800_400.jpg,https://static.ctonline.mx/marcas/png/CAJA.png,https://ctonline.mx/buscar/productos?b=ACCRBT4800,1280.28,1728.38,1536.34,35%,assets/img/catalog/ACCRBT4800.jpg,https://static.ctonline.mx/imagenes/ACCRBT4800/ACCRBT4800_400.jpg,electronica_consumo,20% garantizado sobre proveedor,https://static.ctonline.mx/imagenes/ACCRBT4800/ACCRBT4800_400.jpg
CABRBT2730,"CAJA PARA MESA: HDMI, USB, RJ45 CAT6, CORRIENTE. (171224), Brobotix No más problemas a la hora de conectar tu proyector,","CAJA PARA MESA: HDMI, USB, RJ45 CAT6, CORRIENTE. (171224), Brobotix No más problemas a la hora de conectar tu proyector, hazlo fácil y rápido con esta práctica caja para mesa que cuenta con todas las entradas que puedas necesitar. Conectores: 1 HDMI (19 pines) Hembra. 2 RJ45 Cat6 Hembra. 1 USB Tipo A (4 pines) v2.0 Hembra. 2 Puertos de Corriente NEMA 5-15-P a 12 V, 15 A. Resoluciones Admitidas: Hasta 1920 x 1080 (1080p). Práctico botón para abrir la tapa con puertos. Especificaciones: Dimensiones de tapa (apertura): 21 x 6 cm. Dimensiones de tapa: 26.5 x 13 x 0.6 cm. Dimensiones de caja: 22.3 x 10.7 x 6.5 cm aprox. Longitud de cables: HDMI: 15 cm; RJ45: 25 cm; USB: 25 cm; Corriente: 30 cm. Color: Plata",CONECTIVIDAD,CAJA,66.5,1750.61,2074.8,https://static.ctonline.mx/imagenes/CABRBT2730/CABRBT2730_400.jpg,https://static.ctonline.mx/marcas/png/CAJA.png,https://ctonline.mx/buscar/productos?b=CABRBT2730,1296.75,1750.61,1556.1,35%,assets/img/catalog/CABRBT2730.jpg,https://static.ctonline.mx/imagenes/CABRBT2730/CABRBT2730_400.jpg,electronica_consumo,20% garantizado sobre proveedor,https://static.ctonline.mx/imagenes/CABRBT2730/CABRBT2730_400.jpg
CAMDAH5800,"Cámara IP DOMO 5MP DH-IPC-HDW2549T-S-PV Cámara Domo IP de 5 MP, 30 Metros de Iluminador Dual Inteligente, Disuasión acti","Cámara IP DOMO 5MP DH-IPC-HDW2549T-S-PV Cámara Domo IP de 5 MP, 30 Metros de Iluminador Dual Inteligente, Disuasión activa, Lente 2.8mm, SMD Plus, Protección perimetral, Micrófono y Bocina integrados, Audio dos Vías, IP67, Ranura MicroSD",TELEFONIA Y VIDEO VIGILANCIA,CÁMARA,79.8,2100.61,2489.62,https://static.ctonline.mx/imagenes/CAMDAH5800/CAMDAH5800_400.jpg,https://static.ctonline.mx/marcas/png/CMARA.png,https://ctonline.mx/buscar/productos?b=CAMDAH5800,1556.01,2100.61,1867.21,35%,assets/img/catalog/CAMDAH5800.jpg,https://static.ctonline.mx/imagenes/CAMDAH5800/CAMDAH5800_400.jpg,electronica_consumo,20% garantizado sobre proveedor,https://static.ctonline.mx/imagenes/CAMDAH5800/CAMDAH5800_400.jpg
CAMHKV4310,Audio Bidireccional + Dual Light + ColorVu] Bala TURBOHD 2 Megapixel (1080p) DS-2CE16D0T-LTS / Lente 2.8 mm / 30 mts IR ,Audio Bidireccional + Dual Light + ColorVu] Bala TURBOHD 2 Megapixel (1080p) DS-2CE16D0T-LTS / Lente 2.8 mm / 30 mts IR EXIR + 20 mts Luz Blanca / Micrófono y Bocina Integrado / Exterior IP67 / Metal / dWDR,TELEFONIA Y VIDEO VIGILANCIA,AUDIO,28.45,748.83,887.5,https://static.ctonline.mx/imagenes/CAMHKV4310/CAMHKV4310_400.jpg,https://static.ctonline.mx/marcas/png/AUDIO.png,https://ctonline.mx/buscar/productos?b=CAMHKV4310,554.69,748.83,665.63,35%,assets/img/catalog/CAMHKV4310.jpg,https://static.ctonline.mx/imagenes/CAMHKV4310/CAMHKV4310_400.jpg,electronica_consumo,20% garantizado sobre proveedor,https://static.ctonline.mx/imagenes/CAMHKV4310/CAMHKV4310_400.jpg
CAMHKV2830,(Cámara Móvil (Dash Cam) AE-DC5013-F6 para Vehículos / ADAS / Micrófono y Bocina Integrado / Wi-Fi / Micro SD / Conector,(Cámara Móvil (Dash Cam) AE-DC5013-F6 para Vehículos / ADAS / Micrófono y Bocina Integrado / Wi-Fi / Micro SD / Conector USB / G - Sensor,TELEFONIA Y VIDEO VIGILANCIA,(CÁMARA,61.92,1630.15,1932.03,https://static.ctonline.mx/imagenes/CAMHKV2830/CAMHKV2830_400.jpg,https://static.ctonline.mx/marcas/png/CMARA.png,https://ctonline.mx/buscar/productos?b=CAMHKV2830,1207.52,1630.15,1449.02,35%,assets/img/catalog/CAMHKV2830.jpg,https://static.ctonline.mx/imagenes/CAMHKV2830/CAMHKV2830_400.jpg,electronica_consumo,20% garantizado sobre proveedor,https://static.ctonline.mx/imagenes/CAMHKV2830/CAMHKV2830_400.jpg
PANLGE3990,"Pantalla Hibrida Smart TV LED LG 43"" 43UA751C, Resolución 3840 x 2160 (4K UHD), Refresco 50 Hz, Brillo de pantalla 270 c","Pantalla Hibrida Smart TV LED LG 43"" 43UA751C, Resolución 3840 x 2160 (4K UHD), Refresco 50 Hz, Brillo de pantalla 270 cd/m2; Retroalimentación LED Direct-LED; Versión HDMI 2.1; Altavoces integrados; Modo de juego HDR; Modo Hotel, Cineasta, Juego, Estándar, Vivo; Bluetooth 5.0; 3 años de garantía en centros de servicio autorizados LG.",ELECTRONICA DE CONSUMO,PANTALLA,5256.52,7096.32,8410.45,https://static.ctonline.mx/imagenes/PANLGE3990/PANLGE3990_400.jpg,https://static.ctonline.mx/marcas/png/PANTALLA.png,https://ctonline.mx/buscar/productos?b=PANLGE3990,5256.53,7096.32,6307.84,35%,assets/img/catalog/PANLGE3990.jpg,https://static.ctonline.mx/imagenes/PANLGE3990/PANLGE3990_400.jpg,electronica_consumo,20% garantizado sobre proveedor,https://static.ctonline.mx/imagenes/PANLGE3990/PANLGE3990_400.jpg
PANLGE4020,"Pantalla Hibrida Smart TV LED LG 65"" 65UA751C, Resolución 3840 x 2160 (4K UHD), Refresco 50 Hz, Brillo de pantalla 270 c","Pantalla Hibrida Smart TV LED LG 65"" 65UA751C, Resolución 3840 x 2160 (4K UHD), Refresco 50 Hz, Brillo de pantalla 270 cd/m2; Retroalimentación LED Direct-LED; Versión HDMI 2.1; Altavoces integrados; Modo de juego HDR; Modo Hotel, Cineasta, Juego, Estándar, Vivo; Bluetooth 5.0; 3 años de garantía en centros de servicio autorizados LG.",ELECTRONICA DE CONSUMO,PANTALLA,10185.87,13750.92,16297.39,https://static.ctonline.mx/imagenes/PANLGE4020/PANLGE4020_400.jpg,https://static.ctonline.mx/marcas/png/PANTALLA.png,https://ctonline.mx/buscar/productos?b=PANLGE4020,10185.87,13750.92,12223.04,35%,assets/img/catalog/PANLGE4020.jpg,https://static.ctonline.mx/imagenes/PANLGE4020/PANLGE4020_400.jpg,electronica_consumo,20% garantizado sobre proveedor,https://static.ctonline.mx/imagenes/PANLGE4020/PANLGE4020_400.jpg
PANLGE4030,"Pantalla Hibrida Smart TV LED LG 75"" 75UA751C, Resolución 3840 x 2160 (4K UHD), Refresco 50 Hz, Brillo de pantalla 270 c","Pantalla Hibrida Smart TV LED LG 75"" 75UA751C, Resolución 3840 x 2160 (4K UHD), Refresco 50 Hz, Brillo de pantalla 270 cd/m2; Retroalimentación LED Direct-LED; Versión HDMI 2.1; Altavoces integrados; Modo de juego HDR; Modo Hotel, Cineasta, Juego, Estándar, Vivo; Bluetooth 5.0; 3 años de garantía en centros de servicio autorizados LG.",ELECTRONICA DE CONSUMO,PANTALLA,13595.06,18353.34,21752.11,https://static.ctonline.mx/imagenes/PANLGE4030/PANLGE4030_400.jpg,https://static.ctonline.mx/marcas/png/PANTALLA.png,https://ctonline.mx/buscar/productos?b=PANLGE4030,13595.07,18353.34,16314.08,35%,assets/img/catalog/PANLGE4030.jpg,https://static.ctonline.mx/imagenes/PANLGE4030/PANLGE4030_400.jpg,electronica_consumo,20% garantizado sobre proveedor,https://static.ctonline.mx/imagenes/PANLGE4030/PANLGE4030_400.jpg
PANLGE4290,"Pantalla Hotelera Slim 50"" LG 50UK777H Pantalla Hotelera Slim 50"", Resolucion 3840x2160 4K UHD, Smart TV compatible con ","Pantalla Hotelera Slim 50"" LG 50UK777H Pantalla Hotelera Slim 50"", Resolucion 3840x2160 4K UHD, Smart TV compatible con Pro-Centric, Compatible con Google Cast, Compatible con AirPlay, Netflix, Wireless-In SoftAP, Diseño Delgado, Salida en antena, Garantia 1 año en centro de servicio LG autorizados en sitio.",ELECTRONICA DE CONSUMO,PANTALLA,10328.08,13942.91,16524.93,https://static.ctonline.mx/imagenes/PANLGE4290/PANLGE4290_400.jpg,https://static.ctonline.mx/marcas/png/PANTALLA.png,https://ctonline.mx/buscar/productos?b=PANLGE4290,10328.08,13942.91,12393.7,35%,assets/img/catalog/PANLGE4290.jpg,https://static.ctonline.mx/imagenes/PANLGE4290/PANLGE4290_400.jpg,electronica_consumo,20% garantizado sobre proveedor,https://static.ctonline.mx/imagenes/PANLGE4290/PANLGE4290_400.jpg
PANLGE4300,"Pantalla Hotelera Slim 55"" LG 55UK777H Pantalla Hotelera Slim 55"", Resolucion 3840x2160 4K UHD, Smart TV compatible con ","Pantalla Hotelera Slim 55"" LG 55UK777H Pantalla Hotelera Slim 55"", Resolucion 3840x2160 4K UHD, Smart TV compatible con Pro-Centric, Compatible con Google Cast, Compatible con AirPlay, Netflix, Wireless-In SoftAP, Diseño Delgado, Salida en antena, Garantia 1 año en centro de servicio LG autorizados en sitio.",ELECTRONICA DE CONSUMO,PANTALLA,10984.26,14828.74,17574.8,https://static.ctonline.mx/imagenes/PANLGE4300/PANLGE4300_400.jpg,https://static.ctonline.mx/marcas/png/PANTALLA.png,https://ctonline.mx/buscar/productos?b=PANLGE4300,10984.25,14828.74,13181.1,35%,assets/img/catalog/PANLGE4300.jpg,https://static.ctonline.mx/imagenes/PANLGE4300/PANLGE4300_400.jpg,electronica_consumo,20% garantizado sobre proveedor,https://static.ctonline.mx/imagenes/PANLGE4300/PANLGE4300_400.jpg
PANLGE4310,"Pantalla Hotelera Slim 65"" LG 65UK777H Pantalla Hotelera Slim 65"", Resolucion 3840x2160 4K UHD, Smart TV compatible con ","Pantalla Hotelera Slim 65"" LG 65UK777H Pantalla Hotelera Slim 65"", Resolucion 3840x2160 4K UHD, Smart TV compatible con Pro-Centric, Compatible con Google Cast, Compatible con AirPlay, Netflix, Wireless-In SoftAP, Diseño Delgado, Salida en antena, Garantia 1 año en centro de servicio LG autorizados en sitio.",ELECTRONICA DE CONSUMO,PANTALLA,14078.25,19005.64,22525.2,https://static.ctonline.mx/imagenes/PANLGE4310/PANLGE4310_400.jpg,https://static.ctonline.mx/marcas/png/PANTALLA.png,https://ctonline.mx/buscar/productos?b=PANLGE4310,14078.25,19005.64,16893.9,35%,assets/img/catalog/PANLGE4310.jpg,https://static.ctonline.mx/imagenes/PANLGE4310/PANLGE4310_400.jpg,electronica_consumo,20% garantizado sobre proveedor,https://static.ctonline.mx/imagenes/PANLGE4310/PANLGE4310_400.jpg
PANLGE4320,"Pantalla Hotelera Slim 75"" LG 75UK777H Pantalla Hotelera Slim 75"", Resolucion 3840x2160 4K UHD, Smart TV compatible con ","Pantalla Hotelera Slim 75"" LG 75UK777H Pantalla Hotelera Slim 75"", Resolucion 3840x2160 4K UHD, Smart TV compatible con Pro-Centric, Compatible con Google Cast, Compatible con AirPlay, Netflix, Wireless-In SoftAP, Diseño Delgado, Salida en antena, Garantia 1 año en centro de servicio LG autorizados en sitio.",ELECTRONICA DE CONSUMO,PANTALLA,19695.32,26588.68,31512.51,https://static.ctonline.mx/imagenes/PANLGE4320/PANLGE4320_400.jpg,https://static.ctonline.mx/marcas/png/PANTALLA.png,https://ctonline.mx/buscar/productos?b=PANLGE4320,19695.32,26588.68,23634.38,35%,assets/img/catalog/PANLGE4320.jpg,https://static.ctonline.mx/imagenes/PANLGE4320/PANLGE4320_400.jpg,electronica_consumo,20% garantizado sobre proveedor,https://static.ctonline.mx/imagenes/PANLGE4320/PANLGE4320_400.jpg
AUDHSE060,Barra de sonido Hisense HS1000 2.0 canales Soundbar:Full Range *2 Salida. 120W. Sonido envolvente virtual. Dolby Digital,Barra de sonido Hisense HS1000 2.0 canales Soundbar:Full Range *2 Salida. 120W. Sonido envolvente virtual. Dolby Digital. Indicador LED de modo de espera. Conectividad: Bluetooth V 5.3. Puertos: 1 HDMI eARC; 1 USB Input.  1 Entrada 3.5 mm; 1 Entrada de audio óptica. Garantía: 1 año directo con centro de servicio Hisense,ELECTRONICA DE CONSUMO,BARRA,1487.1,39147.83,46397.42,https://static.ctonline.mx/imagenes/AUDHSE060/AUDHSE060_400.jpg,https://static.ctonline.mx/marcas/png/BARRA.png,https://ctonline.mx/buscar/productos?b=AUDHSE060,28998.39,39147.83,34798.07,35%,assets/img/catalog/AUDHSE060.jpg,https://static.ctonline.mx/imagenes/AUDHSE060/AUDHSE060_400.jpg,electronica_consumo,20% garantizado sobre proveedor,https://static.ctonline.mx/imagenes/AUDHSE060/AUDHSE060_400.jpg
ACCMAC4010,APPLE TV 4K (3RGEN) WI-FI 64GB MN873E/A Chip A15 Bionic Siri Remote Tecnología inalámbrica Bluetooth 5.0 Transmisor IR C,APPLE TV 4K (3RGEN) WI-FI 64GB MN873E/A Chip A15 Bionic Siri Remote Tecnología inalámbrica Bluetooth 5.0 Transmisor IR Conector USB-C para carga La batería recargable dura varios meses con una sola carga (con un uso diario normal)Carga mediante el puerto USB-C con una computadora o un adaptador de corriente (cada uno se vende por separado) Controla la TV o el receptor por IR o por CEC5 Modelo Wi-Fi Requiere conexión inalámbrica 802.11 o acceso a Internet de banda ancha HDMI 2.13Wi‑Fi 6 (802.11ax) con MIMO 2x2 Tecnología inalámbrica Bluetooth 5.0 Receptor IR Fuente de alimentación integrada. Garantía de 1 año directo con fabricante.,ELECTRONICA DE CONSUMO,APPLE,2626.32,3545.52,4202.1,https://static.ctonline.mx/imagenes/ACCMAC4010/ACCMAC4010_400.jpg,https://static.ctonline.mx/marcas/png/APPLE.png,https://ctonline.mx/buscar/productos?b=ACCMAC4010,2626.31,3545.52,3151.57,35%,assets/img/catalog/ACCMAC4010.jpg,https://static.ctonline.mx/imagenes/ACCMAC4010/ACCMAC4010_400.jpg,electronica_consumo,20% garantizado sobre proveedor,https://static.ctonline.mx/imagenes/ACCMAC4010/ACCMAC4010_400.jpg
PROVAN010,"Proyector portátil VANKYO Leisure D30T, Video proyector con 50,000 Horas de vida en su lámpara LED, con pantalla de hast","Proyector portátil VANKYO Leisure D30T, Video proyector con 50,000 Horas de vida en su lámpara LED, con pantalla de hasta 236"", con una resolución de 720P, Altavoz incluido, Compatible con TV Stick, HDMI, SD, AV, VGA, USB",ELECTRONICA DE CONSUMO,PROYECTOR,2830.41,3821.05,4528.66,https://static.ctonline.mx/imagenes/PROVAN010/PROVAN010_400.jpg,https://static.ctonline.mx/marcas/png/PROYECTOR.png,https://ctonline.mx/buscar/productos?b=PROVAN010,2830.41,3821.05,3396.49,35%,assets/img/catalog/PROVAN010.jpg,https://static.ctonline.mx/imagenes/PROVAN010/PROVAN010_400.jpg,electronica_consumo,20% garantizado sobre proveedor,https://static.ctonline.mx/imagenes/PROVAN010/PROVAN010_400.jpg
PROVAN030,"Proyector VANKYO Performance V630 con resolución nativa 1080P Full HD , tecnología LED y con una enorme pantalla de hast","Proyector VANKYO Performance V630 con resolución nativa 1080P Full HD , tecnología LED y con una enorme pantalla de hasta 300"" y altavoces HD",ELECTRONICA DE CONSUMO,PROYECTOR,5279.0,7126.65,8446.4,https://static.ctonline.mx/imagenes/PROVAN030/PROVAN030_400.jpg,https://static.ctonline.mx/marcas/png/PROYECTOR.png,https://ctonline.mx/buscar/productos?b=PROVAN030,5279.0,7126.65,6334.8,35%,assets/img/catalog/PROVAN030.jpg,https://static.ctonline.mx/imagenes/PROVAN030/PROVAN030_400.jpg,electronica_consumo,20% garantizado sobre proveedor,https://static.ctonline.mx/imagenes/PROVAN030/PROVAN030_400.jpg
PANVAN010,"Vankyo Pantalla para proyector screen 100"" TMVK-013","Vankyo Pantalla para proyector screen 100"" TMVK-013",ELECTRONICA DE CONSUMO,VANKYO,1529.6,40266.79,47723.6,https://static.ctonline.mx/imagenes/PANVAN010/PANVAN010_400.jpg,https://static.ctonline.mx/marcas/png/VANKYO.png,https://ctonline.mx/buscar/productos?b=PANVAN010,29827.25,40266.79,35792.7,35%,assets/img/catalog/PANVAN010.jpg,https://static.ctonline.mx/imagenes/PANVAN010/PANVAN010_400.jpg,electronica_consumo,20% garantizado sobre proveedor,https://static.ctonline.mx/imagenes/PANVAN010/PANVAN010_400.jpg
ACCVAN010,"Vankyo Tripié para proyector WT50, Se ajusta de 17” a 46” de altura","Vankyo Tripié para proyector WT50, Se ajusta de 17” a 46” de altura",ELECTRONICA DE CONSUMO,VANKYO,1021.51,26891.14,31870.98,https://static.ctonline.mx/imagenes/ACCVAN010/ACCVAN010_400.jpg,https://static.ctonline.mx/marcas/png/VANKYO.png,https://ctonline.mx/buscar/productos?b=ACCVAN010,19919.36,26891.14,23903.23,35%,assets/img/catalog/ACCVAN010.jpg,https://static.ctonline.mx/imagenes/ACCVAN010/ACCVAN010_400.jpg,electronica_consumo,20% garantizado sobre proveedor,https://static.ctonline.mx/imagenes/ACCVAN010/ACCVAN010_400.jpg
PROYAB080,"Proyector Yaber modelo E1 1080p HD y 13,000 lúmenes, Diseño compacto, ultra-Mini, Smart Keystone Corrección y enfoque au","Proyector Yaber modelo E1 1080p HD y 13,000 lúmenes, Diseño compacto, ultra-Mini, Smart Keystone Corrección y enfoque automático, Wi-Fi de doble banda (5GHz + 2.4GHz) Pantalla gigante de 150 pulgadas",ELECTRONICA DE CONSUMO,PROYECTOR,56.61,1490.33,1766.32,https://static.ctonline.mx/imagenes/PROYAB080/PROYAB080_400.jpg,https://static.ctonline.mx/marcas/png/PROYECTOR.png,https://ctonline.mx/buscar/productos?b=PROYAB080,1103.95,1490.33,1324.74,35%,assets/img/catalog/PROYAB080.jpg,https://static.ctonline.mx/imagenes/PROYAB080/PROYAB080_400.jpg,electronica_consumo,20% garantizado sobre proveedor,https://static.ctonline.mx/imagenes/PROYAB080/PROYAB080_400.jpg
PROACR480,"Proyector ACER modelo X1129H DLP, SVGA 4800, ANSI, LUMENES RESOLUCION NATIVA 800 X 600, BOCINA 3W, VGA, 2 HDMI","Proyector ACER modelo X1129H DLP, SVGA 4800, ANSI, LUMENES RESOLUCION NATIVA 800 X 600, BOCINA 3W, VGA, 2 HDMI",ELECTRONICA DE CONSUMO,PROYECTOR,5987.1,8082.57,9579.34,https://static.ctonline.mx/imagenes/PROACR480/PROACR480_400.jpg,https://static.ctonline.mx/marcas/png/PROYECTOR.png,https://ctonline.mx/buscar/productos?b=PROACR480,5987.09,8082.57,7184.51,35%,assets/img/catalog/PROACR480.jpg,https://static.ctonline.mx/imagenes/PROACR480/PROACR480_400.jpg,electronica_consumo,20% garantizado sobre proveedor,https://static.ctonline.mx/imagenes/PROACR480/PROACR480_400.jpg
PROACR470,Proyector ACER modelo X1229H DLP XGA 4800 ANSI LUMENES RESOLUCION NATIVA 1024 X 768 BOCINA 3W VGA 2 HDMI,Proyector ACER modelo X1229H DLP XGA 4800 ANSI LUMENES RESOLUCION NATIVA 1024 X 768 BOCINA 3W VGA 2 HDMI,ELECTRONICA DE CONSUMO,PROYECTOR,7090.42,9572.07,11344.67,https://static.ctonline.mx/imagenes/PROACR470/PROACR470_400.jpg,https://static.ctonline.mx/marcas/png/PROYECTOR.png,https://ctonline.mx/buscar/productos?b=PROACR470,7090.42,9572.07,8508.5,35%,assets/img/catalog/PROACR470.jpg,https://static.ctonline.mx/imagenes/PROACR470/PROACR470_400.jpg,electronica_consumo,20% garantizado sobre proveedor,https://static.ctonline.mx/imagenes/PROACR470/PROACR470_400.jpg
PROACR460,"Proyector Acer modelo X1329 WXGA 1280 X 800 DLP 4800 LUMENS VGA, HDMI BOCINA 3 WATTS","Proyector Acer modelo X1329 WXGA 1280 X 800 DLP 4800 LUMENS VGA, HDMI BOCINA 3 WATTS",ELECTRONICA DE CONSUMO,PROYECTOR,7878.33,10635.75,12605.33,https://static.ctonline.mx/imagenes/PROACR460/PROACR460_400.jpg,https://static.ctonline.mx/marcas/png/PROYECTOR.png,https://ctonline.mx/buscar/productos?b=PROACR460,7878.33,10635.75,9454.0,35%,assets/img/catalog/PROACR460.jpg,https://static.ctonline.mx/imagenes/PROACR460/PROACR460_400.jpg,electronica_consumo,20% garantizado sobre proveedor,https://static.ctonline.mx/imagenes/PROACR460/PROACR460_400.jpg
PROEPS2670,"Proyector Tiro Regular EPSON Powerlite E24 (V11HB51021), Sistema de proyección tecnología Epson 3LCD de 3 chips, Montaje","Proyector Tiro Regular EPSON Powerlite E24 (V11HB51021), Sistema de proyección tecnología Epson 3LCD de 3 chips, Montaje frontal / trasero / techo, Pantalla LCD de .55 pulgadas (C2fine), Método de Proyección Poly-silicon TFT active matrix, Número de píxeles 786,432 pixeles (1,024 px X 768 px) x 3, Resolución nativa XGA, Relación de aspecto 4:3, Emisión de luz en color: 3600 lúmenes Brillo blanco Emisión de luz blanca: 3600 lúmenes Relación de contraste hasta 15.000: 1, Reproducción de color hasta 1.07 billon de colores, Bocina monoaural 5W x 1, Lente de Proyección no optical zoom / Focus (manual), Numero F 1.44, Distancia focal 16.7 mm, Relación de Zoom 1.0 - 2.0 Zoom digital, Relación de tiro 1.44-2.88, Tamaño de la imagen 15” a 350” (0.87m a 10.34m), Distancia proyección para Imagen Estándar Imagen Estándar: 60"" 1.76 m, Corrección de Keystone -30 grados a + 30 grados, Quick Corner ""SI"", RCA Video In, VGA, HDMI® Salida computadora, Audio entrada RCA, Stereo Mini - Entrada, Stereo Mini - Salida, RS-232C USB tipo B (para actualización de Firmware), Lámpara 210 W UHE, Vida útil de la fuente de iluminación3 6.000 horas (normal); 12.000 horas (Eco), Lámpara de reemplazo V13H010L97, Filtro de reemplazo V13H134A32 Garantía: 2 años de garantía limitada para el videoproyector y garantía limitada de 90 días para la lámpara",ELECTRONICA DE CONSUMO,PROYECTOR,8570.51,11570.2,13712.83,https://static.ctonline.mx/imagenes/PROEPS2670/PROEPS2670_400.jpg,https://static.ctonline.mx/marcas/png/PROYECTOR.png,https://ctonline.mx/buscar/productos?b=PROEPS2670,8570.52,11570.2,10284.62,35%,assets/img/catalog/PROEPS2670.jpg,https://static.ctonline.mx/imagenes/PROEPS2670/PROEPS2670_400.jpg,electronica_consumo,20% garantizado sobre proveedor,https://static.ctonline.mx/imagenes/PROEPS2670/PROEPS2670_400.jpg
PROEPS2640,"Proyector Tiro Regular EPSON Powerlite W55+ (V11HB58021), Sistema de proyección tecnología Epson 3LCD de 3 chips, Montaj","Proyector Tiro Regular EPSON Powerlite W55+ (V11HB58021), Sistema de proyección tecnología Epson 3LCD de 3 chips, Montaje frontal / trasero / techo/ inclinación de 0 a 12 grados, Pantalla LCD de .59 pulgadas (C2fine), Método de Proyección Poly-silicon TFT active matrix,  Número de píxeles 1.024.000 pixeles (1.280 px x 800 px) x 3, Resolución nativa WXGA, Relación de aspecto Soporta 16:9, Emisión de luz en color: 4000 lúmenes Brillo blanco Emisión de luz blanca: 4000 lúmenes Relación de contraste hasta 16.000: 1, Reproducción de color hasta 16.77 millones de colores, Bocina monoaural 2W x 1, Lente de Proyección Optical zoom (manual) / Focus (manual), Numero F 1.49 - 1.72, Distancia focal 16.9 mm - 20.28 mm, Relación de Zoom 1.0 - 1.2, Relación de tiro 1.30-1.56, Tamaño de la imagen 33” a 320” (0,91m a 10,89m), Distancia proyección para Imagen Estándar Imagen Estándar: 60"" 1,68 m - 2,02 m, Corrección de Keystone -30 grados a + 30 grados, Quick Corner ""SI"", Conectividad HDMI® USB tipo A (para módulo inalámbrico) USB tipo B (para actualización Firmware) Módulo inalámbrico - Módulo Inalámbrico Integrado, Lámpara 210 W UHE, Vida útil de la fuente de iluminación3 6.000 horas (normal); 12.000 horas (Eco), Lámpara de reemplazo V13H010L97, Filtro de reemplazo V13H134A32 Garantía: 2 años de garantía limitada para el videoproyector y garantía limitada de 90 días para la lámpara",ELECTRONICA DE CONSUMO,PROYECTOR,16400.64,22140.86,26241.02,https://static.ctonline.mx/imagenes/PROEPS2640/PROEPS2640_400.jpg,https://static.ctonline.mx/marcas/png/PROYECTOR.png,https://ctonline.mx/buscar/productos?b=PROEPS2640,16400.64,22140.86,19680.77,35%,assets/img/catalog/PROEPS2640.jpg,https://static.ctonline.mx/imagenes/PROEPS2640/PROEPS2640_400.jpg,electronica_consumo,20% garantizado sobre proveedor,https://static.ctonline.mx/imagenes/PROEPS2640/PROEPS2640_400.jpg
PROEPS2650,"Proyector Tiro Regular EPSON Powerlite FH54+ (V11HB59021) , Sistema de proyección tecnología Epson 3LCD de 3 chips, Mont","Proyector Tiro Regular EPSON Powerlite FH54+ (V11HB59021) , Sistema de proyección tecnología Epson 3LCD de 3 chips, Montaje frontal / trasero / techo, Pantalla LCD de .62 pulgadas (C2fine), Método de Proyección Poly-silicon TFT active matrix,  Número de píxeles 2,073,600 pixeles (1,920 px x 1,080 px) x 3, Resolución nativa FULL HD, Relación de aspecto Soporta 16:9, Emisión de luz en color: 4100 lúmenes Brillo blanco Emisión de luz blanca: 4100 lúmenes Relación de contraste hasta 16.000: 1, Reproducción de color hasta 16.77 millones de colores, Bocina monoaural 16W x 1, Lente de Proyección Optical zoom (manual) / Focus (manual), Numero F 1.51 - 1.77, Distancia focal 18.2 mm - 29.1 mm, Relación de Zoom 1.0 - 1.62, Relación de tiro 1.30-2.09, Tamaño de la imagen 31” a 304” (0.88m a 14.29m), Distancia proyección para Imagen Estándar Imagen Estándar: 60"" 1.73 m - 2.80 m, Corrección de Keystone -30 grados a + 30 grados, Quick Corner ""SI"", Conectividad HDMI® USB tipo A (para módulo inalámbrico) USB tipo B (para actualización Firmware) Módulo inalámbrico - Módulo Inalámbrico Integrado, AirPlay® Wi-Fi 6 / Wi-Fi 6E Wi-Fi Certified - Miracast / Lámpara 230 W UHE, Vida útil de la fuente de iluminación3 6.000 horas (normal); 12.000 horas (Eco), Lámpara de reemplazo V13H010L97, Filtro de reemplazo V13H134A54 Garantía: 2 años de garantía limitada para el videoproyector y garantía limitada de 90 días para la lámpara",ELECTRONICA DE CONSUMO,PROYECTOR,19882.48,26841.33,31811.95,https://static.ctonline.mx/imagenes/PROEPS2650/PROEPS2650_400.jpg,https://static.ctonline.mx/marcas/png/PROYECTOR.png,https://ctonline.mx/buscar/productos?b=PROEPS2650,19882.47,26841.33,23858.96,35%,assets/img/catalog/PROEPS2650.jpg,https://static.ctonline.mx/imagenes/PROEPS2650/PROEPS2650_400.jpg,electronica_consumo,20% garantizado sobre proveedor,https://static.ctonline.mx/imagenes/PROEPS2650/PROEPS2650_400.jpg
PROEPS2490,"Proyector Portátil con Android TV EPSON EpiqVision CO-FH02 (V11HA85020) , Sistema de proyección tecnología Epson 3LCD de","Proyector Portátil con Android TV EPSON EpiqVision CO-FH02 (V11HA85020) , Sistema de proyección tecnología Epson 3LCD de 3 chips, Montaje frontal / trasero / techo, Método de Proyección Poly-silicon TFT active matrix, Número de píxeles 2,073,600 pixeles (1,920 px x 1,080 px) x 3 chips, Resolución nativa Full HD, Resolución de pantalla máxima: 4.096 x 2.160 (cambio de tamaño de la pantalla) Resolución de pantalla: 1.920 x 1.200 píxeles, Emisión de luz en color: 3000 lúmenes Brillo blanco Emisión de luz blanca: 3000 lúmenes Relación de contraste hasta 350: 1, Reproducción de color hasta 16.77 millones de colores, Lente de Proyección sin optical zoom (manual) / Focus (manual), Numero F 1.44, Distancia focal 16.4 mm, Relación de Zoom 1.0 - 1.35, Corrección de Keystone -30 grados a + 30 grados, HDMI (HDCP 2.3) x 1 Conector USB tipo B (service) x 1 Conector USB tipo A (DC out 2.0A) x 1, Lámpara 188 W UHE, Vida útil de la fuente de iluminación3 6.000 horas (normal); 12.000 horas (Eco), Contenido de la caja Proyector CO-FH02, cable de alimentación, control remoto y control remoto para SMP, 4 baterías AAA, guía del usuario, hoja de garantía, cable USB, cable HDMI y Epson smart dongle Garantía: 2 años de garantía limitada para el videoproyector y garantía limitada de 90 días para la lámpara",ELECTRONICA DE CONSUMO,PROYECTOR,10908.12,14725.96,17452.99,https://static.ctonline.mx/imagenes/PROEPS2490/PROEPS2490_400.jpg,https://static.ctonline.mx/marcas/png/PROYECTOR.png,https://ctonline.mx/buscar/productos?b=PROEPS2490,10908.12,14725.96,13089.74,35%,assets/img/catalog/PROEPS2490.jpg,https://static.ctonline.mx/imagenes/PROEPS2490/PROEPS2490_400.jpg,electronica_consumo,20% garantizado sobre proveedor,https://static.ctonline.mx/imagenes/PROEPS2490/PROEPS2490_400.jpg
PROEPS2450,"Proyector EPSON Video PowerLite L210W (V11HA70020) Tecnología Epson 3LCD de 3 chips, Modo de Proyección Frontal / Traser","Proyector EPSON Video PowerLite L210W (V11HA70020) Tecnología Epson 3LCD de 3 chips, Modo de Proyección Frontal / Trasera / Montaje Techo, Resolución nativa WXGA, Luminosidad del color y del blanco de 4500 Lúmenes, Relación de contraste hasta 2.500.000:1, Reproducción del color hasta 1 billón de colores, Bocina monoaural: 16W, Tamaño de la imagen 30"" - 300"" [88 cm - 909 cm], Corrección de Keystone V/H +/-30 grados a +/-30 grados, Quick Corner, Dimensiones Ancho 32.5cm x Alto 9 cm x Profundidad 29.9cm, Peso 4.2 Kg, Conectividad D-sub 15pin - Computadora Entrada/RCA Video In (Amarillo x 1) / HDMI / D-sub 15pin - Computadora Salida / Audio Entrada RCA (Blanco x 1, Rojo x1) / Stereo Mini - Entrada Stereo Mini - Salida / Micrófono Entrada / RS-232C / USB Tipo A (PC Free, Actualización Firmware, OSD, 5V/2A Fuente) / USB Tipo B (Actualización Firmware, OSD)  J45 / Wi-Fi CERTIFIED Miracast / Módulo Inalámbrico SI, Vida útil de Fuente de Iluminación Normal 20.000 horas / Extendido 30.000 horas, Tipo de Fuente de Iluminación Laser Diode, Garantía: 3 años limitada  en Centro de Servicio",ELECTRONICA DE CONSUMO,PROYECTOR,19169.87,25879.32,30671.79,https://static.ctonline.mx/imagenes/PROEPS2450/PROEPS2450_400.jpg,https://static.ctonline.mx/marcas/png/PROYECTOR.png,https://ctonline.mx/buscar/productos?b=PROEPS2450,19169.87,25879.32,23003.84,35%,assets/img/catalog/PROEPS2450.jpg,https://static.ctonline.mx/imagenes/PROEPS2450/PROEPS2450_400.jpg,electronica_consumo,20% garantizado sobre proveedor,https://static.ctonline.mx/imagenes/PROEPS2450/PROEPS2450_400.jpg
PROEPS2420,"Proyector Láser de Tiro Corto EPSON Powerlite L210SF Laser (V11HA75020), Sistema de proyección tecnología Epson 3LCD de ","Proyector Láser de Tiro Corto EPSON Powerlite L210SF Laser (V11HA75020), Sistema de proyección tecnología Epson 3LCD de 3 chips, Montaje frontal / trasero / techo, Pantalla LCD de .62-inch (C2fine), Método de Proyección Poly-silicon TFT active matrix, Número de píxeles 2.073.600 píxeles (1920 x 1080) x 3, Resolución nativa Full HD, Relación de aspecto Soporta 16:9, Emisión de luz en color: 4000 lúmenes Brillo blanco Emisión de luz blanca: 4000 lúmenes Relación de contraste 2.500.000: 1, Reproducción de color hasta 1 billón de colores, Bocina monoaural 16W x 1, Lente de Proyección ( Tipo No Optical zoom / Focus (Manual), Numero F 1,6, Distancia focal 6,4mm, Relación de Zoom 1,0 - 1,35 (Digital zoom), Relación de tiro 0.45-0.61, Tamaño de la imagen con interactividad 55"" - 125"" [54 cm - 127 cm], Distancia proyección para Imagen Estándar Imagen Estándar: 90"" screen 91 cm, Corrección de Keystone +/-15 grados a +/-15 grados, Quick Corner ""SI""), Conectividad D-sub 15pin - Computadora Entrada - RCA Video In (Amarillo x 1) HDMI D-sub 15pin - Computadora Salida Audio Entrada RCA (Blanco x 1, Rojo x1) - Stereo Mini - Entrada Stereo Mini - Salida - Micrófono Entrada - RS-232C - USB Tipo A (PC Free, Actualización Firmware, OSD, 5V/2A Fuente) - USB Tipo B (Actualización Firmware, OSD) - RJ45 - Wi-Fi CERTIFIED Miracast - Módulo Inalámbrico Opcional, Vida útil de Fuente de Iluminación Normal 20.000 horas / Extendido 30.000 horas, Garantía: 3 años limitada  en Centro de Servicio",ELECTRONICA DE CONSUMO,PROYECTOR,32606.84,44019.23,52170.94,https://static.ctonline.mx/imagenes/PROEPS2420/PROEPS2420_400.jpg,https://static.ctonline.mx/marcas/png/PROYECTOR.png,https://ctonline.mx/buscar/productos?b=PROEPS2420,32606.84,44019.23,39128.21,35%,assets/img/catalog/PROEPS2420.jpg,https://static.ctonline.mx/imagenes/PROEPS2420/PROEPS2420_400.jpg,electronica_consumo,20% garantizado sobre proveedor,https://static.ctonline.mx/imagenes/PROEPS2420/PROEPS2420_400.jpg
PROEPS2440,"Proyector Láser de Tiro Medio EPSON Powerlite L260F Laser (V11HA69020), Sistema de proyección tecnología Epson 3LCD de 3","Proyector Láser de Tiro Medio EPSON Powerlite L260F Laser (V11HA69020), Sistema de proyección tecnología Epson 3LCD de 3 chips, Montaje frontal / trasero / techo, Método de Proyección Poly-silicon TFT active matrix, Número de píxeles 2.073.600 píxeles (1920 x 1080) x 3, Resolución nativa Full HD, Relación de aspecto Soporta 16:9, Emisión de luz en color: 4600 lúmenes Brillo blanco Emisión de luz blanca: 4600 lúmenes Relación de contraste 2.500.000: 1, Reproducción de color hasta 1.07 billón de colores, Bocina monoaural 16W x 1, Lente de Proyección Optical zoom / Focus (Manual), Numero F 1.51 - 1.77, Distancia focal 18.2mm - 29.1mm, Relación de Zoom 1.0 - 1.62, Relación de tiro 1.32 - 2.12, Tamaño de la imagen 31"" - 310"" [.88m - 9.06m], Corrección de Keystone +/-30 grados a +/-30 grados, Quick Corner ""SI""), Conectividad D-sub 15pin - Computadora Entrada - RCA Video In (Amarillo x 1) HDMI D-sub 15pin - Computadora Salida Audio Entrada RCA (Blanco x 1, Rojo x1) - Stereo Mini - Entrada Stereo Mini - Salida - Micrófono Entrada - RS-232C - USB Tipo A (PC Free, Actualización Firmware, OSD, 5V/2A Fuente) - USB Tipo B (Actualización Firmware, OSD) - RJ45 - Wi-Fi CERTIFIED Miracast - Módulo Wireless: 802.11 b/g/n (2.4 GHz) (DSSS/CCK,OFDM) 802.11 a/n/ac (5 GHz), Vida útil de Fuente de Iluminación Normal 20.000 horas / Extendido 30.000 horas, Garantía: 3 años limitada  en Centro de Servicio",ELECTRONICA DE CONSUMO,PROYECTOR,25575.85,34527.41,40921.38,https://static.ctonline.mx/imagenes/PROEPS2440/PROEPS2440_400.jpg,https://static.ctonline.mx/marcas/png/PROYECTOR.png,https://ctonline.mx/buscar/productos?b=PROEPS2440,25575.86,34527.41,30691.03,35%,assets/img/catalog/PROEPS2440.jpg,https://static.ctonline.mx/imagenes/PROEPS2440/PROEPS2440_400.jpg,electronica_consumo,20% garantizado sobre proveedor,https://static.ctonline.mx/imagenes/PROEPS2440/PROEPS2440_400.jpg
PROEPS2350,"Proyector EPSON Powerlite L630U Laser (V11HA26020) Proyector Láser de Largo Alcance, Sistema de proyección tecnología Ep","Proyector EPSON Powerlite L630U Laser (V11HA26020) Proyector Láser de Largo Alcance, Sistema de proyección tecnología Epson 3LCD de 3 chips, Montaje frontal / trasero / techo, Pantalla LCD de .67-inch (C2fine), Método de Proyección Poly-silicon TFT active matrix,  Número de píxeles 2,304,000 píxeles (1920 x 1200) x 3, Resolución nativa 1920 x 1200 (WUXGA), Relación de aspecto Soporta 4:3, 16:10, 16:9, 16:6, 21:9, Emisión de luz en color: 6200 lúmenes Brillo blanco Emisión de luz blanca: 6200 lúmenes Relación de contraste 2.500.000: 1, Reproducción de color hasta 1.07 billón de colores, Bocina monoaural 10W x 1, Lente de Proyección Optical zoom / Focus (Manual), Numero F 1.5 - 1.7, Distancia focal 20.0mm - 31.8mm, Relación de Zoom 1.0 - 1.6, Relación de tiro 1.35 - 2.20, Tamaño de la imagen 50"" - 500"", Corrección de Keystone +/-30 grados a +/-30 grados, Quick Corner ""SI""), Conectividad D-sub 15pin - Computadora Entrada - RCA Video In (Amarillo x 1) HDMI D-sub 15pin - Computadora Salida Audio Entrada RCA (Blanco x 1, Rojo x1) - Stereo Mini - Entrada Stereo Mini - Salida - Micrófono Entrada - RS-232C - USB Tipo A (PC Free, Actualización Firmware, OSD, 5V/2A Fuente) - USB Tipo B (Actualización Firmware, OSD) - RJ45 - Wi-Fi CERTIFIED Miracast - Módulo Wireless: 802.11 b/g/n (2.4 GHz), Vida útil de Fuente de Iluminación Normal 20.000 horas / Extendido 30.000 horas, Garantía: 3 años limitada  en Centro de Servicio",ELECTRONICA DE CONSUMO,PROYECTOR,60784.19,82058.66,97254.7,https://static.ctonline.mx/imagenes/PROEPS2350/PROEPS2350_400.jpg,https://static.ctonline.mx/marcas/png/PROYECTOR.png,https://ctonline.mx/buscar/productos?b=PROEPS2350,60784.19,82058.66,72941.03,35%,assets/img/catalog/PROEPS2350.jpg,https://static.ctonline.mx/imagenes/PROEPS2350/PROEPS2350_400.jpg,electronica_consumo,20% garantizado sobre proveedor,https://static.ctonline.mx/imagenes/PROEPS2350/PROEPS2350_400.jpg
PROEPS2500,"Proyector Epson Powerlite L775U (V11HA96120) Sistema de proyección con obturador de cristal líquido RGB, Resolución: 192","Proyector Epson Powerlite L775U (V11HA96120) Sistema de proyección con obturador de cristal líquido RGB, Resolución: 1920 x 1200 (WUXGA) 4KE, 7000 lúmenes, método de proyección: Montaje frontal/trasero/techo,  Conectividad del proyector; HDBaseT , 2 entradas HDMI , salida HDMI, RJ-45, RS-232 y herramientas de gestión de control), Dimensiones; 440 x 136 x 339 mm, Peso 8.5kg, Contenido de la caja : Proyector Láser PowerLite® L775U, cable de alimentación, control remoto del proyector con baterías, tarjeta de Referencia Rápida, cubierta de cable. Adaptador inalámbrico: V12H005A02 Garantía limitada por 3 años en centro de servicio",ELECTRONICA DE CONSUMO,PROYECTOR,87599.36,118259.14,140158.98,https://static.ctonline.mx/imagenes/PROEPS2500/PROEPS2500_400.jpg,https://static.ctonline.mx/marcas/png/PROYECTOR.png,https://ctonline.mx/buscar/productos?b=PROEPS2500,87599.36,118259.14,105119.23,35%,assets/img/catalog/PROEPS2500.jpg,https://static.ctonline.mx/imagenes/PROEPS2500/PROEPS2500_400.jpg,electronica_consumo,20% garantizado sobre proveedor,https://static.ctonline.mx/imagenes/PROEPS2500/PROEPS2500_400.jpg
PROEPS2580,"EPSON Powerlite L690U Laser (V11HB29021) Proyector Láser de Tiro Normal, Sistema de proyección Sistema de proyección con","EPSON Powerlite L690U Laser (V11HB29021) Proyector Láser de Tiro Normal, Sistema de proyección Sistema de proyección con obturador de cristal líquido RGB, Método de proyección - Montaje frontal/ Retroproyección/ Techo, Pantalla LCD de .67-inch (C2fine), Método de Proyección Poly-silicon TFT active matrix,  Número de píxeles 2,304,000 píxeles (1920 x 1200) x 3, Resolución nativa 1920 x 1200 (WUXGA), Relación de aspecto Compatible con 4:3 - 16:10 - 16: 9 - 16:6 - 21:9, Emisión de luz en color: 6500 lúmenes Brillo blanco Emisión de luz blanca: 6500 lúmenes, Relación de contraste 5,000,000:1, Reproducción de color hasta 1,070 millones de colores, Tamaño - distancia de proyección 50"" - 500"" (1.27 – 12.7 m), Desplazamiento del lente Vertical: ±50%; Horizontal: ±20%, Corrección trapezoidal Vertical: ±30º - Horizontal: ± 30º, Fuente de luz Diodo láser, Duración de la fuente de luz Normal: 20,000 horas; Silencioso: 20,000 horas; Extendido: 30,000 horas, Tipo Zoom óptico (manual) / enfoque (manual) - Número F 1,5 – 1,7 - Longitud focal 20.0 mm – 31.8 mm -  Relación de zoom 1,0 – 1,6 (óptica) - Distancia a la pantalla 1.35 – 2.20 (óptica) - Cubierta del lente Tapa del lente (sin cordón), HDMI (HDCP 2.3) x 2 -  HDMI de salida x 1 -  HDBaseT x 1 -  Salida de audio variable: Mini estéreo x 1 -  Conector USB Tipo - A x 1 - Conector USB Tipo - B x 1 - Serial: RS-232c x 1 -  LAN con cable RJ45 x 1 -  LAN inalámbrica: Incorporada 802.11 b/g/n/ac/ax (2,4 Ghz), Altavoz 10 W Mono,  Dimensiones sin patas 44 x 30.4 x 12.2 cm - con patas 44 x 34 x 13.7 cm -  Peso 8.21 kg, Garantía: 3 años limitada  en Centro de Servicio",ELECTRONICA DE CONSUMO,EPSON,59913.46,80883.17,95861.54,https://static.ctonline.mx/imagenes/PROEPS2580/PROEPS2580_400.jpg,https://static.ctonline.mx/marcas/png/EPSON.png,https://ctonline.mx/buscar/productos?b=PROEPS2580,59913.46,80883.17,71896.15,35%,assets/img/catalog/PROEPS2580.jpg,https://static.ctonline.mx/imagenes/PROEPS2580/PROEPS2580_400.jpg,electronica_consumo,20% garantizado sobre proveedor,https://static.ctonline.mx/imagenes/PROEPS2580/PROEPS2580_400.jpg
PROEPS2590,"EPSON Powerlite L690SU Laser (V11HB31021) Proyector Láser de Tiro Corto, Sistema de proyección Sistema de proyección con","EPSON Powerlite L690SU Laser (V11HB31021) Proyector Láser de Tiro Corto, Sistema de proyección Sistema de proyección con obturador de cristal líquido RGB, Método de proyección - Montaje frontal/ Retroproyección/ Techo, Pantalla LCD de .67-inch (C2fine), Método de Proyección Poly-silicon TFT active matrix, Número de píxeles 2,304,000 píxeles (1920 x 1200) x 3, Resolución nativa 1920 x 1200 (WUXGA), Relación de aspecto Compatible con 4:3 - 16:10 - 16: 9 - 16:6 - 21:9, Emisión de luz en color: 6200 lúmenes Brillo blanco Emisión de luz blanca: 6200 lúmenes, Relación de contraste 5,000,000:1, Reproducción de color hasta 1,070 millones de colores, Tamaño - distancia de proyección 60"" – 400"" (1.5 – 10.1 m), Desplazamiento del lente Vertical: ±50%; Horizontal: ±20%, Corrección trapezoidal Vertical: ±30º - Horizontal: ± 30º, Fuente de luz Diodo láser, Duración de la fuente de luz Normal: 20,000 horas; Silencioso: 20,000 horas; Extendido: 30,000 horas, Tipo Zoom óptico (manual) / enfoque (manual) - Número F 1.7 – 2.1 - Longitud focal 11.6 mm – 19.9 mm -  Relación de zoom 1.0 – 1.7 (óptica) - Distancia a la pantalla .8 – 1.36 (óptica) - Cubierta del lente Tapa del lente (sin cordón), HDMI (HDCP 2.3) x 2 -  HDMI de salida x 1 -  HDBaseT x 1 -  Salida de audio variable: Mini estéreo x 1 -  Conector USB Tipo - A x 1 - Conector USB Tipo - B x 1 - Serial: RS-232c x 1 -  LAN con cable RJ45 x 1 -  LAN inalámbrica: Incorporada 802.11 b/g/n/ac/ax (2,4 Ghz), Altavoz 10 W Mono,  Dimensiones  Sin patas 44 x 30,4 x 12,2 cm  Con patas 44 x 36,1 x 15 cm  Peso 9,9 kg, Garantía: 3 años limitada  en Centro de Servicio",ELECTRONICA DE CONSUMO,EPSON,83695.51,112988.95,133912.83,https://static.ctonline.mx/imagenes/PROEPS2590/PROEPS2590_400.jpg,https://static.ctonline.mx/marcas/png/EPSON.png,https://ctonline.mx/buscar/productos?b=PROEPS2590,83695.52,112988.95,100434.62,35%,assets/img/catalog/PROEPS2590.jpg,https://static.ctonline.mx/imagenes/PROEPS2590/PROEPS2590_400.jpg,electronica_consumo,20% garantizado sobre proveedor,https://static.ctonline.mx/imagenes/PROEPS2590/PROEPS2590_400.jpg
PROEPS2600,"EPSON Powerlite L695SE Laser (V11HB36120) Proyector Láser de Tiro Corto 4K Enhancement, Sistema de proyección Sistema de","EPSON Powerlite L695SE Laser (V11HB36120) Proyector Láser de Tiro Corto 4K Enhancement, Sistema de proyección Sistema de proyección con obturador de cristal líquido RGB, Método de proyección - Montaje frontal/ Retroproyección/ Techo, Pantalla LCD de .67-inch (C2fine), Método de Proyección Poly-silicon TFT active matrix,  Número de píxeles 2,304,000 píxeles (1920 x 1200) x 3, WUXGA con 4K Enhancement (1920 x 1200 x 2), Resolución en pantalla WUXGA con 4K Enhancement /4,6 millones de pixeles, Relación de aspecto Compatible con 4:3 - 16:10 - 16: 9 - 16:6 - 21:9, Emisión de luz en color: 6000 lúmenes Brillo blanco Emisión de luz blanca: 6000 lúmenes, Relación de contraste 5,000,000:1, Reproducción de color hasta 1,070 millones de colores, Tamaño - distancia de proyección 100"" – 500"" (1.09m – 5.58 m), Desplazamiento del lente Vertical: ±50%; Horizontal: ±20%, Corrección trapezoidal Vertical: ±30º - Horizontal: ± 30º, Fuente de luz Diodo láser, Duración de la fuente de luz Normal: 20,000 horas; Silencioso: 20,000 horas; Extendido: 30,000 horas, Tipo Zoom óptico (manual) / enfoque (manual) - Número F 1.8 – 2.0 - Longitud focal 7.54 mm – 10.55 mm -  Relación de zoom 1.0 – 1.4 (óptica) - Distancia a la pantalla .5 – .7 (óptica) - Cubierta del lente Tapa del lente (sin cordón), HDMI (HDCP 2.3) x 2 -  HDMI de salida x 1 -  HDBaseT x 1 -  Salida de audio variable: Mini estéreo x 1 -  Conector USB Tipo - A x 1 - Conector USB Tipo - B x 1 - Serial: RS-232c x 1 -  LAN con cable RJ45 x 1 -  LAN inalámbrica Opcional ""NO INCLUIDO""(Módulo LAN inalámbrico - ELPAP11) , Altavoz 10 W Mono, Dimensiones Sin patas 44 x 30,4 x 12,1 cm Con patas 44 x 36,1 x 15 cm Peso 9,2 kg, Garantía: 3 años limitada  en Centro de Servicio",ELECTRONICA DE CONSUMO,EPSON,102584.4,138488.94,164135.04,https://static.ctonline.mx/imagenes/PROEPS2600/PROEPS2600_400.jpg,https://static.ctonline.mx/marcas/png/EPSON.png,https://ctonline.mx/buscar/productos?b=PROEPS2600,102584.4,138488.94,123101.28,35%,assets/img/catalog/PROEPS2600.jpg,https://static.ctonline.mx/imagenes/PROEPS2600/PROEPS2600_400.jpg,electronica_consumo,20% garantizado sobre proveedor,https://static.ctonline.mx/imagenes/PROEPS2600/PROEPS2600_400.jpg
PROEPS2610,"EPSON Powerlite L790U Laser (V11HB28021) Proyector Láser de Tiro Normal, Sistema de proyección Sistema de proyección con","EPSON Powerlite L790U Laser (V11HB28021) Proyector Láser de Tiro Normal, Sistema de proyección Sistema de proyección con obturador de cristal líquido RGB, Método de proyección - Montaje frontal/ Retroproyección/ Techo, Pantalla LCD de .67-inch (C2fine), Método de Proyección Poly-silicon TFT active matrix, Número de píxeles 2,304,000 píxeles (1920 x 1200) x 3, Resolución nativa 1920 x 1200 (WUXGA), Relación de aspecto Compatible con 4:3 - 16:10 - 16: 9 - 16:6 - 21:9, Emisión de luz en color: 7300 lúmenes Brillo blanco Emisión de luz blanca: 7300 lúmenes, Relación de contraste 5,000,000:1, Reproducción de color hasta 1,070 millones de colores, Tamaño - distancia de proyección 50"" - 500"" (1.27 – 12.7 m), Desplazamiento del lente Vertical: ±50%; Horizontal: ±20%, Corrección trapezoidal Vertical: ±30º - Horizontal: ± 30º, Fuente de luz Diodo láser, Duración de la fuente de luz Normal: 20,000 horas; Silencioso: 20,000 horas; Extendido: 30,000 horas, Tipo Zoom óptico (manual) / enfoque (manual) - Número F 1.5 – 1.7 - Longitud focal 20.0 mm – 31.8 mm -  Relación de zoom 1.0 – 1.6x (óptica) - Distancia a la pantalla 1.35 – 2.20 (óptica) - Cubierta del lente Tapa del lente (sin cordón), HDMI (HDCP 2.3) x 2 -  HDMI de salida x 1 -  HDBaseT x 1 -  Salida de audio variable: Mini estéreo x 1 -  Conector USB Tipo - A x 1 - Conector USB Tipo - B x 1 - Serial: RS-232c x 1 -  LAN con cable RJ45 x 1 -  LAN inalámbrica: Incorporada 802.11 b/g/n/ac/ax (2,4 Ghz), Altavoz 10 W Mono,  Dimensiones Sin patas 44 x 30,4 x 17,7 cm  Con patas 44 x 34 x 13,7 cm, Peso 8,6 kg, Garantía: 3 años limitada  en Centro de Servicio",ELECTRONICA DE CONSUMO,EPSON,75864.32,102416.82,121382.9,https://static.ctonline.mx/imagenes/PROEPS2610/PROEPS2610_400.jpg,https://static.ctonline.mx/marcas/png/EPSON.png,https://ctonline.mx/buscar/productos?b=PROEPS2610,75864.31,102416.82,91037.17,35%,assets/img/catalog/PROEPS2610.jpg,https://static.ctonline.mx/imagenes/PROEPS2610/PROEPS2610_400.jpg,electronica_consumo,20% garantizado sobre proveedor,https://static.ctonline.mx/imagenes/PROEPS2610/PROEPS2610_400.jpg
PROEPS2620,"EPSON Powerlite L795SE Laser (V11HB26121) Proyector Láser de Tiro Corto 4K Enhancement, Sistema de proyección Sistema de","EPSON Powerlite L795SE Laser (V11HB26121) Proyector Láser de Tiro Corto 4K Enhancement, Sistema de proyección Sistema de proyección con obturador de cristal líquido RGB, Método de proyección - Montaje frontal/ Retroproyección/ Techo, Pantalla LCD de .67-inch (C2fine), Método de Proyección Poly-silicon TFT active matrix, Número de píxeles 2,304,000 píxeles (1920 x 1200) x 3, WUXGA con 4K Enhancement (1920 x 1200 x 2), Resolución en pantalla WUXGA con 4K Enhancement /4,6 millones de pixeles, Relación de aspecto Compatible con 4:3 - 16:10 - 16: 9 - 16:6 - 21:9, Emisión de luz en color: 7000 lúmenes Brillo blanco Emisión de luz blanca: 7000 lúmenes, Relación de contraste 5,000,000:1, Reproducción de color hasta 1,070 millones de colores, Tamaño - distancia de proyección 60"" – 400"" (1.5m – 10.1m), Desplazamiento del lente Vertical: ±50%; Horizontal: ±20%, Corrección trapezoidal Vertical: ±30º - Horizontal: ± 30º, Fuente de luz Diodo láser, Duración de la fuente de luz Normal: 20,000 horas; Silencioso: 20,000 horas; Extendido: 30,000 horas, Tipo Zoom óptico (manual) / enfoque (manual) - Número F 1.7 – 2.1 - Longitud focal 11.6 mm – 19.9 mm -  Relación de zoom 1.0 – 1.7x (óptica) - Distancia a la pantalla .8 – 1.36 (óptica) - Cubierta del lente Tapa del lente (sin cordón), HDMI (HDCP 2.3) x 2 -  HDMI de salida x 1 -  HDBaseT x 1 -  Salida de audio variable: Mini estéreo x 1 -  Conector USB Tipo - A x 1 - Conector USB Tipo - B x 1 - Serial: RS-232c x 1 -  LAN con cable RJ45 x 1 - LAN inalámbrica: Incorporada 802.11 b/g/n/ac/ax (2,4 Ghz) Altavoz 10 W Mono, Dimensiones Sin patas 44 x 30,4 x 12,2 cm  Con patas 44 x 36,1 x 15 cm  Peso 9,2 kg, Garantía: 3 años limitada  en Centro de Servicio",ELECTRONICA DE CONSUMO,EPSON,108573.72,146574.52,173717.95,https://static.ctonline.mx/imagenes/PROEPS2620/PROEPS2620_400.jpg,https://static.ctonline.mx/marcas/png/EPSON.png,https://ctonline.mx/buscar/productos?b=PROEPS2620,108573.72,146574.52,130288.46,35%,assets/img/catalog/PROEPS2620.jpg,https://static.ctonline.mx/imagenes/PROEPS2620/PROEPS2620_400.jpg,electronica_consumo,20% garantizado sobre proveedor,https://static.ctonline.mx/imagenes/PROEPS2620/PROEPS2620_400.jpg
PROEPS2630,"EPSON Powerlite L895E Laser (V11HB24121) Proyector Láser de Tiro Normal 4K Enhancement, Sistema de proyección Sistema de","EPSON Powerlite L895E Laser (V11HB24121) Proyector Láser de Tiro Normal 4K Enhancement, Sistema de proyección Sistema de proyección con obturador de cristal líquido RGB, Método de proyección - Montaje frontal/ Retroproyección/ Techo, Pantalla LCD de .67-inch (C2fine), Método de Proyección Poly-silicon TFT active matrix, Número de píxeles 2,304,000 píxeles (1920 x 1200) x 3, WUXGA con 4K Enhancement (1920 x 1200 x 2), Resolución en pantalla WUXGA con 4K Enhancement /4,6 millones de pixeles, Relación de aspecto Compatible con 4:3 - 16:10 - 16: 9 - 16:6 - 21:9, Emisión de luz en color: 8000 lúmenes Brillo blanco Emisión de luz blanca: 8000 lúmenes, Relación de contraste 5,000,000:1, Reproducción de color hasta 1,070 millones de colores, Tamaño - distancia de proyección 50"" – 500"" (1.27m – 12.7m), Desplazamiento del lente Vertical: ±50%; Horizontal: ±20%, Corrección trapezoidal Vertical: ±30º - Horizontal: ± 30º, Fuente de luz Diodo láser, Duración de la fuente de luz Normal: 20,000 horas; Silencioso: 20,000 horas; Extendido: 30,000 horas, Tipo Zoom óptico (manual) / enfoque (manual) - Número F 1.5 – 1.7 - Longitud focal 20.0 mm –31.8 mm -  Relación de zoom 1.0 – 1.6x (óptica) - Distancia a la pantalla 1.35 – 2.20 (óptica) - Cubierta del lente Tapa del lente (sin cordón), HDMI (HDCP 2.3) x 2 -  HDMI de salida x 1 -  HDBaseT x 1 -  Salida de audio variable: Mini estéreo x 1 -  Conector USB Tipo - A x 1 - Conector USB Tipo - B x 1 - Serial: RS-232c x 1 -  LAN con cable RJ45 x 1 - LAN inalámbrica: Incorporada 802.11 b/g/n/ac/ax (2,4 Ghz) Altavoz 10 W Mono, Dimensiones Sin patas 44 x 30,4 x 12,1 cm Con patas 44 x 34 x 13,7 cm Peso 8,4 kg, Garantía: 3 años limitada  en Centro de Servicio",ELECTRONICA DE CONSUMO,EPSON,99400.64,134190.86,159041.02,https://static.ctonline.mx/imagenes/PROEPS2630/PROEPS2630_400.jpg,https://static.ctonline.mx/marcas/png/EPSON.png,https://ctonline.mx/buscar/productos?b=PROEPS2630,99400.64,134190.86,119280.77,35%,assets/img/catalog/PROEPS2630.jpg,https://static.ctonline.mx/imagenes/PROEPS2630/PROEPS2630_400.jpg,electronica_consumo,20% garantizado sobre proveedor,https://static.ctonline.mx/imagenes/PROEPS2630/PROEPS2630_400.jpg
LMPEPS490,Lampara EPSON para Home Cinema y Pro Cinema (V13H010L89) La lámpara para proyector de ultra alta eficiencia (UHE) Epson ,"Lampara EPSON para Home Cinema y Pro Cinema (V13H010L89) La lámpara para proyector de ultra alta eficiencia (UHE) Epson ELPLP89 Modelos compatibles: 4010, 5040UB, 5040UBe, 5050UB, 5050UBe Pro Cinema 4040, 4050, 6040UB, 6050UB proyectores. Garantía: 90 días limitada en Centro de Servicio",ELECTRONICA DE CONSUMO,LAMPARA,1415.51,37263.33,44163.95,https://static.ctonline.mx/imagenes/LMPEPS490/LMPEPS490_400.jpg,https://static.ctonline.mx/marcas/png/LAMPARA.png,https://ctonline.mx/buscar/productos?b=LMPEPS490,27602.47,37263.33,33122.96,35%,assets/img/catalog/LMPEPS490.jpg,https://static.ctonline.mx/imagenes/LMPEPS490/LMPEPS490_400.jpg,electronica_consumo,20% garantizado sobre proveedor,https://static.ctonline.mx/imagenes/LMPEPS490/LMPEPS490_400.jpg
PROBNQ2230,Proyector BENQ GV11 WVGALED 9H.JR377.59A,Proyector BENQ GV11 WVGALED 9H.JR377.59A,ELECTRONICA DE CONSUMO,PROYECTOR,5139.78,6938.72,8223.66,https://static.ctonline.mx/imagenes/PROBNQ2230/PROBNQ2230_400.jpg,https://static.ctonline.mx/marcas/png/PROYECTOR.png,https://ctonline.mx/buscar/productos?b=PROBNQ2230,5139.79,6938.72,6167.75,35%,assets/img/catalog/PROBNQ2230.jpg,https://static.ctonline.mx/imagenes/PROBNQ2230/PROBNQ2230_400.jpg,electronica_consumo,20% garantizado sobre proveedor,https://static.ctonline.mx/imagenes/PROBNQ2230/PROBNQ2230_400.jpg
PROBNQ2120,"Proyector. BenQ. MS560 9H.JND77.13L. 4,000 ANSI Lúmenes. DLP. Resolución Nativa: SVGA (800X600), Soporta VGA (640X480) h","Proyector. BenQ. MS560 9H.JND77.13L. 4,000 ANSI Lúmenes. DLP. Resolución Nativa: SVGA (800X600), Soporta VGA (640X480) hasta WUXGA_RB (1920X1200). Contraste: 20,000:1. Zoom 1.1X. Tamaño de Imagen: 30"" hasta 300""(Optimo de 60"" a 180""). Vida de Lámpara: 6,000 horas hasta 20,000 horas (Normal / Mayor Ahorro Eco). Corrección trapezoidal Vertical 1D ±40°, 1.07 billones de colores. Entradas: VGA in-out, 2 HDMI (1.4), Video Compuesto in (RCA x 1), S-Video (x1). Audio in – out, RS232 (x1), USB Tipo A y Mini B, Bocina de 10W, IR Receiver. Modo Wireless con Adaptador. Modos de Imagen 3D, Presentación, Hoja de Calculo, Congelamiento de imagen, Zoom Digital, 3D Ready. Contenido: Control Remoto con Batería, Cable de Poder, Cable VGA, Garantía por 2 años en proyector y 1 año en lampara, Guía rápida de inicio. Dimensiones: 296 x 221 x 120 mm. Peso: 2.3 kg. Color: Blanco.",ELECTRONICA DE CONSUMO,PROYECTOR,6344.09,8564.51,10150.53,https://static.ctonline.mx/imagenes/PROBNQ2120/PROBNQ2120_400.jpg,https://static.ctonline.mx/marcas/png/PROYECTOR.png,https://ctonline.mx/buscar/productos?b=PROBNQ2120,6344.08,8564.51,7612.9,35%,assets/img/catalog/PROBNQ2120.jpg,https://static.ctonline.mx/imagenes/PROBNQ2120/PROBNQ2120_400.jpg,electronica_consumo,20% garantizado sobre proveedor,https://static.ctonline.mx/imagenes/PROBNQ2120/PROBNQ2120_400.jpg
PROBNQ2030,"Proyector. BenQ. MX560. 9H.JNE77.13L 4,000 Lúmenes. 3D DLP Ready. DMD de 0.65"" Resolución Nativa : XGA (1024x768), Resol","Proyector. BenQ. MX560. 9H.JNE77.13L 4,000 Lúmenes. 3D DLP Ready. DMD de 0.65"" Resolución Nativa : XGA (1024x768), Resolución Soportada hasta WUXGA (1920 x 1200 ). Contraste: 20,000:1. Formato de Pantalla 4:3 ( 5 Seleccionables), 1.07 Billones de Colores. Zoom 1.1x.  Corrección Trapezoidal 1D,(Auto) Vertical ± 40°. Tamaño de Imagen: Optimo 60"" hasta 180"" ( mínimo 30"" / Max 300"" ). Lámpara: 203W. Vida de Lámpara: 6,000 /  1000 / 15,000 horas (Normal / Eco / Ahorro de Energía). Entradas: HDMI (x2) (1.4a y HDCP 1.4), D-Sub in - out, S-Video in, Video Compuesto en RCA, USB Tipo A x 1, USB Tipo mini B x 1, RS232, Audio in-out, IR Receiver, Bocina 10W. Modo Wireless con QCast. Dimensiones 296 x 221 x 120 mm,  Peso 2.3 kg. Incluye: Control Remoto, Manual de Usuario, Garantía, Cable de Poder y VGA. Color Blanco",ELECTRONICA DE CONSUMO,PROYECTOR,6487.1,8757.57,10379.34,https://static.ctonline.mx/imagenes/PROBNQ2030/PROBNQ2030_400.jpg,https://static.ctonline.mx/marcas/png/PROYECTOR.png,https://ctonline.mx/buscar/productos?b=PROBNQ2030,6487.09,8757.57,7784.51,35%,assets/img/catalog/PROBNQ2030.jpg,https://static.ctonline.mx/imagenes/PROBNQ2030/PROBNQ2030_400.jpg,electronica_consumo,20% garantizado sobre proveedor,https://static.ctonline.mx/imagenes/PROBNQ2030/PROBNQ2030_400.jpg
PROBNQ2460,"Proyector BENQ MW560C, Resolución WXGA (1280 x 800),  4000 Lúmenes, contraste 20,000, HDMI, VGA, USB-A, USB Mini-B, Audi","Proyector BENQ MW560C, Resolución WXGA (1280 x 800),  4000 Lúmenes, contraste 20,000, HDMI, VGA, USB-A, USB Mini-B, Audio In/Out, RS232, receptor IR, Vida de lámpara: Hasta 15,000 h (modo SmartEco™)",ELECTRONICA DE CONSUMO,PROYECTOR,7232.22,9763.48,11571.54,https://static.ctonline.mx/imagenes/PROBNQ2460/PROBNQ2460_400.jpg,https://static.ctonline.mx/marcas/png/PROYECTOR.png,https://ctonline.mx/buscar/productos?b=PROBNQ2460,7232.21,9763.48,8678.65,35%,assets/img/catalog/PROBNQ2460.jpg,https://static.ctonline.mx/imagenes/PROBNQ2460/PROBNQ2460_400.jpg,electronica_consumo,20% garantizado sobre proveedor,https://static.ctonline.mx/imagenes/PROBNQ2460/PROBNQ2460_400.jpg
PROBNQ2490,"Proyecto BENQ GV31, 300 lum, 1080p (1920x1080), Cont. 100,000:1, Fuente de luz LED, Hasta 20,000 horas, Android TV dongl","Proyecto BENQ GV31, 300 lum, 1080p (1920x1080), Cont. 100,000:1, Fuente de luz LED, Hasta 20,000 horas, Android TV dongle, USB-C, DP, HDMI 1.4 x 2, Bocina 4W x 2 + 8W Woofer",ELECTRONICA DE CONSUMO,PROYECTO,10612.9,14327.43,16980.66,https://static.ctonline.mx/imagenes/PROBNQ2490/PROBNQ2490_400.jpg,https://static.ctonline.mx/marcas/png/PROYECTO.png,https://ctonline.mx/buscar/productos?b=PROBNQ2490,10612.91,14327.43,12735.49,35%,assets/img/catalog/PROBNQ2490.jpg,https://static.ctonline.mx/imagenes/PROBNQ2490/PROBNQ2490_400.jpg,electronica_consumo,20% garantizado sobre proveedor,https://static.ctonline.mx/imagenes/PROBNQ2490/PROBNQ2490_400.jpg
PROBNQ2250,"Proyector. BenQ. LW550. 9H.JRT77.13L. 3,000 ANSI Lúmenes. Tecnología DLP. Fuente de Luz LED, Resolución Nativa: WXGA_RB ","Proyector. BenQ. LW550. 9H.JRT77.13L. 3,000 ANSI Lúmenes. Tecnología DLP. Fuente de Luz LED, Resolución Nativa: WXGA_RB (1280x800), Soporta VGA (640X480) hasta WUXGA (1920 x 1200). Contraste: 20,000:1. 1.07 Billones de colores /Rec 709 al 95%. Tamaño de Imagen: Optimo 60""- 150"" (Mínimo 30"" /máximo 300""). Vida de la Fuente de Luz 20000/ 30000 hrs (Normal/Eco). Ajuste Trapezoidal 2D Vertical ±30°/ Horizontol ±30°, Zoom 1.1x. Matriz de lentes de vidrio para una precisión  mas fina.  Entradas: HDMI 1.4 (x2 ), USB tipo A (Energía), RS232, Audio in-out MiniJack 3.5 mm. IR Receiver(frente / atrás). Bocina de 10 Watts, Modos de Imagen Brillante, Presentación, Hoja de Calculo, sRGB, Usuario 1, Usuario 2. Control Remoto c/ batería, Cable de Poder, Guía de Inicio, Garantía. Dimensiones: 303 x 107.4 x 220.7 mm. Peso: 2.6 kg. Color: Blanco.",ELECTRONICA DE CONSUMO,PROYECTOR,10967.74,14806.46,17548.4,https://static.ctonline.mx/imagenes/PROBNQ2250/PROBNQ2250_400.jpg,https://static.ctonline.mx/marcas/png/PROYECTOR.png,https://ctonline.mx/buscar/productos?b=PROBNQ2250,10967.75,14806.46,13161.3,35%,assets/img/catalog/PROBNQ2250.jpg,https://static.ctonline.mx/imagenes/PROBNQ2250/PROBNQ2250_400.jpg,electronica_consumo,20% garantizado sobre proveedor,https://static.ctonline.mx/imagenes/PROBNQ2250/PROBNQ2250_400.jpg
PROBNQ2280,"Proyector BenQ TH575. 9H.JRF77.13L 3,800 ANSI Lúmenes, Proyector Cinema Home / Gaming, FULL HD (1920x1080p ) DLP. Contra","Proyector BenQ TH575. 9H.JRF77.13L 3,800 ANSI Lúmenes, Proyector Cinema Home / Gaming, FULL HD (1920x1080p ) DLP. Contraste 15,000:1 Corrección Trapezoidal 1D, Vertical +/- 40º, 1.07 Billones de Colores( 30 Bits). Resoluciones Soportadas: VGA hasta WUXGA_RB. Formato de Pantalla  16:9 nativa (4:3/Auto),  Tamaño de imagen: optimo  70"" a 150"" ( mínimo 30"" / máximo  300""). Vida de Lampara 6000 / 10000 / 15000 horas ( Normal / Eco y SmartEco / Ahorro de Lampara ). Entradas HDMI x 2, USB Tipo A 2.0 (Energía) USB Tipo miniB RS232, IR Receiver (x2), Bocina 10W x 1. Audio in/out (mini jack). Funciones Auto apagado, Juego, 3D, BrillantColor, Cinematic Color Rec. 709, 3D Ready. Incluye: Cable de Poder, Guía de Inicio Rápido, Garantía por Región, Control Remoto. Dimensiones 296 x 120 x 221 mm. Peso 2.6 Kg. Color Blanco. Garantía 3 años en proyector, 1 año en lámpara o 1200 horas llevados en centros de servicio.",ELECTRONICA DE CONSUMO,PROYECTOR,13454.84,18164.03,21527.74,https://static.ctonline.mx/imagenes/PROBNQ2280/PROBNQ2280_400.jpg,https://static.ctonline.mx/marcas/png/PROYECTOR.png,https://ctonline.mx/buscar/productos?b=PROBNQ2280,13454.84,18164.03,16145.81,35%,assets/img/catalog/PROBNQ2280.jpg,https://static.ctonline.mx/imagenes/PROBNQ2280/PROBNQ2280_400.jpg,electronica_consumo,20% garantizado sobre proveedor,https://static.ctonline.mx/imagenes/PROBNQ2280/PROBNQ2280_400.jpg
PROBNQ2450,"Proyector BENQ LW600ST+  WXGA TIRO CORTO, 4LED (20,000-30,000 hrs)  94% REC 709 3,200 ANSI lúmenes,  WXGA (1280 x 800), ","Proyector BENQ LW600ST+  WXGA TIRO CORTO, 4LED (20,000-30,000 hrs)  94% REC 709 3,200 ANSI lúmenes,  WXGA (1280 x 800), Conectores: HDMI (1.4b/HDCP1.2/1.4) x 2, USB tipo A (2.0 Power 1.5 A ) x1, USB tipo A (2.0 Para dongle) x1, RS232 x1, Audio out (jack 3.5 mm) y Bocina 10W x 1",ELECTRONICA DE CONSUMO,PROYECTOR,15006.45,20258.71,24010.32,https://static.ctonline.mx/imagenes/PROBNQ2450/PROBNQ2450_400.jpg,https://static.ctonline.mx/marcas/png/PROYECTOR.png,https://ctonline.mx/buscar/productos?b=PROBNQ2450,15006.45,20258.71,18007.74,35%,assets/img/catalog/PROBNQ2450.jpg,https://static.ctonline.mx/imagenes/PROBNQ2450/PROBNQ2450_400.jpg,electronica_consumo,20% garantizado sobre proveedor,https://static.ctonline.mx/imagenes/PROBNQ2450/PROBNQ2450_400.jpg
PROBNQ2520,"Proyector BENQ LH550H 3,000 lum, FHD (1920x1080), Cont. 15,000:1, Zoom 1.1x, Fuente de luz LED, Hasta 30,000 horas (ECO)","Proyector BENQ LH550H 3,000 lum, FHD (1920x1080), Cont. 15,000:1, Zoom 1.1x, Fuente de luz LED, Hasta 30,000 horas (ECO), USB Tipo A, HDMI 1.4 x 2, RS232 in (DB-9pin), Bocina 10W x 1 9H.JRV77.1LL",ELECTRONICA DE CONSUMO,PROYECTOR,16262.37,21954.19,26019.78,https://static.ctonline.mx/imagenes/PROBNQ2520/PROBNQ2520_400.jpg,https://static.ctonline.mx/marcas/png/PROYECTOR.png,https://ctonline.mx/buscar/productos?b=PROBNQ2520,16262.36,21954.19,19514.83,35%,assets/img/catalog/PROBNQ2520.jpg,https://static.ctonline.mx/imagenes/PROBNQ2520/PROBNQ2520_400.jpg,electronica_consumo,20% garantizado sobre proveedor,https://static.ctonline.mx/imagenes/PROBNQ2520/PROBNQ2520_400.jpg
PROBNQ2300,"Proyector. BenQ. LW650. 9H.JS677.13L. 4,000 ANSI Lúmenes. Tecnología DLP. Fuente de Luz LASER, Resolución Nativa: WXGA (","Proyector. BenQ. LW650. 9H.JS677.13L. 4,000 ANSI Lúmenes. Tecnología DLP. Fuente de Luz LASER, Resolución Nativa: WXGA (1280 x 800 pix.), Resoluciones Soportas VGA (640X480) 4K UHD (3840 x 2160). Contraste: 3,000,000:1 (FOFO). Vida Fuente de Iluminación 54W / 20,000 hrs (operación 24/7), 1.07 Billones de colores /Rec 709 al 90%, Corrección Trapezoidal 2D, Auto Vertical ±30°/ Horizontal ± 30°. Tamaño de Imagen: Optimo 60""- 150"" (Mínimo 30"" / Máximo 300""). Zoom 1.3x.  Entradas: HDMI 2.0 in (x2 ), RS232, USB Tipo A (x2), USB Tipo C, Audio out MiniJack 3.5 mm. IR Receiver(frente / atrás). Bocina de 10 Watts, 30 idiomas, Características Brillant Color, Congelamiento de imagen, Zoom Digital, Corrección esquinas,  Desplazamiento Digital. Dimensiones: 303 x 112.4 x 224.7 mm. Peso: 2.9 kg. Color: Blanco. Incluye: Control Remoto c/ batería, Cable de Poder, Guía de Inicio, Garantía. 3 años de garantía en todo.",ELECTRONICA DE CONSUMO,PROYECTOR,16474.19,22240.16,26358.7,https://static.ctonline.mx/imagenes/PROBNQ2300/PROBNQ2300_400.jpg,https://static.ctonline.mx/marcas/png/PROYECTOR.png,https://ctonline.mx/buscar/productos?b=PROBNQ2300,16474.19,22240.16,19769.03,35%,assets/img/catalog/PROBNQ2300.jpg,https://static.ctonline.mx/imagenes/PROBNQ2300/PROBNQ2300_400.jpg,electronica_consumo,20% garantizado sobre proveedor,https://static.ctonline.mx/imagenes/PROBNQ2300/PROBNQ2300_400.jpg
PROBNQ2290,"Proyector BenQ TH685I. 9H.JNK77.17L. 3,500 ANSI Lúmenes, Proyector Cinema Home / Gaming, FULL HD (1920x1080p ) DLP. Cont","Proyector BenQ TH685I. 9H.JNK77.17L. 3,500 ANSI Lúmenes, Proyector Cinema Home / Gaming, FULL HD (1920x1080p ) DLP. Contraste 10,000:1 (*FOFO), Corrección Trapezoidal 1D, Vertical +/- 40º, 1.07 Billones de Colores( 30 Bits). Cobertura de Color 95% Rec. 709, Resoluciones soportadas: VGA hasta WUXGA_RB. Formato de Pantalla 16:9 nativa (4:3/ 16:10 / Auto),  Tamaño de imagen: optimo  60"" a 200"" ( mínimo 30"" / máximo  300""). Vida de Lampara 4000 / 8000 / 10000 / 15000 horas ( Normal / Eco / SmartEco / Ahorro de Lampara ). Entradas HDMI x 2 (HDMI  Interno es para Dongle), VGA in, Video Compartido con Video Componentes ) USB Tipo A 2.0 (Energía), RS232, IR Receiver (x2), Bocina 5W x 1. Audio in/out (mini jack), Audio EQ, HDMI-ARC_5.1 Canales. Funciones VIDI, Auto apagado, BrillantColor, HDR, Zoom Digital, CinemaMaster Audio+2, 3D Ready, Espacio para dongle. Incluye: Cable de Poder, Guía de Inicio Rápido, Garantía por Región, Control Remoto, Android TV dongle. Dimensiones 312 x 225 x 110 mm. Peso 2.8 Kg. Color Blanco. Garantía 3 años en proyector, 1 año en lámpara o 1200 horas llevados en centros de servicio.",ELECTRONICA DE CONSUMO,PROYECTOR,17919.35,24191.14,28670.98,https://static.ctonline.mx/imagenes/PROBNQ2290/PROBNQ2290_400.jpg,https://static.ctonline.mx/marcas/png/PROYECTOR.png,https://ctonline.mx/buscar/productos?b=PROBNQ2290,17919.36,24191.14,21503.23,35%,assets/img/catalog/PROBNQ2290.jpg,https://static.ctonline.mx/imagenes/PROBNQ2290/PROBNQ2290_400.jpg,electronica_consumo,20% garantizado sobre proveedor,https://static.ctonline.mx/imagenes/PROBNQ2290/PROBNQ2290_400.jpg
PROBNQ2430,"Proyector. BenQ. TK700ST. 9H.JP877.17L 3,000 ANSI Lúmenes. DLP. Resolución Nativa: 4K (3840x2160). Contraste FOFO: 10,00","Proyector. BenQ. TK700ST. 9H.JP877.17L 3,000 ANSI Lúmenes. DLP. Resolución Nativa: 4K (3840x2160). Contraste FOFO: 10,000:1. Tamaño de Imagen: 60"" hasta 200""(optimo), Máximo 300"". Colores: 30 bits, 1.07 billones con cobertura 96% Rec. 709. Zoom 1.2x. Corrección trapezoidal 3D, Vertical ±40° / Horizontal ±40° / Rotación ±40°. Modo de Imagen 3D / Brillante / Cine / Game: HDR y HDR Game / Sala de Casa / Deportes / Usuario.  Formato de Pantalla 16:9 ( Nativo) / 4:3 / Auto. Resoluciones Soportadas VGA hasta 4K. Lámpara 4,000 / 8,000 / 10,000 / 15,000 hrs ( Normal / SmartEco / Eco / Ahorro de Lampara ), Entradas: HDMI x2, Audio out, USB Tipo A x1, RS232, IR reciever x2, Audio EQ, Bocina 5W, HDMI Audio eARC. BrillantColor, Enfriamiento Rápido, Altitudes Elevadas, CinemaMaster Audio +2, Tecnología LumiExpert. Incluye: Control Remoto, Cable de Poder, Garantia, Guía Inicio Rápido.  Dimensiones: 312 x 110 x 246 mm. Peso: 3.1 kg. Color Blanco / Gris.",ELECTRONICA DE CONSUMO,PROYECTOR,24275.27,32771.61,38840.43,https://static.ctonline.mx/imagenes/PROBNQ2430/PROBNQ2430_400.jpg,https://static.ctonline.mx/marcas/png/PROYECTOR.png,https://ctonline.mx/buscar/productos?b=PROBNQ2430,24275.27,32771.61,29130.32,35%,assets/img/catalog/PROBNQ2430.jpg,https://static.ctonline.mx/imagenes/PROBNQ2430/PROBNQ2430_400.jpg,electronica_consumo,20% garantizado sobre proveedor,https://static.ctonline.mx/imagenes/PROBNQ2430/PROBNQ2430_400.jpg
PROBNQ2220,"Proyector BenQ W1800i. 9H.JNS77.13L. 2,000 ANSI Lúmenes, Proyector Home Cinema, 4K (3840x2160). Contraste 10,000:1 (*FOF","Proyector BenQ W1800i. 9H.JNS77.13L. 2,000 ANSI Lúmenes, Proyector Home Cinema, 4K (3840x2160). Contraste 10,000:1 (*FOFO), Corrección Trapezoidal 3D, Vertical ± 40º, Horizontal ±40°, Rotacion ± 40° 1.07 Billones de Colores( 30 Bits). Cobertura de Color 100% Rec. 709, Resoluciónes soportadas: VGA hasta 4K UHD (3840 x 2160 ). Formato de Pantalla 16:9 nativa (4:3 / Auto), Tamaño de imagen: optimo  60"" a 200"" ( maximo  300""). Vida de Lampara 4000 / 8000 / 10000 / 15000 horas ( Normal / Eco / SmartEco / Ahorro de Lampara ). Entradas HDMI x 2, USB Tipo A 2.0 (Energia), RS232, IR Receiver (x2), Bocina 5W x 1. Audio out (3.5 Mini Jack), HDMI Audio eARC 7.1 Canales. Funciones BrillantColor™, Enfriamiento rapido, HDR, Bloqueo de Panel, CinemaMaster Audio+2, 3D Ready, USB Reader, Cinematic Color, FILMAMAKER. Input LAG: 16 ms, 4 ms, 8 ms. SO integrado Android 10.0, Bluetooth 4.2,Estándar Wi-Fi 802.11 a/b/g/n/ac (2,4G/5G) Proyección inalámbrica Google Cast, Incluye: Cable de Poder, Guía de Inicio Rápido, Garantia por Región, Control Remoto, Android TV dongle. Dimensiones 312 x 110 x 246 mm. Peso 3.1 Kg. Color Blanco / Gris. Garantía 3 años en Proyector, 1 año en Lámpara o 1200 horas llevados en Centros de Servicio.",ELECTRONICA DE CONSUMO,PROYECTOR,27096.77,36580.64,43354.83,https://static.ctonline.mx/imagenes/PROBNQ2220/PROBNQ2220_400.jpg,https://static.ctonline.mx/marcas/png/PROYECTOR.png,https://ctonline.mx/buscar/productos?b=PROBNQ2220,27096.77,36580.64,32516.12,35%,assets/img/catalog/PROBNQ2220.jpg,https://static.ctonline.mx/imagenes/PROBNQ2220/PROBNQ2220_400.jpg,electronica_consumo,20% garantizado sobre proveedor,https://static.ctonline.mx/imagenes/PROBNQ2220/PROBNQ2220_400.jpg
PROBNQ2340,"Proyector BENQ LH856UST 9H.JS177.24L 3,500 lum, LASER, Full HD (1920x1080), DLP, TIRO ULTRA CORTO, 20,000 hrs (Normal) -","Proyector BENQ LH856UST 9H.JS177.24L 3,500 lum, LASER, Full HD (1920x1080), DLP, TIRO ULTRA CORTO, 20,000 hrs (Normal) - 38,000 hrs (ECO), (x2),HDMI-1 (2.0b/HDCP2.2),HDMI-2 (2.0b/HDCP2.2), RJ-45 (LAN), , Bocina 10W x 2",ELECTRONICA DE CONSUMO,PROYECTOR,36478.49,49245.96,58365.58,https://static.ctonline.mx/imagenes/PROBNQ2340/PROBNQ2340_400.jpg,https://static.ctonline.mx/marcas/png/PROYECTOR.png,https://ctonline.mx/buscar/productos?b=PROBNQ2340,36478.49,49245.96,43774.19,35%,assets/img/catalog/PROBNQ2340.jpg,https://static.ctonline.mx/imagenes/PROBNQ2340/PROBNQ2340_400.jpg,electronica_consumo,20% garantizado sobre proveedor,https://static.ctonline.mx/imagenes/PROBNQ2340/PROBNQ2340_400.jpg
PROBNQ2500,"Proyector láser BenQ LW550H WXGA de 3,500 lúmenes, ideal para salas de juntas, aulas y espacios medianos. Ofrece imagen ","Proyector láser BenQ LW550H WXGA de 3,500 lúmenes, ideal para salas de juntas, aulas y espacios medianos. Ofrece imagen clara incluso con luz ambiente, larga vida útil, bajo mantenimiento y conectividad flexible, brindando una solución confiable y eficiente para presentaciones profesionales y educativas.",ELECTRONICA DE CONSUMO,PROYECTOR,11817.2,15953.22,18907.52,https://static.ctonline.mx/imagenes/PROBNQ2500/PROBNQ2500_400.jpg,https://static.ctonline.mx/marcas/png/PROYECTOR.png,https://ctonline.mx/buscar/productos?b=PROBNQ2500,11817.2,15953.22,14180.64,35%,assets/img/catalog/PROBNQ2500.jpg,https://static.ctonline.mx/imagenes/PROBNQ2500/PROBNQ2500_400.jpg,electronica_consumo,20% garantizado sobre proveedor,https://static.ctonline.mx/imagenes/PROBNQ2500/PROBNQ2500_400.jpg
PROBNQ1640,"Proyector. BenQ. TH671ST 9H.JGY77.13L 3,000 ANSI Lúmenes. DLP, 3D Ready, Tiro Corto. Resolución Nativa: Full HD (1920x10","Proyector. BenQ. TH671ST 9H.JGY77.13L 3,000 ANSI Lúmenes. DLP, 3D Ready, Tiro Corto. Resolución Nativa: Full HD (1920x1080) Contraste: 10,000:1. Tamaño de Imagen: 30"" hasta máximo 300"". Colores: 30 bits, 1.07 billones. Zoom 1.2x. Corrección Trapezoidal Vertical +/- 40° Formato de Pantalla 16:9 (5 formatos seleccionables). Resoluciones Soportadas VGA hasta WUXGA_RB. Lámpara 240W, Vida de la lámpara 4,000hrs normal/ 10,000 hrs económico / 15,000 hrs ahorro de lámpara. Entradas: HDMI(1.4) x2 compartido con MHL/HDCP, VGA in-out, Bocina 5W, Audio in-out, RS232, USB tipo A  y mini B. Incluye: Control Remoto, Cable VGA, Cable de Poder, Garantía. Dimensiones: 296 x 120 x 244 mm. Peso: 2.7 kg. Color Blanco con detalles en Rojo.",ELECTRONICA DE CONSUMO,PROYECTOR,17084.95,23064.68,27335.92,https://static.ctonline.mx/imagenes/PROBNQ1640/PROBNQ1640_400.jpg,https://static.ctonline.mx/marcas/png/PROYECTOR.png,https://ctonline.mx/buscar/productos?b=PROBNQ1640,17084.95,23064.68,20501.94,35%,assets/img/catalog/PROBNQ1640.jpg,https://static.ctonline.mx/imagenes/PROBNQ1640/PROBNQ1640_400.jpg,electronica_consumo,20% garantizado sobre proveedor,https://static.ctonline.mx/imagenes/PROBNQ1640/PROBNQ1640_400.jpg
PROBNQ2110,"Proyector. BenQ. LU935ST. 9H.JNC77.15L. 5,500 ANSI Lúmenes. TIRO CORTO, Tecnología DLP. Fuente de Luz Laser, Resolución ","Proyector. BenQ. LU935ST. 9H.JNC77.15L. 5,500 ANSI Lúmenes. TIRO CORTO, Tecnología DLP. Fuente de Luz Laser, Resolución Nativa: WUXGA (1920x1200), Contraste (FOFO): 3,000,000:1. 1.07 Billones de colores(30-bit) /Rec 709 al 92%. Tamaño de Imagen: Optimo 60""- 200"" (Mínimo 30"" /máximo hasta 300""). Vida de Fuente de Luz 20,000 hrs. Corrección Trapezoidal 2D, Vertical ±30°, Horizontal ±30°. Zoom 1.1x.  Modos de Imagen: 3D, Brillo, DICOM SIM, Presentación, sRGB. Resolución Soportada VGA (640 x 480) hasta 4K UHD (3840 x 2160 ). Entradas: VGA in-out, HDMI (x2 ), USB Tipo A, 3D Sync in / out, RJ45, HDBaseT, RS323, Trigger 3.5, Control Remoto in, IR Receiver, Bocina de 10W(x2), Audio L/R in(RCA), Audio in-out (Mini Jack). Características BrillantColor, Memoria de imagen, Desplazamiento de lente, Congelamiento de imagen, 3D Ready, Operación 24/7, Instalación 360° Vertical u Horizontal, Clasificación de protección IP5X, DMS Local, DustGuard Pro. Control Remoto c/ batería, Cable de Poder, Guía de Instalación, Garantía. Dimensiones: 416 x 166 x 351 mm. Peso: 7 kg. Color: Negro.",ELECTRONICA DE CONSUMO,PROYECTOR,57413.98,77508.86,91862.35,https://static.ctonline.mx/imagenes/PROBNQ2110/PROBNQ2110_400.jpg,https://static.ctonline.mx/marcas/png/PROYECTOR.png,https://ctonline.mx/buscar/productos?b=PROBNQ2110,57413.97,77508.86,68896.76,35%,assets/img/catalog/PROBNQ2110.jpg,https://static.ctonline.mx/imagenes/PROBNQ2110/PROBNQ2110_400.jpg,electronica_consumo,20% garantizado sobre proveedor,https://static.ctonline.mx/imagenes/PROBNQ2110/PROBNQ2110_400.jpg
PROBNQ2180,"Proyector. BenQ. LU935. 9H.JNN77.15L. 6,000 ANSI Lúmenes. Tecnología DLP. Fuente de Luz Laser, Resolución Nativa: WUXGA ","Proyector. BenQ. LU935. 9H.JNN77.15L. 6,000 ANSI Lúmenes. Tecnología DLP. Fuente de Luz Laser, Resolución Nativa: WUXGA (1920x1200), Contraste (FOFO): 3,000,000:1. 1.07 Billones de colores(30-bit) /Rec 709 al 92%. Tamaño de Imagen: Optimo 60""- 200"" (Mínimo 30"" /máximo hasta 300""). Vida de Fuente de Luz 20,000 hrs. Corrección Trapezoidal 2D, Vertical ±30°, Horizontal ±30°. Desplazamiento de Lente Horizontal - Vertical. Zoom 1.6x. Modos de Imagen: 3D, Brillante, Infografía, Presentación, sRGB. Resolución Soportada VGA (640 x 480) hasta 4K UHD (3840 x 2160 ). Entradas: VGA in-out, HDMI (x2 ), USB Tipo A, 3D Sync in / out, RJ45, HDBaseT, RS323, Trigger 3.5, Control Remoto in, IR Receiver, 2 Bocinas de 10W cada uno, Audio L/R in(RCA), Audio in-out (Mini Jack). Características BrillantColor, DynamicBlack, Desplazamiento de lente, Congelamiento de imagen, 3D Ready, Operación 24/7, Instalación 360° Vertical u Horizontal, Clasificación de protección IP5X, DMS Local, DustGuard Pro. Control Remoto c/ batería, Cable de Poder, Guía de Instalación, Garantía. Dimensiones: 416 x 166 x 351 mm. Peso: 7 kg. Color: Negro.",ELECTRONICA DE CONSUMO,PROYECTOR,49654.84,67034.03,79447.74,https://static.ctonline.mx/imagenes/PROBNQ2180/PROBNQ2180_400.jpg,https://static.ctonline.mx/marcas/png/PROYECTOR.png,https://ctonline.mx/buscar/productos?b=PROBNQ2180,49654.84,67034.03,59585.81,35%,assets/img/catalog/PROBNQ2180.jpg,https://static.ctonline.mx/imagenes/PROBNQ2180/PROBNQ2180_400.jpg,electronica_consumo,20% garantizado sobre proveedor,https://static.ctonline.mx/imagenes/PROBNQ2180/PROBNQ2180_400.jpg
PROBNQ2380,"Proyector láser BenQ LU9800 profesional de alta luminosidad (10,000 lúmenes) y resolución WUXGA, diseñado para grandes a","Proyector láser BenQ LU9800 profesional de alta luminosidad (10,000 lúmenes) y resolución WUXGA, diseñado para grandes auditorios, eventos y aplicaciones corporativas. Ofrece imagen brillante y precisa, larga vida útil del láser, operación confiable 24/7 y flexibilidad de instalación, garantizando presentaciones de alto impacto incluso en espacios amplios y bien iluminados.",ELECTRONICA DE CONSUMO,PROYECTOR,227586.02,307241.14,364137.65,https://static.ctonline.mx/imagenes/PROBNQ2380/PROBNQ2380_400.jpg,https://static.ctonline.mx/marcas/png/PROYECTOR.png,https://ctonline.mx/buscar/productos?b=PROBNQ2380,227586.03,307241.14,273103.24,35%,assets/img/catalog/PROBNQ2380.jpg,https://static.ctonline.mx/imagenes/PROBNQ2380/PROBNQ2380_400.jpg,electronica_consumo,20% garantizado sobre proveedor,https://static.ctonline.mx/imagenes/PROBNQ2380/PROBNQ2380_400.jpg
ACCBNQ420,Lente para Proyector BenQ LS1SD. 5J.JAM37.001 STANDARD LS1SD PRJ XGA: 1.79~2.35 : 1 / WXGA: 1.73~2.27 : 1,Lente para Proyector BenQ LS1SD. 5J.JAM37.001 STANDARD LS1SD PRJ XGA: 1.79~2.35 : 1 / WXGA: 1.73~2.27 : 1,ELECTRONICA DE CONSUMO,LENTE,19353.33,26127.0,30965.33,https://static.ctonline.mx/imagenes/ACCBNQ420/ACCBNQ420_400.jpg,https://static.ctonline.mx/marcas/png/LENTE.png,https://ctonline.mx/buscar/productos?b=ACCBNQ420,19353.33,26127.0,23224.0,35%,assets/img/catalog/ACCBNQ420.jpg,https://static.ctonline.mx/imagenes/ACCBNQ420/ACCBNQ420_400.jpg,electronica_consumo,20% garantizado sobre proveedor,https://static.ctonline.mx/imagenes/ACCBNQ420/ACCBNQ420_400.jpg
ACCBNQ430,Lente para Proyector BenQ LS1ST2. 5J.JAM37.061. ULTRA WIDE ZOOM LS1ST2  PRJ  XGA: 0.77~0.97 : 1 / WXGA: 0.75~0.93 : 1,Lente para Proyector BenQ LS1ST2. 5J.JAM37.061. ULTRA WIDE ZOOM LS1ST2  PRJ  XGA: 0.77~0.97 : 1 / WXGA: 0.75~0.93 : 1,ELECTRONICA DE CONSUMO,LENTE,75317.78,101679.0,120508.45,https://static.ctonline.mx/imagenes/ACCBNQ430/ACCBNQ430_400.jpg,https://static.ctonline.mx/marcas/png/LENTE.png,https://ctonline.mx/buscar/productos?b=ACCBNQ430,75317.78,101679.0,90381.34,35%,assets/img/catalog/ACCBNQ430.jpg,https://static.ctonline.mx/imagenes/ACCBNQ430/ACCBNQ430_400.jpg,electronica_consumo,20% garantizado sobre proveedor,https://static.ctonline.mx/imagenes/ACCBNQ430/ACCBNQ430_400.jpg
ACCBNQ440,Lente para Proyector  BenQ LS1ST3. 5J.JAM37.011. WIDE FIX LS1ST3  XGA: 0.79 : 1 / WXGA: 0.76 : 1,Lente para Proyector  BenQ LS1ST3. 5J.JAM37.011. WIDE FIX LS1ST3  XGA: 0.79 : 1 / WXGA: 0.76 : 1,ELECTRONICA DE CONSUMO,LENTE,55853.33,75402.0,89365.33,https://static.ctonline.mx/imagenes/ACCBNQ440/ACCBNQ440_400.jpg,https://static.ctonline.mx/marcas/png/LENTE.png,https://ctonline.mx/buscar/productos?b=ACCBNQ440,55853.33,75402.0,67024.0,35%,assets/img/catalog/ACCBNQ440.jpg,https://static.ctonline.mx/imagenes/ACCBNQ440/ACCBNQ440_400.jpg,electronica_consumo,20% garantizado sobre proveedor,https://static.ctonline.mx/imagenes/ACCBNQ440/ACCBNQ440_400.jpg
ACCBNQ450,Lente para Proyector BenQ LS1ST4. 5J.JCY37.001. UST 0.39 LS1ST4. XGA: 0.392 / WXGA: 0.395 / WUXGA: 0.377,Lente para Proyector BenQ LS1ST4. 5J.JCY37.001. UST 0.39 LS1ST4. XGA: 0.392 / WXGA: 0.395 / WUXGA: 0.377,ELECTRONICA DE CONSUMO,LENTE,144711.11,195360.0,231537.78,https://static.ctonline.mx/imagenes/ACCBNQ450/ACCBNQ450_400.jpg,https://static.ctonline.mx/marcas/png/LENTE.png,https://ctonline.mx/buscar/productos?b=ACCBNQ450,144711.11,195360.0,173653.33,35%,assets/img/catalog/ACCBNQ450.jpg,https://static.ctonline.mx/imagenes/ACCBNQ450/ACCBNQ450_400.jpg,electronica_consumo,20% garantizado sobre proveedor,https://static.ctonline.mx/imagenes/ACCBNQ450/ACCBNQ450_400.jpg
ACCBNQ460,"Lente para Proyector BenQ LS1ST1 5J.JAM37.021. WIDE ZOOM LS1ST1, XGA: 1.31~1.85 : 1 / WXGA: 1.25~1.79 : 1","Lente para Proyector BenQ LS1ST1 5J.JAM37.021. WIDE ZOOM LS1ST1, XGA: 1.31~1.85 : 1 / WXGA: 1.25~1.79 : 1",ELECTRONICA DE CONSUMO,LENTE,55853.33,75402.0,89365.33,https://static.ctonline.mx/imagenes/ACCBNQ460/ACCBNQ460_400.jpg,https://static.ctonline.mx/marcas/png/LENTE.png,https://ctonline.mx/buscar/productos?b=ACCBNQ460,55853.33,75402.0,67024.0,35%,assets/img/catalog/ACCBNQ460.jpg,https://static.ctonline.mx/imagenes/ACCBNQ460/ACCBNQ460_400.jpg,electronica_consumo,20% garantizado sobre proveedor,https://static.ctonline.mx/imagenes/ACCBNQ460/ACCBNQ460_400.jpg
ACCBNQ470,Lente para  Proyector BenQ LS1LT1 5J.JAM37.051. SEMI LONG LS1LT1 XGA: 2.33~3.81 : 1 / WXGA: 2.22~3.67 : 1,Lente para  Proyector BenQ LS1LT1 5J.JAM37.051. SEMI LONG LS1LT1 XGA: 2.33~3.81 : 1 / WXGA: 2.22~3.67 : 1,ELECTRONICA DE CONSUMO,LENTE,55853.33,75402.0,89365.33,https://static.ctonline.mx/imagenes/ACCBNQ470/ACCBNQ470_400.jpg,https://static.ctonline.mx/marcas/png/LENTE.png,https://ctonline.mx/buscar/productos?b=ACCBNQ470,55853.33,75402.0,67024.0,35%,assets/img/catalog/ACCBNQ470.jpg,https://static.ctonline.mx/imagenes/ACCBNQ470/ACCBNQ470_400.jpg,electronica_consumo,20% garantizado sobre proveedor,https://static.ctonline.mx/imagenes/ACCBNQ470/ACCBNQ470_400.jpg
ACCBNQ480,Lente para Proyector BenQ LS1LT3 5J.JAM37.041. LONG ZOOM2 LS1LT3 XGA: 5.5~8.56 : 1 / WXGA: 5.31~8.26 : 1,Lente para Proyector BenQ LS1LT3 5J.JAM37.041. LONG ZOOM2 LS1LT3 XGA: 5.5~8.56 : 1 / WXGA: 5.31~8.26 : 1,ELECTRONICA DE CONSUMO,LENTE,55853.33,75402.0,89365.33,https://static.ctonline.mx/imagenes/ACCBNQ480/ACCBNQ480_400.jpg,https://static.ctonline.mx/marcas/png/LENTE.png,https://ctonline.mx/buscar/productos?b=ACCBNQ480,55853.33,75402.0,67024.0,35%,assets/img/catalog/ACCBNQ480.jpg,https://static.ctonline.mx/imagenes/ACCBNQ480/ACCBNQ480_400.jpg,electronica_consumo,20% garantizado sobre proveedor,https://static.ctonline.mx/imagenes/ACCBNQ480/ACCBNQ480_400.jpg
LMPBNQ570,"Lampara para proyector BenQ. 5J.J3E05.001. LAMPARA MODULO Compatible con Proyectores MX611, MS610.","Lampara para proyector BenQ. 5J.J3E05.001. LAMPARA MODULO Compatible con Proyectores MX611, MS610.",ELECTRONICA DE CONSUMO,LAMPARA,2708.89,3657.0,4334.22,https://static.ctonline.mx/imagenes/LMPBNQ570/LMPBNQ570_400.jpg,https://static.ctonline.mx/marcas/png/LAMPARA.png,https://ctonline.mx/buscar/productos?b=LMPBNQ570,2708.89,3657.0,3250.67,35%,assets/img/catalog/LMPBNQ570.jpg,https://static.ctonline.mx/imagenes/LMPBNQ570/LMPBNQ570_400.jpg,electronica_consumo,20% garantizado sobre proveedor,https://static.ctonline.mx/imagenes/LMPBNQ570/LMPBNQ570_400.jpg
LMPBNQ530,"Lampara para proyector BenQ. 5J.JA105.001. LAMPARA MODULO Compatible con Proyectores MS521, MX522, MW523.","Lampara para proyector BenQ. 5J.JA105.001. LAMPARA MODULO Compatible con Proyectores MS521, MX522, MW523.",ELECTRONICA DE CONSUMO,LAMPARA,2766.67,3735.0,4426.67,https://static.ctonline.mx/imagenes/LMPBNQ530/LMPBNQ530_400.jpg,https://static.ctonline.mx/marcas/png/LAMPARA.png,https://ctonline.mx/buscar/productos?b=LMPBNQ530,2766.67,3735.0,3320.0,35%,assets/img/catalog/LMPBNQ530.jpg,https://static.ctonline.mx/imagenes/LMPBNQ530/LMPBNQ530_400.jpg,electronica_consumo,20% garantizado sobre proveedor,https://static.ctonline.mx/imagenes/LMPBNQ530/LMPBNQ530_400.jpg
LMPBNQ330,"Lampara para proyector BenQ. 5J.JA105.001. LAMPARA MODULO Compatible con Proyectores MS521, MX522, MW523.","Lampara para proyector BenQ. 5J.JA105.001. LAMPARA MODULO Compatible con Proyectores MS521, MX522, MW523.",ELECTRONICA DE CONSUMO,LAMPARA,2766.67,3735.0,4426.67,https://static.ctonline.mx/imagenes/LMPBNQ330/LMPBNQ330_400.jpg,https://static.ctonline.mx/marcas/png/LAMPARA.png,https://ctonline.mx/buscar/productos?b=LMPBNQ330,2766.67,3735.0,3320.0,35%,assets/img/catalog/LMPBNQ330.jpg,https://static.ctonline.mx/imagenes/LMPBNQ330/LMPBNQ330_400.jpg,electronica_consumo,20% garantizado sobre proveedor,https://static.ctonline.mx/imagenes/LMPBNQ330/LMPBNQ330_400.jpg
LMPBNQ440,"Lámpara para proyector de BenQ compatible con modelo de Proyector MS619ST, MX620ST, MS630ST, MX631ST, MW632ST, 5J.J9V05.","Lámpara para proyector de BenQ compatible con modelo de Proyector MS619ST, MX620ST, MS630ST, MX631ST, MW632ST, 5J.J9V05.001.",ELECTRONICA DE CONSUMO,LÁMPARA,4141.11,5590.5,6625.78,https://static.ctonline.mx/imagenes/LMPBNQ440/LMPBNQ440_400.jpg,https://static.ctonline.mx/marcas/png/LMPARA.png,https://ctonline.mx/buscar/productos?b=LMPBNQ440,4141.11,5590.5,4969.33,35%,assets/img/catalog/LMPBNQ440.jpg,https://static.ctonline.mx/imagenes/LMPBNQ440/LMPBNQ440_400.jpg,electronica_consumo,20% garantizado sobre proveedor,https://static.ctonline.mx/imagenes/LMPBNQ440/LMPBNQ440_400.jpg
LMPBNQ300,Lámpara para proyector de BenQ compatible con modelos de Proyector MX711 MX660 5J.J3V05.001.,Lámpara para proyector de BenQ compatible con modelos de Proyector MX711 MX660 5J.J3V05.001.,ELECTRONICA DE CONSUMO,LÁMPARA,3490.0,4711.5,5584.0,https://static.ctonline.mx/imagenes/LMPBNQ300/LMPBNQ300_400.jpg,https://static.ctonline.mx/marcas/png/LMPARA.png,https://ctonline.mx/buscar/productos?b=LMPBNQ300,3490.0,4711.5,4188.0,35%,assets/img/catalog/LMPBNQ300.jpg,https://static.ctonline.mx/imagenes/LMPBNQ300/LMPBNQ300_400.jpg,electronica_consumo,20% garantizado sobre proveedor,https://static.ctonline.mx/imagenes/LMPBNQ300/LMPBNQ300_400.jpg
ACCBNQ140,"Control Remoto BenQ, RCX022, 5J.J9V06.001 compatible con proyectores de la series MS/MX/MW.","Control Remoto BenQ, RCX022, 5J.J9V06.001 compatible con proyectores de la series MS/MX/MW.",ELECTRONICA DE CONSUMO,CONTROL,333.33,8775.0,10400.0,https://static.ctonline.mx/imagenes/ACCBNQ140/ACCBNQ140_400.jpg,https://static.ctonline.mx/marcas/png/CONTROL.png,https://ctonline.mx/buscar/productos?b=ACCBNQ140,6500.0,8775.0,7800.0,35%,assets/img/catalog/ACCBNQ140.jpg,https://static.ctonline.mx/imagenes/ACCBNQ140/ACCBNQ140_400.jpg,electronica_consumo,20% garantizado sobre proveedor,https://static.ctonline.mx/imagenes/ACCBNQ140/ACCBNQ140_400.jpg
ACCBNQ620,Accesorio BenQ. PT20 5A.JJR26.30E. Modulo Táctil Point Write. Para proyectores interactivos BenQ convierte cualquier sup,"Accesorio BenQ. PT20 5A.JJR26.30E. Modulo Táctil Point Write. Para proyectores interactivos BenQ convierte cualquier superficie en una pizarra interactiva que permite la función táctil. Soporta hasta 10 Puntos de Contacto (Lápiz / dedo ) simultáneamente. Compatible con PW30U / PW40U, S.O. Compatible con Windows Mac OSX. Tiempo de respuesta 0.016 seg. 60hz. Área de trabajo Optimo 100"" Máximo 120"". Dimensiones 198.9 x 69.6 x 42.1 mm. Peso 238g Garantía 3 meses. Color Blanco.",ELECTRONICA DE CONSUMO,ACCESORIO,10577.78,14280.0,16924.45,https://static.ctonline.mx/imagenes/ACCBNQ620/ACCBNQ620_400.jpg,https://static.ctonline.mx/marcas/png/ACCESORIO.png,https://ctonline.mx/buscar/productos?b=ACCBNQ620,10577.78,14280.0,12693.34,35%,assets/img/catalog/ACCBNQ620.jpg,https://static.ctonline.mx/imagenes/ACCBNQ620/ACCBNQ620_400.jpg,electronica_consumo,20% garantizado sobre proveedor,https://static.ctonline.mx/imagenes/ACCBNQ620/ACCBNQ620_400.jpg
PROMTD050,"Proyector Interactivo a escritorio Modelo JC-DT100, LED, 260 ANSI Lúmenes. Salidas de puertos USB,HDMI y audífonos. Quad","Proyector Interactivo a escritorio Modelo JC-DT100, LED, 260 ANSI Lúmenes. Salidas de puertos USB,HDMI y audífonos. Quad Core,1.4 GHZ. Android 5.0.1",ELECTRONICA DE CONSUMO,PROYECTOR,1239.13,32620.1,38660.86,https://static.ctonline.mx/imagenes/PROMTD050/PROMTD050_400.jpg,https://static.ctonline.mx/marcas/png/PROYECTOR.png,https://ctonline.mx/buscar/productos?b=PROMTD050,24163.04,32620.1,28995.65,35%,assets/img/catalog/PROMTD050.jpg,https://static.ctonline.mx/imagenes/PROMTD050/PROMTD050_400.jpg,electronica_consumo,20% garantizado sobre proveedor,https://static.ctonline.mx/imagenes/PROMTD050/PROMTD050_400.jpg
PROMTD120,"Proyector tiro ultra corto JC-DT100-2, JC VISION, 260 Ansi Lumens. Tecnología LED, Android, Resolución: 1280x720","Proyector tiro ultra corto JC-DT100-2, JC VISION, 260 Ansi Lumens. Tecnología LED, Android, Resolución: 1280x720",ELECTRONICA DE CONSUMO,PROYECTOR,1220.0,32116.5,38064.0,https://static.ctonline.mx/imagenes/PROMTD120/PROMTD120_400.jpg,https://static.ctonline.mx/marcas/png/PROYECTOR.png,https://ctonline.mx/buscar/productos?b=PROMTD120,23790.0,32116.5,28548.0,35%,assets/img/catalog/PROMTD120.jpg,https://static.ctonline.mx/imagenes/PROMTD120/PROMTD120_400.jpg,electronica_consumo,20% garantizado sobre proveedor,https://static.ctonline.mx/imagenes/PROMTD120/PROMTD120_400.jpg
PROMEG010,"Proyector de leds ultra portátil Andriod Megapower, modelo ML60, 80 lúmenes, WVGA, HDMI, USB. Audio, Micro SD, 30000 hor","Proyector de leds ultra portátil Andriod Megapower, modelo ML60, 80 lúmenes, WVGA, HDMI, USB. Audio, Micro SD, 30000 hora vida útil.",ELECTRONICA DE CONSUMO,PROYECTOR,336.96,8870.38,10513.04,https://static.ctonline.mx/imagenes/PROMEG010/PROMEG010_400.jpg,https://static.ctonline.mx/marcas/png/PROYECTOR.png,https://ctonline.mx/buscar/productos?b=PROMEG010,6570.65,8870.38,7884.78,35%,assets/img/catalog/PROMEG010.jpg,https://static.ctonline.mx/imagenes/PROMEG010/PROMEG010_400.jpg,electronica_consumo,20% garantizado sobre proveedor,https://static.ctonline.mx/imagenes/PROMEG010/PROMEG010_400.jpg
PROMEG030,"Proyector de Leds ultra portátil, Android, Megapower, modelo ML61, 100 lúmenes, WXGA, HDMI, USB. Audio, Micro SD, 30,000","Proyector de Leds ultra portátil, Android, Megapower, modelo ML61, 100 lúmenes, WXGA, HDMI, USB. Audio, Micro SD, 30,000 hora vida útil.",ELECTRONICA DE CONSUMO,PROYECTOR,336.96,8870.38,10513.04,https://static.ctonline.mx/imagenes/PROMEG030/PROMEG030_400.jpg,https://static.ctonline.mx/marcas/png/PROYECTOR.png,https://ctonline.mx/buscar/productos?b=PROMEG030,6570.65,8870.38,7884.78,35%,assets/img/catalog/PROMEG030.jpg,https://static.ctonline.mx/imagenes/PROMEG030/PROMEG030_400.jpg,electronica_consumo,20% garantizado sobre proveedor,https://static.ctonline.mx/imagenes/PROMEG030/PROMEG030_400.jpg
PROMEG040,"Proyector Megapower ML-T9 Resolución WXGA 1280 * 800/ 800 lm / LED/  30,000 horas vida","Proyector Megapower ML-T9 Resolución WXGA 1280 * 800/ 800 lm / LED/  30,000 horas vida",ELECTRONICA DE CONSUMO,PROYECTOR,759.78,20001.28,23705.22,https://static.ctonline.mx/imagenes/PROMEG040/PROMEG040_400.jpg,https://static.ctonline.mx/marcas/png/PROYECTOR.png,https://ctonline.mx/buscar/productos?b=PROMEG040,14815.76,20001.28,17778.91,35%,assets/img/catalog/PROMEG040.jpg,https://static.ctonline.mx/imagenes/PROMEG040/PROMEG040_400.jpg,electronica_consumo,20% garantizado sobre proveedor,https://static.ctonline.mx/imagenes/PROMEG040/PROMEG040_400.jpg
PROMTD070,Proyector MX-L5500U Resolución nativa WUXGA 1920*1200 / 4200 lm / 15000:1 / Tecnología 3LCD / lámpara convencional / USB,Proyector MX-L5500U Resolución nativa WUXGA 1920*1200 / 4200 lm / 15000:1 / Tecnología 3LCD / lámpara convencional / USB-A,ELECTRONICA DE CONSUMO,PROYECTOR,801.09,21088.61,24993.9,https://static.ctonline.mx/imagenes/PROMTD070/PROMTD070_400.jpg,https://static.ctonline.mx/marcas/png/PROYECTOR.png,https://ctonline.mx/buscar/productos?b=PROMTD070,15621.19,21088.61,18745.43,35%,assets/img/catalog/PROMTD070.jpg,https://static.ctonline.mx/imagenes/PROMTD070/PROMTD070_400.jpg,electronica_consumo,20% garantizado sobre proveedor,https://static.ctonline.mx/imagenes/PROMTD070/PROMTD070_400.jpg
PROMTD080,Proyector MX-L5600W Resolución WXGA 1280 * 800/ 3800 lm / LASER/  estuche suave,Proyector MX-L5600W Resolución WXGA 1280 * 800/ 3800 lm / LASER/  estuche suave,ELECTRONICA DE CONSUMO,PROYECTOR,1626.09,42806.73,50733.9,https://static.ctonline.mx/imagenes/PROMTD080/PROMTD080_400.jpg,https://static.ctonline.mx/marcas/png/PROYECTOR.png,https://ctonline.mx/buscar/productos?b=PROMTD080,31708.69,42806.73,38050.43,35%,assets/img/catalog/PROMTD080.jpg,https://static.ctonline.mx/imagenes/PROMTD080/PROMTD080_400.jpg,electronica_consumo,20% garantizado sobre proveedor,https://static.ctonline.mx/imagenes/PROMTD080/PROMTD080_400.jpg
PROMTD130,"Proyector SONNOC SNP-LC40DW Resolución WXGA 1280 * 800/ 4000 lm / LASER/  20,000 horas vida","Proyector SONNOC SNP-LC40DW Resolución WXGA 1280 * 800/ 4000 lm / LASER/  20,000 horas vida",ELECTRONICA DE CONSUMO,PROYECTOR,804.35,21174.45,25095.65,https://static.ctonline.mx/imagenes/PROMTD130/PROMTD130_400.jpg,https://static.ctonline.mx/marcas/png/PROYECTOR.png,https://ctonline.mx/buscar/productos?b=PROMTD130,15684.78,21174.45,18821.74,35%,assets/img/catalog/PROMTD130.jpg,https://static.ctonline.mx/imagenes/PROMTD130/PROMTD130_400.jpg,electronica_consumo,20% garantizado sobre proveedor,https://static.ctonline.mx/imagenes/PROMTD130/PROMTD130_400.jpg
PROMTD160,"Proyector Sonnoc SNP-CH401 - WUXGA 1920*1200 / 4400 lm / laser / 20,000 horas","Proyector Sonnoc SNP-CH401 - WUXGA 1920*1200 / 4400 lm / laser / 20,000 horas",ELECTRONICA DE CONSUMO,PROYECTOR,1554.35,40918.2,48495.65,https://static.ctonline.mx/imagenes/PROMTD160/PROMTD160_400.jpg,https://static.ctonline.mx/marcas/png/PROYECTOR.png,https://ctonline.mx/buscar/productos?b=PROMTD160,30309.78,40918.2,36371.74,35%,assets/img/catalog/PROMTD160.jpg,https://static.ctonline.mx/imagenes/PROMTD160/PROMTD160_400.jpg,electronica_consumo,20% garantizado sobre proveedor,https://static.ctonline.mx/imagenes/PROMTD160/PROMTD160_400.jpg
PROMTD140,"Proyector SONNOC SNP-LC36DWA Resolución WXGA 1280 * 800/ 3600 lm / LASER/  20,000 horas vida","Proyector SONNOC SNP-LC36DWA Resolución WXGA 1280 * 800/ 3600 lm / LASER/  20,000 horas vida",ELECTRONICA DE CONSUMO,PROYECTOR,1358.7,35767.67,42391.31,https://static.ctonline.mx/imagenes/PROMTD140/PROMTD140_400.jpg,https://static.ctonline.mx/marcas/png/PROYECTOR.png,https://ctonline.mx/buscar/productos?b=PROMTD140,26494.57,35767.67,31793.48,35%,assets/img/catalog/PROMTD140.jpg,https://static.ctonline.mx/imagenes/PROMTD140/PROMTD140_400.jpg,electronica_consumo,20% garantizado sobre proveedor,https://static.ctonline.mx/imagenes/PROMTD140/PROMTD140_400.jpg
PROMTD090,"Proyector SONNOC SNP-LC65LU Resolución WUXGA 1920 * 1200/ 6500 lm / LASER/  20,000 horas vida","Proyector SONNOC SNP-LC65LU Resolución WUXGA 1920 * 1200/ 6500 lm / LASER/  20,000 horas vida",ELECTRONICA DE CONSUMO,PROYECTOR,4179.35,5642.12,6686.96,https://static.ctonline.mx/imagenes/PROMTD090/PROMTD090_400.jpg,https://static.ctonline.mx/marcas/png/PROYECTOR.png,https://ctonline.mx/buscar/productos?b=PROMTD090,4179.35,5642.12,5015.22,35%,assets/img/catalog/PROMTD090.jpg,https://static.ctonline.mx/imagenes/PROMTD090/PROMTD090_400.jpg,electronica_consumo,20% garantizado sobre proveedor,https://static.ctonline.mx/imagenes/PROMTD090/PROMTD090_400.jpg
PROMTD100,"Proyector SONNOC SNP-LU9000 Lente Normal, Resolución WUXGA 1920 * 1200/ 9000 lm / LASER/  20,000 horas vida","Proyector SONNOC SNP-LU9000 Lente Normal, Resolución WUXGA 1920 * 1200/ 9000 lm / LASER/  20,000 horas vida",ELECTRONICA DE CONSUMO,PROYECTOR,11269.57,15213.92,18031.31,https://static.ctonline.mx/imagenes/PROMTD100/PROMTD100_400.jpg,https://static.ctonline.mx/marcas/png/PROYECTOR.png,https://ctonline.mx/buscar/productos?b=PROMTD100,11269.57,15213.92,13523.48,35%,assets/img/catalog/PROMTD100.jpg,https://static.ctonline.mx/imagenes/PROMTD100/PROMTD100_400.jpg,electronica_consumo,20% garantizado sobre proveedor,https://static.ctonline.mx/imagenes/PROMTD100/PROMTD100_400.jpg
PROMTD110,"Proyector SONNOC SNP-DU11K Lente Normal, Resolución WUXGA 1920 * 1200/ 11000 lm / LASER/  20,000 horas vida","Proyector SONNOC SNP-DU11K Lente Normal, Resolución WUXGA 1920 * 1200/ 11000 lm / LASER/  20,000 horas vida",ELECTRONICA DE CONSUMO,PROYECTOR,13989.13,18885.33,22382.61,https://static.ctonline.mx/imagenes/PROMTD110/PROMTD110_400.jpg,https://static.ctonline.mx/marcas/png/PROYECTOR.png,https://ctonline.mx/buscar/productos?b=PROMTD110,13989.13,18885.33,16786.96,35%,assets/img/catalog/PROMTD110.jpg,https://static.ctonline.mx/imagenes/PROMTD110/PROMTD110_400.jpg,electronica_consumo,20% garantizado sobre proveedor,https://static.ctonline.mx/imagenes/PROMTD110/PROMTD110_400.jpg
PROSON010,"Proyector SONNOC SNP-LX3600 Resolución WUXGA 1024 * 768/ 3600 lm / LASER/  20,000 horas vida","Proyector SONNOC SNP-LX3600 Resolución WUXGA 1024 * 768/ 3600 lm / LASER/  20,000 horas vida",ELECTRONICA DE CONSUMO,PROYECTOR,1164.13,30645.73,36320.86,https://static.ctonline.mx/imagenes/PROSON010/PROSON010_400.jpg,https://static.ctonline.mx/marcas/png/PROYECTOR.png,https://ctonline.mx/buscar/productos?b=PROSON010,22700.54,30645.73,27240.65,35%,assets/img/catalog/PROSON010.jpg,https://static.ctonline.mx/imagenes/PROSON010/PROSON010_400.jpg,electronica_consumo,20% garantizado sobre proveedor,https://static.ctonline.mx/imagenes/PROSON010/PROSON010_400.jpg
PROSON020,"Proyector SONNOC SNP-LW3600 Resolución WUXGA 1280 * 800/ 3600 lm / LASER/  20,000 horas vida","Proyector SONNOC SNP-LW3600 Resolución WUXGA 1280 * 800/ 3600 lm / LASER/  20,000 horas vida",ELECTRONICA DE CONSUMO,PROYECTOR,1381.52,36368.57,43103.49,https://static.ctonline.mx/imagenes/PROSON020/PROSON020_400.jpg,https://static.ctonline.mx/marcas/png/PROYECTOR.png,https://ctonline.mx/buscar/productos?b=PROSON020,26939.68,36368.57,32327.62,35%,assets/img/catalog/PROSON020.jpg,https://static.ctonline.mx/imagenes/PROSON020/PROSON020_400.jpg,electronica_consumo,20% garantizado sobre proveedor,https://static.ctonline.mx/imagenes/PROSON020/PROSON020_400.jpg
PROQIA020,"Proyector serie QXP, Qian, modelo QXP-ETHRX, Proyector con contraste de 2000:1. 200 lúmenes ANSI de brillo, anti luz azu","Proyector serie QXP, Qian, modelo QXP-ETHRX, Proyector con contraste de 2000:1. 200 lúmenes ANSI de brillo, anti luz azul. Proyección flexible que van desde 35 hasta 150 pulgadas, a una distancia de 1.2m a 3.5m. Interfaz práctica, puertos HDMI 1.4, USD 2.0, AV y AUX.",ELECTRONICA DE CONSUMO,PROYECTOR,70.14,1846.52,2188.46,https://static.ctonline.mx/imagenes/PROQIA020/PROQIA020_400.jpg,https://static.ctonline.mx/marcas/png/PROYECTOR.png,https://ctonline.mx/buscar/productos?b=PROQIA020,1367.79,1846.52,1641.35,35%,assets/img/catalog/PROQIA020.jpg,https://static.ctonline.mx/imagenes/PROQIA020/PROQIA020_400.jpg,electronica_consumo,20% garantizado sobre proveedor,https://static.ctonline.mx/imagenes/PROQIA020/PROQIA020_400.jpg
PANQIA070,Pantalla de proyeccion QIAN Pantalla de proyector PVC de primera calidad con un tamaño de pantalla de 100'' MODELOS QXS-,Pantalla de proyeccion QIAN Pantalla de proyector PVC de primera calidad con un tamaño de pantalla de 100'' MODELOS QXS-1E100 en diagonal y un ángulo de visión máximo de 160° en formato 1:1 Pantalla blanca mate con un grosor de tejido de 0.35 mm: (PVC Blanco + Tejido Terileno + PVC Negro)Tamaño d Pantalla (Área de Visualización + Marco Negro): 185.6 x 187 ±1cm. Tamaño de Visualización: 179.6 x 179.6 ±1cm.  Peso neto del producto: 7.2 kg. Peso bruto del empaque: 8.5 kg 214 x 14 x 12 cm 750061901075,ELECTRONICA DE CONSUMO,PANTALLA,109.89,2892.86,3428.58,https://static.ctonline.mx/imagenes/PANQIA070/PANQIA070_400.jpg,https://static.ctonline.mx/marcas/png/PANTALLA.png,https://ctonline.mx/buscar/productos?b=PANQIA070,2142.86,2892.86,2571.43,35%,assets/img/catalog/PANQIA070.jpg,https://static.ctonline.mx/imagenes/PANQIA070/PANQIA070_400.jpg,electronica_consumo,20% garantizado sobre proveedor,https://static.ctonline.mx/imagenes/PANQIA070/PANQIA070_400.jpg
PANQIA080,Pantalla de proyeccion QIAN Pantalla de proyector PVC de primera calidad con un tamaño de pantalla de 120'' MODELOS QXS-,"Pantalla de proyeccion QIAN Pantalla de proyector PVC de primera calidad con un tamaño de pantalla de 120'' MODELOS QXS-1E120 en diagonal y un ángulo de visión máximo de 160° en formato 1:1 Pantalla blanca mate con un grosor de tejido de 0.35 mm: (PVC Blanco + Tejido Terileno + PVC Negro)Tamaño d Pantalla (Área de Visualización + Marco Negro): 304,8 ±0,5 cm, Tamaño superior de la pantalla (área de visualización + marco negro): 223,5 x 224 ±1 cm Tamaño de visualización: 215,5 x 215,5 ±1 cm Ángulo de visión: máximo a 160° MATERIAL DE TELA Superficie de pantalla blanca mate (PVC blanco + tejido Terylene + PVC negro), Peso neto del producto: 9,9 kg Peso bruto del embalaje: 11 kg.TAMAÑO DE EMBALAJE 252x14x12cm",ELECTRONICA DE CONSUMO,PANTALLA,93.96,2473.39,2931.42,https://static.ctonline.mx/imagenes/PANQIA080/PANQIA080_400.jpg,https://static.ctonline.mx/marcas/png/PANTALLA.png,https://ctonline.mx/buscar/productos?b=PANQIA080,1832.14,2473.39,2198.57,35%,assets/img/catalog/PANQIA080.jpg,https://static.ctonline.mx/imagenes/PANQIA080/PANQIA080_400.jpg,electronica_consumo,20% garantizado sobre proveedor,https://static.ctonline.mx/imagenes/PANQIA080/PANQIA080_400.jpg
BOCEVK050,"Bocina Portátil Bluetooth Cargo Evorok Bluetooth 5.0, Protección IP64, Autonomía de hasta 2 horas. Color Verde EV-927529","Bocina Portátil Bluetooth Cargo Evorok Bluetooth 5.0, Protección IP64, Autonomía de hasta 2 horas. Color Verde EV-927529",ACCESORIOS,BOCINA,211.01,5554.95,6583.65,https://static.ctonline.mx/imagenes/BOCEVK050/BOCEVK050_400.jpg,https://static.ctonline.mx/marcas/png/BOCINA.png,https://ctonline.mx/buscar/productos?b=BOCEVK050,4114.78,5554.95,4937.74,35%,assets/img/catalog/BOCEVK050.jpg,https://static.ctonline.mx/imagenes/BOCEVK050/BOCEVK050_400.jpg,electronica_consumo,20% garantizado sobre proveedor,https://static.ctonline.mx/imagenes/BOCEVK050/BOCEVK050_400.jpg
BOCGEN3180,"Bocinas portátil Bluetooth KAOS MobiFree Radio FM, Puertos: Micro SD/Aux. Manos libres. Bluetooth V3.0. Batería 300mah. ","Bocinas portátil Bluetooth KAOS MobiFree Radio FM, Puertos: Micro SD/Aux. Manos libres. Bluetooth V3.0. Batería 300mah. Color Lila. MB-916455",ACCESORIOS,BOCINAS,102.8,2706.3,3207.47,https://static.ctonline.mx/imagenes/BOCGEN3180/BOCGEN3180_400.jpg,https://static.ctonline.mx/marcas/png/BOCINAS.png,https://ctonline.mx/buscar/productos?b=BOCGEN3180,2004.67,2706.3,2405.6,35%,assets/img/catalog/BOCGEN3180.jpg,https://static.ctonline.mx/imagenes/BOCGEN3180/BOCGEN3180_400.jpg,electronica_consumo,20% garantizado sobre proveedor,https://static.ctonline.mx/imagenes/BOCGEN3180/BOCGEN3180_400.jpg
BOCACT350,"Bocinas Alámbricas 3.5 mm Esence Basic AS215 Essential Series, Conectividad: 3.5 mm. Canales 2.0, Largo de cable: 1m, Co","Bocinas Alámbricas 3.5 mm Esence Basic AS215 Essential Series, Conectividad: 3.5 mm. Canales 2.0, Largo de cable: 1m, Color Negro. AC-935272",ACCESORIOS,BOCINAS,79.68,2097.6,2486.05,https://static.ctonline.mx/imagenes/BOCACT350/BOCACT350_400.jpg,https://static.ctonline.mx/marcas/png/BOCINAS.png,https://ctonline.mx/buscar/productos?b=BOCACT350,1553.78,2097.6,1864.54,35%,assets/img/catalog/BOCACT350.jpg,https://static.ctonline.mx/imagenes/BOCACT350/BOCACT350_400.jpg,electronica_consumo,20% garantizado sobre proveedor,https://static.ctonline.mx/imagenes/BOCACT350/BOCACT350_400.jpg
BOCACT340,"Bocinas Alámbricas 3.5 mm Elant Cube AS430 Advanced Series, Conectividad: 3.5 mm. Canales 2.0, Largo de cable: 1m, Ilumi","Bocinas Alámbricas 3.5 mm Elant Cube AS430 Advanced Series, Conectividad: 3.5 mm. Canales 2.0, Largo de cable: 1m, Iluminación LED.  Color Negro. AC-935265",ACCESORIOS,BOCINAS,92.06,2423.37,2872.14,https://static.ctonline.mx/imagenes/BOCACT340/BOCACT340_400.jpg,https://static.ctonline.mx/marcas/png/BOCINAS.png,https://ctonline.mx/buscar/productos?b=BOCACT340,1795.09,2423.37,2154.11,35%,assets/img/catalog/BOCACT340.jpg,https://static.ctonline.mx/imagenes/BOCACT340/BOCACT340_400.jpg,electronica_consumo,20% garantizado sobre proveedor,https://static.ctonline.mx/imagenes/BOCACT340/BOCACT340_400.jpg
BOCACT330,"Bocinas Alámbricas 3.5 mm Elant Brick AS470 Advanced Series, Conectividad: 3.5 mm. Canales 2.0, Largo de cable: 1m, Ilum","Bocinas Alámbricas 3.5 mm Elant Brick AS470 Advanced Series, Conectividad: 3.5 mm. Canales 2.0, Largo de cable: 1m, Iluminación LED.  Color Negro. AC-935258",ACCESORIOS,BOCINAS,215.57,5674.77,6725.65,https://static.ctonline.mx/imagenes/BOCACT330/BOCACT330_400.jpg,https://static.ctonline.mx/marcas/png/BOCINAS.png,https://ctonline.mx/buscar/productos?b=BOCACT330,4203.53,5674.77,5044.24,35%,assets/img/catalog/BOCACT330.jpg,https://static.ctonline.mx/imagenes/BOCACT330/BOCACT330_400.jpg,electronica_consumo,20% garantizado sobre proveedor,https://static.ctonline.mx/imagenes/BOCACT330/BOCACT330_400.jpg
BOCACT290,"Bocina inalámbrica Bluetooth Glee Style AP480 Advanced Series, Radiador pasivo, iluminación LED, Conexiones: Bluetooth, ","Bocina inalámbrica Bluetooth Glee Style AP480 Advanced Series, Radiador pasivo, iluminación LED, Conexiones: Bluetooth, Radio FM, USB, Aux, Micro SD, Sonido Estéreo, 5w x2 RMS, Batería con duración de hasta 8h, Botones multifunción, Color Negro. AC-935289",ACCESORIOS,BOCINA,264.99,6975.75,8267.55,https://static.ctonline.mx/imagenes/BOCACT290/BOCACT290_400.jpg,https://static.ctonline.mx/marcas/png/BOCINA.png,https://ctonline.mx/buscar/productos?b=BOCACT290,5167.22,6975.75,6200.66,35%,assets/img/catalog/BOCACT290.jpg,https://static.ctonline.mx/imagenes/BOCACT290/BOCACT290_400.jpg,electronica_consumo,20% garantizado sobre proveedor,https://static.ctonline.mx/imagenes/BOCACT290/BOCACT290_400.jpg
BOCACT440,"Bocina inalámbrica Bluetooth Glee Pure AP50 Elite Series, Bluetooth 5.2, Potencia 20w RMS, Iluminación RGB, Emparejamien","Bocina inalámbrica Bluetooth Glee Pure AP50 Elite Series, Bluetooth 5.2, Potencia 20w RMS, Iluminación RGB, Emparejamiento TWS, Batería con duración de hasta 6h, Conexión 3.5mm, Color Blanco. AC-936415",ACCESORIOS,BOCINA,468.85,12342.42,14628.05,https://static.ctonline.mx/imagenes/BOCACT440/BOCACT440_400.jpg,https://static.ctonline.mx/marcas/png/BOCINA.png,https://ctonline.mx/buscar/productos?b=BOCACT440,9142.53,12342.42,10971.04,35%,assets/img/catalog/BOCACT440.jpg,https://static.ctonline.mx/imagenes/BOCACT440/BOCACT440_400.jpg,electronica_consumo,20% garantizado sobre proveedor,https://static.ctonline.mx/imagenes/BOCACT440/BOCACT440_400.jpg
BOCACT480,"Bocinas Bluetooth Dynamic Exact Mini BS475 Advance Series, Sonido Estéreo 2.0,Potencia 10w RMS, Conexiones: Bluetooth 5.","Bocinas Bluetooth Dynamic Exact Mini BS475 Advance Series, Sonido Estéreo 2.0,Potencia 10w RMS, Conexiones: Bluetooth 5.3v, Auxiliar, Adaptador de Corriente, Color Negro. AC-936361",ACCESORIOS,BOCINAS,462.67,12179.75,14435.26,https://static.ctonline.mx/imagenes/BOCACT480/BOCACT480_400.jpg,https://static.ctonline.mx/marcas/png/BOCINAS.png,https://ctonline.mx/buscar/productos?b=BOCACT480,9022.04,12179.75,10826.45,35%,assets/img/catalog/BOCACT480.jpg,https://static.ctonline.mx/imagenes/BOCACT480/BOCACT480_400.jpg,electronica_consumo,20% garantizado sobre proveedor,https://static.ctonline.mx/imagenes/BOCACT480/BOCACT480_400.jpg
BOCACT490,"Bocinas Bluetooth Dynamic Exact Mini BS475 Advance Series, Sonido Estéreo 2.0,Potencia 10w RMS, Conexiones: Bluetooth 5.","Bocinas Bluetooth Dynamic Exact Mini BS475 Advance Series, Sonido Estéreo 2.0,Potencia 10w RMS, Conexiones: Bluetooth 5.3v, Auxiliar, Adaptador de Corriente, Color Blanco. AC-936378",ACCESORIOS,BOCINAS,462.67,12179.75,14435.26,https://static.ctonline.mx/imagenes/BOCACT490/BOCACT490_400.jpg,https://static.ctonline.mx/marcas/png/BOCINAS.png,https://ctonline.mx/buscar/productos?b=BOCACT490,9022.04,12179.75,10826.45,35%,assets/img/catalog/BOCACT490.jpg,https://static.ctonline.mx/imagenes/BOCACT490/BOCACT490_400.jpg,electronica_consumo,20% garantizado sobre proveedor,https://static.ctonline.mx/imagenes/BOCACT490/BOCACT490_400.jpg
BOCACT400,"Bocinas Bluetooth Dynamic Exact BS630 Elite Series, Potencia 20w RMS, Indicador Led, Conexiones: Bluetooth 5.0, Aux RCA,","Bocinas Bluetooth Dynamic Exact BS630 Elite Series, Potencia 20w RMS, Indicador Led, Conexiones: Bluetooth 5.0, Aux RCA, USB-A, Alimentación: 100-240 Va.c., 50/60 Hz, 0.8 A, Control Remoto, Color Negro. AC-935869",ACCESORIOS,BOCINAS,864.13,22748.3,26960.94,https://static.ctonline.mx/imagenes/BOCACT400/BOCACT400_400.jpg,https://static.ctonline.mx/marcas/png/BOCINAS.png,https://ctonline.mx/buscar/productos?b=BOCACT400,16850.59,22748.3,20220.71,35%,assets/img/catalog/BOCACT400.jpg,https://static.ctonline.mx/imagenes/BOCACT400/BOCACT400_400.jpg,electronica_consumo,20% garantizado sobre proveedor,https://static.ctonline.mx/imagenes/BOCACT400/BOCACT400_400.jpg
BOCACT410,"Bocinas Bluetooth Dynamic Exact BS630 Elite Series, Potencia 20w RMS, Indicador Led, Conexiones: Bluetooth 5.0, Aux RCA,","Bocinas Bluetooth Dynamic Exact BS630 Elite Series, Potencia 20w RMS, Indicador Led, Conexiones: Bluetooth 5.0, Aux RCA, USB-A, Alimentación: 100-240 Va.c., 50/60 Hz, 0.8 A, Control Remoto, Color Blanco. AC-935876",ACCESORIOS,BOCINAS,864.13,22748.3,26960.94,https://static.ctonline.mx/imagenes/BOCACT410/BOCACT410_400.jpg,https://static.ctonline.mx/marcas/png/BOCINAS.png,https://ctonline.mx/buscar/productos?b=BOCACT410,16850.59,22748.3,20220.71,35%,assets/img/catalog/BOCACT410.jpg,https://static.ctonline.mx/imagenes/BOCACT410/BOCACT410_400.jpg,electronica_consumo,20% garantizado sobre proveedor,https://static.ctonline.mx/imagenes/BOCACT410/BOCACT410_400.jpg
BOCACT310,"Sistema De Soundbar 2.1 con Subwoofer Dynamic Trim BS465 Advanced Series, Conectividad: Bluetooth 5.0, USB-A, HDMI (ARC)","Sistema De Soundbar 2.1 con Subwoofer Dynamic Trim BS465 Advanced Series, Conectividad: Bluetooth 5.0, USB-A, HDMI (ARC), Óptica y 3.5 mm. Canales 2.1, Potencia RMS: Bocinas 15w, Subwoofer 30w, Control Remoto incluido, Largo de cable: 2.4m,  Color Negro. AC-935234",ACCESORIOS,SISTEMA,1173.42,30890.19,36610.59,https://static.ctonline.mx/imagenes/BOCACT310/BOCACT310_400.jpg,https://static.ctonline.mx/marcas/png/SISTEMA.png,https://ctonline.mx/buscar/productos?b=BOCACT310,22881.62,30890.19,27457.94,35%,assets/img/catalog/BOCACT310.jpg,https://static.ctonline.mx/imagenes/BOCACT310/BOCACT310_400.jpg,electronica_consumo,20% garantizado sobre proveedor,https://static.ctonline.mx/imagenes/BOCACT310/BOCACT310_400.jpg
BOCACT520,"Bocinas Bluetooth Dynamic Exact X BS660 Advance Series, Sonido Estéreo 2.0,Potencia 50w RMS, Conexiones: Bluetooth 5.3v,","Bocinas Bluetooth Dynamic Exact X BS660 Advance Series, Sonido Estéreo 2.0,Potencia 50w RMS, Conexiones: Bluetooth 5.3v, Iluminacion Led, Control Remoto, AUX/BT/USB/ OPTICA DIGITAL,  Color Negro. AC-939812",ACCESORIOS,BOCINAS,1358.28,35756.79,42378.42,https://static.ctonline.mx/imagenes/BOCACT520/BOCACT520_400.jpg,https://static.ctonline.mx/marcas/png/BOCINAS.png,https://ctonline.mx/buscar/productos?b=BOCACT520,26486.51,35756.79,31783.81,35%,assets/img/catalog/BOCACT520.jpg,https://static.ctonline.mx/imagenes/BOCACT520/BOCACT520_400.jpg,electronica_consumo,20% garantizado sobre proveedor,https://static.ctonline.mx/imagenes/BOCACT520/BOCACT520_400.jpg
BOCACT450,"Bocina inalámbrica Bluetooth Glee Pure AP70 Elite Series, Bluetooth 5.2, Potencia 40w RMS, Iluminación RGB, Emparejamien","Bocina inalámbrica Bluetooth Glee Pure AP70 Elite Series, Bluetooth 5.2, Potencia 40w RMS, Iluminación RGB, Emparejamiento TWS, Batería con duración de hasta 8h, Conexión 3.5mm, Color Blanco. AC-936392",ACCESORIOS,BOCINA,1450.93,38195.85,45269.15,https://static.ctonline.mx/imagenes/BOCACT450/BOCACT450_400.jpg,https://static.ctonline.mx/marcas/png/BOCINA.png,https://ctonline.mx/buscar/productos?b=BOCACT450,28293.22,38195.85,33951.86,35%,assets/img/catalog/BOCACT450.jpg,https://static.ctonline.mx/imagenes/BOCACT450/BOCACT450_400.jpg,electronica_consumo,20% garantizado sobre proveedor,https://static.ctonline.mx/imagenes/BOCACT450/BOCACT450_400.jpg
BOCACT660,"Sistema De Soundbar 2.1 Dynamic Thin BS600 Advanced Series, Conectividad: Bluetooth 5.3, USB-A, HDMI (ARC), Óptica y 3.5","Sistema De Soundbar 2.1 Dynamic Thin BS600 Advanced Series, Conectividad: Bluetooth 5.3, USB-A, HDMI (ARC), Óptica y 3.5 mm. Canales 2.1, Potencia RMS: Bocinas 60w, Control Remoto incluido, Color Negro. AC-940801",ACCESORIOS,SISTEMA,1172.98,30878.71,36596.99,https://static.ctonline.mx/imagenes/BOCACT660/BOCACT660_400.jpg,https://static.ctonline.mx/marcas/png/SISTEMA.png,https://ctonline.mx/buscar/productos?b=BOCACT660,22873.12,30878.71,27447.74,35%,assets/img/catalog/BOCACT660.jpg,https://static.ctonline.mx/imagenes/BOCACT660/BOCACT660_400.jpg,electronica_consumo,20% garantizado sobre proveedor,https://static.ctonline.mx/imagenes/BOCACT660/BOCACT660_400.jpg
BOCACT190,"Bocinas Bluetooth Dynamic Exact BS685 Elite Series, Potencia 80w RMS, Bajo Profundo, Conexiones: Bluetooth 5.3v, Aux RCA","Bocinas Bluetooth Dynamic Exact BS685 Elite Series, Potencia 80w RMS, Bajo Profundo, Conexiones: Bluetooth 5.3v, Aux RCA, Óptica, HDMI ARC, USB-A, Alimentación: 100-240 Va.c., 50/60 Hz, 0.8 A, Color Negro. AC-935210",ACCESORIOS,BOCINAS,1605.4,42262.15,50088.48,https://static.ctonline.mx/imagenes/BOCACT190/BOCACT190_400.jpg,https://static.ctonline.mx/marcas/png/BOCINAS.png,https://ctonline.mx/buscar/productos?b=BOCACT190,31305.3,42262.15,37566.36,35%,assets/img/catalog/BOCACT190.jpg,https://static.ctonline.mx/imagenes/BOCACT190/BOCACT190_400.jpg,electronica_consumo,20% garantizado sobre proveedor,https://static.ctonline.mx/imagenes/BOCACT190/BOCACT190_400.jpg
BOCACT670,"Bocinas Tipo Estudio  Dynamic Exact Mini S-PRO BS495 Advanced Series, Sonido Estereo 2.1 Canales Con Subwoofer, Potencia","Bocinas Tipo Estudio  Dynamic Exact Mini S-PRO BS495 Advanced Series, Sonido Estereo 2.1 Canales Con Subwoofer, Potencia 60w RMS, Conexiones: RCA, USB 2.0, 3.5 mm, Bluetooth V 5.3, Adaptador de Corriente, Color Negro. AC-940832",ACCESORIOS,BOCINAS,1018.56,26813.51,31778.98,https://static.ctonline.mx/imagenes/BOCACT670/BOCACT670_400.jpg,https://static.ctonline.mx/marcas/png/BOCINAS.png,https://ctonline.mx/buscar/productos?b=BOCACT670,19861.86,26813.51,23834.23,35%,assets/img/catalog/BOCACT670.jpg,https://static.ctonline.mx/imagenes/BOCACT670/BOCACT670_400.jpg,electronica_consumo,20% garantizado sobre proveedor,https://static.ctonline.mx/imagenes/BOCACT670/BOCACT670_400.jpg
BOCACT680,"Bocinas Tipo Estudio  Dynamic Exact R  BS700 Elite Series, Sonido Estereo 2.0,Potencia 50w RMS, Conexiones: RCA , HD ARC","Bocinas Tipo Estudio  Dynamic Exact R  BS700 Elite Series, Sonido Estereo 2.0,Potencia 50w RMS, Conexiones: RCA , HD ARC, USB 2.0, 3.5 mm, Bluetooth V 5.3, Iluminación RGB 7 Modos Programables, Adaptador de Corriente, Color Negro. AC-940818",ACCESORIOS,BOCINAS,1605.36,42261.05,50087.17,https://static.ctonline.mx/imagenes/BOCACT680/BOCACT680_400.jpg,https://static.ctonline.mx/marcas/png/BOCINAS.png,https://ctonline.mx/buscar/productos?b=BOCACT680,31304.48,42261.05,37565.38,35%,assets/img/catalog/BOCACT680.jpg,https://static.ctonline.mx/imagenes/BOCACT680/BOCACT680_400.jpg,electronica_consumo,20% garantizado sobre proveedor,https://static.ctonline.mx/imagenes/BOCACT680/BOCACT680_400.jpg
BOCACT690,"Bocinas Tipo Estudio Dynamic Exact R BS700 Elite Series, Sonido Estereo 2.0,Potencia 50w RMS, Conexiones: RCA , HD ARC, ","Bocinas Tipo Estudio Dynamic Exact R BS700 Elite Series, Sonido Estereo 2.0,Potencia 50w RMS, Conexiones: RCA , HD ARC, USB 2.0, 3.5 mm, Bluetooth V 5.3, Iluminación RGB 7 Modos Programables, Adaptador de Corriente, Color Blanco. AC-940825",ACCESORIOS,BOCINAS,1605.36,42261.05,50087.17,https://static.ctonline.mx/imagenes/BOCACT690/BOCACT690_400.jpg,https://static.ctonline.mx/marcas/png/BOCINAS.png,https://ctonline.mx/buscar/productos?b=BOCACT690,31304.48,42261.05,37565.38,35%,assets/img/catalog/BOCACT690.jpg,https://static.ctonline.mx/imagenes/BOCACT690/BOCACT690_400.jpg,electronica_consumo,20% garantizado sobre proveedor,https://static.ctonline.mx/imagenes/BOCACT690/BOCACT690_400.jpg
BOCACT420,"Bocina inalámbrica Bluetooth Glee Pure AP70 Elite Series, Bluetooth 5.2, Potencia 40w RMS, Iluminación RGB, Emparejamien","Bocina inalámbrica Bluetooth Glee Pure AP70 Elite Series, Bluetooth 5.2, Potencia 40w RMS, Iluminación RGB, Emparejamiento TWS, Batería con duración de hasta 8h, Conexión 3.5mm, Color Negro. AC-936385",ACCESORIOS,BOCINA,1450.93,38195.85,45269.15,https://static.ctonline.mx/imagenes/BOCACT420/BOCACT420_400.jpg,https://static.ctonline.mx/marcas/png/BOCINA.png,https://ctonline.mx/buscar/productos?b=BOCACT420,28293.22,38195.85,33951.86,35%,assets/img/catalog/BOCACT420.jpg,https://static.ctonline.mx/imagenes/BOCACT420/BOCACT420_400.jpg,electronica_consumo,20% garantizado sobre proveedor,https://static.ctonline.mx/imagenes/BOCACT420/BOCACT420_400.jpg
BOCACT370,"Sistema De Soundbar 2.1 con Subwoofer Dynamic Trim BS670 Elite Series, Conectividad: Bluetooth 5.0, USB-A, HDMI (ARC), Ó","Sistema De Soundbar 2.1 con Subwoofer Dynamic Trim BS670 Elite Series, Conectividad: Bluetooth 5.0, USB-A, HDMI (ARC), Óptical, 3.5mm. Canales 2.1, Potencia RMS: 70w, Control Remoto incluido,  Color Negro. AC-935913",ACCESORIOS,SISTEMA,1605.4,42262.15,50088.48,https://static.ctonline.mx/imagenes/BOCACT370/BOCACT370_400.jpg,https://static.ctonline.mx/marcas/png/SISTEMA.png,https://ctonline.mx/buscar/productos?b=BOCACT370,31305.3,42262.15,37566.36,35%,assets/img/catalog/BOCACT370.jpg,https://static.ctonline.mx/imagenes/BOCACT370/BOCACT370_400.jpg,electronica_consumo,20% garantizado sobre proveedor,https://static.ctonline.mx/imagenes/BOCACT370/BOCACT370_400.jpg
BOCNCB520,"Audífono Gamer NACEB, sonido de alta definición, cable trenzado para mayor durabilidad, máxima comodidad, micrófono omni","Audífono Gamer NACEB, sonido de alta definición, cable trenzado para mayor durabilidad, máxima comodidad, micrófono omni-direccional, bocina de 50mm, Color Azul. Código NA-0304A",ACCESORIOS,AUDÍFONO,203.3,5351.79,6342.86,https://static.ctonline.mx/imagenes/BOCNCB520/BOCNCB520_400.jpg,https://static.ctonline.mx/marcas/png/AUDFONO.png,https://ctonline.mx/buscar/productos?b=BOCNCB520,3964.29,5351.79,4757.15,35%,assets/img/catalog/BOCNCB520.jpg,https://static.ctonline.mx/imagenes/BOCNCB520/BOCNCB520_400.jpg,electronica_consumo,20% garantizado sobre proveedor,https://static.ctonline.mx/imagenes/BOCNCB520/BOCNCB520_400.jpg
BOCNCB530,"Audífono Gamer NACEB, sonido de alta definición, cable trenzado para mayor durabilidad, máxima comodidad, micrófono omni","Audífono Gamer NACEB, sonido de alta definición, cable trenzado para mayor durabilidad, máxima comodidad, micrófono omni-direccional, bocina de 50mm, Color Rojo. Código NA-0304R",ACCESORIOS,AUDÍFONO,203.3,5351.79,6342.86,https://static.ctonline.mx/imagenes/BOCNCB530/BOCNCB530_400.jpg,https://static.ctonline.mx/marcas/png/AUDFONO.png,https://ctonline.mx/buscar/productos?b=BOCNCB530,3964.29,5351.79,4757.15,35%,assets/img/catalog/BOCNCB530.jpg,https://static.ctonline.mx/imagenes/BOCNCB530/BOCNCB530_400.jpg,electronica_consumo,20% garantizado sobre proveedor,https://static.ctonline.mx/imagenes/BOCNCB530/BOCNCB530_400.jpg
BOCNCB770,"Audífonos Gaming Naceb Iron Knight, Compatible con XBOX y PS4, Micrófono Desmontable, Bocina Magnética de 53mm, Impedanc","Audífonos Gaming Naceb Iron Knight, Compatible con XBOX y PS4, Micrófono Desmontable, Bocina Magnética de 53mm, Impedancia: 65±5%Ω, Sensibilidad: 110dB±3dB, Respuesta de frecuencia: 20 Hz-20kHz, Micrófono: Ø6.0×2.2mm, Voltaje: ≤ 80mA, Longitud del cable: 1.7m, Toma para auriculares: 3.5mm Control de volumen y micrófono, NA-0318",ACCESORIOS,AUDÍFONOS,456.04,12005.36,14228.58,https://static.ctonline.mx/imagenes/BOCNCB770/BOCNCB770_400.jpg,https://static.ctonline.mx/marcas/png/AUDFONOS.png,https://ctonline.mx/buscar/productos?b=BOCNCB770,8892.86,12005.36,10671.43,35%,assets/img/catalog/BOCNCB770.jpg,https://static.ctonline.mx/imagenes/BOCNCB770/BOCNCB770_400.jpg,electronica_consumo,20% garantizado sobre proveedor,https://static.ctonline.mx/imagenes/BOCNCB770/BOCNCB770_400.jpg
BOCGET450,Mini Bocina RGB con Luz LED y Cable Getttech - Modelo: GUS-ESRWR-01 Lleva un audio inmersivo y portátil a cualquier luga,Mini Bocina RGB con Luz LED y Cable Getttech - Modelo: GUS-ESRWR-01 Lleva un audio inmersivo y portátil a cualquier lugar con un diseño ligero de solo 360g.,ACCESORIOS,MINI,5.32,140.1,166.05,https://static.ctonline.mx/imagenes/BOCGET450/BOCGET450_400.jpg,https://static.ctonline.mx/marcas/png/MINI.png,https://ctonline.mx/buscar/productos?b=BOCGET450,103.78,140.1,124.54,35%,assets/img/catalog/BOCGET450.jpg,https://static.ctonline.mx/imagenes/BOCGET450/BOCGET450_400.jpg,electronica_consumo,20% garantizado sobre proveedor,https://static.ctonline.mx/imagenes/BOCGET450/BOCGET450_400.jpg
BOCGET460,Mini Bocina Inalámbrica TWS con RGB de Getttech - Modelo: GUS-ETRBT-01​ Disfruta de la libertad inalambrica con una ampl,"Mini Bocina Inalámbrica TWS con RGB de Getttech - Modelo: GUS-ETRBT-01​ Disfruta de la libertad inalambrica con una amplia distancia de transmision de 10 metros, sumergete en un sonido nitido con un potente altavoz de 52mm",ACCESORIOS,MINI,4.88,128.41,152.19,https://static.ctonline.mx/imagenes/BOCGET460/BOCGET460_400.jpg,https://static.ctonline.mx/marcas/png/MINI.png,https://ctonline.mx/buscar/productos?b=BOCGET460,95.12,128.41,114.14,35%,assets/img/catalog/BOCGET460.jpg,https://static.ctonline.mx/imagenes/BOCGET460/BOCGET460_400.jpg,electronica_consumo,20% garantizado sobre proveedor,https://static.ctonline.mx/imagenes/BOCGET460/BOCGET460_400.jpg
ACCMAC4360,Audífonos MWTY3AM/A EarPods con Conector Lightning. El diseño de los EarPods está definido por la geometría del oído. Es,"Audífonos MWTY3AM/A EarPods con Conector Lightning. El diseño de los EarPods está definido por la geometría del oído. Esto los hace más cómodos de usar que cualquier otro audífono similar. Las bocinas del interior de los EarPods han sido diseñadas para mejorar la calidad del sonido y minimizar su pérdida. Audio de alta calidad. Los EarPods con conector Lightning también incluyen un control remoto integrado que te permite ajustar el volumen, controlar la reproducción de música y videos, y responder o finalizar llamadas con sólo tocar el cable. Color Blanco. 1 AÑO DE GARANTIA DIRECTO CON FABRICANTE.",ACCESORIOS,AUDÍFONOS,414.82,10920.01,12942.24,https://static.ctonline.mx/imagenes/ACCMAC4360/ACCMAC4360_400.jpg,https://static.ctonline.mx/marcas/png/AUDFONOS.png,https://ctonline.mx/buscar/productos?b=ACCMAC4360,8088.9,10920.01,9706.68,35%,assets/img/catalog/ACCMAC4360.jpg,https://static.ctonline.mx/imagenes/ACCMAC4360/ACCMAC4360_400.jpg,electronica_consumo,20% garantizado sobre proveedor,https://static.ctonline.mx/imagenes/ACCMAC4360/ACCMAC4360_400.jpg
ACCMAC4370,Audífonos MWU53AM/A EarPods Jack 3.5mm. El diseño de los EarPods está definido por la geometría del oído. Esto los hace ,"Audífonos MWU53AM/A EarPods Jack 3.5mm. El diseño de los EarPods está definido por la geometría del oído. Esto los hace más cómodos de usar que cualquier otro audífono similar. Las bocinas del interior de los EarPods han sido diseñadas para mejorar la calidad del sonido y minimizar su pérdida. Audio de alta calidad. Los EarPods también incluyen un control remoto integrado que te permite ajustar el volumen, controlar la reproducción de música y videos, y responder o finalizar llamadas con sólo tocar el cable. Color Blanco. 1 AÑO DE GARANTIA DIRECTO CON FABRICANTE.",ACCESORIOS,AUDÍFONOS,414.82,10920.01,12942.24,https://static.ctonline.mx/imagenes/ACCMAC4370/ACCMAC4370_400.jpg,https://static.ctonline.mx/marcas/png/AUDFONOS.png,https://ctonline.mx/buscar/productos?b=ACCMAC4370,8088.9,10920.01,9706.68,35%,assets/img/catalog/ACCMAC4370.jpg,https://static.ctonline.mx/imagenes/ACCMAC4370/ACCMAC4370_400.jpg,electronica_consumo,20% garantizado sobre proveedor,https://static.ctonline.mx/imagenes/ACCMAC4370/ACCMAC4370_400.jpg
ACCMAC4380,"AirPods (4ta Generación) MXP63BE/A Nuevo diseño, mayor comodidad y un mejor rendimiento. Sin Cancelación de Ruido Activa","AirPods (4ta Generación) MXP63BE/A Nuevo diseño, mayor comodidad y un mejor rendimiento. Sin Cancelación de Ruido Activa. Con estuche de carga versátil. Audio adaptativo, modo ambiente y reconocimiento de conversación. Conector USB-C y cargar inalámbrica. Hasta 30 horas de audio con el estuche, 5 horas con una sola carga y hasta 4 horas con Cancelación Activa de Ruido y una sola carga. Certificación IP54. Estuche con bocina integrada. - Color Blanco. 1 AÑO DE GARANTIA DIRECTO CON FABRICANTE.",ACCESORIOS,AIRPODS,2545.56,3436.51,4072.9,https://static.ctonline.mx/imagenes/ACCMAC4380/ACCMAC4380_400.jpg,https://static.ctonline.mx/marcas/png/AIRPODS.png,https://ctonline.mx/buscar/productos?b=ACCMAC4380,2545.56,3436.51,3054.67,35%,assets/img/catalog/ACCMAC4380.jpg,https://static.ctonline.mx/imagenes/ACCMAC4380/ACCMAC4380_400.jpg,electronica_consumo,20% garantizado sobre proveedor,https://static.ctonline.mx/imagenes/ACCMAC4380/ACCMAC4380_400.jpg
ACCMAC4410,AirPods (4ta Generación) MXP93BE/A Comodidad y un mejor rendimiento. Cancelación de Ruido Activa ofrece una experiencia ,"AirPods (4ta Generación) MXP93BE/A Comodidad y un mejor rendimiento. Cancelación de Ruido Activa ofrece una experiencia de audio mas potente y vienen con estuche de carga versátil. Estrenando la Cancelación de Ruido Activa en este diseño, audio adaptativo, modo ambiente y reconocimiento de conversación. Chip H2 Conector USB-C y carga inalámbrica. Hasta 30 horas de audio con el estuche, 5 horas con una sola carga y hasta 4 horas con Cancelación Activa de Ruido y una sola carga. Certificación IP54. Estuche con bocina integrada. - Color Blanco. 1 AÑO DE GARANTIA DIRECTO CON FABRICANTE.",ACCESORIOS,AIRPODS,3689.72,4981.12,5903.55,https://static.ctonline.mx/imagenes/ACCMAC4410/ACCMAC4410_400.jpg,https://static.ctonline.mx/marcas/png/AIRPODS.png,https://ctonline.mx/buscar/productos?b=ACCMAC4410,3689.72,4981.12,4427.66,35%,assets/img/catalog/ACCMAC4410.jpg,https://static.ctonline.mx/imagenes/ACCMAC4410/ACCMAC4410_400.jpg,electronica_consumo,20% garantizado sobre proveedor,https://static.ctonline.mx/imagenes/ACCMAC4410/ACCMAC4410_400.jpg
BOCLOG2300,"MEGABOOM 4 984-001980. MEGABOOM 4 ofrece un sonido de 360° potente, claro y envolvente con graves atronadores. Es inclus","MEGABOOM 4 984-001980. MEGABOOM 4 ofrece un sonido de 360° potente, claro y envolvente con graves atronadores. Es incluso más potente que la generación anterior. Con el sonido característico de Ultimate Ears, escucharás cada nota cuidadosamente equilibrada. Usa PARTYUP en la aplicación UE | BOOM para emparejar 1, 2, 3... y más de 150 bocinas, y crear una experiencia de sonido insuperable. Puedes combinar varias bocinas BOOM 4, MEGABOOM 4, EVERBOOM, EPICBOOM E HYPERBOOM, o incluso emparejarlas con modelos BOOM de generaciones anteriores. 2 años de garantía de hardware limitada. Color negro.",ACCESORIOS,MEGABOOM,3345.88,4516.94,5353.41,https://static.ctonline.mx/imagenes/BOCLOG2300/BOCLOG2300_400.jpg,https://static.ctonline.mx/marcas/png/MEGABOOM.png,https://ctonline.mx/buscar/productos?b=BOCLOG2300,3345.88,4516.94,4015.06,35%,assets/img/catalog/BOCLOG2300.jpg,https://static.ctonline.mx/imagenes/BOCLOG2300/BOCLOG2300_400.jpg,electronica_consumo,20% garantizado sobre proveedor,https://static.ctonline.mx/imagenes/BOCLOG2300/BOCLOG2300_400.jpg
BOCMST4150,"Bocina transparente inalámbrica para smartphone LOOPSTAR PC-113140 PERFECT CHOICE , alimentación 5ccv 1A, conector de ca","Bocina transparente inalámbrica para smartphone LOOPSTAR PC-113140 PERFECT CHOICE , alimentación 5ccv 1A, conector de carga tipo C, trasmisión inalámbrica bluetooth 2.4 GHz, iluminación RGB, distancia de operación 10m, altavoces  1*5W + 1*3W, batería 1800mAh, tiempo de reproducción hasta 5h, entradas de audio bluetooth, Aux 3.5mm, USB, TF, portátil, inalámbrica, medidas 190 x 120 x 75mm peso: 610g UPC 615604113140",ACCESORIOS,BOCINA,291.77,7680.89,9103.28,https://static.ctonline.mx/imagenes/BOCMST4150/BOCMST4150_400.jpg,https://static.ctonline.mx/marcas/png/BOCINA.png,https://ctonline.mx/buscar/productos?b=BOCMST4150,5689.55,7680.89,6827.46,35%,assets/img/catalog/BOCMST4150.jpg,https://static.ctonline.mx/imagenes/BOCMST4150/BOCMST4150_400.jpg,electronica_consumo,20% garantizado sobre proveedor,https://static.ctonline.mx/imagenes/BOCMST4150/BOCMST4150_400.jpg
BOCMST4130,"Bocina portátil inalámbrica BLUETO PC-113249 PERFECT CHOICE  conexión bluetooth, alimentación de 5Vcc 1A, potencia 30W R","Bocina portátil inalámbrica BLUETO PC-113249 PERFECT CHOICE  conexión bluetooth, alimentación de 5Vcc 1A, potencia 30W RMS ( 2 altavoces x 15W), iluminación RGB, entradas de audio: bluetooth, radio FM, auxiliar 3.5mm, memorias micro SD, memoria USB, contesta llamadas , funciona como manos libre, soporta  conexión TWS para  enlazar 2 bocinas la mismo tiempo, tiempo de reproducción hasta de 7 horas, protección contra el agua. resistente al agua IP65 (salpicaduras) función manos libres, eliminación RGB medidas: 96x96x230, peso: 900gr UPC: 615604113249",ACCESORIOS,BOCINA,608.52,16019.34,18985.89,https://static.ctonline.mx/imagenes/BOCMST4130/BOCMST4130_400.jpg,https://static.ctonline.mx/marcas/png/BOCINA.png,https://ctonline.mx/buscar/productos?b=BOCMST4130,11866.18,16019.34,14239.42,35%,assets/img/catalog/BOCMST4130.jpg,https://static.ctonline.mx/imagenes/BOCMST4130/BOCMST4130_400.jpg,electronica_consumo,20% garantizado sobre proveedor,https://static.ctonline.mx/imagenes/BOCMST4130/BOCMST4130_400.jpg
BOCMST3990,"Bafle Bluetooth FESTA ULTIMATE PERFECT CHOICE PC-113232 con iluminación RGB, esta bocina ofrece un sonido excepcional, A","Bafle Bluetooth FESTA ULTIMATE PERFECT CHOICE PC-113232 con iluminación RGB, esta bocina ofrece un sonido excepcional, Alimentación: 5 Vcc 2 A, Conectores: USB tipo C (carga) 3.5 mm (aux) 6.3 mm (mic), Entradas memoria: micro SD (TF) USB Versión Bt: 5.3, Perfiles soportados: AVRCP A2DP, Alcance: 10 m, Batería interna: 2400 mAh, Duración en reproducción: 6 h, Potencia: 4000W PMPO - 20W RMS, Bocina: 37 x 17.5 x 16.5 cm Micrófono: 21.4 x 3.8 Ø Bocina: 1640 g Micrófono: 140 g  UPC: 615604113232",ACCESORIOS,BAFLE,303.96,8001.65,9483.44,https://static.ctonline.mx/imagenes/BOCMST3990/BOCMST3990_400.jpg,https://static.ctonline.mx/marcas/png/BAFLE.png,https://ctonline.mx/buscar/productos?b=BOCMST3990,5927.15,8001.65,7112.58,35%,assets/img/catalog/BOCMST3990.jpg,https://static.ctonline.mx/imagenes/BOCMST3990/BOCMST3990_400.jpg,electronica_consumo,20% garantizado sobre proveedor,https://static.ctonline.mx/imagenes/BOCMST3990/BOCMST3990_400.jpg
BOCMST4000,"Bocina LUMINO portátil e inalámbrica 20W PERFECT CHOICE PC-113263, sonido estéreo 2.0 de alta calidad, Alimentación: 5Vc","Bocina LUMINO portátil e inalámbrica 20W PERFECT CHOICE PC-113263, sonido estéreo 2.0 de alta calidad, Alimentación: 5Vcc 1A, Transmisión: Inalámbrica BT 2.4GHz Alcance: 10m, Conector de carga: Tipo C, Entradas de audio: USB, Aux (3.5mm), Bt Batería: 2000mAh, Reproducción: 7h, Potencia 20W max, 10W RMS, Conos: 2"" x 2 Perfiles BT; A2DP para control de reproducción, HFP para contestar llamadas,• Medidas: 242 x 92 x 92 mm, Peso: 735 g UPC:615604113263",ACCESORIOS,BOCINA,303.96,8001.65,9483.44,https://static.ctonline.mx/imagenes/BOCMST4000/BOCMST4000_400.jpg,https://static.ctonline.mx/marcas/png/BOCINA.png,https://ctonline.mx/buscar/productos?b=BOCMST4000,5927.15,8001.65,7112.58,35%,assets/img/catalog/BOCMST4000.jpg,https://static.ctonline.mx/imagenes/BOCMST4000/BOCMST4000_400.jpg,electronica_consumo,20% garantizado sobre proveedor,https://static.ctonline.mx/imagenes/BOCMST4000/BOCMST4000_400.jpg
BOCMST4010,"Bocina SOUNDUS portátil inalámbrica PERFECT CHOICE PC-113270 máxima potencia de 30W. Con su carga rápida, Alimentación: ","Bocina SOUNDUS portátil inalámbrica PERFECT CHOICE PC-113270 máxima potencia de 30W. Con su carga rápida, Alimentación: 5Vcc 1A Transmisión: Inalámbrica BT 2.4GHz, Alcance: 10m, Conector de carga: Tipo C, Entradas de audio: USB, Aux (3.5mm),Bt, FM, Batería: 3000mAh,Reproducción: 8h Potencia 30W max, 15W RMS, Conos: 3.5"" x 2, Perfiles BT;A2DP para control de reproducción HFP para contestar llamadas.  Medidas: 360 X 135 X 155 mm, Peso: 1960 g  UPC / 615604113270",ACCESORIOS,BOCINA,730.35,19226.4,22786.85,https://static.ctonline.mx/imagenes/BOCMST4010/BOCMST4010_400.jpg,https://static.ctonline.mx/marcas/png/BOCINA.png,https://ctonline.mx/buscar/productos?b=BOCMST4010,14241.78,19226.4,17090.14,35%,assets/img/catalog/BOCMST4010.jpg,https://static.ctonline.mx/imagenes/BOCMST4010/BOCMST4010_400.jpg,electronica_consumo,20% garantizado sobre proveedor,https://static.ctonline.mx/imagenes/BOCMST4010/BOCMST4010_400.jpg
BOCMST4050,"Bocina SUGARY portátil color Azul PERFECT CHOICE PC-113317 con funciones de manos libres, hasta 35hr de reproducción, Vo","Bocina SUGARY portátil color Azul PERFECT CHOICE PC-113317 con funciones de manos libres, hasta 35hr de reproducción, Voltaje de Entrada: 5V cc 1 , Conector de carga: Tipo C, Batería: Bocina 2200 mAh, Duración de la batería: Hasta 35 horas vol.70%, 6h 100% Tamaño de cono: 52mm, Potencia de Salida: 10W PMPO - 8W RMS Perfiles Soportados : MP3 / WAV / FLAC Versión de Bluetooth : 5.4 (bajo consumo) Rango de Operación:10m Modos soportados: USB/AUX/BT Protección: IPX6. • Medidas: 11.5 x 5.5 x 8 cm Peso:290 g UPC: 615604113300",ACCESORIOS,BOCINA,285.68,7520.66,8913.38,https://static.ctonline.mx/imagenes/BOCMST4050/BOCMST4050_400.jpg,https://static.ctonline.mx/marcas/png/BOCINA.png,https://ctonline.mx/buscar/productos?b=BOCMST4050,5570.86,7520.66,6685.03,35%,assets/img/catalog/BOCMST4050.jpg,https://static.ctonline.mx/imagenes/BOCMST4050/BOCMST4050_400.jpg,electronica_consumo,20% garantizado sobre proveedor,https://static.ctonline.mx/imagenes/BOCMST4050/BOCMST4050_400.jpg
BOCMST4060,"Bocina SUGARY portátil color Azul PERFECT CHOICE PC-117155 con funciones de manos libres, hasta 35hr de reproducción, Vo","Bocina SUGARY portátil color Azul PERFECT CHOICE PC-117155 con funciones de manos libres, hasta 35hr de reproducción, Voltaje de Entrada: 5V cc 1 , Conector de carga: Tipo C, Batería: Bocina 2200 mAh, Duración de la batería: Hasta 35 horas vol.70%, 6h 100% Tamaño de cono: 52mm, Potencia de Salida: 10W PMPO - 8W RMS Perfiles Soportados : MP3 / WAV / FLAC Versión de Bluetooth : 5.4 (bajo consumo) Rango de Operación:10m Modos soportados: USB/AUX/BT Protección: IPX6. • Medidas: 11.5 x 5.5 x 8 cm Peso:290 g UPC: 615604113300",ACCESORIOS,BOCINA,425.78,11208.73,13284.42,https://static.ctonline.mx/imagenes/BOCMST4060/BOCMST4060_400.jpg,https://static.ctonline.mx/marcas/png/BOCINA.png,https://ctonline.mx/buscar/productos?b=BOCMST4060,8302.76,11208.73,9963.31,35%,assets/img/catalog/BOCMST4060.jpg,https://static.ctonline.mx/imagenes/BOCMST4060/BOCMST4060_400.jpg,electronica_consumo,20% garantizado sobre proveedor,https://static.ctonline.mx/imagenes/BOCMST4060/BOCMST4060_400.jpg
BOCMST4020,"Bocina COSMO portátil transparent PC-113287 PERFECT CHOICE con 2 micrófonos inalámbricos Función de Karaoke, potencia de","Bocina COSMO portátil transparent PC-113287 PERFECT CHOICE con 2 micrófonos inalámbricos Función de Karaoke, potencia de  15W, Iluminación RGB, Sujetador lateral, Entrada de audio 3.5mm Entrada de memoria  USB-TF, protección contra agua IPX6, Batería con duración de 6hr, cuerpo transparente,• Voltaje de Entrada: 5V cc 1 A, Conector de carga: Tipo C, Batería: Bocina 2400 mAh, Micrófono 400mAh,Duración de la batería: Hasta 6 horas, Iluminación RGB multi-modos (24) TPotencia de Salida: 15W PMPO - 10W,RMS (10W*1),Perfiles Soportados : MP3 / WAV / FLAC Versión de Bluetooth : 5.3,Rango de Operación:10M, Modos soportados: TF/USB/AUX  Medidas de Bocina: 9.5 x 9.5 x 21 cm Micrófono: 4.2 x 4.2 x 13 cm, Peso: Bocina: 810 micrófono: 65 g  UPC / 615604113287",ACCESORIOS,BOCINA,486.7,12812.27,15184.91,https://static.ctonline.mx/imagenes/BOCMST4020/BOCMST4020_400.jpg,https://static.ctonline.mx/marcas/png/BOCINA.png,https://ctonline.mx/buscar/productos?b=BOCMST4020,9490.57,12812.27,11388.68,35%,assets/img/catalog/BOCMST4020.jpg,https://static.ctonline.mx/imagenes/BOCMST4020/BOCMST4020_400.jpg,electronica_consumo,20% garantizado sobre proveedor,https://static.ctonline.mx/imagenes/BOCMST4020/BOCMST4020_400.jpg
BOCMST4030,"Bocina SUGARY portátil color negro PERFECT CHOICE PC-113294 con funciones de manos libres, hasta 35hr de reproducción, V","Bocina SUGARY portátil color negro PERFECT CHOICE PC-113294 con funciones de manos libres, hasta 35hr de reproducción, Voltaje de Entrada: 5V cc 1 , Conector de carga: Tipo C, Batería: Bocina 2200 mAh, Duración de la batería: Hasta 35 horas vol.70%, 6h 100% Tamaño de cono: 52mm, Potencia de Salida: 10W PMPO - 8W RMS Perfiles Soportados : MP3 / WAV / FLAC Versión de Bluetooth : 5.4 (bajo consumo) Rango de Operación:10m Modos soportados: USB/AUX/BT Protección: IPX6. • Medidas: 11.5 x 5.5 x 8 cm Peso:290 g UPC:615604113294",ACCESORIOS,BOCINA,285.68,7520.66,8913.38,https://static.ctonline.mx/imagenes/BOCMST4030/BOCMST4030_400.jpg,https://static.ctonline.mx/marcas/png/BOCINA.png,https://ctonline.mx/buscar/productos?b=BOCMST4030,5570.86,7520.66,6685.03,35%,assets/img/catalog/BOCMST4030.jpg,https://static.ctonline.mx/imagenes/BOCMST4030/BOCMST4030_400.jpg,electronica_consumo,20% garantizado sobre proveedor,https://static.ctonline.mx/imagenes/BOCMST4030/BOCMST4030_400.jpg
BOCMST4040,"Bocina SUGARY portátil color Rosa PERFECT CHOICE PC-113300 con funciones de manos libres, hasta 35hr de reproducción, Vo","Bocina SUGARY portátil color Rosa PERFECT CHOICE PC-113300 con funciones de manos libres, hasta 35hr de reproducción, Voltaje de Entrada: 5V cc 1 , Conector de carga: Tipo C, Batería: Bocina 2200 mAh, Duración de la batería: Hasta 35 horas vol.70%, 6h 100% Tamaño de cono: 52mm, Potencia de Salida: 10W PMPO - 8W RMS Perfiles Soportados : MP3 / WAV / FLAC Versión de Bluetooth : 5.4 (bajo consumo) Rango de Operación:10m Modos soportados: USB/AUX/BT Protección: IPX6. • Medidas: 11.5 x 5.5 x 8 cm Peso:290 g UPC: 615604113300",ACCESORIOS,BOCINA,285.68,7520.66,8913.38,https://static.ctonline.mx/imagenes/BOCMST4040/BOCMST4040_400.jpg,https://static.ctonline.mx/marcas/png/BOCINA.png,https://ctonline.mx/buscar/productos?b=BOCMST4040,5570.86,7520.66,6685.03,35%,assets/img/catalog/BOCMST4040.jpg,https://static.ctonline.mx/imagenes/BOCMST4040/BOCMST4040_400.jpg,electronica_consumo,20% garantizado sobre proveedor,https://static.ctonline.mx/imagenes/BOCMST4040/BOCMST4040_400.jpg
BOCMST3890,"Bocina Bluetooth Inalámbrica con Micrófono Outdoors lite, PC-112815, Potente sonido, micrófono para karaoke, resistencia","Bocina Bluetooth Inalámbrica con Micrófono Outdoors lite, PC-112815, Potente sonido, micrófono para karaoke, resistencia a salpicaduras y una explosión de colores con la luz RGB hacen de esta bocina la elección perfecta para aquellos que buscan una experiencia completa de entretenimiento al aire libre. Voltaje de entrada: 5V cc 1  A, Conector de craga: Tipo C, Bocina 20.3 x 10 x 8.5 cm. Peso: 866 g, Micrófono 15.5 x 0.4 cm   Peso 77 g. ﻿",ACCESORIOS,BOCINA,486.7,12812.27,15184.91,https://static.ctonline.mx/imagenes/BOCMST3890/BOCMST3890_400.jpg,https://static.ctonline.mx/marcas/png/BOCINA.png,https://ctonline.mx/buscar/productos?b=BOCMST3890,9490.57,12812.27,11388.68,35%,assets/img/catalog/BOCMST3890.jpg,https://static.ctonline.mx/imagenes/BOCMST3890/BOCMST3890_400.jpg,electronica_consumo,20% garantizado sobre proveedor,https://static.ctonline.mx/imagenes/BOCMST3890/BOCMST3890_400.jpg
BOCMST3900,"Mini Bafle Dual 5"" Función TWS Luz RGB y Micrófono Miniglow, PC-1123716 diseño compacto y atractivo, Miniglow es fácil d","Mini Bafle Dual 5"" Función TWS Luz RGB y Micrófono Miniglow, PC-1123716 diseño compacto y atractivo, Miniglow es fácil de usar y se adapta perfectamente a tu estilo de vida activo, Bocina-Medidas 220 x 210 x 430 mm,  Medidas 215 x 45 Ø mm",ACCESORIOS,MINI,608.52,16019.34,18985.89,https://static.ctonline.mx/imagenes/BOCMST3900/BOCMST3900_400.jpg,https://static.ctonline.mx/marcas/png/MINI.png,https://ctonline.mx/buscar/productos?b=BOCMST3900,11866.18,16019.34,14239.42,35%,assets/img/catalog/BOCMST3900.jpg,https://static.ctonline.mx/imagenes/BOCMST3900/BOCMST3900_400.jpg,electronica_consumo,20% garantizado sobre proveedor,https://static.ctonline.mx/imagenes/BOCMST3900/BOCMST3900_400.jpg
BOCMST2900,"Bocina estereo 2.0 PC-112914 con gran potencia, conector de audio 3.5, alimentacion USB, control de bolumen en el cable,","Bocina estereo 2.0 PC-112914 con gran potencia, conector de audio 3.5, alimentacion USB, control de bolumen en el cable, rango de respuesta 110-20000 HZ.",ACCESORIOS,BOCINA,111.96,2947.25,3493.04,https://static.ctonline.mx/imagenes/BOCMST2900/BOCMST2900_400.jpg,https://static.ctonline.mx/marcas/png/BOCINA.png,https://ctonline.mx/buscar/productos?b=BOCMST2900,2183.15,2947.25,2619.78,35%,assets/img/catalog/BOCMST2900.jpg,https://static.ctonline.mx/imagenes/BOCMST2900/BOCMST2900_400.jpg,electronica_consumo,20% garantizado sobre proveedor,https://static.ctonline.mx/imagenes/BOCMST2900/BOCMST2900_400.jpg
BOCMST3520,"Bocina inalámbrica portátil RGB HANDY PC-113089 Lleva tu música a donde quieras con esta bocina portátil, su correa te p","Bocina inalámbrica portátil RGB HANDY PC-113089 Lleva tu música a donde quieras con esta bocina portátil, su correa te permitirá  traerla contigo, su luz RGB ilumina tu  música.  Cuenta con batería recargable y conexión  BT para complementar tu experiencia. • Alimentación: 5vcc 1A • Conector: USB (carga) 3.5mm (Aux) • Transmisión: Bt 5.0 2.4 GHz • Distancia de operación: 10m • Potencia: 5W RMS • Driver unit:52mm 4Ω  • Batería:800mAh  • Reproducción: hasta 5 horas (70% volumen)  • Dimensiones:95*86*42mm",ACCESORIOS,BOCINA,139.86,3681.79,4363.6,https://static.ctonline.mx/imagenes/BOCMST3520/BOCMST3520_400.jpg,https://static.ctonline.mx/marcas/png/BOCINA.png,https://ctonline.mx/buscar/productos?b=BOCMST3520,2727.25,3681.79,3272.7,35%,assets/img/catalog/BOCMST3520.jpg,https://static.ctonline.mx/imagenes/BOCMST3520/BOCMST3520_400.jpg,electronica_consumo,20% garantizado sobre proveedor,https://static.ctonline.mx/imagenes/BOCMST3520/BOCMST3520_400.jpg
BOCMST3710,Bocina LED RGB OWTY con teclas mecánicas PC-113218 Lleva la fiesta a donde vayas y disfruta la versatilidad de Owty con ,"Bocina LED RGB OWTY con teclas mecánicas PC-113218 Lleva la fiesta a donde vayas y disfruta la versatilidad de Owty con sus 9 diferentes modalidades de iluminación y su original diseño que cuenta con teclas mecánicas para adelantar, pausar o reproducir tu música. La duración de 5 horas de su batería y sus múltiples conexiones BT, USB y TF te permitirán disfrutar de siempre de tus canciones favoritas. Alimentación :5Vcc 1A • Conector de carga: USB Tipo C • Transmisión: Inalámbrica BT 2.4 GHz • Versión bluetooth: Jieli 5.3+EDR • Alcance: 10m • Batería interna: 1800Mah • Tamaño de cono: 52mm*2 • Potencia:7W*2 • Entradas de audio: TF/ USB /AUX / BT",ACCESORIOS,BOCINA,259.78,6838.78,8105.22,https://static.ctonline.mx/imagenes/BOCMST3710/BOCMST3710_400.jpg,https://static.ctonline.mx/marcas/png/BOCINA.png,https://ctonline.mx/buscar/productos?b=BOCMST3710,5065.76,6838.78,6078.91,35%,assets/img/catalog/BOCMST3710.jpg,https://static.ctonline.mx/imagenes/BOCMST3710/BOCMST3710_400.jpg,electronica_consumo,20% garantizado sobre proveedor,https://static.ctonline.mx/imagenes/BOCMST3710/BOCMST3710_400.jpg
BOCMST3650,Bocina Bluetooth Profesional de 50W Goliat PC-113102 Gran potencia de sonido para disfrutar tu música a todo volumen. Su,"Bocina Bluetooth Profesional de 50W Goliat PC-113102 Gran potencia de sonido para disfrutar tu música a todo volumen. Su sonido profesional de alta calidad te permite vivir una nueva experiencia musical. SU batería de larga duración te permite disfrutar hasta 7 horas de música y su agarradera la hace portable para poder llevar tu música a todas partes. Alimentación: 5 Vcc 2A •Transmisión: Inalámbrica Bt 5.0 2.4 GHz •Chipset: Actions 2819 •Rango de operación: ≥10m •Tamaño de drivers: 4'' *2 +1.2'' * 2 •Potencia: 50W RMS - 25W*2 (subwoofer interno) •Impedancia:4Ω •Sensibilidad: 94±3db •Batería: 7.4V, 4000mAh Litio •Reproducción: 6-7h @ 70% volumen •Conector de carga: USB Tipo-C •Tiempo de carga: 5h •Protección: IPX5 water-proof",ACCESORIOS,BOCINA,1629.35,42892.58,50835.65,https://static.ctonline.mx/imagenes/BOCMST3650/BOCMST3650_400.jpg,https://static.ctonline.mx/marcas/png/BOCINA.png,https://ctonline.mx/buscar/productos?b=BOCMST3650,31772.28,42892.58,38126.74,35%,assets/img/catalog/BOCMST3650.jpg,https://static.ctonline.mx/imagenes/BOCMST3650/BOCMST3650_400.jpg,electronica_consumo,20% garantizado sobre proveedor,https://static.ctonline.mx/imagenes/BOCMST3650/BOCMST3650_400.jpg
BOCVGO470,"Bocinas Vorago Spk-105 negro, negro Bocinas 2.0 USB Línea de entrada: 5 V cc, 500 mA USB Conector: 3.5 mm, Estereo, Long","Bocinas Vorago Spk-105 negro, negro Bocinas 2.0 USB Línea de entrada: 5 V cc, 500 mA USB Conector: 3.5 mm, Estereo, Longitud Cable: 1 m: Peso: 180g Potencia RMS: 3Wx2 Rango de frecuencia: 200 Hz -20 KHz Sensibilidad: ≥60dB0 Impedancia: 4 THD: ≤1% Dimensiones: 80 x 80 x 70 mm Garantía 1 año.",ACCESORIOS,BOCINAS,4.95,130.18,154.29,https://static.ctonline.mx/imagenes/BOCVGO470/BOCVGO470_400.jpg,https://static.ctonline.mx/marcas/png/BOCINAS.png,https://ctonline.mx/buscar/productos?b=BOCVGO470,96.43,130.18,115.72,35%,assets/img/catalog/BOCVGO470.jpg,https://static.ctonline.mx/imagenes/BOCVGO470/BOCVGO470_400.jpg,electronica_consumo,20% garantizado sobre proveedor,https://static.ctonline.mx/imagenes/BOCVGO470/BOCVGO470_400.jpg
BOCVGO1970,"Bocina Vorago SPK-109 8 modos de iluminación RGB, Tamaño compacto con 2W RMS cada bocina. Alimentación por medio de USB ","Bocina Vorago SPK-109 8 modos de iluminación RGB, Tamaño compacto con 2W RMS cada bocina. Alimentación por medio de USB 2.0, 5V y conector 3.5mm. 60Hz-20KHz, ≥75dB, 4 Ω, Color Negro",ACCESORIOS,BOCINA,5.22,137.42,162.86,https://static.ctonline.mx/imagenes/BOCVGO1970/BOCVGO1970_400.jpg,https://static.ctonline.mx/marcas/png/BOCINA.png,https://ctonline.mx/buscar/productos?b=BOCVGO1970,101.79,137.42,122.15,35%,assets/img/catalog/BOCVGO1970.jpg,https://static.ctonline.mx/imagenes/BOCVGO1970/BOCVGO1970_400.jpg,electronica_consumo,20% garantizado sobre proveedor,https://static.ctonline.mx/imagenes/BOCVGO1970/BOCVGO1970_400.jpg
BOCVGO1050,"Bocinas Vorago  (SPK-107 ). USB 2.0. Conector 3.5 mm, Dimensiones: 85 x 65 x 110 mm Garantia: 1 Año.","Bocinas Vorago  (SPK-107 ). USB 2.0. Conector 3.5 mm, Dimensiones: 85 x 65 x 110 mm Garantia: 1 Año.",ACCESORIOS,BOCINAS,5.67,149.27,176.91,https://static.ctonline.mx/imagenes/BOCVGO1050/BOCVGO1050_400.jpg,https://static.ctonline.mx/marcas/png/BOCINAS.png,https://ctonline.mx/buscar/productos?b=BOCVGO1050,110.57,149.27,132.68,35%,assets/img/catalog/BOCVGO1050.jpg,https://static.ctonline.mx/imagenes/BOCVGO1050/BOCVGO1050_400.jpg,electronica_consumo,20% garantizado sobre proveedor,https://static.ctonline.mx/imagenes/BOCVGO1050/BOCVGO1050_400.jpg
BOCVGO1610,Bocinas 2.0. Vorago Start The Game SPK-108 RGB /USB /3.5 MM.,Bocinas 2.0. Vorago Start The Game SPK-108 RGB /USB /3.5 MM.,ACCESORIOS,BOCINAS,5.77,151.88,180.0,https://static.ctonline.mx/imagenes/BOCVGO1610/BOCVGO1610_400.jpg,https://static.ctonline.mx/marcas/png/BOCINAS.png,https://ctonline.mx/buscar/productos?b=BOCVGO1610,112.5,151.88,135.0,35%,assets/img/catalog/BOCVGO1610.jpg,https://static.ctonline.mx/imagenes/BOCVGO1610/BOCVGO1610_400.jpg,electronica_consumo,20% garantizado sobre proveedor,https://static.ctonline.mx/imagenes/BOCVGO1610/BOCVGO1610_400.jpg
BOCVGO530,"Bocinas Vorago Spk-106 negro, Bocinas 2.0 USB Línea de entrada: 5 V cc, 550 mA USB Conector: 3.5 mm, Estereo, Longitud C","Bocinas Vorago Spk-106 negro, Bocinas 2.0 USB Línea de entrada: 5 V cc, 550 mA USB Conector: 3.5 mm, Estereo, Longitud Cable: 1.2 m: Peso: 489g Potencia RMS: 3Wx2 Rango de frecuencia: 20 Hz -20 KHz Sensibilidad: ≥60dB0 Impedancia: 4 THD: ≤10% Dimensiones: 160 x 90 x 75 mm Garantía 1 año.",ACCESORIOS,BOCINAS,7.03,185.14,219.42,https://static.ctonline.mx/imagenes/BOCVGO530/BOCVGO530_400.jpg,https://static.ctonline.mx/marcas/png/BOCINAS.png,https://ctonline.mx/buscar/productos?b=BOCVGO530,137.14,185.14,164.57,35%,assets/img/catalog/BOCVGO530.jpg,https://static.ctonline.mx/imagenes/BOCVGO530/BOCVGO530_400.jpg,electronica_consumo,20% garantizado sobre proveedor,https://static.ctonline.mx/imagenes/BOCVGO530/BOCVGO530_400.jpg
BOCVGO1900,"Bocinas Vorago. KSP-180 Bafle mini KARAOKE bluetooth 5.3 Bocina 3"", RGB, Miro SD, 3.5 mm, Hasta 4h de música, Puerto USB","Bocinas Vorago. KSP-180 Bafle mini KARAOKE bluetooth 5.3 Bocina 3"", RGB, Miro SD, 3.5 mm, Hasta 4h de música, Puerto USB, Micro SD, Alcance 10m, RMS 10W, TWS, Color Negro",ACCESORIOS,BOCINAS,7.23,190.35,225.6,https://static.ctonline.mx/imagenes/BOCVGO1900/BOCVGO1900_400.jpg,https://static.ctonline.mx/marcas/png/BOCINAS.png,https://ctonline.mx/buscar/productos?b=BOCVGO1900,141.0,190.35,169.2,35%,assets/img/catalog/BOCVGO1900.jpg,https://static.ctonline.mx/imagenes/BOCVGO1900/BOCVGO1900_400.jpg,electronica_consumo,20% garantizado sobre proveedor,https://static.ctonline.mx/imagenes/BOCVGO1900/BOCVGO1900_400.jpg
BOCVGO560,Bocinas Vorago. BSP-100-V2 Bocina y reproductor de sonido con bluetooth color NEGRO. Manos Libres. Entrada Auxiliar 3.5 ,"Bocinas Vorago. BSP-100-V2 Bocina y reproductor de sonido con bluetooth color NEGRO. Manos Libres. Entrada Auxiliar 3.5 mm y micro SD. Línea de entrada: 5 V cc, 500 mA USB Conector: micro USB / Bluetooth v3.0. Alcance Bluetooth: 10 m Peso: 180g Potencia RMS: 3 W x 2 Rango de frecuencia: 10 Hz - 20 KHz Sensibilidad: ≥70dB Impedancia: 4 THD: ≤1%  Dimensiones: 148x35x77 mm. Garantía 1 año.",ACCESORIOS,BOCINAS,8.02,211.18,250.29,https://static.ctonline.mx/imagenes/BOCVGO560/BOCVGO560_400.jpg,https://static.ctonline.mx/marcas/png/BOCINAS.png,https://ctonline.mx/buscar/productos?b=BOCVGO560,156.43,211.18,187.72,35%,assets/img/catalog/BOCVGO560.jpg,https://static.ctonline.mx/imagenes/BOCVGO560/BOCVGO560_400.jpg,electronica_consumo,20% garantizado sobre proveedor,https://static.ctonline.mx/imagenes/BOCVGO560/BOCVGO560_400.jpg
BOCVGO1260,Bocina Vorago BSP-150-BK Bluetooth / MSD / USB / 3.5mm TELA NEGRO,Bocina Vorago BSP-150-BK Bluetooth / MSD / USB / 3.5mm TELA NEGRO,ACCESORIOS,BOCINA,9.62,253.13,300.0,https://static.ctonline.mx/imagenes/BOCVGO1260/BOCVGO1260_400.jpg,https://static.ctonline.mx/marcas/png/BOCINA.png,https://ctonline.mx/buscar/productos?b=BOCVGO1260,187.5,253.13,225.0,35%,assets/img/catalog/BOCVGO1260.jpg,https://static.ctonline.mx/imagenes/BOCVGO1260/BOCVGO1260_400.jpg,electronica_consumo,20% garantizado sobre proveedor,https://static.ctonline.mx/imagenes/BOCVGO1260/BOCVGO1260_400.jpg
BOCVGO1270,Bocina Vorago BSP-150-GRY Bluetooth / MSD / USB / 3.5mm TELA GRIS,Bocina Vorago BSP-150-GRY Bluetooth / MSD / USB / 3.5mm TELA GRIS,ACCESORIOS,BOCINA,9.62,253.13,300.0,https://static.ctonline.mx/imagenes/BOCVGO1270/BOCVGO1270_400.jpg,https://static.ctonline.mx/marcas/png/BOCINA.png,https://ctonline.mx/buscar/productos?b=BOCVGO1270,187.5,253.13,225.0,35%,assets/img/catalog/BOCVGO1270.jpg,https://static.ctonline.mx/imagenes/BOCVGO1270/BOCVGO1270_400.jpg,electronica_consumo,20% garantizado sobre proveedor,https://static.ctonline.mx/imagenes/BOCVGO1270/BOCVGO1270_400.jpg
BOCVGO1280,Bocina Vorago BSP-150-RD Bluetooth / MSD / USB / 3.5mm TELA ROJO,Bocina Vorago BSP-150-RD Bluetooth / MSD / USB / 3.5mm TELA ROJO,ACCESORIOS,BOCINA,9.62,253.13,300.0,https://static.ctonline.mx/imagenes/BOCVGO1280/BOCVGO1280_400.jpg,https://static.ctonline.mx/marcas/png/BOCINA.png,https://ctonline.mx/buscar/productos?b=BOCVGO1280,187.5,253.13,225.0,35%,assets/img/catalog/BOCVGO1280.jpg,https://static.ctonline.mx/imagenes/BOCVGO1280/BOCVGO1280_400.jpg,electronica_consumo,20% garantizado sobre proveedor,https://static.ctonline.mx/imagenes/BOCVGO1280/BOCVGO1280_400.jpg
BOCVGO1690,"Bocina Vorago SPK-255 Start The Game RGB / Sistema 2.1 / 3.5 MM, Alimentación USB, 5 V 1A, 3W x 2, 10 W","Bocina Vorago SPK-255 Start The Game RGB / Sistema 2.1 / 3.5 MM, Alimentación USB, 5 V 1A, 3W x 2, 10 W",ACCESORIOS,BOCINA,10.44,274.82,325.71,https://static.ctonline.mx/imagenes/BOCVGO1690/BOCVGO1690_400.jpg,https://static.ctonline.mx/marcas/png/BOCINA.png,https://ctonline.mx/buscar/productos?b=BOCVGO1690,203.57,274.82,244.28,35%,assets/img/catalog/BOCVGO1690.jpg,https://static.ctonline.mx/imagenes/BOCVGO1690/BOCVGO1690_400.jpg,electronica_consumo,20% garantizado sobre proveedor,https://static.ctonline.mx/imagenes/BOCVGO1690/BOCVGO1690_400.jpg
BOCVGO1910,"Bocinas Vorago. KSP-205 Bafle KARAOKE Bluetooth 5.3 Bocina 4"", RGB, Miro SD, 3.5 mm, Hasta 4h de música, Puerto USB, Alc","Bocinas Vorago. KSP-205 Bafle KARAOKE Bluetooth 5.3 Bocina 4"", RGB, Miro SD, 3.5 mm, Hasta 4h de música, Puerto USB, Alcance 10m, RMS 10W, TWS Color Negro",ACCESORIOS,BOCINAS,12.2,321.11,380.58,https://static.ctonline.mx/imagenes/BOCVGO1910/BOCVGO1910_400.jpg,https://static.ctonline.mx/marcas/png/BOCINAS.png,https://ctonline.mx/buscar/productos?b=BOCVGO1910,237.86,321.11,285.43,35%,assets/img/catalog/BOCVGO1910.jpg,https://static.ctonline.mx/imagenes/BOCVGO1910/BOCVGO1910_400.jpg,electronica_consumo,20% garantizado sobre proveedor,https://static.ctonline.mx/imagenes/BOCVGO1910/BOCVGO1910_400.jpg
BOCVGO1500,Bocinas Vorago SPK-250 Para Computadora 2.1/Usb/3.5Mm Rgb,Bocinas Vorago SPK-250 Para Computadora 2.1/Usb/3.5Mm Rgb,ACCESORIOS,BOCINAS,12.64,332.68,394.29,https://static.ctonline.mx/imagenes/BOCVGO1500/BOCVGO1500_400.jpg,https://static.ctonline.mx/marcas/png/BOCINAS.png,https://ctonline.mx/buscar/productos?b=BOCVGO1500,246.43,332.68,295.72,35%,assets/img/catalog/BOCVGO1500.jpg,https://static.ctonline.mx/imagenes/BOCVGO1500/BOCVGO1500_400.jpg,electronica_consumo,20% garantizado sobre proveedor,https://static.ctonline.mx/imagenes/BOCVGO1500/BOCVGO1500_400.jpg
BOCVGO1880,"Bocinas Vorago. BSP-260 Bluetooth 5.1 Manos libres, USB tipo C, Puerto USB, Auxiliar 3.5mm, Radio FM, TWS (True Wireless","Bocinas Vorago. BSP-260 Bluetooth 5.1 Manos libres, USB tipo C, Puerto USB, Auxiliar 3.5mm, Radio FM, TWS (True Wireless Stereo), RGB, Hasta 7h de reproducción, RMS 16W Color Negro",ACCESORIOS,BOCINAS,12.68,333.84,395.66,https://static.ctonline.mx/imagenes/BOCVGO1880/BOCVGO1880_400.jpg,https://static.ctonline.mx/marcas/png/BOCINAS.png,https://ctonline.mx/buscar/productos?b=BOCVGO1880,247.29,333.84,296.75,35%,assets/img/catalog/BOCVGO1880.jpg,https://static.ctonline.mx/imagenes/BOCVGO1880/BOCVGO1880_400.jpg,electronica_consumo,20% garantizado sobre proveedor,https://static.ctonline.mx/imagenes/BOCVGO1880/BOCVGO1880_400.jpg
BOCVGO1510,"Bocinas Start The Game BSP-350 Bluetooth/3.5Mm, Usb, Iluminación Rgb, Negro","Bocinas Start The Game BSP-350 Bluetooth/3.5Mm, Usb, Iluminación Rgb, Negro",ACCESORIOS,BOCINAS,15.27,402.11,476.58,https://static.ctonline.mx/imagenes/BOCVGO1510/BOCVGO1510_400.jpg,https://static.ctonline.mx/marcas/png/BOCINAS.png,https://ctonline.mx/buscar/productos?b=BOCVGO1510,297.86,402.11,357.43,35%,assets/img/catalog/BOCVGO1510.jpg,https://static.ctonline.mx/imagenes/BOCVGO1510/BOCVGO1510_400.jpg,electronica_consumo,20% garantizado sobre proveedor,https://static.ctonline.mx/imagenes/BOCVGO1510/BOCVGO1510_400.jpg
BOCVGO1400,Bocinas Vorago BSP-400 Pool Bluetooth Ipx67 Negra,Bocinas Vorago BSP-400 Pool Bluetooth Ipx67 Negra,ACCESORIOS,BOCINAS,15.71,413.68,490.29,https://static.ctonline.mx/imagenes/BOCVGO1400/BOCVGO1400_400.jpg,https://static.ctonline.mx/marcas/png/BOCINAS.png,https://ctonline.mx/buscar/productos?b=BOCVGO1400,306.43,413.68,367.72,35%,assets/img/catalog/BOCVGO1400.jpg,https://static.ctonline.mx/imagenes/BOCVGO1400/BOCVGO1400_400.jpg,electronica_consumo,20% garantizado sobre proveedor,https://static.ctonline.mx/imagenes/BOCVGO1400/BOCVGO1400_400.jpg
BOCVGO1640,Bocina. Vorago BSP-300-V3. Bluetooth IPX7,Bocina. Vorago BSP-300-V3. Bluetooth IPX7,ACCESORIOS,BOCINA,16.92,445.5,528.0,https://static.ctonline.mx/imagenes/BOCVGO1640/BOCVGO1640_400.jpg,https://static.ctonline.mx/marcas/png/BOCINA.png,https://ctonline.mx/buscar/productos?b=BOCVGO1640,330.0,445.5,396.0,35%,assets/img/catalog/BOCVGO1640.jpg,https://static.ctonline.mx/imagenes/BOCVGO1640/BOCVGO1640_400.jpg,electronica_consumo,20% garantizado sobre proveedor,https://static.ctonline.mx/imagenes/BOCVGO1640/BOCVGO1640_400.jpg
BOCVGO1950,"Bocinas Vorago. BSP-205 KARAOKE bluetooth 5.3 Bocina 4"", control de volumen, Alimentación USB tipo C, Luz LED, Efecto de","Bocinas Vorago. BSP-205 KARAOKE bluetooth 5.3 Bocina 4"", control de volumen, Alimentación USB tipo C, Luz LED, Efecto de voces, Micrófono inalámbrico, Micro SD, alcance 10m, RMS 10W, Hasta 2h de reproducción, Color Purpura",ACCESORIOS,BOCINAS,19.16,504.51,597.94,https://static.ctonline.mx/imagenes/BOCVGO1950/BOCVGO1950_400.jpg,https://static.ctonline.mx/marcas/png/BOCINAS.png,https://ctonline.mx/buscar/productos?b=BOCVGO1950,373.71,504.51,448.45,35%,assets/img/catalog/BOCVGO1950.jpg,https://static.ctonline.mx/imagenes/BOCVGO1950/BOCVGO1950_400.jpg,electronica_consumo,20% garantizado sobre proveedor,https://static.ctonline.mx/imagenes/BOCVGO1950/BOCVGO1950_400.jpg
BOCVGO1870,"Bocinas Vorago. BSP-205-BL KARAOKE bluetooth 5.3 Bocina 4"", control de volumen, Alimentación USB tipo C, Luz LED, Efecto","Bocinas Vorago. BSP-205-BL KARAOKE bluetooth 5.3 Bocina 4"", control de volumen, Alimentación USB tipo C, Luz LED, Efecto de voces, Micrófono inalámbrico, Micro SD, alcance 10m, RMS 10W, Hasta 2h de reproducción, Color Azul",ACCESORIOS,BOCINAS,19.16,504.51,597.94,https://static.ctonline.mx/imagenes/BOCVGO1870/BOCVGO1870_400.jpg,https://static.ctonline.mx/marcas/png/BOCINAS.png,https://ctonline.mx/buscar/productos?b=BOCVGO1870,373.71,504.51,448.45,35%,assets/img/catalog/BOCVGO1870.jpg,https://static.ctonline.mx/imagenes/BOCVGO1870/BOCVGO1870_400.jpg,electronica_consumo,20% garantizado sobre proveedor,https://static.ctonline.mx/imagenes/BOCVGO1870/BOCVGO1870_400.jpg
BOCVGO1890,"Bocinas Vorago. BSP-430 Bluetooth 5.3 2 Bocinas de 2.75"", Alimentación USB tipo C, Hasta 7h de música, incluye correa, I","Bocinas Vorago. BSP-430 Bluetooth 5.3 2 Bocinas de 2.75"", Alimentación USB tipo C, Hasta 7h de música, incluye correa, IPX5 Resistencia al polvo y agua, Iluminación LED, TWS, Alcance 10m, RMS 13W / 26W máx. Color Negro",ACCESORIOS,BOCINAS,20.23,532.58,631.2,https://static.ctonline.mx/imagenes/BOCVGO1890/BOCVGO1890_400.jpg,https://static.ctonline.mx/marcas/png/BOCINAS.png,https://ctonline.mx/buscar/productos?b=BOCVGO1890,394.5,532.58,473.4,35%,assets/img/catalog/BOCVGO1890.jpg,https://static.ctonline.mx/imagenes/BOCVGO1890/BOCVGO1890_400.jpg,electronica_consumo,20% garantizado sobre proveedor,https://static.ctonline.mx/imagenes/BOCVGO1890/BOCVGO1890_400.jpg
BOCVGO1720,"Bocina Vorago BSP-450 Bocina tipo home teather con iluminación RGB, BT 5.0 con alcance de 10m, USB/3.5mm/Micro SD 32GB/C","Bocina Vorago BSP-450 Bocina tipo home teather con iluminación RGB, BT 5.0 con alcance de 10m, USB/3.5mm/Micro SD 32GB/Coaxial/Radio FM, 5Wx2, Incluye control remoto",ACCESORIOS,BOCINA,20.33,535.18,634.29,https://static.ctonline.mx/imagenes/BOCVGO1720/BOCVGO1720_400.jpg,https://static.ctonline.mx/marcas/png/BOCINA.png,https://ctonline.mx/buscar/productos?b=BOCVGO1720,396.43,535.18,475.72,35%,assets/img/catalog/BOCVGO1720.jpg,https://static.ctonline.mx/imagenes/BOCVGO1720/BOCVGO1720_400.jpg,electronica_consumo,20% garantizado sobre proveedor,https://static.ctonline.mx/imagenes/BOCVGO1720/BOCVGO1720_400.jpg
BOCVGO590,Bocinas Vorago. BSP-500-V2 Bocina y reproductor de sonido con bluetooth. Manos Libres y control de música. Línea de entr,"Bocinas Vorago. BSP-500-V2 Bocina y reproductor de sonido con bluetooth. Manos Libres y control de música. Línea de entrada: 5 V, 800 mA Conector tipo C, Salida de audio 3.5 mm, Bluetooth, Alcance 10 m Peso: .75 kg. Potencia RMS: 6W x 2. Rango de frecuencia: 180 Hz - 20 kHz Sensibilidad: 80 dB, Impedancia: 4 THD: ≤1% Dimensiones: 190.2 x 78.1 x 58.2 mm. batería 2000 mah, Resistencia al agua IPX5 (NO SUMERGIBLE EN AGUA), construcción robusta y duradera Garantía 1 año.",ACCESORIOS,BOCINAS,23.08,607.5,720.0,https://static.ctonline.mx/imagenes/BOCVGO590/BOCVGO590_400.jpg,https://static.ctonline.mx/marcas/png/BOCINAS.png,https://ctonline.mx/buscar/productos?b=BOCVGO590,450.0,607.5,540.0,35%,assets/img/catalog/BOCVGO590.jpg,https://static.ctonline.mx/imagenes/BOCVGO590/BOCVGO590_400.jpg,electronica_consumo,20% garantizado sobre proveedor,https://static.ctonline.mx/imagenes/BOCVGO590/BOCVGO590_400.jpg
BOCVGO1920,"Bocinas Vorago. KSP-303 Bafle KARAOKE Bluetooth 5.3 Bocina 8"", RGB, Miro SD, 3.5 mm, Hasta 4h de música, Puerto USB, Alc","Bocinas Vorago. KSP-303 Bafle KARAOKE Bluetooth 5.3 Bocina 8"", RGB, Miro SD, 3.5 mm, Hasta 4h de música, Puerto USB, Alcance 10m, RMS 10W, TWS Color Negro",ACCESORIOS,BOCINAS,24.49,644.81,764.22,https://static.ctonline.mx/imagenes/BOCVGO1920/BOCVGO1920_400.jpg,https://static.ctonline.mx/marcas/png/BOCINAS.png,https://ctonline.mx/buscar/productos?b=BOCVGO1920,477.64,644.81,573.17,35%,assets/img/catalog/BOCVGO1920.jpg,https://static.ctonline.mx/imagenes/BOCVGO1920/BOCVGO1920_400.jpg,electronica_consumo,20% garantizado sobre proveedor,https://static.ctonline.mx/imagenes/BOCVGO1920/BOCVGO1920_400.jpg
BOCVGO2020,"Bocina Vorago BSP-440 Bluetooth speaker, BT 5.0 / 3.5 mm, Conector de carga USB C, Puerto USB, FM, IPX5 Resistencia al p","Bocina Vorago BSP-440 Bluetooth speaker, BT 5.0 / 3.5 mm, Conector de carga USB C, Puerto USB, FM, IPX5 Resistencia al polvo y agua, Iluminación RGB, tecnología TWS para conectados BSP-400 simultáneamente. 30W, Hasta 5h (50% volumen), Color Negro",ACCESORIOS,BOCINA,32.14,846.17,1002.86,https://static.ctonline.mx/imagenes/BOCVGO2020/BOCVGO2020_400.jpg,https://static.ctonline.mx/marcas/png/BOCINA.png,https://ctonline.mx/buscar/productos?b=BOCVGO2020,626.79,846.17,752.15,35%,assets/img/catalog/BOCVGO2020.jpg,https://static.ctonline.mx/imagenes/BOCVGO2020/BOCVGO2020_400.jpg,electronica_consumo,20% garantizado sobre proveedor,https://static.ctonline.mx/imagenes/BOCVGO2020/BOCVGO2020_400.jpg
BOCVGO1410,Bocina Vorago BSP-600 Bluetooth Tws Manos Libres 3.5Mm Plata,Bocina Vorago BSP-600 Bluetooth Tws Manos Libres 3.5Mm Plata,ACCESORIOS,BOCINA,32.97,867.86,1028.58,https://static.ctonline.mx/imagenes/BOCVGO1410/BOCVGO1410_400.jpg,https://static.ctonline.mx/marcas/png/BOCINA.png,https://ctonline.mx/buscar/productos?b=BOCVGO1410,642.86,867.86,771.43,35%,assets/img/catalog/BOCVGO1410.jpg,https://static.ctonline.mx/imagenes/BOCVGO1410/BOCVGO1410_400.jpg,electronica_consumo,20% garantizado sobre proveedor,https://static.ctonline.mx/imagenes/BOCVGO1410/BOCVGO1410_400.jpg
BOCVGO1930,"Bocinas Vorago. KSP-350 Bafle KARAOKE Bluetooth 5.3 Bocina 8"", RGB, Flash Disco, Miro SD, 3.5 mm + USB-A, Hasta 5h de mú","Bocinas Vorago. KSP-350 Bafle KARAOKE Bluetooth 5.3 Bocina 8"", RGB, Flash Disco, Miro SD, 3.5 mm + USB-A, Hasta 5h de música, Micrófono recargable inalámbrico, Alimentación Tipo-C, Alcance 10m, RMS 30W, TWS Color Negro",ACCESORIOS,BOCINAS,50.13,1319.72,1564.11,https://static.ctonline.mx/imagenes/BOCVGO1930/BOCVGO1930_400.jpg,https://static.ctonline.mx/marcas/png/BOCINAS.png,https://ctonline.mx/buscar/productos?b=BOCVGO1930,977.57,1319.72,1173.08,35%,assets/img/catalog/BOCVGO1930.jpg,https://static.ctonline.mx/imagenes/BOCVGO1930/BOCVGO1930_400.jpg,electronica_consumo,20% garantizado sobre proveedor,https://static.ctonline.mx/imagenes/BOCVGO1930/BOCVGO1930_400.jpg
BOCVGO1940,"Bocinas Vorago. KSP-503 Bafle KARAOKE Bluetooth 5.3 Bocina doble 8"" (16"" en total), Micro SD Card, 3.5mm, Control Remoto","Bocinas Vorago. KSP-503 Bafle KARAOKE Bluetooth 5.3 Bocina doble 8"" (16"" en total), Micro SD Card, 3.5mm, Control Remoto, USB, Micrófono inalámbrico recargable, TWS, DSP, Radio FM, RMS 30W x2, Hasta 3h de reproducción, Color Negro",ACCESORIOS,BOCINAS,94.45,2486.42,2946.86,https://static.ctonline.mx/imagenes/BOCVGO1940/BOCVGO1940_400.jpg,https://static.ctonline.mx/marcas/png/BOCINAS.png,https://ctonline.mx/buscar/productos?b=BOCVGO1940,1841.79,2486.42,2210.15,35%,assets/img/catalog/BOCVGO1940.jpg,https://static.ctonline.mx/imagenes/BOCVGO1940/BOCVGO1940_400.jpg,electronica_consumo,20% garantizado sobre proveedor,https://static.ctonline.mx/imagenes/BOCVGO1940/BOCVGO1940_400.jpg
BOCVGO1980,"Bocina Vorago KSP-530 Bafle Karaoke speaker, doble woofer de 6"" y 2 tweeters de 2.5"", Micro SD, Bluetooth 5.0, USB, 3.5 ","Bocina Vorago KSP-530 Bafle Karaoke speaker, doble woofer de 6"" y 2 tweeters de 2.5"", Micro SD, Bluetooth 5.0, USB, 3.5 mm, TWS, Radio FM, Incluye micrófono inalámbrico y control remoto, con Luz LED. 9Vcc 2A, 40W RMS, 40Hz-18KHz, ≥65 dB, 8 Ω, 7.4Vcc 5400mAh, Color Negro",ACCESORIOS,BOCINA,100.77,2652.75,3144.0,https://static.ctonline.mx/imagenes/BOCVGO1980/BOCVGO1980_400.jpg,https://static.ctonline.mx/marcas/png/BOCINA.png,https://ctonline.mx/buscar/productos?b=BOCVGO1980,1965.0,2652.75,2358.0,35%,assets/img/catalog/BOCVGO1980.jpg,https://static.ctonline.mx/imagenes/BOCVGO1980/BOCVGO1980_400.jpg,electronica_consumo,20% garantizado sobre proveedor,https://static.ctonline.mx/imagenes/BOCVGO1980/BOCVGO1980_400.jpg
BOCVGO1990,"Bocina Vorago KSP-580 Bafle Karaoke speaker, Pantalla LCD, dos altavoces de 6.5"" y 2 tweeters, aros con RGB, Micro SD, B","Bocina Vorago KSP-580 Bafle Karaoke speaker, Pantalla LCD, dos altavoces de 6.5"" y 2 tweeters, aros con RGB, Micro SD, Bluetooth 5.0, USB, 3.5 mm, TWS, Radio FM, Incluye micrófono inalámbrico y control remoto. 100-240V 50/60Hz, 30Hz-20KHz, ≥65 dB, 8 Ω, 7.4Vcc /3600 mAh, Color Negro",ACCESORIOS,BOCINA,117.8,3101.14,3675.42,https://static.ctonline.mx/imagenes/BOCVGO1990/BOCVGO1990_400.jpg,https://static.ctonline.mx/marcas/png/BOCINA.png,https://ctonline.mx/buscar/productos?b=BOCVGO1990,2297.14,3101.14,2756.57,35%,assets/img/catalog/BOCVGO1990.jpg,https://static.ctonline.mx/imagenes/BOCVGO1990/BOCVGO1990_400.jpg,electronica_consumo,20% garantizado sobre proveedor,https://static.ctonline.mx/imagenes/BOCVGO1990/BOCVGO1990_400.jpg
BOCVGO1710,"Bocina Vorago KSP-600 doble de 10"", karaoke tipo BAFFLE., Funciones: DSP, USB, TWS, Bluetooth, Radio FM, SD, Conector de","Bocina Vorago KSP-600 doble de 10"", karaoke tipo BAFFLE., Funciones: DSP, USB, TWS, Bluetooth, Radio FM, SD, Conector de micrófono 6.35mm. Hasta 4h de música, 80W RMS, Luz LED, Incluye Micrófono inalámbrico UHF y control remoto",ACCESORIOS,BOCINA,136.26,3587.14,4251.42,https://static.ctonline.mx/imagenes/BOCVGO1710/BOCVGO1710_400.jpg,https://static.ctonline.mx/marcas/png/BOCINA.png,https://ctonline.mx/buscar/productos?b=BOCVGO1710,2657.14,3587.14,3188.57,35%,assets/img/catalog/BOCVGO1710.jpg,https://static.ctonline.mx/imagenes/BOCVGO1710/BOCVGO1710_400.jpg,electronica_consumo,20% garantizado sobre proveedor,https://static.ctonline.mx/imagenes/BOCVGO1710/BOCVGO1710_400.jpg
BOCVGO2030,"Bocina Vorago KSP-700 Interior con madera / Super Bass, 2 bocinas de 8"" y 2 tweeter de 2"", IPX4 / Bluetooth 5.0 / 3.5 mm","Bocina Vorago KSP-700 Interior con madera / Super Bass, 2 bocinas de 8"" y 2 tweeter de 2"", IPX4 / Bluetooth 5.0 / 3.5 mm / control remoto/ USB/ Micrófono inalámbrico recargable/ TWS/ Radio FM, Powerbank, 180Hz.",ACCESORIOS,BOCINA,197.8,5207.14,6171.42,https://static.ctonline.mx/imagenes/BOCVGO2030/BOCVGO2030_400.jpg,https://static.ctonline.mx/marcas/png/BOCINA.png,https://ctonline.mx/buscar/productos?b=BOCVGO2030,3857.14,5207.14,4628.57,35%,assets/img/catalog/BOCVGO2030.jpg,https://static.ctonline.mx/imagenes/BOCVGO2030/BOCVGO2030_400.jpg,electronica_consumo,20% garantizado sobre proveedor,https://static.ctonline.mx/imagenes/BOCVGO2030/BOCVGO2030_400.jpg
BOCVGO2050,"Bocina Vorago KSP-800 Karaoke speaker, Conexión Bluetooth 5.3 / TWS / USB / SD / FM, 2 bocinas de 15"", con ecualizador, ","Bocina Vorago KSP-800 Karaoke speaker, Conexión Bluetooth 5.3 / TWS / USB / SD / FM, 2 bocinas de 15"", con ecualizador, Potencia de 180W RMS, Incluye control remoto y micrófono inalámbrico. Batería recargable, hasta 5hrs de reproducción continua. Iluminación RGB. Color Negro.",ACCESORIOS,BOCINA,214.29,5641.07,6685.71,https://static.ctonline.mx/imagenes/BOCVGO2050/BOCVGO2050_400.jpg,https://static.ctonline.mx/marcas/png/BOCINA.png,https://ctonline.mx/buscar/productos?b=BOCVGO2050,4178.57,5641.07,5014.28,35%,assets/img/catalog/BOCVGO2050.jpg,https://static.ctonline.mx/imagenes/BOCVGO2050/BOCVGO2050_400.jpg,electronica_consumo,20% garantizado sobre proveedor,https://static.ctonline.mx/imagenes/BOCVGO2050/BOCVGO2050_400.jpg
ACCTCH5530,"Maletín universal para video proyector Techzone modelo (TZ16BCP33), confeccionado en duradero Nylon, cuenta con comparti","Maletín universal para video proyector Techzone modelo (TZ16BCP33), confeccionado en duradero Nylon, cuenta con compartimiento acolchonado para video proyectores de hasta 31cm de largo, 25cm de ancho y 16cm de alto, cierres de doble tiron, practico bolsillo frontal y asa acolchonada para mayor comodidad. Color: Negro. Garantía: 1 año.",ACCESORIOS,MALETÍN,277.78,7312.5,8666.67,https://static.ctonline.mx/imagenes/ACCTCH5530/ACCTCH5530_400.jpg,https://static.ctonline.mx/marcas/png/MALETN.png,https://ctonline.mx/buscar/productos?b=ACCTCH5530,5416.67,7312.5,6500.0,35%,assets/img/catalog/ACCTCH5530.jpg,https://static.ctonline.mx/imagenes/ACCTCH5530/ACCTCH5530_400.jpg,electronica_consumo,20% garantizado sobre proveedor,https://static.ctonline.mx/imagenes/ACCTCH5530/ACCTCH5530_400.jpg
BOCTCH3170,Bocina BLUETOOTH PORTATIL TZSP01 marca TechZone Bocina portátil con conexión bluetooth y apta para emparejarse con otras,Bocina BLUETOOTH PORTATIL TZSP01 marca TechZone Bocina portátil con conexión bluetooth y apta para emparejarse con otras bocinas del mismo modelo por medio de la función TWS. Su diseño compacto la hace ideal para llevar a todos lados.,ACCESORIOS,BOCINA,144.44,3802.5,4506.67,https://static.ctonline.mx/imagenes/BOCTCH3170/BOCTCH3170_400.jpg,https://static.ctonline.mx/marcas/png/BOCINA.png,https://ctonline.mx/buscar/productos?b=BOCTCH3170,2816.67,3802.5,3380.0,35%,assets/img/catalog/BOCTCH3170.jpg,https://static.ctonline.mx/imagenes/BOCTCH3170/BOCTCH3170_400.jpg,electronica_consumo,20% garantizado sobre proveedor,https://static.ctonline.mx/imagenes/BOCTCH3170/BOCTCH3170_400.jpg
BOCTCH2940,Bocinas Estereo Alambricas CLÍO TZBOC3.5 marca TECHZONE  Conexión: auxiliar 3.5 mm y USB. Color: Negro. Dimensiones: 61 ,"Bocinas Estereo Alambricas CLÍO TZBOC3.5 marca TECHZONE  Conexión: auxiliar 3.5 mm y USB. Color: Negro. Dimensiones: 61 x 68 x 45 mm por bocina, Material: ABS. Potencia de salida:  6W Alimentación: USB 5 Vcc 1 A. Contenido: 1 Par de bocinas, Manual de usuario , Garantía de 1 año por defecto de fabricación.",ACCESORIOS,BOCINAS,83.33,2193.75,2600.0,https://static.ctonline.mx/imagenes/BOCTCH2940/BOCTCH2940_400.jpg,https://static.ctonline.mx/marcas/png/BOCINAS.png,https://ctonline.mx/buscar/productos?b=BOCTCH2940,1625.0,2193.75,1950.0,35%,assets/img/catalog/BOCTCH2940.jpg,https://static.ctonline.mx/imagenes/BOCTCH2940/BOCTCH2940_400.jpg,electronica_consumo,20% garantizado sobre proveedor,https://static.ctonline.mx/imagenes/BOCTCH2940/BOCTCH2940_400.jpg
BOCRBT690,"BOCINA RGB BLUETOOTH CON SUBWOOFER GRIS  (6000120), Brobotix Conoce las nuevas Bocinas Bluetooth BRobotix® con iluminaci","BOCINA RGB BLUETOOTH CON SUBWOOFER GRIS  (6000120), Brobotix Conoce las nuevas Bocinas Bluetooth BRobotix® con iluminación RGB. Compacta y con gran potencia para llevarla a todas partes que desees, gracias a su batería recargable. Disfruta de su experiencia profesional de audio y potencia al conectarlas desde tu teléfono y/o computadora. También, puedes conectar tus memorias USB o tarjetas TF para reproducir tu música almacenada. Incluye además Radio FM. Bocinas Bluetooth con subwoofer. Experiencia profesional en audio. Control de volumen. Batería recargable. Radio FM. Correa. Iluminación RGB. Especificaciones: Fuente de alimentación: USB; Impedancia: 4 Ohms 3W; Relación Señal/Ruido: 80 dB; Compatibilidad: Windows, macOS, Android y iOS. Voltaje: 5 Vcc  Color: Gris",ACCESORIOS,BOCINA,8.07,212.46,251.81,https://static.ctonline.mx/imagenes/BOCRBT690/BOCRBT690_400.jpg,https://static.ctonline.mx/marcas/png/BOCINA.png,https://ctonline.mx/buscar/productos?b=BOCRBT690,157.38,212.46,188.86,35%,assets/img/catalog/BOCRBT690.jpg,https://static.ctonline.mx/imagenes/BOCRBT690/BOCRBT690_400.jpg,electronica_consumo,20% garantizado sobre proveedor,https://static.ctonline.mx/imagenes/BOCRBT690/BOCRBT690_400.jpg
BOCRBT700,"BOCINA RGB BLUETOOTH CON SUBWOOFER NEGRO  (6000090), Brobotix Conoce las nuevas Bocinas Bluetooth BRobotix® con iluminac","BOCINA RGB BLUETOOTH CON SUBWOOFER NEGRO  (6000090), Brobotix Conoce las nuevas Bocinas Bluetooth BRobotix® con iluminación RGB. Compacta y con gran potencia para llevarla a todas partes que desees, gracias a su batería recargable. Disfruta de su experiencia profesional de audio y potencia al conectarlas desde tu teléfono y/o computadora. También, puedes conectar tus memorias USB o tarjetas TF para reproducir tu música almacenada. Incluye además Radio FM. Bocinas Bluetooth con subwoofer. Experiencia profesional en audio. Control de volumen. Batería recargable. Radio FM. Correa. Iluminación RGB. Especificaciones: Fuente de alimentación: USB; Impedancia: 4 Ohms 3W; Relación Señal/Ruido: 80 dB; Compatibilidad: Windows, macOS, Android y iOS. Voltaje: 5 Vcc  Color: Negro",ACCESORIOS,BOCINA,8.07,212.46,251.81,https://static.ctonline.mx/imagenes/BOCRBT700/BOCRBT700_400.jpg,https://static.ctonline.mx/marcas/png/BOCINA.png,https://ctonline.mx/buscar/productos?b=BOCRBT700,157.38,212.46,188.86,35%,assets/img/catalog/BOCRBT700.jpg,https://static.ctonline.mx/imagenes/BOCRBT700/BOCRBT700_400.jpg,electronica_consumo,20% garantizado sobre proveedor,https://static.ctonline.mx/imagenes/BOCRBT700/BOCRBT700_400.jpg
ACCRBT3090,"CONVERTIDOR HDMI MACHO A VGA HEMBRA+AUDIO (110964N), Brobotix Este convertidor cuenta con un chip incorporado para conve","CONVERTIDOR HDMI MACHO A VGA HEMBRA+AUDIO (110964N), Brobotix Este convertidor cuenta con un chip incorporado para convertir la señal digital a señal analógica, fácil de instalar y usar. Especificaciones: Compatible con: TV / ordenador, Formato de entrada de vídeo HDMI: 480i / 576i / 480p / 576p / 720p / 1080i / 1080p, VGA formato de salida de vídeo: 480i / 576i / 480p / 576p / 720p / 1080i / 1080p, Conveniente para todo equipo: DV, PC, MP4 con el puerto HDMI para salida de vídeo VGA o un proyector. Incluye cable de Audio. Color: Negro.",ACCESORIOS,CONVERTIDOR,4.03,106.04,125.68,https://static.ctonline.mx/imagenes/ACCRBT3090/ACCRBT3090_400.jpg,https://static.ctonline.mx/marcas/png/CONVERTIDOR.png,https://ctonline.mx/buscar/productos?b=ACCRBT3090,78.55,106.04,94.26,35%,assets/img/catalog/ACCRBT3090.jpg,https://static.ctonline.mx/imagenes/ACCRBT3090/ACCRBT3090_400.jpg,electronica_consumo,20% garantizado sobre proveedor,https://static.ctonline.mx/imagenes/ACCRBT3090/ACCRBT3090_400.jpg
ACCRBT910,"CONVERTIDOR HDMI MACHO A VGA HEMBRA+AUDIO (110964N), Brobotix Este convertidor cuenta con un chip incorporado para conve","CONVERTIDOR HDMI MACHO A VGA HEMBRA+AUDIO (110964N), Brobotix Este convertidor cuenta con un chip incorporado para convertir la señal digital a señal analógica, fácil de instalar y usar. Especificaciones: Compatible con: TV / ordenador, Formato de entrada de vídeo HDMI: 480i / 576i / 480p / 576p / 720p / 1080i / 1080p, VGA formato de salida de vídeo: 480i / 576i / 480p / 576p / 720p / 1080i / 1080p, Conveniente para todo equipo: DV, PC, MP4 con el puerto HDMI para salida de vídeo VGA o un proyector. Incluye cable de Audio. Color: Negro.",ACCESORIOS,CONVERTIDOR,4.03,106.04,125.68,https://static.ctonline.mx/imagenes/ACCRBT910/ACCRBT910_400.jpg,https://static.ctonline.mx/marcas/png/CONVERTIDOR.png,https://ctonline.mx/buscar/productos?b=ACCRBT910,78.55,106.04,94.26,35%,assets/img/catalog/ACCRBT910.jpg,https://static.ctonline.mx/imagenes/ACCRBT910/ACCRBT910_400.jpg,electronica_consumo,20% garantizado sobre proveedor,https://static.ctonline.mx/imagenes/ACCRBT910/ACCRBT910_400.jpg
ACCRBT1130,"Convertidor VGA a HDMI + Audio (150620) B-Robotix VGA macho a HDMI hembra, conecta las salidas VGA y audio de la computa","Convertidor VGA a HDMI + Audio (150620) B-Robotix VGA macho a HDMI hembra, conecta las salidas VGA y audio de la computadora a la entrada HDMI de tu pantalla o proyector y comparte el contenido de tu PC, se suministra desde el puerto USB, soporta resolución 720p/1080I/1080P. Color: Negro.",ACCESORIOS,CONVERTIDOR,15.66,412.13,488.45,https://static.ctonline.mx/imagenes/ACCRBT1130/ACCRBT1130_400.jpg,https://static.ctonline.mx/marcas/png/CONVERTIDOR.png,https://ctonline.mx/buscar/productos?b=ACCRBT1130,305.28,412.13,366.34,35%,assets/img/catalog/ACCRBT1130.jpg,https://static.ctonline.mx/imagenes/ACCRBT1130/ACCRBT1130_400.jpg,electronica_consumo,20% garantizado sobre proveedor,https://static.ctonline.mx/imagenes/ACCRBT1130/ACCRBT1130_400.jpg
ACCRBT2640,"CAJA PARA MESA SVGA+HDMI+USB+3.5+RJ45+ 2 PUERTOS, COLOR PLATA (005514), Brobotix No más problemas a la hora de conectar ","CAJA PARA MESA SVGA+HDMI+USB+3.5+RJ45+ 2 PUERTOS, COLOR PLATA (005514), Brobotix No más problemas a la hora de conectar tu proyector, hazlo fácil y rápido con esta práctica caja para mesa que cuenta con todas las entradas que puedes necesitar. Dimensiones: 26.5x13x7cm, Dimensiones de la tapa: 21.2x6.3cm. Color: plata.",ACCESORIOS,CAJA,49.89,1313.32,1556.53,https://static.ctonline.mx/imagenes/ACCRBT2640/ACCRBT2640_400.jpg,https://static.ctonline.mx/marcas/png/CAJA.png,https://ctonline.mx/buscar/productos?b=ACCRBT2640,972.83,1313.32,1167.4,35%,assets/img/catalog/ACCRBT2640.jpg,https://static.ctonline.mx/imagenes/ACCRBT2640/ACCRBT2640_400.jpg,electronica_consumo,20% garantizado sobre proveedor,https://static.ctonline.mx/imagenes/ACCRBT2640/ACCRBT2640_400.jpg
ACCRBT2590,"CAJA PARA MESA SVGA+HDMI+USB+3.5+RJ45+2PUERTOS DE CORRIENTE, COLOR NEGRO (005514N), Brobotix No más problemas a la hora ","CAJA PARA MESA SVGA+HDMI+USB+3.5+RJ45+2PUERTOS DE CORRIENTE, COLOR NEGRO (005514N), Brobotix No más problemas a la hora de conectar tu proyector, hazlo fácil y rápido con esta práctica caja para mesa que cuenta con todas las entradas que puedes necesitar. Dimensiones: 26.5x13x7cm, Dimensiones de la tapa: 21.2x6.3cm, ENTRADAS: SVGA, HDMI, USB, 3.5, RJ45 Dos puertos de corriente Color: negro.",ACCESORIOS,CAJA,50.06,1317.71,1561.73,https://static.ctonline.mx/imagenes/ACCRBT2590/ACCRBT2590_400.jpg,https://static.ctonline.mx/marcas/png/CAJA.png,https://ctonline.mx/buscar/productos?b=ACCRBT2590,976.08,1317.71,1171.3,35%,assets/img/catalog/ACCRBT2590.jpg,https://static.ctonline.mx/imagenes/ACCRBT2590/ACCRBT2590_400.jpg,electronica_consumo,20% garantizado sobre proveedor,https://static.ctonline.mx/imagenes/ACCRBT2590/ACCRBT2590_400.jpg
ACCSTY450,"SMARTWATCH SW2 AZUL STYLOS STASWM3CA. Smartwatch SW2 , Podómetro cuenta los pasos que das a cada momento y mide las dist","SMARTWATCH SW2 AZUL STYLOS STASWM3CA. Smartwatch SW2 , Podómetro cuenta los pasos que das a cada momento y mide las distancias recorridas, Conexión inalámbrica a través de la conexión bluetooth 4.0, Conoce tu ritmo cardiaco, Recibe las alertas de llamadas entrantes y contéstalas a traces de tu smartwatch, bocina y micrófono integrado, Lee las notificaciones de tus app favoritas, Disfruta de una pantalla de 1.69"" Full Touch, Incluye extensible metálico, Color Azul",ACCESORIOS,SMARTWATCH,305.72,8048.13,9538.53,https://static.ctonline.mx/imagenes/ACCSTY450/ACCSTY450_400.jpg,https://static.ctonline.mx/marcas/png/SMARTWATCH.png,https://ctonline.mx/buscar/productos?b=ACCSTY450,5961.58,8048.13,7153.9,35%,assets/img/catalog/ACCSTY450.jpg,https://static.ctonline.mx/imagenes/ACCSTY450/ACCSTY450_400.jpg,electronica_consumo,20% garantizado sobre proveedor,https://static.ctonline.mx/imagenes/ACCSTY450/ACCSTY450_400.jpg
ACCSTY460,"SMARTWATCH SW2 NEGRO STYLOS STASWM3CB. Smartwatch SW2 , Podómetro cuenta los pasos que das a cada momento y mide las dis","SMARTWATCH SW2 NEGRO STYLOS STASWM3CB. Smartwatch SW2 , Podómetro cuenta los pasos que das a cada momento y mide las distancias recorridas, Conexión inalámbrica a través de la conexión bluetooth 4.0, Conoce tu ritmo cardiaco, Recibe las alertas de llamadas entrantes y contéstalas a traces de tu smartwatch, bocina y micrófono integrado, Lee las notificaciones de tus app favoritas, Disfruta de una pantalla de 1.69"" Full Touch, Incluye extensible metálico, Color Negro",ACCESORIOS,SMARTWATCH,305.72,8048.13,9538.53,https://static.ctonline.mx/imagenes/ACCSTY460/ACCSTY460_400.jpg,https://static.ctonline.mx/marcas/png/SMARTWATCH.png,https://ctonline.mx/buscar/productos?b=ACCSTY460,5961.58,8048.13,7153.9,35%,assets/img/catalog/ACCSTY460.jpg,https://static.ctonline.mx/imagenes/ACCSTY460/ACCSTY460_400.jpg,electronica_consumo,20% garantizado sobre proveedor,https://static.ctonline.mx/imagenes/ACCSTY460/ACCSTY460_400.jpg
ACCSTY470,"SMARTWATCH SW2 DORADO STYLOS STASWM3CD. Smartwatch SW2 , Podómetro cuenta los pasos que das a cada momento y mide las di","SMARTWATCH SW2 DORADO STYLOS STASWM3CD. Smartwatch SW2 , Podómetro cuenta los pasos que das a cada momento y mide las distancias recorridas, Conexión inalámbrica a través de la conexión bluetooth 4.0, Conoce tu ritmo cardiaco, Recibe las alertas de llamadas entrantes y contéstalas a traces de tu smartwatch, bocina y micrófono integrado, Lee las notificaciones de tus app favoritas, Disfruta de una pantalla de 1.69"" Full Touch, Incluye extensible metálico, Color Dorado",ACCESORIOS,SMARTWATCH,305.72,8048.13,9538.53,https://static.ctonline.mx/imagenes/ACCSTY470/ACCSTY470_400.jpg,https://static.ctonline.mx/marcas/png/SMARTWATCH.png,https://ctonline.mx/buscar/productos?b=ACCSTY470,5961.58,8048.13,7153.9,35%,assets/img/catalog/ACCSTY470.jpg,https://static.ctonline.mx/imagenes/ACCSTY470/ACCSTY470_400.jpg,electronica_consumo,20% garantizado sobre proveedor,https://static.ctonline.mx/imagenes/ACCSTY470/ACCSTY470_400.jpg
ACCSTY480,"SMARTWATCH SW2 ROSA STYLOS STASWM3CP. Smartwatch SW2 , Podómetro cuenta los pasos que das a cada momento y mide las dist","SMARTWATCH SW2 ROSA STYLOS STASWM3CP. Smartwatch SW2 , Podómetro cuenta los pasos que das a cada momento y mide las distancias recorridas, Conexión inalámbrica a través de la conexión bluetooth 4.0, Conoce tu ritmo cardiaco, Recibe las alertas de llamadas entrantes y contéstalas a traces de tu smartwatch, bocina y micrófono integrado, Lee las notificaciones de tus app favoritas, Disfruta de una pantalla de 1.69"" Full Touch, Incluye extensible metálico, Color Rosa",ACCESORIOS,SMARTWATCH,305.72,8048.13,9538.53,https://static.ctonline.mx/imagenes/ACCSTY480/ACCSTY480_400.jpg,https://static.ctonline.mx/marcas/png/SMARTWATCH.png,https://ctonline.mx/buscar/productos?b=ACCSTY480,5961.58,8048.13,7153.9,35%,assets/img/catalog/ACCSTY480.jpg,https://static.ctonline.mx/imagenes/ACCSTY480/ACCSTY480_400.jpg,electronica_consumo,20% garantizado sobre proveedor,https://static.ctonline.mx/imagenes/ACCSTY480/ACCSTY480_400.jpg
BOCLNX120,"Bocina Bluetooth LANIX XPOCKET 15494. Conectividad Bluetooth 5.3, Manos libres. Potencia 3 W. Batería de 450 mAh, Tiempo","Bocina Bluetooth LANIX XPOCKET 15494. Conectividad Bluetooth 5.3, Manos libres. Potencia 3 W. Batería de 450 mAh, Tiempo de reproducción  Hasta 3.5 horas (Vol. 100%), Protección contra agua IPX5, Puerto USB Tipo C para corriente. COLOR NEGRO. Garantía de 1 año directo con fabricante.",ACCESORIOS,BOCINA,271.74,7153.54,8478.27,https://static.ctonline.mx/imagenes/BOCLNX120/BOCLNX120_400.jpg,https://static.ctonline.mx/marcas/png/BOCINA.png,https://ctonline.mx/buscar/productos?b=BOCLNX120,5298.92,7153.54,6358.7,35%,assets/img/catalog/BOCLNX120.jpg,https://static.ctonline.mx/imagenes/BOCLNX120/BOCLNX120_400.jpg,electronica_consumo,20% garantizado sobre proveedor,https://static.ctonline.mx/imagenes/BOCLNX120/BOCLNX120_400.jpg
BOCNTE060,Audífonos Nextep Inalámbricos Bluetooth Recargable de 250 mAh / Micrófono Diámetro Bocina 40 mm Distancia Max de Operaci,Audífonos Nextep Inalámbricos Bluetooth Recargable de 250 mAh / Micrófono Diámetro Bocina 40 mm Distancia Max de Operación 10mts Botones con control de volumen y silenciador de micrófono  tiempo de trabajo de 18 horas a volumen medio,ACCESORIOS,AUDÍFONOS,357.41,9408.87,11151.25,https://static.ctonline.mx/imagenes/BOCNTE060/BOCNTE060_400.jpg,https://static.ctonline.mx/marcas/png/AUDFONOS.png,https://ctonline.mx/buscar/productos?b=BOCNTE060,6969.53,9408.87,8363.44,35%,assets/img/catalog/BOCNTE060.jpg,https://static.ctonline.mx/imagenes/BOCNTE060/BOCNTE060_400.jpg,electronica_consumo,20% garantizado sobre proveedor,https://static.ctonline.mx/imagenes/BOCNTE060/BOCNTE060_400.jpg
BOCNEX020,Mini Bocina Nextep NE-400H Bluetooth Happy Message 2W color Negro 2 horas de duración Alcance hasta 10 metros  Waterproo,Mini Bocina Nextep NE-400H Bluetooth Happy Message 2W color Negro 2 horas de duración Alcance hasta 10 metros  Waterproof IPX4 placa transparente para escribir incluye marcador  Luz Led con 7 colores Micrófono integrado para llamadas manos libres Batería Recargable  Dimensiones 4.2cm x 6.4 peso 50 gramos,ACCESORIOS,MINI,135.27,3561.06,4220.51,https://static.ctonline.mx/imagenes/BOCNEX020/BOCNEX020_400.jpg,https://static.ctonline.mx/marcas/png/MINI.png,https://ctonline.mx/buscar/productos?b=BOCNEX020,2637.82,3561.06,3165.38,35%,assets/img/catalog/BOCNEX020.jpg,https://static.ctonline.mx/imagenes/BOCNEX020/BOCNEX020_400.jpg,electronica_consumo,20% garantizado sobre proveedor,https://static.ctonline.mx/imagenes/BOCNEX020/BOCNEX020_400.jpg
BOCNEX040,Bocina Nextep NE-4035 Bluetooth Portátil Circle Beat Radio FM 5W Color Negro Duración de Batería 4 horas alcance 9 mts W,Bocina Nextep NE-4035 Bluetooth Portátil Circle Beat Radio FM 5W Color Negro Duración de Batería 4 horas alcance 9 mts Waterproof Luz Led FM Puertos USB-C USB ranura para tarjeta TF Micrófono integrado para llamadas manos libres Recargable  Incluye Cable de Carga USB-C Dimensiones 11.4cm x 11.4cm x 13.2 peso 500 g,ACCESORIOS,BOCINA,218.41,5749.61,6814.35,https://static.ctonline.mx/imagenes/BOCNEX040/BOCNEX040_400.jpg,https://static.ctonline.mx/marcas/png/BOCINA.png,https://ctonline.mx/buscar/productos?b=BOCNEX040,4258.97,5749.61,5110.76,35%,assets/img/catalog/BOCNEX040.jpg,https://static.ctonline.mx/imagenes/BOCNEX040/BOCNEX040_400.jpg,electronica_consumo,20% garantizado sobre proveedor,https://static.ctonline.mx/imagenes/BOCNEX040/BOCNEX040_400.jpg
BOCNNN840,"Bocina Portátil NECNON Modelo NB-09 Color NEGRO Ya sea para musicalizar tus paseos o una reunión con amigos, esta bocina","Bocina Portátil NECNON Modelo NB-09 Color NEGRO Ya sea para musicalizar tus paseos o una reunión con amigos, esta bocina con conectividad Blue Link será la mejor opción, con radio FM, Puerto USB, Entrada auxiliar 3.5, Slot para memoria TF, Bluetooth 5.1 NBBSN901RG",ACCESORIOS,BOCINA,139.62,3675.48,4356.13,https://static.ctonline.mx/imagenes/BOCNNN840/BOCNNN840_400.jpg,https://static.ctonline.mx/marcas/png/BOCINA.png,https://ctonline.mx/buscar/productos?b=BOCNNN840,2722.58,3675.48,3267.1,35%,assets/img/catalog/BOCNNN840.jpg,https://static.ctonline.mx/imagenes/BOCNNN840/BOCNNN840_400.jpg,electronica_consumo,20% garantizado sobre proveedor,https://static.ctonline.mx/imagenes/BOCNNN840/BOCNNN840_400.jpg
BOCNNN850,"Bocina Portátil NECNON Modelo NB-09 Color AZUL Ya sea para musicalizar tus paseos o una reunión con amigos, esta bocina ","Bocina Portátil NECNON Modelo NB-09 Color AZUL Ya sea para musicalizar tus paseos o una reunión con amigos, esta bocina con conectividad Blue Link será la mejor opción, con radio FM, Puerto USB, Entrada auxiliar 3.5, Slot para memoria TF, Bluetooth 5.1 NBBSN902RG",ACCESORIOS,BOCINA,139.62,3675.48,4356.13,https://static.ctonline.mx/imagenes/BOCNNN850/BOCNNN850_400.jpg,https://static.ctonline.mx/marcas/png/BOCINA.png,https://ctonline.mx/buscar/productos?b=BOCNNN850,2722.58,3675.48,3267.1,35%,assets/img/catalog/BOCNNN850.jpg,https://static.ctonline.mx/imagenes/BOCNNN850/BOCNNN850_400.jpg,electronica_consumo,20% garantizado sobre proveedor,https://static.ctonline.mx/imagenes/BOCNNN850/BOCNNN850_400.jpg
BOCNNN860,"Bocina Portátil NECNON Modelo NB-09 Color ROJO Ya sea para musicalizar tus paseos o una reunión con amigos, esta bocina ","Bocina Portátil NECNON Modelo NB-09 Color ROJO Ya sea para musicalizar tus paseos o una reunión con amigos, esta bocina con conectividad Blue Link será la mejor opción, con radio FM, Puerto USB, Entrada auxiliar 3.5, Slot para memoria TF, Bluetooth 5.1 NBBSN903RG",ACCESORIOS,BOCINA,139.62,3675.48,4356.13,https://static.ctonline.mx/imagenes/BOCNNN860/BOCNNN860_400.jpg,https://static.ctonline.mx/marcas/png/BOCINA.png,https://ctonline.mx/buscar/productos?b=BOCNNN860,2722.58,3675.48,3267.1,35%,assets/img/catalog/BOCNNN860.jpg,https://static.ctonline.mx/imagenes/BOCNNN860/BOCNNN860_400.jpg,electronica_consumo,20% garantizado sobre proveedor,https://static.ctonline.mx/imagenes/BOCNNN860/BOCNNN860_400.jpg
BOCNNN870,"Bocina Portátil NECNON Modelo NB-09 Color ROSA Ya sea para musicalizar tus paseos o una reunión con amigos, esta bocina ","Bocina Portátil NECNON Modelo NB-09 Color ROSA Ya sea para musicalizar tus paseos o una reunión con amigos, esta bocina con conectividad Blue Link será la mejor opción, con radio FM, Puerto USB, Entrada auxiliar 3.5, Slot para memoria TF, Bluetooth 5.1 NBBSN904RG",ACCESORIOS,BOCINA,139.62,3675.48,4356.13,https://static.ctonline.mx/imagenes/BOCNNN870/BOCNNN870_400.jpg,https://static.ctonline.mx/marcas/png/BOCINA.png,https://ctonline.mx/buscar/productos?b=BOCNNN870,2722.58,3675.48,3267.1,35%,assets/img/catalog/BOCNNN870.jpg,https://static.ctonline.mx/imagenes/BOCNNN870/BOCNNN870_400.jpg,electronica_consumo,20% garantizado sobre proveedor,https://static.ctonline.mx/imagenes/BOCNNN870/BOCNNN870_400.jpg
BOCNNN760,"Bocina Inalambrica NECNON Modelo NB-04W PRO contra salpicaduras, BT Blue Link Version 5.0 y distancia 10m en linea recta","Bocina Inalambrica NECNON Modelo NB-04W PRO contra salpicaduras, BT Blue Link Version 5.0 y distancia 10m en linea recta sin obstaculos, slot para memoria TF, manos libres y radio FM, IPX4, puerto de carga 5V, incluye ventosa, 3w*1 R.M.S. Negro NBBS0301IP",ACCESORIOS,BOCINA,105.07,2765.84,3278.03,https://static.ctonline.mx/imagenes/BOCNNN760/BOCNNN760_400.jpg,https://static.ctonline.mx/marcas/png/BOCINA.png,https://ctonline.mx/buscar/productos?b=BOCNNN760,2048.77,2765.84,2458.52,35%,assets/img/catalog/BOCNNN760.jpg,https://static.ctonline.mx/imagenes/BOCNNN760/BOCNNN760_400.jpg,electronica_consumo,20% garantizado sobre proveedor,https://static.ctonline.mx/imagenes/BOCNNN760/BOCNNN760_400.jpg
BOCNNN770,"Bocina Inalambrica NECNON Modelo NB-04W PRO contra salpicaduras, BT Blue Link Version 5.0 y distancia 10m en linea recta","Bocina Inalambrica NECNON Modelo NB-04W PRO contra salpicaduras, BT Blue Link Version 5.0 y distancia 10m en linea recta sin obstaculos, slot para memoria TF, manos libres y radio FM, IPX4, puerto de carga 5V, incluye ventosa, 3w*1 R.M.S. Azul NBBS0301IP",ACCESORIOS,BOCINA,105.07,2765.84,3278.03,https://static.ctonline.mx/imagenes/BOCNNN770/BOCNNN770_400.jpg,https://static.ctonline.mx/marcas/png/BOCINA.png,https://ctonline.mx/buscar/productos?b=BOCNNN770,2048.77,2765.84,2458.52,35%,assets/img/catalog/BOCNNN770.jpg,https://static.ctonline.mx/imagenes/BOCNNN770/BOCNNN770_400.jpg,electronica_consumo,20% garantizado sobre proveedor,https://static.ctonline.mx/imagenes/BOCNNN770/BOCNNN770_400.jpg
BOCNNN320,"Audífonos BT Over-ear simulación de cancelación de ruido NECNON Modelo NBH-02 con manos libres, Slot TF, radio FM con ve","Audífonos BT Over-ear simulación de cancelación de ruido NECNON Modelo NBH-02 con manos libres, Slot TF, radio FM con version BT 5.0 y una distancia de 10m, frecuencia de radio 875-108.0MHz y sensibilidad de bocina de 115dB, alimentación de 4mW, Puerto de carga USB-C, Azul NBAB0203TC",ACCESORIOS,AUDÍFONOS,140.97,3711.0,4398.22,https://static.ctonline.mx/imagenes/BOCNNN320/BOCNNN320_400.jpg,https://static.ctonline.mx/marcas/png/AUDFONOS.png,https://ctonline.mx/buscar/productos?b=BOCNNN320,2748.89,3711.0,3298.67,35%,assets/img/catalog/BOCNNN320.jpg,https://static.ctonline.mx/imagenes/BOCNNN320/BOCNNN320_400.jpg,electronica_consumo,20% garantizado sobre proveedor,https://static.ctonline.mx/imagenes/BOCNNN320/BOCNNN320_400.jpg
BOCNNN330,"Audífonos BT Over-ear simulación de cancelación de ruido NECNON Modelo NBH-02 con manos libres, Slot TF, radio FM con ve","Audífonos BT Over-ear simulación de cancelación de ruido NECNON Modelo NBH-02 con manos libres, Slot TF, radio FM con version BT 5.0 y una distancia de 10m, frecuencia de radio 875-108.0MHz y sensibilidad de bocina de 115dB, alimentación de 4mW, Puerto de carga USB-C, Negro NBAB0201TC",ACCESORIOS,AUDÍFONOS,140.97,3711.0,4398.22,https://static.ctonline.mx/imagenes/BOCNNN330/BOCNNN330_400.jpg,https://static.ctonline.mx/marcas/png/AUDFONOS.png,https://ctonline.mx/buscar/productos?b=BOCNNN330,2748.89,3711.0,3298.67,35%,assets/img/catalog/BOCNNN330.jpg,https://static.ctonline.mx/imagenes/BOCNNN330/BOCNNN330_400.jpg,electronica_consumo,20% garantizado sobre proveedor,https://static.ctonline.mx/imagenes/BOCNNN330/BOCNNN330_400.jpg
BOCNNN340,"Audífonos BT Over-ear simulación de cancelación de ruido NECNON Modelo NBH-02 con manos libres, Slot TF, radio FM con ve","Audífonos BT Over-ear simulación de cancelación de ruido NECNON Modelo NBH-02 con manos libres, Slot TF, radio FM con version BT 5.0 y una distancia de 10m, frecuencia de radio 875-108.0MHz y sensibilidad de bocina de 115dB, alimentación de 4mW, Puerto de carga USB-C, Rojo NBAB0202TC",ACCESORIOS,AUDÍFONOS,140.97,3711.0,4398.22,https://static.ctonline.mx/imagenes/BOCNNN340/BOCNNN340_400.jpg,https://static.ctonline.mx/marcas/png/AUDFONOS.png,https://ctonline.mx/buscar/productos?b=BOCNNN340,2748.89,3711.0,3298.67,35%,assets/img/catalog/BOCNNN340.jpg,https://static.ctonline.mx/imagenes/BOCNNN340/BOCNNN340_400.jpg,electronica_consumo,20% garantizado sobre proveedor,https://static.ctonline.mx/imagenes/BOCNNN340/BOCNNN340_400.jpg
BOCNNN360,"Audífonos Over-ear BT NECNON Modelo NBH-04 PRO BT 5.0, manos libres, Slot TF, radio FM, SuperBass, con frecuencia de 87.","Audífonos Over-ear BT NECNON Modelo NBH-04 PRO BT 5.0, manos libres, Slot TF, radio FM, SuperBass, con frecuencia de 87.5-108.0 MHz, conexión auxiliar de 3.5mm stereo y sensibilidad de bocinas 115dB, alimentacion 40mW, Blanco/Plata NBAB042100",ACCESORIOS,AUDÍFONOS,128.18,3374.46,3999.36,https://static.ctonline.mx/imagenes/BOCNNN360/BOCNNN360_400.jpg,https://static.ctonline.mx/marcas/png/AUDFONOS.png,https://ctonline.mx/buscar/productos?b=BOCNNN360,2499.6,3374.46,2999.52,35%,assets/img/catalog/BOCNNN360.jpg,https://static.ctonline.mx/imagenes/BOCNNN360/BOCNNN360_400.jpg,electronica_consumo,20% garantizado sobre proveedor,https://static.ctonline.mx/imagenes/BOCNNN360/BOCNNN360_400.jpg
BOCNNN370,"Audífonos Over-ear BT NECNON Modelo NBH-04 PRO BT 5.0, manos libres, Slot TF, radio FM, SuperBass, con frecuencia de 87.","Audífonos Over-ear BT NECNON Modelo NBH-04 PRO BT 5.0, manos libres, Slot TF, radio FM, SuperBass, con frecuencia de 87.5-108.0 MHz, conexión auxiliar de 3.5mm stereo y sensibilidad de bocinas 115dB, alimentacion 40mW, Blanco/Rosa NBAB042200",ACCESORIOS,AUDÍFONOS,128.18,3374.46,3999.36,https://static.ctonline.mx/imagenes/BOCNNN370/BOCNNN370_400.jpg,https://static.ctonline.mx/marcas/png/AUDFONOS.png,https://ctonline.mx/buscar/productos?b=BOCNNN370,2499.6,3374.46,2999.52,35%,assets/img/catalog/BOCNNN370.jpg,https://static.ctonline.mx/imagenes/BOCNNN370/BOCNNN370_400.jpg,electronica_consumo,20% garantizado sobre proveedor,https://static.ctonline.mx/imagenes/BOCNNN370/BOCNNN370_400.jpg
BOCNNN380,"Audífonos Over-ear BT NECNON Modelo NBH-04 PRO BT 5.0, manos libres, Slot TF, radio FM, SuperBass, con frecuencia de 87.","Audífonos Over-ear BT NECNON Modelo NBH-04 PRO BT 5.0, manos libres, Slot TF, radio FM, SuperBass, con frecuencia de 87.5-108.0 MHz, conexión auxiliar de 3.5mm stereo y sensibilidad de bocinas 115dB, alimentacion 40mW, Negro/Azul NBAB042300",ACCESORIOS,AUDÍFONOS,128.18,3374.46,3999.36,https://static.ctonline.mx/imagenes/BOCNNN380/BOCNNN380_400.jpg,https://static.ctonline.mx/marcas/png/AUDFONOS.png,https://ctonline.mx/buscar/productos?b=BOCNNN380,2499.6,3374.46,2999.52,35%,assets/img/catalog/BOCNNN380.jpg,https://static.ctonline.mx/imagenes/BOCNNN380/BOCNNN380_400.jpg,electronica_consumo,20% garantizado sobre proveedor,https://static.ctonline.mx/imagenes/BOCNNN380/BOCNNN380_400.jpg
BOCNNN390,"Audífonos Over-ear BT NECNON Modelo NBH-04 PRO BT 5.0, manos libres, Slot TF, radio FM, SuperBass, con frecuencia de 87.","Audífonos Over-ear BT NECNON Modelo NBH-04 PRO BT 5.0, manos libres, Slot TF, radio FM, SuperBass, con frecuencia de 87.5-108.0 MHz, conexión auxiliar de 3.5mm stereo y sensibilidad de bocinas 115dB, alimentacion 40mW, Negro NBAB042400",ACCESORIOS,AUDÍFONOS,128.18,3374.46,3999.36,https://static.ctonline.mx/imagenes/BOCNNN390/BOCNNN390_400.jpg,https://static.ctonline.mx/marcas/png/AUDFONOS.png,https://ctonline.mx/buscar/productos?b=BOCNNN390,2499.6,3374.46,2999.52,35%,assets/img/catalog/BOCNNN390.jpg,https://static.ctonline.mx/imagenes/BOCNNN390/BOCNNN390_400.jpg,electronica_consumo,20% garantizado sobre proveedor,https://static.ctonline.mx/imagenes/BOCNNN390/BOCNNN390_400.jpg
BOCNNN400,"Audífonos Over-ear BT NECNON Modelo NBH-04 PRO BT 5.0, manos libres, Slot TF, radio FM, SuperBass, con frecuencia de 87.","Audífonos Over-ear BT NECNON Modelo NBH-04 PRO BT 5.0, manos libres, Slot TF, radio FM, SuperBass, con frecuencia de 87.5-108.0 MHz, conexión auxiliar de 3.5mm stereo y sensibilidad de bocinas 115dB, alimentacion 40mW, Negro/Rojo NBAB042500",ACCESORIOS,AUDÍFONOS,128.18,3374.46,3999.36,https://static.ctonline.mx/imagenes/BOCNNN400/BOCNNN400_400.jpg,https://static.ctonline.mx/marcas/png/AUDFONOS.png,https://ctonline.mx/buscar/productos?b=BOCNNN400,2499.6,3374.46,2999.52,35%,assets/img/catalog/BOCNNN400.jpg,https://static.ctonline.mx/imagenes/BOCNNN400/BOCNNN400_400.jpg,electronica_consumo,20% garantizado sobre proveedor,https://static.ctonline.mx/imagenes/BOCNNN400/BOCNNN400_400.jpg
BOCNNN410,"Audífonos Over-ear BT NECNON Modelo NBH-04 PRO BT 5.0, manos libres, Slot TF, radio FM, SuperBass, con frecuencia de 87.","Audífonos Over-ear BT NECNON Modelo NBH-04 PRO BT 5.0, manos libres, Slot TF, radio FM, SuperBass, con frecuencia de 87.5-108.0 MHz, conexión auxiliar de 3.5mm stereo y sensibilidad de bocinas 115dB, alimentacion 40mW, Negro/Verde NBAB042600",ACCESORIOS,AUDÍFONOS,128.18,3374.46,3999.36,https://static.ctonline.mx/imagenes/BOCNNN410/BOCNNN410_400.jpg,https://static.ctonline.mx/marcas/png/AUDFONOS.png,https://ctonline.mx/buscar/productos?b=BOCNNN410,2499.6,3374.46,2999.52,35%,assets/img/catalog/BOCNNN410.jpg,https://static.ctonline.mx/imagenes/BOCNNN410/BOCNNN410_400.jpg,electronica_consumo,20% garantizado sobre proveedor,https://static.ctonline.mx/imagenes/BOCNNN410/BOCNNN410_400.jpg
BOCNNN420,"Audífonos On-ear BT NECNON Modelo NBH-05 BT V3.0+EDR, audio compatible Tarjeta TF, Micro USB, Auxiliar, MP3/WMA, sensibi","Audífonos On-ear BT NECNON Modelo NBH-05 BT V3.0+EDR, audio compatible Tarjeta TF, Micro USB, Auxiliar, MP3/WMA, sensibilidad de bocina de 115 d, tiempo estimado de uso de 8 hrs y tiempo de carga 2 hrs, alimentacion 40mW, Azul NCAB050300",ACCESORIOS,AUDÍFONOS,166.0,4369.95,5179.2,https://static.ctonline.mx/imagenes/BOCNNN420/BOCNNN420_400.jpg,https://static.ctonline.mx/marcas/png/AUDFONOS.png,https://ctonline.mx/buscar/productos?b=BOCNNN420,3237.0,4369.95,3884.4,35%,assets/img/catalog/BOCNNN420.jpg,https://static.ctonline.mx/imagenes/BOCNNN420/BOCNNN420_400.jpg,electronica_consumo,20% garantizado sobre proveedor,https://static.ctonline.mx/imagenes/BOCNNN420/BOCNNN420_400.jpg
BOCNNN430,"Audífonos On-ear BT NECNON Modelo NBH-05 BT V3.0+EDR, audio compatible Tarjeta TF, Micro USB, Auxiliar, MP3/WMA, sensibi","Audífonos On-ear BT NECNON Modelo NBH-05 BT V3.0+EDR, audio compatible Tarjeta TF, Micro USB, Auxiliar, MP3/WMA, sensibilidad de bocina de 115 d, tiempo estimado de uso de 8 hrs y tiempo de carga 2 hrs, alimentacion 40mW, Blanco NCAB051200",ACCESORIOS,AUDÍFONOS,166.0,4369.95,5179.2,https://static.ctonline.mx/imagenes/BOCNNN430/BOCNNN430_400.jpg,https://static.ctonline.mx/marcas/png/AUDFONOS.png,https://ctonline.mx/buscar/productos?b=BOCNNN430,3237.0,4369.95,3884.4,35%,assets/img/catalog/BOCNNN430.jpg,https://static.ctonline.mx/imagenes/BOCNNN430/BOCNNN430_400.jpg,electronica_consumo,20% garantizado sobre proveedor,https://static.ctonline.mx/imagenes/BOCNNN430/BOCNNN430_400.jpg
BOCNNN440,"Audífonos On-ear BT NECNON Modelo NBH-05 BT V3.0+EDR, audio compatible Tarjeta TF, Micro USB, Auxiliar, MP3/WMA, sensibi","Audífonos On-ear BT NECNON Modelo NBH-05 BT V3.0+EDR, audio compatible Tarjeta TF, Micro USB, Auxiliar, MP3/WMA, sensibilidad de bocina de 115 d, tiempo estimado de uso de 8 hrs y tiempo de carga 2 hrs, alimentacion 40mW, Morado NCAB050500",ACCESORIOS,AUDÍFONOS,166.0,4369.95,5179.2,https://static.ctonline.mx/imagenes/BOCNNN440/BOCNNN440_400.jpg,https://static.ctonline.mx/marcas/png/AUDFONOS.png,https://ctonline.mx/buscar/productos?b=BOCNNN440,3237.0,4369.95,3884.4,35%,assets/img/catalog/BOCNNN440.jpg,https://static.ctonline.mx/imagenes/BOCNNN440/BOCNNN440_400.jpg,electronica_consumo,20% garantizado sobre proveedor,https://static.ctonline.mx/imagenes/BOCNNN440/BOCNNN440_400.jpg
BOCNNN460,"Audífonos On-ear BT NECNON Modelo NBH-05 BT V3.0+EDR, audio compatible Tarjeta TF, Micro USB, Auxiliar, MP3/WMA, sensibi","Audífonos On-ear BT NECNON Modelo NBH-05 BT V3.0+EDR, audio compatible Tarjeta TF, Micro USB, Auxiliar, MP3/WMA, sensibilidad de bocina de 115 d, tiempo estimado de uso de 8 hrs y tiempo de carga 2 hrs, alimentacion 40mW, Rojo NCAB050200",ACCESORIOS,AUDÍFONOS,166.0,4369.95,5179.2,https://static.ctonline.mx/imagenes/BOCNNN460/BOCNNN460_400.jpg,https://static.ctonline.mx/marcas/png/AUDFONOS.png,https://ctonline.mx/buscar/productos?b=BOCNNN460,3237.0,4369.95,3884.4,35%,assets/img/catalog/BOCNNN460.jpg,https://static.ctonline.mx/imagenes/BOCNNN460/BOCNNN460_400.jpg,electronica_consumo,20% garantizado sobre proveedor,https://static.ctonline.mx/imagenes/BOCNNN460/BOCNNN460_400.jpg
ACCUBA180,Adaptador HDMI A Tipo C 2.0 URBAN BALANCE  HDMI-TIPC-UB  USB Tipo C a HDMI Adaptador USB tipo C USB 3.1 C macho a HDMI m,"Adaptador HDMI A Tipo C 2.0 URBAN BALANCE  HDMI-TIPC-UB  USB Tipo C a HDMI Adaptador USB tipo C USB 3.1 C macho a HDMI multipuerto para MacBook, Surface Pro 4, Google New Chromebook Pixel , Surface Go etc. El adaptador HDMI USB-C te permite conectar tu MacBook con puerto USB-C a cualquier visualización o proyector HDMI.",ACCESORIOS,ADAPTADOR,192.92,5078.67,6019.17,https://static.ctonline.mx/imagenes/ACCUBA180/ACCUBA180_400.jpg,https://static.ctonline.mx/marcas/png/ADAPTADOR.png,https://ctonline.mx/buscar/productos?b=ACCUBA180,3761.98,5078.67,4514.38,35%,assets/img/catalog/ACCUBA180.jpg,https://static.ctonline.mx/imagenes/ACCUBA180/ACCUBA180_400.jpg,electronica_consumo,20% garantizado sobre proveedor,https://static.ctonline.mx/imagenes/ACCUBA180/ACCUBA180_400.jpg
BOCHPC030,Bocinas HP DHS-2111S BOCINA 2.1 BOCINA MULTIMEDIA Conector 3.5mm/Carcasa metálica con control de volumen / Sensibilidad ,"Bocinas HP DHS-2111S BOCINA 2.1 BOCINA MULTIMEDIA Conector 3.5mm/Carcasa metálica con control de volumen / Sensibilidad ：110 dB±3dB""",ACCESORIOS,BOCINAS,355.56,9360.0,11093.33,https://static.ctonline.mx/imagenes/BOCHPC030/BOCHPC030_400.jpg,https://static.ctonline.mx/marcas/png/BOCINAS.png,https://ctonline.mx/buscar/productos?b=BOCHPC030,6933.33,9360.0,8320.0,35%,assets/img/catalog/BOCHPC030.jpg,https://static.ctonline.mx/imagenes/BOCHPC030/BOCHPC030_400.jpg,electronica_consumo,20% garantizado sobre proveedor,https://static.ctonline.mx/imagenes/BOCHPC030/BOCHPC030_400.jpg
BOCHPC040,Bocinas HP DHS-2101 BOCINA 2.0  MULTIMEDIA HP Frecuencia 200Hz-16KHz / Separación：>30dB / Sensibilidad de entrada：650mv ,Bocinas HP DHS-2101 BOCINA 2.0  MULTIMEDIA HP Frecuencia 200Hz-16KHz / Separación：>30dB / Sensibilidad de entrada：650mv /Entrada de alimentación：DC 5V,ACCESORIOS,BOCINAS,355.56,9360.0,11093.33,https://static.ctonline.mx/imagenes/BOCHPC040/BOCHPC040_400.jpg,https://static.ctonline.mx/marcas/png/BOCINAS.png,https://ctonline.mx/buscar/productos?b=BOCHPC040,6933.33,9360.0,8320.0,35%,assets/img/catalog/BOCHPC040.jpg,https://static.ctonline.mx/imagenes/BOCHPC040/BOCHPC040_400.jpg,electronica_consumo,20% garantizado sobre proveedor,https://static.ctonline.mx/imagenes/BOCHPC040/BOCHPC040_400.jpg
BOCCRL030,"Altavoces Creative Pebble SE WH (51MF1725AA001),Blancos, Bocina minimalistas de escritorio con alimentación USB 2.0 y co","Altavoces Creative Pebble SE WH (51MF1725AA001),Blancos, Bocina minimalistas de escritorio con alimentación USB 2.0 y conectividad USB-C",ACCESORIOS,ALTAVOCES,25.58,673.33,798.02,https://static.ctonline.mx/imagenes/BOCCRL030/BOCCRL030_400.jpg,https://static.ctonline.mx/marcas/png/ALTAVOCES.png,https://ctonline.mx/buscar/productos?b=BOCCRL030,498.76,673.33,598.51,35%,assets/img/catalog/BOCCRL030.jpg,https://static.ctonline.mx/imagenes/BOCCRL030/BOCCRL030_400.jpg,electronica_consumo,20% garantizado sobre proveedor,https://static.ctonline.mx/imagenes/BOCCRL030/BOCCRL030_400.jpg
