sku,nombre,descripcion_completa,categoria_ct,marca,costo_base,precio_mxn,precio_original,img,brand_logo,ficha_url,local_img,costo_proveedor_mxn,precio,precio_mayoreo_10pzs,margen_aplicado,img_local,img_cdn,categoria_clasificada
VENITL280,"Ventilador para Fuentes de Poder/Gabinetes (700955) 80 mm, 3 pines, rodamientos tipo sleeve.","Ventilador para Fuentes de Poder/Gabinetes (700955) 80 mm, 3 pines, rodamientos tipo sleeve.",COMPONENTES DE ENSAMBLE,VENTILADOR,3.55,93.44,116.8,https://static.ctonline.mx/imagenes/VENITL280/VENITL280_400.jpg,https://static.ctonline.mx/marcas/png/VENTILADOR.png,https://ctonline.mx/buscar/productos?b=VENITL280,assets/img/catalog/VENITL280.jpg,69.21,93.44,88.77,35%,assets/img/catalog/VENITL280.jpg,https://static.ctonline.mx/imagenes/VENITL280/VENITL280_400.jpg,gabinetes
GABEVO530,Evotec Gabinete Mini Atx Fuente 500W Ev-1023,Evotec Gabinete Mini Atx Fuente 500W Ev-1023,COMPONENTES DE ENSAMBLE,EVOTEC,414.12,10901.65,13627.06,https://static.ctonline.mx/imagenes/GABEVO530/GABEVO530_400.jpg,https://static.ctonline.mx/marcas/png/EVOTEC.png,https://ctonline.mx/buscar/productos?b=GABEVO530,,8075.3,10901.65,10356.57,35%,assets/img/catalog/GABEVO530.jpg,https://static.ctonline.mx/imagenes/GABEVO530/GABEVO530_400.jpg,gabinetes
GABEVO540,Evotec Gabinete Mini Atx Fuente 500W Ev-1024,Evotec Gabinete Mini Atx Fuente 500W Ev-1024,COMPONENTES DE ENSAMBLE,EVOTEC,414.12,10901.65,13627.06,https://static.ctonline.mx/imagenes/GABEVO540/GABEVO540_400.jpg,https://static.ctonline.mx/marcas/png/EVOTEC.png,https://ctonline.mx/buscar/productos?b=GABEVO540,,8075.3,10901.65,10356.57,35%,assets/img/catalog/GABEVO540.jpg,https://static.ctonline.mx/imagenes/GABEVO540/GABEVO540_400.jpg,gabinetes
GABEVO550,Evotec Gabinete Atx Fuente 500W Ev-1025,Evotec Gabinete Atx Fuente 500W Ev-1025,COMPONENTES DE ENSAMBLE,EVOTEC,529.41,13936.76,17420.95,https://static.ctonline.mx/imagenes/GABEVO550/GABEVO550_400.jpg,https://static.ctonline.mx/marcas/png/EVOTEC.png,https://ctonline.mx/buscar/productos?b=GABEVO550,,10323.53,13936.76,13239.92,35%,assets/img/catalog/GABEVO550.jpg,https://static.ctonline.mx/imagenes/GABEVO550/GABEVO550_400.jpg,gabinetes
GABEVO470,"Gabinete Gaming Taipei, EVOTEC EV-1018, 3 ventiladores incluidos, USB 3.0","Gabinete Gaming Taipei, EVOTEC EV-1018, 3 ventiladores incluidos, USB 3.0",COMPONENTES DE ENSAMBLE,GAMING,615.0,16189.88,20237.35,https://static.ctonline.mx/imagenes/GABEVO470/GABEVO470_400.jpg,https://static.ctonline.mx/marcas/png/GAMING.png,https://ctonline.mx/buscar/productos?b=GABEVO470,,11992.5,16189.88,15380.39,35%,assets/img/catalog/GABEVO470.jpg,https://static.ctonline.mx/imagenes/GABEVO470/GABEVO470_400.jpg,gabinetes
GABEVO480,"Gabinete Gaming Seoul, EVOTEC EV-1019, 3 ventiladores incluidos, USB 3.0","Gabinete Gaming Seoul, EVOTEC EV-1019, 3 ventiladores incluidos, USB 3.0",COMPONENTES DE ENSAMBLE,GAMING,615.0,16189.88,20237.35,https://static.ctonline.mx/imagenes/GABEVO480/GABEVO480_400.jpg,https://static.ctonline.mx/marcas/png/GAMING.png,https://ctonline.mx/buscar/productos?b=GABEVO480,,11992.5,16189.88,15380.39,35%,assets/img/catalog/GABEVO480.jpg,https://static.ctonline.mx/imagenes/GABEVO480/GABEVO480_400.jpg,gabinetes
GABEVO490,"Gabinete Gaming Beijingi, EVOTEC EV-1020, 3 ventiladores incluidos , USB 3.0","Gabinete Gaming Beijingi, EVOTEC EV-1020, 3 ventiladores incluidos , USB 3.0",COMPONENTES DE ENSAMBLE,GAMING,688.24,18117.79,22647.24,https://static.ctonline.mx/imagenes/GABEVO490/GABEVO490_400.jpg,https://static.ctonline.mx/marcas/png/GAMING.png,https://ctonline.mx/buscar/productos?b=GABEVO490,,13420.58,18117.79,17211.9,35%,assets/img/catalog/GABEVO490.jpg,https://static.ctonline.mx/imagenes/GABEVO490/GABEVO490_400.jpg,gabinetes
GABEVO500,"Gabinete Gaming Tokyo, EVOTEC EV-1021, 3 ventiladores incluidos , USB 3.0","Gabinete Gaming Tokyo, EVOTEC EV-1021, 3 ventiladores incluidos , USB 3.0",COMPONENTES DE ENSAMBLE,GAMING,730.59,19232.74,24040.93,https://static.ctonline.mx/imagenes/GABEVO500/GABEVO500_400.jpg,https://static.ctonline.mx/marcas/png/GAMING.png,https://ctonline.mx/buscar/productos?b=GABEVO500,,14246.47,19232.74,18271.1,35%,assets/img/catalog/GABEVO500.jpg,https://static.ctonline.mx/imagenes/GABEVO500/GABEVO500_400.jpg,gabinetes
GABACT680,"Gabinete Media Torre REX MAX GM757 ACTECK Factor ATX Micro ATX- Mini ITX, 1 Puerto USB 3.0, 1 Puertos USB 2.0, 1 Puerto ","Gabinete Media Torre REX MAX GM757 ACTECK Factor ATX Micro ATX- Mini ITX, 1 Puerto USB 3.0, 1 Puertos USB 2.0, 1 Puerto USB C, 1 Puerto Audio + Microfono 3.5, 1 Bahia Combo 3.5"" / 2.5"", 1 Bahia 2.5 SDD, (Sin Fuente), Color Negro. AC-943994",COMPONENTES DE ENSAMBLE,MEDIA,447.06,11768.82,14711.02,https://static.ctonline.mx/imagenes/GABACT680/GABACT680_400.jpg,https://static.ctonline.mx/marcas/png/MEDIA.png,https://ctonline.mx/buscar/productos?b=GABACT680,,8717.64,11768.82,11180.38,35%,assets/img/catalog/GABACT680.jpg,https://static.ctonline.mx/imagenes/GABACT680/GABACT680_400.jpg,gabinetes
GABACT690,"Gabinete Mini Torre REX PRO GI757 ACTECK Factor Micro ATX- Mini ITX, 1 Puerto USB 3.0, 1 Puertos USB 2.0, 1 Puerto USB C","Gabinete Mini Torre REX PRO GI757 ACTECK Factor Micro ATX- Mini ITX, 1 Puerto USB 3.0, 1 Puertos USB 2.0, 1 Puerto USB C, 1 Puerto Audio + Microfono 3.5, 1 Bahia Combo 3.5"" / 2.5"", 1 Bahia 2.5 SDD, (Sin Fuente), Color Negro. AC-944007",COMPONENTES DE ENSAMBLE,MINI,423.53,11149.41,13936.76,https://static.ctonline.mx/imagenes/GABACT690/GABACT690_400.jpg,https://static.ctonline.mx/marcas/png/MINI.png,https://ctonline.mx/buscar/productos?b=GABACT690,,8258.82,11149.41,10591.94,35%,assets/img/catalog/GABACT690.jpg,https://static.ctonline.mx/imagenes/GABACT690/GABACT690_400.jpg,gabinetes
GABACT100,"Gabinete MICRO ATX-MINI ATX- MINI ITX. Acteck MILAN  Fuente de 500 watts. Bahías: 3 bahías internas 3,5"", 2 externa 5,25","Gabinete MICRO ATX-MINI ATX- MINI ITX. Acteck MILAN  Fuente de 500 watts. Bahías: 3 bahías internas 3,5"", 2 externa 5,25 y otra mas externa de 2.5"". Ranuras de expansión: 7. puertos: 2 USB  3.0  2 USB 2.0 frontales, conectores: audio y micrófono 3.5mm. 3 espacios libres para ventiladores: 1*8CM, Y 2*12CM  Color NEGRO. Garantía: 1 año. Tamaño: 41.7 * 19.7 * 41.5 cm.  Peso: 3.9 kg AC-932585",COMPONENTES DE ENSAMBLE,MICRO,771.75,20316.4,25395.5,https://static.ctonline.mx/imagenes/GABACT100/GABACT100_400.jpg,https://static.ctonline.mx/marcas/png/MICRO.png,https://ctonline.mx/buscar/productos?b=GABACT100,,15049.19,20316.4,19300.58,35%,assets/img/catalog/GABACT100.jpg,https://static.ctonline.mx/imagenes/GABACT100/GABACT100_400.jpg,gabinetes
GABACT110,"Gabinete MICRO ATX-MINI ATX- MINI ITX. Acteck ROMA  Fuente de 500 watts. Bahías: 3 bahías internas 3,5"", 2 externa 5,25 ","Gabinete MICRO ATX-MINI ATX- MINI ITX. Acteck ROMA  Fuente de 500 watts. Bahías: 3 bahías internas 3,5"", 2 externa 5,25 y otra mas externa de 3.5"". Ranuras de expansión: 7. puertos: 2 USB frontal, conectores: audio y micrófono. ventiladores: frontal 1 * 120 mm, Incluido(s) trasero 1 * 80/120 mm, 120 mm Incluido(s) lateral 2 * 120 mm, No Incluido(s) Color NEGRO. Garantía: 1 año. Tamaño: 43 * 19.8 * 45 cm Peso: 4.1 kg. AC-932592.",COMPONENTES DE ENSAMBLE,MICRO,829.41,21834.26,27292.82,https://static.ctonline.mx/imagenes/GABACT110/GABACT110_400.jpg,https://static.ctonline.mx/marcas/png/MICRO.png,https://ctonline.mx/buscar/productos?b=GABACT110,,16173.53,21834.26,20742.55,35%,assets/img/catalog/GABACT110.jpg,https://static.ctonline.mx/imagenes/GABACT110/GABACT110_400.jpg,gabinetes
GABACT080,"Gabinete MICRO ATX-MINI ATX- MINI ITX. Acteck LUBECK  Fuente de 500 watts. Bahías: 3 bahías internas 3,5"", 2 externa 5,2","Gabinete MICRO ATX-MINI ATX- MINI ITX. Acteck LUBECK  Fuente de 500 watts. Bahías: 3 bahías internas 3,5"", 2 externa 5,25 y otra mas externa de 3.5"". Ranuras de expansión: 4. puertos: 2 USB 3.0 2 USB 2.0 frontales, conectores: audio y micrófono 3.5 mm . 1 espacios  para ventiladores: 1*8 CM (incluido) Color NEGRO. Garantía: 1 año. Tamaño: 33.8 * 10.2 * 38.7 cm . Peso: 3.8 Kg. AC-932530",COMPONENTES DE ENSAMBLE,MICRO,1188.35,31283.39,39104.24,https://static.ctonline.mx/imagenes/GABACT080/GABACT080_400.jpg,https://static.ctonline.mx/marcas/png/MICRO.png,https://ctonline.mx/buscar/productos?b=GABACT080,,23172.88,31283.39,29719.22,35%,assets/img/catalog/GABACT080.jpg,https://static.ctonline.mx/imagenes/GABACT080/GABACT080_400.jpg,gabinetes
GABBLR030,"Gabinete Gaming TALOS BALAM RUSH Spectrum Tamaño Micro gaming Mid Tower, Formato máximo soportado de tarjetas: ATX Mater","Gabinete Gaming TALOS BALAM RUSH Spectrum Tamaño Micro gaming Mid Tower, Formato máximo soportado de tarjetas: ATX Materiales: Acero + Cristal Templado, Luz RGB con control Ranuras PCI 4, Discos duros soportados: 2*2.5"" 2 3.5"", puertos USB: 2*2.0 1*3.0 1 HD Audio, Ventiladores incluidos: 2*120mm RGB Frontales, 1*120mm RGB Trasero, Opción a agregar 2 Superiores más de 120mm. BR-922968",COMPONENTES DE ENSAMBLE,GAMING,1057.65,27842.56,34803.2,https://static.ctonline.mx/imagenes/GABBLR030/GABBLR030_400.jpg,https://static.ctonline.mx/marcas/png/GAMING.png,https://ctonline.mx/buscar/productos?b=GABBLR030,,20624.12,27842.56,26450.43,35%,assets/img/catalog/GABBLR030.jpg,https://static.ctonline.mx/imagenes/GABBLR030/GABBLR030_400.jpg,gabinetes
GABBLR250,"Gabinete Gamer Media Torre ATX Eris Special GM985 Legend Series, Factor: ATX Micro Atx - Mini ITX, Paneles laterales de ","Gabinete Gamer Media Torre ATX Eris Special GM985 Legend Series, Factor: ATX Micro Atx - Mini ITX, Paneles laterales de cristal templado, hasta 5 ventiladores de 120mm (no incluidos), Ranuras PCI 4, Puertos: 1x USB C Y 1X USB 3.0, 1 3.5mm Dual(Audio y micrófono), Iluminación LED (color estático), Color Gris. AC-935654",COMPONENTES DE ENSAMBLE,GAMER,1118.94,29456.13,36820.16,https://static.ctonline.mx/imagenes/GABBLR250/GABBLR250_400.jpg,https://static.ctonline.mx/marcas/png/GAMER.png,https://ctonline.mx/buscar/productos?b=GABBLR250,,21819.36,29456.13,27983.32,35%,assets/img/catalog/GABBLR250.jpg,https://static.ctonline.mx/imagenes/GABBLR250/GABBLR250_400.jpg,gabinetes
GABBLR260,"Gabinete Gamer Media Torre ATX Eris Jet GM985 Legend Series, Factor: ATX Micro Atx - Mini ITX, Paneles laterales de cris","Gabinete Gamer Media Torre ATX Eris Jet GM985 Legend Series, Factor: ATX Micro Atx - Mini ITX, Paneles laterales de cristal templado, hasta 5 ventiladores de 120mm (no incluidos), Ranuras PCI 4, Puertos: 1x USB C Y 1X USB 3.0, 1 3.5mm Dual(Audio y micrófono), Iluminación LED (color estático), Color Negro. AC-935661",COMPONENTES DE ENSAMBLE,GAMER,1118.94,29456.13,36820.16,https://static.ctonline.mx/imagenes/GABBLR260/GABBLR260_400.jpg,https://static.ctonline.mx/marcas/png/GAMER.png,https://ctonline.mx/buscar/productos?b=GABBLR260,,21819.36,29456.13,27983.32,35%,assets/img/catalog/GABBLR260.jpg,https://static.ctonline.mx/imagenes/GABBLR260/GABBLR260_400.jpg,gabinetes
GABBLR270,"Gabinete Gamer Media Torre ATX Eris Frost GM985 Legend Series, Factor: ATX Micro Atx - Mini ITX, Paneles laterales de cr","Gabinete Gamer Media Torre ATX Eris Frost GM985 Legend Series, Factor: ATX Micro Atx - Mini ITX, Paneles laterales de cristal templado, hasta 5 ventiladores de 120mm (no incluidos), Ranuras PCI 4, Puertos: 1x USB C Y 1X USB 3.0, 1 3.5mm Dual(Audio y micrófono), Iluminación LED (color estático), Color Blanco. AC-935678",COMPONENTES DE ENSAMBLE,GAMER,1118.94,29456.13,36820.16,https://static.ctonline.mx/imagenes/GABBLR270/GABBLR270_400.jpg,https://static.ctonline.mx/marcas/png/GAMER.png,https://ctonline.mx/buscar/productos?b=GABBLR270,,21819.36,29456.13,27983.32,35%,assets/img/catalog/GABBLR270.jpg,https://static.ctonline.mx/imagenes/GABBLR270/GABBLR270_400.jpg,gabinetes
GABBLR650,"Gabinete Gamer Mini Torre  Carbono Twin Mate 6000 Legend Series, Factor: Micro Atx - Mini ITX, Panel Frontal Intercambia","Gabinete Gamer Mini Torre  Carbono Twin Mate 6000 Legend Series, Factor: Micro Atx - Mini ITX, Panel Frontal Intercambiable Cristal y Malla, Panel Izquierdo Cristal Templado, Panel Derecho Metal,  4 ventiladores de 120mm (ARGB), Puertos: 1x USB C 3.1,  1X USB 3.0, 1X USB 2.0, 1 3.5mm Dual(Audio y micrófono), Iluminación LED, Color Negro, BR-938815",COMPONENTES DE ENSAMBLE,GAMER,1044.28,27490.77,34363.46,https://static.ctonline.mx/imagenes/GABBLR650/GABBLR650_400.jpg,https://static.ctonline.mx/marcas/png/GAMER.png,https://ctonline.mx/buscar/productos?b=GABBLR650,,20363.53,27490.77,26116.23,35%,assets/img/catalog/GABBLR650.jpg,https://static.ctonline.mx/imagenes/GABBLR650/GABBLR650_400.jpg,gabinetes
GABBLR660,"Gabinete Gamer Mini Torre  Carbono Twin Mate 6000 Legend Series, Factor: Micro Atx - Mini ITX, Panel Frontal Intercambia","Gabinete Gamer Mini Torre  Carbono Twin Mate 6000 Legend Series, Factor: Micro Atx - Mini ITX, Panel Frontal Intercambiable Cristal y Malla, Panel Izquierdo Cristal Templado, Panel Derecho Metal,  4 ventiladores de 120mm (ARGB), Puertos: 1x USB C 3.1,  1X USB 3.0, 1X USB 2.0, 1 3.5mm Dual(Audio y micrófono), Iluminación LED, Color Blanco, BR-938822",COMPONENTES DE ENSAMBLE,GAMER,1044.28,27490.77,34363.46,https://static.ctonline.mx/imagenes/GABBLR660/GABBLR660_400.jpg,https://static.ctonline.mx/marcas/png/GAMER.png,https://ctonline.mx/buscar/productos?b=GABBLR660,,20363.53,27490.77,26116.23,35%,assets/img/catalog/GABBLR660.jpg,https://static.ctonline.mx/imagenes/GABBLR660/GABBLR660_400.jpg,gabinetes
GABBLR670,"Gabinete Gamer Media Torre  Carbono Twin Mate 5000 Legend Series, Factor:  ATX,  Micro Atx - Mini ITX, Panel Frontal Int","Gabinete Gamer Media Torre  Carbono Twin Mate 5000 Legend Series, Factor:  ATX,  Micro Atx - Mini ITX, Panel Frontal Intercambiable Cristal y Malla, Panel Izquierdo Cristal Templado, Panel Derecho Metal,  4 ventiladores de 120mm (ARGB), Puertos: 1x USB C 3.1,  1X USB 3.0, 1X USB 2.0, 1 3.5mm Dual(Audio y micrófono), Iluminación LED, Color Negro, BR-938839",COMPONENTES DE ENSAMBLE,GAMER,969.64,25525.74,31907.18,https://static.ctonline.mx/imagenes/GABBLR670/GABBLR670_400.jpg,https://static.ctonline.mx/marcas/png/GAMER.png,https://ctonline.mx/buscar/productos?b=GABBLR670,,18907.96,25525.74,24249.45,35%,assets/img/catalog/GABBLR670.jpg,https://static.ctonline.mx/imagenes/GABBLR670/GABBLR670_400.jpg,gabinetes
GABBLR680,"Gabinete Gamer Media Torre  Carbono Twin Mate 5000 Legend Series, Factor:   ATX, Micro Atx - Mini ITX, Panel Frontal Int","Gabinete Gamer Media Torre  Carbono Twin Mate 5000 Legend Series, Factor:   ATX, Micro Atx - Mini ITX, Panel Frontal Intercambiable Cristal y Malla, Panel Izquierdo Cristal Templado, Panel Derecho Metal,  4 ventiladores de 120mm (ARGB), Puertos: 1x USB C 3.1,  1X USB 3.0, 1X USB 2.0, 1 3.5mm Dual(Audio y micrófono), Iluminación LED, Color Blanco, BR-938846",COMPONENTES DE ENSAMBLE,GAMER,969.64,25525.74,31907.18,https://static.ctonline.mx/imagenes/GABBLR680/GABBLR680_400.jpg,https://static.ctonline.mx/marcas/png/GAMER.png,https://ctonline.mx/buscar/productos?b=GABBLR680,,18907.96,25525.74,24249.45,35%,assets/img/catalog/GABBLR680.jpg,https://static.ctonline.mx/imagenes/GABBLR680/GABBLR680_400.jpg,gabinetes
GABBLR700,"Gabinete Gamer Mini Torre  Carbono Twin Mate 4000 Legend Series, Factor: Micro Atx - Mini ITX, Panel Frontal Intercambia","Gabinete Gamer Mini Torre  Carbono Twin Mate 4000 Legend Series, Factor: Micro Atx - Mini ITX, Panel Frontal Intercambiable Cristal y Malla, Panel Izquierdo Cristal Templado, Panel Derecho Metal, 2 Ventiladores 140mm, 1  Ventilador de 120mm (ARGB), Puertos: 1x USB C 3.1,  1X USB 3.0, 1X USB 2.0, 1 3.5mm Dual(Audio y micrófono), Iluminación LED, Color Blanco, BR-938860",COMPONENTES DE ENSAMBLE,GAMER,820.35,21595.79,26994.74,https://static.ctonline.mx/imagenes/GABBLR700/GABBLR700_400.jpg,https://static.ctonline.mx/marcas/png/GAMER.png,https://ctonline.mx/buscar/productos?b=GABBLR700,,15996.88,21595.79,20516.0,35%,assets/img/catalog/GABBLR700.jpg,https://static.ctonline.mx/imagenes/GABBLR700/GABBLR700_400.jpg,gabinetes
GABBLR710,"Gabinete Gamer Media Torre Tank Super 9200TB Legend Series, Factor: ATX, Micro Atx, ITX, Panel Frontal  Cristal, Panel I","Gabinete Gamer Media Torre Tank Super 9200TB Legend Series, Factor: ATX, Micro Atx, ITX, Panel Frontal  Cristal, Panel Izquierdo Cristal Templado, Panel Derecho Metal,  3 ventiladores de 120mm (ARGB), Puertos: 1x USB C 3.1,  1X USB 3.0, 1X USB 2.0, 1 3.5mm Dual(Audio y micrófono), Iluminación LED, Color Negro, BR-938723.",COMPONENTES DE ENSAMBLE,GAMER,1044.28,27490.77,34363.46,https://static.ctonline.mx/imagenes/GABBLR710/GABBLR710_400.jpg,https://static.ctonline.mx/marcas/png/GAMER.png,https://ctonline.mx/buscar/productos?b=GABBLR710,,20363.53,27490.77,26116.23,35%,assets/img/catalog/GABBLR710.jpg,https://static.ctonline.mx/imagenes/GABBLR710/GABBLR710_400.jpg,gabinetes
GABBLR720,"Gabinete Gamer Media Torre Tank Super 9200TB Legend Series, Factor: ATX, Micro Atx, ITX, Panel Frontal  Cristal, Panel I","Gabinete Gamer Media Torre Tank Super 9200TB Legend Series, Factor: ATX, Micro Atx, ITX, Panel Frontal  Cristal, Panel Izquierdo Cristal Templado, Panel Derecho Metal,  3 ventiladores de 120mm (ARGB), Puertos: 1x USB C 3.1,  1X USB 3.0, 1X USB 2.0, 1 3.5mm Dual(Audio y micrófono), Iluminación LED, Color Blanco, BR-938730.",COMPONENTES DE ENSAMBLE,GAMER,1044.28,27490.77,34363.46,https://static.ctonline.mx/imagenes/GABBLR720/GABBLR720_400.jpg,https://static.ctonline.mx/marcas/png/GAMER.png,https://ctonline.mx/buscar/productos?b=GABBLR720,,20363.53,27490.77,26116.23,35%,assets/img/catalog/GABBLR720.jpg,https://static.ctonline.mx/imagenes/GABBLR720/GABBLR720_400.jpg,gabinetes
GABBLR740,"Gabinete Gamer Mini Torre  Carbono Crystal 4000C Legend Series, Factor:  Micro Atx - Mini ITX, Panel Frontal Intercambia","Gabinete Gamer Mini Torre  Carbono Crystal 4000C Legend Series, Factor:  Micro Atx - Mini ITX, Panel Frontal Intercambiable Cristal y Malla, Panel Izquierdo Cristal Templado, Panel Derecho Metal,  1 Ventilador de 120mm, 2 Ventiladores 140mm (ARGB), Puertos: 1x USB C 3.1,  1X USB 3.0, 1X USB 2.0, 1 3.5mm Dual(Audio y micrófono), Iluminación LED, Color Blanco, BR-938884",COMPONENTES DE ENSAMBLE,GAMER,745.71,19630.7,24538.38,https://static.ctonline.mx/imagenes/GABBLR740/GABBLR740_400.jpg,https://static.ctonline.mx/marcas/png/GAMER.png,https://ctonline.mx/buscar/productos?b=GABBLR740,,14541.26,19630.7,18649.17,35%,assets/img/catalog/GABBLR740.jpg,https://static.ctonline.mx/imagenes/GABBLR740/GABBLR740_400.jpg,gabinetes
GABBLR750,"Gabinete Gamer Media Torre Nitrox Aircool  5500ABW Legend Series, Factor: ATX, Micro Atx - Mini ITX, Panel Frontal Inter","Gabinete Gamer Media Torre Nitrox Aircool  5500ABW Legend Series, Factor: ATX, Micro Atx - Mini ITX, Panel Frontal Intercambiable Cristal y Malla, Panel Izquierdo Cristal Templado, Panel Derecho Metal, 2 Ventiladores 140mm, 1  Ventilador de 120mm (ARGB), Puertos: 1x USB C 3.1,  1X USB 3.0, 1X USB 2.0, 1 3.5mm Dual(Audio y micrófono), Iluminación LED, Color Negro, BR-938914",COMPONENTES DE ENSAMBLE,GAMER,894.99,23560.71,29450.89,https://static.ctonline.mx/imagenes/GABBLR750/GABBLR750_400.jpg,https://static.ctonline.mx/marcas/png/GAMER.png,https://ctonline.mx/buscar/productos?b=GABBLR750,,17452.38,23560.71,22382.67,35%,assets/img/catalog/GABBLR750.jpg,https://static.ctonline.mx/imagenes/GABBLR750/GABBLR750_400.jpg,gabinetes
GABBLR760,"Gabinete Gamer Media Torre Nitrox Crystal  5500CBW Legend Series, Factor: ATX, Micro Atx - Mini ITX, Panel Frontal Inter","Gabinete Gamer Media Torre Nitrox Crystal  5500CBW Legend Series, Factor: ATX, Micro Atx - Mini ITX, Panel Frontal Intercambiable Cristal y Malla, Panel Izquierdo Cristal Templado, Panel Derecho Metal, 2 Ventiladores 140mm, 1  Ventilador de 120mm (ARGB), Puertos: 1x USB C 3.1,  1X USB 3.0, 1X USB 2.0, 1 3.5mm Dual(Audio y micrófono), Iluminación LED, Color Blanco, BR-93898921",COMPONENTES DE ENSAMBLE,GAMER,894.99,23560.71,29450.89,https://static.ctonline.mx/imagenes/GABBLR760/GABBLR760_400.jpg,https://static.ctonline.mx/marcas/png/GAMER.png,https://ctonline.mx/buscar/productos?b=GABBLR760,,17452.38,23560.71,22382.67,35%,assets/img/catalog/GABBLR760.jpg,https://static.ctonline.mx/imagenes/GABBLR760/GABBLR760_400.jpg,gabinetes
GABBLR590,"Gabinete Gamer Full Torre Carbono Twin Mate 9000 Legend Series, Factor: E-ATX, ATX,  Micro Atx - Mini ITX, Panel Frontal","Gabinete Gamer Full Torre Carbono Twin Mate 9000 Legend Series, Factor: E-ATX, ATX,  Micro Atx - Mini ITX, Panel Frontal Intercambiable Cristal y Malla, Panel Izquierdo Cristal Templado, Panel Derecho Metal,  4 ventiladores de 120mm (ARGB), Puertos: 1x USB C 3.1,  1X USB 3.0, 1X USB 2.0, 1 3.5mm Dual(Audio y micrófono), Iluminación LED, Color Negro, BR-938754",COMPONENTES DE ENSAMBLE,GAMER,1305.54,34368.38,42960.47,https://static.ctonline.mx/imagenes/GABBLR590/GABBLR590_400.jpg,https://static.ctonline.mx/marcas/png/GAMER.png,https://ctonline.mx/buscar/productos?b=GABBLR590,,25458.06,34368.38,32649.96,35%,assets/img/catalog/GABBLR590.jpg,https://static.ctonline.mx/imagenes/GABBLR590/GABBLR590_400.jpg,gabinetes
GABBLR600,"Gabinete Gamer Full Torre  Carbono Twin Mate 9000 Legend Series, Factor: E-ATX, ATX,  Micro Atx - Mini ITX, Panel Fronta","Gabinete Gamer Full Torre  Carbono Twin Mate 9000 Legend Series, Factor: E-ATX, ATX,  Micro Atx - Mini ITX, Panel Frontal Intercambiable Cristal y Malla, Panel Izquierdo Cristal Templado, Panel Derecho Metal,  4 ventiladores de 120mm (ARGB), Puertos: 1x USB C 3.1,  1X USB 3.0, 1X USB 2.0, 1 3.5mm Dual(Audio y micrófono), Iluminación LED, Color Blanco, BR-938761",COMPONENTES DE ENSAMBLE,GAMER,1305.54,34368.38,42960.47,https://static.ctonline.mx/imagenes/GABBLR600/GABBLR600_400.jpg,https://static.ctonline.mx/marcas/png/GAMER.png,https://ctonline.mx/buscar/productos?b=GABBLR600,,25458.06,34368.38,32649.96,35%,assets/img/catalog/GABBLR600.jpg,https://static.ctonline.mx/imagenes/GABBLR600/GABBLR600_400.jpg,gabinetes
GABBLR610,"Gabinete Gamer Mini Torre  Carbono Twin Mate 8000 Legend Series, Factor:    Micro Atx - Mini ITX, Panel Frontal Intercam","Gabinete Gamer Mini Torre  Carbono Twin Mate 8000 Legend Series, Factor:    Micro Atx - Mini ITX, Panel Frontal Intercambiable Cristal y Malla, Panel Izquierdo Cristal Templado, Panel Derecho Metal,  4 ventiladores de 120mm (ARGB), Puertos: 1x USB C 3.1,  1X USB 3.0, 1X USB 2.0, 1 3.5mm Dual(Audio y micrófono), Iluminación LED, Color Negro, BR-938778",COMPONENTES DE ENSAMBLE,GAMER,1193.58,31420.9,39276.12,https://static.ctonline.mx/imagenes/GABBLR610/GABBLR610_400.jpg,https://static.ctonline.mx/marcas/png/GAMER.png,https://ctonline.mx/buscar/productos?b=GABBLR610,,23274.74,31420.9,29849.85,35%,assets/img/catalog/GABBLR610.jpg,https://static.ctonline.mx/imagenes/GABBLR610/GABBLR610_400.jpg,gabinetes
GABBLR620,"Gabinete Gamer Mini Torre  Carbono Twin Mate 8000 Legend Series, Factor:   Micro Atx - Mini ITX, Panel Frontal Intercamb","Gabinete Gamer Mini Torre  Carbono Twin Mate 8000 Legend Series, Factor:   Micro Atx - Mini ITX, Panel Frontal Intercambiable Cristal y Malla, Panel Izquierdo Cristal Templado, Panel Derecho Metal,  4 ventiladores de 120mm (ARGB), Puertos: 1x USB C 3.1,  1X USB 3.0, 1X USB 2.0, 1 3.5mm Dual(Audio y micrófono), Iluminación LED, Color Blanco, BR-938785",COMPONENTES DE ENSAMBLE,GAMER,1193.58,31420.9,39276.12,https://static.ctonline.mx/imagenes/GABBLR620/GABBLR620_400.jpg,https://static.ctonline.mx/marcas/png/GAMER.png,https://ctonline.mx/buscar/productos?b=GABBLR620,,23274.74,31420.9,29849.85,35%,assets/img/catalog/GABBLR620.jpg,https://static.ctonline.mx/imagenes/GABBLR620/GABBLR620_400.jpg,gabinetes
GABBLR630,"Gabinete Gamer Media Torre  Carbono Twin Mate 7000 Legend Series, Factor:  ATX,  Micro Atx - Mini ITX, Panel Frontal Int","Gabinete Gamer Media Torre  Carbono Twin Mate 7000 Legend Series, Factor:  ATX,  Micro Atx - Mini ITX, Panel Frontal Intercambiable Cristal y Malla, Panel Izquierdo Cristal Templado, Panel Derecho Metal,  4 ventiladores de 120mm (ARGB), Puertos: 1x USB C 3.1,  1X USB 3.0, 1X USB 2.0, 1 3.5mm Dual(Audio y micrófono), Iluminación LED, Color Negro, BR-938792",COMPONENTES DE ENSAMBLE,GAMER,1118.93,29455.82,36819.78,https://static.ctonline.mx/imagenes/GABBLR630/GABBLR630_400.jpg,https://static.ctonline.mx/marcas/png/GAMER.png,https://ctonline.mx/buscar/productos?b=GABBLR630,,21819.13,29455.82,27983.03,35%,assets/img/catalog/GABBLR630.jpg,https://static.ctonline.mx/imagenes/GABBLR630/GABBLR630_400.jpg,gabinetes
GABBLR640,"Gabinete Gamer Media Torre  Carbono Twin Mate 7000 Legend Series, Factor:   ATX, Micro Atx - Mini ITX, Panel Frontal Int","Gabinete Gamer Media Torre  Carbono Twin Mate 7000 Legend Series, Factor:   ATX, Micro Atx - Mini ITX, Panel Frontal Intercambiable Cristal y Malla, Panel Izquierdo Cristal Templado, Panel Derecho Metal,  4 ventiladores de 120mm (ARGB), Puertos: 1x USB C 3.1,  1X USB 3.0, 1X USB 2.0, 1 3.5mm Dual(Audio y micrófono), Iluminación LED, Color Blanco, BR-938808",COMPONENTES DE ENSAMBLE,GAMER,1118.93,29455.82,36819.78,https://static.ctonline.mx/imagenes/GABBLR640/GABBLR640_400.jpg,https://static.ctonline.mx/marcas/png/GAMER.png,https://ctonline.mx/buscar/productos?b=GABBLR640,,21819.13,29455.82,27983.03,35%,assets/img/catalog/GABBLR640.jpg,https://static.ctonline.mx/imagenes/GABBLR640/GABBLR640_400.jpg,gabinetes
GABBLR280,"Gabinete Gamer Micro Torre ATX Eris Special GI985 Legend Series, Factor: Micro Atx - Mini ITX, Paneles laterales de cris","Gabinete Gamer Micro Torre ATX Eris Special GI985 Legend Series, Factor: Micro Atx - Mini ITX, Paneles laterales de cristal templado, hasta 5 ventiladores de 120mm (no incluidos), Ranuras PCI 4, Puertos: 1x USB C Y 1X USB 3.0, 1 3.5mm Dual(Audio y micrófono), Iluminación LED (color estático), Color Gris. AC-935371",COMPONENTES DE ENSAMBLE,GAMER,999.49,26311.68,32889.6,https://static.ctonline.mx/imagenes/GABBLR280/GABBLR280_400.jpg,https://static.ctonline.mx/marcas/png/GAMER.png,https://ctonline.mx/buscar/productos?b=GABBLR280,,19490.14,26311.68,24996.1,35%,assets/img/catalog/GABBLR280.jpg,https://static.ctonline.mx/imagenes/GABBLR280/GABBLR280_400.jpg,gabinetes
GABBLR290,"Gabinete Gamer Micro Torre ATX Eris Jet GI985 Legend Series, Factor: Micro Atx - Mini ITX, Paneles laterales de cristal ","Gabinete Gamer Micro Torre ATX Eris Jet GI985 Legend Series, Factor: Micro Atx - Mini ITX, Paneles laterales de cristal templado, hasta 5 ventiladores de 120mm (no incluidos), Ranuras PCI 4, Puertos: 1x USB C Y 1X USB 3.0, 1 3.5mm Dual(Audio y micrófono), Iluminación LED (color estático), Color Negro. AC-934947",COMPONENTES DE ENSAMBLE,GAMER,999.49,26311.68,32889.6,https://static.ctonline.mx/imagenes/GABBLR290/GABBLR290_400.jpg,https://static.ctonline.mx/marcas/png/GAMER.png,https://ctonline.mx/buscar/productos?b=GABBLR290,,19490.14,26311.68,24996.1,35%,assets/img/catalog/GABBLR290.jpg,https://static.ctonline.mx/imagenes/GABBLR290/GABBLR290_400.jpg,gabinetes
GABBLR300,"Gabinete Gamer Micro Torre ATX Eris Frost GI985 Legend Series, Factor: Micro Atx - Mini ITX, Paneles laterales de crista","Gabinete Gamer Micro Torre ATX Eris Frost GI985 Legend Series, Factor: Micro Atx - Mini ITX, Paneles laterales de cristal templado, hasta 5 ventiladores de 120mm (no incluidos), Ranuras PCI 4, Puertos: 1x USB C Y 1X USB 3.0, 1 3.5mm Dual(Audio y micrófono), Iluminación LED (color estático), Color Blanco. AC-935647",COMPONENTES DE ENSAMBLE,GAMER,999.49,26311.68,32889.6,https://static.ctonline.mx/imagenes/GABBLR300/GABBLR300_400.jpg,https://static.ctonline.mx/marcas/png/GAMER.png,https://ctonline.mx/buscar/productos?b=GABBLR300,,19490.14,26311.68,24996.1,35%,assets/img/catalog/GABBLR300.jpg,https://static.ctonline.mx/imagenes/GABBLR300/GABBLR300_400.jpg,gabinetes
GABBLR310,"Gabinete Gamer Micro Torre ATX Tank Pro GM930 Legend Series, Factor: Micro Atx - Mini ITX, Paneles laterales de cristal ","Gabinete Gamer Micro Torre ATX Tank Pro GM930 Legend Series, Factor: Micro Atx - Mini ITX, Paneles laterales de cristal templado, hasta 5 120mm (no incluidos), Ranuras PCI 4, Puertos: 1x USB C Y 1X USB 3.0, 1 3.5mm Dual(Audio y micrófono), Iluminación LED (color estático), Color Negro. BR-935944",COMPONENTES DE ENSAMBLE,GAMER,1138.53,29971.78,37464.72,https://static.ctonline.mx/imagenes/GABBLR310/GABBLR310_400.jpg,https://static.ctonline.mx/marcas/png/GAMER.png,https://ctonline.mx/buscar/productos?b=GABBLR310,,22201.32,29971.78,28473.19,35%,assets/img/catalog/GABBLR310.jpg,https://static.ctonline.mx/imagenes/GABBLR310/GABBLR310_400.jpg,gabinetes
GABBLR320,"Gabinete Gamer Micro Torre ATX Tank Pro GM930 Legend Series, Factor: Micro Atx - Mini ITX, Paneles laterales de cristal ","Gabinete Gamer Micro Torre ATX Tank Pro GM930 Legend Series, Factor: Micro Atx - Mini ITX, Paneles laterales de cristal templado, hasta 5 120mm (no incluidos), Ranuras PCI 4, Puertos: 1x USB C Y 1X USB 3.0, 1 3.5mm Dual(Audio y micrófono), Iluminación LED (color estático), Color Blanco. BR-935951",COMPONENTES DE ENSAMBLE,GAMER,1138.53,29971.78,37464.72,https://static.ctonline.mx/imagenes/GABBLR320/GABBLR320_400.jpg,https://static.ctonline.mx/marcas/png/GAMER.png,https://ctonline.mx/buscar/productos?b=GABBLR320,,22201.32,29971.78,28473.19,35%,assets/img/catalog/GABBLR320.jpg,https://static.ctonline.mx/imagenes/GABBLR320/GABBLR320_400.jpg,gabinetes
GABBLR330,"Gabinete Gamer Mini ITX Tank Mini GI930 Legend Series, Factor: Micro Atx - Mini ITX, Panel lateral de cristal templado, ","Gabinete Gamer Mini ITX Tank Mini GI930 Legend Series, Factor: Micro Atx - Mini ITX, Panel lateral de cristal templado, hasta 5 120mm (3 RGB 120MM Incluidos), Ranuras PCI 4, Puertos: 1x USB C - 1X USB 3.0 - 1X USB2.0,   2X 3.5mm Dual(Audio y micrófono),  Color Negro. BR-936033",COMPONENTES DE ENSAMBLE,GAMER,820.35,21595.79,26994.74,https://static.ctonline.mx/imagenes/GABBLR330/GABBLR330_400.jpg,https://static.ctonline.mx/marcas/png/GAMER.png,https://ctonline.mx/buscar/productos?b=GABBLR330,,15996.88,21595.79,20516.0,35%,assets/img/catalog/GABBLR330.jpg,https://static.ctonline.mx/imagenes/GABBLR330/GABBLR330_400.jpg,gabinetes
GABBLR340,"Gabinete Gamer Mini ITX Tank Mini GI930 Legend Series, Factor: Micro Atx - Mini ITX, Panel lateral de cristal templado, ","Gabinete Gamer Mini ITX Tank Mini GI930 Legend Series, Factor: Micro Atx - Mini ITX, Panel lateral de cristal templado, hasta 5 120mm (3 RGB 120MM Incluidos), Ranuras PCI 4, Puertos: 1x USB C - 1X USB 3.0 - 1X USB2.0,   2X 3.5mm Dual(Audio y micrófono),  Color Blanco. BR-936040",COMPONENTES DE ENSAMBLE,GAMER,820.35,21595.79,26994.74,https://static.ctonline.mx/imagenes/GABBLR340/GABBLR340_400.jpg,https://static.ctonline.mx/marcas/png/GAMER.png,https://ctonline.mx/buscar/productos?b=GABBLR340,,15996.88,21595.79,20516.0,35%,assets/img/catalog/GABBLR340.jpg,https://static.ctonline.mx/imagenes/GABBLR340/GABBLR340_400.jpg,gabinetes
GABBLR180,"Gabinete Gaming THINOS BALAM RUSH Spectrum Color Rojo, Tamaño E-ATX Tower, Formato máximo soportado de tarjetas: E-ATX /","Gabinete Gaming THINOS BALAM RUSH Spectrum Color Rojo, Tamaño E-ATX Tower, Formato máximo soportado de tarjetas: E-ATX / ATX/Micro ATX / Mini ATX. Materiales: Acero + Cristal Templado, 4 Ventiladores ARGB incluidos, Soporte para enfriamiento liquido, Discos duros soportados: 3*2.5"" 2 3.5"", puertos USB: 2*2.0 1*3.0, Audio 2*3.5mm, Dimensiones 43.2*21*48.5 cm, Peso 5.1k BR-932257",COMPONENTES DE ENSAMBLE,GAMING,1199.0,31563.68,39454.6,https://static.ctonline.mx/imagenes/GABBLR180/GABBLR180_400.jpg,https://static.ctonline.mx/marcas/png/GAMING.png,https://ctonline.mx/buscar/productos?b=GABBLR180,,23380.5,31563.68,29985.5,35%,assets/img/catalog/GABBLR180.jpg,https://static.ctonline.mx/imagenes/GABBLR180/GABBLR180_400.jpg,gabinetes
GABCLR840,"Gabinete COOLER MASTER  H500-KGNN-S00 con Ventana ARGB, Midi Tower, ITX/Micro-ATX/ATX/SSI CEB/E-ATX, USB 3.0, sin Fuente","Gabinete COOLER MASTER  H500-KGNN-S00 con Ventana ARGB, Midi Tower, ITX/Micro-ATX/ATX/SSI CEB/E-ATX, USB 3.0, sin Fuente, Negro, panel frontal de malla, ventiladores ARGB de 200 mm, iluminación, tamaño de discos duros soportados 2.5''",COMPONENTES DE ENSAMBLE,COOLER,100.0,2632.5,3290.62,https://static.ctonline.mx/imagenes/GABCLR840/GABCLR840_400.jpg,https://static.ctonline.mx/marcas/png/COOLER.png,https://ctonline.mx/buscar/productos?b=GABCLR840,,1950.0,2632.5,2500.88,35%,assets/img/catalog/GABCLR840.jpg,https://static.ctonline.mx/imagenes/GABCLR840/GABCLR840_400.jpg,gabinetes
GABCLR1200,"Gabinete Gaming Cooler Master Ncore 100 Air White (NR100-WNNN-S00), Color Blanco,  ITX, puertos 2x USB 3.2 Gen 1 Type A,","Gabinete Gaming Cooler Master Ncore 100 Air White (NR100-WNNN-S00), Color Blanco,  ITX, puertos 2x USB 3.2 Gen 1 Type A, 1x USB 3.2 Gen 2X2 Type C, 
1x Audio Combo (Audio In / Out 3.5mm)",COMPONENTES DE ENSAMBLE,GAMING,125.56,3305.25,4131.56,https://static.ctonline.mx/imagenes/GABCLR1200/GABCLR1200_400.jpg,https://static.ctonline.mx/marcas/png/GAMING.png,https://ctonline.mx/buscar/productos?b=GABCLR1200,,2448.33,3305.25,3139.99,35%,assets/img/catalog/GABCLR1200.jpg,https://static.ctonline.mx/imagenes/GABCLR1200/GABCLR1200_400.jpg,gabinetes
GABCLR1210,"Gabinete Gaming Cooler Master Ncore 100 Air Black (NR100-KNNN-S00), Color Negro,  ITX, puertos 2x USB 3.2 Gen 1 Type A, ","Gabinete Gaming Cooler Master Ncore 100 Air Black (NR100-KNNN-S00), Color Negro,  ITX, puertos 2x USB 3.2 Gen 1 Type A, 1x USB 3.2 Gen 2X2 Type C, 
1x Audio Combo (Audio In / Out 3.5mm)",COMPONENTES DE ENSAMBLE,GAMING,125.56,3305.25,4131.56,https://static.ctonline.mx/imagenes/GABCLR1210/GABCLR1210_400.jpg,https://static.ctonline.mx/marcas/png/GAMING.png,https://ctonline.mx/buscar/productos?b=GABCLR1210,,2448.33,3305.25,3139.99,35%,assets/img/catalog/GABCLR1210.jpg,https://static.ctonline.mx/imagenes/GABCLR1210/GABCLR1210_400.jpg,gabinetes
GABVGO050,"Gabinete. Game Factor. CSG-500. Gamer, RGB, Filtros de polvo, Cristal templado, Factor ATX, Negro","Gabinete. Game Factor. CSG-500. Gamer, RGB, Filtros de polvo, Cristal templado, Factor ATX, Negro",COMPONENTES DE ENSAMBLE,GABINETE,40.0,1053.0,1316.25,https://static.ctonline.mx/imagenes/GABVGO050/GABVGO050_400.jpg,https://static.ctonline.mx/marcas/png/GABINETE.png,https://ctonline.mx/buscar/productos?b=GABVGO050,,780.0,1053.0,1000.35,35%,assets/img/catalog/GABVGO050.jpg,https://static.ctonline.mx/imagenes/GABVGO050/GABVGO050_400.jpg,gabinetes
GABVGO340,"Gabinete. Game Factor. CSG400. Gamer, 5 Ventiladores ARG preinstalados, Filtros de polvo, Cristal templado, Factor ATX, ","Gabinete. Game Factor. CSG400. Gamer, 5 Ventiladores ARG preinstalados, Filtros de polvo, Cristal templado, Factor ATX, Tarjetas soportadas: ATX, M-ATX,ITX, E-ATX, Puertos frontales: 1 x USB 3.2, 1 x USB 2.0+HD Audio+1x USB tipo C, Slots de ventilación: Frente: 360/280/240mm, Arriba: 280/240mm, Trasero: 120mm, Soporta fuente ATX (no incluida), Negro",COMPONENTES DE ENSAMBLE,GABINETE,54.44,1433.25,1791.56,https://static.ctonline.mx/imagenes/GABVGO340/GABVGO340_400.jpg,https://static.ctonline.mx/marcas/png/GABINETE.png,https://ctonline.mx/buscar/productos?b=GABVGO340,,1061.67,1433.25,1361.59,35%,assets/img/catalog/GABVGO340.jpg,https://static.ctonline.mx/imagenes/GABVGO340/GABVGO340_400.jpg,gabinetes
GABVGO190,"Gabinete Game Factor CSG-300 ATX, USB 3.0, 1 VENT 120MM, CRISTAL S/FTE","Gabinete Game Factor CSG-300 ATX, USB 3.0, 1 VENT 120MM, CRISTAL S/FTE",COMPONENTES DE ENSAMBLE,GAME,33.33,877.5,1096.88,https://static.ctonline.mx/imagenes/GABVGO190/GABVGO190_400.jpg,https://static.ctonline.mx/marcas/png/GAME.png,https://ctonline.mx/buscar/productos?b=GABVGO190,,650.0,877.5,833.62,35%,assets/img/catalog/GABVGO190.jpg,https://static.ctonline.mx/imagenes/GABVGO190/GABVGO190_400.jpg,gabinetes
GABVGO290,"Gabinete. Game Factor. CSG-503. Gamer, 4 Ventiladores ARG preinstalados, Filtros de polvo, Cristal templado, Factor ATX,","Gabinete. Game Factor. CSG-503. Gamer, 4 Ventiladores ARG preinstalados, Filtros de polvo, Cristal templado, Factor ATX, Tarjetas soportadas: ATX, M-ATX,ITX, E-ATX,  Negro",COMPONENTES DE ENSAMBLE,GABINETE,40.0,1053.0,1316.25,https://static.ctonline.mx/imagenes/GABVGO290/GABVGO290_400.jpg,https://static.ctonline.mx/marcas/png/GABINETE.png,https://ctonline.mx/buscar/productos?b=GABVGO290,,780.0,1053.0,1000.35,35%,assets/img/catalog/GABVGO290.jpg,https://static.ctonline.mx/imagenes/GABVGO290/GABVGO290_400.jpg,gabinetes
GABBEQ020,be quiet! Gabinete BASE PURA 500 Window BLANCO BGW35,be quiet! Gabinete BASE PURA 500 Window BLANCO BGW35,COMPONENTES DE ENSAMBLE,BE,51.72,1361.59,1701.99,https://static.ctonline.mx/imagenes/GABBEQ020/GABBEQ020_400.jpg,https://static.ctonline.mx/marcas/png/BE.png,https://ctonline.mx/buscar/productos?b=GABBEQ020,,1008.58,1361.59,1293.51,35%,assets/img/catalog/GABBEQ020.jpg,https://static.ctonline.mx/imagenes/GABBEQ020/GABBEQ020_400.jpg,gabinetes
GABNCB180,Naceb Gabinete Gamer C/Ventana M-Atx Negro 3 Ventiladores Rgb Na-0636N,Naceb Gabinete Gamer C/Ventana M-Atx Negro 3 Ventiladores Rgb Na-0636N,COMPONENTES DE ENSAMBLE,NACEB,687.78,18105.75,22632.19,https://static.ctonline.mx/imagenes/GABNCB180/GABNCB180_400.jpg,https://static.ctonline.mx/marcas/png/NACEB.png,https://ctonline.mx/buscar/productos?b=GABNCB180,,13411.67,18105.75,17200.46,35%,assets/img/catalog/GABNCB180.jpg,https://static.ctonline.mx/imagenes/GABNCB180/GABNCB180_400.jpg,gabinetes
GABNCB170,Naceb Gabinete Gamer C/Ventana M-Atx Blanco 3 Ventiladores Rgb Na-0636B,Naceb Gabinete Gamer C/Ventana M-Atx Blanco 3 Ventiladores Rgb Na-0636B,COMPONENTES DE ENSAMBLE,NACEB,701.11,18456.75,23070.94,https://static.ctonline.mx/imagenes/GABNCB170/GABNCB170_400.jpg,https://static.ctonline.mx/marcas/png/NACEB.png,https://ctonline.mx/buscar/productos?b=GABNCB170,,13671.67,18456.75,17533.91,35%,assets/img/catalog/GABNCB170.jpg,https://static.ctonline.mx/imagenes/GABNCB170/GABNCB170_400.jpg,gabinetes
GABNCB260,Gabinete NACEB  GAMER ATX STELLA BLANCO NA-0658B,Gabinete NACEB  GAMER ATX STELLA BLANCO NA-0658B,COMPONENTES DE ENSAMBLE,NACEB,888.89,23400.0,29250.0,https://static.ctonline.mx/imagenes/GABNCB260/GABNCB260_400.jpg,https://static.ctonline.mx/marcas/png/NACEB.png,https://ctonline.mx/buscar/productos?b=GABNCB260,,17333.33,23400.0,22230.0,35%,assets/img/catalog/GABNCB260.jpg,https://static.ctonline.mx/imagenes/GABNCB260/GABNCB260_400.jpg,gabinetes
GABNCB270,Gabinete NACEB GAMER ATX STELLA NEGRO NA-0658N,Gabinete NACEB GAMER ATX STELLA NEGRO NA-0658N,COMPONENTES DE ENSAMBLE,NACEB,844.44,22230.0,27787.5,https://static.ctonline.mx/imagenes/GABNCB270/GABNCB270_400.jpg,https://static.ctonline.mx/marcas/png/NACEB.png,https://ctonline.mx/buscar/productos?b=GABNCB270,,16466.67,22230.0,21118.5,35%,assets/img/catalog/GABNCB270.jpg,https://static.ctonline.mx/imagenes/GABNCB270/GABNCB270_400.jpg,gabinetes
GABNCB280,"Gabinete NACEB GAMER ATX STELLA TRACKER NEGRO CON PANTALLA 4.5"" NA-0658LCD","Gabinete NACEB GAMER ATX STELLA TRACKER NEGRO CON PANTALLA 4.5"" NA-0658LCD",COMPONENTES DE ENSAMBLE,NACEB,1388.89,36562.5,45703.12,https://static.ctonline.mx/imagenes/GABNCB280/GABNCB280_400.jpg,https://static.ctonline.mx/marcas/png/NACEB.png,https://ctonline.mx/buscar/productos?b=GABNCB280,,27083.33,36562.5,34734.38,35%,assets/img/catalog/GABNCB280.jpg,https://static.ctonline.mx/imagenes/GABNCB280/GABNCB280_400.jpg,gabinetes
GABNCB200,Naceb Gabinete Gamer Media Torre Atx Negro Na-0637N,Naceb Gabinete Gamer Media Torre Atx Negro Na-0637N,COMPONENTES DE ENSAMBLE,NACEB,1138.89,29981.25,37476.56,https://static.ctonline.mx/imagenes/GABNCB200/GABNCB200_400.jpg,https://static.ctonline.mx/marcas/png/NACEB.png,https://ctonline.mx/buscar/productos?b=GABNCB200,,22208.33,29981.25,28482.19,35%,assets/img/catalog/GABNCB200.jpg,https://static.ctonline.mx/imagenes/GABNCB200/GABNCB200_400.jpg,gabinetes
GABNCB190,Naceb Gabinete Gamer Media Torre Atx Blanco  Na-0637B,Naceb Gabinete Gamer Media Torre Atx Blanco  Na-0637B,COMPONENTES DE ENSAMBLE,NACEB,1197.78,31531.5,39414.38,https://static.ctonline.mx/imagenes/GABNCB190/GABNCB190_400.jpg,https://static.ctonline.mx/marcas/png/NACEB.png,https://ctonline.mx/buscar/productos?b=GABNCB190,,23356.67,31531.5,29954.92,35%,assets/img/catalog/GABNCB190.jpg,https://static.ctonline.mx/imagenes/GABNCB190/GABNCB190_400.jpg,gabinetes
GABNCB210,Naceb Gabinete Gamer E-Atx Aluminio Y Cristal Templado Na-0640,Naceb Gabinete Gamer E-Atx Aluminio Y Cristal Templado Na-0640,COMPONENTES DE ENSAMBLE,NACEB,1967.22,51787.12,64733.9,https://static.ctonline.mx/imagenes/GABNCB210/GABNCB210_400.jpg,https://static.ctonline.mx/marcas/png/NACEB.png,https://ctonline.mx/buscar/productos?b=GABNCB210,,38360.83,51787.12,49197.76,35%,assets/img/catalog/GABNCB210.jpg,https://static.ctonline.mx/imagenes/GABNCB210/GABNCB210_400.jpg,gabinetes
GABSTY400,"Gabinete Xzeal X-Zynergy M-ATX/ITX XZGAZNY1B 1xUSB1.0 + 1x USB3.0 + 3.5 mm + 3 Fans, Espacios para Enfriamiento líquido ","Gabinete Xzeal X-Zynergy M-ATX/ITX XZGAZNY1B 1xUSB1.0 + 1x USB3.0 + 3.5 mm + 3 Fans, Espacios para Enfriamiento líquido 1 x 240mm tapa superior, Espacios PCI 4 espacios de expansión RGB, Negro",COMPONENTES DE ENSAMBLE,XZEAL,549.64,14469.39,18086.74,https://static.ctonline.mx/imagenes/GABSTY400/GABSTY400_400.jpg,https://static.ctonline.mx/marcas/png/XZEAL.png,https://ctonline.mx/buscar/productos?b=GABSTY400,,10718.07,14469.39,13745.92,35%,assets/img/catalog/GABSTY400.jpg,https://static.ctonline.mx/imagenes/GABSTY400/GABSTY400_400.jpg,gabinetes
GABSTY410,"Gabinete Xzeal X-Zynergy M-ATX/ITX XZGAZNY1W 1xUSB1.0 + 1x USB3.0 + 3.5 mm + 3 Fans, Espacios para Enfriamiento líquido ","Gabinete Xzeal X-Zynergy M-ATX/ITX XZGAZNY1W 1xUSB1.0 + 1x USB3.0 + 3.5 mm + 3 Fans, Espacios para Enfriamiento líquido 1 x 240mm tapa superior, Espacios PCI 4 espacios de expansión RGB, BLANCO",COMPONENTES DE ENSAMBLE,XZEAL,572.54,15072.24,18840.3,https://static.ctonline.mx/imagenes/GABSTY410/GABSTY410_400.jpg,https://static.ctonline.mx/marcas/png/XZEAL.png,https://ctonline.mx/buscar/productos?b=GABSTY410,,11164.62,15072.24,14318.63,35%,assets/img/catalog/GABSTY410.jpg,https://static.ctonline.mx/imagenes/GABSTY410/GABSTY410_400.jpg,gabinetes
GABSTY310,"Gabinete Gamer Mid Tower Xzeal ATX  XZCGB08B, Panel Der. Vidrio + Metal 2xUSB1.0  + 1xUSD3.0 + 3.5 mm + 4 ARGB Fans + 1 ","Gabinete Gamer Mid Tower Xzeal ATX  XZCGB08B, Panel Der. Vidrio + Metal 2xUSB1.0  + 1xUSD3.0 + 3.5 mm + 4 ARGB Fans + 1 HUB Negro",COMPONENTES DE ENSAMBLE,GAMER,1075.28,28306.69,35383.36,https://static.ctonline.mx/imagenes/GABSTY310/GABSTY310_400.jpg,https://static.ctonline.mx/marcas/png/GAMER.png,https://ctonline.mx/buscar/productos?b=GABSTY310,,20967.92,28306.69,26891.36,35%,assets/img/catalog/GABSTY310.jpg,https://static.ctonline.mx/imagenes/GABSTY310/GABSTY310_400.jpg,gabinetes
GABSTY320,"Gabinete Gamer Mid Tower Xzeal ATX XZCGB08W, Panel Der. Vidrio + Metal 2xUSB1.0 + 1xUSD3.0 + 3.5 mm + 4 ARGB Fans + 1 HU","Gabinete Gamer Mid Tower Xzeal ATX XZCGB08W, Panel Der. Vidrio + Metal 2xUSB1.0 + 1xUSD3.0 + 3.5 mm + 4 ARGB Fans + 1 HUB Blanco",COMPONENTES DE ENSAMBLE,GAMER,1075.24,28305.8,35382.25,https://static.ctonline.mx/imagenes/GABSTY320/GABSTY320_400.jpg,https://static.ctonline.mx/marcas/png/GAMER.png,https://ctonline.mx/buscar/productos?b=GABSTY320,,20967.26,28305.8,26890.51,35%,assets/img/catalog/GABSTY320.jpg,https://static.ctonline.mx/imagenes/GABSTY320/GABSTY320_400.jpg,gabinetes
GABSTY470,"Gabinete Gamer Xzeal Full Tower XZ160, EATX/ATX Panel Der.Front. Cristal templado 1xUSB2.0 + 1xUSB3.0 + 1x USB Tipo C+ 1","Gabinete Gamer Xzeal Full Tower XZ160, EATX/ATX Panel Der.Front. Cristal templado 1xUSB2.0 + 1xUSB3.0 + 1x USB Tipo C+ 1x3.5mm + 4 Ventiladores ARGB Negro XZGAEX1B",COMPONENTES DE ENSAMBLE,GAMER,1178.33,31019.63,38774.54,https://static.ctonline.mx/imagenes/GABSTY470/GABSTY470_400.jpg,https://static.ctonline.mx/marcas/png/GAMER.png,https://ctonline.mx/buscar/productos?b=GABSTY470,,22977.5,31019.63,29468.65,35%,assets/img/catalog/GABSTY470.jpg,https://static.ctonline.mx/imagenes/GABSTY470/GABSTY470_400.jpg,gabinetes
GABSTY480,"Gabinete Gamer Xzeal Full Tower XZ160, EATX/ATX Panel Der.Front. Cristal templado 1xUSB2.0 + 1xUSB3.0 + 1x USB Tipo C+ 1","Gabinete Gamer Xzeal Full Tower XZ160, EATX/ATX Panel Der.Front. Cristal templado 1xUSB2.0 + 1xUSB3.0 + 1x USB Tipo C+ 1x3.5mm + 4 Ventiladores ARGB Blanco XZGAEX1W",COMPONENTES DE ENSAMBLE,GAMER,1247.01,32827.57,41034.46,https://static.ctonline.mx/imagenes/GABSTY480/GABSTY480_400.jpg,https://static.ctonline.mx/marcas/png/GAMER.png,https://ctonline.mx/buscar/productos?b=GABSTY480,,24316.72,32827.57,31186.19,35%,assets/img/catalog/GABSTY480.jpg,https://static.ctonline.mx/imagenes/GABSTY480/GABSTY480_400.jpg,gabinetes
GABYEY390,"Gabinete para PC Gaming, ATX Hussar Plus, White- Modelo: YCM-ASHUS-01WH, Admite posiciones de instalación de ventiladore","Gabinete para PC Gaming, ATX Hussar Plus, White- Modelo: YCM-ASHUS-01WH, Admite posiciones de instalación de ventiladores de 6 x 12 cm. Gracias al tamaño del chasis compacto, el flujo del aire de arriba hacia abajo crea una presión positiva para eliminar el calor rápidamente.",COMPONENTES DE ENSAMBLE,PARA,50.61,1332.34,1665.42,https://static.ctonline.mx/imagenes/GABYEY390/GABYEY390_400.jpg,https://static.ctonline.mx/marcas/png/PARA.png,https://ctonline.mx/buscar/productos?b=GABYEY390,,986.92,1332.34,1265.72,35%,assets/img/catalog/GABYEY390.jpg,https://static.ctonline.mx/imagenes/GABYEY390/GABYEY390_400.jpg,gabinetes
GABYEY200,"Gabinete Gaming YEYIAN YGH-49703 Hollow 2500, ideal para soportar Micro ATX, ATX, E-ATX Y ITX, diseño ergonómico en colo","Gabinete Gaming YEYIAN YGH-49703 Hollow 2500, ideal para soportar Micro ATX, ATX, E-ATX Y ITX, diseño ergonómico en color Negro Un sistema de enfriamiento de tres ventiladores ARGB (140mm) para un máximo flujo de aire, Panel lateral de cristal templado",COMPONENTES DE ENSAMBLE,GAMING,47.28,1244.59,1555.74,https://static.ctonline.mx/imagenes/GABYEY200/GABYEY200_400.jpg,https://static.ctonline.mx/marcas/png/GAMING.png,https://ctonline.mx/buscar/productos?b=GABYEY200,,921.92,1244.59,1182.36,35%,assets/img/catalog/GABYEY200.jpg,https://static.ctonline.mx/imagenes/GABYEY200/GABYEY200_400.jpg,gabinetes
GABYEY210,"Gabinete Gaming YEYIAN YGH-49704 Hollow 2500, ideal para soportar Micro ATX, ATX, E-ATX Y ITX, Diseño ergonómico en colo","Gabinete Gaming YEYIAN YGH-49704 Hollow 2500, ideal para soportar Micro ATX, ATX, E-ATX Y ITX, Diseño ergonómico en color blanco, Un sistema de enfriamiento de tres ventiladores ARGB (140mm) para un máximo flujo de aire, Panel lateral de cristal templado",COMPONENTES DE ENSAMBLE,GAMING,53.89,1418.62,1773.27,https://static.ctonline.mx/imagenes/GABYEY210/GABYEY210_400.jpg,https://static.ctonline.mx/marcas/png/GAMING.png,https://ctonline.mx/buscar/productos?b=GABYEY210,,1050.83,1418.62,1347.69,35%,assets/img/catalog/GABYEY210.jpg,https://static.ctonline.mx/imagenes/GABYEY210/GABYEY210_400.jpg,gabinetes
GABYEY410,"Gabinete Gamer Elara YEYIAN modelo YCM-APELA-M1, Media Torre, Tarjetas madre compatibles ATX | Micro-ATX | ITX, Espacio ","Gabinete Gamer Elara YEYIAN modelo YCM-APELA-M1, Media Torre, Tarjetas madre compatibles ATX | Micro-ATX | ITX, Espacio hasta 8 ventiladores, tarjetas Gráficas hasta 330 mm. Ventiladores incluidos 4x ARGB PWM. Color: Negro. Garantía: 1 año.",COMPONENTES DE ENSAMBLE,GAMER,53.12,1398.44,1748.05,https://static.ctonline.mx/imagenes/GABYEY410/GABYEY410_400.jpg,https://static.ctonline.mx/marcas/png/GAMER.png,https://ctonline.mx/buscar/productos?b=GABYEY410,,1035.88,1398.44,1328.52,35%,assets/img/catalog/GABYEY410.jpg,https://static.ctonline.mx/imagenes/GABYEY410/GABYEY410_400.jpg,gabinetes
GABYEY240,"Gabinete Gaming YEYIAN Case Rapture Series 2500 -Sku: YCH-7S3V-01BK,- Mid-tower con soporte para placas base ATX y Micro","Gabinete Gaming YEYIAN Case Rapture Series 2500 -Sku: YCH-7S3V-01BK,- Mid-tower con soporte para placas base ATX y Micro ATX, Chasis de metal, panel frontal de malla / vidrio para un mejor flujo de aire y panel lateral de vista completa de vidrio templado, Incluye 3 ventiladores ARGB de 120 mm en el panel frontal y espacio para 2 de 120 mm en el panel superior, 2 de 120 mm en la cubierta de la fuente de alimentación y 1 de 120mm en panel posterior, Cuenta con dos puertos frontales .",COMPONENTES DE ENSAMBLE,GAMING,67.22,1769.62,2212.02,https://static.ctonline.mx/imagenes/GABYEY240/GABYEY240_400.jpg,https://static.ctonline.mx/marcas/png/GAMING.png,https://ctonline.mx/buscar/productos?b=GABYEY240,,1310.83,1769.62,1681.14,35%,assets/img/catalog/GABYEY240.jpg,https://static.ctonline.mx/imagenes/GABYEY240/GABYEY240_400.jpg,gabinetes
GABYEY380,"Yeyian Gabinete para PC Gaming ATX Hussar Plus, Negro - Modelo: YCM-ASHUS-01 Admite posiciones de instalacion de ventila","Yeyian Gabinete para PC Gaming ATX Hussar Plus, Negro - Modelo: YCM-ASHUS-01 Admite posiciones de instalacion de ventiladores de 6 x 12 cm. Gracias al tamaño de chasis compacto, el flujo de aire de arriba hacia abajo crea una presion positiva para eliminar el calor rapidamente",COMPONENTES DE ENSAMBLE,YEYIAN,44.89,1181.7,1477.12,https://static.ctonline.mx/imagenes/GABYEY380/GABYEY380_400.jpg,https://static.ctonline.mx/marcas/png/YEYIAN.png,https://ctonline.mx/buscar/productos?b=GABYEY380,,875.33,1181.7,1122.62,35%,assets/img/catalog/GABYEY380.jpg,https://static.ctonline.mx/imagenes/GABYEY380/GABYEY380_400.jpg,gabinetes
GABYEY370,Yeyian Gabinete Gamer Mirage S - Modelo: YCM-APMIR-S1 Vidrio templado personalizado para una exhibicion inmersiva de tu ,Yeyian Gabinete Gamer Mirage S - Modelo: YCM-APMIR-S1 Vidrio templado personalizado para una exhibicion inmersiva de tu plataforma de juego. Chasis de metal de 0.8mm para una durabilidad y resistencia,COMPONENTES DE ENSAMBLE,YEYIAN,77.94,2051.89,2564.86,https://static.ctonline.mx/imagenes/GABYEY370/GABYEY370_400.jpg,https://static.ctonline.mx/marcas/png/YEYIAN.png,https://ctonline.mx/buscar/productos?b=GABYEY370,,1519.92,2051.89,1949.3,35%,assets/img/catalog/GABYEY370.jpg,https://static.ctonline.mx/imagenes/GABYEY370/GABYEY370_400.jpg,gabinetes
GABYEY340,"YEYIAN Gabiente Gamer YCM-APPHO-01 ATX mid tower compatible ATX, M-ATX, ITX hasta 9 ventiladores ARGB con PWM x 4 inclui","YEYIAN Gabiente Gamer YCM-APPHO-01 ATX mid tower compatible ATX, M-ATX, ITX hasta 9 ventiladores ARGB con PWM x 4 incluido,7 ranuras de expansion, 400mm longitud maxima en tarjeta VGA, puertos de ventilacion: puerto  de ventiladro de 3x 120mm incluido, puertos de ventilador 3x120mm o 2x 140mm en la parte superior. puerto de ventiladro de 1x120mm incluido en la parte trasera ARGB,PWM., interruptor LED x1, ]Audio HD, USB 3.2 Gen 1x 2, USB 3.2 Gen 2x2 x1 , color NEGRO, panel lateral de vidrio templado. dimesion  489mm X 220mX440m peso: 6.1 kg UPC  7500619012116",COMPONENTES DE ENSAMBLE,YEYIAN,67.2,1769.04,2211.3,https://static.ctonline.mx/imagenes/GABYEY340/GABYEY340_400.jpg,https://static.ctonline.mx/marcas/png/YEYIAN.png,https://ctonline.mx/buscar/productos?b=GABYEY340,,1310.4,1769.04,1680.59,35%,assets/img/catalog/GABYEY340.jpg,https://static.ctonline.mx/imagenes/GABYEY340/GABYEY340_400.jpg,gabinetes
GABYEY350,"YEYIAN Gabiente Gamer YCM-APPHO-02 ATX mid tower compatible ATX, M-ATX, ITX hasta 9 ventiladores ARGB con PWM x 4 inclui","YEYIAN Gabiente Gamer YCM-APPHO-02 ATX mid tower compatible ATX, M-ATX, ITX hasta 9 ventiladores ARGB con PWM x 4 incluido,7 ranuras de expansion, 400mm longitud maxima en tarjeta VGA, puertos de ventilacion: puerto  de ventiladro de 3x 120mm incluido, puertos de ventilador 3x120mm o 2x 140mm en la parte superior. puerto de ventiladro de 1x120mm incluido en la parte trasera ARGB,PWM., interruptor LED x1, ]Audio HD, USB 3.2 Gen 1x 2, USB 3.2 Gen 2x2 x1 , color NEGRO, panel lateral de malla de hierro",COMPONENTES DE ENSAMBLE,YEYIAN,69.67,1833.98,2292.47,https://static.ctonline.mx/imagenes/GABYEY350/GABYEY350_400.jpg,https://static.ctonline.mx/marcas/png/YEYIAN.png,https://ctonline.mx/buscar/productos?b=GABYEY350,,1358.5,1833.98,1742.28,35%,assets/img/catalog/GABYEY350.jpg,https://static.ctonline.mx/imagenes/GABYEY350/GABYEY350_400.jpg,gabinetes
GABTMK2890,"Gabinete Thermaltake CA-1Y2-00M6WN-00 , Ceres 300 TG ARGB Snow Mid Tower Chassis, más del 55 % de los paneles frontales ","Gabinete Thermaltake CA-1Y2-00M6WN-00 , Ceres 300 TG ARGB Snow Mid Tower Chassis, más del 55 % de los paneles frontales se han perforado con un diseño único que no solo se ve bien, sino que también proporciona un gran flujo de aire, viene con dos ventiladores de refrigeración para PC CT140 ARGB Sync White preinstalados en la parte frontal y un ventilador de refrigeración para PC CT140 White preinstalado en la parte trasera, admite hasta un radiador de 360 ​​mm en la parte frontal y uno de 280 mm en la parte superior, compatible con las tarjetas madre Mini ITX, Micro ATX, ATX, E-ATX.",COMPONENTES DE ENSAMBLE,THERMALTAKE,87.41,2301.11,2876.39,https://static.ctonline.mx/imagenes/GABTMK2890/GABTMK2890_400.jpg,https://static.ctonline.mx/marcas/png/THERMALTAKE.png,https://ctonline.mx/buscar/productos?b=GABTMK2890,,1704.53,2301.11,2186.05,35%,assets/img/catalog/GABTMK2890.jpg,https://static.ctonline.mx/imagenes/GABTMK2890/GABTMK2890_400.jpg,gabinetes
GABTMK2840,"Gabinete THERMALTAKE CA-1R1-00S1WN-02, V150 Tempered Glass ARGB Breeze Micro, viene con tres ventiladores ARGB de 120mm ","Gabinete THERMALTAKE CA-1R1-00S1WN-02, V150 Tempered Glass ARGB Breeze Micro, viene con tres ventiladores ARGB de 120mm preinstalados dos en la parte delantera y uno en la trasera, compatible con las placas base Mini ITX, Micro ATX, Un USB 3.0, dos USB 2.0 y un HD Audio, cuenta con un práctico filtro de ventilador magnético en la parte superior simplemente se acopla para facilitar la filtración del polvo y la protección contra las partículas.",COMPONENTES DE ENSAMBLE,THERMALTAKE,61.18,1610.63,2013.29,https://static.ctonline.mx/imagenes/GABTMK2840/GABTMK2840_400.jpg,https://static.ctonline.mx/marcas/png/THERMALTAKE.png,https://ctonline.mx/buscar/productos?b=GABTMK2840,,1193.06,1610.63,1530.1,35%,assets/img/catalog/GABTMK2840.jpg,https://static.ctonline.mx/imagenes/GABTMK2840/GABTMK2840_400.jpg,gabinetes
GABTMK2730,"Gabinete THERMALTAKE CA-1Y3-00MFWN-00, CTE E600 MX Hydrangea Blue Mid Tower, con un cable vertical de 400 mm incluido PC","Gabinete THERMALTAKE CA-1Y3-00MFWN-00, CTE E600 MX Hydrangea Blue Mid Tower, con un cable vertical de 400 mm incluido PCI-e 4.0, se pueden instalar hasta catorce ventiladores de 120 mm o doce ventiladores de 140 mm, panel de vidrio templado de 4 mm preinstalado en el lado izquierdo, dos paneles frontales intercambiables, un panel de vidrio templado y un panel perforado, dos puertos USB 3.0, un USB 3.2 Gen 2 Type-C y puertos de audio HD, compatible con las tarjetas madre Mini ITX, Micro ATX, ATX, E-ATX.",COMPONENTES DE ENSAMBLE,THERMALTAKE,179.41,4723.01,5903.76,https://static.ctonline.mx/imagenes/GABTMK2730/GABTMK2730_400.jpg,https://static.ctonline.mx/marcas/png/THERMALTAKE.png,https://ctonline.mx/buscar/productos?b=GABTMK2730,,3498.53,4723.01,4486.86,35%,assets/img/catalog/GABTMK2730.jpg,https://static.ctonline.mx/imagenes/GABTMK2730/GABTMK2730_400.jpg,gabinetes
IMPCNN2190,Multifuncional de inyección de tinta  Canon PIXMA G7010 3114C004AA Tecnología tinta continua Funciones: Impresora - Copi,"Multifuncional de inyección de tinta  Canon PIXMA G7010 3114C004AA Tecnología tinta continua Funciones: Impresora - Copiadora - Escáner - FaxVelocidad de Impresión: 13.0 imágenes por minuto (ipm) en B/N y 6.8  ipm en Color, Resolución de Impresión: Hasta 4800 x 1200 dpi, Número de Boquillas: Color: 640 / Negro: 1,152 / Total: 1,792, Conectividad: Wi-Fi / USB Alta Velocidad / Ethernet, Manejo de Papel: Casete de papel frontal: 250 hojas de Papel Común / Bandeja de papel posterior: 100 hojas de Papel Común ,Rendimiento: Hasta 8,300 páginas en B/N (modo Economía), 7,700 a Color y 2,200 Fotos , Cable USB incluido, Incluye botellas de tinta al 100%, Consumibles: 4 botellas de tinta GI-10 BK, C, M, Y","IMPRESION, DIG. DE IMAGENES",MULTIFUNCIONAL,6002.13,8102.87,10128.59,https://static.ctonline.mx/imagenes/IMPCNN2190/IMPCNN2190_400.jpg,https://static.ctonline.mx/marcas/png/MULTIFUNCIONAL.png,https://ctonline.mx/buscar/productos?b=IMPCNN2190,,6002.13,8102.87,7697.73,35%,assets/img/catalog/IMPCNN2190.jpg,https://static.ctonline.mx/imagenes/IMPCNN2190/IMPCNN2190_400.jpg,gabinetes
ACCXRX610,"XEROX 497K13660 Gabinete. Compatible con: WC 3610, 3615, Phaser 6600, 6605. Cotizar Flete con Ejecutivo, Requiere instal","XEROX 497K13660 Gabinete. Compatible con: WC 3610, 3615, Phaser 6600, 6605. Cotizar Flete con Ejecutivo, Requiere instalación con Agencia Xerox","IMPRESION, DIG. DE IMAGENES",XEROX,134.13,3530.87,4413.59,https://static.ctonline.mx/imagenes/ACCXRX610/ACCXRX610_400.jpg,https://static.ctonline.mx/marcas/png/XEROX.png,https://ctonline.mx/buscar/productos?b=ACCXRX610,,2615.46,3530.87,3354.33,35%,assets/img/catalog/ACCXRX610.jpg,https://static.ctonline.mx/imagenes/ACCXRX610/ACCXRX610_400.jpg,gabinetes
ACCXRX1660,Gabinete bajo Xerox 097S04954. Solo necesario para bandejas como alimentación adicional.,Gabinete bajo Xerox 097S04954. Solo necesario para bandejas como alimentación adicional.,CONSUMIBLES,BAJO,240.12,6321.04,7901.3,https://static.ctonline.mx/imagenes/ACCXRX1660/ACCXRX1660_400.jpg,https://static.ctonline.mx/marcas/png/BAJO.png,https://ctonline.mx/buscar/productos?b=ACCXRX1660,,4682.25,6321.04,6004.99,35%,assets/img/catalog/ACCXRX1660.jpg,https://static.ctonline.mx/imagenes/ACCXRX1660/ACCXRX1660_400.jpg,gabinetes
ACCXRX1220,"Bandeja + Gabinete (1TM) - bandeja de 520 hojas con tamaño de hasta 11x17, incluye Gabinete, en esta configuración se pu","Bandeja + Gabinete (1TM) - bandeja de 520 hojas con tamaño de hasta 11x17, incluye Gabinete, en esta configuración se puede considerar la bandeja 2. No compatible con 8NX, 9NB, 2NX .LLEVA CARGO DE FLETE, COTIZAR CON EJECUTIVO",CONSUMIBLES,BANDEJA,401.55,10570.73,13213.41,https://static.ctonline.mx/imagenes/ACCXRX1220/ACCXRX1220_400.jpg,https://static.ctonline.mx/marcas/png/BANDEJA.png,https://ctonline.mx/buscar/productos?b=ACCXRX1220,,7830.17,10570.73,10042.19,35%,assets/img/catalog/ACCXRX1220.jpg,https://static.ctonline.mx/imagenes/ACCXRX1220/ACCXRX1220_400.jpg,gabinetes
ACCXRX1230,"Bandeja opcional (Single Tray Module) - 1 bandeja de 520 hojas con tamaño de hasta 11x17, se puede utilizar tipo escrito","Bandeja opcional (Single Tray Module) - 1 bandeja de 520 hojas con tamaño de hasta 11x17, se puede utilizar tipo escritorio. No incluye gabinete, se considera la bandeja 2. No compatible con 8NB, 9NB,2NX. LLEVA CARGO DE FLETE, COTIZAR CON EJECUTIVO",CONSUMIBLES,BANDEJA,521.09,13717.82,17147.28,https://static.ctonline.mx/imagenes/ACCXRX1230/ACCXRX1230_400.jpg,https://static.ctonline.mx/marcas/png/BANDEJA.png,https://ctonline.mx/buscar/productos?b=ACCXRX1230,,10161.35,13717.82,13031.93,35%,assets/img/catalog/ACCXRX1230.jpg,https://static.ctonline.mx/imagenes/ACCXRX1230/ACCXRX1230_400.jpg,gabinetes
ACCXRX1680,XEROX 097S04994 Gabinete ( Incluye Base con Ruedas ) Versalink B600/C500/C600,XEROX 097S04994 Gabinete ( Incluye Base con Ruedas ) Versalink B600/C500/C600,CONSUMIBLES,XEROX,168.92,4446.71,5558.39,https://static.ctonline.mx/imagenes/ACCXRX1680/ACCXRX1680_400.jpg,https://static.ctonline.mx/marcas/png/XEROX.png,https://ctonline.mx/buscar/productos?b=ACCXRX1680,,3293.86,4446.71,4224.37,35%,assets/img/catalog/ACCXRX1680.jpg,https://static.ctonline.mx/imagenes/ACCXRX1680/ACCXRX1680_400.jpg,gabinetes
SWTTPL730,"Switch TP-Link No administrable (LS1005) de (5) puertos 10/100 Mbps, para escritorio, gabinete plástico. Plug and play, ","Switch TP-Link No administrable (LS1005) de (5) puertos 10/100 Mbps, para escritorio, gabinete plástico. Plug and play, no se necesita configuración. Tecnología Green Ethernet ahorra energía.",CONECTIVIDAD,SWITCH,4.43,116.67,145.84,https://static.ctonline.mx/imagenes/SWTTPL730/SWTTPL730_400.jpg,https://static.ctonline.mx/marcas/png/SWITCH.png,https://ctonline.mx/buscar/productos?b=SWTTPL730,,86.42,116.67,110.84,35%,assets/img/catalog/SWTTPL730.jpg,https://static.ctonline.mx/imagenes/SWTTPL730/SWTTPL730_400.jpg,gabinetes
SWTTPL740,"Switch TP-Link No administrable (LS1008) de (8) puertos 10/100 Mbps, para escritorio, gabinete plástico. Plug and play, ","Switch TP-Link No administrable (LS1008) de (8) puertos 10/100 Mbps, para escritorio, gabinete plástico. Plug and play, no se necesita configuración. Tecnología Green Ethernet ahorra energía.",CONECTIVIDAD,SWITCH,5.45,143.59,179.49,https://static.ctonline.mx/imagenes/SWTTPL740/SWTTPL740_400.jpg,https://static.ctonline.mx/marcas/png/SWITCH.png,https://ctonline.mx/buscar/productos?b=SWTTPL740,,106.36,143.59,136.41,35%,assets/img/catalog/SWTTPL740.jpg,https://static.ctonline.mx/imagenes/SWTTPL740/SWTTPL740_400.jpg,gabinetes
SWTTPL010,"Mini Switch Fast Ethernet TP-Link No administrable (TL-SF1005D) de (5) puertos 10/100Mbps, para escritorio, gabinete de ","Mini Switch Fast Ethernet TP-Link No administrable (TL-SF1005D) de (5) puertos 10/100Mbps, para escritorio, gabinete de platico. Microsoft® Windows® 98SE, NT, 2000, XP, Vista™, Windows 7, Windows 8, MAC® OS, NetWare®, UNIX® or Linux.",CONECTIVIDAD,MINI,6.25,164.53,205.66,https://static.ctonline.mx/imagenes/SWTTPL010/SWTTPL010_400.jpg,https://static.ctonline.mx/marcas/png/MINI.png,https://ctonline.mx/buscar/productos?b=SWTTPL010,,121.87,164.53,156.3,35%,assets/img/catalog/SWTTPL010.jpg,https://static.ctonline.mx/imagenes/SWTTPL010/SWTTPL010_400.jpg,gabinetes
SWTTPL030,"Switch Fast Ethernet TP-Link No administrable (TL-SF1016DS) de (16) puertos 10/100 Mbps, para escritorio y montaje en ra","Switch Fast Ethernet TP-Link No administrable (TL-SF1016DS) de (16) puertos 10/100 Mbps, para escritorio y montaje en rack, gabinete de metálico. Estándar de 13 pulgadas. Microsoft® Windows® 98SE, NT, 2000, XP, Vista™ or Windows 7, MAC® OS, NetWare®, UNIX® or Linux.",CONECTIVIDAD,SWITCH,38.64,1017.1,1271.38,https://static.ctonline.mx/imagenes/SWTTPL030/SWTTPL030_400.jpg,https://static.ctonline.mx/marcas/png/SWITCH.png,https://ctonline.mx/buscar/productos?b=SWTTPL030,,753.41,1017.1,966.25,35%,assets/img/catalog/SWTTPL030.jpg,https://static.ctonline.mx/imagenes/SWTTPL030/SWTTPL030_400.jpg,gabinetes
SWTTPL210,"Switch Fast Ethernet TP-Link No administrable (TL-SF1016D) de (16) puertos 10/100 Mbps, gabinete de plástico para escrit","Switch Fast Ethernet TP-Link No administrable (TL-SF1016D) de (16) puertos 10/100 Mbps, gabinete de plástico para escritorio. Microsoft® Windows® 98SE, NT, 2000, XP, Vista™, Windows 7, Windows 8, MAC® OS, NetWare®, UNIX® or Linux.",CONECTIVIDAD,SWITCH,23.75,625.22,781.53,https://static.ctonline.mx/imagenes/SWTTPL210/SWTTPL210_400.jpg,https://static.ctonline.mx/marcas/png/SWITCH.png,https://ctonline.mx/buscar/productos?b=SWTTPL210,,463.13,625.22,593.96,35%,assets/img/catalog/SWTTPL210.jpg,https://static.ctonline.mx/imagenes/SWTTPL210/SWTTPL210_400.jpg,gabinetes
SWTTPL040,"Switch Fast Ethernet TP-Link No administrable (TL-SF1024) de (24) puertos 10/100 Mbps, montaje en rack, gabinete de metá","Switch Fast Ethernet TP-Link No administrable (TL-SF1024) de (24) puertos 10/100 Mbps, montaje en rack, gabinete de metálico. Estándar de 19 pulgadas. Microsoft® Windows® 98SE, NT, 2000, XP, Vista™ or Windows 7, MAC® OS, NetWare®, UNIX® or Linux.",CONECTIVIDAD,SWITCH,52.27,1376.08,1720.1,https://static.ctonline.mx/imagenes/SWTTPL040/SWTTPL040_400.jpg,https://static.ctonline.mx/marcas/png/SWITCH.png,https://ctonline.mx/buscar/productos?b=SWTTPL040,,1019.32,1376.08,1307.28,35%,assets/img/catalog/SWTTPL040.jpg,https://static.ctonline.mx/imagenes/SWTTPL040/SWTTPL040_400.jpg,gabinetes
SWTTPL050,"Switch Fast Ethernet TP-Link no administrable (TL-SF1048) de (48) puertos 10/100 Mbps, montaje en rack, gabinete de metá","Switch Fast Ethernet TP-Link no administrable (TL-SF1048) de (48) puertos 10/100 Mbps, montaje en rack, gabinete de metálico. Estándar de 19 pulgadas. Microsoft® Windows® 98SE, NT, 2000, XP, Vista™ or Windows 7, MAC® OS, NetWare®, UNIX® or Linux.",CONECTIVIDAD,SWITCH,112.84,2970.54,3713.18,https://static.ctonline.mx/imagenes/SWTTPL050/SWTTPL050_400.jpg,https://static.ctonline.mx/marcas/png/SWITCH.png,https://ctonline.mx/buscar/productos?b=SWTTPL050,,2200.4,2970.54,2822.01,35%,assets/img/catalog/SWTTPL050.jpg,https://static.ctonline.mx/imagenes/SWTTPL050/SWTTPL050_400.jpg,gabinetes
SWTTPL750,"Switch TP-Link No administrable (LS1005G) de (5) puertos 10/100/1000 Mbps, para escritorio o montaje en pared, gabinete ","Switch TP-Link No administrable (LS1005G) de (5) puertos 10/100/1000 Mbps, para escritorio o montaje en pared, gabinete plástico. Plug and play, no se necesita configuración. Tecnología Green Ethernet ahorra energía.",CONECTIVIDAD,SWITCH,8.18,215.38,269.23,https://static.ctonline.mx/imagenes/SWTTPL750/SWTTPL750_400.jpg,https://static.ctonline.mx/marcas/png/SWITCH.png,https://ctonline.mx/buscar/productos?b=SWTTPL750,,159.54,215.38,204.61,35%,assets/img/catalog/SWTTPL750.jpg,https://static.ctonline.mx/imagenes/SWTTPL750/SWTTPL750_400.jpg,gabinetes
SWTTPL760,"Switch TP-Link No administrable (LS1008G) de (8) puertos 10/100/1000 Mbps, para escritorio o montaje en pared, gabinete ","Switch TP-Link No administrable (LS1008G) de (8) puertos 10/100/1000 Mbps, para escritorio o montaje en pared, gabinete plástico. Plug and play, no se necesita configuración. Tecnología Green Ethernet ahorra energía.",CONECTIVIDAD,SWITCH,13.64,358.97,448.71,https://static.ctonline.mx/imagenes/SWTTPL760/SWTTPL760_400.jpg,https://static.ctonline.mx/marcas/png/SWITCH.png,https://ctonline.mx/buscar/productos?b=SWTTPL760,,265.91,358.97,341.02,35%,assets/img/catalog/SWTTPL760.jpg,https://static.ctonline.mx/imagenes/SWTTPL760/SWTTPL760_400.jpg,gabinetes
SWTTPL120,"Switch Gigabit TP-Link No administrable (TL-SG1005D) de (5) puertos 10/100/1000 Mbps, para escritorio, gabinete de plati","Switch Gigabit TP-Link No administrable (TL-SG1005D) de (5) puertos 10/100/1000 Mbps, para escritorio, gabinete de platico. Microsoft® Windows® 98SE, NT, 2000, XP, Vista™ or Windows 7, Windows 8, MAC® OS, NetWare®, UNIX® or Linux.",CONECTIVIDAD,SWITCH,10.23,269.23,336.54,https://static.ctonline.mx/imagenes/SWTTPL120/SWTTPL120_400.jpg,https://static.ctonline.mx/marcas/png/SWITCH.png,https://ctonline.mx/buscar/productos?b=SWTTPL120,,199.43,269.23,255.77,35%,assets/img/catalog/SWTTPL120.jpg,https://static.ctonline.mx/imagenes/SWTTPL120/SWTTPL120_400.jpg,gabinetes
SWTTPL130,"Switch Gigabit TP-Link No administrable (TL-SG1008D) de (8) puertos 10/100/1000 Mbps, para escritorio, gabinete de plati","Switch Gigabit TP-Link No administrable (TL-SG1008D) de (8) puertos 10/100/1000 Mbps, para escritorio, gabinete de platico. Microsoft® Windows® 98SE, NT, 2000, XP, Vista™, Windows 7, Windows 8,MAC® OS, NetWare®, UNIX® or Linux.",CONECTIVIDAD,SWITCH,18.18,478.63,598.29,https://static.ctonline.mx/imagenes/SWTTPL130/SWTTPL130_400.jpg,https://static.ctonline.mx/marcas/png/SWITCH.png,https://ctonline.mx/buscar/productos?b=SWTTPL130,,354.54,478.63,454.7,35%,assets/img/catalog/SWTTPL130.jpg,https://static.ctonline.mx/imagenes/SWTTPL130/SWTTPL130_400.jpg,gabinetes
SWTTPL150,"Switch Gigabit TP-Link No administrable (TL-SG1024D) de (24) puertos 10/100/1000 Mbps, para escritorio, gabinete de metá","Switch Gigabit TP-Link No administrable (TL-SG1024D) de (24) puertos 10/100/1000 Mbps, para escritorio, gabinete de metálico. Microsoft® Windows® 98SE, NT, 2000, XP, Vista™ or Windows 7, MAC® OS, NetWare®, UNIX® or Linux.",CONECTIVIDAD,SWITCH,71.59,1884.63,2355.79,https://static.ctonline.mx/imagenes/SWTTPL150/SWTTPL150_400.jpg,https://static.ctonline.mx/marcas/png/SWITCH.png,https://ctonline.mx/buscar/productos?b=SWTTPL150,,1396.03,1884.63,1790.4,35%,assets/img/catalog/SWTTPL150.jpg,https://static.ctonline.mx/imagenes/SWTTPL150/SWTTPL150_400.jpg,gabinetes
SWTTPL155,"Switch Gigabit TP-Link No administrable (TL-SG1024) de (24) puertos 10/100/1000 Mbps, montaje en rack, gabinete de metál","Switch Gigabit TP-Link No administrable (TL-SG1024) de (24) puertos 10/100/1000 Mbps, montaje en rack, gabinete de metálico. Estándar de 19 pulgadas. Microsoft® Windows® 98SE, NT, 2000, XP, Vista™ or Windows 7, MAC® OS, NetWare®, UNIX® or Linux.",CONECTIVIDAD,SWITCH,77.27,2034.21,2542.76,https://static.ctonline.mx/imagenes/SWTTPL155/SWTTPL155_400.jpg,https://static.ctonline.mx/marcas/png/SWITCH.png,https://ctonline.mx/buscar/productos?b=SWTTPL155,,1506.82,2034.21,1932.5,35%,assets/img/catalog/SWTTPL155.jpg,https://static.ctonline.mx/imagenes/SWTTPL155/SWTTPL155_400.jpg,gabinetes
SWTTPL160,"Switch Gigabit TP-Link No administrable (TL-SG1048) de (48) puertos 10/100/1000 Mbps, montaje en rack, gabinete de metál","Switch Gigabit TP-Link No administrable (TL-SG1048) de (48) puertos 10/100/1000 Mbps, montaje en rack, gabinete de metálico. Estándar de 19 pulgadas. Microsoft® Windows® 98SE, NT, 2000, XP, Vista™ or Windows 7, MAC® OS, NetWare®, UNIX® or Linux.",CONECTIVIDAD,SWITCH,254.55,6700.91,8376.14,https://static.ctonline.mx/imagenes/SWTTPL160/SWTTPL160_400.jpg,https://static.ctonline.mx/marcas/png/SWITCH.png,https://ctonline.mx/buscar/productos?b=SWTTPL160,,4963.64,6700.91,6365.86,35%,assets/img/catalog/SWTTPL160.jpg,https://static.ctonline.mx/imagenes/SWTTPL160/SWTTPL160_400.jpg,gabinetes
SWTTPL250,"Switch Gigabit TP-Link No administrable (TL-SG1016D) de (16) puertos 10/100/1000 Mbps, para escritorio, gabinete de metá","Switch Gigabit TP-Link No administrable (TL-SG1016D) de (16) puertos 10/100/1000 Mbps, para escritorio, gabinete de metálico. Microsoft® Windows® 98SE, NT, 2000, XP, Vista™ or Windows 7, MAC® OS, NetWare®, UNIX® or Linux.",CONECTIVIDAD,SWITCH,54.55,1435.91,1794.89,https://static.ctonline.mx/imagenes/SWTTPL250/SWTTPL250_400.jpg,https://static.ctonline.mx/marcas/png/SWITCH.png,https://ctonline.mx/buscar/productos?b=SWTTPL250,,1063.64,1435.91,1364.11,35%,assets/img/catalog/SWTTPL250.jpg,https://static.ctonline.mx/imagenes/SWTTPL250/SWTTPL250_400.jpg,gabinetes
SWTTPL700,"Switch Gigabit TP-Link No administrable (TL-SG116) de (16) puertos 10/100/1000 Mbps, para escritorio y montaje en pared,","Switch Gigabit TP-Link No administrable (TL-SG116) de (16) puertos 10/100/1000 Mbps, para escritorio y montaje en pared, gabinete metálico. Plug and play, no se necesita configuración. Tecnología Green Ethernet ahorra energía.",CONECTIVIDAD,SWITCH,51.14,1346.17,1682.71,https://static.ctonline.mx/imagenes/SWTTPL700/SWTTPL700_400.jpg,https://static.ctonline.mx/marcas/png/SWITCH.png,https://ctonline.mx/buscar/productos?b=SWTTPL700,,997.16,1346.17,1278.86,35%,assets/img/catalog/SWTTPL700.jpg,https://static.ctonline.mx/imagenes/SWTTPL700/SWTTPL700_400.jpg,gabinetes
SWTTPL710,"Switch Gigabit TP-Link No administrable (LS105G) de (5) puertos 10/100/1000 Mbps, para escritorio y montaje en pared, ga","Switch Gigabit TP-Link No administrable (LS105G) de (5) puertos 10/100/1000 Mbps, para escritorio y montaje en pared, gabinete metálico. Plug and play, no se necesita configuración. Tecnología Green Ethernet ahorra energía.",CONECTIVIDAD,SWITCH,11.93,314.1,392.62,https://static.ctonline.mx/imagenes/SWTTPL710/SWTTPL710_400.jpg,https://static.ctonline.mx/marcas/png/SWITCH.png,https://ctonline.mx/buscar/productos?b=SWTTPL710,,232.67,314.1,298.39,35%,assets/img/catalog/SWTTPL710.jpg,https://static.ctonline.mx/imagenes/SWTTPL710/SWTTPL710_400.jpg,gabinetes
SWTTPL720,"Switch Gigabit TP-Link No administrable (LS108G) de (8) puertos 10/100/1000 Mbps, para escritorio y montaje en pared, ga","Switch Gigabit TP-Link No administrable (LS108G) de (8) puertos 10/100/1000 Mbps, para escritorio y montaje en pared, gabinete metálico. Plug and play, no se necesita configuración. Tecnología Green Ethernet ahorra energía.",CONECTIVIDAD,SWITCH,19.32,508.55,635.69,https://static.ctonline.mx/imagenes/SWTTPL720/SWTTPL720_400.jpg,https://static.ctonline.mx/marcas/png/SWITCH.png,https://ctonline.mx/buscar/productos?b=SWTTPL720,,376.7,508.55,483.12,35%,assets/img/catalog/SWTTPL720.jpg,https://static.ctonline.mx/imagenes/SWTTPL720/SWTTPL720_400.jpg,gabinetes
SWTTPL790,Switch TP-Link No administrable 10/100Mbps POE (TL-SF1009P) de (8) puertos 10/100 Mbps POE + (1) puerto 10/100Mbps. admi,"Switch TP-Link No administrable 10/100Mbps POE (TL-SF1009P) de (8) puertos 10/100 Mbps POE + (1) puerto 10/100Mbps. admite alimentación PoE de hasta 30 W para cada puerto PoE, Alimentación PoE de hasta 65 W para 8 puertos PoE, Alcance de transmisión de datos y potencia de hasta 250 m en modo extendido gabinete metálico.",CONECTIVIDAD,SWITCH,35.23,927.36,1159.2,https://static.ctonline.mx/imagenes/SWTTPL790/SWTTPL790_400.jpg,https://static.ctonline.mx/marcas/png/SWITCH.png,https://ctonline.mx/buscar/productos?b=SWTTPL790,,686.93,927.36,880.99,35%,assets/img/catalog/SWTTPL790.jpg,https://static.ctonline.mx/imagenes/SWTTPL790/SWTTPL790_400.jpg,gabinetes
SWTTPL800,Switch TP-Link No administrable 10/100Mbps POE (TL-SF1006P) de (4) puertos 10/100 Mbps POE + (2) puerto 10/100Mbps. admi,"Switch TP-Link No administrable 10/100Mbps POE (TL-SF1006P) de (4) puertos 10/100 Mbps POE + (2) puerto 10/100Mbps. admite alimentación PoE de hasta 30 W para cada puerto PoE, Alimentación PoE de hasta 65 W para 8 puertos PoE, Alcance de transmisión de datos y potencia de hasta 250 m en modo extendido gabinete metálico.",CONECTIVIDAD,SWITCH,30.68,807.7,1009.62,https://static.ctonline.mx/imagenes/SWTTPL800/SWTTPL800_400.jpg,https://static.ctonline.mx/marcas/png/SWITCH.png,https://ctonline.mx/buscar/productos?b=SWTTPL800,,598.3,807.7,767.32,35%,assets/img/catalog/SWTTPL800.jpg,https://static.ctonline.mx/imagenes/SWTTPL800/SWTTPL800_400.jpg,gabinetes
SWTTPL810,Switch TP-Link administrable OMADA POE (TL-SG2210MP) de (8) puertos 10/100/1000 Mbps 802.3at / af POE+ y (2) Gigabit SFP,"Switch TP-Link administrable OMADA POE (TL-SG2210MP) de (8) puertos 10/100/1000 Mbps 802.3at / af POE+ y (2) Gigabit SFP. Fuente de alimentación de 150W PoE, Integrado en Omada SDN, Administración centralizada vía nube y monitorización inteligente. gabinete metálico.",CONECTIVIDAD,SWITCH,148.75,3915.85,4894.81,https://static.ctonline.mx/imagenes/SWTTPL810/SWTTPL810_400.jpg,https://static.ctonline.mx/marcas/png/SWITCH.png,https://ctonline.mx/buscar/productos?b=SWTTPL810,,2900.63,3915.85,3720.06,35%,assets/img/catalog/SWTTPL810.jpg,https://static.ctonline.mx/imagenes/SWTTPL810/SWTTPL810_400.jpg,gabinetes
SWTTPL820,"Switch TP-Link administrable OMADA POE (TL-SG2008P) de (4) puertos 10/100/1000 Mbps 802.3at / af POE+, (4) puertos 10/10","Switch TP-Link administrable OMADA POE (TL-SG2008P) de (4) puertos 10/100/1000 Mbps 802.3at / af POE+, (4) puertos 10/100/1000. Fuente de alimentación de 62W PoE, Integrado en Omada SDN, Administración centralizada vía nube y monitorización inteligente, gabinete metálico.",CONECTIVIDAD,SWITCH,90.0,2369.25,2961.56,https://static.ctonline.mx/imagenes/SWTTPL820/SWTTPL820_400.jpg,https://static.ctonline.mx/marcas/png/SWITCH.png,https://ctonline.mx/buscar/productos?b=SWTTPL820,,1755.0,2369.25,2250.79,35%,assets/img/catalog/SWTTPL820.jpg,https://static.ctonline.mx/imagenes/SWTTPL820/SWTTPL820_400.jpg,gabinetes
SWTTPL670,Switch Gigabit TP-Link No administrable POE (TL-SG1008MP) de (8) puertos 10/100/1000 Mbps POE. Fuente de alimentación de,"Switch Gigabit TP-Link No administrable POE (TL-SG1008MP) de (8) puertos 10/100/1000 Mbps POE. Fuente de alimentación de 126W PoE, gabinete metálico.",CONECTIVIDAD,SWITCH,87.5,2303.44,2879.3,https://static.ctonline.mx/imagenes/SWTTPL670/SWTTPL670_400.jpg,https://static.ctonline.mx/marcas/png/SWITCH.png,https://ctonline.mx/buscar/productos?b=SWTTPL670,,1706.25,2303.44,2188.27,35%,assets/img/catalog/SWTTPL670.jpg,https://static.ctonline.mx/imagenes/SWTTPL670/SWTTPL670_400.jpg,gabinetes
SWTTPL690,"Switch TP-Link No administrable POE (TL-SL1218MP) de (16) puertos 10/100 Mbps POE+, (2) puertos Gigabit y (2) Gigabit SF","Switch TP-Link No administrable POE (TL-SL1218MP) de (16) puertos 10/100 Mbps POE+, (2) puertos Gigabit y (2) Gigabit SFP. Fuente de alimentación de 194W PoE, gabinete metálico.",CONECTIVIDAD,SWITCH,146.59,3859.01,4823.76,https://static.ctonline.mx/imagenes/SWTTPL690/SWTTPL690_400.jpg,https://static.ctonline.mx/marcas/png/SWITCH.png,https://ctonline.mx/buscar/productos?b=SWTTPL690,,2858.53,3859.01,3666.06,35%,assets/img/catalog/SWTTPL690.jpg,https://static.ctonline.mx/imagenes/SWTTPL690/SWTTPL690_400.jpg,gabinetes
SWTTPL200,"Switch Fast Ethernet TP-Link No administrable POE (TL-SF1008P) de (8) puertos 10/100 Mbps, cuenta con (4) puertos POE, c","Switch Fast Ethernet TP-Link No administrable POE (TL-SF1008P) de (8) puertos 10/100 Mbps, cuenta con (4) puertos POE, consumo 5.8 watts (max. No PD conectado), consumo 58 watts (max. Con 54w PD conectado), fuente externa, gabinete metálico.",CONECTIVIDAD,SWITCH,33.52,882.49,1103.11,https://static.ctonline.mx/imagenes/SWTTPL200/SWTTPL200_400.jpg,https://static.ctonline.mx/marcas/png/SWITCH.png,https://ctonline.mx/buscar/productos?b=SWTTPL200,,653.69,882.49,838.37,35%,assets/img/catalog/SWTTPL200.jpg,https://static.ctonline.mx/imagenes/SWTTPL200/SWTTPL200_400.jpg,gabinetes
SWTTPL320,"Switch Gigabit TP-Link No administrable POE (TL-SG1008P) de (8) puertos 10/100/1000 Mbps, cuenta con (4) puertos POE, co","Switch Gigabit TP-Link No administrable POE (TL-SG1008P) de (8) puertos 10/100/1000 Mbps, cuenta con (4) puertos POE, consumo 5.8 watts (max. No PD conectado), consumo 58.8 watts (max. Con 53w PD conectado), fuente externa, gabinete metálico.",CONECTIVIDAD,SWITCH,36.36,957.28,1196.6,https://static.ctonline.mx/imagenes/SWTTPL320/SWTTPL320_400.jpg,https://static.ctonline.mx/marcas/png/SWITCH.png,https://ctonline.mx/buscar/productos?b=SWTTPL320,,709.09,957.28,909.42,35%,assets/img/catalog/SWTTPL320.jpg,https://static.ctonline.mx/imagenes/SWTTPL320/SWTTPL320_400.jpg,gabinetes
ACCTPL190,"Gabinete para convertidor de medios no gestionable (MC1400), para montaje en rack de 14 bahías, Fuente de alimentación r","Gabinete para convertidor de medios no gestionable (MC1400), para montaje en rack de 14 bahías, Fuente de alimentación redundante para asegurar la operación ininterrumpida fiable, intercambiables en caliente, fácil y rápido reemplazo de alimentación del convertidor y poder, Dos ventiladores Montados para una mejor ventilación, Estándar de 19 pulgadas, la altura de 2U.",CONECTIVIDAD,PARA,200.0,5265.0,6581.25,https://static.ctonline.mx/imagenes/ACCTPL190/ACCTPL190_400.jpg,https://static.ctonline.mx/marcas/png/PARA.png,https://ctonline.mx/buscar/productos?b=ACCTPL190,,3900.0,5265.0,5001.75,35%,assets/img/catalog/ACCTPL190.jpg,https://static.ctonline.mx/imagenes/ACCTPL190/ACCTPL190_400.jpg,gabinetes
ACCTPL1320,"Módulo de fuente de alimentación redundante OMADA (MCRP100) Fuente de alimentación de CA 100-240 V~ 50/60 Hz 1,8 A, Sali","Módulo de fuente de alimentación redundante OMADA (MCRP100) Fuente de alimentación de CA 100-240 V~ 50/60 Hz 1,8 A, Salida de potencia CC 12 V/6,25 A. El MCRP100 es compatible con el chasis de montaje en rack de 14 ranuras MC1400.",CONECTIVIDAD,MÓDULO,73.86,1944.46,2430.57,https://static.ctonline.mx/imagenes/ACCTPL1320/ACCTPL1320_400.jpg,https://static.ctonline.mx/marcas/png/MDULO.png,https://ctonline.mx/buscar/productos?b=ACCTPL1320,,1440.34,1944.46,1847.24,35%,assets/img/catalog/ACCTPL1320.jpg,https://static.ctonline.mx/imagenes/ACCTPL1320/ACCTPL1320_400.jpg,gabinetes
ACCTPL220,"Adaptador Inyector POE Marca TP-Link, (TL-POE150S) Distancia de hasta 100 metros, Datos y alimentación sobre el mismo ca","Adaptador Inyector POE Marca TP-Link, (TL-POE150S) Distancia de hasta 100 metros, Datos y alimentación sobre el mismo cable, plug and play, gabinete de plástico. Microsoft® Windows® 98SE, NT, 2000, XP, Vista™ or Windows 7, MAC® OS, NetWare®, UNIX® or Linux.",CONECTIVIDAD,ADAPTADOR,12.5,329.06,411.32,https://static.ctonline.mx/imagenes/ACCTPL220/ACCTPL220_400.jpg,https://static.ctonline.mx/marcas/png/ADAPTADOR.png,https://ctonline.mx/buscar/productos?b=ACCTPL220,,243.75,329.06,312.61,35%,assets/img/catalog/ACCTPL220.jpg,https://static.ctonline.mx/imagenes/ACCTPL220/ACCTPL220_400.jpg,gabinetes
ACCTPL010,"Convertidor de medios marca TP-LINK, (MC100CM) (1) 10/100 Mbps a 100 M multi-modo, SC interface, Full dúplex, distancia ","Convertidor de medios marca TP-LINK, (MC100CM) (1) 10/100 Mbps a 100 M multi-modo, SC interface, Full dúplex, distancia hasta 2 KM, gabinete montable.",CONECTIVIDAD,CONVERTIDOR,20.68,544.45,680.56,https://static.ctonline.mx/imagenes/ACCTPL010/ACCTPL010_400.jpg,https://static.ctonline.mx/marcas/png/CONVERTIDOR.png,https://ctonline.mx/buscar/productos?b=ACCTPL010,,403.3,544.45,517.23,35%,assets/img/catalog/ACCTPL010.jpg,https://static.ctonline.mx/imagenes/ACCTPL010/ACCTPL010_400.jpg,gabinetes
ACCTPL060,"Convertidor de medios gigabit marca TP-LINK, (MC220L) (1) 10/100/1000 Mbps a 1000 M mono-modo, LC interface, 1 slot SFP,","Convertidor de medios gigabit marca TP-LINK, (MC220L) (1) 10/100/1000 Mbps a 1000 M mono-modo, LC interface, 1 slot SFP, soporta MiniGBIC, gabinete montable.",CONECTIVIDAD,CONVERTIDOR,15.0,394.88,493.6,https://static.ctonline.mx/imagenes/ACCTPL060/ACCTPL060_400.jpg,https://static.ctonline.mx/marcas/png/CONVERTIDOR.png,https://ctonline.mx/buscar/productos?b=ACCTPL060,,292.5,394.88,375.14,35%,assets/img/catalog/ACCTPL060.jpg,https://static.ctonline.mx/imagenes/ACCTPL060/ACCTPL060_400.jpg,gabinetes
ACCTPL070,"Convertidor de medios marca TP-LINK, (MC110CS) (1) 10/100 Mbps a 100 M mono-modo, SC interface, Full dúplex, distancia h","Convertidor de medios marca TP-LINK, (MC110CS) (1) 10/100 Mbps a 100 M mono-modo, SC interface, Full dúplex, distancia hasta 20 KM, gabinete montable.",CONECTIVIDAD,CONVERTIDOR,20.68,544.45,680.56,https://static.ctonline.mx/imagenes/ACCTPL070/ACCTPL070_400.jpg,https://static.ctonline.mx/marcas/png/CONVERTIDOR.png,https://ctonline.mx/buscar/productos?b=ACCTPL070,,403.3,544.45,517.23,35%,assets/img/catalog/ACCTPL070.jpg,https://static.ctonline.mx/imagenes/ACCTPL070/ACCTPL070_400.jpg,gabinetes
ACCTPL080,"Convertidor de medios marca TP-LINK, (MC111CS) (1) 10/100 Mbps a 100 M mono-modo, SC interface, Full dúplex, Tx: 1550nm,","Convertidor de medios marca TP-LINK, (MC111CS) (1) 10/100 Mbps a 100 M mono-modo, SC interface, Full dúplex, Tx: 1550nm, Rx: 1310nm, distancia hasta 20 KM, gabinete montable, transmisor, requiere del TL-MC112CS.",CONECTIVIDAD,CONVERTIDOR,15.0,394.88,493.6,https://static.ctonline.mx/imagenes/ACCTPL080/ACCTPL080_400.jpg,https://static.ctonline.mx/marcas/png/CONVERTIDOR.png,https://ctonline.mx/buscar/productos?b=ACCTPL080,,292.5,394.88,375.14,35%,assets/img/catalog/ACCTPL080.jpg,https://static.ctonline.mx/imagenes/ACCTPL080/ACCTPL080_400.jpg,gabinetes
ACCTPL090,"Convertidor de medios marca TP-LINK, (MC112CS) (1) 10/100 Mbps a 100 M mono-modo, SC interface, Full dúplex, Tx: 1310nm,","Convertidor de medios marca TP-LINK, (MC112CS) (1) 10/100 Mbps a 100 M mono-modo, SC interface, Full dúplex, Tx: 1310nm, Rx: 1550nm, distancia hasta 20 KM, gabinete montable, receptor, requiere del TL-MC111CS.",CONECTIVIDAD,CONVERTIDOR,15.0,394.88,493.6,https://static.ctonline.mx/imagenes/ACCTPL090/ACCTPL090_400.jpg,https://static.ctonline.mx/marcas/png/CONVERTIDOR.png,https://ctonline.mx/buscar/productos?b=ACCTPL090,,292.5,394.88,375.14,35%,assets/img/catalog/ACCTPL090.jpg,https://static.ctonline.mx/imagenes/ACCTPL090/ACCTPL090_400.jpg,gabinetes
ACCTPL100,"Convertidor de medios gigabit marca TP-LINK, (MC200CM) (1) 10/100/1000 Mbps a 1000 M multimodo, SC interface, Full dúple","Convertidor de medios gigabit marca TP-LINK, (MC200CM) (1) 10/100/1000 Mbps a 1000 M multimodo, SC interface, Full dúplex, distancia hasta 550m, gabinete montable.",CONECTIVIDAD,CONVERTIDOR,30.0,789.75,987.19,https://static.ctonline.mx/imagenes/ACCTPL100/ACCTPL100_400.jpg,https://static.ctonline.mx/marcas/png/CONVERTIDOR.png,https://ctonline.mx/buscar/productos?b=ACCTPL100,,585.0,789.75,750.26,35%,assets/img/catalog/ACCTPL100.jpg,https://static.ctonline.mx/imagenes/ACCTPL100/ACCTPL100_400.jpg,gabinetes
ACCTPL110,"Convertidor de medios gigabit marca TP-LINK, (MC210CS) (1) 10/100/1000 Mbps a 1000 M mono-modo, SC interface, Full dúple","Convertidor de medios gigabit marca TP-LINK, (MC210CS) (1) 10/100/1000 Mbps a 1000 M mono-modo, SC interface, Full dúplex, distancia hasta 15Km, gabinete montable.",CONECTIVIDAD,CONVERTIDOR,27.5,723.93,904.91,https://static.ctonline.mx/imagenes/ACCTPL110/ACCTPL110_400.jpg,https://static.ctonline.mx/marcas/png/CONVERTIDOR.png,https://ctonline.mx/buscar/productos?b=ACCTPL110,,536.25,723.93,687.73,35%,assets/img/catalog/ACCTPL110.jpg,https://static.ctonline.mx/imagenes/ACCTPL110/ACCTPL110_400.jpg,gabinetes
SWTMER010,"Mini Switch Mercusys No administrable (MS108) de (8) puertos 10/100 Mbps, para escritorio, gabinete de platico.","Mini Switch Mercusys No administrable (MS108) de (8) puertos 10/100 Mbps, para escritorio, gabinete de platico.",CONECTIVIDAD,MINI,5.41,142.3,177.88,https://static.ctonline.mx/imagenes/SWTMER010/SWTMER010_400.jpg,https://static.ctonline.mx/marcas/png/MINI.png,https://ctonline.mx/buscar/productos?b=SWTMER010,,105.41,142.3,135.19,35%,assets/img/catalog/SWTMER010.jpg,https://static.ctonline.mx/imagenes/SWTMER010/SWTMER010_400.jpg,gabinetes
SWTMER020,"Mini Switch Mercusys No administrable (MS105) de (5) puertos RJ45 de  10/100 Mbps, diseño para  escritorio,plug and play","Mini Switch Mercusys No administrable (MS105) de (5) puertos RJ45 de  10/100 Mbps, diseño para  escritorio,plug and play , gabinete de plastico.",CONECTIVIDAD,MINI,4.32,113.83,142.29,https://static.ctonline.mx/imagenes/SWTMER020/SWTMER020_400.jpg,https://static.ctonline.mx/marcas/png/MINI.png,https://ctonline.mx/buscar/productos?b=SWTMER020,,84.32,113.83,108.14,35%,assets/img/catalog/SWTMER020.jpg,https://static.ctonline.mx/imagenes/SWTMER020/SWTMER020_400.jpg,gabinetes
SWTMER030,"Mini Switch Mercusys No administrable (MS105G) de (5) puertos RJ45 de 10/100/1000 Mbps, diseño para escritorio,plug and ","Mini Switch Mercusys No administrable (MS105G) de (5) puertos RJ45 de 10/100/1000 Mbps, diseño para escritorio,plug and play , gabinete de plastico.",CONECTIVIDAD,MINI,6.45,169.79,212.24,https://static.ctonline.mx/imagenes/SWTMER030/SWTMER030_400.jpg,https://static.ctonline.mx/marcas/png/MINI.png,https://ctonline.mx/buscar/productos?b=SWTMER030,,125.77,169.79,161.3,35%,assets/img/catalog/SWTMER030.jpg,https://static.ctonline.mx/imagenes/SWTMER030/SWTMER030_400.jpg,gabinetes
SWTMER040,"Switch Mercusys No administrable (MS108G) de (8) puertos RJ45 de 10/100/1000 Mbps, diseño para escritorio, plug and play","Switch Mercusys No administrable (MS108G) de (8) puertos RJ45 de 10/100/1000 Mbps, diseño para escritorio, plug and play, gabinete de plastico.",CONECTIVIDAD,SWITCH,11.82,311.29,389.11,https://static.ctonline.mx/imagenes/SWTMER040/SWTMER040_400.jpg,https://static.ctonline.mx/marcas/png/SWITCH.png,https://ctonline.mx/buscar/productos?b=SWTMER040,,230.58,311.29,295.73,35%,assets/img/catalog/SWTMER040.jpg,https://static.ctonline.mx/imagenes/SWTMER040/SWTMER040_400.jpg,gabinetes
SWTITL330,Switch de Escritorio Gigabit Ethernet de 5 puertos (530378) INTELLINET Este switch incluye cinco puertos de Ethernet Gig,"Switch de Escritorio Gigabit Ethernet de 5 puertos (530378) INTELLINET Este switch incluye cinco puertos de Ethernet Gigabit, proporcionándote un alto rendimiento en tu red para manejar velocidades de transferencia rápidas. El cruce automático MDI/MDI-X en todos los puertos elimina la necesidad de cables cruzados. Puertos 10/ 100/ 1000 Auto MDI-X detectan automáticamente las velocidades óptimas de la red. La tecnología de ahorro de energía Green Ethernet desactiva el consumo de energía en los puertos no utilizados, y ajusta lo niveles de energía dependiendo del largo del cable.  Soporta tramas Jumbo hasta 9 kBytes. Gabinete metálico resistente para una máxima durabilidad y sin ventiladores, ideal para una operación silente.  Totalmente compatible con la NDAA. No se requiere configuración, por lo que la instalación es Plug and Play y sin complicaciones.",CONECTIVIDAD,SWITCH,14.14,372.31,465.39,https://static.ctonline.mx/imagenes/SWTITL330/SWTITL330_400.jpg,https://static.ctonline.mx/marcas/png/SWITCH.png,https://ctonline.mx/buscar/productos?b=SWTITL330,,275.79,372.31,353.69,35%,assets/img/catalog/SWTITL330.jpg,https://static.ctonline.mx/imagenes/SWTITL330/SWTITL330_400.jpg,gabinetes
SWTITL440,561167 Switch Administrable Gigabit Ethernet de 8 puertos PoE+ con 2 puertos SFP: Cumple con el estándar Power over Ethe,"561167 Switch Administrable Gigabit Ethernet de 8 puertos PoE+ con 2 puertos SFP: Cumple con el estándar Power over Ethernet IEEE 802.3at/af, 140 W, Endspan, para escritorio y montaje en rack de 19"" ; Proporciona alimentación y conmutación de datos hasta para ocho dispositivos PoE,  Ahorre tiempo y dinero al enviar datos y alimentación sobre el mismo cable de red, Compatible con Domotz para la gestión de la nube (puede requerir una actualización de firmware) Estándares: IEEE 802.1d (Protocolo Spanning Tree), IEEE 802.1p (Priorización de tráfico), IEEE 802.1q (Marcado VLAN),IEEE 802.1s (Multiple Spanning Tree Protocol), IEEE 802.1w (Protocolo Rapid Spanning Tree), IEEE 802.3ad (Agregación de Enlaces),IEEE 802.3 (10Base-T Ethernet), IEEE 802.3ab (Gigabit Ethernet en Par Trenzado),IEEE 802.3ad (Link Aggregation Control Protocol LACP), IEEE 802.3af (Power over Ethernet 802.3at Tipo 1),IEEE 802.3at (Power over Ethernet 802.3at Tipo 2), IEEE 802.3az (Energy Efficient Ethernet EEE), IEEE 802.3u (100Base-TX Fast Ethernet), IEEE 802.3x (Control de flujo, para un modo dúplex completo); MEDIDAS: (L x A x A) 180 x 280 x 44 mm; Peso: 1.6 kg;  Gabinete Metálico.; 3 Años de Garantía Directo con Fabricante",CONECTIVIDAD,561167,158.24,4165.71,5207.14,https://static.ctonline.mx/imagenes/SWTITL440/SWTITL440_400.jpg,https://static.ctonline.mx/marcas/png/561167.png,https://ctonline.mx/buscar/productos?b=SWTITL440,,3085.71,4165.71,3957.42,35%,assets/img/catalog/SWTITL440.jpg,https://static.ctonline.mx/imagenes/SWTITL440/SWTITL440_400.jpg,gabinetes
SWTITL580,"561891 Switch PoE+ de 24 puertos Gigabit con 2 puertos SFP 370W +: Compatible con IEEE 802.3at/af (PoE+/PoE), presupuest","561891 Switch PoE+ de 24 puertos Gigabit con 2 puertos SFP 370W +: Compatible con IEEE 802.3at/af (PoE+/PoE), presupuesto de energía PoE de 370 W, dos ranuras SFP de 1Gb, montaje en rack de 19""; Suministra energía y datos en 24 dispositivos de red PoE/PoE+, Dos módulos SFP (small form-factor pluggable) de 1Gb, Presupuesto de energía PoE de 370 watts, Estándares: IEEE 802.3 (10Base-T Ethernet), IEEE 802.3ab (Gigabit Ethernet en Par Trenzado), IEEE 802.3az (Energy Efficient Ethernet EEE), IEEE 802.3af (Power over Ethernet 802.3at Tipo 1), IEEE 802.3at (Power over Ethernet 802.3at Tipo 2),IEEE 802.3u (100Base-TX Fast Ethernet), IEEE 802.3x (control de flujo para modo full dúplex); MEDIDAS: (L x A x A) 208 x 440 x 44 mm; Peso: 3.37kg;  Gabinete Metálico.; 3 Años de Garantía Directo con Fabricante",CONECTIVIDAD,561891,275.93,7263.96,9079.95,https://static.ctonline.mx/imagenes/SWTITL580/SWTITL580_400.jpg,https://static.ctonline.mx/marcas/png/561891.png,https://ctonline.mx/buscar/productos?b=SWTITL580,,5380.71,7263.96,6900.76,35%,assets/img/catalog/SWTITL580.jpg,https://static.ctonline.mx/imagenes/SWTITL580/SWTITL580_400.jpg,gabinetes
SWTITL590,"561907 24-Port Gigabit Ethernet PoE+ Switch with 2 SFP Ports 370W +: Compatible con IEEE 802.3at/af (PoE+/PoE), presupue","561907 24-Port Gigabit Ethernet PoE+ Switch with 2 SFP Ports 370W +: Compatible con IEEE 802.3at/af (PoE+/PoE), presupuesto de energía PoE de 370 W, dos ranuras SFP de 1Gb,modo PoE Extend, montaje en rack de 19""; Suministra energía y datos en 24 dispositivos de red PoE/PoE+, Dos módulos SFP (small form-factor pluggable) de 1Gb, Presupuesto de energía de 370 watts (Power Budget)  Estándares: IEEE 802.3 (Ethernet 10Base-T), IEEE 802.3ab (Ethernet Gigabit de par trenzado), IEEE 802.3az (Ethernet con eficiencia energética EEE), IEEE 802.3af (Power over Ethernet 802.3at Tipo 1), IEEE 802.3at (Power over Ethernet 802.3at Tipo 2), IEEE 802.3u (100Base-TX Fast Ethernet), IEEE 802.3x (control de flujo para el modo dúplex completo); MEDIDAS: (L x A x A) 207 x 440 x 44 mm; Peso: 3.37kg;  Gabinete Metálico.; 3 Años de Garantía Directo con Fabricante",CONECTIVIDAD,561907,256.15,6743.25,8429.06,https://static.ctonline.mx/imagenes/SWTITL590/SWTITL590_400.jpg,https://static.ctonline.mx/marcas/png/561907.png,https://ctonline.mx/buscar/productos?b=SWTITL590,,4995.0,6743.25,6406.09,35%,assets/img/catalog/SWTITL590.jpg,https://static.ctonline.mx/imagenes/SWTITL590/SWTITL590_400.jpg,gabinetes
SWTITL600,561426 Switch Administrable 24 puertos PoE+ con 4 puertos SFP Gigabit: Switch Administrable 24 puertos PoE+ con 4 puerto,"561426 Switch Administrable 24 puertos PoE+ con 4 puertos SFP Gigabit: Switch Administrable 24 puertos PoE+ con 4 puertos Gigabit SFP, IEEE 802.3at/af Power over Ethernet (PoE+/PoE), 370 W, Endspan, Montaje en rack 19"", Proporciona una conexión con energía y datos para 24 dispositivos de red PoE, Ahorra costos de instalación, suministra datos y energía sobre los cables de red existentes, Compatible con Domotz para la gestión de la nube (puede requerir una actualización de firmware), Estándares: IEEE 802.1p (Prioridad de Tráfico), IEEE 802.1q (VLAN Basada en etiquetas), IEEE 802.1w (Protocolo Rápido Spanning tree), IEEE 802.3ad (Link Aggregation), IEEE 802.3 (10Base-T Ethernet), IEEE 802.3ab (Gigabit Ethernet para par trenzado), IEEE 802.3ad (Link Aggregation Control Protocol LACP), IEEE 802.3af (Power over Ethernet 802.3at Clase 1), IEEE 802.3at (Power over Ethernet 802.3at Clase 2), IEEE 802.3u (100Base-TX Fast Ethernet), IEEE 802.3x (Control de flujo, para modo full dúplex); MEDIDAS: (L x A x A) 208 x 440 x 44 mm; Peso: 4.7kg;  Gabinete Metálico.; 3 Años de Garantía Directo con Fabricante",CONECTIVIDAD,561426,360.99,9503.04,11878.8,https://static.ctonline.mx/imagenes/SWTITL600/SWTITL600_400.jpg,https://static.ctonline.mx/marcas/png/561426.png,https://ctonline.mx/buscar/productos?b=SWTITL600,,7039.29,9503.04,9027.89,35%,assets/img/catalog/SWTITL600.jpg,https://static.ctonline.mx/imagenes/SWTITL600/SWTITL600_400.jpg,gabinetes
SWTITL610,"561273 Switch Gigabit Ethernet de 24 puertos: 24 puertos RJ45 10/ 100/ 1000 Mbps, IEEE 802.3az Ethernet Eficiente en Ene","561273 Switch Gigabit Ethernet de 24 puertos: 24 puertos RJ45 10/ 100/ 1000 Mbps, IEEE 802.3az Ethernet Eficiente en Energía, para Escritorio, para montaje en rack de 19"", Puertos 10/100/1000 autosentitivos que automáticamente detectan las velocidades óptimas de la red, Todos los puertos RJ45 cuentan con soporte MDI-MDIX (uplink- automático), Para su uso en escritorio o montaje en rack estándar de 19"" Estándares: IEEE 802.3 (10Base-T Ethernet), IEEE 802.3ab (Gigabit Ethernet en Par Trenzado), IEEE 802.3az (Energy Efficient Ethernet EEE), IEEE 802.3u (100Base-TX Fast Ethernet), IEEE 802.3x (control de flujo, modo full dúplex); MEDIDAS: (L x A x A) 180 x 280 x 44 mm; Peso: 2.6 kg;  Gabinete Metálico.; 3 Años de Garantía Directo con Fabricante",CONECTIVIDAD,561273,78.13,2056.82,2571.03,https://static.ctonline.mx/imagenes/SWTITL610/SWTITL610_400.jpg,https://static.ctonline.mx/marcas/png/561273.png,https://ctonline.mx/buscar/productos?b=SWTITL610,,1523.57,2056.82,1953.98,35%,assets/img/catalog/SWTITL610.jpg,https://static.ctonline.mx/imagenes/SWTITL610/SWTITL610_400.jpg,gabinetes
RCKACC2380,"GABINETE MURAL DE 19"",12U, FLATPACK (711883)  Gabinete Mural de 19"",12U,Flatpack (711883) INTELLINET Gabinete mural 19"" ","GABINETE MURAL DE 19"",12U, FLATPACK (711883)  Gabinete Mural de 19"",12U,Flatpack (711883) INTELLINET Gabinete mural 19"" Intellinet 12U, 600 mm de profundidad, presentación FlatPack para ensamblar. Puerta de cristal templado con apertura mayor a 180°, paneles laterales desmontables y entrada de cables superior/posterior. Fabricado en acero SPCC, carga máxima 60 kg.",CONECTIVIDAD,MURAL,185.88,4893.27,6116.59,https://static.ctonline.mx/imagenes/RCKACC2380/RCKACC2380_400.jpg,https://static.ctonline.mx/marcas/png/MURAL.png,https://ctonline.mx/buscar/productos?b=RCKACC2380,,3624.64,4893.27,4648.61,35%,assets/img/catalog/RCKACC2380.jpg,https://static.ctonline.mx/imagenes/RCKACC2380/RCKACC2380_400.jpg,gabinetes
RCKACC2480,"GABINETE MURAL DE 19"",15U, FLATPACK 600m (713887) Gabinete mural abatible 19"" (713887) INTELLINET 15U, 600 mm de profund","GABINETE MURAL DE 19"",15U, FLATPACK 600m (713887) Gabinete mural abatible 19"" (713887) INTELLINET 15U, 600 mm de profundidad, presentación FlatPack para ensamblar. Ideal para instalaciones de red en rack estándar de 19"", permite fácil acceso al cableado gracias a su diseño abatible. Fabricado en acero resistente, color negro, con capacidad de carga estática de hasta 30 kg.",CONECTIVIDAD,MURAL,221.37,5827.66,7284.57,https://static.ctonline.mx/imagenes/RCKACC2480/RCKACC2480_400.jpg,https://static.ctonline.mx/marcas/png/MURAL.png,https://ctonline.mx/buscar/productos?b=RCKACC2480,,4316.79,5827.66,5536.28,35%,assets/img/catalog/RCKACC2480.jpg,https://static.ctonline.mx/imagenes/RCKACC2480/RCKACC2480_400.jpg,gabinetes
RCKACC2370,"GABINETE DE MONTAJE EN PARED 19"",12U 570x450 (711869) Gabinete mural 19""(711869) INTELLINET 12U, profundidad 450 mm (17.","GABINETE DE MONTAJE EN PARED 19"",12U 570x450 (711869) Gabinete mural 19""(711869) INTELLINET 12U, profundidad 450 mm (17.7 pulg.), presentación FlatPack para ensamblar. Fabricado con paneles de acero resistentes y puerta frontal reversible. Diseñado para aplicaciones de rack estándar de 19"", con profundidad útil de instalación de 270 a 350 mm y capacidad de carga estática de hasta 60 kg.",CONECTIVIDAD,DE,180.27,4745.73,5932.16,https://static.ctonline.mx/imagenes/RCKACC2370/RCKACC2370_400.jpg,https://static.ctonline.mx/marcas/png/DE.png,https://ctonline.mx/buscar/productos?b=RCKACC2370,,3515.36,4745.73,4508.44,35%,assets/img/catalog/RCKACC2370.jpg,https://static.ctonline.mx/imagenes/RCKACC2370/RCKACC2370_400.jpg,gabinetes
RCKACC2340,"GABINETE MURAL DE 19"" 6U ENSAMBLADO 600x450 (711739) Gabinete mural 19"" (711739) INTELLINET 6U, 450 mm de profundidad, d","GABINETE MURAL DE 19"" 6U ENSAMBLADO 600x450 (711739) Gabinete mural 19"" (711739) INTELLINET 6U, 450 mm de profundidad, diseño de 4 postes y entrega ensamblada. Fabricado en color negro, ideal para aplicaciones de montaje en rack estándar de 19"". Ofrece profundidad útil ajustable de 62 a 369 mm y soporta una carga estática máxima de 60 kg.",CONECTIVIDAD,MURAL,146.65,3860.52,4825.65,https://static.ctonline.mx/imagenes/RCKACC2340/RCKACC2340_400.jpg,https://static.ctonline.mx/marcas/png/MURAL.png,https://ctonline.mx/buscar/productos?b=RCKACC2340,,2859.64,3860.52,3667.49,35%,assets/img/catalog/RCKACC2340.jpg,https://static.ctonline.mx/imagenes/RCKACC2340/RCKACC2340_400.jpg,gabinetes
RCKACC2400,"GABINETE 19""MURAL FLATPACK 15U 570x450 (711937) Gabinete mural 19"" (154499) INTELLINET 15U, profundidad 450 mm, presenta","GABINETE 19""MURAL FLATPACK 15U 570x450 (711937) Gabinete mural 19"" (154499) INTELLINET 15U, profundidad 450 mm, presentación FlatPack (sin ensamblar). Fabricado en color negro, ideal para aplicaciones de montaje en rack estándar de 19"". Cuenta con profundidad útil de instalación de 270 a 350 mm y soporta una carga estática máxima de 60 kg.",CONECTIVIDAD,"19""MURAL",212.03,5581.77,6977.21,https://static.ctonline.mx/imagenes/RCKACC2400/RCKACC2400_400.jpg,https://static.ctonline.mx/marcas/png/19MURAL.png,https://ctonline.mx/buscar/productos?b=RCKACC2400,,4134.64,5581.77,5302.68,35%,assets/img/catalog/RCKACC2400.jpg,https://static.ctonline.mx/imagenes/RCKACC2400/RCKACC2400_400.jpg,gabinetes
RCKACC2390,"GABINETE 19""MURAL FLATPACK 15U 570x450 (711906) Gabinete mural para rack de 19"" (711906) ,12U y 450 mm de profundidad, d","GABINETE 19""MURAL FLATPACK 15U 570x450 (711906) Gabinete mural para rack de 19"" (711906) ,12U y 450 mm de profundidad, diseñado para equipos de red y telecomunicaciones. Fabricado en acero resistente con capacidad de carga de hasta 60 kg y profundidad útil ajustable de 62 a 369 mm. Ideal para instalaciones en pared y se entrega completamente ensamblado.",CONECTIVIDAD,"19""MURAL",159.73,4204.77,5255.96,https://static.ctonline.mx/imagenes/RCKACC2390/RCKACC2390_400.jpg,https://static.ctonline.mx/marcas/png/19MURAL.png,https://ctonline.mx/buscar/productos?b=RCKACC2390,,3114.64,4204.77,3994.53,35%,assets/img/catalog/RCKACC2390.jpg,https://static.ctonline.mx/imagenes/RCKACC2390/RCKACC2390_400.jpg,gabinetes
RCKACC2360,"GABINETE MURAL ABATIBLE 19"",9U (711845) Gabinete mural abatible para rack de 19"" (711845) 9U y 550 mm de profundidad, id","GABINETE MURAL ABATIBLE 19"",9U (711845) Gabinete mural abatible para rack de 19"" (711845) 9U y 550 mm de profundidad, ideal para equipos y accesorios de red. Cuenta con profundidad útil de 425 mm y capacidad de carga de hasta 30 kg. Fabricado en acero resistente y se entrega completamente ensamblado para fácil instalación.",CONECTIVIDAD,MURAL,172.8,4549.02,5686.28,https://static.ctonline.mx/imagenes/RCKACC2360/RCKACC2360_400.jpg,https://static.ctonline.mx/marcas/png/MURAL.png,https://ctonline.mx/buscar/productos?b=RCKACC2360,,3369.64,4549.02,4321.57,35%,assets/img/catalog/RCKACC2360.jpg,https://static.ctonline.mx/imagenes/RCKACC2360/RCKACC2360_400.jpg,gabinetes
RCKACC2460,"GABINETE MURAL ABATIBLE 19"",9U FALTPACK (713849) Gabinete mural abatible para rack de 19"" (713849) 9U y 600 mm de profun","GABINETE MURAL ABATIBLE 19"",9U FALTPACK (713849) Gabinete mural abatible para rack de 19"" (713849) 9U y 600 mm de profundidad. Presentación FlatPack para ensamblar, ideal para equipos de red y telecomunicaciones. Fabricado en acero resistente con capacidad de carga de hasta 30 kg, diseñado para optimizar espacio en instalaciones de pared.",CONECTIVIDAD,MURAL,180.27,4745.73,5932.16,https://static.ctonline.mx/imagenes/RCKACC2460/RCKACC2460_400.jpg,https://static.ctonline.mx/marcas/png/MURAL.png,https://ctonline.mx/buscar/productos?b=RCKACC2460,,3515.36,4745.73,4508.44,35%,assets/img/catalog/RCKACC2460.jpg,https://static.ctonline.mx/imagenes/RCKACC2460/RCKACC2460_400.jpg,gabinetes
RCKACC2430,"GABINETE MURAL ENSAMBLADO 19"",12U (712088) Gabinete mural para rack de 19"" (712088) 12U y 600 mm de profundidad, ideal p","GABINETE MURAL ENSAMBLADO 19"",12U (712088) Gabinete mural para rack de 19"" (712088) 12U y 600 mm de profundidad, ideal para equipos de red y telecomunicaciones. Cuenta con capacidad de carga de hasta 60 kg y profundidad útil ajustable de 212 a 519 mm. Fabricado en acero resistente y se entrega completamente ensamblado para fácil instalación.",CONECTIVIDAD,MURAL,189.62,4991.63,6239.54,https://static.ctonline.mx/imagenes/RCKACC2430/RCKACC2430_400.jpg,https://static.ctonline.mx/marcas/png/MURAL.png,https://ctonline.mx/buscar/productos?b=RCKACC2430,,3697.5,4991.63,4742.05,35%,assets/img/catalog/RCKACC2430.jpg,https://static.ctonline.mx/imagenes/RCKACC2430/RCKACC2430_400.jpg,gabinetes
RCKACC2470,"GABINETE MURAL ABATIBLE 19"",12U FLATPACK (713863) Gabinete mural abatible para rack de 19"" (713863) 12U y 600 mm de prof","GABINETE MURAL ABATIBLE 19"",12U FLATPACK (713863) Gabinete mural abatible para rack de 19"" (713863) 12U y 600 mm de profundidad. Presentación FlatPack para ensamblar, ideal para equipos de red y telecomunicaciones. Fabricado en acero resistente con capacidad de carga de hasta 30 kg, diseñado para optimizar espacio en instalaciones de pared.",CONECTIVIDAD,MURAL,198.96,5237.52,6546.9,https://static.ctonline.mx/imagenes/RCKACC2470/RCKACC2470_400.jpg,https://static.ctonline.mx/marcas/png/MURAL.png,https://ctonline.mx/buscar/productos?b=RCKACC2470,,3879.64,5237.52,4975.64,35%,assets/img/catalog/RCKACC2470.jpg,https://static.ctonline.mx/imagenes/RCKACC2470/RCKACC2470_400.jpg,gabinetes
RCKACC2410,"GABINETE MURAL ABATIBLE 19"",15U (712019)Gabinete mural abatible para rack de 19"" (712019) 15U y 550 mm de profundidad, i","GABINETE MURAL ABATIBLE 19"",15U (712019)Gabinete mural abatible para rack de 19"" (712019) 15U y 550 mm de profundidad, ideal para equipos y accesorios de red. Cuenta con profundidad útil ajustable de 62 a 369 mm y capacidad de carga de hasta 30 kg. Fabricado en acero resistente y se entrega completamente ensamblado para fácil instalación.",CONECTIVIDAD,MURAL,221.37,5827.66,7284.57,https://static.ctonline.mx/imagenes/RCKACC2410/RCKACC2410_400.jpg,https://static.ctonline.mx/marcas/png/MURAL.png,https://ctonline.mx/buscar/productos?b=RCKACC2410,,4316.79,5827.66,5536.28,35%,assets/img/catalog/RCKACC2410.jpg,https://static.ctonline.mx/imagenes/RCKACC2410/RCKACC2410_400.jpg,gabinetes
RCKACC2420,"GABINETE MURAL DE 19"",9U ENSAMBLADO (712071) Gabinete mural para rack de 19"" (712071) 9U y 600 mm de profundidad, ideal ","GABINETE MURAL DE 19"",9U ENSAMBLADO (712071) Gabinete mural para rack de 19"" (712071) 9U y 600 mm de profundidad, ideal para equipos de red y telecomunicaciones. Cuenta con capacidad de carga de hasta 60 kg y profundidad útil ajustable de 212 a 519 mm. Fabricado en acero resistente y se entrega completamente ensamblado para fácil instalación.",CONECTIVIDAD,MURAL,200.82,5286.69,6608.36,https://static.ctonline.mx/imagenes/RCKACC2420/RCKACC2420_400.jpg,https://static.ctonline.mx/marcas/png/MURAL.png,https://ctonline.mx/buscar/productos?b=RCKACC2420,,3916.07,5286.69,5022.36,35%,assets/img/catalog/RCKACC2420.jpg,https://static.ctonline.mx/imagenes/RCKACC2420/RCKACC2420_400.jpg,gabinetes
RCKACC2350,"GABINETE MURAL 19"".9U (711777) Gabinete para rack de 19"" (711777) diseñado para equipos de red y telecomunicaciones, con","GABINETE MURAL 19"".9U (711777) Gabinete para rack de 19"" (711777) diseñado para equipos de red y telecomunicaciones, con capacidad de carga de hasta 60 kg y profundidad útil ajustable de 270 a 350 mm. Cuenta con puerta de vidrio templado con apertura mayor a 180°, entrada de cables superior o posterior y paneles laterales desmontables. Fabricado en acero SPCC resistente y se envía desarmado para ensamblaje.",CONECTIVIDAD,MURAL,159.73,4204.77,5255.96,https://static.ctonline.mx/imagenes/RCKACC2350/RCKACC2350_400.jpg,https://static.ctonline.mx/marcas/png/MURAL.png,https://ctonline.mx/buscar/productos?b=RCKACC2350,,3114.64,4204.77,3994.53,35%,assets/img/catalog/RCKACC2350.jpg,https://static.ctonline.mx/imagenes/RCKACC2350/RCKACC2350_400.jpg,gabinetes
RCKACC2450,"PANEL PASA CABLE CON CEPILLO 1U,19"" (712767) Panel pasacables horizontal de 19""(712767) 1U con cepillo, diseñado para or","PANEL PASA CABLE CON CEPILLO 1U,19"" (712767) Panel pasacables horizontal de 19""(712767) 1U con cepillo, diseñado para organizar y proteger el cableado en racks de red. Fabricado en acero de 1.5 mm con recubrimiento antiestático contra polvo, ideal para mantener una gestión de cables ordenada y segura en gabinetes y racks.",CONECTIVIDAD,PANEL,6.08,159.98,199.97,https://static.ctonline.mx/imagenes/RCKACC2450/RCKACC2450_400.jpg,https://static.ctonline.mx/marcas/png/PANEL.png,https://ctonline.mx/buscar/productos?b=RCKACC2450,,118.5,159.98,151.98,35%,assets/img/catalog/RCKACC2450.jpg,https://static.ctonline.mx/imagenes/RCKACC2450/RCKACC2450_400.jpg,gabinetes
RCKACC2500,"CHAROLA CON RIELES AJUSTABLES,19U (714112) Charola para rack de 19"" (714112) rieles ajustables y profundidad extensible ","CHAROLA CON RIELES AJUSTABLES,19U (714112) Charola para rack de 19"" (714112) rieles ajustables y profundidad extensible de 550 a 750 mm, ideal para gabinetes de red de 800 mm de profundidad. Diseño fijo de 1U con capacidad de carga de hasta 20 kg, compatible con la mayoría de racks y gabinetes estándar. Fabricada en acero resistente para una instalación segura.",CONECTIVIDAD,CHAROLA,31.76,836.04,1045.05,https://static.ctonline.mx/imagenes/RCKACC2500/RCKACC2500_400.jpg,https://static.ctonline.mx/marcas/png/CHAROLA.png,https://ctonline.mx/buscar/productos?b=RCKACC2500,,619.29,836.04,794.24,35%,assets/img/catalog/RCKACC2500.jpg,https://static.ctonline.mx/imagenes/RCKACC2500/RCKACC2500_400.jpg,gabinetes
RCKACC2320,"ORGANIZADOR HORIZONTAL DE CABLE 19"",4 ANILLOS CORTOS (711050) Organizador horizontal de cables para rack de 19""(711050) ","ORGANIZADOR HORIZONTAL DE CABLE 19"",4 ANILLOS CORTOS (711050) Organizador horizontal de cables para rack de 19""(711050) con 4 anillos cortos de plástico y tamaño de 1U. Diseñado para mantener el cableado ordenado y bien distribuido dentro de gabinetes y racks de red, facilitando la gestión y el acceso a los cables.",CONECTIVIDAD,ORGANIZADOR,6.08,159.98,199.97,https://static.ctonline.mx/imagenes/RCKACC2320/RCKACC2320_400.jpg,https://static.ctonline.mx/marcas/png/ORGANIZADOR.png,https://ctonline.mx/buscar/productos?b=RCKACC2320,,118.5,159.98,151.98,35%,assets/img/catalog/RCKACC2320.jpg,https://static.ctonline.mx/imagenes/RCKACC2320/RCKACC2320_400.jpg,gabinetes
RCKACC2330,"ORGANIZADORS HORIZONTAL DE CABLES 19"", 4 ANILLOS LARGOS (711074) Organizador horizontal de cables para rack de 19""(71107","ORGANIZADORS HORIZONTAL DE CABLES 19"", 4 ANILLOS LARGOS (711074) Organizador horizontal de cables para rack de 19""(711074) con 4 anillos largos de plástico y tamaño de 1U. Diseñado para mantener el cableado ordenado y bien distribuido dentro de gabinetes y racks de red, facilitando la organización y el acceso a los cables.",CONECTIVIDAD,ORGANIZADORS,7.01,184.56,230.7,https://static.ctonline.mx/imagenes/RCKACC2330/RCKACC2330_400.jpg,https://static.ctonline.mx/marcas/png/ORGANIZADORS.png,https://ctonline.mx/buscar/productos?b=RCKACC2330,,136.71,184.56,175.33,35%,assets/img/catalog/RCKACC2330.jpg,https://static.ctonline.mx/imagenes/RCKACC2330/RCKACC2330_400.jpg,gabinetes
RCKACC2490,"CHAROLA FIJA DE 19"" CON RIELES VARIABLES PARA MONTAJE (714082) Charola fija para rack de 19""(714082)con rieles ajustable","CHAROLA FIJA DE 19"" CON RIELES VARIABLES PARA MONTAJE (714082) Charola fija para rack de 19""(714082)con rieles ajustables y profundidad extensible de 350 a 550 mm, ideal para gabinetes de red de 600 mm de profundidad. Diseño de 1U con capacidad de carga de hasta 20 kg, compatible con la mayoría de racks y gabinetes estándar. Fabricada en acero resistente para una instalación segura y estable.",CONECTIVIDAD,CHAROLA,25.22,663.91,829.89,https://static.ctonline.mx/imagenes/RCKACC2490/RCKACC2490_400.jpg,https://static.ctonline.mx/marcas/png/CHAROLA.png,https://ctonline.mx/buscar/productos?b=RCKACC2490,,491.79,663.91,630.71,35%,assets/img/catalog/RCKACC2490.jpg,https://static.ctonline.mx/imagenes/RCKACC2490/RCKACC2490_400.jpg,gabinetes
RCKACC2530,"CHAROLA PARA RACKS Y GABINETES DE 19"" (714891) Charola ventilada para racks y gabinetes de 19""(714891) con tamaño de 1U ","CHAROLA PARA RACKS Y GABINETES DE 19"" (714891) Charola ventilada para racks y gabinetes de 19""(714891) con tamaño de 1U y profundidad de 350 mm. Diseñada para soportar equipos que no cuentan con montaje directo en rack, con capacidad de carga de hasta 25 kg. Fabricada en acero resistente para una instalación segura y mejor ventilación del equipo.",CONECTIVIDAD,CHAROLA,22.89,602.58,753.23,https://static.ctonline.mx/imagenes/RCKACC2530/RCKACC2530_400.jpg,https://static.ctonline.mx/marcas/png/CHAROLA.png,https://ctonline.mx/buscar/productos?b=RCKACC2530,,446.36,602.58,572.45,35%,assets/img/catalog/RCKACC2530.jpg,https://static.ctonline.mx/imagenes/RCKACC2530/RCKACC2530_400.jpg,gabinetes
RCKACC2510,"CONVERTIDOR USB-C A SERIAL DB9, 1M (714716) Charola fija para rack de 19"" (714716)con rieles ajustables y profundidad ex","CONVERTIDOR USB-C A SERIAL DB9, 1M (714716) Charola fija para rack de 19"" (714716)con rieles ajustables y profundidad extensible de 750 a 950 mm, ideal para gabinetes de red y servidores de 1000 mm de profundidad. Diseño de 1U con capacidad de carga de hasta 20 kg, compatible con la mayoría de racks y gabinetes estándar. Fabricada en acero resistente para una instalación segura.",CONECTIVIDAD,CONVERTIDOR,38.77,1020.6,1275.75,https://static.ctonline.mx/imagenes/RCKACC2510/RCKACC2510_400.jpg,https://static.ctonline.mx/marcas/png/CONVERTIDOR.png,https://ctonline.mx/buscar/productos?b=RCKACC2510,,756.0,1020.6,969.57,35%,assets/img/catalog/RCKACC2510.jpg,https://static.ctonline.mx/imagenes/RCKACC2510/RCKACC2510_400.jpg,gabinetes
GABITL720,"Gabinete mural 19"" de tamaño reducido (713689) Intellinet Caja delgada que ahorra espacio con sólo 170 mm de profundidad","Gabinete mural 19"" de tamaño reducido (713689) Intellinet Caja delgada que ahorra espacio con sólo 170 mm de profundidad, 4U de rieles horizontales y 2U de rieles verticales, ideal para aplicaciones audiovisuales, multimedia y de vigilancia, ensamblado, negro.",CONECTIVIDAD,MURAL,101.81,2680.23,3350.29,https://static.ctonline.mx/imagenes/GABITL720/GABITL720_400.jpg,https://static.ctonline.mx/marcas/png/MURAL.png,https://ctonline.mx/buscar/productos?b=GABITL720,,1985.36,2680.23,2546.22,35%,assets/img/catalog/GABITL720.jpg,https://static.ctonline.mx/imagenes/GABITL720/GABITL720_400.jpg,gabinetes
GABITL210,"Gabinete de 19"" para Montaje en Pared, 12 U (203869), Específicamente diseñado para aplicaciones de espacio reducido Se ","Gabinete de 19"" para Montaje en Pared, 12 U (203869), Específicamente diseñado para aplicaciones de espacio reducido Se monta directamente en los muros Carga estática máxima de 60 kg Canales de cableado y orificios de entrada de aire en las partes superior y de fondo Grado de protección: IP20
Rollo de acero en frío de alta calidad SPCC Grosor de la lámina: 2.0 mm para los rieles de montaje y 1.2 mm para lo demás Terminado de la superficie: desengrasante, decapado, con spray fosfórico, electricidad estática, terminado en polvo De conformidad con los estándares ANSI/EIA RS-310-D, IEC297-2, DIN41491 (Parte 1, Parte 7), DIN41494",CONECTIVIDAD,DE,232.58,6122.73,7653.41,https://static.ctonline.mx/imagenes/GABITL210/GABITL210_400.jpg,https://static.ctonline.mx/marcas/png/DE.png,https://ctonline.mx/buscar/productos?b=GABITL210,,4535.36,6122.73,5816.59,35%,assets/img/catalog/GABITL210.jpg,https://static.ctonline.mx/imagenes/GABITL210/GABITL210_400.jpg,gabinetes
GABITL680,"Gabinete mural 19° 6U (711715) Ideal para aplicaciones de montaje en rack de 19"", Carga estática máxima de 60 kg, Puerta","Gabinete mural 19° 6U (711715) Ideal para aplicaciones de montaje en rack de 19"", Carga estática máxima de 60 kg, Puerta de cristal templado que puede ser abierta a más de 180° 570mm x 450mm",CONECTIVIDAD,MURAL,136.37,3590.04,4487.55,https://static.ctonline.mx/imagenes/GABITL680/GABITL680_400.jpg,https://static.ctonline.mx/marcas/png/MURAL.png,https://ctonline.mx/buscar/productos?b=GABITL680,,2659.29,3590.04,3410.54,35%,assets/img/catalog/GABITL680.jpg,https://static.ctonline.mx/imagenes/GABITL680/GABITL680_400.jpg,gabinetes
GABITL700,"Gabinete mural 19° 6U (711753) compatible con accesorios de 19"", soporta hasta 60KG, cristal templado 600mm x 600mm","Gabinete mural 19° 6U (711753) compatible con accesorios de 19"", soporta hasta 60KG, cristal templado 600mm x 600mm",CONECTIVIDAD,MURAL,154.12,4057.23,5071.54,https://static.ctonline.mx/imagenes/GABITL700/GABITL700_400.jpg,https://static.ctonline.mx/marcas/png/MURAL.png,https://ctonline.mx/buscar/productos?b=GABITL700,,3005.36,4057.23,3854.37,35%,assets/img/catalog/GABITL700.jpg,https://static.ctonline.mx/imagenes/GABITL700/GABITL700_400.jpg,gabinetes
GABITL670,"Gabinete mural 19° 9U (711814) compatible con accesorios de 19"", soporta hasta 60KG, cristal templado 600mm x 450mm","Gabinete mural 19° 9U (711814) compatible con accesorios de 19"", soporta hasta 60KG, cristal templado 600mm x 450mm",CONECTIVIDAD,MURAL,157.86,4155.59,5194.49,https://static.ctonline.mx/imagenes/GABITL670/GABITL670_400.jpg,https://static.ctonline.mx/marcas/png/MURAL.png,https://ctonline.mx/buscar/productos?b=GABITL670,,3078.21,4155.59,3947.81,35%,assets/img/catalog/GABITL670.jpg,https://static.ctonline.mx/imagenes/GABITL670/GABITL670_400.jpg,gabinetes
GABITL660,"Gabinete 15U Mural  (711951) Gabinete Mural con puerta de cristal medidas 770 (h) x 570 (w) x 600 (d) mm, soporta 60kg, ","Gabinete 15U Mural  (711951) Gabinete Mural con puerta de cristal medidas 770 (h) x 570 (w) x 600 (d) mm, soporta 60kg, SOLO SE SURTE DE PROVEEDOR CON CARGO DE 8USD MAS IVA",CONECTIVIDAD,15U,233.52,6147.32,7684.15,https://static.ctonline.mx/imagenes/GABITL660/GABITL660_400.jpg,https://static.ctonline.mx/marcas/png/15U.png,https://ctonline.mx/buscar/productos?b=GABITL660,,4553.57,6147.32,5839.95,35%,assets/img/catalog/GABITL660.jpg,https://static.ctonline.mx/imagenes/GABITL660/GABITL660_400.jpg,gabinetes
GABITL500,"Gabinete de piso (713085) 22 Unidades, cubierta calificada IP20, Flatpack, Negro, Ideal para todas las aplicaciones de m","Gabinete de piso (713085) 22 Unidades, cubierta calificada IP20, Flatpack, Negro, Ideal para todas las aplicaciones de montaje en rack de 19"", Carga estática máxima de 1,500 kg, Puerta de cristal templado, Postes de montaje de 19 pulgadas, galvanizados, Cubierta en polvo antiestático en todos los paneles, Paneles con grosor de hasta 2 mm de acero, Paneles laterales y traseros fácilmente desmontables, Cerradura multipunto de puerta, dos aperturas permiten la entrada del cable por la parte superior o inferior, Ranuras de ventilación que brindan un excelente flujo de aire, Color: Negro RAL9005, Certificaciones: RoHS, UL, Gost-R, Dimensiones: 1120 (al) x 600 (an) x 800 (prof) mm, Contenido del paquete: 4 postes de montaje ajustables en profundidad, 4 pies de soporte ajustables, Piezas necesarias para el montaje, se envía desarmado.",CONECTIVIDAD,DE,653.85,17212.5,21515.62,https://static.ctonline.mx/imagenes/GABITL500/GABITL500_400.jpg,https://static.ctonline.mx/marcas/png/DE.png,https://ctonline.mx/buscar/productos?b=GABITL500,,12750.0,17212.5,16351.88,35%,assets/img/catalog/GABITL500.jpg,https://static.ctonline.mx/imagenes/GABITL500/GABITL500_400.jpg,gabinetes
GABITL510,"Gabinete de piso (713108) 19 pulgadas, 26U, Color: Negro RAL9005, Certificaciones: RoHS, UL, Gost-R, Nivel de protección","Gabinete de piso (713108) 19 pulgadas, 26U, Color: Negro RAL9005, Certificaciones: RoHS, UL, Gost-R, Nivel de protección: IP20, Dimensiones • 1284 (al) x 600 (an) x 800 (prof) mm, Contenido del paquete: 4 postes de montaje ajustables en profundidad, 4 pies de soporte ajustables, Piezas necesarias para el montaje, Ideal para todas las aplicaciones de montaje en rack de 19"", Carga estática máxima de 1,500 kg, Puerta de cristal templado Postes de montaje de 19 pulgadas, galvanizados, Cubierta en polvo antiestático en todos los paneles, Paneles con grosor de hasta 2 mm de acero, Paneles laterales y traseros fácilmente desmontables, Cerradura multipunto de puerta, Dos aperturas permiten la entrada del cable por la parte superior o inferior, se envía desarmado.",CONECTIVIDAD,DE,742.58,19548.48,24435.6,https://static.ctonline.mx/imagenes/GABITL510/GABITL510_400.jpg,https://static.ctonline.mx/marcas/png/DE.png,https://ctonline.mx/buscar/productos?b=GABITL510,,14480.36,19548.48,18571.06,35%,assets/img/catalog/GABITL510.jpg,https://static.ctonline.mx/imagenes/GABITL510/GABITL510_400.jpg,gabinetes
GABITL520,"Gabinete de piso (713184) 19 pulgadas, 42 U, Color: Negro RAL9005, Certificaciones: RoHS, UL, Gost-R, Nivel de protecció","Gabinete de piso (713184) 19 pulgadas, 42 U, Color: Negro RAL9005, Certificaciones: RoHS, UL, Gost-R, Nivel de protección: IP20, Dimensiones • 2057 (al) x 600 (an) x 800 (prof) mm, Contenido del paquete: 4 postes de montaje ajustables en profundidad, 4 pies de soporte ajustables, Piezas necesarias para el montaje, Ideal para todas las aplicaciones de montaje en rack de 19"", Carga estática máxima de 1,500 kg, Puerta de cristal templado Postes de montaje de 19 pulgadas, galvanizados, Cubierta en polvo antiestático en todos los paneles, Paneles con grosor de hasta 2 mm de acero, Paneles laterales y traseros fácilmente desmontables, Cerradura multipunto de puerta, Dos aperturas permiten la entrada del cable por la parte superior o inferior, se envía desarmado",CONECTIVIDAD,DE,887.36,23359.82,29199.78,https://static.ctonline.mx/imagenes/GABITL520/GABITL520_400.jpg,https://static.ctonline.mx/marcas/png/DE.png,https://ctonline.mx/buscar/productos?b=GABITL520,,17303.57,23359.82,22191.83,35%,assets/img/catalog/GABITL520.jpg,https://static.ctonline.mx/imagenes/GABITL520/GABITL520_400.jpg,gabinetes
GABITL540,"Gabinete de piso (713276) 19 pulgadas, 42 U, Negro RAL9005, Certificaciones: RoHS, UL, Gost-R, Nivel de protección: IP20","Gabinete de piso (713276) 19 pulgadas, 42 U, Negro RAL9005, Certificaciones: RoHS, UL, Gost-R, Nivel de protección: IP20, Dimensiones: 2057 (al) x 800 (an) x 1000 (prof) mm, Contenido del paquete: 4 postes de montaje ajustables en profundidad, 4 pies de soporte ajustables, Piezas necesarias para el montaje, Ideal para todas las aplicaciones de montaje en rack de 19"" Carga estática máxima de 1,500 kg, Puerta perforada y ranuras de ventilación que brindan un excelente flujo de aire, Postes de montaje de 19 pulgadas, galvanizados, Cubierta en polvo antiestático en todos los paneles, Paneles con grosor de hasta 2 mm de acero, Paneles laterales y traseros fácilmente desmontables, Cerradura multipunto de puerta, Dos aperturas permiten la entrada del cable por la parte superior o inferior, Se envía desarmado",CONECTIVIDAD,DE,1391.76,36638.04,45797.55,https://static.ctonline.mx/imagenes/GABITL540/GABITL540_400.jpg,https://static.ctonline.mx/marcas/png/DE.png,https://ctonline.mx/buscar/productos?b=GABITL540,,27139.29,36638.04,34806.14,35%,assets/img/catalog/GABITL540.jpg,https://static.ctonline.mx/imagenes/GABITL540/GABITL540_400.jpg,gabinetes
GABITL820,Gabinete de Carga de 20 contactos CA (181112) MANHATTAN Gabinete de carga portatil con tomas NEMA 5-15R incorporadas en ,"Gabinete de Carga de 20 contactos CA (181112) MANHATTAN Gabinete de carga portatil con tomas NEMA 5-15R incorporadas en la parte posterior, compartimientos para dispositivos de hasta 15.6"", con cerradura, protección contra sobrecarga, color negro, carcasa metálica con recubrimiento en polvo, robusta y segura. Sistema inteligente de gestión de la energía con tres PDU; Ventilador integrado y ranuras de ventilación. Interruptor de encendido y apagado.Cable de alimentación con conector C13 a clavija 5-15., 2 m, incluido; No incluye cargadores ni cables de carga.",CONECTIVIDAD,DE,555.77,14630.63,18288.29,https://static.ctonline.mx/imagenes/GABITL820/GABITL820_400.jpg,https://static.ctonline.mx/marcas/png/DE.png,https://ctonline.mx/buscar/productos?b=GABITL820,,10837.5,14630.63,13899.1,35%,assets/img/catalog/GABITL820.jpg,https://static.ctonline.mx/imagenes/GABITL820/GABITL820_400.jpg,gabinetes
RCKACC1970,"Charola fija 19"" (710916) 2 puntos de fijación frontales para postes de 19"", Para montaje en pared y gabinetes con un mí","Charola fija 19"" (710916) 2 puntos de fijación frontales para postes de 19"", Para montaje en pared y gabinetes con un mínimo de 520 mm de profundidad, Altura: 2 U, ,400mm de produndidad",CONECTIVIDAD,CHAROLA,31.76,836.04,1045.05,https://static.ctonline.mx/imagenes/RCKACC1970/RCKACC1970_400.jpg,https://static.ctonline.mx/marcas/png/CHAROLA.png,https://ctonline.mx/buscar/productos?b=RCKACC1970,,619.29,836.04,794.24,35%,assets/img/catalog/RCKACC1970.jpg,https://static.ctonline.mx/imagenes/RCKACC1970/RCKACC1970_400.jpg,gabinetes
RCKACC1960,"Charola para gabinete 19"" (712521) Carga máxima estática de50 kg, 1 mm de espesor, acero,350mm de produndidad","Charola para gabinete 19"" (712521) Carga máxima estática de50 kg, 1 mm de espesor, acero,350mm de produndidad",CONECTIVIDAD,CHAROLA,20.84,548.49,685.61,https://static.ctonline.mx/imagenes/RCKACC1960/RCKACC1960_400.jpg,https://static.ctonline.mx/marcas/png/CHAROLA.png,https://ctonline.mx/buscar/productos?b=RCKACC1960,,406.29,548.49,521.07,35%,assets/img/catalog/RCKACC1960.jpg,https://static.ctonline.mx/imagenes/RCKACC1960/RCKACC1960_400.jpg,gabinetes
RCKACC1950,"Charola para gabinete 19"" (712576) Carga máxima estática de100 kg, 1.5 mm de espesor, acero,600mm de produndidad","Charola para gabinete 19"" (712576) Carga máxima estática de100 kg, 1.5 mm de espesor, acero,600mm de produndidad",CONECTIVIDAD,CHAROLA,31.76,836.04,1045.05,https://static.ctonline.mx/imagenes/RCKACC1950/RCKACC1950_400.jpg,https://static.ctonline.mx/marcas/png/CHAROLA.png,https://ctonline.mx/buscar/productos?b=RCKACC1950,,619.29,836.04,794.24,35%,assets/img/catalog/RCKACC1950.jpg,https://static.ctonline.mx/imagenes/RCKACC1950/RCKACC1950_400.jpg,gabinetes
RCKACC2030,"Charola deslizable, 1U, 19"" (712620) Carga estática máxima de 35 kg, 1.5 mm de espesor de acero, Color: Negro RAL9005, E","Charola deslizable, 1U, 19"" (712620) Carga estática máxima de 35 kg, 1.5 mm de espesor de acero, Color: Negro RAL9005, El chasis o base de la charola mide 550 mm, La charola se debe atornillar a los 4 postes para que soporte la carga. Dimensiones: 1U (Altura) x 483 mm (Ancho) x 610 a 800 mm (Profundidad ajustable), Peso: 4,74 kg",CONECTIVIDAD,CHAROLA,55.11,1450.77,1813.46,https://static.ctonline.mx/imagenes/RCKACC2030/RCKACC2030_400.jpg,https://static.ctonline.mx/marcas/png/CHAROLA.png,https://ctonline.mx/buscar/productos?b=RCKACC2030,,1074.64,1450.77,1378.23,35%,assets/img/catalog/RCKACC2030.jpg,https://static.ctonline.mx/imagenes/RCKACC2030/RCKACC2030_400.jpg,gabinetes
RCKACC2310,"716345 Kit de carril DIN ajustable para rack de 19"", 2U. El kit ajustable de carril DIN para rack de 19"", 2U de Intellin","716345 Kit de carril DIN ajustable para rack de 19"", 2U. El kit ajustable de carril DIN para rack de 19"", 2U de Intellinet Network Solutions permite una integración perfecta de tu equipo de carril DIN en un gabinete de red de 19 pulgadas, un rack abierto o un gabinete de servidor. Cumplimiento y compatibilidad: Cumple con los estándares EIA 310 / IEC 60297 y se adapta a todos los racks estándar de 19 pulg. / 482.6 mm estándar. El raíl DIN, conforme a las normas IEC/EN 60715, garantiza un ajuste perfecto para tus equipos. Estándares y certificaciones: RoHS, ANSI/EIA 310-E, IEC 60297-3, IEC/EN 60715. Dimensiones: (D x W x H): 210 x 487 x 89 mm (8.27 x 19.17 x 3.5 in.); 2U. Peso Neto: 1.3 kg (2.87 lbs). Peso Bruto: 1.55 kg (3.42 lbs). Capacidad de Carga: 9 kg (20 lbs). Material: Aluminio anodizado de 2 mm. Color: Negro. Garantía de 3 años directo con el fabricante.",CONECTIVIDAD,716345,21.48,565.56,706.95,https://static.ctonline.mx/imagenes/RCKACC2310/RCKACC2310_400.jpg,https://static.ctonline.mx/marcas/png/716345.png,https://ctonline.mx/buscar/productos?b=RCKACC2310,,418.93,565.56,537.28,35%,assets/img/catalog/RCKACC2310.jpg,https://static.ctonline.mx/imagenes/RCKACC2310/RCKACC2310_400.jpg,gabinetes
RCKACC2040,"Charola para Rack extensible fijo de 19"" (714389) INTELLINET Los estantes de 19"" de Intellinet Network Solutions son el ","Charola para Rack extensible fijo de 19"" (714389) INTELLINET Los estantes de 19"" de Intellinet Network Solutions son el accesorio ideal para sus instalaciones de servidores y redes. Se ajusta a la mayoría de los racks y gabinetes, de 1U y ofrece una profundidad ajustable de 20 a 40"" (55.88 - 101.6 cm). Carga máxima estática de 45 kg y cubierta en polvo antiestática.",CONECTIVIDAD,CHAROLA,55.11,1450.77,1813.46,https://static.ctonline.mx/imagenes/RCKACC2040/RCKACC2040_400.jpg,https://static.ctonline.mx/marcas/png/CHAROLA.png,https://ctonline.mx/buscar/productos?b=RCKACC2040,,1074.64,1450.77,1378.23,35%,assets/img/catalog/RCKACC2040.jpg,https://static.ctonline.mx/imagenes/RCKACC2040/RCKACC2040_400.jpg,gabinetes
RCKACC1410,"Organizador Cables 19"", 1U Metálico 5cm, INTELLINET, Organizador de Cables para Montaje en Rack de 19"", 1U, Negro, Color","Organizador Cables 19"", 1U Metálico 5cm, INTELLINET, Organizador de Cables para Montaje en Rack de 19"", 1U, Negro, Color: Negro, 169950, Se ajusta a rack o gabinetes de 19"", Mantiene los cables ordenados, 1U de alto",CONECTIVIDAD,ORGANIZADOR,7.95,209.16,261.45,https://static.ctonline.mx/imagenes/RCKACC1410/RCKACC1410_400.jpg,https://static.ctonline.mx/marcas/png/ORGANIZADOR.png,https://ctonline.mx/buscar/productos?b=RCKACC1410,,154.93,209.16,198.7,35%,assets/img/catalog/RCKACC1410.jpg,https://static.ctonline.mx/imagenes/RCKACC1410/RCKACC1410_400.jpg,gabinetes
ACCITL7970,Clip montaje patch panel (716512) INTELLINET Clip de montaje en rack 1U de acero de alta calidad con carcasa de fundició,"Clip montaje patch panel (716512) INTELLINET Clip de montaje en rack 1U de acero de alta calidad con carcasa de fundición inyectada de zinc. Solución innovadora para instalar fácilmente accesorios de gabinete 1U en un rack de 10"" o 19"" como PDU, charolas, switches, páneles ciegos, páneles de entrada de cables y mucho más. Funciona con charolas de hasta ~300 mm (11.8 pulg.) de profundidad y switches de profundidad de hasta ~180 mm (7 pulg.).",CONECTIVIDAD,CLIP,36.9,971.42,1214.27,https://static.ctonline.mx/imagenes/ACCITL7970/ACCITL7970_400.jpg,https://static.ctonline.mx/marcas/png/CLIP.png,https://ctonline.mx/buscar/productos?b=ACCITL7970,,719.57,971.42,922.85,35%,assets/img/catalog/ACCITL7970.jpg,https://static.ctonline.mx/imagenes/ACCITL7970/ACCITL7970_400.jpg,gabinetes
GABNSY010,"Gabinete de piso. Marca NORTH SYSTEM. OPT004-BKT. Gabinete OPTIMO, acero al carbón de 19"", 40U y 18.5"" de profundidad in","Gabinete de piso. Marca NORTH SYSTEM. OPT004-BKT. Gabinete OPTIMO, acero al carbón de 19"", 40U y 18.5"" de profundidad interna. EQUIPADO. Color negro texturizado. Capacidad de carga: 200kg. Peso: 85kg. Puerta frontal: Acero con vidrio color humo inastillable. Puerta posterior: Acero con ventilación; ambas puertas con cerraduras de seguridad. Panel laterales desmontables. Techo con ventilación para 4 extractores de aire. Techo preparado con 4 acometidas para tubo conduit de 1 ¾”. 1 Rack interno para montaje de equipo a 19"". Sistema de montaje al piso por medio de expansores 4 tornillos con rosca de 5/16"" con capacidad de soporte de 100kg. Tratamiento por aspersión para limpiar y sellar bien la lamina. Pintura electrostática negra en todo el gabinete. EQUIPAMIENTO: 1 Kit NORTH713 de 4 rodajas para deslizar gabinete, 1 kit NORTH712 de 2 extractores de aire; 1 Kit NORTH711 de iluminación; 5 Charolas sencillas NORTH780 para gabinete <30kg, Cal18>, 1 Barra vertical NORTH606 de 5 contactos dobles y con 2 switch de on/off para controlar la iluminación y los extractores, Cable tomacorriente de 2.14mts (84""). DIMENSIONES: Externas: 1970mm - 77.56"" (H) x 585mm - 23.03"" (W) x 680mm - 26.77"" (D). Internas: 1795mm - 70.66"" (W) x 480mm - 18.89"" (H) x 470mm - 18.50"" (D). De embarque: Alto (W):1995mm - 78.54"". Ancho (H): 620mm - 24.40"". Profundidad (D): 715mm - 28.14"".",CONECTIVIDAD,DE,1848.42,48659.64,60824.55,https://static.ctonline.mx/imagenes/GABNSY010/GABNSY010_400.jpg,https://static.ctonline.mx/marcas/png/DE.png,https://ctonline.mx/buscar/productos?b=GABNSY010,,36044.18,48659.64,46226.66,35%,assets/img/catalog/GABNSY010.jpg,https://static.ctonline.mx/imagenes/GABNSY010/GABNSY010_400.jpg,gabinetes
ACCRBT6190,"GABINETE DE 19"" PARA MONTAJE EN PARED ""MURAL"", 6 U (810315), Brobotix El Gabinete BRobotix está diseñado para equipos de","GABINETE DE 19"" PARA MONTAJE EN PARED ""MURAL"", 6 U (810315), Brobotix El Gabinete BRobotix está diseñado para equipos de telecomunicaciones autosoportados de 19” con 6 U para switch de comunicaciones y cableado. Para uso únicamente en interiores, en áreas de ambiente controlado. No debe ser colocado en exteriores. Puerta de cristal templado. Una estructura principal, 2 laterales desmontables. Un techo ventilado con acceso para cableado. Postes para 6 Unidades y una puerta frontal. Materiales de Fabricación: Lámina de Acero al Carbón. Acabados: Pintura Electrostática color negro. Seguridad: Chapa, Capacidad de Carga: 25 Kg Especificaciones: Normas de fabricación EIA-310D Y NEMA1. Color: Gris",CONECTIVIDAD,DE,162.22,4270.5,5338.12,https://static.ctonline.mx/imagenes/ACCRBT6190/ACCRBT6190_400.jpg,https://static.ctonline.mx/marcas/png/DE.png,https://ctonline.mx/buscar/productos?b=ACCRBT6190,,3163.33,4270.5,4056.97,35%,assets/img/catalog/ACCRBT6190.jpg,https://static.ctonline.mx/imagenes/ACCRBT6190/ACCRBT6190_400.jpg,gabinetes
ACCRBT6200,"GABINETE DE 19"" PARA MONTAJE EN PARED ""MURAL"", 9 U (810386), Brobotix El Gabinete BRobotix está diseñado para equipos de","GABINETE DE 19"" PARA MONTAJE EN PARED ""MURAL"", 9 U (810386), Brobotix El Gabinete BRobotix está diseñado para equipos de telecomunicaciones autosoportados de 19” con 9 U para switch de comunicaciones y cableado. Para uso únicamente en interiores, en áreas de ambiente controlado. No debe ser colocado en exteriores. Puerta de cristal templado. Una estructura principal, 2 laterales desmontables. Un techo ventilado con acceso para cableado. Postes para 9 Unidades y una puerta frontal. Materiales de Fabricación: Lámina de Acero al Carbón. Acabados: Pintura Electrostática color negro. Seguridad: Chapa. Capacidad de Carga: 40 Kg. Especificaciones:  Normas de fabricación EIA-310D Y NEMA1. Color: Gris",CONECTIVIDAD,DE,165.24,4350.05,5437.56,https://static.ctonline.mx/imagenes/ACCRBT6200/ACCRBT6200_400.jpg,https://static.ctonline.mx/marcas/png/DE.png,https://ctonline.mx/buscar/productos?b=ACCRBT6200,,3222.26,4350.05,4132.55,35%,assets/img/catalog/ACCRBT6200.jpg,https://static.ctonline.mx/imagenes/ACCRBT6200/ACCRBT6200_400.jpg,gabinetes
ACCRBT6210,"GABINETE DE 19"" PARA MONTAJE EN PARED ""MURAL"", 12 U (810332), Brobotix El Gabinete BRobotix está diseñado para equipos d","GABINETE DE 19"" PARA MONTAJE EN PARED ""MURAL"", 12 U (810332), Brobotix El Gabinete BRobotix está diseñado para equipos de telecomunicaciones autosoportados de 19” con 12 U para switch de comunicaciones y cableado. Para uso únicamente en interiores, en áreas de ambiente
controlado. No debe ser colocado en exteriores.Puerta de cristal templado. Una estructura principal, 2 laterales desmontables. Un techo ventilado con acceso para cableado. Postes para 12 Unidades y una puerta frontal. Materiales de Fabricación: Lámina de Acero al Carbón. Acabados: Pintura Electrostática color negro. Seguridad: Chapa. Capacidad de Carga: 50 Kg. Especificaciones: Normas de fabricación EIA-310D Y NEMA1. Color: Gris",CONECTIVIDAD,DE,229.78,6048.9,7561.12,https://static.ctonline.mx/imagenes/ACCRBT6210/ACCRBT6210_400.jpg,https://static.ctonline.mx/marcas/png/DE.png,https://ctonline.mx/buscar/productos?b=ACCRBT6210,,4480.67,6048.9,5746.45,35%,assets/img/catalog/ACCRBT6210.jpg,https://static.ctonline.mx/imagenes/ACCRBT6210/ACCRBT6210_400.jpg,gabinetes
ACCEPC170,"Gabinete de Seguridad, Lámina Galvanizada, para 2 Baterías y/o Equipo Similar con Montaje en Poste. Modelo: GT-002G. Mar","Gabinete de Seguridad, Lámina Galvanizada, para 2 Baterías y/o Equipo Similar con Montaje en Poste. Modelo: GT-002G. Marca: EPCOM INDUSTRIAL. Peso: 22.33 Kg. Dimensiones exteriores: 533 X 682 X 348 mm (Ancho x Alto x Profundidad).",CONECTIVIDAD,DE,106.88,2813.67,3517.09,https://static.ctonline.mx/imagenes/ACCEPC170/ACCEPC170_400.jpg,https://static.ctonline.mx/marcas/png/DE.png,https://ctonline.mx/buscar/productos?b=ACCEPC170,,2084.2,2813.67,2672.99,35%,assets/img/catalog/ACCEPC170.jpg,https://static.ctonline.mx/imagenes/ACCEPC170/ACCEPC170_400.jpg,gabinetes
ACCEPC180,"Gabinete de Seguridad, Lámina Galvanizada, para 3 Baterías y/o Equipo Similar con Montaje en Poste. Modelo: GT-003G. Mar","Gabinete de Seguridad, Lámina Galvanizada, para 3 Baterías y/o Equipo Similar con Montaje en Poste. Modelo: GT-003G. Marca: EPCOM INDUSTRIAL. Peso: 30.93 Kg. Dimensiones exteriores: 533 X 1002 X 348 mm (Ancho x Alto x Profundidad).",CONECTIVIDAD,DE,144.84,3812.79,4765.99,https://static.ctonline.mx/imagenes/ACCEPC180/ACCEPC180_400.jpg,https://static.ctonline.mx/marcas/png/DE.png,https://ctonline.mx/buscar/productos?b=ACCEPC180,,2824.29,3812.79,3622.15,35%,assets/img/catalog/ACCEPC180.jpg,https://static.ctonline.mx/imagenes/ACCEPC180/ACCEPC180_400.jpg,gabinetes
ACCEPC190,Gabinete para resguardo de baterías (hasta dos baterías PL110D12) con opción para montaje en poste. Modelo: SVR-1419. Ma,Gabinete para resguardo de baterías (hasta dos baterías PL110D12) con opción para montaje en poste. Modelo: SVR-1419. Marca: EPCOM INDUSTRIAL. Nivel de Protección: IP22. Peso: 14 Kg. Dimensiones exteriores: 530 x 413 x 441 mm (Ancho x Alto x Profundidad).,CONECTIVIDAD,PARA,81.59,2147.82,2684.78,https://static.ctonline.mx/imagenes/ACCEPC190/ACCEPC190_400.jpg,https://static.ctonline.mx/marcas/png/PARA.png,https://ctonline.mx/buscar/productos?b=ACCEPC190,,1590.97,2147.82,2040.43,35%,assets/img/catalog/ACCEPC190.jpg,https://static.ctonline.mx/imagenes/ACCEPC190/ACCEPC190_400.jpg,gabinetes
ACCEPC200,Gabinete Plástico para Exterior IP65 de 251 x 170 x 101 mm Cierre por Broche. Modelo: TXG-01-38. Marca: TXPRO. Dimension,Gabinete Plástico para Exterior IP65 de 251 x 170 x 101 mm Cierre por Broche. Modelo: TXG-01-38. Marca: TXPRO. Dimensiones: 251 x 170 x 101 mm (Ancho x Largo x Profundidad). Nivel de protección: IP-65. Fabricación: Plástico AB.,CONECTIVIDAD,PLÁSTICO,12.65,332.94,416.18,https://static.ctonline.mx/imagenes/ACCEPC200/ACCEPC200_400.jpg,https://static.ctonline.mx/marcas/png/PLSTICO.png,https://ctonline.mx/buscar/productos?b=ACCEPC200,,246.62,332.94,316.29,35%,assets/img/catalog/ACCEPC200.jpg,https://static.ctonline.mx/imagenes/ACCEPC200/ACCEPC200_400.jpg,gabinetes
ACCEPC310,"Gabinete de Energía Epcom (XP18DC30HD) 18 Canales, 30 Amperes (2.5A x Canal) Entrada 90 ~ 264 Vca/Salida 11.5 ~ 15Vcd HE","Gabinete de Energía Epcom (XP18DC30HD) 18 Canales, 30 Amperes (2.5A x Canal) Entrada 90 ~ 264 Vca/Salida 11.5 ~ 15Vcd HEAVY DUTY -10 °C ~ 50 °C Protección PTC",CONECTIVIDAD,DE,75.29,1982.12,2477.65,https://static.ctonline.mx/imagenes/ACCEPC310/ACCEPC310_400.jpg,https://static.ctonline.mx/marcas/png/DE.png,https://ctonline.mx/buscar/productos?b=ACCEPC310,,1468.24,1982.12,1883.01,35%,assets/img/catalog/ACCEPC310.jpg,https://static.ctonline.mx/imagenes/ACCEPC310/ACCEPC310_400.jpg,gabinetes
ACCEPC210,"EPCOM POWER LINE KIT DE ENERGIA SOLAR 25W, 4 POE 802.3 af/at Autonomía 72 Hrs. Modelo: PL-4POE-25. Incluye; 2- PRO150-12","EPCOM POWER LINE KIT DE ENERGIA SOLAR 25W, 4 POE 802.3 af/at Autonomía 72 Hrs. Modelo: PL-4POE-25. Incluye; 2- PRO150-12 Modulo Fotovoltaico 150W policristalino, 1- SS-20L-24V. Controlador Solar 24V, 20A, 4- PL-110D12. Batería Ciclo profundo AGM 12Vcd 110Ah, 1- SSPBLV5. Montaje en poste para 2 módulos fotovoltaicos modelo PROSE-15012, 1- TP-SW5G-24. Switch PoE IEEE802.3af/at 10/100/1000MB, Ent. 12-36VDC , 4 puertos PoE, 1- PROSE-CA01   Par de Conectores sencillos para Modulo,  Fotovoltaico 2- GT002G, Gabinete Metálico para baterías 2 Baterías. PL-110D12.  - No incluye poste ni cables. -25 Watts Max- 4 Salidas POE 802.3 af/at 30W c/u ( La suma de cargas no debe exceder la capacidad del switch 70W) -Autonomía 72 Hrs.",CONECTIVIDAD,EPCOM,1536.27,40442.33,50552.91,https://static.ctonline.mx/imagenes/ACCEPC210/ACCEPC210_400.jpg,https://static.ctonline.mx/marcas/png/EPCOM.png,https://ctonline.mx/buscar/productos?b=ACCEPC210,,29957.28,40442.33,38420.21,35%,assets/img/catalog/ACCEPC210.jpg,https://static.ctonline.mx/imagenes/ACCEPC210/ACCEPC210_400.jpg,gabinetes
ACCEPC220,SISTEMA DE 2000 W. 220 VCA. PARA INTERCONEXIÓN A LA RED ELÉCTRICA. REQUIERE CONECTARSE A AL SERVICIO ELÉCTRICO NACIONAL.,SISTEMA DE 2000 W. 220 VCA. PARA INTERCONEXIÓN A LA RED ELÉCTRICA. REQUIERE CONECTARSE A AL SERVICIO ELÉCTRICO NACIONAL. Modelo: KITEPI2K320. Marca: EPCOM POWER LINE. Incluye; 6 piezas TSM320PD14  Modulo FV. 320 W. EPIG2K Inversor de 2000 W 220Vca. interconexión a la red eléctrica. TXG0138 Gabinete plastico.EPLAM011X4  Montaje para 4 módulos TSM320PD14. SLY296BLK Cable 8 AWG color negro. SLY296RED Cable 8 AWG color rojo. SLY296WHT Cable 8 AWG color blanco. SLY296GRN Cable 8 AWG color verde.  2 piezas PROSECA01 Conector MC4.,CONECTIVIDAD,SISTEMA,2023.91,53279.32,66599.15,https://static.ctonline.mx/imagenes/ACCEPC220/ACCEPC220_400.jpg,https://static.ctonline.mx/marcas/png/SISTEMA.png,https://ctonline.mx/buscar/productos?b=ACCEPC220,,39466.16,53279.32,50615.35,35%,assets/img/catalog/ACCEPC220.jpg,https://static.ctonline.mx/imagenes/ACCEPC220/ACCEPC220_400.jpg,gabinetes
ACCEPC230,KIT para alimentar con energía solar cerca electrificada. Modelo: PL12K. Marca: EPCOM POWER LINE. Este Kit incluye: Modu,KIT para alimentar con energía solar cerca electrificada. Modelo: PL12K. Marca: EPCOM POWER LINE. Este Kit incluye: Modulo PRO5012. Controlador SHS10. Batería PL110D12. Conector PROSE-CA01. Montaje SSPBLv3. Gabinete SVR1419. Soporte MP1419v3.,CONECTIVIDAD,KIT,435.78,11471.82,14339.77,https://static.ctonline.mx/imagenes/ACCEPC230/ACCEPC230_400.jpg,https://static.ctonline.mx/marcas/png/KIT.png,https://ctonline.mx/buscar/productos?b=ACCEPC230,,8497.64,11471.82,10898.23,35%,assets/img/catalog/ACCEPC230.jpg,https://static.ctonline.mx/imagenes/ACCEPC230/ACCEPC230_400.jpg,gabinetes
ACPMTK030,NetMetal 5SHPn es un dispositivo inalámbrico 802.11ac en un gabinete de metal a prueba de agua. Punto de Acceso Conector,"NetMetal 5SHPn es un dispositivo inalámbrico 802.11ac en un gabinete de metal a prueba de agua. Punto de Acceso Conectorizado en 5 GHz 802.11 a/n/ac, Hasta 1260 mW de potencia. RB921UAGS-5SHPACD-NM MIKROTIK",CONECTIVIDAD,NETMETAL,189.35,4984.71,6230.89,https://static.ctonline.mx/imagenes/ACPMTK030/ACPMTK030_400.jpg,https://static.ctonline.mx/marcas/png/NETMETAL.png,https://ctonline.mx/buscar/productos?b=ACPMTK030,,3692.38,4984.71,4735.47,35%,assets/img/catalog/ACPMTK030.jpg,https://static.ctonline.mx/imagenes/ACPMTK030/ACPMTK030_400.jpg,gabinetes
ACCMVA1100,Gabinete para Sirena 15W LINCE10,Gabinete para Sirena 15W LINCE10,CONECTIVIDAD,PARA,12.61,332.05,415.06,https://static.ctonline.mx/imagenes/ACCMVA1100/ACCMVA1100_400.jpg,https://static.ctonline.mx/marcas/png/PARA.png,https://ctonline.mx/buscar/productos?b=ACCMVA1100,,245.97,332.05,315.45,35%,assets/img/catalog/ACCMVA1100.jpg,https://static.ctonline.mx/imagenes/ACCMVA1100/ACCMVA1100_400.jpg,gabinetes
ACCMVA1110,Gabinete para Sirena 30W LINCE11,Gabinete para Sirena 30W LINCE11,CONECTIVIDAD,PARA,12.5,329.06,411.32,https://static.ctonline.mx/imagenes/ACCMVA1110/ACCMVA1110_400.jpg,https://static.ctonline.mx/marcas/png/PARA.png,https://ctonline.mx/buscar/productos?b=ACCMVA1110,,243.75,329.06,312.61,35%,assets/img/catalog/ACCMVA1110.jpg,https://static.ctonline.mx/imagenes/ACCMVA1110/ACCMVA1110_400.jpg,gabinetes
GABMVA010,Gabinete de Pared ENSON ENS-RKGB12U 12U Ensamblado 600X450MM,Gabinete de Pared ENSON ENS-RKGB12U 12U Ensamblado 600X450MM,CONECTIVIDAD,DE,138.01,3633.15,4541.44,https://static.ctonline.mx/imagenes/GABMVA010/GABMVA010_400.jpg,https://static.ctonline.mx/marcas/png/DE.png,https://ctonline.mx/buscar/productos?b=GABMVA010,,2691.22,3633.15,3451.49,35%,assets/img/catalog/GABMVA010.jpg,https://static.ctonline.mx/imagenes/GABMVA010/GABMVA010_400.jpg,gabinetes
GABMVA020,Gabinete de Pared ENSON ENS-RKGB6U 6U Ensamblado 600X450MM,Gabinete de Pared ENSON ENS-RKGB6U 6U Ensamblado 600X450MM,CONECTIVIDAD,DE,75.0,1974.38,2467.98,https://static.ctonline.mx/imagenes/GABMVA020/GABMVA020_400.jpg,https://static.ctonline.mx/marcas/png/DE.png,https://ctonline.mx/buscar/productos?b=GABMVA020,,1462.5,1974.38,1875.66,35%,assets/img/catalog/GABMVA020.jpg,https://static.ctonline.mx/imagenes/GABMVA020/GABMVA020_400.jpg,gabinetes
GABMVA070,Gabinete de Pared ENSON ENS-RKGB6U 6U Ensamblado 600X450MM,Gabinete de Pared ENSON ENS-RKGB6U 6U Ensamblado 600X450MM,CONECTIVIDAD,DE,75.0,1974.38,2467.98,https://static.ctonline.mx/imagenes/GABMVA070/GABMVA070_400.jpg,https://static.ctonline.mx/marcas/png/DE.png,https://ctonline.mx/buscar/productos?b=GABMVA070,,1462.5,1974.38,1875.66,35%,assets/img/catalog/GABMVA070.jpg,https://static.ctonline.mx/imagenes/GABMVA070/GABMVA070_400.jpg,gabinetes
GABMVA060,Gabinete de Pared ENSON ENS-RKGB9U2 9U Ensamblado 600X6000MM,Gabinete de Pared ENSON ENS-RKGB9U2 9U Ensamblado 600X6000MM,CONECTIVIDAD,DE,136.53,3594.26,4492.83,https://static.ctonline.mx/imagenes/GABMVA060/GABMVA060_400.jpg,https://static.ctonline.mx/marcas/png/DE.png,https://ctonline.mx/buscar/productos?b=GABMVA060,,2662.42,3594.26,3414.55,35%,assets/img/catalog/GABMVA060.jpg,https://static.ctonline.mx/imagenes/GABMVA060/GABMVA060_400.jpg,gabinetes
ACCENS120,Tapa ciega para rack o gabinete ENSON ENS-FLAT1 fabricada en lamina de acero calibre 22 ideal para cubrir espacios vacío,Tapa ciega para rack o gabinete ENSON ENS-FLAT1 fabricada en lamina de acero calibre 22 ideal para cubrir espacios vacíos en racks o gabinetes cumple con norma EIA,CONECTIVIDAD,TAPA,3.53,92.91,116.14,https://static.ctonline.mx/imagenes/ACCENS120/ACCENS120_400.jpg,https://static.ctonline.mx/marcas/png/TAPA.png,https://ctonline.mx/buscar/productos?b=ACCENS120,,68.82,92.91,88.26,35%,assets/img/catalog/ACCENS120.jpg,https://static.ctonline.mx/imagenes/ACCENS120/ACCENS120_400.jpg,gabinetes
ACCMVA1440,"Charola para rack ENSON ENS-RTR1U Fijacion frontal a dos puntos solida 1 Unidad de rack, Compatible con racks y gabinete","Charola para rack ENSON ENS-RTR1U Fijacion frontal a dos puntos solida 1 Unidad de rack, Compatible con racks y gabinetes ENSON.",CONECTIVIDAD,CHAROLA,13.64,358.97,448.71,https://static.ctonline.mx/imagenes/ACCMVA1440/ACCMVA1440_400.jpg,https://static.ctonline.mx/marcas/png/CHAROLA.png,https://ctonline.mx/buscar/productos?b=ACCMVA1440,,265.91,358.97,341.02,35%,assets/img/catalog/ACCMVA1440.jpg,https://static.ctonline.mx/imagenes/ACCMVA1440/ACCMVA1440_400.jpg,gabinetes
ACCENS130,Charola Corrediza ENSON ENS-RTM1 fijación a cuatro puntos ventilada ideal para la colocación de teclados en site de 1 un,"Charola Corrediza ENSON ENS-RTM1 fijación a cuatro puntos ventilada ideal para la colocación de teclados en site de 1 unidad de rack, compatible con Gabinetes ENSON",CONECTIVIDAD,CHAROLA,34.0,895.05,1118.81,https://static.ctonline.mx/imagenes/ACCENS130/ACCENS130_400.jpg,https://static.ctonline.mx/marcas/png/CHAROLA.png,https://ctonline.mx/buscar/productos?b=ACCENS130,,663.0,895.05,850.3,35%,assets/img/catalog/ACCENS130.jpg,https://static.ctonline.mx/imagenes/ACCENS130/ACCENS130_400.jpg,gabinetes
ACCENS100,Ventilador ENSON ENS-FAN-120 120 x 120 mm 110vca con cable y clavija para Gabinetes ENSON y otras marcas,Ventilador ENSON ENS-FAN-120 120 x 120 mm 110vca con cable y clavija para Gabinetes ENSON y otras marcas,CONECTIVIDAD,VENTILADOR,10.58,278.42,348.03,https://static.ctonline.mx/imagenes/ACCENS100/ACCENS100_400.jpg,https://static.ctonline.mx/marcas/png/VENTILADOR.png,https://ctonline.mx/buscar/productos?b=ACCENS100,,206.24,278.42,264.5,35%,assets/img/catalog/ACCENS100.jpg,https://static.ctonline.mx/imagenes/ACCENS100/ACCENS100_400.jpg,gabinetes
ACCLKP120,"Gabinete  Linkedpro LP-6060-42U-R2 Estándar 19"", 42UR  600 mm Ancho x 600 mm Profundidad Fabricado en Acero","Gabinete  Linkedpro LP-6060-42U-R2 Estándar 19"", 42UR  600 mm Ancho x 600 mm Profundidad Fabricado en Acero",CONECTIVIDAD,LINKEDPRO,855.33,22516.65,28145.81,https://static.ctonline.mx/imagenes/ACCLKP120/ACCLKP120_400.jpg,https://static.ctonline.mx/marcas/png/LINKEDPRO.png,https://ctonline.mx/buscar/productos?b=ACCLKP120,,16679.0,22516.65,21390.82,35%,assets/img/catalog/ACCLKP120.jpg,https://static.ctonline.mx/imagenes/ACCLKP120/ACCLKP120_400.jpg,gabinetes
GABLKP050,"Gabinete de Exterior con Rack de 19""LinkedPRO modelo LP-FORTE-09U-R3 de 9UR con Ventiladores y Termostato, Se envía el G","Gabinete de Exterior con Rack de 19""LinkedPRO modelo LP-FORTE-09U-R3 de 9UR con Ventiladores y Termostato, Se envía el Gabinete armado",CONECTIVIDAD,DE,567.92,14950.55,18688.19,https://static.ctonline.mx/imagenes/GABLKP050/GABLKP050_400.jpg,https://static.ctonline.mx/marcas/png/DE.png,https://ctonline.mx/buscar/productos?b=GABLKP050,,11074.48,14950.55,14203.02,35%,assets/img/catalog/GABLKP050.jpg,https://static.ctonline.mx/imagenes/GABLKP050/GABLKP050_400.jpg,gabinetes
GABLKP040,"Gabinete de Exterior con Rack de 19""LinkedPRO modelo LP-FORTE-09U-R3 de 9UR con Ventiladores y Termostato, Se envía el G","Gabinete de Exterior con Rack de 19""LinkedPRO modelo LP-FORTE-09U-R3 de 9UR con Ventiladores y Termostato, Se envía el Gabinete armado",CONECTIVIDAD,DE,567.92,14950.55,18688.19,https://static.ctonline.mx/imagenes/GABLKP040/GABLKP040_400.jpg,https://static.ctonline.mx/marcas/png/DE.png,https://ctonline.mx/buscar/productos?b=GABLKP040,,11074.48,14950.55,14203.02,35%,assets/img/catalog/GABLKP040.jpg,https://static.ctonline.mx/imagenes/GABLKP040/GABLKP040_400.jpg,gabinetes
GABNXX010,Gabinete NEXXT modelo AW221NXT41 pared fijo semi-ensamblados 2 Ventiladores 15U .76X.60X.45Mts PCRWESKD15U60FXBK,Gabinete NEXXT modelo AW221NXT41 pared fijo semi-ensamblados 2 Ventiladores 15U .76X.60X.45Mts PCRWESKD15U60FXBK,CONECTIVIDAD,NEXXT,79.55,2094.03,2617.54,https://static.ctonline.mx/imagenes/GABNXX010/GABNXX010_400.jpg,https://static.ctonline.mx/marcas/png/NEXXT.png,https://ctonline.mx/buscar/productos?b=GABNXX010,,1551.14,2094.03,1989.33,35%,assets/img/catalog/GABNXX010.jpg,https://static.ctonline.mx/imagenes/GABNXX010/GABNXX010_400.jpg,gabinetes
GABNXX020,Gabinete NEXXT modelo AW222NXT02  pared fijos semi-ensamblados 2 Ventiladores 9U .50X.60X.55Mts NPC-P9U65B,Gabinete NEXXT modelo AW222NXT02  pared fijos semi-ensamblados 2 Ventiladores 9U .50X.60X.55Mts NPC-P9U65B,CONECTIVIDAD,NEXXT,225.03,5924.02,7405.03,https://static.ctonline.mx/imagenes/GABNXX020/GABNXX020_400.jpg,https://static.ctonline.mx/marcas/png/NEXXT.png,https://ctonline.mx/buscar/productos?b=GABNXX020,,4388.16,5924.02,5627.82,35%,assets/img/catalog/GABNXX020.jpg,https://static.ctonline.mx/imagenes/GABNXX020/GABNXX020_400.jpg,gabinetes
GABNXX030,Gabinete NEXXT modelo AW222NXT03 pared fijos semi-ensamblados 2 Ventiladores 12U .63X.60X.55Mts.H.W.D. NPC-P12U65B,Gabinete NEXXT modelo AW222NXT03 pared fijos semi-ensamblados 2 Ventiladores 12U .63X.60X.55Mts.H.W.D. NPC-P12U65B,CONECTIVIDAD,NEXXT,286.67,7546.6,9433.25,https://static.ctonline.mx/imagenes/GABNXX030/GABNXX030_400.jpg,https://static.ctonline.mx/marcas/png/NEXXT.png,https://ctonline.mx/buscar/productos?b=GABNXX030,,5590.08,7546.6,7169.27,35%,assets/img/catalog/GABNXX030.jpg,https://static.ctonline.mx/imagenes/GABNXX030/GABNXX030_400.jpg,gabinetes
GABNXX040,Gabinete NEXXT modelo AW222NXT04 pared fijos semi-ensamblados 2 Ventiladores 15U .77X.60X.55Mts NPC-P15U65B,Gabinete NEXXT modelo AW222NXT04 pared fijos semi-ensamblados 2 Ventiladores 15U .77X.60X.55Mts NPC-P15U65B,CONECTIVIDAD,NEXXT,310.89,8184.09,10230.11,https://static.ctonline.mx/imagenes/GABNXX040/GABNXX040_400.jpg,https://static.ctonline.mx/marcas/png/NEXXT.png,https://ctonline.mx/buscar/productos?b=GABNXX040,,6062.29,8184.09,7774.89,35%,assets/img/catalog/GABNXX040.jpg,https://static.ctonline.mx/imagenes/GABNXX040/GABNXX040_400.jpg,gabinetes
GABWAM140,"Gabinete Para Montaje En Pared WAM WAM-WC06UR06-A Alto: 6UR Ancho: 600 mm Profundidad: 600 mm , Acero rolado en frío SPC","Gabinete Para Montaje En Pared WAM WAM-WC06UR06-A Alto: 6UR Ancho: 600 mm Profundidad: 600 mm , Acero rolado en frío SPCC 1.2 mm, Puerta delantera de cristal templado, Puerta Posterior Lisa, Paneles Laterales Desmontables habilitado para el ingreso de cables inferior o superior, Preparación para instalar extractores de aire.",TELEFONIA Y VIDEO VIGILANCIA,PARA,122.94,3236.48,4045.6,https://static.ctonline.mx/imagenes/GABWAM140/GABWAM140_400.jpg,https://static.ctonline.mx/marcas/png/PARA.png,https://ctonline.mx/buscar/productos?b=GABWAM140,,2397.39,3236.48,3074.66,35%,assets/img/catalog/GABWAM140.jpg,https://static.ctonline.mx/imagenes/GABWAM140/GABWAM140_400.jpg,gabinetes
GABWAM150,"Gabinete Para Montaje En Pared WAM WAM-WC09UR06-A Alto: 9UR Ancho: 600 mm Profundidad: 600 mm , Acero rolado en frío SPC","Gabinete Para Montaje En Pared WAM WAM-WC09UR06-A Alto: 9UR Ancho: 600 mm Profundidad: 600 mm , Acero rolado en frío SPCC 1.2 mm, Puerta delantera de cristal templado, Paneles Laterales Desmontables habilitado para el ingreso de cables inferior o superior, Preparación para instalar extractores de aire.",TELEFONIA Y VIDEO VIGILANCIA,PARA,134.6,3543.41,4429.26,https://static.ctonline.mx/imagenes/GABWAM150/GABWAM150_400.jpg,https://static.ctonline.mx/marcas/png/PARA.png,https://ctonline.mx/buscar/productos?b=GABWAM150,,2624.75,3543.41,3366.24,35%,assets/img/catalog/GABWAM150.jpg,https://static.ctonline.mx/imagenes/GABWAM150/GABWAM150_400.jpg,gabinetes
GABWAM160,"Gabinete Para Montaje En Pared WAM WAM-WC12UR06-A 12UR Alto: 635 mm Ancho: 600 mm Profundidad: 600 mm , Acero rolado en ","Gabinete Para Montaje En Pared WAM WAM-WC12UR06-A 12UR Alto: 635 mm Ancho: 600 mm Profundidad: 600 mm , Acero rolado en frío SPCC 1.2 mm, Puerta delantera de cristal templado, Paneles Laterales Desmontables habilitado para el ingreso de cables inferior o superior, Preparación para instalar extractores de aire.",TELEFONIA Y VIDEO VIGILANCIA,PARA,158.35,4168.63,5210.79,https://static.ctonline.mx/imagenes/GABWAM160/GABWAM160_400.jpg,https://static.ctonline.mx/marcas/png/PARA.png,https://ctonline.mx/buscar/productos?b=GABWAM160,,3087.87,4168.63,3960.2,35%,assets/img/catalog/GABWAM160.jpg,https://static.ctonline.mx/imagenes/GABWAM160/GABWAM160_400.jpg,gabinetes
CAMDAH1520,"Cámara Bala Alta definición HDCVI-1080p para exterior marca DAHUA (HFW1200DN360B), resolución 2 Megapíxeles, gabinete IP","Cámara Bala Alta definición HDCVI-1080p para exterior marca DAHUA (HFW1200DN360B), resolución 2 Megapíxeles, gabinete IP67, con visión nocturna (SMART IR alcance 80 mts), incluye lente Fijo 3.6 , Material metal soporta 12VCD, 2 años de garantía.",TELEFONIA Y VIDEO VIGILANCIA,CÁMARA,25.27,665.31,831.64,https://static.ctonline.mx/imagenes/CAMDAH1520/CAMDAH1520_400.jpg,https://static.ctonline.mx/marcas/png/CMARA.png,https://ctonline.mx/buscar/productos?b=CAMDAH1520,,492.82,665.31,632.04,35%,assets/img/catalog/CAMDAH1520.jpg,https://static.ctonline.mx/imagenes/CAMDAH1520/CAMDAH1520_400.jpg,gabinetes
CAMTPL810,"Cámara Turret Exterior (InSight S485(2.8mm) Resolución: 8 Megapíxeles (Calidad de imagen 4K Ultra HD real), Lente: 2.8 m","Cámara Turret Exterior (InSight S485(2.8mm) Resolución: 8 Megapíxeles (Calidad de imagen 4K Ultra HD real), Lente: 2.8 mm (Ultra gran angular con apertura de 111.4° para máxima cobertura).Visión Nocturna: Full-Color 24/7 (Video a color en total oscuridad hasta 30 metros), True WDR de 120 dB (Evita zonas oscuras en contraluces fuertes),Resistencia: Certificación impermeable IP67 + Ranura MicroSD hasta 512 GB, chasis metálico.",TELEFONIA Y VIDEO VIGILANCIA,CÁMARA,95.45,2512.84,3141.05,https://static.ctonline.mx/imagenes/CAMTPL810/CAMTPL810_400.jpg,https://static.ctonline.mx/marcas/png/CMARA.png,https://ctonline.mx/buscar/productos?b=CAMTPL810,,1861.36,2512.84,2387.2,35%,assets/img/catalog/CAMTPL810.jpg,https://static.ctonline.mx/imagenes/CAMTPL810/CAMTPL810_400.jpg,gabinetes
ACCHKV2180,Gabinete Metálico GABVID4R3 para DVR/NVR con Chapa y llave.,Gabinete Metálico GABVID4R3 para DVR/NVR con Chapa y llave.,TELEFONIA Y VIDEO VIGILANCIA,METÁLICO,133.86,3523.83,4404.79,https://static.ctonline.mx/imagenes/ACCHKV2180/ACCHKV2180_400.jpg,https://static.ctonline.mx/marcas/png/METLICO.png,https://ctonline.mx/buscar/productos?b=ACCHKV2180,,2610.25,3523.83,3347.64,35%,assets/img/catalog/ACCHKV2180.jpg,https://static.ctonline.mx/imagenes/ACCHKV2180/ACCHKV2180_400.jpg,gabinetes
GABHKV090,"Gabinete para montaje en pared o piso Hikvision DS-XS6406-S/B, puerta de cristal templado resistente, cuerpo fijo, 6 uni","Gabinete para montaje en pared o piso Hikvision DS-XS6406-S/B, puerta de cristal templado resistente, cuerpo fijo, 6 unidades de rack, 19"", fabricado en acero, soporte para ventiladores simples o dobles, dimensiones 600 x 368 x 450 mm.",TELEFONIA Y VIDEO VIGILANCIA,PARA,101.97,2684.29,3355.36,https://static.ctonline.mx/imagenes/GABHKV090/GABHKV090_400.jpg,https://static.ctonline.mx/marcas/png/PARA.png,https://ctonline.mx/buscar/productos?b=GABHKV090,,1988.36,2684.29,2550.08,35%,assets/img/catalog/GABHKV090.jpg,https://static.ctonline.mx/imagenes/GABHKV090/GABHKV090_400.jpg,gabinetes
GABLKP030,"Gabinete de Pared 9U LINKEDPRO modelo SR-1909-GN2G 635 mm de Profundidad, Rack de 19 in en Acero Reforzado: Compacto y R","Gabinete de Pared 9U LINKEDPRO modelo SR-1909-GN2G 635 mm de Profundidad, Rack de 19 in en Acero Reforzado: Compacto y Resistente para Soluciones Profesionales",TELEFONIA Y VIDEO VIGILANCIA,DE,176.14,4636.92,5796.15,https://static.ctonline.mx/imagenes/GABLKP030/GABLKP030_400.jpg,https://static.ctonline.mx/marcas/png/DE.png,https://ctonline.mx/buscar/productos?b=GABLKP030,,3434.75,4636.92,4405.07,35%,assets/img/catalog/GABLKP030.jpg,https://static.ctonline.mx/imagenes/GABLKP030/GABLKP030_400.jpg,gabinetes
GABLKP060,"Gabinete de Pared de 6U LINKEDPRO modelo SR-1906-LH3G Puerta de Cristal Templado, 455 mm de Profundidad Total, Rack de 1","Gabinete de Pared de 6U LINKEDPRO modelo SR-1906-LH3G Puerta de Cristal Templado, 455 mm de Profundidad Total, Rack de 19in, Acero Reforzado Color Negro.",TELEFONIA Y VIDEO VIGILANCIA,DE,89.11,2345.79,2932.24,https://static.ctonline.mx/imagenes/GABLKP060/GABLKP060_400.jpg,https://static.ctonline.mx/marcas/png/DE.png,https://ctonline.mx/buscar/productos?b=GABLKP060,,1737.62,2345.79,2228.5,35%,assets/img/catalog/GABLKP060.jpg,https://static.ctonline.mx/imagenes/GABLKP060/GABLKP060_400.jpg,gabinetes
ACCHKV4490,"Gabinete para montaje en pared o piso Hikvision DS-XS6409-S/B, puerta de cristal templado resistente, cuerpo fijo, 9 uni","Gabinete para montaje en pared o piso Hikvision DS-XS6409-S/B, puerta de cristal templado resistente, cuerpo fijo, 9 unidades de rack, 19"", fabricado en acero, laterales y puerta desmontables para fácil acceso, soporte para ventiladores simples o dobles, dimensiones 600 x 501 x 450 mm.",TELEFONIA Y VIDEO VIGILANCIA,PARA,111.68,2940.11,3675.14,https://static.ctonline.mx/imagenes/ACCHKV4490/ACCHKV4490_400.jpg,https://static.ctonline.mx/marcas/png/PARA.png,https://ctonline.mx/buscar/productos?b=ACCHKV4490,,2177.86,2940.11,2793.1,35%,assets/img/catalog/ACCHKV4490.jpg,https://static.ctonline.mx/imagenes/ACCHKV4490/ACCHKV4490_400.jpg,gabinetes
ACCHKV4430,"Ventilador para gabinete Linked Pro LP-VENT-BASIC, 110 Vca de 12 x 12 cm, cable de conexión 1.6m con clavija NEMA 5-15, ","Ventilador para gabinete Linked Pro LP-VENT-BASIC, 110 Vca de 12 x 12 cm, cable de conexión 1.6m con clavija NEMA 5-15, compatible con gabinetes estándar",TELEFONIA Y VIDEO VIGILANCIA,VENTILADOR,13.75,361.97,452.46,https://static.ctonline.mx/imagenes/ACCHKV4430/ACCHKV4430_400.jpg,https://static.ctonline.mx/marcas/png/VENTILADOR.png,https://ctonline.mx/buscar/productos?b=ACCHKV4430,,268.13,361.97,343.87,35%,assets/img/catalog/ACCHKV4430.jpg,https://static.ctonline.mx/imagenes/ACCHKV4430/ACCHKV4430_400.jpg,gabinetes
ACCHKV4580,"Gabinete para montaje en pared o piso Hikvision DS-XS6412-S/B, puerta de cristal templado, cuerpo fijo, 12 unidades de r","Gabinete para montaje en pared o piso Hikvision DS-XS6412-S/B, puerta de cristal templado, cuerpo fijo, 12 unidades de rack, 19"", fabricado en acero, sistema desmontable para fácil acceso, preparación para ventiladores, dimensiones 600 x 635 x 450 mm.",TELEFONIA Y VIDEO VIGILANCIA,PARA,143.4,3775.06,4718.82,https://static.ctonline.mx/imagenes/ACCHKV4580/ACCHKV4580_400.jpg,https://static.ctonline.mx/marcas/png/PARA.png,https://ctonline.mx/buscar/productos?b=ACCHKV4580,,2796.34,3775.06,3586.31,35%,assets/img/catalog/ACCHKV4580.jpg,https://static.ctonline.mx/imagenes/ACCHKV4580/ACCHKV4580_400.jpg,gabinetes
ACCHKV4840,"LP-GPC-24 Gabinete con Punto de Consolidación de 24 Puertos, Compatible con conectores Keystone, Instalación en Pared o ","LP-GPC-24 Gabinete con Punto de Consolidación de 24 Puertos, Compatible con conectores Keystone, Instalación en Pared o techo falso, Se envía el Gabinete Armado.",TELEFONIA Y VIDEO VIGILANCIA,LP-GPC-24,53.26,1402.09,1752.61,https://static.ctonline.mx/imagenes/ACCHKV4840/ACCHKV4840_400.jpg,https://static.ctonline.mx/marcas/png/LP-GPC-24.png,https://ctonline.mx/buscar/productos?b=ACCHKV4840,,1038.58,1402.09,1331.99,35%,assets/img/catalog/ACCHKV4840.jpg,https://static.ctonline.mx/imagenes/ACCHKV4840/ACCHKV4840_400.jpg,gabinetes
ACCHKV4970,Controlador de Acceso  HIKVISION modelo DS-K2811 para 1 Puerta y 2 Lectores Wiegand o RS485 / Incluye Gabinete y Fuente ,"Controlador de Acceso  HIKVISION modelo DS-K2811 para 1 Puerta y 2 Lectores Wiegand o RS485 / Incluye Gabinete y Fuente de Alimentación 12Vcc/8A / Soporta Batería de Respaldo / Wiegand y RS-485 / 10,000 Tarjetas",TELEFONIA Y VIDEO VIGILANCIA,CONTROLADOR,94.2,2479.7,3099.62,https://static.ctonline.mx/imagenes/ACCHKV4970/ACCHKV4970_400.jpg,https://static.ctonline.mx/marcas/png/CONTROLADOR.png,https://ctonline.mx/buscar/productos?b=ACCHKV4970,,1836.81,2479.7,2355.71,35%,assets/img/catalog/ACCHKV4970.jpg,https://static.ctonline.mx/imagenes/ACCHKV4970/ACCHKV4970_400.jpg,gabinetes
ACCHKV4980,Barrera USO INTENSIVO HIKVISION modelo KT-520-LED(4M) Brazo Iluminado Led de 4 mts / Motor Brushless el más Alto Desempe,"Barrera USO INTENSIVO HIKVISION modelo KT-520-LED(4M) Brazo Iluminado Led de 4 mts / Motor Brushless el más Alto Desempeño / MCBF 5,000,000 / Pintura AV Antiestática y Calibre Grueso en Gabinete",TELEFONIA Y VIDEO VIGILANCIA,BARRERA,1330.6,35027.99,43784.99,https://static.ctonline.mx/imagenes/ACCHKV4980/ACCHKV4980_400.jpg,https://static.ctonline.mx/marcas/png/BARRERA.png,https://ctonline.mx/buscar/productos?b=ACCHKV4980,,25946.66,35027.99,33276.59,35%,assets/img/catalog/ACCHKV4980.jpg,https://static.ctonline.mx/imagenes/ACCHKV4980/ACCHKV4980_400.jpg,gabinetes
ACCHKV1240,"Controlador de Acceso 1 Puerta y 2 Lectores, Hikvision DS-K2801, Administración Software FREE, 12Vcc/8A, 10,000 Tarjetas","Controlador de Acceso 1 Puerta y 2 Lectores, Hikvision DS-K2801, Administración Software FREE, 12Vcc/8A, 10,000 Tarjetas, 50,000 Eventos, 1 Entrada de alarma, 1 Entrada para sensor de estado de puerta, 1 Entrada para botón de petición de salida (REX), Gabinete metálico con interruptor anti-manipulación.",TELEFONIA Y VIDEO VIGILANCIA,CONTROLADOR,56.38,1484.21,1855.26,https://static.ctonline.mx/imagenes/ACCHKV1240/ACCHKV1240_400.jpg,https://static.ctonline.mx/marcas/png/CONTROLADOR.png,https://ctonline.mx/buscar/productos?b=ACCHKV1240,,1099.42,1484.21,1410.0,35%,assets/img/catalog/ACCHKV1240.jpg,https://static.ctonline.mx/imagenes/ACCHKV1240/ACCHKV1240_400.jpg,gabinetes
AIRLGE330,"Aire LG de Ventana  W051CE On/Off, Enfriamiento, 5000 BTU/h, 0.5 TON. 115V/60Hz. Solo frio. Tipo de Refrigerant: R410A. ","Aire LG de Ventana  W051CE On/Off, Enfriamiento, 5000 BTU/h, 0.5 TON. 115V/60Hz. Solo frio. Tipo de Refrigerant: R410A. CERTIFICADO ENERGY STAR®, Enfriamiento máximo, Flujo de aire vertical y horizontal en 2 vías. Bajo nivel de ruido, Chasis corredizo para una fácil instalación y mantenimiento. Control Remoto. Si. Medidas y Peso del Equipo: Peso: 18kg. Ancho 440mm, x Alto 282mm x Profundo 365mm. Garantia 3 años en compresor.",LINEA BLANCA,AIRE,2708.33,3656.25,4570.31,https://static.ctonline.mx/imagenes/AIRLGE330/AIRLGE330_400.jpg,https://static.ctonline.mx/marcas/png/AIRE.png,https://ctonline.mx/buscar/productos?b=AIRLGE330,,2708.33,3656.25,3473.44,35%,assets/img/catalog/AIRLGE330.jpg,https://static.ctonline.mx/imagenes/AIRLGE330/AIRLGE330_400.jpg,gabinetes
AIRLGE230,"Aire LG de Ventana W122CE On/Off, Enfriamiento, 12000 BTU/h, 1 TON. 220V/60Hz. Solo frio. Tipo de Refrigerante: R32. CER","Aire LG de Ventana W122CE On/Off, Enfriamiento, 12000 BTU/h, 1 TON. 220V/60Hz. Solo frio. Tipo de Refrigerante: R32. CERTIFICADO ENERGY STAR®, Enfriamiento máximo, Flujo de aire vertical y horizontal en 4 vías. Bajo nivel de ruido. Chasis corredizo para una fácil instalación y Mantenimiento. Voltaje (230V / 60 HZ) Control Remoto. Si.  Medidas y Peso del Equipo: Peso: 37.4kg. Ancho 600mm, x Alto 381mm x Profundo 563mm. Garantia 3 años en compresor.",LINEA BLANCA,AIRE,4958.33,6693.75,8367.19,https://static.ctonline.mx/imagenes/AIRLGE230/AIRLGE230_400.jpg,https://static.ctonline.mx/marcas/png/AIRE.png,https://ctonline.mx/buscar/productos?b=AIRLGE230,,4958.33,6693.75,6359.06,35%,assets/img/catalog/AIRLGE230.jpg,https://static.ctonline.mx/imagenes/AIRLGE230/AIRLGE230_400.jpg,gabinetes
CJNNTE030,"Cajón de Dinero Nextep NE-515R 5 monedas Ancho Uso Rudo Reforzado Riel Metálico color Negro, Acero Laminado en frio de g","Cajón de Dinero Nextep NE-515R 5 monedas Ancho Uso Rudo Reforzado Riel Metálico color Negro, Acero Laminado en frio de gran espesor Corredera de bola de acero de alta resistencia y palanca de liberación de emergencia en el chasis del cajón Puertos RJ-11  Cerradura 3 posiciones Amplitud de Vibración 12V Dimensiones 46cm x 46cm x 11.5cm Peso Neto 10.5 kg Bruto 11Kg Cable Plug a plug RJ11 de 80 cm de largo",PUNTO DE VENTA,CAJÓN,1127.27,29675.46,37094.32,https://static.ctonline.mx/imagenes/CJNNTE030/CJNNTE030_400.jpg,https://static.ctonline.mx/marcas/png/CAJN.png,https://ctonline.mx/buscar/productos?b=CJNNTE030,,21981.82,29675.46,28191.69,35%,assets/img/catalog/CJNNTE030.jpg,https://static.ctonline.mx/imagenes/CJNNTE030/CJNNTE030_400.jpg,gabinetes
LICZKT130,ZKTECO INBIO460B - Panel de Control de Acceso Profesional / 4 Puertas / con Gabinete y Fuente incluidos / 3 000 Huellas ,ZKTECO INBIO460B - Panel de Control de Acceso Profesional / 4 Puertas / con Gabinete y Fuente incluidos / 3 000 Huellas / PULL / Admite Biometría / Entradas y Salidas Auxiliares para Conexión de Semáforos o Sirenas,SOFTWARE,ZKTECO,331.83,8735.42,10919.27,https://static.ctonline.mx/imagenes/LICZKT130/LICZKT130_400.jpg,https://static.ctonline.mx/marcas/png/ZKTECO.png,https://ctonline.mx/buscar/productos?b=LICZKT130,,6470.68,8735.42,8298.65,35%,assets/img/catalog/LICZKT130.jpg,https://static.ctonline.mx/imagenes/LICZKT130/LICZKT130_400.jpg,gabinetes
ACCZKT880,"ZKTECO HORUS-E1 - Control de Asistencia Visible Light con Autenticación Facial (6000 Rostros), Registro de 100,000 Event","ZKTECO HORUS-E1 - Control de Asistencia Visible Light con Autenticación Facial (6000 Rostros), Registro de 100,000 Eventos, Conectividad incluye Bateria y CASE",SOFTWARE,ZKTECO,308.62,8124.55,10155.69,https://static.ctonline.mx/imagenes/ACCZKT880/ACCZKT880_400.jpg,https://static.ctonline.mx/marcas/png/ZKTECO.png,https://ctonline.mx/buscar/productos?b=ACCZKT880,,6018.19,8124.55,7718.32,35%,assets/img/catalog/ACCZKT880.jpg,https://static.ctonline.mx/imagenes/ACCZKT880/ACCZKT880_400.jpg,gabinetes
ACCZKT920,ZKTECO CASEHORUS - Funda para biométrico HorusE1 para incorporar batería de respaldo,ZKTECO CASEHORUS - Funda para biométrico HorusE1 para incorporar batería de respaldo,SOFTWARE,ZKTECO,31.57,831.03,1038.79,https://static.ctonline.mx/imagenes/ACCZKT920/ACCZKT920_400.jpg,https://static.ctonline.mx/marcas/png/ZKTECO.png,https://ctonline.mx/buscar/productos?b=ACCZKT920,,615.58,831.03,789.48,35%,assets/img/catalog/ACCZKT920.jpg,https://static.ctonline.mx/imagenes/ACCZKT920/ACCZKT920_400.jpg,gabinetes
BOCBLR170,"Bocinas 2.0 Gamer Glimm Tower BG575 Balam Rush Conexión Bluetooth/Auxiliar, iluminación LED 3 modos, 10w RMS. Sonido est","Bocinas 2.0 Gamer Glimm Tower BG575 Balam Rush Conexión Bluetooth/Auxiliar, iluminación LED 3 modos, 10w RMS. Sonido estéreo, Alimentación 5 Vcc 1A, Tipo de conector: USB. Color Negro.  BR-936972",ACCESORIOS,BOCINAS,383.37,10092.35,12615.44,https://static.ctonline.mx/imagenes/BOCBLR170/BOCBLR170_400.jpg,https://static.ctonline.mx/marcas/png/BOCINAS.png,https://ctonline.mx/buscar/productos?b=BOCBLR170,,7475.81,10092.35,9587.73,35%,assets/img/catalog/BOCBLR170.jpg,https://static.ctonline.mx/imagenes/BOCBLR170/BOCBLR170_400.jpg,gabinetes
BOCBLR180,"Bocinas 2.0 Gamer Glimm Tower BG575 Balam Rush Conexión Bluetooth/Auxiliar, iluminación LED 3 modos, 10w RMS. Sonido est","Bocinas 2.0 Gamer Glimm Tower BG575 Balam Rush Conexión Bluetooth/Auxiliar, iluminación LED 3 modos, 10w RMS. Sonido estéreo, Alimentación 5 Vcc 1A, Tipo de conector: USB Color Blanco.  BR-936989",ACCESORIOS,BOCINAS,383.37,10092.35,12615.44,https://static.ctonline.mx/imagenes/BOCBLR180/BOCBLR180_400.jpg,https://static.ctonline.mx/marcas/png/BOCINAS.png,https://ctonline.mx/buscar/productos?b=BOCBLR180,,7475.81,10092.35,9587.73,35%,assets/img/catalog/BOCBLR180.jpg,https://static.ctonline.mx/imagenes/BOCBLR180/BOCBLR180_400.jpg,gabinetes
ACCACT4760,"Soporte Para Gabinete VAULT BOW PRO BC434 ACTECK ADVANCED SERIES, Soporte para Gabinete,  Rotación Ajustable 180°, Sopor","Soporte Para Gabinete VAULT BOW PRO BC434 ACTECK ADVANCED SERIES, Soporte para Gabinete,  Rotación Ajustable 180°, Soporta hasta 10kg, Color Negro.  AC-936613",ACCESORIOS,SOPORTE,369.99,9739.98,12174.97,https://static.ctonline.mx/imagenes/ACCACT4760/ACCACT4760_400.jpg,https://static.ctonline.mx/marcas/png/SOPORTE.png,https://ctonline.mx/buscar/productos?b=ACCACT4760,,7214.8,9739.98,9252.98,35%,assets/img/catalog/ACCACT4760.jpg,https://static.ctonline.mx/imagenes/ACCACT4760/ACCACT4760_400.jpg,gabinetes
ACCNCB770,"Toallas Naceb (NA-0801), toallas humedas para limpieza de gabinetes, equipo de computo y electronica. 30 Piezas.","Toallas Naceb (NA-0801), toallas humedas para limpieza de gabinetes, equipo de computo y electronica. 30 Piezas.",ACCESORIOS,TOALLAS,37.36,983.57,1229.46,https://static.ctonline.mx/imagenes/ACCNCB770/ACCNCB770_400.jpg,https://static.ctonline.mx/marcas/png/TOALLAS.png,https://ctonline.mx/buscar/productos?b=ACCNCB770,,728.57,983.57,934.39,35%,assets/img/catalog/ACCNCB770.jpg,https://static.ctonline.mx/imagenes/ACCNCB770/ACCNCB770_400.jpg,gabinetes
VENNCB020,"Ventilador para Gabinete 12X12X2.5 CMS. Naceb NA-0922 Ventilador para gabinete 12X12X2.5 CMS. DE 3/4 Pines, CEPHEUS, Ven","Ventilador para Gabinete 12X12X2.5 CMS. Naceb NA-0922 Ventilador para gabinete 12X12X2.5 CMS. DE 3/4 Pines, CEPHEUS, Ventilador silencioso y de bajo consumo adecuado para espacios reducidos de cultivo interior.",ACCESORIOS,VENTILADOR,86.81,2285.36,2856.7,https://static.ctonline.mx/imagenes/VENNCB020/VENNCB020_400.jpg,https://static.ctonline.mx/marcas/png/VENTILADOR.png,https://ctonline.mx/buscar/productos?b=VENNCB020,,1692.86,2285.36,2171.09,35%,assets/img/catalog/VENNCB020.jpg,https://static.ctonline.mx/imagenes/VENNCB020/VENNCB020_400.jpg,gabinetes
VENNCB040,"Ventilador para Gabinete 12X12X2.5 CMS. Naceb NA-0921A Ventilador para gabinete 12X12X2.5 CMS. DE 3/4 Pines, RING Azul, ","Ventilador para Gabinete 12X12X2.5 CMS. Naceb NA-0921A Ventilador para gabinete 12X12X2.5 CMS. DE 3/4 Pines, RING Azul, Ventilador silencioso y de bajo consumo adecuado para espacios reducidos de cultivo interior.",ACCESORIOS,VENTILADOR,69.23,1822.5,2278.12,https://static.ctonline.mx/imagenes/VENNCB040/VENNCB040_400.jpg,https://static.ctonline.mx/marcas/png/VENTILADOR.png,https://ctonline.mx/buscar/productos?b=VENNCB040,,1350.0,1822.5,1731.38,35%,assets/img/catalog/VENNCB040.jpg,https://static.ctonline.mx/imagenes/VENNCB040/VENNCB040_400.jpg,gabinetes
VENNCB050,"Ventilador para Gabinete 12X12X2.5 CMS. Naceb NA-0921R Ventilador para gabinete 12X12X2.5 CMS. DE 3/4 Pines, RING Rojo, ","Ventilador para Gabinete 12X12X2.5 CMS. Naceb NA-0921R Ventilador para gabinete 12X12X2.5 CMS. DE 3/4 Pines, RING Rojo, Ventilador silencioso y de bajo consumo adecuado para espacios reducidos de cultivo interior.",ACCESORIOS,VENTILADOR,69.23,1822.5,2278.12,https://static.ctonline.mx/imagenes/VENNCB050/VENNCB050_400.jpg,https://static.ctonline.mx/marcas/png/VENTILADOR.png,https://ctonline.mx/buscar/productos?b=VENNCB050,,1350.0,1822.5,1731.38,35%,assets/img/catalog/VENNCB050.jpg,https://static.ctonline.mx/imagenes/VENNCB050/VENNCB050_400.jpg,gabinetes
VENNCB080,"Ventilador para Gabinete 12X12X2.5 CMS. Naceb NA-0919A Ventilador para gabinete 12X12X2.5 CMS. DE 3/4 Pines, 33LED Azul,","Ventilador para Gabinete 12X12X2.5 CMS. Naceb NA-0919A Ventilador para gabinete 12X12X2.5 CMS. DE 3/4 Pines, 33LED Azul, Ventilador silencioso y de bajo consumo adecuado para espacios reducidos de cultivo interior.",ACCESORIOS,VENTILADOR,67.03,1764.64,2205.8,https://static.ctonline.mx/imagenes/VENNCB080/VENNCB080_400.jpg,https://static.ctonline.mx/marcas/png/VENTILADOR.png,https://ctonline.mx/buscar/productos?b=VENNCB080,,1307.14,1764.64,1676.41,35%,assets/img/catalog/VENNCB080.jpg,https://static.ctonline.mx/imagenes/VENNCB080/VENNCB080_400.jpg,gabinetes
VENNCB090,"Ventilador para Gabinete 12X12X2.5 CMS. Naceb NA-0919R Ventilador para gabinete 12X12X2.5 CMS. DE 3/4 Pines, 33LED Rojo,","Ventilador para Gabinete 12X12X2.5 CMS. Naceb NA-0919R Ventilador para gabinete 12X12X2.5 CMS. DE 3/4 Pines, 33LED Rojo, Ventilador silencioso y de bajo consumo adecuado para espacios reducidos de cultivo interior.",ACCESORIOS,VENTILADOR,67.03,1764.64,2205.8,https://static.ctonline.mx/imagenes/VENNCB090/VENNCB090_400.jpg,https://static.ctonline.mx/marcas/png/VENTILADOR.png,https://ctonline.mx/buscar/productos?b=VENNCB090,,1307.14,1764.64,1676.41,35%,assets/img/catalog/VENNCB090.jpg,https://static.ctonline.mx/imagenes/VENNCB090/VENNCB090_400.jpg,gabinetes
VENNCB100,"Ventilador para Gabinete 12X12X2.5 CMS. Naceb NA-0920A Ventilador para gabinete 12X12X2.5 CMS. DE 3/4 Pines, 15LED Azul,","Ventilador para Gabinete 12X12X2.5 CMS. Naceb NA-0920A Ventilador para gabinete 12X12X2.5 CMS. DE 3/4 Pines, 15LED Azul, Ventilador silencioso y de bajo consumo adecuado para espacios reducidos de cultivo interior.",ACCESORIOS,VENTILADOR,67.03,1764.64,2205.8,https://static.ctonline.mx/imagenes/VENNCB100/VENNCB100_400.jpg,https://static.ctonline.mx/marcas/png/VENTILADOR.png,https://ctonline.mx/buscar/productos?b=VENNCB100,,1307.14,1764.64,1676.41,35%,assets/img/catalog/VENNCB100.jpg,https://static.ctonline.mx/imagenes/VENNCB100/VENNCB100_400.jpg,gabinetes
VENNCB110,"Ventilador para Gabinete 12X12X2.5 CMS. Naceb NA-0920R Ventilador para gabinete 12X12X2.5 CMS. DE 3/4 Pines, 15LED Rojo,","Ventilador para Gabinete 12X12X2.5 CMS. Naceb NA-0920R Ventilador para gabinete 12X12X2.5 CMS. DE 3/4 Pines, 15LED Rojo, Ventilador silencioso y de bajo consumo adecuado para espacios reducidos de cultivo interior.",ACCESORIOS,VENTILADOR,67.03,1764.64,2205.8,https://static.ctonline.mx/imagenes/VENNCB110/VENNCB110_400.jpg,https://static.ctonline.mx/marcas/png/VENTILADOR.png,https://ctonline.mx/buscar/productos?b=VENNCB110,,1307.14,1764.64,1676.41,35%,assets/img/catalog/VENNCB110.jpg,https://static.ctonline.mx/imagenes/VENNCB110/VENNCB110_400.jpg,gabinetes
ACCYEY070,Diadema con Micrófono. YEYIAN TEMPEST 2000. Audífono Tempest serie 2000 almohadillas forradas con material sintético par,"Diadema con Micrófono. YEYIAN TEMPEST 2000. Audífono Tempest serie 2000 almohadillas forradas con material sintético parecido a la piel, micrófono unido al chasis. Diseño Gaming, altavoces 40mm. Conectores de 3.5 mm 4-Pin Jack, USB para luz led. Cable de 2 mts. compatible PC, PS4, XBOX ONE. YH2000",ACCESORIOS,DIADEMA,10.31,271.44,339.3,https://static.ctonline.mx/imagenes/ACCYEY070/ACCYEY070_400.jpg,https://static.ctonline.mx/marcas/png/DIADEMA.png,https://ctonline.mx/buscar/productos?b=ACCYEY070,,201.07,271.44,257.87,35%,assets/img/catalog/ACCYEY070.jpg,https://static.ctonline.mx/imagenes/ACCYEY070/ACCYEY070_400.jpg,gabinetes
ACCMAC2840,AirPods Max MGYH3AM/A Chip H1 de Apple para audífonos (en cada audífono) Nueve micrófonos en total: Ocho micrófonos para,"AirPods Max MGYH3AM/A Chip H1 de Apple para audífonos (en cada audífono) Nueve micrófonos en total: Ocho micrófonos para la Cancelación Activa de Ruido Tres micrófonos para captar la voz (dos compartidos con la Cancelación Activa de Ruido y uno adicional) Controles: Digital Crown Gira para controlar el volumen Presiona una vez para reproducir, pausar o contestar una llamada Presiona dos veces para avanzar Presiona tres veces para retroceder Mantén presionado para activar Siri Botón de control de ruido Presiona para cambiar entre Cancelación Activa de Ruido y modo Ambiente Oye Siri Di “Oye Siri” para escuchar música, hacer una llamada u obtener indicaciones para llegar a un lugar. Tecnología de audio Controlador dinámico diseñado por Apple Cancelación Activa de Ruido Modo Ambiente Audio espacial con seguimiento dinámico del movimiento de la cabeza1 Ecualización Adaptativa. Hasta 20 horas de reproducción de audio con una sola carga y con la Cancelación Activa de Ruido o el modo Ambiente activados3 Hasta 20 horas de reproducción de video con una sola carga y con el audio espacial activado4 Hasta 20 horas de conversación con una sola carga  5 minutos de carga equivalen a aproximadamente 1.5 horas de reproducción de audio  AirPods Max con Smart Case Cuando los guardas en la funda Smart Case, entran en un estado de consumo de energía ultrabajo que conserva la carga  mediante conector Lightning. Conectividad Bluetooth 5.0. Color Gris espacial.",ACCESORIOS,AIRPODS,8767.39,11835.98,14794.97,https://static.ctonline.mx/imagenes/ACCMAC2840/ACCMAC2840_400.jpg,https://static.ctonline.mx/marcas/png/AIRPODS.png,https://ctonline.mx/buscar/productos?b=ACCMAC2840,,8767.39,11835.98,11244.18,35%,assets/img/catalog/ACCMAC2840.jpg,https://static.ctonline.mx/imagenes/ACCMAC2840/ACCMAC2840_400.jpg,gabinetes
ACCMAC2850,AirPods Max MGYJ3AM/A Chip H1 de Apple para audífonos (en cada audífono) Nueve micrófonos en total: Ocho micrófonos para,"AirPods Max MGYJ3AM/A Chip H1 de Apple para audífonos (en cada audífono) Nueve micrófonos en total: Ocho micrófonos para la Cancelación Activa de Ruido Tres micrófonos para captar la voz (dos compartidos con la Cancelación Activa de Ruido y uno adicional) Controles: Digital Crown Gira para controlar el volumen Presiona una vez para reproducir, pausar o contestar una llamada Presiona dos veces para avanzar Presiona tres veces para retroceder Mantén presionado para activar Siri Botón de control de ruido Presiona para cambiar entre Cancelación Activa de Ruido y modo Ambiente Oye Siri Di “Oye Siri” para escuchar música, hacer una llamada u obtener indicaciones para llegar a un lugar. Tecnología de audio Controlador dinámico diseñado por Apple Cancelación Activa de Ruido Modo Ambiente Audio espacial con seguimiento dinámico del movimiento de la cabeza1 Ecualización Adaptativa. Hasta 20 horas de reproducción de audio con una sola carga y con la Cancelación Activa de Ruido o el modo Ambiente activados3 Hasta 20 horas de reproducción de video con una sola carga y con el audio espacial activado4 Hasta 20 horas de conversación con una sola carga  5 minutos de carga equivalen a aproximadamente 1.5 horas de reproducción de audio  AirPods Max con Smart Case Cuando los guardas en la funda Smart Case, entran en un estado de consumo de energía ultrabajo que conserva la cargaCarga mediante conector Lightning. Conectividad Bluetooth 5.0. Color Plata.",ACCESORIOS,AIRPODS,8707.61,11755.27,14694.09,https://static.ctonline.mx/imagenes/ACCMAC2850/ACCMAC2850_400.jpg,https://static.ctonline.mx/marcas/png/AIRPODS.png,https://ctonline.mx/buscar/productos?b=ACCMAC2850,,8707.61,11755.27,11167.51,35%,assets/img/catalog/ACCMAC2850.jpg,https://static.ctonline.mx/imagenes/ACCMAC2850/ACCMAC2850_400.jpg,gabinetes
ACCMAC2860,AirPods Max  MGYL3AM/A Chip H1 de Apple para audífonos (en cada audífono) Nueve micrófonos en total: Ocho micrófonos par,"AirPods Max  MGYL3AM/A Chip H1 de Apple para audífonos (en cada audífono) Nueve micrófonos en total: Ocho micrófonos para la Cancelación Activa de Ruido Tres micrófonos para captar la voz (dos compartidos con la Cancelación Activa de Ruido y uno adicional) Controles: Digital Crown Gira para controlar el volumen Presiona una vez para reproducir, pausar o contestar una llamada Presiona dos veces para avanzar Presiona tres veces para retroceder Mantén presionado para activar Siri Botón de control de ruido Presiona para cambiar entre Cancelación Activa de Ruido y modo Ambiente Oye Siri Di “Oye Siri” para escuchar música, hacer una llamada u obtener indicaciones para llegar a un lugar. Tecnología de audio Controlador dinámico diseñado por Apple Cancelación Activa de Ruido Modo Ambiente Audio espacial con seguimiento dinámico del movimiento de la cabeza1 Ecualización Adaptativa. Hasta 20 horas de reproducción de audio con una sola carga y con la Cancelación Activa de Ruido o el modo Ambiente activados3 Hasta 20 horas de reproducción de video con una sola carga y con el audio espacial activado4 Hasta 20 horas de conversación con una sola carga  5 minutos de carga equivalen a aproximadamente 1.5 horas de reproducción de audio  AirPods Max con Smart Case Cuando los guardas en la funda Smart Case, entran en un estado de consumo de energía ultrabajo que conserva la cargaCarga mediante conector Lightning. Conectividad Bluetooth 5.0. Color Azul.",ACCESORIOS,AIRPODS,8707.61,11755.27,14694.09,https://static.ctonline.mx/imagenes/ACCMAC2860/ACCMAC2860_400.jpg,https://static.ctonline.mx/marcas/png/AIRPODS.png,https://ctonline.mx/buscar/productos?b=ACCMAC2860,,8707.61,11755.27,11167.51,35%,assets/img/catalog/ACCMAC2860.jpg,https://static.ctonline.mx/imagenes/ACCMAC2860/ACCMAC2860_400.jpg,gabinetes
ACCMAC3150,AirPods Max  MGYM3AM/A Chip H1 de Apple para audífonos (en cada audífono) Nueve micrófonos en total: Ocho micrófonos par,"AirPods Max  MGYM3AM/A Chip H1 de Apple para audífonos (en cada audífono) Nueve micrófonos en total: Ocho micrófonos para la Cancelación Activa de Ruido Tres micrófonos para captar la voz (dos compartidos con la Cancelación Activa de Ruido y uno adicional) Controles: Digital Crown Gira para controlar el volumen Presiona una vez para reproducir, pausar o contestar una llamada Presiona dos veces para avanzar Presiona tres veces para retroceder Mantén presionado para activar Siri Botón de control de ruido Presiona para cambiar entre Cancelación Activa de Ruido y modo Ambiente Oye Siri Di “Oye Siri” para escuchar música, hacer una llamada u obtener indicaciones para llegar a un lugar. Tecnología de audio Controlador dinámico diseñado por Apple Cancelación Activa de Ruido Modo Ambiente Audio espacial con seguimiento dinámico del movimiento de la cabeza1 Ecualización Adaptativa. Hasta 20 horas de reproducción de audio con una sola carga y con la Cancelación Activa de Ruido o el modo Ambiente activados3 Hasta 20 horas de reproducción de video con una sola carga y con el audio espacial activado4 Hasta 20 horas de conversación con una sola carga  5 minutos de carga equivalen a aproximadamente 1.5 horas de reproducción de audio  AirPods Max con Smart Case Cuando los guardas en la funda Smart Case, entran en un estado de consumo de energía ultrabajo que conserva la cargaCarga mediante conector Lightning. Conectividad Bluetooth 5.0. Color Rosa.",ACCESORIOS,AIRPODS,10581.52,14285.06,17856.33,https://static.ctonline.mx/imagenes/ACCMAC3150/ACCMAC3150_400.jpg,https://static.ctonline.mx/marcas/png/AIRPODS.png,https://ctonline.mx/buscar/productos?b=ACCMAC3150,,10581.53,14285.06,13570.81,35%,assets/img/catalog/ACCMAC3150.jpg,https://static.ctonline.mx/imagenes/ACCMAC3150/ACCMAC3150_400.jpg,gabinetes
ACCMAC3160,AirPods Max  MGYN3AM/A Chip H1 de Apple para audífonos (en cada audífono) Nueve micrófonos en total: Ocho micrófonos par,"AirPods Max  MGYN3AM/A Chip H1 de Apple para audífonos (en cada audífono) Nueve micrófonos en total: Ocho micrófonos para la Cancelación Activa de Ruido Tres micrófonos para captar la voz (dos compartidos con la Cancelación Activa de Ruido y uno adicional) Controles: Digital Crown Gira para controlar el volumen Presiona una vez para reproducir, pausar o contestar una llamada Presiona dos veces para avanzar Presiona tres veces para retroceder Mantén presionado para activar Siri Botón de control de ruido Presiona para cambiar entre Cancelación Activa de Ruido y modo Ambiente Oye Siri Di “Oye Siri” para escuchar música, hacer una llamada u obtener indicaciones para llegar a un lugar. Tecnología de audio Controlador dinámico diseñado por Apple Cancelación Activa de Ruido Modo Ambiente Audio espacial con seguimiento dinámico del movimiento de la cabeza1 Ecualización Adaptativa. Hasta 20 horas de reproducción de audio con una sola carga y con la Cancelación Activa de Ruido o el modo Ambiente activados3 Hasta 20 horas de reproducción de video con una sola carga y con el audio espacial activado4 Hasta 20 horas de conversación con una sola carga  5 minutos de carga equivalen a aproximadamente 1.5 horas de reproducción de audio  AirPods Max con Smart Case Cuando los guardas en la funda Smart Case, entran en un estado de consumo de energía ultrabajo que conserva la cargaCarga mediante conector Lightning. Conectividad Bluetooth 5.0. Color Verde.",ACCESORIOS,AIRPODS,10581.52,14285.06,17856.33,https://static.ctonline.mx/imagenes/ACCMAC3160/ACCMAC3160_400.jpg,https://static.ctonline.mx/marcas/png/AIRPODS.png,https://ctonline.mx/buscar/productos?b=ACCMAC3160,,10581.53,14285.06,13570.81,35%,assets/img/catalog/ACCMAC3160.jpg,https://static.ctonline.mx/imagenes/ACCMAC3160/ACCMAC3160_400.jpg,gabinetes
ACCMAC2960,AirPods Pro with magsafe case MLWK3AM/A Tecnología de audio  Controlador de alta excursión diseñado por Apple Amplificad,"AirPods Pro with magsafe case MLWK3AM/A Tecnología de audio  Controlador de alta excursión diseñado por Apple Amplificador exclusivo con alto rango dinámico Cancelación Activa de Ruido Modo Ambiente Ecualización de presión mediante un sistema de ventilación. Audio espacial con seguimiento dinámico del movimiento de la cabeza1 Ecualización Adaptativa. Dos micrófonos con tecnología beamforming Micrófono orientado hacia adentro Dos sensores ópticos Acelerómetro con detección de movimiento Acelerómetro con detección de voz Sensor de fuerza Chip H1 para audífonos Presiona una vez para reproducir, pausar o contestar una llamada Presiona dos veces para avanzar Presiona tres veces para retroceder Mantén presionado para cambiar entre Cancelación Activa de Ruido y modo Ambiente Di “Oye Siri” para escuchar música, hacer una llamada u obtener indicaciones para llegar a un lugar  Resistentes al agua y al sudor (IPX4) Funciona con cargadores MagSafe, cargadores con certificación Qi o con el conector Lightning Más de 24 horas de audio6 Más de 18 horas de conversación 5 minutos en el estuche te dan aproximadamente 1 hora de audio8 o aproximadamente 1 hora de conversación. 1 año de garantía.  (Existecias Limitadas)",ACCESORIOS,AIRPODS,4130.43,5576.08,6970.1,https://static.ctonline.mx/imagenes/ACCMAC2960/ACCMAC2960_400.jpg,https://static.ctonline.mx/marcas/png/AIRPODS.png,https://ctonline.mx/buscar/productos?b=ACCMAC2960,,4130.43,5576.08,5297.28,35%,assets/img/catalog/ACCMAC2960.jpg,https://static.ctonline.mx/imagenes/ACCMAC2960/ACCMAC2960_400.jpg,gabinetes
BOCASS100,Audifonos ASUS ROG CETRA TRUE WIRELESS/WHITE Uso Gaming Multimedia Interfaz Inalámbrico Conector Bluetooth 5.0 Plataform,Audifonos ASUS ROG CETRA TRUE WIRELESS/WHITE Uso Gaming Multimedia Interfaz Inalámbrico Conector Bluetooth 5.0 Plataformas soportadas PC MAC Nintendo Switch iPad iOS Android Bluetooth device Material del parlante Neodymium magnet Tamaño del parlante 10 mm Impedancia de auriculares 32 ohm Respuesta de frecuencia de auriculares 20Hz - 20KHz 20 Hz - 20 KHz Patrón de escucha del micrófono Omnidirectional Sensibilidad del micrófono -45 dB Respuesta de frecuencia del micrófono 100Hz - 10KHz Micrófono con cancelación de ruidos con IA No Cancelación activa del radio Yes Canal Stereo Aura Sync No Batería 4.5 + 17 hours (ANC On) 5.5 + 21.5 hours (ANC Off) 4.5 + 17 hours (ANC On) 5.5+ 21.5 hours (ANC Off) Peso Headphone(each side) 5g Charging case 42 g Headphone(each side) 5g Charging case 42 g Total 52g Color Black Moonlight white Accesorios 2 pairs of eartips Charging cable(60 cm) Quick Start Guide Nota Support SBC & AAC Audio Codec Support SBC & AAC Audio Codec,ACCESORIOS,AUDIFONOS,68.33,1798.88,2248.6,https://static.ctonline.mx/imagenes/BOCASS100/BOCASS100_400.jpg,https://static.ctonline.mx/marcas/png/AUDIFONOS.png,https://ctonline.mx/buscar/productos?b=BOCASS100,,1332.5,1798.88,1708.94,35%,assets/img/catalog/BOCASS100.jpg,https://static.ctonline.mx/imagenes/BOCASS100/BOCASS100_400.jpg,gabinetes
BOCMST4170,"PC-117230 Audífonos Inalámbricos TWS con Inteligencia Artificial, ANC y Pantalla Táctil Auralis: Tecnología de última ge","PC-117230 Audífonos Inalámbricos TWS con Inteligencia Artificial, ANC y Pantalla Táctil Auralis: Tecnología de última generación al alcance de tus oídos. Descubre una nueva era del audio con estos audífonos TWS con inteligencia artificial, diseñados para ofrecerte mucho más que solo música. Equipados con cancelación activa de ruido (ANC), pantalla frontal táctil y modo traductor en tiempo real, se convierten en el compañero perfecto para tu día a día. Además, su innovadora función de conversación con ChatGPT integrado te permite interactuar con IA donde sea que estés. Inteligencia Artificial integrada: interactúa con ChatGPT para consultas rápidas, recordatorios, traducciones y más. ANC (Cancelación Activa de Ruido): aísla el sonido exterior para una experiencia auditiva envolvente. Modo traductor: ideal para viajes, conversaciones en otros idiomas y experiencias internacionales. Pantalla táctil frontal: controla funciones, responde llamadas o cambia de modo con un solo toque. ESPECIFICACIONES TÉCNICAS • Alimentación: 5Vcc 1A• Conector de carga: Tipo C• Frecuencia de respuesta: 20Hz - 20KHz• Bluetooth: V 5.4• Alcance: 10m• Perfiles: A2DP, AVRCP, HSP, HFP• Batería estuche / audífono: 470mAh / 40mAh• Tiempo de reproducción: Hasta 20h totales (6por carga)• Diámetro de casco (driver): 10mm• Protección: IPX6; MEDIDAS DEL PRODUCTO:• Medidas: Auricular: 2.5 x 2 x 2.5 cm, Case: 6.2 x 5.5 x 30 cm • Peso: 56 g CONTENIDO DEL EMPAQUE:• 1 Par de audífonos TWS• 1 Estuche de carga• 1 Cable de carga • 1 Guía de usuario 1 Año de Garantia Directo con Fabricante",ACCESORIOS,PC-117230,702.13,18483.58,23104.48,https://static.ctonline.mx/imagenes/BOCMST4170/BOCMST4170_400.jpg,https://static.ctonline.mx/marcas/png/PC-117230.png,https://ctonline.mx/buscar/productos?b=BOCMST4170,,13691.54,18483.58,17559.4,35%,assets/img/catalog/BOCMST4170.jpg,https://static.ctonline.mx/imagenes/BOCMST4170/BOCMST4170_400.jpg,gabinetes
GABITL760,"716000 Gabinete móvil de carga profesional con 32 puertos USB-C - 576W: 32 puertos USB-C PD, compartimientos espaciosos ","716000 Gabinete móvil de carga profesional con 32 puertos USB-C - 576W: 32 puertos USB-C PD, compartimientos espaciosos para teléfonos y tabletas, 576 W en total, hasta 18 W por puerto, bloqueo con código PIN, protección contra sobretensiones, ventilación silenciosa, carcasa de metal, negro, Almacena de forma segura y carga rápidamente hasta 32 smartphones, tabletas y otros dispositivos USB, Puertos de carga USB - C Power Delivery (PD 3.0) con potencia de hasta 3 A / 18 W por puerto y 576 W en total, Carcasa de metal resistente, segura y con recubrimiento de polvo; bloqueable con código PIN Eléctrico: Entrada AC: 110 - 240 V; 16 A; 50 -60 Hz, Salida AC: 110 - 240 V; 16 A; 50 - 60 Hz, 2 puertos de salida (EU CEE 7/3), Potencia de carga USB - C: 5 - 12 V; máximo 3 A; 18 W; 32 puertos de salida con 576 W en total, Potencia de carga USB - A: 5 V; 2.1 A; 1 puerto de salida , 3 Años de Garantía Directo con Fabricante.",ACCESORIOS,716000,1046.15,27540.0,34425.0,https://static.ctonline.mx/imagenes/GABITL760/GABITL760_400.jpg,https://static.ctonline.mx/marcas/png/716000.png,https://ctonline.mx/buscar/productos?b=GABITL760,,20400.0,27540.0,26163.0,35%,assets/img/catalog/GABITL760.jpg,https://static.ctonline.mx/imagenes/GABITL760/GABITL760_400.jpg,gabinetes
GABITL770,715959 Gabinete profesional para carga de energía con 20 puertos USB-C - 360 W: Carga rápidamente y almacena de forma se,"715959 Gabinete profesional para carga de energía con 20 puertos USB-C - 360 W: Carga rápidamente y almacena de forma segura hasta 20 dispositivos inteligentes como tabletas, y otros dispositivos USB, Puertos de carga USB-C (PD 3.0) con potencia de hasta 3 A / 18 W por puerto y 360 W en total, Protección contra sobrecarga, sobre corriente, cortocircuito, picos de voltaje y rayos, Eléctrico: Entrada AC: 110 - 240 V; 16 A; 50 -60 Hz, Potencia de salida USB-C Ajustes de voltaje/corriente (máximo): USB-C: 5 V / 3 A, 9 V / 2 A, 12 V / 1.5 A , 3 Años de Garantía Directo con Fabricante.",ACCESORIOS,715959,643.57,16942.02,21177.53,https://static.ctonline.mx/imagenes/GABITL770/GABITL770_400.jpg,https://static.ctonline.mx/marcas/png/715959.png,https://ctonline.mx/buscar/productos?b=GABITL770,,12549.64,16942.02,16094.92,35%,assets/img/catalog/GABITL770.jpg,https://static.ctonline.mx/imagenes/GABITL770/GABITL770_400.jpg,gabinetes
GABITL780,"715942 Gabinete de carga con 10 puertos USB-C - 180 W: 10 puertos USB-C PD, bahías para teléfonos y tabletas de hasta 10","715942 Gabinete de carga con 10 puertos USB-C - 180 W: 10 puertos USB-C PD, bahías para teléfonos y tabletas de hasta 10.2"", 180 W en total, hasta 18 W por puerto, con cerradura, protección contra sobretensiones, ventilación integrada, carcasa metálica, negro, Almacena de forma segura y carga rápidamente hasta 10 smartphones, tabletas y otros dispositivos USB de hasta 10.2"",Puertos de carga USB-C Power Delivery (PD 3.0) con una potencia de hasta 3 A / 18 W por puerto y 180 W en total; no se necesitan cargadores de pared adicionales. Protección contra sobrecarga, sobre corriente, cortocircuito, picos de tensión y rayos Eléctrico: Entrada AC: 110 - 240 V; 16 A; 50 -60 Hz, Potencia de salida USB-C Ajustes de voltaje/corriente (máximo): USB-C: 5 V / 3 A, 9 V / 2 A, 12 V / 1.5 A , 3 Años de Garantía Directo con Fabricante.",ACCESORIOS,715942,456.76,12024.16,15030.2,https://static.ctonline.mx/imagenes/GABITL780/GABITL780_400.jpg,https://static.ctonline.mx/marcas/png/715942.png,https://ctonline.mx/buscar/productos?b=GABITL780,,8906.79,12024.16,11422.95,35%,assets/img/catalog/GABITL780.jpg,https://static.ctonline.mx/imagenes/GABITL780/GABITL780_400.jpg,gabinetes
GABITL830,"Gabinete de piso (716222) Pro Line 18U, 19"", unidad de ventilación con dos extractores de aire instalados en el techo, P","Gabinete de piso (716222) Pro Line 18U, 19"", unidad de ventilación con dos extractores de aire instalados en el techo, Profundidad de instalación útil: ajustable de 150 a 500 mm (5.91 a 19.69 pulg.), Ensamblado, negro RAL 9004, capacidad de carga de hasta 800 kg, para equipos de red, servidores, telecomunicaciones y audio y video. Incluye 3 charolas ventiladas de 2U de 380 mm de profundidad y 10 kg de capacidad de carga cada una, se pueden extraer, 3 paneles ciegos ventilados de 2U extraíbles para cubrir las posiciones no utilizadas en el gabinete, Protección de grado IP20.",ACCESORIOS,DE,551.1,14507.68,18134.6,https://static.ctonline.mx/imagenes/GABITL830/GABITL830_400.jpg,https://static.ctonline.mx/marcas/png/DE.png,https://ctonline.mx/buscar/productos?b=GABITL830,,10746.43,14507.68,13782.3,35%,assets/img/catalog/GABITL830.jpg,https://static.ctonline.mx/imagenes/GABITL830/GABITL830_400.jpg,gabinetes
GABITL840,"Gabinete de piso (716239) Pro Line 27U, 19"", unidad de ventilación con dos extractores de aire instalados en el techo, P","Gabinete de piso (716239) Pro Line 27U, 19"", unidad de ventilación con dos extractores de aire instalados en el techo, Profundidad de instalación útil: ajustable de 150 a 500 mm (5.91 a 19.69 pulg.), Ensamblado, negro RAL 9004, capacidad de carga de hasta 800 kg, para equipos de red, servidores, telecomunicaciones y audio y video. Incluye 5 charolas ventiladas de 2U de 380 mm de profundidad y 10 kg de capacidad de carga cada una, se pueden extraer, 5 paneles ciegos ventilados de 2U extraíbles para cubrir las posiciones no utilizadas en el gabinete, Protección de grado IP20.",ACCESORIOS,DE,677.2,17827.23,22284.04,https://static.ctonline.mx/imagenes/GABITL840/GABITL840_400.jpg,https://static.ctonline.mx/marcas/png/DE.png,https://ctonline.mx/buscar/productos?b=GABITL840,,13205.36,17827.23,16935.87,35%,assets/img/catalog/GABITL840.jpg,https://static.ctonline.mx/imagenes/GABITL840/GABITL840_400.jpg,gabinetes
GABITL850,"Gabinete de piso (716246) Pro Line 38U, 19"", unidad de ventilación con dos extractores de aire instalados en el techo, P","Gabinete de piso (716246) Pro Line 38U, 19"", unidad de ventilación con dos extractores de aire instalados en el techo, Profundidad de instalación útil: ajustable de 150 a 500 mm (5.91 a 19.69 pulg.), Ensamblado, negro RAL 9004, capacidad de carga de hasta 800 kg, para equipos de red, servidores, telecomunicaciones y audio y video. Incluye 7 charolas ventiladas de 2U de 380 mm de profundidad y 10 kg de capacidad de carga cada una, se pueden extraer, 7 paneles ciegos ventilados de 2U extraíbles para cubrir las posiciones no utilizadas en el gabinete, Protección de grado IP20.",ACCESORIOS,DE,835.99,22007.41,27509.26,https://static.ctonline.mx/imagenes/GABITL850/GABITL850_400.jpg,https://static.ctonline.mx/marcas/png/DE.png,https://ctonline.mx/buscar/productos?b=GABITL850,,16301.79,22007.41,20907.04,35%,assets/img/catalog/GABITL850.jpg,https://static.ctonline.mx/imagenes/GABITL850/GABITL850_400.jpg,gabinetes
GABITL800,"Gabinete de piso (716253) Pro Line 42U, 19"", unidad de ventilación con dos extractores de aire instalados en el techo, P","Gabinete de piso (716253) Pro Line 42U, 19"", unidad de ventilación con dos extractores de aire instalados en el techo, Profundidad de instalación útil: ajustable de 150 a 500 mm (5.91 a 19.69 pulg.), Ensamblado, negro RAL 9004, capacidad de carga de hasta 800 kg, para equipos de red, servidores, telecomunicaciones y audio y video. Incluye 9 charolas ventiladas de 2U de 380 mm de profundidad y 10 kg de capacidad de carga cada una, se pueden extraer, 9 paneles ciegos ventilados de 2U extraíbles para cubrir las posiciones no utilizadas en el gabinete, Protección de grado IP20.",ACCESORIOS,DE,924.73,24343.39,30429.24,https://static.ctonline.mx/imagenes/GABITL800/GABITL800_400.jpg,https://static.ctonline.mx/marcas/png/DE.png,https://ctonline.mx/buscar/productos?b=GABITL800,,18032.14,24343.39,23126.22,35%,assets/img/catalog/GABITL800.jpg,https://static.ctonline.mx/imagenes/GABITL800/GABITL800_400.jpg,gabinetes
CABITL2070,"Cable USB, MANHATTAN, Dispositivos A Macho / Micro B Macho, 0.5 m, Negro, 325677, Los Cables USB 2.0 de Alta Velocidad p","Cable USB, MANHATTAN, Dispositivos A Macho / Micro B Macho, 0.5 m, Negro, 325677, Los Cables USB 2.0 de Alta Velocidad para Dispositivos  conectan con facilidad periféricos y accesorios con las computadoras o portátiles. Ideales para usarse con gabinetes USB, hubs y otros dispositivos Plug and Play, Hot swap, los Cables USB 2.0 de Alta Velocidad para Dispositivos soportan tasas de transferencia de hasta 480 Mbps sobre sistemas Mac y Windows para transmisiones rápidas y confiables.",ACCESORIOS,CABLE,1.31,34.43,43.04,https://static.ctonline.mx/imagenes/CABITL2070/CABITL2070_400.jpg,https://static.ctonline.mx/marcas/png/CABLE.png,https://ctonline.mx/buscar/productos?b=CABITL2070,,25.5,34.43,32.71,35%,assets/img/catalog/CABITL2070.jpg,https://static.ctonline.mx/imagenes/CABITL2070/CABITL2070_400.jpg,gabinetes
CABITL2460,Cable USB A-B 5 metros color Negro (337779) Los cables Manhattan para dispositivos USB 2.0 de alta velocidad conecta fác,"Cable USB A-B 5 metros color Negro (337779) Los cables Manhattan para dispositivos USB 2.0 de alta velocidad conecta fácilmente periféricos USB y accesorios con computadoras de escritorio y notebooks. Ideal para su uso con gabinetes externos, hubs y otros dispositivos Plug-and-Play, los cables Manhattan para dispositivos USB 2.0 de alta velocidad soportan tasas de transferencia de datos de hasta 480 Mbps en sistemas Windows y Mac para transmisiones rápidas y seguras. Sus contactos en chapa de oro, su blindaje y sus protectores para aligerar las tensiones ayudan a brindar conexiones confiables, una conductividad máxima y un mínima pérdida de datos con interferencia EMI reducida.",ACCESORIOS,CABLE,2.71,71.46,89.32,https://static.ctonline.mx/imagenes/CABITL2460/CABITL2460_400.jpg,https://static.ctonline.mx/marcas/png/CABLE.png,https://ctonline.mx/buscar/productos?b=CABITL2460,,52.93,71.46,67.89,35%,assets/img/catalog/CABITL2460.jpg,https://static.ctonline.mx/imagenes/CABITL2460/CABITL2460_400.jpg,gabinetes
SLXLMP030,"SILIMPO, Espuma limpiadora para Gabinetes, Teclados y todo tipo de superficies plasticas y metalicas, Envase de 454ml.","SILIMPO, Espuma limpiadora para Gabinetes, Teclados y todo tipo de superficies plasticas y metalicas, Envase de 454ml.",ACCESORIOS,SILIMPO,70.11,1845.53,2306.91,https://static.ctonline.mx/imagenes/SLXLMP030/SLXLMP030_400.jpg,https://static.ctonline.mx/marcas/png/SILIMPO.png,https://ctonline.mx/buscar/productos?b=SLXLMP030,,1367.06,1845.53,1753.25,35%,assets/img/catalog/SLXLMP030.jpg,https://static.ctonline.mx/imagenes/SLXLMP030/SLXLMP030_400.jpg,gabinetes
SLXLMP130,"COMPUTOALLAS, toallas humedas para limpieza de gabinetes, equipo de computo y electronica. 30 Piezas.","COMPUTOALLAS, toallas humedas para limpieza de gabinetes, equipo de computo y electronica. 30 Piezas.",ACCESORIOS,COMPUTOALLAS,44.21,1163.92,1454.9,https://static.ctonline.mx/imagenes/SLXLMP130/SLXLMP130_400.jpg,https://static.ctonline.mx/marcas/png/COMPUTOALLAS.png,https://ctonline.mx/buscar/productos?b=SLXLMP130,,862.16,1163.92,1105.72,35%,assets/img/catalog/SLXLMP130.jpg,https://static.ctonline.mx/imagenes/SLXLMP130/SLXLMP130_400.jpg,gabinetes
SLXLMP680,"Silimpo Espuma limpiadora GAMER SILIMEX 7503018454139, Espuma limpiadora de superficies: Poder de limpieza, fácil expans","Silimpo Espuma limpiadora GAMER SILIMEX 7503018454139, Espuma limpiadora de superficies: Poder de limpieza, fácil expansión de producto con propiedades anticorrosivas y tensoactivos biodegradable.de uso exclusivamente para gabinetes de equipos de cómputo y todo tipo de superficies plásticas, con una eficaz acción emulsificante que desintegra grasas, cochambre y suciedad, sin afectar la estructura molecular de los equipos.Presentación: Bote de 300 ML.",ACCESORIOS,SILIMPO,50.92,1340.44,1675.55,https://static.ctonline.mx/imagenes/SLXLMP680/SLXLMP680_400.jpg,https://static.ctonline.mx/marcas/png/SILIMPO.png,https://ctonline.mx/buscar/productos?b=SLXLMP680,,992.92,1340.44,1273.42,35%,assets/img/catalog/SLXLMP680.jpg,https://static.ctonline.mx/imagenes/SLXLMP680/SLXLMP680_400.jpg,gabinetes
ACCTRL560,"Gabinete. Cerrado de 19"" Estandar, Soporte 2500 LBS (1133.98 KG) con side panels y puertas incluidas, su altura en  EIA ","Gabinete. Cerrado de 19"" Estandar, Soporte 2500 LBS (1133.98 KG) con side panels y puertas incluidas, su altura en  EIA unit (42U)",ACCESORIOS,GABINETE,26737.92,36096.2,45120.25,https://static.ctonline.mx/imagenes/ACCTRL560/ACCTRL560_400.jpg,https://static.ctonline.mx/marcas/png/GABINETE.png,https://ctonline.mx/buscar/productos?b=ACCTRL560,,26737.92,36096.2,34291.39,35%,assets/img/catalog/ACCTRL560.jpg,https://static.ctonline.mx/imagenes/ACCTRL560/ACCTRL560_400.jpg,gabinetes
ACCTRL1670,Gabinete SRW12US de 12U de Profundidad Estándar para instalar en pared SmartRack Tripp Lite,Gabinete SRW12US de 12U de Profundidad Estándar para instalar en pared SmartRack Tripp Lite,ACCESORIOS,SRW12US,5154.26,6958.24,8697.8,https://static.ctonline.mx/imagenes/ACCTRL1670/ACCTRL1670_400.jpg,https://static.ctonline.mx/marcas/png/SRW12US.png,https://ctonline.mx/buscar/productos?b=ACCTRL1670,,5154.25,6958.24,6610.33,35%,assets/img/catalog/ACCTRL1670.jpg,https://static.ctonline.mx/imagenes/ACCTRL1670/ACCTRL1670_400.jpg,gabinetes
ACCTRL380,Gabinete SRW6U TRIPP LITE de 6U de Profundidad Estándar para instalar en pared SmartRack,Gabinete SRW6U TRIPP LITE de 6U de Profundidad Estándar para instalar en pared SmartRack,ACCESORIOS,SRW6U,2627.76,3547.48,4434.35,https://static.ctonline.mx/imagenes/ACCTRL380/ACCTRL380_400.jpg,https://static.ctonline.mx/marcas/png/SRW6U.png,https://ctonline.mx/buscar/productos?b=ACCTRL380,,2627.76,3547.48,3370.11,35%,assets/img/catalog/ACCTRL380.jpg,https://static.ctonline.mx/imagenes/ACCTRL380/ACCTRL380_400.jpg,gabinetes
ACCTRL3810,"Gabinete pared SmartRack de 12U, puerta delantera y laterales ventiladas. MEDIDAS 65CM DE ALTO, 60CM ANCHO, 45CM PROFUND","Gabinete pared SmartRack de 12U, puerta delantera y laterales ventiladas. MEDIDAS 65CM DE ALTO, 60CM ANCHO, 45CM PROFUNDIDAD SRW12U",ACCESORIOS,PARED,3890.52,5252.2,6565.25,https://static.ctonline.mx/imagenes/ACCTRL3810/ACCTRL3810_400.jpg,https://static.ctonline.mx/marcas/png/PARED.png,https://ctonline.mx/buscar/productos?b=ACCTRL3810,,3890.52,5252.2,4989.59,35%,assets/img/catalog/ACCTRL3810.jpg,https://static.ctonline.mx/imagenes/ACCTRL3810/ACCTRL3810_400.jpg,gabinetes
ACCTRL5450,Gabinete para Cableado Estructurado SmartRack de 3U de Bajo Perfil de Profundidad de Switch para instalación vertical en,Gabinete para Cableado Estructurado SmartRack de 3U de Bajo Perfil de Profundidad de Switch para instalación vertical en pared SRWF6UMOD,ACCESORIOS,PARA,3915.18,5285.49,6606.86,https://static.ctonline.mx/imagenes/ACCTRL5450/ACCTRL5450_400.jpg,https://static.ctonline.mx/marcas/png/PARA.png,https://ctonline.mx/buscar/productos?b=ACCTRL5450,,3915.18,5285.49,5021.22,35%,assets/img/catalog/ACCTRL5450.jpg,https://static.ctonline.mx/imagenes/ACCTRL5450/ACCTRL5450_400.jpg,gabinetes
ACCTRL3940,"Panel de Ventiladores SmartRack de 3U, Tripp Lite,  Modelo SRFAN3U, Accesorio de Ventilador Triple SRFAN3U (para uso con","Panel de Ventiladores SmartRack de 3U, Tripp Lite,  Modelo SRFAN3U, Accesorio de Ventilador Triple SRFAN3U (para uso con SmartRacks) de Tripp Lite; para Instalación en Panel SmartRack es ideal para aumentar la ventilación de SmartRacks, gabinetes y gabinetes de servidor. La unidad cuenta con (3) ventiladores de 102 mm. La unidad cuenta con (3) ventiladores de 102 mm [4 pulg.] 120V instalados en un panel de 3U, cable de 1.83 m [6 pies]. Incluye los accesorios de instalación.",ACCESORIOS,PANEL,1175.33,30940.5,38675.62,https://static.ctonline.mx/imagenes/ACCTRL3940/ACCTRL3940_400.jpg,https://static.ctonline.mx/marcas/png/PANEL.png,https://ctonline.mx/buscar/productos?b=ACCTRL3940,,22918.89,30940.5,29393.47,35%,assets/img/catalog/ACCTRL3940.jpg,https://static.ctonline.mx/imagenes/ACCTRL3940/ACCTRL3940_400.jpg,gabinetes
ACCTRL4070,Administrador de Cables Tripp lite Horizontal de 2U de Alta Capacidad - conducto de peine con tapa de bisagra doble SRCA,Administrador de Cables Tripp lite Horizontal de 2U de Alta Capacidad - conducto de peine con tapa de bisagra doble SRCABLEDUCT2UHD) organiza cables dentro del gabinete SmartRack o rack abierto. Incluye los accesorios de instalación necesarios.,ACCESORIOS,ADMINISTRADOR,389.03,10241.13,12801.41,https://static.ctonline.mx/imagenes/ACCTRL4070/ACCTRL4070_400.jpg,https://static.ctonline.mx/marcas/png/ADMINISTRADOR.png,https://ctonline.mx/buscar/productos?b=ACCTRL4070,,7586.03,10241.13,9729.07,35%,assets/img/catalog/ACCTRL4070.jpg,https://static.ctonline.mx/imagenes/ACCTRL4070/ACCTRL4070_400.jpg,gabinetes
ACCTRL5110,Juego de Accesorios Tripplite para Orificio Cuadrado con 50 Tornillos M5 y Arandelas Los SmartRack SRCAGENUTS son compat,Juego de Accesorios Tripplite para Orificio Cuadrado con 50 Tornillos M5 y Arandelas Los SmartRack SRCAGENUTS son compatibles con todos los gabinetes con orificio cuadrado.,ACCESORIOS,JUEGO,194.42,5118.15,6397.69,https://static.ctonline.mx/imagenes/ACCTRL5110/ACCTRL5110_400.jpg,https://static.ctonline.mx/marcas/png/JUEGO.png,https://ctonline.mx/buscar/productos?b=ACCTRL5110,,3791.22,5118.15,4862.24,35%,assets/img/catalog/ACCTRL5110.jpg,https://static.ctonline.mx/imagenes/ACCTRL5110/ACCTRL5110_400.jpg,gabinetes
ACCRBT8930,"GABINETE DE ALUMINIO PARA MAC MINI M4 (406313), Brobotix El nuevo gabinete de aluminio BRobotix® podrás colocar tu Mac M","GABINETE DE ALUMINIO PARA MAC MINI M4 (406313), Brobotix El nuevo gabinete de aluminio BRobotix® podrás colocar tu Mac Mini verticalmente para ahorrar espacio y elevar la configuración de tu computadora, haciendo el espacio de trabajo más limpio y profesional. Para los jugadores, una base para su Mac Mini mejorará la refrigeración y la gestión de los periféricos, lo que se traducirá en un mejor rendimiento. Gabinete de aleación de aluminio de alta calidad  para Mac Mini M4. Compatibilidad perfecta con puertos, ranuras o botones. Disipación de calor altamente eficiente, promoviendo la circulación del aire. Diseño elevado y estable de cuatro pies de silicona antideslizantes para garantizar que el dispositivo se coloque firmemente y mejore el flujo de aire debajo, evitando el sobrecalentamiento. Forro interior suave que evita arañazos y amortigua pequeños golpes. Protección contra el polvo, manteniendo tu Mac mini limpia y funcionando de manera eficiente. Asas de transporte. Ligero, duradero y elegante. Especificaciones: Compatible con Mac Mini M4. Material: aleación de aluminio, ABS Color: Plata",ACCESORIOS,DE,29.81,784.77,980.96,https://static.ctonline.mx/imagenes/ACCRBT8930/ACCRBT8930_400.jpg,https://static.ctonline.mx/marcas/png/DE.png,https://ctonline.mx/buscar/productos?b=ACCRBT8930,,581.31,784.77,745.53,35%,assets/img/catalog/ACCRBT8930.jpg,https://static.ctonline.mx/imagenes/ACCRBT8930/ACCRBT8930_400.jpg,gabinetes
ACCRBT5930,"GABINETE PARA CÁMARA DE VIDEO-VIGILANCIA CCTV (963363), Brobotix Encuentra la solución completa en CCTV con el nuevo Gab","GABINETE PARA CÁMARA DE VIDEO-VIGILANCIA CCTV (963363), Brobotix Encuentra la solución completa en CCTV con el nuevo Gabinete para Cámara de Video-Vigilancia BRobotix. Fabricado en aluminio para uso interno o externo y con sistema anti-vandálico que brindará mayor seguridad a tu equipo. No incluye soporte.Anti-vandálico. Sistema de seguridad en la parte posterior para colocar candado. Con empaque interior anti-humedad. Gabinete para cámara fija. Ambiente de uso: Interno / Externo. Materiales: Aluminio y plástico. Acrílico frontal translucido. Incluye tornillería de montaje. Dimensiones: 38 cm (profundidad), 14.5 cm (ancho), 12 cm (altura) aprox. Se puede alojar cámaras de seguridad de diferentes medidas en los parámetros de dimensión del gabinete. Compatible con el Soporte para Gabinete para Cámara de Video-Vigilancia CCTV Modelo 963370. Color: Beige",ACCESORIOS,PARA,13.16,346.32,432.9,https://static.ctonline.mx/imagenes/ACCRBT5930/ACCRBT5930_400.jpg,https://static.ctonline.mx/marcas/png/PARA.png,https://ctonline.mx/buscar/productos?b=ACCRBT5930,,256.53,346.32,329.0,35%,assets/img/catalog/ACCRBT5930.jpg,https://static.ctonline.mx/imagenes/ACCRBT5930/ACCRBT5930_400.jpg,gabinetes
ACCRBT5950,"SOPORTE DE GABINETE PARA CÁMARA DE VIDEO-VIGILANCIA CCTV  (963370), Brobotix Encuentra la solución completa en CCTV con ","SOPORTE DE GABINETE PARA CÁMARA DE VIDEO-VIGILANCIA CCTV  (963370), Brobotix Encuentra la solución completa en CCTV con el nuevo Soporte para Gabinete para Cámara de Video-Vigilancia BRobotix. Fabricado en aluminio para uso interno o externo, y con sistema para giro de 360 Grados e inclinación de 135 Grados. Soporte para Gabinete para cámara fija. Ambiente de uso: Interno / Externo. Materiale: Aluminio. Incluye tornillería de montaje. Rotación de 360 Grados. Ángulo de inclinación de 135 Grados.  Longitud del brazo: 28 cm. Dimensiones de la base: 8.4 x 9.8 cm. Compatible con el Gabinete para Cámara de Video-Vigilancia CCTV Modelo 963363. Color: Beige",ACCESORIOS,SOPORTE,3.53,92.85,116.06,https://static.ctonline.mx/imagenes/ACCRBT5950/ACCRBT5950_400.jpg,https://static.ctonline.mx/marcas/png/SOPORTE.png,https://ctonline.mx/buscar/productos?b=ACCRBT5950,,68.78,92.85,88.21,35%,assets/img/catalog/ACCRBT5950.jpg,https://static.ctonline.mx/imagenes/ACCRBT5950/ACCRBT5950_400.jpg,gabinetes
ACCRBT8790,"SOPORTE PARA iPad® 10ª Y 11ª GENERACIÓN, ANTIRROBO CON INCLINACIÓN Y GIRO DE 360° (406474), BRobotix El soporte para tab","SOPORTE PARA iPad® 10ª Y 11ª GENERACIÓN, ANTIRROBO CON INCLINACIÓN Y GIRO DE 360° (406474), BRobotix El soporte para tableta antirrobo BRobotix® es tu aliado en seguridad. Manten tu iPad® estable y protegida gracias a su bloqueo de llave, lo que es ideal en entornos donde se requiere una alta seguridad como: tiendas, centros de trabajo, hospitales, instituciones financieras, kioscos de información, centros de atención al cliente o escuelas. Soporte para tableta antirrobo de montaje en mesa o mostrador. Diseño de carcasa con cerradura y base de poste redondo. Rotativa e inclinable. El bloqueo de llave permite controlar quien puede acceder al dispositivo, lo que es especialmente útil en entornos donde la seguridad es una prioridad. Métodos de instalación de ojal o abrazadera. Con orificio de acceso a los puertos. Rotación: 360°. Inclinación: -90°/+90° Capacidad de carga: 10 kg. Especificaciones: Soporte para iPad® antirrobo con giro de 360° e inclinación. Compatible con iPad® de 10ª y 11ª generación, 2025. Case con cerradura. Montaje de ojal o abrazadera. Material: SPCC (acero laminado en frío) + aluminio. Color: Negro",ACCESORIOS,SOPORTE,106.61,2806.54,3508.18,https://static.ctonline.mx/imagenes/ACCRBT8790/ACCRBT8790_400.jpg,https://static.ctonline.mx/marcas/png/SOPORTE.png,https://ctonline.mx/buscar/productos?b=ACCRBT8790,,2078.92,2806.54,2666.21,35%,assets/img/catalog/ACCRBT8790.jpg,https://static.ctonline.mx/imagenes/ACCRBT8790/ACCRBT8790_400.jpg,gabinetes
ACCRBT8800,"SOPORTE PARA iPad® 10ª Y 11ª GENERACIÓN, ANTIRROBO CON INCLINACIÓN, GIRO DE 360° Y GESTIÓN DE CABLE (406498), BRobotix E","SOPORTE PARA iPad® 10ª Y 11ª GENERACIÓN, ANTIRROBO CON INCLINACIÓN, GIRO DE 360° Y GESTIÓN DE CABLE (406498), BRobotix El soporte para tableta antirrobo BRobotix® es tu aliado en seguridad. Manten tu iPad® estable y protegida gracias a su bloqueo de llave, lo que es ideal en entornos donde se requiere una alta seguridad como: tiendas, centros de trabajo, hospitales, instituciones financieras, kioscos de información, centros de atención al cliente o escuelas. Soporte para tableta antirrobo de montaje en mesa o mostrador. Diseño de carcasa con cerradura y base de poste rectangular. Rotativa, inclinable y con gestión de cable. El bloqueo de llave permite controlar quien puede acceder al dispositivo, lo que es especialmente útil en entornos donde la seguridad es una prioridad. Métodos de instalación de ojal o abrazadera. Con orificio de acceso a los puertos. Rotación: 360°  Inclinación: -90°/+90° Capacidad de carga: 10 kg. Especificaciones: Soporte para iPad® antirrobo de rotación e inclinación. Compatible con iPad® de 10ª y 11ª generación, 2025. Case con cerradura. Montaje de ojal o abrazadera Color: Negro",ACCESORIOS,SOPORTE,106.61,2806.54,3508.18,https://static.ctonline.mx/imagenes/ACCRBT8800/ACCRBT8800_400.jpg,https://static.ctonline.mx/marcas/png/SOPORTE.png,https://ctonline.mx/buscar/productos?b=ACCRBT8800,,2078.92,2806.54,2666.21,35%,assets/img/catalog/ACCRBT8800.jpg,https://static.ctonline.mx/imagenes/ACCRBT8800/ACCRBT8800_400.jpg,gabinetes
ACCRBT7670,"Adaptador HDMI MACHO-HEMBRA 90º COPLE (104615), Brobotix Adaptador HDMI con conectores que se ajustan 90º para facilitar","Adaptador HDMI MACHO-HEMBRA 90º COPLE (104615), Brobotix Adaptador HDMI con conectores que se ajustan 90º para facilitar la instalación o montaje de pantallas planas en paredes, gabinetes y espacios confinados. Es ideal para televisores, pantallas planas, proyectores, reproductores DVD y Blu-ray; así como otros dispositivos equipados con HDMI convencional y cables existentes con conectores fijos. HDMI  macho de 19 pines a HDMI hembra de 19 pines, con conectores chapados en oro. Completamente blindado para reducir cualquier fuente de interferencia. Moldeado en PVC. Especificaciones: Adaptador hembra a macho. Punta dorada. Transferencia de datos de alta velocidad. Conexión de alto rendimiento. Fácil de instalar y cómodo de utilizar. Color: Negro.",ACCESORIOS,ADAPTADOR,3.91,102.95,128.69,https://static.ctonline.mx/imagenes/ACCRBT7670/ACCRBT7670_400.jpg,https://static.ctonline.mx/marcas/png/ADAPTADOR.png,https://ctonline.mx/buscar/productos?b=ACCRBT7670,,76.26,102.95,97.8,35%,assets/img/catalog/ACCRBT7670.jpg,https://static.ctonline.mx/imagenes/ACCRBT7670/ACCRBT7670_400.jpg,gabinetes
ACCRBT8040,"FUNDA AIRCASE DE NEOPRENO PARA LAPTOP 15,6"" NEGRO (6006023), BRobotix ¡Protege tu dispositivo portátil con este ideal ac","FUNDA AIRCASE DE NEOPRENO PARA LAPTOP 15,6"" NEGRO (6006023), BRobotix ¡Protege tu dispositivo portátil con este ideal accesorio para llevarla a todas partes! Diseño sencillo, compacto y ligero que asegura contra golpes y rasguños gracias a su interior acojinado, con cierre de fantasía inoxidable. unda de neopreno para laptop de 15,6” Doble cierre. Modelo Elegante. Ofrece una protección completa para su portátil. Forro interior suave contra golpes y rayones. Interior Bondeado. Bolsas externas (4). Color: Negro",ACCESORIOS,FUNDA,6.56,172.72,215.9,https://static.ctonline.mx/imagenes/ACCRBT8040/ACCRBT8040_400.jpg,https://static.ctonline.mx/marcas/png/FUNDA.png,https://ctonline.mx/buscar/productos?b=ACCRBT8040,,127.94,172.72,164.08,35%,assets/img/catalog/ACCRBT8040.jpg,https://static.ctonline.mx/imagenes/ACCRBT8040/ACCRBT8040_400.jpg,gabinetes
ACCRBT8050,"FUNDA AIRCASE DE NEOPRENO PARA LAPTOP 15,6"" GRIS (6006030), BRobotix ¡Protege tu dispositivo portátil con este ideal acc","FUNDA AIRCASE DE NEOPRENO PARA LAPTOP 15,6"" GRIS (6006030), BRobotix ¡Protege tu dispositivo portátil con este ideal accesorio para llevarla a todas partes! Diseño sencillo, compacto y ligero que asegura contra golpes y rasguños gracias a su interior acojinado, con cierre de fantasía  de neopreno para laptop de 15,6” Doble cierre. Modelo Elegante. Ofrece una protección completa para su portátil. Forro interior suave contra golpes y rayones. Interior Bondeado. Bolsas externas (4). Color: Gris",ACCESORIOS,FUNDA,6.56,172.72,215.9,https://static.ctonline.mx/imagenes/ACCRBT8050/ACCRBT8050_400.jpg,https://static.ctonline.mx/marcas/png/FUNDA.png,https://ctonline.mx/buscar/productos?b=ACCRBT8050,,127.94,172.72,164.08,35%,assets/img/catalog/ACCRBT8050.jpg,https://static.ctonline.mx/imagenes/ACCRBT8050/ACCRBT8050_400.jpg,gabinetes
ACCRBT6870,"ANCLA DE ESCRITORIO PARA CANDADO DE SEGURIDAD, PARA LAPTOP, TABLETA, SMARTPHONE (6000755), Brobotix La nueva Ancla de es","ANCLA DE ESCRITORIO PARA CANDADO DE SEGURIDAD, PARA LAPTOP, TABLETA, SMARTPHONE (6000755), Brobotix La nueva Ancla de escritorio para candado BRobotix te permite proteger contra robo laptops, tabletas, smartphones, dockings y demás dispositivos portátiles. Al instalarlo, crea un punto de anclaje para un cable con candado de seguridad. Cuenta con amplia área del anillo para anclaje que te permitirá colocar mayor cantidad de cables o cables más gruesos. Instálalo en superficies sólidas (escritorios o paredes) con los tornillos incluidos. O colócalo en dispositivos portátiles (como laptops y tabletas) gracias a su resistente adhesivo. Para instalación en escritorios, mostradores, gabinetes, pared o cualquier otra superficie maciza. Ideal para sitios de venta minorista, atención al cliente, mostradores, empresas, escuelas y centros comerciales. Úsalo con nuestra amplia gama de Candados para laptop BRobotix, modelos: 6000298, 963586, 263601, 764465, 235497 y 128899. Ancla para Cable de candado de seguridad.  Para instalación en escritorios, mostradores, gabinetes, pared o cualquier otra superficie maciza.  Ideal para sitios de venta minorista, atención al cliente, mostradores, empresas, escuelas y centros comerciales. Amplia área del anillo para anclaje que te permitirá colocar mayor cantidad de cables o cables más gruesos. Diseño sólido, discreto y elegante. Equipado con resistente Adhesivo. Incluye tornillos para instalación. Con elegante tapa para ocultar los tornillos. Materiales resistentes: aleación de zinc. Práctico, compacto.  Fácil instalación. Especificaciones: Área de anillo para insertar cables: 2 cm x 2 cm. Dimensiones de la base: 5.1 x 4.6 Centímetros Altura: 3.3 Centímetros. Color:  Plata",ACCESORIOS,ANCLA,6.47,170.24,212.8,https://static.ctonline.mx/imagenes/ACCRBT6870/ACCRBT6870_400.jpg,https://static.ctonline.mx/marcas/png/ANCLA.png,https://ctonline.mx/buscar/productos?b=ACCRBT6870,,126.1,170.24,161.73,35%,assets/img/catalog/ACCRBT6870.jpg,https://static.ctonline.mx/imagenes/ACCRBT6870/ACCRBT6870_400.jpg,gabinetes
ACCRBT7330,"ANCLA PARA CANDADO DE SEGURIDAD K-SLOT, PARA LAPTOP, TABLETA, SMARTPHONE. TIPO DISCO ADHESIVO (6000977), Brobotix La nue","ANCLA PARA CANDADO DE SEGURIDAD K-SLOT, PARA LAPTOP, TABLETA, SMARTPHONE. TIPO DISCO ADHESIVO (6000977), Brobotix La nueva Ancla para candado de seguridad K-SLOT BRobotix te permite proteger contra robo laptops sin ranura, tabletas, smartphones, computadoras, dockings y demás dispositivos portátiles. Al instalarlo, crea un punto de anclaje para un cable con candado de seguridad K-Slot. Cuenta con ranura K-Slot, compatible con nuestros cables de candado de seguridad BRobotix modelos 128899, 963586, 235497. Para instalación en escritorios, mostradores, gabinetes, pared o cualquier otra superficie maciza. Ideal para sitios de venta minorista, atención al cliente, mostradores, empresas, escuelas y centros comerciales. Color: Plata.",ACCESORIOS,ANCLA,3.23,85.12,106.4,https://static.ctonline.mx/imagenes/ACCRBT7330/ACCRBT7330_400.jpg,https://static.ctonline.mx/marcas/png/ANCLA.png,https://ctonline.mx/buscar/productos?b=ACCRBT7330,,63.05,85.12,80.86,35%,assets/img/catalog/ACCRBT7330.jpg,https://static.ctonline.mx/imagenes/ACCRBT7330/ACCRBT7330_400.jpg,gabinetes
CAMSTY040,"Stylos STVACX3B Cámara  Deportiva Wifi Negro, Carcaza resistente al agua y golpes, Conexión Wifi para descargar tus vide","Stylos STVACX3B Cámara  Deportiva Wifi Negro, Carcaza resistente al agua y golpes, Conexión Wifi para descargar tus videos y fotos, Pantalla de 2"" Fotografías de 12MPX, Lente Ultra Wide 110, Batería hasta 120 Minutos* Accesorios: Case contra agua, Adaptadores varios, Zapatas varias, Material adherible, Cargador, Cable transferencia y carga, Cintas de ajuste. Sumergible hasta 30 metros con carcaza.",ACCESORIOS,STYLOS,483.9,12738.67,15923.34,https://static.ctonline.mx/imagenes/CAMSTY040/CAMSTY040_400.jpg,https://static.ctonline.mx/marcas/png/STYLOS.png,https://ctonline.mx/buscar/productos?b=CAMSTY040,,9436.05,12738.67,12101.74,35%,assets/img/catalog/CAMSTY040.jpg,https://static.ctonline.mx/imagenes/CAMSTY040/CAMSTY040_400.jpg,gabinetes
REGTRL120,"Supresor Tripp Lite de Sobretensiones Protect It!, con 6 Tomacorrientes, 1.22 m [4 pies]. Cable, 790 joules, LED de Diag","Supresor Tripp Lite de Sobretensiones Protect It!, con 6 Tomacorrientes, 1.22 m [4 pies]. Cable, 790 joules, LED de Diagnóstico, Gabinete Gris Claro TLP604",ENERGIA,SUPRESOR,145.66,3834.58,4793.23,https://static.ctonline.mx/imagenes/REGTRL120/REGTRL120_400.jpg,https://static.ctonline.mx/marcas/png/SUPRESOR.png,https://ctonline.mx/buscar/productos?b=REGTRL120,,2840.43,3834.58,3642.85,35%,assets/img/catalog/REGTRL120.jpg,https://static.ctonline.mx/imagenes/REGTRL120/REGTRL120_400.jpg,gabinetes
ACCTRL780,"Administrador de cables horizontal, Tripp Lite,  Modelo SRCABLERING2U, Administrador horizontal de cables 2U de 19 pulga","Administrador de cables horizontal, Tripp Lite,  Modelo SRCABLERING2U, Administrador horizontal de cables 2U de 19 pulgadas (48 cm). Ayuda a eliminar la tensión del cable. Organiza los cables dentro del gabinete SmartRack o rack abierto. Se incluyen las herramientas de montaje necesarias. Acero laminado en frío con acabado en negro.",ENERGIA,ADMINISTRADOR,257.34,6774.39,8467.99,https://static.ctonline.mx/imagenes/ACCTRL780/ACCTRL780_400.jpg,https://static.ctonline.mx/marcas/png/ADMINISTRADOR.png,https://ctonline.mx/buscar/productos?b=ACCTRL780,,5018.07,6774.39,6435.67,35%,assets/img/catalog/ACCTRL780.jpg,https://static.ctonline.mx/imagenes/ACCTRL780/ACCTRL780_400.jpg,gabinetes
GABTRL040,"Canaleta para cables, Tripp Lite,  Modelo SRCABLETRAY, Dirige de manera segura los cables por la parte superior del gabi","Canaleta para cables, Tripp Lite,  Modelo SRCABLETRAY, Dirige de manera segura los cables por la parte superior del gabinete. Cuando los gabinetes están alineados en una fila, estas charolas crean una ruta dedicada para los cables. Ayuda a eliminar la tensión de los cables. Organiza los cables fuera del gabinete SmartRack. Instalación sin herramienta sobre el panel superior del gabinete SmartRack. Se proporciona un perno de conexión a tierra para permitir sujetarlo al gabinete y facilitar la conexión a tierra..",ENERGIA,CANALETA,485.04,12768.64,15960.8,https://static.ctonline.mx/imagenes/GABTRL040/GABTRL040_400.jpg,https://static.ctonline.mx/marcas/png/CANALETA.png,https://ctonline.mx/buscar/productos?b=GABTRL040,,9458.25,12768.64,12130.21,35%,assets/img/catalog/GABTRL040.jpg,https://static.ctonline.mx/imagenes/GABTRL040/GABTRL040_400.jpg,gabinetes
GABTRL050,"Placas de expansión vertical, Tripp Lite,  Modelo SRCABLETRAYEXP, Aumenta un nivel de conducción de cable al SRCABLETRAY","Placas de expansión vertical, Tripp Lite,  Modelo SRCABLETRAYEXP, Aumenta un nivel de conducción de cable al SRCABLETRAY. Cuando se usan con el SRCABLETRAY estas placas de expansión permiten rutas dedicadas separadas para cables de energía, datos y fibra. Ayuda a eliminar la tensión de los cables. Organiza los cables fuera del gabinete SmartRack. Instalación sin herramienta sobre el panel superior del gabinete SmartRack.",ENERGIA,PLACAS,609.96,16057.09,20071.36,https://static.ctonline.mx/imagenes/GABTRL050/GABTRL050_400.jpg,https://static.ctonline.mx/marcas/png/PLACAS.png,https://ctonline.mx/buscar/productos?b=GABTRL050,,11894.14,16057.09,15254.24,35%,assets/img/catalog/GABTRL050.jpg,https://static.ctonline.mx/imagenes/GABTRL050/GABTRL050_400.jpg,gabinetes
RCKTRL060,Gabinete Pequeño SmartRack SRW12UHD para instalación en la pared,Gabinete Pequeño SmartRack SRW12UHD para instalación en la pared,ENERGIA,PEQUEÑO,7571.98,10222.18,12777.73,https://static.ctonline.mx/imagenes/RCKTRL060/RCKTRL060_400.jpg,https://static.ctonline.mx/marcas/png/PEQUEO.png,https://ctonline.mx/buscar/productos?b=RCKTRL060,,7571.98,10222.18,9711.07,35%,assets/img/catalog/RCKTRL060.jpg,https://static.ctonline.mx/imagenes/RCKTRL060/RCKTRL060_400.jpg,gabinetes
ACCTRL800,"Gabinete Premium Profundo SmartRack de 42U con puertas y paneles laterales, Incluye: Gabinete SR42UBDP, (4) Paneles Late","Gabinete Premium Profundo SmartRack de 42U con puertas y paneles laterales, Incluye: Gabinete SR42UBDP, (4) Paneles Laterales, (4) Cerraduras de panel lateral, (2) Llaves para puerta y panel lateral, (50) Tornillos M6, (50) Tuercas de fijación M6, (50) Arandelas M6,Manual del propietario, garantía de 1 año",ENERGIA,PREMIUM,26062.91,35184.94,43981.18,https://static.ctonline.mx/imagenes/ACCTRL800/ACCTRL800_400.jpg,https://static.ctonline.mx/marcas/png/PREMIUM.png,https://ctonline.mx/buscar/productos?b=ACCTRL800,,26062.92,35184.94,33425.69,35%,assets/img/catalog/ACCTRL800.jpg,https://static.ctonline.mx/imagenes/ACCTRL800/ACCTRL800_400.jpg,gabinetes
GABTRL080,"Gabinete SmartRack, Tripp Lite,  Modelo SRWF4U, El gabinete para instalación en pared asegura y organiza 4U de rack de 1","Gabinete SmartRack, Tripp Lite,  Modelo SRWF4U, El gabinete para instalación en pared asegura y organiza 4U de rack de 19"" en gabinetes de cableado de redes y otras ubicaciones con espacio de piso limitado. Aloja equipo de hasta 0.5 m [20""] de profundidad, pero se proyecta solo 20.3 cm [8""] de la pared. Capacidad de carga máxima de 68 kg [150 lb]. Gabinete de acero con cerradura, ventilado para mantener fresco el equipo.Asegura 4U de equipos de rack de 19"" de hasta 51 cm [20""] de profundidad. Incluye 2U adicional de espacio para paneles de conexiones. Se embarca totalmente ensamblado para una rápida instalación. Garantía limitada por 5 años",ENERGIA,SMARTRACK,7315.46,9875.88,12344.85,https://static.ctonline.mx/imagenes/GABTRL080/GABTRL080_400.jpg,https://static.ctonline.mx/marcas/png/SMARTRACK.png,https://ctonline.mx/buscar/productos?b=GABTRL080,,7315.47,9875.88,9382.09,35%,assets/img/catalog/GABTRL080.jpg,https://static.ctonline.mx/imagenes/GABTRL080/GABTRL080_400.jpg,gabinetes
AIRTRL080,"Unidad de Aire Acondicionado, Tripp Lite,  Modelo SRCOOL7KRME, La unidad de aire acondicionado para montaje en rack util","Unidad de Aire Acondicionado, Tripp Lite,  Modelo SRCOOL7KRME, La unidad de aire acondicionado para montaje en rack utiliza enfriamiento de acoplamiento directo eficiente para evitar apagados y fallas del equipo debido al sobrecalentamiento. 9,000 BTU/h (2.7 kW) ASHRE evita fallas del equipo y tiempos muertos relacionados con el calor. Menor potencial de calentamiento global con refrigerante R32 y hasta un 39 % más eficiente energéticamente. La tarjeta opcional para administración de la red ofrece monitoreo y control remoto. Cumple con los más altos estándares de eficiencia de CEC, DoE, NRCAN y EPA/AIM.  Se monta en 8U de espacio en la parte inferior de un gabinete para rack de 19 pulgadas estándar EIA.",ENERGIA,UNIDAD,14867.38,20070.96,25088.7,https://static.ctonline.mx/imagenes/AIRTRL080/AIRTRL080_400.jpg,https://static.ctonline.mx/marcas/png/UNIDAD.png,https://ctonline.mx/buscar/productos?b=AIRTRL080,,14867.38,20070.96,19067.41,35%,assets/img/catalog/AIRTRL080.jpg,https://static.ctonline.mx/imagenes/AIRTRL080/AIRTRL080_400.jpg,gabinetes
ACCTRL5350,"Carro de Carga Móvil, Tripp Lite, Modelo CSC36AC, Carga, asegura y organiza hasta 36 Chromebooks y laptops en entornos e","Carro de Carga Móvil, Tripp Lite, Modelo CSC36AC, Carga, asegura y organiza hasta 36 Chromebooks y laptops en entornos educacionales, sanitarios, retail, almacenes y oficinas. 36 tomacorrientes internos NEMA 5-15R proporcionan hasta 1,440 watts en total para carga. Un temporizador alterna cada hora las zonas de carga para ayudar a evitar sobrecargas. El conector RJ45 dentro del gabinete conecta periféricos Ethernet, incluyendo ruteadores y puntos de acceso. Los tomacorrientes externos dobles NEMA 5-15R proporcionan alimentación para un monitor o proyector. El cable de 3 m [10 pies] con clavija NEMA 5-15P confiere flexibilidad para acceder a las tomas de CA.",ENERGIA,CARRO,16398.37,22137.79,27672.24,https://static.ctonline.mx/imagenes/ACCTRL5350/ACCTRL5350_400.jpg,https://static.ctonline.mx/marcas/png/CARRO.png,https://ctonline.mx/buscar/productos?b=ACCTRL5350,,16398.36,22137.79,21030.9,35%,assets/img/catalog/ACCTRL5350.jpg,https://static.ctonline.mx/imagenes/ACCTRL5350/ACCTRL5350_400.jpg,gabinetes
GABDTS010,"Gabinete chico para 2 ó 4 baterías ME-5150 de ciclo profundo para Inversor Cargador Solar Híbrido, incluye arneses.","Gabinete chico para 2 ó 4 baterías ME-5150 de ciclo profundo para Inversor Cargador Solar Híbrido, incluye arneses.",ENERGIA,CHICO,4422.22,5970.0,7462.5,https://static.ctonline.mx/imagenes/GABDTS010/GABDTS010_400.jpg,https://static.ctonline.mx/marcas/png/CHICO.png,https://ctonline.mx/buscar/productos?b=GABDTS010,,4422.22,5970.0,5671.5,35%,assets/img/catalog/GABDTS010.jpg,https://static.ctonline.mx/imagenes/GABDTS010/GABDTS010_400.jpg,gabinetes
GABDTS020,"Gabinete grande para 6 ó 8 baterías ME-5151 de ciclo profundo para Inversor Cargador Solar Híbrido, incluye arneses.","Gabinete grande para 6 ó 8 baterías ME-5151 de ciclo profundo para Inversor Cargador Solar Híbrido, incluye arneses.",ENERGIA,GRANDE,8105.56,10942.51,13678.14,https://static.ctonline.mx/imagenes/GABDTS020/GABDTS020_400.jpg,https://static.ctonline.mx/marcas/png/GRANDE.png,https://ctonline.mx/buscar/productos?b=GABDTS020,,8105.56,10942.51,10395.38,35%,assets/img/catalog/GABDTS020.jpg,https://static.ctonline.mx/imagenes/GABDTS020/GABDTS020_400.jpg,gabinetes
ACCCDP580,"CDP UPO11-3BC6-9RT. Gabinete para banco de bateria factor de forma: Montaje en rack/Torre o Montaje en bastidor/Torre, C","CDP UPO11-3BC6-9RT. Gabinete para banco de bateria factor de forma: Montaje en rack/Torre o Montaje en bastidor/Torre, Color del producto: Negro, Compatibilidad de marca: CDP. Tecnología de batería: Plomo ácido, Capacidad de la batería: 9 Ah. Lleva 6 baterias. Ancho: 500 mm, Profundidad: 600 mm, Altura: 200 mm. Peso del paquete: 20.3 kg.",ENERGIA,CDP,3698.91,4993.54,6241.93,https://static.ctonline.mx/imagenes/ACCCDP580/ACCCDP580_400.jpg,https://static.ctonline.mx/marcas/png/CDP.png,https://ctonline.mx/buscar/productos?b=ACCCDP580,,3698.92,4993.54,4743.86,35%,assets/img/catalog/ACCCDP580.jpg,https://static.ctonline.mx/imagenes/ACCCDP580/ACCCDP580_400.jpg,gabinetes
ACCAPC1250,"Sensor de temperatura y humedad inalambrico netBotz APC NBWS100H, para centro de datos o gabinete de red distribuida. Re","Sensor de temperatura y humedad inalambrico netBotz APC NBWS100H, para centro de datos o gabinete de red distribuida. Requiere el uso de NetBotz Wireless Coordinator y Router incluidos en determinados dispositivos NetBotz. Conecte hasta 47 sensores inalámbricos a un único dispositivo NetBotz. Garantía de 2 años directamente con APC.",ENERGIA,SENSOR,186.34,4905.41,6131.76,https://static.ctonline.mx/imagenes/ACCAPC1250/ACCAPC1250_400.jpg,https://static.ctonline.mx/marcas/png/SENSOR.png,https://ctonline.mx/buscar/productos?b=ACCAPC1250,,3633.64,4905.41,4660.14,35%,assets/img/catalog/ACCAPC1250.jpg,https://static.ctonline.mx/imagenes/ACCAPC1250/ACCAPC1250_400.jpg,gabinetes
ACCAPC1690,Accesorio APC para organización de cables AR7721 que ayuda a eliminar la tirantez entre cables y a mantener los cables p,Accesorio APC para organización de cables AR7721 que ayuda a eliminar la tirantez entre cables y a mantener los cables prolijamente ordenados dentro de un gabinete o rack.,ENERGIA,ACCESORIO,252.66,6651.27,8314.09,https://static.ctonline.mx/imagenes/ACCAPC1690/ACCAPC1690_400.jpg,https://static.ctonline.mx/marcas/png/ACCESORIO.png,https://ctonline.mx/buscar/productos?b=ACCAPC1690,,4926.86,6651.27,6318.71,35%,assets/img/catalog/ACCAPC1690.jpg,https://static.ctonline.mx/imagenes/ACCAPC1690/ACCAPC1690_400.jpg,gabinetes
ACCAPC1700,Sistema de canales APC AR8561 para montar cables de distribución de energía a través de la parte superior de un gabinete,Sistema de canales APC AR8561 para montar cables de distribución de energía a través de la parte superior de un gabinete InRow NetShelter SX.,ENERGIA,SISTEMA,146.87,3866.41,4833.01,https://static.ctonline.mx/imagenes/ACCAPC1700/ACCAPC1700_400.jpg,https://static.ctonline.mx/marcas/png/SISTEMA.png,https://ctonline.mx/buscar/productos?b=ACCAPC1700,,2864.01,3866.41,3673.09,35%,assets/img/catalog/ACCAPC1700.jpg,https://static.ctonline.mx/imagenes/ACCAPC1700/ACCAPC1700_400.jpg,gabinetes
ACCCYP570,Gabinete para baterías BCA200N250A para extensión de tiempo de respaldo. Se utiliza con los modelos modulares de la marc,"Gabinete para baterías BCA200N250A para extensión de tiempo de respaldo. Se utiliza con los modelos modulares de la marca desde lo 40 a los 200 KVA (SMX KA Series, HSTP3T K Series). Batería Reemplazable por el Usuario NO, Voltaje de Salida (Vd.) 240   Cant. de baterías (pzs) 40 Voltaje de la Batería (V) 12. 1 año en garantía.",ENERGIA,PARA,51552.22,69595.5,86994.38,https://static.ctonline.mx/imagenes/ACCCYP570/ACCCYP570_400.jpg,https://static.ctonline.mx/marcas/png/PARA.png,https://ctonline.mx/buscar/productos?b=ACCCYP570,,51552.22,69595.5,66115.72,35%,assets/img/catalog/ACCCYP570.jpg,https://static.ctonline.mx/imagenes/ACCCYP570/ACCCYP570_400.jpg,gabinetes
