sku,clave,nombre,descripcion_completa,marca,moneda_origen,costo_origen,costo_base_mxn,costo_base_usd,precio,precio_mxn,precio_original,precio_mayoreo_10pzs,precio_piso_minimo_20,categoria_clasificada,img,cdn_url,garantia,disponibilidad_gdl
PLOHPD435,PLOHPD435,"Plotter HP DesignJet T830 (F9A28D) 24"" (60.96cm). MTF plotter, copiadora y scanner. Velocidad d","Plotter HP DesignJet T830 (F9A28D) 24"" (60.96cm). MTF plotter, copiadora y scanner. Velocidad de impresión: 82 Impresiones A1 por hora. Memoria estándar: 1 GB. Precisión de la línea: +/- 0.1%.  Conectividad estándar: Gigabit Ethernet (1000Base-T), Wi-Fi. Lenguajes de impresión (estándar): HP-GL/2, HP-RTL, TIFF, JPEG, CALS G4, HP PCL 3 GUI, URF. Rutas de impresión: Controladores de impresión Windows y Mac, controlador Apple AirPrint, impresión desde unidad USB portátil. Controladores (incluidos): HP-GL/2, HP-RTL para Windows; controlador HP PCL 3 GUI para Mac OS X y Windows; Consumibles: No. 728 (Producto sobre pedido). COBRO DE FLETE POR ENVÍO",T830,m,71341.05263157895,71341.05,3658.52,107011.58,107011.58,142682.1,99877.47,85609.26,impresoras,./assets/img/catalog/impresoras/PLOHPD435.jpg,https://static.ctonline.mx/imagenes/PLOHPD435/PLOHPD435_400.jpg,48h Directa / 1 Año Fábrica,Pedro Moreno 501 A (Entrega Inmediata)
IMPHPI2925,IMPHPI2925,"Impresora HP LaserJet Pro 3003dw (3G654A), Velocidad de impresión: Carta: Hasta 35 ppm; Impresi","Impresora HP LaserJet Pro 3003dw (3G654A), Velocidad de impresión: Carta: Hasta 35 ppm; Impresión de la primera página: En tan solo 6,6 segundos (negro) resolución de impresión: Negro (óptimo): Hasta 600 x 600 ppp, Conectividad estándar: Dispositivo USB de alta velocidad (compatible con especificaciones de USB 2.0); Ethernet de 10/100 Mbps; Inalámbrico 802.11b/g/n, doble banda de 2,4 GHz/5 GHz; BLE; Capacidad de impresión móvil: Aplicación HP Smart; Apple AirPrint™; Con certificación Mopria™; Impresión Wi-Fi Direct®; HP Roam for Business; Ciclo de trabajo: Mensual (carta): Hasta 50.000 páginas, Volumen de páginas mensuales recomendado: 350 a 2500 páginas; Manejo del papel: 1 bandeja principal; 250 hojas o 10 sobres; Bandeja de salida de 150 hojas; Lenguajes de impresión: PCL5c; PCL6; PS; PCLmS; PDF; URF; PWG; PCLm; Memoria Estándar: 256 MB; Máximo: 256 MB; Peso de soporte admitido De 60 a 163 g/m²; Sistemas operativos compatibles: Microsoft® Windows® 11, 10, 7 SP1: 32 bits o 64 bits, Apple® macOSv10.15 Catalina, macOS v11 Big Sur, macOS v12 Monterey; Consumible compatible: W1450A, W1450X; Sustituye a: M203dw.",CT,m,3842.105263157895,3842.11,197.03,5763.16,5763.16,7684.22,5378.95,4610.53,impresoras,./assets/img/catalog/impresoras/IMPHPI2925.jpg,https://static.ctonline.mx/imagenes/IMPHPI2925/IMPHPI2925_400.jpg,48h Directa / 1 Año Fábrica,Pedro Moreno 501 A (Entrega Inmediata)
IMPHPI2885,IMPHPI2885,"Impresora HP LaserJet Pro 4003DW (2Z610A), Hasta 42 ppm Negro (modo HP de alta velocidad); prim","Impresora HP LaserJet Pro 4003DW (2Z610A), Hasta 42 ppm Negro (modo HP de alta velocidad); primera pág. impresa: Hasta apenas 6,3 segundos; Ciclo de trabajo (mensual, carta): Hasta 80.000 páginas; Volumen de páginas mensuales recomendado: De 750 a 4000; Número de usuarios: De 3 a 10 usuarios; Impresión automática a doble cara, Resolución óptima: HP FastRes1200, HP ProRes1200, Economode; Lenguaje de impresión: HP PCL 6, HP PCL 5e, emulación HP postscript nivel 3, PDF, URF, PWG Raster; Conectividad estándar 1 USB 2.0 de alta velocidad; 1 USB integrado en el lado trasero; red Gigabit Ethernet 10/100/1000BASE-T; Radio Wi-Fi 802.11b/g/n/2,4/5 GHz + Bluetooth; 802.3az(EEE), Capacidad de impresión móvil: Aplicación HP Smart; Apple AirPrint™; Con certificación Mopria, Memoria, Estándar: 256 MB; Máximo: 256 MB; Windows 11; Windows 10; Windows 7; Android; iOS; SO móviles; macOS 10.15 Catalina; macOS 11 Big Sur; macOS 12 Monterey; Consumible compatible: W1510A, W1510X. Sustituye a: M404dw.",CT,m,5112.82105263158,5112.82,262.2,7669.23,7669.23,10225.64,7157.95,6135.38,impresoras,./assets/img/catalog/impresoras/IMPHPI2885.jpg,https://static.ctonline.mx/imagenes/IMPHPI2885/IMPHPI2885_400.jpg,48h Directa / 1 Año Fábrica,Pedro Moreno 501 A (Entrega Inmediata)
IMPHPI2560,IMPHPI2560,"Impresora HP LaserJet Enterprise SFP M406dn (3PZ15A), Hasta 42 ppm Negro (modo HP de alta veloc","Impresora HP LaserJet Enterprise SFP M406dn (3PZ15A), Hasta 42 ppm Negro (modo HP de alta velocidad); primera pág. impresa: Hasta apenas 6,5 segundos; Ciclo de trabajo (mensual, carta): Hasta 100.000 páginas; Volumen de páginas mensuales recomendado: 900 a 4800; Número de usuarios: De 3 a 10 usuarios; Resolución óptima: 300 dpi, 600 dpi, HP FastRes 1200, HP ProRes 1200, Lenguaje de impresión: HP PCL 6, HP PCL 5, emulación HP PostScript de nivel 3, impresión de PDF nativa (v 1.7), Apple AirPrint™; Capacidad inalámbrica; Opcional, activado con la compra de un accesorio de hardware inalámbrico. La emisora inalámbrica de banda dual y la funcionalidad Wi-Fi directa disponibles con el accesorio HP JetDirect 3100w BLE/NFC/inalámbrico (3JN69A); Conectividad estándar, 1 puerto host USB 2.0 de alta velocidad; 1 puerto de dispositivo USB 2.0 de alta velocidad; 1 para red Gigabit Ethernet 10/100/1000T;  Memoria, Estándar: 1 GB ; Máximo: 1 GB; Windows Client OS (32/64 bits), Win10, Win8.1, Win7 Ultimate, Mobile OS, iOS, Android, Mac, Apple® MacOS High Sierra v10.13, Apple® MacOS Mojave v10.14, Apple® MacOS Catalina v10.15; Consumible compatible: CF258A, CF258X.",CT,m,5794.736842105263,5794.74,297.17,8692.11,8692.11,11589.48,8112.64,6953.69,impresoras,./assets/img/catalog/impresoras/IMPHPI2560.jpg,https://static.ctonline.mx/imagenes/IMPHPI2560/IMPHPI2560_400.jpg,48h Directa / 1 Año Fábrica,Pedro Moreno 501 A (Entrega Inmediata)
IMPHPI2715,IMPHPI2715,"Impresora HP LaserJet Enterprise M751DN (T3U44A). Velocidad de impresión Blanco y negro (A4, no","Impresora HP LaserJet Enterprise M751DN (T3U44A). Velocidad de impresión Blanco y negro (A4, normal): Hasta 41 ppm Color (A4, normal): Hasta 41 ppm ; Blanco y negro (A4, a doble cara): Hasta 41 ipm Color (A4, a doble cara): Hasta 41 ipm. Ciclo mensual de trabajo Hasta 150 000 páginas A4; Volumen de páginas mensuales recomendado : Hasta 40 000. Impresión a doble cara Automática (estándar). Función de impresión móvil HP ePrint; Apple AirPrint™; Google Cloud Print™; Certificación Mopria™. Tipos de soporte Papel (normal, de gramaje alto, de gramaje muy alto, brillante, ligero, reciclado, resistente), sobres, etiquetas, película brillante, cartulina, transparencias. Garantía: Un año de garantía in situ al siguiente día laborable. Las opciones de garantía y asistencia varían según el producto, el país y los requisitos legales locales. Póngase en contacto con su distribuidor contractual o visite http://www.hp.com/support para obtener información sobre las opciones de asistencia y servicios galardonados de HP en su región.",CT,m,46682.97894736843,46682.98,2394.0,70024.47,70024.47,93365.96,65356.17,56019.58,impresoras,./assets/img/catalog/impresoras/IMPHPI2715.jpg,https://static.ctonline.mx/imagenes/IMPHPI2715/IMPHPI2715_400.jpg,48h Directa / 1 Año Fábrica,Pedro Moreno 501 A (Entrega Inmediata)
MTFHPI3040,MTFHPI3040,"Multifuncional HP Smart Tank 712 (30T64A) Imprimir, escanear, copiar, inalámbrica. Velocidad de","Multifuncional HP Smart Tank 712 (30T64A) Imprimir, escanear, copiar, inalámbrica. Velocidad de impresión Negro (ISO): Hasta 15 ppm; Color (ISO): Hasta 9 ppm; Impresión de la primera página en negro: 14 segundos; Impresión de la primera página en color: Velocidad máxima de 16 segundos; Funciones del software inteligente de la impresora Impresión a doble cara. Tamaño máximo de escaneado cama plana: 216 x 297 mm. Conectividad estándar 1 Wi-Fi Direct; 2 Hi-Speed USB 2.0 (dispositivo); Capacidades de red Sí, mediante red Wi-Fi integrada Capacidad inalámbrica Sí, Wi-Fi de banda dual de 2,4/5G, Wi-Fi Direct Capacidad de impresión móvil Apple AirPrint; Servicio de impresión de Mopria; Complemento de servicio de impresión de HP (impresión de Android); Aplicación HP; Impresión Wi-Fi® Direct. Consumibles: HP 53XL 135-ml Black bottle (~6000 pages); HP GT52 70-ml Cyan bottle (~8000 pages); HP GT52 70-ml Magenta bottle (~8000 pages); HP GT52 70-ml Yellow bottle (~8000 pages)",CT,m,3575.4315789473685,3575.43,183.36,5363.14,5363.14,7150.86,5005.6,4290.52,impresoras,./assets/img/catalog/impresoras/MTFHPI3040.jpg,https://static.ctonline.mx/imagenes/MTFHPI3040/MTFHPI3040_400.jpg,48h Directa / 1 Año Fábrica,Pedro Moreno 501 A (Entrega Inmediata)
MTFHPI1505,MTFHPI1505,"Multifuncional HP Smart Tank 525 (1F3W3A), Impresión, copiado, escaneado; Velocidad de impresió","Multifuncional HP Smart Tank 525 (1F3W3A), Impresión, copiado, escaneado; Velocidad de impresión: ISO: Negro: Hasta 12 ppm, Color: 5 ppm; Ciclo de trabajo mensual: 3,000 pags; Calidad de impresión (óptima) Color: Resolución optimizada de hasta 4800 x 1200 dpi en color (cuando se imprime desde una computadora con papel fotográfico HP y 1200 dpi de entrada) Negro: Hasta 1.200 x 1.200 ppp de reproducción); Conectividad, estándar: 1 Hi-Speed USB 2.0; Capacidad inalámbrica: NO; Resolución de escaneo, óptica: Hasta 1200 ppp; Formato del archivo de digitalización: JPEG, PDF; Windows11; Windows10; Windows7;  Consumibles compatibles: M0H56AL, M0H54AL, M0H55AL, 1VV22AL.",CT,m,3161.6631578947367,3161.66,162.14,4742.49,4742.49,6323.32,4426.32,3793.99,impresoras,./assets/img/catalog/impresoras/MTFHPI1505.jpg,https://static.ctonline.mx/imagenes/MTFHPI1505/MTFHPI1505_400.jpg,48h Directa / 1 Año Fábrica,Pedro Moreno 501 A (Entrega Inmediata)
MTFHPI1595,MTFHPI1595,"Multifuncional HP Smart Tank 585 (1F3Y4A), Impresión, copiado, escaneado; Velocidad de impresió","Multifuncional HP Smart Tank 585 (1F3Y4A), Impresión, copiado, escaneado; Velocidad de impresión: ISO: Negro: Hasta 12 ppm, Color: 5 ppm; Ciclo de trabajo mensual: 3,000 pags; Calidad de impresión (óptima) Color: Resolución optimizada de hasta 4800 x 1200 dpi en color (cuando se imprime desde una computadora con papel fotográfico HP y 1200 dpi de entrada) Negro: Hasta 1.200 x 1.200 ppp de reproducción); Conectividad, estándar: 1 Hi-Speed USB 2.0 (dispositivo); 1 Bluetooth de bajo consumo de energía; 1 Wi-Fi 802.11b/g/n; 1 Wi-Fi Direct; Capacidad inalámbrica; Sí, Wi-Fi2.4G, Wi-FiDirect y Bluetooth debajo consumo incorporados; Resolución de escaneo, óptica: Hasta 1200 ppp; Formato del archivo de digitalización: JPEG, PDF; Windows11; Windows10; Windows7;  Consumibles compatibles: M0H56AL, M0H54AL, M0H55AL, 1VV22AL.",CT,m,3932.9789473684214,3932.98,201.69,5899.47,5899.47,7865.96,5506.17,4719.58,impresoras,./assets/img/catalog/impresoras/MTFHPI1595.jpg,https://static.ctonline.mx/imagenes/MTFHPI1595/MTFHPI1595_400.jpg,48h Directa / 1 Año Fábrica,Pedro Moreno 501 A (Entrega Inmediata)
MTFHPI1535,MTFHPI1535,"Impresora Todo-en-Uno HP Smart Tank 615 inalámbrica (Y0F71A), Hasta 11 ppm Negro, 5 ppm Color; ","Impresora Todo-en-Uno HP Smart Tank 615 inalámbrica (Y0F71A), Hasta 11 ppm Negro, 5 ppm Color; primera pág. impresa: Hasta apenas 20 segundos; Ciclo de trabajo (mensual, carta): Hasta 1.000 páginas; Volumen de páginas mensuales recomendado: 400 a 800; Número de usuarios: De 1 a 3 usuarios; Resolución óptima: Hasta 1200 x 1200 ppp de reproducción, Lenguaje de impresión: HP PCL 3 GUI; Capacidad de impresión móvil: Aplicación HP Smart; Apple AirPrint™; HP ePrint; Certificación Mopria™Capacidad inalámbrica Sí, Wi-Fi 802.11b/g/n integrada; Conectividad, estándar: USB 2.0 de alta velocidad, Wi-Fi, Bluetooth LE;  Memoria, máxima: 256 MB; Memoria integrada; Sistemas operativos compatibles: Windows 10, 8.1, 8, 7; OS X v10.11 El Capitán, macOS Sierra v10.12 (anteriormente OS X), macOS High Sierra v10.13, macOS Mojave v10.14 Consumibles: M0H56AE, M0H54AE, M0H55AE, 1VV22AL.",CT,m,4858.578947368421,4858.58,249.16,7287.87,7287.87,9717.16,6802.01,5830.3,impresoras,./assets/img/catalog/impresoras/MTFHPI1535.jpg,https://static.ctonline.mx/imagenes/MTFHPI1535/MTFHPI1535_400.jpg,48h Directa / 1 Año Fábrica,Pedro Moreno 501 A (Entrega Inmediata)
MTFHPI1600,MTFHPI1600,"Multifuncional HP Smart Tank 750 (6UU47A), Impresión, copiado, escaneo, AAD y conexión inalámbr","Multifuncional HP Smart Tank 750 (6UU47A), Impresión, copiado, escaneo, AAD y conexión inalámbrica; Velocidad de impresión: ISO: Negro: Hasta 15 ppm, Color: 9 ppm; Ciclo de trabajo mensual: 5,000 pags; Calidad de impresión (óptima) Color: Resolución optimizada de hasta 4800 x 1200 dpi en color (cuando se imprime desde una computadora con papel fotográfico HP y 1200 dpi de entrada) Negro: Hasta 1.200 x 1.200 ppp de reproducción); Funciones del software inteligente de la impresora, Impresión a doble cara; Conectividad, estándar: 1 Hi-Speed USB 2.0; Capacidad inalámbrica: Sí, Wi-Fi de banda dual de 2,4/5G, Wi-Fi Direct, BLE; Resolución de escaneo, óptica: Hasta 1200 ppp; Formato del archivo de digitalización: JPEG, TIFF, PDF, BMP, PNG; Windows 10, 7; macOS v10.14 Mojave, macOS v10.15 Catalina, macOS v11 Big Sur;  Consumibles compatibles: M0H56AL, M0H54AL, M0H55AL, M0H57AL.",CT,m,6015.621052631579,6015.62,308.49,9023.43,9023.43,12031.24,8421.87,7218.74,impresoras,./assets/img/catalog/impresoras/MTFHPI1600.jpg,https://static.ctonline.mx/imagenes/MTFHPI1600/MTFHPI1600_400.jpg,48h Directa / 1 Año Fábrica,Pedro Moreno 501 A (Entrega Inmediata)
IMPHPI1690,IMPHPI1690,"Impresora portátil HP OfficeJet 200 (CZ993A) Velocidad de impresión en negro: Hasta 10 ppm, Con","Impresora portátil HP OfficeJet 200 (CZ993A) Velocidad de impresión en negro: Hasta 10 ppm, Con batería: Hasta 9 ppm; Ciclo de trabajo (mensual, A4): Hasta 500 páginas; Calidad de impresión en negro (óptima): Ofrece hasta 1.200 x 1.200 ppp (cuando imprime desde un ordenador); Memoria, estándar DDR3 de 128 MB; Calidad de impresión en color (óptima): Hasta 4800 x 1200 dpi color optimizados (cuando se imprime desde una computadora y 1200 dpi de entrada); Capacidad: USB 2.0 + Wi-Fi;  HP ePrint; Sistemas operativos compatibles Windows 10, 8.1, 8 y 7, Windows Vista, Windows XP, Apple OS X Yosemite (v10.10) OS X Mavericks (v10.9) y OS X Mountain Lion (v10.8); Consumibles:  HP 62XL negro C2P05AL, HP 62XL tricolor C2P07AL. Sustituye a la Officejet 100 Portátil",CT,m,4442.978947368421,4442.98,227.85,6664.47,6664.47,8885.96,6220.17,5331.58,impresoras,./assets/img/catalog/impresoras/IMPHPI1690.jpg,https://static.ctonline.mx/imagenes/IMPHPI1690/IMPHPI1690_400.jpg,48h Directa / 1 Año Fábrica,Pedro Moreno 501 A (Entrega Inmediata)
IMPHPI2550,IMPHPI2550,"Impresora HP LaserJet Pro M501dn (J8H61A), Velocidad de impresión en negro: Normal: Hasta 45 pp","Impresora HP LaserJet Pro M501dn (J8H61A), Velocidad de impresión en negro: Normal: Hasta 45 ppm;  Calidad de impresión en negro (óptima); 600 x 600 dpi, Hasta 4.800 x 600 dpi mejorada; Tecnología de resolución: HP FastRes 1200, HP ProRes 1200, 600 dpi; Ciclo de trabajo (mensual, A4): Hasta 100,000 páginas; Lenguajes de impresión: HP PCL 5, HP PCL 6, emulación de postscript nivel 3 HP, impresión de PDF directa (v 1.7), URF, PCLM, PWG; Capacidad de impresión móvil: HP ePrint, Apple AirPrint™, certificación Mopria: Conectividad, estándar: Puertos de dispositivo/host USB 2.0 de alta velocidad, Fast Ethernet 10Base-T/100Base-Tx, Gigabit Ethernet 1000Base-T; Memoria, estándar: 256 MB; Impresión a doble cara: Automático. Tóner compatible: HP CF287A, CF287X",CT,m,8524.094736842106,8524.09,437.13,12786.14,12786.14,17048.18,11933.73,10228.91,impresoras,./assets/img/catalog/impresoras/IMPHPI2550.jpg,https://static.ctonline.mx/imagenes/IMPHPI2550/IMPHPI2550_400.jpg,48h Directa / 1 Año Fábrica,Pedro Moreno 501 A (Entrega Inmediata)
SCAHPI510,SCAHPI510,"Escáner HP ScanJet Pro 2600 f1 (20G05A), Hasta 25 ppm/50 ipm; Ciclo de trabajo diario recomenda","Escáner HP ScanJet Pro 2600 f1 (20G05A), Hasta 25 ppm/50 ipm; Ciclo de trabajo diario recomendado: 1500 páginas (ADF);Tipo de escaneo/tecnología: ADF; CIS scanning technology; Flatbed / ADF; Flatbed; Contact Image Sensor (CIS); Resolución de escaneado: Hasta 600 x 600 dpi (color y monocromático, ADF); Hasta 1200 x 1200 dpi (color y monocromático, escáner plano);Tamaño de escaneado, ADF: 216 x 3100 mm Máximo; 89 x 148 mm Mínimos; Cama plana: 216 x 297 mm; Escaneado ADF dúplex: Sí; Capacidad del ADF: Estándar, 60 hojas; Fuente de luz: Diodo emisor de luz (LED); Conectividad estándar: USB 2.0; Memoria Estándar:256 MB;  Sustituye a: 2500f1.",CT,m,6094.9473684210525,6094.95,312.56,9142.42,9142.42,12189.9,8532.93,7313.94,impresoras,./assets/img/catalog/impresoras/SCAHPI510.jpg,https://static.ctonline.mx/imagenes/SCAHPI510/SCAHPI510_400.jpg,48h Directa / 1 Año Fábrica,Pedro Moreno 501 A (Entrega Inmediata)
SCAHPI520,SCAHPI520,"Escáner HP ScanJet Pro N4600 fnw1 (20G07A), Hasta 40 ppm/80 ipm, Ciclo de trabajo diario recome","Escáner HP ScanJet Pro N4600 fnw1 (20G07A), Hasta 40 ppm/80 ipm, Ciclo de trabajo diario recomendado: 6000 páginas (ADF); Tipo de escaneo/tecnología: ADF: CIS scanning technology; Flatbed / Flatbed; Contact Image Sensor (CIS); Resolución de escaneado: Hasta 600 x 600 dpi (color y monocromático, ADF); Hasta 1200 x 1200 dpi (color y monocromático, escáner plano); Tamaño de escaneado ADF: 216 x 5362 mm Máximo; 89 x 148 mm Mínimos; Cama plana: 216 x 356 mm; Escaneado a doble cara de una sola pasada; Capacidad del ADF, 100 hojas; Conectividad estándar, Ethernet 10/100/1000 Base-T, USB 3.0, WiFi 802.11 b/g/n, WiFi Direct; Sustituye a: 4500 fn1.",CT,m,17092.368421052633,17092.37,876.53,25638.56,25638.56,34184.74,23929.32,20510.84,impresoras,./assets/img/catalog/impresoras/SCAHPI520.jpg,https://static.ctonline.mx/imagenes/SCAHPI520/SCAHPI520_400.jpg,48h Directa / 1 Año Fábrica,Pedro Moreno 501 A (Entrega Inmediata)
SCAHPI530,SCAHPI530,"Escáner HP ScanJet Enterprise Flow N6600 fnw1 (20G08A), Hasta 50 ppm/100 ipm, Ciclo de trabajo ","Escáner HP ScanJet Enterprise Flow N6600 fnw1 (20G08A), Hasta 50 ppm/100 ipm, Ciclo de trabajo diario recomendado: 8000 páginas (ADF); Tipo de escaneo/tecnología ADF; CIS scanning technology; Flatbed / ADF; Flatbed; Contact Image Sensor (CIS); Resolución de escaneado, Hasta 600 x 600 dpi (color y monocromático, ADF); Hasta 1200 x 1200 dpi (color y monocromático, escáner plano); Tamaño de escaneado ADF: 216 x 5362 mm Máximo; 89 x 148 mm Mínimos; Cama plana: 216 x 356 mm; Escaneado a doble cara de una sola pasada; Capacidad del ADF, 100 hojas, Conectividad estándar, Ethernet 10/100/1000 Base-T, USB 3.0, WiFi 802.11 b/g/n, WiFi Direct; Memoria Estándar:1 GB; Sustituye a: 7500.",CT,m,24291.47368421053,24291.47,1245.72,36437.21,36437.21,48582.94,34008.06,29149.76,impresoras,./assets/img/catalog/impresoras/SCAHPI530.jpg,https://static.ctonline.mx/imagenes/SCAHPI530/SCAHPI530_400.jpg,48h Directa / 1 Año Fábrica,Pedro Moreno 501 A (Entrega Inmediata)
SCAHPI465,SCAHPI465,"Escáner HP Scanjet Pro 2000 s2 (6FW06A), Alimentador de hojas, Resolución de escaneo, óptica: H","Escáner HP Scanjet Pro 2000 s2 (6FW06A), Alimentador de hojas, Resolución de escaneo, óptica: Hasta 600 ppp; Ciclo de trabajo (diario): hasta 3,500 páginas diarias; Profundidad de bits: 24 bits externos/48 bits internos; Niveles de escala de grises; 256; ADF: 50 hojas; Velocidad del alimentador automático de documentos: Hasta 35 ppm/70 ipm; Tamaño de escaneado (ADF), máximo: 216 x 3100 mm; Sistemas operativos compatibles: Microsoft Windows 10, 8.1, 7, XP: 32 y 64 bits, 2008 R2, 2012 R2, 2016, 2019; MacOS Catalina 10.15, Mojave 10.14, High sierra 10.13; Conectividad, estándar: Hi-Speed USB 3.0 Sustituto Scanjet Pro 2000 s1",CT,m,7384.115789473685,7384.12,378.67,11076.18,11076.18,14768.24,10337.77,8860.94,impresoras,./assets/img/catalog/impresoras/SCAHPI465.jpg,https://static.ctonline.mx/imagenes/SCAHPI465/SCAHPI465_400.jpg,48h Directa / 1 Año Fábrica,Pedro Moreno 501 A (Entrega Inmediata)
SCAHPI455,SCAHPI455,"Escáner HP Scanjet Pro 3000 s4 (6FW07A), Alimentador de hojas, Resolución de escaneo, óptica: H","Escáner HP Scanjet Pro 3000 s4 (6FW07A), Alimentador de hojas, Resolución de escaneo, óptica: Hasta 600 ppp; Ciclo de trabajo (diario): hasta 4,000 páginas diarias; Profundidad de bits: 24 bits externos/48 bits internos; Niveles de escala de grises; 256; ADF: 50 hojas; Velocidad del alimentador automático de documentos: Hasta 40 ppm/80 ipm; Tamaño de escaneado (ADF), máximo: 216 x 3100 mm; Formato de archivo de escaneado: Para texto e imágenes: PDF, PDF/A, PDF Cifrado, JPEG, PNG, BMP, TIFF, TXT (texto), RTF (texto enriquecido) y PDF con función de búsqueda Sistemas operativos compatibles: Microsoft Windows 10, 8.1, 7, XP: 32 y 64 bits, 2008 R2, 2012 R2, 2016, 2019; MacOS Catalina 10.15, Mojave 10.14, High sierra 10.13;; Conectividad, estándar: USB 3.0 de alta velocidad Sustituto Scanjet Pro 3000 s3",CT,m,9933.0,9933.0,509.38,14899.5,14899.5,19866.0,13906.2,11919.6,impresoras,./assets/img/catalog/impresoras/SCAHPI455.jpg,https://static.ctonline.mx/imagenes/SCAHPI455/SCAHPI455_400.jpg,48h Directa / 1 Año Fábrica,Pedro Moreno 501 A (Entrega Inmediata)
SCAHPI440,SCAHPI440,"Escáner HP Scanjet Pro N4000 snw1 (6FW08A), Alimentador de hojas, Resolución de escaneo, óptica","Escáner HP Scanjet Pro N4000 snw1 (6FW08A), Alimentador de hojas, Resolución de escaneo, óptica: Hasta 600 ppp; Ciclo de trabajo (diario): hasta 4,000 páginas diarias; Profundidad de bits: 24 bits externos/48 bits internos; Niveles de escala de grises; 256; ADF: 50 hojas; Velocidad del alimentador automático de documentos: Hasta 40 ppm/80 ipm; Tamaño de escaneado (ADF), máximo: 216 x 3100 mm; Formato de archivo de escaneado: Para texto e imágenes: PDF, PDF/A, PDF cifrado, JPEG, PNG, BMP, TIFF, TXT (texto), RTF (texto enriquecido), PDF con función de búsqueda, Word, Excel y PowerPoint; Sistemas operativos compatibles: Microsoft Windows 10, 8.1, 7, XP: 32 y 64 bits, 2008 R2, 2012 R2, 2016, 2019; MacOS Catalina 10.15, Mojave 10.14, High sierra 10.13; Conectividad, estándar: USB 3.0 de alta velocidad, Ethernet 10/100Base-TX; Capacidad inalámbrica: inalámbrica 802.11b/g/n, Wi-Fi Direct.",CT,m,12329.763157894737,12329.76,632.3,18494.64,18494.64,24659.52,17261.66,14795.71,impresoras,./assets/img/catalog/impresoras/SCAHPI440.jpg,https://static.ctonline.mx/imagenes/SCAHPI440/SCAHPI440_400.jpg,48h Directa / 1 Año Fábrica,Pedro Moreno 501 A (Entrega Inmediata)
SCAHPI475,SCAHPI475,Escáner HP ScanJet Enterprise Flow 5000 s5 (6FW09A); Alimentador automático de documentos (ADF),"Escáner HP ScanJet Enterprise Flow 5000 s5 (6FW09A); Alimentador automático de documentos (ADF); Resolución de escaneo, óptica Hasta 600 ppp; Ciclo de trabajo diario recomendado: 7,500 páginas; Profundidad 48 bits internos 24 bits externos; Niveles de escala de grises: 256;Formato de archivo de escaneado: Para texto e imágenes: PDF, PDF/A, PDF cifrado, JPEG, PNG, BMP, TIFF, TXT (texto), RTF (texto enriquecido), PDF con función de búsqueda, Word, Excel y PowerPoint ; ADF: 80 hojas; Velocidad del alimentador automático de documentos: Hasta 65 ppm/130 ipm; Tamaño de escaneado (ADF), máximo: 216 x 3100 mm; sistemas operativos compatibles: Microsoft Windows 10, 8.1, 7, XP: 32 y 64 bits, 2008 R2, 2012 R2, 2016, 2019; MacOS Catalina 10.15, Mojave 10.14, High sierra 10.13; Conectividad, estándar: USB 3.0 (SuperSpeed). Sustituto Scanjet Enterprise Flow 5000 s4",CT,m,15151.990736842106,15151.99,777.03,22727.99,22727.99,30303.98,21212.79,18182.39,impresoras,./assets/img/catalog/impresoras/SCAHPI475.jpg,https://static.ctonline.mx/imagenes/SCAHPI475/SCAHPI475_400.jpg,48h Directa / 1 Año Fábrica,Pedro Moreno 501 A (Entrega Inmediata)
SCAHPI480,SCAHPI480,Escáner HP ScanJet Enterprise Flow 7000 s3 (L2757A); Alimentador automático de documentos (ADF),"Escáner HP ScanJet Enterprise Flow 7000 s3 (L2757A); Alimentador automático de documentos (ADF); Resolución de escaneo, óptica Hasta 600 ppp; Ciclo de trabajo diario recomendado: 7,500 páginas; Profundidad 48 bits internos 24 bits externos; Niveles de escala de grises: 256; ADF: 80 hojas; Velocidad del alimentador automático de documentos: Hasta 75 ppm/150 ipm; Tamaño de escaneado (ADF), máximo: 216 x 3100 mm; Sistemas operativos compatibles: Microsoft® Microsoft® Windows 10, Windows® 8, Windows 7; Conectividad, estándar: USB 2.0 y USB 3.0 (SuperSpeed). Sustituto Scanjet Enterprise Flow 7000 s2",CT,m,21609.76042105263,21609.76,1108.19,32414.64,32414.64,43219.52,30253.66,25931.71,impresoras,./assets/img/catalog/impresoras/SCAHPI480.jpg,https://static.ctonline.mx/imagenes/SCAHPI480/SCAHPI480_400.jpg,48h Directa / 1 Año Fábrica,Pedro Moreno 501 A (Entrega Inmediata)
SCAHPI380,SCAHPI380,Escáner HP ScanJet Enterprise Flow N7000 snw1 (6FW10A); Alimentador automático de documentos (A,"Escáner HP ScanJet Enterprise Flow N7000 snw1 (6FW10A); Alimentador automático de documentos (ADF); Resolución de escaneo, óptica Hasta 600 ppp; Ciclo de trabajo diario recomendado: 7,500 páginas; Profundidad 48 bits internos 24 bits externos; Niveles de escala de grises: 256; ADF: 80 hojas; Velocidad del alimentador automático de documentos: Hasta 75 ppm/150 ipm; Tamaño de escaneado (ADF), máximo: 216 x 3100 mm; Formato de archivo de escaneado: Para texto e imágenes: PDF, PDF/A, PDF cifrado, JPEG, PNG, BMP, TIFF, TXT (texto), RTF (texto enriquecido), PDF con función de búsqueda, Word, Excel y PowerPoint; Sistemas operativos compatibles: Microsoft Windows 10, 8.1, 7, XP: 32 y 64 bits, 2008 R2, 2012 R2, 2016, 2019; MacOS Catalina 10.15, Mojave 10.14, High sierra 10.13; Conectividad, estándar: USB 3.0 de alta velocidad, Ethernet 10/100/1000 Base-TX; Capacidad inalámbrica: inalámbrica 802.11b/g/n, Wi-Fi Direct. Sustituto Scanjet Enterprise Flow 7000 s4",CT,m,20724.63473684211,20724.63,1062.8,31086.94,31086.94,41449.26,29014.48,24869.56,impresoras,./assets/img/catalog/impresoras/SCAHPI380.jpg,https://static.ctonline.mx/imagenes/SCAHPI380/SCAHPI380_400.jpg,48h Directa / 1 Año Fábrica,Pedro Moreno 501 A (Entrega Inmediata)
SCAHPI490,SCAHPI490,"HP Digital Sender Flow 8500 fn2 (L2762A); Cama plana, alimentador automático de documentos (ADF","HP Digital Sender Flow 8500 fn2 (L2762A); Cama plana, alimentador automático de documentos (ADF); Resolución de escaneo, óptica: Hasta 600 ppi, Resolución de escaneado mejorada: Hasta 600 ppi; Ciclo de trabajo diario recomendado: 10.000 páginas; Profundidad 24 bits; Niveles de escala de grises: 256; Tamaño de escaneo, máximo (Cama plana): 216 x 356 mm;  Correo electrónico; Guardar en carpeta de red; Guardar en USB; Guardar en memoria de dispositivo; Aplicaciones de Open Extensibility Platform (OXP); escaneo con software mediante HP Scan; aplicación de usuario a través de los controladores profesionales TWAIN, ISIS, WIA o Kofax VirtualRescan (VRS). Capacidad ADF: Estándar, 150 hojas @ 75 g/m²; Velocidad ADF: Hasta 92 ppm/184 ipm; Tamaño de escaneo (ADF), 216 x 356 mm; Hasta 216 x 864 mm al seleccionar ""tamaño de escaneado largo""; Sistemas operativos compatibles: Linux Debían, Linux Fedora, Linux Mint, Linux Red Hat Enterprise, Linux SUSE, Linux Ubuntu, OS Mac OS 10.12 Sierra, OS X 10.10 Yosemite, OS X 10.11 El Capitan, UNIX, Windows 10, Windows 7, Windows 8/8.1  (excepto RT OS para tablets), Sustituto del HP Digital Sender Flow 8500 fn1.",CT,m,73579.44631578948,73579.45,3773.31,110369.17,110369.17,147158.9,103011.23,88295.34,impresoras,./assets/img/catalog/impresoras/SCAHPI490.jpg,https://static.ctonline.mx/imagenes/SCAHPI490/SCAHPI490_400.jpg,48h Directa / 1 Año Fábrica,Pedro Moreno 501 A (Entrega Inmediata)
SCAHPI500,SCAHPI500,Escáner de superficie plana para documentos HP ScanJet Enterprise Flow N9120 fn2 (L2763A); Cama,"Escáner de superficie plana para documentos HP ScanJet Enterprise Flow N9120 fn2 (L2763A); Cama plana, alimentador automático de documentos (ADF); Resolución de escaneo, óptica: Hasta 600 dpi; Ciclo de trabajo diario recomendado: 20,000 páginas (ADF); Profundidad 24 bits; Niveles de escala de grises: 256; Tamaño de escaneo (cama plana), máximo: 297 x 432 mm; Función de escaneo del panel frontal:  Correo electrónico; Guardar en carpeta de red; Guardar en USB; Guardar en memoria de dispositivo; Aplicaciones de la plataforma Open Extensibility Platform (OXP); escaneo con software mediante HP Scan; aplicación de usuario a través de los controladores profesionales TWAIN, ISIS, WIA o Kofax VirtualRescan (VRS). Conectividad, estándar: Ethernet 10/100/1000, 1 1host USB de alta velocidad (parte posterior), 1 host USB de alta velocidad (panel frontal), 1 USB de alta velocidad, compartimiento para integración de hardware (HIP), 1 puerto USB para dispositivo (posterior); Capacidad ADF: 200 Hojas; Velocidad ADF: 120 ppm/240 ipm; Tamaño de escaneo (ADF), máximo 297 x 432 mm; Sistemas operativos compatibles: Linux Debian, Linux Fedora, Linux Mint, Linux Red Hat Enterprise, Linux SUSE, Linux Ubuntu, OS Mac OS 10.12 Sierra, OS X 10.10 Yosemite, OS X 10.11 El Capitan, UNIX, Windows 10, 7, 8/8.1 (excepto RT OS para tablets), Peso 21.4 kg. Sustituto del N9120.",CT,m,80748.62105263158,80748.62,4140.95,121122.93,121122.93,161497.24,113048.07,96898.34,impresoras,./assets/img/catalog/impresoras/SCAHPI500.jpg,https://static.ctonline.mx/imagenes/SCAHPI500/SCAHPI500_400.jpg,48h Directa / 1 Año Fábrica,Pedro Moreno 501 A (Entrega Inmediata)
IMPEPS3640,IMPEPS3640,"Impresora a color EcoTank L6490, C11CJ88301. Tecnología de impresión: PrecisionCore® 4 colores ","Impresora a color EcoTank L6490, C11CJ88301. Tecnología de impresión: PrecisionCore® 4 colores (CMYK). Número de inyectores: 400 boquillas negro y 128 boquillas color. Resolución máxima de impresión: 4.800 dpi x 1.200 dpi. Velocidad de impresión ISO: 17/9,5 ISO ppm (negro/color) simplex 7,5/5 ppm (negro/color) dúplex. Ciclo de trabajo mensual recomendado/máximo: 1.500 páginas al mes/hasta 20.000 páginas al mes. COPIA: Velocidad de copiado: 12/6 ipm. Cantidad de copias: 99. Resolución de copiado (entrada y salida): Hasta 600 dpi x 600 dpi y hasta 600 dpi x 1.200 dpi. Funciones de copiado: 1 a 2 caras, vista previa, reducción automática y ampliación (25% - 400%), intercalar, densidad de copia ajustable, 1 cara a 2 caras, 2 caras a 1 cara, 2 caras a 2 caras. Ajustes: densidad, contraste, color, nitidez, mejora de texto y originales de varios tamaños mezclados. ESCANEO. Tipo de escáner: Cama plana a color/ADF. Velocidad del escáner (ADF): 6/5 ipm negro/color (ISO), Escaneo máximo tamaño de la cama: 21,6 cm x 30 cm, Funciones de escaneo: Escanear a PC vía Document Capture Pro, escanear a la nube6 (incluyendo email). FAX. Tipo de fax: Blanco y negro o en color, Módem: Hasta 33,6 Kbps, Memoria de recepción: Hasta 180 páginas, Tamaño del papel de la transmisión: Cama plana: carta, A4 ADF: carta, A4, 8,5'' x 13'', lega. ALIMENTADOR DE DOCUMENTOS: Capacidad máxima: 35 hojas (80 g/m2 ), Gramaje papel: 64 g/m2 - 95 g/m2, Escaneo, copiado y fax automático de dos caras:  La función dúplex no es automática en escaneo, copiado o fax. Inicie con la cara frontal y luego la cara posterior. Conectividad estándar: SuperSpeed USB 3.0, inalámbrica LAN iEEE (802,11 b/g/n/a/ac)3 , Wi-Fi Direct, 100 Base-TX/10 Base-T, Garantía: 1 año en centro de servicio autorizado, limitada por hardware. Consumibles T524220-AL, T524320-AL, T524420-AL, T524120-AL",CT,m,8964.21052631579,8964.21,459.7,13446.31,13446.31,17928.42,12549.89,10757.05,impresoras,./assets/img/catalog/impresoras/IMPEPS3640.jpg,https://static.ctonline.mx/imagenes/IMPEPS3640/IMPEPS3640_400.jpg,48h Directa / 1 Año Fábrica,Pedro Moreno 501 A (Entrega Inmediata)
IMPEPS1490,IMPEPS1490,Impresora Matriz de Punto EPSON TM-U220B-871 C31C514A8711. Impresora matricial de impacto en se,"Impresora Matriz de Punto EPSON TM-U220B-871 C31C514A8711. Impresora matricial de impacto en serie de 9 agujas de 80 mm, Velocidad de impresión 4,70 lps (40 columnas, 16,00 cpp), Cortador automático de papel, tamaño de letra 1,2 mm (ancho) x 3,1 mm (alto) / 1,6 mm (ancho) x 3,1 mm (alto), Conectividad Ethernet 10/100Base-T/TX, manejode papel copia más un original, Color Epson Dark Grey, Instalación Horizontal, Vertical con soporte para pared, Duración útil autocortador 800.000 Cortes, Dimensiones del producto 160‎ x 248 x 139 mm (ancho x profundidad x altura), Peso 2,5 kg, Fiabilidad 18.000.000 MCBF (líneas), 180.000 MTBF (horas), Garantia de 2 años en centro de servicio, Consumible: ERC-38B",CT,m,5977.894736842106,5977.89,306.56,8966.84,8966.84,11955.78,8369.05,7173.47,impresoras,./assets/img/catalog/impresoras/IMPEPS1490.jpg,https://static.ctonline.mx/imagenes/IMPEPS1490/IMPEPS1490_400.jpg,48h Directa / 1 Año Fábrica,Pedro Moreno 501 A (Entrega Inmediata)
IMPEPS2520,IMPEPS2520,"Impresora Epson LX-350 (C11CC24001) Impresión monocromática, Matriz de Punto de 9 agujas. Color","Impresora Epson LX-350 (C11CC24001) Impresión monocromática, Matriz de Punto de 9 agujas. Color negro. Velocidad de Impresión: HighSpeed-Draft: 10 cpi: 347 caracteres/s, 12 cpi: 357 caracteres/s, Draft: 10 cpi: 260 caracteres/s, 12 cpi: 312 caracteres/s. Conexiones Paralelo bidireccional, Paralelo, USB 2.0 tipo A, USB 2.0 tipo B. Cabezal de impresión Golpes 400,000. Original + 4 copias. Consumible. Cinta Negra S015631",LX-350,m,6674.736842105263,6674.74,342.29,10012.11,10012.11,13349.48,9344.64,8009.69,impresoras,./assets/img/catalog/impresoras/IMPEPS2520.jpg,https://static.ctonline.mx/imagenes/IMPEPS2520/IMPEPS2520_400.jpg,48h Directa / 1 Año Fábrica,Pedro Moreno 501 A (Entrega Inmediata)
IMPEPS3250,IMPEPS3250,"Impresora Matriz de Punto EPSON LQ-2090II C11CF40201. Impresión matricial de 24 agujas, velocid","Impresora Matriz de Punto EPSON LQ-2090II C11CF40201. Impresión matricial de 24 agujas, velocidad de de impresión hasta 584 cps a 12 cpi, Conectividad paralelo bidireccional y USB, Rendimiento de la cinta de 8 millones de caracteres, Lenguajes de impresora Epson ESC/P®, IBM® PPDS y MICROLINE®, Compatible con Windows Vista, 7, XP, 8, 10, Manejo de papelIndividual, continuo, multiparte, sobre No.6, sobre No.10, etiquetas, tarjetas y rollo de papels, Duración cabeza de impresión 400 millones de caracteres, Dimensiones físicas 612 mm x 176,5 mm x 320 mm (ancho x alto x profundidad), Peso 9,4 Kg, Buffer de entrada 128KB, Garantía de 1 año en centro de servicio, Consumible: S015335",CT,m,14182.105263157895,14182.11,727.29,21273.17,21273.17,28364.22,19854.95,17018.53,impresoras,./assets/img/catalog/impresoras/IMPEPS3250.jpg,https://static.ctonline.mx/imagenes/IMPEPS3250/IMPEPS3250_400.jpg,48h Directa / 1 Año Fábrica,Pedro Moreno 501 A (Entrega Inmediata)
IMPEPS3120,IMPEPS3120,"Impresora Matriz de Punto EPSON FX-2190II C11CF38201. Impresión matricial de 9 agujas, velocida","Impresora Matriz de Punto EPSON FX-2190II C11CF38201. Impresión matricial de 9 agujas, velocidad de  impresión hasta 738 cps a 12 cpi, Conectividad paralelo bidireccional y USB, Rendimiento de la cinta de 12 millones de caracteres, Lenguajes de impresora Epson ESC/P®, IBM® PPDS y MICROLINE®, Compatible con Windows Vista, 7, XP, 8, 10, Manejo de papel Individual, continuo, multiparte, sobre No.6, sobre No.10, etiquetas, tarjetas y rollo de papel, Duración cabeza de impresión 400 millones de caracteres, Dimensiones físicas 612 mm x 176,5 mm x 375 mm (ancho x alto x profundidad), Peso 9,4 Kg, Buffer de entrada 128KB, Garantía de 1 año en centro de servicio, Consumible: C31S015602",CT,m,14684.21052631579,14684.21,753.04,22026.31,22026.31,29368.42,20557.89,17621.05,impresoras,./assets/img/catalog/impresoras/IMPEPS3120.jpg,https://static.ctonline.mx/imagenes/IMPEPS3120/IMPEPS3120_400.jpg,48h Directa / 1 Año Fábrica,Pedro Moreno 501 A (Entrega Inmediata)
ACCEPS630,ACCEPS630,Adaptador EPSON OT-WL06 Wireless Lan 2.4/5Ghz (C32C891326) para impresoras TM-M30II/TM-C4000/TM,Adaptador EPSON OT-WL06 Wireless Lan 2.4/5Ghz (C32C891326) para impresoras TM-M30II/TM-C4000/TM-T88VII,EPSON,m,1357.8947368421054,1357.89,69.64,2036.84,2036.84,2715.78,1901.05,1629.47,impresoras,./assets/img/catalog/impresoras/ACCEPS630.jpg,https://static.ctonline.mx/imagenes/ACCEPS630/ACCEPS630_400.jpg,48h Directa / 1 Año Fábrica,Pedro Moreno 501 A (Entrega Inmediata)
SCAEPS830,SCAEPS830,Escáner EPSON WorkForce ES-C320W (B11B270201) Escáner color a doble faz con una pasada y alimen,"Escáner EPSON WorkForce ES-C320W (B11B270201) Escáner color a doble faz con una pasada y alimentación de hojas, Sensor de imagen de contacto (CIS), LED RGB de 3 colores, Resolución óptica 600 dpi, Resolución máxima del hardware 600 dpi, Resolución interpolada máxima 1.200 dpi, Entrada de 30 bits y salida de 24 bits, Botones Encendido-escaneado-parada, Alimentador automático de documentos 20 hojas, Tamaño del documento 21,5 x 304,8 cm máximo y 5,08 x 5,08 cm máximo, Velocidad de escaneo (tamaño carta), 30 ppm/60 ipm: 300 dpi en blanco y negro, color, escala de grises (alta velocidad), Conectividad USB 2.0 Tipo-C, Wi-Fi® 802.11 b/g/n/a/ac (2,4 GHz y 5 GHz), Ciclo de trabajo diario máximo hasta 3.500 hojas, Windows® 11 (64-bits), Windows® 10 (32-bits, 64-bits),Windows ® 8/8.1 (32-bits, 64-bits), Windows® 7 (32-bits, 64-bits) SP1,MacOS® X 10.11.x a macOS® 13.x, Software incluido Epson ScanSmart - NewSoft-Presto! BizCard, Garantía: 1 año limitada  en Centro de Servicio",EPSON,m,6615.789473684211,6615.79,339.27,9923.68,9923.68,13231.58,9262.11,7938.95,impresoras,./assets/img/catalog/impresoras/SCAEPS830.jpg,https://static.ctonline.mx/imagenes/SCAEPS830/SCAEPS830_400.jpg,48h Directa / 1 Año Fábrica,Pedro Moreno 501 A (Entrega Inmediata)
SCAEPS850,SCAEPS850,Epson Escáner DS-C330 (B11B272201) Escáner en color dúplex de 1 pasada con alimentador de docum,"Epson Escáner DS-C330 (B11B272201) Escáner en color dúplex de 1 pasada con alimentador de documentos, Sensor de imagen por contacto (CIS x2), LED RGB de 3 colores x2, Resolución máxima del hardware 600 dpi, Resolución interpolada máxima 1.200 dpi, Botones Encendido-escaneado-parada, Alimentador automático de documentos 20 hojas, Tamaño del documento 21,5 x 304,8 cm máximo y 5,08 x 5,08 cm máximo, Velocidad de escaneo (tamaño carta), 30 ppm/60 ipm: 300 dpi en blanco y negro, color, escala de grises (alta velocidad), Conectividad USB 2.0 Tipo-C, Ciclo de trabajo diario máximo hasta 5000 hojas, Windows® 11 (64-bits), Windows® 10 (32-bits, 64-bits),Windows ® 8/8.1 (32-bits, 64-bits), Windows® 7 (32-bits, 64-bits) SP1,MacOS® X 10.11.x a macOS® 13.x, Software incluido Epson Scan 2, Document Capture Pro, Garantía: 1 año limitada  en Centro de Servicio",DS-C330,m,6082.105263157895,6082.11,311.9,9123.16,9123.16,12164.22,8514.95,7298.53,impresoras,./assets/img/catalog/impresoras/SCAEPS850.jpg,https://static.ctonline.mx/imagenes/SCAEPS850/SCAEPS850_400.jpg,48h Directa / 1 Año Fábrica,Pedro Moreno 501 A (Entrega Inmediata)
SCAEPS860,SCAEPS860,Epson Escáner DS-C490 (B11B271201) Escáner en color dúplex de 1 pasada con alimentador de docum,"Epson Escáner DS-C490 (B11B271201) Escáner en color dúplex de 1 pasada con alimentador de documentos, Sensor de imagen por contacto (CIS x2), LED RGB de 3 colores x2, Resolución máxima del hardware 600 dpi, Resolución interpolada máxima 1.200 dpi, Botones Encendido-escaneado-parada, Alimentador automático de documentos 20 hojas, Tamaño del documento 21,59 x 558,8 cm máximo³, 5,08 x 5,08 cm mínimo, Velocidad de escaneo (tamaño carta) 40 ppm/80 ipm: 300 ppp, blanco y negro, color, escala de grises (USB de alta velocidad), Conectividad USB 2.0 Tipo-C, Ciclo de trabajo diario máximo hasta 6500 hojas, Windows® 11 (64-bits), Windows® 10 (32-bits, 64-bits),Windows ® 8/8.1 (32-bits, 64-bits), Windows® 7 (32-bits, 64-bits) SP1,MacOS® X 10.11.x a macOS® 13.x, Software incluido Epson Scan 2, Document Capture Pro, Garantía: 1 año limitada  en Centro de Servicio",DS-C490,m,11371.578947368422,11371.58,583.16,17057.37,17057.37,22743.16,15920.21,13645.9,impresoras,./assets/img/catalog/impresoras/SCAEPS860.jpg,https://static.ctonline.mx/imagenes/SCAEPS860/SCAEPS860_400.jpg,48h Directa / 1 Año Fábrica,Pedro Moreno 501 A (Entrega Inmediata)
SCAEPS800,SCAEPS800,"Escáner EPSON Perfection V39 II (B11B268201) Escáner plano, Resolución de escaneado 4.800 ppp x","Escáner EPSON Perfection V39 II (B11B268201) Escáner plano, Resolución de escaneado 4.800 ppp x 4.800 ppp (horizontal × vertical), Resolución óptica Principal 4.800 ppp, Profundidad de color entrada: 48 Bits Color , salida: 24 Bits Color, Intervalo de escaneado (máximo) 216 mm x 297 mm (horizontal × vertical) Formatos papel A4 (21.0x29,7 cm), Sensor óptico CIS (sensor de imagen de contacto), Fuente luminosa LED blanco, Método de escaneado Documentos fijos y carro móvil, Resolución de impresión 50~6400 (paso de 1 ppp) ppp, Interfaces USB 2.0 Micro-AB, Dimensiones del producto 249 x 364 x 39 mm (ancho x profundidad x altura) Peso 1,5 kg Software incluido Utilidad Epson Copy, Epson Document Capture (sólo Mac), Epson Document Capture Pro (sólo Windows), Epson Easy Photo Scan, Epson ScanSmart Sistemas operativos compatibles Mac OS 10.7.x, Mac OS 10.8.x, Mac OS 10.9.x, Mac OS X 10.6.8, Windows 10, Windows 11 or later, Windows 7, Windows 8, Windows 8.1, Windows Vista, Windows XP SP2 o superior Humedad del aire Operación 20% - 80%, almacenamiento 20% - 80% Temperatura Operación 10°C - 35°C, almacenamiento -20°C - 60°C Consumo energético 2,5 vatio (Funcionamiento), 1,1 vatio Preparado, 0,013 vatio (desconectar) Controladores Epson Scan2 (TWAIN), ICA (Mac), Tamaño del documento: plano A4, Carta legal, Vista previa en A4: 10 s/página ,, Monocromo: 10 s/página - Color: 10 s/página medido con el tamaño A4, Resolución 300 ppp ,, Monocromo: 12 s/página - Color: 29 s/página medido con el tamaño A4, Resolución 600 ppp, Garantía: 1 año limitada  en Centro de Servicio",EPSON,m,2238.947368421053,2238.95,114.82,3358.42,3358.42,4477.9,3134.53,2686.74,impresoras,./assets/img/catalog/impresoras/SCAEPS800.jpg,https://static.ctonline.mx/imagenes/SCAEPS800/SCAEPS800_400.jpg,48h Directa / 1 Año Fábrica,Pedro Moreno 501 A (Entrega Inmediata)
SCAEPS710,SCAEPS710,"Escáner Epson ES-60W ( B11B253201) Tipo de escáner a una faz, portátil y a color Método de esca","Escáner Epson ES-60W ( B11B253201) Tipo de escáner a una faz, portátil y a color Método de escaneo Carro ­jo y documento en movimiento Alimentación de papel Alimentación manual (cara abajo) Sensor óptico CIS color de 1.200 dpi (salida de hasta 600 dpi) Resolución óptica 600 dpi Resolución de hardware 600 dpi Velocidad del escáner2 (ADF) Blanco y negro, 300 dpi, hoja simple: 4 ppm (con batería); 5,5 ppm (conectado vía USB) color, 300 dpi, hoja simple: 4 ppm (con batería); 5,5 ppm conectado vía USB) blanco y negro, 600 dpi, hoja simple: 9 ppm (con batería); 9 ppm (conectado vía USB) color, 600 dpi, hoja simple: 9 ppm (con batería); 9 ppm (conectado vía USB) Área máxima de escaneo 216 mm x 1.828,8 mm. Tarjeta plástica/con relieve (con 1,2 mm de espesor máximo) (solo escaneo horizontal), A4, A5, A6, B5, A8 (solo escaneo en retrato/solo Windows) tarjeta comercial, carta, legal y tamaños especiales Profundidad de bits del escáner Color: 48 bits de entrada/24 bits de salida Escala de grises: 16 bits de entrada/8 bits de salida Conectividad Sistemas operativos Windows 10 (32-bit, 64-bit), Windows® 8 / Windows® 8.1 (32-bit, 64-bit) Windows7 (32-bit, 64-bit) SP1 Mac OS X 10.11.x/Mac OS 10.14.x General Fuente de alimentación Interfaz USB (conector Micro-B), DC Inlet (5 V) Interfaz USB 2.0 – Micro Tipo B, Wi-Fi® 802.11 b/g/n Temperatura Funcionamiento: 5 °C a 35 °C (41 °F a 95 °F) Humedad relativa Funcionamiento: 10% – 85% (sin condensación) Consumo de energía (aproximado) Batería: modo operación: 3,1 W/modo en espera: 2,5 W/ Modo en reposo 1,9 W/modo apagado: 0,2 W USB: modo operación: 2,7 W/modo en espera: 1,6 W/ Modo en reposo: 1,2 W/modo apagado: 0,2W Peso y dimensiones (ancho x profundidad x alto) 300 g/27,2 cm x 4,7 cm x 3,38 cm ¿Qué hay en la caja? Escáner inalámbrico de documentos WorkForce® ES-60W Cable USB Guía de mantenimiento Software disponible Epson ScanSmart con software OCR (requiere conexión a internet para descargar e instalar), Epson ScanSmart Características ecológicas Adheridos a las reglas RoHS Información de producto Códigos WorkForce® ES-60W B11B253201 Garantía : 1 año directo en Centro de servicio Autorizado",ES-60W,m,4138.210690022113,4138.21,212.22,6207.32,6207.32,8276.42,5793.49,4965.85,impresoras,./assets/img/catalog/impresoras/SCAEPS710.jpg,https://static.ctonline.mx/imagenes/SCAEPS710/SCAEPS710_400.jpg,48h Directa / 1 Año Fábrica,Pedro Moreno 501 A (Entrega Inmediata)
SCAEPS720,SCAEPS720,Escáner Epson ES-580W B11B258201 Tipo de escáner Método de escaneo Alimentación de papel Sensor,"Escáner Epson ES-580W B11B258201 Tipo de escáner Método de escaneo Alimentación de papel Sensor óptico Fuente de luz Resolución óptica Máxima resolución interpolada Velocidad del escáner1 (ADF) Área máxima de escaneo Profundidad de bits del escáner Alimentación vertical, escáner dúplex a color de una pasada Carro ­jo y documento en movimiento Alimentación vertical (cara abajo) Sensor de imagen de contacto a color (CIS) LED RGB de 3 colores 600 dpi 1.200 dpi Blanco y negro, color, escala de grises, 300 dpi: 35 ppm (simplex)/70 ipm (dúplex)1 A 200 dpi: máx. 21,6 cm x 609,6 cm (8,5"" x 240"") mín. 5,1 cm x 5,1 cm (2"" x 2"") RGB: 30 bits de entrada/24 bits de salida Cumple con la norma RoHS Epson ES-580W UPC Kit de rodillo Hoja de soporte Kit de limpieza B11B258201 0 10343 95350 5 B12B819671 B12B819051 B12B819291 Gramaje de papel Capacidad máxima Escaneo automático a dos caras Ciclo máximo de trabajo diario2 27 g/m2 – 413 g/m2 100 páginas Sí Hasta 4.000 páginas² BMP, JPEG, PDF, PDF habilitado para búsqueda, PNG, TIFF Sistemas operativos Windows® 10 (32-bit, 64-bit), Windows® 8/8.1 (32-bit, 64-bit), Windows® 7 (32-bit, 64-bit) SP1 Mac OS X® 10.11.x, Mac OS® 10.15x El software requiere conexión a internet para descargar e instalar Escaneo Alimentador automático de documentos Formatos soportados Conectividad Fuente de alimentación Interfaz Temperatura Humedad relativa Consumo de energía (aproximado) País de origen Peso y dimensiones (ancho x profundidad x altura) ¿Qué hay en la caja? Drivers compatibles Software incluido Adaptador CA universal 100V - 240V AC (50 Hz/60 Hz) USB 3.2 de alta velocidad Funcionamiento: 5 °C a 35 °C (41 °F a 95 °F) Funcionamiento: 10% - 80% (sin condensación) Modo operación: 13 W Modo en espera: 6,9 W Modo en reposo: 1,4 W Modo apagado: 0,1 W Indonesia 3,7 kg 29,5 cm x 17 cm x 16,8 cm (11,6"" x 6,7"" x 6,6"") Epson WorkForce® ES-580W USB 3.2 cable de alta velocidad Adaptador de corriente Guía de inicio TWAIN® Epson Scan 2, Epson ScanSmart software4 , OCR Software requiere conex Garantía: 1 año directo en Centro de servicio Autorizado",ES-580W,m,11208.42105263158,11208.42,574.79,16812.63,16812.63,22416.84,15691.79,13450.1,impresoras,./assets/img/catalog/impresoras/SCAEPS720.jpg,https://static.ctonline.mx/imagenes/SCAEPS720/SCAEPS720_400.jpg,48h Directa / 1 Año Fábrica,Pedro Moreno 501 A (Entrega Inmediata)
SCAEPS760,SCAEPS760,Scanner Epson ES-400 II (B11B261201) Calidad 600 x 600 barrido 31 BIT IN / 24 OUT puertos USB 3,"Scanner Epson ES-400 II (B11B261201) Calidad 600 x 600 barrido 31 BIT IN / 24 OUT puertos USB 3.2  Velocidad 35 ppm / 70 ipm ADF 50 hojas, compatible con TWAIN, software incluido EPSON Scan Smart, EPSON scan 2 Garantia 1 año",ES-400,m,10264.21052631579,10264.21,526.37,15396.31,15396.31,20528.42,14369.89,12317.05,impresoras,./assets/img/catalog/impresoras/SCAEPS760.jpg,https://static.ctonline.mx/imagenes/SCAEPS760/SCAEPS760_400.jpg,48h Directa / 1 Año Fábrica,Pedro Moreno 501 A (Entrega Inmediata)
SCAEPS750,SCAEPS750,"Escáner Epson ES-50 B11B252201 Especifi­caciones técnicas Escaneo Tipo de escáner  a una faz, p","Escáner Epson ES-50 B11B252201 Especifi­caciones técnicas Escaneo Tipo de escáner  a una faz, portátil y a color Método de escaneo Carro ­jo y documento en movimiento Alimentación de papel Alimentación manual (cara abajo) Sensor óptico CIS color de 1.200 dpi (salida de hasta 600 dpi) Resolución óptica 600 dpi Resolución de hardware 600 dpi Velocidad del escáner2 (ADF) 5,5 ppm - con base en escaneo a 300 dpi, simple, tamaño A4 en blanco y negro Área máxima de escaneo 216 mm x 1.828,8 mm. Tarjeta plástica/con relieve (con 1,2 mm de espesor máximo)(solo escaneo horizontal), A4,A5, A6, B5, A8 (solo escaneo en retrato/solo Windows®) tarjeta comercial, carta, legal y tamaños especiales Profundidad de bits del escáner Color: 48 bits de entrada/24 bits de salida Escala grises: 16 bits de entrada/8 bits de salida Conectividad Sistemas operativos Windows® 10 (32-bit, 64-bit), Windows® 8, Windows® 8.1 (32-bit, 64-bit),Windows® 7 (32-bit, 64-bit) SP1 Mac OS X® 10.11.x, Mac OS® 10.14.x General Fuente de alimentación Interfaz USB (alimentado por BUS) Interfaz USB 2.0 Temperatura Funcionamiento: 5 °C a 35 °C (41 °F a 95 °F) Humedad relativa Funcionamiento: 10% – 85% (sin condensación) Consumo de energía (aproximado) Modo operación/USB: 2,3 W Modo en espera/USB: 1,1 W Modo en reposo/USB: 0,5 W Modo apagado/USB: 0,1 W Peso y dimensiones (ancho x profundidad x alto) 270 g/27,2 cm x 4,7 cm x 3,38 cm ¿Qué hay en la caja? Escáner de documentos WorkForce® ES-50 Cable USB Guía de mantenimiento Software disponible Epson ScanSmart con software OCR (requiere conexión a internet para descargar e instalar), Epson ScanSmart Características ecológicas Adheridos a las reglas RoHS Información de producto WorkForce® ES-50 B11B252201 0 10343 94503 6 Garantía: 1 año directo en Centro de servicio Autorizado",ES-50,m,3541.0842105263164,3541.08,181.59,5311.62,5311.62,7082.16,4957.51,4249.3,impresoras,./assets/img/catalog/impresoras/SCAEPS750.jpg,https://static.ctonline.mx/imagenes/SCAEPS750/SCAEPS750_400.jpg,48h Directa / 1 Año Fábrica,Pedro Moreno 501 A (Entrega Inmediata)
SCAEPS680,SCAEPS680,"Escáner Epson DS-870 (B11B250201) Tipo de Escáner: Alimentación vertical, escáner dúplex a colo","Escáner Epson DS-870 (B11B250201) Tipo de Escáner: Alimentación vertical, escáner dúplex a color de una pasada Sensor: Contact image sensor (CIS) color, Resolución Óptica:600 dpi Resolución Máxima: Interpolada 1200 dpi Profundidad del Bit de Color: RGB: 30 bits de entrada / 24 bits de salida Características del escáner: Carro fijo y documento en movimiento Máxima Superficie de Digitalización: A 200 dpi: máx. 215.9mm x 6096mm (8.5"" x 240""); min 50.8mm x 50.8mm (2"" x 2"")Peso del Papel:27 a 413 g/m2Fuente de Luz: LED RGB de 3 colores Velocidad de Escaneo :Blanco y negro, color, escala de grises, 200 y 300dpi: 65 ppm/130 ipm, Capacidad:100 hojas Tipo: Alimentación vertical (cara abajo)Ciclo Diario de Trabajo: Hasta 7.000 páginas Peso del Papel:27 a 413 g/m2, Panel de display: Panel LCD a color 1.4', Software incluido: Document Capture Pro, drivers TWAIN e ISIS, Epson ScanSmart con software OCR (requiere conexión a internet para descargar e instalar)Interfaces: USB 3.0 de alta velocidad, Módulo de red opcional (RJ-45, 10BaseT/100Base TX se vende aparte) Garantía: 1 año directo en Centro de servicio Autorizado",DS-870,m,15205.578947368422,15205.58,779.77,22808.37,22808.37,30411.16,21287.81,18246.7,impresoras,./assets/img/catalog/impresoras/SCAEPS680.jpg,https://static.ctonline.mx/imagenes/SCAEPS680/SCAEPS680_400.jpg,48h Directa / 1 Año Fábrica,Pedro Moreno 501 A (Entrega Inmediata)
SCAEPS670,SCAEPS670,"Escáner Epson WORKFORCE DS-970  (B11B251201) Tipo de Escáner: Alimentación vertical, escáner dú","Escáner Epson WORKFORCE DS-970  (B11B251201) Tipo de Escáner: Alimentación vertical, escáner dúplex a color de una pasada Sensor: Contact image sensor (CIS) color Dispositivo Fotoeléctrico: Sensor de imagen por contacto de 1 línea CMOS Resolución Óptica:600 dpi Resolución Máxima:1200 dpi Profundidad del Bit de Color: RGB: 30 bits de entrada / 24 bits de salida Características del escáner: Carro fijo y documento en movimiento Máxima Superficie de Digitalización: A 200 dpi: máx. 215.9mm x 6096mm (8.5"""" x 240""""); min 50.8mm x 50.8mm (2"""" x 2"""") Gramaje de papel: 27 a 413 g/m2 Fuente de Luz: LED RGB de 3 colores Velocidad de Escaneo: Blanco y negro, color, escala de grises, 200 y 300dpi: 85 ppm/170 ipm, Alimentador automático con: Capacidad:100 páginas Ciclo Diario de Trabajo: Hasta 9.000 páginas Peso del Papel: 27 a 413 g/m2, Panel de display: Panel LCD a color 1.4'', Software incluido: Document Capture Pro, drivers TWAIN e ISIS, Epson ScanSmart con software OCR (requiere conexión a internet para descargar e instalar) Interfaces: USB 3.0 de alta velocidad Módulo de red opcional * se vende aparte (RJ-45, 10BaseT/100Base TX) Garantía: 1 año directo en Centro de servicio Autorizado",WORKFORCE,m,20327.368421052633,20327.37,1042.43,30491.06,30491.06,40654.74,28458.32,24392.84,impresoras,./assets/img/catalog/impresoras/SCAEPS670.jpg,https://static.ctonline.mx/imagenes/SCAEPS670/SCAEPS670_400.jpg,48h Directa / 1 Año Fábrica,Pedro Moreno 501 A (Entrega Inmediata)
SCAEPS550,SCAEPS550,Scanner EPSON WORKFORCE DS-1630 (B11B239201) Tipo de escáner: Digitalizador de documentos a col,"Scanner EPSON WORKFORCE DS-1630 (B11B239201) Tipo de escáner: Digitalizador de documentos a color con cama plana. Resolución óptica: Cama plana: 1200 dpi. ADF: 600dp. Resolución de Hardware: Cama plana: 1200x 1200 dpi. ADF: 600x600 dpi. Profundidad del Bit de Color: RGB x 30 bits interno/externo. Profundidad del Bit Monocromático: 8 bits interno/externo. Sensor Óptico: (CIS). Fuente de Luz: LED RGB de 3 Colores. Velocidad de Escaneo: 25 ppm simplex, 10 ipm dúplex. Alimentador Automático de Documentos (ADF). Capacidad: 50 páginas. Peso del Papel: 50 a 120 g/m2. Características del Escáner: Encendido, escanear, detener. Conectividad Estándar: USB 3.0 de Alta Velocidad, Módulo de Red Opcional RJ-45. Sistemas de Operación: Windows 10, Windows 8/8.1, Windows 7. MAC OS X 10.6.8-10.11. Dimensiones: 45.1 x 31.8 x 12.1 cm. Peso: 3.9kg. Ciclo Diario de Trabajo: Hasta 1,500 páginas. Garantía: 1 año directo en Centro de servicio.",EPSON,m,6549.684210526316,6549.68,335.88,9824.52,9824.52,13099.36,9169.55,7859.62,impresoras,./assets/img/catalog/impresoras/SCAEPS550.jpg,https://static.ctonline.mx/imagenes/SCAEPS550/SCAEPS550_400.jpg,48h Directa / 1 Año Fábrica,Pedro Moreno 501 A (Entrega Inmediata)
SCAEPS700,SCAEPS700,Scanner Epson DS-530 II (B11B261202) Tipo de Escáner: Escáner a color dúplex de una pasada con ,"Scanner Epson DS-530 II (B11B261202) Tipo de Escáner: Escáner a color dúplex de una pasada con alimentación de hojas Sensor: Sensor de imagen de contacto a color (CIS) Resolución Óptica:600 dpi Resolución Máxima:1.200 dpi interpolada Profundidad del Bit de Color: RGB: 30 bits de entrada/24 bits de salida Características del escáner: Carro fijo y documento en movimiento Máxima Superficie de Digitalización: Mínimo: 5,1 cm x 5,1 cm (2"" x 2""), Máximo: 21,6 cm x 609,6 cm (8,5"" x 240"") a 200 dpi, Máximo: 21,6 cm x 546,1 cm (8,5"" x 215"") a 300 dpi Fuente de Luz: LED RGB de 3 colores Velocidad de Escaneo: Blanco y negro, color, escala de grises, 300 dpi y 300 dpi: 35 ppm (simplex)/70 ipm (dúplex)1 Capacidad:50 páginas, Ciclo Diario de Trabajo: Hasta 4.000 páginas, Peso del Papel:27 g/m² – 413 g/m Detección de Doble Alimentación: Sí, Sistemas de Operación: Windows® 10, Windows® 8/8.1, Windows® 7,Mac OS X® 10.10.x – Mac OS® 10.15.x Software incluido: Epson Scan 2, Epson Document Capture Pro®, OpenText Captiva ISIS Interfaces: USB 3.0 de alta velocidad Garantía: 1 año directo en Centro de servicio Autorizado",DS-530,m,9705.263157894737,9705.26,497.71,14557.89,14557.89,19410.52,13587.36,11646.31,impresoras,./assets/img/catalog/impresoras/SCAEPS700.jpg,https://static.ctonline.mx/imagenes/SCAEPS700/SCAEPS700_400.jpg,48h Directa / 1 Año Fábrica,Pedro Moreno 501 A (Entrega Inmediata)
SCAEPS780,SCAEPS780,"Escáner Epson DS-730N (B11B259201) Tipo de Escáner: Alimentación vertical, Escáner a color dúpl","Escáner Epson DS-730N (B11B259201) Tipo de Escáner: Alimentación vertical, Escáner a color dúplex de un paso, Dispositivo Fotoeléctrico: CIS (Sensor de Contacto de Imagen)Resolución Óptica:600 dpi Resolución Máxima: 1200 dpi, Profundidad de la Escala de Grises del Bit: 10 bits interno / 8 bits externo, Fuente de Luz: LED RGB de 3 colores, Velocidad de Escaneo:300 dpi : B/N & color (40 ppm(simplex)/80 ipm (dúplex)), Capacidad: 100 páginas, Tamaños de Documento: Máx. 21.6 x 609.6 cm, Mín. 5.08 x 5.08 cm, tarjetas de identicación de negocio, de plástico, hojas sueltas y páginas dobladas de hasta 11"" x 17"". Peso del Papel: 27– 413 g/m2. Conectividad Estándar: USB 2.0 de alta velocidad. Ciclo Diario de Trabajo: Hasta 4,500 páginas/día. Dimensiones: 29,7 cm x 21,1 cm x 21,6 cm. Peso: 3,6Kg. Garantía: 1 año directo en Centro de servicio Autorizado",DS-730N,m,12523.157894736843,12523.16,642.21,18784.74,18784.74,25046.32,17532.42,15027.79,impresoras,./assets/img/catalog/impresoras/SCAEPS780.jpg,https://static.ctonline.mx/imagenes/SCAEPS780/SCAEPS780_400.jpg,48h Directa / 1 Año Fábrica,Pedro Moreno 501 A (Entrega Inmediata)
SCAEPS790,SCAEPS790,"Escáner Epson DS-770 II (B11B262201) Tipo de Escáner: Alimentación vertical, escáner dúplex a c","Escáner Epson DS-770 II (B11B262201) Tipo de Escáner: Alimentación vertical, escáner dúplex a color de una pasada Sensor: Contact image sensor (CIS) color, Resolución Óptica: 600 dpi, Resolución Máxima 1200 dpi Profundidad del Bit de Color: RGB: 30 bits de entrada / 24 bits de salida. Características del escáner: Carro fijo y documento en movimiento Máxima Superficie de Digitalización: A 200 dpi: máx. 215.9mm x 6096mm (8.5"" x 240""); min 50.8mm x 50.8mm (2"" x 2""). Peso del Papel:27 a 413 g/m2. Fuente de Luz: LED RGB de 3 colores. Velocidad de Escaneo :Blanco y negro, color, escala de grises, 200 y 300dpi: 65 ppm/130 ipm. Capacidad:100 hojas. Tipo: Alimentación vertical (cara abajo)Ciclo Diario de Trabajo: Hasta 7.000 páginas Peso del Papel:27 a 413 g/m2. Panel de display Panel LCD a color 1.4'. Software incluido:  Epson Document Capture Pro®, drivers TWAIN e ISIS. Interfaces: USB 3.2. Dimensiones: 29,7 cm x 19,6 cm x 31,8 cm. Peso: 3,7kg. Garantía: 1 año directo en Centro de servicio Autorizado",DS-770,m,13762.510879939578,13762.51,705.77,20643.76,20643.76,27525.02,19267.51,16515.01,impresoras,./assets/img/catalog/impresoras/SCAEPS790.jpg,https://static.ctonline.mx/imagenes/SCAEPS790/SCAEPS790_400.jpg,48h Directa / 1 Año Fábrica,Pedro Moreno 501 A (Entrega Inmediata)
SCAEPS390,SCAEPS390,"Scanner Epson DS-6500 (B11B205221) Escáner de cama plana para imágenes en color A4 con ADF, Fue","Scanner Epson DS-6500 (B11B205221) Escáner de cama plana para imágenes en color A4 con ADF, Fuente de luz. LED ReadyScan. Dispositivo fotoeléctrico: Sensor CCD de cuatro líneas de 1200 dpi a color (RGB y Negro). Resolución de Escáner: Cama plana de 1200 dpi y ADF de 600 dpi, Profundidad: Escala de Grises: 16 bits por pixel interno/externo Color: 48 bits por pixel interno/externo. Área de escaneo: Cama plana de 21,5 x 29,7 cm y ADF de 21,5 x 101,6 cm, Tamaño del documento ADF: A4, Carta, Legal, B5, A5. Tam. máx. 21,5 x 101,6 cm. Tam. mín. 10 x 14,8 cm. Capacidad de papel ADF: 100 páginas. Velocidad de escaneo: Con ADF 200 dpi B/N & color 25 ppm/50 ipm 300 dpi B/N & color 25 ppm/50 ipm. Requerimientos eléctricos: Voltaje: 100-240V Frecuencia: 50-60Hz, Interfaz: USB 2.0 de alta velocidad. Características Físicas: Ancho: 49,2 cm Profundidad: 36 cm Alto: 21,7 cm Peso: 9,8 kg. Compatibilidad: Windows® 8, Windows 7, Windows Vista®, Windows XP, Windows XP Edición Profesional x64 Mac OS® X 10.5.x, 10.6.x, 10.7.x, 10.8.x. Garantía 1 año.",DS-6500,m,18972.000000000004,18972.0,972.92,28458.0,28458.0,37944.0,26560.8,22766.4,impresoras,./assets/img/catalog/impresoras/SCAEPS390.jpg,https://static.ctonline.mx/imagenes/SCAEPS390/SCAEPS390_400.jpg,48h Directa / 1 Año Fábrica,Pedro Moreno 501 A (Entrega Inmediata)
SCAEPS330,SCAEPS330,"Scanner Epson DS-7500 (B11B205321) Escáner de cama plana para imágenes en color A4 con ADF, Fue","Scanner Epson DS-7500 (B11B205321) Escáner de cama plana para imágenes en color A4 con ADF, Fuente de luz: LED ReadyScan. Dispositivo fotoeléctrico: Sensor CCD de cuatro líneas de 1200 dpi a color (RGB y Negro). Resolución de Escáner: Cama plana de 1200 dpi y ADF de 600 dpi. Profundidad: Escala de Grises: 16 bits por pixel interno/externo Color: 48 bits por pixel interno/externo. Área de escaneo: Cama plana de 21,5 x 29,7 cm y ADF de 21,5 x 101,6 cm. Tamaño del documento ADF: A4, Carta, Legal, B5, A5. Tam. máx. 21,5 x 101,6 cm. Tam. mín. 10 x 14,8 cm. Capacidad de papel ADF: 100 páginas. Software del interfaz: EPSON Scan, ISIS driver (descargas web), Epson Event Manager (sólo para Mac), ABBYY FineReader Sprint, Document Capture Pro (sólo para Windows). Velocidad de escaneo: Con ADF 200 dpi B/N & color 40 ppm/80 ipm 300 dpi B/N & color 40 ppm/80 ipm. Interfaz: USB 2.0 de alta velocidad. Características Físicas: Ancho: 49,2 cm Profundidad: 36 cm Alto: 21,7 cm Peso: 9,8 kg. Compatibilidad: Windows® 8, Windows 7, Windows Vista®, Windows XP, Windows XP Edición Profesional x64 Mac OS® X 10.5.x, 10.6.x, 10.7.x, 10.8.x. Garantía:  1 año en Centro de Servicio.",DS-7500,m,25105.684210526317,25105.68,1287.47,37658.52,37658.52,50211.36,35147.95,30126.82,impresoras,./assets/img/catalog/impresoras/SCAEPS330.jpg,https://static.ctonline.mx/imagenes/SCAEPS330/SCAEPS330_400.jpg,48h Directa / 1 Año Fábrica,Pedro Moreno 501 A (Entrega Inmediata)
SCAEPS820,SCAEPS820,"Escaner EPSON Expression 13000XL (B11B257201) Escáner A3 de colores para escritorio, Sensor CCD","Escaner EPSON Expression 13000XL (B11B257201) Escáner A3 de colores para escritorio, Sensor CCD, Tamaño del documento A3+ 310 x 437 mm, Tecnología LED ReadyScan, Resolución óptica 2400 x 4800 dpi con tecnología MicroStep Drive, Modo de escaneo (profundidad de bits) Color: 48 bits interna/externa Escala de grises: 16 bits interna/exte, Velocidad de escaneo (2400 dpi, priorización de digitalización para velocidad) Color: 16,0 ms/línea (aprox.) Escala de grises: 5,3 ms/línea (aprox.) Arte líneal: 5,3 ms/líneal (aprox.), USB 2.0 de alta velocidad, Confiabilidad 100.000 ciclo de vida (MCBF), Plataformas compatibles Windows® 7, 8/8.1, 10 (32-bit, 64-bit) Mac OS® X 10.6.8 - 10.12.x, Unidad de transparencias incluida - escanea hasta 48 fotogramas de negativos de 35 mm, 30 diapositivas, ocho fotogramas de transparencias de 10,2 x 12,7 cm (4 ""x 5"") o seis transparencias de formato medio de hasta 18 cm de largo, Potente software incluido - LaserSoft® Imaging SilverFast® Ai y objetivo IT8 para calibrar colores.  Garantía: 1 año limitada  en Centro de Servicio",EPSON,m,74249.47368421053,74249.47,3807.67,111374.21,111374.21,148498.94,103949.26,89099.36,impresoras,./assets/img/catalog/impresoras/SCAEPS820.jpg,https://static.ctonline.mx/imagenes/SCAEPS820/SCAEPS820_400.jpg,48h Directa / 1 Año Fábrica,Pedro Moreno 501 A (Entrega Inmediata)
COPCNN440,COPCNN440,Copiadora de alto rendimiento . Canon Image Runner Advance DX 617IF 2648C. Tecnología laser. Mu,"Copiadora de alto rendimiento . Canon Image Runner Advance DX 617IF 2648C. Tecnología laser. Multifuncional monocromático: Imprime, Copia, Escanea, Fax. Velocidad de impresión de hasta 65 páginas por minuto. Cassette Estándar para 650 hojas; Tamaño Carta y Legal. Compatibilidad con tóner T03, rendimiento de 51,500 paginas.",CT,d,2663.617021276596,51940.53,2663.62,77910.79,77910.79,103881.06,72716.74,62328.64,impresoras,./assets/img/catalog/impresoras/COPCNN440.jpg,https://static.ctonline.mx/imagenes/COPCNN440/COPCNN440_400.jpg,48h Directa / 1 Año Fábrica,Pedro Moreno 501 A (Entrega Inmediata)
SCACNN490,SCACNN490,SCANER CANON Scan LiDE 300 (2995C003AA). Velocidad de escaneo: 10 seg. Escáner a color de cama ,"SCANER CANON Scan LiDE 300 (2995C003AA). Velocidad de escaneo: 10 seg. Escáner a color de cama plana. Resolución óptica: 2400 x 2400 dpi. Cama plana: Carta. Diseñado para el ahorro de energia LED de 3 colores. Modo de Escaneo Automático, Archivo Digital, Escaneo a Alta Velocidad, Corrección de Imagen. Botones del escáner: Escaneo Automático, Copiado, PDF, Enviar. Compatibilidad: Windows y Mac. Conectividad: USB de Alta Velocidad. Dimensiones: 25x37x4.2cm. Peso: 1.7 kgs.",SCANER,m,1403.1914893617022,1403.19,71.96,2104.78,2104.78,2806.38,1964.47,1683.83,impresoras,./assets/img/catalog/impresoras/SCACNN490.jpg,https://static.ctonline.mx/imagenes/SCACNN490/SCACNN490_400.jpg,48h Directa / 1 Año Fábrica,Pedro Moreno 501 A (Entrega Inmediata)
SCACNN430,SCACNN430,Escáner de documentos personal CANON P-208 II (9704B007AA). Escáner con alimentación de hojas y,"Escáner de documentos personal CANON P-208 II (9704B007AA). Escáner con alimentación de hojas y alimentación por USB. Sensor CMOS CIS de 2 líneas. Resolución óptica: 600 ppp. Blanco y negro: 8 ppm, Color: 8 ppm. escala de grises de 8 bits: (256 niveles), color de 24 bits. Rendimiento diario sugerido: 100 escaneados por día aprox. Fuente de iluminación: LED RGB. Interfaz: Hi speed USB 2.0. Software Incluido para Windows: Driver ISIS / TWAIN (Windows XP Pro / XP Home / VISTA / 7 / 8), CaptureOnTouch, CaptureOnTouch Lite y Presto! BizCard Reader Software Incluido para Mac: Driver TWAIN, CaptureOnTouch, CaptureOnTouch Lite, Presto! BizCard Reader. Detección Automática de Color, Detección Automática de Tamaño de Página, Configuración Automática de Resolución, Suavizado de Fondo, Corrección de Desviación, Énfasis de Borde, Reducción del Efecto Muaré, Corrección de Fotografía, Escaneo Previo, Eliminación de Fondo/Prevención de Sangrado, Recorte del Sombreado. Peso: Aprox. 600 g.",CT,m,2961.4361702127662,2961.44,151.87,4442.16,4442.16,5922.88,4146.02,3553.73,impresoras,./assets/img/catalog/impresoras/SCACNN430.jpg,https://static.ctonline.mx/imagenes/SCACNN430/SCACNN430_400.jpg,48h Directa / 1 Año Fábrica,Pedro Moreno 501 A (Entrega Inmediata)
SCACNN550,SCACNN550,"Escáner imageFORMULA DR-C230 2646C002AC, Formato Vertical Disposición Escritorio Tamaño OficioS","Escáner imageFORMULA DR-C230 2646C002AC, Formato Vertical Disposición Escritorio Tamaño OficioScan B/N 30 ppmScan Color 30 ppmLongitud Doctos 118.1""Alimentación 60 hojas Ciclo escaneo diario 3500Color Equipo Negro Dúplex si Conectividad USB Garantía 3 años Opcional: Flatbed Scanner Unit 102/201, BarCode Module, 2D Code Module, Exchange Roller Kit (Feed Roller and Retard Roller), Carrier Sheet (Passport), Carrier Sheet (A4)Ideal para segmentos: gobierno, finanzas/ banca, aseguradora, servicios, transportación, renta y financiamiento",DR-C230,m,9353.58510638298,9353.59,479.67,14030.39,14030.39,18707.18,13095.03,11224.31,impresoras,./assets/img/catalog/impresoras/SCACNN550.jpg,https://static.ctonline.mx/imagenes/SCACNN550/SCACNN550_400.jpg,48h Directa / 1 Año Fábrica,Pedro Moreno 501 A (Entrega Inmediata)
SCACNN500,SCACNN500,Escaner CANON DR-C225 II (3258C002AA). Alimentación de documentos: Automática/Manual.  Velocida,"Escaner CANON DR-C225 II (3258C002AA). Alimentación de documentos: Automática/Manual.  Velocidades de escaneo** Unilateral Bilateral. Blanco y negro: hasta 25 ppm hasta 50 ipm. Escala de grises: hasta 25 ppm hasta 50 ipm. Color: hasta 25 ppm hasta 50 ipm. Tamaño del documento: Recorrido en forma de U Anchura: De 2.0"" a 8.5"". Longitud: De 2.8"" a 14.0"" Tamaño del documento: Recorrido en línea recta Anchura: De 2.0"" a 8.5"" Longitud: De 2.1"" a 14.0"". Modo de documentos largos: Hasta 118.1”. Peso del documento: Recorrido en forma de U: Bond de 14 a 32 lb Recorrido en línea recta: Bond de 11 a 58 lb. Capacidad del alimentador: Hasta 30 hojas.  Volumen diario recomendado: 1,500 hojas. Escala de grises: 8 bits Color: 24 bits. Elemento de escaneo: Sensor de Imagen por Contacto de 1 Línea (CMOS). Fuente de luz: LED RGB. Modos de escaneo: Color, escala de grises, blanco y negro. Eliminación/Mejoramiento de Color: RGB. Resolución óptica: 600 ppp Resolución de salida: 50/200/300/400/600 ppp. Interfaz: USB 2.0 Peso: 5.95 lb.",CANON,m,10912.765957446809,10912.77,559.63,16369.16,16369.16,21825.54,15277.88,13095.32,impresoras,./assets/img/catalog/impresoras/SCACNN500.jpg,https://static.ctonline.mx/imagenes/SCACNN500/SCACNN500_400.jpg,48h Directa / 1 Año Fábrica,Pedro Moreno 501 A (Entrega Inmediata)
SCACNN540,SCACNN540,"Escáner. CANON image FORMULA DR-M260 (2405C002AC). Escáner de alta velocidad para documentos, e","Escáner. CANON image FORMULA DR-M260 (2405C002AC). Escáner de alta velocidad para documentos, escanea hasta 60 ppm en color, blando y negro y escala de grises, en ambas caras de un original en un solo paso. Alimentador Automático de Documentos (ADF) aloja hasta 80 hojas. Conectividad mediante USB 3.1 Gen1. Resolución óptica de hasta 600 ppp. 7,500 escaneos por día.",CANON,m,23388.297872340427,23388.3,1199.4,35082.45,35082.45,46776.6,32743.62,28065.96,impresoras,./assets/img/catalog/impresoras/SCACNN540.jpg,https://static.ctonline.mx/imagenes/SCACNN540/SCACNN540_400.jpg,48h Directa / 1 Año Fábrica,Pedro Moreno 501 A (Entrega Inmediata)
SCACNN520,SCACNN520,Escáner de Documentos CANON ESCANER ImageFORMULA DR-G2140 (3149C002AB) Nuevo Procesador DR. May,"Escáner de Documentos CANON ESCANER ImageFORMULA DR-G2140 (3149C002AB) Nuevo Procesador DR. Mayor velocidad de documentos. Alta durabilidad con alta calidad de imagen. Primer generación de escáner de producción con opción de conexión de Red. Sin necesidad de Hardware adicional. USB 3.1 LAN cableada Compatible con Windows. Tamaño de los documentos: escaneo hasta tamaño tabloide. Modo de Documentos Largos: hasta 5.58 mts Capacidad del alimentador: 500 hojas. Rendimiento diario sugerido: 70,000 escaneados por día. 140 ppm, 280 imp. Capture on touch y Kofaz VRS PRO. Controlador ISIS/TWAIN/WIA Volumen diario sugerido: 70,000 escaneos",CANON,m,165259.67021276595,165259.67,8474.85,247889.51,247889.51,330519.34,231363.54,198311.6,impresoras,./assets/img/catalog/impresoras/SCACNN520.jpg,https://static.ctonline.mx/imagenes/SCACNN520/SCACNN520_400.jpg,48h Directa / 1 Año Fábrica,Pedro Moreno 501 A (Entrega Inmediata)
SCACNN530,SCACNN530,Escáner de Documentos CANON ESCANER ImageFORMULA DR-G2110 (3150C002AB) Nuevo Procesador DR. May,"Escáner de Documentos CANON ESCANER ImageFORMULA DR-G2110 (3150C002AB) Nuevo Procesador DR. Mayor velocidad de documentos. Alta durabilidad con alta calidad de imagen. Primer generación de escáner de producción con opción de conexión de Red. Sin necesidad de Hardware adicional.  USB 3.1 LAN cableada. Compatible con Windows. Tamaño de los documentos: escaneo hasta tamaño tabloide. Modo de Documentos Largos: hasta 5.58 mts Capacidad del alimentador: 500 hojas. Rendimiento diario sugerido: 50,000 escaneados por día. 110 ppm, 220 imp. Capture on touch y Kofaz VRS PRO. Controlador ISIS/TWAIN/WIA Volumen diario sugerido: 50,000 escaneos",CANON,m,106015.36170212767,106015.36,5436.69,159023.04,159023.04,212030.72,148421.5,127218.43,impresoras,./assets/img/catalog/impresoras/SCACNN530.jpg,https://static.ctonline.mx/imagenes/SCACNN530/SCACNN530_400.jpg,48h Directa / 1 Año Fábrica,Pedro Moreno 501 A (Entrega Inmediata)
IMPLXM1870,IMPLXM1870,"Impresora multifuncional monocromática. MX911DTE 26Z0101, Impresora multifuncional de Lexmark, ","Impresora multifuncional monocromática. MX911DTE 26Z0101, Impresora multifuncional de Lexmark, con hasta 55 impresiones por minuto, capacidad de entrada adicional y un ciclo de trabajo máximo de 300 000 páginas, es un paso más en los productos multifuncionales de gran formato de Lexmark.  Formato grande con la capacidad hasta SRA3 / (12""x18""), Volumen empresarial, capacidad de salida de hasta 6650 páginas, ciclo de trabajo de 300 000 páginas máximo por mes, componentes reemplazables de larga duración, activación rápida, modos de ahorro de energía y la impresión a dos caras reducen su huella en el medio ambiente, Conectividad Gigabit Ethernet, USB, con impresión inalámbrica y móvil opcional, grapado, apilado, perforado, opción de plegadas en tres y en el medio y con Interfaz Lexmark e-Task táctil de ultima generación. Garantía de 12 meses Lexmark en sitio. PRODUCTO NUEVO",MX911DTE,d,10598.947368421053,206679.47,10598.95,310019.21,310019.21,413358.94,289351.26,248015.36,impresoras,./assets/img/catalog/impresoras/IMPLXM1870.jpg,https://static.ctonline.mx/imagenes/IMPLXM1870/IMPLXM1870_400.jpg,48h Directa / 1 Año Fábrica,Pedro Moreno 501 A (Entrega Inmediata)
IMPXRX2730,IMPXRX2730,"Impresora monocromática Xerox VersaLink B410_DN Vel 47 ppm, Duplex, USB/Pto de Red, Apps, Impre","Impresora monocromática Xerox VersaLink B410_DN Vel 47 ppm, Duplex, USB/Pto de Red, Apps, Impresión Móvil, Bandeja de Papel 550 hojas, Bandeja Manual de Papel 150 hojas.",CT,d,520.1157894736842,10142.26,520.12,15213.39,15213.39,20284.52,14199.16,12170.71,impresoras,./assets/img/catalog/impresoras/IMPXRX2730.jpg,https://static.ctonline.mx/imagenes/IMPXRX2730/IMPXRX2730_400.jpg,48h Directa / 1 Año Fábrica,Pedro Moreno 501 A (Entrega Inmediata)
IMPXRX2800,IMPXRX2800,"Impresora color Xerox VersaLink C620_DN Hasta 65 61 ppm Carta A4, Apps, Impresión Móvil, Bandej","Impresora color Xerox VersaLink C620_DN Hasta 65 61 ppm Carta A4, Apps, Impresión Móvil, Bandeja de Papel 550 hojas, Bandeja Manual de Papel 150 hojas.",CT,d,1155.1894736842107,22526.19,1155.19,33789.28,33789.28,45052.38,31536.67,27031.43,impresoras,./assets/img/catalog/impresoras/IMPXRX2800.jpg,https://static.ctonline.mx/imagenes/IMPXRX2800/IMPXRX2800_400.jpg,48h Directa / 1 Año Fábrica,Pedro Moreno 501 A (Entrega Inmediata)
IMPXRX2810,IMPXRX2810,"Impresora monocromatica Xerox VersaLink B620_DN Hasta 65 61 ppm Carta A4, Apps, Impresión Móvil","Impresora monocromatica Xerox VersaLink B620_DN Hasta 65 61 ppm Carta A4, Apps, Impresión Móvil, Bandeja de Papel 550 hojas, Bandeja Manual de Papel 150 hojas.",CT,d,987.4439042553191,19255.16,987.44,28882.74,28882.74,38510.32,26957.22,23106.19,impresoras,./assets/img/catalog/impresoras/IMPXRX2810.jpg,https://static.ctonline.mx/imagenes/IMPXRX2810/IMPXRX2810_400.jpg,48h Directa / 1 Año Fábrica,Pedro Moreno 501 A (Entrega Inmediata)
IMPXRX2250,IMPXRX2250,"XEROX Versalink B610_DN Impresora monocromática, 65 ppm, tamaños de papel Ltr/Lgl, dúplex están","XEROX Versalink B610_DN Impresora monocromática, 65 ppm, tamaños de papel Ltr/Lgl, dúplex estándar, puertos USB/Red, bandeja de papel 550 hojas, bandeja manual de hasta 150 hojas*. Cotizar Flete con Ejecutivo",XEROX,d,1174.5263157894738,22903.26,1174.53,34354.89,34354.89,45806.52,32064.56,27483.91,impresoras,./assets/img/catalog/impresoras/IMPXRX2250.jpg,https://static.ctonline.mx/imagenes/IMPXRX2250/IMPXRX2250_400.jpg,48h Directa / 1 Año Fábrica,Pedro Moreno 501 A (Entrega Inmediata)
IMPXRX2560,IMPXRX2560,"Impresora en color Xerox® C230_DNI, Compatibilidad con dispositivos móviles: Apple AirPrint, Ch","Impresora en color Xerox® C230_DNI, Compatibilidad con dispositivos móviles: Apple AirPrint, Chromebook, Mopria, Wi-Fi y Wi-Fi Direct Funciones de seguridad integral, Tamaño del papel A4, 22 ppm, 1,5K páginas mensuales. LLEVA CARGO DE FLETE, COTIZAR CON EJECUTIVO",CT,d,321.91578947368424,6277.36,321.92,9416.04,9416.04,12554.72,8788.3,7532.83,impresoras,./assets/img/catalog/impresoras/IMPXRX2560.jpg,https://static.ctonline.mx/imagenes/IMPXRX2560/IMPXRX2560_400.jpg,48h Directa / 1 Año Fábrica,Pedro Moreno 501 A (Entrega Inmediata)
IMPXRX2760,IMPXRX2760,"Impresora Xerox Color C410_DN Color: Hasta 42/40 ppm; Blanco y negro: Hasta 42/40 ppm Carta/A4,","Impresora Xerox Color C410_DN Color: Hasta 42/40 ppm; Blanco y negro: Hasta 42/40 ppm Carta/A4, Dúplex. Hasta 1200 x 1200 ppp. Interfaz de 4,3 pulgadas fácil de usar. 5+ usuarios, hasta 10,000 paginas al mes. Gigabit Ethernet, USB 2.0 de alta velocidad (Tipo A), USB 2.0 de alta velocidad (Tipo B). Adaptador de red inalámbrica opcional (802.11 b/g/n/ac). Garantía de 1 año. LLEVA CARGO DE FLETE, COTIZAR CON EJECUTIVO",C410_DN,d,587.7223996875,11460.59,587.72,17190.89,17190.89,22921.18,16044.83,13752.71,impresoras,./assets/img/catalog/impresoras/IMPXRX2760.jpg,https://static.ctonline.mx/imagenes/IMPXRX2760/IMPXRX2760_400.jpg,48h Directa / 1 Año Fábrica,Pedro Moreno 501 A (Entrega Inmediata)
IMPXRX3020,IMPXRX3020,"Impresora en color Xerox® C320_DNI, Dúplex, Wifi, Compatibilidad con dispositivos móviles: Appl","Impresora en color Xerox® C320_DNI, Dúplex, Wifi, Compatibilidad con dispositivos móviles: Apple AirPrint, Chromebook, Mopria y Wi-Fi Direct, Funciones de seguridad integral, Funciones de administración de dispositivos; Xerox Centerware, xerox easy assist, panel de operador remoto. certificación Energy star, procesador 1.0 Ghz, memoria 1GB. Tamaño del papel personalizados ( carta y oficio), 35 ppm, 6000K páginas mensuales. LLEVA CARGO DE FLETE, COTIZAR CON EJECUTIVO",CT,d,514.7052631578948,10036.75,514.71,15055.12,15055.12,20073.5,14051.45,12044.1,impresoras,./assets/img/catalog/impresoras/IMPXRX3020.jpg,https://static.ctonline.mx/imagenes/IMPXRX3020/IMPXRX3020_400.jpg,48h Directa / 1 Año Fábrica,Pedro Moreno 501 A (Entrega Inmediata)
IMPXRX1130,IMPXRX1130,"XEROX Impresora 3020_BI Monocromática Phaser 3020/Bi, 21 Ppm Carta, 600Mhz, 128Mb, Usb Y Wifi E","XEROX Impresora 3020_BI Monocromática Phaser 3020/Bi, 21 Ppm Carta, 600Mhz, 128Mb, Usb Y Wifi Estándar",XEROX,d,120.7537910526316,2354.7,120.75,3532.05,3532.05,4709.4,3296.58,2825.64,impresoras,./assets/img/catalog/impresoras/IMPXRX1130.jpg,https://static.ctonline.mx/imagenes/IMPXRX1130/IMPXRX1130_400.jpg,48h Directa / 1 Año Fábrica,Pedro Moreno 501 A (Entrega Inmediata)
IMPXRX2620,IMPXRX2620,"Impresora Xerox B230_DNI Monocromática, hasta 36 ppm, carta/oficio, USB/Ethernet e inalámbrica,","Impresora Xerox B230_DNI Monocromática, hasta 36 ppm, carta/oficio, USB/Ethernet e inalámbrica, bandeja de 250 hojas, impresión automática a doble cara, 110 V. LLEVA CARGO DE FLETE, COTIZAR CON EJECUTIVO",B230_DNI,d,200.87368421052633,3917.04,200.87,5875.56,5875.56,7834.08,5483.86,4700.45,impresoras,./assets/img/catalog/impresoras/IMPXRX2620.jpg,https://static.ctonline.mx/imagenes/IMPXRX2620/IMPXRX2620_400.jpg,48h Directa / 1 Año Fábrica,Pedro Moreno 501 A (Entrega Inmediata)
IMPXRX2580,IMPXRX2580,"Impresora Monocromática  Xerox B310_DNI, 42 ppm, carta/oficio, USB/Ethernet e inalámbrica, band","Impresora Monocromática  Xerox B310_DNI, 42 ppm, carta/oficio, USB/Ethernet e inalámbrica, bandeja de 250 hojas, impresión automática a doble cara, LLEVA CARGO DE FLETE, COTIZAR CON EJECUTIVO","B310_DNI,",d,312.16184999999996,6087.16,312.16,9130.74,9130.74,12174.32,8522.02,7304.59,impresoras,./assets/img/catalog/impresoras/IMPXRX2580.jpg,https://static.ctonline.mx/imagenes/IMPXRX2580/IMPXRX2580_400.jpg,48h Directa / 1 Año Fábrica,Pedro Moreno 501 A (Entrega Inmediata)
IMPXRX2630,IMPXRX2630,"Multifuncional Xerox Monocromático B225_DNI ,Copia, imprime, escanea, Listo para dispositivos m","Multifuncional Xerox Monocromático B225_DNI ,Copia, imprime, escanea, Listo para dispositivos móviles: Apple AirPrint, Mopria, Wi-Fi Direct, Tamaño de papel A4, 34 ppm, 2.5K paginas /mes. LLEVA CARGO DE FLETE, COTIZAR CON EJECUTIVO",B225_DNI,d,251.35110000000006,4901.35,251.35,7352.03,7352.03,9802.7,6861.89,5881.62,impresoras,./assets/img/catalog/impresoras/IMPXRX2630.jpg,https://static.ctonline.mx/imagenes/IMPXRX2630/IMPXRX2630_400.jpg,48h Directa / 1 Año Fábrica,Pedro Moreno 501 A (Entrega Inmediata)
IMPXRX2600,IMPXRX2600,"Multifunción Xerox B315_DNI, impresión/copiado/escáner/fax, hasta 42 ppm, carta/oficio, USB/Eth","Multifunción Xerox B315_DNI, impresión/copiado/escáner/fax, hasta 42 ppm, carta/oficio, USB/Ethernet e inalámbrica, bandeja de 250 hojas, impresión automática a doble cara. LLEVA CARGO DE FLETE, COTIZAR CON EJECUTIVO","B315_DNI,",d,539.1894736842106,10514.19,539.19,15771.28,15771.28,21028.38,14719.87,12617.03,impresoras,./assets/img/catalog/impresoras/IMPXRX2600.jpg,https://static.ctonline.mx/imagenes/IMPXRX2600/IMPXRX2600_400.jpg,48h Directa / 1 Año Fábrica,Pedro Moreno 501 A (Entrega Inmediata)
IMPXRX2740,IMPXRX2740,"Multifuncional Xerox Monocromático Versalink B415_DN velocidad 50/47 ppm Carta/A4, Copia: Hasta","Multifuncional Xerox Monocromático Versalink B415_DN velocidad 50/47 ppm Carta/A4, Copia: Hasta 600 x 600 ppp; Impresión: Hasta 1200 x 1200 ppp. Dúplex, Copia, impresión, escaneado, fax y correo electrónico, La interfaz de usuario intuitiva de 7 pulgadas, similar a la de una tableta, le permite personalizar, simplificar y agilizar las tareas. 3 a 15 usuarios que impriman hasta 20 000 páginas al mes. Impresión Wi-Fi opcional. Garantía de 1 año. LLEVA CARGO DE FLETE, COTIZAR CON EJECUTIVO",CT,d,867.063157894737,16907.73,867.06,25361.6,25361.6,33815.46,23670.82,20289.28,impresoras,./assets/img/catalog/impresoras/IMPXRX2740.jpg,https://static.ctonline.mx/imagenes/IMPXRX2740/IMPXRX2740_400.jpg,48h Directa / 1 Año Fábrica,Pedro Moreno 501 A (Entrega Inmediata)
IMPXRX2750,IMPXRX2750,Multifuncional Xerox Monocromático Versalink C415_DN Color: Hasta 42/40 ppm; Blanco y negro: Ha,"Multifuncional Xerox Monocromático Versalink C415_DN Color: Hasta 42/40 ppm; Blanco y negro: Hasta 42/40 ppm Carta/A4, Dúplex, Copia, impresión, escaneado, fax y correo electrónico. Copia: Hasta 600 x 600,  Impresión: Hasta 1200 x 1200 ppp. La interfaz de usuario intuitiva de 7 pulgadas, similar a la de una tableta, le permite personalizar, simplificar y agilizar las tareas. 2 a 10 usuarios que impriman hasta 10 000 páginas al mes. Impresión Wi-Fi opcional. Garantía de 1 año. LLEVA CARGO DE FLETE, COTIZAR CON EJECUTIVO",CT,d,910.1263157894738,17747.46,910.13,26621.19,26621.19,35494.92,24846.44,21296.95,impresoras,./assets/img/catalog/impresoras/IMPXRX2750.jpg,https://static.ctonline.mx/imagenes/IMPXRX2750/IMPXRX2750_400.jpg,48h Directa / 1 Año Fábrica,Pedro Moreno 501 A (Entrega Inmediata)
IMPXRX2590,IMPXRX2590,"Multifunción Xerox B305_DNI, impresión/copiado/escaneado Monocromático, hasta 40 ppm, carta/ofi","Multifunción Xerox B305_DNI, impresión/copiado/escaneado Monocromático, hasta 40 ppm, carta/oficio, USB/Ethernet e inalámbrica. LLEVA CARGO DE FLETE, COTIZAR CON EJECUTIVO","B305_DNI,",d,411.486075,8023.98,411.49,12035.97,12035.97,16047.96,11233.57,9628.78,impresoras,./assets/img/catalog/impresoras/IMPXRX2590.jpg,https://static.ctonline.mx/imagenes/IMPXRX2590/IMPXRX2590_400.jpg,48h Directa / 1 Año Fábrica,Pedro Moreno 501 A (Entrega Inmediata)
IMPXRX2980,IMPXRX2980,BASE QNW + KIT QYW VERSALINK B7125_DBO Multifuncional Monocromático A3 Copiado / Impresión / Es,"BASE QNW + KIT QYW VERSALINK B7125_DBO Multifuncional Monocromático A3 Copiado / Impresión / Escaneo / Dúplex /Controlador  NeXtwave /Interface de Usuario Touch de 7""  / DADF / 1 bandeja de papel de 520 hojas tamaño hasta 11x17",BASE,d,2620.0736842105266,51091.44,2620.07,76637.16,76637.16,102182.88,71528.02,61309.73,impresoras,./assets/img/catalog/impresoras/IMPXRX2980.jpg,https://static.ctonline.mx/imagenes/IMPXRX2980/IMPXRX2980_400.jpg,48h Directa / 1 Año Fábrica,Pedro Moreno 501 A (Entrega Inmediata)
IMPXRX2780,IMPXRX2780,Impresora Xerox monocromática B625_DN: dúplex: 39/37 ipm Carta/A4 Hasta 65/61 ppm Carta/A4 Pers,"Impresora Xerox monocromática B625_DN: dúplex: 39/37 ipm Carta/A4 Hasta 65/61 ppm Carta/A4 Personalice la interfaz de usuario, muestre/oculte funciones, personalice la experiencia de usuario con autenticación. Ethernet 10/100/1000 Base-T, impresión directa USB 2.0 de alta velocidad<br/>Opcional: Wi-Fi/Wi-Fi Direct con adaptador de red inalámbrico, Hasta 300.000 páginas al mes Garantía de 1 año. LLEVA CARGO DE FLETE, COTIZAR CON EJECUTIVO",B625_DN:,d,2098.1157894736843,40913.26,2098.12,61369.89,61369.89,81826.52,57278.56,49095.91,impresoras,./assets/img/catalog/impresoras/IMPXRX2780.jpg,https://static.ctonline.mx/imagenes/IMPXRX2780/IMPXRX2780_400.jpg,48h Directa / 1 Año Fábrica,Pedro Moreno 501 A (Entrega Inmediata)
IMPXRX2700,IMPXRX2700,XEROX MULTIFUNCION   VERSALINK B7125_D Multifuncional Monocromático A3 Copiado / Impresión / Es,"XEROX MULTIFUNCION   VERSALINK B7125_D Multifuncional Monocromático A3 Copiado / Impresión / Escaneo / Dúplex /Controlador  NeXtwave /Interface de Usuario Touch de 7""  / DADF / 1 bandeja de papel de 520 hojas tamaño hasta 11x17",XEROX,d,2489.073684210526,48536.94,2489.07,72805.41,72805.41,97073.88,67951.72,58244.33,impresoras,./assets/img/catalog/impresoras/IMPXRX2700.jpg,https://static.ctonline.mx/imagenes/IMPXRX2700/IMPXRX2700_400.jpg,48h Directa / 1 Año Fábrica,Pedro Moreno 501 A (Entrega Inmediata)
IMPXRX2710,IMPXRX2710,BASE QNW + KIT QYR VERSALINK B7130_D Multifuncional Monocromático A3 Copiado / Impresión / Esca,"BASE QNW + KIT QYR VERSALINK B7130_D Multifuncional Monocromático A3 Copiado / Impresión / Escaneo/ Dúplex /Controlador  NeXtwave /Interface de Usuario Touch de 7""  / DADF / 1 bandeja de papel de 520 hojas tamaño hasta 11x17",BASE,d,2808.084210526316,54757.64,2808.08,82136.46,82136.46,109515.28,76660.7,65709.17,impresoras,./assets/img/catalog/impresoras/IMPXRX2710.jpg,https://static.ctonline.mx/imagenes/IMPXRX2710/IMPXRX2710_400.jpg,48h Directa / 1 Año Fábrica,Pedro Moreno 501 A (Entrega Inmediata)
IMPXRX2720,IMPXRX2720,BASE QNW + KIT QYT VERSALINK B7135 Multifuncional MonocromaticoA3 Copiado / Impresión / Escaneo,"BASE QNW + KIT QYT VERSALINK B7135 Multifuncional MonocromaticoA3 Copiado / Impresión / Escaneo / Dúplex /Controlador NeXtwave /Interface de Usuario Touch de 7""  / DADF / 1 bandeja de papel de 520 hojas tamaño hasta 11x17",BASE,d,3405.1894736842105,66401.19,3405.19,99601.79,99601.79,132802.38,92961.67,79681.43,impresoras,./assets/img/catalog/impresoras/IMPXRX2720.jpg,https://static.ctonline.mx/imagenes/IMPXRX2720/IMPXRX2720_400.jpg,48h Directa / 1 Año Fábrica,Pedro Moreno 501 A (Entrega Inmediata)
IMPXRX2890,IMPXRX2890,"Multifuncional Xerox B8245_F, impresión/copiado/escaneado Monocromático, hasta 40 ppm, carta/of","Multifuncional Xerox B8245_F, impresión/copiado/escaneado Monocromático, hasta 40 ppm, carta/oficio, USB/Ethernet e inalámbrica. LLEVA CARGO DE FLETE, COTIZAR CON EJECUTIVO","B8245_F,",d,5657.66838,110324.53,5657.67,165486.79,165486.79,220649.06,154454.34,132389.44,impresoras,./assets/img/catalog/impresoras/IMPXRX2890.jpg,https://static.ctonline.mx/imagenes/IMPXRX2890/IMPXRX2890_400.jpg,48h Directa / 1 Año Fábrica,Pedro Moreno 501 A (Entrega Inmediata)
IMPXRX2900,IMPXRX2900,"Multifuncional Xerox B8255_F, impresión/copiado/escaneado Monocromático, hasta 40 ppm, carta/of","Multifuncional Xerox B8255_F, impresión/copiado/escaneado Monocromático, hasta 40 ppm, carta/oficio, USB/Ethernet e inalámbrica. LLEVA CARGO DE FLETE, COTIZAR CON EJECUTIVO","B8255_F,",d,6011.272653749999,117219.82,6011.27,175829.73,175829.73,234439.64,164107.75,140663.78,impresoras,./assets/img/catalog/impresoras/IMPXRX2900.jpg,https://static.ctonline.mx/imagenes/IMPXRX2900/IMPXRX2900_400.jpg,48h Directa / 1 Año Fábrica,Pedro Moreno 501 A (Entrega Inmediata)
IMPXRX2910,IMPXRX2910,"Multifuncional Xerox B8270_F, impresión/copiado/escaneado Monocromático, hasta 40 ppm, carta/of","Multifuncional Xerox B8270_F, impresión/copiado/escaneado Monocromático, hasta 40 ppm, carta/oficio, USB/Ethernet e inalámbrica. LLEVA CARGO DE FLETE, COTIZAR CON EJECUTIVO","B8270_F,",d,6718.4946236559135,131010.65,6718.49,196515.97,196515.97,262021.3,183414.91,157212.78,impresoras,./assets/img/catalog/impresoras/IMPXRX2910.jpg,https://static.ctonline.mx/imagenes/IMPXRX2910/IMPXRX2910_400.jpg,48h Directa / 1 Año Fábrica,Pedro Moreno 501 A (Entrega Inmediata)
IMPXRX2920,IMPXRX2920,BASE QNW + KIT QYW VERSALINK B7125 Multifuncional Monocromático A3 Copiado / Impresión / Escane,"BASE QNW + KIT QYW VERSALINK B7125 Multifuncional Monocromático A3 Copiado / Impresión / Escaneo / Dúplex /Controlador  NeXtwave /Interface de Usuario Touch de 7""  / DADF / 1 bandeja de papel de 520 hojas tamaño hasta 11x17",BASE,d,3223.4526315789476,62857.33,3223.45,94285.99,94285.99,125714.66,88000.26,75428.8,impresoras,./assets/img/catalog/impresoras/IMPXRX2920.jpg,https://static.ctonline.mx/imagenes/IMPXRX2920/IMPXRX2920_400.jpg,48h Directa / 1 Año Fábrica,Pedro Moreno 501 A (Entrega Inmediata)
IMPXRX2930,IMPXRX2930,BASE QNW + KIT QYW VERSALINK B7130 Multifuncional Monocromático A3 Copiado / Impresión / Escane,"BASE QNW + KIT QYW VERSALINK B7130 Multifuncional Monocromático A3 Copiado / Impresión / Escaneo / Dúplex /Controlador  NeXtwave /Interface de Usuario Touch de 7""  / DADF / 1 bandeja de papel de 520 hojas tamaño hasta 11x17",BASE,d,3559.2315789473687,69405.02,3559.23,104107.53,104107.53,138810.04,97167.03,83286.02,impresoras,./assets/img/catalog/impresoras/IMPXRX2930.jpg,https://static.ctonline.mx/imagenes/IMPXRX2930/IMPXRX2930_400.jpg,48h Directa / 1 Año Fábrica,Pedro Moreno 501 A (Entrega Inmediata)
IMPXRX2940,IMPXRX2940,BASE QNW + KIT QYW VERSALINK B7135 Multifuncional Monocromático A3 Copiado / Impresión / Escane,"BASE QNW + KIT QYW VERSALINK B7135 Multifuncional Monocromático A3 Copiado / Impresión / Escaneo / Dúplex /Controlador  NeXtwave /Interface de Usuario Touch de 7""  / DADF / 1 bandeja de papel de 520 hojas tamaño hasta 11x17",BASE,d,4008.5684210526315,78167.08,4008.57,117250.62,117250.62,156334.16,109433.91,93800.5,impresoras,./assets/img/catalog/impresoras/IMPXRX2940.jpg,https://static.ctonline.mx/imagenes/IMPXRX2940/IMPXRX2940_400.jpg,48h Directa / 1 Año Fábrica,Pedro Moreno 501 A (Entrega Inmediata)
IMPXRX2990,IMPXRX2990,VERSALINK B7125_T Multifuncional Monocromático A3 Copiado / Impresión / Escaneo / Dúplex /Contr,"VERSALINK B7125_T Multifuncional Monocromático A3 Copiado / Impresión / Escaneo / Dúplex /Controlador  NeXtwave /Interface de Usuario Touch de 7""  / DADF / 1 bandeja de papel de 520 hojas tamaño hasta 11x17",VERSALINK,d,3475.1263157894737,67764.96,3475.13,101647.44,101647.44,135529.92,94870.94,81317.95,impresoras,./assets/img/catalog/impresoras/IMPXRX2990.jpg,https://static.ctonline.mx/imagenes/IMPXRX2990/IMPXRX2990_400.jpg,48h Directa / 1 Año Fábrica,Pedro Moreno 501 A (Entrega Inmediata)
IMPXRX3000,IMPXRX3000,VERSALINK B7130_T Multifuncional Monocromático A3 Copiado / Impresión / Escaneo / Dúplex /Contr,"VERSALINK B7130_T Multifuncional Monocromático A3 Copiado / Impresión / Escaneo / Dúplex /Controlador  NeXtwave /Interface de Usuario Touch de 7""  / DADF / 1 bandeja de papel de 520 hojas tamaño hasta 11x17",VERSALINK,d,3620.3684210526317,70597.18,3620.37,105895.77,105895.77,141194.36,98836.05,84716.62,impresoras,./assets/img/catalog/impresoras/IMPXRX3000.jpg,https://static.ctonline.mx/imagenes/IMPXRX3000/IMPXRX3000_400.jpg,48h Directa / 1 Año Fábrica,Pedro Moreno 501 A (Entrega Inmediata)
IMPXRX3010,IMPXRX3010,VERSALINK B7135_T Multifuncional Monocromático A3 Copiado / Impresión / Escaneo / Dúplex /Contr,"VERSALINK B7135_T Multifuncional Monocromático A3 Copiado / Impresión / Escaneo / Dúplex /Controlador  NeXtwave /Interface de Usuario Touch de 7""  / DADF / 1 bandeja de papel de 520 hojas tamaño hasta 11x17",VERSALINK,d,4260.242105263158,83074.72,4260.24,124612.08,124612.08,166149.44,116304.61,99689.66,impresoras,./assets/img/catalog/impresoras/IMPXRX3010.jpg,https://static.ctonline.mx/imagenes/IMPXRX3010/IMPXRX3010_400.jpg,48h Directa / 1 Año Fábrica,Pedro Moreno 501 A (Entrega Inmediata)
IMPXRX3030,IMPXRX3030,"Multifuncional Xerox Color C325_DNI velocidad 35 ppm Carta/A4, Copia: Hasta 600 x 600 ppp; Impr","Multifuncional Xerox Color C325_DNI velocidad 35 ppm Carta/A4, Copia: Hasta 600 x 600 ppp; Impresión ; Hasta 1200 x 1200 ppp , Escaneo: Hasta 600 x 600 ppp. Dúplex, Impresión, escaneado, copia, fax , La interfaz de usuario one touch, similar a la de una tableta, le permite personalizar, simplificar y agilizar las tareas. impresión hasta 6 000 páginas al mes. Impresión movil:Apple AirPrint, Chromebook, Mopria y escaneo mopria, Wi-Fi Direct . LLEVA CARGO DE FLETE, COTIZAR CON EJECUTIVO",C325_DNI,d,757.5915789473686,14773.04,757.59,22159.56,22159.56,29546.08,20682.26,17727.65,impresoras,./assets/img/catalog/impresoras/IMPXRX3030.jpg,https://static.ctonline.mx/imagenes/IMPXRX3030/IMPXRX3030_400.jpg,48h Directa / 1 Año Fábrica,Pedro Moreno 501 A (Entrega Inmediata)
IMPXRX2950,IMPXRX2950,"BASE QPD + KIT QYU VERSALINK C7120, Multifuncional Color A3 Alimentador de Documentos Dúplex de","BASE QPD + KIT QYU VERSALINK C7120, Multifuncional Color A3 Alimentador de Documentos Dúplex de 110 hojas, Bypass de 100 hojas, 1 bandeja de 520 hojas con tamaños hasta 11""x17"",",BASE,d,3805.926315789474,74215.56,3805.93,111323.34,111323.34,148431.12,103901.78,89058.67,impresoras,./assets/img/catalog/impresoras/IMPXRX2950.jpg,https://static.ctonline.mx/imagenes/IMPXRX2950/IMPXRX2950_400.jpg,48h Directa / 1 Año Fábrica,Pedro Moreno 501 A (Entrega Inmediata)
IMPXRX2960,IMPXRX2960,"BASE QPD + KIT QYU VERSALINK C7125, Multifuncional Color A3 Alimentador de Documentos Dúplex de","BASE QPD + KIT QYU VERSALINK C7125, Multifuncional Color A3 Alimentador de Documentos Dúplex de 110 hojas, Bypass de 100 hojas, 1 bandeja de 520 hojas con tamaños hasta 11""x17"",",BASE,d,2764.6,53909.7,2764.6,80864.55,80864.55,107819.4,75473.58,64691.64,impresoras,./assets/img/catalog/impresoras/IMPXRX2960.jpg,https://static.ctonline.mx/imagenes/IMPXRX2960/IMPXRX2960_400.jpg,48h Directa / 1 Año Fábrica,Pedro Moreno 501 A (Entrega Inmediata)
IMPXRX2970,IMPXRX2970,"BASE QPD + KIT QYU VERSALINK C7130, Multifuncional Color A3 Alimentador de Documentos Dúplex de","BASE QPD + KIT QYU VERSALINK C7130, Multifuncional Color A3 Alimentador de Documentos Dúplex de 110 hojas, Bypass de 100 hojas, 1 bandeja de 520 hojas con tamaños hasta 11""x17"",",BASE,d,4398.463157894737,85770.03,4398.46,128655.04,128655.04,171540.06,120078.04,102924.04,impresoras,./assets/img/catalog/impresoras/IMPXRX2970.jpg,https://static.ctonline.mx/imagenes/IMPXRX2970/IMPXRX2970_400.jpg,48h Directa / 1 Año Fábrica,Pedro Moreno 501 A (Entrega Inmediata)
IMPXRX2570,IMPXRX2570,"Multifuncional en color Xerox® C235_DNI, Copiar, imprimir, escanear, fax Compatibilidad con dis","Multifuncional en color Xerox® C235_DNI, Copiar, imprimir, escanear, fax Compatibilidad con dispositivos móviles: Apple AirPrint, Chromebook, Mopria, Wi-Fi y Wi-Fi Direct Funciones de seguridad integral , Tamaño del papel A4, 22 ppm, 1,5K páginas mensuales. LLEVA CARGO DE FLETE, COTIZAR CON EJECUTIVO",CT,d,488.9808000000001,9535.13,488.98,14302.69,14302.69,19070.26,13349.18,11442.16,impresoras,./assets/img/catalog/impresoras/IMPXRX2570.jpg,https://static.ctonline.mx/imagenes/IMPXRX2570/IMPXRX2570_400.jpg,48h Directa / 1 Año Fábrica,Pedro Moreno 501 A (Entrega Inmediata)
IMPXRX2670,IMPXRX2670,BASE QPD + KIT QYV VERSALINK C7120. Multifuncional Color A3  Alimentador de Documentos Dúplex d,"BASE QPD + KIT QYV VERSALINK C7120. Multifuncional Color A3  Alimentador de Documentos Dúplex de 110 hojas, Bypass de 100 hojas, 1 bandeja de 520 hojas con  tamaños hasta 11""x17"",",BASE,d,3042.422842105264,59327.25,3042.42,88990.88,88990.88,118654.5,83058.15,71192.7,impresoras,./assets/img/catalog/impresoras/IMPXRX2670.jpg,https://static.ctonline.mx/imagenes/IMPXRX2670/IMPXRX2670_400.jpg,48h Directa / 1 Año Fábrica,Pedro Moreno 501 A (Entrega Inmediata)
IMPXRX2680,IMPXRX2680,"BASE QPD + KIT QYU VERSALINK C7125, Multifuncional Color A3  Alimentador de Documentos Dúplex d","BASE QPD + KIT QYU VERSALINK C7125, Multifuncional Color A3  Alimentador de Documentos Dúplex de 110 hojas, Bypass de 100 hojas, 1 bandeja de 520 hojas con  tamaños hasta 11""x17"",",BASE,d,3380.2105263157896,65914.11,3380.21,98871.17,98871.17,131828.22,92279.75,79096.93,impresoras,./assets/img/catalog/impresoras/IMPXRX2680.jpg,https://static.ctonline.mx/imagenes/IMPXRX2680/IMPXRX2680_400.jpg,48h Directa / 1 Año Fábrica,Pedro Moreno 501 A (Entrega Inmediata)
IMPXRX2690,IMPXRX2690,"BASE QPD + KIT QYY VERSALINK C7130, Multifuncional Color A3 Alimentador de Documentos Dúplex de","BASE QPD + KIT QYY VERSALINK C7130, Multifuncional Color A3 Alimentador de Documentos Dúplex de 110 hojas, Bypass de 100 hojas, 1 bandeja de 520 hojas con  tamaños hasta 11""x17"",",BASE,d,3605.331052631579,70303.96,3605.33,105455.94,105455.94,140607.92,98425.54,84364.75,impresoras,./assets/img/catalog/impresoras/IMPXRX2690.jpg,https://static.ctonline.mx/imagenes/IMPXRX2690/IMPXRX2690_400.jpg,48h Directa / 1 Año Fábrica,Pedro Moreno 501 A (Entrega Inmediata)
IMPXRX2820,IMPXRX2820,"Multifuncional Xerox Color C8230_T Color:  Carta/A4 Color Carta/A4, Dúplex. Hasta 1200 x 1200 p","Multifuncional Xerox Color C8230_T Color:  Carta/A4 Color Carta/A4, Dúplex. Hasta 1200 x 1200 ppp. Personalice la interfaz de usuario, muestre/oculte funciones, personalice la experiencia de usuario con autenticación. Ethernet 10/100/1000 Base-T, impresión directa USB 2.0 de alta velocidad, NFC, opcional: Wi-Fi/Wi-Fi Direct con adaptador de red inalámbrico, Hasta 150.000 páginas al mes Garantía de 1 año. LLEVA CARGO DE FLETE, COTIZAR CON EJECUTIVO",C8230_T,d,5211.010752688171,101614.71,5211.01,152422.07,152422.07,203229.42,142260.59,121937.65,impresoras,./assets/img/catalog/impresoras/IMPXRX2820.jpg,https://static.ctonline.mx/imagenes/IMPXRX2820/IMPXRX2820_400.jpg,48h Directa / 1 Año Fábrica,Pedro Moreno 501 A (Entrega Inmediata)
IMPXRX2830,IMPXRX2830,"Multifuncional Xerox Color C8230_F Color:  Carta/A4 Color Carta/A4, Dúplex. Hasta 1200 x 1200 p","Multifuncional Xerox Color C8230_F Color:  Carta/A4 Color Carta/A4, Dúplex. Hasta 1200 x 1200 ppp. Personalice la interfaz de usuario, muestre/oculte funciones, personalice la experiencia de usuario con autenticación. Ethernet 10/100/1000 Base-T, impresión directa USB 2.0 de alta velocidad, NFC, opcional: Wi-Fi/Wi-Fi Direct con adaptador de red inalámbrico, Hasta 150.000 páginas al mes Garantía de 1 año. LLEVA CARGO DE FLETE, COTIZAR CON EJECUTIVO",C8230_F,d,5583.225806451612,108872.9,5583.23,163309.35,163309.35,217745.8,152422.06,130647.48,impresoras,./assets/img/catalog/impresoras/IMPXRX2830.jpg,https://static.ctonline.mx/imagenes/IMPXRX2830/IMPXRX2830_400.jpg,48h Directa / 1 Año Fábrica,Pedro Moreno 501 A (Entrega Inmediata)
IMPXRX2840,IMPXRX2840,"Multifuncional Xerox Color  C8235_T Color:  Carta/A4 Color Carta/A4, Dúplex. Hasta 1200 x 1200 ","Multifuncional Xerox Color  C8235_T Color:  Carta/A4 Color Carta/A4, Dúplex. Hasta 1200 x 1200 ppp. Personalice la interfaz de usuario, muestre/oculte funciones, personalice la experiencia de usuario con autenticación. Ethernet 10/100/1000 Base-T, impresión directa USB 2.0 de alta velocidad, NFC, opcional: Wi-Fi/Wi-Fi Direct con adaptador de red inalámbrico, Hasta 150.000 páginas al mes Garantía de 1 año. LLEVA CARGO DE FLETE, COTIZAR CON EJECUTIVO",C8235_T,d,5676.279569892472,110687.45,5676.28,166031.17,166031.17,221374.9,154962.43,132824.94,impresoras,./assets/img/catalog/impresoras/IMPXRX2840.jpg,https://static.ctonline.mx/imagenes/IMPXRX2840/IMPXRX2840_400.jpg,48h Directa / 1 Año Fábrica,Pedro Moreno 501 A (Entrega Inmediata)
IMPXRX2850,IMPXRX2850,"Multifuncional Xerox Color C8235_F Color:  Carta/A4 Color Carta/A4, Dúplex. Hasta 1200 x 1200 p","Multifuncional Xerox Color C8235_F Color:  Carta/A4 Color Carta/A4, Dúplex. Hasta 1200 x 1200 ppp. Personalice la interfaz de usuario, muestre/oculte funciones, personalice la experiencia de usuario con autenticación. Ethernet 10/100/1000 Base-T, impresión directa USB 2.0 de alta velocidad, NFC, opcional: Wi-Fi/Wi-Fi Direct con adaptador de red inalámbrico, Hasta 150.000 páginas al mes Garantía de 1 año. LLEVA CARGO DE FLETE, COTIZAR CON EJECUTIVO",C8235_F,d,5955.440860215054,116131.1,5955.44,174196.65,174196.65,232262.2,162583.54,139357.32,impresoras,./assets/img/catalog/impresoras/IMPXRX2850.jpg,https://static.ctonline.mx/imagenes/IMPXRX2850/IMPXRX2850_400.jpg,48h Directa / 1 Año Fábrica,Pedro Moreno 501 A (Entrega Inmediata)
IMPXRX2860,IMPXRX2860,"Multifuncional Xerox Color C8245_F Color:  Carta/A4 Color Carta/A4, Dúplex. Hasta 1200 x 1200 p","Multifuncional Xerox Color C8245_F Color:  Carta/A4 Color Carta/A4, Dúplex. Hasta 1200 x 1200 ppp. Personalice la interfaz de usuario, muestre/oculte funciones, personalice la experiencia de usuario con autenticación. Ethernet 10/100/1000 Base-T, impresión directa USB 2.0 de alta velocidad, NFC, opcional: Wi-Fi/Wi-Fi Direct con adaptador de red inalámbrico, Hasta 150.000 páginas al mes Garantía de 1 año. LLEVA CARGO DE FLETE, COTIZAR CON EJECUTIVO",C8245_F,d,6420.709677419355,125203.84,6420.71,187805.76,187805.76,250407.68,175285.38,150244.61,impresoras,./assets/img/catalog/impresoras/IMPXRX2860.jpg,https://static.ctonline.mx/imagenes/IMPXRX2860/IMPXRX2860_400.jpg,48h Directa / 1 Año Fábrica,Pedro Moreno 501 A (Entrega Inmediata)
IMPXRX2870,IMPXRX2870,"Multifuncional Xerox Color C8255_F Color:  Carta/A4 Color Carta/A4, Dúplex. Hasta 1200 x 1200 p","Multifuncional Xerox Color C8255_F Color:  Carta/A4 Color Carta/A4, Dúplex. Hasta 1200 x 1200 ppp. Personalice la interfaz de usuario, muestre/oculte funciones, personalice la experiencia de usuario con autenticación. Ethernet 10/100/1000 Base-T, impresión directa USB 2.0 de alta velocidad, NFC, opcional: Wi-Fi/Wi-Fi Direct con adaptador de red inalámbrico, Hasta 150.000 páginas al mes Garantía de 1 año. LLEVA CARGO DE FLETE, COTIZAR CON EJECUTIVO",C8255_F,d,6541.679064375,127562.74,6541.68,191344.11,191344.11,255125.48,178587.84,153075.29,impresoras,./assets/img/catalog/impresoras/IMPXRX2870.jpg,https://static.ctonline.mx/imagenes/IMPXRX2870/IMPXRX2870_400.jpg,48h Directa / 1 Año Fábrica,Pedro Moreno 501 A (Entrega Inmediata)
IMPXRX2880,IMPXRX2880,"Multifuncional Xerox Color C8270_F Color:  Carta/A4 Color Carta/A4, Dúplex. Hasta 1200 x 1200 p","Multifuncional Xerox Color C8270_F Color:  Carta/A4 Color Carta/A4, Dúplex. Hasta 1200 x 1200 ppp. Personalice la interfaz de usuario, muestre/oculte funciones, personalice la experiencia de usuario con autenticación. Ethernet 10/100/1000 Base-T, impresión directa USB 2.0 de alta velocidad, NFC, opcional: Wi-Fi/Wi-Fi Direct con adaptador de red inalámbrico, Hasta 150.000 páginas al mes Garantía de 1 año. LLEVA CARGO DE FLETE, COTIZAR CON EJECUTIVO",C8270_F,d,7425.68974875,144800.95,7425.69,217201.43,217201.43,289601.9,202721.33,173761.14,impresoras,./assets/img/catalog/impresoras/IMPXRX2880.jpg,https://static.ctonline.mx/imagenes/IMPXRX2880/IMPXRX2880_400.jpg,48h Directa / 1 Año Fábrica,Pedro Moreno 501 A (Entrega Inmediata)
IMPXRX2790,IMPXRX2790,"Impresora Xerox Color C625_DN Color:  52/50 ppm Carta/A4 Color Carta/A4, Dúplex. Hasta 1200 x 1","Impresora Xerox Color C625_DN Color:  52/50 ppm Carta/A4 Color Carta/A4, Dúplex. Hasta 1200 x 1200 ppp. Personalice la interfaz de usuario, muestre/oculte funciones, personalice la experiencia de usuario con autenticación. Ethernet 10/100/1000 Base-T, impresión directa USB 2.0 de alta velocidad, NFC, opcional: Wi-Fi/Wi-Fi Direct con adaptador de red inalámbrico, Hasta 150.000 páginas al mes Garantía de 1 año. LLEVA CARGO DE FLETE, COTIZAR CON EJECUTIVO",C625_DN,d,1697.4020565957453,33099.34,1697.4,49649.01,49649.01,66198.68,46339.08,39719.21,impresoras,./assets/img/catalog/impresoras/IMPXRX2790.jpg,https://static.ctonline.mx/imagenes/IMPXRX2790/IMPXRX2790_400.jpg,48h Directa / 1 Año Fábrica,Pedro Moreno 501 A (Entrega Inmediata)
IMPXRX1930,IMPXRX1930,"Impresora a color Xerox® C70_U+EMB+OCT, hasta 70 ppm color 75 ppm negro, Imprimir/copiar: 2400 ","Impresora a color Xerox® C70_U+EMB+OCT, hasta 70 ppm color 75 ppm negro, Imprimir/copiar: 2400 x 2400 ppp Escaneado: 200 x 200, 300 x 300, 400 x 400, 600 x 600 ppp, volumen mensual promedio recomendado 10,000 - 50,000 páginas al mes, ciclo de operación ; 300,000 páginas al mes, velocidad de escaneado hasta 200 ipm color / 200 ipm negro (impresión a doble cara, A4, impresión doble cara  .",CT,d,8050.0,156975.0,8050.0,235462.5,235462.5,313950.0,219765.0,188370.0,impresoras,./assets/img/catalog/impresoras/IMPXRX1930.jpg,https://static.ctonline.mx/imagenes/IMPXRX1930/IMPXRX1930_400.jpg,48h Directa / 1 Año Fábrica,Pedro Moreno 501 A (Entrega Inmediata)
SCAXRX510,SCAXRX510,"Escáner Xerox 1104 Dúplex Portable (A4) - 25 Ppm Compatible con Mac® y PC, Ciclo de trabajo de ","Escáner Xerox 1104 Dúplex Portable (A4) - 25 Ppm Compatible con Mac® y PC, Ciclo de trabajo de 1,000 páginas por día, 20 ppm / 40 ipm a 200 ppp, Capacidad para escanear tarjetas de identificación de plástico",CT,d,247.09141003603108,4818.28,247.09,7227.42,7227.42,9636.56,6745.59,5781.94,impresoras,./assets/img/catalog/impresoras/SCAXRX510.jpg,https://static.ctonline.mx/imagenes/SCAXRX510/SCAXRX510_400.jpg,48h Directa / 1 Año Fábrica,Pedro Moreno 501 A (Entrega Inmediata)
SCAXRX470,SCAXRX470,"Xerox® Documate 100N03729 D35, Velocidad 45 ppm / 90 ipm B/N & grises; 35 ppm / 70 ipm en color","Xerox® Documate 100N03729 D35, Velocidad 45 ppm / 90 ipm B/N & grises; 35 ppm / 70 ipm en color, bandeja ADF de 50 hojas. Ciclo de trabajo diario 8000 hojas",100N03729,d,304.2105263157895,5932.11,304.21,8898.16,8898.16,11864.22,8304.95,7118.53,impresoras,./assets/img/catalog/impresoras/SCAXRX470.jpg,https://static.ctonline.mx/imagenes/SCAXRX470/SCAXRX470_400.jpg,48h Directa / 1 Año Fábrica,Pedro Moreno 501 A (Entrega Inmediata)
SCAXRX520,SCAXRX520,"XEROX SCANNER D50 100N04059  Bandeja ADF de 120 hojas**, recorrido de papel amplio Ciclo de tra","XEROX SCANNER D50 100N04059  Bandeja ADF de 120 hojas**, recorrido de papel amplio Ciclo de trabajo diario de 11.000 hojas/7Velocidades de hasta 70 ppm/140 ipm a 200 y 300 pp",XEROX,d,634.1578947368422,12366.08,634.16,18549.12,18549.12,24732.16,17312.51,14839.3,impresoras,./assets/img/catalog/impresoras/SCAXRX520.jpg,https://static.ctonline.mx/imagenes/SCAXRX520/SCAXRX520_400.jpg,48h Directa / 1 Año Fábrica,Pedro Moreno 501 A (Entrega Inmediata)
SCAXRX390,SCAXRX390,Escáner. XEROX Dúplex Combo Scaner. 100N03448 1517. Resolución: 600 dpi. Velocidad de escaneo: ,"Escáner. XEROX Dúplex Combo Scaner. 100N03448 1517. Resolución: 600 dpi. Velocidad de escaneo: Blanco y Negro: 25 ppm Simplex / 50 ipm dúplex, Ciclo de Trabajo 1500  páginas por día. Capacidad de ADF: 35 hojas (75 g/m2 papel). Tamaño de escaneo: hasta Carta /A4. 9 Trabajos Predeterminados Visioneer OneTouch en el panel de control, Conectividad: USB 2.0 (Compatible 3.0 ) .Peso 2.7 Kg, 3 Años de Garantia. Cotizar Flete con Ejecutivo",XEROX,d,281.0526315789474,5480.53,281.05,8220.8,8220.8,10961.06,7672.74,6576.64,impresoras,./assets/img/catalog/impresoras/SCAXRX390.jpg,https://static.ctonline.mx/imagenes/SCAXRX390/SCAXRX390_400.jpg,48h Directa / 1 Año Fábrica,Pedro Moreno 501 A (Entrega Inmediata)
SCAXRX530,SCAXRX530,"Xerox 100N03881 Tecnología de escaneo superior, Flexibilidad de cama Plana tamaño legal FD70 Te","Xerox 100N03881 Tecnología de escaneo superior, Flexibilidad de cama Plana tamaño legal FD70 Tecnología Visioneer VAST Network con TWAIN Direc  ipmVelocidades de hasta 70 ppm/140 ipm",100N03881,d,1263.157894736842,24631.58,1263.16,36947.37,36947.37,49263.16,34484.21,29557.9,impresoras,./assets/img/catalog/impresoras/SCAXRX530.jpg,https://static.ctonline.mx/imagenes/SCAXRX530/SCAXRX530_400.jpg,48h Directa / 1 Año Fábrica,Pedro Moreno 501 A (Entrega Inmediata)
SCAXRX480,SCAXRX480,"Xerox W130 Scanner, Velocidad de escaneo de hasta 130 ppm/260 ipm, Ciclo de trabajo de 100 000 ","Xerox W130 Scanner, Velocidad de escaneo de hasta 130 ppm/260 ipm, Ciclo de trabajo de 100 000 páginas por día, Bandeja de entrada ajustable de 500 páginas.",W130,d,7418.282572196837,144656.51,7418.28,216984.77,216984.77,289313.02,202519.11,173587.81,impresoras,./assets/img/catalog/impresoras/SCAXRX480.jpg,https://static.ctonline.mx/imagenes/SCAXRX480/SCAXRX480_400.jpg,48h Directa / 1 Año Fábrica,Pedro Moreno 501 A (Entrega Inmediata)
SCAXRX490,SCAXRX490,"Xerox W110 Scanner, Velocidades de escaneo hasta 120 ppm/240 ipm, Ciclo de trabajo de 100 000 p","Xerox W110 Scanner, Velocidades de escaneo hasta 120 ppm/240 ipm, Ciclo de trabajo de 100 000 páginas por día, Bandeja de entrada ajustable de 500 páginas, LCD a color de alta resolución.",W110,d,4946.260922690579,96452.09,4946.26,144678.14,144678.14,192904.18,135032.93,115742.51,impresoras,./assets/img/catalog/impresoras/SCAXRX490.jpg,https://static.ctonline.mx/imagenes/SCAXRX490/SCAXRX490_400.jpg,48h Directa / 1 Año Fábrica,Pedro Moreno 501 A (Entrega Inmediata)
SCAXRX500,SCAXRX500,"Xerox D70n Scanner, Velocidades de hasta 90 ppm / 180 ipm a 200 y 300 dpi, Bandeja ADF de 100 h","Xerox D70n Scanner, Velocidades de hasta 90 ppm / 180 ipm a 200 y 300 dpi, Bandeja ADF de 100 hojas, recorrido ancho del papel, Ciclo de trabajo diario de 15.000 hojas, Conectividad Gigabit Ethernet o USB.",CT,d,1180.0554426104104,23011.08,1180.06,34516.62,34516.62,46022.16,32215.51,27613.3,impresoras,./assets/img/catalog/impresoras/SCAXRX500.jpg,https://static.ctonline.mx/imagenes/SCAXRX500/SCAXRX500_400.jpg,48h Directa / 1 Año Fábrica,Pedro Moreno 501 A (Entrega Inmediata)
SCAXRX540,SCAXRX540,Scáner Xerox W130N 100N03916 n para entornos empresariales Velocidades de escaneo de hasta 135 ,"Scáner Xerox W130N 100N03916 n para entornos empresariales Velocidades de escaneo de hasta 135 ppm / 270 ipm Ciclo de trabajo diario de 100.000 páginas, Bandeja de entrada ajustable de 500 páginas* Conectividad USB o Gigabit Ethernet a PC Tecnología Visioneer VAST Network© con TWAIN Direct de   El escáner Xerox Tecnología de mejora de imagen: Visioneer Acuity Tamaño máximo del papel: 12,1 x 236 pulgadas Conductores: TWAIN, WIA, ISIS, Sensor de imagen: CIS",W130N,d,7418.282572196832,144656.51,7418.28,216984.77,216984.77,289313.02,202519.11,173587.81,impresoras,./assets/img/catalog/impresoras/SCAXRX540.jpg,https://static.ctonline.mx/imagenes/SCAXRX540/SCAXRX540_400.jpg,48h Directa / 1 Año Fábrica,Pedro Moreno 501 A (Entrega Inmediata)
SCAKDK200,SCAKDK200,Escáner Kodak ScanMate i940 1960988. Alimentación de documentos: Automática. Ciclo diario recom,"Escáner Kodak ScanMate i940 1960988. Alimentación de documentos: Automática. Ciclo diario recomendado: 1000 hojas. Tamaño del documento 216 mm x 1524 mm (8,5 pulg. x 60 pulg.)/80 mm x 52 mm (3,2 pulg. x 2,1 pulg.).  ADF: hasta 20 hojas de papel de 75 g/m2 (20 lb.) Blanco y negro/escala de grises: hasta 20 ppm/40 ipm a 200 ppp; color: hasta 15 ppm/30 ipm a 200 ppp Con conexión mediante USB: blanco y negro/escala de grises/color: hasta 8 ppm/16 ipm a 200 ppp Resolución óptica 600 ppp Máx./Mín.  Interface: Hi-Speed USB 2.0 (cable incluido). Nota: con la alimentación de documentos configurada para la digitalización de tarjetas, el grosor del papel puede ser de hasta 995 g/m2 (550 lb). Garantía 3 años en centros de servicio.",CT,d,191.05263157894737,3725.53,191.05,5588.3,5588.3,7451.06,5215.74,4470.64,impresoras,./assets/img/catalog/impresoras/SCAKDK200.jpg,https://static.ctonline.mx/imagenes/SCAKDK200/SCAKDK200_400.jpg,48h Directa / 1 Año Fábrica,Pedro Moreno 501 A (Entrega Inmediata)
SCAKDK720,SCAKDK720,"Escáner KODAK ALARIS E1035, 35 ppm/70ipm a 200 y 300 dpi. 4000 pags al día, CIS doble (CMOS). N","Escáner KODAK ALARIS E1035, 35 ppm/70ipm a 200 y 300 dpi. 4000 pags al día, CIS doble (CMOS). No. Parte 1025071, Tamaño del documento: 216 mm x 356 mm, modo de documentos largo 216 x 3000 mm. Resolución Óptica 600 dpi. ADF 80 pags, Resolución de salida 75/ 100/ 150/ 200/ 240/ 250/ 260/ 300/ 400/ 500/ 600/ 1200 dpi, detección Ultrasónica, conectividad Compatible con USB 2.0 High Speed, USB 3.0, Lectura código de barras, formatos de salida: TIFF de una sola PDF, PDF con capacidad de búsqueda, TXT, PNG,CSV, WORD y EXEL.",KODAK,d,396.8421052631579,7738.42,396.84,11607.63,11607.63,15476.84,10833.79,9286.1,impresoras,./assets/img/catalog/impresoras/SCAKDK720.jpg,https://static.ctonline.mx/imagenes/SCAKDK720/SCAKDK720_400.jpg,48h Directa / 1 Año Fábrica,Pedro Moreno 501 A (Entrega Inmediata)
SCAKDK730,SCAKDK730,"Escáner KODAK ALARIS E1025, 25 ppm/50ipm a 200 y 300 dpi. CIS doble (CMOS). No. Parte 1025170, ","Escáner KODAK ALARIS E1025, 25 ppm/50ipm a 200 y 300 dpi. CIS doble (CMOS). No. Parte 1025170, 3000 pags. Al día. Tamaño del documento: 216 mm x 356  de documentos largo 216 x 3000 mm. Resolución Óptica 600 dpi. ADF 80 pags, Resolución de salida 75/100/150/200/240/250/260/300/400/500/600/1200 dpi, detección Ultrasónica, conectividad Compatible con USB 2.0 High Speed, USB 3.0, Lectura código de barras, formatos de salida: TIFF de una sola PDF, PDF con capacidad de búsqueda, TXT, PNG,CSV, WORD y EXEL.",KODAK,d,353.2105263157895,6887.61,353.21,10331.41,10331.41,13775.22,9642.65,8265.13,impresoras,./assets/img/catalog/impresoras/SCAKDK730.jpg,https://static.ctonline.mx/imagenes/SCAKDK730/SCAKDK730_400.jpg,48h Directa / 1 Año Fábrica,Pedro Moreno 501 A (Entrega Inmediata)
SCAKDK690,SCAKDK690,"Escáner Kodak Alaris s2040 No. PARTE 1025006. HASTA 5000 pags. al día, TECNOLOGIA DE DIGITALIZA","Escáner Kodak Alaris s2040 No. PARTE 1025006. HASTA 5000 pags. al día, TECNOLOGIA DE DIGITALIZACION. CIS doble profundidad. Procesador integrado de un núcleo CORTEX A15, PANEL DE CONTROL DELOPERADOR: LCD a color de 1,5 pulg. RESOLUCION DE SALIDA: 75/ 100 /150 /200 /240 /250 /300 /400 /500 /600 /1200 DPI. TAMAÑO DEL DOCUMENTO: 216 mm x 356 mm. Modo de documentos largos: 216 mm x 3,000 mm. Detección de alimentación de papel TECNOLOGIA ULTRASONICA PARA LA DETECCION DE ALIMENTACION MULTIPLE. conectividad USB 3.1. LECTOR CODIGO DE BARRAS. Formato de salida: TIFF de una sola pagina o de múltiples paginas, JPEG, RTF,BMP, PDF, PDF con capacidad de búsqueda, TXT,PNG, CSV y EXEL.",CT,d,564.3684210526316,11005.18,564.37,16507.77,16507.77,22010.36,15407.25,13206.22,impresoras,./assets/img/catalog/impresoras/SCAKDK690.jpg,https://static.ctonline.mx/imagenes/SCAKDK690/SCAKDK690_400.jpg,48h Directa / 1 Año Fábrica,Pedro Moreno 501 A (Entrega Inmediata)
SCAKDK640,SCAKDK640,"Escáner KODAK S2050, No. Parte 1014968, Alimentación de documentos Automática. DUPLEX. velocida","Escáner KODAK S2050, No. Parte 1014968, Alimentación de documentos Automática. DUPLEX. velocidad diaria recomendada hasta 5,000 hojas al día, velocidad de producción, S2050: blanco y negro escala de grises/color: hasta 50 ppm/100 ipm a 200 y 300 dpi, Tecnología de DIGITALIZACION. CIS doble; profundidad de salida en escala de grises de 256 niveles (8 bits); profundidad de captura a color de 30 bits (10 x 3); salida 75/100/150/200/240/250/300/400/500/600/1200 dpi. Tamaño de documento máx./mín. 216 mm x 356 mm (8,5 pulg. x 14 pulg.)/52 mm x 52 mm (2,08 pulg. x 2,05 pulg.). Alimentador S2050: hasta 80 hojas de papel de 80 g/m2 (20 lb)  Modo de documentos largos: 216 mm x 3000 mm (8,5 pulg. x 118 pulg.), tarjetas de identificación. Permite trabajar con documentos de tamaño pequeño como A8, tarjetas de identificación, tarjetas con relieve y tarjetas de seguros (en orientación vertical y horizontal), conectividad compatible con Conectividad USB 3.1 Gen 1 (compatible con USB 2.0 y 3.0). Lectura de código de barras, compatible con Capture Pro Limited Edition.",KODAK,d,609.0526315789474,11876.53,609.05,17814.8,17814.8,23753.06,16627.14,14251.84,impresoras,./assets/img/catalog/impresoras/SCAKDK640.jpg,https://static.ctonline.mx/imagenes/SCAKDK640/SCAKDK640_400.jpg,48h Directa / 1 Año Fábrica,Pedro Moreno 501 A (Entrega Inmediata)
SCAKDK650,SCAKDK650,Escáner Kodak S2070 No. Parte 1015049 - Alimentación de documentos: Automática Dúplex 70 ppm - ,"Escáner Kodak S2070 No. Parte 1015049 - Alimentación de documentos: Automática Dúplex 70 ppm - ADF 80 hojas, No. Parte 1015049, Alimentación de documentos Automática. S2070: hasta 7000 páginas al día, VELOCIDAD DE PRODUCCION: S2070: blanco y negro/escala de grises/color: hasta 70 ppm/140 ipm a 200 y 300 dpi, Tecnología de digitalización CIS doble; profundidad de salida en escala de grises de 256 niveles (8 bits); profundidad de captura a color de 30 bits (10 x 3); profundidad de salida a color de 24 bits (8 x 3), Resolución óptica 600 dp. Tamaño de documento máx./mín.216 mm x 356 mm (8,5 pulg. x 14 pulg.)/52 mm x 52 mm (2,08 pulg. x 2,05 pulg.) S2070: hasta 80 hojas de papel de 80 g/m2 (20 lb). Software compatible Totalmente compatible con Alaris Info Input Express, Alaris Info Input Solution, Alaris Capture Pro Software y KODAK Asset Management Software. (Solo para WINDOWS) Software incluido con WINDOWS: controladores TWAIN, ISIS y WIA; 
Alaris Info Input Express Limited Edition, controladores LINUX (TWAIN y SANE) (disponible a través de descarga por Internet).",S2070,d,852.2105263157896,16618.11,852.21,24927.17,24927.17,33236.22,23265.35,19941.73,impresoras,./assets/img/catalog/impresoras/SCAKDK650.jpg,https://static.ctonline.mx/imagenes/SCAKDK650/SCAKDK650_400.jpg,48h Directa / 1 Año Fábrica,Pedro Moreno 501 A (Entrega Inmediata)
SCAKDK660,SCAKDK660,"Escáner Kodak S2060W, No. parte 1015114. Ethernet/Wireless Dúplex 60 ppm - ADF 80, Volumen diar","Escáner Kodak S2060W, No. parte 1015114. Ethernet/Wireless Dúplex 60 ppm - ADF 80, Volumen diario recomendado S2060w: hasta 7000 páginas al día, Velocidades de producción S2060w: blanco y negro/escala de grises/color: hasta 60 ppm/120 ipm a 200 y 300 dpi, Tecnología de digitalización CIS doble; profundidad de salida en escala de grises de 256 niveles (8 bits); profundidad de captura a color de 30 bits (10 x 3); profundidad de salida a color de 24 bits (8 x 3), Resolución óptica600 dpi, Iluminación Ledes dobles RGB, Resolución de salida 75/100/150/200/240/250/300/400/500/600/1200 dpi, Tamaño de documento máx./mín.216 mm x 356, mm (8,5 pulg. x 14 pulg.)/52 mm x 52 mm (2,08 pulg. x 2,05 pulg.) Modo de documentos largos: 216 mm x 3000 mm (8,5 pulg. x 118 pulg.), Alimentador S2060w: hasta 80 hojas de papel de 80 g/m2 (20 lb), Lectura de códigos de barras.","S2060W,",d,832.1052631578948,16226.05,832.11,24339.07,24339.07,32452.1,22716.47,19471.26,impresoras,./assets/img/catalog/impresoras/SCAKDK660.jpg,https://static.ctonline.mx/imagenes/SCAKDK660/SCAKDK660_400.jpg,48h Directa / 1 Año Fábrica,Pedro Moreno 501 A (Entrega Inmediata)
SCAKDK670,SCAKDK670,"Escáner Kodak S2080W, No. Parte 1015189 Ethernet/Wireless- Dúplex 80 ppm - ADF  80, Volumen dia","Escáner Kodak S2080W, No. Parte 1015189 Ethernet/Wireless- Dúplex 80 ppm - ADF  80, Volumen diario recomendado S2080w: hasta 8000 páginas al día, Velocidades de producción, S2080w: blanco y negro/escala de grises/color: hasta 80 ppm/160 ipm a 200 y 300 dpi, Tecnología de digitalización CIS doble; profundidad de salida en escala de grises de 256 niveles (8 bits); profundidad de captura a color de 30 bits (10 x 3); profundidad de salida a color de 24 bits (8 x 3), Resolución óptica 600 dpi, Resolución de S2080w: hasta 80 hojas de papel de 80 g/m2 (20 lb)salida75/100/150/200/240/250/300/400/500/600/1200 dpi , Tamaño de documento máx./mín.216 mm x 356 mm (8,5 pulg. x 14 pulg.)/52 mm x 52 mm (2,08 pulg. x 2,05 pulg.).  Lectura de código de barras. Modo de documentos largos: 216 mm x 3000 mm (8,5 pulg. x 118 pulg.), Conectividad USB 3.1 GEN1, 802.11 b/g/n y Ethernet 10/10","S2080W,",d,1176.842105263158,22948.42,1176.84,34422.63,34422.63,45896.84,32127.79,27538.1,impresoras,./assets/img/catalog/impresoras/SCAKDK670.jpg,https://static.ctonline.mx/imagenes/SCAKDK670/SCAKDK670_400.jpg,48h Directa / 1 Año Fábrica,Pedro Moreno 501 A (Entrega Inmediata)
SCAKDK740,SCAKDK740,"Escáner Kodak Alaris. Mod. S3060. 60 ppm/120 ipm. No. parte 8001711, ADF 300 hojas, 25,000 págs","Escáner Kodak Alaris. Mod. S3060. 60 ppm/120 ipm. No. parte 8001711, ADF 300 hojas, 25,000 págs. al día. EN RED.  RGB. CIS (Color Image Sensor), Resolución Óptica 600 dpi hasta 1200 dpi, DUPLEX, A3, Tamaño de hoja Max. 305 x 4,06 mm y Min. 63,5 mm x 71,1 mm. USB  3.2 Gen. 1x1, ETHERNET 10/100/1000. red DHC, TCP/IP. CONFIGURACION RECOMENDADA DE LA P.C.: INTEL CORE i3, a 3,5 GHZ o superior, puerto USB 3.0 (SUPER SPEED) o 2.0 (HIGH SPEED) 3,43 GB de RAM o mas.",CT,d,2660.421052631579,51878.21,2660.42,77817.32,77817.32,103756.42,72629.49,62253.85,impresoras,./assets/img/catalog/impresoras/SCAKDK740.jpg,https://static.ctonline.mx/imagenes/SCAKDK740/SCAKDK740_400.jpg,48h Directa / 1 Año Fábrica,Pedro Moreno 501 A (Entrega Inmediata)
SCAKDK750,SCAKDK750,"Escáner Kodak Alaris. Mod. S3100. 100 ppm/200 ipm. A3. No. parte 8001802, ADF 300 hojas, 45,000","Escáner Kodak Alaris. Mod. S3100. 100 ppm/200 ipm. A3. No. parte 8001802, ADF 300 hojas, 45,000 págs. al día. EN RED. RGB. CIS (CMOS), Color Image Sensor), Resolución Óptica 600 dpi hasta 1200 dpi, DUPLEX, A3, Tamaño de hoja  Max. 305 x 4,06 mm y Min. 63,5 mm x 71,1 mm. USB  3.2 Gen. 1x1, ETHERNET 10/100/1000. red DHC, TCP/IP. CONFIGURACION RECOMENDADA DE LA P.C.: INTEL CORE i3, a 3,5 GHZ o superior, puerto USB 3.0 (SUPER SPEED) o 2.0 (HIGH SPEED) 3,43 GB de RAM o mas.",CT,d,3058.3157894736846,59637.16,3058.32,89455.74,89455.74,119274.32,83492.02,71564.59,impresoras,./assets/img/catalog/impresoras/SCAKDK750.jpg,https://static.ctonline.mx/imagenes/SCAKDK750/SCAKDK750_400.jpg,48h Directa / 1 Año Fábrica,Pedro Moreno 501 A (Entrega Inmediata)
SCAKDK610,SCAKDK610,"Escáner KODAK i3500, No. Parte 1065036, Velocidad de 110 ppm. Grosor de papel y peso 34-413 g/m","Escáner KODAK i3500, No. Parte 1065036, Velocidad de 110 ppm. Grosor de papel y peso 34-413 g/m2 (9-110 lb.) Alimentación de documentos: Automática, ADF 300 hojas Tamaño de los documentos max/min. 305 mm (12 in.) / 63.5 mm (2.5 in.) Tecnología de Digitalizado: Dual CCD; Escala de Grises, profundidad en salida 256 levels (8-bit); color de captura 48 bits (16 x 3); color de salida 24 bits (8 x 3) Conectividad USB 2.0; USB 3.0 Software: Completamente soportado por KODAK Capture Pro Software and KODAK Asset Management Software, Volumen diario recomendado 30,000 hojas, Resolución de salida: 100 / 150 / 200 / 240 / 250 / 300 / 400 / 500 / 600 dpi, WINDOWS Bundled software: TWAIN, ISIS, y WIA drivers; KODAK Capture Pro Software Limited Edition; Smart Touch (LINUX SANE) Uso de documentos largos: 4.1 meters (160 in.)  Protección  ultrasónica inteligente del documento, GARANTIA 1 AÑO EN SITIO.",KODAK,d,4026.3157894736846,78513.16,4026.32,117769.74,117769.74,157026.32,109918.42,94215.79,impresoras,./assets/img/catalog/impresoras/SCAKDK610.jpg,https://static.ctonline.mx/imagenes/SCAKDK610/SCAKDK610_400.jpg,48h Directa / 1 Año Fábrica,Pedro Moreno 501 A (Entrega Inmediata)
SCAKDK110,SCAKDK110,Cama plana KODAK A3 1894351. Compatible con modelos y series i1150/i1180/i2000/i3000/i4000/SS70,"Cama plana KODAK A3 1894351. Compatible con modelos y series i1150/i1180/i2000/i3000/i4000/SS700. Nota: esto es un accesorio adicional, para su funcionamiento es necesario adquirir un escáner de ADF. Garantía 1 años en centros de servicio.",KODAK,d,726.3157894736843,14163.16,726.32,21244.74,21244.74,28326.32,19828.42,16995.79,impresoras,./assets/img/catalog/impresoras/SCAKDK110.jpg,https://static.ctonline.mx/imagenes/SCAKDK110/SCAKDK110_400.jpg,48h Directa / 1 Año Fábrica,Pedro Moreno 501 A (Entrega Inmediata)
IMPKYC360,IMPKYC360,"Impresora Láser Monocromática KYOCERA P2235d ECOSYS®, Páginas por Minuto: Carta: 37 ppm; Legal:","Impresora Láser Monocromática KYOCERA P2235d ECOSYS®, Páginas por Minuto: Carta: 37 ppm; Legal: 30 ppm, Panel: LCD, Resolución: 600 x 600 dpi, 300 x 300 dpi, Fine 1200 (1200 dpi equivalente x 1200 dpi equivalente), Memoria: Est/Máx.: 256 MB / 256 MB, Dúplex: Estándar Dúplex sin Apilar. Soporta Media Carta a Legal (5.5” x 8.5” - 8.5” x 14”), 60-163g/m2, Volumen Máximo Mensual: 20,000 Páginas por Mes, Interfaces: Estándar con: 10/100/1000BaseTX, USB de Alta Velocidad 2.0, 1 Host USB, Capacidad de Papel Estándar/Máxima: 350 Hojas / 850 Hojas, Tamaño de Papel Estándar / Opcional / Multipropósito: Media Carta a Legal (5.5” x 8.5”- 8.5” x 14”), Densidad del Papel Estándar / Bandeja Opcional: 60 - 163g/m2; MPT: 60-220g/m2, Kit de Mantenimiento (MK-1152): 100.000 páginas, Consumibles: Tóner Negro TK-1152 para 3,000 páginas* Rendimiento del tóner inicial 1,000 páginas, basado en ISO19752 para P2235dw y P2235dn",KYOCERA,d,208.69565217391303,4069.57,208.7,6104.36,6104.36,8139.14,5697.4,4883.48,impresoras,./assets/img/catalog/impresoras/IMPKYC360.jpg,https://static.ctonline.mx/imagenes/IMPKYC360/IMPKYC360_400.jpg,48h Directa / 1 Año Fábrica,Pedro Moreno 501 A (Entrega Inmediata)
IMPKYC370,IMPKYC370,"Impresora Láser Monocromática KYOCERA P2235dw ECOSYS®, Páginas por Minuto: Carta: 37 ppm; Legal","Impresora Láser Monocromática KYOCERA P2235dw ECOSYS®, Páginas por Minuto: Carta: 37 ppm; Legal: 30 ppm, Estándar Wi-Fi y Wi-Fi Direct Panel: LCD 2 Líneas, Resolución: 600 x 600 dpi, 300 x 300 dpi, Fine 1200 (1200 dpi equivalente x 1200 dpi equivalente), Memoria: Est/Máx.: 256 MB / 256 MB, 8.5” x 14” Dúplex: Estándar Dúplex sin Apilar. Soporta Media Carta a Legal (5.5” x 8.5” - 8.5” x 14”),60 - 163g/m2, Dimensiones / Peso: 37.6cm An. x 39.4cm Pr. x 27.2cm Al. / 14 kg Volumen Máximo Mensual: 20,000 Páginas por Mes, Capacidad de Papel: de hasta 850 hojas Impresión Móvil: Google Cloud Print™, KYOCERA Mobile Print, Mopria®, Utilitarios: KYOCERA Net Direct Print, Utilitario de Administración de Archivos, KYOCERA Mobile Print, KYOCERA Print Center, KYOCERA Net Admin, KYOCERA Net Viewer, Instalación Rápida, Registro de Identificación, Herramienta de Configuración de Wifi, Herramienta de Configuración, Tamaño de Papel Máximo: 8.5” x 14”, Densidad del Papel Estándar / Bandeja Opcional: 60 - 163g/m2; MPT: 60 - 220g/m2, MPT: Papel Común, Etiquetas, Papel Bond, Papel Reciclado, Velum, Membretado, OHP, Sobres. Kit de Mantenimiento (MK-152): 100.000 páginas Consumibles: Tóner Negro TK-1152 para 3,000 páginas* Rendimiento del tóner inicial 1,000 páginas, basado en ISO19752 para P2235dw y P2235dn",KYOCERA,d,214.1304347826087,4175.54,214.13,6263.31,6263.31,8351.08,5845.76,5010.65,impresoras,./assets/img/catalog/impresoras/IMPKYC370.jpg,https://static.ctonline.mx/imagenes/IMPKYC370/IMPKYC370_400.jpg,48h Directa / 1 Año Fábrica,Pedro Moreno 501 A (Entrega Inmediata)
IMPKYC340,IMPKYC340,"Impresora Multifuncional Láser Monocromática A4 KYOCERA M2635dw ECOSYS®, > Impresión > Copiado ","Impresora Multifuncional Láser Monocromática A4 KYOCERA M2635dw ECOSYS®, > Impresión > Copiado > Escaneo > Fax Páginas por Minuto: Carta: 37 ppm; Legal: 30 ppm; A4: 35 ppm, Panel: Panel LCD de 5 líneas con panel de control de botón real, Resolución: 600 x 600 dpi, 300 x 300 dpi, Fine 1200 dpi, Memoria: Estándar: 512 MB, expandible a 1,536 MB, Dúplex: Estándar Dúplex sin Apilar. Soporta Media Carta a Legal (5.5"" x .5"" - 8.5"" x 14""), 60 - 163 g/m2 Tamaño de Papel Máximo: 8.5'' x 14'', Capacidad de papel: 350/850, Ciclo de Trabajo Mensual: 20,000 Páginas, Densidad de Papel: Estándar / Bandeja Opcional: 60 - 163g/m2; MTP: 60 - 220g/m2, Tamaño Máx. en DP / Cristal: Legal (8.5"" x 14""), Rendimiento del tóner: 3,000 páginas, Conectividad: Estándar: 10/100/1000 BaseTX, USB 2.0 de Alta Velocidad, Interfaz de Host USB, 1 ranura de expansión, Dimensiones: 49.3cm An. x 42.9cm Pr. x 44.7cm Al. Peso: 18.1 kg. Tipos de Papel: Estándar / Bandejas Opcionales: Papel Común, Papel Bond, Papel Reciclado, Velum, Papel Duro, Membretado; MPT: Papel Común, Etiquetas, Papel Bond, Papel Reciclado, Velum, Membretado, OHP, Sobres Kit de Mantenimiento (MK-1152): 100.000 páginas, Consumibles: Tóner Negro TK-1152 para 3,000 páginas*",CT,d,290.2173913043478,5659.24,290.22,8488.86,8488.86,11318.48,7922.94,6791.09,impresoras,./assets/img/catalog/impresoras/IMPKYC340.jpg,https://static.ctonline.mx/imagenes/IMPKYC340/IMPKYC340_400.jpg,48h Directa / 1 Año Fábrica,Pedro Moreno 501 A (Entrega Inmediata)
IMPKYC350,IMPKYC350,Impresora Multifuncional Láser Monocromática KYOCERA M2540dw ECOSYS® red del MFP y listo inalám,"Impresora Multifuncional Láser Monocromática KYOCERA M2540dw ECOSYS® red del MFP y listo inalámbrica. Hasta 42 páginas por minuto, hasta papel de tamaño legal. Uno de los nuevos dispositivos multifunción láser compacto mono escritorio de clase de Kyocera (impresora multifunción) que son ideales para pequeños grupos de trabajo y empresas donde los volúmenes de impresión y copiado han disminuido, pero la necesidad de fiabilidad y alta calidad de impresión se mantienen Volumen Mensual Max: 50,000 páginas El M2540dw 4 es (impresión / copia / escáner / fax) con funciones avanzadas que incluyen Wi-Fi y redes inalámbricas, junto con Gigabit Ethernet. Un alimentador de documentos de doble escaneo escanea ambos lados de la página en una sola pasada. El M2540dw utiliza un panel tradicional de control LCD de 5 líneas. Como se trata de un modelo Ecosys que utiliza componentes de imagen de larga duración y tiene un muy bajo costo por página, justo debajo de 1 centavo por página. El procesador de documentos es estándar en este modelo y es un alimentador dual de barrido que las copias parte delantera y trasera en una sola pasada permitiendo copias a doble cara. El procesador de documentos sostendrá 50 hojas de papel. El M2540dw viene con 512 MB de memoria que se puede actualizar a 1,5 GB. Viene con un tóner inicial nominal de 3.600 páginas, Kit de Mantenimiento hasta 100,000 páginas MK-1152 (Cilindro/Revelador) Consumibles Tóner TK-1172 están clasificados para 7.200 páginas. De entrada de papel estándar es de 350 hojas y puede expandirse a 850 hojas.",CT,d,339.1304347826087,6613.04,339.13,9919.56,9919.56,13226.08,9258.26,7935.65,impresoras,./assets/img/catalog/impresoras/IMPKYC350.jpg,https://static.ctonline.mx/imagenes/IMPKYC350/IMPKYC350_400.jpg,48h Directa / 1 Año Fábrica,Pedro Moreno 501 A (Entrega Inmediata)
IMPKYC1050,IMPKYC1050,"Impresora láser a color KYOCERA PA2101CX 110C0C2US0 A4 carta/oficio, velocidad 22PPM, 1,200 x 1","Impresora láser a color KYOCERA PA2101CX 110C0C2US0 A4 carta/oficio, velocidad 22PPM, 1,200 x 1,200DPI, dúplex estándar, LAN, USB 2.0, capacidad de papel hasta 550 hojas, Dúplex: estándar, sin apilar,5.5""x8.5""-x14"").",CT,d,143.47826086956522,2797.83,143.48,4196.74,4196.74,5595.66,3916.96,3357.4,impresoras,./assets/img/catalog/impresoras/IMPKYC1050.jpg,https://static.ctonline.mx/imagenes/IMPKYC1050/IMPKYC1050_400.jpg,48h Directa / 1 Año Fábrica,Pedro Moreno 501 A (Entrega Inmediata)
IMPKYC820,IMPKYC820,"IMPRESORA A COLOR PA2100CX impresión en red, diseño compacto.22 ppm Carta, A4, panel LED, Impre","IMPRESORA A COLOR PA2100CX impresión en red, diseño compacto.22 ppm Carta, A4, panel LED, Impresión 1200 x 1200 dpi, capacidad de papel 550 Hojas Máximo incluye tóner de arranque TK-5442 Rendimiento 2400 hojas procesadas. 1102RF2US0.",IMPRESORA,d,221.7391304347826,4323.91,221.74,6485.86,6485.86,8647.82,6053.47,5188.69,impresoras,./assets/img/catalog/impresoras/IMPKYC820.jpg,https://static.ctonline.mx/imagenes/IMPKYC820/IMPKYC820_400.jpg,48h Directa / 1 Año Fábrica,Pedro Moreno 501 A (Entrega Inmediata)
IMPKYC800,IMPKYC800,"IMPRESORA A COLOR PA2100cwx impresión en red, wifi diseño compacto.22 ppm Carta,  A4, panel LED","IMPRESORA A COLOR PA2100cwx impresión en red, wifi diseño compacto.22 ppm Carta,  A4, panel LED, Impresión 1200 x 1200 dpi, capacidad de papel 550 Hojas Máximo incluye tóner de arranque TK-5442  Rendimiento 2400 hojas procesadas. 110C092US0.",IMPRESORA,d,277.39130434782606,5409.13,277.39,8113.69,8113.69,10818.26,7572.78,6490.96,impresoras,./assets/img/catalog/impresoras/IMPKYC800.jpg,https://static.ctonline.mx/imagenes/IMPKYC800/IMPKYC800_400.jpg,48h Directa / 1 Año Fábrica,Pedro Moreno 501 A (Entrega Inmediata)
IMPKYC1020,IMPKYC1020,"Impresora multifuncional monocromatica A4, 4 en 1  KYOCERA MA4000wifx/ 110C1D2BR0 DUPLEX ESTAND","Impresora multifuncional monocromatica A4, 4 en 1  KYOCERA MA4000wifx/ 110C1D2BR0 DUPLEX ESTANDAR rendimiento aproximado: 80,000 páginas por mes. Carta: 42 ppm, Legal: 34 ppm;A4:40ppm. velocidad de impresion a doble cara :21 ppm Resolución: 300 x300 dpi, 600x 600 dpi. Memoria: 2 GB.","A4,",d,372.82608695652175,7270.11,372.83,10905.16,10905.16,14540.22,10178.15,8724.13,impresoras,./assets/img/catalog/impresoras/IMPKYC1020.jpg,https://static.ctonline.mx/imagenes/IMPKYC1020/IMPKYC1020_400.jpg,48h Directa / 1 Año Fábrica,Pedro Moreno 501 A (Entrega Inmediata)
IMPKYC1030,IMPKYC1030,"Impresora multifuncional monocromatica A4, 3 en 1 KYOCERA MA4000wifx/ 110C142SA0 DUPLEX ESTANDA","Impresora multifuncional monocromatica A4, 3 en 1 KYOCERA MA4000wifx/ 110C142SA0 DUPLEX ESTANDAR rendimiento aproximado: 80,000 páginas por mes. Carta: 42 ppm, Legal: 34 ppm;A4:40ppm. velocidad de impresion a doble cara :21 ppm Resolución: 300 x300 dpi, 600x 600 dpi.
Memoria: 1 GB.","A4,",d,297.2282608695652,5795.95,297.23,8693.92,8693.92,11591.9,8114.33,6955.14,impresoras,./assets/img/catalog/impresoras/IMPKYC1030.jpg,https://static.ctonline.mx/imagenes/IMPKYC1030/IMPKYC1030_400.jpg,48h Directa / 1 Año Fábrica,Pedro Moreno 501 A (Entrega Inmediata)
IMPKYC1010,IMPKYC1010,Impresora Multifuncional A4 a Color 4 en 1  KYOCERA MA2600CWFX 110C0D2US0 rendimiento aproximad,"Impresora Multifuncional A4 a Color 4 en 1  KYOCERA MA2600CWFX 110C0D2US0 rendimiento aproximado: 65,000 páginas por mes Carta: 27 ppm negro/color; Legal: 22 ppm negro/color; A4: 26 ppm negro/color. Resolución: 600 x 600 dpi, 1200 x 1200 dpi (a velocidad reducida) Memoria: 1 GB, no aumentable",CT,d,318.4782608695652,6210.33,318.48,9315.49,9315.49,12420.66,8694.46,7452.4,impresoras,./assets/img/catalog/impresoras/IMPKYC1010.jpg,https://static.ctonline.mx/imagenes/IMPKYC1010/IMPKYC1010_400.jpg,48h Directa / 1 Año Fábrica,Pedro Moreno 501 A (Entrega Inmediata)
IMPKYC730,IMPKYC730,Multifuncional Laser Color TASKalfa 308ci 1102V42US0 Páginas por minuto: Blanco y negro/color –,"Multifuncional Laser Color TASKalfa 308ci 1102V42US0 Páginas por minuto: Blanco y negro/color – Carta: 37 ppm, legal: 30 ppm, A4: 35 ppm, Salida de la primera impresión: Copiado: Blanco y negro en 5.9 segundos o menos; color en 7.3 segundos o menos, Impresión láser: Blanco y negro en 5.5 segundos o menos; color en 6.5 segundos o menos, Ciclo de trabajo máximo: 100,000 páginas por mes, Resolución: 600 x 600 dpi; 1200 x 1200 dpi, Velocidades de escaneo (monocromático/color) a 300 dpi, Administración de trabajos: 1,000 códigos de secciones departamentales",CT,d,1064.1521739130435,20750.97,1064.15,31126.46,31126.46,41501.94,29051.36,24901.16,impresoras,./assets/img/catalog/impresoras/IMPKYC730.jpg,https://static.ctonline.mx/imagenes/IMPKYC730/IMPKYC730_400.jpg,48h Directa / 1 Año Fábrica,Pedro Moreno 501 A (Entrega Inmediata)
IMPKYC810,IMPKYC810,"IMPRESORA MULTIFUNCIONAL A COLOR MA2100cwfx impresión, scanner, copiadora en red, wifi diseño c","IMPRESORA MULTIFUNCIONAL A COLOR MA2100cwfx impresión, scanner, copiadora en red, wifi diseño compacto.22 ppm Carta,  A4, panel LED, Impresión 1200 x 1200 dpi, capacidad de papel 550 Hojas Máximo incluye tóner de arranque TK-5442  Rendimiento 2400 hojas procesadas. 110C0AUS0.",IMPRESORA,d,333.695652173913,6507.07,333.7,9760.6,9760.6,13014.14,9109.9,7808.48,impresoras,./assets/img/catalog/impresoras/IMPKYC810.jpg,https://static.ctonline.mx/imagenes/IMPKYC810/IMPKYC810_400.jpg,48h Directa / 1 Año Fábrica,Pedro Moreno 501 A (Entrega Inmediata)
IMPBRT690,IMPBRT690,Impresora de etiquetas de alta velocidad BROTHER QL800. Velocidad de impresión: un solo color: ,"Impresora de etiquetas de alta velocidad BROTHER QL800. Velocidad de impresión: un solo color: 93 etiquetas por minuto y dos colores: 15 etiquetas por minuto. Tecnología de impresión: térmica directa. Resolución de impresión: hasta 300 x 600 dpi. Software de edición de etiquetas gratuito: P-touch Editor 5.1 (Windows® y Mac®) y P-touch Adress Book 1.2 (solo Windows®). Creación de etiquetas en PC: texto, código de barras líneal y bidimensional, gráficos. Ancho máximo de impresión 5.84 cm y largo máximo de impresión 91.4 cm. Cortador: automático. Interfaz estándar: USB, protocolo USB 1.1 (Windows®/Mac®), 2.0 (Windows®/Mac®), 3.0 (solo Windows®). Compatibilidad con sistemas operativos: Windows® y MacOS®. Consumibles: Rollos de etiquetas DK (Etiquetas precortadas y continuas). En caja: QL800, cable USB, adaptador de AC, rollos de etiquetas DK1201 etiqueta precortada color blanco 29 mm x 90.3 mm, 100 etiquetas y DK2251 etiqueta continua, texto negro/rojo 62 mm x 5 m. Garantía limitada de 1 año.",CT,m,2153.186813186813,2153.19,110.42,3229.78,3229.78,4306.38,3014.47,2583.83,impresoras,./assets/img/catalog/impresoras/IMPBRT690.jpg,https://static.ctonline.mx/imagenes/IMPBRT690/IMPBRT690_400.jpg,48h Directa / 1 Año Fábrica,Pedro Moreno 501 A (Entrega Inmediata)
IMPBRT700,IMPBRT700,Impresora de etiquetas de alta velocidad BROTHER QL810W. Velocidad de impresión: un solo color:,"Impresora de etiquetas de alta velocidad BROTHER QL810W. Velocidad de impresión: un solo color: 110 etiquetas por minuto y dos colores: 15 etiquetas por minuto. Tecnología de impresión: térmica directa. Resolución de impresión: estándar 300 x 300 dpi y alta resolución 300 x 600 dpi. Software de edición de etiquetas gratuito: P-touch Editor 5.1 (Windows® y Mac®) y P-touch Adress Book 1.2 (solo Windows®). Creación de etiquetas en PC: texto, código de barras líneal y bidimensional, gráficos. Ancho máximo de impresión 5.84 cm y largo máximo de impresión 91.4 cm. Cortador: automático. Interfaz estándar: 802.11 b/g/n inalámbrica, USB, protocolo USB 1.1 (Windows®/Mac®), 2.0 (Windows®/Mac®), 3.0 (solo Windows®). Compatibilidad con sistemas operativos: Windows® y MacOS®. Consumibles: rollos de etiquetas DK (Etiquetas precortadas y continuas). En caja: QL810W, cable USB, adaptador AC, rollos de etiquetas DK1201 etiqueta precortada texto negro 29 mm x 90.3 mm, 100 etiquetas y DK2251 etiqueta continua, texto negro/rojo 62 mm x 5 m. Garantía limitada de 1 año.",CT,m,3021.934065934066,3021.93,154.97,4532.89,4532.89,6043.86,4230.7,3626.32,impresoras,./assets/img/catalog/impresoras/IMPBRT700.jpg,https://static.ctonline.mx/imagenes/IMPBRT700/IMPBRT700_400.jpg,48h Directa / 1 Año Fábrica,Pedro Moreno 501 A (Entrega Inmediata)
IMPBRT730,IMPBRT730,Impresora de etiquetas de alta velocidad BROTHER QL1110NWB. Velocidad de impresión: Máximo 110 ,"Impresora de etiquetas de alta velocidad BROTHER QL1110NWB. Velocidad de impresión: Máximo 110 mm por segundo. Tecnología de impresión: Térmica directa. Resolución de impresión: Estándar 300 x 300 dpi. Etiquetas: ancho máximo de impresión de 10.16 cm y largo máximo de impresión 3 m (Windows® y MacOS®), 1 m (P-touch Editor Lite) y 99.9 cm (iPrint & Label). Cortador: Automático. Creación de etiquetas en PC: Texto, código de barras lineal y bidimensional, gráficos. Software gratuito: P-touch Editor, SDK (Windows®, Android® y MacOS®). Función: Recorte automático para hojas tamaño carta/A4 (solo Windows®). Cortador: Automático. Interfaz estándar: 802.11 b/g/n inalámbrica, Red (10/100 Base-TX), USB (2.0), Bluetooth 2.1+EDR, Host USB. Compatibilidad con sistemas operativos: Windows®, Linux® y MacOS®. Consumibles: rollos de etiquetas DK (Etiquetas precortadas y continuas). En caja: QL1110NWB, cable USB, adaptador AC, rollos de etiquetas DK1247 etiqueta precortada texto negro sobre blanco 103 mm x 164 mm, 47 etiquetas y DK2205 etiqueta continua, texto negro sobre blanco 62 mm x 8 m. Garantía limitada de 1 año.",CT,m,5979.978021978021,5979.98,306.67,8969.97,8969.97,11959.96,8371.97,7175.98,impresoras,./assets/img/catalog/impresoras/IMPBRT730.jpg,https://static.ctonline.mx/imagenes/IMPBRT730/IMPBRT730_400.jpg,48h Directa / 1 Año Fábrica,Pedro Moreno 501 A (Entrega Inmediata)
IMPBRT870,IMPBRT870,Impresora de etiquetas de alta velocidad BROTHER TD4410D. Tecnología de impresión: térmica dire,"Impresora de etiquetas de alta velocidad BROTHER TD4410D. Tecnología de impresión: térmica directa. Velocidad de impresión: hasta 14.01 pulgadas por segundo / 356 mm por segundo. Resolución de impresión: hasta 203 dpi / 8 puntos por mm. Ancho máximo de etiqueta: 4.7 pulgadas / 118.0 mm. Ancho de impresión: 4.3 pulgadas / 108.4 mm. Longitud máxima de impresión: 118.1 pulgadas / 3,000 mm. Consumibles: Etiquetas continuas, recibos continuos, rótulos y brazaletes en rollo RD o en zigzag o troquelados de Brother. Tamaño del rollo de consumibles: hasta 12.7 mm de diámetro externo y diámetro interno entre 12.7 y 38.1 mm. Software: P-Touch Editor. Lenguaje de impresión: ZPL II, EPL, DPL, CPCL, gráficos de cuadrícula, texto (plantilla), ESC/P. Memoria: 256 MB de SDRAM, 64 MB de memoria Flash. Interfaz estándar: USB 2.0, puerto serial RS232C. Compatibilidad con sistemas operativos: Windows 11/10/8.1/7. En caja: TD4410D, adaptador AC, cable USB. Garantía limitada de 2 años.",CT,m,5971.9379961631485,5971.94,306.25,8957.91,8957.91,11943.88,8360.72,7166.33,impresoras,./assets/img/catalog/impresoras/IMPBRT870.jpg,https://static.ctonline.mx/imagenes/IMPBRT870/IMPBRT870_400.jpg,48h Directa / 1 Año Fábrica,Pedro Moreno 501 A (Entrega Inmediata)
IMPBRT890,IMPBRT890,Impresora de etiquetas y recibos portátil BROTHER RJ4230BL. Tecnología de impresión: térmica di,"Impresora de etiquetas y recibos portátil BROTHER RJ4230BL. Tecnología de impresión: térmica directa. Velocidad de impresión: hasta 6 pulgadas por segundo / 152.4 mm por segundo. Resolución de impresión: hasta 203 dpi / 5 puntos por mm. Ancho de impresión: 4.09 pulgadas / 104.0 mm. Longitud máxima de impresión: 118.1 pulgadas / 3,000 mm. Consumibles: Papel y recibos sintéticos, etiquetas, rótulos. Aplicaciones: Print Service Plugin Support Center, PJ-673 Print, Print SDK Demo, RJ-4040 Print, Mobile Deploy, Mobile Transfer Express. Software: P-Touch Editor, P-Touch Transfer Express, Printer Setting Tool. Lenguaje de impresión: Plantilla P-touch2.0, Raster, ESC/P. Memoria: 256 MB de SDRAM, 64 MB de memoria Flash. Interfaz estándar: USB, MFi, Bluetooth, NFC. Compatibilidad con sistemas operativos: Windows. En caja: RJ4250BL, clip para cinturón, tope de soporte de rollos, batería inteligente de iones de litio. Garantía limitada de 2 años. Adaptador de corriente se vende aparte.",CT,m,12131.849710982659,12131.85,622.15,18197.78,18197.78,24263.7,16984.59,14558.22,impresoras,./assets/img/catalog/impresoras/IMPBRT890.jpg,https://static.ctonline.mx/imagenes/IMPBRT890/IMPBRT890_400.jpg,48h Directa / 1 Año Fábrica,Pedro Moreno 501 A (Entrega Inmediata)
IMPBRT880,IMPBRT880,Impresora de etiquetas y recibos portátil BROTHER RJ4250WBL. Tecnología de impresión: térmica d,"Impresora de etiquetas y recibos portátil BROTHER RJ4250WBL. Tecnología de impresión: térmica directa. Velocidad de impresión: hasta 6 pulgadas por segundo / 152.4 mm por segundo. Resolución de impresión: hasta 203 dpi / 5 puntos por mm. Ancho de impresión: 4.09 pulgadas / 104.0 mm. Longitud máxima de impresión: 118.1 pulgadas / 3,000 mm. Consumibles: Papel y recibos sintéticos, etiquetas, rótulos. Aplicaciones: Print Service Plugin Support Center, PJ-673 Print, Print SDK Demo, RJ-4040 Print, Mobile Deploy, Mobile Transfer Express. Software: P-Touch Editor, P-Touch Transfer Express, Printer Setting Tool, BRAdmin Professional 4, BRAdmin Light, BRAgent. Lenguaje de impresión: Plantilla P-touch2.0, Raster, ESC/P. Memoria: 256 MB de SDRAM, 64 MB de memoria Flash. Interfaz estándar: USB, MFi, Bluetooth, NFC, Wi-Fi. Compatibilidad con sistemas operativos: Windows. En caja: RJ4250WBL, clip para cinturón, tope de soporte de rollos, batería inteligente de iones de litio. Garantía limitada de 2 años. Adaptador de corriente se vende aparte.",CT,m,13892.196531791908,13892.2,712.42,20838.3,20838.3,27784.4,19449.08,16670.64,impresoras,./assets/img/catalog/impresoras/IMPBRT880.jpg,https://static.ctonline.mx/imagenes/IMPBRT880/IMPBRT880_400.jpg,48h Directa / 1 Año Fábrica,Pedro Moreno 501 A (Entrega Inmediata)
SCABRT210,SCABRT210,Escáner portátil BROTHER DSMOBILE DS640. Velocidad de escaneo: 16 ppm b/n y color. Medios acept,"Escáner portátil BROTHER DSMOBILE DS640. Velocidad de escaneo: 16 ppm b/n y color. Medios aceptados: papel y tarjetas plásticas. Tamaño de papel: mínimo de 5 x 8.6 cm (L) y máximo de hasta 21.6 x 182 cm (L). Tarjetas plásticas: mínimo 5.41 x 5.41 cm, máximo 8.64 x 8.64 cm. con espesor de 1.00 mm-1.24 mm. Resolución de escaneo óptica 600 x 600 dpi e interpolada 1200 x 1200 dpi. Capacidad máxima de papel: 1 hoja. Ciclo de trabajo diario máximo: 100 páginas. Interfaz estándar: Micro USB 3.0. Compatibilidad con sistemas operativos: Windows®: 10 / 8.1 / 7SP1, MacOS®: v10.15.x / 10.14.x / 10.13.6 y Linux®. Controladores de escaneo incluidos: TWAIN, WIA, ICA, SANE. Garantía limitada de 1 año. Cable USB incluido.",BROTHER,m,2441.111111111111,2441.11,125.19,3661.66,3661.66,4882.22,3417.55,2929.33,impresoras,./assets/img/catalog/impresoras/SCABRT210.jpg,https://static.ctonline.mx/imagenes/SCABRT210/SCABRT210_400.jpg,48h Directa / 1 Año Fábrica,Pedro Moreno 501 A (Entrega Inmediata)
SCABRT220,SCABRT220,Escáner portátil dúplex BROTHER DSMOBILE DS740D con U-path. Velocidad de escaneo: 16 ppm y 30 i,"Escáner portátil dúplex BROTHER DSMOBILE DS740D con U-path. Velocidad de escaneo: 16 ppm y 30 ipm b/n y color. Medios aceptados: papel y tarjetas plásticas. Tamaño de papel: mínimo de 5 x 8.6 cm (L) y máximo de hasta 21.6 x 182 cm (L). Tarjetas plásticas: mínimo 5.41 x 5.41 cm, máximo 8.64 x 8.64 cm. con espesor de 1.00 mm-1.24 mm. Resolución de escaneo óptica 600 x 600 dpi e interpolada 1200 x 1200 dpi. Capacidad máxima de papel: 1 hoja. Ciclo de trabajo diario máximo: 100 páginas. Interfaz estándar: Micro USB 3.0. Compatibilidad con sistemas operativos: Windows®: 10 / 8.1 / 7SP1, MacOS®: v10.15.x / 10.14.x / 10.13.6 y Linux®. Controladores de escaneo incluidos: TWAIN, WIA, ICA, SANE. Garantía limitada de 1 año. Cable USB incluido.",BROTHER,m,3010.0,3010.0,154.36,4515.0,4515.0,6020.0,4214.0,3612.0,impresoras,./assets/img/catalog/impresoras/SCABRT220.jpg,https://static.ctonline.mx/imagenes/SCABRT220/SCABRT220_400.jpg,48h Directa / 1 Año Fábrica,Pedro Moreno 501 A (Entrega Inmediata)
SCABRT230,SCABRT230,Escáner de escritorio dúplex BROTHER ADS3100. Velocidad de escaneo: 40 ppm/80 ipm b/n y color. ,"Escáner de escritorio dúplex BROTHER ADS3100. Velocidad de escaneo: 40 ppm/80 ipm b/n y color. ADF: hasta 60 páginas. Medios aceptados: papel y tarjetas plásticas. Tamaño de papel aceptado: ancho de 50.8 a 21.59 cm y largo de 50.8 a 35.56 cm. Peso de papel aceptado: de 40 g/m2 a 200 g/m2. Tarjetas plásticas aceptadas: ancho 5.398 cm y largo de 8.56 cm con espesor de hasta 1.32 mm con relieve o hasta de 1.1 mm sin relieve. Resolución de escaneo: óptica 600 x 600 dpi e interpolada 1200 x 1200 dpi. Ciclo de trabajo diario máximo: 6,000 hojas. Interfaz estándar: USB 3.0. Capacidad de escaneo a: PC (imagen, archivo, mail, OCR), Sharepoint, USB y servicios en la nube. Compatibilidad con sistemas operativos: Windows®, MacOS® y Linux®. Controladores de escaneo incluidos: TWAIN, WIA, ICA, SANE. Software incluidos: Brother ScanEssentials para Windows, Brother iPrint&Scan (escritorio) para Windows y Mac®, ¡Software de procesamiento Image Folio para Windows, Presto! BizCard para Windows y Mac®, Kofax PaperPort™ 14SE con OCR para Windows, Kofax Power PDF v3 para Windows. Funciones de seguridad: Ranura para seguro. En caja: ADS3100 de Brother, cable para interfaz USB 3.0, adaptador de CA, Guía de configuración rápida. Garantía limitada de 1 año con fabricante.",CT,m,6503.333333333333,6503.33,333.5,9754.99,9754.99,13006.66,9104.66,7804.0,impresoras,./assets/img/catalog/impresoras/SCABRT230.jpg,https://static.ctonline.mx/imagenes/SCABRT230/SCABRT230_400.jpg,48h Directa / 1 Año Fábrica,Pedro Moreno 501 A (Entrega Inmediata)
SCAFJT360,SCAFJT360,"Scanner FUJITSU modelo SP-1120N. ADF, dúplex, simplex 20 ppm (200/300 ppp), dúplex: 40 ipm (200","Scanner FUJITSU modelo SP-1120N. ADF, dúplex, simplex 20 ppm (200/300 ppp), dúplex: 40 ipm (200/300 ppp),  CMOS-CIS LED RGB x 2, 600 ppp, color de fondo blanco, resolución de salida 50 a 600 ppp, formato de salida Color: 24-bit, Escala de Grises: 8-bit, Monocromo: 1-bit, peso del papel 50 a 209 g/m2, capacidad del ADF 50 hojas, ciclo diario 3, 000 hojas, USB 3.2 Gen 1x1 / USB 2.0 / USB 1.1, ENERGY STAR®, RoHS. Artículos incluidos Adapter de CA, Cable USB, DVD de Instalación. Requisitos de energía CA 100 a 240 V ±10 %.",FUJITSU,d,316.30434782608694,6167.93,316.3,9251.9,9251.9,12335.86,8635.1,7401.52,impresoras,./assets/img/catalog/impresoras/SCAFJT360.jpg,https://static.ctonline.mx/imagenes/SCAFJT360/SCAFJT360_400.jpg,48h Directa / 1 Año Fábrica,Pedro Moreno 501 A (Entrega Inmediata)
SCAFJT320,SCAFJT320,Scanner FUJITSU IX1300. ScanSnap iX1300. ADF (alimentador automático de documentos) /alimentaci,"Scanner FUJITSU IX1300. ScanSnap iX1300. ADF (alimentador automático de documentos) /alimentación manual, dúplex. color, escala de grises, monocromo, automático (color/escala de grises/monocromo*1 detección). Velocidad de digitalización (A4 vertical) Símplex/Dúplex: 30 ppm. Sensor de imagen CIS x 2 (Frontal x 1, Posterior x 1) fuente de luz LED RGB (rojo/verde/azul). ENERGY STAR®/RoHS, ScanSnap Home (Driver específico de ScanSnap), Windows®: No soporta TWAIN/ISIS, macOS: No soporta TWAIN.",FUJITSU,d,335.8695652173913,6549.46,335.87,9824.19,9824.19,13098.92,9169.24,7859.35,impresoras,./assets/img/catalog/impresoras/SCAFJT320.jpg,https://static.ctonline.mx/imagenes/SCAFJT320/SCAFJT320_400.jpg,48h Directa / 1 Año Fábrica,Pedro Moreno 501 A (Entrega Inmediata)
SCAFJT390,SCAFJT390,"Scanner FUJITSU modelo FI-8040. ADF, velocidad de digitalización simplex: 40 ppm (200/300 ppp) ","Scanner FUJITSU modelo FI-8040. ADF, velocidad de digitalización simplex: 40 ppm (200/300 ppp) dúplex: 80 ipm (200/300 ppp), fuente de luz LED RGB x 2 (frontal x 1, posterior x 1), resolución 600 ppp, resolución de salida 50 a 600 ppp (ajuste por incrementos de 1 ppp), 1200 ppp (controlador), colores de fondo blanco. Peso del papel(Grosor): Papel 40 to 209 g/m2 (11 a 56 lb, tarjeta plástica 0,76 mm (0,0299 pulg.) o menos. Ca. Interfaz USB 3.2 Gen1x1/USB 3.0/USB 2.0/USB 1.1. Ethernet10BASE-T, 100BASE-TX, 1000BASE-T. Capacidad del ADF 50 hojas, ciclo diario 6.000 hojas. Requisitos de energía CA 100 a 240 V ±10. Artículos incluidos: Bandeja de entrada, cable de CA, adapter de CA, cable USB, DVD de instalación.",FUJITSU,d,651.0869565217391,12696.2,651.09,19044.3,19044.3,25392.4,17774.68,15235.44,impresoras,./assets/img/catalog/impresoras/SCAFJT390.jpg,https://static.ctonline.mx/imagenes/SCAFJT390/SCAFJT390_400.jpg,48h Directa / 1 Año Fábrica,Pedro Moreno 501 A (Entrega Inmediata)
SCAFJT040,SCAFJT040,"Scanner de imágenes ScanSnap FUJITSU SV600. A3, Tecnología de captura y sin contacto, con un so","Scanner de imágenes ScanSnap FUJITSU SV600. A3, Tecnología de captura y sin contacto, con un solo botón, digitaliza material encuadernado y documentos planos. Sensor de imagen CCD, Fuente de luz: LED, Interfase: USB2.0. Creación de PDF, con capacidad de búsqueda , PDF imagen y jPGE. Scan to E-Mail elimine faxes y documentos electrónicos compartidos  través del correo electrónico, scanea a la nube, escanee en línea a Evernote, Google Drive, Salesforce CRM, Salesforce Chatter, SuggarSync, DropBox y Share, Points (para Windows)Escanner tarjetas de visitas en documentos grandes de tamaño A3 (doble carta).",CT,d,668.4782608695651,13035.33,668.48,19552.99,19552.99,26070.66,18249.46,15642.4,impresoras,./assets/img/catalog/impresoras/SCAFJT040.jpg,https://static.ctonline.mx/imagenes/SCAFJT040/SCAFJT040_400.jpg,48h Directa / 1 Año Fábrica,Pedro Moreno 501 A (Entrega Inmediata)
SCAFJT300,SCAFJT300,"Scanner FUJITSU modelo FI-800R, No. Parte CG01000-297501, 40 ppm/80 ipm. Ciclo diario de pagina","Scanner FUJITSU modelo FI-800R, No. Parte CG01000-297501, 40 ppm/80 ipm. Ciclo diario de paginas 4,500 pags. escala grises y en blanco y negro. ADF,. Fuente iluminación 2 CIS 1 parte FRONTAL y 1 PARTE DELANTERA.. 2 Matrices LED blanco. COLOR 24 bits, Escala grises 8 bits, monocromo: 1 Bit. Tamaño Máximo a4, A5, A6, A8, B5, B6, B7, B8. y tamaño mínimo 50,8 x 54 mm, tarjeta plástica. , USB 3.1, Ethernet 10 base-t, 100 base-tx, 1000base-T",FUJITSU,d,506.52173913043475,9877.17,506.52,14815.76,14815.76,19754.34,13828.04,11852.6,impresoras,./assets/img/catalog/impresoras/SCAFJT300.jpg,https://static.ctonline.mx/imagenes/SCAFJT300/SCAFJT300_400.jpg,48h Directa / 1 Año Fábrica,Pedro Moreno 501 A (Entrega Inmediata)
SCAFJT330,SCAFJT330,"Scanner FUJITSU modelo FI-8150. ADF, simplex: 50 ppm (200/300 ppp), dúplex : 100 ipm (200/300 p","Scanner FUJITSU modelo FI-8150. ADF, simplex: 50 ppm (200/300 ppp), dúplex : 100 ipm (200/300 ppp), CIS x 2, LED RGB x 2, resolución óptica 600 ppp, resolución de salida 50 a 600 ppp (ajuste por incrementos de 1 ppp),1200 ppp (controlador), formato de salida color: 24-bit, escala de Grises: 8-bit, monocromo: 1-bi, color de fondo blanco / negro, capacidad del ADF 100 hojas, ciclo diario 8,000 hojas, USB3.2 Gen1x1 / USB2.0 / USB1.1, ENERGY STAR®, RoHS. Requisitos de energía CA 100V - 240V 50/60 Hz. Artículos incluidos Bandeja de entrada, Cable de CA, Adapter de CA, Cable USB, DVD de Instalación",FUJITSU,d,772.8260869565217,15070.11,772.83,22605.17,22605.17,30140.22,21098.15,18084.13,impresoras,./assets/img/catalog/impresoras/SCAFJT330.jpg,https://static.ctonline.mx/imagenes/SCAFJT330/SCAFJT330_400.jpg,48h Directa / 1 Año Fábrica,Pedro Moreno 501 A (Entrega Inmediata)
SCAFJT340,SCAFJT340,"Scanner FUJITSU modelo FI-8170. ADF, simplex: 70 ppm (200/300 ppp), dúplex: 140 ipm (200/300 pp","Scanner FUJITSU modelo FI-8170. ADF, simplex: 70 ppm (200/300 ppp), dúplex: 140 ipm (200/300 ppp), CIS x 2, resolución óptica 600 ppp, resolución de salida 50 a 600 ppp, formato de salida Color: 24-bit, Escala de Grises:8-bit, Monocromo: 1-bit, colores de fondo blanco / negro, peso del papel  20 a 465 g/m², capacidad del ADF 100 hojas, ciclo diario 10.000 hojas, USB 3.2 Gen1x1 / USB 2.0 / USB 1.1, requisitos de energía CA 100V - 240V 50/60 Hz, ENERGY STAR®, RoHS. artículos incluidos Bandeja de entrada, Cable de CA, Adapter de CA, Cable USB, DVD de Instalación.",FUJITSU,d,823.9130434782609,16066.3,823.91,24099.45,24099.45,32132.6,22492.82,19279.56,impresoras,./assets/img/catalog/impresoras/SCAFJT340.jpg,https://static.ctonline.mx/imagenes/SCAFJT340/SCAFJT340_400.jpg,48h Directa / 1 Año Fábrica,Pedro Moreno 501 A (Entrega Inmediata)
SCAFJT350,SCAFJT350,"Scanner FUJITSU modelo FI-8250. ADF, velocidad de digitalización simplex: 50 ppm (200/300 ppp),","Scanner FUJITSU modelo FI-8250. ADF, velocidad de digitalización simplex: 50 ppm (200/300 ppp), dúplex : 100 ipm (200/300 ppp), fuente de luz ADF: LED RGB x 2 (frontal x 1, posterior x 1) cama plana: LED Blanco. Resolución 600 ppp, resolución de salida 50 a 600 ppp (ajuste por incrementos de 1 ppp), 1200 ppp (controlador), ADF: Blanco / Negro (seleccionable), cama plana: Blanco (o negro opcional). Peso del Papel (Grosor): papel 20 a 465 g/m2 (5,3 a 124 lb), libreta Menos de 7 mm (0,27 pulg. tarjeta plástica 1,4 mm (0,055 inch) o menos. Capacidad del ADF 100 hojas (A4 80 g/m o Carta 20 lb). Ciclo diario 8.000 hojas, interfaz USB 3.2 Gen1x1 / USB 2.0 / USB 1.1. Ethernet 10BASE-T, 100BASE-TX, 1000BASE-T. Requisitos de energía CA 100V - 240V 50/60 Hz. Artículos incluidos: Bandeja de entrada, cable de CA, adapter de CA, cable USB, DVD de instalación.",FUJITSU,d,1095.6521739130435,21365.22,1095.65,32047.83,32047.83,42730.44,29911.31,25638.26,impresoras,./assets/img/catalog/impresoras/SCAFJT350.jpg,https://static.ctonline.mx/imagenes/SCAFJT350/SCAFJT350_400.jpg,48h Directa / 1 Año Fábrica,Pedro Moreno 501 A (Entrega Inmediata)
SCAFJT310,SCAFJT310,"Scanner FUJITSU modelo FI-8190. ADF, velocidad de digitalización simplex: 90 ppm (200/300 ppp),","Scanner FUJITSU modelo FI-8190. ADF, velocidad de digitalización simplex: 90 ppm (200/300 ppp), dúplex: 180 ipm (200/300 ppp). Fuente de luz LED RGB x 2 (frontal x 1, posterior x 1), resolución 600 ppp, resolución de salida 50 a 600 ppp (ajuste por incrementos de 1 ppp), 1200 ppp (controlador), colores de fondo blanco / negro (seleccionable). Peso del papel(grosor) papel 20 a 465 g/m² (5,3 a 124 lb), libreta menos de 7 mm (0,276 pulg.), tarjeta plástica 1,4 mm (0,055 inch) o menos. Capacidad del ADF 100 hojas (A4 80 g/m² o Carta 20 lb). Ciclo diario 13.000 hojas. Interfaz USB3.2 Gen1x1 / USB2.0 / USB1.1. Ethernet 10BASE-T, 100BASE-TX, 1000BASE-T. Requisitos de energía CA 100V - 240V 50/60 Hz. Artículos incluidos: Bandeja de entrada, cable de CA, adapter de CA, cable USB, DVD de instalación.",FUJITSU,d,1625.0,31687.5,1625.0,47531.25,47531.25,63375.0,44362.5,38025.0,impresoras,./assets/img/catalog/impresoras/SCAFJT310.jpg,https://static.ctonline.mx/imagenes/SCAFJT310/SCAFJT310_400.jpg,48h Directa / 1 Año Fábrica,Pedro Moreno 501 A (Entrega Inmediata)
SCAFJT400,SCAFJT400,"Scanner FUJITSU modelo FI-8290. ADF, velocidad de digitalización simplex: 90 ppm (200/300 ppp),","Scanner FUJITSU modelo FI-8290. ADF, velocidad de digitalización simplex: 90 ppm (200/300 ppp), dúplex: 180 ipm (200/300 ppp). Fuente de luz ADF: LED RGB x 2 (frontal x 1, posterior x 1) cama plana: LED blanco, resolución óptica 600 pp, resolución de salida 50 a 600 ppp (ajuste por incrementos de 1 ppp),1200 ppp (controlador), ADF: Blanco / negro (seleccionable) cama plana: Blanco (o negro opcional), peso del papel (grosor) papel 20 a 465 g/m2(5,3 a 124 lb), libreta menos de 7 mm (0,27 pulg.), tarjeta plástica 1,4 mm (0,055 inch) o menos*. Capacidad del ADF 100 hojas (A4 80 g/m o carta 20 lb), ciclo diario 13.000 hojas. Interfaz USB 3.2 Gen1x1 / USB 2.0 / USB 1.1. Ethernet 10BASE-T, 100BASE-TX, 1000BASE-T. Requisitos de energía CA 100V - 240V 50/60 Hz. Artículos incluidos: Bandeja de entrada, cable de CA, adapter de CA, cable USB, DVD de instalación.",FUJITSU,d,2141.304347826087,41755.43,2141.3,62633.15,62633.15,83510.86,58457.6,50106.52,impresoras,./assets/img/catalog/impresoras/SCAFJT400.jpg,https://static.ctonline.mx/imagenes/SCAFJT400/SCAFJT400_400.jpg,48h Directa / 1 Año Fábrica,Pedro Moreno 501 A (Entrega Inmediata)
SCAFJT130,SCAFJT130,"Scanner FUJITSU FI-7480, Amplia capacidad de alimentación desde tamaños normales de A8 hasta  A","Scanner FUJITSU FI-7480, Amplia capacidad de alimentación desde tamaños normales de A8 hasta  A3, además de documentos A2 plegados. CCD. 80 ppm/160 ipm, alimentador ADF: 100 pags. con apilador automático. Fuente de iluminación: LED, conectividad  USB 3.0. Tipo de sensor de imagen: 2 CCD , fuente de luz: 4 matrices de LED BLANCOS (2 FRONTALES Y 2 TRASEROS), Resolución Óptica 600 ppp.  Ciclo diario recomendado 24,000.00 pags. Tamaño máximo y mínimo de scaneo: 304.8 mm x 431.8 mm.",FUJITSU,d,3679.3478260869565,71747.28,3679.35,107620.92,107620.92,143494.56,100446.19,86096.74,impresoras,./assets/img/catalog/impresoras/SCAFJT130.jpg,https://static.ctonline.mx/imagenes/SCAFJT130/SCAFJT130_400.jpg,48h Directa / 1 Año Fábrica,Pedro Moreno 501 A (Entrega Inmediata)
SCAFJT070,SCAFJT070,"Scanner FUJITSU Mod. FI-7600, A3, Sensor de imagen: CCD. Fuente de luz: LED. Modo de digitaliza","Scanner FUJITSU Mod. FI-7600, A3, Sensor de imagen: CCD. Fuente de luz: LED. Modo de digitalización: ADF, DUPLEX,COLOR, Resolución de salida: 5a a 1200 dpi, Velocidad (color 300dpi):100 ppm/200 ipm. ADF: 300 pags., Gramaje: 20 a 413 g/m2/ tarjeta de plástico. Tamaño de papel: A3, Documentos largos: 5.6 mts., Recursos Hardware: Detector de Alimentación Multiple por Ultrasonido, Protección de papel por sensor Acústico, Reductor de Deslizamiento de hojas, Modo de alimentación manual. Interfaz: USB 3.1, Drivers: Paper Stream IP, (TWAIN/ISIS) WIA.",FUJITSU,d,3639.1304347826085,70963.04,3639.13,106444.56,106444.56,141926.08,99348.26,85155.65,impresoras,./assets/img/catalog/impresoras/SCAFJT070.jpg,https://static.ctonline.mx/imagenes/SCAFJT070/SCAFJT070_400.jpg,48h Directa / 1 Año Fábrica,Pedro Moreno 501 A (Entrega Inmediata)
SCAFJT440,SCAFJT440,Scanner FUJITSU modelo IX2500. Tipo de escáner ADF. Sensores de imagen:  Sensores de imagen de ,"Scanner FUJITSU modelo IX2500. Tipo de escáner ADF. Sensores de imagen:  Sensores de imagen de contacto dual (CIS × 2) (Frontal × 1, Trasero × 1). Fuente de luz: LED de 3 colores (Rojo / Verde / Azul). Resolución óptica: 600 dpi. Velocidad de escaneo (A4 vertical, color/B&N)  45 ppm / 90 ipm (Simplex/Dúplex). Tamaños de papel estándar:  A4, A5, A6, B5, B6, B4, A3 plegado, Tarjeta de visita, Postal, Letter, Legal, Doble Letter plegado. Tamaños de papel personalizados:  Mínimo: 50,8 × 50,8 mm (2 × 2 pulgadas), Máximo: 216 × 360 mm (8,5 × 14,17 pulgadas). Tamaños de papel para alimentación manual: A3, B4, 279 × 432 mm (11 × 17 pulgadas). Grosor del papel:  40–209 g/m² (11–56 lb), Tamaño A8 o menor: 128–209 g/m². Escaneo de tarjetas:  Tarjeta no grabada: ≤ 0,76 mm, Tarjeta grabada: 0,76 mm + 0,48 mm (Orientación horizontal, conforme a ISO 7810 ID-1). Capacidad del alimentador: 100 hojas (A4, 80 g/m²), varía según el grosor del papel.  Mejora automática, Corrección de desvanecimiento, Reducción de ojos rojos, Rotación de imagen fotográfica. Interfaz USB y Wi-Fi. Bluetooth. ENERGY STAR® / RoHS. Software: Windows®,  macOS®,  iOS® / iPadOS®,  Android™ / ChromeOS™.",FUJITSU,d,557.6086956521739,10873.37,557.61,16310.06,16310.06,21746.74,15222.72,13048.04,impresoras,./assets/img/catalog/impresoras/SCAFJT440.jpg,https://static.ctonline.mx/imagenes/SCAFJT440/SCAFJT440_400.jpg,48h Directa / 1 Año Fábrica,Pedro Moreno 501 A (Entrega Inmediata)
SCAFJT490,SCAFJT490,"Scanner FUJITSU modelo IX2400. Tipo de escáner ADF. Modo de color de escaneo Color, Escala de g","Scanner FUJITSU modelo IX2400. Tipo de escáner ADF. Modo de color de escaneo Color, Escala de grises, Monocromo, Automático (Detección de color/escala de grises/monocromo). Imagen sensor CIS x 2 (Front x 1, Back x 1) Fuente de luz 3 Color LED (rojo / verde / azul). Resolución óptica  600 dpi. Velocidad de escaneo (A4 por página) Modo automático: Simplex/Dúplex: 45 ppm, Modo Simplex/Dúplex: 45 ppm(Color/Grayscale: 200 dpi, Monochrome: 400 dpi). Documento tamaño:  escaneo normal Mínimo: 50.8 x 50.8 mm (2 x 2 in.) Máximo: 216 x 360 mm (8.5 x 14.17 in.). Gramaje del papel (Grosor) 40 a 209 g/m2 (11 a 56 lb) A8 tamaño o menos: 128 a 209 g/m2 (34 a 56 lb).Capacidad ADF 100 paginas (A4, 80 g/m2 o 20 lb) Interface USB y Wi-Fi LCD. ENERGY STAR/RoHS.  Windows: No compatible con TWAIN/ISIS™•MacOS: No compatible con TWAIN. Sistemas operativos  Windows 11 (64-bit) Windows 10 (32-bit / 64-bit). Consumibles: Juego de rodillos, limpiadora F1, toallita de limpieza, papel de limpieza. Artículos incluidos: •Precauciones de seguridad •Cable de CA •Adaptador de CA •Cable USB •Guía de recibos",FUJITSU,d,431.52173913043475,8414.67,431.52,12622.01,12622.01,16829.34,11780.54,10097.6,impresoras,./assets/img/catalog/impresoras/SCAFJT490.jpg,https://static.ctonline.mx/imagenes/SCAFJT490/SCAFJT490_400.jpg,48h Directa / 1 Año Fábrica,Pedro Moreno 501 A (Entrega Inmediata)
IMPPTM020,IMPPTM020,"Impresora Marca PANTUM BP5115DW Con Laser Monocromatico, Paginas Por Minuto 42 Con Volumen Mens","Impresora Marca PANTUM BP5115DW Con Laser Monocromatico, Paginas Por Minuto 42 Con Volumen Mensual De 60,000 Paginas, Cuenta Con Un Procesador De 1.2 Ghz Y Memoria De 512 Mb, Resolucion De 1,200*1,200, Puerto Usb, Wifi, Ethernet, Duplex, Sistemas Operativos Compatibles Microsoft Windows, Mac, Linux, BP5100DW",PANTUM,d,163.04347826086956,3179.35,163.04,4769.02,4769.02,6358.7,4451.09,3815.22,impresoras,./assets/img/catalog/impresoras/IMPPTM020.jpg,https://static.ctonline.mx/imagenes/IMPPTM020/IMPPTM020_400.jpg,48h Directa / 1 Año Fábrica,Pedro Moreno 501 A (Entrega Inmediata)
MTFPTM060,MTFPTM060,"Multifuncional Marca Pantum Modelo M6550NW con laser Monocromático, paginas por minuto 22, cuen","Multifuncional Marca Pantum Modelo M6550NW con laser Monocromático, paginas por minuto 22, cuenta con un procesador de 600 MHz y memoria de 128 Mb, conectividad USB 2.0 de alta velocidad, con WIFI y Ethernet, Dúplex, tipo de escaneo plano- ADF M6550NW Negro",CT,d,138.0978260869565,2692.91,138.1,4039.36,4039.36,5385.82,3770.07,3231.49,impresoras,./assets/img/catalog/impresoras/MTFPTM060.jpg,https://static.ctonline.mx/imagenes/MTFPTM060/MTFPTM060_400.jpg,48h Directa / 1 Año Fábrica,Pedro Moreno 501 A (Entrega Inmediata)
MTFPTM020,MTFPTM020,"Multifuncional Marca PANTUM Con Laser Monocromatico, Paginas Por Minuto 23, Cuenta Con Procesad","Multifuncional Marca PANTUM Con Laser Monocromatico, Paginas Por Minuto 23, Cuenta Con Procesador 600 Mhz Y Memoria De 128 Mb Conectividad Usb 2.0, Wifi, Ethernet, Duplex, Tipo De Escaneo Plano - Adf M6509NW",PANTUM,d,115.30434782608695,2248.43,115.3,3372.64,3372.64,4496.86,3147.8,2698.12,impresoras,./assets/img/catalog/impresoras/MTFPTM020.jpg,https://static.ctonline.mx/imagenes/MTFPTM020/MTFPTM020_400.jpg,48h Directa / 1 Año Fábrica,Pedro Moreno 501 A (Entrega Inmediata)
MTFPTM040,MTFPTM040,"Multifuncional Marca PANTUM BM5115FDW Con Laser Monocromatico, Paginas Por Minuto 42, Conectivi","Multifuncional Marca PANTUM BM5115FDW Con Laser Monocromatico, Paginas Por Minuto 42, Conectividad Usb 2.0, Wifi, Ethernet, Duplex, Adf, Cama Plana, Fax Permite Trabajar Cualquier Tipo De Papael (Normal, Grueso, Fino, Reciclado) Transparencias, Cartulina, Etiquetas, Sobres BM5100AFDW",PANTUM,d,278.05434782608694,5422.06,278.05,8133.09,8133.09,10844.12,7590.88,6506.47,impresoras,./assets/img/catalog/impresoras/MTFPTM040.jpg,https://static.ctonline.mx/imagenes/MTFPTM040/MTFPTM040_400.jpg,48h Directa / 1 Año Fábrica,Pedro Moreno 501 A (Entrega Inmediata)
ACCITL1455,ACCITL1455,Herramienta de Crimpeo para Plug Modular (210836). Herramienta de crimpeo multifuncional para p,"Herramienta de Crimpeo para Plug Modular (210836). Herramienta de crimpeo multifuncional para plug RJ11, RJ12 y RJ45, corta y quita el forro del cable.",CT,d,9.340659340659341,182.14,9.34,273.21,273.21,364.28,255.0,218.57,impresoras,./assets/img/catalog/impresoras/ACCITL1455.jpg,https://static.ctonline.mx/imagenes/ACCITL1455/ACCITL1455_400.jpg,48h Directa / 1 Año Fábrica,Pedro Moreno 501 A (Entrega Inmediata)
ACCRBT150,ACCRBT150,"PINZA CRIMPEADORA (000376), Brobotix Herramienta de crimpeo multifuncional para plug: RJ11, RJ1","PINZA CRIMPEADORA (000376), Brobotix Herramienta de crimpeo multifuncional para plug: RJ11, RJ12 y RJ45.",PINZA,d,10.000000000000002,195.0,10.0,292.5,292.5,390.0,273.0,234.0,impresoras,./assets/img/catalog/impresoras/ACCRBT150.jpg,https://static.ctonline.mx/imagenes/ACCRBT150/ACCRBT150_400.jpg,48h Directa / 1 Año Fábrica,Pedro Moreno 501 A (Entrega Inmediata)
ACCSMG900,ACCSMG900,"Base para KIOSCO con impresora SAMSUNG CY-KM24APXZA, es compatible con los modelos KM24A/KM24C,","Base para KIOSCO con impresora SAMSUNG CY-KM24APXZA, es compatible con los modelos KM24A/KM24C, Dimensión 334.4 x 389.6 x 236.5 mm (Ancho, Alto x Profundidad), Peso 7.4g.",KIOSCO,m,9000.0,9000.0,461.54,13500.0,13500.0,18000.0,12600.0,10800.0,impresoras,./assets/img/catalog/impresoras/ACCSMG900.jpg,https://static.ctonline.mx/imagenes/ACCSMG900/ACCSMG900_400.jpg,48h Directa / 1 Año Fábrica,Pedro Moreno 501 A (Entrega Inmediata)
CAMTCH080,CAMTCH080,"Impresora Termica Portatil Techzone TZBEP03 Inalambrica Bluetooth, Interfaz: Interfaz: USB + BT","Impresora Termica Portatil Techzone TZBEP03 Inalambrica Bluetooth, Interfaz: Interfaz: USB + BT. Comandos: 1D: UPC-A, UPC-E, EAN-8, EAN-13, QR CODE, CODE 39, ITF, CODE 128 . CODE 93. Velocidad: 80mm/s. Resolución de la impresión: 203dpi (8 dots/mm). Tamaño del rollo: 58mm. Vida útil: 50Km. Corte: Retura manual. Batería: Incluye batería recargable de litio de 7.4V con capacidad de 1800mAh (Duración de 8 hrs.). Compatible con: Windows ®, Linux ®, JPOS ®.SDK ®, Android ® y MacOS ®. Color: Negro. Garantía: 1 año.",CT,m,1666.6666666666665,1666.67,85.47,2500.01,2500.01,3333.34,2333.34,2000.0,impresoras,./assets/img/catalog/impresoras/CAMTCH080.jpg,https://static.ctonline.mx/imagenes/CAMTCH080/CAMTCH080_400.jpg,48h Directa / 1 Año Fábrica,Pedro Moreno 501 A (Entrega Inmediata)
IMPSYB010,IMPSYB010,Impresora Térmica de Ticket SYBLE P-80B-W (P80B/USB/LAN/BT/WIFI). Interfaz USB / Ethernet / Blu,"Impresora Térmica de Ticket SYBLE P-80B-W (P80B/USB/LAN/BT/WIFI). Interfaz USB / Ethernet / Bluetooth / WIFI, Velocidad de impresión de 300 mm/s, Ancho de impresión de 80MM, Cortador Automático parcial, Vida útil del cortador automático 1 millón de cortes. Peso 1700g, Color Negro, Fuente de poder incluida, Garantía de 1 año en centro de servicio",CT,d,113.63636363636364,2215.91,113.64,3323.86,3323.86,4431.82,3102.27,2659.09,impresoras,./assets/img/catalog/impresoras/IMPSYB010.jpg,https://static.ctonline.mx/imagenes/IMPSYB010/IMPSYB010_400.jpg,48h Directa / 1 Año Fábrica,Pedro Moreno 501 A (Entrega Inmediata)
IMPSYB020,IMPSYB020,"Impresora Térmica de Ticket SYBLE P-80B (P80B/USB/LAN/BT). Interfaz USB / Ethernet / Bluetooth,","Impresora Térmica de Ticket SYBLE P-80B (P80B/USB/LAN/BT). Interfaz USB / Ethernet / Bluetooth, Velocidad de impresión de 300 mm/s, Ancho de impresión de 80MM, Cortador Automático parcial, Vida útil del cortador automático 1 millón de cortes. Peso 1700g, Color Negro, Fuente de poder incluida, Garantía de 1 año en centro de servicio",CT,d,102.27272727272727,1994.32,102.27,2991.48,2991.48,3988.64,2792.05,2393.18,impresoras,./assets/img/catalog/impresoras/IMPSYB020.jpg,https://static.ctonline.mx/imagenes/IMPSYB020/IMPSYB020_400.jpg,48h Directa / 1 Año Fábrica,Pedro Moreno 501 A (Entrega Inmediata)
IMPSYB030,IMPSYB030,Impresora Térmica de Etiquetas SYBLE XB-PR83110 (XB-PR83110). Interfaz USB / Ethernet / Bluetoo,"Impresora Térmica de Etiquetas SYBLE XB-PR83110 (XB-PR83110). Interfaz USB / Ethernet / Bluetooth, Velocidad de impresión de 160 mm/s, Ancho de impresión de 110MM, 203 DPI, Sistemas operativos: Win 2003/Win XP/ Win 7 / Win 8 / Win 10 / Win 11  / MACOS; IOS / Android,  Dimensiones 215x180x120 mm, Peso 1.75 kg, Color Negro, Fuente de poder incluida, Garantia de 1 año en centro de servicio",CT,d,94.31818181818181,1839.2,94.32,2758.8,2758.8,3678.4,2574.88,2207.04,impresoras,./assets/img/catalog/impresoras/IMPSYB030.jpg,https://static.ctonline.mx/imagenes/IMPSYB030/IMPSYB030_400.jpg,48h Directa / 1 Año Fábrica,Pedro Moreno 501 A (Entrega Inmediata)
IMPSTR650,IMPSTR650,Impresora Térmica de 2 colores Marca Star Micronics Modelo TSP743CG. (39442210). Puerto Paralel,"Impresora Térmica de 2 colores Marca Star Micronics Modelo TSP743CG. (39442210). Puerto Paralelo, Cortador Automático. Ancho de impresión 80/58/82.5 mm, 48/71 columnas, Velocidad 60 lps, Resolución 203 dpi.Requiere fuente de poder ACCSTR040. Color Negro.",CT,d,397.09090909090907,7743.27,397.09,11614.91,11614.91,15486.54,10840.58,9291.92,impresoras,./assets/img/catalog/impresoras/IMPSTR650.jpg,https://static.ctonline.mx/imagenes/IMPSTR650/IMPSTR650_400.jpg,48h Directa / 1 Año Fábrica,Pedro Moreno 501 A (Entrega Inmediata)
IMPSTR520,IMPSTR520,"Impresora Térmica de 2 colores, Formato Ancho, Marca Star Micronics Modelo TSP847IIU-24GRY. (39","Impresora Térmica de 2 colores, Formato Ancho, Marca Star Micronics Modelo TSP847IIU-24GRY. (39443911). Puerto USB, Cortador Automático. Impresiones en dos colores Rojo y negro / azul y negro / verde y negro (Se necesita papel térmico de dos colores), Formato de papel ancho: 4.4"" (112mm), Velocidad ultra rápida: 37 recibos por minuto (180mm/seg), Resolución 203 dpi. NO Incluye fuente de poder. Fuente por separado ACCSTR040. Color NEGRO.",CT,d,514.4318181818181,10031.42,514.43,15047.13,15047.13,20062.84,14043.99,12037.7,impresoras,./assets/img/catalog/impresoras/IMPSTR520.jpg,https://static.ctonline.mx/imagenes/IMPSTR520/IMPSTR520_400.jpg,48h Directa / 1 Año Fábrica,Pedro Moreno 501 A (Entrega Inmediata)
IMPSTR1330,IMPSTR1330,Impresora Térmica de Ticket Marca Star Micronics BSC10IIU GRY US (39465810) . impresora económi,"Impresora Térmica de Ticket Marca Star Micronics BSC10IIU GRY US (39465810) . impresora económica de alta velocidad. Térmica Directa, Puerto USB, Cortador automático (sólo corte parcial). Resolución 203 dpi. Ancho de papel 80mm (58mm con guía de papel), Emulación : StarPRNT, ESC/POS Opcional, Velocidad Ultra rápida a 250mm/seg, Incluye Fuente de alimentación interna. Conectividad moderna: Compatibilidad con dispositivos Android, Apple y Windows mediante interfaz dual (USB-C y Ethernet) y AOA. Garantia: 2 años limitada. Color Negro.",CT,d,132.38636363636363,2581.53,132.39,3872.3,3872.3,5163.06,3614.14,3097.84,impresoras,./assets/img/catalog/impresoras/IMPSTR1330.jpg,https://static.ctonline.mx/imagenes/IMPSTR1330/IMPSTR1330_400.jpg,48h Directa / 1 Año Fábrica,Pedro Moreno 501 A (Entrega Inmediata)
IMPSTR1270,IMPSTR1270,Impresora Térmica de Ticket Marca Star Micronics BSC10II-UE GY US (39465910) . impresora económ,"Impresora Térmica de Ticket Marca Star Micronics BSC10II-UE GY US (39465910) . impresora económica de alta velocidad. Térmica Directa, Puerto USB, Ethernet (LAN), Cortador automático (sólo corte parcial). Resolución 203 dpi. Ancho de papel 80mm (58mm con guía de papel), Emulación : StarPRNT, ESC/POS Opcional, Velocidad Ultra rápida a 250mm/seg, Incluye Fuente de alimentación interna. Conectividad moderna: Compatibilidad con dispositivos Android, Apple y Windows mediante interfaz dual (USB-C y Ethernet) y AOA. Garantía: 2 años limitada. Color Negro.",CT,d,146.5909090909091,2858.52,146.59,4287.78,4287.78,5717.04,4001.93,3430.22,impresoras,./assets/img/catalog/impresoras/IMPSTR1270.jpg,https://static.ctonline.mx/imagenes/IMPSTR1270/IMPSTR1270_400.jpg,48h Directa / 1 Año Fábrica,Pedro Moreno 501 A (Entrega Inmediata)
IMPSTR810,IMPSTR810,Impresora Térmica de Ticket Marca Star Micronics Modelo TSP100III ECO ( TSP143IIIU GRY US / 394,"Impresora Térmica de Ticket Marca Star Micronics Modelo TSP100III ECO ( TSP143IIIU GRY US / 39472310 ). La primera impresora POS Ecológica del mundo. Térmica Directa, Puerto USB, Cutter. Resolución 203 dpi. Ancho de papel 80mm/58mm, 42 columnas, Velocidad 150 mm, Incluye fuente de poder interna. Garantia: 2 años limitada. Color Negro.",CT,d,235.22727272727272,4586.93,235.23,6880.4,6880.4,9173.86,6421.7,5504.32,impresoras,./assets/img/catalog/impresoras/IMPSTR810.jpg,https://static.ctonline.mx/imagenes/IMPSTR810/IMPSTR810_400.jpg,48h Directa / 1 Año Fábrica,Pedro Moreno 501 A (Entrega Inmediata)
IMPSTR1220,IMPSTR1220,Impresora Térmica de Ticket Marca Star Micronics Modelo TSP100IV ( TSP143IVUE GRY US / 39473010,"Impresora Térmica de Ticket Marca Star Micronics Modelo TSP100IV ( TSP143IVUE GRY US / 39473010 ). Alta confiabilidad y rendimiento, Diseño compacto y ultramoderno, Térmica Directa, Puerto USB-A Puerto USB-C, Ethernet LAN, CloudPRNT, Android Open Accessory (AOA) Protocolo compatible carga y comunicación con dispositivos Android , Cutter. Resolución 203 dpi. Ancho de papel 80mm/58mm, Velocidad 250 mm/s, Incluye: Guía de papel, Cable de energía, Cable USB (USB-C a USB-A) y Cable de ethernet. Garantia: 2 años limitada. Color Negro.",CT,d,275.0,5362.5,275.0,8043.75,8043.75,10725.0,7507.5,6435.0,impresoras,./assets/img/catalog/impresoras/IMPSTR1220.jpg,https://static.ctonline.mx/imagenes/IMPSTR1220/IMPSTR1220_400.jpg,48h Directa / 1 Año Fábrica,Pedro Moreno 501 A (Entrega Inmediata)
IMPSTR1230,IMPSTR1230,Impresora Térmica de Ticket Marca Star Micronics Modelo TSP100IV (TSP143IVUE WHT US / 39473110 ,"Impresora Térmica de Ticket Marca Star Micronics Modelo TSP100IV (TSP143IVUE WHT US / 39473110 ). Alta confiabilidad y rendimiento, Diseño compacto y ultramoderno, Térmica Directa, Puerto USB-A Puerto USB-C, Ethernet LAN, CloudPRNT, Android Open Accessory (AOA) Protocolo compatible carga y comunicación con dispositivos Android , Cutter. Resolución 203 dpi. Ancho de papel 80mm/58mm, Velocidad 250 mm/s, Incluye: Guía de papel, Cable de energía, Cable USB (USB-C a USB-A) y Cable de ethernet. Garantia: 2 años limitada. Color Blanco.",CT,d,258.35227272727275,5037.87,258.35,7556.81,7556.81,10075.74,7053.02,6045.44,impresoras,./assets/img/catalog/impresoras/IMPSTR1230.jpg,https://static.ctonline.mx/imagenes/IMPSTR1230/IMPSTR1230_400.jpg,48h Directa / 1 Año Fábrica,Pedro Moreno 501 A (Entrega Inmediata)
IMPSTR840,IMPSTR840,Impresora Térmica de 2 colores Marca Star Micronics Modelo TSP743IIU-24GRY. (39442511). Interfa,"Impresora Térmica de 2 colores Marca Star Micronics Modelo TSP743IIU-24GRY. (39442511). Interfaz USB, Cortador Automático. Ancho de impresión 80/58/82.5 mm, 48/71 columnas, Velocidad 250 mm/sec., Resolución 203 dpi. No Incluye fuente de poder. Color NEGRO.",CT,d,407.55681818181813,7947.36,407.56,11921.04,11921.04,15894.72,11126.3,9536.83,impresoras,./assets/img/catalog/impresoras/IMPSTR840.jpg,https://static.ctonline.mx/imagenes/IMPSTR840/IMPSTR840_400.jpg,48h Directa / 1 Año Fábrica,Pedro Moreno 501 A (Entrega Inmediata)
IMPSTR540,IMPSTR540,"Impresora Térmica de 2 colores Marca Star Micronics Modelo TSP847UG. (39443211). Puerto USB, Co","Impresora Térmica de 2 colores Marca Star Micronics Modelo TSP847UG. (39443211). Puerto USB, Cortador Automático. Kicker. Ancho de impresión 104 mm/ 4"", 69/92 columnas, Velocidad 50 lps, Resolución 203 dpi. No Incluye fuente de poder. Color Negro.",CT,d,609.375,11882.81,609.38,17824.22,17824.22,23765.62,16635.93,14259.37,impresoras,./assets/img/catalog/impresoras/IMPSTR540.jpg,https://static.ctonline.mx/imagenes/IMPSTR540/IMPSTR540_400.jpg,48h Directa / 1 Año Fábrica,Pedro Moreno 501 A (Entrega Inmediata)
IMPSTR1280,IMPSTR1280,Impresora Térmica de Ticket Marca Star Micronics Modelo TSP100IV ( TSP143IV UEWB GY US / 394738,"Impresora Térmica de Ticket Marca Star Micronics Modelo TSP100IV ( TSP143IV UEWB GY US / 39473810 ). Alta confiabilidad y rendimiento, Diseño compacto y ultramoderno, Térmica Directa, Puerto USB-C, Ethernet (LAN), WLAN, Bluetooth, CloudPRNT, Accesorio abierto Android (AOA) Protocolo compatible carga y comunicación con dispositivos Android , Cutter. Resolución 203 dpi. Ancho de papel 80mm/58mm, Velocidad 250 mm/s, Incluye: Guía de papel, Cable de energía, Cable USB. Garantia: 2 años limitada. Color Negro.",CT,d,318.29545454545456,6206.76,318.3,9310.14,9310.14,12413.52,8689.46,7448.11,impresoras,./assets/img/catalog/impresoras/IMPSTR1280.jpg,https://static.ctonline.mx/imagenes/IMPSTR1280/IMPSTR1280_400.jpg,48h Directa / 1 Año Fábrica,Pedro Moreno 501 A (Entrega Inmediata)
IMPSTR1310,IMPSTR1310,Impresora Térmica de Ticket Marca Star Micronics Modelo TSP100IV ( TSP143IV UEWB WT US / 394737,"Impresora Térmica de Ticket Marca Star Micronics Modelo TSP100IV ( TSP143IV UEWB WT US / 39473710 ). Alta confiabilidad y rendimiento, Diseño compacto y ultramoderno, Térmica Directa, Puerto USB-C, Ethernet (LAN), WLAN, Bluetooth, CloudPRNT, Accesorio abierto Android (AOA) Protocolo compatible carga y comunicación con dispositivos Android , Cutter. Resolución 203 dpi. Ancho de papel 80mm/58mm, Velocidad 250 mm/s, Incluye: Guía de papel, Cable de energía, Cable USB. Garantia: 2 años limitada. Color Blanca.",CT,d,319.0909090909091,6222.27,319.09,9333.41,9333.41,12444.54,8711.18,7466.72,impresoras,./assets/img/catalog/impresoras/IMPSTR1310.jpg,https://static.ctonline.mx/imagenes/IMPSTR1310/IMPSTR1310_400.jpg,48h Directa / 1 Año Fábrica,Pedro Moreno 501 A (Entrega Inmediata)
IMPSTR440,IMPSTR440,Impresora Matricial de Ticket Marca Star Micronics Modelo SP-712MLR. (37999250). Puerto Etherne,"Impresora Matricial de Ticket Marca Star Micronics Modelo SP-712MLR. (37999250). Puerto Ethernet, Rebobinador. 40 col, Ancho 3"", Velocidad 4.7 lps. Incluye fuente de poder. Color Blanco.",CT,d,388.64772727272725,7578.63,388.65,11367.94,11367.94,15157.26,10610.08,9094.36,impresoras,./assets/img/catalog/impresoras/IMPSTR440.jpg,https://static.ctonline.mx/imagenes/IMPSTR440/IMPSTR440_400.jpg,48h Directa / 1 Año Fábrica,Pedro Moreno 501 A (Entrega Inmediata)
IMPSTR460,IMPSTR460,Impresora Matricial de Ticket Marca Star Micronics Modelo SP-742MLRG. (37999420). Puerto Ethern,"Impresora Matricial de Ticket Marca Star Micronics Modelo SP-742MLRG. (37999420). Puerto Ethernet, Corte Automático, Rebobinador. 40 col, Ancho 3"", Velocidad 4.5 lps. Incluye fuente de poder. Color Negro.",CT,d,310.22727272727275,6049.43,310.23,9074.15,9074.15,12098.86,8469.2,7259.32,impresoras,./assets/img/catalog/impresoras/IMPSTR460.jpg,https://static.ctonline.mx/imagenes/IMPSTR460/IMPSTR460_400.jpg,48h Directa / 1 Año Fábrica,Pedro Moreno 501 A (Entrega Inmediata)
IMPSTR980,IMPSTR980,Impresora Portátil de Tickets STAR MICRONICS Modelo SM-S230i ( SM-S230I-UB40 US / 39632110 ). I,"Impresora Portátil de Tickets STAR MICRONICS Modelo SM-S230i ( SM-S230I-UB40 US / 39632110 ). Impresión de línea directa térmica. Bluetooth Versión 2.1 + Calse EDR 2 (10m) / USB 2.0 de alta velocidad. Ancho de Impresión 2"" ( 58mm ). Velocidad 80mm/s. Resolución 203 dpi. SO admitidos: Compatible con iOS, Android y Windows. Incluido con la impresora:  Batería, cargador de batería, cable USB, clip para cinturón, rollo de papel, hoja de instrucción de seguridad. Garantía limitada de 1 año.",CT,d,272.72727272727275,5318.18,272.73,7977.27,7977.27,10636.36,7445.45,6381.82,impresoras,./assets/img/catalog/impresoras/IMPSTR980.jpg,https://static.ctonline.mx/imagenes/IMPSTR980/IMPSTR980_400.jpg,48h Directa / 1 Año Fábrica,Pedro Moreno 501 A (Entrega Inmediata)
IMPSTR620,IMPSTR620,"Impresora de Ticket Matriz de punto por impacto de 9 pin, Marca STAR MICRONICS Modelo SP712MU G","Impresora de Ticket Matriz de punto por impacto de 9 pin, Marca STAR MICRONICS Modelo SP712MU GRY US. ( 37999140 ). Puerto USB, Corte Manual. construida específicamente para trabajar en ambientes donde el calor y la humedad pueden erosionar los caracteres en el pedido de cocina, Alta Velocidad de impresión Con capacidad para imprimir 13 recibos de seis pulgadas por minuto ( 4.7 líneas por segundo en 42 columnas), Ancho del papel: 70 mm (estándar) / 58 mm (Con la guía de papel), Incluye fuente de poder. Color Negro. 3 Años de Garantia.",CT,d,278.22727272727275,5425.43,278.23,8138.15,8138.15,10850.86,7595.6,6510.52,impresoras,./assets/img/catalog/impresoras/IMPSTR620.jpg,https://static.ctonline.mx/imagenes/IMPSTR620/IMPSTR620_400.jpg,48h Directa / 1 Año Fábrica,Pedro Moreno 501 A (Entrega Inmediata)
IMPSTR640,IMPSTR640,"Impresora de Ticket Matriz de punto por impacto de 9 pin, Marca STAR MICRONICS Modelo SP712ML G","Impresora de Ticket Matriz de punto por impacto de 9 pin, Marca STAR MICRONICS Modelo SP712ML GRY US. ( 37999160 ). Puerto Ethernet (LAN), Corte Manual. construida específicamente para trabajar en ambientes donde el calor y la humedad pueden erosionar los caracteres en el pedido de cocina, Alta Velocidad de impresión Con capacidad para imprimir 13 recibos de seis pulgadas por minuto ( 4.7 líneas por segundo en 42 columnas), Ancho del papel: 70 mm (estándar) / 58 mm (Con la guía de papel), Incluye fuente de poder. Color Negro. 3 Años de Garantia.",CT,d,280.4318181818182,5468.42,280.43,8202.63,8202.63,10936.84,7655.79,6562.1,impresoras,./assets/img/catalog/impresoras/IMPSTR640.jpg,https://static.ctonline.mx/imagenes/IMPSTR640/IMPSTR640_400.jpg,48h Directa / 1 Año Fábrica,Pedro Moreno 501 A (Entrega Inmediata)
IMPSTR1070,IMPSTR1070,"Impresora de Ticket Matriz de punto por impacto de 9 pin, Marca STAR MICRONICS Modelo SP712MC G","Impresora de Ticket Matriz de punto por impacto de 9 pin, Marca STAR MICRONICS Modelo SP712MC GRY US. ( 39330110 ). Puerto PARALELO, Corte Manual. construida específicamente para trabajar en ambientes donde el calor y la humedad pueden erosionar los caracteres en el pedido de cocina, Alta Velocidad de impresión Con capacidad para imprimir 13 recibos de seis pulgadas por minuto ( 4.7 líneas por segundo en 42 columnas), Ancho del papel: 70 mm (estándar) / 58 mm (Con la guía de papel), Incluye fuente de poder. Color Negro. 3 Años de Garantia.",CT,d,227.97727272727272,4445.56,227.98,6668.34,6668.34,8891.12,6223.78,5334.67,impresoras,./assets/img/catalog/impresoras/IMPSTR1070.jpg,https://static.ctonline.mx/imagenes/IMPSTR1070/IMPSTR1070_400.jpg,48h Directa / 1 Año Fábrica,Pedro Moreno 501 A (Entrega Inmediata)
IMPSTR1080,IMPSTR1080,"Impresora de Ticket Matriz de punto por impacto de 9 pin, Marca STAR MICRONICS Modelo SP712MD G","Impresora de Ticket Matriz de punto por impacto de 9 pin, Marca STAR MICRONICS Modelo SP712MD GRY US. (  39330310 ). Puerto SERIAL, Corte Manual. construida específicamente para trabajar en ambientes donde el calor y la humedad pueden erosionar los caracteres en el pedido de cocina, Alta Velocidad de impresión Con capacidad para imprimir 13 recibos de seis pulgadas por minuto ( 4.7 líneas por segundo en 42 columnas), Ancho del papel: 70 mm (estándar) / 58 mm (Con la guía de papel), Incluye fuente de poder. Color Negro. 3 Años de Garantia.",CT,d,227.27272727272728,4431.82,227.27,6647.73,6647.73,8863.64,6204.55,5318.18,impresoras,./assets/img/catalog/impresoras/IMPSTR1080.jpg,https://static.ctonline.mx/imagenes/IMPSTR1080/IMPSTR1080_400.jpg,48h Directa / 1 Año Fábrica,Pedro Moreno 501 A (Entrega Inmediata)
IMPSTR1120,IMPSTR1120,"Impresora STAR MICRONICS Térmica 3"" Modelo mC-Print3. MCP31L BK US, ( 39651110 ). Puerto Ethern","Impresora STAR MICRONICS Térmica 3"" Modelo mC-Print3. MCP31L BK US, ( 39651110 ). Puerto Ethernet (LAN), USB, Iluminación, CloudPRNT, Hub de periféricos, Corte Automático. Diseño elegante y compacto, diseño de carga de papel frontal y ofrece una funcionalidad excepcional. Ancho del papel: 80mm estándar, 58mm con guía de papel, Incluye fuente de poder. Color NEGRO. 2 Años de Garantía.",STAR,d,405.6818181818182,7910.8,405.68,11866.2,11866.2,15821.6,11075.12,9492.96,impresoras,./assets/img/catalog/impresoras/IMPSTR1120.jpg,https://static.ctonline.mx/imagenes/IMPSTR1120/IMPSTR1120_400.jpg,48h Directa / 1 Año Fábrica,Pedro Moreno 501 A (Entrega Inmediata)
IMPSTR1130,IMPSTR1130,"Impresora STAR MICRONICS Térmica 3"" Modelo mC-Print3. MCP31LB BK US, ( 39651310 ). Puerto Ether","Impresora STAR MICRONICS Térmica 3"" Modelo mC-Print3. MCP31LB BK US, ( 39651310 ). Puerto Ethernet (LAN), USB, Iluminación, Bluetooth, CloudPRNT, Hub de periféricos, Corte Automático. Diseño elegante y compacto, diseño de carga de papel frontal y ofrece una funcionalidad excepcional. Ancho del papel: 80mm estándar, 58mm con guía de papel, Incluye fuente de poder. Color NEGRO. 2 Años de Garantía.",STAR,d,405.6818181818182,7910.8,405.68,11866.2,11866.2,15821.6,11075.12,9492.96,impresoras,./assets/img/catalog/impresoras/IMPSTR1130.jpg,https://static.ctonline.mx/imagenes/IMPSTR1130/IMPSTR1130_400.jpg,48h Directa / 1 Año Fábrica,Pedro Moreno 501 A (Entrega Inmediata)
IMPSTR1140,IMPSTR1140,"Impresora STAR MICRONICS Térmica 3"" Modelo mC-Print3. MCP31L WT US, ( 39651010 ). Puerto Ethern","Impresora STAR MICRONICS Térmica 3"" Modelo mC-Print3. MCP31L WT US, ( 39651010 ). Puerto Ethernet (LAN), USB, Iluminación, CloudPRNT, Hub de periféricos, Corte Automático. Diseño elegante y compacto, diseño de carga de papel frontal y ofrece una funcionalidad excepcional. Ancho del papel: 80mm estándar, 58mm con guía de papel, Incluye fuente de poder. Color BLANCO 2 Años de Garantía.",STAR,d,405.6818181818182,7910.8,405.68,11866.2,11866.2,15821.6,11075.12,9492.96,impresoras,./assets/img/catalog/impresoras/IMPSTR1140.jpg,https://static.ctonline.mx/imagenes/IMPSTR1140/IMPSTR1140_400.jpg,48h Directa / 1 Año Fábrica,Pedro Moreno 501 A (Entrega Inmediata)
IMPSTR1150,IMPSTR1150,"Impresora STAR MICRONICS Térmica 3"" Modelo mC-Print3. MCP31LB WT US, ( 39651210 ). Puerto Ether","Impresora STAR MICRONICS Térmica 3"" Modelo mC-Print3. MCP31LB WT US, ( 39651210 ). Puerto Ethernet (LAN), USB, Iluminación, Bluetooth, CloudPRNT, Hub de periféricos, Corte Automático. Diseño elegante y compacto, diseño de carga de papel frontal y ofrece una funcionalidad excepcional. Ancho del papel: 80mm estándar, 58mm con guía de papel, Incluye fuente de poder. Color BLANCO 2 Años de Garantía.",STAR,d,405.6818181818182,7910.8,405.68,11866.2,11866.2,15821.6,11075.12,9492.96,impresoras,./assets/img/catalog/impresoras/IMPSTR1150.jpg,https://static.ctonline.mx/imagenes/IMPSTR1150/IMPSTR1150_400.jpg,48h Directa / 1 Año Fábrica,Pedro Moreno 501 A (Entrega Inmediata)
ACCSTR040,ACCSTR040,Fuente de poder STAR MICRONICS STA-PS60A-24B (30782110) Para impresoras Star Micronics.,Fuente de poder STAR MICRONICS STA-PS60A-24B (30782110) Para impresoras Star Micronics.,STAR,d,37.465909090909086,730.59,37.47,1095.88,1095.88,1461.18,1022.83,876.71,impresoras,./assets/img/catalog/impresoras/ACCSTR040.jpg,https://static.ctonline.mx/imagenes/ACCSTR040/ACCSTR040_400.jpg,48h Directa / 1 Año Fábrica,Pedro Moreno 501 A (Entrega Inmediata)
TERSTR010,TERSTR010,"Multifuncional STAR MICRONICS mPOP Modelo POP10 Ci-F WHT USmPOP, ( 39655610 ). color BLANCO, In","Multifuncional STAR MICRONICS mPOP Modelo POP10 Ci-F WHT USmPOP, ( 39655610 ). color BLANCO, Incluye: Impresora Térmica de 2"" y Cajón de dinero: 4 billetes y 6 o 8 ranuras ajustables para monedas, base universal para tablet ( tablet NO incluida ), fuente de alimentación interna. Diseño compacto y elegante, Compatible con iOS, Android y Windows, Administración de cable con múltiples opciones de salida, Conectividad USB-C, Lightning, Carga fácil de papel, Certificación Apple MFi; funciona con los dispositivos iPad®, iPhone® y iPod touch®, Garantía de 2 AÑOS.",STAR,d,715.9090909090909,13960.23,715.91,20940.35,20940.35,27920.46,19544.32,16752.28,impresoras,./assets/img/catalog/impresoras/TERSTR010.jpg,https://static.ctonline.mx/imagenes/TERSTR010/TERSTR010_400.jpg,48h Directa / 1 Año Fábrica,Pedro Moreno 501 A (Entrega Inmediata)
TERSTR020,TERSTR020,"Multifuncional STAR MICRONICS mPOP™ Modelo  POP10 Ci-FB2 WHT USmPOP, ( 37954680 ). color BLANCO","Multifuncional STAR MICRONICS mPOP™ Modelo  POP10 Ci-FB2 WHT USmPOP, ( 37954680 ). color BLANCO, Incluye: Escáner 1D USB, Impresora Térmica de 2"" y Cajón de dinero: 4 billetes y 6 o 8 ranuras ajustables para monedas, base universal para tablet ( tablet NO incluida ), fuente de alimentación interna. Diseño compacto y elegante, Compatible con iOS, Android y Windows, Administración de cable con múltiples opciones de salida, Conectividad USB-C, Lightning, Carga fácil de papel, Certificación Apple MFi; funciona con los dispositivos iPad®, iPhone® y iPod touch®, Garantía de 2 AÑOS.",STAR,d,602.6022727272726,11750.74,602.6,17626.11,17626.11,23501.48,16451.04,14100.89,impresoras,./assets/img/catalog/impresoras/TERSTR020.jpg,https://static.ctonline.mx/imagenes/TERSTR020/TERSTR020_400.jpg,48h Directa / 1 Año Fábrica,Pedro Moreno 501 A (Entrega Inmediata)
TERSTR030,TERSTR030,"Multifuncional STAR MICRONICS mPOP™ Modelo POP10 Ci-F BLK USmPOP, ( 39655710 ). color NEGRO, In","Multifuncional STAR MICRONICS mPOP™ Modelo POP10 Ci-F BLK USmPOP, ( 39655710 ). color NEGRO, Incluye: Impresora Térmica 2"" y Cajón de dinero: 4 billetes y 6 o 8 ranuras ajustables para monedas, base universal para tablet ( tablet NO incluida ), fuente de alimentación interna. Diseño compacto y elegante, Compatible con iOS, Android y Windows, Administración de cable con múltiples opciones de salida, Conectividad USB-C, Lightning, Carga fácil de papel, Certificación Apple MFi; funciona con los dispositivos iPad®, iPhone® y iPod touch®, Garantía de 2 AÑOS.",STAR,d,561.3636363636364,10946.59,561.36,16419.89,16419.89,21893.18,15325.23,13135.91,impresoras,./assets/img/catalog/impresoras/TERSTR030.jpg,https://static.ctonline.mx/imagenes/TERSTR030/TERSTR030_400.jpg,48h Directa / 1 Año Fábrica,Pedro Moreno 501 A (Entrega Inmediata)
TERSTR040,TERSTR040,"Multifuncional STAR MICRONICS mPOP™ Modelo  POP10 Ci-FB2 BLK USmPOP, ( 37954670 ). color NEGRO,","Multifuncional STAR MICRONICS mPOP™ Modelo  POP10 Ci-FB2 BLK USmPOP, ( 37954670 ). color NEGRO, Incluye: Escáner 1D USB, Impresora Térmica de 2"" y Cajón de dinero: 4 billetes y 6 o 8 ranuras ajustables para monedas, base universal para tablet ( tablet NO incluida ), fuente de alimentación interna. Diseño compacto y elegante, Compatible con iOS, Android y Windows, Administración de cable con múltiples opciones de salida, Conectividad USB-C, Lightning, Carga fácil de papel, Certificación Apple MFi; funciona con los dispositivos iPad®, iPhone® y iPod touch®, Garantía de 2 AÑOS.",STAR,d,602.6022727272726,11750.74,602.6,17626.11,17626.11,23501.48,16451.04,14100.89,impresoras,./assets/img/catalog/impresoras/TERSTR040.jpg,https://static.ctonline.mx/imagenes/TERSTR040/TERSTR040_400.jpg,48h Directa / 1 Año Fábrica,Pedro Moreno 501 A (Entrega Inmediata)
IMPZBR2950,IMPZBR2950,"Impresoras de Etiquetas ZEBRA ZD421D (ZD4A042-D01M00EZ). Térmica Directa. Velocidad de 6 ""/ 152","Impresoras de Etiquetas ZEBRA ZD421D (ZD4A042-D01M00EZ). Térmica Directa. Velocidad de 6 ""/ 152 mm por segundo como máximo. Interfaz: USB. Lenguajes de programación: ZPL y EPL. Ancho de impresión 4.09 ""/ 104 mm. Color: Negro. memoria 512 MB de memoria Flash, 256 MB de SDRAM (estándar). Resolución: 203 dpi / 8 puntos por mm. Longitud de impresión, 39,0""/ 991 mm. Ideal para imprimir códigos de barras, QR, texto y gráficos. Accesorios Incluidos: fuente de poder. Garantía con fabricante por 2 años.",ZEBRA,d,322.8636363636364,6295.84,322.86,9443.76,9443.76,12591.68,8814.18,7555.01,impresoras,./assets/img/catalog/impresoras/IMPZBR2950.jpg,https://static.ctonline.mx/imagenes/IMPZBR2950/IMPZBR2950_400.jpg,48h Directa / 1 Año Fábrica,Pedro Moreno 501 A (Entrega Inmediata)
IMPZBR2940,IMPZBR2940,Impresoras de Etiquetas ZEBRA ZD421T (ZD4A042-301M00EZ). Transferencia térmica y Térmica Direct,"Impresoras de Etiquetas ZEBRA ZD421T (ZD4A042-301M00EZ). Transferencia térmica y Térmica Directa. Velocidad de 6 ""/ 152 mm por segundo como máximo. Interfaz: USB. Lenguajes de programación: ZPL y EPL. Ancho de impresión 4.09 ""/ 104 mm. Color: Negro. memoria 512 MB de memoria Flash, 256 MB de SDRAM (estándar). Resolución: 203 dpi / 8 puntos por mm. Longitud de impresión, 39,0""/ 991 mm. Ideal para imprimir códigos de barras, QR, texto y gráficos. Accesorios Incluidos: fuente de poder. Garantía con fabricante por 2 años.",ZEBRA,d,365.90909090909093,7135.23,365.91,10702.84,10702.84,14270.46,9989.32,8562.28,impresoras,./assets/img/catalog/impresoras/IMPZBR2940.jpg,https://static.ctonline.mx/imagenes/IMPZBR2940/IMPZBR2940_400.jpg,48h Directa / 1 Año Fábrica,Pedro Moreno 501 A (Entrega Inmediata)
IMPZBR3270,IMPZBR3270,Impresora de Etiquetas Tabletop Zebra ZT111 (ZT11142-T01000FZ); Transferencia térmica y Térmica,"Impresora de Etiquetas Tabletop Zebra ZT111 (ZT11142-T01000FZ); Transferencia térmica y Térmica Directa. Ancho máximo de impresión 4"", Resolución 203 dpi. Interfaz de conexión: USB, Serial, Ethernet, BTLE, USB Host, EZPL. Accesorios Incluidos: fuente de poder. Garantía limitada de 1 año.",CT,d,884.9431818181819,17256.39,884.94,25884.58,25884.58,34512.78,24158.95,20707.67,impresoras,./assets/img/catalog/impresoras/IMPZBR3270.jpg,https://static.ctonline.mx/imagenes/IMPZBR3270/IMPZBR3270_400.jpg,48h Directa / 1 Año Fábrica,Pedro Moreno 501 A (Entrega Inmediata)
IMPZBR3200,IMPZBR3200,Impresora de Etiquetas Zebra Desktop ZD411 (ZD4A022-D01E00EZ); Térmica Directa. Ancho máximo de,"Impresora de Etiquetas Zebra Desktop ZD411 (ZD4A022-D01E00EZ); Térmica Directa. Ancho máximo de impresión 2"", Resolución 203 dpi. Interfaz de conexión: USB, Ethernet, BTLE, USB Host, EZPL. Accesorios Incluidos: fuente de poder. Garantía limitada de 2 año.",CT,d,375.8977272727273,7330.01,375.9,10995.01,10995.01,14660.02,10262.01,8796.01,impresoras,./assets/img/catalog/impresoras/IMPZBR3200.jpg,https://static.ctonline.mx/imagenes/IMPZBR3200/IMPZBR3200_400.jpg,48h Directa / 1 Año Fábrica,Pedro Moreno 501 A (Entrega Inmediata)
IMPZBR3260,IMPZBR3260,Impresora de Etiquetas Zebra Mobile ZQ220 Plus (ZQ22-B16B1KL-00); Térmica Directa. Ancho máximo,"Impresora de Etiquetas Zebra Mobile ZQ220 Plus (ZQ22-B16B1KL-00); Térmica Directa. Ancho máximo de impresión 80mm, Resolución 203 dpi. Interfaz de conexión: Bluetooth. Puerto: USB tipo C. Identificador NFC pasivo. Accesorios Incluidos: fuente de poder. Garantía limitada de 1 año.",CT,d,135.17221818181818,2635.86,135.17,3953.79,3953.79,5271.72,3690.2,3163.03,impresoras,./assets/img/catalog/impresoras/IMPZBR3260.jpg,https://static.ctonline.mx/imagenes/IMPZBR3260/IMPZBR3260_400.jpg,48h Directa / 1 Año Fábrica,Pedro Moreno 501 A (Entrega Inmediata)
IMPZBR3240,IMPZBR3240,Impresora de Etiquetas Zebra Mobile ZQ310 Plus (ZQ31-A0E04TL-00); Térmica Directa. Ancho máximo,"Impresora de Etiquetas Zebra Mobile ZQ310 Plus (ZQ31-A0E04TL-00); Térmica Directa. Ancho máximo de impresión 58mm, Resolución 203 dpi. Interfaz de conexión: Bluetooth. Puerto: USB tipo C. Identificador NFC pasivo. Resistencia: IP54. Accesorios Incluidos: fuente de poder. Garantía limitada de 1 año.",CT,d,360.68181818181813,7033.3,360.68,10549.95,10549.95,14066.6,9846.62,8439.96,impresoras,./assets/img/catalog/impresoras/IMPZBR3240.jpg,https://static.ctonline.mx/imagenes/IMPZBR3240/IMPZBR3240_400.jpg,48h Directa / 1 Año Fábrica,Pedro Moreno 501 A (Entrega Inmediata)
IMPZBR3250,IMPZBR3250,Impresora de Etiquetas Zebra Mobile ZQ320 Plus (ZQ32-A0E04TL-00); Térmica Directa. Ancho máximo,"Impresora de Etiquetas Zebra Mobile ZQ320 Plus (ZQ32-A0E04TL-00); Térmica Directa. Ancho máximo de impresión 80mm, Resolución 203 dpi. Interfaz de conexión: Bluetooth. Puerto: USB tipo C. Identificador NFC pasivo. Resistencia: IP54. Accesorios Incluidos: fuente de poder. Garantía limitada de 1 año.",CT,d,434.9160090909091,8480.86,434.92,12721.29,12721.29,16961.72,11873.2,10177.03,impresoras,./assets/img/catalog/impresoras/IMPZBR3250.jpg,https://static.ctonline.mx/imagenes/IMPZBR3250/IMPZBR3250_400.jpg,48h Directa / 1 Año Fábrica,Pedro Moreno 501 A (Entrega Inmediata)
IMPZBR2960,IMPZBR2960,Impresoras de Etiquetas ZEBRA ZD421T ( ZD4A042-301E00EZ ). Transferencia térmica y Térmica Dire,"Impresoras de Etiquetas ZEBRA ZD421T ( ZD4A042-301E00EZ ). Transferencia térmica y Térmica Directa. Velocidad de 6 ""/ 152 mm por segundo como máximo. Interfaz: Ethernet 10/100, USB. Lenguajes de programación: ZPL y EPL. Ancho de impresión 4.09 ""/ 104 mm. Color: Negro. memoria 512 MB de memoria Flash, 256 MB de SDRAM (estándar). Resolución: 203 dpi / 8 puntos por mm. Longitud de impresión, 39,0""/ 991 mm. Ideal para imprimir códigos de barras, QR, texto y gráficos. Accesorios Incluidos: fuente de poder. Garantía con fabricante por 2 años.",ZEBRA,d,502.27272727272725,9794.32,502.27,14691.48,14691.48,19588.64,13712.05,11753.18,impresoras,./assets/img/catalog/impresoras/IMPZBR2960.jpg,https://static.ctonline.mx/imagenes/IMPZBR2960/IMPZBR2960_400.jpg,48h Directa / 1 Año Fábrica,Pedro Moreno 501 A (Entrega Inmediata)
IMPZBR2970,IMPZBR2970,Impresoras de Etiquetas ZEBRA ZD421T ( ZD4A043-301M00EZ ). Transferencia térmica y Térmica Dire,"Impresoras de Etiquetas ZEBRA ZD421T ( ZD4A043-301M00EZ ). Transferencia térmica y Térmica Directa. Velocidad de 4 ""/ 102 mm por segundo como máximo. Interfaz: USB, BTLE5. Lenguajes de programación: ZPL y EPL. Ancho de impresión 4.27 ""/ 108 mm. Color: Negro. memoria 512 MB de memoria Flash, 256 MB de SDRAM (estándar). Resolución: 300 dpi / 12 puntos por mm. Longitud de impresión, 39,0""/ 991 mm. Ideal para imprimir códigos de barras, QR, texto y gráficos. Accesorios Incluidos: fuente de poder. Garantía con fabricante por 2 años.",ZEBRA,d,496.75855454545456,9686.79,496.76,14530.19,14530.19,19373.58,13561.51,11624.15,impresoras,./assets/img/catalog/impresoras/IMPZBR2970.jpg,https://static.ctonline.mx/imagenes/IMPZBR2970/IMPZBR2970_400.jpg,48h Directa / 1 Año Fábrica,Pedro Moreno 501 A (Entrega Inmediata)
IMPZBR2980,IMPZBR2980,Impresoras de Etiquetas ZEBRA ZD421T ( ZD4A043-301E00EZ ). Transferencia térmica y Térmica Dire,"Impresoras de Etiquetas ZEBRA ZD421T ( ZD4A043-301E00EZ ). Transferencia térmica y Térmica Directa. Velocidad de 4 ""/ 102 mm por segundo como máximo. Interfaz: Ethernet 10/100, USB, BTLE5. Lenguajes de programación: ZPL y EPL. Ancho de impresión 4.27 ""/ 108 mm. Color: Negro. memoria 512 MB de memoria Flash, 256 MB de SDRAM (estándar). Resolución: 300 dpi / 12 puntos por mm. Longitud de impresión, 39,0""/ 991 mm. Ideal para imprimir códigos de barras, QR, texto y gráficos. Accesorios Incluidos: fuente de poder. Garantía con fabricante por 2 años.",ZEBRA,d,600.0376488636364,11700.73,600.04,17551.1,17551.1,23401.46,16381.02,14040.88,impresoras,./assets/img/catalog/impresoras/IMPZBR2980.jpg,https://static.ctonline.mx/imagenes/IMPZBR2980/IMPZBR2980_400.jpg,48h Directa / 1 Año Fábrica,Pedro Moreno 501 A (Entrega Inmediata)
IMPZBR2990,IMPZBR2990,"Impresoras de Etiquetas ZEBRA ZD421D ( ZD4A042-D01E00EZ ). Térmica Directa. Velocidad de 6 ""/ 1","Impresoras de Etiquetas ZEBRA ZD421D ( ZD4A042-D01E00EZ ). Térmica Directa. Velocidad de 6 ""/ 152 mm por segundo como máximo. Interfaz: Ethernet 10/100, USB, BTLE5. Lenguajes de programación: ZPL y EPL. Ancho de impresión 4.09 ""/ 104 mm. Color: Negro. memoria 512 MB de memoria Flash, 256 MB de SDRAM (estándar). Resolución: 203 dpi / 8 puntos por mm. Longitud de impresión, 39,0""/ 991 mm. Ideal para imprimir códigos de barras, QR, texto y gráficos. Accesorios Incluidos: fuente de poder. Garantía con fabricante por 2 años.",ZEBRA,d,459.3863636363636,8958.03,459.39,13437.05,13437.05,17916.06,12541.24,10749.64,impresoras,./assets/img/catalog/impresoras/IMPZBR2990.jpg,https://static.ctonline.mx/imagenes/IMPZBR2990/IMPZBR2990_400.jpg,48h Directa / 1 Año Fábrica,Pedro Moreno 501 A (Entrega Inmediata)
IMPZBR3000,IMPZBR3000,"Impresoras de Etiquetas ZEBRA ZD421D ( ZD4A043-D01M00EZ ). Térmica Directa. Velocidad de 6 ""/ 1","Impresoras de Etiquetas ZEBRA ZD421D ( ZD4A043-D01M00EZ ). Térmica Directa. Velocidad de 6 ""/ 152 mm por segundo como máximo. Interfaz: USB, BTLE5. Lenguajes de programación: ZPL y EPL. Ancho de impresión 4.27 ""/ 108 mm. Color: Negro. memoria 512 MB de memoria Flash, 256 MB de SDRAM (estándar). Resolución: 300 dpi / 12 puntos por mm. Longitud de impresión, 39,0""/ 991 mm. Ideal para imprimir códigos de barras, QR, texto y gráficos. Accesorios Incluidos: fuente de poder. Garantía con fabricante por 2 años.",ZEBRA,d,443.3636363636364,8645.59,443.36,12968.39,12968.39,17291.18,12103.83,10374.71,impresoras,./assets/img/catalog/impresoras/IMPZBR3000.jpg,https://static.ctonline.mx/imagenes/IMPZBR3000/IMPZBR3000_400.jpg,48h Directa / 1 Año Fábrica,Pedro Moreno 501 A (Entrega Inmediata)
IMPZBR3010,IMPZBR3010,"Impresoras de Etiquetas ZEBRA ZD421D ( ZD4A043-D01E00EZ ). Térmica Directa. Velocidad de 6 ""/ 1","Impresoras de Etiquetas ZEBRA ZD421D ( ZD4A043-D01E00EZ ). Térmica Directa. Velocidad de 6 ""/ 152 mm por segundo como máximo. Interfaz: Ethernet 10/100, USB, BTLE5. Lenguajes de programación: ZPL y EPL. Ancho de impresión 4.27 ""/ 108 mm. Color: Negro. memoria 512 MB de memoria Flash, 256 MB de SDRAM (estándar). Resolución: 300 dpi / 12 puntos por mm. Longitud de impresión, 39,0""/ 991 mm. Ideal para imprimir códigos de barras, QR, texto y gráficos. Accesorios Incluidos: fuente de poder. Garantía con fabricante por 2 años.",ZEBRA,d,537.9428295454545,10489.89,537.94,15734.83,15734.83,20979.78,14685.85,12587.87,impresoras,./assets/img/catalog/impresoras/IMPZBR3010.jpg,https://static.ctonline.mx/imagenes/IMPZBR3010/IMPZBR3010_400.jpg,48h Directa / 1 Año Fábrica,Pedro Moreno 501 A (Entrega Inmediata)
IMPZBR3020,IMPZBR3020,Impresoras de Etiquetas ZEBRA ZD621T ( ZD6A042-301F00EZ ). Transferencia térmica y Térmica Dire,"Impresoras de Etiquetas ZEBRA ZD621T ( ZD6A042-301F00EZ ). Transferencia térmica y Térmica Directa. Velocidad de 8 ""/ 203 mm por segundo como máximo. Interfaz: USB, Ethernet, BTLE5, Serial. Lenguajes de programación: ZPL y EPL. Ancho  de impresión 4.09 ""/ 104 mm. Color: Negro. memoria 512 MB de memoria Flash, 256 MB de SDRAM. Resolución: 203 dpi / 8 puntos por mm. Longitud de impresión, 39,0""/ 991 mm. Ideal para imprimir códigos de barras, QR, texto y gráficos. Sistema operativo Link-OS. Accesorios Incluidos: fuente de poder. Garantía con fabricante por 2 años.",ZEBRA,d,578.5568181818181,11281.86,578.56,16922.79,16922.79,22563.72,15794.6,13538.23,impresoras,./assets/img/catalog/impresoras/IMPZBR3020.jpg,https://static.ctonline.mx/imagenes/IMPZBR3020/IMPZBR3020_400.jpg,48h Directa / 1 Año Fábrica,Pedro Moreno 501 A (Entrega Inmediata)
IMPZBR3030,IMPZBR3030,Impresoras de Etiquetas ZEBRA ZD621T ( ZD6A043-301F00EZ ). Transferencia Térmica y Térmica Dire,"Impresoras de Etiquetas ZEBRA ZD621T ( ZD6A043-301F00EZ ). Transferencia Térmica y Térmica Directa. Velocidad de 8 ""/ 203 mm por segundo como máximo. Interfaz: USB, Ethernet, BTLE5, Serial. Lenguajes de programación: ZPL y EPL. Ancho  de impresión 4.27 ""/ 108 mm. Color: Negro. memoria 512 MB de memoria Flash, 256 MB de SDRAM. Resolución: 300 dpi / 12 puntos por mm. Longitud de impresión, 39,0""/ 991 mm. Ideal para imprimir códigos de barras, QR, texto y gráficos. Sistema operativo Link-OS. Accesorios Incluidos: fuente de poder. Garantía con fabricante por 2 años.",ZEBRA,d,630.6818181818181,12298.3,630.68,18447.45,18447.45,24596.6,17217.62,14757.96,impresoras,./assets/img/catalog/impresoras/IMPZBR3030.jpg,https://static.ctonline.mx/imagenes/IMPZBR3030/IMPZBR3030_400.jpg,48h Directa / 1 Año Fábrica,Pedro Moreno 501 A (Entrega Inmediata)
IMPZBR3040,IMPZBR3040,"Impresoras de Etiquetas ZEBRA ZD621D ( ZD6A042-D01F00EZ ). Térmica Directa. Velocidad de 8 ""/ 2","Impresoras de Etiquetas ZEBRA ZD621D ( ZD6A042-D01F00EZ ). Térmica Directa. Velocidad de 8 ""/ 203 mm por segundo como máximo. Interfaz: USB, Ethernet, BTLE5, Serial. Lenguajes de programación: ZPL y EPL. Ancho  de impresión 4.09 ""/ 104 mm. Color: Negro. memoria 512 MB de memoria Flash, 256 MB de SDRAM. Resolución: 203 dpi / 8 puntos por mm. Longitud de impresión, 39,0""/ 991 mm. Ideal para imprimir códigos de barras, QR, texto y gráficos. Sistema operativo Link-OS. Accesorios Incluidos: fuente de poder. Garantía con fabricante por 2 años.",ZEBRA,d,495.8068181818182,9668.23,495.81,14502.34,14502.34,19336.46,13535.52,11601.88,impresoras,./assets/img/catalog/impresoras/IMPZBR3040.jpg,https://static.ctonline.mx/imagenes/IMPZBR3040/IMPZBR3040_400.jpg,48h Directa / 1 Año Fábrica,Pedro Moreno 501 A (Entrega Inmediata)
IMPZBR3050,IMPZBR3050,"Impresoras de Etiquetas ZEBRA ZD621D ( ZD6A043-D01F00EZ ). Térmica Directa. Velocidad de 8 ""/ 2","Impresoras de Etiquetas ZEBRA ZD621D ( ZD6A043-D01F00EZ ). Térmica Directa. Velocidad de 8 ""/ 203 mm por segundo como máximo. Interfaz: USB, Ethernet, BTLE5, Serial. Lenguajes de programación: ZPL y EPL. Ancho  de impresión 4.27 ""/ 108 mm. Color: Negro. memoria 512 MB de memoria Flash, 256 MB de SDRAM. Resolución: 300 dpi / 12 puntos por mm. Longitud de impresión, 39,0""/ 991 mm. Ideal para imprimir códigos de barras, QR, texto y gráficos. Sistema operativo Link-OS. Accesorios Incluidos: fuente de poder. Garantía con fabricante por 2 años.",ZEBRA,d,574.7954545454545,11208.51,574.8,16812.76,16812.76,22417.02,15691.91,13450.21,impresoras,./assets/img/catalog/impresoras/IMPZBR3050.jpg,https://static.ctonline.mx/imagenes/IMPZBR3050/IMPZBR3050_400.jpg,48h Directa / 1 Año Fábrica,Pedro Moreno 501 A (Entrega Inmediata)
IMPZBR3170,IMPZBR3170,Impresoras de Etiquetas ZEBRA ZT231T ( ZT23142-T01000FZ ) Transferencia térmica y Térmica Direc,"Impresoras de Etiquetas ZEBRA ZT231T ( ZT23142-T01000FZ ) Transferencia térmica y Térmica Directa. Velocidad de impresión máxima 12 pulgadas por segundo / 304.80 milímetros por segundo. Resolución: 203 dpi / 8 puntos por mm. Interfaz: USB, Serial, Ethernet, BTLE. Lenguajes de programación: ZPL y EPL. Ancho  de impresión 4.09 ""/ 104 mm. Memoria 256 MB de memoria Flash, 256 MB de SDRAM. Longitud de impresión, 157.0""/ 3,988 mm. Ideal para imprimir códigos de barras, QR, texto y gráficos. Accesorios Incluidos: fuente de poder. Garantía por fabricante 1 año.",ZEBRA,d,964.7727272727273,18813.07,964.77,28219.6,28219.6,37626.14,26338.3,22575.68,impresoras,./assets/img/catalog/impresoras/IMPZBR3170.jpg,https://static.ctonline.mx/imagenes/IMPZBR3170/IMPZBR3170_400.jpg,48h Directa / 1 Año Fábrica,Pedro Moreno 501 A (Entrega Inmediata)
IMPZBR2700,IMPZBR2700,Impresoras de Etiquetas ZEBRA ZD220D ( ZD22042-D01G00EZ ). Térmica Directa. Indicador LED.  Vel,"Impresoras de Etiquetas ZEBRA ZD220D ( ZD22042-D01G00EZ ). Térmica Directa. Indicador LED.  Velocidad de 4 ""/ 102 mm por segundo como máximo. Interfaz: USB. Lenguajes de programación: EZPL (ZPL, ZPL II y EPL2). Ancho  de impresion 4.09 ""/ 104 mm. Color: Negro. Memoria 256 MB de memoria Flash, 128 MB de SDRAM, Resolución: 203 dpi / 8 puntos por mm. Longitud de impresión, 39""/ 991 mm., ideal para imprimir códigos de barras, QR, texto y gráficos. Accesorios Incluidos: fuente de poder.",ZEBRA,d,228.01136363636365,4446.22,228.01,6669.33,6669.33,8892.44,6224.71,5335.46,impresoras,./assets/img/catalog/impresoras/IMPZBR2700.jpg,https://static.ctonline.mx/imagenes/IMPZBR2700/IMPZBR2700_400.jpg,48h Directa / 1 Año Fábrica,Pedro Moreno 501 A (Entrega Inmediata)
IMPZBR2600,IMPZBR2600,Impresoras de Etiquetas ZEBRA ZD220T ( ZD22042-T01G00EZ ). Transferencia térmica y Térmica Dire,"Impresoras de Etiquetas ZEBRA ZD220T ( ZD22042-T01G00EZ ). Transferencia térmica y Térmica Directa. Velocidad de 4 ""/ 102 mm por segundo como máximo. Interfaz: USB. Lenguajes de programación: EZPL (ZPL, ZPL II y EPL2). Ancho  de impresion 4.09 ""/ 104 mm. Longitud máxima de cinta 74 mts. Color: Negro. Memoria 256 MB de memoria Flash, 128 MB de SDRAM, Resolución: 203 dpi / 8 puntos por mm. Longitud de impresión, 39 ""/ 991 mm., ideal para imprimir códigos de barras, texto y gráficos. Accesorios Incluidos: fuente de poder.",ZEBRA,d,272.72727272727275,5318.18,272.73,7977.27,7977.27,10636.36,7445.45,6381.82,impresoras,./assets/img/catalog/impresoras/IMPZBR2600.jpg,https://static.ctonline.mx/imagenes/IMPZBR2600/IMPZBR2600_400.jpg,48h Directa / 1 Año Fábrica,Pedro Moreno 501 A (Entrega Inmediata)
IMPZBR2200,IMPZBR2200,"Impresora de Etiquetas rango Industrial ZEBRA ZT510 (ZT51042-T010000Z), Transferencia Térmica y","Impresora de Etiquetas rango Industrial ZEBRA ZT510 (ZT51042-T010000Z), Transferencia Térmica y Térmica Directa, Ancho máximo de impresión 4.09''(104 mm), Interfaces: USB 2.0, SERIAL, ETHERNET,  Bluetooth, Resolución 203 dpi(8 puntos por mm), Velocidad máxima de impresión 12 pps / 305 mm por segundo, Construcción: Estructura metálica, Confiabilidad las 24 horas al día, 7 días a la semana en los entornos más difíciles.",CT,d,1855.514659090909,36182.54,1855.51,54273.81,54273.81,72365.08,50655.56,43419.05,impresoras,./assets/img/catalog/impresoras/IMPZBR2200.jpg,https://static.ctonline.mx/imagenes/IMPZBR2200/IMPZBR2200_400.jpg,48h Directa / 1 Año Fábrica,Pedro Moreno 501 A (Entrega Inmediata)
IMPZBR2790,IMPZBR2790,"Impresoras Zebra TT Printer ZT411 ZT41146-T010000Z ; 4"", 600 dpi, US Cord, Serial, USB, 10/100 ","Impresoras Zebra TT Printer ZT411 ZT41146-T010000Z ; 4"", 600 dpi, US Cord, Serial, USB, 10/100 Ethernet, Bluetooth 4.1/MFi, USB Host, EZPL",CT,d,2700.1363636363635,52652.66,2700.14,78978.99,78978.99,105305.32,73713.72,63183.19,impresoras,./assets/img/catalog/impresoras/IMPZBR2790.jpg,https://static.ctonline.mx/imagenes/IMPZBR2790/IMPZBR2790_400.jpg,48h Directa / 1 Año Fábrica,Pedro Moreno 501 A (Entrega Inmediata)
IMPZBR2190,IMPZBR2190,"Impresora de Etiquetas rango Industrial ZEBRA ZT610 (ZT61042-T010100Z), Transferencia Térmica y","Impresora de Etiquetas rango Industrial ZEBRA ZT610 (ZT61042-T010100Z), Transferencia Térmica y Térmica Directa, Ancho máximo de impresión 4.09''(104 mm), Interfaces: USB 2.0, SERIAL, ETHERNET,  Bluetooth 4.0, Resolución 203 dpi(8 puntos por mm), Velocidad máxima de impresión 14 pps/356 mm por segundo, Construcción: Estructura de metal y tapa doble de metal para medios con ventana de visualización ampliada, Interfaz de usuario: A color, LCD gráfico, íconos de estado, Confiabilidad las 24 horas al día, 7 días a la semana en los entornos más difíciles.",CT,d,2812.9049070247934,54851.65,2812.9,82277.48,82277.48,109703.3,76792.31,65821.98,impresoras,./assets/img/catalog/impresoras/IMPZBR2190.jpg,https://static.ctonline.mx/imagenes/IMPZBR2190/IMPZBR2190_400.jpg,48h Directa / 1 Año Fábrica,Pedro Moreno 501 A (Entrega Inmediata)
IMPZBR2230,IMPZBR2230,"Impresora de Etiquetas rango Industrial ZEBRA ZT620 (ZT62062-T010100Z), Transferencia Térmica y","Impresora de Etiquetas rango Industrial ZEBRA ZT620 (ZT62062-T010100Z), Transferencia Térmica y Térmica Directa, Ancho máximo de impresión 6.6""(168 mm), Interfaces: USB 2.0, SERIAL, ETHERNET,  Bluetooth 4.0, Resolución 203 dpi(8 puntos por mm), Velocidad máxima de impresión Hasta 305 mm/12 in por segundo, Construcción: Estructura de metal y tapa doble de metal para medios con ventana de visualización ampliada, Interfaz de usuario: A color, LCD gráfico, íconos de estado, Confiabilidad las 24 horas al día, 7 días a la semana en los entornos más difíciles. Lenguaje de control de la impresora ZPL, ZPL II.",CT,d,4431.818181818182,86420.45,4431.82,129630.67,129630.67,172840.9,120988.63,103704.54,impresoras,./assets/img/catalog/impresoras/IMPZBR2230.jpg,https://static.ctonline.mx/imagenes/IMPZBR2230/IMPZBR2230_400.jpg,48h Directa / 1 Año Fábrica,Pedro Moreno 501 A (Entrega Inmediata)
IMPZBR060,IMPZBR060,Impresoras de Etiquetas ZEBRA 220Xi4 (220-801-00000). Térmica Directa y Transferencia Térmica. ,"Impresoras de Etiquetas ZEBRA 220Xi4 (220-801-00000). Térmica Directa y Transferencia Térmica. Velocidad 10 pulgadas por segundo. Interfaz: paralelo, serial, USB, Zebranet. Ancho 8.5"". 203 DPI. Memoria 16 MB y 8 MB Flash. ideal para imprimir códigos de barras. tamaño máximo de ribbons 8.6''. Accesorios Incluidos: fuente de poder. Garantía limitada de 1 año.",ZEBRA,d,6569.453147727273,128104.34,6569.45,192156.51,192156.51,256208.68,179346.08,153725.21,impresoras,./assets/img/catalog/impresoras/IMPZBR060.jpg,https://static.ctonline.mx/imagenes/IMPZBR060/IMPZBR060_400.jpg,48h Directa / 1 Año Fábrica,Pedro Moreno 501 A (Entrega Inmediata)
IMPZBR3350,IMPZBR3350,"Impresora de transferencia térmica Marca Zebra ZD621R (ZD6A142-301FR2EZ) (74/300M), LCD táctil ","Impresora de transferencia térmica Marca Zebra ZD621R (ZD6A142-301FR2EZ) (74/300M), LCD táctil a color; 203 dpi, USB, host USB, Ethernet, serie, BTLE5, ROW, RFID - UHF, cable de EE. UU. fuente suiza, EZPL",CT,d,1691.179823863636,32978.01,1691.18,49467.01,49467.01,65956.02,46169.21,39573.61,impresoras,./assets/img/catalog/impresoras/IMPZBR3350.jpg,https://static.ctonline.mx/imagenes/IMPZBR3350/IMPZBR3350_400.jpg,48h Directa / 1 Año Fábrica,Pedro Moreno 501 A (Entrega Inmediata)
IMPZBR2430,IMPZBR2430,Impresora de Brazaletes ZEBRA ZD510-HC (ZD51013-D01E00FZ). Térmica Directa. Velocidad de impres,"Impresora de Brazaletes ZEBRA ZD510-HC (ZD51013-D01E00FZ). Térmica Directa. Velocidad de impresión 2"" (51 mm) / seg. Interfaz: USB, Ethernet, Bluetooth. Resolución 300 dpi (12 puntos / mm). Lenguajes de programación XML, ZPL, ZPL II-I / ZPL II , ZPL. Memoria RAM 256 MB y 512 MB Flash. Garantía limitada de 1 año",ZEBRA,d,511.65510681818176,9977.27,511.66,14965.91,14965.91,19954.54,13968.18,11972.72,impresoras,./assets/img/catalog/impresoras/IMPZBR2430.jpg,https://static.ctonline.mx/imagenes/IMPZBR2430/IMPZBR2430_400.jpg,48h Directa / 1 Año Fábrica,Pedro Moreno 501 A (Entrega Inmediata)
ACCZBR1440,ACCZBR1440,Accesorios Para Impresoras De Kiosco Zebra Kr403 (P1021952-001).,Accesorios Para Impresoras De Kiosco Zebra Kr403 (P1021952-001).,CT,d,93.18181818181819,1817.05,93.18,2725.57,2725.57,3634.1,2543.87,2180.46,impresoras,./assets/img/catalog/impresoras/ACCZBR1440.jpg,https://static.ctonline.mx/imagenes/ACCZBR1440/ACCZBR1440_400.jpg,48h Directa / 1 Año Fábrica,Pedro Moreno 501 A (Entrega Inmediata)
ACCZBR790,ACCZBR790,Cargador para Impresoras moviles Zebra P1031365-024,Cargador para Impresoras moviles Zebra P1031365-024,CT,d,63.85227272727273,1245.12,63.85,1867.68,1867.68,2490.24,1743.17,1494.14,impresoras,./assets/img/catalog/impresoras/ACCZBR790.jpg,https://static.ctonline.mx/imagenes/ACCZBR790/ACCZBR790_400.jpg,48h Directa / 1 Año Fábrica,Pedro Moreno 501 A (Entrega Inmediata)
ACCZBR2310,ACCZBR2310,"Kit Upgrade Ethernet Module para impresora Zebra ZD410, ZD420C, ZD420D, ZD420T P1080383-442","Kit Upgrade Ethernet Module para impresora Zebra ZD410, ZD420C, ZD420D, ZD420T P1080383-442",CT,d,81.5909090909091,1591.02,81.59,2386.53,2386.53,3182.04,2227.43,1909.22,impresoras,./assets/img/catalog/impresoras/ACCZBR2310.jpg,https://static.ctonline.mx/imagenes/ACCZBR2310/ACCZBR2310_400.jpg,48h Directa / 1 Año Fábrica,Pedro Moreno 501 A (Entrega Inmediata)
ACCZBR2280,ACCZBR2280,"Zebra rodillo para impresora industrial compatible con ZT410, ZT411 P1058930-080","Zebra rodillo para impresora industrial compatible con ZT410, ZT411 P1058930-080",CT,d,58.52272727272727,1141.19,58.52,1711.79,1711.79,2282.38,1597.67,1369.43,impresoras,./assets/img/catalog/impresoras/ACCZBR2280.jpg,https://static.ctonline.mx/imagenes/ACCZBR2280/ACCZBR2280_400.jpg,48h Directa / 1 Año Fábrica,Pedro Moreno 501 A (Entrega Inmediata)
IMPZBR1210,IMPZBR1210,Impresora de Credenciales Zebra ZXP7 (Z72-000C0000US00). Impresión: ambos lados de la tarjeta a,"Impresora de Credenciales Zebra ZXP7 (Z72-000C0000US00). Impresión: ambos lados de la tarjeta a color o monocromo, Auto calibrado de ribbon, Impresión en tarjeta borde a borde (CR-80). Velocidad de impresión ambos lados: 555 tarjetas por hora monocromo, 225 tarjetas por hora a color. Interfaz: USB 2.0 y Ethernet (10 / 100). Resolución: 300 dpi (11.8 puntos / mm). Capacidad de lote: 200 tarjetas (30 mll). Características físicas: Altura (30.6cm) Ancho (69.9cm) Profundidad (27.7cm) Peso (12.2kg). Garantía de fábrica: 2 años.",CT,d,2440.5991735537186,47591.68,2440.6,71387.52,71387.52,95183.36,66628.35,57110.02,impresoras,./assets/img/catalog/impresoras/IMPZBR1210.jpg,https://static.ctonline.mx/imagenes/IMPZBR1210/IMPZBR1210_400.jpg,48h Directa / 1 Año Fábrica,Pedro Moreno 501 A (Entrega Inmediata)
IMPZBR1790,IMPZBR1790,Impresora de Credenciales Zebra ZXP7 ( Z74-000C0000US00 ). Impresión: ambos lados de la tarjeta,"Impresora de Credenciales Zebra ZXP7 ( Z74-000C0000US00 ). Impresión: ambos lados de la tarjeta a color o monocromo y modulo de laminación ambos lados, Auto calibrado de ribbon, Impresión en tarjeta borde a borde (CR-80). Velocidad de impresión ambos lados: 555 tarjetas por hora monocromo ambas caras, 225 tarjetas por hora a color ambas caras o 200 tarjetas por hora a color con laminaxión ambas caras. Interfaz: USB 2.0 y Ethernet (10 / 100). Resolución: 300 dpi (11.8 puntos / mm). Capacidad de lote: 200 tarjetas (30 mll). Características físicas: Altura (30.6cm/12"") Ancho (96.4cm/38"") Profundidad (27.7cm/10.9"") Peso (17.9kg). Garantía de fábrica: 2 años.",CT,d,4531.511466942149,88364.47,4531.51,132546.71,132546.71,176728.94,123710.26,106037.36,impresoras,./assets/img/catalog/impresoras/IMPZBR1790.jpg,https://static.ctonline.mx/imagenes/IMPZBR1790/IMPZBR1790_400.jpg,48h Directa / 1 Año Fábrica,Pedro Moreno 501 A (Entrega Inmediata)
IMPZBR2380,IMPZBR2380,"Kit de Credencialización incluye impresora de tarjetas Zebra ZC100 ZC11-0000Q00LA00, Impresión ","Kit de Credencialización incluye impresora de tarjetas Zebra ZC100 ZC11-0000Q00LA00, Impresión a color por un lado de la tarjeta, Software CardStudio 2.0 Standard, 1 Ribbon color 5 paneles YMCKO, Rendimiento: 200 impresiones por Ribbon, 200 tarjeta PVC Blancas.",CT,d,870.4431818181819,16973.64,870.44,25460.46,25460.46,33947.28,23763.1,20368.37,impresoras,./assets/img/catalog/impresoras/IMPZBR2380.jpg,https://static.ctonline.mx/imagenes/IMPZBR2380/IMPZBR2380_400.jpg,48h Directa / 1 Año Fábrica,Pedro Moreno 501 A (Entrega Inmediata)
IMPZBR2370,IMPZBR2370,"Kit de Credencialización incluye impresora de tarjetas Zebra ZC300 ZC32-000CQ00LA00, Impresión ","Kit de Credencialización incluye impresora de tarjetas Zebra ZC300 ZC32-000CQ00LA00, Impresión a color por ambos lados de la tarjeta, Software CardStudio 2.0 Standard, 1 Ribbon color 5 paneles YMCKOK, Rendimiento: 200 impresiones por Ribbon, 200 tarjeta PVC Blancas.",CT,d,1306.8181818181818,25482.95,1306.82,38224.43,38224.43,50965.9,35676.13,30579.54,impresoras,./assets/img/catalog/impresoras/IMPZBR2370.jpg,https://static.ctonline.mx/imagenes/IMPZBR2370/IMPZBR2370_400.jpg,48h Directa / 1 Año Fábrica,Pedro Moreno 501 A (Entrega Inmediata)
ACCZBR1510,ACCZBR1510,Cabezal de impresión de reemplazo ZEBRA P1058930-012 (203dpi) Modelo de impresora compatible ZT,Cabezal de impresión de reemplazo ZEBRA P1058930-012 (203dpi) Modelo de impresora compatible ZT420.,CT,d,542.8409090909091,10585.4,542.84,15878.1,15878.1,21170.8,14819.56,12702.48,impresoras,./assets/img/catalog/impresoras/ACCZBR1510.jpg,https://static.ctonline.mx/imagenes/ACCZBR1510/ACCZBR1510_400.jpg,48h Directa / 1 Año Fábrica,Pedro Moreno 501 A (Entrega Inmediata)
ACCZBR470,ACCZBR470,Cabezal de impresión de reemplazo ZEBRA 79800M (203 dpi) Modelo de impresora compatible ZM400.,Cabezal de impresión de reemplazo ZEBRA 79800M (203 dpi) Modelo de impresora compatible ZM400.,CT,d,505.4090909090909,9855.48,505.41,14783.22,14783.22,19710.96,13797.67,11826.58,impresoras,./assets/img/catalog/impresoras/ACCZBR470.jpg,https://static.ctonline.mx/imagenes/ACCZBR470/ACCZBR470_400.jpg,48h Directa / 1 Año Fábrica,Pedro Moreno 501 A (Entrega Inmediata)
ACCZBR1340,ACCZBR1340,Cabezal de impresión de reemplazo ZEBRA P1058930-009 (203 dpi) Modelo de impresora compatible Z,Cabezal de impresión de reemplazo ZEBRA P1058930-009 (203 dpi) Modelo de impresora compatible ZT410.,CT,d,482.4431818181818,9407.64,482.44,14111.46,14111.46,18815.28,13170.7,11289.17,impresoras,./assets/img/catalog/impresoras/ACCZBR1340.jpg,https://static.ctonline.mx/imagenes/ACCZBR1340/ACCZBR1340_400.jpg,48h Directa / 1 Año Fábrica,Pedro Moreno 501 A (Entrega Inmediata)
ACCZBR840,ACCZBR840,"Cabezal de impresión de reemplazo ZEBRA G105910-053 (203 dpi), Modelo de impresora compatible T","Cabezal de impresión de reemplazo ZEBRA G105910-053 (203 dpi), Modelo de impresora compatible TLP2844, TLP2844-Z, R2844-Z.",CT,d,140.70454545454544,2743.74,140.7,4115.61,4115.61,5487.48,3841.24,3292.49,impresoras,./assets/img/catalog/impresoras/ACCZBR840.jpg,https://static.ctonline.mx/imagenes/ACCZBR840/ACCZBR840_400.jpg,48h Directa / 1 Año Fábrica,Pedro Moreno 501 A (Entrega Inmediata)
ACCZBR480,ACCZBR480,Cabezal de impresión de reemplazo ZEBRA G32432-1M (203dpi) Modelo de impresora compatible 105SL,Cabezal de impresión de reemplazo ZEBRA G32432-1M (203dpi) Modelo de impresora compatible 105SL,CT,d,517.3540227272728,10088.4,517.35,15132.6,15132.6,20176.8,14123.76,12106.08,impresoras,./assets/img/catalog/impresoras/ACCZBR480.jpg,https://static.ctonline.mx/imagenes/ACCZBR480/ACCZBR480_400.jpg,48h Directa / 1 Año Fábrica,Pedro Moreno 501 A (Entrega Inmediata)
IMPSMP800,IMPSMP800,"Impresora Matricial de Ticket marca BIXOLON, modelo SRP-275III (SRP-275IIIAOPG), Puertos Parale","Impresora Matricial de Ticket marca BIXOLON, modelo SRP-275III (SRP-275IIIAOPG), Puertos Paralelo y USB, Ancho de impresión 3'', Método de impresión: 9 pines de matriz de puntos, Velocidad de Impresión 5.1 líneas por segundo, Su alta velocidad de 5.1 lps, permite una impresión más rápida, Su diseño ecológico y el más bajo consumo de energía en espera de acuerdo a estándares internacionales, proporciona gran confiabilidad entre los usuarios. Color Negro, SIN cortador",CT,d,154.31818181818184,3009.2,154.32,4513.8,4513.8,6018.4,4212.88,3611.04,impresoras,./assets/img/catalog/impresoras/IMPSMP800.jpg,https://static.ctonline.mx/imagenes/IMPSMP800/IMPSMP800_400.jpg,48h Directa / 1 Año Fábrica,Pedro Moreno 501 A (Entrega Inmediata)
IMPSMP780,IMPSMP780,"Impresora Matricial de Ticket marca BIXOLON, modelo SRP-275III (SRP-275IIICOESG), puertos: Ethe","Impresora Matricial de Ticket marca BIXOLON, modelo SRP-275III (SRP-275IIICOESG), puertos: Ethernet, USB y Serial, Ancho de impresión 3'', Método de impresión: 9 pines de matriz de puntos, Velocidad de Impresión 5.1 líneas por segundo, Su alta velocidad de 5.1 lps, permite una impresión más rápida, Su diseño ecológico y el más bajo consumo de energía en espera de acuerdo a estándares internacionales, proporciona gran confiabilidad entre los usuarios. cortador automático, color Negro.",CT,d,226.13636363636363,4409.66,226.14,6614.49,6614.49,8819.32,6173.52,5291.59,impresoras,./assets/img/catalog/impresoras/IMPSMP780.jpg,https://static.ctonline.mx/imagenes/IMPSMP780/IMPSMP780_400.jpg,48h Directa / 1 Año Fábrica,Pedro Moreno 501 A (Entrega Inmediata)
IMPSMP1250,IMPSMP1250,Impresora Térmica de Ticket Marca BIXOLON 3 pulgadas (80 mm) modelo SRP-330III (SRP-330IIIPK) P,"Impresora Térmica de Ticket Marca BIXOLON 3 pulgadas (80 mm) modelo SRP-330III (SRP-330IIIPK) Puerto USB / PARALELO. Velocidad de impresión : 250 mm/seg, Resolución de impresión 180 dpi; Puede usar papel de 2” o 3” de ancho. Cortador automático: 1.5 millón de cortes. Cuenta con la función de AHORRO DE PAPEL, Color NEGRO.",CT,d,132.5568181818182,2584.86,132.56,3877.29,3877.29,5169.72,3618.8,3101.83,impresoras,./assets/img/catalog/impresoras/IMPSMP1250.jpg,https://static.ctonline.mx/imagenes/IMPSMP1250/IMPSMP1250_400.jpg,48h Directa / 1 Año Fábrica,Pedro Moreno 501 A (Entrega Inmediata)
IMPSMP1290,IMPSMP1290,"Impresora Térmica De Ticket Marca  BIXOLON Modelo SRP-350plusV (SRP-350plusVPK) Puerto: USB, Pa","Impresora Térmica De Ticket Marca  BIXOLON Modelo SRP-350plusV (SRP-350plusVPK) Puerto: USB, Paralelo y ETHERNET. Diseño compacto 3 pulgadas (80 mm). Velocidad de impresión 400 mm/s. 180 ppp, ancho de papel de 58 mm (partición)/80 mm, hasta 83 mm de diámetro. Cortador Automático. Color: Negro.",CT,d,211.07954545454547,4116.05,211.08,6174.08,6174.08,8232.1,5762.47,4939.26,impresoras,./assets/img/catalog/impresoras/IMPSMP1290.jpg,https://static.ctonline.mx/imagenes/IMPSMP1290/IMPSMP1290_400.jpg,48h Directa / 1 Año Fábrica,Pedro Moreno 501 A (Entrega Inmediata)
IMPSMP870,IMPSMP870,"Impresora Térmica de Ticket mara BIXOLON, modelo SRP-F310 (SRP-F310IICOBiK). Puertos: USB, Ethe","Impresora Térmica de Ticket mara BIXOLON, modelo SRP-F310 (SRP-F310IICOBiK). Puertos: USB, Ethernet, Bluetooth , Color NEGRO. Velocidad de impresión : 350 mm/seg Resolución de impresión: SRP-F310II:180 dpi, Impresora de salida frontal, Guía lateral ajustable (80mm o 83mm), Cortador automático: 3 millones de cortes. La SRP-F310II es muy adecuada para cocinas, restaurantes y todas las otras aplicaciones que requieren tener resistencia al agua y con la ventaja de soportar varias interfaces",CT,d,261.42045454545456,5097.7,261.42,7646.55,7646.55,10195.4,7136.78,6117.24,impresoras,./assets/img/catalog/impresoras/IMPSMP870.jpg,https://static.ctonline.mx/imagenes/IMPSMP870/IMPSMP870_400.jpg,48h Directa / 1 Año Fábrica,Pedro Moreno 501 A (Entrega Inmediata)
IMPSMP1280,IMPSMP1280,"Impresora Térmica De Ticket Marca BIXOLON Modelo SRP-350plusV (SRP-350plusVSK) Puerto: USB, Ser","Impresora Térmica De Ticket Marca BIXOLON Modelo SRP-350plusV (SRP-350plusVSK) Puerto: USB, Serial y ETHERNET. Diseño compacto 3 pulgadas (80 mm). velocidad de impresión de 400 mm/s, 180 ppp, ancho de papel de 58 mm (partición)/80 mm, hasta 83 mm de diámetro. Cortador Automático. Color: Negro.",CT,d,222.13636363636363,4331.66,222.14,6497.49,6497.49,8663.32,6064.32,5197.99,impresoras,./assets/img/catalog/impresoras/IMPSMP1280.jpg,https://static.ctonline.mx/imagenes/IMPSMP1280/IMPSMP1280_400.jpg,48h Directa / 1 Año Fábrica,Pedro Moreno 501 A (Entrega Inmediata)
IMPSMP1300,IMPSMP1300,"Impresora Térmica De Ticket Marca BIXOLON Modelo SRP-350plusV (SRP-350plusVK) Puerto: USB, y ET","Impresora Térmica De Ticket Marca BIXOLON Modelo SRP-350plusV (SRP-350plusVK) Puerto: USB, y ETHERNET. Diseño compacto 3 pulgadas (80 mm), velocidad de impresión de 400 mm/s. 180 ppp, 58 mm (partición)/80 mm de ancho de papel, hasta 83 mm de diámetro. Cortador Automático. Color: Negro.",CT,d,216.0,4212.0,216.0,6318.0,6318.0,8424.0,5896.8,5054.4,impresoras,./assets/img/catalog/impresoras/IMPSMP1300.jpg,https://static.ctonline.mx/imagenes/IMPSMP1300/IMPSMP1300_400.jpg,48h Directa / 1 Año Fábrica,Pedro Moreno 501 A (Entrega Inmediata)
IMPSMP770,IMPSMP770,"Impresora Matricial de Ticket marca BIXOLON, modelo SRP-275III (SRP-275IIIAOSG), Ancho de Impre","Impresora Matricial de Ticket marca BIXOLON, modelo SRP-275III (SRP-275IIIAOSG), Ancho de Impresión 3''. Puerto Serial y USB. Método de impresión: 9 pines de matriz de puntos, Velocidad de Impresión 5.1 líneas por segundo, Su alta velocidad de 5.1 lps, permite una impresión más rápida, Su diseño ecológico y el más bajo consumo de energía en espera de acuerdo a estándares internacionales, proporciona gran confiabilidad entre los usuarios, SIN AUTO-CORTADOR. Color Negro. (Existencias Limitadas)",CT,d,154.82954545454547,3019.18,154.83,4528.77,4528.77,6038.36,4226.85,3623.02,impresoras,./assets/img/catalog/impresoras/IMPSMP770.jpg,https://static.ctonline.mx/imagenes/IMPSMP770/IMPSMP770_400.jpg,48h Directa / 1 Año Fábrica,Pedro Moreno 501 A (Entrega Inmediata)
IMPSMP1260,IMPSMP1260,Impresora Térmica de Ticket Marca  BIXOLON 3 pulgadas (80 mm) Modelo SRP-330III (SRP-330IIISK).,"Impresora Térmica de Ticket Marca  BIXOLON 3 pulgadas (80 mm) Modelo SRP-330III (SRP-330IIISK). Puerto: USB / Serial. Resolución de impresión: 180 dpi, Diseño compacto, velocidad de impresión de 250 mm por segundo. Imprime hasta 12 códigos de barras diferentes, Ancho del papel: 80 mm / 58 mm, Puede usar papel de 2” o 3” de ancho, Cortador automático. , Incluye fuente de poder.  Color: Negra. ** FUNCION DE AHORRO DE PAPEL**",CT,d,132.54545454545453,2584.64,132.55,3876.96,3876.96,5169.28,3618.5,3101.57,impresoras,./assets/img/catalog/impresoras/IMPSMP1260.jpg,https://static.ctonline.mx/imagenes/IMPSMP1260/IMPSMP1260_400.jpg,48h Directa / 1 Año Fábrica,Pedro Moreno 501 A (Entrega Inmediata)
IMPSMP1270,IMPSMP1270,Impresora Térmica de Ticket Marca  BIXOLON 3 pulgadas (80 mm) Modelo SRP-330III (SRP-330IIIESK),"Impresora Térmica de Ticket Marca  BIXOLON 3 pulgadas (80 mm) Modelo SRP-330III (SRP-330IIIESK). Puerto: USB / Ethernet/ Serial. Resolución de impresión: 180 dpi, Diseño compacto, velocidad de impresión de 250 mm por segundo. Imprime hasta 12 códigos de barras diferentes, Ancho del papel: 80 mm / 58 mm, Puede usar papel de 2” o 3” de ancho, Cortador automático. Incluye fuente de poder.  Color: Negra. ** FUNCION DE AHORRO DE PAPEL**",CT,d,147.27272727272725,2871.82,147.27,4307.73,4307.73,5743.64,4020.55,3446.18,impresoras,./assets/img/catalog/impresoras/IMPSMP1270.jpg,https://static.ctonline.mx/imagenes/IMPSMP1270/IMPSMP1270_400.jpg,48h Directa / 1 Año Fábrica,Pedro Moreno 501 A (Entrega Inmediata)
IMPSMP630,IMPSMP630,Impresora térmica móvil marca BIXOLON: SPP-R200III de 2 pulgadas (58 mm) (SPP-R200IIIiK) mayor ,"Impresora térmica móvil marca BIXOLON: SPP-R200III de 2 pulgadas (58 mm) (SPP-R200IIIiK) mayor capacidad de medios y carcasa robusta. Color negro, Bluetooth V4.1 incorporado (certificación MFi AP2) + BLE, serial o USB, velocidad de impresión de 100 mm / s, barra de corte, ancho de papel de 58 mm, hasta 40 mm de diámetro, IP43 (IP54 con estuche protector)",CT,d,244.22727272727272,4762.43,244.23,7143.65,7143.65,9524.86,6667.4,5714.92,impresoras,./assets/img/catalog/impresoras/IMPSMP630.jpg,https://static.ctonline.mx/imagenes/IMPSMP630/IMPSMP630_400.jpg,48h Directa / 1 Año Fábrica,Pedro Moreno 501 A (Entrega Inmediata)
IMPSMP830,IMPSMP830,"Impresora móvil de recibos marca BIXOLON, Modelo SPP-R310 (SPP-R310iK5) de 3 pulgadas (80 mm), ","Impresora móvil de recibos marca BIXOLON, Modelo SPP-R310 (SPP-R310iK5) de 3 pulgadas (80 mm), Bluetooth V4.1 integrado (certificado MFi AP2) + BLE, serie o USB, velocidad de impresión de 100 mm/s, barra de corte, ancho de papel de 80 mm, hasta 50 mm de diámetro, IP43 y resistente a múltiples caídas de 1,8 metros, sensor transmisivo. Colo: Negro.",CT,d,295.77272727272725,5767.57,295.77,8651.35,8651.35,11535.14,8074.6,6921.08,impresoras,./assets/img/catalog/impresoras/IMPSMP830.jpg,https://static.ctonline.mx/imagenes/IMPSMP830/IMPSMP830_400.jpg,48h Directa / 1 Año Fábrica,Pedro Moreno 501 A (Entrega Inmediata)
IMPSMP1120,IMPSMP1120,impresora termica BIXOLON de 4 pulgadas es la impresora de recibos y tickets móviles más amplia,"impresora termica BIXOLON de 4 pulgadas es la impresora de recibos y tickets móviles más amplia de BIXOLON. La SRP-R410(SPP-R410iK) ofrece el mismo aspecto familiar y un conjunto de características comunes que sus homólogos de 2 y 3 pulgadas, incluido Easy Bluetooth Pairing™ a través de NFC, SoftAP y Bluetooth v4.1 con certificación MFI.  Color negro, Bluetooth V4.1 incorporado (certificación MFi AP2) + BLE, serial o USB, velocidad de impresión de 90 mm / seg, barra de corte, ancho de papel de 112 mm / 105 mm (opcional), hasta 57 mm de diámetro, IP54 (impresora, sin estuche )",BIXOLON,d,347.3181818181818,6772.7,347.32,10159.05,10159.05,13545.4,9481.78,8127.24,impresoras,./assets/img/catalog/impresoras/IMPSMP1120.jpg,https://static.ctonline.mx/imagenes/IMPSMP1120/IMPSMP1120_400.jpg,48h Directa / 1 Año Fábrica,Pedro Moreno 501 A (Entrega Inmediata)
IMPSMP1130,IMPSMP1130,La SPP-R410 de 4 pulgadas es la impresora de recibos y tickets móviles más amplia de BIXOLON. L,"La SPP-R410 de 4 pulgadas es la impresora de recibos y tickets móviles más amplia de BIXOLON. La SRP-R410(SPP-R410WK) ofrece el mismo aspecto familiar y un conjunto de características comunes que sus homólogos de 2 y 3 pulgadas, incluido Easy Bluetooth Pairing™ a través de NFC, SoftAP y Bluetooth v4.1 con certificación MFIColor negro, WLAN 802.11a / b / g / n incorporado: doble banda de 5 Ghz y 2.4 Ghz, serial o USB, velocidad de impresión de 90 mm / seg, barra de corte, ancho de papel de 112 mm / 105 mm (opcional), hasta 57 mm de diámetro, IP54 (impresora, sin estuche)",SPP-R410,d,385.3636363636364,7514.59,385.36,11271.89,11271.89,15029.18,10520.43,9017.51,impresoras,./assets/img/catalog/impresoras/IMPSMP1130.jpg,https://static.ctonline.mx/imagenes/IMPSMP1130/IMPSMP1130_400.jpg,48h Directa / 1 Año Fábrica,Pedro Moreno 501 A (Entrega Inmediata)
IMPSMP1330,IMPSMP1330,"Impresora móvil de etiquetas térmica directa, Bluetooth, 3pulgadas. Incluye fuente de poder, ca","Impresora móvil de etiquetas térmica directa, Bluetooth, 3pulgadas. Incluye fuente de poder, cable corriente, batería, cable USB, clip para cinturón, velocidad de impresión de 127mm/seg, ancho de papel de 80mm, hasta 66mm de diámetro. (XM7-30ik)",CT,d,528.4090909090909,10303.98,528.41,15455.97,15455.97,20607.96,14425.57,12364.78,impresoras,./assets/img/catalog/impresoras/IMPSMP1330.jpg,https://static.ctonline.mx/imagenes/IMPSMP1330/IMPSMP1330_400.jpg,48h Directa / 1 Año Fábrica,Pedro Moreno 501 A (Entrega Inmediata)
IMPSMP1340,IMPSMP1340,"Impresora móvil de etiquetas térmica directa, Wifi, 3 pulgadas.   Incluye fuente de poder, cabl","Impresora móvil de etiquetas térmica directa, Wifi, 3 pulgadas.   Incluye fuente de poder, cable corriente, batería, cable USB, clip para cinturón, WLAN 802.11a/b/g/n incorporado, serie o USB, velocidad de impresión de 127mm/seg, ancho de papel de 80 mm, IP54 con funda protectora, TFT LCD, sensor transmisivo.  (XM7-30WK)",CT,d,534.0909090909091,10414.77,534.09,15622.16,15622.16,20829.54,14580.68,12497.72,impresoras,./assets/img/catalog/impresoras/IMPSMP1340.jpg,https://static.ctonline.mx/imagenes/IMPSMP1340/IMPSMP1340_400.jpg,48h Directa / 1 Año Fábrica,Pedro Moreno 501 A (Entrega Inmediata)
IMPSMP1350,IMPSMP1350,"Impresora móvil de etiquetas térmica directa, Wifi/Bluetooth, 3 pulgadas. Incluye fuente de pod","Impresora móvil de etiquetas térmica directa, Wifi/Bluetooth, 3 pulgadas. Incluye fuente de poder, cable corriente, batería, cable USB, clip para cinturón, Bluetooth V5.2 incorporado, serie o USB, velocidad de impresión de 127mm/seg, barra de desgarre, ancho de papel de 80mm, IP54 con funda protectora, TFT LCD, sensor transmisivo (XM7-30iWK)",CT,d,598.8636363636364,11677.84,598.86,17516.76,17516.76,23355.68,16348.98,14013.41,impresoras,./assets/img/catalog/impresoras/IMPSMP1350.jpg,https://static.ctonline.mx/imagenes/IMPSMP1350/IMPSMP1350_400.jpg,48h Directa / 1 Año Fábrica,Pedro Moreno 501 A (Entrega Inmediata)
IMPSMP1360,IMPSMP1360,"Impresora móvil de etiquetas térmica directa, Bluetooth, 4 pulgadas. Incluye fuente de poder, c","Impresora móvil de etiquetas térmica directa, Bluetooth, 4 pulgadas. Incluye fuente de poder, cable corriente, batería, cable USB, clip para cinturón, USB, Bluetooth V5.2, velocidad de impresión de 127mm/seg, ancho de papel de 104mm, IP54 con estuche protector, TFT LCD (XM7-40iK)",CT,d,662.5,12918.75,662.5,19378.12,19378.12,25837.5,18086.25,15502.5,impresoras,./assets/img/catalog/impresoras/IMPSMP1360.jpg,https://static.ctonline.mx/imagenes/IMPSMP1360/IMPSMP1360_400.jpg,48h Directa / 1 Año Fábrica,Pedro Moreno 501 A (Entrega Inmediata)
IMPSMP1380,IMPSMP1380,"Impresora móvil de etiquetas térmica directa, Wifi/Bluetooth, 4 pulgadas. Incluye fuente de pod","Impresora móvil de etiquetas térmica directa, Wifi/Bluetooth, 4 pulgadas. Incluye fuente de poder, cable corriente, batería, cable USB, clip para cinturón, USB, Bluetooth V5.2, WLAN 802.11a/b/g/n, velocidad de impresión de 127mm/seg, ancho de papel de hasta 104mm, IP54 con funda protectora, TFT LCD, sensor transmisivo (XM7-40iWk)",CT,d,647.7272727272727,12630.68,647.73,18946.02,18946.02,25261.36,17682.95,15156.82,impresoras,./assets/img/catalog/impresoras/IMPSMP1380.jpg,https://static.ctonline.mx/imagenes/IMPSMP1380/IMPSMP1380_400.jpg,48h Directa / 1 Año Fábrica,Pedro Moreno 501 A (Entrega Inmediata)
IMPSMP1390,IMPSMP1390,"Impresora móvil de etiquetas térmica directa, Bluetooth, 2 pulgadas. Incluye fuente de poder, c","Impresora móvil de etiquetas térmica directa, Bluetooth, 2 pulgadas. Incluye fuente de poder, cable corriente, batería, cable USB, clip para cinturón, Bluetooth V5.2, Velocidad de impresión de 152mm/seg, ancho de papel de 58mm, diámetro de hasta 57mm, IP54 con estuche protector, TFT LCD, sensor transmisivo. (XM7-20iK)",CT,d,484.65909090909093,9450.85,484.66,14176.28,14176.28,18901.7,13231.19,11341.02,impresoras,./assets/img/catalog/impresoras/IMPSMP1390.jpg,https://static.ctonline.mx/imagenes/IMPSMP1390/IMPSMP1390_400.jpg,48h Directa / 1 Año Fábrica,Pedro Moreno 501 A (Entrega Inmediata)
IMPSMP1400,IMPSMP1400,"Impresora móvil de etiquetas térmica directa, Wifi, 2 pulgadas. Incluye fuente de poder, cable ","Impresora móvil de etiquetas térmica directa, Wifi, 2 pulgadas. Incluye fuente de poder, cable corriente, batería, cable USB, clip para cinturón, WLAN 802.11a/b/g/n, velocidad de impresión de 152mm/seg, ancho de papel de 58mm, diámetro de hasta 57mm, IP54 con funda protectora, TFT LCD (XM7-20WK)",CT,d,647.7272727272727,12630.68,647.73,18946.02,18946.02,25261.36,17682.95,15156.82,impresoras,./assets/img/catalog/impresoras/IMPSMP1400.jpg,https://static.ctonline.mx/imagenes/IMPSMP1400/IMPSMP1400_400.jpg,48h Directa / 1 Año Fábrica,Pedro Moreno 501 A (Entrega Inmediata)
IMPSMP1410,IMPSMP1410,"Impresora móvil de etiquetas térmica directa, Wifi/Bluetooth, 2 pulgadas. Incluye fuente de pod","Impresora móvil de etiquetas térmica directa, Wifi/Bluetooth, 2 pulgadas. Incluye fuente de poder, cable corriente, batería, cable USB, clip para cinturón, Bluetooth V5.2 WLAN 802.11a/b/g/n, velocidad de impresión de 152mm/seg, ancho de papel de 58mm, hasta 57mm de diámetro, IP54 con funda protectora, TFT LCD (XM7-20iWK)",CT,d,647.7272727272727,12630.68,647.73,18946.02,18946.02,25261.36,17682.95,15156.82,impresoras,./assets/img/catalog/impresoras/IMPSMP1410.jpg,https://static.ctonline.mx/imagenes/IMPSMP1410/IMPSMP1410_400.jpg,48h Directa / 1 Año Fábrica,Pedro Moreno 501 A (Entrega Inmediata)
IMPSMP740,IMPSMP740,"Impresora Térmica de Ticket marca BIXOLON, modelo SRP-F310 ( # parte SRP-F310IICOK). Puertos: U","Impresora Térmica de Ticket marca BIXOLON, modelo SRP-F310 ( # parte SRP-F310IICOK). Puertos: USB, Ethernet, Color NEGRO. Velocidad de impresión : 350 mm/seg Resolución de impresión: SRP-F310II:180 dpi, Impresora de salida frontal, Guía lateral ajustable (80mm o 83mm), Cortador automático: 3 millones de cortes. La SRP-F310II es muy adecuada para cocinas, restaurantes y todas las otras aplicaciones que requieren tener resistencia al agua y con la ventaja de soportar varias interfaces",CT,d,222.1590909090909,4332.1,222.16,6498.15,6498.15,8664.2,6064.94,5198.52,impresoras,./assets/img/catalog/impresoras/IMPSMP740.jpg,https://static.ctonline.mx/imagenes/IMPSMP740/IMPSMP740_400.jpg,48h Directa / 1 Año Fábrica,Pedro Moreno 501 A (Entrega Inmediata)
IMPSMP760,IMPSMP760,"Impresora Térmica de Ticket marca BIXOLON, modelo SRP-F310 ( # parte SRP-F310IICOSK). Puertos: ","Impresora Térmica de Ticket marca BIXOLON, modelo SRP-F310 ( # parte SRP-F310IICOSK). Puertos: USB, SERILA Color NEGRO. Velocidad de impresión : 350 mm/seg Resolución de impresión: SRP-F310II:180 dpi, Impresora de salida frontal, Guía lateral ajustable (80mm o 83mm), Cortador automático: 3 millones de cortes. La SRP-F310II es muy adecuada para cocinas, restaurantes y todas las otras aplicaciones que requieren tener resistencia al agua y con la ventaja de soportar varias interfaces",CT,d,215.9090909090909,4210.23,215.91,6315.34,6315.34,8420.46,5894.32,5052.28,impresoras,./assets/img/catalog/impresoras/IMPSMP760.jpg,https://static.ctonline.mx/imagenes/IMPSMP760/IMPSMP760_400.jpg,48h Directa / 1 Año Fábrica,Pedro Moreno 501 A (Entrega Inmediata)
IMPSMP890,IMPSMP890,Impresora Térmica de Ticket Marca BIXOLON Modelo SRP-Q302K. Puerto: USB / Ethernet. Resolución ,"Impresora Térmica de Ticket Marca BIXOLON Modelo SRP-Q302K. Puerto: USB / Ethernet. Resolución de impresión: 203 dpi, Diseño compacto, velocidad de impresión de 220 mm por segundo. Ancho del papel: hasta 80 mm; ancho de impresion: hasta 72 mm, Cortador automático. ,Liquid-Barrier ™ a prueba de agua y polvo( certificado IP21).  Color: Negra. ** FUNCION DE AHORRO DE PAPEL**",CT,d,245.45454545454547,4786.36,245.45,7179.54,7179.54,9572.72,6700.9,5743.63,impresoras,./assets/img/catalog/impresoras/IMPSMP890.jpg,https://static.ctonline.mx/imagenes/IMPSMP890/IMPSMP890_400.jpg,48h Directa / 1 Año Fábrica,Pedro Moreno 501 A (Entrega Inmediata)
IMPSMP900,IMPSMP900,Impresora Térmica de Ticket Marca BIXOLON Modelo SRP-Q302BtK. Puerto: USB / Ethernet/Bluetooth.,"Impresora Térmica de Ticket Marca BIXOLON Modelo SRP-Q302BtK. Puerto: USB / Ethernet/Bluetooth. Resolución de impresión: 203 dpi, Diseño compacto, velocidad de impresión de 220 mm por segundo. Ancho del papel: hasta 80 mm; ancho de impresion: hasta 72 mm, Cortador automático. ,Liquid-Barrier ™ a prueba de agua y polvo( certificado IP21).  Color: Negra. ** FUNCION DE AHORRO DE PAPEL**",CT,d,297.0,5791.5,297.0,8687.25,8687.25,11583.0,8108.1,6949.8,impresoras,./assets/img/catalog/impresoras/IMPSMP900.jpg,https://static.ctonline.mx/imagenes/IMPSMP900/IMPSMP900_400.jpg,48h Directa / 1 Año Fábrica,Pedro Moreno 501 A (Entrega Inmediata)
IMPSMP1170,IMPSMP1170,Impresora de Matriz BIXOLON SRP-275 (SRP-275IIICOPG) DE PUNTO DE VENTA: Conexión PARALELO Y USB,"Impresora de Matriz BIXOLON SRP-275 (SRP-275IIICOPG) DE PUNTO DE VENTA: Conexión PARALELO Y USB, (SRP-275IIICOPG) Velocidad de impresión de 5.1 líneas por segundo. diseño ergonómico fácil de limpiar y de carga de papel, lo que la convierte en la solución ideal para cualquier situación de impresión de Hospitalidad. CORTADOR AUTOMATICO",BIXOLON,d,186.54545454545453,3637.64,186.55,5456.46,5456.46,7275.28,5092.7,4365.17,impresoras,./assets/img/catalog/impresoras/IMPSMP1170.jpg,https://static.ctonline.mx/imagenes/IMPSMP1170/IMPSMP1170_400.jpg,48h Directa / 1 Año Fábrica,Pedro Moreno 501 A (Entrega Inmediata)
IMPSMP1180,IMPSMP1180,"Impresora e Matriz BIXOLON SRP-275 (SRP-275IIICOSG) DE PUNTO DE VENTA: Conexión SERIAL Y USB, V","Impresora e Matriz BIXOLON SRP-275 (SRP-275IIICOSG) DE PUNTO DE VENTA: Conexión SERIAL Y USB, Velocidad de impresión de 5.1 líneas por segundo. diseño ergonómico fácil de limpiar y de carga de papel, lo que la convierte en la solución ideal para cualquier situación de impresión de Hospitalidad. CORTADOR AUTOMATICO",BIXOLON,d,186.54545454545453,3637.64,186.55,5456.46,5456.46,7275.28,5092.7,4365.17,impresoras,./assets/img/catalog/impresoras/IMPSMP1180.jpg,https://static.ctonline.mx/imagenes/IMPSMP1180/IMPSMP1180_400.jpg,48h Directa / 1 Año Fábrica,Pedro Moreno 501 A (Entrega Inmediata)
IMPSMP1190,IMPSMP1190,Impresora Termica driecta de etiquetas de escritorio con Pelador. Marca BIXOLON MODELO XD3-40dE,"Impresora Termica driecta de etiquetas de escritorio con Pelador. Marca BIXOLON MODELO XD3-40dEK Velocidad de impresión de 127 mm/Seg. CONEXIÓN USB/SERIAL/ETHERNET ancho de soporte de etiquetas de 15 ~ 118 mm, Diametro de rollo hasta 127 mm",CT,d,237.11363636363635,4623.72,237.11,6935.58,6935.58,9247.44,6473.21,5548.46,impresoras,./assets/img/catalog/impresoras/IMPSMP1190.jpg,https://static.ctonline.mx/imagenes/IMPSMP1190/IMPSMP1190_400.jpg,48h Directa / 1 Año Fábrica,Pedro Moreno 501 A (Entrega Inmediata)
IMPSMP1200,IMPSMP1200,Impresora Térmica Industrial de etiquetas. MARCA Bixolon Modelo XT5-40S. CONEXIÓN Ethernet/ 2 U,"Impresora Térmica Industrial de etiquetas. MARCA Bixolon Modelo XT5-40S. CONEXIÓN Ethernet/ 2 USB HOST/ Serial. Transferencia térmica, 203 dpi. Ancho de soporte de etiquetas de 25 ~ 114 mm. Rollo de diámetro de hasta 203 mm. Cera, Cera/Resina. Soporte de cinta de resina 50 ~ 110 mm de ancho hasta 450m de longitud",CT,d,981.9431818181819,19147.89,981.94,28721.83,28721.83,38295.78,26807.05,22977.47,impresoras,./assets/img/catalog/impresoras/IMPSMP1200.jpg,https://static.ctonline.mx/imagenes/IMPSMP1200/IMPSMP1200_400.jpg,48h Directa / 1 Año Fábrica,Pedro Moreno 501 A (Entrega Inmediata)
IMPSMP1490,IMPSMP1490,"Impresora industrial de etiquetas de transferencia térmica de 4 pulgadas, USB integrado (2 puer","Impresora industrial de etiquetas de transferencia térmica de 4 pulgadas, USB integrado (2 puertos), Ethernet, puerto serial, velocidad de impresión de 14 ips (356 mm/s), transferencia térmica, 203 ppp, LCD TFT a todo color de 3,5 pulgadas, ancho de etiqueta de 25 a 114 mm, diámetro de rollo de hasta 203 mm. Compatible con cintas de cera, cera / resina. Ancho de cinta de 50 a 110 mm y hasta 450 m  de longitud. (XT3-40)",CT,d,574.7272727272727,11207.18,574.73,16810.77,16810.77,22414.36,15690.05,13448.62,impresoras,./assets/img/catalog/impresoras/IMPSMP1490.jpg,https://static.ctonline.mx/imagenes/IMPSMP1490/IMPSMP1490_400.jpg,48h Directa / 1 Año Fábrica,Pedro Moreno 501 A (Entrega Inmediata)
IMPSMP1420,IMPSMP1420,"Impresora de etiquetas Transferencia Térmica. Desktop 203dpi. 4 pulgadas, USB integrado, veloci","Impresora de etiquetas Transferencia Térmica. Desktop 203dpi. 4 pulgadas, USB integrado, velocidad de impresión de 5 ips (127mm/seg), ancho de etiqueta de 15 a 118mm, diámetro de rollo de hasta 127mm .(XD3-40tK)",CT,d,216.48863636363635,4221.53,216.49,6332.3,6332.3,8443.06,5910.14,5065.84,impresoras,./assets/img/catalog/impresoras/IMPSMP1420.jpg,https://static.ctonline.mx/imagenes/IMPSMP1420/IMPSMP1420_400.jpg,48h Directa / 1 Año Fábrica,Pedro Moreno 501 A (Entrega Inmediata)
IMPSMP1430,IMPSMP1430,"Impresora de etiquetas Transferencia Térmica. Desktop 203dpi. 4 pulgadas, USB/Red, Ethernet, se","Impresora de etiquetas Transferencia Térmica. Desktop 203dpi. 4 pulgadas, USB/Red, Ethernet, serie, velocidad de impresión de 5 ips (127mm/seg), ancho de etiqueta de 15 a 118mm, diámetro del rollo de hasta 127mm (XD3-40tEK)",CT,d,251.2840909090909,4900.04,251.28,7350.06,7350.06,9800.08,6860.06,5880.05,impresoras,./assets/img/catalog/impresoras/IMPSMP1430.jpg,https://static.ctonline.mx/imagenes/IMPSMP1430/IMPSMP1430_400.jpg,48h Directa / 1 Año Fábrica,Pedro Moreno 501 A (Entrega Inmediata)
IMPSMP1440,IMPSMP1440,"Impresora de etiquetas Transferencia Directa, Desktop 203dpi. 4pulgadas, USB integrado, velocid","Impresora de etiquetas Transferencia Directa, Desktop 203dpi. 4pulgadas, USB integrado, velocidad de impresión de 5 ips (127mm/seg), ancho de etiqueta de 15 a 118mm, diámetro del rollo de hasta 127mm (XD3-40dK)",CT,d,193.29545454545453,3769.26,193.3,5653.89,5653.89,7538.52,5276.96,4523.11,impresoras,./assets/img/catalog/impresoras/IMPSMP1440.jpg,https://static.ctonline.mx/imagenes/IMPSMP1440/IMPSMP1440_400.jpg,48h Directa / 1 Año Fábrica,Pedro Moreno 501 A (Entrega Inmediata)
IMPSMP1450,IMPSMP1450,"Impresora de etiquetas Transferencia Directa. Desktop, 178 mm/sec, 4pulgadas, USB integrado, ve","Impresora de etiquetas Transferencia Directa. Desktop, 178 mm/sec, 4pulgadas, USB integrado, velocidad de impresión de 7 ips (178mm/seg), ancho de etiqueta de 15 a 118mm, diámetro de rollo de hasta 127mm. (XD5-40DK)",CT,d,224.22727272727272,4372.43,224.23,6558.65,6558.65,8744.86,6121.4,5246.92,impresoras,./assets/img/catalog/impresoras/IMPSMP1450.jpg,https://static.ctonline.mx/imagenes/IMPSMP1450/IMPSMP1450_400.jpg,48h Directa / 1 Año Fábrica,Pedro Moreno 501 A (Entrega Inmediata)
IMPSMP1460,IMPSMP1460,"Impresora de etiquetas Transferencia Directa. Desktop, 178 mm/sec, 4pulgadas, USB/Red, host USB","Impresora de etiquetas Transferencia Directa. Desktop, 178 mm/sec, 4pulgadas, USB/Red, host USB, Ethernet, serie, velocidad de impresión de 7 ips (178mm/seg), ancho de etiqueta de 15 a 118mm, diámetro de rollo de hasta 127 mm (XD5-40dEK)",CT,d,268.03409090909093,5226.66,268.03,7839.99,7839.99,10453.32,7317.32,6271.99,impresoras,./assets/img/catalog/impresoras/IMPSMP1460.jpg,https://static.ctonline.mx/imagenes/IMPSMP1460/IMPSMP1460_400.jpg,48h Directa / 1 Año Fábrica,Pedro Moreno 501 A (Entrega Inmediata)
IMPSMP1470,IMPSMP1470,"Impresora de etiquetas Transferencia Térmica. Desktop 4 pulgadas, USB integrado, host USB, velo","Impresora de etiquetas Transferencia Térmica. Desktop 4 pulgadas, USB integrado, host USB, velocidad de impresión de 6 ips (152mm/seg), ancho de etiqueta de 15 a 118mm, diámetro de rollo de hasta 127mm (XD5-40tK)",CT,d,269.32954545454544,5251.93,269.33,7877.9,7877.9,10503.86,7352.7,6302.32,impresoras,./assets/img/catalog/impresoras/IMPSMP1470.jpg,https://static.ctonline.mx/imagenes/IMPSMP1470/IMPSMP1470_400.jpg,48h Directa / 1 Año Fábrica,Pedro Moreno 501 A (Entrega Inmediata)
IMPSMP1480,IMPSMP1480,"Impresora de etiquetas Transferencia Térmica.  Desktop 4 pulgadas, USB/Red, host USB, Ethernet,","Impresora de etiquetas Transferencia Térmica.  Desktop 4 pulgadas, USB/Red, host USB, Ethernet, serie, velocidad de impresión de 6 ips (152mm/seg), ancho de etiqueta de 15 a 118mm, diámetro de rollo de hasta 127mm (XD5-40tEK)",CT,d,320.875,6257.06,320.88,9385.59,9385.59,12514.12,8759.88,7508.47,impresoras,./assets/img/catalog/impresoras/IMPSMP1480.jpg,https://static.ctonline.mx/imagenes/IMPSMP1480/IMPSMP1480_400.jpg,48h Directa / 1 Año Fábrica,Pedro Moreno 501 A (Entrega Inmediata)
IMPCTZ270,IMPCTZ270,"Impresora Térmica de Ticket CITIZEN CT-E351 ( CT-E351RSU-WH ) Puerto: USB - Serial, Método de I","Impresora Térmica de Ticket CITIZEN CT-E351 ( CT-E351RSU-WH ) Puerto: USB - Serial, Método de Impresión: térmica de líneas, Velocidad de impresión Max 250 mm/sec., Tamaños de papel 80 mm o 58 mm, Auto-cortador cortador de guillotina / Corte parcial completa a disposición por la configuración del software, Fuente de alimentación: Interna (cable de CA incluido), Dimensiones generales 125 x 170 x 108 mm, Peso aprox 1.26 KG. Garantía de 2 años  Color: BLANCA",CT,d,142.04545454545453,2769.89,142.05,4154.84,4154.84,5539.78,3877.85,3323.87,impresoras,./assets/img/catalog/impresoras/IMPCTZ270.jpg,https://static.ctonline.mx/imagenes/IMPCTZ270/IMPCTZ270_400.jpg,48h Directa / 1 Año Fábrica,Pedro Moreno 501 A (Entrega Inmediata)
IMPCTZ050,IMPCTZ050,"Impresora Térmica de Ticket CITIZEN CT-S310II ( CT-S310II-U-BK ) Puerto: USB - Serial, Método d","Impresora Térmica de Ticket CITIZEN CT-S310II ( CT-S310II-U-BK ) Puerto: USB - Serial, Método de Impresión: térmica de líneas, Velocidad de impresión Max 160 mm / sec., Tamaños de papel 80 mm o 58 mm, Auto-cortador cortador de guillotina / Corte parcial completa a disposición por la configuración del software, Fuente de alimentación: Interna (cable de CA incluido), Dimensiones generales 140 x 195 x 132 mm, Peso aprox 1.8 KG. Garantía de 3 años  Color: Negra",CT,d,187.5,3656.25,187.5,5484.38,5484.38,7312.5,5118.75,4387.5,impresoras,./assets/img/catalog/impresoras/IMPCTZ050.jpg,https://static.ctonline.mx/imagenes/IMPCTZ050/IMPCTZ050_400.jpg,48h Directa / 1 Año Fábrica,Pedro Moreno 501 A (Entrega Inmediata)
IMPCTZ140,IMPCTZ140,"Impresora Térmica de Ticket CITIZEN CT-E351 ( CT-E351RSU-BK ) Puerto: USB - Serial, Método de I","Impresora Térmica de Ticket CITIZEN CT-E351 ( CT-E351RSU-BK ) Puerto: USB - Serial, Método de Impresión: térmica de líneas, Velocidad de impresión Max 250 mm/sec., Tamaños de papel 80 mm o 58 mm, Auto-cortador cortador de guillotina / Corte parcial completa a disposición por la configuración del software, Fuente de alimentación: Interna (cable de CA incluido), Dimensiones generales 125 x 170 x 108 mm, Peso aprox 1.26 KG. Garantía de 2 años  Color: Negra",CT,d,160.22727272727272,3124.43,160.23,4686.64,4686.64,6248.86,4374.2,3749.32,impresoras,./assets/img/catalog/impresoras/IMPCTZ140.jpg,https://static.ctonline.mx/imagenes/IMPCTZ140/IMPCTZ140_400.jpg,48h Directa / 1 Año Fábrica,Pedro Moreno 501 A (Entrega Inmediata)
IMPCTZ150,IMPCTZ150,"Impresora Térmica de Ticket CITIZEN CT-E351 ( CT-E351ETU-BK ) Puerto: USB - Ethernet, Método de","Impresora Térmica de Ticket CITIZEN CT-E351 ( CT-E351ETU-BK ) Puerto: USB - Ethernet, Método de Impresión: térmica de líneas, Velocidad de impresión Max 250 mm/sec., Tamaños de papel 80 mm o 58 mm, Auto-cortador cortador de guillotina / Corte parcial completa a disposición por la configuración del software, Fuente de alimentación: Interna (cable de CA incluido), Dimensiones generales 125 x 170 x 108 mm, Peso aprox 1.26 KG. Garantía de 2 años  Color: Negra",CT,d,210.22727272727272,4099.43,210.23,6149.15,6149.15,8198.86,5739.2,4919.32,impresoras,./assets/img/catalog/impresoras/IMPCTZ150.jpg,https://static.ctonline.mx/imagenes/IMPCTZ150/IMPCTZ150_400.jpg,48h Directa / 1 Año Fábrica,Pedro Moreno 501 A (Entrega Inmediata)
IMPCTZ300,IMPCTZ300,"Impresora Térmica de Ticket CITIZEN CT-E301 ( CT-E301UBUBK ) Puerto: USB, Método de Impresión: ","Impresora Térmica de Ticket CITIZEN CT-E301 ( CT-E301UBUBK ) Puerto: USB, Método de Impresión: Térmica directa, Aplicaciones : Hostelería y restaurantes, Comercio minorista, Servicios de salud, Diario, kiosco, Cocina, Farmacia, Reducción de colas, Resolución 203 ppp, Velocidad de impresión Max 250 mm/sec., Tamaños de papel 80 mm o 58 mm, Cortadora Tipo guillotina, total y parcial, Estándares de EMC y seguridad CE, C-UL, VCCI, FCC clase A, UL, CCC, Fuente de alimentación 100 - 240V, 50/60Hz, Dimensiones generales 108 x 125 x 165 mm, 1,3Kg. Garantía de 3 años, Color: NEGRA",CT,d,198.86363636363637,3877.84,198.86,5816.76,5816.76,7755.68,5428.98,4653.41,impresoras,./assets/img/catalog/impresoras/IMPCTZ300.jpg,https://static.ctonline.mx/imagenes/IMPCTZ300/IMPCTZ300_400.jpg,48h Directa / 1 Año Fábrica,Pedro Moreno 501 A (Entrega Inmediata)
IMPCTZ310,IMPCTZ310,"Impresora Térmica de Ticket CITIZEN CT-E301 ( CT-E301TRUBK ) Puerto: USB, Serial y Ethernet, Mé","Impresora Térmica de Ticket CITIZEN CT-E301 ( CT-E301TRUBK ) Puerto: USB, Serial y Ethernet, Método de Impresión: Térmica directa, Aplicaciones : Hostelería y restaurantes, Comercio minorista, Servicios de salud, Diario, kiosco, Cocina, Farmacia, Reducción de colas, Resolución 203 ppp, Velocidad de impresión Max 250 mm/sec., Tamaños de papel 80 mm o 58 mm, Cortadora Tipo guillotina, total y parcial, Estándares de EMC y seguridad CE, C-UL, VCCI, FCC clase A, UL, CCC, Fuente de alimentación 100 - 240V, 50/60Hz, Dimensiones generales 108 x 125 x 165 mm, 1,3Kg. Garantía de 3 años, Color: NEGRA",CT,d,256.875,5009.06,256.88,7513.59,7513.59,10018.12,7012.68,6010.87,impresoras,./assets/img/catalog/impresoras/IMPCTZ310.jpg,https://static.ctonline.mx/imagenes/IMPCTZ310/IMPCTZ310_400.jpg,48h Directa / 1 Año Fábrica,Pedro Moreno 501 A (Entrega Inmediata)
IMPCTZ320,IMPCTZ320,"Impresora Térmica de Ticket CITIZEN CT-E301 ( CT-E301UBUWH ) Puerto: USB, Método de Impresión: ","Impresora Térmica de Ticket CITIZEN CT-E301 ( CT-E301UBUWH ) Puerto: USB, Método de Impresión: Térmica directa, Aplicaciones : Hostelería y restaurantes, Comercio minorista, Servicios de salud, Diario, kiosco, Cocina, Farmacia, Reducción de colas, Resolución 203 ppp, Velocidad de impresión Max 250 mm/sec., Tamaños de papel 80 mm o 58 mm, Cortadora Tipo guillotina, total y parcial, Estándares de EMC y seguridad CE, C-UL, VCCI, FCC clase A, UL, CCC, Fuente de alimentación 100 - 240V, 50/60Hz, Dimensiones generales 108 x 125 x 165 mm, 1,3Kg. Garantía de 3 años, Color: BLANCA",CT,d,198.86363636363637,3877.84,198.86,5816.76,5816.76,7755.68,5428.98,4653.41,impresoras,./assets/img/catalog/impresoras/IMPCTZ320.jpg,https://static.ctonline.mx/imagenes/IMPCTZ320/IMPCTZ320_400.jpg,48h Directa / 1 Año Fábrica,Pedro Moreno 501 A (Entrega Inmediata)
IMPCTZ330,IMPCTZ330,"Impresora Térmica de Ticket CITIZEN CT-E301 ( CT-E301TRUWH ) Puerto: USB, Serial y Ethernet, Mé","Impresora Térmica de Ticket CITIZEN CT-E301 ( CT-E301TRUWH ) Puerto: USB, Serial y Ethernet, Método de Impresión: Térmica directa, Aplicaciones : Hostelería y restaurantes, Comercio minorista, Servicios de salud, Diario, kiosco, Cocina, Farmacia, Reducción de colas, Resolución 203 ppp, Velocidad de impresión Max 250 mm/sec., Tamaños de papel 80 mm o 58 mm, Cortadora Tipo guillotina, total y parcial, Estándares de EMC y seguridad CE, C-UL, VCCI, FCC clase A, UL, CCC, Fuente de alimentación 100 - 240V, 50/60Hz, Dimensiones generales 108 x 125 x 165 mm, 1,3Kg. Garantía de 3 años, Color: BLANCA",CT,d,251.80785123966942,4910.25,251.81,7365.38,7365.38,9820.5,6874.35,5892.3,impresoras,./assets/img/catalog/impresoras/IMPCTZ330.jpg,https://static.ctonline.mx/imagenes/IMPCTZ330/IMPCTZ330_400.jpg,48h Directa / 1 Año Fábrica,Pedro Moreno 501 A (Entrega Inmediata)
IMPCTZ220,IMPCTZ220,"Impresora de Etiquetas CITIZEN CT-E321 ( CL-E321XUBNNA ) Triple interface USB 2.0, RS-232 y 10/","Impresora de Etiquetas CITIZEN CT-E321 ( CL-E321XUBNNA ) Triple interface USB 2.0, RS-232 y 10/100 Ethernet, Tecnología de impresión: Transferencia térmica + térmica directa, Velocidad de impresión (máxima) 8 pulgadas por segundo (200 mm/s), Resolución 203 ppp. Ancho de impresión (máximo) 4 pulgadas (104 mm), Emulaciones (idiomas) : Datamax® DMX, Cross-Emulation™ para el tratamiento automático de Zebra® y Datamax®, Zebra® ZPL2® , CBI™ BASIC Interpreter, Eltron® EPL2®. Flash (memoria no volátil) 16 MB total, 4MB disponibles para el usuario, Dimensiones (An x F x Al) y peso 178 x 266 x 173 mm, 2.6 kg. Garantía de 2 años en la impresora y 6 meses o 50 KM en el cabezal de impresión. Color: Negra",CITIZEN,d,300.0,5850.0,300.0,8775.0,8775.0,11700.0,8190.0,7020.0,impresoras,./assets/img/catalog/impresoras/IMPCTZ220.jpg,https://static.ctonline.mx/imagenes/IMPCTZ220/IMPCTZ220_400.jpg,48h Directa / 1 Año Fábrica,Pedro Moreno 501 A (Entrega Inmediata)
IMPCTZ230,IMPCTZ230,"Impresora de Etiquetas CITIZEN CT-E300 ( CL-E300XUBNNA ) Triple interface USB 2.0, RS-232 y 10/","Impresora de Etiquetas CITIZEN CT-E300 ( CL-E300XUBNNA ) Triple interface USB 2.0, RS-232 y 10/100 Ethernet, Tecnología de impresión Térmica directa, Velocidad de impresión (máxima) 8 pulgadas por segundo (200 mm/s), Resolución 203 ppp. Ancho de impresión (máximo) 4 pulgadas (104 mm), Emulaciones (idiomas) : Datamax® DMX, Cross-Emulation™ para el tratamiento automático de Zebra® y Datamax®, Zebra® ZPL2® , CBI™ BASIC Interpreter, Eltron® EPL2®. Flash (memoria no volátil) 16 MB total, 4MB disponibles para el usuario, Garantía de 2 años, 30 KM o 6 meses en cabezal. Color: Negra",CITIZEN,d,265.90909090909093,5185.23,265.91,7777.84,7777.84,10370.46,7259.32,6222.28,impresoras,./assets/img/catalog/impresoras/IMPCTZ230.jpg,https://static.ctonline.mx/imagenes/IMPCTZ230/IMPCTZ230_400.jpg,48h Directa / 1 Año Fábrica,Pedro Moreno 501 A (Entrega Inmediata)
IMPCTZ120,IMPCTZ120,"Impresora de Etiquetas CITIZEN CL-S400DT ( CL-S400DTU-R ) Interfaz serie (RS-232C), USB (versió","Impresora de Etiquetas CITIZEN CL-S400DT ( CL-S400DTU-R ) Interfaz serie (RS-232C), USB (versión 2.0, alta velocidad), Tecnología de impresión Térmica directa, Velocidad de impresión (máxima) 6 pulgadas por segundo (150 mm/s), Resolución 203 ppp. Ancho de impresión (máximo) 4 pulgadas (104 mm), Emulaciones (idiomas) Comandos originales de Citizen, Datamax® I-Class™ y DMX400™, Cross-Emulation™ para el tratamiento automático de Zebra® ZPLII® y Datamax® IClass ®, DMX400, Zebra® PL-II®, BASIC Interpreter para el procesamiento de flujos de datos, EPL-2®. Flash (memoria no volátil) 8 MB total, 1 MB disponible para el usuario, Garantía de 2 años, 30 KM o 6 meses en cabezal. Color: Negra",CITIZEN,d,369.7159090909091,7209.46,369.72,10814.19,10814.19,14418.92,10093.24,8651.35,impresoras,./assets/img/catalog/impresoras/IMPCTZ120.jpg,https://static.ctonline.mx/imagenes/IMPCTZ120/IMPCTZ120_400.jpg,48h Directa / 1 Año Fábrica,Pedro Moreno 501 A (Entrega Inmediata)
IMPCTZ240,IMPCTZ240,"Impresora Térmica PORTAIL de Ticket y Etiquetas CITIZEN CMP-30II ( CMP-30IIBTIUZL ), Interfaz p","Impresora Térmica PORTAIL de Ticket y Etiquetas CITIZEN CMP-30II ( CMP-30IIBTIUZL ), Interfaz principal Doble interfaz serie (RS-232 /conector mini DIN), USB (conector mini B), Interfaz Bluetooth compatible Apple™ Mfi, Bluetooth Clase 2 , Velocidad de impresión (máxima) 4 pulgadas por segundo (100 mm/s), Ancho de impresión (máximo) 72 mm, Clasificación medioambiental, prueba de caída Supera IP42 y múltiples caídas desde 1,5 metros, Emulaciones (idiomas) Compatible Zebra® ZPL-II®, Dimensiones (An x F x Al) y peso 120 x 152 x 70 mm, 0,6 kg, Ancho del medio de impresión (mín. a máx.) 25 a 80 mm, Tamaño del rollo de soporte (máx.), tamaño de núcleo Diámetro 2,20 pulgadas (56 mm)  Garantía 1 año equipo 3 meses en Batería.  Color: Negra",PORTAIL,d,605.6818181818181,11810.8,605.68,17716.2,17716.2,23621.6,16535.12,14172.96,impresoras,./assets/img/catalog/impresoras/IMPCTZ240.jpg,https://static.ctonline.mx/imagenes/IMPCTZ240/IMPCTZ240_400.jpg,48h Directa / 1 Año Fábrica,Pedro Moreno 501 A (Entrega Inmediata)
IMPECL340,IMPECL340,Impresora Portátil de Tickets y Etiquetas EC Line (EC-MP-200). Térmica Directa. Ancho Máximo de,"Impresora Portátil de Tickets y Etiquetas EC Line (EC-MP-200). Térmica Directa. Ancho Máximo de Impresión 2"" (58 mm). Interfaz: USB+Bluetooth. Velocidad (MAX 70 mm/s). Resolución 203 dpi. Compatible con Android y Windows. Accesorios Incluidos: Batería. Garantía limitada de 1 año. Color: Negro.",CT,d,101.13636363636364,1972.16,101.14,2958.24,2958.24,3944.32,2761.02,2366.59,impresoras,./assets/img/catalog/impresoras/IMPECL340.jpg,https://static.ctonline.mx/imagenes/IMPECL340/IMPECL340_400.jpg,48h Directa / 1 Año Fábrica,Pedro Moreno 501 A (Entrega Inmediata)
IMPECL360,IMPECL360,Impresora Portátil de Tickets y Etiquetas EC Line (EC-MP-300). Térmica Directa. Ancho Máximo de,"Impresora Portátil de Tickets y Etiquetas EC Line (EC-MP-300). Térmica Directa. Ancho Máximo de Impresión 3"" (80 mm). Interfaz: USB+Bluetooth. Velocidad (MAX 70 mm/s). Resolución 203 dpi. Compatible con Android y Windows. Accesorios Incluidos: Batería. Dimensiones 118 x 90 x 60mm, Peso .38 KG, Peso bruto .50KG Garantía limitada de 1 año. Color: Negro.",CT,d,112.5,2193.75,112.5,3290.62,3290.62,4387.5,3071.25,2632.5,impresoras,./assets/img/catalog/impresoras/IMPECL360.jpg,https://static.ctonline.mx/imagenes/IMPECL360/IMPECL360_400.jpg,48h Directa / 1 Año Fábrica,Pedro Moreno 501 A (Entrega Inmediata)
IMPECL290,IMPECL290,Impresora Termica. EC LINE. EC-58110. (EC-PM-58110-USB). Termica Directa. Velocidad de 110 mm/s,"Impresora Termica. EC LINE. EC-58110. (EC-PM-58110-USB). Termica Directa. Velocidad de 110 mm/seg. Color:  NEGRA. Font A: 12 x 24 dots. Columnas de Impresion: 384 dots/línea. Fiabilidad: 100 km. Ancho de Impresion: 58 mm. Win9X/ME/NT/XP/7, compatible con Epson y Samsung. Interfaz: USB. Papel: rollo 58mm. Garantía limitada de 1 año. Dimensiones de embalaje: 140mm x 225mm x 135mm. Peso de embalaje: .90kg.",LINE.,d,61.36363636363637,1196.59,61.36,1794.88,1794.88,2393.18,1675.23,1435.91,impresoras,./assets/img/catalog/impresoras/IMPECL290.jpg,https://static.ctonline.mx/imagenes/IMPECL290/IMPECL290_400.jpg,48h Directa / 1 Año Fábrica,Pedro Moreno 501 A (Entrega Inmediata)
IMPECL370,IMPECL370,"Impresora Térmica. EC Line. (EC-PM-X5). Térmica Directa. Velocidad de impresión 300 mm/seg, Anc","Impresora Térmica. EC Line. (EC-PM-X5). Térmica Directa. Velocidad de impresión 300 mm/seg, Ancho de impresión: 72mm. Compatible con sistemas operativos: Windows, Linux, Mac. Emulación: EPSON ESC/POS.  Interfaz: USB+SERIAL+ETHERNET. Papel: rollo 80mm. Garantía limitada de 1 año. Dimensiones 130mm x 130mm x 130mm. Peso 1.5kg. Corte Automático.",CT,d,95.75,1867.12,95.75,2800.68,2800.68,3734.24,2613.97,2240.54,impresoras,./assets/img/catalog/impresoras/IMPECL370.jpg,https://static.ctonline.mx/imagenes/IMPECL370/IMPECL370_400.jpg,48h Directa / 1 Año Fábrica,Pedro Moreno 501 A (Entrega Inmediata)
IMPECL180,IMPECL180,Impresora Termica. EC LINE. EC-80330. (EC-PM-80330). Termica Directa. Velocidad de 300 mm/seg. ,"Impresora Termica. EC LINE. EC-80330. (EC-PM-80330). Termica Directa. Velocidad de 300 mm/seg. Color: Negro. Ancho de Impresion: 83 mm. Win9X/ME/NT/XP/7. Compatible con Epson y Samsung. Interfaz: USB, SERIAL, ETHERNET Papel: rollo 3.25"" (80x70mm). Garantía limitada de 1 año. Dimensiones de embalaje: 139mm x 181mm x 127mm. Peso de embalaje: 1,23kg. Corte Automatico",LINE.,d,132.95454545454547,2592.61,132.95,3888.91,3888.91,5185.22,3629.65,3111.13,impresoras,./assets/img/catalog/impresoras/IMPECL180.jpg,https://static.ctonline.mx/imagenes/IMPECL180/IMPECL180_400.jpg,48h Directa / 1 Año Fábrica,Pedro Moreno 501 A (Entrega Inmediata)
IMPECL300,IMPECL300,Impresora Térmica. EC Line. (EC-PM-80250). Térmica Directa. Velocidad 250mm/seg. Color Negro. A,"Impresora Térmica. EC Line. (EC-PM-80250). Térmica Directa. Velocidad 250mm/seg. Color Negro. Ancho de impresión 83mm. Windows 2000/2003 /XP/Vista/OPOS/ Linux. Compatible con EPSON ESC/POS y STAR. Interfaz: SERIAL, USB, ETHERNET. Papel: rollo 3.25"". Garantía limitada de 1 año. Dimensiones de embalaje 140mm x 175mm x 137mm. Peso de embalaje 1.24Kg. Corte Automático",CT,d,104.54545454545455,2038.64,104.55,3057.96,3057.96,4077.28,2854.1,2446.37,impresoras,./assets/img/catalog/impresoras/IMPECL300.jpg,https://static.ctonline.mx/imagenes/IMPECL300/IMPECL300_400.jpg,48h Directa / 1 Año Fábrica,Pedro Moreno 501 A (Entrega Inmediata)
IMPECL350,IMPECL350,Impresora Térmica. EC Line. (EC-PM-X30). Térmica Directa. Velocidad 300mm/seg. Color Negro. Anc,"Impresora Térmica. EC Line. (EC-PM-X30). Térmica Directa. Velocidad 300mm/seg. Color Negro. Ancho de impresión 83mm. Windows X86 / X64 / Linux. Compatible con EPSON ESC/POS y STAR. Interfaz: USB+ETHERNET. Garantía limitada de 1 año. Dimensiones L x AN x AL 133 x 126x 130mm. Peso 1,115Kg / Peso bruto 2,185 Kg. Corte Automático",CT,d,123.86363636363636,2415.34,123.86,3623.01,3623.01,4830.68,3381.48,2898.41,impresoras,./assets/img/catalog/impresoras/IMPECL350.jpg,https://static.ctonline.mx/imagenes/IMPECL350/IMPECL350_400.jpg,48h Directa / 1 Año Fábrica,Pedro Moreno 501 A (Entrega Inmediata)
IMPECL200,IMPECL200,"Impresora Termica para la cocina. Especializada para trabajar en cualquier ambiente de trabajo,","Impresora Termica para la cocina. Especializada para trabajar en cualquier ambiente de trabajo, especialmente en restaurantes, cocinas, bares. EC LINE. EC-80340. (EC-PM-80340). Termica Directa. Velocidad de 300 mm/seg. Color: Negro. Ancho de Impresion: 64/76 mm. Win9X/ME/NT/XP/7. Compatible con Epson y Samsung. Interfaz: USB, SERIAL, ETHERNET Papel: rollo 3.25"". Garantía limitada de 1 año. Dimensiones de embalaje: 197mm x 136mm x 141mm. Peso de embalaje: 1.35kg. Corte Automatico",CT,d,154.54545454545453,3013.64,154.55,4520.46,4520.46,6027.28,4219.1,3616.37,impresoras,./assets/img/catalog/impresoras/IMPECL200.jpg,https://static.ctonline.mx/imagenes/IMPECL200/IMPECL200_400.jpg,48h Directa / 1 Año Fábrica,Pedro Moreno 501 A (Entrega Inmediata)
ACCHHP680,ACCHHP680,Licencia 2D para lector Voyager 1400G / 1450G / 1452G (SW-2D-SCANNER),Licencia 2D para lector Voyager 1400G / 1450G / 1452G (SW-2D-SCANNER),CT,d,70.56818181818181,1376.08,70.57,2064.12,2064.12,2752.16,1926.51,1651.3,impresoras,./assets/img/catalog/impresoras/ACCHHP680.jpg,https://static.ctonline.mx/imagenes/ACCHHP680/ACCHHP680_400.jpg,48h Directa / 1 Año Fábrica,Pedro Moreno 501 A (Entrega Inmediata)
IMPMTR530,IMPMTR530,Impresoras de Etiquetas HONEYWELL PC42E (PC42E-TB02200). Transferencia térmica y Térmica Direct,"Impresoras de Etiquetas HONEYWELL PC42E (PC42E-TB02200). Transferencia térmica y Térmica Directa. Velocidad de impresión 100 mm / segundo. Interfaz: USB Y ETHERNET. Lenguajes de emulación: Esim, Zsim, DP y EPL. Ancho de impresión 4"". Color: Negra. Resolución: 203 dpi. No incluye el cable de alimentación, se cotiza aparte (3013-1453-001). Dimensiones 273 mm x 198 mm x 168 mm. Peso 2.04Kg, Peso bruto 2.54Kg",HONEYWELL,d,199.54545454545453,3891.14,199.55,5836.71,5836.71,7782.28,5447.6,4669.37,impresoras,./assets/img/catalog/impresoras/IMPMTR530.jpg,https://static.ctonline.mx/imagenes/IMPMTR530/IMPMTR530_400.jpg,48h Directa / 1 Año Fábrica,Pedro Moreno 501 A (Entrega Inmediata)
IMPMTR580,IMPMTR580,Impresora de Etiquetas Intermec by Honeywell PX65 (PX65A01000000201). Térmica Directa y Transfe,"Impresora de Etiquetas Intermec by Honeywell PX65 (PX65A01000000201). Térmica Directa y Transferencia Térmica. Interfaz:  USB, Ethernet. Ancho Máximo de Impresión 6"". Resolución 203 dpi. Memoria 512 MB Flash y 256 MB. ideal para imprimir códigos de barras. Incluye cable de alimentación.",CT,d,2375.0,46312.5,2375.0,69468.75,69468.75,92625.0,64837.5,55575.0,impresoras,./assets/img/catalog/impresoras/IMPMTR580.jpg,https://static.ctonline.mx/imagenes/IMPMTR580/IMPMTR580_400.jpg,48h Directa / 1 Año Fábrica,Pedro Moreno 501 A (Entrega Inmediata)
IMPHWL010,IMPHWL010,Impresora Portátil de Tickets y Etiquetas. YUSHI by Honeywell MPD31D (MPD31D112).Térmica Direct,"Impresora Portátil de Tickets y Etiquetas. YUSHI by Honeywell MPD31D (MPD31D112).Térmica Directa,  Ancho Máximo de Impresión 3"",  Interfaz: USB , Velocidad de impresión 90 mm/s, Batería: 7.4V 2100mAh, Sellado Ambiental IP54, Memoria RAM: 64 MB FLASH y 64 MB., Compatibilidad de software de diseño de etiquetas: BarTender, NiceLabel. Garantía limitada de 1 año.",CT,d,147.72727272727272,2880.68,147.73,4321.02,4321.02,5761.36,4032.95,3456.82,impresoras,./assets/img/catalog/impresoras/IMPHWL010.jpg,https://static.ctonline.mx/imagenes/IMPHWL010/IMPHWL010_400.jpg,48h Directa / 1 Año Fábrica,Pedro Moreno 501 A (Entrega Inmediata)
ACCHHP780,ACCHHP780,Fuente de poder Honeywell Para impresora microFlash 2te (220515-100),Fuente de poder Honeywell Para impresora microFlash 2te (220515-100),CT,d,64.82954545454545,1264.18,64.83,1896.27,1896.27,2528.36,1769.85,1517.02,impresoras,./assets/img/catalog/impresoras/ACCHHP780.jpg,https://static.ctonline.mx/imagenes/ACCHHP780/ACCHHP780_400.jpg,48h Directa / 1 Año Fábrica,Pedro Moreno 501 A (Entrega Inmediata)
ACCDTM030,ACCDTM030,"Cabezal Para impresora Honeywell Datamax Modelo I-4212E MARK II, 203 dpi (PHD20-2278-01)","Cabezal Para impresora Honeywell Datamax Modelo I-4212E MARK II, 203 dpi (PHD20-2278-01)",CT,d,609.0909090909091,11877.27,609.09,17815.9,17815.9,23754.54,16628.18,14252.72,impresoras,./assets/img/catalog/impresoras/ACCDTM030.jpg,https://static.ctonline.mx/imagenes/ACCDTM030/ACCDTM030_400.jpg,48h Directa / 1 Año Fábrica,Pedro Moreno 501 A (Entrega Inmediata)
ACCDTM0140,ACCDTM0140,"Cabezal Para impresora Honeywell Datamax Modelo I- Class Mark I, 203 dpi (PHD20-2181-01)","Cabezal Para impresora Honeywell Datamax Modelo I- Class Mark I, 203 dpi (PHD20-2181-01)",CT,d,438.6363636363636,8553.41,438.64,12830.11,12830.11,17106.82,11974.77,10264.09,impresoras,./assets/img/catalog/impresoras/ACCDTM0140.jpg,https://static.ctonline.mx/imagenes/ACCDTM0140/ACCDTM0140_400.jpg,48h Directa / 1 Año Fábrica,Pedro Moreno 501 A (Entrega Inmediata)
ACCDTM120,ACCDTM120,"Cabezal Para impresora Honeywell Modelos I-4208, I-4210, I-4212. I-Class, 203 DPI (PHD20-2181-2","Cabezal Para impresora Honeywell Modelos I-4208, I-4210, I-4212. I-Class, 203 DPI (PHD20-2181-21)",CT,d,522.7272727272727,10193.18,522.73,15289.77,15289.77,20386.36,14270.45,12231.82,impresoras,./assets/img/catalog/impresoras/ACCDTM120.jpg,https://static.ctonline.mx/imagenes/ACCDTM120/ACCDTM120_400.jpg,48h Directa / 1 Año Fábrica,Pedro Moreno 501 A (Entrega Inmediata)
ACCHHP940,ACCHHP940,Modulo cortador para impresora Honeywell PC43D (203-184-423),Modulo cortador para impresora Honeywell PC43D (203-184-423),CT,d,292.04545454545456,5694.89,292.05,8542.34,8542.34,11389.78,7972.85,6833.87,impresoras,./assets/img/catalog/impresoras/ACCHHP940.jpg,https://static.ctonline.mx/imagenes/ACCHHP940/ACCHHP940_400.jpg,48h Directa / 1 Año Fábrica,Pedro Moreno 501 A (Entrega Inmediata)
LCTPSC1080,LCTPSC1080,"KIT de Lector de Código de Barras DATALOGIC INDUSTRIAL ULTRARESISTENTE Auto Range, Modelo Power","KIT de Lector de Código de Barras DATALOGIC INDUSTRIAL ULTRARESISTENTE Auto Range, Modelo PowerScan PD9630-AR, (PD9630-ARK1). Conexión USB, Escáner industrial portátil de alcance automático con capacidades de alcance extralargo hasta 20+ mts / 65+ pies. Lectura de códigos 1D apilados, 2D y códigos postales, rendimiento superior incluso en superficies dañadas o con códigos de barras a través de envolturas, (Kit incluye Scanner and USB Cable CAB-553) Clasificación de sellado de agua y partículas: IP65. Garantía de fabrica de 3 años. Color Negro / Amarillo.",KIT,d,500.5568181818182,9760.86,500.56,14641.29,14641.29,19521.72,13665.2,11713.03,impresoras,./assets/img/catalog/impresoras/LCTPSC1080.jpg,https://static.ctonline.mx/imagenes/LCTPSC1080/LCTPSC1080_400.jpg,48h Directa / 1 Año Fábrica,Pedro Moreno 501 A (Entrega Inmediata)
LCTPSC1090,LCTPSC1090,"KIT de Lector de Código de Barras DATALOGIC INDUSTRIAL ULTRARESISTENTE, Auto Range, Modelo Powe","KIT de Lector de Código de Barras DATALOGIC INDUSTRIAL ULTRARESISTENTE, Auto Range, Modelo PowerScan PD9630-AR, (PD9630-ARK2). Conexión Serial RS-232, Escáner industrial portátil de alcance automático con capacidades de alcance extralargo hasta 20+ mts / 65+ pies. Lectura de códigos 1D apilados, 2D y códigos postales, rendimiento superior incluso en superficies dañadas o con códigos de barras a través de envolturas, (Kit incluye Scanner y USB RS232 Cable CAB-549) Clasificación de sellado de agua y partículas: IP65. Garantía de fabrica de 3 años. Color Negro / Amarillo, Requiere Fuente de poder 8-0935 y cable 6003-0941",KIT,d,410.0568181818182,7996.11,410.06,11994.16,11994.16,15992.22,11194.55,9595.33,impresoras,./assets/img/catalog/impresoras/LCTPSC1090.jpg,https://static.ctonline.mx/imagenes/LCTPSC1090/LCTPSC1090_400.jpg,48h Directa / 1 Año Fábrica,Pedro Moreno 501 A (Entrega Inmediata)
LCTPSC1100,LCTPSC1100,"KIT de Lector de Código de Barras DATALOGIC INDUSTRIAL ULTRARESISTENTE Standard Range, Modelo P","KIT de Lector de Código de Barras DATALOGIC INDUSTRIAL ULTRARESISTENTE Standard Range, Modelo PowerScan PD9630-SR, (PD9630-SRK1). Conexión USB, Escáneres industriales para lectura de códigos de barras 1D/2D con máxima flexibilidad. Modelo de gama estándar y de alto rendimiento, Lectura de códigos 1D apilados, 2D y códigos postales, Tecnología 3GL™ (3 luces verdes) de Datalogic y un pitido fuerte para una respuesta de buena lectura, (Kit incluye Scanner and USB Cable CAB-553) Clasificación de sellado de agua y partículas: IP65. Garantía de fabrica de 3 años. Color Negro / Amarillo.",KIT,d,417.9204545454545,8149.45,417.92,12224.17,12224.17,16298.9,11409.23,9779.34,impresoras,./assets/img/catalog/impresoras/LCTPSC1100.jpg,https://static.ctonline.mx/imagenes/LCTPSC1100/LCTPSC1100_400.jpg,48h Directa / 1 Año Fábrica,Pedro Moreno 501 A (Entrega Inmediata)
LCTPSC1110,LCTPSC1110,"KIT de Lector de Código de Barras DATALOGIC INDUSTRIAL ULTRARESISTENTE Standard Range, Modelo P","KIT de Lector de Código de Barras DATALOGIC INDUSTRIAL ULTRARESISTENTE Standard Range, Modelo PowerScan PD9630-SR, (PD9630-SRK2). Conexión Serial RS-232, Escáneres industriales para lectura de códigos de barras 1D/2D con máxima flexibilidad. Modelo de gama estándar y de alto rendimiento, Lectura de códigos 1D apilados, 2D y códigos postales, Tecnología 3GL™ (3 luces verdes) de Datalogic y un pitido fuerte para una respuesta de buena lectura, (Kit incluye Scanner y USB RS232 Cable CAB-549) Clasificación de sellado de agua y partículas: IP65. Garantía de fabrica de 3 años. Color Negro / Amarillo.",KIT,d,417.9204545454545,8149.45,417.92,12224.17,12224.17,16298.9,11409.23,9779.34,impresoras,./assets/img/catalog/impresoras/LCTPSC1110.jpg,https://static.ctonline.mx/imagenes/LCTPSC1110/LCTPSC1110_400.jpg,48h Directa / 1 Año Fábrica,Pedro Moreno 501 A (Entrega Inmediata)
LCTZBR390,LCTZBR390,"Zebra DS3608-ER3U4602ZVW RUGGED GREEN VIBRATION MOTOR USB KIT: DS3608-ER20003VZWW SCANNER, CBA-","Zebra DS3608-ER3U4602ZVW RUGGED GREEN VIBRATION MOTOR USB KIT: DS3608-ER20003VZWW SCANNER, CBA-U46-S07ZAR SHIELDED USB HIGH CURRENT CABLE",DS3608-ER3U4602ZVW,d,762.5129132231405,14869.0,762.51,22303.5,22303.5,29738.0,20816.6,17842.8,impresoras,./assets/img/catalog/impresoras/LCTZBR390.jpg,https://static.ctonline.mx/imagenes/LCTZBR390/LCTZBR390_400.jpg,48h Directa / 1 Año Fábrica,Pedro Moreno 501 A (Entrega Inmediata)
IMPEPS320,IMPEPS320,"Impresora Matricial de certificación EPSON TM-U295P-242 (C31C178242) Puerto: Paralelo, Tamaño c","Impresora Matricial de certificación EPSON TM-U295P-242 (C31C178242) Puerto: Paralelo, Tamaño carácter:, 1.6(W) x 2.9(H) / 1.3(W) x 2.9(H). Buffer: 512 bytes o 35 bytes, Interface: RS-232, Vel de impresión 2.1 lps, Tipo de papel Tamaño: 80(W) x 69 (L) a 182 (W) x 257 (L). Gramaje: 0.09 a 0.25., Color Blanca. Cosumible ERC-27B  Requiere Fuente de Poder: C825343",CT,m,7219.017094017094,7219.02,370.21,10828.53,10828.53,14438.04,10106.63,8662.82,impresoras,./assets/img/catalog/impresoras/IMPEPS320.jpg,https://static.ctonline.mx/imagenes/IMPEPS320/IMPEPS320_400.jpg,48h Directa / 1 Año Fábrica,Pedro Moreno 501 A (Entrega Inmediata)
IMPEPS1320,IMPEPS1320,"Impresora Matricial de certificación EPSON TM-U295P-261 (C31C178262) Puerto: Paralelo, Velocida","Impresora Matricial de certificación EPSON TM-U295P-261 (C31C178262) Puerto: Paralelo, Velocidad de 2.1 lps a 42 columnas. Ancho de papel hasta 7"". Buffer de datos 512 Bytes. Funciones: Certificación.  Color: Negra. Consumible: ERC-27B. Requiere Fuente de Poder: C825343",CT,m,7219.017094017094,7219.02,370.21,10828.53,10828.53,14438.04,10106.63,8662.82,impresoras,./assets/img/catalog/impresoras/IMPEPS1320.jpg,https://static.ctonline.mx/imagenes/IMPEPS1320/IMPEPS1320_400.jpg,48h Directa / 1 Año Fábrica,Pedro Moreno 501 A (Entrega Inmediata)
IMPEPS930,IMPEPS930,"Impresora Matricial de Ticket EPSON TMU-675P-012 (C31C289012) Puerto: Paralelo, Multifuncional;","Impresora Matricial de Ticket EPSON TMU-675P-012 (C31C289012) Puerto: Paralelo, Multifuncional; Imprime formularios pre-impresos, tickets y validación de documentos. Velocidad de 5.14 lps a 40 columnas. Ancho de papel hasta 3"". Buffer de datos 4KB y memoria de 384KB. Copias de papel: Ticket Original + 1 copia. Documentos: Original + 3 copias. Ranura para validar documentos, bandeja de impresión para hojas sueltas.  Funciones: Auditoria y Validación. Color: Blanca. Consumible: ERC-38B. Requiere Fuente de Poder: C825343",CT,m,11876.068376068375,11876.07,609.03,17814.1,17814.1,23752.14,16626.5,14251.28,impresoras,./assets/img/catalog/impresoras/IMPEPS930.jpg,https://static.ctonline.mx/imagenes/IMPEPS930/IMPEPS930_400.jpg,48h Directa / 1 Año Fábrica,Pedro Moreno 501 A (Entrega Inmediata)
IMPEPS1350,IMPEPS1350,"Impresora Matricial de Ticket EPSON TM-U675P-021 (C31C283A9991) Puerto: Paralelo, Multifunciona","Impresora Matricial de Ticket EPSON TM-U675P-021 (C31C283A9991) Puerto: Paralelo, Multifuncional; Imprime formularios pre-impresos, tickets y validación de documentos. Velocidad de 5.14 lps a 40 columnas. Ancho de papel hasta 3"". Buffer de datos 4KB y memoria de 384KB. Copias de papel: Ticket Original + 1 copia. Documentos: Original + 3 copias. Ranura para validar documentos, bandeja de impresión para hojas sueltas.  Funciones: Auditoria, Validación y MICR. Color: Blanca. Consumible: ERC-38B. Requiere Fuente de Poder: C825343",CT,m,13025.641025641025,13025.64,667.98,19538.46,19538.46,26051.28,18235.9,15630.77,impresoras,./assets/img/catalog/impresoras/IMPEPS1350.jpg,https://static.ctonline.mx/imagenes/IMPEPS1350/IMPEPS1350_400.jpg,48h Directa / 1 Año Fábrica,Pedro Moreno 501 A (Entrega Inmediata)
IMPEPS330,IMPEPS330,"Impresora Matricial de certificación EPSON TM-U295-272 (C31C163272) Puerto: Serial, Velocidad d","Impresora Matricial de certificación EPSON TM-U295-272 (C31C163272) Puerto: Serial, Velocidad de 2.1 lps a 42 columnas. Ancho de papel hasta 7"". Buffer de datos 512 Bytes. Funciones: Certificación. Color: Blanca. Consumible: ERC-27B. Requiere Fuente de Poder: C825343",CT,m,7219.017094017094,7219.02,370.21,10828.53,10828.53,14438.04,10106.63,8662.82,impresoras,./assets/img/catalog/impresoras/IMPEPS330.jpg,https://static.ctonline.mx/imagenes/IMPEPS330/IMPEPS330_400.jpg,48h Directa / 1 Año Fábrica,Pedro Moreno 501 A (Entrega Inmediata)
IMPEPS1390,IMPEPS1390,"Impresora Matricial de certificación EPSON TM-U295-292 (C31C163292) Puerto: Serial, Velocidad d","Impresora Matricial de certificación EPSON TM-U295-292 (C31C163292) Puerto: Serial, Velocidad de 2.1 lps a 42 columnas. Ancho de papel hasta 7"". Buffer de datos 512 Bytes. Funciones: Certificación. Color: Negra. Consumible: ERC-27B. Requiere Fuente de Poder: C825343",CT,m,7219.017094017094,7219.02,370.21,10828.53,10828.53,14438.04,10106.63,8662.82,impresoras,./assets/img/catalog/impresoras/IMPEPS1390.jpg,https://static.ctonline.mx/imagenes/IMPEPS1390/IMPEPS1390_400.jpg,48h Directa / 1 Año Fábrica,Pedro Moreno 501 A (Entrega Inmediata)
IMPEPS970,IMPEPS970,Impresora Matricial de Ticket EPSON TM-U675-012 (C31C283012) Puerto: Serial. Multifuncional; Im,"Impresora Matricial de Ticket EPSON TM-U675-012 (C31C283012) Puerto: Serial. Multifuncional; Imprime formularios pre-impresos, tickets y validación de documentos. Velocidad de 5.14 lps a 40 columnas. Ancho de papel hasta 3"". Buffer de datos 4KB y memoria de 384KB. Copias de papel: Ticket Original + 1 copia. Documentos: Original + 3 copias. Ranura para validar documentos, bandeja de impresión para hojas sueltas. Funciones: Auditoria y Validación. Color: Blanca. Consumible: ERC-38B. Requiere Fuente de Poder: C825343",CT,m,11876.068376068375,11876.07,609.03,17814.1,17814.1,23752.14,16626.5,14251.28,impresoras,./assets/img/catalog/impresoras/IMPEPS970.jpg,https://static.ctonline.mx/imagenes/IMPEPS970/IMPEPS970_400.jpg,48h Directa / 1 Año Fábrica,Pedro Moreno 501 A (Entrega Inmediata)
IMPEPS1410,IMPEPS1410,Impresora matricial de Ticket EPSON TM-U675-023 (C31C283023) Puerto: Serial. Multifuncional; Im,"Impresora matricial de Ticket EPSON TM-U675-023 (C31C283023) Puerto: Serial. Multifuncional; Imprime formularios pre-impresos, tickets y validación de documentos. Velocidad de 5.14 lps a 40 columnas. Ancho de papel hasta 3"". Buffer de datos 4KB y memoria de 384KB. Copias de papel: Ticket Original + 1 copia. Documentos: Original + 3 copias. Ranura para validar documentos, bandeja de impresión para hojas sueltas.  Funciones: Auditoria, Validación y MICR. Color: Blanca. Consumible: ERC-38B. Requiere Fuente de Poder: C825343",CT,m,13025.641025641025,13025.64,667.98,19538.46,19538.46,26051.28,18235.9,15630.77,impresoras,./assets/img/catalog/impresoras/IMPEPS1410.jpg,https://static.ctonline.mx/imagenes/IMPEPS1410/IMPEPS1410_400.jpg,48h Directa / 1 Año Fábrica,Pedro Moreno 501 A (Entrega Inmediata)
IMPEPS1740,IMPEPS1740,"Impresora Matricial de Ticket EPSON TM-U950-083 (C31C151283) Puerto: Serial, Velocidad de hasta","Impresora Matricial de Ticket EPSON TM-U950-083 (C31C151283) Puerto: Serial, Velocidad de hasta 311 cps. Ancho de papel hasta 8.25"". Buffer de datos 2KB.  Funciones: Certificación y Auditoria.  Color: Blanca.  Consumible: ERC-31B; Requiere Fuente de Poder: C825343",CT,m,15214.743589743588,15214.74,780.24,22822.11,22822.11,30429.48,21300.64,18257.69,impresoras,./assets/img/catalog/impresoras/IMPEPS1740.jpg,https://static.ctonline.mx/imagenes/IMPEPS1740/IMPEPS1740_400.jpg,48h Directa / 1 Año Fábrica,Pedro Moreno 501 A (Entrega Inmediata)
IMPEPS3980,IMPEPS3980,"Impresora EPSON Termica de Ticket's TM-M30III-052 WiFi-BT (C31CK50052) Color Negro, Método de i","Impresora EPSON Termica de Ticket's TM-M30III-052 WiFi-BT (C31CK50052) Color Negro, Método de impresión Térmico, Velocidad de impresión 300 mm/s, Resolución de impresión 203 ppp, Dirección de impresión Vertical y horizontal, Manejo de papel 80 mm: 79,5 ± 0,5 x 83 mm 3,13"" ± 0,02"" (ancho) x 3,27"" (diámetro del rollo)/58 mm: 57,5 ± 0,5 x 83 mm 2,26"" ± 0,02"" (ancho) x 3,27"" (diámetro del rollo), Cortadora automática-Corte parcial (predeterminado) o corte total, Confiabilidad de la impresora 17 millones de líneas de impresión, Promedio de ciclos antes de fallas 360.000 horas, Ciclo medio antes de fallas 65.000.000 de líneas, Confiabilidad de la cortadora automática 2.2 millones de cortes, Conectividad modelo estándar USB Tipo C (carga de dispositivo USB 2.0/HS/FS/LS, 18 W)/USB Tipo B (USB 2.0 FS)/Ethernet (10/100 Base-T/TX)/Wi-Fi® (802.11 a/b/g/n/ac)/Bluetooth® (5.0 modo dual)/Puerto para dispositivo periférico USB Tipo A x 1, Sistemas operativos compatibles iOS/Android/Windows/Mac OS X/GNU (Linux), Sensores Fin del papel, Tapa abierta, Sensor fin de papel cercano, Dimensiones 127 mm x 128 mm x 129 mm, Peso 1.300 g, Fuente de alimentación PS-190, Garantía limitada estándar de 2 años",EPSON,m,4479.7008547008545,4479.7,229.73,6719.55,6719.55,8959.4,6271.58,5375.64,impresoras,./assets/img/catalog/impresoras/IMPEPS3980.jpg,https://static.ctonline.mx/imagenes/IMPEPS3980/IMPEPS3980_400.jpg,48h Directa / 1 Año Fábrica,Pedro Moreno 501 A (Entrega Inmediata)
IMPEPS4100,IMPEPS4100,"Impresora EPSON POS TM-M30III-H (C31CK51052) - Tecnología Térmica, Velocidad de impresión 300 m","Impresora EPSON POS TM-M30III-H (C31CK51052) - Tecnología Térmica, Velocidad de impresión 300 mm/segundo, Resolución de impresión 203ppp, Dirección de impresión - Vertical y horizontal, Manejo de medios 80 mm: 79,5 ± 0,5 x 83 mm 3,13"" ± 0,02"" (ancho) x 3,27"" (diámetro del rollo) 58 mm: 57,5 ± 0,5 x 83 mm 2,26"" ± 0,02"" (ancho) x 3,27"" (diámetro del rollo), Cortadora automática parcial o total, Confiabilidad de la impresora 17 millones de líneas de impresión, Promedio de ciclos antes de fallas 360.000 horas, Ciclo medio antes de fallas 65.000.000 de líneas, Confiabilidad de la cortadora automática 2.2 millones de cortes, Conectividad USB Tipo C (carga de dispositivo USB 2.0, HS/FS/LS, 18 W) - USB Tipo B (USB 2.0 FS) - Ethernet (10/100Base-T/TX) - Wi-Fi® (802.11 a/b/g/n/ac) - Bluetooth® (5.0 modo dual) - Puerto para dispositivo periférico USB Tipo C x 1 - Puerto para dispositivo periférico USB Tipo A x 2, Sistemas operativos compatibles iOS™, Android™, Windows®, Mac® OS X®, GNU (Linux®), Indicadores luminosos Encendido, Error, Papel, Ethernet, Wi-Fi®, Bluetooth® (modelo Bluetooth®), Fuente de alimentación Adaptador PS-190, Dimensiones (Ancho x prof. x altura) 5"" x 5"" x 5 “ 127 mm x 128 mm x 129 mm, Soporte de dispositivo periférico TPV USB, TM-m30III-H, fuente de alimentación PS-190 con cable de CA, Contenido de la caja - rollo de papel de inicio, guía de configuración, guía para rollo de papel de 58 mm, Garantía limitada estándar de 2 años",EPSON,m,5235.042735042734,5235.04,268.46,7852.56,7852.56,10470.08,7329.06,6282.05,impresoras,./assets/img/catalog/impresoras/IMPEPS4100.jpg,https://static.ctonline.mx/imagenes/IMPEPS4100/IMPEPS4100_400.jpg,48h Directa / 1 Año Fábrica,Pedro Moreno 501 A (Entrega Inmediata)
IMPEPS3320,IMPEPS3320,"Impresora térmica punto de venta móvil EPSON TM-P60II C31CC79575. Impresión Térmica de 58 mm, V","Impresora térmica punto de venta móvil EPSON TM-P60II C31CC79575. Impresión Térmica de 58 mm, Velocidad de Impresión 100 mm/s, Calificación de resistencia a caídas desde 1.20 m máximo y certificación ambiental IP54, Cortador automático de papel, Conectividad Bluetooth® 2.1 + EDR, Sistemas operativos móviles: iOS, Android y Windows, Confiabilidad de 10 millones de líneas; 500.000 autocortes (versión recibos), Dimensiones 103 x 159 x 65 mm, Peso 630g, Duración de la batería hasta 46 horas con Bluetooth 2.1 + EDR, Incluye fuente de poder PS-11, Garantía de 1 año en centro de servicio.",CT,m,8458.333333333332,8458.33,433.76,12687.49,12687.49,16916.66,11841.66,10150.0,impresoras,./assets/img/catalog/impresoras/IMPEPS3320.jpg,https://static.ctonline.mx/imagenes/IMPEPS3320/IMPEPS3320_400.jpg,48h Directa / 1 Año Fábrica,Pedro Moreno 501 A (Entrega Inmediata)
IMPEPS3850,IMPEPS3850,Impresora Térmica de Etiquetas EPSON TM-L100 USB-ETHERNET-BLUETOOTH C31CJ52021. Impresión térmi,"Impresora Térmica de Etiquetas EPSON TM-L100 USB-ETHERNET-BLUETOOTH C31CJ52021. Impresión térmica directa de líneas, Puertos USB - ETHERNET (RJ45) 10/100 MP - BLUETOOTH , Velocidad de impresión de 170 mm/segundo (para recibos y etiquetas sin revestimiento), Resolución de impresión 203 x 203 dpi, Manejo de papel 80 mm: 79,5 ± 0.5 mm (3,13 ± 0,02"") 58 mm (predeterminado): 57,5 ± 0.5 mm (2,26 ± 0,02"") 40 mm (solo etiquetas sin liner): 39,5 ± 0.5 mm (1,56 ± 0,02""), Sensor de tomado y sensor de fin cercano, Confiabilidad de la impresora 20 millones de líneas de impresión (recibos), 10 millones de líneas de impresión (etiquetas sin revestimiento), Cabezal térmico 150 km (recibos), 75 km (etiquetas sin revestimiento), MTBF 360.000 horas, MCBF 70 millones de líneas de impresión (recibos), 35 millones de líneas (etiquetas sin revestimiento), Sistemas operativos compatibles iOS®, Android™, Windows®, GNU (Linux®) TM Utility (iOS®, Android™), TM-L100 Utility (Windows®),  Dimensiones (An x Pr x Al) (140,0 x 148,5 x 207,0 mm), Memoria Interna Buffer recibido 4 KB Área de caracteres descargados 12 KB (compartido) Área Macro 2 KB Área de gráficos NV 384 KB Área de gráficos descargados 208 KB Fuente de poder incluida PS-190 (100 VCA-240VCA), Garantía de 1 año en centro de servicio.",CT,m,8758.547008547008,8758.55,449.16,13137.82,13137.82,17517.1,12261.97,10510.26,impresoras,./assets/img/catalog/impresoras/IMPEPS3850.jpg,https://static.ctonline.mx/imagenes/IMPEPS3850/IMPEPS3850_400.jpg,48h Directa / 1 Año Fábrica,Pedro Moreno 501 A (Entrega Inmediata)
IMPEPS3940,IMPEPS3940,Impresora Térmica de Etiquetas y Ticket EPSON TM-L90-393 USB-ETHERNET C31C412A7711.  Impresión ,"Impresora Térmica de Etiquetas y Ticket EPSON TM-L90-393 USB-ETHERNET C31C412A7711.  Impresión térmica directa de líneas, Puertos USB - ETHERNET (RJ45) 10/100 MP, Velocidad de impresión de 150 mm/seg (alta velocidad); 120 mm/seg (Modo normal), Ancho de impresión 38 mm, 60 mm, 80 mm, Ciclo medio antes de fallas de MCBF 70 millones de líneas (recibos) - 35 millones de líneas (etiquetas),  Promedio de ciclos antes de fallas (MTBF) 360,000 horas, Capacidad de columna 64 / 72 columnas, Vida útil del cortador automático 2 millones de cortes (recibos) - 1 millón de cortes (etiquetas), Tamaño de Papel 40mm - 58mm - 80mm, Diámetro de papel 90mm, Resolución 203 x 203 dpi, Peso 1.9 Kg, Dimensiones 14cm x 14.8cm x 20.3cm ,  Color Negro Epson, Fuente de poder incluida PS-180 (100 VCA-240VCA), Garantía de 1 años en centro de servicio",CT,m,9508.547008547008,9508.55,487.62,14262.82,14262.82,19017.1,13311.97,11410.26,impresoras,./assets/img/catalog/impresoras/IMPEPS3940.jpg,https://static.ctonline.mx/imagenes/IMPEPS3940/IMPEPS3940_400.jpg,48h Directa / 1 Año Fábrica,Pedro Moreno 501 A (Entrega Inmediata)
IMPEPS1510,IMPEPS1510,Impresora Matricial de Ticket EPSON TM-U220D-613/TM-U220D-806 (C31C515A8741/C31C515806) Puerto:,"Impresora Matricial de Ticket EPSON TM-U220D-613/TM-U220D-806 (C31C515A8741/C31C515806) Puerto: USB, Velocidad de 4.7 lps a 40 columnas y 6.0 lps a 30 columnas. Ancho de papel hasta 3"". Buffer de datos 4KB y memoria de 128KB. Funciones: Recibo. Incluye fuente de poder. Color: Negra. Consumible: ERC-38B",CT,m,5128.205128205128,5128.21,262.99,7692.32,7692.32,10256.42,7179.49,6153.85,impresoras,./assets/img/catalog/impresoras/IMPEPS1510.jpg,https://static.ctonline.mx/imagenes/IMPEPS1510/IMPEPS1510_400.jpg,48h Directa / 1 Año Fábrica,Pedro Moreno 501 A (Entrega Inmediata)
IMPEPS2350,IMPEPS2350,"Impresora Matricial de Ticket EPSON TM-U220B-667 (C31C514667 / C31C514767) Puerto: Ethernet, Ve","Impresora Matricial de Ticket EPSON TM-U220B-667 (C31C514667 / C31C514767) Puerto: Ethernet, Velocidad de 4.7 lps a 40 columnas y 6.0 lps a 30 columnas. Ancho de papel hasta 3"". Buffer de datos 4KB y memoria de 128KB. Funciones: Autocortador. Incluye fuente de poder. Color: Negra. Consumible: ERC-38B",CT,m,6685.897435897436,6685.9,342.87,10028.85,10028.85,13371.8,9360.26,8023.08,impresoras,./assets/img/catalog/impresoras/IMPEPS2350.jpg,https://static.ctonline.mx/imagenes/IMPEPS2350/IMPEPS2350_400.jpg,48h Directa / 1 Año Fábrica,Pedro Moreno 501 A (Entrega Inmediata)
IMPEPS3950,IMPEPS3950,"Impresora EPSON Térmica de Ticket's TM-M30III-012 (C31CK50012) Método de impresión Térmico, Vel","Impresora EPSON Térmica de Ticket's TM-M30III-012 (C31CK50012) Método de impresión Térmico, Velocidad de impresión 300 mm/s, Resolución de impresión 203 ppp, Dirección de impresión Vertical y horizontal, Manejo de papel 80 mm: 79,5 ± 0,5 x 83 mm 3,13"" ± 0,02"" (ancho) x 3,27"" (diámetro del rollo)/58 mm: 57,5 ± 0,5 x 83 mm 2,26"" ± 0,02"" (ancho) x 3,27"" (diámetro del rollo), Cortadora automática-Corte parcial (predeterminado) o corte total, Confiabilidad de la impresora 17 millones de líneas de impresión, Promedio de ciclos antes de fallas 360.000 horas, Ciclo medio antes de fallas 65.000.000 de líneas, Confiabilidad de la cortadora automática 2.2 millones de cortes, Conectividad modelo estándar USB Tipo C (carga de dispositivo USB 2.0/HS/FS/LS, 18 W)/USB Tipo B (USB 2.0 FS)/Ethernet (10/100 Base-T/TX)/Puerto para dispositivo periférico USB Tipo A x 1, Sistemas operativos compatibles iOS/Android/Windows/Mac OS X/GNU (Linux), Sensores Fin del papel, Tapa abierta, Sensor fin de papel cercano, Dimensiones 127 mm x 128 mm x 129 mm, Peso 1.300 g, Fuente de alimentación PS-190, Garantía limitada estándar de 2 años",EPSON,m,3925.213675213675,3925.21,201.29,5887.82,5887.82,7850.42,5495.29,4710.25,impresoras,./assets/img/catalog/impresoras/IMPEPS3950.jpg,https://static.ctonline.mx/imagenes/IMPEPS3950/IMPEPS3950_400.jpg,48h Directa / 1 Año Fábrica,Pedro Moreno 501 A (Entrega Inmediata)
IMPEPS3720,IMPEPS3720,Impresora Térmica de Ticket's EPSON TM-M30IIH-022 Ethernet C31CH92022. Impresión térmica direct,"Impresora Térmica de Ticket's EPSON TM-M30IIH-022 Ethernet C31CH92022. Impresión térmica directa de líneas, Velocidad de impresión de 250 mm/s, Ancho de impresión estándar de 80MM, Cortador Automático de papel. Ciclo medio antes de fallas de 17,000,000 líneas, Promedio de ciclos antes de fallas (MTBF) 360,000 horas, Bufer de datos 4 KB o 45 byte, Confiabilidad del cortador automático 1,5 millones. Tecnología de Dispositivo ePOS. Tecnología de Impresión ePOS. Soluciones de Servicios en la Nube. Interfaz USB (USB 2.0 de alta velocidad) Ethernet 10/100Base-/TX - Puerto USB Tipo A de 2.1 Amperios para Ipad y HUB de 3 USB tipo A, Peso 1300g, Dimensiones 12.7cm X 12.7cm X 12.7cm, Color Negro Epson, Sistemas operativos Microsoft® Windows (APD, OPOS, OPOS para .NET, JavaPOS) - Microsoft® Windows 7, 8.1, 10, 11 / iOS / Android (ePOS-Print SDK) - Mac® OS iOS® Linux (CUPS, JavaPOS, Fuente de poder incluida (PS-180), Garantia de 2 año en centro de servicio",CT,m,6863.247863247863,6863.25,351.96,10294.88,10294.88,13726.5,9608.55,8235.9,impresoras,./assets/img/catalog/impresoras/IMPEPS3720.jpg,https://static.ctonline.mx/imagenes/IMPEPS3720/IMPEPS3720_400.jpg,48h Directa / 1 Año Fábrica,Pedro Moreno 501 A (Entrega Inmediata)
IMPEPS3970,IMPEPS3970,"Impresora EPSON Térmica de Ticket's TM-M30III-051 Wifi-BT (C31CK50051) Color Blanco, Método de ","Impresora EPSON Térmica de Ticket's TM-M30III-051 Wifi-BT (C31CK50051) Color Blanco, Método de impresión Térmico, Velocidad de impresión 300 mm/s, Resolución de impresión 203 ppp, Dirección de impresión Vertical y horizontal, Manejo de papel 80 mm: 79,5 ± 0,5 x 83 mm 3,13"" ± 0,02"" (ancho) x 3,27"" (diámetro del rollo)/58 mm: 57,5 ± 0,5 x 83 mm 2,26"" ± 0,02"" (ancho) x 3,27"" (diámetro del rollo), Cortadora automática-Corte parcial (predeterminado) o corte total, Confiabilidad de la impresora 17 millones de líneas de impresión, Promedio de ciclos antes de fallas 360.000 horas, Ciclo medio antes de fallas 65.000.000 de líneas, Confiabilidad de la cortadora automática 2.2 millones de cortes, Conectividad modelo estándar USB Tipo C (carga de dispositivo USB 2.0/HS/FS/LS, 18 W)/USB Tipo B (USB 2.0 FS)/Ethernet (10/100 Base-T/TX)/Wi-Fi® (802.11 a/b/g/n/ac)/Bluetooth® (5.0 modo dual)/Puerto para dispositivo periférico USB Tipo A x 1, Sistemas operativos compatibles iOS/Android/Windows/Mac OS X/GNU (Linux), Sensores Fin del papel, Tapa abierta, Sensor fin de papel cercano, Dimensiones 127 mm x 128 mm x 129 mm, Peso 1.300 g, Fuente de alimentación PS-190, Garantía limitada estándar de 2 años",EPSON,m,4479.7008547008545,4479.7,229.73,6719.55,6719.55,8959.4,6271.58,5375.64,impresoras,./assets/img/catalog/impresoras/IMPEPS3970.jpg,https://static.ctonline.mx/imagenes/IMPEPS3970/IMPEPS3970_400.jpg,48h Directa / 1 Año Fábrica,Pedro Moreno 501 A (Entrega Inmediata)
IMPEPS3960,IMPEPS3960,Impresora Termica de Ticket's EPSON TM-M30IINT-022 WiFi-Ethernet-USB C31CJ95A9921. Impresión té,"Impresora Termica de Ticket's EPSON TM-M30IINT-022 WiFi-Ethernet-USB C31CJ95A9921. Impresión térmica directa de líneas, Velocidad de impresion de 250 mm/s, Ancho de impresión estandar de 80MM, Cortador Automatico de papel. Ciclo medio antes de fallas de 17,000,000 lineas, Promedio de ciclos antes de fallas (MTBF) 360,000 horas, Bufer de datos 4 KB o 45 byte, Confiabilidad del cortador automático 1,5 millones. Interfaz WiFi 802.11 a/b/g/n/ac, 2,4 GHz / 5 GHz  USB (USB 2.0 de alta velocidad) + Ethernet 10/100Base-/TX - Puerto USB Tipo A de 2.1 Amperios para Ipad, Peso 1300g, Dimensiones 12.7cm X 12.7cm X 12.7cm, Color Negro Epson, Sistemas operativos Microsoft® Windows (APD, OPOS, OPOS para .NET, JavaPOS) - Microsoft® Windows 8.1 / iOS / Android (ePOS-Print SDK) - Mac® OS iOS® Linux (CUPS, JavaPOS, Fuente de poder incluida (PS-180), Garantia de 2 año en centro de servicio",CT,m,6623.931623931623,6623.93,339.69,9935.9,9935.9,13247.86,9273.5,7948.72,impresoras,./assets/img/catalog/impresoras/IMPEPS3960.jpg,https://static.ctonline.mx/imagenes/IMPEPS3960/IMPEPS3960_400.jpg,48h Directa / 1 Año Fábrica,Pedro Moreno 501 A (Entrega Inmediata)
IMPEPS3050,IMPEPS3050,"Impresora térmica punto de venta móvil EPSON TM-M10-011 C31CE74011. Impresión Térmica de 58 mm,","Impresora térmica punto de venta móvil EPSON TM-M10-011 C31CE74011. Impresión Térmica de 58 mm, Resolución de Impresión 203 dpi, Velocidad de Impresión 150 mm/s, Dirección de Impresión Vertical y Horizontal, Cortador automático de papel, Conectividad USB + Bluetooth 3.0 (EDR Soportado) y NFC (Solo Android), Sistemas operativos móviles: iOS, Android y Windows, Confiabilidad 15 millones de líneas de impresión y 1 millón de cortes, Dimensiones 10cm x 10cm x 10cm, Peso 900g, Conjunto de caracteres 95 Alfanumérico, 18 Internacional, 128 x 43 Gráfico, Garantía de 1 año en centro de servicio.",CT,m,6891.025641025641,6891.03,353.39,10336.55,10336.55,13782.06,9647.44,8269.24,impresoras,./assets/img/catalog/impresoras/IMPEPS3050.jpg,https://static.ctonline.mx/imagenes/IMPEPS3050/IMPEPS3050_400.jpg,48h Directa / 1 Año Fábrica,Pedro Moreno 501 A (Entrega Inmediata)
IMPEPS300,IMPEPS300,"Fuente de poder PS-180-343 (C825343) para impresoras EPSON TM-U295, TM-U375, TM-U950, TM-L600II","Fuente de poder PS-180-343 (C825343) para impresoras EPSON TM-U295, TM-U375, TM-U950, TM-L600II,TM-U590, TM-T90, TM-U675, TM-H6000III",PS-180-343,m,726.4957264957264,726.5,37.26,1089.75,1089.75,1453.0,1017.1,871.8,impresoras,./assets/img/catalog/impresoras/IMPEPS300.jpg,https://static.ctonline.mx/imagenes/IMPEPS300/IMPEPS300_400.jpg,48h Directa / 1 Año Fábrica,Pedro Moreno 501 A (Entrega Inmediata)
CJSQIA050,CJSQIA050,"Cajón de dinero automático CashMate QIAN Modelo QOC-HON12-01, Cuenta con 5 compartimientos para","Cajón de dinero automático CashMate QIAN Modelo QOC-HON12-01, Cuenta con 5 compartimientos para billetes y 8 para monedas, lo que permite mantener una organización clara y rápida del efectivo, ideal para puntos de venta con alto flujo de transacciones, Su conector RJ11 es compatible con la mayoría de las impresoras de recibos y sistemas POS, facilitando la integración con equipos existentes sin necesidad de adaptadores adicionales. Funciona con 12V o 24V, adaptándose fácilmente a distintos sistemas eléctricos de cajas registradoras o POS. Incluye además una llave de seguridad con 3 posiciones y apertura manual o eléctrica en línea, garantizando control y seguridad en todo momento. Color. negro. Garantia 1 año.",CT,d,39.95689618891747,779.16,39.96,1168.74,1168.74,1558.32,1090.82,934.99,impresoras,./assets/img/catalog/impresoras/CJSQIA050.jpg,https://static.ctonline.mx/imagenes/CJSQIA050/CJSQIA050_400.jpg,48h Directa / 1 Año Fábrica,Pedro Moreno 501 A (Entrega Inmediata)
CJSQIA040,CJSQIA040,"Cajón de dinero automático QIAN Modelo: QOD-KAR12, 4 billetes, 8 monedas, Diseño práctico de 33","Cajón de dinero automático QIAN Modelo: QOD-KAR12, 4 billetes, 8 monedas, Diseño práctico de 330 × 355 × 90 mm para adaptarse fácilmente a cualquier mostrador o punto de venta, Fabricado con estructura de acero y panel frontal metálico para una mayor durabilidad, Sistema de cerradura de 3 posiciones que brinda control y protección total del contenido, Compatible con la mayoría de impresoras de tickets y sistemas POS gracias a su puerto RJ11/RJ12 y soporte para protocolo ESC/POS. Color: negro. Garantía: 1 año.",CT,d,22.252747252747252,433.93,22.25,650.89,650.89,867.86,607.5,520.72,impresoras,./assets/img/catalog/impresoras/CJSQIA040.jpg,https://static.ctonline.mx/imagenes/CJSQIA040/CJSQIA040_400.jpg,48h Directa / 1 Año Fábrica,Pedro Moreno 501 A (Entrega Inmediata)
IMPQIA100,IMPQIA100,"Impresora portátil térmica, Qian, modelo QOP-T58UB-RP, Impresora Qian portátil térmica de recib","Impresora portátil térmica, Qian, modelo QOP-T58UB-RP, Impresora Qian portátil térmica de recibos de 58 MM con USB + BLUETOOTH - MODELO: QOP-T58UB-RP. Velocidad de impresión de 70 mm/s. Batería recargable de ion de litio de 2600mAh.",CT,d,40.76923076923077,795.0,40.77,1192.5,1192.5,1590.0,1113.0,954.0,impresoras,./assets/img/catalog/impresoras/IMPQIA100.jpg,https://static.ctonline.mx/imagenes/IMPQIA100/IMPQIA100_400.jpg,48h Directa / 1 Año Fábrica,Pedro Moreno 501 A (Entrega Inmediata)
IMPQIA020,IMPQIA020,MiniPrinter Qian Térmica ANJET 58 QIT581701 USB CORTE MANUAL 58 MM,MiniPrinter Qian Térmica ANJET 58 QIT581701 USB CORTE MANUAL 58 MM,ANJET,d,22.252747252747252,433.93,22.25,650.89,650.89,867.86,607.5,520.72,impresoras,./assets/img/catalog/impresoras/IMPQIA020.jpg,https://static.ctonline.mx/imagenes/IMPQIA020/IMPQIA020_400.jpg,48h Directa / 1 Año Fábrica,Pedro Moreno 501 A (Entrega Inmediata)
IMPQIA040,IMPQIA040,"Impresora térmica QIAN QIT8BT1701 anjet 80 portátil, velocidad de impresión 90mm/s, ancho de im","Impresora térmica QIAN QIT8BT1701 anjet 80 portátil, velocidad de impresión 90mm/s, ancho de impresión 72mm, USB, espacio de línea 3.75mm, rollo de papel ancho 79.5mm± 0.5 mm, compatible Android, Linux, WinXP, Win7, Win8, Win 8.1, y Win10. (Existencias Limitadas)",QIAN,d,60.43956043956044,1178.57,60.44,1767.86,1767.86,2357.14,1650.0,1414.28,impresoras,./assets/img/catalog/impresoras/IMPQIA040.jpg,https://static.ctonline.mx/imagenes/IMPQIA040/IMPQIA040_400.jpg,48h Directa / 1 Año Fábrica,Pedro Moreno 501 A (Entrega Inmediata)
IMPQIA090,IMPQIA090,"Impresora térmica, Qian, Modelo QOP-T80BL-RI, Impresora térmica de recibos de 80mm con USD+LAN+","Impresora térmica, Qian, Modelo QOP-T80BL-RI, Impresora térmica de recibos de 80mm con USD+LAN+BT. Con múltiples interfaces que incluyen USB, Bluetooth y puerto de red local (LAN), Con una resolución nítida de 203 DPI (8 puntos/mm), papel térmico de hasta 80x80mm y un grosor de 0.06~0.08mm. Velocidad de impresión de 220mm/s y  con una vida útil del cabezal de 100km",CT,d,75.93406593406593,1480.71,75.93,2221.07,2221.07,2961.42,2072.99,1776.85,impresoras,./assets/img/catalog/impresoras/IMPQIA090.jpg,https://static.ctonline.mx/imagenes/IMPQIA090/IMPQIA090_400.jpg,48h Directa / 1 Año Fábrica,Pedro Moreno 501 A (Entrega Inmediata)
IMPQIA070,IMPQIA070,"Impresora Térmica QIAN Anjet 80mm Ultra - SKU: QTP-BTWF-01, ideal para impresión del sistema PO","Impresora Térmica QIAN Anjet 80mm Ultra - SKU: QTP-BTWF-01, ideal para impresión del sistema POS de caja registradora electrónica, transferencia electrónica, impresión de facturas deportivas, postales y de aviación civil y todo tipo de facturas, Entrada del Adaptador de Corriente 100 Vca - 240 Vca, 50-60Hz, Salida del Adaptador de Corriente 12V---2A ,interfaces LAN, serial, USB, Bluetooth y WiFi.",QIAN,d,113.95604395604396,2222.14,113.96,3333.21,3333.21,4444.28,3111.0,2666.57,impresoras,./assets/img/catalog/impresoras/IMPQIA070.jpg,https://static.ctonline.mx/imagenes/IMPQIA070/IMPQIA070_400.jpg,48h Directa / 1 Año Fábrica,Pedro Moreno 501 A (Entrega Inmediata)
IMPQIA080,IMPQIA080,Qian Impresora Térmica de Etiquetas T10UB USB+BT - SKU: QOP-T10UB-DI Interfaz USB + Bluetooth p,Qian Impresora Térmica de Etiquetas T10UB USB+BT - SKU: QOP-T10UB-DI Interfaz USB + Bluetooth para conectar facilmente con dispositivos cableados o inalambricos.,CT,d,80.65934065934066,1572.86,80.66,2359.29,2359.29,3145.72,2202.0,1887.43,impresoras,./assets/img/catalog/impresoras/IMPQIA080.jpg,https://static.ctonline.mx/imagenes/IMPQIA080/IMPQIA080_400.jpg,48h Directa / 1 Año Fábrica,Pedro Moreno 501 A (Entrega Inmediata)
IMPQIA120,IMPQIA120,Impresora de Etiquetas Térmicas de 108mm con Soporte de Papel Externo USB+BT - Modelo: QOP-T18U,Impresora de Etiquetas Térmicas de 108mm con Soporte de Papel Externo USB+BT - Modelo: QOP-T18UB-LE Interfaz USB + bluetooth para una conectividad versatil y moderna,CT,d,75.98901098901099,1481.79,75.99,2222.68,2222.68,2963.58,2074.51,1778.15,impresoras,./assets/img/catalog/impresoras/IMPQIA120.jpg,https://static.ctonline.mx/imagenes/IMPQIA120/IMPQIA120_400.jpg,48h Directa / 1 Año Fábrica,Pedro Moreno 501 A (Entrega Inmediata)
CJNFRT040,CJNFRT040,"Cajón de Dinero Front MINI. ( CDFRCS3338E-B ), 4 compartimentos para billetes fijos y 8 para mo","Cajón de Dinero Front MINI. ( CDFRCS3338E-B ), 4 compartimentos para billetes fijos y 8 para monedas removible, Sujetador de Billetes Metálicos, Medidas: 350 W x 380 L x 90 H (mm), Cerradura: 3 posiciones. Rodillos para un fácil desplazamiento, Vida: Mínimo 1 Millón de Ciclos, cuenta con puerto RJ-11 fijo para conexión a impresora, Ranura para documentos, Color Negro.",CT,d,37.5,731.25,37.5,1096.88,1096.88,1462.5,1023.75,877.5,impresoras,./assets/img/catalog/impresoras/CJNFRT040.jpg,https://static.ctonline.mx/imagenes/CJNFRT040/CJNFRT040_400.jpg,48h Directa / 1 Año Fábrica,Pedro Moreno 501 A (Entrega Inmediata)
CJNFRT030,CJNFRT030,"Cajón de Dinero Front JUNIOR, (CS400C-5B8C), 5 compartimentos para billetes fijos y 8 para mone","Cajón de Dinero Front JUNIOR, (CS400C-5B8C), 5 compartimentos para billetes fijos y 8 para monedas removible, Sujetador de Billetes Metalicos, tamaño de 405(ancho) x 410(Largo) x 100(Alto) MM, Chapa de 3 posiciones – Sistema, Cerrado/Abierto, cuenta con puerto RJ-11 fijo para conexión a impresora, Ranura para documentos, Color Negro.",CT,d,42.77777777777778,834.17,42.78,1251.25,1251.25,1668.34,1167.84,1001.0,impresoras,./assets/img/catalog/impresoras/CJNFRT030.jpg,https://static.ctonline.mx/imagenes/CJNFRT030/CJNFRT030_400.jpg,48h Directa / 1 Año Fábrica,Pedro Moreno 501 A (Entrega Inmediata)
CJNFRT020,CJNFRT020,"Cajon de Dinero Front, 5 compartimentos para billetes y 8 para monedas, tamaño de 400 x 410 x 8","Cajon de Dinero Front, 5 compartimentos para billetes y 8 para monedas, tamaño de 400 x 410 x 85 mm para impesora STAR, EPSON, OKI, NCR, cuenta con puerto RJ-11 para conexión a impresora y sistema de deteccion del estado del cajon abierto/cerrado, Color Negro",CT,d,57.22222222222222,1115.83,57.22,1673.74,1673.74,2231.66,1562.16,1339.0,impresoras,./assets/img/catalog/impresoras/CJNFRT020.jpg,https://static.ctonline.mx/imagenes/CJNFRT020/CJNFRT020_400.jpg,48h Directa / 1 Año Fábrica,Pedro Moreno 501 A (Entrega Inmediata)
CJNSTR010,CJNSTR010,"Cajón de Dinero Star Micronics CD4-1616BK58-52, ( 37969520 ) Dimensiones: 410 Ancho x 415 Largo","Cajón de Dinero Star Micronics CD4-1616BK58-52, ( 37969520 ) Dimensiones: 410 Ancho x 415 Largo x 114 Alto mm, Peso 7.00 KG, Bandeja de Dinero : 5 Billetes / 8 Monedas, compartimiento de monedas es removible y contiene 3 divisores ajustables. 2 Ranuras frontales para almacenamiento de cheques, cupones, billetes. cuenta con conexión RJ12 Cable Universal compatible con Impresoras Punto de Venta, Sujetador de Billetes de Metal, Cerradura 3 Posiciones, Color Negro.",CT,d,45.45454545454545,886.36,45.45,1329.54,1329.54,1772.72,1240.9,1063.63,impresoras,./assets/img/catalog/impresoras/CJNSTR010.jpg,https://static.ctonline.mx/imagenes/CJNSTR010/CJNSTR010_400.jpg,48h Directa / 1 Año Fábrica,Pedro Moreno 501 A (Entrega Inmediata)
CJNECL060,CJNECL060,Cajón de Dinero. EC LINE. EC-CD-50M. 4 billetes / 8 monedas. Charola de dinero: Sujetadores de ,"Cajón de Dinero. EC LINE. EC-CD-50M. 4 billetes / 8 monedas. Charola de dinero: Sujetadores de billetes Metálico. llave con 3 posiciones. Abierto por señal al solenoide. Interfaz: 12v, 24v para RJ11, para Impresora de recibos. Color: Negro. Garantía limitada. Dimensiones de embalaje: 13,8"" x 15,9"" x 3,3"". Peso de embalaje: 6.2 kg.",CT,d,41.5,809.25,41.5,1213.88,1213.88,1618.5,1132.95,971.1,impresoras,./assets/img/catalog/impresoras/CJNECL060.jpg,https://static.ctonline.mx/imagenes/CJNECL060/CJNECL060_400.jpg,48h Directa / 1 Año Fábrica,Pedro Moreno 501 A (Entrega Inmediata)
CJNECL020,CJNECL020,Cajón de Dinero. EC LINE. ELEGANCE. (EC-CD-100M-II-GREY). Construcción de acero. Frente de acer,"Cajón de Dinero. EC LINE. ELEGANCE. (EC-CD-100M-II-GREY). Construcción de acero. Frente de acero, con placa plástica. 5 billetes / 7 monedas. Charola de dinero: Sujetadores de billetes Metálico. llave con 3 posiciones. Acceso frontal para documentos. Compatibilidad: Apertura con todas las marcas de impresoras de recibos. Abierto por señal al solenoide. Interfaz: 12v, 24v para RJ11, para Impresora de recibos. Color: Negro. Garantía limitada. Dimensiones de embalaje: 15,7"" x 16,1"" x 3,3"". Peso de embalaje: 7kg.",CT,d,47.32954545454545,922.93,47.33,1384.39,1384.39,1845.86,1292.1,1107.52,impresoras,./assets/img/catalog/impresoras/CJNECL020.jpg,https://static.ctonline.mx/imagenes/CJNECL020/CJNECL020_400.jpg,48h Directa / 1 Año Fábrica,Pedro Moreno 501 A (Entrega Inmediata)
CJNECL030,CJNECL030,Cajón de Dinero. EC LINE. JUNIOR. (EC-G5100-II-BLACK). Construcción de acero. Frente de Acero i,"Cajón de Dinero. EC LINE. JUNIOR. (EC-G5100-II-BLACK). Construcción de acero. Frente de Acero inoxidable pintado. 4 billetes / 8 monedas. Charola de dinero: Sujetadores de billetes Metálico. llave con 3 posiciones. Acceso frontal para documentos. Compatibilidad: Apertura con todas las marcas de impresoras de recibos. Abierto por señal al solenoide. Interfaz: 12v, 24v para RJ11, para Impresora de recibos. Color: Negro. Garantía limitada. Dimensiones de embalaje: 13,8"" x 15,9"" x 3,5"". Peso de embalaje: 4,3kg.",CT,d,39.94318181818181,778.89,39.94,1168.34,1168.34,1557.78,1090.45,934.67,impresoras,./assets/img/catalog/impresoras/CJNECL030.jpg,https://static.ctonline.mx/imagenes/CJNECL030/CJNECL030_400.jpg,48h Directa / 1 Año Fábrica,Pedro Moreno 501 A (Entrega Inmediata)
CJNECL090,CJNECL090,Cajón de Dinero. EC LINE. PREMIUM. (EC-CD-100P). Construcción de acero. Frente de acero inoxida,"Cajón de Dinero. EC LINE. PREMIUM. (EC-CD-100P). Construcción de acero. Frente de acero inoxidable, 4-5 billetes / 7-8 monedas. Charola de dinero: Sujetadores de billetes Metálico. llave con 3 posiciones. Acceso frontal para documentos. Compatibilidad: Apertura con todas las marcas de impresoras de recibos. Abierto por señal al solenoide. Interfaz: 12v, 24v para RJ11, para Impresora de recibos. Color: Negro. Garantía limitada. Dimensiones de embalaje: 15,7"" x 16,1"" x 3,3"". Peso de embalaje: 7kg.",CT,d,58.80681818181818,1146.73,58.81,1720.1,1720.1,2293.46,1605.42,1376.08,impresoras,./assets/img/catalog/impresoras/CJNECL090.jpg,https://static.ctonline.mx/imagenes/CJNECL090/CJNECL090_400.jpg,48h Directa / 1 Año Fábrica,Pedro Moreno 501 A (Entrega Inmediata)
CJNECL070,CJNECL070,Cajon de Dinero. EC LINE. (EC-CD-200M). Cajón metálico para trabajo pesado. Frente de Acero ino,"Cajon de Dinero. EC LINE. (EC-CD-200M). Cajón metálico para trabajo pesado. Frente de Acero inoxidable. 5 billetes / 7-8 monedas ajustable.Sujetadores de billetes Metálico. Llave con 3 posciones. Ranura frontal para documentos. Abierto con señales de selenoide. Interface 12v, 24v para RJ11, para impresoras de recibos. Apertura con todas las marcas de impresoras de recibo. Color: Negro",CT,d,62.78409090909091,1224.29,62.78,1836.43,1836.43,2448.58,1714.01,1469.15,impresoras,./assets/img/catalog/impresoras/CJNECL070.jpg,https://static.ctonline.mx/imagenes/CJNECL070/CJNECL070_400.jpg,48h Directa / 1 Año Fábrica,Pedro Moreno 501 A (Entrega Inmediata)
CJNECL120,CJNECL120,Cajón de Dinero. EC LINE. (EC-CD-200M-1). Cajón metálico para trabajo pesado. Frente de Acero i,"Cajón de Dinero. EC LINE. (EC-CD-200M-1). Cajón metálico para trabajo pesado. Frente de Acero inoxidable. 5 billetes / 8 monedas ajustable. Sujetadores de billetes Metálico. Llave con 3 posiciones. Ranura frontal para documentos. Abierto con señales de selenoide. Interface 12v, 24v para RJ11, para impresoras de recibos. Apertura con todas las marcas de impresoras de recibo. Cable 1.8 mts Color: Negro",CT,d,63.35227272727273,1235.37,63.35,1853.05,1853.05,2470.74,1729.52,1482.44,impresoras,./assets/img/catalog/impresoras/CJNECL120.jpg,https://static.ctonline.mx/imagenes/CJNECL120/CJNECL120_400.jpg,48h Directa / 1 Año Fábrica,Pedro Moreno 501 A (Entrega Inmediata)
ACCETI810,ACCETI810,"Rollo térmico Zebra Z-Perform 1000D 2.4 mil Receipt 2.28"" x 50' (58 mm x 15 m) 10021233 Caja co","Rollo térmico Zebra Z-Perform 1000D 2.4 mil Receipt 2.28"" x 50' (58 mm x 15 m) 10021233 Caja con 50 rollos, Centro 0.5"" color blanco, para Impresoras Mobile, ZQ310",CT,d,83.79545454545453,1634.01,83.8,2451.01,2451.01,3268.02,2287.61,1960.81,impresoras,./assets/img/catalog/impresoras/ACCETI810.jpg,https://static.ctonline.mx/imagenes/ACCETI810/ACCETI810_400.jpg,48h Directa / 1 Año Fábrica,Pedro Moreno 501 A (Entrega Inmediata)
ACCETI820,ACCETI820,"Rollo térmico Zebra Z-Perform 1000D 2.4 mil Receipt 3.14"" x 50' (88 mm x 15 m) 10021232 Caja co","Rollo térmico Zebra Z-Perform 1000D 2.4 mil Receipt 3.14"" x 50' (88 mm x 15 m) 10021232 Caja con 50 rollos, Centro 0.5"" color blanco, para Impresoras Mobile, ZQ320",CT,d,78.29261363636364,1526.71,78.29,2290.07,2290.07,3053.42,2137.39,1832.05,impresoras,./assets/img/catalog/impresoras/ACCETI820.jpg,https://static.ctonline.mx/imagenes/ACCETI820/ACCETI820_400.jpg,48h Directa / 1 Año Fábrica,Pedro Moreno 501 A (Entrega Inmediata)
ACCETI730,ACCETI730,"Etiqueta Zebra Z-Perform 2000D Térmica directa 1.25"" x 1"" (31.75mm x 25.4mm) 10015784 Centro 1""","Etiqueta Zebra Z-Perform 2000D Térmica directa 1.25"" x 1"" (31.75mm x 25.4mm) 10015784 Centro 1"" Caja con 6 rollos, cada rollo con 2,340 etiquetas, color blanco, para Impresoras Desktop",2000D,d,40.397727272727266,787.76,40.4,1181.64,1181.64,1575.52,1102.86,945.31,impresoras,./assets/img/catalog/impresoras/ACCETI730.jpg,https://static.ctonline.mx/imagenes/ACCETI730/ACCETI730_400.jpg,48h Directa / 1 Año Fábrica,Pedro Moreno 501 A (Entrega Inmediata)
ACCZBR640,ACCZBR640,"Rollo térmico Zebra Z-Perform 1000D 2.4 mil Receipt 3.14"" x 80' (88 mm x 24 m) 10011042 Caja co","Rollo térmico Zebra Z-Perform 1000D 2.4 mil Receipt 3.14"" x 80' (88 mm x 24 m) 10011042 Caja con 36 rollos, Centro 0.5"" color blanco, para Impresoras Mobile, iMZ320, MZ320 y con adaptador las ZQ510, ZQ520, ZQ620",CT,d,78.1915909090909,1524.74,78.19,2287.11,2287.11,3049.48,2134.64,1829.69,impresoras,./assets/img/catalog/impresoras/ACCZBR640.jpg,https://static.ctonline.mx/imagenes/ACCZBR640/ACCZBR640_400.jpg,48h Directa / 1 Año Fábrica,Pedro Moreno 501 A (Entrega Inmediata)
ACCETI600,ACCETI600,"Etiqueta Zebra Z-Perform 2000D Térmica directa 3"" x 1"" (76.2mm x 25.4mm) 10015782 Centro 1"" Caj","Etiqueta Zebra Z-Perform 2000D Térmica directa 3"" x 1"" (76.2mm x 25.4mm) 10015782 Centro 1"" Caja con 6 rollos, cada rollo con 2,340 etiquetas, color blanco, para Impresoras Desktop",2000D,d,90.9090909090909,1772.73,90.91,2659.1,2659.1,3545.46,2481.82,2127.28,impresoras,./assets/img/catalog/impresoras/ACCETI600.jpg,https://static.ctonline.mx/imagenes/ACCETI600/ACCETI600_400.jpg,48h Directa / 1 Año Fábrica,Pedro Moreno 501 A (Entrega Inmediata)
ACCETI640,ACCETI640,"Etiqueta Zebra Z-Perform 2000D Térmica directa 4"" x 4"" (101.6mm x 101.6mm) 10010033 Centro 1"" C","Etiqueta Zebra Z-Perform 2000D Térmica directa 4"" x 4"" (101.6mm x 101.6mm) 10010033 Centro 1"" Caja con 6 rollos, cada rollo con 640 etiquetas, color blanco, para Impresora Desktop",2000D,d,100.22897727272725,1954.47,100.23,2931.7,2931.7,3908.94,2736.26,2345.36,impresoras,./assets/img/catalog/impresoras/ACCETI640.jpg,https://static.ctonline.mx/imagenes/ACCETI640/ACCETI640_400.jpg,48h Directa / 1 Año Fábrica,Pedro Moreno 501 A (Entrega Inmediata)
ACCETI340,ACCETI340,"Etiqueta Zebra Z-Perform 2000D Térmica directa 2"" x 1"" (50.8mmx25.4mm) 10010028 Centro 1"" Caja ","Etiqueta Zebra Z-Perform 2000D Térmica directa 2"" x 1"" (50.8mmx25.4mm) 10010028 Centro 1"" Caja con 6 rollos, cada rollo con 2,340 etiquetas, color blanco, para Impresoras Desktop",2000D,d,69.0909090909091,1347.27,69.09,2020.9,2020.9,2694.54,1886.18,1616.72,impresoras,./assets/img/catalog/impresoras/ACCETI340.jpg,https://static.ctonline.mx/imagenes/ACCETI340/ACCETI340_400.jpg,48h Directa / 1 Año Fábrica,Pedro Moreno 501 A (Entrega Inmediata)
ACCETI400,ACCETI400,"Etiqueta Zebra Z-Perform 2000D Térmica directa 4"" x 1"" (101.6 x 25.4mm) 10015783 Centro 1"" Caja","Etiqueta Zebra Z-Perform 2000D Térmica directa 4"" x 1"" (101.6 x 25.4mm) 10015783 Centro 1"" Caja con 6 rollos, cada rollo con 2,340 etiquetas, color blanco, para Impresoras Desktop",2000D,d,114.375,2230.31,114.38,3345.47,3345.47,4460.62,3122.43,2676.37,impresoras,./assets/img/catalog/impresoras/ACCETI400.jpg,https://static.ctonline.mx/imagenes/ACCETI400/ACCETI400_400.jpg,48h Directa / 1 Año Fábrica,Pedro Moreno 501 A (Entrega Inmediata)
ACCZBR1320,ACCZBR1320,"Etiqueta Zebra Z-Select 4000T Trasferencia térmica 4"" x 1"" (101.6mm x 25.4mm) 83340 Centro 1"" (","Etiqueta Zebra Z-Select 4000T Trasferencia térmica 4"" x 1"" (101.6mm x 25.4mm) 83340 Centro 1"" (25.4mm) Caja con 4 rollos de etiquetas C/4, cada rollo con 2,260 etiquetas, color blanco, para Impresora Desktop **REQUIERE RIBBON (CARZBR940)**",4000T,d,62.30681818181818,1214.98,62.31,1822.47,1822.47,2429.96,1700.97,1457.98,impresoras,./assets/img/catalog/impresoras/ACCZBR1320.jpg,https://static.ctonline.mx/imagenes/ACCZBR1320/ACCZBR1320_400.jpg,48h Directa / 1 Año Fábrica,Pedro Moreno 501 A (Entrega Inmediata)
ACCETI380,ACCETI380,"Rollo térmico Zebra Z-Perform 1000D 2.4 mil Receipt 2"" x 80' (88 mm x 24 m) 10011041 Caja con 3","Rollo térmico Zebra Z-Perform 1000D 2.4 mil Receipt 2"" x 80' (88 mm x 24 m) 10011041 Caja con 36 rollos, Centro 0.5"" color blanco, para Impresoras Mobile, MZ220, MZ320, iMZ220, ZQ510, ZQ610, ZQ620",CT,d,59.48795454545455,1160.02,59.49,1740.03,1740.03,2320.04,1624.03,1392.02,impresoras,./assets/img/catalog/impresoras/ACCETI380.jpg,https://static.ctonline.mx/imagenes/ACCETI380/ACCETI380_400.jpg,48h Directa / 1 Año Fábrica,Pedro Moreno 501 A (Entrega Inmediata)
ACCETI470,ACCETI470,"Etiqueta Zebra Z-Perform 2000D Térmica directa 4"" x 6"" (101.6mm x 152.4mm) 10010034 Centro 1"" C","Etiqueta Zebra Z-Perform 2000D Térmica directa 4"" x 6"" (101.6mm x 152.4mm) 10010034 Centro 1"" Caja 6 rollos, cada rollo con 430 etiquetas, color blanco, para Impresoras Desktop",2000D,d,81.81818181818181,1595.45,81.82,2393.18,2393.18,3190.9,2233.63,1914.54,impresoras,./assets/img/catalog/impresoras/ACCETI470.jpg,https://static.ctonline.mx/imagenes/ACCETI470/ACCETI470_400.jpg,48h Directa / 1 Año Fábrica,Pedro Moreno 501 A (Entrega Inmediata)
ACCETI480,ACCETI480,"Etiqueta Zebra Z-Perform 2000D Térmica directa 4"" x 3"" (101.6mm x 76.2mm) 10010032 Centro 1"" Ca","Etiqueta Zebra Z-Perform 2000D Térmica directa 4"" x 3"" (101.6mm x 76.2mm) 10010032 Centro 1"" Caja con 6 rollos, cada rollo con 840 etiquetas, color blanco, para Impresoras Desktop",2000D,d,84.51136363636364,1647.97,84.51,2471.95,2471.95,3295.94,2307.16,1977.56,impresoras,./assets/img/catalog/impresoras/ACCETI480.jpg,https://static.ctonline.mx/imagenes/ACCETI480/ACCETI480_400.jpg,48h Directa / 1 Año Fábrica,Pedro Moreno 501 A (Entrega Inmediata)
ACCETI490,ACCETI490,"Etiqueta Zebra Z-Perform 2000D Térmica directa 4"" x 2"" (101.6mm x 50.8mm) 10010031 Centro 1"" Ca","Etiqueta Zebra Z-Perform 2000D Térmica directa 4"" x 2"" (101.6mm x 50.8mm) 10010031 Centro 1"" Caja con 6 rollos, cada rollo con 1,240 etiquetas, color blanco, color blanco, para Impresoras Desktop",2000D,d,119.11363636363636,2322.72,119.11,3484.08,3484.08,4645.44,3251.81,2787.26,impresoras,./assets/img/catalog/impresoras/ACCETI490.jpg,https://static.ctonline.mx/imagenes/ACCETI490/ACCETI490_400.jpg,48h Directa / 1 Año Fábrica,Pedro Moreno 501 A (Entrega Inmediata)
ACCETI500,ACCETI500,"Etiqueta Zebra Z-Perform 2000D Térmica directa 3"" x 3"" (76.2mm x 76.2mm) 10010030 Centro 1"" Caj","Etiqueta Zebra Z-Perform 2000D Térmica directa 3"" x 3"" (76.2mm x 76.2mm) 10010030 Centro 1"" Caja con 6 rollos, cada rollo con 840 etiquetas, color blanco, para Impresoras Desktop",2000D,d,103.69318181818181,2022.02,103.69,3033.03,3033.03,4044.04,2830.83,2426.42,impresoras,./assets/img/catalog/impresoras/ACCETI500.jpg,https://static.ctonline.mx/imagenes/ACCETI500/ACCETI500_400.jpg,48h Directa / 1 Año Fábrica,Pedro Moreno 501 A (Entrega Inmediata)
ACCETI510,ACCETI510,"Etiqueta Zebra Z-Perform 2000D Térmica directa 3"" x 2"" (76.2mm x 50.8mm) 10010029 Centro 1"" Caj","Etiqueta Zebra Z-Perform 2000D Térmica directa 3"" x 2"" (76.2mm x 50.8mm) 10010029 Centro 1"" Caja con 6 rollos, cada rollo con 1,240 etiquetas, color blanco, para Impresoras Desktop",2000D,d,84.63636363636364,1650.41,84.64,2475.62,2475.62,3300.82,2310.57,1980.49,impresoras,./assets/img/catalog/impresoras/ACCETI510.jpg,https://static.ctonline.mx/imagenes/ACCETI510/ACCETI510_400.jpg,48h Directa / 1 Año Fábrica,Pedro Moreno 501 A (Entrega Inmediata)
ACCZBR630,ACCZBR630,"Rollo térmico Zebra Z-Perform 1000D 2.4 mil Receipt 4"" x 574' (101.6 mm x 175 m) 10010058 Caja ","Rollo térmico Zebra Z-Perform 1000D 2.4 mil Receipt 4"" x 574' (101.6 mm x 175 m) 10010058 Caja con 6 rollos, Centro 1"" color blanco, para Impresoras Desktop",CT,d,142.5719318181818,2780.15,142.57,4170.23,4170.23,5560.3,3892.21,3336.18,impresoras,./assets/img/catalog/impresoras/ACCZBR630.jpg,https://static.ctonline.mx/imagenes/ACCZBR630/ACCZBR630_400.jpg,48h Directa / 1 Año Fábrica,Pedro Moreno 501 A (Entrega Inmediata)
ACCZBR1330,ACCZBR1330,"Etiqueta Zebra Z-Perform 2000T Transferencia térmica 4""x3"" (101.6x76.2mm) 10000284 Centro 3"" Ca","Etiqueta Zebra Z-Perform 2000T Transferencia térmica 4""x3"" (101.6x76.2mm) 10000284 Centro 3"" Caja con 4 rollos, cada rollo con 2,000 etiquetas, color blanco, para Impresoras Industriales Tabletop",2000T,d,66.3575,1293.97,66.36,1940.95,1940.95,2587.94,1811.56,1552.76,impresoras,./assets/img/catalog/impresoras/ACCZBR1330.jpg,https://static.ctonline.mx/imagenes/ACCZBR1330/ACCZBR1330_400.jpg,48h Directa / 1 Año Fábrica,Pedro Moreno 501 A (Entrega Inmediata)
ACCZBR1410,ACCZBR1410,"Etiqueta Zebra Z-Perform 2000D Térmica directa 4""x4"" (101.6x101.6mm) 10000292 Centro 3"" Caja co","Etiqueta Zebra Z-Perform 2000D Térmica directa 4""x4"" (101.6x101.6mm) 10000292 Centro 3"" Caja con 4 rollos, cada rollo con 1,500 etiquetas, color blanco, para Impresoras Industriales Tabletop",2000D,d,117.53272727272727,2291.89,117.53,3437.84,3437.84,4583.78,3208.65,2750.27,impresoras,./assets/img/catalog/impresoras/ACCZBR1410.jpg,https://static.ctonline.mx/imagenes/ACCZBR1410/ACCZBR1410_400.jpg,48h Directa / 1 Año Fábrica,Pedro Moreno 501 A (Entrega Inmediata)
ACCZBR2190,ACCZBR2190,"Etiqueta Zebra Z-Perform 2000D Térmica directa 2""x1"" (76.2x25.4mm) 10026381 Centro 1"" Caja con ","Etiqueta Zebra Z-Perform 2000D Térmica directa 2""x1"" (76.2x25.4mm) 10026381 Centro 1"" Caja con 6 rollos, cada rollo con 2,340 etiquetas, color blanco, para Impresoras Escritorio Desktop",2000D,d,45.54681818181818,888.16,45.55,1332.24,1332.24,1776.32,1243.42,1065.79,impresoras,./assets/img/catalog/impresoras/ACCZBR2190.jpg,https://static.ctonline.mx/imagenes/ACCZBR2190/ACCZBR2190_400.jpg,48h Directa / 1 Año Fábrica,Pedro Moreno 501 A (Entrega Inmediata)
ACCZBR830,ACCZBR830,"Etiqueta Zebra Z-Select 2000T Transferencia térmica 3""x1"" (76.2x25.4mm) 10000287 Centro 3"" Caja","Etiqueta Zebra Z-Select 2000T Transferencia térmica 3""x1"" (76.2x25.4mm) 10000287 Centro 3"" Caja con 6 rollos, cada rollo con 5,500 etiquetas, color blanco, para Impresoras Industriales Tabletop",2000T,d,98.62704545454545,1923.23,98.63,2884.85,2884.85,3846.46,2692.52,2307.88,impresoras,./assets/img/catalog/impresoras/ACCZBR830.jpg,https://static.ctonline.mx/imagenes/ACCZBR830/ACCZBR830_400.jpg,48h Directa / 1 Año Fábrica,Pedro Moreno 501 A (Entrega Inmediata)
ACCETI1120,ACCETI1120,"Etiqueta Zebra Z-Perform 1500T Trasferencia térmica RFID 4"" x 6"" (101.6mm x 152.4mm) 10038996 C","Etiqueta Zebra Z-Perform 1500T Trasferencia térmica RFID 4"" x 6"" (101.6mm x 152.4mm) 10038996 Centro 3"" (76.2mm) Pieza Unitaria C/1, rollo con 1,000 etiquetas, color blanco, para Impresora Tabletop **REQUIERE RIBBON (CARZBR650)**",1500T,d,102.7159090909091,2002.96,102.72,3004.44,3004.44,4005.92,2804.14,2403.55,impresoras,./assets/img/catalog/impresoras/ACCETI1120.jpg,https://static.ctonline.mx/imagenes/ACCETI1120/ACCETI1120_400.jpg,48h Directa / 1 Año Fábrica,Pedro Moreno 501 A (Entrega Inmediata)
ACCETI370,ACCETI370,"Etiqueta Zebra Z-Perform 2000T Trasferencia térmica 2"" x 1"" (50.8mm x 25.4mm) 10005850 Centro 1","Etiqueta Zebra Z-Perform 2000T Trasferencia térmica 2"" x 1"" (50.8mm x 25.4mm) 10005850 Centro 1"" Caja con 6 rollos, cada rollo con 2,490 etiquetas, color blanco, para Impresora Desktop **REQUIERE RIBBON**",2000T,d,58.13636363636363,1133.66,58.14,1700.49,1700.49,2267.32,1587.12,1360.39,impresoras,./assets/img/catalog/impresoras/ACCETI370.jpg,https://static.ctonline.mx/imagenes/ACCETI370/ACCETI370_400.jpg,48h Directa / 1 Año Fábrica,Pedro Moreno 501 A (Entrega Inmediata)
ACCETI520,ACCETI520,"Etiqueta Zebra Z-Perform 2000T Trasferencia térmica 4"" x 2"" (101.6mm x 50.8mm) 10005851 Centro ","Etiqueta Zebra Z-Perform 2000T Trasferencia térmica 4"" x 2"" (101.6mm x 50.8mm) 10005851 Centro 1"" Caja con 6 rollos, cada rollo con 1,320 etiquetas, color blanco, para Impresora Desktop  **REQUIERE RIBBON**",2000T,d,73.70454545454545,1437.24,73.7,2155.86,2155.86,2874.48,2012.14,1724.69,impresoras,./assets/img/catalog/impresoras/ACCETI520.jpg,https://static.ctonline.mx/imagenes/ACCETI520/ACCETI520_400.jpg,48h Directa / 1 Año Fábrica,Pedro Moreno 501 A (Entrega Inmediata)
ACCETI530,ACCETI530,"Etiqueta Zebra Z-Perform 2000T Transferencia térmica 4"" x 3"" (101.6mm x 76.2mm) 10005852 Centro","Etiqueta Zebra Z-Perform 2000T Transferencia térmica 4"" x 3"" (101.6mm x 76.2mm) 10005852 Centro 1"" Caja con 6 rollos, cada rollo con 890 etiquetas, color blanco, para Impresora Desktop  **REQUIERE RIBBON**",2000T,d,72.60647727272728,1415.83,72.61,2123.74,2123.74,2831.66,1982.16,1699.0,impresoras,./assets/img/catalog/impresoras/ACCETI530.jpg,https://static.ctonline.mx/imagenes/ACCETI530/ACCETI530_400.jpg,48h Directa / 1 Año Fábrica,Pedro Moreno 501 A (Entrega Inmediata)
ACCETI540,ACCETI540,"Etiqueta Zebra Z-Perform 2000T Transferencia térmica 4"" x 6"" (101.6mm x 152.4mm) 10005853 Centr","Etiqueta Zebra Z-Perform 2000T Transferencia térmica 4"" x 6"" (101.6mm x 152.4mm) 10005853 Centro 1"" Caja con 6 rollos, cada rollo con 460 etiquetas, color blanco, para Impresora Desktop  **REQUIERE RIBBON**",2000T,d,53.859545454545454,1050.26,53.86,1575.39,1575.39,2100.52,1470.36,1260.31,impresoras,./assets/img/catalog/impresoras/ACCETI540.jpg,https://static.ctonline.mx/imagenes/ACCETI540/ACCETI540_400.jpg,48h Directa / 1 Año Fábrica,Pedro Moreno 501 A (Entrega Inmediata)
ACCETI440,ACCETI440,"Etiqueta Zebra Z-Select 4000T Transferencia térmica 3"" x 1"" (76.2mm x 25.4mm) 10009528 Centro 1","Etiqueta Zebra Z-Select 4000T Transferencia térmica 3"" x 1"" (76.2mm x 25.4mm) 10009528 Centro 1"" Caja con 6 rollos, cada rollo con 2,580 etiquetas, color blanco, para Impresora Desktop  **REQUIERE RIBBON**",4000T,d,83.34375,1625.2,83.34,2437.8,2437.8,3250.4,2275.28,1950.24,impresoras,./assets/img/catalog/impresoras/ACCETI440.jpg,https://static.ctonline.mx/imagenes/ACCETI440/ACCETI440_400.jpg,48h Directa / 1 Año Fábrica,Pedro Moreno 501 A (Entrega Inmediata)
ACCETI670,ACCETI670,"Etiqueta Zebra Z-Select 4000T Transferencia térmica 3"" x 2"" (76.2mm x 50.8mm) 10009529 Centro 1","Etiqueta Zebra Z-Select 4000T Transferencia térmica 3"" x 2"" (76.2mm x 50.8mm) 10009529 Centro 1"" Caja con 6 rollos, cada rollo con 1,370 etiquetas, color blanco, para Impresora Desktop  **REQUIERE RIBBON**",4000T,d,89.79545454545455,1751.01,89.8,2626.51,2626.51,3502.02,2451.41,2101.21,impresoras,./assets/img/catalog/impresoras/ACCETI670.jpg,https://static.ctonline.mx/imagenes/ACCETI670/ACCETI670_400.jpg,48h Directa / 1 Año Fábrica,Pedro Moreno 501 A (Entrega Inmediata)
ACCETI650,ACCETI650,"Etiqueta Zebra Z-Perform 2000T Transferencia térmica 3"" x 2"" (76.2mm x 50.8mm) 10000286 Centro ","Etiqueta Zebra Z-Perform 2000T Transferencia térmica 3"" x 2"" (76.2mm x 50.8mm) 10000286 Centro 3"" Caja con 6 rollos, cada rollo con 2,750 etiquetas, color blanco, para Impresoras Tabletop (Industriales)  **REQUIERE RIBBON**",2000T,d,81.56863636363636,1590.59,81.57,2385.88,2385.88,3181.18,2226.83,1908.71,impresoras,./assets/img/catalog/impresoras/ACCETI650.jpg,https://static.ctonline.mx/imagenes/ACCETI650/ACCETI650_400.jpg,48h Directa / 1 Año Fábrica,Pedro Moreno 501 A (Entrega Inmediata)
ACCETI410,ACCETI410,"Etiqueta Zebra Z-Perform 2000T Transferencia térmica 4"" x 2"" (101.6mm x 50.8mm) 10000285 Centro","Etiqueta Zebra Z-Perform 2000T Transferencia térmica 4"" x 2"" (101.6mm x 50.8mm) 10000285 Centro 3"" Caja con 4 rollos, cada rollo con 2,750 etiquetas, color blanco, para Impresoras Tabletop (Industriales)",2000T,d,70.13636363636364,1367.66,70.14,2051.49,2051.49,2735.32,1914.72,1641.19,impresoras,./assets/img/catalog/impresoras/ACCETI410.jpg,https://static.ctonline.mx/imagenes/ACCETI410/ACCETI410_400.jpg,48h Directa / 1 Año Fábrica,Pedro Moreno 501 A (Entrega Inmediata)
ACCZBR280,ACCZBR280,"Etiqueta Zebra Z-Perform 2000T Transferencia térmica 4"" x 6"" (101.6mm x 152.4mm) 10000281 Centr","Etiqueta Zebra Z-Perform 2000T Transferencia térmica 4"" x 6"" (101.6mm x 152.4mm) 10000281 Centro 3"" Caja con 4 rollos, cada rollo con 1,000 etiquetas, color blanco, para Impresoras Tabletop (Industriales)  **REQUIERE RIBBON**",2000T,d,60.58477272727273,1181.4,60.58,1772.1,1772.1,2362.8,1653.96,1417.68,impresoras,./assets/img/catalog/impresoras/ACCZBR280.jpg,https://static.ctonline.mx/imagenes/ACCZBR280/ACCZBR280_400.jpg,48h Directa / 1 Año Fábrica,Pedro Moreno 501 A (Entrega Inmediata)
ACCETI390,ACCETI390,"Etiqueta Zebra Z-Perform 2000T Transferencia térmica 2"" x 1"" (50.8mm x 25.4mm) 10000288 Centro ","Etiqueta Zebra Z-Perform 2000T Transferencia térmica 2"" x 1"" (50.8mm x 25.4mm) 10000288 Centro 3"" Caja con 10 rollos, cada rollo con 5,500 etiquetas, color blanco, para Impresoras Tabletop (Industriales)  **REQUIERE RIBBON**",2000T,d,101.74431818181817,1984.01,101.74,2976.01,2976.01,3968.02,2777.61,2380.81,impresoras,./assets/img/catalog/impresoras/ACCETI390.jpg,https://static.ctonline.mx/imagenes/ACCETI390/ACCETI390_400.jpg,48h Directa / 1 Año Fábrica,Pedro Moreno 501 A (Entrega Inmediata)
ACCETI360,ACCETI360,"Etiqueta Zebra Z-Perform 1000D Térmica directa 4"" x 2"" (101.6mm x 50.8mm) 10003051 Centro 3"" Ca","Etiqueta Zebra Z-Perform 1000D Térmica directa 4"" x 2"" (101.6mm x 50.8mm) 10003051 Centro 3"" Caja con 4 rollos, cada rollo con 2,760, color blanco, para Impresoras Tabletop (Industriales)",1000D,d,83.92045454545453,1636.45,83.92,2454.68,2454.68,3272.9,2291.03,1963.74,impresoras,./assets/img/catalog/impresoras/ACCETI360.jpg,https://static.ctonline.mx/imagenes/ACCETI360/ACCETI360_400.jpg,48h Directa / 1 Año Fábrica,Pedro Moreno 501 A (Entrega Inmediata)
ACCZBR1300,ACCZBR1300,"Etiqueta Zebra Z-Perform 2000D Térmica directa 4"" x 6"" (101.6mm x 152.4mm) 10000290 Centro 3"" C","Etiqueta Zebra Z-Perform 2000D Térmica directa 4"" x 6"" (101.6mm x 152.4mm) 10000290 Centro 3"" Caja con 4 rollos, cada rollo con 1,000 etiquetas, color blanco, para Impresoras Tabletop (Industriales)",2000D,d,95.59636363636363,1864.13,95.6,2796.2,2796.2,3728.26,2609.78,2236.96,impresoras,./assets/img/catalog/impresoras/ACCZBR1300.jpg,https://static.ctonline.mx/imagenes/ACCZBR1300/ACCZBR1300_400.jpg,48h Directa / 1 Año Fábrica,Pedro Moreno 501 A (Entrega Inmediata)
ACCZBR1150,ACCZBR1150,"Etiqueta Zebra Z-Perform 2000D Térmica directa 2"" x 1"" (50.8mm x 25.4mm) 10000298 Centro 3"" Caj","Etiqueta Zebra Z-Perform 2000D Térmica directa 2"" x 1"" (50.8mm x 25.4mm) 10000298 Centro 3"" Caja con 8 rollos, cada rollo con 5,500 etiquetas, color blanco, para Impresoras Tabletop (Industriales)",2000D,d,181.25,3534.38,181.25,5301.57,5301.57,7068.76,4948.13,4241.26,impresoras,./assets/img/catalog/impresoras/ACCZBR1150.jpg,https://static.ctonline.mx/imagenes/ACCZBR1150/ACCZBR1150_400.jpg,48h Directa / 1 Año Fábrica,Pedro Moreno 501 A (Entrega Inmediata)
ACCZBR1560,ACCZBR1560,"Etiqueta Zebra Z-Perform 1000D Térmica directa 2"" x 1"" (50.8mm x 25.4mm) LD-R7MU5P Centro 0.75""","Etiqueta Zebra Z-Perform 1000D Térmica directa 2"" x 1"" (50.8mm x 25.4mm) LD-R7MU5P Centro 0.75"" Caja con 36 rollos, cada rollo con 350 etiquetas, color blanco, para Impresoras Mobile ZQ610, ZQ620, ZQ510, QLn220, QLn320, QLn420, RW220, RW420",1000D,d,98.68181818181819,1924.3,98.68,2886.45,2886.45,3848.6,2694.02,2309.16,impresoras,./assets/img/catalog/impresoras/ACCZBR1560.jpg,https://static.ctonline.mx/imagenes/ACCZBR1560/ACCZBR1560_400.jpg,48h Directa / 1 Año Fábrica,Pedro Moreno 501 A (Entrega Inmediata)
ACCETI840,ACCETI840,"Etiqueta con recubrimiento Zebra Z-Select 4000D Térmica directa 3"" x 2"" (76.2mm x 50.8mm) 10001","Etiqueta con recubrimiento Zebra Z-Select 4000D Térmica directa 3"" x 2"" (76.2mm x 50.8mm) 10001962 Centro 0.75"" Caja con 36 rollos, cada rollo con 210 etiquetas, color blanco, para Impresoras Mobile ZQ620, ZQ520, QLn320, QLn420, P4T",CT,d,174.0477272727273,3393.93,174.05,5090.89,5090.89,6787.86,4751.5,4072.72,impresoras,./assets/img/catalog/impresoras/ACCETI840.jpg,https://static.ctonline.mx/imagenes/ACCETI840/ACCETI840_400.jpg,48h Directa / 1 Año Fábrica,Pedro Moreno 501 A (Entrega Inmediata)
ACCETI850,ACCETI850,"Etiqueta Zebra Z-Perform 1000D Térmica directa 3"" x 1"" (76.2mm x 25.4mm) 10026369 Centro 0.75"" ","Etiqueta Zebra Z-Perform 1000D Térmica directa 3"" x 1"" (76.2mm x 25.4mm) 10026369 Centro 0.75"" Caja con 36 rollos, cada rollo con 430 etiquetas, color blanco, para Impresoras Mobile ZQ620, ZQ520, QLn320, QLn420, P4T",1000D,d,158.29545454545456,3086.76,158.3,4630.14,4630.14,6173.52,4321.46,3704.11,impresoras,./assets/img/catalog/impresoras/ACCETI850.jpg,https://static.ctonline.mx/imagenes/ACCETI850/ACCETI850_400.jpg,48h Directa / 1 Año Fábrica,Pedro Moreno 501 A (Entrega Inmediata)
ACCETI550,ACCETI550,"Etiqueta de Polyester Zebra Z-Ultimate 3000T Transferencia térmica 2"" x 1"" (50.8mm x 25.4mm) 10","Etiqueta de Polyester Zebra Z-Ultimate 3000T Transferencia térmica 2"" x 1"" (50.8mm x 25.4mm) 10001823 Centro 1"" Pieza unitaria, rollo con 2,530 etiquetas, color PLATA, para Impresora Desktop  **REQUIERE RIBBON**",CT,d,37.5,731.25,37.5,1096.88,1096.88,1462.5,1023.75,877.5,impresoras,./assets/img/catalog/impresoras/ACCETI550.jpg,https://static.ctonline.mx/imagenes/ACCETI550/ACCETI550_400.jpg,48h Directa / 1 Año Fábrica,Pedro Moreno 501 A (Entrega Inmediata)
IMPEVL130,IMPEVL130,"Impresora EVOLIS AVANSIA (AV1H0000BD) Impresión a por ambos lados, Alimentador de 250 tarjetas,","Impresora EVOLIS AVANSIA (AV1H0000BD) Impresión a por ambos lados, Alimentador de 250 tarjetas, velocidad de impresión de 144 tarjetas por hora una cara 96 tarjetas por hora ambas caras, 600 dpi, interface USB y Ethernet, impresión por retranferencia garantía de 3 años en impresora y garantía de por vida en cabezal.  Driver para Windows, Incluye Software IDALL-E1 ID-ALL STARTER",EVOLIS,d,3956.25,77146.88,3956.25,115720.32,115720.32,154293.76,108005.63,92576.26,impresoras,./assets/img/catalog/impresoras/IMPEVL130.jpg,https://static.ctonline.mx/imagenes/IMPEVL130/IMPEVL130_400.jpg,48h Directa / 1 Año Fábrica,Pedro Moreno 501 A (Entrega Inmediata)
IMPEVL220,IMPEVL220,"Impresora EVOLIS EPX300 ( EPX300-PD-A ) Impresión a por ambos lados, Panel de control LED, inte","Impresora EVOLIS EPX300 ( EPX300-PD-A ) Impresión a por ambos lados, Panel de control LED, interface USB (1.0, 1.1, 2.0, 3.0), Impresión de borde a borde, Calidad de impresión: 16 millones de colores, Alimentador de 100 tarjetas, velocidad de impresión de hasta 170 tarjetas por hora, Resolución  En color y monocromo: 300x300 dpi y 300x600 dpi - En monocromo: 300x1200 dpi, Incluye Software Evolis Premium Suite para Windows, Mac y Linux, garantía de 2 años.",EVOLIS,d,1135.2272727272727,22136.93,1135.23,33205.4,33205.4,44273.86,30991.7,26564.32,impresoras,./assets/img/catalog/impresoras/IMPEVL220.jpg,https://static.ctonline.mx/imagenes/IMPEVL220/IMPEVL220_400.jpg,48h Directa / 1 Año Fábrica,Pedro Moreno 501 A (Entrega Inmediata)
KITBAD040,KITBAD040,"KIT DE LIMPIEZA REGULAR PARA IMPRESORA BADGY, contiene 2 tarjetas T para limpieza de rodillos, ","KIT DE LIMPIEZA REGULAR PARA IMPRESORA BADGY, contiene 2 tarjetas T para limpieza de rodillos, 1 pluma para limpieza de cabezal, ambos contienen alcohol isopropílico, para IMPRESORA BADGY100 o BADGY200 No. de parte: (ACL008)",KIT,d,11.931818181818182,232.67,11.93,349.0,349.0,465.34,325.74,279.2,impresoras,./assets/img/catalog/impresoras/KITBAD040.jpg,https://static.ctonline.mx/imagenes/KITBAD040/KITBAD040_400.jpg,48h Directa / 1 Año Fábrica,Pedro Moreno 501 A (Entrega Inmediata)
KITBAD060,KITBAD060,Kit de credencialización BADGY100 ( B12U0000RS ) que incluye una impresora para tarjetas de PVC,"Kit de credencialización BADGY100 ( B12U0000RS ) que incluye una impresora para tarjetas de PVC, Interfase: USB (Impresión a color por un solo lado), superficie de impresion: Magen de 1.55mm., Velocidad de impresion: 45 s/tarjeta – 80 tarjetas/hora, Software Evolis Badge Studio® Version estandard, 1 cintas de color para imprimir 50 credenciales, 50 tarjetas de PVC Blancas de 30 milésimas de grosor.",BADGY100,d,523.9204545454545,10216.45,523.92,15324.68,15324.68,20432.9,14303.03,12259.74,impresoras,./assets/img/catalog/impresoras/KITBAD060.jpg,https://static.ctonline.mx/imagenes/KITBAD060/KITBAD060_400.jpg,48h Directa / 1 Año Fábrica,Pedro Moreno 501 A (Entrega Inmediata)
KITBAD070,KITBAD070,Kit de credencialización BADGY200 ( B22U0000RS ) que incluye una impresora para tarjetas de PVC,"Kit de credencialización BADGY200 ( B22U0000RS ) que incluye una impresora para tarjetas de PVC, Interfase: USB (Impresión a color por un solo lado), superficie de impresion: Borde a Borde, Velocidad de impresión: 38 s/tarjeta – 95 tarjetas/hora, Software Evolis Badge Studio® version + ( importación desde bases de datos), 1 cintas de color para imprimir 100 credenciales, 100 tarjetas de PVC Blancas de 30 milésimas de grosor.",BADGY200,d,671.5909090909091,13096.02,671.59,19644.03,19644.03,26192.04,18334.43,15715.22,impresoras,./assets/img/catalog/impresoras/KITBAD070.jpg,https://static.ctonline.mx/imagenes/KITBAD070/KITBAD070_400.jpg,48h Directa / 1 Año Fábrica,Pedro Moreno 501 A (Entrega Inmediata)
IMPTCH080,IMPTCH080,"Impresora Termica Portatil Techzone TZBEP03 Inalambrica Bluetooth, Interfaz: Interfaz: USB + BT","Impresora Termica Portatil Techzone TZBEP03 Inalambrica Bluetooth, Interfaz: Interfaz: USB + BT. Comandos: 1D: UPC-A, UPC-E, EAN-8, EAN-13, QR CODE, CODE 39, ITF, CODE 128 . CODE 93. Velocidad: 80mm/s. Resolución de la impresión: 203dpi (8 dots/mm). Tamaño del rollo: 58mm. Vida útil: 50Km. Corte: Retura manual. Batería: Incluye batería recargable de litio de 7.4V con capacidad de 1800mAh (Duración de 8 hrs.). Compatible con: Windows ®, Linux ®, JPOS ®.SDK ®, Android ® y MacOS ®. Color: Negro. Garantía: 1 año.",CT,m,582.0454545454546,582.05,29.85,873.07,873.07,1164.1,814.87,698.46,impresoras,./assets/img/catalog/impresoras/IMPTCH080.jpg,https://static.ctonline.mx/imagenes/IMPTCH080/IMPTCH080_400.jpg,48h Directa / 1 Año Fábrica,Pedro Moreno 501 A (Entrega Inmediata)
IMPTCH090,IMPTCH090,Impresora Térmica Techzone TZPOIMT01 con velocidad de impresión de 90mm/s y tamaño para papel t,"Impresora Térmica Techzone TZPOIMT01 con velocidad de impresión de 90mm/s y tamaño para papel térmico de: 58mm, Conexiones: USB/RJ11, cuenta con capacidad de imprimir códigos tipo: UPC-A, UPC-E, EAN-13, EAN-8, CODE39, ITF, CODEBAR, CODE93, CODE128 y QR. Color: Negro. Garantía: 1 año.",TZPOIMT01,m,566.25,566.25,29.04,849.38,849.38,1132.5,792.75,679.5,impresoras,./assets/img/catalog/impresoras/IMPTCH090.jpg,https://static.ctonline.mx/imagenes/IMPTCH090/IMPTCH090_400.jpg,48h Directa / 1 Año Fábrica,Pedro Moreno 501 A (Entrega Inmediata)
IMPTCH050,IMPTCH050,"IMPRESORA TERMICA TZBE102 marca TECHZONE Conector: serial, USB y RJ11. Velocidad: 200 mm/s, Res","IMPRESORA TERMICA TZBE102 marca TECHZONE Conector: serial, USB y RJ11. Velocidad: 200 mm/s, Resolución de impresión: 576p/l, Tamaño de rollo: 80mm, Corte: automático Tiempo de vida: 5 años.",IMPRESORA,m,1698.75,1698.75,87.12,2548.12,2548.12,3397.5,2378.25,2038.5,impresoras,./assets/img/catalog/impresoras/IMPTCH050.jpg,https://static.ctonline.mx/imagenes/IMPTCH050/IMPTCH050_400.jpg,48h Directa / 1 Año Fábrica,Pedro Moreno 501 A (Entrega Inmediata)
IMPTCH060,IMPTCH060,"Impresora Térmica Techzone TZBE202 Conector: serial, USB, ethernet y RJ11. Velocidad: 300mm/s, ","Impresora Térmica Techzone TZBE202 Conector: serial, USB, ethernet y RJ11. Velocidad: 300mm/s, Resolución de impresión: 576p/l, Tamaño de rollo: 80mm, Corte: automático. Tiempo de vida: 5 años. Color: Negro. Garantía: 1 año.",TZBE202,m,2056.818181818182,2056.82,105.48,3085.23,3085.23,4113.64,2879.55,2468.18,impresoras,./assets/img/catalog/impresoras/IMPTCH060.jpg,https://static.ctonline.mx/imagenes/IMPTCH060/IMPTCH060_400.jpg,48h Directa / 1 Año Fábrica,Pedro Moreno 501 A (Entrega Inmediata)
IMPTCH070,IMPTCH070,"Impresora Térmica Techzone TZBE400 marca TECHZONE Conector: serial, USB y RjJ11. Velocidad: 260","Impresora Térmica Techzone TZBE400 marca TECHZONE Conector: serial, USB y RjJ11. Velocidad: 260mm/s, Resolución de impresión: 576p/l, Tamaño de rollo: 80mm, Corte: automático. Tiempo de vida: 5 años. Color: Negro. Garantía: 1 año.",TZBE400,m,1703.3522727272727,1703.35,87.35,2555.02,2555.02,3406.7,2384.69,2044.02,impresoras,./assets/img/catalog/impresoras/IMPTCH070.jpg,https://static.ctonline.mx/imagenes/IMPTCH070/IMPTCH070_400.jpg,48h Directa / 1 Año Fábrica,Pedro Moreno 501 A (Entrega Inmediata)
IMPTCH010,IMPTCH010,"Impresora Térmica Techzone TZBE301 marca TECHZONE Conector: serial , USB, ethernet y rj11. Velo","Impresora Térmica Techzone TZBE301 marca TECHZONE Conector: serial , USB, ethernet y rj11. Velocidad 300 mm/s, Resolución de impresión 203p/l, Tamaño de rollo: 80mm, Corte: automático. Tiempo de vida: 5 años. Color: Negro. Garantía: 1 año.",TZBE301,m,2210.2272727272725,2210.23,113.35,3315.35,3315.35,4420.46,3094.32,2652.28,impresoras,./assets/img/catalog/impresoras/IMPTCH010.jpg,https://static.ctonline.mx/imagenes/IMPTCH010/IMPTCH010_400.jpg,48h Directa / 1 Año Fábrica,Pedro Moreno 501 A (Entrega Inmediata)
IMPTCH100,IMPTCH100,"Impresora Térmica WIFI y Ethernet Techzone TZPOIMW con puertos: USB, Ethernet, Wifi y RJ11, Vel","Impresora Térmica WIFI y Ethernet Techzone TZPOIMW con puertos: USB, Ethernet, Wifi y RJ11, Velocidad de impresión: 260 mm/s, Consumible Papel térmico, Ancho de papel y largo del papel: 80 mm ancho x 83 mm. Buffer: 512 Kb, ROM/SRAM Flash: 144Kb. Cortador Automático. Tipo de códigos: UPC-A, UPC-E, EAN-13, EAN8, CODE39, ITF,  CODEBAR, CODE93,  CODE128. Compatibilidad: Windows®, Linux®, MacOS® y Android®. Color: Negro. Garantía: 1 año.",WIFI,m,2042.6136363636363,2042.61,104.75,3063.91,3063.91,4085.22,2859.65,2451.13,impresoras,./assets/img/catalog/impresoras/IMPTCH100.jpg,https://static.ctonline.mx/imagenes/IMPTCH100/IMPTCH100_400.jpg,48h Directa / 1 Año Fábrica,Pedro Moreno 501 A (Entrega Inmediata)
IMPTCH030,IMPTCH030,"Impresora Térmica para COCINA Techzone TZBE302E Conector: USB, ethernet y rj11. Velocidad: 300m","Impresora Térmica para COCINA Techzone TZBE302E Conector: USB, ethernet y rj11. Velocidad: 300mm/s, Resolución de impresión: 203p/l, Tamaño de rollo: 80mm, Corte: automático Tiempo de vida: 5 años. Color: Negro. Garantía: 1 año.",COCINA,m,2403.9772727272725,2403.98,123.28,3605.97,3605.97,4807.96,3365.57,2884.78,impresoras,./assets/img/catalog/impresoras/IMPTCH030.jpg,https://static.ctonline.mx/imagenes/IMPTCH030/IMPTCH030_400.jpg,48h Directa / 1 Año Fábrica,Pedro Moreno 501 A (Entrega Inmediata)
IMPTCH110,IMPTCH110,"Impresora térmica para cocina TZBE302E-C marca TECHZONE Conector: USB, ethernet y rj11. Velocid","Impresora térmica para cocina TZBE302E-C marca TECHZONE Conector: USB, ethernet y rj11. Velocidad: 300mm/s, Resolución de impresión: 203 p/l, Tamaño de rollo: 80mm, Corte: automático completo, Alarma; sonora y de led Tiempo de garantía :1 año",CT,m,2634.693181818182,2634.69,135.11,3952.03,3952.03,5269.38,3688.57,3161.63,impresoras,./assets/img/catalog/impresoras/IMPTCH110.jpg,https://static.ctonline.mx/imagenes/IMPTCH110/IMPTCH110_400.jpg,48h Directa / 1 Año Fábrica,Pedro Moreno 501 A (Entrega Inmediata)
IMPNTE010,IMPNTE010,Mini Impresora  Nextep Térmica 58 mm USB Nextep NE-510 Utiliza rollos de papel térmico estándar,"Mini Impresora  Nextep Térmica 58 mm USB Nextep NE-510 Utiliza rollos de papel térmico estándar de hasta 58 mm de ancho 90 mm/seg Puertos UBS, RJ11",CT,m,367.04545454545456,367.05,18.82,550.58,550.58,734.1,513.87,440.46,impresoras,./assets/img/catalog/impresoras/IMPNTE010.jpg,https://static.ctonline.mx/imagenes/IMPNTE010/IMPNTE010_400.jpg,48h Directa / 1 Año Fábrica,Pedro Moreno 501 A (Entrega Inmediata)
IMPNTE020,IMPNTE020,Mini Impresora POS Nextep Térmica NE-511 80mm USB/RJ11/LAN Utiliza rollos de papel térmico está,Mini Impresora POS Nextep Térmica NE-511 80mm USB/RJ11/LAN Utiliza rollos de papel térmico estándar de hasta 80mm de ancho Cortador de papel automático 203 dpi velocidad 160  mm/s,POS,m,1056.8181818181818,1056.82,54.2,1585.23,1585.23,2113.64,1479.55,1268.18,impresoras,./assets/img/catalog/impresoras/IMPNTE020.jpg,https://static.ctonline.mx/imagenes/IMPNTE020/IMPNTE020_400.jpg,48h Directa / 1 Año Fábrica,Pedro Moreno 501 A (Entrega Inmediata)
IMPNTE030,IMPNTE030,Mini Impresora POS Nextep NE-512 Térmica Portátil 58 mm USB Bluetooth velocidad90 mm/s  Imprime,"Mini Impresora POS Nextep NE-512 Térmica Portátil 58 mm USB Bluetooth velocidad90 mm/s  Imprime: texto, caracteres, códigos de barra, códigos QR Con Windows, Java, Android, IOS, Linux USB, Bluetooth 2.0, RS232 Cortador de papel manual Incluye batería recargable 7.4V 1500 mAh Incluye fuente de poder, manual de instructivo y cd de instalación.",POS,m,1021.5909090909091,1021.59,52.39,1532.38,1532.38,2043.18,1430.23,1225.91,impresoras,./assets/img/catalog/impresoras/IMPNTE030.jpg,https://static.ctonline.mx/imagenes/IMPNTE030/IMPNTE030_400.jpg,48h Directa / 1 Año Fábrica,Pedro Moreno 501 A (Entrega Inmediata)
IMPNTE040,IMPNTE040,"Mini Impresora Nextep Térmica NE-513 de Etiquetas 102mm (4"") USB Puede utilizar etiqueta de imp","Mini Impresora Nextep Térmica NE-513 de Etiquetas 102mm (4"") USB Puede utilizar etiqueta de impresión térmica o rollo térmico rango 40mm a 110mm velocidad 160mm seg. Ideal para etiquetado de productos y paquetes.",CT,m,1620.4545454545455,1620.45,83.1,2430.68,2430.68,3240.9,2268.63,1944.54,impresoras,./assets/img/catalog/impresoras/IMPNTE040.jpg,https://static.ctonline.mx/imagenes/IMPNTE040/IMPNTE040_400.jpg,48h Directa / 1 Año Fábrica,Pedro Moreno 501 A (Entrega Inmediata)
IMPNTE060,IMPNTE060,"Mini Impresora Nextep Térmica NE-511X 80MM USB/RJ11/LAN Cortador Automatico, velocidad de impre","Mini Impresora Nextep Térmica NE-511X 80MM USB/RJ11/LAN Cortador Automatico, velocidad de impresión  200mm/s",CT,m,1142.0454545454545,1142.05,58.57,1713.07,1713.07,2284.1,1598.87,1370.46,impresoras,./assets/img/catalog/impresoras/IMPNTE060.jpg,https://static.ctonline.mx/imagenes/IMPNTE060/IMPNTE060_400.jpg,48h Directa / 1 Año Fábrica,Pedro Moreno 501 A (Entrega Inmediata)
IMPNTE050,IMPNTE050,Mini Impresora Nextep Térmica NE-512B 80MM USB/Bluetooth Velocidad de Impresión 70mm/s,Mini Impresora Nextep Térmica NE-512B 80MM USB/Bluetooth Velocidad de Impresión 70mm/s,CT,m,1232.9545454545455,1232.95,63.23,1849.43,1849.43,2465.9,1726.13,1479.54,impresoras,./assets/img/catalog/impresoras/IMPNTE050.jpg,https://static.ctonline.mx/imagenes/IMPNTE050/IMPNTE050_400.jpg,48h Directa / 1 Año Fábrica,Pedro Moreno 501 A (Entrega Inmediata)
IMPNTE070,IMPNTE070,Impresora Térmica Nextep NE-510x 58mm USB/BLUETOOTH Velocidad de impresión 90 seg Resolución 20,Impresora Térmica Nextep NE-510x 58mm USB/BLUETOOTH Velocidad de impresión 90 seg Resolución 203 dpi,CT,m,437.5,437.5,22.44,656.25,656.25,875.0,612.5,525.0,impresoras,./assets/img/catalog/impresoras/IMPNTE070.jpg,https://static.ctonline.mx/imagenes/IMPNTE070/IMPNTE070_400.jpg,48h Directa / 1 Año Fábrica,Pedro Moreno 501 A (Entrega Inmediata)
IMPNEX010,IMPNEX010,Impresora Térmica Nextep NE-510E 58 mm USB Papel Rollo Térmico de 58 y 57 x 30 MM de ancho Velo,"Impresora Térmica Nextep NE-510E 58 mm USB Papel Rollo Térmico de 58 y 57 x 30 MM de ancho Velocidad 90mm/seg Interfaz USB, RJ11 peso 330 gramos  Cortador Manual",NE-510E,m,331.1363636363636,331.14,16.98,496.71,496.71,662.28,463.6,397.37,impresoras,./assets/img/catalog/impresoras/IMPNEX010.jpg,https://static.ctonline.mx/imagenes/IMPNEX010/IMPNEX010_400.jpg,48h Directa / 1 Año Fábrica,Pedro Moreno 501 A (Entrega Inmediata)
IMPNEX020,IMPNEX020,Impresora Térmica Nextep NE-511E 80mm Interfaz USB/RJ11/LAN Cortador Automático Velocidad de Im,Impresora Térmica Nextep NE-511E 80mm Interfaz USB/RJ11/LAN Cortador Automático Velocidad de Impresión 200 mm/seg  Dimensiones 17.3x12.8x13.1 cm Peso 850 g,NE-511E,m,880.6818181818181,880.68,45.16,1321.02,1321.02,1761.36,1232.95,1056.82,impresoras,./assets/img/catalog/impresoras/IMPNEX020.jpg,https://static.ctonline.mx/imagenes/IMPNEX020/IMPNEX020_400.jpg,48h Directa / 1 Año Fábrica,Pedro Moreno 501 A (Entrega Inmediata)
SCAEVO010,SCAEVO010,"Lector de Código de Barras USB 1D EVOTEC EV-3001, lineal con gatillo, uso cómodo, lee fácilment","Lector de Código de Barras USB 1D EVOTEC EV-3001, lineal con gatillo, uso cómodo, lee fácilmente todos los códigos de barras lineales, procesador de alto rendimiento, configuración de múltiples idiomas y sistemas. Especificaciones: Interfaz USB plug & play, dimensiones 50x70x96 mm, tipo de escaneo: láser, fuente de luz: diodo láser visual, tiempo de decodificación 4000ms, profundidad de campo: 10-380mm, modo de escaneo: manual, continuo, intermitente.",CT,m,327.77777777777777,327.78,16.81,491.67,491.67,655.56,458.89,393.34,impresoras,./assets/img/catalog/impresoras/SCAEVO010.jpg,https://static.ctonline.mx/imagenes/SCAEVO010/SCAEVO010_400.jpg,48h Directa / 1 Año Fábrica,Pedro Moreno 501 A (Entrega Inmediata)
SCAEVO020,SCAEVO020,"Lector de Código de Barras USB 2D EVOTEC EV-3002, lineal con gatillo, uso cómodo, lee fácilment","Lector de Código de Barras USB 2D EVOTEC EV-3002, lineal con gatillo, uso cómodo, lee fácilmente todos los códigos de barras bidireccionales y lineales, procesador de alto rendimiento, configuración de múltiples idiomas y sistemas. Especificaciones: Interfaz USB plug & play, dimensiones 50x70x96 mm, tipo de escaneo: láser, fuente de luz: diodo láser visual, tiempo de decodificación 4000ms, profundidad de campo: 10-380mm, modo de escaneo: manual, continuo, intermitente.",CT,m,388.88888888888886,388.89,19.94,583.34,583.34,777.78,544.45,466.67,impresoras,./assets/img/catalog/impresoras/SCAEVO020.jpg,https://static.ctonline.mx/imagenes/SCAEVO020/SCAEVO020_400.jpg,48h Directa / 1 Año Fábrica,Pedro Moreno 501 A (Entrega Inmediata)
SCAEVO030,SCAEVO030,"EVOTEC Escáner Inalámbrico 1 D, Con Base, Escáner Color Negro Con Azul, Tipo De Escáner Laser E","EVOTEC Escáner Inalámbrico 1 D, Con Base, Escáner Color Negro Con Azul, Tipo De Escáner Laser EV-3006",EVOTEC,m,611.1111111111111,611.11,31.34,916.66,916.66,1222.22,855.55,733.33,impresoras,./assets/img/catalog/impresoras/SCAEVO030.jpg,https://static.ctonline.mx/imagenes/SCAEVO030/SCAEVO030_400.jpg,48h Directa / 1 Año Fábrica,Pedro Moreno 501 A (Entrega Inmediata)
SCAEVO040,SCAEVO040,"EVOTEC Escáner Inalámbrico 2 D, Con Base, Escáner Color Negro Con Azul, Tipo De Escáner Laser E","EVOTEC Escáner Inalámbrico 2 D, Con Base, Escáner Color Negro Con Azul, Tipo De Escáner Laser EV-3007",EVOTEC,m,666.6666666666666,666.67,34.19,1000.0,1000.0,1333.34,933.34,800.0,impresoras,./assets/img/catalog/impresoras/SCAEVO040.jpg,https://static.ctonline.mx/imagenes/SCAEVO040/SCAEVO040_400.jpg,48h Directa / 1 Año Fábrica,Pedro Moreno 501 A (Entrega Inmediata)
SCAEVO050,SCAEVO050,"Evotec escaner,, Evotec escaner de codigos de barras 2d para escritorio Modelo: EV-3008","Evotec escaner,, Evotec escaner de codigos de barras 2d para escritorio Modelo: EV-3008",CT,m,901.1111111111111,901.11,46.21,1351.66,1351.66,1802.22,1261.55,1081.33,impresoras,./assets/img/catalog/impresoras/SCAEVO050.jpg,https://static.ctonline.mx/imagenes/SCAEVO050/SCAEVO050_400.jpg,48h Directa / 1 Año Fábrica,Pedro Moreno 501 A (Entrega Inmediata)
IMPEVO010,IMPEVO010,"Impresora de etiquetas EVOTEC EV-3004, velocidad de impresión:152 mm/s, impresión: largo 1778mm","Impresora de etiquetas EVOTEC EV-3004, velocidad de impresión:152 mm/s, impresión: largo 1778mm ancho: 108mm, rollo de papel: ancho 26-116mm, espesor de papel: 0.06-0.254mm, tipos de medios: continuo, hueco, marca, negra, pliegue de abanico y agujero perforado, código de barras 1D, código 39, código 93, código 128UCC, código 128 subconjuntos A,B,C, Codabar Interleaved 2 de 5, dígitos adicionales, MSI, PLESSEY, PORTNET, China, POST, GS1, DataBar, código 11, código de barras 2D, PDF, 417, Maxicode, Datamatrix, código QR Aztec, Confiabilidad: vida del cabezal de la impresora: 50KM, Puerto /USB, resolución 203dpi, Controladores: Windows/Linux/Mac, peso bruto: 2.25kg, dimensiones: 29.4x20.8x18.2 cm, color negro.",EVOTEC,m,1798.1555555555553,1798.16,92.21,2697.24,2697.24,3596.32,2517.42,2157.79,impresoras,./assets/img/catalog/impresoras/IMPEVO010.jpg,https://static.ctonline.mx/imagenes/IMPEVO010/IMPEVO010_400.jpg,48h Directa / 1 Año Fábrica,Pedro Moreno 501 A (Entrega Inmediata)
IMPEVO020,IMPEVO020,"Impresora térmica de tickets EVOTEC EV-3005, velocidad de impresión: 160 mm/s, 230mm/s, 260/s, ","Impresora térmica de tickets EVOTEC EV-3005, velocidad de impresión: 160 mm/s, 230mm/s, 260/s, rollo de papel: anchura del papel 79.5- 05mm diámetro: 83mm, capacidad de columna: 576 puntos/línea o 512 puntos/línea, tamaño de caracteres ANK, fuente a 12x24 puntos, fuente B 9x17 puntos, Chino tradicional 24x24 puntos, comando compatible con ESC/PO, interfaz RJ11 para conectar al cajón de dinero, cortadora automática completa o parcial, confiabilidad: vida del cabezal de la impresora: 100KM, código de barras UPC-C, UPC-E, JAN13(EAN13), JAN8(EAN8), CODE39, ITF, CODABAR, CODE93, CODE128, espesor del papel: 0.06-0.08, Puerto /USB, resolución 203dpi, Controladores: Windows/Linux/Mac, peso bruto: 1.72kg, dimensiones: 28.4x17x18 cm, color negro.",CT,m,1660.0,1660.0,85.13,2490.0,2490.0,3320.0,2324.0,1992.0,impresoras,./assets/img/catalog/impresoras/IMPEVO020.jpg,https://static.ctonline.mx/imagenes/IMPEVO020/IMPEVO020_400.jpg,48h Directa / 1 Año Fábrica,Pedro Moreno 501 A (Entrega Inmediata)
IMPHOS010,IMPHOS010,Mini Printer Hostech HT-100 Térmica 80mm USB + Internet Negro,Mini Printer Hostech HT-100 Térmica 80mm USB + Internet Negro,HT-100,m,711.1666666666666,711.17,36.47,1066.75,1066.75,1422.34,995.64,853.4,impresoras,./assets/img/catalog/impresoras/IMPHOS010.jpg,https://static.ctonline.mx/imagenes/IMPHOS010/IMPHOS010_400.jpg,48h Directa / 1 Año Fábrica,Pedro Moreno 501 A (Entrega Inmediata)
IMPVGO010,IMPVGO010,Mini Impresora Térmica Vorago Modelo MNP-158 Voltaje de entrada: 110-240V~50-60hz 0.3A Resoluci,"Mini Impresora Térmica Vorago Modelo MNP-158 Voltaje de entrada: 110-240V~50-60hz 0.3A Resolución: 203 DPI Velocidad: 90 mm/s Tipo de corte: Manual Tipo de impresión: Térmica Tamaño de impresión: 58 mm Interfaz: USB / RJ11 Cortador: Manual Consumo (Cajón registrador): DC 12V/1A Comandos de impresión compatibles: ESC / POS Código de barras: JAN13 (EAN13), JAN8 (EAN8), Código39, QR SO compatibles: Windows, Linux, Android, IOS Tamaño de papel soportado: 58 mm Ancho de impresión: 48 mm",CT,d,21.428571428571427,417.86,21.43,626.79,626.79,835.72,585.0,501.43,impresoras,./assets/img/catalog/impresoras/IMPVGO010.jpg,https://static.ctonline.mx/imagenes/IMPVGO010/IMPVGO010_400.jpg,48h Directa / 1 Año Fábrica,Pedro Moreno 501 A (Entrega Inmediata)
IMPVGO020,IMPVGO020,Mini Impresora Térmica Vorago Modelo MNP-180 Voltaje de entrada: 110-240V~50-60hz 3A Resolución,"Mini Impresora Térmica Vorago Modelo MNP-180 Voltaje de entrada: 110-240V~50-60hz 3A Resolución: 203 DPI Velocidad: 220 mm/s Tipo de corte: Automático Tipo de impresión: Térmica Tamaño de papel soportado: 80 mm Tamaño de impresión: 72 mm Interfaz: USB/LAN Comandos de impresión compatibles: ESC / POS Código de barras: 1D: UPC-A/UPC-E/JAN13(EAN13)/ JAN8(EAN8)/ CODE39/ITF/ CODABAR/CODE93/CODE128 2D: QR CODE, PDF417 SO compatibles: Win7 / WIN8 / WIN10 / Linux / IOS SDK de Android",CT,d,48.35164835164835,942.86,48.35,1414.29,1414.29,1885.72,1320.0,1131.43,impresoras,./assets/img/catalog/impresoras/IMPVGO020.jpg,https://static.ctonline.mx/imagenes/IMPVGO020/IMPVGO020_400.jpg,48h Directa / 1 Año Fábrica,Pedro Moreno 501 A (Entrega Inmediata)
IMPZKT060,IMPZKT060,"Impresora Térmica de 80 mm ZKTECO ZKP8001 -  para Control de Asistencia y Emisión de Tickets, V","Impresora Térmica de 80 mm ZKTECO ZKP8001 -  para Control de Asistencia y Emisión de Tickets, Voltaje de 24V y Conexiones USB, RS232 y RJ11",CT,d,106.47727272727273,2076.31,106.48,3114.47,3114.47,4152.62,2906.83,2491.57,impresoras,./assets/img/catalog/impresoras/IMPZKT060.jpg,https://static.ctonline.mx/imagenes/IMPZKT060/IMPZKT060_400.jpg,48h Directa / 1 Año Fábrica,Pedro Moreno 501 A (Entrega Inmediata)
ACCYEY240,ACCYEY240,"Tripode Portátil Glitnir Master YEYIAN YSS-SWFL-01-BL, color negro, conexión tornillo Universal","Tripode Portátil Glitnir Master YEYIAN YSS-SWFL-01-BL, color negro, conexión tornillo Universal 1/4”, Cámara web, Cámara video / fotográfica / Smartphone, capacidad 500g, ángulo de visualización horizontal y vertical soportado, ángulo de rotación soporta posiciones de 360 grados , stand portátil, multifuncional, ajuste de nivelación horizontal, dimensiones 20 cm sin extensión / 25 cm con extensión.",CT,d,9.455555555555556,184.38,9.46,276.57,276.57,368.76,258.13,221.26,impresoras,./assets/img/catalog/impresoras/ACCYEY240.jpg,https://static.ctonline.mx/imagenes/ACCYEY240/ACCYEY240_400.jpg,48h Directa / 1 Año Fábrica,Pedro Moreno 501 A (Entrega Inmediata)
ACCMST4890,ACCMST4890,PC-120414 Bastón tripie selfie stick plegable con luz led Selfix: Captura los mejores momentos ,"PC-120414 Bastón tripie selfie stick plegable con luz led Selfix: Captura los mejores momentos con este selfie stick multifuncional, diseñado para ofrecerte estabilidad, iluminación y control a distancia en un solo dispositivo. Gracias a su brazo extensor ajustable, su tripié expandible y su luz LED, podrás obtener fotos y videos con calidad profesional en cualquier lugar. Diseño 3 en 1: Bastón selfie, trípié y luz LED en un solo dispositivo. Control remoto Bluetooth: para capturas sin necesidad de tocar tu teléfono. Compatibilidad universal: con la mayoría de smartphones iOS y Android.; 1 Año de Garantia Directo con Fabricante",PC-120414,m,182.1304347826087,182.13,9.34,273.19,273.19,364.26,254.98,218.56,impresoras,./assets/img/catalog/impresoras/ACCMST4890.jpg,https://static.ctonline.mx/imagenes/ACCMST4890/ACCMST4890_400.jpg,48h Directa / 1 Año Fábrica,Pedro Moreno 501 A (Entrega Inmediata)
ACCITL5480,ACCITL5480,Convertidor de USB a Puerto Serial (151849) Convierte rápidamente un puerto USB a un puerto Ser,"Convertidor de USB a Puerto Serial (151849) Convierte rápidamente un puerto USB a un puerto Serial/RS232/COM/DB9, Su chip Prolific PL-2303RA adaptable y compatible lo hace la solución ideal para muchos sistemas operativos y plataformas, Conecta fácilmente la mayoría de equipos DB9 como módems, cámaras digitales, impresoras de etiquetas, escáners de códigos de barras, palms, GPS, telescopios, máquinas CNC,bordadoras, sistemas de control automotriz, organizadores digitales y muchos",USB,d,11.956043956043956,233.14,11.96,349.71,349.71,466.28,326.4,279.77,impresoras,./assets/img/catalog/impresoras/ACCITL5480.jpg,https://static.ctonline.mx/imagenes/ACCITL5480/ACCITL5480_400.jpg,48h Directa / 1 Año Fábrica,Pedro Moreno 501 A (Entrega Inmediata)
ACCITL7130,ACCITL7130,153737 CABLE EXTENSION ACTIVA REPETIDOR USB 3.0 Tipo A de 5 Metros : Los cables USB 3.0 estánda,"153737 CABLE EXTENSION ACTIVA REPETIDOR USB 3.0 Tipo A de 5 Metros : Los cables USB 3.0 estándar tienen un límite de longitud de 3 m (10 pies), que es lo máximo que pueden transportar la señal los cables USB pasivos. El cable repetidor de extensión activa USB 3.0 tipo A de Manhattan le permite superar esa limitación clásica para conectar un dispositivo USB, como una impresora USB o una cámara web de vigilancia USB, a distancias más largas, Este cable de extensión USB 3.0 activo supera las restricciones de distancia al incorporar circuitos activos alimentados por bus, que pueden agregar otros 5 m (15 pies) a su conexión existente. Si quiere ir más allá, puede conectar en cascada hasta cuatro de estos extensores para una extensión USB total de 20 m; Longitud: 5 m, GARANTIA: 3 AÑOS.",CABLE,d,21.956043956043956,428.14,21.96,642.21,642.21,856.28,599.4,513.77,impresoras,./assets/img/catalog/impresoras/ACCITL7130.jpg,https://static.ctonline.mx/imagenes/ACCITL7130/ACCITL7130_400.jpg,48h Directa / 1 Año Fábrica,Pedro Moreno 501 A (Entrega Inmediata)
ACCITL7090,ACCITL7090,"Adaptador de USB-C a USB-A V3.2 (356312) Manhattan Adaptador de USB-C a USB-A V3.2, Conecta fác","Adaptador de USB-C a USB-A V3.2 (356312) Manhattan Adaptador de USB-C a USB-A V3.2, Conecta fácilmente un dispositivo USB-A a un puerto USB-C, Compatible con USB 3.2 Gen 1 (antes USB 3.0) con tasas de transferencia Super Velocidad de hasta 5 Gbps, Ideal para conectar accesorios tipo A antiguos y nuevos, como teclados, ratones, memorias USB, lectores de tarjetas, impresoras, etc..",USB-C,d,3.1758241758241756,61.93,3.18,92.89,92.89,123.86,86.7,74.32,impresoras,./assets/img/catalog/impresoras/ACCITL7090.jpg,https://static.ctonline.mx/imagenes/ACCITL7090/ACCITL7090_400.jpg,48h Directa / 1 Año Fábrica,Pedro Moreno 501 A (Entrega Inmediata)
CABITL040,CABITL040,"Cables para impresora (303033) DB25 macho a CEN36 macho, 1.8m","Cables para impresora (303033) DB25 macho a CEN36 macho, 1.8m",CT,d,11.681318681318682,227.79,11.68,341.69,341.69,455.58,318.91,273.35,impresoras,./assets/img/catalog/impresoras/CABITL040.jpg,https://static.ctonline.mx/imagenes/CABITL040/CABITL040_400.jpg,48h Directa / 1 Año Fábrica,Pedro Moreno 501 A (Entrega Inmediata)
CABUSB010,CABUSB010,"Cable USB A a B (342650) Negro/Blanco, Economico 1.8 M, Para impresoras, scanners, etc.","Cable USB A a B (342650) Negro/Blanco, Economico 1.8 M, Para impresoras, scanners, etc.",USB,d,1.120879120879121,21.86,1.12,32.79,32.79,43.72,30.6,26.23,impresoras,./assets/img/catalog/impresoras/CABUSB010.jpg,https://static.ctonline.mx/imagenes/CABUSB010/CABUSB010_400.jpg,48h Directa / 1 Año Fábrica,Pedro Moreno 501 A (Entrega Inmediata)
CABITL060,CABITL060,"Cable USB A a B (317863) Gris, Economico, 3.0 M, Para impresoras, scanners, etc.","Cable USB A a B (317863) Gris, Economico, 3.0 M, Para impresoras, scanners, etc.",USB,d,1.912087912087912,37.29,1.91,55.94,55.94,74.58,52.21,44.75,impresoras,./assets/img/catalog/impresoras/CABITL060.jpg,https://static.ctonline.mx/imagenes/CABITL060/CABITL060_400.jpg,48h Directa / 1 Año Fábrica,Pedro Moreno 501 A (Entrega Inmediata)
CABITL280,CABITL280,"Cable USB A a B (341028) Gris, Economico, 4.5 M, Para impresoras, scanners, etc.","Cable USB A a B (341028) Gris, Economico, 4.5 M, Para impresoras, scanners, etc.",USB,d,2.7142857142857144,52.93,2.71,79.39,79.39,105.86,74.1,63.52,impresoras,./assets/img/catalog/impresoras/CABITL280.jpg,https://static.ctonline.mx/imagenes/CABITL280/CABITL280_400.jpg,48h Directa / 1 Año Fábrica,Pedro Moreno 501 A (Entrega Inmediata)
SLXLMP100,SLXLMP100,"SILUB BV, Lubricante de silicón de baja viscosidad.  Lubricante de silicón de uso universal, fa","SILUB BV, Lubricante de silicón de baja viscosidad.  Lubricante de silicón de uso universal, facilita la transmisión del movimiento en engranes, rieles de  impresoras, y en general en todo tipo de mecanismos finos en movimiento de equipos electrónicos. Características: Perfecta untuosidad, mantiene sus propiedades físicas y eléctricas en altas y bajas temperaturas, excelentes capacidades dieléctricas, mínima tendencia a la cristalización, estabilidad hidrolítica en ambiente húmedo y/o corrosivo, no provoca pérdidas dieléctricas. Envase tubo compresible de polietileno 28gr.",SILUB,m,59.47201689545935,59.47,3.05,89.2,89.2,118.94,83.26,71.36,impresoras,./assets/img/catalog/impresoras/SLXLMP100.jpg,https://static.ctonline.mx/imagenes/SLXLMP100/SLXLMP100_400.jpg,48h Directa / 1 Año Fábrica,Pedro Moreno 501 A (Entrega Inmediata)
SLXLMP170,SLXLMP170,"Silub AV, Lubricante de silicón de uso universal, formulado para facilitar la transmisión del m","Silub AV, Lubricante de silicón de uso universal, formulado para facilitar la transmisión del movimiento en sistemas electromecánicos (recomendado para mecanismos de impresoras matriz de puntos por la velocidad)","AV,",m,59.47201689545935,59.47,3.05,89.2,89.2,118.94,83.26,71.36,impresoras,./assets/img/catalog/impresoras/SLXLMP170.jpg,https://static.ctonline.mx/imagenes/SLXLMP170/SLXLMP170_400.jpg,48h Directa / 1 Año Fábrica,Pedro Moreno 501 A (Entrega Inmediata)
SLXLMP230,SLXLMP230,"INJECTOR KLIN, Limpiador exclusivo de cabezales de impresora, destapa todo tipo de inyectores d","INJECTOR KLIN, Limpiador exclusivo de cabezales de impresora, destapa todo tipo de inyectores de cualquier marca.",INJECTOR,m,134.76240760295673,134.76,6.91,202.14,202.14,269.52,188.66,161.71,impresoras,./assets/img/catalog/impresoras/SLXLMP230.jpg,https://static.ctonline.mx/imagenes/SLXLMP230/SLXLMP230_400.jpg,48h Directa / 1 Año Fábrica,Pedro Moreno 501 A (Entrega Inmediata)
CABTRL4180,CABTRL4180,"Cable de alimentación para PDU, Tripp Lite,  Modelo P004-006-13A, Este cable de alimentación de","Cable de alimentación para PDU, Tripp Lite,  Modelo P004-006-13A, Este cable de alimentación de extensión para computadora conecta 2 dispositivos con conectores de alimentación C13 / C14 o extiende su conexión de alimentación en 1.83 m [6 pies]. Recomendado para alimentar computadoras, impresoras y otros periféricos esenciales. Agrega 1.83 m [6 pies] a su conexión de alimentación existente para proporcionar flexibilidad en la colocación de dispositivos.",CT,m,127.30526315789474,127.31,6.53,190.97,190.97,254.62,178.23,152.77,impresoras,./assets/img/catalog/impresoras/CABTRL4180.jpg,https://static.ctonline.mx/imagenes/CABTRL4180/CABTRL4180_400.jpg,48h Directa / 1 Año Fábrica,Pedro Moreno 501 A (Entrega Inmediata)
ACCVGO2610,ACCVGO2610,"Cable USB Vorago. Cable USB tipo A USB tipo B, transferencia de información entre computadora e","Cable USB Vorago. Cable USB tipo A USB tipo B, transferencia de información entre computadora e impresora así como entre otros periféricos que dispongan de un conector USB tipo B. Recubrimiento aislante, USB 2.0, Longitud 1.8m Color Negro",USB,d,0.8791208791208791,17.14,0.88,25.71,25.71,34.28,24.0,20.57,impresoras,./assets/img/catalog/impresoras/ACCVGO2610.jpg,https://static.ctonline.mx/imagenes/ACCVGO2610/ACCVGO2610_400.jpg,48h Directa / 1 Año Fábrica,Pedro Moreno 501 A (Entrega Inmediata)
ACCTCH8180,ACCTCH8180,"Hub de 7 puertos USB Techzone TZ17HUB01, puedes conectar varios dispositivos como mouse, cámara","Hub de 7 puertos USB Techzone TZ17HUB01, puedes conectar varios dispositivos como mouse, cámaras digitales, tarjetas de memoria e impresoras, conecta hasta 7 periféricos. Color: Negro. Garantía: 1 año.",CT,m,117.77777777777777,117.78,6.04,176.67,176.67,235.56,164.89,141.34,impresoras,./assets/img/catalog/impresoras/ACCTCH8180.jpg,https://static.ctonline.mx/imagenes/ACCTCH8180/ACCTCH8180_400.jpg,48h Directa / 1 Año Fábrica,Pedro Moreno 501 A (Entrega Inmediata)
ACCRBT4720,ACCRBT4720,"SOPORTE PARA TABLETA, ALUMINIO, PLATA (180488), Brobotix. ¡Coloca tu tableta a la altura e incl","SOPORTE PARA TABLETA, ALUMINIO, PLATA (180488), Brobotix. ¡Coloca tu tableta a la altura e inclinación óptimas! El Soporte de aluminio para Tableta, multifuncional BRobotix mantiene tus dispositivos sujetados y a la altura adecuada para su manipulación. Su altura y apertura ajustables te permiten cambiar la inclinación de acuerdo a tus necesidades. Además, su diseño de compás te permitirá guardarlo y transportarlo fácilmente.-  Diseño elegante y metálico. Compatibilidad universal y soporte multifuncional. Útil para soportar tablets, libros, etc. 2 niveles de inclinación disponibles para ajustar la altura de tu dispositivo de acuerdo a tus necesidades. Amplia ventilación, evitando el sobrecalentamiento de sus dispositivos. Soporte de aluminio. Compacto y portátil. Diseño de compás. Fácil instalación. Incluye bolsita para transporte. Especificaciones: Compatible con tabletas de 7"" a 10"" Acabado fino y esquinas curvas para evitar ralladuras en tus dispositivos. Con almohadillas antiderrapantes en la parte inferior y superior. 2 opciones de inclinación: Alto o bajo. Color: Plata",SOPORTE,d,11.537777777777778,224.99,11.54,337.49,337.49,449.98,314.99,269.99,impresoras,./assets/img/catalog/impresoras/ACCRBT4720.jpg,https://static.ctonline.mx/imagenes/ACCRBT4720/ACCRBT4720_400.jpg,48h Directa / 1 Año Fábrica,Pedro Moreno 501 A (Entrega Inmediata)
CABRBT2100,CABRBT2100,"CABLE USB V2.0 A-B NEGRO 4.50 MTS. (102315), Brobotix. Haga conexiones plug-and-play para dispo","CABLE USB V2.0 A-B NEGRO 4.50 MTS. (102315), Brobotix. Haga conexiones plug-and-play para dispositivos tales como teclados, ratones, módems, impresoras y otros periféricos USB, PC y Mac. Conectar un periférico USB a un concentrador usb o un puerto usb del pc / mac. Compatible con las especificaciones USB 1.0, 1.1 y 2.0. Especificaciones: Conector: USB tipo A macho a tipo B macho. Transferencia hasta 480mbps. Tipo de cable USB 2.0 AB. Longitud 4.5 metros. Color negro. 2 conectores. Especificaciones del cable usb 2.0, AM-BM, el tipo de moldes, UL 2727, 28/24 AWG. Color: Negro.",CABLE,d,2.7333333333333334,53.3,2.73,79.95,79.95,106.6,74.62,63.96,impresoras,./assets/img/catalog/impresoras/CABRBT2100.jpg,https://static.ctonline.mx/imagenes/CABRBT2100/CABRBT2100_400.jpg,48h Directa / 1 Año Fábrica,Pedro Moreno 501 A (Entrega Inmediata)
CABRBT3320,CABRBT3320,"CABLE USB V2.0 TIPO ""A"" - TIPO ""B"", 4.5 M, TRANSLÚCIDO (102366), Brobotix  Los Cables USB V2.0 ","CABLE USB V2.0 TIPO ""A"" - TIPO ""B"", 4.5 M, TRANSLÚCIDO (102366), Brobotix  Los Cables USB V2.0 Tipo ""B"" BRobotix te permiten conectar tus dispositivos para transferir datos, sincronizarlos o cargarlos. Útil para la conexión de impresoras, multifuncionales, escáner, plotters, periféricos grandes, etc.1 Conector USB V2.0 Tipo ""A"". 1 Conector USB V2.0 Tipo ""B"". Diseño Translúcido. Puntas de acero reforzado. Conecta dispositivos con entrada Tipo ""B"". Presentación en Bolsa. Especificaciones: Compatible con impresoras, multifuncionales, escáner, plotters, periféricos grandes. Materiales de calidad y resistencia. Rápida transmisión de datos. 100% flexible. Color: Translucido",CABLE,d,2.6555555555555554,51.78,2.66,77.67,77.67,103.56,72.49,62.14,impresoras,./assets/img/catalog/impresoras/CABRBT3320.jpg,https://static.ctonline.mx/imagenes/CABRBT3320/CABRBT3320_400.jpg,48h Directa / 1 Año Fábrica,Pedro Moreno 501 A (Entrega Inmediata)
CABRBT3340,CABRBT3340,"CABLE USB V2.0 EXTENSIÓN ACTIVA, 15 M (372782), Brobotix Extiende la señal de cualquier disposi","CABLE USB V2.0 EXTENSIÓN ACTIVA, 15 M (372782), Brobotix Extiende la señal de cualquier dispositivo USB, soporta transferencia de datos a velocidades hasta 480 Mbps. Útil para la conexión de dispositivos como ratones, teclados, memorias USB, impresoras, lectores de tarjetas, cámaras, etc. Conectores: 1 USB Tipo ""A"" macho, 1 USB Tipo ""A"" hembra. Extiende la señal USB hasta 15 metros. Soporta transferencia de datos a velocidad hasta 480 Mbps. Plug and Play, hot swap. Color Negro. Especificaciones: Interfaz USB V2.0, compatible con USB V1.1. Longitud: 15 metros . Repetidor integrado (en punta extrema del cable) que mantiene la calidad de la señal USB de Alta Velocidad 2.0, así como las especificaciones eléctricas y de sincronía. Supera la distancia límite de 5 metros de la tecnología USB, excelente opción para conectar otros periféricos. No requiere fuente de energía externa. Material: ABS, Certificación RoHS. Compatible con Windows y Mac. Color: Negro",CABLE,d,19.19377777777778,374.28,19.19,561.42,561.42,748.56,523.99,449.14,impresoras,./assets/img/catalog/impresoras/CABRBT3340.jpg,https://static.ctonline.mx/imagenes/CABRBT3340/CABRBT3340_400.jpg,48h Directa / 1 Año Fábrica,Pedro Moreno 501 A (Entrega Inmediata)
CABRBT3300,CABRBT3300,"CABLE USB V2.0 EXTENSIÓN ACTIVA, 5 M (6000670), Brobotix Extiende la señal de cualquier disposi","CABLE USB V2.0 EXTENSIÓN ACTIVA, 5 M (6000670), Brobotix Extiende la señal de cualquier dispositivo USB, soporta transferencia de datos a velocidades hasta 480 Mbps. Útil para la conexión de dispositivos como ratones, teclados, memorias USB, impresoras, lectores de tarjetas, cámaras, etc. Conectores: 1 USB Tipo ""A"" macho, 1 USB Tipo ""A"" hembra. Extiende la señal USB hasta 5 metros. Soporta transferencia de datos a velocidad hasta 480 Mbps. Plug and Play, hot swap. Color Negro. Especificaciones: Interfaz USB V2.0, compatible con USB V1.1 Longitud: 5 metros. Repetidor integrado (en punta extrema del cable) que mantiene la calidad de la señal USB de Alta Velocidad 2.0, así como las especificaciones eléctricas y de sincronía. Supera la distancia límite de 5 metros de la tecnología USB, excelente opción para conectar otros periféricos. No requiere fuente de energía externa. Material: ABS Certificación RoHS. Compatible con Windows y Mac. Color: Negro",CABLE,d,12.124444444444444,236.43,12.12,354.64,354.64,472.86,331.0,283.72,impresoras,./assets/img/catalog/impresoras/CABRBT3300.jpg,https://static.ctonline.mx/imagenes/CABRBT3300/CABRBT3300_400.jpg,48h Directa / 1 Año Fábrica,Pedro Moreno 501 A (Entrega Inmediata)
CABRBT3310,CABRBT3310,"CABLE USB V3.0 TIPO ""A"" A TIPO ""B"", 0.3 M (136315), Brobotix El cable USB v3.0 BRobotix ofrece ","CABLE USB V3.0 TIPO ""A"" A TIPO ""B"", 0.3 M (136315), Brobotix El cable USB v3.0 BRobotix ofrece gran velocidad de transferencia de datos entre dispositivos de almacenamiento y periféricos. Hasta 4.8 Gbps! Cuenta con conexión Tipo ""B"" para impresora.1 Conector USB V3.0 Tipo ""A"". 1 Conector USB V3.0 Tipo ""B"". Puntas de acero reforzado. Forro: PVC. Hot-Sincronización. Tecnología Sync-N-go que reduce al mínimo el tiempo de espera del usuario. Proporciona mayor eficiencia energética. Especificaciones: 5Gbps de transferencia de datos y aumenta rendimiento en tasa de señalización, 10 veces más. Compatible con Smartphones, Tabletas y dispositivos portátiles, además de Impresoras (Conector Tipo ""B""). Materiales de calidad y resistencia. Rápida transmisión de datos. 100% flexible. Color: Negro",CABLE,d,4.088888888888889,79.73,4.09,119.59,119.59,159.46,111.62,95.68,impresoras,./assets/img/catalog/impresoras/CABRBT3310.jpg,https://static.ctonline.mx/imagenes/CABRBT3310/CABRBT3310_400.jpg,48h Directa / 1 Año Fábrica,Pedro Moreno 501 A (Entrega Inmediata)
CABRBT3040,CABRBT3040,"CABLE USB V3.0 TIPO ""C"" A TIPO ""B"", 1.0 M  (170302), Brobotix  Los Cables USB V2.0 a Tipo ""C"" B","CABLE USB V3.0 TIPO ""C"" A TIPO ""B"", 1.0 M  (170302), Brobotix  Los Cables USB V2.0 a Tipo ""C"" BRobotix te permiten conectar tus dispositivos para transferir datos, sincronizarlos o cargarlos. Cuenta con la novedosa conexión USB Tipo ""C"" a Tipo ""B"" para impresora.  Conector USB V3.0 Tipo ""C"". 1 Conector Tipo ""B"". Puntas de acero reforzado. Forro: PVC. Longitud del cable: 1 metro. Especificaciones:  Compatible con Smartphones, Tabletas y dispositivos portátiles, además de Impresoras (Conector Tipo ""B""). Materiales de calidad y resistencia. Rápida transmisión de datos. 100% flexible. Color: Negro",CABLE,d,6.355555555555555,123.93,6.36,185.9,185.9,247.86,173.5,148.72,impresoras,./assets/img/catalog/impresoras/CABRBT3040.jpg,https://static.ctonline.mx/imagenes/CABRBT3040/CABRBT3040_400.jpg,48h Directa / 1 Año Fábrica,Pedro Moreno 501 A (Entrega Inmediata)
CABRBT2560,CABRBT2560,"CABLE USB V2.0 A-B 1.8 MTS TRANSLUCIDO (150112), Brobotix A - B se utilizan para conectar de la","CABLE USB V2.0 A-B 1.8 MTS TRANSLUCIDO (150112), Brobotix A - B se utilizan para conectar de la PC o MAC a tu dispositivo USB, como impresora o escaner. Plug & Play. Ideal para teclados, ratones, modems, impresoras y otros dispositivos USB. Especificaciones: Compatible con V1.0, 1.1, 2.0 . Compatible con PC O MAC. Color: Translucido.",CABLE,d,1.011111111111111,19.72,1.01,29.58,29.58,39.44,27.61,23.66,impresoras,./assets/img/catalog/impresoras/CABRBT2560.jpg,https://static.ctonline.mx/imagenes/CABRBT2560/CABRBT2560_400.jpg,48h Directa / 1 Año Fábrica,Pedro Moreno 501 A (Entrega Inmediata)
CABRBT1660,CABRBT1660,"CABLE USB V2.0 A-B TRANSLÚCIDO 5.00 MTS. (180705), Brobotix, Cable con conectores usb versiónn ","CABLE USB V2.0 A-B TRANSLÚCIDO 5.00 MTS. (180705), Brobotix, Cable con conectores usb versiónn 2.0 macho (plug) tipo ""A"" a macho (plug) tipo ""B"" de 4.5 m, con baño en níquel   que sirve para una transferencia más rápida de información, elimina la interferencia y reduce el riesgo de pérdida de datos. Ideal para impresoras, multifuncionales y cámaras digitales. Color: Translúcido",CABLE,d,4.144444444444444,80.82,4.14,121.23,121.23,161.64,113.15,96.98,impresoras,./assets/img/catalog/impresoras/CABRBT1660.jpg,https://static.ctonline.mx/imagenes/CABRBT1660/CABRBT1660_400.jpg,48h Directa / 1 Año Fábrica,Pedro Moreno 501 A (Entrega Inmediata)
CABRBT1440,CABRBT1440,"CABLE USB V2.0 A-B 1.8 MTS COLOR NEGRO (102327), B-Robotix Sirve para conectar dispositivos USB","CABLE USB V2.0 A-B 1.8 MTS COLOR NEGRO (102327), B-Robotix Sirve para conectar dispositivos USB versión 2.0 a su PC. Transferencia de datos en alta velocidad hasta 480 mbps desde una pc o mac a una impresora con absoluta calidad. Color: Negro",CABLE,d,1.1155555555555556,21.75,1.12,32.62,32.62,43.5,30.45,26.1,impresoras,./assets/img/catalog/impresoras/CABRBT1440.jpg,https://static.ctonline.mx/imagenes/CABRBT1440/CABRBT1440_400.jpg,48h Directa / 1 Año Fábrica,Pedro Moreno 501 A (Entrega Inmediata)
CABRBT1450,CABRBT1450,"CABLE USB V2.0 A-B 3.0 MTS COLOR NEGRO (102303), B-Robotix Sirve para conectar dispositivos USB","CABLE USB V2.0 A-B 3.0 MTS COLOR NEGRO (102303), B-Robotix Sirve para conectar dispositivos USB versión 2.0 a su PC. Transferencia de datos en alta velocidad hasta 480 mbps desde una pc o mac a una impresora con absoluta calidad. Color: Negro",CABLE,d,1.922222222222222,37.48,1.92,56.22,56.22,74.96,52.47,44.98,impresoras,./assets/img/catalog/impresoras/CABRBT1450.jpg,https://static.ctonline.mx/imagenes/CABRBT1450/CABRBT1450_400.jpg,48h Directa / 1 Año Fábrica,Pedro Moreno 501 A (Entrega Inmediata)
CABRBT3170,CABRBT3170,"CABLE USB V2.0 EXTENSIÓN ACTIVA, 10 M (963869), Brobotix Extiende la señal de cualquier disposi","CABLE USB V2.0 EXTENSIÓN ACTIVA, 10 M (963869), Brobotix Extiende la señal de cualquier dispositivo USB, soporta transferencia de datos a velocidades hasta 480 Mbps. Útil para la conexión de dispositivos como ratones, teclados, memorias USB, impresoras, lectores de tarjetas, cámaras, etc. Conectores: 1 USB Tipo ""A"" macho, 1 USB Tipo ""A"" hembra. Extiende la señal USB hasta 10 metros (30 ft). Soporta transferencia de datos a velocidad hasta 480 Mbps. Plug and Play, hot swap. Color Negro. Especificaciones: Interfaz USB V2.0, compatible con USB V1.1. Longitud: 10 metros (30 ft). Repetidor integrado (en punta extrema del cable) que mantiene la calidad de la señal USB de Alta Velocidad 2.0, así como las especificaciones eléctricas y de sincronía. Supera la distancia límite de 5 metros de la tecnología USB, excelente opción para conectar otros periféricos. No requiere fuente de energía externa. Material: ABS, Certificación RoHS. Compatible con Windows y Mac. Color: Negro",CABLE,d,15.155555555555555,295.53,15.16,443.29,443.29,591.06,413.74,354.64,impresoras,./assets/img/catalog/impresoras/CABRBT3170.jpg,https://static.ctonline.mx/imagenes/CABRBT3170/CABRBT3170_400.jpg,48h Directa / 1 Año Fábrica,Pedro Moreno 501 A (Entrega Inmediata)
CABRBT1960,CABRBT1960,"CABLE USB V2.0 EXTENSION NEGRO 30 CMS.  (773098), Brobotix Conexiones de calidad para un rendim","CABLE USB V2.0 EXTENSION NEGRO 30 CMS.  (773098), Brobotix Conexiones de calidad para un rendimiento superior. Extensión de cable USB 2.0 de alta velocidad alarga fácilmente las conexiones entre ordenadores y periféricos con conexión USB. Es ideal para usar con las impresoras, teclados, cajas externas y una variedad amplia de dispositivos digitales. Estos cables de extensión están diseñados y construidos con materiales de calidad que soportan tasas de transferencia hasta 480 mbps para ofrecer transmisiones confiables, libres de errores en distancias más largas.  Está formado por aluminio y trenzado de blindaje, contactos chapados en oro y botas de alivio de tensión moldeado con la finalidad de asegurar la máxima conductividad para la rápida conexión de dispositivos usb habilitados con la reducción de la interferencia EMI y la degradación de un mínimo de datos. Especificaciones:  Longitud: 0.30 cms. Color Negro.",CABLE,d,0.9333333333333332,18.2,0.93,27.3,27.3,36.4,25.48,21.84,impresoras,./assets/img/catalog/impresoras/CABRBT1960.jpg,https://static.ctonline.mx/imagenes/CABRBT1960/CABRBT1960_400.jpg,48h Directa / 1 Año Fábrica,Pedro Moreno 501 A (Entrega Inmediata)
ACCRBT6790,ACCRBT6790,"ORGANIZADOR DE CABLES, EN TUBO (263533), Brobotix. El Nuevo Organizador de cables en tubo BRobo","ORGANIZADOR DE CABLES, EN TUBO (263533), Brobotix. El Nuevo Organizador de cables en tubo BRobotix es una herramienta útil que permite organizar cables de tus dispositivos electrónicos, evitando enredos y brindando una presentación ordenada. Su instalación es sencilla y práctica. Contenido: 1 Tubo Organizador de cables. Flexible y reutilizable. Longitud ajustable: Fácil de recortar de acuerdo a tus necesidades. Sistema de cremallera que oculta los cables y proporciona un fácil acceso. Solución de limpieza: Evita polvo alrededor de los cables. Fácil de usar. Perfecto para el hogar y la oficina. Útil para ordenar cables de dispositivos electrónicos conectados: computadoras de escritorio, impresoras, teléfono, cargadores, televisores, etc. Especificaciones: Espacio para cables: 2 cm aprox. Diámetro: 2 cm. Longitud: 150 cm Material: Plástico.  Color: Negro",ORGANIZADOR,d,2.988888888888889,58.28,2.99,87.42,87.42,116.56,81.59,69.94,impresoras,./assets/img/catalog/impresoras/ACCRBT6790.jpg,https://static.ctonline.mx/imagenes/ACCRBT6790/ACCRBT6790_400.jpg,48h Directa / 1 Año Fábrica,Pedro Moreno 501 A (Entrega Inmediata)
ACCRBT8970,ACCRBT8970,"FUNDA TEXTURIZADA CON CORREA Y SOPORTE PARA SCANNER ZEBRA TC53 / TC58 (406580), Brobotix La fun","FUNDA TEXTURIZADA CON CORREA Y SOPORTE PARA SCANNER ZEBRA TC53 / TC58 (406580), Brobotix La funda texturizada BRobotix® para Scanner Zebra es una excelente opción para aquellos que buscan una forma cómoda y segura de llevar su dispositivo, especialmente en situaciones donde la seguridad y el acceso rápido son importantes. Mejora el funcionamiento y prologa la vida útil de tu escáner. Estuche protector y correa de mano para escáner Zebra. Protección adicional contra golpes y arañazos, su textura proporciona un agarre seguro y cómodo, lo que reduce la posibilidad de que el escáner se resbale de la mano. Patrón de rejilla acanalada que mejora el agarre táctil. Con soporte incorporado que permite ver el dispositivo en vertical u horizontal. Además permite acceder a las zonas de sujeción de la correa de mano. Completamente funcional, con accesos a todos los botones/puertos y sensores. Diseño delgado y ajustado que cabe en tu bolsillo. Especificaciones: Compatible con Escáner Zebra TC53 y TC58. Material: PC Color: Negro",FUNDA,d,17.88888888888889,348.83,17.89,523.25,523.25,697.66,488.36,418.6,impresoras,./assets/img/catalog/impresoras/ACCRBT8970.jpg,https://static.ctonline.mx/imagenes/ACCRBT8970/ACCRBT8970_400.jpg,48h Directa / 1 Año Fábrica,Pedro Moreno 501 A (Entrega Inmediata)
ACCRBT6800,ACCRBT6800,"TRIPIÉ UNIVERSAL MULTIFUNCIONAL 4 EN 1, PARA CELULAR, CÁMARA, WEBCAM, VIDEOPROYECTOR. GIRO 360º","TRIPIÉ UNIVERSAL MULTIFUNCIONAL 4 EN 1, PARA CELULAR, CÁMARA, WEBCAM, VIDEOPROYECTOR. GIRO 360º, PORTÁTIL (651049), Brobotix. Tripié Universal MULTIFUNCIONAL 4 en 1, Portátil BRobotix y disfruta de su versatilidad y alta compatibilidad. Úsalo con tu smartphone, cámara, cámara web o videoproyector mini. Ajusta el ángulo de tu cámara o celular de una manera práctica y sencilla, ya que cuenta con múltiples posiciones gracias a sus giros 360º y a sus diferentes inclinaciones. ¡Además podrás usarlo como mini Selfie stick! Su diseño compacto y portátil lo hace un artículo útil para escritorio y para viajes. ¡Úsalo para tus videollamadas, video proyecciones o sesiones fotográficas! Compatible con cualquier dispositivo mediano con sistema de rosca para tripié. ¡Compatible con nuestro modelo Webcam 651312! Incluye adaptador para celular/smartphone. Adaptador para smartphone universal de presión con apertura ajustable de 5.5 cm a 9.5 cm. Tornillo de compatibilidad universal para diferentes dispositivos. Compatible con smartphones, cámaras, cámaras profesionales, cámaras web, videoproyectores mini. Función de mini Selfie stick. Multifuncional por sus diferentes ángulos ajustables: Adaptador para celular: Giro 360º. Adaptador para celular: Inclinación 180º. Sujetador para celular: Giro 360º.  Soporte con tornillo: Inclinación 120º.  Material resistente. Compacto y portátil. Fácil de transportar, útil para viajes. Útil para escritorio, videollamadas, video proyecciones y sesiones fotográficas. Color negro. Color: Negr",TRIPIÉ,d,4.555555555555555,88.83,4.56,133.25,133.25,177.66,124.36,106.6,impresoras,./assets/img/catalog/impresoras/ACCRBT6800.jpg,https://static.ctonline.mx/imagenes/ACCRBT6800/ACCRBT6800_400.jpg,48h Directa / 1 Año Fábrica,Pedro Moreno 501 A (Entrega Inmediata)
