sku,clave,nombre,descripcion_completa,marca,moneda_origen,costo_origen,costo_base_mxn,costo_base_usd,precio,precio_mxn,precio_original,precio_mayoreo_10pzs,precio_piso_minimo_20,categoria_clasificada,img,cdn_url,garantia,disponibilidad_gdl
MEMSTY300,MEMSTY300,Memoria Micro SD 16GB C10 S/A STYLOS STMS164B. Memoria Micro SD 16GB S/A Clase 10 UHS1; Compati,"Memoria Micro SD 16GB C10 S/A STYLOS STMS164B. Memoria Micro SD 16GB S/A Clase 10 UHS1; Compatible con Tabletas, Cámaras, PC, Laptops, Reproductores, etc.; Clase 10 y UHS-1, A prueba de golpes, Resistente al agua, Resistente a magnetismo, Resistente a temperaturas altas y bajas, Garantía de por vida",16GB,d,3.7555555555555555,73.23,3.76,109.84,109.84,146.46,102.52,87.88,laptops,./assets/img/catalog/laptops/MEMSTY300.jpg,https://static.ctonline.mx/imagenes/MEMSTY300/MEMSTY300_400.jpg,48h Directa / 1 Año Fábrica,Pedro Moreno 501 A (Entrega Inmediata)
MEMSTY310,MEMSTY310,Memoria Micro SD 32GB C10 S/A STYLOS STMS323B. Memoria Micro SD 32GB S/A Clase 10 UHS1; Compati,"Memoria Micro SD 32GB C10 S/A STYLOS STMS323B. Memoria Micro SD 32GB S/A Clase 10 UHS1; Compatible con Tabletas, Cámaras, PC, Laptops, Reproductores, etc.; Clase 10 y UHS-1, A prueba de golpes, Resistente al agua, Resistente a magnetismo, Resistente a temperaturas altas y bajas, Garantía de por vida",32GB,d,4.5777777777777775,89.27,4.58,133.91,133.91,178.54,124.98,107.12,laptops,./assets/img/catalog/laptops/MEMSTY310.jpg,https://static.ctonline.mx/imagenes/MEMSTY310/MEMSTY310_400.jpg,48h Directa / 1 Año Fábrica,Pedro Moreno 501 A (Entrega Inmediata)
MEMSTY280,MEMSTY280,"Memoria Micro SD 64GB STYLOS STMS641B. Memoria Micro SD 64GB C/A Clase 10, Compatible con Table","Memoria Micro SD 64GB STYLOS STMS641B. Memoria Micro SD 64GB C/A Clase 10, Compatible con Tabletas, Cámaras, Laptops, PC, Reproductores, A prueba de golpes, Resistente al agua, Resistente a magnetismo, Resistente a temperaturas altas y bajas, Garantía de por vida",64GB,d,8.555555555555555,166.83,8.56,250.25,250.25,333.66,233.56,200.2,laptops,./assets/img/catalog/laptops/MEMSTY280.jpg,https://static.ctonline.mx/imagenes/MEMSTY280/MEMSTY280_400.jpg,48h Directa / 1 Año Fábrica,Pedro Moreno 501 A (Entrega Inmediata)
MEMSTY290,MEMSTY290,Memoria Micro SD 64GB S/A STYLOS STMS2S4B. Memoria Micro SD 64GB S/A Clase 10; Compatible con T,"Memoria Micro SD 64GB S/A STYLOS STMS2S4B. Memoria Micro SD 64GB S/A Clase 10; Compatible con Tabletas, Cámaras, Celulares, Videojuegos, PC, MAC, Laptops, Reproductores, etc.; Clase 10 y UHS-1, 4 veces mayor velocidad; Memoria TFT a prueba de golpes, Resistente al agua, Resistente a magnetismo, Resistente a temperaturas altas y bajas, Interfase SDS2.0, SD3.0, Garantía de por vida",64GB,d,6.488888888888889,126.53,6.49,189.8,189.8,253.06,177.14,151.84,laptops,./assets/img/catalog/laptops/MEMSTY290.jpg,https://static.ctonline.mx/imagenes/MEMSTY290/MEMSTY290_400.jpg,48h Directa / 1 Año Fábrica,Pedro Moreno 501 A (Entrega Inmediata)
MEMSTY350,MEMSTY350,"Memoria ST500 USB 32GB STYLOS. XSTMUS532B. Memoria USB ST500 32GB, A prueba de golpes, Resisten","Memoria ST500 USB 32GB STYLOS. XSTMUS532B. Memoria USB ST500 32GB, A prueba de golpes, Resistente al agua, Compatible con tabletas, cámaras, laptops, PC, reproductores, Soporta USB 3.0 y es compatible con USB 2.0/Hot Plug&Play",ST500,d,4.088888888888889,79.73,4.09,119.59,119.59,159.46,111.62,95.68,laptops,./assets/img/catalog/laptops/MEMSTY350.jpg,https://static.ctonline.mx/imagenes/MEMSTY350/MEMSTY350_400.jpg,48h Directa / 1 Año Fábrica,Pedro Moreno 501 A (Entrega Inmediata)
MEMSTY320,MEMSTY320,Memoria USB ST500 64GB Plata. STMUS564B. Memoria USB ST500 64GB Plata; Compatible con todas las,"Memoria USB ST500 64GB Plata. STMUS564B. Memoria USB ST500 64GB Plata; Compatible con todas las plataformas; A prueba de golpes; Soporte USB 3.0 y es compatible con USB 20./Hot Plug&Play; Resistente al agua; Compatible con tabletas, cámaras, laptops, PC, reproductores; Garantía de por vida",USB,d,5.533333333333334,107.9,5.53,161.85,161.85,215.8,151.06,129.48,laptops,./assets/img/catalog/laptops/MEMSTY320.jpg,https://static.ctonline.mx/imagenes/MEMSTY320/MEMSTY320_400.jpg,48h Directa / 1 Año Fábrica,Pedro Moreno 501 A (Entrega Inmediata)
MEMSTY330,MEMSTY330,Memoria USB ST500 128GB Plata. STMUS5128B. Memoria USB ST500 128GB Plata; Compatible con todas ,"Memoria USB ST500 128GB Plata. STMUS5128B. Memoria USB ST500 128GB Plata; Compatible con todas las plataformas; A prueba de golpes; Soporte USB 3.0 y es compatible con USB 20./Hot Plug&Play; Resistente al agua; Compatible con tabletas, cámaras, laptops, PC, reproductores; Garantía de por vida",USB,d,4.9,95.55,4.9,143.32,143.32,191.1,133.77,114.66,laptops,./assets/img/catalog/laptops/MEMSTY330.jpg,https://static.ctonline.mx/imagenes/MEMSTY330/MEMSTY330_400.jpg,48h Directa / 1 Año Fábrica,Pedro Moreno 501 A (Entrega Inmediata)
MEMSTY340,MEMSTY340,Memoria USB ST500 256GB Plata. STMUS5256B. Memoria USB ST500 256GB Plata; Compatible con todas ,"Memoria USB ST500 256GB Plata. STMUS5256B. Memoria USB ST500 256GB Plata; Compatible con todas las plataformas; A prueba de golpes; Soporte USB 3.0 y es compatible con USB 20./Hot Plug&Play; Resistente al agua; Compatible con tabletas, cámaras, laptops, PC, reproductores; Garantía de por vida",USB,d,21.477777777777774,418.82,21.48,628.23,628.23,837.64,586.35,502.58,laptops,./assets/img/catalog/laptops/MEMSTY340.jpg,https://static.ctonline.mx/imagenes/MEMSTY340/MEMSTY340_400.jpg,48h Directa / 1 Año Fábrica,Pedro Moreno 501 A (Entrega Inmediata)
MEMSTY360,MEMSTY360,"Memoria ST100 USB 256GB FLASH 2.0 STYLOS STMUSB6B. Dispositivo ST100 USB 256GB Flash 2.0, A pru","Memoria ST100 USB 256GB FLASH 2.0 STYLOS STMUSB6B. Dispositivo ST100 USB 256GB Flash 2.0, A prueba de golpes, Resistente al agua, Compatible con Tabletas, Cámaras, Laptops, PC, Reproductores, Garantía de por vida, Interfase 2.0 soporta 3.0",ST100,d,15.755555555555555,307.23,15.76,460.85,460.85,614.46,430.12,368.68,laptops,./assets/img/catalog/laptops/MEMSTY360.jpg,https://static.ctonline.mx/imagenes/MEMSTY360/MEMSTY360_400.jpg,48h Directa / 1 Año Fábrica,Pedro Moreno 501 A (Entrega Inmediata)
MEMWSD050,MEMWSD050,"Ultra Dual Drive Go con USB Type-C™ - 128GB (Negro) SDDDC3-128G-G46, Conector: USB-C, USB-A, Re","Ultra Dual Drive Go con USB Type-C™ - 128GB (Negro) SDDDC3-128G-G46, Conector: USB-C, USB-A, Rendimiento de lectura secuencial: 400MB/s, Interfaz: USB 3.2 Gen 1, Temp. Operativa: 0°C to 45°C, Certificaciones: FCC, ICES, CE, UKCA, BSMI, RCM, EAC, KCC, Ukraine, La unidad flash 2 en 1 con conectores USB Type-C™ y Type-A, Transfiere fácilmente contenido entre tus dispositivos con USB Type-C™ y Type-A, Libera espacio en tu teléfono inteligente con USB Type-C, Haz una copia de seguridad automática de tus fotos con la aplicación SanDisk Memory Zone, COMPATIBILIDAD: USB Type-C devices (phones, laptops, and tablets), iOS 10.0.2+, Android 11+, macOS v.10.9+, Windows 10+   Modelo: SDDDC3-128G-G46",CT,d,14.193181818181818,276.77,14.19,415.15,415.15,553.54,387.48,332.12,laptops,./assets/img/catalog/laptops/MEMWSD050.jpg,https://static.ctonline.mx/imagenes/MEMWSD050/MEMWSD050_400.jpg,48h Directa / 1 Año Fábrica,Pedro Moreno 501 A (Entrega Inmediata)
DDUWSD2810,DDUWSD2810,"SSD EXTERNO SANDISK SDSSDE61-1T00-G25 1TB, Conexión: USB 3.2 Gen 2 Compatibilidad: USB Type-C  ","SSD EXTERNO SANDISK SDSSDE61-1T00-G25 1TB, Conexión: USB 3.2 Gen 2 Compatibilidad: USB Type-C  (RTelefonos, laptops y tablets), iOS 13+, Android 11+, macOS v.11+, Windows 10+,    Modelo: SDSSDE61-1T00-G25",SSD,d,153.4090909090909,2991.48,153.41,4487.22,4487.22,5982.96,4188.07,3589.78,laptops,./assets/img/catalog/laptops/DDUWSD2810.jpg,https://static.ctonline.mx/imagenes/DDUWSD2810/DDUWSD2810_400.jpg,48h Directa / 1 Año Fábrica,Pedro Moreno 501 A (Entrega Inmediata)
DDUSAN480,DDUSAN480,"Disco Duro""New Pull"" Laptop 1TB, 5400 RPM 2.5 "", 7mm. Interfaz  Serial ATA III","Disco Duro""New Pull"" Laptop 1TB, 5400 RPM 2.5 "", 7mm. Interfaz  Serial ATA III",CT,d,59.44444444444444,1159.17,59.44,1738.76,1738.76,2318.34,1622.84,1391.0,laptops,./assets/img/catalog/laptops/DDUSAN480.jpg,https://static.ctonline.mx/imagenes/DDUSAN480/DDUSAN480_400.jpg,48h Directa / 1 Año Fábrica,Pedro Moreno 501 A (Entrega Inmediata)
DDUSGT1450,DDUSGT1450,"Disco Duro Interno Seagate 2TB ST2000LM015, 2.5"" Barracuda/Laptop, SATA III, , 5400rpm","Disco Duro Interno Seagate 2TB ST2000LM015, 2.5"" Barracuda/Laptop, SATA III, , 5400rpm",CT,d,88.33333333333333,1722.5,88.33,2583.75,2583.75,3445.0,2411.5,2067.0,laptops,./assets/img/catalog/laptops/DDUSGT1450.jpg,https://static.ctonline.mx/imagenes/DDUSGT1450/DDUSGT1450_400.jpg,48h Directa / 1 Año Fábrica,Pedro Moreno 501 A (Entrega Inmediata)
DDUWSD3150,DDUWSD3150,"SSD PORTATIL SANDISK EXTREME 1TB SDSSDE61-1T00-G25M, Interfaz: USB 3.2 Gen 2, Compatibilidad: U","SSD PORTATIL SANDISK EXTREME 1TB SDSSDE61-1T00-G25M, Interfaz: USB 3.2 Gen 2, Compatibilidad: USB Type-C devices (phones, laptops, and tablets), iOS 13+, Android 11+, macOS v.11+, Windows 10+,     Modelo: SDSSDE61-1T00-G25M",SSD,d,193.88888888888889,3780.83,193.89,5671.24,5671.24,7561.66,5293.16,4537.0,laptops,./assets/img/catalog/laptops/DDUWSD3150.jpg,https://static.ctonline.mx/imagenes/DDUWSD3150/DDUWSD3150_400.jpg,48h Directa / 1 Año Fábrica,Pedro Moreno 501 A (Entrega Inmediata)
MONSTY390,MONSTY390,"Monitor Stylos 23.8"" Stylos STPMOT7B Flat Panel LED HD 100Hz 5ms 1xVGA + 1xHDMI + Vesa 100x100m","Monitor Stylos 23.8"" Stylos STPMOT7B Flat Panel LED HD 100Hz 5ms 1xVGA + 1xHDMI + Vesa 100x100mm Negro, Compatible con laptops, consolas, PC y más gracias a sus entradas HDMI y VGA, resolución 1920 x 1080 (Full HD).",CT,m,1086.6888888888889,1086.69,55.73,1630.04,1630.04,2173.38,1521.37,1304.03,laptops,./assets/img/catalog/laptops/MONSTY390.jpg,https://static.ctonline.mx/imagenes/MONSTY390/MONSTY390_400.jpg,48h Directa / 1 Año Fábrica,Pedro Moreno 501 A (Entrega Inmediata)
MONSTY400,MONSTY400,"Monitor Stylos 27"" Stylos STPMOT8B Flat Panel LED HD 75Hz 5ms 1xVGA + 1xHDMI + Vesa 100x100mm B","Monitor Stylos 27"" Stylos STPMOT8B Flat Panel LED HD 75Hz 5ms 1xVGA + 1xHDMI + Vesa 100x100mm Black, resolución 1920 x 1080 (Full HD), Conecta sin límites. Compatible con laptops, consolas, 
PC y más gracias a sus entradas HDMI y VGA.",CT,m,1430.2222222222222,1430.22,73.34,2145.33,2145.33,2860.44,2002.31,1716.26,laptops,./assets/img/catalog/laptops/MONSTY400.jpg,https://static.ctonline.mx/imagenes/MONSTY400/MONSTY400_400.jpg,48h Directa / 1 Año Fábrica,Pedro Moreno 501 A (Entrega Inmediata)
MONQIA230,MONQIA230,"Monitor ProLite 22'' QIAN Modelo: QMF-VAF22-02, ofrece una frecuencia de actualización de 100 H","Monitor ProLite 22'' QIAN Modelo: QMF-VAF22-02, ofrece una frecuencia de actualización de 100 Hz, lo que garantiza imágenes más suaves y sin desenfoques, ideal para juegos, diseño y contenido multimedia. Esta tasa reduce el “motion blur” y mejora significativamente la experiencia visual, Su panel VA de 22 pulgadas brinda una reproducción de color mas profundo, con un contraste estático de 4000:1, ofreciendo negros más intensos y colores más definidos, perfectos para trabajos gráficos o entretenimiento, Dispone de entradas HDMI 1.3 y VGA, lo que facilita la conexión con distintos dispositivos: PC, laptops, consolas o reproductores multimedia, Con un cuerpo antirreflejo, montaje VESA 75×75 mm, peso de solo 2.12 kg y un consumo menor a 0.5 W en modo de espera. Color: Negro. Garantía 1 año.",QIAN,d,52.065217391304344,1015.27,52.07,1522.9,1522.9,2030.54,1421.38,1218.32,laptops,./assets/img/catalog/laptops/MONQIA230.jpg,https://static.ctonline.mx/imagenes/MONQIA230/MONQIA230_400.jpg,48h Directa / 1 Año Fábrica,Pedro Moreno 501 A (Entrega Inmediata)
MONQIA240,MONQIA240,"Monitor FlexiView QIAN Modelo: QMF-VAF24-01,  ofrece una frecuencia de actualización de 100 Hz,","Monitor FlexiView QIAN Modelo: QMF-VAF24-01,  ofrece una frecuencia de actualización de 100 Hz, brindando mayor fluidez visual y menor fatiga ocular en tareas prolongadas o entornos de trabajo con alto dinamismo, como diseño, análisis de datos o monitoreo, Su panel VA de alto contraste (4000 : 1) proporciona negros profundos y colores vibrantes, ideales para profesionales que requieren precisión visual en contenido multimedia, diseño gráfico o entornos de vigilancia, Con 99 % sRGB, 80 % DCI-P3 y 69 % Adobe RGB, el monitor garantiza reproducción cromática precisa y fiel a la realidad, Equipado con entradas HDMI 1.3 y VGA, el QMF-VAF24-01 ofrece amplia compatibilidad con laptops, PCs, consolas y sistemas de visualización corporativos, Además, su diseño antirreflejo, ligero (2.9 kg) y con soporte VESA 75 × 75 mm permite una instalación ergonómica y ordenada, Color: Negro. Garantia 1 año.",QIAN,d,60.141304347826086,1172.76,60.14,1759.14,1759.14,2345.52,1641.86,1407.31,laptops,./assets/img/catalog/laptops/MONQIA240.jpg,https://static.ctonline.mx/imagenes/MONQIA240/MONQIA240_400.jpg,48h Directa / 1 Año Fábrica,Pedro Moreno 501 A (Entrega Inmediata)
COMMAC4090,COMMAC4090,MacBook Air Apple MGN73LA/A. Pantalla retina de 13.3 pulgadas (diagonal) retroiluminada por LED,"MacBook Air Apple MGN73LA/A. Pantalla retina de 13.3 pulgadas (diagonal) retroiluminada por LED con tecnología IPS; resolución nativa de 2560 x 1600 a 227 pixeles por pulgada compatible con millones de colores. Sensor Touch ID. Chip M1 de Apple CPU de 8 núcleos con 4 núcleos de rendimiento y 4 de eficiencia GPU de 8 núcleos Neural Engine de 16 núcleos Almacenamiento SSD 512 GB. 8 GB de memoria. Batería y energía de Hasta 15 horas de navegación web inalámbrica. Dos puertos Thunderbolt USB 4 compatibles con: Carga, DisplayPort, Thunderbolt (hasta 40 Gb/s), USB 3.1 de segunda generación (hasta 10 Gb/s). Magic Keyboard retroiluminado (Teclado latinoamericano). Sistema operativo macOS Big Sur. Color Gris Espacial. Cada Mac viene con una cobertura de reparación de hardware de un año a través de su garantía limitada y hasta 90 días de soporte técnico gratuito.",MGN73LA/A.,m,27714.663157894738,27714.66,1421.26,41571.99,41571.99,55429.32,38800.52,33257.59,laptops,./assets/img/catalog/laptops/COMMAC4090.jpg,https://static.ctonline.mx/imagenes/COMMAC4090/COMMAC4090_400.jpg,48h Directa / 1 Año Fábrica,Pedro Moreno 501 A (Entrega Inmediata)
COMMAC5570,COMMAC5570,"MacBook Air MDH74E/A Pantalla Liquid Retina XDR de 13.6 pulgadas, con Chip M5 de Apple. (CPU10 ","MacBook Air MDH74E/A Pantalla Liquid Retina XDR de 13.6 pulgadas, con Chip M5 de Apple. (CPU10 Núcleos y GPU 8 Núcleos). Memoria unificada de 16gb de RAM, Almacenamiento SSD de 512gb. Con hasta 18 horas de batería y el doble de almacenamiento inicial que las generaciones anteriores. Cámara Center Stage de 12MP con Vista del Escritorio. Sistema de Tres Micrófonos y Sistema de Sonido Envolvente con Audio Espacial. Touch ID, Dos puertos Thunderbolt 4, Magsafe y Entrada para Audífonos. Chip de Conexión Inalámbrica N1 de Apple (Conexiones Wifi 7 y Bluetooth 6, lo que mejora el rendimiento y la confiabilidad. Compatible con Apple Intelligence. Teclado en Español. Garantía limitada de un año directo con fabricante. Color Plata 1 AÑO DE GARANTIA DIRECTO CON FABRICANTE.",MDH74E/A,m,24804.425531914894,24804.43,1272.02,37206.65,37206.65,49608.86,34726.2,29765.32,laptops,./assets/img/catalog/laptops/COMMAC5570.jpg,https://static.ctonline.mx/imagenes/COMMAC5570/COMMAC5570_400.jpg,48h Directa / 1 Año Fábrica,Pedro Moreno 501 A (Entrega Inmediata)
COMMAC5520,COMMAC5520,"MacBook Air MW0W3E/A Pantalla Liquid Retina de 13.6 pulgadas con True Tone, con Chip M4 de Appl","MacBook Air MW0W3E/A Pantalla Liquid Retina de 13.6 pulgadas con True Tone, con Chip M4 de Apple con CPU de 10 núcleos y GPU de 8 núcleos. Memoria Unificada de 16gb de RAM, Almacenamiento SSD de 256gb. Batería de hasta 18 horas. Puerto MagSafe 3, dos puertos Thunderbolt 4, entrada para audífonos. Cámara de 12MP Center Stage, Micrófonos con calidad de estudio, Cuatro Bocinas con Audio Espacial. La caja contiene adaptador de corriente USB-C y Cable USB-C a MagSafe 3. Compatible con Apple Intelligence. Teclado en Español. Garantia limitada de un año directo con fabricante. Color Plata 1 AÑO DE GARANTIA DIRECTO CON FABRICANTE.",MW0W3E/A,m,20390.505263157895,20390.51,1045.67,30585.76,30585.76,40781.02,28546.71,24468.61,laptops,./assets/img/catalog/laptops/COMMAC5520.jpg,https://static.ctonline.mx/imagenes/COMMAC5520/COMMAC5520_400.jpg,48h Directa / 1 Año Fábrica,Pedro Moreno 501 A (Entrega Inmediata)
COMMAC5370,COMMAC5370,"MacBook Air MC6T4E/A Pantalla Liquid Retina de 13.6 pulgadas con True Tone, con Chip M4 de Appl","MacBook Air MC6T4E/A Pantalla Liquid Retina de 13.6 pulgadas con True Tone, con Chip M4 de Apple con CPU de 10 núcleos y GPU de 8 núcleos. Memoria Unificada de 16gb de RAM, Almacenamiento SSD de 256gb. Batería de hasta 18 horas. Puerto MagSafe 3, dos puertos Thunderbolt 4, entrada para audífonos. Cámara de 12MP Center Stage, Micrófonos con calidad de estudio, Cuatro Bocinas con Audio Espacial. La caja contiene adaptador de corriente USB-C y Cable USB-C a MagSafe 3. Compatible con Apple Intelligence. Teclado en Español. Garantía limitada de un año directo con fabricante. Color Azul Cielo 1 AÑO DE GARANTIA DIRECTO CON FABRICANTE.",MC6T4E/A,m,19381.204545454544,19381.2,993.91,29071.8,29071.8,38762.4,27133.68,23257.44,laptops,./assets/img/catalog/laptops/COMMAC5370.jpg,https://static.ctonline.mx/imagenes/COMMAC5370/COMMAC5370_400.jpg,48h Directa / 1 Año Fábrica,Pedro Moreno 501 A (Entrega Inmediata)
COMMAC5580,COMMAC5580,"MacBook Air MDHE4E/A Pantalla Liquid Retina de 13 Pulgadas, con Chip M5 de Apple, Memoria Unifi","MacBook Air MDHE4E/A Pantalla Liquid Retina de 13 Pulgadas, con Chip M5 de Apple, Memoria Unificada de 16GB, Almacenamiento SSD de 512GB. Es un equipo ligero pesa sólo 1.24kg y tiene un poco más de un centímetro de grosor. La MacBook Air ofrece un rendimiento de IA ultrarrápido gracias a la poderosa combinación del GPU, el Neural Engine y la memoria unificada del chip M5. Con un Neural Accelerator integrado en cada núcleo del GPU, las tareas de IA se ejecutan de manera aún más eficiente. Touch ID: Si. Sistema Operativo: MacOs. Dos Puertos Tunderbolt 4 (USB-C). Puerto de 3.5mm, Cámara de 12MP Center Stage. Teclado en Español. Color Media Noche. 1 AÑO DE GARANTIA DIRECTO CON FABRICANTE.",MDHE4E/A,m,24804.425531914894,24804.43,1272.02,37206.65,37206.65,49608.86,34726.2,29765.32,laptops,./assets/img/catalog/laptops/COMMAC5580.jpg,https://static.ctonline.mx/imagenes/COMMAC5580/COMMAC5580_400.jpg,48h Directa / 1 Año Fábrica,Pedro Moreno 501 A (Entrega Inmediata)
COMMAC5380,COMMAC5380,"MacBook Air MC6U4E/A Pantalla Liquid Retina de 13.6 pulgadas con True Tone, compatible con 1,00","MacBook Air MC6U4E/A Pantalla Liquid Retina de 13.6 pulgadas con True Tone, compatible con 1,000 millones de colores, con Chip M4 de Apple con CPU de 10 núcleos y GPU de 10 núcleos. Memoria Unificada de 16gb de RAM, Almacenamiento SSD de 512gb. Batería de hasta 18 horas. Puerto MagSafe, dos puertos Thunderbolt 4, entrada para audífonos. Cámara de 12MP Center Stage, Micrófonos con calidad de estudio, Cuatro Bocinas con Audio Espacial. La caja contiene adaptador de corriente USB-C y Cable USB-C a MagSafe 3. Compatible con Apple Intelligence. Teclado en Español. Garantía limitada de un año directo con fabricante. Color Azul Cielo 1 AÑO DE GARANTIA DIRECTO CON FABRICANTE.",MC6U4E/A,m,23967.305263157894,23967.31,1229.09,35950.97,35950.97,47934.62,33554.23,28760.77,laptops,./assets/img/catalog/laptops/COMMAC5380.jpg,https://static.ctonline.mx/imagenes/COMMAC5380/COMMAC5380_400.jpg,48h Directa / 1 Año Fábrica,Pedro Moreno 501 A (Entrega Inmediata)
COMMAC5400,COMMAC5400,"MacBook Air MC654E/A Pantalla Liquid Retina de 13.6 pulgadas compatible con 1,000 millones de c","MacBook Air MC654E/A Pantalla Liquid Retina de 13.6 pulgadas compatible con 1,000 millones de colores, con Chip M4 de Apple con CPU de 10 núcleos y GPU de 10 núcleos. Memoria Unificada de 24gb de RAM, Almacenamiento SSD de 512gb. Batería de hasta 18 horas. Puerto MagSafe 3, dos puertos Thunderbolt 4, entrada para audífonos. Cámara de 12MP Center Stage, Micrófonos con calidad de estudio, Cuatro Bocinas con Audio Espacial. La caja contiene adaptador de corriente USB-C y Cable USB-C a MagSafe 3. Compatible con Apple Intelligence. Teclado en Español. Garantia limitada de un año directo con fabricante. Color Plata 1 AÑO DE GARANTIA DIRECTO CON FABRICANTE.",MC654E/A,m,29715.673684210527,29715.67,1523.88,44573.5,44573.5,59431.34,41601.94,35658.8,laptops,./assets/img/catalog/laptops/COMMAC5400.jpg,https://static.ctonline.mx/imagenes/COMMAC5400/COMMAC5400_400.jpg,48h Directa / 1 Año Fábrica,Pedro Moreno 501 A (Entrega Inmediata)
COMMAC5410,COMMAC5410,"MacBook Air MC6J4E/A Pantalla Liquid Retina de 15 pulgadas compatible con 1,000 millones de col","MacBook Air MC6J4E/A Pantalla Liquid Retina de 15 pulgadas compatible con 1,000 millones de colores, con Chip M4 de Apple con CPU de 10 núcleos y GPU de 10 núcleos. Memoria Unificada de 24gb de RAM, Almacenamiento SSD de 512gb. Batería de hasta 18 horas. Puerto MagSafe 3, dos puertos Thunderbolt 4, entrada para audífonos. Cámara de 12MP Center Stage, Micrófonos con calidad de estudio, Seis Bocinas con Audio Espacial. La caja contiene adaptador de corriente USB-C y Cable USB-C a MagSafe 3. Compatible con Apple Intelligence. Teclado en Español. Garantia limitada de un año directo con fabricante. Color Plata 1 AÑO DE GARANTIA DIRECTO CON FABRICANTE.",MC6J4E/A,m,33960.3052631579,33960.31,1741.55,50940.46,50940.46,67920.62,47544.43,40752.37,laptops,./assets/img/catalog/laptops/COMMAC5410.jpg,https://static.ctonline.mx/imagenes/COMMAC5410/COMMAC5410_400.jpg,48h Directa / 1 Año Fábrica,Pedro Moreno 501 A (Entrega Inmediata)
COMMAC5420,COMMAC5420,"MacBook Air MW0X3E/A Pantalla Liquid Retina de 13.6 pulgadas compatible con 1,000 millones de c","MacBook Air MW0X3E/A Pantalla Liquid Retina de 13.6 pulgadas compatible con 1,000 millones de colores, con Chip M4 de Apple con CPU de 10 núcleos y GPU de 10 núcleos. Memoria Unificada de 16gb de RAM, Almacenamiento SSD de 512gb. Batería de hasta 18 horas. Puerto MagSafe 3, dos puertos Thunderbolt 4, entrada para audífonos. Cámara de 12MP Center Stage, Micrófonos con calidad de estudio, Cuatro Bocinas con Audio Espacial. La caja contiene adaptador de corriente USB-C y Cable USB-C a MagSafe 3. Compatible con Apple Intelligence. Teclado en Español. Garantia limitada de un año directo con fabricante. Color Plata 1 AÑO DE GARANTIA DIRECTO CON FABRICANTE.",MW0X3E/A,m,25469.957894736843,25469.96,1306.15,38204.94,38204.94,50939.92,35657.94,30563.95,laptops,./assets/img/catalog/laptops/COMMAC5420.jpg,https://static.ctonline.mx/imagenes/COMMAC5420/COMMAC5420_400.jpg,48h Directa / 1 Año Fábrica,Pedro Moreno 501 A (Entrega Inmediata)
COMMAC5590,COMMAC5590,"MacBook Neo MHFA4E/A Pantalla Liquid Retina de 13 Pulgadas, con Chip A18 Pro (CPU 6 Núcleos y G","MacBook Neo MHFA4E/A Pantalla Liquid Retina de 13 Pulgadas, con Chip A18 Pro (CPU 6 Núcleos y GPU 5 Núcleos), 8GB de Memoria Unificada, Almacenamiento SSD 256GB, Batería hasta 16 horas. Cámara FaceTime HD 1080p, Dos Micrófonos Integrados que aíslan y amplifican tu voz. Dos Bocinas Laterales para un Sonido Inmersivo. Magic Keyboard. Puertos USB C y toma de 3.5mm Compatible con Apple Intelligence. Teclado en Español. Garantia limitada de un año directo con fabricante. Color Plata 1 AÑO DE GARANTIA DIRECTO CON FABRICANTE.",MHFA4E/A,m,12402.212765957447,12402.21,636.01,18603.31,18603.31,24804.42,17363.09,14882.65,laptops,./assets/img/catalog/laptops/COMMAC5590.jpg,https://static.ctonline.mx/imagenes/COMMAC5590/COMMAC5590_400.jpg,48h Directa / 1 Año Fábrica,Pedro Moreno 501 A (Entrega Inmediata)
COMMAC5600,COMMAC5600,"MacBook Neo MHFF4E/A Pantalla Liquid Retina de 13 Pulgadas, con Chip A18 Pro (CPU 6 Núcleos y G","MacBook Neo MHFF4E/A Pantalla Liquid Retina de 13 Pulgadas, con Chip A18 Pro (CPU 6 Núcleos y GPU 5 Núcleos), 8GB de Memoria Unificada, Almacenamiento SSD 256GB, Batería hasta 16 horas. Cámara FaceTime HD 1080p, Dos Micrófonos Integrados que aíslan y amplifican tu voz. Dos Bocinas Laterales para un Sonido Inmersivo. Magic Keyboard. Puertos USB C y toma de 3.5mm Compatible con Apple Intelligence. Teclado en Español. Garantia limitada de un año directo con fabricante. Color Inndigo. 1 AÑO DE GARANTIA DIRECTO CON FABRICANTE.",MHFF4E/A,m,12402.212765957447,12402.21,636.01,18603.31,18603.31,24804.42,17363.09,14882.65,laptops,./assets/img/catalog/laptops/COMMAC5600.jpg,https://static.ctonline.mx/imagenes/COMMAC5600/COMMAC5600_400.jpg,48h Directa / 1 Año Fábrica,Pedro Moreno 501 A (Entrega Inmediata)
COMMAC5610,COMMAC5610,"MacBook Neo MHFH4E/A Pantalla Liquid Retina de 13 Pulgadas, con Chip A18 Pro (CPU 6 Núcleos y G","MacBook Neo MHFH4E/A Pantalla Liquid Retina de 13 Pulgadas, con Chip A18 Pro (CPU 6 Núcleos y GPU 5 Núcleos), 8GB de Memoria Unificada, Almacenamiento SSD 256GB, Batería hasta 16 horas. Cámara FaceTime HD 1080p, Dos Micrófonos Integrados que aíslan y amplifican tu voz. Dos Bocinas Laterales para un Sonido Inmersivo. Magic Keyboard. Puertos USB C y toma de 3.5mm Compatible con Apple Intelligence. Teclado en Español. Garantia limitada de un año directo con fabricante. Color Rosa Rubor 1 AÑO DE GARANTIA DIRECTO CON FABRICANTE.",MHFH4E/A,m,12402.212765957447,12402.21,636.01,18603.31,18603.31,24804.42,17363.09,14882.65,laptops,./assets/img/catalog/laptops/COMMAC5610.jpg,https://static.ctonline.mx/imagenes/COMMAC5610/COMMAC5610_400.jpg,48h Directa / 1 Año Fábrica,Pedro Moreno 501 A (Entrega Inmediata)
COMMAC5620,COMMAC5620,"MacBook Neo MHFC4E/A Pantalla Liquid Retina de 13 Pulgadas, con Chip A18 Pro (CPU 6 Núcleos y G","MacBook Neo MHFC4E/A Pantalla Liquid Retina de 13 Pulgadas, con Chip A18 Pro (CPU 6 Núcleos y GPU 5 Núcleos), 8GB de Memoria Unificada, Almacenamiento SSD 512GB, Batería hasta 16 horas. Cámara FaceTime HD 1080p, Dos Micrófonos Integrados que aíslan y amplifican tu voz. Dos Bocinas Laterales para un Sonido Inmersivo. Magic Keyboard con Touch ID. Puertos USB C y toma de 3.5mm Compatible con Apple Intelligence. Teclado en Español. Garantia limitada de un año directo con fabricante. Color Plata 1 AÑO DE GARANTIA DIRECTO CON FABRICANTE.",MHFC4E/A,m,14469.595744680852,14469.6,742.03,21704.4,21704.4,28939.2,20257.44,17363.52,laptops,./assets/img/catalog/laptops/COMMAC5620.jpg,https://static.ctonline.mx/imagenes/COMMAC5620/COMMAC5620_400.jpg,48h Directa / 1 Año Fábrica,Pedro Moreno 501 A (Entrega Inmediata)
COMMAC5630,COMMAC5630,"MacBook Neo MHFG4E/A Pantalla Liquid Retina de 13 Pulgadas, con Chip A18 Pro (CPU 6 Núcleos y G","MacBook Neo MHFG4E/A Pantalla Liquid Retina de 13 Pulgadas, con Chip A18 Pro (CPU 6 Núcleos y GPU 5 Núcleos), 8GB de Memoria Unificada, Almacenamiento SSD 512GB, Batería hasta 16 horas. Cámara FaceTime HD 1080p, Dos Micrófonos Integrados que aíslan y amplifican tu voz. Dos Bocinas Laterales para un Sonido Inmersivo. Magic Keyboard con Touch ID. Puertos USB C y toma de 3.5mm Compatible con Apple Intelligence. Teclado en Español. Garantia limitada de un año directo con fabricante. Color Indigo 1 AÑO DE GARANTIA DIRECTO CON FABRICANTE.",MHFG4E/A,m,14469.595744680852,14469.6,742.03,21704.4,21704.4,28939.2,20257.44,17363.52,laptops,./assets/img/catalog/laptops/COMMAC5630.jpg,https://static.ctonline.mx/imagenes/COMMAC5630/COMMAC5630_400.jpg,48h Directa / 1 Año Fábrica,Pedro Moreno 501 A (Entrega Inmediata)
COMMAC5640,COMMAC5640,"MacBook Neo MHFJ4E/A Pantalla Liquid Retina de 13 Pulgadas, con Chip A18 Pro (CPU 6 Núcleos y G","MacBook Neo MHFJ4E/A Pantalla Liquid Retina de 13 Pulgadas, con Chip A18 Pro (CPU 6 Núcleos y GPU 5 Núcleos), 8GB de Memoria Unificada, Almacenamiento SSD 512GB, Batería hasta 16 horas. Cámara FaceTime HD 1080p, Dos Micrófonos Integrados que aíslan y amplifican tu voz. Dos Bocinas Laterales para un Sonido Inmersivo. Magic Keyboard con Touch ID. Puertos USB C y toma de 3.5mm Compatible con Apple Intelligence. Teclado en Español. Garantia limitada de un año directo con fabricante. Color Rosa Rubor 1 AÑO DE GARANTIA DIRECTO CON FABRICANTE.",MHFJ4E/A,m,14469.595744680852,14469.6,742.03,21704.4,21704.4,28939.2,20257.44,17363.52,laptops,./assets/img/catalog/laptops/COMMAC5640.jpg,https://static.ctonline.mx/imagenes/COMMAC5640/COMMAC5640_400.jpg,48h Directa / 1 Año Fábrica,Pedro Moreno 501 A (Entrega Inmediata)
COMMAC5340,COMMAC5340,"MacBook Pro MX2F3EA Pantalla Liquid Retina XDR de 14 pulgadas con pico de brillo de hasta 1,600","MacBook Pro MX2F3EA Pantalla Liquid Retina XDR de 14 pulgadas con pico de brillo de hasta 1,600 nits, con Chip M4 Pro de Apple con CPU de 14 nùcleos y GPU de 20 nùcleos. Memoria Unificada de 24gb de RAM, Almacenamiento SSD de 1tb. Bateria para todo el dìa. Puerto MagSafe 3, tres puertos USB-C Thunderbolt 5, entrada para audifonos, ranura SDXC y puerto HDMI. Camara de 12MP Center Stage, Microfonos con calidad de estudio, Seis Bocinas con Audio de Alta Fidelidad. La caja contiene adaptador de corriente USB-C  y Cable USB-C a MagSafe 3 (2m). Compatible con Apple Intelligence. Teclado en Español. Garantia limitada de un año directo con fabricante. Color Plata 1 AÑO DE GARANTIA DIRECTO CON FABRICANTE.",MX2F3EA,m,48912.27,48912.27,2508.32,73368.4,73368.4,97824.54,68477.18,58694.72,laptops,./assets/img/catalog/laptops/COMMAC5340.jpg,https://static.ctonline.mx/imagenes/COMMAC5340/COMMAC5340_400.jpg,48h Directa / 1 Año Fábrica,Pedro Moreno 501 A (Entrega Inmediata)
COMMAC5220,COMMAC5220,"Macbook Pro MW2U3E/A Pantalla Liquid Retina XDR de 14.2 pulgadas, con Chip M4 de Apple con CPU ","Macbook Pro MW2U3E/A Pantalla Liquid Retina XDR de 14.2 pulgadas, con Chip M4 de Apple con CPU de 10 núcleos y GPU de 10 núcleos. Memoria Unificada de 16gb de RAM, Almacenamiento SSD de 512gb. Batería para todo el día. Puerto MagSafe 3, Tres puertos Thunderbolt 4, lector de tarjetas SDXC, Puerto HDMI, entrada para audífonos. Cámara de 12MP Center Stage, Micrófonos con calidad de estudio, Seis Bocinas con Audio Espacial. La caja contiene adaptador de corriente USB-C y Cable USB-C a MagSafe 3. Compatible con Apple Intelligence. Teclado en Español. Garantia limitada de un año directo con fabricante. Color Negro Espacial 1 AÑO DE GARANTIA DIRECTO CON FABRICANTE.",MW2U3E/A,m,32262.45263157895,32262.45,1654.48,48393.68,48393.68,64524.9,45167.43,38714.94,laptops,./assets/img/catalog/laptops/COMMAC5220.jpg,https://static.ctonline.mx/imagenes/COMMAC5220/COMMAC5220_400.jpg,48h Directa / 1 Año Fábrica,Pedro Moreno 501 A (Entrega Inmediata)
COMMAC5270,COMMAC5270,"Macbook Pro MW2V3E/A Pantalla Liquid Retina XDR de 14.2 pulgadas, con Chip M4 de Apple con CPU ","Macbook Pro MW2V3E/A Pantalla Liquid Retina XDR de 14.2 pulgadas, con Chip M4 de Apple con CPU de 10 núcleos y GPU de 10 núcleos. Memoria Unificada de 16gb de RAM, Almacenamiento SSD de 1TB. Batería para todo el día. Puerto MagSafe 3, Tres puertos Thunderbolt 4, lector de tarjetas SDXC, Puerto HDMI, entrada para audífonos. Cámara de 12MP Center Stage, Micrófonos con calidad de estudio, Seis Bocinas con Audio Espacial. La caja contiene adaptador de corriente USB-C y Cable USB-C a MagSafe 3. Compatible con Apple Intelligence. Teclado en Español. Garantia limitada de un año directo con fabricante. Color Negro Espacial 1 AÑO DE GARANTIA DIRECTO CON FABRICANTE.",MW2V3E/A,m,36508.15789473685,36508.16,1872.21,54762.24,54762.24,73016.32,51111.42,43809.79,laptops,./assets/img/catalog/laptops/COMMAC5270.jpg,https://static.ctonline.mx/imagenes/COMMAC5270/COMMAC5270_400.jpg,48h Directa / 1 Año Fábrica,Pedro Moreno 501 A (Entrega Inmediata)
COMMAC4410,COMMAC4410,MacBook Air 13.6 MLXW3E/A Chip M2 de Apple CPU de 8 núcleos con 4 núcleos de rendimiento y 4 de,"MacBook Air 13.6 MLXW3E/A Chip M2 de Apple CPU de 8 núcleos con 4 núcleos de rendimiento y 4 de eficiencia  GPU de 8 núcleos  Neural Engine de 16 núcleos 100 GB/s de ancho de banda de memoria Pantalla Liquid Retina: Pantalla de 13.6 pulgadas (diagonal) retroiluminada por LED con tecnología IPS1; resolución nativa de 2560 x 1664 a 224 pixeles por pulgada compatible con 1,000 millones de colores Brillo de 500 nits Amplia gama de colores (P3)  Tecnología True Tone. Hasta 18 horas de reproducción de video en la app Apple TVHasta 15 horas de navegación web inalámbrica Batería de polímero de litio de 52.6 Wh  Adaptador de corriente USB-C de 30 W (Cable de USB-C a MagSafe 3  Carga rápida con el adaptador de corriente USB-C de 67 W Puerto de carga MagSafe 3 Entrada de 3.5 mm para audífonos Dos puertos Thunderbolt/USB 4 compatibles con: Carga DisplayPort Thunderbolt 3 (hasta 40 Gb/s) USB 4 (hasta 40 Gb/s)  USB 3.1 de segunda generación (hasta 10 Gb/s) Memoria unificada de 8 GB, SSD de 256 GB, Magic Keyboard retroiluminado con: 78  79 (ISO) teclas, incluidas 12 teclas de función de altura estándar y 4 teclas de flecha en forma de “T” invertida Touch ID Sensor de luz ambiental   Trackpad Force Touch con control preciso del cursor y sensibilidad a la presión. Permite clics fuertes, aceleradores, trazos sensibles a la presión y gestos Multi‑Touch. macOS es el sistema operativo para computadoras de escritorio más avanzado del mundo. Y macOS Monterey viene con nuevas funcionalidades que te ayudan a comunicarte, compartir y crear como nunca. Color Gris espacial.",MLXW3E/A,m,25607.368421052633,25607.37,1313.2,38411.06,38411.06,51214.74,35850.32,30728.84,laptops,./assets/img/catalog/laptops/COMMAC4410.jpg,https://static.ctonline.mx/imagenes/COMMAC4410/COMMAC4410_400.jpg,48h Directa / 1 Año Fábrica,Pedro Moreno 501 A (Entrega Inmediata)
COMMAC4450,COMMAC4450,MacBook Air 13.6 MLXX3E/A Chip M2 de Apple CPU de 8 núcleos con 4 núcleos de rendimiento y 4 de,"MacBook Air 13.6 MLXX3E/A Chip M2 de Apple CPU de 8 núcleos con 4 núcleos de rendimiento y 4 de eficiencia GPU de 10 núcleos Neural Engine de 16 núcleos 100 GB/s de ancho de banda de memoria Pantalla Liquid Retina: Pantalla de 13.6 pulgadas (diagonal) retroiluminada por LED con tecnología IPS1; resolución nativa de 2560 x 1664 a 224 pixeles por pulgada compatible con 1,000 millones de colores Brillo de 500 nits Amplia gama de colores (P3)  Tecnología True Tone. Hasta 18 horas de reproducción de video en la app Apple TVHasta 15 horas de navegación web inalámbrica Batería de polímero de litio de 52.6 Wh  Adaptador de corriente USB-C de 30 W (Cable de USB-C a MagSafe 3  Carga rápida con el adaptador de corriente USB-C de 67 W Puerto de carga MagSafe 3 Entrada de 3.5 mm para audífonos Dos puertos Thunderbolt/USB 4 compatibles con: Carga DisplayPort Thunderbolt 3 (hasta 40 Gb/s) USB 4 (hasta 40 Gb/s)  USB 3.1 de segunda generación (hasta 10 Gb/s) Memoria unificada de 8 GB, SSD de 512GB, Magic Keyboard retroiluminado con: 78  79 (ISO) teclas, incluidas 12 teclas de función de altura estándar y 4 teclas de flecha en forma de “T” invertida Touch ID Sensor de luz ambiental   Trackpad Force Touch con control preciso del cursor y sensibilidad a la presión. Permite clics fuertes, aceleradores, trazos sensibles a la presión y gestos Multi‑Touch. macOS es el sistema operativo para computadoras de escritorio más avanzado del mundo. Y macOS Monterey viene con nuevas funcionalidades que te ayudan a comunicarte, compartir y crear como nunca. Color Gris espacial.",MLXX3E/A,m,26984.57894736842,26984.58,1383.82,40476.87,40476.87,53969.16,37778.41,32381.5,laptops,./assets/img/catalog/laptops/COMMAC4450.jpg,https://static.ctonline.mx/imagenes/COMMAC4450/COMMAC4450_400.jpg,48h Directa / 1 Año Fábrica,Pedro Moreno 501 A (Entrega Inmediata)
COMMAC5250,COMMAC5250,"MacBook Pro MX2T3E/A Pantalla Liquid Retina XDR de 16.2 pulgadas con pico de brillo de hasta 1,","MacBook Pro MX2T3E/A Pantalla Liquid Retina XDR de 16.2 pulgadas con pico de brillo de hasta 1,600 nits, con Chip M4 Pro de Apple con CPU de 14 núcleos y GPU de 20 núcleos. Memoria Unificada de 24gb de RAM, Almacenamiento SSD de 512gb. Batería para todo el día. Puerto MagSafe, tres puertos USB-C Thunderbolt 5, entrada para audífonos, ranura SDXC y puerto HDMI. Cámara de 12MP Center Stage, Micrófonos con calidad de estudio, Seis Bocinas con Audio Espacial. La caja contiene adaptador de corriente USB-C y Cable USB-C a MagSafe 3 (2m). Compatible con Apple Intelligence. Teclado en Español. Garantía limitada de un año directo con fabricante. Color Plata 1 AÑO DE GARANTIA DIRECTO CON FABRICANTE.",MX2T3E/A,m,48436.51578947369,48436.52,2483.92,72654.78,72654.78,96873.04,67811.13,58123.82,laptops,./assets/img/catalog/laptops/COMMAC5250.jpg,https://static.ctonline.mx/imagenes/COMMAC5250/COMMAC5250_400.jpg,48h Directa / 1 Año Fábrica,Pedro Moreno 501 A (Entrega Inmediata)
COMMAC4230,COMMAC4230,MacBook Pro 16 pulgadas MK1A3E/A Chip M1 Max de Apple CPU de 10 núcleos con 8 núcleos de rendim,"MacBook Pro 16 pulgadas MK1A3E/A Chip M1 Max de Apple CPU de 10 núcleos con 8 núcleos de rendimiento y 2 de eficiencia GPU de 32 núcleos Neural Engine de 16 núcleos 400 GB/s de ancho de banda de memoria Pantalla Liquid Retina XDR Pantalla Liquid Retina XDR de 16.2 pulgadas (diagonal)10;  resolución nativa de 3456 x 2234 a 254 pixeles por pulgada. Hasta 1,000 nits de brillo constante (pantalla completa), 1,600 nits de brillo máximo Relación de contraste 1,000,000:1.1,000 millones de colores Amplia gama de colores (P3) Tecnología True Tone Memoria:  unificada de 32 GB  Almacenamiento SSD de 1TB Magic Keyboard retroiluminado con: 78 (EE.UU.) o 79 (ISO) teclas, incluidas 12 teclas de función de altura estándar y 4 teclas de flecha en forma de “T” invertida Touch ID Sensor de luz ambiental Trackpad Force Touch con control preciso del cursor y sensibilidad a la presión. Permite clics fuertes, aceleradores, trazos sensibles a la presión y gestos Multi‑Touch Wi-Fi Conexión inalámbrica Wi-Fi 6 802.11ax Compatible con IEEE 802.11a/b/g/n/ac Bluetooth Conexión inalámbrica Bluetooth 5.0 Cámara FaceTime HD de 1080p Procesador de señal de imagen avanzado con video computacional Sistema operativo macOS 1 año de garantía directo con fabricante Color Gris Espacial. Cada Mac viene con una cobertura de reparación de hardware de un año a través de su garantía limitada y hasta 90 días de soporte técnico gratuito.",CT,m,76157.8947368421,76157.89,3905.53,114236.83,114236.83,152315.78,106621.05,91389.47,laptops,./assets/img/catalog/laptops/COMMAC4230.jpg,https://static.ctonline.mx/imagenes/COMMAC4230/COMMAC4230_400.jpg,48h Directa / 1 Año Fábrica,Pedro Moreno 501 A (Entrega Inmediata)
COMHPI4170,COMHPI4170,"Laptop HP 255R G10 (C7GP0AT#ABM). Procesador AMD Ryzen 3 7335U (3.00 GHz, up to 4.30 GHz, 4 cor","Laptop HP 255R G10 (C7GP0AT#ABM). Procesador AMD Ryzen 3 7335U (3.00 GHz, up to 4.30 GHz, 4 cores / 8 threads) with AMD Radeon™ Graphic 3, Memoria RAM 8GB 4800MT/s DDR5 (1X8GB) SODIMM), Almacenamiento SSD 512GB, Pantalla 15.6"" Windows 11 Home",255R,m,11252.631578947368,11252.63,577.06,16878.94,16878.94,22505.26,15753.68,13503.16,laptops,./assets/img/catalog/laptops/COMHPI4170.jpg,https://static.ctonline.mx/imagenes/COMHPI4170/COMHPI4170_400.jpg,48h Directa / 1 Año Fábrica,Pedro Moreno 501 A (Entrega Inmediata)
COMHPI4650,COMHPI4650,Computadora portátil HP EliteBook 8 G1i 14'' Notebook AI PC (D1VW1AT#ABM). Procesador Intel Cor,"Computadora portátil HP EliteBook 8 G1i 14'' Notebook AI PC (D1VW1AT#ABM). Procesador Intel Core Ultra 5 228V. Memoria 32GB (Memoria en el procesador (GB)) LPDDR5X-8533 MT/s, 512GB M.2 PCIe SSD, pantalla 14'', Teclado retroiluminado, Windows® 11 Pro.",CT,m,25262.105263157897,25262.11,1295.49,37893.17,37893.17,50524.22,35366.95,30314.53,laptops,./assets/img/catalog/laptops/COMHPI4650.jpg,https://static.ctonline.mx/imagenes/COMHPI4650/COMHPI4650_400.jpg,48h Directa / 1 Año Fábrica,Pedro Moreno 501 A (Entrega Inmediata)
COMHPI4440,COMHPI4440,Computadora portátil HP EliteBook 8 G1i 14'' Notebook AI PC (CH0N7LT#ABM). Procesador Intel Cor,"Computadora portátil HP EliteBook 8 G1i 14'' Notebook AI PC (CH0N7LT#ABM). Procesador Intel Core Ultra 7 255U (2.40 GHz, up to 5.20 GHz, 12 cores) .Memoria 24GB (1X24GB)DDR5-5600MT/s SODIMM. 1TB M.2 PCIe NVMe 2280 SSD, Intel Wi-Fi 7 BE201 (2x2), Bluetooth® 5.4 , pantalla 14'', Resistente a derrames y retroiluminado, Windows® 11 Pro.",CT,m,27494.736842105263,27494.74,1409.99,41242.11,41242.11,54989.48,38492.64,32993.69,laptops,./assets/img/catalog/laptops/COMHPI4440.jpg,https://static.ctonline.mx/imagenes/COMHPI4440/COMHPI4440_400.jpg,48h Directa / 1 Año Fábrica,Pedro Moreno 501 A (Entrega Inmediata)
COMHPI4640,COMHPI4640,Computadora portátil HP EliteBook 8 G1i 14'' Notebook AI PC (D1VW0AT#ABM). Procesador Intel Cor,"Computadora portátil HP EliteBook 8 G1i 14'' Notebook AI PC (D1VW0AT#ABM). Procesador Intel Core Ultra 7 258V (2.20 GHz, up to 4.80 GHz) .Memoria 32GB (Memoria en el procesador (GB)) LPDDR5X-8533 MT/s, 512GB M.2 PCIe NVMe 2280 SSD, Intel Wi-Fi 7 BE201 (2x2), Bluetooth® 5.4 , pantalla 14'', Resistente a derrames y retroiluminado, Windows® 11 Pro.",CT,m,27357.894736842107,27357.89,1402.97,41036.83,41036.83,54715.78,38301.05,32829.47,laptops,./assets/img/catalog/laptops/COMHPI4640.jpg,https://static.ctonline.mx/imagenes/COMHPI4640/COMHPI4640_400.jpg,48h Directa / 1 Año Fábrica,Pedro Moreno 501 A (Entrega Inmediata)
COMLEV6640,COMLEV6640,"Lenovo IdeaPad Slim 3 15AMN8, 82XQ00LTLM, ProcesadorAMD Ryzen 5 7520U (4C / 8T, 2.8 / 4.3GHz, 2","Lenovo IdeaPad Slim 3 15AMN8, 82XQ00LTLM, ProcesadorAMD Ryzen 5 7520U (4C / 8T, 2.8 / 4.3GHz, 2MB L2 / 4MB L3), Pantalla 15.6"" FHD (1920x1080) TN 250nits Anti-glare, Memoria RAM 8GB Soldered LPDDR5-5500, Almacenamiento 512GB SSD M.2 2242 PCIe 4.0x4 NVMe, Windows 11 Home, Color Gris artico. Garantía de 1 Año en Centro de Servicio. Incluye maletin gratis Lenovo® 15.6"" Laptop Casual Toploader",CT,m,9255.789473684212,9255.79,474.66,13883.69,13883.69,18511.58,12958.11,11106.95,laptops,./assets/img/catalog/laptops/COMLEV6640.jpg,https://static.ctonline.mx/imagenes/COMLEV6640/COMLEV6640_400.jpg,48h Directa / 1 Año Fábrica,Pedro Moreno 501 A (Entrega Inmediata)
COMLEV7060,COMLEV7060,"Lenovo TP P14s G6 U7, 21QUS05X00 . Intel Core Ultra 7 255H, 16C (6P + 8E + 2LPE) / 16T, Max Tur","Lenovo TP P14s G6 U7, 21QUS05X00 . Intel Core Ultra 7 255H, 16C (6P + 8E + 2LPE) / 16T, Max Turbo up to 5.1GHz, 24MB Intel Smart Cache, 1x 16GB SODIMM DDR5-5600 Non-ECC, 512GB SSD M.2 2280 PCIe 4.0x4 NVMe Opal 2.0 NVIDIA RTX PRO 500 Blackwell Generation 6GB GDDR7 Laptop GPU, Windows 11 Pro, Español, garantía 1 año en sitio.",CT,d,1610.5263157894738,31405.26,1610.53,47107.89,47107.89,62810.52,43967.36,37686.31,laptops,./assets/img/catalog/laptops/COMLEV7060.jpg,https://static.ctonline.mx/imagenes/COMLEV7060/COMLEV7060_400.jpg,48h Directa / 1 Año Fábrica,Pedro Moreno 501 A (Entrega Inmediata)
COMASS9130,COMASS9130,"Laptop ASUS Expertbook P1 El compacto y elegante ASUS ExpertBook P1 pesa solo 1,4 kg1 con un nu","Laptop ASUS Expertbook P1 El compacto y elegante ASUS ExpertBook P1 pesa solo 1,4 kg1 con un nuevo diseño impresionante, y cuenta con una eficiencia excepcional para potenciar su productividad, potenciada por la nueva herramienta ASUS AI ExpertMeet2. Número de parte 90NX0871-M00VS0 Modelo P1403CVA-i716G512-P1Sistema operativo Windows 11 Pro Procesador Intel® Core™ i7-13620H 2.4GHz (24M Cache, hasta 4.9GHz, 10 núcleos, 16 hilos); Graficos: Gráficos Intel® UMA; Memoria RAM: 16GB DDR5 SO-DIMM, Memoria máxima hasta:64GB; Almacenamiento: 512GB M.2 2280 NVMe™ PCIe® 4.0 SSD.Pantalla no táctil, 14.0-inch, FHD (1920 x 1080) 16:9, Wide view, Anti-glare display, LED Backlit, 300nits, NTSC: 45%, Screen-to-body ratio:87 %  Wi-Fi 6E(802.11ax) (Dual band) 2*2 + Bluetooth® 5.4 Wireless Card; cámara de 720p HD Con obturador de privacidad; Audio by Dirac Altavoz incorporado Matriz de micrófonos incorporada Puertos de E / S 2x USB 3.2 Gen 1 Type-A, 2x USB 3.2 Gen 2 Type-C support display / power delivery, 1x HDMI 1.4, 1x 3.5mm Combo Audio Jack, 1x RJ45 Gigabit Ethernet Ranura de Expansión: 2x DDR5 SO-DIMM slots, 1x M.2 2280 PCIe 4.0x4. Teclado tipo chiclet, Recorrido de tecla de 1,5 mm, Teclado resistente a derrames Certificación estándar militar MIL-STD 810H, Bateria 50WHrs, 3S1P, 3-cell Li-ion Batería de polímero de litio recargable de larga duración., Color: Misty Grey  Incluye en la caja: Fuente de alimentación: TIPO-C, Adaptador de CA de 65 W, Salida: 20 V CC, 3,25 A, 65 W, Entrada: 100~240 V CA 50/60 Hz universal *Este equipo incluye 1 año de garantía estándar directo con fabricante. Consulte características y ficha técnica para validar que cubra sus necesidades antes de adquirir el producto. Precio y disponibilidad sujetos a cambios sin previo aviso.*",ASUS,m,16193.75,16193.75,830.45,24290.62,24290.62,32387.5,22671.25,19432.5,laptops,./assets/img/catalog/laptops/COMASS9130.jpg,https://static.ctonline.mx/imagenes/COMASS9130/COMASS9130_400.jpg,48h Directa / 1 Año Fábrica,Pedro Moreno 501 A (Entrega Inmediata)
COMASU120,COMASU120,Computadora Portatil Gaming ASUS ROG ZEPHYRUS G16 (2025) GU605. La 2025 Zephyrus G16 y Windows ,"Computadora Portatil Gaming ASUS ROG ZEPHYRUS G16 (2025) GU605. La 2025 Zephyrus G16 y Windows 11 Home hacen que jugar, crear y todo lo demás sea pan comido. Con un procesador Intel® Core™ Ultra 9 285H y hasta una GPU NVIDIA® GeForce RTX™ 5070 Laptop, esta máquina de 16 pulgadas puede manejar fácilmente los últimos juegos y software creativo de vanguardia por igual. Zephyrus G16 puede transcribir sin esfuerzo notas de voz en documentos de texto, ahorrar un tiempo valioso durante la renderización de un vídeo y reproducir los últimos juegos AAA a frecuencias de actualización rapidísimas. El futuro ya está aquí.. Número de parte 90NR0MM1-M00580 Modelo GU605CP-QR020W Sistema operativo Windows 11 Home Procesador Intel® Core™ Ultra 9 Processor 285H 2.9 GHz (24MB Cache, up to 5.4 GHz, 16 cores, 16 Threads); Intel® AI Boost NPU up to 13TOPS Memoria Ram: 32GB LPDDR5X 7467 on board, 1TB PCIe® 4.0 NVMe™ M.2 SSD (2230),  Intel® Arc™ NVIDIA® GeForce RTX™ 5070 Laptop GP 8GB GDDR7, Pantalla: 16 pulgadas, 2.5K (2560 x 1600, WQXGA) OLED 16:10 aspect ratio 240Hz, Pantone Validated; Ranuras de Expansión: 2x M.2 PCIe Wi-Fi 7(802.11be) (Triple band) 2*2 + Bluetooth® 5.4 Wireless Card, Puertos: 1x Thunderbolt™ 4 with support for DisplayPort™ / power delivery (data speed up to 40Gbps), 2x USB 3.2 Gen 2 Type-A (data speed up to 10Gbps), 1x USB 3.2 Gen 2 Type-C with support for DisplayPort™ / power delivery / G-SYNC (data speed up to 10Gbps) 1x card reader (SD) (UHS-II, 312MB/s) Tecnología de cancelación de ruido Dolby Atmos AI, Certificación de alta resolución (para auriculares) Compatibilidad con Microsoft Cortana de campo cercano/campo lejano (servicio de Microsoft suspendido en la primavera de 2023). Micrófono de matriz integrado, Sistema de 2 altavoces Camara:1080P FHD IR Camera for Windows Hello Backlit Chiclet Keyboard 1-Zone RGB; Aura Sync: Sí; Iluminación del dispositivo: Slash Lighting Durabilidad de grado militar estadounidense según norma MIL-STD 810H Bateria: 90 Wh, 4S1P, batería de iones de litio de 4 celdas, Color: Eclipse Gray; ROG Zephyrus G16 Sleeve (2024)  *Este equipo incluye 1 año de garantía estándar directo con fabricante. Consulte características y ficha técnica para validar que cubra sus necesidades antes de adquirir el producto. Precio y disponibilidad sujetos a cambios sin previo aviso.*",ASUS,m,47068.0,47068.0,2413.74,70602.0,70602.0,94136.0,65895.2,56481.6,laptops,./assets/img/catalog/laptops/COMASU120.jpg,https://static.ctonline.mx/imagenes/COMASU120/COMASU120_400.jpg,48h Directa / 1 Año Fábrica,Pedro Moreno 501 A (Entrega Inmediata)
COMASS9710,COMASS9710,Computadora Portatil Gaming ASUS ROG Strix SCAR 16 (2025) G635 . La Strix SCAR 16 2025 ofrece l,"Computadora Portatil Gaming ASUS ROG Strix SCAR 16 (2025) G635 . La Strix SCAR 16 2025 ofrece la mejor experiencia de juego con un procesador Intel. Número de parte 90NR0LD1-M007V0   Modelo G635LW-RW172W Sistema operativo Windows 11 Home Intel® Core™ Ultra 9 Processor 275HX 2.7 GHz (36MB Cache, up to 5.4 GHz, 24 cores, 24 Threads); Intel® AI Boost NPU up to 13TOPS Memoria Ram: 64GB DDR5 5600 SO-DIMM (hasta 64gb), 2TB PCIe® 4.0 NVMe™ M.2 SSD (2230), NVIDIA® GeForce RTX™ 5080 Laptop GPU ROG Boost: 1550MHz* at 175W (1500MHz Boost Clock+50MHz OC, 150W+25W Dynamic Boost) 16GB GDDR7, Pantalla: 16 pulgadas, FHD+ 16:10 (1920 x 1200, WUXGA) Ranuras de Expansión: 2 ranuras SO-DIMM DDR5 y 2 M.2 PCIe Wi-Fi 7(802.11be) (Triple band) 2*2+Bluetooth® 5.4 Wireless Card  Puertos: 1 conector de audio combinado de 3,5 mm, 1 HDMI 2.1 FRL, 1 USB 3.2 Gen 2 Tipo-C compatible con DisplayPort / suministro de energía / G-SYNC, 1 USB Tipo-C 4 compatible con DisplayPort™ /Thunderbolt™ 4, 2 USB 3.2 Gen 1 Tipo-A (velocidad de datos de hasta 5 Gbps), 1 puerto LAN RJ45 Tecnología de cancelación de ruido Dolby Atmos AI, Certificación de alta resolución (para auriculares) Compatibilidad con Microsoft Cortana de campo cercano/campo lejano (servicio de Microsoft suspendido en la primavera de 2023). Micrófono de matriz integrado, Sistema de 2 altavoces Teclado chiclet retroiluminado 4 zonas RGB Support NumberPad con tecla Copilot Durabilidad de grado militar estadounidense según norma MIL-STD 810H Bateria: 90 Wh, 4S1P, batería de iones de litio de 4 celdas  *Este equipo incluye 1 año de garantía estándar directo con fabricante. Consulte características y ficha técnica para validar que cubra sus necesidades antes de adquirir el producto. Precio y disponibilidad sujetos a cambios sin previo aviso.*",ASUS,m,80864.88541666666,80864.89,4146.92,121297.33,121297.33,161729.78,113210.85,97037.87,laptops,./assets/img/catalog/laptops/COMASS9710.jpg,https://static.ctonline.mx/imagenes/COMASS9710/COMASS9710_400.jpg,48h Directa / 1 Año Fábrica,Pedro Moreno 501 A (Entrega Inmediata)
COMASS9720,COMASS9720,Computadora Portatil  Gaming ASUS ROG Strix SCAR 16 (2025) G635 . La Strix SCAR 16 2025 ofrece ,"Computadora Portatil  Gaming ASUS ROG Strix SCAR 16 (2025) G635 . La Strix SCAR 16 2025 ofrece la mejor experiencia de juego con un procesador Intel. Número de parte 90NR0LG1-M00BM0    Modelo G615LW-RV233W Sistema operativo Windows 11 Home Intel® Core™ Ultra 9 Processor 275HX 2.7 GHz (36MB Cache, up to 5.4 GHz, 24 cores, 24 Threads); Intel® AI Boost NPU up to 13TOPS Memoria Ram: 32GB DDR5 5600 SO-DIMM (hasta 64gb), 2TB PCIe® 4.0 NVMe™ M.2 SSD (2230), NVIDIA® GeForce RTX™ 5080 Laptop GPU ROG Boost: 1550MHz* at 175W (1500MHz Boost Clock+50MHz OC, 150W+25W Dynamic Boost) 16GB GDDR7, Pantalla: 16 pulgadas, FHD+ 16:10 (1920 x 1200, WUXGA) Ranuras de Expansión: 2 ranuras SO-DIMM DDR5 y 2 M.2 PCIe Wi-Fi 7(802.11be) (Triple band) 2*2+Bluetooth® 5.4 Wireless Card  Puertos: 1 conector de audio combinado de 3,5 mm, 1 HDMI 2.1 FRL, 1 USB 3.2 Gen 2 Tipo-C compatible con DisplayPort / suministro de energía / G-SYNC, 1 USB Tipo-C 4 compatible con DisplayPort™ /Thunderbolt™ 4, 2 USB 3.2 Gen 1 Tipo-A (velocidad de datos de hasta 5 Gbps), 1 puerto LAN RJ45 Tecnología de cancelación de ruido Dolby Atmos AI, Certificación de alta resolución (para auriculares) Compatibilidad con Microsoft Cortana de campo cercano/campo lejano (servicio de Microsoft suspendido en la primavera de 2023). Micrófono de matriz integrado, Sistema de 2 altavoces Teclado chiclet retroiluminado 4 zonas RGB Support NumberPad con tecla Copilot Durabilidad de grado militar estadounidense según norma MIL-STD 810H Bateria: 90 Wh, 4S1P, batería de iones de litio de 4 celdas  *Este equipo incluye 1 año de garantía estándar directo con fabricante. Consulte características y ficha técnica para validar que cubra sus necesidades antes de adquirir el producto. Precio y disponibilidad sujetos a cambios sin previo aviso.*",ASUS,m,72353.125,72353.12,3710.42,108529.68,108529.68,144706.24,101294.37,86823.74,laptops,./assets/img/catalog/laptops/COMASS9720.jpg,https://static.ctonline.mx/imagenes/COMASS9720/COMASS9720_400.jpg,48h Directa / 1 Año Fábrica,Pedro Moreno 501 A (Entrega Inmediata)
COMASS8790,COMASS8790,"Computadora Portátil ASUS Gamer TUF F15, Número de parte 90NR0BV7-M00NT0 Modelo FX507VV-LP313W ","Computadora Portátil ASUS Gamer TUF F15, Número de parte 90NR0BV7-M00NT0 Modelo FX507VV-LP313W Sistema operativo Windows 11 Home Procesador Intel® Core™ i7-13620H Processor 2.4 GHz (24M  Cache, up to 4.9 GHz, 10 cores: 6 P-cores and 4 E-cores) Gráficos NVIDIA® GeForce RTX™ 4060 Laptop GPU2420MHz* at 140W (2370MHz Boost Clock+50MHz OC, 115W+25W Dynamic Boost) 8GB GDDR6 Pantalla ROG Nebula Display 15.6-inch FHD+ 16:9 (2560 x 1600, WQXGA) IPS-level Anti-glare display DCI-P3:100% Tasa de refresco 144Hz Response Time: 3ms G-Sync Pantone Validated MUX Switch + NVIDIA® Advanced Optimus - Support Dolby Vision HDR : SI Memoria 16GB DDR5-5600 SO-DIMM, the memory speed of the systems vary by CPU SPEC x 2 Máxima capacidad : 32GB Support dual channel memory Almacenamiento 1TB PCIe® 4.0 NVMe™ M.2 SSD Puertos 1x 3.5mm Combo Audio Jack 1x HDMI 2.1 FRL 1x USB 3.2 Gen 2 Tipo C compatible con pantallas / entrega de alimentación 1x RJ45 LAN Port 1x Thunderbolt™ 4 support DisplayPort™ 2x USB 3.2 Gen 2 Type-A Teclado y panel táctil Teclado chiclet retroiluminado 4 zonas RGB Support NumberPad Touchpad Cámara 720P HD Audio Tecnología Smart Amp Audio por Dolby Atmos AI noise-canceling technology Hi-Res certification (for headphone) Support Microsoft Cortana near field/far field Micrófono incorporado 2-speaker system with Smart Amplifier Technology Redes y comunicación Wi-Fi 6E(802.11ax) (Triple band) 2*2 + Bluetooth® 5.1 Wireless Card (*Bluetooth® versión may change with OS versión different.) Batería Ion-litio de 4 celdas, 90Wh, 4S1P Fuente ø6.0; Adaptador CA 240W; Salida: CC 20V, 12A, 240W; Salida: CA 100~240V CA50/60Hz universal AURA SYNC SI  Iluminación del dispositivo Barra de iluminación Aura Sync Logotipo Aura Sync Peso 2.50 Kg ( lbs) Color Volt Green incluye TUF backpack. *Este equipo incluye 1 año de garantía estándar directo con fabricante. Consulte características y ficha técnica para validar que cubra sus necesidades antes de adquirir el producto. Precio y disponibilidad sujetos a cambios sin previo aviso.*",ASUS,m,24385.906250000004,24385.91,1250.56,36578.86,36578.86,48771.82,34140.27,29263.09,laptops,./assets/img/catalog/laptops/COMASS8790.jpg,https://static.ctonline.mx/imagenes/COMASS8790/COMASS8790_400.jpg,48h Directa / 1 Año Fábrica,Pedro Moreno 501 A (Entrega Inmediata)
COMASS9410,COMASS9410,Computadora Portatil  Gaming ASUS TUF Gaming F16 (FX607VU) 2024. INMERSIÓN EXPANSIVA. RENDIMIEN,"Computadora Portatil  Gaming ASUS TUF Gaming F16 (FX607VU) 2024. INMERSIÓN EXPANSIVA. RENDIMIENTO MECANIZADO. Número de parte 90NR0N06-M00570 Modelo FX607VU-RL024W Sistema operativo Windows 11 Home Procesador:13th Gen Intel® Core™ i7-13620H Processor 2.4 GHz (24M Cache, up to 4.9 GHz, 10 cores: 6 P-cores and 4 E-cores) Memoria Ram: 8GB DDR5 5600 SO-DIMM (hasta 64gb), 512Gb PCIe® 4.0 NVMe™ M.2 SSD (2230), Gráficos:NVIDIA® GeForce RTX™ 4050 Laptop GPU (194 AI TOPs), 2420MHz* at 140W (2370MHz Boost Clock+50MHz OC, 115W+25W Dynamic Boost), GDDR6 de 6 GB, Pantalla: 16 pulgadas, FHD+ 16:10 (1920 x 1200, WUXGA) Ranuras de Expansión: 2 ranuras SO-DIMM DDR5 y 2 M.2 PCIe Wi-Fi 6 (802.11ax) (banda dual) 2*2 + Bluetooth® 5.3, Puertos: 1 conector de audio combinado de 3,5 mm, 1 HDMI 2.1 FRL, 1 USB 3.2 Gen 2 Tipo-C compatible con DisplayPort / suministro de energía / G-SYNC, 1 USB Tipo-C 4 compatible con DisplayPort™ /Thunderbolt™ 4, 2 USB 3.2 Gen 1 Tipo-A (velocidad de datos de hasta 5 Gbps), 1 puerto LAN RJ45 Tecnología de cancelación de ruido Dolby Atmos AI, Certificación de alta resolución (para auriculares) Compatibilidad con Microsoft Cortana de campo cercano/campo lejano (servicio de Microsoft suspendido en la primavera de 2023). Micrófono de matriz integrado, Sistema de 2 altavoces Teclado chiclet retroiluminado con panel táctil RGB de una zona y tecla Copilot Durabilidad de grado militar estadounidense según norma MIL-STD 810H Bateria: 56 Wh, 4S1P, batería de iones de litio de 4 celdas  *Este equipo incluye 1 año de garantía estándar directo con fabricante. Consulte características y ficha técnica para validar que cubra sus necesidades antes de adquirir el producto. Precio y disponibilidad sujetos a cambios sin previo aviso.*",ASUS,m,24412.5,24412.5,1251.92,36618.75,36618.75,48825.0,34177.5,29295.0,laptops,./assets/img/catalog/laptops/COMASS9410.jpg,https://static.ctonline.mx/imagenes/COMASS9410/COMASS9410_400.jpg,48h Directa / 1 Año Fábrica,Pedro Moreno 501 A (Entrega Inmediata)
COMASS9870,COMASS9870,"Computadora portátil  Asus StudioBook ProArt P16, Número de parte 90NB15K1-M00HH0, Modelo H7606","Computadora portátil  Asus StudioBook ProArt P16, Número de parte 90NB15K1-M00HH0, Modelo H7606WP-RJ205X, Sistema operativo Windows 11 Pro, Color Nano Black, Grado Militar US MIL-STD 810H military-grade standard, Pantalla 16"" 3K OLED (2880 x 1800) 16:10, Brillo 400 nits, Pantalla antirreflejos, Gama de colores NTSC: 45, Ángulo de visión(H/V) 170/170, Tiempo de respuesta(Typ/Max) (ms) 0.2ms, Frecuencia de actualización 120 Hz, Contraste (típico) 1,000,000:1, VESA CERTIFIED Display HDR True Black 500 PANTONE VALIDATED Pantalla táctil,  Procesador AMD Ryzen™ AI 9 HX 370 Processor 2.0GHz (36MB Cache, up to 5.1GHz, 12 cores, 24 Threads); AMD XDNA™ NPU up to 50TOPS GPU integrada AMD Radeon™ Graphics, Gráficos NVIDIA® GeForce RTX™ 5070 Laptop GPU 8gb DDR7  Memoria integrada 64GB LPDDR5X  Almacenamiento 1 TB M.2 2280 NVMe™ PCIe® 4.0 SSD. Ranuras de expansión: 1x M.2 2280 PCIe 4.0x4 + 1x M.2 2280 PCIe 4.0x2 Cámara frontal Cámara HD con funcion IR (compatible con Windows Hello) Wi-Fi inalámbrico Wi-Fi 7(802.11be) (Dual band) 2*2 + Bluetooth® 5.4 Wireless Card Puertos de E/S: 1x USB 3.2 Gen 2 Type-C support display / power deliver (data support up to 10Gbps, 1x USB 4.0 Gen 3, Type-C support display / power deliver (data support up to 40Gbps), 2x USB 3.2 Gen 2, Type-A  data speed up to 10Gbps,1x HDMI 2.1 FRL, 1x 3.5mm Combo Audio Jack,Audio  Smart Amp Technology, Built in speaker, Built in array michofono Bateria: 90WHrs, 4S1P, 4-cell Li-ion. Adaptador de CA Rectangle Conn, 200W AC Adapter, Output: 20V DC, 10A, 200W, Input: 100~240V AC, 50/60Hz universal. Teclado Negro Antibacterial *Este equipo incluye 1 año de garantía estándar directo con fabricante. Consulte características y ficha técnica para validar que cubra sus necesidades antes de adquirir el producto. Precio y disponibilidad sujetos a cambios sin previo aviso.*",CT,m,53797.583333333336,53797.58,2758.85,80696.37,80696.37,107595.16,75316.61,64557.1,laptops,./assets/img/catalog/laptops/COMASS9870.jpg,https://static.ctonline.mx/imagenes/COMASS9870/COMASS9870_400.jpg,48h Directa / 1 Año Fábrica,Pedro Moreno 501 A (Entrega Inmediata)
COMASS9380,COMASS9380,"Computadora Portatil  Gaming ASUS ROG Strix SCAR 16 (2025) G635. Victoria, acelerada. Domina lo","Computadora Portatil  Gaming ASUS ROG Strix SCAR 16 (2025) G635. Victoria, acelerada. Domina los juegos con el procesador hasta Intel® Core™ Ultra 9 processor 275HXy la GPU NVIDIA® GeForce RTX™ 5080 para laptop con un TGP máximo de 175 W. Número de parte 90NR0LD1-M001R0 Modelo G635LW-RW037W Sistema operativo Windows 11 Home Intel® Core™ Ultra 9 Processor 275HX 2.7 GHz (36MB Cache, up to 5.4 GHz, 24 cores, 24 Threads); Intel® AI Boost NPU up to 13TOPS) Memoria Ram: 32gb DDR5 5600 SO-DIMM (hasta 64gb), 1Tb PCIe® 4.0 NVMe™ M.2 SSD (2230), Gráficos:NVIDIA® GeForce RTX™ 5080 Laptop GPU ROG Boost: 1550MHz* at 175W (1500MHz Boost Clock+50MHz OC, 150W+25W Dynamic Boost) 16GB GDDR7, Pantalla: 16 pulgadas, 2.5K FHD ROG Nebula HDR Display 16:10 (1920 x 1200, WUXGA) Ranuras de Expansión: 2 ranuras SO-DIMM DDR5 y 2 M.2 PCIe Wi-Fi 7 (802.11be) (banda triple) 2*2 + Bluetooth® 5.4, Puertos: 1x 3.5mm Combo Audio Jack, 1x HDMI 2.1 FRL, 3x USB 3.2 Gen 2 Type-A (data speed up to 10Gbps), 1x 2.5G LAN port, 2x Thunderbolt™ 5 with support for DisplayPort™ / power delivery / G-SYNC (data speed up to 120Gbps) Camara: 1080P FHD IR Camera for Windows Hello. Audio: Tecnología de cancelación de ruido Dolby Atmos AI, Certificación de alta resolución (para auriculares) Compatibilidad con Microsoft Cortana de campo cercano/campo lejano (servicio de Microsoft suspendido en la primavera de 2023). Micrófono de matriz integrado, Sistema de 2 altavoces Teclado chiclet retroiluminado con panel táctil RGB de una zona y tecla Copilot. Aura Sync: Si, Iluminacion de Dipositivo: Barra de iluminación Aura Sync Logotipo, Aura Sync, AniMe Vision. Durabilidad de grado militar estadounidense según norma MIL-STD 810H Bateria: 90 Wh, 4S1P, batería de iones de litio de 4 celdas  *Este equipo incluye 1 año de garantía estándar directo con fabricante. Consulte características y ficha técnica para validar que cubra sus necesidades antes de adquirir el producto. Precio y disponibilidad sujetos a cambios sin previo aviso.*",ASUS,m,66679.16666666667,66679.17,3419.44,100018.76,100018.76,133358.34,93350.84,80015.0,laptops,./assets/img/catalog/laptops/COMASS9380.jpg,https://static.ctonline.mx/imagenes/COMASS9380/COMASS9380_400.jpg,48h Directa / 1 Año Fábrica,Pedro Moreno 501 A (Entrega Inmediata)
COMASS9390,COMASS9390,"Computadora Portatil  Gaming ASUS ROG STRIX G18 (2025) G815. Victoria, acelerada., Número de pa","Computadora Portatil  Gaming ASUS ROG STRIX G18 (2025) G815. Victoria, acelerada., Número de parte 90NR0LT1-M000R0 Modelo G815LR-S8018W Sistema operativo Windows 11 Home Intel® Core™ Ultra 9 Processor 275HX 2.7 GHz (36MB Cache, up to 5.4 GHz, 24 cores, 24 Threads); Intel® AI Boost NPU up to 13TOPS, 16GB DDR5-5600 SO-DIMM (Hasta 64gb), 1TB PCIe® 4.0 NVMe™ M.2 SSD, NVIDIA® GeForce RTX™ 5070 Ti Laptop GPU ROG Boost: 1565MHz* at 140W (1515MHz Boost Clock+50MHz OC, 115W+25W Dynamic Boost) 12GB GDDR7  Intel® AI Boost NPU up to 13TOPS; 18-inch, FHD+ 16:10 (1920 x 1200, WUXGA)  Wi-Fi 7(802.11be) (Triple band) 2*2 + Bluetooth® 5.4 Wireless Card, Ranuras de Expansion: 2x DDR5 SO-DIMM slots, 2x M.2 PCIe Puertos: 1x 3.5mm Combo Audio Jack, 1x HDMI 2.1 FRL, 3x USB 3.2 Gen 2 Type-A (data speed up to 10Gbps), 1x 2.5G LAN port, 2x Thunderbolt™ 5 with support for DisplayPort™ / power delivery / G-SYNC (data speed up to 120Gbps) Teclado chiclet retroiluminado por tecla RGB con tecla Copilot. Camara: 1080P FHD IR Camera for Windows Hello; Audio: Tecnología Smart Amp, Audio por Dolby Atmos, AI noise-canceling, technology, Hi-Res certification (for headphone), Micrófono incorporado, 2-speaker system with Smart Amplifier Technology; Durabilidad de grado militar estadounidense según norma MIL-STD 810H Aura Sync: Si; Iluminacion del dispositivo: Barra de iluminación Aura Sync;  Bateria: Ion-litio de 4 celdas, 90Wh, 4S1P  *Este equipo incluye 1 año de garantía estándar directo con fabricante. Consulte características y ficha técnica para validar que cubra sus necesidades antes de adquirir el producto. Precio y disponibilidad sujetos a cambios sin previo aviso.*",ASUS,m,62000.0,62000.0,3179.49,93000.0,93000.0,124000.0,86800.0,74400.0,laptops,./assets/img/catalog/laptops/COMASS9390.jpg,https://static.ctonline.mx/imagenes/COMASS9390/COMASS9390_400.jpg,48h Directa / 1 Año Fábrica,Pedro Moreno 501 A (Entrega Inmediata)
COMASS9850,COMASS9850,"Computadora portátil  Asus StudioBook ProArt P16, Número de parte 90NB15L1-M005A0, Modelo H7606","Computadora portátil  Asus StudioBook ProArt P16, Número de parte 90NB15L1-M005A0, Modelo H7606WM-RJ085X, Sistema operativo Windows 11 Pro, Color Nano Black, Grado Militar US MIL-STD 810H military-grade standard, Pantalla 16"" 3K OLED (2880 x 1800) 16:10, Brillo 400 HDR nits, Pantalla antirreflejos, Gama de colores NTSC: 45, Ángulo de visión(H/V) 170/170, Tiempo de respuesta(Typ/Max) (ms) 0.2ms, Frecuencia de actualización 120 Hz, Contraste (típico) 1,000,000:1, VESA CERTIFIED Display HDR True Black 500 PANTONE VALIDATED Pantalla táctil,  Procesador AMD Ryzen™ AI 9 HX 370 Processor 2.0GHz (36MB Cache, up to 5.1GHz, 12 cores, 24 Threads); AMD XDNA™ NPU up to 50TOPS GPU integrada AMD Radeon™ Graphics Gráficos NVIDIA® GeForce RTX™ 5060 Laptop GPU 8gb GDDR7  Memoria integrada 32GB LPDDR5X  Almacenamiento 1 TB M.2 2280 NVMe™ PCIe® 4.0 SSD. Ranuras de expansión: 1x M.2 2280 PCIe 4.0x4 + 1x M.2 2280 PCIe 4.0x2 Cámara frontal Cámara HD con funcion IR (compatible con Windows Hello) Wi-Fi inalámbrico Wi-Fi 7(802.11be) (Triple banda) 2*2 + Tarjeta inalámbrica Bluetooth® 5.4 (*La versión de Bluetooth® puede cambiar según la versión del sistema operativo.) Puertos de E/S: 1x USB 3.2 Gen 2 Type-C support display / power deliver (data support up to 10Gbps, 1x USB 4.0 Gen 3, Type-C support display / power deliver (data support up to 40Gbps), 2x USB 3.2 Gen 2, Type-A  data speed up to 10Gbps,1x HDMI 2.1 FRL, 1x 3.5mm Combo Audio Jack,Audio  Smart Amp Technology, Built in speaker, Built in array michofono Bateria: 90WHrs, 4S1P, 4-cell Li-ion. Adaptador de CA Rectangle Conn, 200W AC Adapter, Output: 20V DC, 10A, 200W, Input: 100~240V AC, 50/60Hz universal. Teclado Retroiluminado tipo chiclet Negro Antibacterial *Este equipo incluye 1 año de garantía estándar directo con fabricante. Consulte características y ficha técnica para validar que cubra sus necesidades antes de adquirir el producto. Precio y disponibilidad sujetos a cambios sin previo aviso.*",CT,m,45258.333333333336,45258.33,2320.94,67887.49,67887.49,90516.66,63361.66,54310.0,laptops,./assets/img/catalog/laptops/COMASS9850.jpg,https://static.ctonline.mx/imagenes/COMASS9850/COMASS9850_400.jpg,48h Directa / 1 Año Fábrica,Pedro Moreno 501 A (Entrega Inmediata)
TARITL760,TARITL760,Tarjeta Red GB USB-C v3.1 (507585) Agrega una conexión de red Gigabit Ethernet deAlta Velocidad,"Tarjeta Red GB USB-C v3.1 (507585) Agrega una conexión de red Gigabit Ethernet deAlta Velocidad a Notebooks, MacBook® y Chromebook Pixel™con un conector USB Tipo-C, Un puerto Gigabit Ethernet (RJ45) que soporta una velocidad de transferencia de hasta 2 Gbps full-duplex, Actualice la computadora o portátil a velocidad Gigabit",USB-C,d,14.483516483516484,282.43,14.48,423.64,423.64,564.86,395.4,338.92,laptops,./assets/img/catalog/laptops/TARITL760.jpg,https://static.ctonline.mx/imagenes/TARITL760/TARITL760_400.jpg,48h Directa / 1 Año Fábrica,Pedro Moreno 501 A (Entrega Inmediata)
GABITL730,GABITL730,180917 Carrito de carga con 10 contactos de corriente alterna:  Almacena y carga de forma segur,"180917 Carrito de carga con 10 contactos de corriente alterna:  Almacena y carga de forma segura laptops y dispositivos de 15.6""; 10 tomas de NEMA 5-15R; Proteccion contra sobrecarga, sobrecorriente, cortocircuito y picos de tension; Cierre de puerta de 3 puntos o combinacion de 4 digitos; MEDIDAS: Largo (cm): 54.5, Ancho (cm): 50.5,Profundidad (cm): 53.5; Peso: 23Kg; Color: Negro; 3 Años de Garantia Directo con Fabricante",CT,d,322.25274725274727,6283.93,322.25,9425.9,9425.9,12567.86,8797.5,7540.72,laptops,./assets/img/catalog/laptops/GABITL730.jpg,https://static.ctonline.mx/imagenes/GABITL730/GABITL730_400.jpg,48h Directa / 1 Año Fábrica,Pedro Moreno 501 A (Entrega Inmediata)
GABITL740,GABITL740,180931 Carrito de carga con 32 contactos de corriente alterna:  Almacena y carga de forma segur,"180931 Carrito de carga con 32 contactos de corriente alterna:  Almacena y carga de forma segura laptops y dispositivos de 15.6""; 32 tomas de NEMA 5-15R; Proteccion contra sobrecarga, sobrecorriente, cortocircuito y picos de tension; Cierre de puerta de 3 puntos o combinacion de 4 digitos; Ventilador silencioso con ranuras de ventilacion para un flujo de aire y maxima eficiencia de enfriamiento;  MEDIDAS: Largo (cm): 77, Ancho (cm): 70 , Profundidad (cm): 102; Peso: 65Kg; Color: Negro; 3 Años de Garantia Directo con Fabricante",CT,d,1074.1758241758241,20946.43,1074.18,31419.65,31419.65,41892.86,29325.0,25135.72,laptops,./assets/img/catalog/laptops/GABITL740.jpg,https://static.ctonline.mx/imagenes/GABITL740/GABITL740_400.jpg,48h Directa / 1 Año Fábrica,Pedro Moreno 501 A (Entrega Inmediata)
CABRBT3060,CABRBT3060,"CABLE HDMI V2.0, 2K - 4K, ULTRASLIM, 3.00 METROS  (181312), Brobotix Fabricado con materiales d","CABLE HDMI V2.0, 2K - 4K, ULTRASLIM, 3.00 METROS  (181312), Brobotix Fabricado con materiales de alta calidad para brindar resistencia, rendimiento, precisión y excelente conductividad, este cabe Ultraslim, además de ser súper práctico, te ofrece un desempeño de alta velocidad. Materiales: cubierta térmica de plástico y cabezales PVC con terminaciones resistentes por su doble blindaje. Grosor del cable ultra Slim: aproximadamente menos de 1 centímetro de diámetro. Alta velocidad para ethernet (100 Mbps). Hasta 18Gbps a 600MHz de ancho de banda. Hasta 1080p de alta definición. Calibre 36AWG. Soporta canal HDMI Ethernet, Canal de retorno de sonido, Video 3D, Transmisión 4K@60Hz y un Color Profundo. La resolución UHD 4K soporta una resolución de video de 4 veces 1080p; resolución de hasta 1080p en 3D y con Color Profundo. Especificaciones: Alta velocidad. Diseño Ultraslim que facilita el manejo.  Ideal para espacios reducidos y compactos. Máxima resolución en audio y video. Extraordinario rendimiento y precisión. Compatible con HDMI con especificaciones de ethernet. Compatible con cualquier dispositivo HDMI: Blu-ray, consola de videojuegos, stéreos, minicomponentes, PC, laptop y más. La tecnología ARC permite que el sonido de tu TV se transmita a través de tu sistema de sonido; sin necesidad de cables de sonido adicionales. Producto garantizado. Color: Negro",CABLE,d,8.383838383838386,163.48,8.38,245.22,245.22,326.96,228.87,196.18,laptops,./assets/img/catalog/laptops/CABRBT3060.jpg,https://static.ctonline.mx/imagenes/CABRBT3060/CABRBT3060_400.jpg,48h Directa / 1 Año Fábrica,Pedro Moreno 501 A (Entrega Inmediata)
ACCRBT470,ACCRBT470,Convertidor USB A BLUETOOTH (531233) Brobotix Gracias a este pequeño bluetooth vas a poder cone,"Convertidor USB A BLUETOOTH (531233) Brobotix Gracias a este pequeño bluetooth vas a poder conectarte de forma inalámbrica a tus accesorios como celulares, Smartphone, PC´s, laptops impresoras o el dispositivo que tú quieras mediante conexión bluetooth. Color: Negro.",USB,d,4.544444444444444,88.62,4.54,132.93,132.93,177.24,124.07,106.34,laptops,./assets/img/catalog/laptops/ACCRBT470.jpg,https://static.ctonline.mx/imagenes/ACCRBT470/ACCRBT470_400.jpg,48h Directa / 1 Año Fábrica,Pedro Moreno 501 A (Entrega Inmediata)
ACCRBT6350,ACCRBT6350,"Convertidor USB A BLUETOOTH V5.0 (651763), Brobotix. El nuevo Convertidor USB a Bluetooth V5.0 ","Convertidor USB A BLUETOOTH V5.0 (651763), Brobotix. El nuevo Convertidor USB a Bluetooth V5.0 BRobotix te permitirá conectar tus dispositivos inalámbricos como teclados, mouses, bocinas, audífonos, impresoras y más, a tu Computadora o Laptop que no cuenta con conexión Bluetooth. Convertidor USB a Bluetooth V5.0 Diseñado para dispositivos sin conexión Bluetooth, con puerto USB Tipo A. Compatible con Smartphones, Tabletas, laptops, computadoras. Útil para la conexión de dispositivos inalámbricos como teclados, mouses, bocinas, audífonos, impresoras y más. Práctico y portátil. Bajo consumo de energía. Especificaciones: Bluetooth V5.0. Interface USB 2.0/3.0/4.0 Rango de distancia: 10 -20 metros. Certificación BQB. Compatibilidad: Windows 7.8.10/Vista/XP, Mac OS X Color: Negro",USB,d,4.955555555555556,96.63,4.96,144.94,144.94,193.26,135.28,115.96,laptops,./assets/img/catalog/laptops/ACCRBT6350.jpg,https://static.ctonline.mx/imagenes/ACCRBT6350/ACCRBT6350_400.jpg,48h Directa / 1 Año Fábrica,Pedro Moreno 501 A (Entrega Inmediata)
PROVAN070,PROVAN070,"Proyector Vankyo 470 NEO, proyección hasta 250"",  140 lúmenes, tecnología LED y WIFI para proye","Proyector Vankyo 470 NEO, proyección hasta 250"",  140 lúmenes, tecnología LED y WIFI para proyección de pantallas, puertos HDMI/USB/AV/ o vía WIFI.  Admite montaje en techo/pared/tripode.  Se conecta a su teléfono inteligente, x-box, play station y PC. compatible con TV stick/cell/tablet/tv/laptops/USB/.","NEO,",m,2264.333333333333,2264.33,116.12,3396.49,3396.49,4528.66,3170.06,2717.2,laptops,./assets/img/catalog/laptops/PROVAN070.jpg,https://static.ctonline.mx/imagenes/PROVAN070/PROVAN070_400.jpg,48h Directa / 1 Año Fábrica,Pedro Moreno 501 A (Entrega Inmediata)
PROVAN050,PROVAN050,"Proyector Vankyo 470R + Roku con wifi, proyección hasta 250"", tecnología LED y WIFI para proyec","Proyector Vankyo 470R + Roku con wifi, proyección hasta 250"", tecnología LED y WIFI para proyección de pantallas, puertos HDMI/USB/AV/VGA/SD o vía WIFI. Admite montaje en techo/pared/tripode.  Se conecta a su teléfono inteligente, x-box, play station y PC. compatible con TV stick/ cell/ tablet/ tv/ laptops/ USB/ Tarjetas TF (max. 32 GB)/DVD",470R,m,2892.47311827957,2892.47,148.33,4338.7,4338.7,5784.94,4049.46,3470.96,laptops,./assets/img/catalog/laptops/PROVAN050.jpg,https://static.ctonline.mx/imagenes/PROVAN050/PROVAN050_400.jpg,48h Directa / 1 Año Fábrica,Pedro Moreno 501 A (Entrega Inmediata)
ACCMTD470,ACCMTD470,Sistema de presentación interactivo Inalámbrico ESHOW marca Multimedia. Comparta contenido inal,Sistema de presentación interactivo Inalámbrico ESHOW marca Multimedia. Comparta contenido inalámbricamente desde computadora de escritorio o laptop. Compatibilidad con dispositivos iOs / Android. Permite usar hasta 6 transmisores en diferentes equipos a la ves para enviar información,CT,d,869.5652173913043,16956.52,869.57,25434.78,25434.78,33913.04,23739.13,20347.82,laptops,./assets/img/catalog/laptops/ACCMTD470.jpg,https://static.ctonline.mx/imagenes/ACCMTD470/ACCMTD470_400.jpg,48h Directa / 1 Año Fábrica,Pedro Moreno 501 A (Entrega Inmediata)
ACCUPS030,ACCUPS030,Soporte Marca UP para Monitor y Laptop/Tableta. OA-7X. Este soporte es ideal para quienes traba,"Soporte Marca UP para Monitor y Laptop/Tableta. OA-7X. Este soporte es ideal para quienes trabajan siempre en constante movimiento. Mejora la productividad cuando se trabaja en el escritorio principal, sus brazos duales facilitan el trabajo. Simplemente lleva el ordenador cuando es momento de salir. Se puede usar para Monitor/Laptop/Tablet. Soporta Laptop o Tablet y Monitor al mismo tiempo. Con gestor de cables integrado ayuda a mantener orden en el escritorio. Pinza al borde de la mesa, ojal o perno a través de la perforación del escritorio. Montura para Monitor LCD y Laptop o Tablet.  2 Brazos. Material: Aleación de Aluminio + ABS (blanco). Aplicaciones: Un monitor hasta 17"" y una Laptop de 15"" a 17"". Peso equipado: +/- 17kg con equipos montados. Rango Montura: +/- 42mm. Medidas: Poste 31cm, Brazo 44.5cm (cada uno). VESA: 75mm x 75mm, 100mm x 100mm. 3.22kg. Color Plata.",CT,d,113.33333333333333,2210.0,113.33,3315.0,3315.0,4420.0,3094.0,2652.0,laptops,./assets/img/catalog/laptops/ACCUPS030.jpg,https://static.ctonline.mx/imagenes/ACCUPS030/ACCUPS030_400.jpg,48h Directa / 1 Año Fábrica,Pedro Moreno 501 A (Entrega Inmediata)
PROQIA030,PROQIA030,"Proyector Portátil LCD1280 X 720-120 Lúmenes, Bluetooth QIAN modelo QXP-EMHRA, Proyección ajust","Proyector Portátil LCD1280 X 720-120 Lúmenes, Bluetooth QIAN modelo QXP-EMHRA, Proyección ajustable corrección trapezoidal y de cuatro puntos para imágenes impecables en tamaños de 30 a 248 pulgadas, Resolución nativa de 1280x720 y brillo de 5500 lúmenes (120 ANSI) para colores vibrantes y detalles nítidos, Altavoz de 5W para un audio claro y potente sin necesidad de altavoces externos, Proyecta desde cualquier dispositivo y accede a apps como Netflix y YouTube directamente desde el proyector, Conecta TV Sticks, consolas, laptops, smartphones y más para disfrutar de una experiencia multimedia sin límites. Color: Negro. Garantía: 1 año.",LCD1280,d,76.42857142857142,1490.36,76.43,2235.54,2235.54,2980.72,2086.5,1788.43,laptops,./assets/img/catalog/laptops/PROQIA030.jpg,https://static.ctonline.mx/imagenes/PROQIA030/PROQIA030_400.jpg,48h Directa / 1 Año Fábrica,Pedro Moreno 501 A (Entrega Inmediata)
LCTSYB020,LCTSYB020,Lector de Código de Barras INALAMBRICO 2D Linear Imager con gatillo. Marca SYBLE Modelo 6266MBT,"Lector de Código de Barras INALAMBRICO 2D Linear Imager con gatillo. Marca SYBLE Modelo 6266MBT-2D ( XB-6266MBT ). Compatible con sistemas Bluetooth, se puede utilizar con la base incorporada, o bien, con dispositivos receptores de Bluetooth (PC’s, Laptops, Tabletas, Smartphones, etc). Conexión a sistemas IOS, Linux, Android, Windows. Sellado IP54 y soporta caídas de 1.8m al concreto. Simbologías Soportadas : ( 2D :  QR Code, PDF417, Micro QR )  (1D : EAN-13, EAN-8, UPC-A, UPC-E, ISSN, ISBN, Codabar, Code 128, Code 93, ITF-6, ITF-14, Interleaved 2 of 5, Industrial 2 of 5, Standard 2 of 5, Matrix 2 of 5, GS1 Databar, Code 39, Code 11, MSI-Plessey, Plessey, etc ). Garantía: 2 años con el fabricante. Color: Negro.  ** Incluye Base de comunicacion y carga **",CT,d,159.0909090909091,3102.27,159.09,4653.4,4653.4,6204.54,4343.18,3722.72,laptops,./assets/img/catalog/laptops/LCTSYB020.jpg,https://static.ctonline.mx/imagenes/LCTSYB020/LCTSYB020_400.jpg,48h Directa / 1 Año Fábrica,Pedro Moreno 501 A (Entrega Inmediata)
ACCACT3940,ACCACT3940,"Base enfriadora ACTECK ENTRY Ideal para laptop de hasta 15"", 1 ventilador. Velocidad de ventila","Base enfriadora ACTECK ENTRY Ideal para laptop de hasta 15"", 1 ventilador. Velocidad de ventilador 800-1000rpm. Potencia 1.75w Color Negro. AC-929080",ACTECK,m,123.05295950155764,123.05,6.31,184.57,184.57,246.1,172.27,147.66,laptops,./assets/img/catalog/laptops/ACCACT3940.jpg,https://static.ctonline.mx/imagenes/ACCACT3940/ACCACT3940_400.jpg,48h Directa / 1 Año Fábrica,Pedro Moreno 501 A (Entrega Inmediata)
ACCACT4890,ACCACT4890,"Base para Laptop EFREZZE BOOK PRIME BE220 Acteck Essential Series Base para Laptop 15.5"", Super","Base para Laptop EFREZZE BOOK PRIME BE220 Acteck Essential Series Base para Laptop 15.5"", Supereficie Antideslizante, Soporta hasta 15kg, Inclinacion 35°, Color Negro. AC-933476",EFREZZE,m,92.03530633437175,92.04,4.72,138.06,138.06,184.08,128.86,110.45,laptops,./assets/img/catalog/laptops/ACCACT4890.jpg,https://static.ctonline.mx/imagenes/ACCACT4890/ACCACT4890_400.jpg,48h Directa / 1 Año Fábrica,Pedro Moreno 501 A (Entrega Inmediata)
ACCBLR110,ACCBLR110,"Base Enfriadora Eolox Freez EF707 Balam Rush Azender Series  Compatible con laptop de 15.6""- 17","Base Enfriadora Eolox Freez EF707 Balam Rush Azender Series  Compatible con laptop de 15.6""- 17"", 6 ventiladores, Iluminación RGB, Display LCD, 6 Niveles de Velocidad, 8 Ajustes de Altura, 7 modos de Iluminacion, 2 Puertos USB, Color Negro. BR-937429",CT,m,345.7943925233645,345.79,17.73,518.69,518.69,691.58,484.11,414.95,laptops,./assets/img/catalog/laptops/ACCBLR110.jpg,https://static.ctonline.mx/imagenes/ACCBLR110/ACCBLR110_400.jpg,48h Directa / 1 Año Fábrica,Pedro Moreno 501 A (Entrega Inmediata)
ACCACT4960,ACCACT4960,Base Enfriadora para Laptop FROOST MAX B480 Acteck Advanced Series Base Endriadora para Laptop ,"Base Enfriadora para Laptop FROOST MAX B480 Acteck Advanced Series Base Endriadora para Laptop 16"", 6 Ventiladores, Supereficie Aluminio, Base Antiderrapante, 2 Puertos USB, 7 Niveles de Inclinacion, Color Plata. AC-936163",CT,m,207.41433021806856,207.41,10.64,311.12,311.12,414.82,290.37,248.89,laptops,./assets/img/catalog/laptops/ACCACT4960.jpg,https://static.ctonline.mx/imagenes/ACCACT4960/ACCACT4960_400.jpg,48h Directa / 1 Año Fábrica,Pedro Moreno 501 A (Entrega Inmediata)
ACCACT4970,ACCACT4970,Base Enfriadora para Laptop FROOST PRIME BE225 Acteck Essential Series Base Endriadora para Lap,"Base Enfriadora para Laptop FROOST PRIME BE225 Acteck Essential Series Base Endriadora para Laptop 16"", 8 Niveles de Inclinacion, Base Giratoria Ajustable, Incluye Porta Celular, Color Negro. AC-936170",CT,m,85.85669781931465,85.86,4.4,128.79,128.79,171.72,120.2,103.03,laptops,./assets/img/catalog/laptops/ACCACT4970.jpg,https://static.ctonline.mx/imagenes/ACCACT4970/ACCACT4970_400.jpg,48h Directa / 1 Año Fábrica,Pedro Moreno 501 A (Entrega Inmediata)
ACCBLR180,ACCBLR180,Base Enfriadora para Laptop EOLOX CRYOTECH EF780 Balam Rush Legend Series Base Enfriadora por P,"Base Enfriadora para Laptop EOLOX CRYOTECH EF780 Balam Rush Legend Series Base Enfriadora por Placa Metálica, Laptop 17"", 9 Ventiladores, 2 x 50 mm, 2 x 60 mm, 4 x 70 mm, 1 x 80 mm, 7 Niveles de Altura, 10 Niveles de Iluminación RGB, Soporte para Celular, Superficie Aluminio Color Negro. BR-941112",CT,m,678.8681204569056,678.87,34.81,1018.31,1018.31,1357.74,950.42,814.64,laptops,./assets/img/catalog/laptops/ACCBLR180.jpg,https://static.ctonline.mx/imagenes/ACCBLR180/ACCBLR180_400.jpg,48h Directa / 1 Año Fábrica,Pedro Moreno 501 A (Entrega Inmediata)
ACCBLR190,ACCBLR190,Base Enfriadora para Laptop EOLOX FROST PRO EF760 Balam Rush Legend Series Base Enfriadora para,"Base Enfriadora para Laptop EOLOX FROST PRO EF760 Balam Rush Legend Series Base Enfriadora para Laptop 17"", 8 Ventiladores 70mm, 2 Puertos USB 2.0, 6 Niveles de Altura, 10 Niveles de Iluminación RGB, Soporte Celular, Color Plata. BR-941129",CT,m,431.7596053997923,431.76,22.14,647.64,647.64,863.52,604.46,518.11,laptops,./assets/img/catalog/laptops/ACCBLR190.jpg,https://static.ctonline.mx/imagenes/ACCBLR190/ACCBLR190_400.jpg,48h Directa / 1 Año Fábrica,Pedro Moreno 501 A (Entrega Inmediata)
ACCBLR200,ACCBLR200,Base Enfriadora para Laptop EOLOX FROST EF740 Balam Rush Legend Series Base Enfriadora para Lap,"Base Enfriadora para Laptop EOLOX FROST EF740 Balam Rush Legend Series Base Enfriadora para Laptop 17"", 15 Ventiladores, 15 X 60mm, 1 Puertos USB 2.0, 1 Puerto USB-C, 8 Niveles de Altura, 10 Niveles de Iluminación RGB, Soporte Celular, Color Negro. BR-941136",CT,m,369.99138110072687,369.99,18.97,554.99,554.99,739.98,517.99,443.99,laptops,./assets/img/catalog/laptops/ACCBLR200.jpg,https://static.ctonline.mx/imagenes/ACCBLR200/ACCBLR200_400.jpg,48h Directa / 1 Año Fábrica,Pedro Moreno 501 A (Entrega Inmediata)
ACCACT1840,ACCACT1840,"Funda con teclado para Tablet de 7"" o 7.85"" ACTECK FP-900. Revestimiento imitación piel con un ","Funda con teclado para Tablet de 7"" o 7.85"" ACTECK FP-900. Revestimiento imitación piel con un elegante diseño, su soporte integrado te permite usar tu Tablet como una Laptop MVFT-002",CT,m,88.26583592938734,88.27,4.53,132.41,132.41,176.54,123.58,105.92,laptops,./assets/img/catalog/laptops/ACCACT1840.jpg,https://static.ctonline.mx/imagenes/ACCACT1840/ACCACT1840_400.jpg,48h Directa / 1 Año Fábrica,Pedro Moreno 501 A (Entrega Inmediata)
ACCACT4450,ACCACT4450,"Barra de Luz Monitor LUMINATE SHADE BL460 ACTECK Barra de Luz  para Monitor y Laptop, Temporali","Barra de Luz Monitor LUMINATE SHADE BL460 ACTECK Barra de Luz  para Monitor y Laptop, Temporalizador. Angulo de Lectura, Temperatura de Color Ajustable, 3000 (Caliente) / 4000 (Blanca) / 6000 (Fría) Tamaño de Bisel maximo 22.5mm USB C AC-934992",CT,m,252.63187954309453,252.63,12.96,378.94,378.94,505.26,353.68,303.16,laptops,./assets/img/catalog/laptops/ACCACT4450.jpg,https://static.ctonline.mx/imagenes/ACCACT4450/ACCACT4450_400.jpg,48h Directa / 1 Año Fábrica,Pedro Moreno 501 A (Entrega Inmediata)
ACCACT5370,ACCACT5370,Soporte 2 en 1 ENFORCE MOTION SM729 ACTECK  Soporte para Monitor y Laptop 2 en 1 para  Escritor,"Soporte 2 en 1 ENFORCE MOTION SM729 ACTECK  Soporte para Monitor y Laptop 2 en 1 para  Escritorio con C-Clamp,, Compatible  13"" a 32"" Soporte Vesa, Soporte Laptop 13"" a 17"",  Peso Soportado 2 a 9kg por Brazo, Angulo de Inclinación 45°/-45°, Angulo de Giro 90°/-90°, Rotación de Pantalla  180°/180°, Color Negro AC-944717",CT,m,612.6687435098651,612.67,31.42,919.0,919.0,1225.34,857.74,735.2,laptops,./assets/img/catalog/laptops/ACCACT5370.jpg,https://static.ctonline.mx/imagenes/ACCACT5370/ACCACT5370_400.jpg,48h Directa / 1 Año Fábrica,Pedro Moreno 501 A (Entrega Inmediata)
ACCACT5430,ACCACT5430,"Soporte Para Laptop ENFORCE ZONE SM515  ACTECK Soporte Articulado para Laptop con C-Clamp, Comp","Soporte Para Laptop ENFORCE ZONE SM515  ACTECK Soporte Articulado para Laptop con C-Clamp, Compatible 13"" a 17"",  Soporte Vesa (75mm X 75mm) (100mm X 100mm) Peso Soportado 2 a 8kg , Rotación 180° Radial e Inclinación  ±45°, Prensa Mecánica, Color Negro AC-944779",ENFORCE,m,301.1422637590862,301.14,15.44,451.71,451.71,602.28,421.6,361.37,laptops,./assets/img/catalog/laptops/ACCACT5430.jpg,https://static.ctonline.mx/imagenes/ACCACT5430/ACCACT5430_400.jpg,48h Directa / 1 Año Fábrica,Pedro Moreno 501 A (Entrega Inmediata)
ACCACT5440,ACCACT5440,Soporte Doble Para Monitor/Laptop  ENFORCE ZONE SM525  ACTECK Soporte Doble Articulado para Mon,"Soporte Doble Para Monitor/Laptop  ENFORCE ZONE SM525  ACTECK Soporte Doble Articulado para Monitor/Laptop con Altura Ajustable con C-Clamp, Monitor Compatible 17"" a 32"", Laptop Compatible 13"" a 17"" Soporte Vesa (75mm X 75mm) (100mm X 100mm) Peso Soportado 2 a 8kg , Rotación 180° Radial e Inclinación  ±45°, Prensa Mecánica, Color Negro AC-944786",CT,m,436.13707165109037,436.14,22.37,654.21,654.21,872.28,610.6,523.37,laptops,./assets/img/catalog/laptops/ACCACT5440.jpg,https://static.ctonline.mx/imagenes/ACCACT5440/ACCACT5440_400.jpg,48h Directa / 1 Año Fábrica,Pedro Moreno 501 A (Entrega Inmediata)
ACCACT4570,ACCACT4570,Soporte para Celular ACTECK VAULT WING SC406 ADVANCED SERIES Soporte de Celular para Monitor o ,"Soporte para Celular ACTECK VAULT WING SC406 ADVANCED SERIES Soporte de Celular para Monitor o Laptop, Clip sujetador, Ajustable, Color Negro. AC-936576",ACTECK,m,73.50415368639668,73.5,3.77,110.25,110.25,147.0,102.9,88.2,laptops,./assets/img/catalog/laptops/ACCACT4570.jpg,https://static.ctonline.mx/imagenes/ACCACT4570/ACCACT4570_400.jpg,48h Directa / 1 Año Fábrica,Pedro Moreno 501 A (Entrega Inmediata)
ACCACT5130,ACCACT5130,"Bandeja de Montaje ENFORCE TRAY BL404 ACTECK ELITE SERIES Bandeja de Montaje para Laptop, Sopor","Bandeja de Montaje ENFORCE TRAY BL404 ACTECK ELITE SERIES Bandeja de Montaje para Laptop, Soporte Vesa, Tamaños soportados  10"" a 15.6"", Soporta 4.5kg,  Brazo Ajustable,  Color Negro.  AC-939690",ENFORCE,m,215.57092419522326,215.57,11.05,323.36,323.36,431.14,301.8,258.68,laptops,./assets/img/catalog/laptops/ACCACT5130.jpg,https://static.ctonline.mx/imagenes/ACCACT5130/ACCACT5130_400.jpg,48h Directa / 1 Año Fábrica,Pedro Moreno 501 A (Entrega Inmediata)
ACCACT5020,ACCACT5020,Soporte 2 en 1 ENFORCE MOTION SM636 ACTECK ELITE SERIES Soporte para Monitor y Laptop 2 en 1 pa,"Soporte 2 en 1 ENFORCE MOTION SM636 ACTECK ELITE SERIES Soporte para Monitor y Laptop 2 en 1 para  Escritorio, Tamaño de monitor soportado  17"" a 32"" Soporte Vesa, Soporte Laptop 10"" a 15.6"", Soportado 8kg por Brazo, Angulo de Inclinación 90°/-90°, Angulo de Giro 90°/-90°, Rotación de Pantalla  180°/180°, Color Negro AC-939645",CT,m,1667.133956386293,1667.13,85.49,2500.7,2500.7,3334.26,2333.98,2000.56,laptops,./assets/img/catalog/laptops/ACCACT5020.jpg,https://static.ctonline.mx/imagenes/ACCACT5020/ACCACT5020_400.jpg,48h Directa / 1 Año Fábrica,Pedro Moreno 501 A (Entrega Inmediata)
ACCACT5030,ACCACT5030,Soporte 2 en 1 ENFORCE ZONE SM480 ACTECK  ADVANCED SERIES Soporte para Monitor y Laptop 2 en 1 ,"Soporte 2 en 1 ENFORCE ZONE SM480 ACTECK  ADVANCED SERIES Soporte para Monitor y Laptop 2 en 1 para  Escritorio, Tamaño de monitor soportado  17"" a 32"" Soporte Vesa, Soporte Laptop 10"" a 15.6"", Soportado 8kg por Brazo, Angulo de Inclinación 45°/-45°, Angulo de Giro 90°/-90°, Rotación de Pantalla  180°/180°, Color Negro AC-939652",CT,m,709.7611630321911,709.76,36.4,1064.64,1064.64,1419.52,993.66,851.71,laptops,./assets/img/catalog/laptops/ACCACT5030.jpg,https://static.ctonline.mx/imagenes/ACCACT5030/ACCACT5030_400.jpg,48h Directa / 1 Año Fábrica,Pedro Moreno 501 A (Entrega Inmediata)
ACCACT4490,ACCACT4490,"Base para Monitor y Laptop VAULT TOP BE420 ACTECK  Base para Monitor y Laptop, Monitor hasta 32","Base para Monitor y Laptop VAULT TOP BE420 ACTECK  Base para Monitor y Laptop, Monitor hasta 32'' Altura Ajustable, Peso Maximo Soportado 20kg, Material Metal, Color Negro. AC-934572",CT,m,203.2191069574247,203.22,10.42,304.83,304.83,406.44,284.51,243.86,laptops,./assets/img/catalog/laptops/ACCACT4490.jpg,https://static.ctonline.mx/imagenes/ACCACT4490/ACCACT4490_400.jpg,48h Directa / 1 Año Fábrica,Pedro Moreno 501 A (Entrega Inmediata)
ACCACT4510,ACCACT4510,"Base Elevadora Para Laptop  VAULT COUCH BC410 ACTECK  Base para Laptop, Laptop hasta 18''  Peso","Base Elevadora Para Laptop  VAULT COUCH BC410 ACTECK  Base para Laptop, Laptop hasta 18''  Peso Maximo Soportado 10kg, Inclinacion y Altura Ajustable, Angulo de inclinacion 360° Material Aleacion de Aluminio, Color Negro. AC-934558",CT,m,400.8722741433022,400.87,20.56,601.31,601.31,801.74,561.22,481.04,laptops,./assets/img/catalog/laptops/ACCACT4510.jpg,https://static.ctonline.mx/imagenes/ACCACT4510/ACCACT4510_400.jpg,48h Directa / 1 Año Fábrica,Pedro Moreno 501 A (Entrega Inmediata)
ACCACT5110,ACCACT5110,"Base para Laptop VAULT STOW BN430 ACTECK  ADVANCED SERIES Base de Escritorio para Laptop, Tamañ","Base para Laptop VAULT STOW BN430 ACTECK  ADVANCED SERIES Base de Escritorio para Laptop, Tamaño Compatible 11""/17"", Soporta hasta 5kg, Anchura Ajustable, Color Negro. AC-939744",VAULT,m,283.5159916926272,283.52,14.54,425.28,425.28,567.04,396.93,340.22,laptops,./assets/img/catalog/laptops/ACCACT5110.jpg,https://static.ctonline.mx/imagenes/ACCACT5110/ACCACT5110_400.jpg,48h Directa / 1 Año Fábrica,Pedro Moreno 501 A (Entrega Inmediata)
ACCACT4520,ACCACT4520,"Base Elevadora Para Laptop VAULT TOP PRO BE610 ACTECK Base para Laptop, Laptop hasta 15''  Peso","Base Elevadora Para Laptop VAULT TOP PRO BE610 ACTECK Base para Laptop, Laptop hasta 15''  Peso Maximo Soportado 5kg, Inclinacion y Altura Ajustable, Angulo de inclinacion  Material Aleacion de Aluminio, Color Negro. AC-934541",CT,m,394.6986500519211,394.7,20.24,592.05,592.05,789.4,552.58,473.64,laptops,./assets/img/catalog/laptops/ACCACT4520.jpg,https://static.ctonline.mx/imagenes/ACCACT4520/ACCACT4520_400.jpg,48h Directa / 1 Año Fábrica,Pedro Moreno 501 A (Entrega Inmediata)
ACCACT4920,ACCACT4920,"Base Enfriadora para Laptop FROOST EX BE650 Acteck Elite Series Base Enfriadora para Laptop 16""","Base Enfriadora para Laptop FROOST EX BE650 Acteck Elite Series Base Enfriadora para Laptop 16"", 1 Ventilador, Superficie Aluminio, Base Antiderrapante, 4 Puertos USB, Iluminación RGB, Color Plata. AC-936156",CT,m,389.40809968847356,389.41,19.97,584.12,584.12,778.82,545.17,467.29,laptops,./assets/img/catalog/laptops/ACCACT4920.jpg,https://static.ctonline.mx/imagenes/ACCACT4920/ACCACT4920_400.jpg,48h Directa / 1 Año Fábrica,Pedro Moreno 501 A (Entrega Inmediata)
ACCACT5270,ACCACT5270,Base Enfriadora para Laptop FROOST EPIC BE670 Acteck Elite Series Base Enfriadora para Laptop 1,"Base Enfriadora para Laptop FROOST EPIC BE670 Acteck Elite Series Base Enfriadora para Laptop 15.6"", 5 Ventiladores, 2 Puertos USB 2.0, 5 Niveles de Altura, Superficie Aluminio, 5 Niveles de Iluminación RGB, Color Plata. AC-940764",CT,m,493.8421599169263,493.84,25.33,740.76,740.76,987.68,691.38,592.61,laptops,./assets/img/catalog/laptops/ACCACT5270.jpg,https://static.ctonline.mx/imagenes/ACCACT5270/ACCACT5270_400.jpg,48h Directa / 1 Año Fábrica,Pedro Moreno 501 A (Entrega Inmediata)
ACCACT5280,ACCACT5280,Base Enfriadora para Laptop FROOST RAW BE630 Acteck Advanced Series Base Enfriadora para Laptop,"Base Enfriadora para Laptop FROOST RAW BE630 Acteck Advanced Series Base Enfriadora para Laptop 15.6"", 6 Ventiladores, 2 Puertos USB 2.0, 8 Niveles de Altura, Superficie Aluminio, 10 Niveles de Iluminación RGB, Base para Celular, Color Plata. AC-940771",CT,m,246.4589823468328,246.46,12.64,369.69,369.69,492.92,345.04,295.75,laptops,./assets/img/catalog/laptops/ACCACT5280.jpg,https://static.ctonline.mx/imagenes/ACCACT5280/ACCACT5280_400.jpg,48h Directa / 1 Año Fábrica,Pedro Moreno 501 A (Entrega Inmediata)
ACCACT5290,ACCACT5290,Base Enfriadora para Laptop FROOST ZERO BE640 Acteck Elite Series Base Enfriadora para Laptop 1,"Base Enfriadora para Laptop FROOST ZERO BE640 Acteck Elite Series Base Enfriadora para Laptop 15.6"", 6 Ventiladores, 2 Puertos USB 2.0, 7 Niveles de Altura, Superficie Aluminio, 7 Niveles de Iluminación RGB, Color Plata. AC-940788",CT,m,369.9896157840083,369.99,18.97,554.99,554.99,739.98,517.99,443.99,laptops,./assets/img/catalog/laptops/ACCACT5290.jpg,https://static.ctonline.mx/imagenes/ACCACT5290/ACCACT5290_400.jpg,48h Directa / 1 Año Fábrica,Pedro Moreno 501 A (Entrega Inmediata)
ACCNCB470,ACCNCB470,"Base enfriadora para laptop Marca NA-636, Cuenta con Elevación, Doble ventilador para una mayor","Base enfriadora para laptop Marca NA-636, Cuenta con Elevación, Doble ventilador para una mayor circulación de Aire, soporta laptop de hasta 17"" Color negro con Led azul.",CT,m,193.4065934065934,193.41,9.92,290.12,290.12,386.82,270.77,232.09,laptops,./assets/img/catalog/laptops/ACCNCB470.jpg,https://static.ctonline.mx/imagenes/ACCNCB470/ACCNCB470_400.jpg,48h Directa / 1 Año Fábrica,Pedro Moreno 501 A (Entrega Inmediata)
ACCNCB480,ACCNCB480,"Base enfriadora para laptop NACEB NA-637, Elevación de 5 etapas, cuenta con malla de acero dise","Base enfriadora para laptop NACEB NA-637, Elevación de 5 etapas, cuenta con malla de acero diseñada ára acelerar el flujo de aire, diseño antideslisable, soporta una laptop de hasta 17"", color negro con Led Azul.",CT,m,185.7142857142857,185.71,9.52,278.56,278.56,371.42,259.99,222.85,laptops,./assets/img/catalog/laptops/ACCNCB480.jpg,https://static.ctonline.mx/imagenes/ACCNCB480/ACCNCB480_400.jpg,48h Directa / 1 Año Fábrica,Pedro Moreno 501 A (Entrega Inmediata)
ACCNCB930,ACCNCB930,Base enfriadora para laptop Marca NACEB NA-0108A Alimentación USB Conector USB Plug and play: S,"Base enfriadora para laptop Marca NACEB NA-0108A Alimentación USB Conector USB Plug and play: Si Ventiladores: 1 pieza Flujo maximo de aire, Malla metalica, 1 angulo ajustable, diseño delgado, para 15 pulgadas Color Azul",CT,m,105.0,105.0,5.38,157.5,157.5,210.0,147.0,126.0,laptops,./assets/img/catalog/laptops/ACCNCB930.jpg,https://static.ctonline.mx/imagenes/ACCNCB930/ACCNCB930_400.jpg,48h Directa / 1 Año Fábrica,Pedro Moreno 501 A (Entrega Inmediata)
ACCNCB940,ACCNCB940,Base enfriadora para laptop Marca NACEB NA-0108N Alimentación USB Conector USB Plug and play: S,"Base enfriadora para laptop Marca NACEB NA-0108N Alimentación USB Conector USB Plug and play: Si Ventiladores: 1 pieza Flujo maximo de aire, Malla metalica, 1 angulo ajustable, diseño delgado, para 15 pulgadas Color Negro",CT,m,115.55555555555556,115.56,5.93,173.34,173.34,231.12,161.78,138.67,laptops,./assets/img/catalog/laptops/ACCNCB940.jpg,https://static.ctonline.mx/imagenes/ACCNCB940/ACCNCB940_400.jpg,48h Directa / 1 Año Fábrica,Pedro Moreno 501 A (Entrega Inmediata)
ACCMAC790,ACCMAC790,"Adaptador de corriente MagSafe 2 de 60 W de Apple, MD565E/A. Compatible con MacBook Pro con pan","Adaptador de corriente MagSafe 2 de 60 W de Apple, MD565E/A. Compatible con MacBook Pro con pantalla Retina de 13 pulgadas.  (Existencias Limitadas)",CT,m,1521.7391304347825,1521.74,78.04,2282.61,2282.61,3043.48,2130.44,1826.09,laptops,./assets/img/catalog/laptops/ACCMAC790.jpg,https://static.ctonline.mx/imagenes/ACCMAC790/ACCMAC790_400.jpg,48h Directa / 1 Año Fábrica,Pedro Moreno 501 A (Entrega Inmediata)
ACCMAC1120,ACCMAC1120,Adaptador de Corriente. MACBOOK 45W MAGSAFE 2 POWER ADAPTER MC592E/A El adaptador de corriente ,Adaptador de Corriente. MACBOOK 45W MAGSAFE 2 POWER ADAPTER MC592E/A El adaptador de corriente de 45 vatios MagSafe 2 de Apple Compatible únicamente con la MacBook Air con entrada de corriente MagSafe 2.,MACBOOK,m,1701.086956521739,1701.09,87.24,2551.63,2551.63,3402.18,2381.53,2041.31,laptops,./assets/img/catalog/laptops/ACCMAC1120.jpg,https://static.ctonline.mx/imagenes/ACCMAC1120/ACCMAC1120_400.jpg,48h Directa / 1 Año Fábrica,Pedro Moreno 501 A (Entrega Inmediata)
ACCMAC840,ACCMAC840,"Adaptador USB-C. Adaptador multipuerto de USB-C a AV digital, MJ1K2AM/A. El adaptador multipuer","Adaptador USB-C. Adaptador multipuerto de USB-C a AV digital, MJ1K2AM/A. El adaptador multipuerto de USB-C a AV digital te permite conectar tu MacBook con puerto USB-C o tu MacBook Pro con puertos Thunderbolt 3 (USB-C) a un monitor HDMI, además de un dispositivo USB estándar y un cable de carga USB-C.",USB-C.,m,1357.641304347826,1357.64,69.62,2036.46,2036.46,2715.28,1900.7,1629.17,laptops,./assets/img/catalog/laptops/ACCMAC840.jpg,https://static.ctonline.mx/imagenes/ACCMAC840/ACCMAC840_400.jpg,48h Directa / 1 Año Fábrica,Pedro Moreno 501 A (Entrega Inmediata)
ACCMAC1200,ACCMAC1200,"Adaptador USB-C. Adaptador de USB-C a USB, MJ1M2AM/A. Con el adaptador de USB-C a USB puedes co","Adaptador USB-C. Adaptador de USB-C a USB, MJ1M2AM/A. Con el adaptador de USB-C a USB puedes conectar tus dispositivos iOS y muchos de tus accesorios USB estándar a una MacBook con puerto USB-C o MacBook Pro con puertos Thunderbolt 3 (USB-C). (Existencias Limitadas)",USB-C.,m,380.4347826086956,380.43,19.51,570.64,570.64,760.86,532.6,456.52,laptops,./assets/img/catalog/laptops/ACCMAC1200.jpg,https://static.ctonline.mx/imagenes/ACCMAC1200/ACCMAC1200_400.jpg,48h Directa / 1 Año Fábrica,Pedro Moreno 501 A (Entrega Inmediata)
MALDLL660,MALDLL660,"Mochila  Dell ES1520P 1032248174627/1. La mochila Dell Essential 15 (ES1520P), hecha de materia","Mochila  Dell ES1520P 1032248174627/1. La mochila Dell Essential 15 (ES1520P), hecha de material externo resistente al agua con una funda especial acolchada para laptop.",ES1520P,m,282.3222222222222,282.32,14.48,423.48,423.48,564.64,395.25,338.78,laptops,./assets/img/catalog/laptops/MALDLL660.jpg,https://static.ctonline.mx/imagenes/MALDLL660/MALDLL660_400.jpg,48h Directa / 1 Año Fábrica,Pedro Moreno 501 A (Entrega Inmediata)
ACCDLL4410,ACCDLL4410,Estación de Acoplamiento Dell Docking  DA310 470-AETL.El adaptador móvil USB-C Dell es un adapt,"Estación de Acoplamiento Dell Docking  DA310 470-AETL.El adaptador móvil USB-C Dell es un adaptador multipuerto 7 en 1 compacto y portátil que se puede conectar a prácticamente cualquier dispositivo que tenga. Su puerto USB-C descendente admite la transferencia de alimentación y es ideal cuando su laptop no tiene más puertos de carga USB-C. Es compatible con: Alienware M15 R3, Alienware M17 R3, Chromebook 11 3100, Chromebook 11 3100 2-In-1, Inspiron 13 5000 (5301), Inspiron 13 7000 (7306) 2-in-1, Inspiron 14 5000 (5402), Inspiron 14 5000 (5406) 2-in-1, Inspiron 14 7000 (7400), Inspiron 15 5000 (5502), Inspiron 15 5000 (5505), Inspiron 15 7000 (7506) 2-in-1, Inspiron 17 7000 (7706) 2-in-1, Latitude 3120 2-in-1, Latitude 3301, Latitude 3310, Latitude 3310 2-in-1, Latitude 3410, Latitude 3420, Latitude 3510, Latitude 3520, Latitude 5300 2-in-1 Chrome, Latitude 5310, Latitude 5310 2-in-1, Latitude 5320 2-in-1, Latitude 5400 Chrome, Latitude 5410, Latitude 5411, Latitude 5420, Latitude 5510, Latitude 5511, Latitude 5520, Latitude 7210 2-in-1, Latitude 7310, Latitude 7320 2-in-1, Latitude 7410 2-in-1, Latitude 7420 2-in-1, Latitude 7520, Latitude 9410 2-in-1, Latitude 9510, Latitude Chromebook 14 7410 2-in-1, Precision 3550, Precision 3551, Precision 3560, Precision 5550, Precision 5750, Precision 7550, Precision 7750, XPS 13 (9310), XPS 13 (9310) 2-in-1, XPS 15 (9500). XPS 17 (9700)",CT,m,1138.9473684210527,1138.95,58.41,1708.43,1708.43,2277.9,1594.53,1366.74,laptops,./assets/img/catalog/laptops/ACCDLL4410.jpg,https://static.ctonline.mx/imagenes/ACCDLL4410/ACCDLL4410_400.jpg,48h Directa / 1 Año Fábrica,Pedro Moreno 501 A (Entrega Inmediata)
RELLEN3130,RELLEN3130,"Lenovo Cable de seguridad, este candado está diseñado para proteger notebooks y dispositivos Le","Lenovo Cable de seguridad, este candado está diseñado para proteger notebooks y dispositivos Lenovo que cuentan con ranura de seguridad Nano 4XE1F30276",CT,d,21.5,419.25,21.5,628.88,628.88,838.5,586.95,503.1,laptops,./assets/img/catalog/laptops/RELLEN3130.jpg,https://static.ctonline.mx/imagenes/RELLEN3130/RELLEN3130_400.jpg,48h Directa / 1 Año Fábrica,Pedro Moreno 501 A (Entrega Inmediata)
MALHPI150,MALHPI150,"Mochila para laptop HP Renew Business de (3E2U5UT) 17,3 pulgadas que se diseñó para mantener su","Mochila para laptop HP Renew Business de (3E2U5UT) 17,3 pulgadas que se diseñó para mantener su laptop protegida y sus accesorios organizados, color Negro.",CT,m,436.66666666666663,436.67,22.39,655.0,655.0,873.34,611.34,524.0,laptops,./assets/img/catalog/laptops/MALHPI150.jpg,https://static.ctonline.mx/imagenes/MALHPI150/MALHPI150_400.jpg,48h Directa / 1 Año Fábrica,Pedro Moreno 501 A (Entrega Inmediata)
MALHPI060,MALHPI060,Mochila HP Prelude Pro Recycled (1X644AA). 	Trasládese de un lado a otro con una mochila elegan,"Mochila HP Prelude Pro Recycled (1X644AA). 	Trasládese de un lado a otro con una mochila elegante y duradera diseñada pensando en el medio ambiente y hecha con tela reciclada1. La mochila HP Prelude Pro Recycled viene con características de seguridad para su tranquilidad cuando lleve dispositivos del trabajo a casa y más allá. La correa de hombro es ajustable y acolchada para que pueda moverse de prisa sin problemas en un día de trabajo ajetreado. Proteja su laptop de golpes y rasguños con un compartimento acolchado de 15,6"" en diagonal. Bolsillos con cierre diseñados para mantener sus pertenencias organizadas y darle fácil acceso a sus anteojos de sol, teléfono, billetera y botella de agua mientras viaja. Color negro.",CT,m,600.0,600.0,30.77,900.0,900.0,1200.0,840.0,720.0,laptops,./assets/img/catalog/laptops/MALHPI060.jpg,https://static.ctonline.mx/imagenes/MALHPI060/MALHPI060_400.jpg,48h Directa / 1 Año Fábrica,Pedro Moreno 501 A (Entrega Inmediata)
ACCHPI3710,ACCHPI3710,Candado con cable y llave HP Nano (1AJ39AA). Envuelva el cable de acero galvanizado con revesti,"Candado con cable y llave HP Nano (1AJ39AA). Envuelva el cable de acero galvanizado con revestimiento de vinilo de 6 pies (1,83 m) alrededor de cualquier objeto seguro y fíjelo a su laptop o tablet. Introduzca la llave en el candado y gire 90 grados hacia la derecha. Utilice la variación de 360 grados para posicionar el cabezal del candado con cable según sea necesario.",CT,m,891.1111111111111,891.11,45.7,1336.66,1336.66,1782.22,1247.55,1069.33,laptops,./assets/img/catalog/laptops/ACCHPI3710.jpg,https://static.ctonline.mx/imagenes/ACCHPI3710/ACCHPI3710_400.jpg,48h Directa / 1 Año Fábrica,Pedro Moreno 501 A (Entrega Inmediata)
TECMST1120,TECMST1120,"Teclado Numérico Inalámbrico NUMBRA PC-201106, diseño portátil, ligero y delgado es el compleme","Teclado Numérico Inalámbrico NUMBRA PC-201106, diseño portátil, ligero y delgado es el complemento ideal para tu laptop, teclado 1.5 Vcc 40mA (1 batería AA), Receptor 5 Vcc USB.",NUMBRA,m,182.1521739130435,182.15,9.34,273.23,273.23,364.3,255.01,218.58,laptops,./assets/img/catalog/laptops/TECMST1120.jpg,https://static.ctonline.mx/imagenes/TECMST1120/TECMST1120_400.jpg,48h Directa / 1 Año Fábrica,Pedro Moreno 501 A (Entrega Inmediata)
KITMST1520,KITMST1520,PC-201434 Kit de Teclado y Mouse Inalámbrico Bluetooth Teclas multimedia 2.4GHz Keyvance | PERF,"PC-201434 Kit de Teclado y Mouse Inalámbrico Bluetooth Teclas multimedia 2.4GHz Keyvance | PERFECT CHOICE ¡Diseño Sencillo con Gran Rendimiento! Optimiza tu espacio de trabajo y disfruta de comodidad y eficiencia con el Kit de Teclado y Mouse Inalámbrico Keyvance de Perfect Choice. Este conjunto combina un teclado compacto con teclas multimedia y un mouse ergonómico, ofreciendo control preciso y rapidez en cada acción, ideal para trabajar, estudiar o navegar por tus dispositivos. Conectividad Bluetooth y 2.4GHz permite una conexión estable y confiable, compatible con laptops, computadoras de escritorio y tablets, eliminando el desorden de cables y facilitando la movilidad. Su diseño elegante y funcional se adapta a cualquier escritorio, mientras que las teclas multimedia te permiten acceder fácilmente a funciones como volumen, reproducción de música y navegación rápida. El Kit de Teclado y Mouse Inalámbrico Keyvance es perfecto para quienes buscan comodidad, estilo y productividad en un solo accesorio. Disfruta de una experiencia de escritura fluida, control preciso del cursor y libertad inalámbrica con un kit pensado para optimizar tu rendimiento diario. ESPECIFICACIONES TÉCNICAS: Modelo: Keyvance, Tipo de producto: Kit de teclado y mouse inalámbrico Bluetooth 2.4GHz con teclas multimedia, Alimentación: 1.5 Vcc 5 mA (1 batería AA), Teclado: Membrana, Teclado - Teclas: 109 + 12 multimedia, Teclado - Layout: Español Latino, Teclado - Material: ABS alta resistencia, Alimentación: 1.5 Vcc 5 mA (1 batería AA), Transmisión: Inalámbrica 2.4 GHz, Ratón - Botones: 6,  Ratón - Sensor: Óptico Instant S201B, Ratón DPI: 800 / 1600 / 3200 Dimensiones: Teclado: 446 × 184 × 25.5 mm, Ratón: 108.7 × 62.8 × 38.3 mm, Peso	Teclado: 630 g, Ratón: 50 g, Contenido del empaque:	1 Teclado inalámbrico, 1 Ratón inalámbrico, 1 Guía de usuario. 1 AÑO DE GARANTIA DIRECTO CON EL FABRICANTE",PC-201434,m,385.8478260869565,385.85,19.79,578.78,578.78,771.7,540.19,463.02,laptops,./assets/img/catalog/laptops/KITMST1520.jpg,https://static.ctonline.mx/imagenes/KITMST1520/KITMST1520_400.jpg,48h Directa / 1 Año Fábrica,Pedro Moreno 501 A (Entrega Inmediata)
MOUMST1900,MOUMST1900,PC-045298 Mini Ratón Recargable Conexión Dual 2.4 GHz + Bluetooth Pixie Color Azul Cielo| PERFE,"PC-045298 Mini Ratón Recargable Conexión Dual 2.4 GHz + Bluetooth Pixie Color Azul Cielo| PERFECT CHOICE ¡Mouse Versátil para Oficina y Hogar! Lleva tu control al siguiente nivel con total libertad gracias al Pixie de Perfect Choice, un mini ratón recargable diseñado para brindar conectividad versátil, comodidad y practicidad en cualquier espacio de trabajo o estudio. Su conexión dual 2.4 GHz y Bluetooth te permite enlazarlo fácilmente con laptops, tablets y otros dispositivos compatibles, ofreciendo flexibilidad sin cables y sin adaptadores adicionales. Su batería recargable elimina la necesidad de pilas desechables, ofreciéndote un uso más sostenible y continuo, mientras que su tamaño compacto y ligero lo hace perfecto para llevarlo en tu mochila o estuche sin ocupar espacio. Pixie combina portabilidad, rendimiento confiable y diseño funcional, ideal para quienes buscan un ratón práctico y adaptable a distintas situaciones. ESPECIFICACIONES: Alimentación: 5Vcc 1A, Conector	Dual USB y Tipo-C, Transmisión Inalámbrica 2.4GHz - Bluetooth, Alcance: 10 m, Batería: 180 mAh, DPI (ajustable): 800, 1200, 1600, Sensor Óptico, Botones: 4, Circuito: KA8, Switch: 2 millones de ciclos, Compatibilidad: Windows, Mac, iOS, Android, Medidas: 5.3 x 8 x 2.5 cm, Peso: 33 g, Contenido del empaque: 1 Mini ratón, 1 Guía de usuario, 1 Cable de carga, 1 Receptor, Correa sujetadora  1 AÑO DE GARANTIA DIRECTO CON EL FABRICANTE",PC-045298,m,182.1304347826087,182.13,9.34,273.19,273.19,364.26,254.98,218.56,laptops,./assets/img/catalog/laptops/MOUMST1900.jpg,https://static.ctonline.mx/imagenes/MOUMST1900/MOUMST1900_400.jpg,48h Directa / 1 Año Fábrica,Pedro Moreno 501 A (Entrega Inmediata)
ACCMST2220,ACCMST2220,"Toallas limpiadoras para Notebook y Pantallas LCD. Toallas antiestaticas, para limpieza de tecl","Toallas limpiadoras para Notebook y Pantallas LCD. Toallas antiestaticas, para limpieza de teclado y pantallas, alta absorvencia sin residuos, contenido con 20 toallas,  PC-030270",CT,m,28.69565217391304,28.7,1.47,43.05,43.05,57.4,40.18,34.44,laptops,./assets/img/catalog/laptops/ACCMST2220.jpg,https://static.ctonline.mx/imagenes/ACCMST2220/ACCMST2220_400.jpg,48h Directa / 1 Año Fábrica,Pedro Moreno 501 A (Entrega Inmediata)
ACCMST3940,ACCMST3940,PC-160076 Candado para Laptop con Cable de Acero Incluye Juego de Llaves | PERRFECT CHOICE: Can,"PC-160076 Candado para Laptop con Cable de Acero Incluye Juego de Llaves | PERRFECT CHOICE: Candado con cable de acero trenzado de alta resistencia al corte. Es compatible con la mayoría de laptops y otros equipos, su sistema patentado de cerradura de llave brinda mayor seguridad a tus dispositivos. ESPECIFICACIONES:Material: Acero recubierto de PVC, Compatible con equipos con ranura tipo Kensington. MEDIDAS DEL PRODUCTO: Medidas: 2 m de largo, Peso: 167g. CONTENIDO DEL EMPAQUE: 1 Candado, 2 Llaves, 1 Guía de usuario",PC-160076,m,112.68478260869566,112.68,5.78,169.02,169.02,225.36,157.75,135.22,laptops,./assets/img/catalog/laptops/ACCMST3940.jpg,https://static.ctonline.mx/imagenes/ACCMST3940/ACCMST3940_400.jpg,48h Directa / 1 Año Fábrica,Pedro Moreno 501 A (Entrega Inmediata)
ACCMST4430,ACCMST4430,Cable usb C a C macho PC-101710 Ahorra tiempo cargando tus dispositivos de forma rápida con est,"Cable usb C a C macho PC-101710 Ahorra tiempo cargando tus dispositivos de forma rápida con este cable USB C - USB C con corriente de 3 A, es compatible con laptops, smartphones y tabletas. Su longitud extra larga de 2 metros es ideal para dar una mayor comodidad mientras cargas tus dispositivos",CT,m,121.21739130434781,121.22,6.22,181.83,181.83,242.44,169.71,145.46,laptops,./assets/img/catalog/laptops/ACCMST4430.jpg,https://static.ctonline.mx/imagenes/ACCMST4430/ACCMST4430_400.jpg,48h Directa / 1 Año Fábrica,Pedro Moreno 501 A (Entrega Inmediata)
ACCMST4450,ACCMST4450,Base para laptop y/o tableta Plegable PC-082781 Esta base para laptop se ajusta a diferentes al,"Base para laptop y/o tableta Plegable PC-082781 Esta base para laptop se ajusta a diferentes alturas proporcionando ergonomía para tu trabajo o recreación, su diseño plegable facilita su transporte para llevarla a cualquier lugar sin ocupar más espacio. Además de ser ligera y fácil de montar",CT,m,196.15217391304347,196.15,10.06,294.23,294.23,392.3,274.61,235.38,laptops,./assets/img/catalog/laptops/ACCMST4450.jpg,https://static.ctonline.mx/imagenes/ACCMST4450/ACCMST4450_400.jpg,48h Directa / 1 Año Fábrica,Pedro Moreno 501 A (Entrega Inmediata)
ACCMST4320,ACCMST4320,Cable HDMI 2.1 8K Negro 2m PC-101703 Disfruta tus dispositivos con la mejor calidad de video: T,"Cable HDMI 2.1 8K Negro 2m PC-101703 Disfruta tus dispositivos con la mejor calidad de video: TV, PC, Laptop, PlayStation, Proyectores y Xbox. compatible con sistemas de ultra alta definición: HD-Ready, full-HD, Ultra-HD, 2K, 4K y 8K. Especificaciones técnicas:  HDMI: 2.1 , conector: Macho-macho, video: 8K,4K@60HZ, velocidad de transmisión: 48 Gpbs, calibre: 30AWG*4C+30AWG*1P (HEAC)+28AWG*4P(TMDS, 1/0.254BC, lámina de aluminio Mylar OD: 6.5mm, material: PVC - Color: Negro.",HDMI,m,139.48913043478262,139.49,7.15,209.24,209.24,278.98,195.29,167.39,laptops,./assets/img/catalog/laptops/ACCMST4320.jpg,https://static.ctonline.mx/imagenes/ACCMST4320/ACCMST4320_400.jpg,48h Directa / 1 Año Fábrica,Pedro Moreno 501 A (Entrega Inmediata)
ACCMST4520,ACCMST4520,Adaptador de corriente 65W Tipo C PC-240419 Ahorra tiempo cargando tus dispositivos de forma rá,"Adaptador de corriente 65W Tipo C PC-240419 Ahorra tiempo cargando tus dispositivos de forma rápida  con este cargador de pared,  tipo C, compatible con laptops,  smartphones y tabletas. Cuenta con protección para tu equipo  contra variaciones de voltaje. Su diseño compacto lo hace  fácil de llevar a todos lados  para que nunca te quedes  sin batería. Alimentación:100-240V~50/60Hz 1.5 A •Montaje: Pared enchufe estándar •Con protección contra variaciones de  voltaje y sobre carga •Conectores de salida: USB tipo C •Voltaje de salida: USB C: 5Vcc 3A, 9Vcc 3A, 12Vcc  3A, 15Vcc 3A, 20Vcc 3.25A.",65W,m,303.9565217391304,303.96,15.59,455.94,455.94,607.92,425.54,364.75,laptops,./assets/img/catalog/laptops/ACCMST4520.jpg,https://static.ctonline.mx/imagenes/ACCMST4520/ACCMST4520_400.jpg,48h Directa / 1 Año Fábrica,Pedro Moreno 501 A (Entrega Inmediata)
MALGEN4260,MALGEN4260,"Portafolio para Laptop 15.6"" Material Resistente Rohe, PC-084037, Carga tu laptop de manera cóm","Portafolio para Laptop 15.6"" Material Resistente Rohe, PC-084037, Carga tu laptop de manera cómoda y elegante con el portafolio Rohe, sus materiales resistentes y su compartimento acolchado le darán la protección necesaria, Medidas 38.5 x 27.5 x 3 cm",CT,m,183.69565217391303,183.7,9.42,275.55,275.55,367.4,257.18,220.44,laptops,./assets/img/catalog/laptops/MALGEN4260.jpg,https://static.ctonline.mx/imagenes/MALGEN4260/MALGEN4260_400.jpg,48h Directa / 1 Año Fábrica,Pedro Moreno 501 A (Entrega Inmediata)
MALGEN4470,MALGEN4470,"Mochila para laptop 15.6-17"" TROVA ROJO PC-084587,  mochilas robustas y ergonómicas que ofrece ","Mochila para laptop 15.6-17"" TROVA ROJO PC-084587,  mochilas robustas y ergonómicas que ofrece una protección excepcional para laptops, materiales resistente, cómodos, cubierta y forro 100% poliéster.",CT,m,334.4130434782609,334.41,17.15,501.62,501.62,668.82,468.17,401.29,laptops,./assets/img/catalog/laptops/MALGEN4470.jpg,https://static.ctonline.mx/imagenes/MALGEN4470/MALGEN4470_400.jpg,48h Directa / 1 Año Fábrica,Pedro Moreno 501 A (Entrega Inmediata)
MALGEN4680,MALGEN4680,"Mochila para laptop 15.6""-17"" PC-084143 Gran Capacidad Essentials Color Azul | PERFECT CHOICE: ","Mochila para laptop 15.6""-17"" PC-084143 Gran Capacidad Essentials Color Azul | PERFECT CHOICE: Esseentials, es la mochila ejecutiva con una gran capacidad que ofrece una solución completa para profesionales en movimiento. Con su diseño elegante, comodidad, ligereza y resistencia a salpicaduras, esta mochila es el complemento perfecto para aquellos que buscan un equilibrio entre funcionalidad y estilo ejecutivo. ESPECIFICACIONES: • Correa Trasero • Gran capacidad de carga • Materiales resistentes a salpicaduras• Para Laptops de 15.6” -17”. Materiales: • Cubierta: 85% poliéster • Forro: 15% nailon. • Dimensiones: 46 x 34 x 18 cm • Peso: 720 g",CT,m,303.9565217391304,303.96,15.59,455.94,455.94,607.92,425.54,364.75,laptops,./assets/img/catalog/laptops/MALGEN4680.jpg,https://static.ctonline.mx/imagenes/MALGEN4680/MALGEN4680_400.jpg,48h Directa / 1 Año Fábrica,Pedro Moreno 501 A (Entrega Inmediata)
MALGEN4330,MALGEN4330,"Mochila para laptop Essentials Plus Negro 15.6""-17"" PC-084440 | PERFECT CHOICE: Esseentials Plu","Mochila para laptop Essentials Plus Negro 15.6""-17"" PC-084440 | PERFECT CHOICE: Esseentials Plus, la mochila ejecutiva de gran capacidad que ofrece una solución completa para profesionales en movimiento. Con su diseño elegante, comodidad, ligereza y resistencia a salpicaduras, esta mochila es el complemento perfecto para aquellos que buscan un equilibrio entre funcionalidad y estilo ejecutivo.. ESPECIFICACIONES TÉCNICAS: • Compatibilidad 15.6” - 17 “ • Gran capacidad de carga • Materiales resistentes a salpicaduras • Strap Trasero. Materiales: • Cubierta: 85% poliéster • Forro: 15% nailon. Dimensiones: 46 x 34 x 18 cm. Peso: 970 g",CT,m,364.8695652173913,364.87,18.71,547.31,547.31,729.74,510.82,437.84,laptops,./assets/img/catalog/laptops/MALGEN4330.jpg,https://static.ctonline.mx/imagenes/MALGEN4330/MALGEN4330_400.jpg,48h Directa / 1 Año Fábrica,Pedro Moreno 501 A (Entrega Inmediata)
MALGEN3660,MALGEN3660,"PC-083757 Mochila para Laptop 15.6""-17"" Material Resistente Auden Color Azul | PERFECT CHOICE: ","PC-083757 Mochila para Laptop 15.6""-17"" Material Resistente Auden Color Azul | PERFECT CHOICE: Transporta y protege tu equipo con materiales ligeros, compatible con equipos de hasta 17"". Múltiples compartimientos y material resistente. ESPECIFICACIONES: Cubierta: 100% Poliéster, Forro: 100% Poliéster. MEDIDAS DEL PRODUCTO: Medidas: 33 x 18 x 47 cm, Peso: 650 gs.",PC-083757,m,325.0,325.0,16.67,487.5,487.5,650.0,455.0,390.0,laptops,./assets/img/catalog/laptops/MALGEN3660.jpg,https://static.ctonline.mx/imagenes/MALGEN3660/MALGEN3660_400.jpg,48h Directa / 1 Año Fábrica,Pedro Moreno 501 A (Entrega Inmediata)
MALGEN3180,MALGEN3180,Funda Reversible para Laptop EL-994312 Cambia de color a otro con sólo darle la vuelta. Fabrica,Funda Reversible para Laptop EL-994312 Cambia de color a otro con sólo darle la vuelta. Fabricada en neopreno para brindar protección acolchada y evitar golpes y raspones. Transporta cómoda y fácilmente tu Ultrabook. Diseñada para equipos de 14,CT,m,123.18478260869564,123.18,6.32,184.77,184.77,246.36,172.45,147.82,laptops,./assets/img/catalog/laptops/MALGEN3180.jpg,https://static.ctonline.mx/imagenes/MALGEN3180/MALGEN3180_400.jpg,48h Directa / 1 Año Fábrica,Pedro Moreno 501 A (Entrega Inmediata)
MALGEN4140,MALGEN4140,"Funda de neopreno para laptop BAGIQ NEGRO PC-084266 Funda para laptop de neopreno, brinda prote","Funda de neopreno para laptop BAGIQ NEGRO PC-084266 Funda para laptop de neopreno, brinda protección a tu laptop, compatible con dispositivos de 15.6” Compatibilidad: 15.6 “• Materiales:  Cubierta: 100% Poliéster",CT,m,140.01086956521738,140.01,7.18,210.01,210.01,280.02,196.01,168.01,laptops,./assets/img/catalog/laptops/MALGEN4140.jpg,https://static.ctonline.mx/imagenes/MALGEN4140/MALGEN4140_400.jpg,48h Directa / 1 Año Fábrica,Pedro Moreno 501 A (Entrega Inmediata)
MALGEN4150,MALGEN4150,"Funda de neopreno para laptop BAGIQ ROSA PC-084273 Funda para laptop de neopreno, brinda protec","Funda de neopreno para laptop BAGIQ ROSA PC-084273 Funda para laptop de neopreno, brinda protección a tu laptop, compatible con dispositivos de 15.6” Compatibilidad: 15.6 “• Materiales:  Cubierta: 100% Poliéster",CT,m,140.01086956521738,140.01,7.18,210.01,210.01,280.02,196.01,168.01,laptops,./assets/img/catalog/laptops/MALGEN4150.jpg,https://static.ctonline.mx/imagenes/MALGEN4150/MALGEN4150_400.jpg,48h Directa / 1 Año Fábrica,Pedro Moreno 501 A (Entrega Inmediata)
MALGEN4180,MALGEN4180,"Funda para laptop GLITCH 15.6"" PC-084327 Funda para laptop, brinda protección a tu laptop, comp","Funda para laptop GLITCH 15.6"" PC-084327 Funda para laptop, brinda protección a tu laptop, compatible con dispositivos de 15.6” Compatibilidad: 15.6 “• Materiales:  Cubierta: 100% Poliéster",GLITCH,m,151.1413043478261,151.14,7.75,226.71,226.71,302.28,211.6,181.37,laptops,./assets/img/catalog/laptops/MALGEN4180.jpg,https://static.ctonline.mx/imagenes/MALGEN4180/MALGEN4180_400.jpg,48h Directa / 1 Año Fábrica,Pedro Moreno 501 A (Entrega Inmediata)
MALGEN4430,MALGEN4430,"Funda para laptop 15.6"" TROVA GRIS PC-084570, combina comodidad, ligereza y resistencia en un d","Funda para laptop 15.6"" TROVA GRIS PC-084570, combina comodidad, ligereza y resistencia en un diseño elegante y funcional. Con materiales de alta calidad y compartimientos espaciosos, cubierta y forro 100% poliéster.",CT,m,157.76086956521738,157.76,8.09,236.64,236.64,315.52,220.86,189.31,laptops,./assets/img/catalog/laptops/MALGEN4430.jpg,https://static.ctonline.mx/imagenes/MALGEN4430/MALGEN4430_400.jpg,48h Directa / 1 Año Fábrica,Pedro Moreno 501 A (Entrega Inmediata)
MALGEN4450,MALGEN4450,"Funda para laptop 15.6"" TROVA VERDE PC-084617, combina comodidad, ligereza y resistencia en un ","Funda para laptop 15.6"" TROVA VERDE PC-084617, combina comodidad, ligereza y resistencia en un diseño elegante y funcional. Con materiales de alta calidad y compartimientos espaciosos, cubierta y forro 100% poliéster.",CT,m,157.76086956521738,157.76,8.09,236.64,236.64,315.52,220.86,189.31,laptops,./assets/img/catalog/laptops/MALGEN4450.jpg,https://static.ctonline.mx/imagenes/MALGEN4450/MALGEN4450_400.jpg,48h Directa / 1 Año Fábrica,Pedro Moreno 501 A (Entrega Inmediata)
MALGEN4440,MALGEN4440,"Funda para laptop 15.6"" TROVA ROJO PC-084594, combina comodidad, ligereza y resistencia en un d","Funda para laptop 15.6"" TROVA ROJO PC-084594, combina comodidad, ligereza y resistencia en un diseño elegante y funcional. Con materiales de alta calidad y compartimientos espaciosos, cubierta y forro 100% poliéster.",CT,m,157.81521739130434,157.82,8.09,236.73,236.73,315.64,220.95,189.38,laptops,./assets/img/catalog/laptops/MALGEN4440.jpg,https://static.ctonline.mx/imagenes/MALGEN4440/MALGEN4440_400.jpg,48h Directa / 1 Año Fábrica,Pedro Moreno 501 A (Entrega Inmediata)
MALGEN4610,MALGEN4610,"Portafolio para Laptop Silhouette Negro PC-084129 Nuestra funda para laptop de 15.6"", con un in","Portafolio para Laptop Silhouette Negro PC-084129 Nuestra funda para laptop de 15.6"", con un interior suave para protección y múltiples compartimentos para organizar accesorios. Diseñada para combinar estilo y funcionalidad, es perfecta para profesionales modernos que valoran la protección y la comodidad al transportar su laptop.",CT,m,243.04347826086953,243.04,12.46,364.56,364.56,486.08,340.26,291.65,laptops,./assets/img/catalog/laptops/MALGEN4610.jpg,https://static.ctonline.mx/imagenes/MALGEN4610/MALGEN4610_400.jpg,48h Directa / 1 Año Fábrica,Pedro Moreno 501 A (Entrega Inmediata)
MALGEN4620,MALGEN4620,"Portafolio para Laptop Silhouette Azul PC-084556 Nuestra funda para laptop de 15.6"", con un int","Portafolio para Laptop Silhouette Azul PC-084556 Nuestra funda para laptop de 15.6"", con un interior suave para protección y múltiples compartimentos para organizar accesorios. Diseñada para combinar estilo y funcionalidad, es perfecta para profesionales modernos que valoran la protección y la comodidad al transportar su laptop.",CT,m,243.04347826086953,243.04,12.46,364.56,364.56,486.08,340.26,291.65,laptops,./assets/img/catalog/laptops/MALGEN4620.jpg,https://static.ctonline.mx/imagenes/MALGEN4620/MALGEN4620_400.jpg,48h Directa / 1 Año Fábrica,Pedro Moreno 501 A (Entrega Inmediata)
MALGEN4350,MALGEN4350,"Mochila para Laptop 15.6"" Sunset Peach Fuzz PC-084501 combinación perfecta de estilo juvenil y ","Mochila para Laptop 15.6"" Sunset Peach Fuzz PC-084501 combinación perfecta de estilo juvenil y funcionalidad con nuestra mochila SUNSET Dimensiones: 38.5 x 42 x 12 cm, con protección para tu equipo de cómputo.",CT,m,243.04347826086953,243.04,12.46,364.56,364.56,486.08,340.26,291.65,laptops,./assets/img/catalog/laptops/MALGEN4350.jpg,https://static.ctonline.mx/imagenes/MALGEN4350/MALGEN4350_400.jpg,48h Directa / 1 Año Fábrica,Pedro Moreno 501 A (Entrega Inmediata)
MALGEN4360,MALGEN4360,"Mochila para Laptop 15.6"" Sunset Azul PC-084518 combinación perfecta de estilo juvenil y funcio","Mochila para Laptop 15.6"" Sunset Azul PC-084518 combinación perfecta de estilo juvenil y funcionalidad con nuestra mochila SUNSET Dimensiones: 38.5 x 42 x 12 cm, con protección para tu equipo de cómputo.",CT,m,243.04347826086953,243.04,12.46,364.56,364.56,486.08,340.26,291.65,laptops,./assets/img/catalog/laptops/MALGEN4360.jpg,https://static.ctonline.mx/imagenes/MALGEN4360/MALGEN4360_400.jpg,48h Directa / 1 Año Fábrica,Pedro Moreno 501 A (Entrega Inmediata)
MALGEN4370,MALGEN4370,"Mochila para Laptop 15.6"" Sunset Taupe PC-084525 combinación perfecta de estilo juvenil y funci","Mochila para Laptop 15.6"" Sunset Taupe PC-084525 combinación perfecta de estilo juvenil y funcionalidad con nuestra mochila SUNSET Dimensiones: 38.5 x 42 x 12 cm, con protección para tu equipo de cómputo.",CT,m,243.04347826086953,243.04,12.46,364.56,364.56,486.08,340.26,291.65,laptops,./assets/img/catalog/laptops/MALGEN4370.jpg,https://static.ctonline.mx/imagenes/MALGEN4370/MALGEN4370_400.jpg,48h Directa / 1 Año Fábrica,Pedro Moreno 501 A (Entrega Inmediata)
MALGEN4120,MALGEN4120,Mochila PHENIX Tinto PC-084174 El increíble diseño de Phenix y sus llamativos y modernos patron,Mochila PHENIX Tinto PC-084174 El increíble diseño de Phenix y sus llamativos y modernos patrones la convierten en la mochila ideal para para completar tu outfit mientras que su adecuado tamaño para una laptop de hasta 17 pulgadas y su compartimento acolchado le dará mayor seguridad a tu equipo.  Para laptop de hasta 17” • Material resistente • Protege tu equipo MATERIALES• Cubierta: Poliéster 100% 290D• Forro: Poliéster 210D,PHENIX,m,281.52173913043475,281.52,14.44,422.28,422.28,563.04,394.13,337.82,laptops,./assets/img/catalog/laptops/MALGEN4120.jpg,https://static.ctonline.mx/imagenes/MALGEN4120/MALGEN4120_400.jpg,48h Directa / 1 Año Fábrica,Pedro Moreno 501 A (Entrega Inmediata)
MALGEN4020,MALGEN4020,Mochila para laptop YOUTH Terracota PC-083955 El diseño urbano y juvenil de Youth te acompaña a,"Mochila para laptop YOUTH Terracota PC-083955 El diseño urbano y juvenil de Youth te acompaña a donde vayas, con sus múltiples compartimentos podrás acomodar objetos de todos los tamaños en el lugar que más te convenga.",YOUTH,m,238.04347826086956,238.04,12.21,357.06,357.06,476.08,333.26,285.65,laptops,./assets/img/catalog/laptops/MALGEN4020.jpg,https://static.ctonline.mx/imagenes/MALGEN4020/MALGEN4020_400.jpg,48h Directa / 1 Año Fábrica,Pedro Moreno 501 A (Entrega Inmediata)
MALGEN4340,MALGEN4340,"Mochila para laptop 15.6"" Gran Capacidad Essentials, PC-084457, mochila ejecutiva con una gran ","Mochila para laptop 15.6"" Gran Capacidad Essentials, PC-084457, mochila ejecutiva con una gran capacidad que ofrece una solución completa para profesionales en movimiento. Con su diseño elegante, comodidad, ligereza y resistencia a salpicaduras, esta mochila es el complemento perfecto para aquellos que buscan un equilibrio entre funcionalidad y estilo ejecutivo, Cubierta: 85% poliéster, Dimensiones 46 x 34 x 18 cm",CT,m,303.9565217391304,303.96,15.59,455.94,455.94,607.92,425.54,364.75,laptops,./assets/img/catalog/laptops/MALGEN4340.jpg,https://static.ctonline.mx/imagenes/MALGEN4340/MALGEN4340_400.jpg,48h Directa / 1 Año Fábrica,Pedro Moreno 501 A (Entrega Inmediata)
MALGEN3310,MALGEN3310,"Mochila para LAPTOP (PC-083337) 15”-17"", Color: morado, material: nylon. Medidas: 5 x 47 x 39 c","Mochila para LAPTOP (PC-083337) 15”-17"", Color: morado, material: nylon. Medidas: 5 x 47 x 39 cm, Peso: 0.75 kg.",LAPTOP,m,328.32608695652175,328.33,16.84,492.5,492.5,656.66,459.66,394.0,laptops,./assets/img/catalog/laptops/MALGEN3310.jpg,https://static.ctonline.mx/imagenes/MALGEN3310/MALGEN3310_400.jpg,48h Directa / 1 Año Fábrica,Pedro Moreno 501 A (Entrega Inmediata)
MALGEN4050,MALGEN4050,Mochila Essential PRO Azul PC-084372  Con su gran capacidad de carga puedes transportar todo lo,"Mochila Essential PRO Azul PC-084372  Con su gran capacidad de carga puedes transportar todo lo que necesites, sus materiales resistentes y su diseño ergonómico te permiten hacerlo de manera cómoda y sencilla. • Para laptop de hasta 17”• Material resistente• Protege tu equipo MATERIALES• 100% Poliéster.",PRO,m,303.9565217391304,303.96,15.59,455.94,455.94,607.92,425.54,364.75,laptops,./assets/img/catalog/laptops/MALGEN4050.jpg,https://static.ctonline.mx/imagenes/MALGEN4050/MALGEN4050_400.jpg,48h Directa / 1 Año Fábrica,Pedro Moreno 501 A (Entrega Inmediata)
MALGEN4200,MALGEN4200,Portafolio 15.6 ASHBAG PC-084150  Maletín para laptop aprueba de agua ligero y espacioso con di,Portafolio 15.6 ASHBAG PC-084150  Maletín para laptop aprueba de agua ligero y espacioso con diseño ejecutivo. Elaborado con materiales de la más alta calidad para que tu laptop esté siempre protegida.,ASHBAG,m,303.9565217391304,303.96,15.59,455.94,455.94,607.92,425.54,364.75,laptops,./assets/img/catalog/laptops/MALGEN4200.jpg,https://static.ctonline.mx/imagenes/MALGEN4200/MALGEN4200_400.jpg,48h Directa / 1 Año Fábrica,Pedro Moreno 501 A (Entrega Inmediata)
MALGEN4390,MALGEN4390,"Mochila para laptop 15.6-17"" NEGRO PC-084549, Diseño amplio, cómodo y ergonómico, materiales li","Mochila para laptop 15.6-17"" NEGRO PC-084549, Diseño amplio, cómodo y ergonómico, materiales ligeros y de gran calidad funcionalidad incomparable para explorar con confianza, cubierta y forro 100% Poliéster",CT,m,340.5,340.5,17.46,510.75,510.75,681.0,476.7,408.6,laptops,./assets/img/catalog/laptops/MALGEN4390.jpg,https://static.ctonline.mx/imagenes/MALGEN4390/MALGEN4390_400.jpg,48h Directa / 1 Año Fábrica,Pedro Moreno 501 A (Entrega Inmediata)
MALGEN4400,MALGEN4400,"Mochila para laptop 15.6-17"" AZUL PC-084297, Diseño amplio, cómodo y ergonómico, materiales lig","Mochila para laptop 15.6-17"" AZUL PC-084297, Diseño amplio, cómodo y ergonómico, materiales ligeros y de gran calidad funcionalidad incomparable para explorar con confianza, cubierta y forro 100% Poliéster.",CT,m,340.5,340.5,17.46,510.75,510.75,681.0,476.7,408.6,laptops,./assets/img/catalog/laptops/MALGEN4400.jpg,https://static.ctonline.mx/imagenes/MALGEN4400/MALGEN4400_400.jpg,48h Directa / 1 Año Fábrica,Pedro Moreno 501 A (Entrega Inmediata)
MALGEN4410,MALGEN4410,"Mochila para laptop 15.6-17"" MORADA PC-084969, Diseño amplio, cómodo y ergonómico, materiales l","Mochila para laptop 15.6-17"" MORADA PC-084969, Diseño amplio, cómodo y ergonómico, materiales ligeros y de gran calidad funcionalidad incomparable para explorar con confianza, cubierta y forro 100% Poliéster.",CT,m,340.5,340.5,17.46,510.75,510.75,681.0,476.7,408.6,laptops,./assets/img/catalog/laptops/MALGEN4410.jpg,https://static.ctonline.mx/imagenes/MALGEN4410/MALGEN4410_400.jpg,48h Directa / 1 Año Fábrica,Pedro Moreno 501 A (Entrega Inmediata)
MALGEN4420,MALGEN4420,"Mochila para laptop 15.6-17"" ROSA PC-084976, Diseño amplio, cómodo y ergonómico, materiales lig","Mochila para laptop 15.6-17"" ROSA PC-084976, Diseño amplio, cómodo y ergonómico, materiales ligeros y de gran calidad funcionalidad incomparable para explorar con confianza, cubierta y forro 100% Poliéster.",CT,m,340.5,340.5,17.46,510.75,510.75,681.0,476.7,408.6,laptops,./assets/img/catalog/laptops/MALGEN4420.jpg,https://static.ctonline.mx/imagenes/MALGEN4420/MALGEN4420_400.jpg,48h Directa / 1 Año Fábrica,Pedro Moreno 501 A (Entrega Inmediata)
MALGEN4600,MALGEN4600,"Mochila Outdoors Sportiva Negro PC-084723 Sportiva, una mochila deportiva ligera con compartime","Mochila Outdoors Sportiva Negro PC-084723 Sportiva, una mochila deportiva ligera con compartimento para laptop, ideal para personas activas. Fabricada con materiales duraderos y livianos, ofrece funcionalidad sin sacrificar el estilo. Con espacio para tus elementos esenciales y tecnología, es perfecta para el gimnasio, el trabajo o aventuras al aire libre.",CT,m,364.8695652173913,364.87,18.71,547.31,547.31,729.74,510.82,437.84,laptops,./assets/img/catalog/laptops/MALGEN4600.jpg,https://static.ctonline.mx/imagenes/MALGEN4600/MALGEN4600_400.jpg,48h Directa / 1 Año Fábrica,Pedro Moreno 501 A (Entrega Inmediata)
MALGEN4530,MALGEN4530,"Mochila expandible de viaje TRAVELA PC-084808, diseñada para satisfacer las necesidades de los ","Mochila expandible de viaje TRAVELA PC-084808, diseñada para satisfacer las necesidades de los viajeros mas exigentes. Equipada con un compartimento acolchonado ideal para laptops, expandible hasta 12 cm, resistente a derrames, puerto y cable USB para power ban, compatibilidad laptop 15.6-17"".",CT,m,608.5217391304348,608.52,31.21,912.78,912.78,1217.04,851.93,730.22,laptops,./assets/img/catalog/laptops/MALGEN4530.jpg,https://static.ctonline.mx/imagenes/MALGEN4530/MALGEN4530_400.jpg,48h Directa / 1 Año Fábrica,Pedro Moreno 501 A (Entrega Inmediata)
MALGEN4250,MALGEN4250,"Maleta de Viaje con Ruedas y Compartimento para Laptop 15.6"" Prit. PC-083009, recomendada para ","Maleta de Viaje con Ruedas y Compartimento para Laptop 15.6"" Prit. PC-083009, recomendada para viajes ejecutivos ya que es cómoda y muy ligera, tiene compartimento para computadora portátil, satisfacer las necesidades de los profesionales en movimiento. Esta maleta está diseñada con materiales duraderos pero livianos, lo que la hace fácil de transportar y manipular, Compatibilidad: 15.6"" (39.8 cm), Medidas: 40.6 x 38 x 19 cm.",CT,m,983.3152173913043,983.32,50.43,1474.98,1474.98,1966.64,1376.65,1179.98,laptops,./assets/img/catalog/laptops/MALGEN4250.jpg,https://static.ctonline.mx/imagenes/MALGEN4250/MALGEN4250_400.jpg,48h Directa / 1 Año Fábrica,Pedro Moreno 501 A (Entrega Inmediata)
MALGEN4630,MALGEN4630,"Maleta de viaje con Trolley Airly PC-084792 Nuestra maleta ofrece resistencia, ligereza y gran ","Maleta de viaje con Trolley Airly PC-084792 Nuestra maleta ofrece resistencia, ligereza y gran capacidad de carga. Fabricada con materiales duraderos, es fácil de transportar y cuenta con compartimentos dedicados para laptop y dispositivos electrónicos. Además, incluye un práctico soporte de bebida y un sistema de seguridad basado en una combinación de números para proteger tus pertenencias en todo momento. Ideal para viajes de negocios o placer, Airly funcionalidad, garantiza seguridad y estilo. Materiales:• Cubierta: 90% Plástico ABS, 10% policarbonato• Sujetador: 100% Aluminio •  Forro: 100 poliéster. MEDIDAS DEL PRODUCTO• Medidas:  33 x 22 x 54 cm • Peso: 3.4 kg CONTENIDO DEL EMPAQUE • 1  Maleta • 1 Póliza de garantía",CT,m,1826.7826086956522,1826.78,93.68,2740.17,2740.17,3653.56,2557.49,2192.14,laptops,./assets/img/catalog/laptops/MALGEN4630.jpg,https://static.ctonline.mx/imagenes/MALGEN4630/MALGEN4630_400.jpg,48h Directa / 1 Año Fábrica,Pedro Moreno 501 A (Entrega Inmediata)
MALGEN5170,MALGEN5170,"PC-085072 Mochila para laptop 15.6""-17"" Diseño Slim Ejecutiva modelo Lunary | PERFECT CHOICE: E","PC-085072 Mochila para laptop 15.6""-17"" Diseño Slim Ejecutiva modelo Lunary | PERFECT CHOICE: Elegante y funcional, esta mochila ejecutiva slim es ideal para profesionales que buscan comodidad y estilo. Su acolchado lumbar brinda soporte ergonómico, mientras que la correa para trolley facilita el transporte en viajes. Fabricada con materiales resistentes, ofrece múltiples compartimentos para organizar tu laptop y accesorios con eficiencia. Ideal para quienes buscan estilo, comodidad y practicidad en un solo accesorio. ESPECIFICACIONES: • Materiales: Forro: 100% poliéster, Cubierta: 100% poliéster • Compatibilidad: Laptop 15.6” -17” MEDIDAS DEL PRODUCTO: 31 X 15 X 45 cm • Peso: 650 g",PC-085072,m,491.2754347826087,491.28,25.19,736.92,736.92,982.56,687.79,589.54,laptops,./assets/img/catalog/laptops/MALGEN5170.jpg,https://static.ctonline.mx/imagenes/MALGEN5170/MALGEN5170_400.jpg,48h Directa / 1 Año Fábrica,Pedro Moreno 501 A (Entrega Inmediata)
MALGEN4760,MALGEN4760,"PC-085096 Mochila para laptop 15.6"" Anti-salpicaduras Expandible Modelo Obsidia Color Taupe | P","PC-085096 Mochila para laptop 15.6"" Anti-salpicaduras Expandible Modelo Obsidia Color Taupe | PERFECT CHOICE: Perfecta para laptops de hasta 15.6"". Fabricada con materiales resistentes y de alta calidad, combina funcionalidad y estilo profesional. Su diseño expandible ofrece espacio adicional cuando lo necesitas, manteniendo un perfil elegante. Cuenta con múltiples compartimentos organizadores, incluyendo un compartimento acolchado para laptop, asegurando máxima protección. ESPECIFICACIONES• Materiales: Forro: 100% poliéster - Cubierta: 90% poliéster 10% policloruro de vinilo (PVC) • Compatibilidad: 15.6"" MEDIDAS DEL PRODUCTO: 31 x 11 x 46.5 • Peso: 660 g",PC-085096,m,631.840652173913,631.84,32.4,947.76,947.76,1263.68,884.58,758.21,laptops,./assets/img/catalog/laptops/MALGEN4760.jpg,https://static.ctonline.mx/imagenes/MALGEN4760/MALGEN4760_400.jpg,48h Directa / 1 Año Fábrica,Pedro Moreno 501 A (Entrega Inmediata)
MALGEN4800,MALGEN4800,"PC-085133 Mochila para laptop 15.6"" Anti-salpicaduras Expandible Modelo Obsidia Color Azul | PE","PC-085133 Mochila para laptop 15.6"" Anti-salpicaduras Expandible Modelo Obsidia Color Azul | PERFECT CHOICE: Perfecta para laptops de hasta 15.6"". Fabricada con materiales resistentes y de alta calidad, combina funcionalidad y estilo profesional. Su diseño expandible ofrece espacio adicional cuando lo necesitas, manteniendo un perfil elegante. Cuenta con múltiples compartimentos organizadores, incluyendo un compartimento acolchado para laptop, asegurando máxima protección. ESPECIFICACIONES• Materiales: Forro: 100% poliéster - Cubierta: 90% poliéster 10% policloruro de vinilo (PVC) • Compatibilidad: 15.6"" MEDIDAS DEL PRODUCTO: 31 x 11 x 46.5 • Peso: 660 g",PC-085133,m,631.840652173913,631.84,32.4,947.76,947.76,1263.68,884.58,758.21,laptops,./assets/img/catalog/laptops/MALGEN4800.jpg,https://static.ctonline.mx/imagenes/MALGEN4800/MALGEN4800_400.jpg,48h Directa / 1 Año Fábrica,Pedro Moreno 501 A (Entrega Inmediata)
MALGEN4810,MALGEN4810,"PC-085140 Mochila para laptop 15.6"" Anti-salpicaduras Expandible Modelo Obsidia Color Rosa | PE","PC-085140 Mochila para laptop 15.6"" Anti-salpicaduras Expandible Modelo Obsidia Color Rosa | PERFECT CHOICE: Perfecta para laptops de hasta 15.6"". Fabricada con materiales resistentes y de alta calidad, combina funcionalidad y estilo profesional. Su diseño expandible ofrece espacio adicional cuando lo necesitas, manteniendo un perfil elegante. Cuenta con múltiples compartimentos organizadores, incluyendo un compartimento acolchado para laptop, asegurando máxima protección. ESPECIFICACIONES• Materiales: Forro: 100% poliéster - Cubierta: 90% poliéster 10% policloruro de vinilo (PVC) • Compatibilidad: 15.6"" MEDIDAS DEL PRODUCTO: 31 x 11 x 46.5 • Peso: 660 g",PC-085140,m,631.840652173913,631.84,32.4,947.76,947.76,1263.68,884.58,758.21,laptops,./assets/img/catalog/laptops/MALGEN4810.jpg,https://static.ctonline.mx/imagenes/MALGEN4810/MALGEN4810_400.jpg,48h Directa / 1 Año Fábrica,Pedro Moreno 501 A (Entrega Inmediata)
MALGEN4950,MALGEN4950,"PC-084990 Mochila para Laptop 15.6"" - 17"" Ultraligera y Cómoda Comfort | PERFECT CHOICE: Las mo","PC-084990 Mochila para Laptop 15.6"" - 17"" Ultraligera y Cómoda Comfort | PERFECT CHOICE: Las mochilas  Comfort cuentan con un diseño amplio, cómodo y ergonómico. Fabricadas con materiales ligeros de alta calidad, cuentan con un compartimento acolchado para laptop de 15.6"" a 17"", y una variedad de bolsillos organizadores. Son ideales para la escuela, el trabajo o excursiones. Ofrecen estilo, comodidad y funcionalidad incomparables para explorar el mundo con comodidad. ESPECIFICACIONES: Materiales: • Cubierta: 100% poliéster • Forro: 100% poliéster • Medidas: 44 x 30 x 17 cm • Peso: 780 g CONTENIDO DEL EMPAQUE • 1 Mochila • 1 Póliza de garantía",PC-084990,m,340.5043478260869,340.5,17.46,510.75,510.75,681.0,476.7,408.6,laptops,./assets/img/catalog/laptops/MALGEN4950.jpg,https://static.ctonline.mx/imagenes/MALGEN4950/MALGEN4950_400.jpg,48h Directa / 1 Año Fábrica,Pedro Moreno 501 A (Entrega Inmediata)
MALGEN4960,MALGEN4960,"PC-084891 Bolso de mujer para laptop hasta 15.6"" Diseño Ejecutivo Sahara | PERFECT CHOICE: Con ","PC-084891 Bolso de mujer para laptop hasta 15.6"" Diseño Ejecutivo Sahara | PERFECT CHOICE: Con un estilo ejecutivo que combina sofisticación y practicidad. Elaborado con materiales resistentes y ligeros, ofrece durabilidad y comodidad para el uso diario. Cuenta con sujetadores de nylon de alta calidad para mayor seguridad y compartimentos organizados que facilitan el acceso a tus pertenencias. Perfecto para profesionales que buscan un accesorio funcional y elegante. ESPECIFICACIONES: • Materiales: Forro: 100% poliéster Cubierta: 100% poliéster • Compatibilidad: Laptop 15.6”• Medidas: 45 x 13 x 30 cm • Peso: 450g",PC-084891,m,561.5580434782609,561.56,28.8,842.34,842.34,1123.12,786.18,673.87,laptops,./assets/img/catalog/laptops/MALGEN4960.jpg,https://static.ctonline.mx/imagenes/MALGEN4960/MALGEN4960_400.jpg,48h Directa / 1 Año Fábrica,Pedro Moreno 501 A (Entrega Inmediata)
MALGEN4970,MALGEN4970,"PC-084884 Mochila de mujer para laptop 15.6"" Diseño Ejecutivo Sahara | PERFECT CHOICE: Con un e","PC-084884 Mochila de mujer para laptop 15.6"" Diseño Ejecutivo Sahara | PERFECT CHOICE: Con un estilo ejecutivo que combina elegancia y funcionalidad. Fabricada con materiales resistentes y ligeros, garantiza comodidad y durabilidad en el día a día. Incluye sujetadores de nylon de alta calidad para mayor seguridad y múltiples compartimientos para organizar tus pertenencias con facilidad. Ideal para profesionales que buscan un accesorio práctico y sofisticado. ESPECIFICACIONES: • Materiales: Forro: 100% poliéster Cubierta: 100% poliéster • Compatibilidad: Laptop 15.6” MEDIDAS DEL PRODUCTO• Medidas:30 x 18 x 18 cm • Peso: 680 g",PC-084884,m,562.25,562.25,28.83,843.38,843.38,1124.5,787.15,674.7,laptops,./assets/img/catalog/laptops/MALGEN4970.jpg,https://static.ctonline.mx/imagenes/MALGEN4970/MALGEN4970_400.jpg,48h Directa / 1 Año Fábrica,Pedro Moreno 501 A (Entrega Inmediata)
MALGEN4980,MALGEN4980,"PC-084877 Mochila de mujer para laptop 15.6"" Perfect Choice Modelo Petalia: Descubre la combina","PC-084877 Mochila de mujer para laptop 15.6"" Perfect Choice Modelo Petalia: Descubre la combinación perfecta de funcionalidad y estilo con esta mochila ejecutiva para mujer. Diseñada con múltiples compartimentos organizadores, ofrece espacio ideal para tu laptop y todos tus esenciales de trabajo. Su diseño elegante y acabados de lujo reflejan sofisticación, mientras que los materiales resistentes y de alta calidad garantizan durabilidad. Perfecta para profesionales que buscan comodidad y distinción en su día a día. ESPECIFICACIONES: • Materiales: Forro: 100% poliéster Cubierta: 100% poliéster • Compatibilidad: Laptop 15.6” MEDIDAS DEL PRODUCTO• Medidas: 35 x 13 x 27 cm • Peso: 730 g",PC-084877,m,631.840652173913,631.84,32.4,947.76,947.76,1263.68,884.58,758.21,laptops,./assets/img/catalog/laptops/MALGEN4980.jpg,https://static.ctonline.mx/imagenes/MALGEN4980/MALGEN4980_400.jpg,48h Directa / 1 Año Fábrica,Pedro Moreno 501 A (Entrega Inmediata)
MALGEN5000,MALGEN5000,"PC-084846 Mochila para laptop 15.6"" Anti-salpicaduras Expandible Modelo Obsidia Color Negro | P","PC-084846 Mochila para laptop 15.6"" Anti-salpicaduras Expandible Modelo Obsidia Color Negro | PERFECT CHOICE: Perfecta para laptops de hasta 15.6"". Fabricada con materiales resistentes y de alta calidad, combina funcionalidad y estilo profesional. Su diseño expandible ofrece espacio adicional cuando lo necesitas, manteniendo un perfil elegante. Cuenta con múltiples compartimentos organizadores, incluyendo un compartimento acolchado para laptop, asegurando máxima protección. ESPECIFICACIONES• Materiales: Forro: 100% poliéster - Cubierta: 90% poliéster 10% policloruro de vinilo (PVC) • Compatibilidad: 15.6"" MEDIDAS DEL PRODUCTO: 31 x 11 x 46.5 • Peso: 660 g",PC-084846,m,561.5580434782609,561.56,28.8,842.34,842.34,1123.12,786.18,673.87,laptops,./assets/img/catalog/laptops/MALGEN5000.jpg,https://static.ctonline.mx/imagenes/MALGEN5000/MALGEN5000_400.jpg,48h Directa / 1 Año Fábrica,Pedro Moreno 501 A (Entrega Inmediata)
MALGEN5040,MALGEN5040,"PC-084761 Mochila para laptop 15.6""-17"" Gran Capacidad Modelo Essentials Color Morado | PERFECT","PC-084761 Mochila para laptop 15.6""-17"" Gran Capacidad Modelo Essentials Color Morado | PERFECT CHOICE: Esseentials, es la mochila ejecutiva con una gran capacidad que ofrece una solución completa para profesionales en movimiento. Con su diseño elegante, comodidad, ligereza y resistencia a salpicaduras, esta mochila es el complemento perfecto para aquellos que buscan un equilibrio entre funcionalidad y estilo ejecutivo.. ESPECIFICACIONES • Correa Trasero • Gran capacidad de carga • Materiales resistentes a salpicaduras • Para Laptops de 15.6” -17” Materiales • Cubierta: 85% poliéster • Forro: 15% nailon MEDIDAS DEL PRODUCTO • 46 x 34 x 18 cm • Peso: 720 g",PC-084761,m,303.9565217391304,303.96,15.59,455.94,455.94,607.92,425.54,364.75,laptops,./assets/img/catalog/laptops/MALGEN5040.jpg,https://static.ctonline.mx/imagenes/MALGEN5040/MALGEN5040_400.jpg,48h Directa / 1 Año Fábrica,Pedro Moreno 501 A (Entrega Inmediata)
MALGEN5050,MALGEN5050,PC-084709 Mochila ejecutiva para laptop diseño elegante Modelo Branston | PERFECT CHOICE: Elega,"PC-084709 Mochila ejecutiva para laptop diseño elegante Modelo Branston | PERFECT CHOICE: Elegante y funcional, esta mochila ejecutiva para laptop está diseñada para el profesional en movimiento. Confeccionada con materiales suaves y resistentes, combina un estilo sofisticado con la durabilidad que necesitas para tu día a día. Su diseño ejecutivo ofrece espacio suficiente para tu laptop y otros esenciales, manteniendo siempre una imagen pulida y profesional. Materiales suaves y resistentes. Diseño Ejecutivo. Correa (strap) para Trolley. ESPECIFICACIONES• Materiales: Forro: 100% poliéster Cubierta: 100% poliéster •Compatibilidad: Laptop 16.7” • Medidas: 30 X 14 X 46 cm • Peso: 780 g CONTENIDO DEL EMPAQUE: 1 Mochila 1 Póliza de garantía",PC-084709,m,425.7821739130435,425.78,21.83,638.67,638.67,851.56,596.09,510.94,laptops,./assets/img/catalog/laptops/MALGEN5050.jpg,https://static.ctonline.mx/imagenes/MALGEN5050/MALGEN5050_400.jpg,48h Directa / 1 Año Fábrica,Pedro Moreno 501 A (Entrega Inmediata)
MALGEN5060,MALGEN5060,PC-084693 Mochila ejecutiva expandible y espaciosa para laptop Modelo Nessara | PERFECT CHOICE:,"PC-084693 Mochila ejecutiva expandible y espaciosa para laptop Modelo Nessara | PERFECT CHOICE: Elegante, ligera y espaciosa, esta mochila ejecutiva está diseñada para ofrecer máxima funcionalidad con un estilo profesional. Cuenta con un compartimiento especial para laptop y acceso superior fácil, ideal para quienes están siempre en movimiento. Sus bolsillos laterales expandibles añaden versatilidad, brindando espacio adicional cuando lo necesites, sin perder su diseño estilizado. Bolsas laterales expandibles. Acceso rápido superior. Compatibilidad laptop 15.6"". ESPECIFICACIONES• Materiales: Forro: 100% poliéster Cubierta: 100% poliéster • Medidas: 31 X 15.5 X 46 cm • Peso: 700 g CONTENIDO DEL EMPAQUE: 1 Mochila 1 Póliza de garantía",PC-084693,m,425.7826086956522,425.78,21.83,638.67,638.67,851.56,596.09,510.94,laptops,./assets/img/catalog/laptops/MALGEN5060.jpg,https://static.ctonline.mx/imagenes/MALGEN5060/MALGEN5060_400.jpg,48h Directa / 1 Año Fábrica,Pedro Moreno 501 A (Entrega Inmediata)
MALGEN5070,MALGEN5070,"PC-084686 Mochila para laptop 15.6""-17"" múltiples compartimentos Modelo Forter Color Morado | P","PC-084686 Mochila para laptop 15.6""-17"" múltiples compartimentos Modelo Forter Color Morado | PERFECT CHOICE: Descubre la mochila para laptop diseñada para la vida urbana. Fabricada con materiales de alta resistencia, ofrece gran amplitud y múltiples compartimientos que mantienen tus objetos organizados. Su acolchado lumbar asegura comodidad durante todo el día, mientras que su diseño moderno y práctico es ideal para enfrentar el ritmo de la ciudad sin comprometer el estilo. ESPECIFICACIONES • Materiales: Forro: 100% poliéster Cubierta: 100% poliéster • Medidas: 33 X 21 X 48 cm • Peso: 680 g CONTENIDO DEL EMPAQUE • 1 Mochila • 1 Póliza de garantía",PC-084686,m,364.8695652173913,364.87,18.71,547.31,547.31,729.74,510.82,437.84,laptops,./assets/img/catalog/laptops/MALGEN5070.jpg,https://static.ctonline.mx/imagenes/MALGEN5070/MALGEN5070_400.jpg,48h Directa / 1 Año Fábrica,Pedro Moreno 501 A (Entrega Inmediata)
MALGEN5080,MALGEN5080,"PC-084679 Mochila para laptop 15.6""-17"" múltiples compartimentos Modelo Forter Color Negro | PE","PC-084679 Mochila para laptop 15.6""-17"" múltiples compartimentos Modelo Forter Color Negro | PERFECT CHOICE: Descubre la mochila para laptop diseñada para la vida urbana. Fabricada con materiales de alta resistencia, ofrece gran amplitud y múltiples compartimientos que mantienen tus objetos organizados. Su acolchado lumbar asegura comodidad durante todo el día, mientras que su diseño moderno y práctico es ideal para enfrentar el ritmo de la ciudad sin comprometer el estilo. ESPECIFICACIONES • Materiales: Forro: 100% poliéster Cubierta: 100% poliéster • Medidas: 33 X 21 X 48 cm • Peso: 680 g CONTENIDO DEL EMPAQUE • 1 Mochila • 1 Póliza de garantía",PC-084679,m,364.8695652173913,364.87,18.71,547.31,547.31,729.74,510.82,437.84,laptops,./assets/img/catalog/laptops/MALGEN5080.jpg,https://static.ctonline.mx/imagenes/MALGEN5080/MALGEN5080_400.jpg,48h Directa / 1 Año Fábrica,Pedro Moreno 501 A (Entrega Inmediata)
MALGEN5090,MALGEN5090,PC-084662 Mochila de mujer para laptop Elegante y Funcional Modelo Kokette Color Rosa | PERFECT,"PC-084662 Mochila de mujer para laptop Elegante y Funcional Modelo Kokette Color Rosa | PERFECT CHOICE: Elegancia y funcionalidad se combinan en esta mochila diseñada especialmente para la mujer moderna. Su estilo compacto y femenino se complementa con materiales suaves al tacto, pero increíblemente resistentes, garantizando durabilidad y comodidad. Perfecta para acompañarte en cualquier ocasión, ofrece un toque de sofisticación sin sacrificar practicidad. Múltiples compartimentos. Elegante y compacta. ESPECIFICACIONES • Materiales: Forro: 100% poliéster Cubierta: 100% poliéster• Compatibilidad: Laptop 15.6” - 17” • Medidas: 29 X 11 X 40 cm • Peso: 560 g CONTENIDO DEL EMPAQUE: 1 Mochila 1 Póliza de garantía",PC-084662,m,561.5580434782609,561.56,28.8,842.34,842.34,1123.12,786.18,673.87,laptops,./assets/img/catalog/laptops/MALGEN5090.jpg,https://static.ctonline.mx/imagenes/MALGEN5090/MALGEN5090_400.jpg,48h Directa / 1 Año Fábrica,Pedro Moreno 501 A (Entrega Inmediata)
MALGEN5100,MALGEN5100,PC-084655 Mochila de mujer para laptop Elegante y Funcional Modelo Kokette Color Taupe | PERFEC,"PC-084655 Mochila de mujer para laptop Elegante y Funcional Modelo Kokette Color Taupe | PERFECT CHOICE: Elegancia y funcionalidad se combinan en esta mochila diseñada especialmente para la mujer moderna. Su estilo compacto y femenino se complementa con materiales suaves al tacto, pero increíblemente resistentes, garantizando durabilidad y comodidad. Perfecta para acompañarte en cualquier ocasión, ofrece un toque de sofisticación sin sacrificar practicidad. Múltiples compartimentos. Elegante y compacta. ESPECIFICACIONES • Materiales: Forro: 100% poliéster Cubierta: 100% poliéster• Compatibilidad: Laptop 15.6” - 17” • Medidas: 29 X 11 X 40 cm • Peso: 560 g CONTENIDO DEL EMPAQUE: 1 Mochila 1 Póliza de garantía",PC-084655,m,561.5576086956522,561.56,28.8,842.34,842.34,1123.12,786.18,673.87,laptops,./assets/img/catalog/laptops/MALGEN5100.jpg,https://static.ctonline.mx/imagenes/MALGEN5100/MALGEN5100_400.jpg,48h Directa / 1 Año Fábrica,Pedro Moreno 501 A (Entrega Inmediata)
MALGEN5120,MALGEN5120,PC-084464 Mochila ejecutiva para laptop diseño Slim Modelo Lusso | PERFECT CHOICE: Esta mochila,"PC-084464 Mochila ejecutiva para laptop diseño Slim Modelo Lusso | PERFECT CHOICE: Esta mochila ejecutiva para laptop combina un diseño estilizado y funcionalidad de primer nivel. Fabricada con materiales de alta calidad, garantiza durabilidad y un aspecto profesional. Incorpora un práctico strap para trolley, facilitando tus viajes, y un puerto de carga USB integrado para mantener tus dispositivos conectados en todo momento. Perfecta para el profesional moderno que busca eficiencia y estilo. ESPECIFICACIONES • Materiales: Forro: 100% poliéster Cubierta: 100% poliéster • Medidas: 30 X 11.5 X 43 cm • Peso: 790 g CONTENIDO DEL EMPAQUE: 1 Mochila 1 Póliza de garantía",PC-084464,m,486.695652173913,486.7,24.96,730.05,730.05,973.4,681.38,584.04,laptops,./assets/img/catalog/laptops/MALGEN5120.jpg,https://static.ctonline.mx/imagenes/MALGEN5120/MALGEN5120_400.jpg,48h Directa / 1 Año Fábrica,Pedro Moreno 501 A (Entrega Inmediata)
MALGEN5140,MALGEN5140,"PC-084358 Mochila Expandible para Laptop 15.6"" Resistente al Agua Modelo Tundra Color Azul | PE","PC-084358 Mochila Expandible para Laptop 15.6"" Resistente al Agua Modelo Tundra Color Azul | PERFECT CHOICE: Protege tu equipo y lleva todo lo que necesitas con esta mochila expandible para laptop de 15.6"". Con una capacidad expandible, resistencia al agua y materiales duraderos, diseñada para ofrecer la máxima durabilidad y resistencia. Resistente al Agua: Fabricada con materiales de alta calidad, es resistente al agua , lo que garantiza que tus dispositivos electrónicos estén siempre seguros, incluso en condiciones de lluvia. Diseño Expandible: Su diseño expandible te brinda espacio adicional cuando lo necesitas, ideal para viajes, trabajo o el día a día. Compatibilidad con Laptops de 15.6"": Esta mochila cuenta con un compartimento dedicado para laptops de hasta 15.6 pulgadas. ESPECIFICACIONES: •Materiales: Forro: 100% poliéster Cubierta: 100% poliéster • Compatibilidad: 15.6” (39.8 cm) MEDIDAS DEL PRODUCTO: 33 x 19 x 43cm. • Peso: 1000 gramos.",PC-084358,m,486.695652173913,486.7,24.96,730.05,730.05,973.4,681.38,584.04,laptops,./assets/img/catalog/laptops/MALGEN5140.jpg,https://static.ctonline.mx/imagenes/MALGEN5140/MALGEN5140_400.jpg,48h Directa / 1 Año Fábrica,Pedro Moreno 501 A (Entrega Inmediata)
MALGEN5180,MALGEN5180,PC-084716 Portafolio ejecutivo para laptop diseño Elegante y Funcional Modelo Branston | PERFEC,"PC-084716 Portafolio ejecutivo para laptop diseño Elegante y Funcional Modelo Branston | PERFECT CHOICE: Lleva tu estilo profesional al siguiente nivel con este portafolio ejecutivo diseñado para proteger y transportar laptops de hasta 16 pulgadas. Con un diseño elegante y materiales suaves pero resistentes, es la combinación perfecta de estilo, practicidad y durabilidad. Materiales Premium: Fabricado con materiales suaves al tacto y resistentes al desgaste, ideal para el uso diario. Comodidad de Transporte: Asa resistente y correa ajustable para llevarlo cómodamente a donde vayas.. ESPECIFICACIONES: Materiales: Forro: 100% poliéster Cubierta: 100% poliéster • Compatibilidad: Laptop 16.7” • Medidas: 46 x 7.5 x 30.5 cm • Peso: 485 g CONTENIDO DEL EMPAQUE: 1 Mochila 1 Póliza de garantía",PC-084716,m,303.9565217391304,303.96,15.59,455.94,455.94,607.92,425.54,364.75,laptops,./assets/img/catalog/laptops/MALGEN5180.jpg,https://static.ctonline.mx/imagenes/MALGEN5180/MALGEN5180_400.jpg,48h Directa / 1 Año Fábrica,Pedro Moreno 501 A (Entrega Inmediata)
BOCMST3490,BOCMST3490,PC-116530 Audífonos Bluetooth Inalámbricos On-Ear Diadema Acolchada | PERFECT CHOICE ¡Vive una ,"PC-116530 Audífonos Bluetooth Inalámbricos On-Ear Diadema Acolchada | PERFECT CHOICE ¡Vive una Experiencia de Audio Única! Diseñados para brindar comodidad y libertad en cada uso, este modelo on-ear de Perfect Choice combina conectividad inalámbrica y un diseño práctico para el día a día. La diadema acolchada y las almohadillas suaves ofrecen un ajuste cómodo y estable, ideal para sesiones prolongadas de música o entretenimiento. Gracias a su conectividad Bluetooth, permiten una conexión estable con smartphones, tablets y laptops compatibles, eliminando los cables y facilitando la movilidad. Su diseño ligero y ergonómico los hace perfectos para acompañarte en casa, la oficina o mientras te desplazas. Una opción funcional para quienes buscan confort, estilo y practicidad en un solo accesorio, ideal para disfrutar de contenido multimedia con total libertad. 1 AÑO DE GARANTIA DIRECTO CON EL FABRICANTE",PC-116530,m,161.95652173913044,161.96,8.31,242.94,242.94,323.92,226.74,194.35,laptops,./assets/img/catalog/laptops/BOCMST3490.jpg,https://static.ctonline.mx/imagenes/BOCMST3490/BOCMST3490_400.jpg,48h Directa / 1 Año Fábrica,Pedro Moreno 501 A (Entrega Inmediata)
BOCMST3980,BOCMST3980,Diadema Gamer PERFECT CHOICE V-930594 RGB con micrófono Ajustable con Conexión Alámbrica 3.5mm ,"Diadema Gamer PERFECT CHOICE V-930594 RGB con micrófono Ajustable con Conexión Alámbrica 3.5mm USB Iluminación, Sensibilidad: 104 +/-3dB, micrófono omnidireccional, Dimensiones 180mm*85mm*210mm. Compatible con teléfonos, tabletas, PC, Laptops, PS4,Xbox One. UPC 615604930594",PERFECT,m,182.1304347826087,182.13,9.34,273.19,273.19,364.26,254.98,218.56,laptops,./assets/img/catalog/laptops/BOCMST3980.jpg,https://static.ctonline.mx/imagenes/BOCMST3980/BOCMST3980_400.jpg,48h Directa / 1 Año Fábrica,Pedro Moreno 501 A (Entrega Inmediata)
BOCMST4120,BOCMST4120,"Diadema Gamer V-930730 VORTRED HELUMO Conexión Alámbrica 3.5mm USB, longitud de cable 1.8m de m","Diadema Gamer V-930730 VORTRED HELUMO Conexión Alámbrica 3.5mm USB, longitud de cable 1.8m de material PVC, cono 50mm, Sensibilidad  104 +/- 3dB, cuenta con micrófono omnidireccional, Dimensiones: 180mm * 85mm*210mm compatible con teléfonos, tabletas, pc y laptops, PS4. Xbox One UPC615604930730",V-930730,m,256.14130434782606,256.14,13.14,384.21,384.21,512.28,358.6,307.37,laptops,./assets/img/catalog/laptops/BOCMST4120.jpg,https://static.ctonline.mx/imagenes/BOCMST4120/BOCMST4120_400.jpg,48h Directa / 1 Año Fábrica,Pedro Moreno 501 A (Entrega Inmediata)
CAMMST270,CAMMST270,PC-320548 Cámara Web USB 2K 5MP con Autofocus y Rotación 360° Fixel | PERFECT CHOICE: ¡Tu Image,"PC-320548 Cámara Web USB 2K 5MP con Autofocus y Rotación 360° Fixel | PERFECT CHOICE: ¡Tu Imagen Siempre Nítida y Confiable!, Mejora tu presencia en videollamadas, transmisiones y grabaciones con la Cámara Web Fixel de Perfect Choice, diseñada para ofrecer imagen clara y precisión automática sin complicaciones. Con resolución 2K (5 MP) podrás disfrutar de video nítido y detallado que supera la calidad de cámaras estándar, aportando mayor profesionalismo a tus reuniones remotas, clases en línea o contenido digital. La función de autofocus inteligente ajusta el enfoque automáticamente para mantener una imagen definida aún cuando te mueves, asegurando que siempre te veas claro y centrado. La rotación de 360° permite orientar fácilmente el campo de visión según tus necesidades, ya sea para encuadres amplios, mostrar objetos o cambiar ángulos de captura sin esfuerzo. Su conexión USB plug & play facilita la instalación inmediata en laptops o computadoras sin necesidad de controladores adicionales, lo que la convierte en una herramienta práctica y lista para usar desde el primer momento. Fixel combina calidad de imagen, versatilidad y facilidad de uso, convirtiéndose en una opción confiable para quienes buscan mejorar su comunicación visual. ESPECIFICACIONES: Modelo: Fixel;  Alimentación: 5Vcc 500 mAh, Conexión: Alámbrica USB, Longitud del cable: 1.5 m, Micrófono: Absorción de sonido y reducción de ruido; Formato de vídeo: MP4 / YUY2; Rango de ajuste de enfoque: 0,5 – 1,5 m; Rotación: 360°, Compatibilidad: Windows / MacOS; Dimensiones: 5,7 × 6,1 × 6,6 cm;  Peso: 87 g, Contenido del empaque: 1 Cámara web, 1 Guía de usuario. 1 AÑO DE GARANTIA DIRECTO CON FABRICANTE.",PC-320548,m,364.8695652173913,364.87,18.71,547.31,547.31,729.74,510.82,437.84,laptops,./assets/img/catalog/laptops/CAMMST270.jpg,https://static.ctonline.mx/imagenes/CAMMST270/CAMMST270_400.jpg,48h Directa / 1 Año Fábrica,Pedro Moreno 501 A (Entrega Inmediata)
ACCKNS2200,ACCKNS2200,Candado de combinación delgado NanoSaver® para portátiles K60603WW KENSINGTON. Con las laptops ,"Candado de combinación delgado NanoSaver® para portátiles K60603WW KENSINGTON. Con las laptops delgadas de hoy en día con nanoranuras de seguridad, un cabezal de bloqueo de cable típico puede ser demasiado grueso y levantar el dispositivo de manera desigual de su superficie. El candado con combinación Slim NanoSaver® para portátiles es la solución de cierre sin llave más resistente que permite que los portátiles ultradelgados y 2 en 1 con ranuras para nanocandados queden planos y estables.",CT,m,577.7777777777777,577.78,29.63,866.67,866.67,1155.56,808.89,693.34,laptops,./assets/img/catalog/laptops/ACCKNS2200.jpg,https://static.ctonline.mx/imagenes/ACCKNS2200/ACCKNS2200_400.jpg,48h Directa / 1 Año Fábrica,Pedro Moreno 501 A (Entrega Inmediata)
ACCKNS2180,ACCKNS2180,"Candado con llave N17 para portátiles con ranuras en forma de cuña K60500WW Kensington, Probado","Candado con llave N17 para portátiles con ranuras en forma de cuña K60500WW Kensington, Probado y aprobado por Dell, el candado con llave para laptop Slim N17 2.0 para ranuras en forma de cuña es perfecto para laptops ultradelgadas y 2 en 1, ya que no bloquea puertos valiosos y permite que la laptop quede plana y estable. Cumple o supera los rigurosos estándares de prueba de resistencia. Cuenta con un cable de acero al carbono de seis pies (1,8 m) con cabezal pivotante omnidireccional y anclaje giratorio, sistema de llaves de 5 mm y registro y reemplazo de llaves Register & Retrieve™ gratis. Garantía de cinco años. De Kensington, inventor del candado de cable para computadora portátil y líder de la industria en seguridad de dispositivos físicos durante más de 25 años.",N17,m,378.94444444444446,378.94,19.43,568.41,568.41,757.88,530.52,454.73,laptops,./assets/img/catalog/laptops/ACCKNS2180.jpg,https://static.ctonline.mx/imagenes/ACCKNS2180/ACCKNS2180_400.jpg,48h Directa / 1 Año Fábrica,Pedro Moreno 501 A (Entrega Inmediata)
ACCKNS2000,ACCKNS2000,Candado de combinación delgado NanoSaver® para portátiles K60604WW KENSINGTON. Con las laptops ,"Candado de combinación delgado NanoSaver® para portátiles K60604WW KENSINGTON. Con las laptops delgadas de hoy en día con nanoranuras de seguridad, un cabezal de bloqueo de cable típico puede ser demasiado grueso y levantar el dispositivo de manera desigual de su superficie. El candado con combinación Slim NanoSaver® para portátiles es la solución de cierre sin llave más resistente que permite que los portátiles ultradelgados y 2 en 1 con ranuras para nanocandados queden planos y estables.",CT,m,305.05555555555554,305.06,15.64,457.59,457.59,610.12,427.08,366.07,laptops,./assets/img/catalog/laptops/ACCKNS2000.jpg,https://static.ctonline.mx/imagenes/ACCKNS2000/ACCKNS2000_400.jpg,48h Directa / 1 Año Fábrica,Pedro Moreno 501 A (Entrega Inmediata)
ACCKNS2060,ACCKNS2060,Candado con llave N17 para portátiles con ranuras en forma de cuña K60501M KENSINGTON. Probado ,"Candado con llave N17 para portátiles con ranuras en forma de cuña K60501M KENSINGTON. Probado y aprobado por Dell, el candado con llave para laptop Slim N17 2.0 para ranuras en forma de cuña es perfecto para laptops ultradelgadas y 2 en 1, ya que no bloquea puertos valiosos y permite que la laptop quede plana y estable. Cumple o supera los rigurosos estándares de prueba de resistencia. Cuenta con un cable de acero al carbono de seis pies (1,8 m) con cabezal pivotante omnidireccional y anclaje giratorio, sistema de llaves de 5 mm y registro y reemplazo de llaves Register & Retrieve™ gratis. La llave maestra proporciona acceso administrativo, por lo que el administrador de TI puede tener una llave para todas las cerraduras mientras que cada usuario tiene su propia cerradura y llave individual. Garantía de cinco años. De Kensington, inventor del candado de cable para computadora portátil y líder de la industria en seguridad de dispositivos físicos durante más de 25 años.",N17,m,638.8888888888889,638.89,32.76,958.34,958.34,1277.78,894.45,766.67,laptops,./assets/img/catalog/laptops/ACCKNS2060.jpg,https://static.ctonline.mx/imagenes/ACCKNS2060/ACCKNS2060_400.jpg,48h Directa / 1 Año Fábrica,Pedro Moreno 501 A (Entrega Inmediata)
ACCKNS630,ACCKNS630,Candado de Llave para Laptops Kensington K64444WW diseñado para adaptarse a la ranura de seguri,"Candado de Llave para Laptops Kensington K64444WW diseñado para adaptarse a la ranura de seguridad Nano, el candado para portátiles con llave NanoSaver asegura los portátiles, tabletas y dos en uno ultrafinos de última generación con la misma ingeniería y resistencia de calidad. Cabezal de 10 mm con tecnología de bloqueo Cleat que se ﬁja a la ranura de seguridad Nano de Kensington integrada en una selección de tablets y notebooks para ofrecer una seguridad inigualable. El sistema de llave de 5 mm es compatible con todos los últimos cables de seguridad Kensington y cuenta con la tecnología patentada antirrobo Hidden PinTM, y todo forma parte de nuestras soluciones de gestión de llaves personalizadas y resistentes que incluyen las opciones de Llave maestra (K64445M).",CT,m,388.88888888888886,388.89,19.94,583.34,583.34,777.78,544.45,466.67,laptops,./assets/img/catalog/laptops/ACCKNS630.jpg,https://static.ctonline.mx/imagenes/ACCKNS630/ACCKNS630_400.jpg,48h Directa / 1 Año Fábrica,Pedro Moreno 501 A (Entrega Inmediata)
ACCKNS810,ACCKNS810,N17 Candado con combinación serializada Kensington K68008WW con ranura de seguridad con cuña pa,"N17 Candado con combinación serializada Kensington K68008WW con ranura de seguridad con cuña para laptops DELL. El cabezal de bloqueo resistente que se adapta perfectamente a las últimas computadoras portátiles y tabletas Dell con una ranura de bloqueo en forma de cuña. El acoplamiento de bloqueo único crea la conexión más fuerte entre la cabeza de bloqueo y la ranura de bloqueo en forma de cuña. Combinación de 4 números preseleccionados sin llave.  Diseño de botón pulsador para el enganche con una mano para unir fácilmente la cerradura. El cable de acero al carbono es resistente a los cortes y se ancla al escritorio, la mesa o cualquier estructura ﬁja.",N17,m,378.94444444444446,378.94,19.43,568.41,568.41,757.88,530.52,454.73,laptops,./assets/img/catalog/laptops/ACCKNS810.jpg,https://static.ctonline.mx/imagenes/ACCKNS810/ACCKNS810_400.jpg,48h Directa / 1 Año Fábrica,Pedro Moreno 501 A (Entrega Inmediata)
ACCKNS920,ACCKNS920,"Candado de Llave Kensington K67995WW para Laptops N17 para dispositivos Dell, 1.8 Metros, color","Candado de Llave Kensington K67995WW para Laptops N17 para dispositivos Dell, 1.8 Metros, color negro. El N17 Candado para portátil con llave de cabezal doble le permite asegurar un portátil Dell con una ranura de bloqueo no convencional junto con un dispositivo secundario con la ranura Security Slot de Kensington estándar del sector. El sistema de llave de 5 mm con tecnología antirrobo le permite utilizar la misma llave para ambos cabezales del candado y ofrece flexibilidad a los administradores de TI, ya que el sistema de llave es compatible con todos los últimos candados de Kensington. El cable de acero al carbono impide los intentos de corte. El cabezal de bloqueo secundario con tecnología de bloqueo T-Bar ofrece una resistencia incomparable para dispositivos con la ranura de seguridad Kensington estándar de la industria. El cable giratorio y giratorio proporciona una conexión superior a la computadora portátil. El cabezal de bloqueo primario que utiliza un bloqueo único ofrece la seguridad más estricta para las computadoras portátiles y tabletas Dell con una ranura de bloqueo no estándar",CT,m,883.7686666666667,883.77,45.32,1325.65,1325.65,1767.54,1237.28,1060.52,laptops,./assets/img/catalog/laptops/ACCKNS920.jpg,https://static.ctonline.mx/imagenes/ACCKNS920/ACCKNS920_400.jpg,48h Directa / 1 Año Fábrica,Pedro Moreno 501 A (Entrega Inmediata)
ACCKNS930,ACCKNS930,"Candado de Combinación para Laptops Kensington K67819WW, 1.8 Metros, Negro con Amarillo. Protej","Candado de Combinación para Laptops Kensington K67819WW, 1.8 Metros, Negro con Amarillo. Proteja del robo todo su parque de portátiles o Chromebooks y la información confidencial que contienen con el pack de combinación seriada para portátil de Kensington, el mayor vendedor de candados para portátiles. Dispone de un cabezal antimanipulación accionado mediante un botón que fija fácilmente la barra T-Bar a la ranura Kensington Security Slot presente en la mayoría de los portátiles. Nuestro programa Register & Retrieve online ofrece un método sencillo para realizar el seguimiento de todas las combinaciones.",CT,m,333.3333333333333,333.33,17.09,500.0,500.0,666.66,466.66,400.0,laptops,./assets/img/catalog/laptops/ACCKNS930.jpg,https://static.ctonline.mx/imagenes/ACCKNS930/ACCKNS930_400.jpg,48h Directa / 1 Año Fábrica,Pedro Moreno 501 A (Entrega Inmediata)
ACCKNS1190,ACCKNS1190,Cable de Bloqueo Kensington para Computadora de escritorio - 2.44m Cable - Negro - Acero al car,"Cable de Bloqueo Kensington para Computadora de escritorio - 2.44m Cable - Negro - Acero al carbono K64424WW. Desde que inventamos el primer cable de seguridad con llave, hace más de 25 años, los cables de seguridad con llave Kensington han sido el icono de la protección a nivel profesional. Hemos establecido el estándar de la industria, con cables de seguridad fabricados con acero aeronáutico, soluciones de cables de seguridad personalizadas y compatibilidad en más del 90 % de los notebooks y de computadores de escritorio, proyectores, monitores e impresoras de los principales fabricantes.",CT,m,473.94444444444446,473.94,24.3,710.91,710.91,947.88,663.52,568.73,laptops,./assets/img/catalog/laptops/ACCKNS1190.jpg,https://static.ctonline.mx/imagenes/ACCKNS1190/ACCKNS1190_400.jpg,48h Directa / 1 Año Fábrica,Pedro Moreno 501 A (Entrega Inmediata)
ACCKNS700,ACCKNS700,"Filtro de privacidad para notebook 14"" K52793WW  marca KENSINGTON Limite de campo de visión: +/","Filtro de privacidad para notebook 14"" K52793WW  marca KENSINGTON Limite de campo de visión: +/- 30 grados, Reducción de luz azul dañina:  hasta en un 52%, el  recubrimiento antirreflejante reduce el brillo y mejora la claridad. Reversible con opciones de visualización mate y brillante. Un lado tiene acabado mate, lo que permite reducir el brillo y las marcas digitales. El otro lado es brillante y ofrece una visión más clara del monitor.  Relación de aspecto: 16:9, Tipo de pantalla Portátil, Tamaño de la pantalla 14""/35.6cm. Garantía limitada de 2 años con KENSINGTON.",CT,m,421.1111111111111,421.11,21.6,631.66,631.66,842.22,589.55,505.33,laptops,./assets/img/catalog/laptops/ACCKNS700.jpg,https://static.ctonline.mx/imagenes/ACCKNS700/ACCKNS700_400.jpg,48h Directa / 1 Año Fábrica,Pedro Moreno 501 A (Entrega Inmediata)
ACCKNS2520,ACCKNS2520,"Filtro de privacidad para notebook 14"" K58352WW marca KENSINGTON magnético para portátiles de (","Filtro de privacidad para notebook 14"" K58352WW marca KENSINGTON magnético para portátiles de (16:9), Incluye una banda magnética muy fina que permite quitar y poner el filtro de privacidad de forma rápida y sencilla, así como cerrar el portátil para que entre en el modo reposo sin tener que quitarlo.  Limite de campo de visión: +/- 30 grados, Reducción de luz azul dañina:  hasta en un 52% Relación de aspecto: 16:9, Tipo de pantalla Portátil, Tamaño de la pantalla 14""/35.6cm. Garantía limitada de 2 años con KENSINGTON.",CT,m,333.3333333333333,333.33,17.09,500.0,500.0,666.66,466.66,400.0,laptops,./assets/img/catalog/laptops/ACCKNS2520.jpg,https://static.ctonline.mx/imagenes/ACCKNS2520/ACCKNS2520_400.jpg,48h Directa / 1 Año Fábrica,Pedro Moreno 501 A (Entrega Inmediata)
ACCKNS2480,ACCKNS2480,"Pantalla de privacidad magnética MagPro Elite para dispositivos Surface 6 13.5"" K50728WW. Diseñ","Pantalla de privacidad magnética MagPro Elite para dispositivos Surface 6 13.5"" K50728WW. Diseñada exclusivamente para Surface, se fija fácilmente al marco magnético de la Surface Laptop, protegiendo tu privacidad sin complicaciones. Su pantalla reversible ofrece un acabado mate, ideal para pantallas táctiles, y un acabado brillante para una visión más nítida. Protege la privacidad limitando el ángulo de visión a +/- 30 grados. Reduce la luz azul dañina hasta en un 52%, disminuye el deslumbramiento y mejora la claridad. Incluye un paño de limpieza y un soporte para proteger la pantalla de arañazos cuando no la uses. Compatible con pantallas táctiles y Surface Pen, para que puedas usar tu Surface Laptop como si no tuvieras pantalla de privacidad. Dos años de garantía.",CT,m,644.4444444444445,644.44,33.05,966.66,966.66,1288.88,902.22,773.33,laptops,./assets/img/catalog/laptops/ACCKNS2480.jpg,https://static.ctonline.mx/imagenes/ACCKNS2480/ACCKNS2480_400.jpg,48h Directa / 1 Año Fábrica,Pedro Moreno 501 A (Entrega Inmediata)
ACCKNS2490,ACCKNS2490,"Pantalla de privacidad magnética MagPro Elite para dispositivos Surface 7 13.8"" K58363WW. Diseñ","Pantalla de privacidad magnética MagPro Elite para dispositivos Surface 7 13.8"" K58363WW. Diseñada exclusivamente para Surface, se fija fácilmente al marco magnético de la Surface Laptop, protegiendo tu privacidad sin complicaciones. Su pantalla reversible ofrece un acabado mate, ideal para pantallas táctiles, y un acabado brillante para una visión más nítida. Protege la privacidad limitando el ángulo de visión a +/- 30 grados. Reduce la luz azul dañina hasta en un 52%, disminuye el deslumbramiento y mejora la claridad. Incluye un paño de limpieza y un soporte para proteger la pantalla de arañazos cuando no la uses. Compatible con pantallas táctiles y Surface Pen, para que puedas usar tu Surface Laptop como si no tuvieras pantalla de privacidad. Dos años de garantía.",CT,m,507.1111111111111,507.11,26.01,760.66,760.66,1014.22,709.95,608.53,laptops,./assets/img/catalog/laptops/ACCKNS2490.jpg,https://static.ctonline.mx/imagenes/ACCKNS2490/ACCKNS2490_400.jpg,48h Directa / 1 Año Fábrica,Pedro Moreno 501 A (Entrega Inmediata)
ACCKNS2370,ACCKNS2370,"Pantalla privacidad para dispositivos Apple 13"" K58374WW  KENSINGTON. Diseñado para una forma, ","Pantalla privacidad para dispositivos Apple 13"" K58374WW  KENSINGTON. Diseñado para una forma, un ajuste y una función excepcionales, el protector de privacidad magnético MagPro™ Elite para MacBook Air de 13"" (2022 y posteriores) se adhiere fácilmente al marco de tu MacBook Air mediante imanes integrados, permite el cierre completo del dispositivo y la funcionalidad del modo de suspensión, y proporciona protección de pantalla de privacidad de calidad profesional. El filtro de privacidad reduce el ángulo de visión a +/- 30° para aumentar la seguridad visual y reducir la posibilidad de piratería visual. La reducción de luz azul filtra los rayos dañinos hasta en un 30 %, lo que alivia la fatiga visual y reduce las posibilidades de interrupciones en tus patrones naturales de sueño. La pantalla reversible incluye un revestimiento de baja reflectividad para una mejor claridad de visualización. Un lado tiene un acabado mate para reducir el deslumbramiento y las huellas dactilares. El otro lado es brillante y proporciona una visión más clara del monitor. La superficie antirreflejo/mate utiliza un revestimiento de película antimicrobiana especial que evita el crecimiento de moho y bacterias, que pueden causar manchas y olores en la película. Los imanes facilitan la colocación o desmontaje según sea necesario. No se requieren adhesivos inconvenientes y potencialmente dañinos. Cumple con la TAA. Incluye garantía limitada de dos años.",CT,m,972.2222222222222,972.22,49.86,1458.33,1458.33,1944.44,1361.11,1166.66,laptops,./assets/img/catalog/laptops/ACCKNS2370.jpg,https://static.ctonline.mx/imagenes/ACCKNS2370/ACCKNS2370_400.jpg,48h Directa / 1 Año Fábrica,Pedro Moreno 501 A (Entrega Inmediata)
ACCKNS2410,ACCKNS2410,"Pantalla de privacidad magnética MagPro™ Elite 15"" para MacBook Air K58306WW KENSINGTON. Diseña","Pantalla de privacidad magnética MagPro™ Elite 15"" para MacBook Air K58306WW KENSINGTON. Diseñada para una forma, un ajuste y una función excepcionales, la pantalla de privacidad magnética MagPro™ Elite para MacBook Air de 15"" (M2/M3/M4, 2023 y posteriores) se fija fácilmente al marco de tu MacBook Air mediante imanes integrados, permite el cierre completo del dispositivo y el modo de suspensión, y proporciona una protección de pantalla de privacidad de calidad profesional. El filtro de privacidad reduce el ángulo de visión a ±30° para aumentar la seguridad visual y reducir la posibilidad de intrusión. La reducción de luz azul filtra los rayos dañinos hasta en un 30%, aliviando la fatiga visual y reduciendo la posibilidad de interrupciones en tus patrones naturales de sueño. La pantalla reversible incluye un revestimiento antirreflejo para una mayor claridad de visión. Una cara tiene un acabado mate para reducir el brillo y las huellas dactilares. La otra cara es brillante y proporciona una visión más nítida de la pantalla. La superficie antirreflejo/mate utiliza un revestimiento antimicrobiano especial que previene la proliferación de moho y bacterias, que pueden causar manchas y olores en la película. Los imanes facilitan su colocación y desmontaje según sea necesario. Sin inconvenientes ni potencialmente... No se requieren adhesivos dañinos. Incluye garantía limitada de dos años.",CT,m,1000.0,1000.0,51.28,1500.0,1500.0,2000.0,1400.0,1200.0,laptops,./assets/img/catalog/laptops/ACCKNS2410.jpg,https://static.ctonline.mx/imagenes/ACCKNS2410/ACCKNS2410_400.jpg,48h Directa / 1 Año Fábrica,Pedro Moreno 501 A (Entrega Inmediata)
ACCKNS2020,ACCKNS2020,"Pantalla de privacidad magnética MagPro™ Elite 14"" para MacBook Pro K58370WW KENSINGTON. El cam","Pantalla de privacidad magnética MagPro™ Elite 14"" para MacBook Pro K58370WW KENSINGTON. El cambio hacia el trabajo híbrido significa que el lugar de trabajo moderno ya no es un lugar único y fácil de proteger. Los usuarios pueden estar trabajando en cualquier lugar, con una mayor posibilidad de piratería visual. Los propietarios de la MacBook Pro de 14"" requieren una pantalla de privacidad que se pueda conectar y desconectar rápidamente, lo que permite que la computadora portátil se cierre por completo para entrar en el modo de suspensión. La pantalla de privacidad magnética MagPro™ Elite se adhiere perfectamente al marco magnético de la MacBook Pro, sin necesidad de adhesivos inconvenientes. Al permitir que el dispositivo se cierre por completo, la pantalla reduce el ángulo de visión a +/- 30°, lo que limita la posibilidad de visualización no autorizada y reduce la luz azul dañina y el deslumbramiento.",CT,m,1000.0,1000.0,51.28,1500.0,1500.0,2000.0,1400.0,1200.0,laptops,./assets/img/catalog/laptops/ACCKNS2020.jpg,https://static.ctonline.mx/imagenes/ACCKNS2020/ACCKNS2020_400.jpg,48h Directa / 1 Año Fábrica,Pedro Moreno 501 A (Entrega Inmediata)
ACCKNS2030,ACCKNS2030,"Pantalla de privacidad magnética MagPro™ Elite 16"" para MacBook Pro K58371WW KENSINGTON. El cam","Pantalla de privacidad magnética MagPro™ Elite 16"" para MacBook Pro K58371WW KENSINGTON. El cambio hacia el trabajo híbrido significa que el lugar de trabajo moderno ya no es un lugar único y fácil de proteger. Los usuarios pueden estar trabajando en cualquier lugar, con una mayor posibilidad de piratería visual. Los propietarios de la MacBook Pro de 16"" requieren una pantalla de privacidad que se pueda conectar y desconectar rápidamente, lo que permite que la computadora portátil se cierre por completo para entrar en el modo de suspensión. La pantalla de privacidad magnética MagPro™ Elite se adhiere perfectamente al marco magnético de la MacBook Pro, sin necesidad de adhesivos inconvenientes. Al permitir que el dispositivo se cierre por completo, la pantalla reduce el ángulo de visión a +/- 30°, lo que limita la posibilidad de visualización no autorizada y reduce la luz azul dañina y el deslumbramiento.",CT,m,1111.111111111111,1111.11,56.98,1666.66,1666.66,2222.22,1555.55,1333.33,laptops,./assets/img/catalog/laptops/ACCKNS2030.jpg,https://static.ctonline.mx/imagenes/ACCKNS2030/ACCKNS2030_400.jpg,48h Directa / 1 Año Fábrica,Pedro Moreno 501 A (Entrega Inmediata)
ACCKNS690,ACCKNS690,Este protector de pantalla de privacidad K52792WW para laptops12.5/ 31.75cm 16:9 (10.89 x 6.12),"Este protector de pantalla de privacidad K52792WW para laptops12.5/ 31.75cm 16:9 (10.89 x 6.12). Se monta en la pantalla de una computadora portátil de 12.5"" con la cinta de doble cara incluida o los soportes de pestaña sin marco, que le permiten voltear el protector para proporcionar Acabado brillante o mate. Una vez instalado, limita los ángulos de visión en ± 30 °, por lo que solo usted puede ver lo que está en la pantalla de la computadora portátil. Además de limitar los ángulos de visión, el protector de pantalla filtra la luz azul hasta en un 30% y reduce el resplandor de las fuentes de luz cuando se utiliza el lado mate. Además, el lado brillante del protector de pantalla proporciona una vista más clara que el acabado mate. El revestimiento antirreflectante reduce el deslumbramiento y mejora la claridad, el acabado mate reduce el deslumbramiento y los rastros de huellas dactilares y protege la pantalla del monitor de arañazos y daños.",CT,m,666.6666666666666,666.67,34.19,1000.0,1000.0,1333.34,933.34,800.0,laptops,./assets/img/catalog/laptops/ACCKNS690.jpg,https://static.ctonline.mx/imagenes/ACCKNS690/ACCKNS690_400.jpg,48h Directa / 1 Año Fábrica,Pedro Moreno 501 A (Entrega Inmediata)
ACCKNS710,ACCKNS710,"FP156W9 Privacy Screen K55784WW para laptop 15.6, esta pantalla de privacidad está hecha para c","FP156W9 Privacy Screen K55784WW para laptop 15.6, esta pantalla de privacidad está hecha para computadoras portátiles de 15.6 ""y limita sus ángulos de visión a +/- 30 ° mientras que también sirve como la primera línea de defensa contra rasguños y daños. Se instala y quita fácilmente, e incluso viene con un paño de limpieza para limpiar manchas y huellas digitales. El revestimiento antirreflectante reduce el resplandor y mejora la claridad visual. Instale usando los sujetadores de pestañas sin marco o con cinta de doble cara. Reduce la luz azul dañina hasta en un 30%",FP156W9,m,755.5555555555555,755.56,38.75,1133.34,1133.34,1511.12,1057.78,906.67,laptops,./assets/img/catalog/laptops/ACCKNS710.jpg,https://static.ctonline.mx/imagenes/ACCKNS710/ACCKNS710_400.jpg,48h Directa / 1 Año Fábrica,Pedro Moreno 501 A (Entrega Inmediata)
ACCKNS720,ACCKNS720,Pantalla de privacidad magnética MP13 Kensington K64490WW esta pantalla de privacidad está dise,"Pantalla de privacidad magnética MP13 Kensington K64490WW esta pantalla de privacidad está diseñada para el MacBook Pro de 13"" (2016-2019) y limita los ángulos de visión de la pantalla a ± 30 ° mientras se reduce la emisión de luz azul hasta en un 22%. Elija entre los acabados mate y brillante volteando la pantalla de privacidad y use el paño de limpieza antibacteriano incluido para mantener la pantalla de privacidad libre de bacterias y manchas. Se integra a la perfección con la pantalla de su MacBook al conectarse a los imanes que ya están integrados en el marco de la MacBook, el bajo revestimiento reflectante reduce el brillo y mejora la claridad. Protege la pantalla del monitor de arañazos y daños. Incluye un paño de limpieza antibacteriano y un soporte de pantalla para mantener su pantalla de privacidad limpia y segura de arañazos mientras no esté en uso.",CT,m,666.6666666666666,666.67,34.19,1000.0,1000.0,1333.34,933.34,800.0,laptops,./assets/img/catalog/laptops/ACCKNS720.jpg,https://static.ctonline.mx/imagenes/ACCKNS720/ACCKNS720_400.jpg,48h Directa / 1 Año Fábrica,Pedro Moreno 501 A (Entrega Inmediata)
ACCKNS2500,ACCKNS2500,Mochila Simply Portable™ Lite 16” Azul K60396WW KENSINGTON. La mochila para viajeros frecuentes,"Mochila Simply Portable™ Lite 16” Azul K60396WW KENSINGTON. La mochila para viajeros frecuentes. Para los empresarios, estudiantes y demás personas que buscan una mochila práctica y liviana que soporte las exigencias del viajero frecuente, la mochila Simply Portable™ Lite es la solución ideal. Moderna, liviana y cómoda, la mochila Simply Portable™ Lite se adapta a notebooks de hasta 16” de tamaño. El diseño impermeable compacto incluye un compartimento acolchado para el notebook, un compartimento delantero con cierre para un fácil acceso y un bolsillo lateral para una botella de agua o un paraguas. Correas acolchadas que ofrecen apoyo para el cuello y los hombros, y la parte de atrás acolchada con tela tejida transpirable proporciona más comodidad para la espalda. Debido a que satisface las necesidades de la mayoría de los viajeros frecuentes con facilidad, la mochila Simply Portable™ Lite es una solución ideal para transportar su notebook, accesorios, carpetas y más.",CT,m,416.66666666666663,416.67,21.37,625.0,625.0,833.34,583.34,500.0,laptops,./assets/img/catalog/laptops/ACCKNS2500.jpg,https://static.ctonline.mx/imagenes/ACCKNS2500/ACCKNS2500_400.jpg,48h Directa / 1 Año Fábrica,Pedro Moreno 501 A (Entrega Inmediata)
ACCKNS2420,ACCKNS2420,Mochila Simply Portable™ Lite 16” Negra K60389WW KENSINGTON. La mochila para viajeros frecuente,"Mochila Simply Portable™ Lite 16” Negra K60389WW KENSINGTON. La mochila para viajeros frecuentes. Para los empresarios, estudiantes y demás personas que buscan una mochila práctica y liviana que soporte las exigencias del viajero frecuente, la mochila Simply Portable™ Lite es la solución ideal. Moderna, liviana y cómoda, la mochila Simply Portable™ Lite se adapta a notebooks de hasta 16” de tamaño. El diseño impermeable compacto incluye un compartimento acolchado para el notebook, un compartimento delantero con cierre para un fácil acceso y un bolsillo lateral para una botella de agua o un paraguas. Correas acolchadas que ofrecen apoyo para el cuello y los hombros, y la parte de atrás acolchada con tela tejida transpirable proporciona más comodidad para la espalda. Debido a que satisface las necesidades de la mayoría de los viajeros frecuentes con facilidad, la mochila Simply Portable™ Lite es una solución ideal para transportar su notebook, accesorios, carpetas y más.",CT,m,416.66666666666663,416.67,21.37,625.0,625.0,833.34,583.34,500.0,laptops,./assets/img/catalog/laptops/ACCKNS2420.jpg,https://static.ctonline.mx/imagenes/ACCKNS2420/ACCKNS2420_400.jpg,48h Directa / 1 Año Fábrica,Pedro Moreno 501 A (Entrega Inmediata)
ACCKNS2430,ACCKNS2430,Mochila para notebook EQ de 16” Negra K60392WW KENSINGTON. La mochila más sustentable. Para los,"Mochila para notebook EQ de 16” Negra K60392WW KENSINGTON. La mochila más sustentable. Para los empresarios y estudiantes que buscan una mochila fabricada con materiales sustentables, la mochila para notebook EQ es una opción ideal. Mediante el uso de 8,4 botellas plásticas de 250 ml, la mochila se fabrica con un 28,2 % de poliéster reciclado posconsumo (PCR). Moderna, liviana y cómoda se adapta a cualquier notebook de hasta 16”. La mochila incluye un compartimento acolchado para el notebook, un compartimento delantero con cierre para un fácil acceso a los periféricos y dos bolsillos laterales para una botella de agua o un paraguas. Correas acolchadas que ofrecen apoyo para el cuello y los hombros y tela tejida transpirable que proporciona mayor comodidad para la espalda.",CT,m,761.1111111111111,761.11,39.03,1141.66,1141.66,1522.22,1065.55,913.33,laptops,./assets/img/catalog/laptops/ACCKNS2430.jpg,https://static.ctonline.mx/imagenes/ACCKNS2430/ACCKNS2430_400.jpg,48h Directa / 1 Año Fábrica,Pedro Moreno 501 A (Entrega Inmediata)
ACCKNS2440,ACCKNS2440,Mochila Simply Portable™ Lite 16” Verde K60397WW KENSINGTON. La mochila para viajeros frecuente,"Mochila Simply Portable™ Lite 16” Verde K60397WW KENSINGTON. La mochila para viajeros frecuentes. Para los empresarios, estudiantes y demás personas que buscan una mochila práctica y liviana que soporte las exigencias del viajero frecuente, la mochila Simply Portable™ Lite es la solución ideal. Moderna, liviana y cómoda, la mochila Simply Portable™ Lite se adapta a notebooks de hasta 16” de tamaño. El diseño impermeable compacto incluye un compartimento acolchado para el notebook, un compartimento delantero con cierre para un fácil acceso y un bolsillo lateral para una botella de agua o un paraguas. Correas acolchadas que ofrecen apoyo para el cuello y los hombros, y la parte de atrás acolchada con tela tejida transpirable proporciona más comodidad para la espalda. Debido a que satisface las necesidades de la mayoría de los viajeros frecuentes con facilidad, la mochila Simply Portable™ Lite es una solución ideal para transportar su notebook, accesorios, carpetas y más.",CT,m,416.66666666666663,416.67,21.37,625.0,625.0,833.34,583.34,500.0,laptops,./assets/img/catalog/laptops/ACCKNS2440.jpg,https://static.ctonline.mx/imagenes/ACCKNS2440/ACCKNS2440_400.jpg,48h Directa / 1 Año Fábrica,Pedro Moreno 501 A (Entrega Inmediata)
ACCKNS2460,ACCKNS2460,Mochila Simply Portable™ Lite 14” Negra K60399WW KENSINGTON. La mochila para viajeros frecuente,"Mochila Simply Portable™ Lite 14” Negra K60399WW KENSINGTON. La mochila para viajeros frecuentes. Para los empresarios, estudiantes y demás personas que buscan una mochila práctica y liviana que soporte las exigencias del viajero frecuente, la mochila Simply Portable™ Lite es la solución ideal. Moderna, liviana y cómoda, la mochila Simply Portable™ Lite se adapta a notebooks de hasta 14” de tamaño. El diseño impermeable compacto incluye un compartimento acolchado para el notebook, un compartimento delantero con cierre para un fácil acceso y un bolsillo lateral para una botella de agua o un paraguas. Correas acolchadas que ofrecen apoyo para el cuello y los hombros, y la parte de atrás acolchada con tela tejida transpirable proporciona más comodidad para la espalda. Debido a que satisface las necesidades de la mayoría de los viajeros frecuentes con facilidad, la mochila Simply Portable™ Lite es una solución ideal para transportar su notebook, accesorios, carpetas y más.",CT,m,388.88888888888886,388.89,19.94,583.34,583.34,777.78,544.45,466.67,laptops,./assets/img/catalog/laptops/ACCKNS2460.jpg,https://static.ctonline.mx/imagenes/ACCKNS2460/ACCKNS2460_400.jpg,48h Directa / 1 Año Fábrica,Pedro Moreno 501 A (Entrega Inmediata)
ACCKNS1880,ACCKNS1880,"Soporte para Laptop Kensington K50422WW SmartFit Easy Riser 17"", ajustable de color negro. Altu","Soporte para Laptop Kensington K50422WW SmartFit Easy Riser 17"", ajustable de color negro. Altura ajustable para permitir a los usuarios levantar la computadora portátil hasta 180 mm (7.1 pulgadas) para una alineación óptima de los ojos. La estructura de pie de apoyo doble plegable brinda opciones adicionales de visualización y flexibilidad de altura dentro de un espacio de escritorio que ahorra espacio. El diseño centrado en la estabilidad utiliza inserciones acolchadas texturizadas y una repisa inferior ancha con borde frontal para garantizar un ajuste seguro, además de almohadillas de silicona antideslizantes para mantener su dispositivo en su lugar mientras trabaja. Smart Portability proporciona una huella que ahorra espacio y puede adaptarse a una variedad de espacios de escritorio, una estructura plegable plana y delgada para viajar, un asa incorporada para facilitar el transporte y bordes duros duraderos para una protección adicional.",CT,m,388.88888888888886,388.89,19.94,583.34,583.34,777.78,544.45,466.67,laptops,./assets/img/catalog/laptops/ACCKNS1880.jpg,https://static.ctonline.mx/imagenes/ACCKNS1880/ACCKNS1880_400.jpg,48h Directa / 1 Año Fábrica,Pedro Moreno 501 A (Entrega Inmediata)
ACCKNS790,ACCKNS790,"Base para laptop Kensington K60112AM 17"" Negro. Easy Riser levanta su computadora portátil para","Base para laptop Kensington K60112AM 17"" Negro. Easy Riser levanta su computadora portátil para promover el flujo de aire, reduciendo la tensión en la batería y los circuitos de la computadora portátil. También levanta el monitor para aumentar su comodidad. Capacidad para notebook de 12” hasta 17”. Mejora su postura de ángulo de hasta 50° según su estatura, se puede plegar para su fácil traslado.",CT,m,222.22222222222223,222.22,11.4,333.33,333.33,444.44,311.11,266.66,laptops,./assets/img/catalog/laptops/ACCKNS790.jpg,https://static.ctonline.mx/imagenes/ACCKNS790/ACCKNS790_400.jpg,48h Directa / 1 Año Fábrica,Pedro Moreno 501 A (Entrega Inmediata)
KITITL060,KITITL060,"Kit de teclado y mouse óptico inalámbricos MWK7400 (180788) MANHATTAN kit de diseño elegante, u","Kit de teclado y mouse óptico inalámbricos MWK7400 (180788) MANHATTAN kit de diseño elegante, un solo receptor USB-A Nano para ambos, teclado inalámbrico de tamaño normal, mouse óptico ambidiestro con tres botones y rueda de desplazamiento, 1200 ppp, plateado/negro. Nanorreceptor RF inalámbrico de 2.4 GHz para un alcance efectivo de hasta 10 m, 104 switches de tijera tipo laptop para reducir el ruido de tecleo y ofrecer una respuesta precisa a las pulsaciones. La capacidad plug-and-play con compatibilidad con Windows®, Mac®, Linux® y Chrome OS™ hace que la instalación sea rápida y sencilla.",CT,d,35.03296703296703,683.14,35.03,1024.71,1024.71,1366.28,956.4,819.77,laptops,./assets/img/catalog/laptops/KITITL060.jpg,https://static.ctonline.mx/imagenes/KITITL060/KITITL060_400.jpg,48h Directa / 1 Año Fábrica,Pedro Moreno 501 A (Entrega Inmediata)
ACCITL7960,ACCITL7960,"HUB USB V3.2 4 ptos, 2Ax2C, 5Gbps, (181150) MANHATTAN Hub USB-C 3.2 macho a  dos puertos USB-C ","HUB USB V3.2 4 ptos, 2Ax2C, 5Gbps, (181150) MANHATTAN Hub USB-C 3.2 macho a  dos puertos USB-C y dos puertos USB-A, USB con velocidad de transferencia SuperSpeed de hasta 5 Gbps y carga de hasta 4.5 W (5 V / 0.9 A), forma en ángulo para facilitar la conexión de los puertos, alimentación por bus, color negro. Ideal para computadoras de escritorio, Ultrabooks™, laptops, Chromebooks™, MacBooks®, dispositivos Surface® y mucho más. Compatible con Windows®, macOS®, Linux® y Chrome OS™. Instalación Plug and Play. Compatible con versiones anteriores USB 2.0 y USB 1.1.",HUB,d,11.12087912087912,216.86,11.12,325.29,325.29,433.72,303.6,260.23,laptops,./assets/img/catalog/laptops/ACCITL7960.jpg,https://static.ctonline.mx/imagenes/ACCITL7960/ACCITL7960_400.jpg,48h Directa / 1 Año Fábrica,Pedro Moreno 501 A (Entrega Inmediata)
ACCITL7790,ACCITL7790,HUB USB V3.2 2Ptos A 2Ptos C (181075) MANHATTAN Hub de 4 puertos con conector combinado de USB-,"HUB USB V3.2 2Ptos A 2Ptos C (181075) MANHATTAN Hub de 4 puertos con conector combinado de USB-C a USB-A, dos puertos USB-C hembra y dos puertos USB-A hembra, USB SuperSpeed a 5 Gbps (USB 3.2 Gen 1)  y carga de hasta 4.5 W (5 V / 0.9 A). Los puertos SuperSpeed son compatibles con versiones anteriores de USB 2.0 o incluso 1.1. Ideal para PCs de escritorio, y dispositivos como Ultrabooks™, laptops, Chromebooks™, MacBooks®, Surface® y más. Compatible con Windows®, macOS®, Linux® y Chrome OS™. Instalación plug-and-play y cable integrado de 25 cm (10 pulg.).",HUB,d,12.428571428571429,242.36,12.43,363.54,363.54,484.72,339.3,290.83,laptops,./assets/img/catalog/laptops/ACCITL7790.jpg,https://static.ctonline.mx/imagenes/ACCITL7790/ACCITL7790_400.jpg,48h Directa / 1 Año Fábrica,Pedro Moreno 501 A (Entrega Inmediata)
ACCITL3710,ACCITL3710,HUB usb3.0 con ethernet (507578)Agrega una conexión de red Gigabit de alta velocidad y tres pue,"HUB usb3.0 con ethernet (507578)Agrega una conexión de red Gigabit de alta velocidad y tres puertos USB 3.0 para computadoras potátiles, 2 en 2, Ultrabooks™, dispositivos Surface®, MacBook® y Chromebook™, Hub de tres puertos USB 3.0 Superspeed que soportan velocidades de hasta 5 Gbps, Un puerto Gigabit Ethernet (RJ45) que soporta una velocidad de transferencia de hasta 2 Gbps full-duplex, Reemplaza un puerto interno RJ45 Gigabit Ethernet averiado en una laptop y brinda puertos USB 3.0 adicionales para periféricos USB, Tecnología de ahorro de energía Ethernet de Eficiencia de Energía (IEEE 802.3az), Trabaja con Ultrabooks, laptops y PCs con Windows 7 o Windows 8, Windows 8.1 o Windows 10, Compatible con Apple MacBook (descarga de controlador disponible), Soporta dispositivos con Windows XP® y Vista®, Compatible con Microsoft Surface Pro 2, Surface 3, Surface Pro 3, Surface 4 y Surface Pro 4, Compatible con Google Chromebook Pixel, Compatible con Dell™ XPS series 12, 13 y 15, Alienware™ serie 13, 15 y 17, HP™ Spectre, Lenovo® Yoga, Acer® Aspire y otras Ultrabooks con Windows 8.1 o Windows 10, Un puerto RJ45 Gigabit Ethernet 1000Base-T con soporte Auto MDI-X (auto enlace ascendente), Soporta marcos jumbo de hasta 4 kBytes, Soporta Wake-On-LAN (WOL), Compatible con las especificaciones USB 3.0 y compatible con versiones anteriores USB 2.0 y dispositivos USB 1.1, Tres años de garantía",HUB,d,35.49450549450549,692.14,35.49,1038.21,1038.21,1384.28,969.0,830.57,laptops,./assets/img/catalog/laptops/ACCITL3710.jpg,https://static.ctonline.mx/imagenes/ACCITL3710/ACCITL3710_400.jpg,48h Directa / 1 Año Fábrica,Pedro Moreno 501 A (Entrega Inmediata)
ACCITL6970,ACCITL6970,Convertidor USB-C a HDMI 4K@60Hz (153706) Manhattan Convertidor de USB 3.2 tipo C macho a HDMI ,"Convertidor USB-C a HDMI 4K@60Hz (153706) Manhattan Convertidor de USB 3.2 tipo C macho a HDMI hembra, aluminio, negro. Conecta fácilmente un dispositivo USB-C a una pantalla HDMI. Resoluciones de hasta Ultra Alta Definición (UHD) 4K@60Hz (3840×2160). Compatible con cualquier dispositivo USB-C que admita DP Alt Mode, incluidos teléfonos inteligentes, Apple® MacBooks®, Chromebooks ™, Pixels ™, tabletas y más. Requisitos del sistema: Windows 7/8.1/10/11, Linux, Chrome OS, macOS, iPadOS or Android.",USB-C,d,17.285714285714285,337.07,17.29,505.61,505.61,674.14,471.9,404.48,laptops,./assets/img/catalog/laptops/ACCITL6970.jpg,https://static.ctonline.mx/imagenes/ACCITL6970/ACCITL6970_400.jpg,48h Directa / 1 Año Fábrica,Pedro Moreno 501 A (Entrega Inmediata)
ACCITL7560,ACCITL7560,180245 Cargador de energía PD con cable USB-C integrado – 60 W: Conector de carga USB-C (hasta ,"180245 Cargador de energía PD con cable USB-C integrado – 60 W: Conector de carga USB-C (hasta 60 W), puerto de carga USB-A (hasta 2.4 A), Color: blanco, Solución de carga para dos dispositivos puerto USB-C con suministro de energía (PD 3.0) y puerto USB-A para carga, Simultáneamente, carga dos distintos dispositivos con la energía de potencial ideal, Cable USB-C con función PD que proporciona hasta 60 W para cargar una laptop, una Ultrabook, una tableta u otro dispositivo alimentado por USB-C. Voltajes de Salida:  5 / 9 / 12 / 15 / 19 / 20 V , Largo del Cable: 1.8 m; 3 Años de Garantía Directo con Fabricante",CT,d,31.758241758241756,619.29,31.76,928.93,928.93,1238.58,867.01,743.15,laptops,./assets/img/catalog/laptops/ACCITL7560.jpg,https://static.ctonline.mx/imagenes/ACCITL7560/ACCITL7560_400.jpg,48h Directa / 1 Año Fábrica,Pedro Moreno 501 A (Entrega Inmediata)
CABITL4960,CABITL4960,ESTACION DOCKING USB-C 7 EN 1 (153928) MANHATTAN Estación Docking para conexión USB-C 7 en 1 co,"ESTACION DOCKING USB-C 7 EN 1 (153928) MANHATTAN Estación Docking para conexión USB-C 7 en 1 con carga de energía. USB 3.2 Gen 1 Tipo-C Macho a HDMI con resolución de Ultra Alta Definición (UHD) 4K a 30 Hz (3840 x 2160), dos USB-A con velocidad de transferencia SuperSpeed de 5 Gbps y cargas de hasta 4.5W (5 V/0.9 A), un puerto Gigabit Ethernet (10/100/1000) y USB-C PD (87 W) Hembra, Lector de tarjetas SD/microSD que admiten tarjetas de hasta 2 TB y velocidades de transferencia de datos de hasta 104 Mbps, de aluminio, Plata/Negro. Compatible con DisplayPort 1.2 Modo alternativo (Modo Alt DP). Compatible con todos las computadoras de escritorio, laptops y tabletas compatibles con USB-C DP-Alt-Mode, incluidos Apple® MacBook®, Cromebook™, Pixel™ y más",ESTACION,d,52.4065934065934,1021.93,52.41,1532.89,1532.89,2043.86,1430.7,1226.32,laptops,./assets/img/catalog/laptops/CABITL4960.jpg,https://static.ctonline.mx/imagenes/CABITL4960/CABITL4960_400.jpg,48h Directa / 1 Año Fábrica,Pedro Moreno 501 A (Entrega Inmediata)
ACCITL7620,ACCITL7620,"190305 Docking Station USB-C 12 en 1 con Triple Monitor 4K: Conecta la laptopl a las pantallas,","190305 Docking Station USB-C 12 en 1 con Triple Monitor 4K: Conecta la laptopl a las pantallas, la red y los periféricos mientras cargas tus dispositivos, Resolución en salida de vídeo simple y doble de hasta 4K@60Hz o salida de vídeo triple de hasta 4K@30Hz, Dos puertos HDMI con resolución UHD de hasta 4K@60Hz (3840 × 2160), General: Video Resoluciones disponibles: 480i, 480p, 576i, 576p, 720p, 1080i, 1080p, 4K@30Hz, 4K@60Hz Si se utilizan uno o dos puertos de vídeo a la vez, la resolución máxima por pantalla es 4K (3840 x 2160 píxeles) a 60 Hz.,- Si se utilizan tres puertos de vídeo a la vez, la resolución máxima por pantalla es 4K (3840 x 2160 píxeles) a 30 Hz., Velocidad de transferencia de datos de los puertos USB-A: 5 Gbps, Funcionamiento alimentado por bus (excepto funciones de carga), carga USB-A en puertos USB 3.2 Gen 1: 4.5 W (5.0 V a 0.9 A) máx, Carga USB-A en puerto USB 2.0: 2.5 W (5.0 V a 0.5 A) máx, Puerto de carga USB-C PD: 100 W (20 V a 5 A) máx, Ajustes de voltaje/corriente (máximo), 5.0 V / 5.0 A,  9.0 V / 5.0 A, 12.0 V / 5.0 A, 15.0 V / 5.0 A, 19.0 V / 5.0 A,  20.0 V / 5.0 A. Conexiones: Un USB-C de 24 pines, macho, Dos HDMI de 19 pines, hembra, Un DisplayPort de 20 pines, hembra, Un RJ45 10/100/1000 Mbps, hembra, Dos USB Tipo A de 9 pines, hembra, Un USB-A de 4 pines, hembra, 1 entrada para memorias SD, Una ranura de memoria microSD, Un conector hembra estéreo de 3.5 mm, Un USB-C de 24 pines, sólo datos, hembra, Un USB-C de 24 pines, Power Delivery (recepción de energía), hembra; 3 Años de Garantía Directo con Fabricante.",USB-C,d,79.3956043956044,1548.21,79.4,2322.32,2322.32,3096.42,2167.49,1857.85,laptops,./assets/img/catalog/laptops/ACCITL7620.jpg,https://static.ctonline.mx/imagenes/ACCITL7620/ACCITL7620_400.jpg,48h Directa / 1 Año Fábrica,Pedro Moreno 501 A (Entrega Inmediata)
ACCITL7810,ACCITL7810,Docking Station USB-C 4 en 1 adaptador portátil (190404) MANHATTAN Adaptador multipuerto USB-C ,"Docking Station USB-C 4 en 1 adaptador portátil (190404) MANHATTAN Adaptador multipuerto USB-C 4 en 1. USB 3.2 Tipo-C Macho a HDMI con resoluciones de hasta Ultra Alta Definición (UHD) 4K@30Hz (3840×2160). Un puerto USB 3.2 Gen 2 Tipo-A con tasas de transferencia SuperSpeed+ de hasta 10 Gbps y carga de hasta 4.5 W (5 V / 0.9 A). USB-C Power Delivery (PD) hasta 100 W (requiere un cargador PD externo) y puerto de audio 3.5 mm para un sonido estéreo de alta calidad. Compatible con todas las computadoras de escritorio, laptops y tabletas compatibles con USB-C DP-Alt-Mode, incluidos Apple®, MacBook®, Cromebook™, Pixel™ y más. Compatible con DisplayPort 1.2 Modo Alternativo (Modo Alt DP)  Instalación plug-and-play; compatible con Windows®, macOS®, Chrome OS™, iPadOS®, iOS® y Android™, compatible con interfaces USB4® y Thunderbolt™ 3/4.",USB-C,d,11.681318681318682,227.79,11.68,341.69,341.69,455.58,318.91,273.35,laptops,./assets/img/catalog/laptops/ACCITL7810.jpg,https://static.ctonline.mx/imagenes/ACCITL7810/ACCITL7810_400.jpg,48h Directa / 1 Año Fábrica,Pedro Moreno 501 A (Entrega Inmediata)
ACCITL7830,ACCITL7830,Docking Station USB-C 9 en 1 con HDMI 4K y PD 100 W (190459) MANHATTAN Docking con Cable con co,"Docking Station USB-C 9 en 1 con HDMI 4K y PD 100 W (190459) MANHATTAN Docking con Cable con conector USB-C 3.2 Gen 1 Macho a HDMI 4K@60Hz (3840×2160), Tres puertos USB-A 3.2 de hasta 5 Gbps y carga de hasta 4.5 W (5 V /0.9 A), USB-C Power Delivery (PD) hasta 100 W (requiere un cargador PD externo), USB-C 3.2 de datos (5 Gbps), Lector de tarjetas SD/microSD (2 TB y 480Mbps) y puerto RJ45 Gigabit Ethernet (10/100/1000). Compatible con todos las computadoras, laptops y tabletas con USB-C DP-Alt-Mode; DisplayPort 1.4; Instalación plug-and-play; compatible con Windows®, macOS®, Android™, iOS®, Chrome OS®, iPadOS® y Linux®.",USB-C,d,27.46153846153846,535.5,27.46,803.25,803.25,1071.0,749.7,642.6,laptops,./assets/img/catalog/laptops/ACCITL7830.jpg,https://static.ctonline.mx/imagenes/ACCITL7830/ACCITL7830_400.jpg,48h Directa / 1 Año Fábrica,Pedro Moreno 501 A (Entrega Inmediata)
ACCITL7800,ACCITL7800,Docking Station USB-C 10 en 1 con MST (190398) MANHATTAN Estación Docking USB-C con MST para do,"Docking Station USB-C 10 en 1 con MST (190398) MANHATTAN Estación Docking USB-C con MST para doble monitor 4K, USB 3.2 Gen 1 Tipo-C Macho a dos HDMI (hasta 4K@60Hz), tres USB-A (hasta 5 Gbps), USB-C Power Delivery (100 W), USB-C Data (5 Gbps), lector de tarjetas SD/microSD y puertos Gigabit RJ45. Compatible con todas las computadoras de escritorio, laptops y tabletas compatibles con USB-C DP-Alt-Mode, incluidos Apple® MacBook®, Cromebook™, Pixel™ y más. Instalación plug-and-play; compatible con Windows®, macOS®, Chrome OS™ y Android™. Cable integrado extralargo de 0.5 m, carcasa de aluminio y  bases de goma.",USB-C,d,64.92307692307692,1266.0,64.92,1899.0,1899.0,2532.0,1772.4,1519.2,laptops,./assets/img/catalog/laptops/ACCITL7800.jpg,https://static.ctonline.mx/imagenes/ACCITL7800/ACCITL7800_400.jpg,48h Directa / 1 Año Fábrica,Pedro Moreno 501 A (Entrega Inmediata)
ACCITL8070,ACCITL8070,"Convertidor USB-C a Serial DB9 / RS232, 1 m, negro (154499) MANHATTAN Cable convertidor USB Tip","Convertidor USB-C a Serial DB9 / RS232, 1 m, negro (154499) MANHATTAN Cable convertidor USB Tipo-C Macho a Serial DB-9 Macho de 1M, Chipset PL2303GT, Doble Blindaje, Negro. Conecta una laptop u otro dispositivo USB-C a un dispositivo serie como una máquina CNC, impresora de etiquetas/recibos, escáner de códigos de barras o controlador lógico programable. Soporta tasas de baudios de hasta 3 Mbps para una transferencia de datos RS-232 rápida y confiable. Doble apantallamiento de lámina y trenzado para reducir EMI y otras fuentes de interferencia.  Indicadores LED para Power, TX (Transmitir) y RX (Recibir) que permiten el monitoreo en tiempo real del estado y la solución de problemas del flujo de datos. Instalación plug-and-play; compatible con Windows®, macOS® y Linux®.",USB-C,d,12.802197802197803,249.64,12.8,374.46,374.46,499.28,349.5,299.57,laptops,./assets/img/catalog/laptops/ACCITL8070.jpg,https://static.ctonline.mx/imagenes/ACCITL8070/ACCITL8070_400.jpg,48h Directa / 1 Año Fábrica,Pedro Moreno 501 A (Entrega Inmediata)
ACCITL4400,ACCITL4400,Convertidor USB 2.0 a Tarjeta sonido 2.1 (152754) Crea instantáneamente conectividad para una e,"Convertidor USB 2.0 a Tarjeta sonido 2.1 (152754) Crea instantáneamente conectividad para una entrada de micrófono y una salida de sonido a través de cualquier puerto USB - ideal para computadoras de escritorio, notebooks y netbooks, Mejora el acceso y evita tarjetas de sonido o puertos de audio averiadas y mejora el rendimiento de sonido, Soporta sonido estereo 2.1 - incluye efectos de audio predeterminados con ecualizador de 10 bandas",USB,d,6.450549450549451,125.79,6.45,188.69,188.69,251.58,176.11,150.95,laptops,./assets/img/catalog/laptops/ACCITL4400.jpg,https://static.ctonline.mx/imagenes/ACCITL4400/ACCITL4400_400.jpg,48h Directa / 1 Año Fábrica,Pedro Moreno 501 A (Entrega Inmediata)
ACCITL4040,ACCITL4040,"Convertidor USB-C a VGA (151771) Convierte una señal USB a una pantalla VGA, Disfruta de imágen","Convertidor USB-C a VGA (151771) Convierte una señal USB a una pantalla VGA, Disfruta de imágenes de Alta Definición (HD) en un monitor, proyector u otro dispositivo con pantalla VGA, Soporta resoluciones de video de hasta 1920x1080p@60Hz, Full UHD; el sonido deberá ser transmitido por separado, Compatible con DisplayPort 1.2 en Modo Alterno (DP Altmode), Plug and Play; no requiere una fuente externa de energía, Compatible con todas las computadoras, notebooks y tablets que soporten USB Tipo-C, incluyendo Apple MacBook, Chromebook Pixel y más, Completamente blindado para reducir fuentes de interferencia EMI y otras, Terminales modeadas en PVC y a prueba de tensiones",USB-C,d,13.923076923076923,271.5,13.92,407.25,407.25,543.0,380.1,325.8,laptops,./assets/img/catalog/laptops/ACCITL4040.jpg,https://static.ctonline.mx/imagenes/ACCITL4040/ACCITL4040_400.jpg,48h Directa / 1 Año Fábrica,Pedro Moreno 501 A (Entrega Inmediata)
ACCITL4050,ACCITL4050,"Convertidor USB-C a HDMI (151788)Convierte una señal de audio y video de USB 3.1 a HDMI, Disfru","Convertidor USB-C a HDMI (151788)Convierte una señal de audio y video de USB 3.1 a HDMI, Disfruta de imágenes de Ultra Alta Definición (UHD) en un monitor, proyector u otro dispositivo con pantalla HDMI, Soporta resoluciones de video de hasta 3840x2160p@30Hz, 4K, Full UHD, Compatible con DisplayPort 1.2 en Modo Alterno (DP Altmode), Plug and Play; no requiere una fuente externa de energía, Compatible con todas las computadoras, notebooks y tablets que soporten USB Tipo-C, incluyendo Apple MacBook, Chromebook Pixel y más, Completamente blindado para reducir fuentes de interferencia EMI y otras, Terminales modeadas en PVC y a prueba de tensiones",USB-C,d,15.417582417582416,300.64,15.42,450.96,450.96,601.28,420.9,360.77,laptops,./assets/img/catalog/laptops/ACCITL4050.jpg,https://static.ctonline.mx/imagenes/ACCITL4050/ACCITL4050_400.jpg,48h Directa / 1 Año Fábrica,Pedro Moreno 501 A (Entrega Inmediata)
ACCITL6440,ACCITL6440,Convertidor de VIDEO USBC 11 PTO HDMI/DP/VG (153478) MANHATTAN Docking station de USB-C a 11 pu,"Convertidor de VIDEO USBC 11 PTO HDMI/DP/VG (153478) MANHATTAN Docking station de USB-C a 11 puertos, para tres monitores. USB-C 3.2 Macho a HDMI, DP y VGA hembras, dos puertos USB-A 3.2 Gen 1, un puerto USB-A 2.0, un puerto USB-C PD (para carga de energía), puerto RJ45 Gigabit Port (10/100/1000), lector de tarjetas SD y un puerto de audio de 3.5 mm, aluminio, gris. Salida de vídeo doble con resoluciones de hasta 1080p a 60Hz o salida de vídeo triple con resoluciones de hasta 720p a 60Hz. Modos de visualización en Espejo o Escritorio Extendido con Transportación Multi-Stream (MST). Permite que tu teléfono inteligente funcione como una computadora de escritorio y al mismo tiempo lo carga.  Compatible con todos las computadoras de escritorio, portátiles y tabletas compatibles con USB-C DP-Alt-Mode, incluidos Apple® MacBook®, Cromebook™, Pixel™ y más. Compatible con DisplayPort 1.2 Modo alternativo (Modo Alt DP). Completamente blindado para reducir interferencias tales como ""EMI"".",VIDEO,d,98.07692307692308,1912.5,98.08,2868.75,2868.75,3825.0,2677.5,2295.0,laptops,./assets/img/catalog/laptops/ACCITL6440.jpg,https://static.ctonline.mx/imagenes/ACCITL6440/ACCITL6440_400.jpg,48h Directa / 1 Año Fábrica,Pedro Moreno 501 A (Entrega Inmediata)
ACCITL6920,ACCITL6920,Convertidor de USB-A a HDMI 1080p (153690) Manhattan Convertidor USB 3.0 a HDMI para conectar u,"Convertidor de USB-A a HDMI 1080p (153690) Manhattan Convertidor USB 3.0 a HDMI para conectar una laptop, MacBook®, Ultrabook o PC de escritorio a una pantalla, monitor o proyector HDMI Negro. Conecta fácilmente un dispositivo con salida USB-A a una pantalla, monitor o proyector HDMI, resoluciones Full HD 1080p@60Hz (1980×1080). Convierte una señal USB 3.2 Gen 1 (antes USB 3.0) en una señal HDMI con vídeo y audio.",USB-A,d,22.417582417582416,437.14,22.42,655.71,655.71,874.28,612.0,524.57,laptops,./assets/img/catalog/laptops/ACCITL6920.jpg,https://static.ctonline.mx/imagenes/ACCITL6920/ACCITL6920_400.jpg,48h Directa / 1 Año Fábrica,Pedro Moreno 501 A (Entrega Inmediata)
ACCITL7630,ACCITL7630,"153973 Convertidor USB-C a HDMI 4K@60Hz: Convertidor de USB 3.2 Tipo-C macho a HDMI hembra, act","153973 Convertidor USB-C a HDMI 4K@60Hz: Convertidor de USB 3.2 Tipo-C macho a HDMI hembra, activo, aluminio, gris espacial, Conecta fácilmente un dispositivo USB-C a una pantalla HDMI, Resoluciones de Ultra Alta Definición (UHD) 4K@60Hz (3840×2160), Compatible con cualquier dispositivo USB-C que admita DP Alt Mode, incluidos teléfonos inteligentes, Apple® MacBooks®, Chromebooks ™, Pixels ™, tabletas y más, General: Video Resoluciones compatibles: 720p/1080i/1080p/4K@30Hz/4K@60HzA. Conexiones: Un USB-C de 24 pines, macho, Dos HDMI de 19 pines, hembra, 3 Años de Garantía Directo con Fabricante.",USB-C,d,12.142857142857142,236.79,12.14,355.19,355.19,473.58,331.51,284.15,laptops,./assets/img/catalog/laptops/ACCITL7630.jpg,https://static.ctonline.mx/imagenes/ACCITL7630/ACCITL7630_400.jpg,48h Directa / 1 Año Fábrica,Pedro Moreno 501 A (Entrega Inmediata)
SWTITL620,SWTITL620,Switch HDMI de 3 puertos 4K (208222) MANHATTAN Switch que alterna entre tres entradas HDMI en u,"Switch HDMI de 3 puertos 4K (208222) MANHATTAN Switch que alterna entre tres entradas HDMI en una salida HDMI (3x1) de resoluciones Ultra Alta Definición de hasta 3840 x 2160 (4K) a 60 Hz, conmutación automática y manual, mando a distancia por infrarrojos, color negro. Compatible con Dolby Visión™ y Dolby Atmos®.pantallas de TV, proyectores, monitores, laptops, PCs, receptores AV, reproductores de streaming, consolas de videojuegos, PlayStation® (PS4/PS5), Xbox® (One/Series S/Series X), reproductores Blu-ray y muchos más. Instalación Plug and Play.",HDMI,d,25.21978021978022,491.79,25.22,737.69,737.69,983.58,688.51,590.15,laptops,./assets/img/catalog/laptops/SWTITL620.jpg,https://static.ctonline.mx/imagenes/SWTITL620/SWTITL620_400.jpg,48h Directa / 1 Año Fábrica,Pedro Moreno 501 A (Entrega Inmediata)
SWTITL630,SWTITL630,Switch Multiviewer HDMI de 4 puertos 4K (208406) MANHATTAN Switch de 4 entradas y 1 salida (4x1,"Switch Multiviewer HDMI de 4 puertos 4K (208406) MANHATTAN Switch de 4 entradas y 1 salida (4x1), comparte hasta cuatro señales de fuente de audio/vídeo HDMI en una única pantalla de salida HDMI con múltiples opciones de visualización. Resoluciones de hasta Ultra Alta Definición (UHD) 4K@30Hz (3840×2160). Ancho de banda de hasta 10.2 Gbps a 340 MHz. Admite el formato de audio sin pérdidas LPCM de 8 canales sin comprimir y el sonido envolvente 7.1. Compatible con pantallas de TV, proyectores, monitores, laptops, PCs, receptores AV, reproductores de streaming, consolas de videojuegos, PlayStation® (PS4/PS5), Xbox® (One/Series S/Series X), reproductores Blu-ray y más.",HDMI,d,113.95604395604396,2222.14,113.96,3333.21,3333.21,4444.28,3111.0,2666.57,laptops,./assets/img/catalog/laptops/SWTITL630.jpg,https://static.ctonline.mx/imagenes/SWTITL630/SWTITL630_400.jpg,48h Directa / 1 Año Fábrica,Pedro Moreno 501 A (Entrega Inmediata)
MALITL050,MALITL050,"Mochila Knappack para laptop de 15.6"" (439831) MANHATTAN La Knappack de Manhattan está diseñada","Mochila Knappack para laptop de 15.6"" (439831) MANHATTAN La Knappack de Manhattan está diseñada como una mochila ligera, cómoda y accesible para tu laptop de hasta 15.6"". El exterior de esta mochila está hecho de PVC 600D e interior 100% poliester, para mayor durabilidad y confiabilidad. Tiene correas acolchadas y ajustables. Límite de peso: 10 kg.",CT,d,7.010989010989011,136.71,7.01,205.06,205.06,273.42,191.39,164.05,laptops,./assets/img/catalog/laptops/MALITL050.jpg,https://static.ctonline.mx/imagenes/MALITL050/MALITL050_400.jpg,48h Directa / 1 Año Fábrica,Pedro Moreno 501 A (Entrega Inmediata)
MALITL790,MALITL790,"439817 Funda Seattle para Notebook de 15.6"": Carga superior; se adapta a la mayoría de los equi","439817 Funda Seattle para Notebook de 15.6"": Carga superior; se adapta a la mayoría de los equipos de hasta 15.6"", acolchonado de primera calidad, resistente al agua, un compartimento para la computadora, un bolsillo frontal, gris, Funda acolchada y extra suave con dos cierres para adaptarse a la mayoría de los dispositivos de hasta 15,6"", Material exterior resistente al agua y duradero que protege contra el clima, derrames y desgaste, Bolsillo frontal con cierre para guardar cargadores, auriculares, cables y otros artículos pequeños, Dimensiones exteriores: 400x2700x25 mm , Dimensiones interiores: 385x263x22 mm; 3 Años de Garantía Directo con Fabricante",CT,d,7.659340659340658,149.36,7.66,224.04,224.04,298.72,209.1,179.23,laptops,./assets/img/catalog/laptops/MALITL790.jpg,https://static.ctonline.mx/imagenes/MALITL790/MALITL790_400.jpg,48h Directa / 1 Año Fábrica,Pedro Moreno 501 A (Entrega Inmediata)
ACCITL6170,ACCITL6170,"Funda para Notebook de 14.5"" - Seattle (439916) Funda acolchada extra suave con dos cierres par","Funda para Notebook de 14.5"" - Seattle (439916) Funda acolchada extra suave con dos cierres para adaptarse a la mayoría de los dispositivos de hasta 14.5 ""Material exterior resistente al agua y duradero que protege contra el clima, derrames y desgaste. Bolsillo frontal con cierre para guardar cargadores, auriculares, cables y otros artículos pequeños. Conveniente asa de sujeción para una transportación fácil y segura. Diseño delgado y liviano para usar como un estuche independiente o en bolsas de mano y mochilas. Aspecto moderno y estilizado con un toque elegante. Ideal para la mayoría de las laptops compactas, Ultrabooks ™, Microsoft® Surface 2 en 1 desmontables y más
Gran compañero para viajes en avión, ya que ofrece el tamaño perfecto para guardar en los bolsillos de los asientos o en los compartimentos superiores. Tres años de garantía",CT,d,7.659340659340659,149.36,7.66,224.04,224.04,298.72,209.1,179.23,laptops,./assets/img/catalog/laptops/ACCITL6170.jpg,https://static.ctonline.mx/imagenes/ACCITL6170/ACCITL6170_400.jpg,48h Directa / 1 Año Fábrica,Pedro Moreno 501 A (Entrega Inmediata)
MALITL010,MALITL010,"Maletin para Notebook ""EMPIRE"" 17"", ULTRA LIGERO 993 GR (421560), 100% poliéster, Dimensiones: ","Maletin para Notebook ""EMPIRE"" 17"", ULTRA LIGERO 993 GR (421560), 100% poliéster, Dimensiones: Exterior, 29 x 41 x 8 cm; Compartimiento de la computadora, 29 x 40 x 6 cm; 0.9 kg","""EMPIRE""",d,15.79120879120879,307.93,15.79,461.89,461.89,615.86,431.1,369.52,laptops,./assets/img/catalog/laptops/MALITL010.jpg,https://static.ctonline.mx/imagenes/MALITL010/MALITL010_400.jpg,48h Directa / 1 Año Fábrica,Pedro Moreno 501 A (Entrega Inmediata)
MALITL750,MALITL750,"Maletín Cambridge para portátiles de 15.6"" (439947) Manhattan Abertura completa en forma de con","Maletín Cambridge para portátiles de 15.6"" (439947) Manhattan Abertura completa en forma de concha, se adapta a la mayoría de los portátiles de hasta 15.6"", compartimento ampliamente acolchado para el portátil, bolsillos delanteros, traseros e interiores, correa para el hombro, asa, Ideal para laptops, Ultrabooks™, Macbooks® y más.",CT,d,10.186813186813186,198.64,10.19,297.96,297.96,397.28,278.1,238.37,laptops,./assets/img/catalog/laptops/MALITL750.jpg,https://static.ctonline.mx/imagenes/MALITL750/MALITL750_400.jpg,48h Directa / 1 Año Fábrica,Pedro Moreno 501 A (Entrega Inmediata)
ACCITL6570,ACCITL6570,Soporte para escritorio combinado con brazo para monitor y soporte para laptop (462136) Manhatt,"Soporte para escritorio combinado con brazo para monitor y soporte para laptop (462136) Manhattan Sostiene un monitor de 13"" a 32"" de hasta 8 kg (17 libras) y una laptop de 10"" a 17"" de hasta 8 kg (17 libras), ajustes de altura, inclinación, giro y rotación de movimiento completo, negro",CT,d,56.97802197802198,1111.07,56.98,1666.61,1666.61,2222.14,1555.5,1333.28,laptops,./assets/img/catalog/laptops/ACCITL6570.jpg,https://static.ctonline.mx/imagenes/ACCITL6570/ACCITL6570_400.jpg,48h Directa / 1 Año Fábrica,Pedro Moreno 501 A (Entrega Inmediata)
ACCITL6650,ACCITL6650,Soporte de carrito para proyectores y laptops (461726) Manhattan Carrito ajustable con dos band,Soporte de carrito para proyectores y laptops (461726) Manhattan Carrito ajustable con dos bandejas para proyectores y laptops de hasta 10kg cada una. Giro de hasta 360° e inclinación de -35 a 35° cada una para optimizar las vistas. Altura ajustable: bandeja superior de 850 a 1100 mm (33.5 a 43.3 pulg.); bandeja inferior de 700 a 950 mm (27.6 a 37.4 pulg.),CT,d,44.83516483516483,874.29,44.84,1311.43,1311.43,1748.58,1224.01,1049.15,laptops,./assets/img/catalog/laptops/ACCITL6650.jpg,https://static.ctonline.mx/imagenes/ACCITL6650/ACCITL6650_400.jpg,48h Directa / 1 Año Fábrica,Pedro Moreno 501 A (Entrega Inmediata)
ACCITL7310,ACCITL7310,"462334 Soporte para TV de ultra alta resistencia con ruedas: Soporta una pantalla de 37""a 100"" ","462334 Soporte para TV de ultra alta resistencia con ruedas: Soporta una pantalla de 37""a 100"" de hasta 150 kg, repisa y base para una laptop o un dispositivo de AV. El carro multimedia para TV de servicio pesado tiene todos los beneficios de la instalación de montaje en pared sobre el piso: vistas elevadas, una apariencia más profesional, mayor seguridad para su TV, etc., además de flexibilidad móvil e independencia. Incluye un estante AV grande para sostener y conectar una laptop, un reproductor de DVD o un dispositivo de transmisión, e incluye una base grande para almacenar o sostener dispositivos más grandes para que todo lo que necesites este preparado, conectado y listo para presentar. Llegarás rápido y sin problemas con las ruedas de servicio pesado que incluye una banda de rodadura de poliuretano para absorber los hoyos o imperfecciones del camino.; Color: negro; 5 Años de Garantía Directo con Fabricante",CT,d,266.2087912087912,5191.07,266.21,7786.6,7786.6,10382.14,7267.5,6229.28,laptops,./assets/img/catalog/laptops/ACCITL7310.jpg,https://static.ctonline.mx/imagenes/ACCITL7310/ACCITL7310_400.jpg,48h Directa / 1 Año Fábrica,Pedro Moreno 501 A (Entrega Inmediata)
ACCITL7320,ACCITL7320,462341 Soporte de aluminio para TV de ultra alta resistencia con ruedas: Soporta una pantalla d,"462341 Soporte de aluminio para TV de ultra alta resistencia con ruedas: Soporta una pantalla de 70"" a 120"" de hasta 140 kg (308 lbs.), inclinación de -10 a 5°, charolas para una laptop/dispositivos AV y una cámara. Llévate la televisión contigo. Cuando necesites estar en otro lugar, desplázala con facilidad. El soporte tipo carrito de TV multimedia de altura ajustable de aluminio de Manhattan pone tu pantalla sobre ruedas para que puedas llevarlo a diferentes espacios según sea necesario, evitar los molestos deslumbramientos o superar la obstrucción de los muebles y mantener una correcta visualización. Cumple con VESA y está construido con materiales de aluminio de calidad, este soporte para TV con ruedas de alta resistencia, soporta pantallas gigantes, incluso aquellas de hasta 120"" y puede soportar un peso total de hasta 140 kg; Color: negro; 5 Años de Garantía Directo con Fabricante",CT,d,588.4615384615385,11475.0,588.46,17212.5,17212.5,22950.0,16065.0,13770.0,laptops,./assets/img/catalog/laptops/ACCITL7320.jpg,https://static.ctonline.mx/imagenes/ACCITL7320/ACCITL7320_400.jpg,48h Directa / 1 Año Fábrica,Pedro Moreno 501 A (Entrega Inmediata)
ACCITL7880,ACCITL7880,"Soporte laptop p/Escritorio  (462600) MANHATTAN Soporte ergonómico, plegable en seis posiciones","Soporte laptop p/Escritorio  (462600) MANHATTAN Soporte ergonómico, plegable en seis posiciones, para laptops y otros dispositivos de hasta 15.6"" y 5 kg.  Diseño portátil, compacto, ligero y ventilado para aumentar el flujo de aire. Superficie de apoyo acolchada para proteger la parte posterior del dispositivo. Bases de goma para evitar que resbale y proteger el escritorio de rayaduras. Compatible con todas las marcas de laptops y Ultrabooks™ como HP®, Apple® MacBook® Pro / Air, Lenovo® ThinkPad®, Asus®, Dell® y más. Incluye funda de tela para guardarlo y transportarlo cómodamente.",CT,d,10.186813186813186,198.64,10.19,297.96,297.96,397.28,278.1,238.37,laptops,./assets/img/catalog/laptops/ACCITL7880.jpg,https://static.ctonline.mx/imagenes/ACCITL7880/ACCITL7880_400.jpg,48h Directa / 1 Año Fábrica,Pedro Moreno 501 A (Entrega Inmediata)
ACCITL7890,ACCITL7890,"Soporte laptop p/Escritorio, ECO (462617) MANHATTAN Soporte ergonómico, plegable en siete posic","Soporte laptop p/Escritorio, ECO (462617) MANHATTAN Soporte ergonómico, plegable en siete posiciones, para laptops y otros dispositivos de hasta 15.6"" y 5 kg (11 lbs.), ligero, aluminio de alta calidad, ventilado, color plateado. Compatible con todas las marcas de laptops y Ultrabooks™ como HP®, Apple® MacBook® Pro / Air, Lenovo® ThinkPad®, Asus®, Dell® y más.  Incluye funda de transporte para guardarlo y transportarlo cómodamente.",ECO,d,8.31868131868132,162.21,8.32,243.31,243.31,324.42,227.09,194.65,laptops,./assets/img/catalog/laptops/ACCITL7890.jpg,https://static.ctonline.mx/imagenes/ACCITL7890/ACCITL7890_400.jpg,48h Directa / 1 Año Fábrica,Pedro Moreno 501 A (Entrega Inmediata)
ACCITL6690,ACCITL6690,"SOPORTE LAPTOP VESA PARA  MONITOR (462211) MANHATTAN Soporte para laptop con montaje de 11"" a 1","SOPORTE LAPTOP VESA PARA  MONITOR (462211) MANHATTAN Soporte para laptop con montaje de 11"" a 17"" de hasta 4 kg (8,8 lbs.), se acopla al soporte del monitor con estándares VESA 75x75 y 100x100, negro. Construcción robusta de acero con recubrimiento de polvo antiestático y con diseño abierto para aumentar el flujo de aire para evitar el sobrecalentamiento. Incluye correas de seguridad para una capa adicional de protección así como las almohadillas de goma que evitan el deslizamiento y rayones.",SOPORTE,d,11.12087912087912,216.86,11.12,325.29,325.29,433.72,303.6,260.23,laptops,./assets/img/catalog/laptops/ACCITL6690.jpg,https://static.ctonline.mx/imagenes/ACCITL6690/ACCITL6690_400.jpg,48h Directa / 1 Año Fábrica,Pedro Moreno 501 A (Entrega Inmediata)
ACCITL7840,ACCITL7840,Transmisor USB-C inalámbrico HDMI (208437) MANHATTAN El transmisor de pantalla HDMI  con alcanc,"Transmisor USB-C inalámbrico HDMI (208437) MANHATTAN El transmisor de pantalla HDMI  con alcance inalámbrico de hasta 30 m y resoluciones hasta Full HD 1080p@60Hz (1920 × 1080); permite reflejar fácilmente la pantalla de tu dispositivo USB-C en cualquier pantalla, proyector o monitor con puerto HDMI sin líos de cables. Requiere el receptor HDMI del kit de presentación HDMI inalámbrico Manhattan #208420; no requiere Wi-Fi, Ethernet ni tecnologías para compartir pantalla. Compatible con USB-C DPAlt-Mode, incluidos Apple® MacBook®, iPad® Pro, iPhone 15/16, Chromebook™, Pixel™, Samsung Galaxy, etc. Instalación plug-and-play; compatible con Windows®, macOS®, Linux®, Chrome OS™, iPadOS®, iOS® y Android™",USB-C,d,58.84615384615384,1147.5,58.85,1721.25,1721.25,2295.0,1606.5,1377.0,laptops,./assets/img/catalog/laptops/ACCITL7840.jpg,https://static.ctonline.mx/imagenes/ACCITL7840/ACCITL7840_400.jpg,48h Directa / 1 Año Fábrica,Pedro Moreno 501 A (Entrega Inmediata)
ACCITL7850,ACCITL7850,Transmisor de video inalámbrico HDMI (208444) MANHATTAN Este Dongle reproduce de forma inalámbr,"Transmisor de video inalámbrico HDMI (208444) MANHATTAN Este Dongle reproduce de forma inalámbrica (de hasta 30 m) una señal de vídeo con resoluciones hasta Full HD 1080p@60Hz (1920 × 1080) desde un dispositivo HDMI en una pantalla o proyector HDMI, requiere el receptor HDMI del kit de presentación HDMI inalámbrico Manhattan #208420; no requiere Wi-Fi, Ethernet ni tecnologías para compartir pantalla como AirPlay, Miracast, Google Cast, WiDi o Samsung® Smart View. Compatible con laptops, PC y otros dispositivos equipados con HDMI, como Apple® MacBook®, Chromebook™, consolas de videojuegos y reproductores de DVD/Blu-ray.Instalación Plug and Play; compatible con Windows®, macOS®, Linux® y Chrome OS™",CT,d,53.24175824175824,1038.21,53.24,1557.32,1557.32,2076.42,1453.49,1245.85,laptops,./assets/img/catalog/laptops/ACCITL7850.jpg,https://static.ctonline.mx/imagenes/ACCITL7850/ACCITL7850_400.jpg,48h Directa / 1 Año Fábrica,Pedro Moreno 501 A (Entrega Inmediata)
ACCITL7650,ACCITL7650,425568 AIRE COMPRIMIDO MANHATTAN 660ML:Remueve de manera segura el polvo y la suciedad de equip,"425568 AIRE COMPRIMIDO MANHATTAN 660ML:Remueve de manera segura el polvo y la suciedad de equipos electrónicos delicados sin dejar rayones o residuos, Para su uso con pantallas planas, laptops, teclados, lentes de cámaras, tarjetas de PC, proyectores y más, Limpia las unidades de alimentación, enfriadores y ventiladores para proporcionar eficiencia y mejor desempeño 60 días de Garantía Directo con Fabricante",AIRE,d,4.857142857142857,94.71,4.86,142.06,142.06,189.42,132.59,113.65,laptops,./assets/img/catalog/laptops/ACCITL7650.jpg,https://static.ctonline.mx/imagenes/ACCITL7650/ACCITL7650_400.jpg,48h Directa / 1 Año Fábrica,Pedro Moreno 501 A (Entrega Inmediata)
ACCITL7340,ACCITL7340,"440486 Candado de Seguridad Nano para laptop con llave: Cable de acero resistente y sólido, con","440486 Candado de Seguridad Nano para laptop con llave: Cable de acero resistente y sólido, construcción completamente metálicanto;  MEDIDA: Largo 1.8 mts Color: Negro; 3 Años de Garantía Directo con Fabricante",CT,d,13.263736263736261,258.64,13.26,387.96,387.96,517.28,362.1,310.37,laptops,./assets/img/catalog/laptops/ACCITL7340.jpg,https://static.ctonline.mx/imagenes/ACCITL7340/ACCITL7340_400.jpg,48h Directa / 1 Año Fábrica,Pedro Moreno 501 A (Entrega Inmediata)
ACCITL7350,ACCITL7350,"440493 Candado de seguridad Nano para laptop, con combinación: Cable de acero resistente y sóli","440493 Candado de seguridad Nano para laptop, con combinación: Cable de acero resistente y sólido, construcción completamente metálicanto;  MEDIDA: Largo 1.8 mts Color: Negro; 3 Años de Garantía Directo con Fabricante",CT,d,13.263736263736261,258.64,13.26,387.96,387.96,517.28,362.1,310.37,laptops,./assets/img/catalog/laptops/ACCITL7350.jpg,https://static.ctonline.mx/imagenes/ACCITL7350/ACCITL7350_400.jpg,48h Directa / 1 Año Fábrica,Pedro Moreno 501 A (Entrega Inmediata)
ACCITL5610,ACCITL5610,"Candado de Seguridad Wedge para Portátiles (440295) Candado con llave para laptops, cable de ac","Candado de Seguridad Wedge para Portátiles (440295) Candado con llave para laptops, cable de acero, forro de PVC transparente, incluye dos llaves, distancia: 2 m. Previene el robo de las computadoras portátiles y otros equipos valiosos. Se ajusta a ranuras de seguridad con ranura Wedge de computadoras y de otos dispositivos para asegurarlas a escritorios u ootros objetos estacionarios. Cable de acero resistente y sólido, construcción completamente metálica.",CT,d,18.593406593406595,362.57,18.59,543.86,543.86,725.14,507.6,435.08,laptops,./assets/img/catalog/laptops/ACCITL5610.jpg,https://static.ctonline.mx/imagenes/ACCITL5610/ACCITL5610_400.jpg,48h Directa / 1 Año Fábrica,Pedro Moreno 501 A (Entrega Inmediata)
ACCITL7170,ACCITL7170,440448 Candado de Combinación para Laptop: Cerradura con combinación Kensington Longitud cable:,"440448 Candado de Combinación para Laptop: Cerradura con combinación Kensington Longitud cable: 2 m; Mejores usos: Base de conexión, Monitor, Portátil, PC, Periférico, Proyector; Materiales: Acero, Zinc: Plata; GARANTIA: 5 AÑOS.",CT,d,9.813186813186812,191.36,9.81,287.04,287.04,382.72,267.9,229.63,laptops,./assets/img/catalog/laptops/ACCITL7170.jpg,https://static.ctonline.mx/imagenes/ACCITL7170/ACCITL7170_400.jpg,48h Directa / 1 Año Fábrica,Pedro Moreno 501 A (Entrega Inmediata)
ACCITL7870,ACCITL7870,"Candado Laptop 3 en 1 (440301) MANHATTAN Candado antirrobo para laptop 3 en 1, combinación rese","Candado Laptop 3 en 1 (440301) MANHATTAN Candado antirrobo para laptop 3 en 1, combinación reseteable de 4 dígitos, cable de acero al carbono resistente al corte de 1.8 m, cubierta de PVC translúcida, plateado. Punta de bloqueo ajustable compatible con Noble Wedge, Kensington® K-Slot (T-Bar) y Nano Security Slot. El formato 3 en 1 es compatible con las laptops de las principales marcas, como HP®, Lenovo®, Asus®, Acer®, Dell®, etc.",CT,d,21.857142857142854,426.21,21.86,639.31,639.31,852.42,596.69,511.45,laptops,./assets/img/catalog/laptops/ACCITL7870.jpg,https://static.ctonline.mx/imagenes/ACCITL7870/ACCITL7870_400.jpg,48h Directa / 1 Año Fábrica,Pedro Moreno 501 A (Entrega Inmediata)
ACCITL6510,ACCITL6510,Soporte ajustable para laptops y tabletas. (462129) Elevador ergonómico para laptops y otros di,"Soporte ajustable para laptops y tabletas. (462129) Elevador ergonómico para laptops y otros dispositivos de 10"" a 15.6"" y hasta 5 kg, plegable en cinco posiciones, negro. Eleva el dispositivo en cinco ángulos de inclinación ergonómicos para mejorar la postura, reducir la fatiga ocular y la comodidad mientras trabaja. Elevador independiente y plegable para una laptop de 10"" a 15.6"", una tableta o un convertible de hasta 5 kg. Diseño portátil, compacto y ligero, ideal para mesas de oficina en casa, mesas de cocina y mucho más.",CT,d,13.54945054945055,264.21,13.55,396.31,396.31,528.42,369.89,317.05,laptops,./assets/img/catalog/laptops/ACCITL6510.jpg,https://static.ctonline.mx/imagenes/ACCITL6510/ACCITL6510_400.jpg,48h Directa / 1 Año Fábrica,Pedro Moreno 501 A (Entrega Inmediata)
ACCITL8010,ACCITL8010,Fuente de Poder Univ. Laptop  65W (180979) MANHATTAN Adaptador de corriente con nueve puntas de,"Fuente de Poder Univ. Laptop  65W (180979) MANHATTAN Adaptador de corriente con nueve puntas de conexión y voltaje universal, compatible con la mayoría de las laptops, ideal como fuente de alimentación de repuesto, incluye cable de alimentación CA EE.UU. desmontable de 1.5 m (5 pies) con enchufe de pared CA a C7c, con cinco niveles de voltaje de salida 15, 18.5, 19, 19.5 y 20 V, negro. Protección contra sobrecarga, sobrecorriente y térmica. Compatible con la mayoría de laptops, Chromebooks™ y Ultrabooks™ de Acer®, Asus®, Dell®, Fujitsu®, HP®, Lenovo®, Medion®, Sony®, Samsung®, Toshiba® y más.",CT,d,19.615384615384617,382.5,19.62,573.75,573.75,765.0,535.5,459.0,laptops,./assets/img/catalog/laptops/ACCITL8010.jpg,https://static.ctonline.mx/imagenes/ACCITL8010/ACCITL8010_400.jpg,48h Directa / 1 Año Fábrica,Pedro Moreno 501 A (Entrega Inmediata)
ACCITL7000,ACCITL7000,"Cargador para laptop USB-C - 65 W (102513) Manhattan Adaptador de alimentación de CA a tipo C, ","Cargador para laptop USB-C - 65 W (102513) Manhattan Adaptador de alimentación de CA a tipo C, voltaje compatible con la mayoría de las laptops, ideal como segunda fuente de alimentación o de reemplazo, incluye un cable de alimentación de CA US desmontable y un cable USB-C PD incorporado, negro. Cargador de bolsillo, ideal como segundo adaptador de corriente o como sustituto para tu laptop con alimentación USB-C. Tecnología USB-C Power Delivery (PD 3.0) que ofrece hasta 65 W. Carga cualquier dispositivo con entrada Tipo-C como teléfonos, tabletas, consolas de videojuegos portátiles y más. Ajustes de voltaje/corriente (máximo):Salida USB-C PD 65.0 W:5.0 V / 3.0 A, 9.0 V / 3.0 A, 12.0 V / 3.0 A, 15.0 V / 3.0 A, 20.0 V / 3.25 A. NOTA: Compruebe la salida y el voltaje de su cargador actual para garantizar la compatibilidad con los requisitos eléctricos mencionados anteriormente.",USB-C,d,23.35164835164835,455.36,23.35,683.04,683.04,910.72,637.5,546.43,laptops,./assets/img/catalog/laptops/ACCITL7000.jpg,https://static.ctonline.mx/imagenes/ACCITL7000/ACCITL7000_400.jpg,48h Directa / 1 Año Fábrica,Pedro Moreno 501 A (Entrega Inmediata)
ACCITL7860,ACCITL7860,Kit de adaptadores USB-C a USB-A y USBA a USB-C (356329) MANHATTAN Convertidores USB 3.2 Gen 1 ,"Kit de adaptadores USB-C a USB-A y USBA a USB-C (356329) MANHATTAN Convertidores USB 3.2 Gen 1 Tipo-A/Tipo-C Macho/Hembra, 5 Gbps. Soporta corriente de hasta 3 A. Funciona con cualquier dispositivo host USB compatible, como un PC, una laptop, una tableta, un smartphone, un MacBook®, un Chromebook™, un Surface®, un iPad® Pro y más. Instalación plug-and-play; compatible con Windows®, macOS®, Linux® y Chrome OS™, iPadOS® y Android™. Sólo admite la transferencia de datos y la carga por USB; no admite la transmisión de señales de audio/vídeo.",USB-C,d,3.6483516483516483,71.14,3.65,106.71,106.71,142.28,99.6,85.37,laptops,./assets/img/catalog/laptops/ACCITL7860.jpg,https://static.ctonline.mx/imagenes/ACCITL7860/ACCITL7860_400.jpg,48h Directa / 1 Año Fábrica,Pedro Moreno 501 A (Entrega Inmediata)
CABITL5150,CABITL5150,Cable USBC V3.2 a RJ45 2M Cat6 (394826) MANHATTAN Cable adaptador de USB tipo C macho a RJ45 ma,"Cable USBC V3.2 a RJ45 2M Cat6 (394826) MANHATTAN Cable adaptador de USB tipo C macho a RJ45 macho, USB 3.0 (USB 3.2 Gen 1) con 5 Gbps, Cat6 LAN con 10/100/1000 Mbps, FTP, cubierta trenzada, carcasa de aluminio, negro/plateado.  Instalación plug-and-play; compatible con Windows®, macOS®, Linux®, Chrome OS™, iPadOS® y Android™. Compatible con laptops y tablets de las principales marcas como HP®, Apple® MacBook® Pro / Air, iPad® Pro, Lenovo®, Asus®, Acer®, Dell®, y más. Compatible con interfaces USB4® y Thunderbolt™ 3/4.",USBC,d,20.087912087912088,391.71,20.09,587.56,587.56,783.42,548.39,470.05,laptops,./assets/img/catalog/laptops/CABITL5150.jpg,https://static.ctonline.mx/imagenes/CABITL5150/CABITL5150_400.jpg,48h Directa / 1 Año Fábrica,Pedro Moreno 501 A (Entrega Inmediata)
CABITL5160,CABITL5160,Cable USBC de carga 100W para 2 dispositivos (355810) MANHATTAN Cable de carga USB-C macho a do,"Cable USBC de carga 100W para 2 dispositivos (355810) MANHATTAN Cable de carga USB-C macho a dos USB-C macho, divisor de alimentación inteligente. Carga dos dispositivos desde un puerto USB-C PD, cubierta trenzada, bota de aluminio, color negro. Proporciona hasta 100 W en carga simple y hasta 70 W + 28 W en carga doble. Apto para cualquier dispositivo con alimentación USB-C, como Macbook Pro®, iPad® Pro, Chromebook, GPS, mando PS5, Kindle, etc. No admite transmisión de datos.",USBC,d,14.945054945054943,291.43,14.95,437.14,437.14,582.86,408.0,349.72,laptops,./assets/img/catalog/laptops/CABITL5160.jpg,https://static.ctonline.mx/imagenes/CABITL5160/CABITL5160_400.jpg,48h Directa / 1 Año Fábrica,Pedro Moreno 501 A (Entrega Inmediata)
CABITL4060,CABITL4060,"Cable USB V2.0 C a C, M-M, 2M, Negro (354875) MANHATTAN Cable USB-C de alta velocidad, soporta ","Cable USB V2.0 C a C, M-M, 2M, Negro (354875) MANHATTAN Cable USB-C de alta velocidad, soporta velocidades de hasta 480 Mbps y cargas rápidas de hasta 3.0 A (60 W). USB de Alta Velocidad para una tasa de transferencia ultra rápida sin degradación de datos, carga un dispositivo con alimentación USB-C, como una laptop, un Macbook Pro® o una tableta, desde un cargador de pared o powerbank USB-C PD.",USB,d,3.4615384615384612,67.5,3.46,101.25,101.25,135.0,94.5,81.0,laptops,./assets/img/catalog/laptops/CABITL4060.jpg,https://static.ctonline.mx/imagenes/CABITL4060/CABITL4060_400.jpg,48h Directa / 1 Año Fábrica,Pedro Moreno 501 A (Entrega Inmediata)
CABITL4090,CABITL4090,"Cable USB V2.0 C a C, M-M, 3M, Negro (354936) MANHATTAN Cable USB-C de alta velocidad, soporta ","Cable USB V2.0 C a C, M-M, 3M, Negro (354936) MANHATTAN Cable USB-C de alta velocidad, soporta velocidades de hasta 480 Mbps y cargas rápidas de hasta 3.0 A (60 W). USB de Alta Velocidad para una tasa de transferencia ultra rápida sin degradación de datos, carga un dispositivo con alimentación USB-C, como una laptop, un Macbook Pro® o una tableta, desde un cargador de pared o powerbank USB-C PD.",USB,d,7.571428571428571,147.64,7.57,221.46,221.46,295.28,206.7,177.17,laptops,./assets/img/catalog/laptops/CABITL4090.jpg,https://static.ctonline.mx/imagenes/CABITL4090/CABITL4090_400.jpg,48h Directa / 1 Año Fábrica,Pedro Moreno 501 A (Entrega Inmediata)
CABITL5140,CABITL5140,Cable USBC V4 Thunderbolt C-C 2M (356381) MANHATTAN Cable USB-C macho a USB-C macho Power Deliv,"Cable USBC V4 Thunderbolt C-C 2M (356381) MANHATTAN Cable USB-C macho a USB-C macho Power Delivery (PD) 3.1 con Extended Power Range (EPR) que carga hasta 240 W a 48 V/5 A, compatible con versiones anteriores de PD 3.0/2.0/1.1. Admite resoluciones de hasta 8K a 60 Hz y 4K a 144 Hz en una sola pantalla o 4K a 60 Hz en salida de video de doble pantalla. Compatible con interfaces USB4® y Thunderbolt™ 3 / 4. Excelente para tu computadora portátil, MacBook® Pro o estación de acoplamiento actual y futura con USB-C.",USBC,d,19.615384615384617,382.5,19.62,573.75,573.75,765.0,535.5,459.0,laptops,./assets/img/catalog/laptops/CABITL5140.jpg,https://static.ctonline.mx/imagenes/CABITL5140/CABITL5140_400.jpg,48h Directa / 1 Año Fábrica,Pedro Moreno 501 A (Entrega Inmediata)
CABITL2450,CABITL2450,Cable USB A- Micro B 3 metros Color Negro (325684) Los cables para dispositivos USB de Alta Vel,"Cable USB A- Micro B 3 metros Color Negro (325684) Los cables para dispositivos USB de Alta Velocidad Manhattan conectan fácilmente periféricos y accesorios con computadoras de accesorios y notebooks. ideal para su uso con muchos dispositivos externos, hubs y para transmisión de datos, dispositivos plug-and-play, los cables para dispositivos USB de Alta Velocidad Manhattan soportan tasas de transmisión de datos de hasta 480 Mbps en sistemas Windows y Mac para transmisiones más rápidas y confiables. Con contactos con chapa en niquel, sus conectores blindados y terminales moldeadas",USB,d,2.3406593406593403,45.64,2.34,68.46,68.46,91.28,63.9,54.77,laptops,./assets/img/catalog/laptops/CABITL2450.jpg,https://static.ctonline.mx/imagenes/CABITL2450/CABITL2450_400.jpg,48h Directa / 1 Año Fábrica,Pedro Moreno 501 A (Entrega Inmediata)
CABITL2460,CABITL2460,Cable USB A-B 5 metros color Negro (337779) Los cables Manhattan para dispositivos USB 2.0 de a,"Cable USB A-B 5 metros color Negro (337779) Los cables Manhattan para dispositivos USB 2.0 de alta velocidad conecta fácilmente periféricos USB y accesorios con computadoras de escritorio y notebooks. Ideal para su uso con gabinetes externos, hubs y otros dispositivos Plug-and-Play, los cables Manhattan para dispositivos USB 2.0 de alta velocidad soportan tasas de transferencia de datos de hasta 480 Mbps en sistemas Windows y Mac para transmisiones rápidas y seguras. Sus contactos en chapa de oro, su blindaje y sus protectores para aligerar las tensiones ayudan a brindar conexiones confiables, una conductividad máxima y un mínima pérdida de datos con interferencia EMI reducida.",USB,d,2.7142857142857144,52.93,2.71,79.39,79.39,105.86,74.1,63.52,laptops,./assets/img/catalog/laptops/CABITL2460.jpg,https://static.ctonline.mx/imagenes/CABITL2460/CABITL2460_400.jpg,48h Directa / 1 Año Fábrica,Pedro Moreno 501 A (Entrega Inmediata)
CABITL4690,CABITL4690,"Cable Adaptador USB-C a DisplayPort 8K@60Hz 2 m. (354844) USB-C macho a DisplayPort macho, 2 m ","Cable Adaptador USB-C a DisplayPort 8K@60Hz 2 m. (354844) USB-C macho a DisplayPort macho, 2 m (6.56 pies), Soporta 4K@120Hz, Contactos chapados en oro, negro. Conecta fácilmente un dispositivo USB-C a una pantalla, monitor o proyector con entrada DisplayPort. Admite resoluciones 8K @ 60Hz, 4K @ 120Hz, 1440p @ 144Hz (UWQHD), 1440p @ 165Hz (WQHD) y 1080p @ 240Hz. Compatible con cualquier dispositivo USB-C que admita DP Alt Mode, incluidos teléfonos inteligentes, Apple® MacBooks®, Chromebooks ™, Pixels ™, tabletas y más.",USB-C,d,15.879120879120878,309.64,15.88,464.46,464.46,619.28,433.5,371.57,laptops,./assets/img/catalog/laptops/CABITL4690.jpg,https://static.ctonline.mx/imagenes/CABITL4690/CABITL4690_400.jpg,48h Directa / 1 Año Fábrica,Pedro Moreno 501 A (Entrega Inmediata)
CABITL4700,CABITL4700,"Cable Adaptador USB-C a DisplayPort 8K@60Hz 3 m. (354851) USB-C macho a DisplayPort macho, 3 m ","Cable Adaptador USB-C a DisplayPort 8K@60Hz 3 m. (354851) USB-C macho a DisplayPort macho, 3 m (9,84 pies), admite 4K @ 120 Hz, contactos bañados en oro, negro. Conecta fácilmente un dispositivo USB-C a una pantalla, monitor o proyector con entrada DisplayPort. Admite resoluciones 8K @ 60Hz, 4K @ 120Hz, 1440p @ 144Hz (UWQHD), 1440p @ 165Hz (WQHD) y 1080p @ 240Hz. Compatible con cualquier dispositivo USB-C que admita DP Alt Mode, incluidos teléfonos inteligentes, Apple® MacBooks®, Chromebooks ™, Pixels ™, tabletas y más.",USB-C,d,15.417582417582416,300.64,15.42,450.96,450.96,601.28,420.9,360.77,laptops,./assets/img/catalog/laptops/CABITL4700.jpg,https://static.ctonline.mx/imagenes/CABITL4700/CABITL4700_400.jpg,48h Directa / 1 Año Fábrica,Pedro Moreno 501 A (Entrega Inmediata)
CABITL4780,CABITL4780,"MH USB-C to HDMI adapter cable , 2M 4K@60Hz  (153607) Manhattan Conecta fácilmente un dispositi","MH USB-C to HDMI adapter cable , 2M 4K@60Hz  (153607) Manhattan Conecta fácilmente un dispositivo USB-C a una pantalla, monitor o proyector HDMI sin necesidad de adaptadores adicionales. Resoluciones de hasta Ultra Alta Definición (UHD) 4K@60Hz (3840 × 2160). Compatible con cualquier dispositivo USB-C que admita DP Alt Mode, incluidos teléfonos inteligentes, Apple® MacBooks®, Chromebooks ™, Pixels ™, tabletas y más.",USB-C,d,15.879120879120878,309.64,15.88,464.46,464.46,619.28,433.5,371.57,laptops,./assets/img/catalog/laptops/CABITL4780.jpg,https://static.ctonline.mx/imagenes/CABITL4780/CABITL4780_400.jpg,48h Directa / 1 Año Fábrica,Pedro Moreno 501 A (Entrega Inmediata)
CABITL4070,CABITL4070,"Cable USB-C, AM-CM 0.5M V2, Negro (354929) Los cables USB-C de alta velocidad de Manhattan cone","Cable USB-C, AM-CM 0.5M V2, Negro (354929) Los cables USB-C de alta velocidad de Manhattan conectan fácilmente periféricos y accesorios USB Tipo C a puertos Tipo A de computadoras y laptops. Ideales para usar con cualquier dispositivo plug and play que cuente con conector USB tipo C, estos cables soportan transferencia de datos de hasta 480 Mbps en sistema Windows o Mac para transmisiones rápidas y confiables. Contactos con baño de Níquel, blindados y completamente moldeados, con alivio de tensión que provoca que proporciona conexiones confiables, máxima conductividad y mínima pérdida de datos con reducción de interferencia EMI.","USB-C,",d,4.021978021978022,78.43,4.02,117.65,117.65,156.86,109.8,94.12,laptops,./assets/img/catalog/laptops/CABITL4070.jpg,https://static.ctonline.mx/imagenes/CABITL4070/CABITL4070_400.jpg,48h Directa / 1 Año Fábrica,Pedro Moreno 501 A (Entrega Inmediata)
CABITL3930,CABITL3930,Cable USB-C AM-CM 3M V3.1 Negro (354981) Los cables USB tipo C de alta velocidad de Manhattan c,"Cable USB-C AM-CM 3M V3.1 Negro (354981) Los cables USB tipo C de alta velocidad de Manhattan conectan fácilmente periféricos y accesorios USB Tipo C a puertos Tipo A de computadoras y laptops. Ideales para usar con dispositivos plug and play USB tipo A, estos cables soportan transferencia rápida de datos de hasta 5 Gbps en sistema Windows o Mac y transmisiones confiables de corriente de hasta 3 A. Contactos con baño de Níquel, blindados y completamente moldeados, con alivio de tensión que proporciona conexiones confiables, máxima conductividad y mínima pérdida de datos con reducción de interferencia EMI.",USB-C,d,11.494505494505495,224.14,11.49,336.21,336.21,448.28,313.8,268.97,laptops,./assets/img/catalog/laptops/CABITL3930.jpg,https://static.ctonline.mx/imagenes/CABITL3930/CABITL3930_400.jpg,48h Directa / 1 Año Fábrica,Pedro Moreno 501 A (Entrega Inmediata)
CABITL4120,CABITL4120,Cable USB-C AM-CM 2.0M V3.1 Negro (354974) Los cables USB tipo C de alta velocidad de Manhattan,"Cable USB-C AM-CM 2.0M V3.1 Negro (354974) Los cables USB tipo C de alta velocidad de Manhattan conectan fácilmente periféricos y accesorios USB Tipo C a puertos Tipo A de computadoras y laptops. Ideales para usar con dispositivos plug and play USB tipo A, estos cables soportan transferencia rápida de datos de hasta 5 Gbps en sistema Windows o Mac y transmisiones confiables de corriente de hasta 3 A",USB-C,d,7.472527472527472,145.71,7.47,218.56,218.56,291.42,203.99,174.85,laptops,./assets/img/catalog/laptops/CABITL4120.jpg,https://static.ctonline.mx/imagenes/CABITL4120/CABITL4120_400.jpg,48h Directa / 1 Año Fábrica,Pedro Moreno 501 A (Entrega Inmediata)
ACCITL7110,ACCITL7110,Cable de extensión activa repetidor USB 2.0 tipo A (153560) Manhattan  USB-C y USB-A macho a co,"Cable de extensión activa repetidor USB 2.0 tipo A (153560) Manhattan  USB-C y USB-A macho a conector 3.5 mm hembra, admite función de audio y micrófono de auriculares, estándar CTIA, control de volumen y silencio, cable de 1 m (3 pies), color negro, conecta un conector de auriculares o de diadema a un puerto USB-A / USB-C de una computadora o tablet, funciona con cualquier dispositivo host USB compatible, como una PC, una laptop, una tablet, un smartphone, un MacBook®, un Chromebook™, una Surface®, un iPad® Pro y más, diseño TRRS/4 polos compatible con la funcionalidad de micrófono para llamadas y control de voz.",CT,d,9.813186813186812,191.36,9.81,287.04,287.04,382.72,267.9,229.63,laptops,./assets/img/catalog/laptops/ACCITL7110.jpg,https://static.ctonline.mx/imagenes/ACCITL7110/ACCITL7110_400.jpg,48h Directa / 1 Año Fábrica,Pedro Moreno 501 A (Entrega Inmediata)
ACCITL6890,ACCITL6890,Kit extensor de HDMI sobre Ethernet 4K@30Hz (168397) Manhattan Extiende una señal HDMI 4K@30Hz ,"Kit extensor de HDMI sobre Ethernet 4K@30Hz (168397) Manhattan Extiende una señal HDMI 4K@30Hz hasta 40 m o una señal HDMI 1080p@60Hz hasta 70 m a través de un único cable Ethernet Cat6, transmisor y receptor, Power over Cable (PoC), negro. Resoluciones de hasta 4K@30Hz a 40 m (130 pies) o hasta 1080p@60Hz a 70 m (230 pies). Le permite transmitir una señal de audio/vídeo en 4K@30Hz (3840 × 2160) hasta 40 m (164 pies) o 1080p@60Hz hasta 70 m (230 pies) a través de un único cable Ethernet RJ45 Cat6. El kit proporciona una transmisión fiable de vídeo y audio multicanal para su dispositivo de streaming, consola de juegos (PS4, PS4 Pro, PS5, Xbox Series X/S, Switch, etc.), reproductor de Blu-ray, receptor de satélite, PC, laptop, MacBook u otro dispositivo HDMI a distancias más largas que las que pueden alcanzar los cables HDMI estándar por sí solos. El transmisor y el receptor tienen tomas adicionales de 3.5 mm para entradas de infrarrojos (IR) que le permiten controlar la fuente o la pantalla en cualquier extremo de la configuración.",HDMI,d,70.05494505494505,1366.07,70.05,2049.11,2049.11,2732.14,1912.5,1639.28,laptops,./assets/img/catalog/laptops/ACCITL6890.jpg,https://static.ctonline.mx/imagenes/ACCITL6890/ACCITL6890_400.jpg,48h Directa / 1 Año Fábrica,Pedro Moreno 501 A (Entrega Inmediata)
ACCITL8000,ACCITL8000,"Cable HDMI 2.0 M-M, 2.0M 4K60Hz+E (356657) MANHATTAN Cable HDMI 2M de alta velocidad, resolucio","Cable HDMI 2.0 M-M, 2.0M 4K60Hz+E (356657) MANHATTAN Cable HDMI 2M de alta velocidad, resoluciones de hasta 4K@60Hz UHD (3840 × 2160), 1440p@144Hz (WQHD), 1080p@240Hz, video 3D y Deep Color, soporta Dolby Vision™ y Dolby Atmos®. HDMI Macho a Macho, HDR, Contactos Chapados en Oro, Doble Apantallamiento, HEC, ARC, 3D. Ancho de banda de hasta 18 Gbps, Canal de Ethernet HDMI (HEC) para agregar conectividad de red a un enlace HDMI sin un cable Ethernet separado, color negro, Compatible con todos los dispositivos HDMI: TVs, proyectores, monitores, notebooks, PCs, receptores AV, cajas de streaming, consolas de videojuegos, PlayStation® (PS4/PS5), Xbox® (One/Series S/Series X), reproductores de Blu-ray y más.",HDMI,d,1.868131868131868,36.43,1.87,54.64,54.64,72.86,51.0,43.72,laptops,./assets/img/catalog/laptops/ACCITL8000.jpg,https://static.ctonline.mx/imagenes/ACCITL8000/ACCITL8000_400.jpg,48h Directa / 1 Año Fábrica,Pedro Moreno 501 A (Entrega Inmediata)
ACCITL7980,ACCITL7980,"CABLE HDMI 2.0 M-M, 1.0M 4K60Hz+E (356633) MANHATTAN Cable HDMI de Alta Velocidad 4K@60Hz con E","CABLE HDMI 2.0 M-M, 1.0M 4K60Hz+E (356633) MANHATTAN Cable HDMI de Alta Velocidad 4K@60Hz con Ethernet, 18 Gbps, 1m, negro. Resoluciones de hasta 4K@60Hz UHD (3840 × 2160), 1440p@144Hz (WQHD), 1080p@240Hz, video 3D y Deep Color, HDR para un contraste superior y colores brillantes; Soporta Dolby Vision™ y Dolby Atmos®. Contactos bañados en oro para conexiones libres de corrosión. Doble apantallamiento de lámina y trenzado para reducir EMI y otras fuentes de interferencia. Canal de Ethernet HDMI (HEC), de retorno de Audio (ARC) y Control de Electrónica de Consumo HDMI (CEC). Compatible con todos los dispositivos HDMI: TVs, proyectores, monitores, notebooks, PCs, receptores AV, cajas de streaming, consolas de juegos, PlayStation® (PS4/PS5), Xbox® (One/Series S/Series X), reproductores de Blu-ray y más.",CABLE,d,1.868131868131868,36.43,1.87,54.64,54.64,72.86,51.0,43.72,laptops,./assets/img/catalog/laptops/ACCITL7980.jpg,https://static.ctonline.mx/imagenes/ACCITL7980/ACCITL7980_400.jpg,48h Directa / 1 Año Fábrica,Pedro Moreno 501 A (Entrega Inmediata)
ACCITL7990,ACCITL7990,"CABLE HDMI 2.0 M-M, 1.5M 4K60Hz+E (356640) MANHATTAN Cable HDMI de Alta Velocidad 4K@60Hz con E","CABLE HDMI 2.0 M-M, 1.5M 4K60Hz+E (356640) MANHATTAN Cable HDMI de Alta Velocidad 4K@60Hz con Ethernet, 18 Gbps, 1.5m, negro. Resoluciones de hasta 4K@60Hz UHD (3840 × 2160), 1440p@144Hz (WQHD), 1080p@240Hz, video 3D y Deep Color, HDR para un contraste superior y colores brillantes; Soporta Dolby Vision™ y Dolby Atmos®. Contactos bañados en oro para conexiones libres de corrosión. Doble apantallamiento de lámina y trenzado para reducir EMI y otras fuentes de interferencia. Canal de Ethernet HDMI (HEC), de retorno de Audio (ARC) y Control de Electrónica de Consumo HDMI (CEC). Compatible con todos los dispositivos HDMI: TVs, proyectores, monitores, notebooks, PCs, receptores AV, cajas de streaming, consolas de juegos, PlayStation® (PS4/PS5), Xbox® (One/Series S/Series X), reproductores de Blu-ray y más.",CABLE,d,1.868131868131868,36.43,1.87,54.64,54.64,72.86,51.0,43.72,laptops,./assets/img/catalog/laptops/ACCITL7990.jpg,https://static.ctonline.mx/imagenes/ACCITL7990/ACCITL7990_400.jpg,48h Directa / 1 Año Fábrica,Pedro Moreno 501 A (Entrega Inmediata)
CABITL1320,CABITL1320,Adaptador Display port a VGA (151962) El Convertidor Manhattan de DisplayPort a VGA ayuda a est,"Adaptador Display port a VGA (151962) El Convertidor Manhattan de DisplayPort a VGA ayuda a establecer una conexión rápida, sencilla y cómoda entre computadoras de escritorio o notebook y otras fuentes de medios equipadas con DisplayPort con monitores VGA. Este convertidor es sencillo y rápido de instalar y no requiere complicadas configuraciones o instalaciones para ayudar a extender la vida útil y el valor de antiguas pantallas, proyectores y otros equipos con VGA. Esta solución de bajo consumo de energía, rentable y confiable, permite a los usuarios de PC la transición a anchos de banda, resoluciones, Color Profundo de DisplayPort sin grastar o actualizar a nuevos y costosos monitores y proyectores. Su diseño integrado todo en uno elimina cables innecesarios, enredos y todo el desorden para mantener instalaciones y lugares de trabajo limpios y ordenados.",CT,d,7.846153846153846,153.0,7.85,229.5,229.5,306.0,214.2,183.6,laptops,./assets/img/catalog/laptops/CABITL1320.jpg,https://static.ctonline.mx/imagenes/CABITL1320/CABITL1320_400.jpg,48h Directa / 1 Año Fábrica,Pedro Moreno 501 A (Entrega Inmediata)
CABITL4840,CABITL4840,Extensión de Cable Auxiliar de Audio Estéreo  (356039) Manhattan De 3.5 mm macho a 3.5 mm hembr,"Extensión de Cable Auxiliar de Audio Estéreo  (356039) Manhattan De 3.5 mm macho a 3.5 mm hembra, 2 m (7 pies), contactos chapados en oro, diseño delgado, negro / plata. Un conector auxiliar estéreo macho y otro hembra de 3.5 mm para ampliar la conexión de una fuente multimedia a un dispositivo de audio. Ideal para todos los dispositivos con un conector estéreo de 3.5 mm, como sistemas de sonido para coches, auriculares, altavoces, teléfonos inteligentes, laptops, tabletas, iPods®, reproductores de MP3, amplificadores, etc.",CT,d,2.802197802197802,54.64,2.8,81.96,81.96,109.28,76.5,65.57,laptops,./assets/img/catalog/laptops/CABITL4840.jpg,https://static.ctonline.mx/imagenes/CABITL4840/CABITL4840_400.jpg,48h Directa / 1 Año Fábrica,Pedro Moreno 501 A (Entrega Inmediata)
SLXLMP790,SLXLMP790,Alcohol Isopropilico SILIMEX 7503018454344 de 500 ML  MINI TRIGGER .Para limpieza de tarjetas e,"Alcohol Isopropilico SILIMEX 7503018454344 de 500 ML  MINI TRIGGER .Para limpieza de tarjetas electronicas, componentes , circuitos electronicos, laptops, tablets, smart tv, smart phones de caulquier tipo. Caracteristicas: Evaporacion y alta pureza en sus componentes.",SILIMEX,m,75.58333333333334,75.58,3.88,113.37,113.37,151.16,105.81,90.7,laptops,./assets/img/catalog/laptops/SLXLMP790.jpg,https://static.ctonline.mx/imagenes/SLXLMP790/SLXLMP790_400.jpg,48h Directa / 1 Año Fábrica,Pedro Moreno 501 A (Entrega Inmediata)
SLXLMP750,SLXLMP750,IsoPro Alcohol Isopropílico SILIMEX 750300219690 de 250 ML con atomizador .Para limpieza de tar,"IsoPro Alcohol Isopropílico SILIMEX 750300219690 de 250 ML con atomizador .Para limpieza de tarjetas electrónicas, componentes y circuitos electrónicos, laptops, tablets, smart tv, smart phones de cualquier tipo. Características: Evaporación y alta pureza en sus componentes.",SILIMEX,m,55.05807814149948,55.06,2.82,82.59,82.59,110.12,77.08,66.07,laptops,./assets/img/catalog/laptops/SLXLMP750.jpg,https://static.ctonline.mx/imagenes/SLXLMP750/SLXLMP750_400.jpg,48h Directa / 1 Año Fábrica,Pedro Moreno 501 A (Entrega Inmediata)
SLXLMP340,SLXLMP340,"LAPTOP CLEANER, limpiador de laptops. Kit especializado en la limpieza y mantenimiento de todo ","LAPTOP CLEANER, limpiador de laptops. Kit especializado en la limpieza y mantenimiento de todo tipo de laptops. Fórmula sin alcohol y de limpieza ultra rápida. Incluye: 1 aire comprimido de 122g, 1 limpiador de 100 ml, 1 microfibra de 20 X 20 cm, 1 cepillo para limpieza.",LAPTOP,m,141.17212249208026,141.17,7.24,211.75,211.75,282.34,197.64,169.4,laptops,./assets/img/catalog/laptops/SLXLMP340.jpg,https://static.ctonline.mx/imagenes/SLXLMP340/SLXLMP340_400.jpg,48h Directa / 1 Año Fábrica,Pedro Moreno 501 A (Entrega Inmediata)
SLXLMP770,SLXLMP770,IsoPro Alcohol Isopropilico SILIMEX 750300219651 de 1 litro y  IsoPro Alcohol Isopropilico SILI,"IsoPro Alcohol Isopropilico SILIMEX 750300219651 de 1 litro y  IsoPro Alcohol Isopropilico SILIMEX 750300219651de 500ML con MINI TRIGGER .Para limpieza de tarjetas electrónicas, componentes , circuitos electrónicos, laptops, tablets, smart tv, smart phones de cualquier tipo. Características: Evaporación y alta pureza en sus componentes.",SILIMEX,m,164.7058823529412,164.71,8.45,247.06,247.06,329.42,230.59,197.65,laptops,./assets/img/catalog/laptops/SLXLMP770.jpg,https://static.ctonline.mx/imagenes/SLXLMP770/SLXLMP770_400.jpg,48h Directa / 1 Año Fábrica,Pedro Moreno 501 A (Entrega Inmediata)
PROLMP080,PROLMP080,"367165 TOWEL-EXPRESS PROLICOM, Toallas húmedas antiestaticas, Para pantallas de laptop y displa","367165 TOWEL-EXPRESS PROLICOM, Toallas húmedas antiestaticas, Para pantallas de laptop y displays LCD, CD`S, DVD`S y toda clase de cristal o mica, Envase de 30 PZAS",TOWEL-EXPRESS,m,33.97435897435897,33.97,1.74,50.95,50.95,67.94,47.56,40.76,laptops,./assets/img/catalog/laptops/PROLMP080.jpg,https://static.ctonline.mx/imagenes/PROLMP080/PROLMP080_400.jpg,48h Directa / 1 Año Fábrica,Pedro Moreno 501 A (Entrega Inmediata)
PROLMP270,PROLMP270,"367332 TWO PACK DE TOWEL-30 PROLICOM, 1 Towel Express húmedo Y 1 Dry Cloth Express para la limp","367332 TWO PACK DE TOWEL-30 PROLICOM, 1 Towel Express húmedo Y 1 Dry Cloth Express para la limpieza de Pantallas de laptop y displays LCD, CD`S, DVD`S y toda clase de cristal o mica, gadgets, superficies y componentes. 30 Pzas. c/u.",TWO,m,66.58974358974359,66.59,3.41,99.89,99.89,133.18,93.23,79.91,laptops,./assets/img/catalog/laptops/PROLMP270.jpg,https://static.ctonline.mx/imagenes/PROLMP270/PROLMP270_400.jpg,48h Directa / 1 Año Fábrica,Pedro Moreno 501 A (Entrega Inmediata)
PROLMP280,PROLMP280,"367349 TWO PACK DE TOWEL-70 PROLICOM, 1 Towel Express húmedo Y 1 Dry Cloth Express para la limp","367349 TWO PACK DE TOWEL-70 PROLICOM, 1 Towel Express húmedo Y 1 Dry Cloth Express para la limpieza de Pantallas de laptop y displays LCD, CD`S, DVD`S y toda clase de cristal o mica, gadgets, superficies y componentes. 70 Pzas. c/u.",TWO,m,153.73076923076923,153.73,7.88,230.59,230.59,307.46,215.22,184.48,laptops,./assets/img/catalog/laptops/PROLMP280.jpg,https://static.ctonline.mx/imagenes/PROLMP280/PROLMP280_400.jpg,48h Directa / 1 Año Fábrica,Pedro Moreno 501 A (Entrega Inmediata)
ACCOVL730,ACCOVL730,"Adaptador de corriente para computadora portátil, marca OVALTECH. OTAC-E74D 19.5V/2.31AH para D","Adaptador de corriente para computadora portátil, marca OVALTECH. OTAC-E74D 19.5V/2.31AH para DELL, Dell XPS 13 9343-4143 Notebook Dell XPS 13 L322X Ultrabook, Dell Ultrabook XPS: XPS 12 XPS 13 DELL XPS L322X 13D-148 13D-138 13D-148 DELL P29G Series, Dell XPS13 series.",CT,d,13.131868131868131,256.07,13.13,384.11,384.11,512.14,358.5,307.28,laptops,./assets/img/catalog/laptops/ACCOVL730.jpg,https://static.ctonline.mx/imagenes/ACCOVL730/ACCOVL730_400.jpg,48h Directa / 1 Año Fábrica,Pedro Moreno 501 A (Entrega Inmediata)
ACCOVL1120,ACCOVL1120,Adaptador / Cargador de corriente para Laptop OTAC-E74-65W OVALTECH de 65W 19.5V/3.33A Punta Az,Adaptador / Cargador de corriente para Laptop OTAC-E74-65W OVALTECH de 65W 19.5V/3.33A Punta Azul,CT,d,10.153846153846153,198.0,10.15,297.0,297.0,396.0,277.2,237.6,laptops,./assets/img/catalog/laptops/ACCOVL1120.jpg,https://static.ctonline.mx/imagenes/ACCOVL1120/ACCOVL1120_400.jpg,48h Directa / 1 Año Fábrica,Pedro Moreno 501 A (Entrega Inmediata)
ACCOVL1130,ACCOVL1130,Adaptador / Cargador de corriente para Laptop OTAC-E76D OVALTECH de 65W 19.5V/3.34A C/Blíster +,Adaptador / Cargador de corriente para Laptop OTAC-E76D OVALTECH de 65W 19.5V/3.34A C/Blíster + USB,CT,d,10.142857142857142,197.79,10.14,296.69,296.69,395.58,276.91,237.35,laptops,./assets/img/catalog/laptops/ACCOVL1130.jpg,https://static.ctonline.mx/imagenes/ACCOVL1130/ACCOVL1130_400.jpg,48h Directa / 1 Año Fábrica,Pedro Moreno 501 A (Entrega Inmediata)
ACCOVL140,ACCOVL140,Adaptador / Cargador de corriente para Laptop OTAC-E760 OVALTECH de 65W 19.5V/3.42A C/Blíster +,Adaptador / Cargador de corriente para Laptop OTAC-E760 OVALTECH de 65W 19.5V/3.42A C/Blíster + USB,CT,d,10.142857142857142,197.79,10.14,296.69,296.69,395.58,276.91,237.35,laptops,./assets/img/catalog/laptops/ACCOVL140.jpg,https://static.ctonline.mx/imagenes/ACCOVL140/ACCOVL140_400.jpg,48h Directa / 1 Año Fábrica,Pedro Moreno 501 A (Entrega Inmediata)
ACCOVL410,ACCOVL410,Adaptador / Cargador de corriente para Laptop OTAC-E77 OVALTECH de 90W 20V/4.5A C/Blíster + USB,Adaptador / Cargador de corriente para Laptop OTAC-E77 OVALTECH de 90W 20V/4.5A C/Blíster + USB,CT,d,10.736263736263735,209.36,10.74,314.04,314.04,418.72,293.1,251.23,laptops,./assets/img/catalog/laptops/ACCOVL410.jpg,https://static.ctonline.mx/imagenes/ACCOVL410/ACCOVL410_400.jpg,48h Directa / 1 Año Fábrica,Pedro Moreno 501 A (Entrega Inmediata)
BATOVL880,BATOVL880,Batería color Negro 6 celdas para Apple Macbook Air 13.3 7.6V 7200mah marca OVALTECH OTA1496 Co,Batería color Negro 6 celdas para Apple Macbook Air 13.3 7.6V 7200mah marca OVALTECH OTA1496 Color negro. Peso del Producto .176kg. Garantía 2 AÑOS.,CT,d,75.38461538461537,1470.0,75.38,2205.0,2205.0,2940.0,2058.0,1764.0,laptops,./assets/img/catalog/laptops/BATOVL880.jpg,https://static.ctonline.mx/imagenes/BATOVL880/BATOVL880_400.jpg,48h Directa / 1 Año Fábrica,Pedro Moreno 501 A (Entrega Inmediata)
BATOVL1310,BATOVL1310,Bateria color negro 6 celdas para Apple Macbook Pro Retina 15'' (Late 2013) 11.26V 7800mah marc,Bateria color negro 6 celdas para Apple Macbook Pro Retina 15'' (Late 2013) 11.26V 7800mah marca Ovaltech OVALTECH OTA1494 Color negro. Peso del Producto .176kg. Garantía 2 años.,CT,d,87.91208791208791,1714.29,87.91,2571.43,2571.43,3428.58,2400.01,2057.15,laptops,./assets/img/catalog/laptops/BATOVL1310.jpg,https://static.ctonline.mx/imagenes/BATOVL1310/BATOVL1310_400.jpg,48h Directa / 1 Año Fábrica,Pedro Moreno 501 A (Entrega Inmediata)
BATOVL1200,BATOVL1200,Batería color negro 11.4v 76.15wh / 6680mah para Apple MacBook Pro 15 A1707 Late 2016 OVALTECH ,Batería color negro 11.4v 76.15wh / 6680mah para Apple MacBook Pro 15 A1707 Late 2016 OVALTECH OTA1820. Color negro. Peso del Producto. 176kg. Garantía 2 años.,CT,d,85.91208791208791,1675.29,85.91,2512.93,2512.93,3350.58,2345.41,2010.35,laptops,./assets/img/catalog/laptops/BATOVL1200.jpg,https://static.ctonline.mx/imagenes/BATOVL1200/BATOVL1200_400.jpg,48h Directa / 1 Año Fábrica,Pedro Moreno 501 A (Entrega Inmediata)
BATOVL760,BATOVL760,BATERIA para computadora marca OVALTECH. OTA1175 Bateria 9 Celdas para Apple MacBook Pro 15 de ,BATERIA para computadora marca OVALTECH. OTA1175 Bateria 9 Celdas para Apple MacBook Pro 15 de Litio-Ion en Aluminio Ovaltech PROMO *HAE,BATERIA,d,62.637362637362635,1221.43,62.64,1832.14,1832.14,2442.86,1710.0,1465.72,laptops,./assets/img/catalog/laptops/BATOVL760.jpg,https://static.ctonline.mx/imagenes/BATOVL760/BATOVL760_400.jpg,48h Directa / 1 Año Fábrica,Pedro Moreno 501 A (Entrega Inmediata)
BATOVL470,BATOVL470,"Batería para computadora color blanco 6 celdas marca OVALTECH OTA1185-A  para Apple Macbook 13""","Batería para computadora color blanco 6 celdas marca OVALTECH OTA1185-A  para Apple Macbook 13"" de 10.8V 5200Mah",CT,d,52.912087912087905,1031.79,52.91,1547.68,1547.68,2063.58,1444.51,1238.15,laptops,./assets/img/catalog/laptops/BATOVL470.jpg,https://static.ctonline.mx/imagenes/BATOVL470/BATOVL470_400.jpg,48h Directa / 1 Año Fábrica,Pedro Moreno 501 A (Entrega Inmediata)
BATOVL730,BATOVL730,"BATERIA para computadora portatil DE 6 CELDAS OVALTECH OTA1331 Compatible con, Apple MacBook pr","BATERIA para computadora portatil DE 6 CELDAS OVALTECH OTA1331 Compatible con, Apple MacBook pro 13"" de 10.8V 5600Mah",BATERIA,d,54.94505494505494,1071.43,54.95,1607.14,1607.14,2142.86,1500.0,1285.72,laptops,./assets/img/catalog/laptops/BATOVL730.jpg,https://static.ctonline.mx/imagenes/BATOVL730/BATOVL730_400.jpg,48h Directa / 1 Año Fábrica,Pedro Moreno 501 A (Entrega Inmediata)
BATOVL580,BATOVL580,"Batería para computadora marca OVALTECH OTA1322 Bateria 6 Celdas para Apple MacBook Pro 13"" (20","Batería para computadora marca OVALTECH OTA1322 Bateria 6 Celdas para Apple MacBook Pro 13"" (2009) de Litio-Ion en Plastico marca Ovaltech",CT,d,87.69230769230768,1710.0,87.69,2565.0,2565.0,3420.0,2394.0,2052.0,laptops,./assets/img/catalog/laptops/BATOVL580.jpg,https://static.ctonline.mx/imagenes/BATOVL580/BATOVL580_400.jpg,48h Directa / 1 Año Fábrica,Pedro Moreno 501 A (Entrega Inmediata)
BATOVL590,BATOVL590,"Batería para computadora portátil de 6 celdas color negro marca OVALTECH, OTA1321, Compatible c","Batería para computadora portátil de 6 celdas color negro marca OVALTECH, OTA1321, Compatible con, Apple MacBook pro 15"" de 10.8V 5200 MaH.",CT,d,78.46153846153847,1530.0,78.46,2295.0,2295.0,3060.0,2142.0,1836.0,laptops,./assets/img/catalog/laptops/BATOVL590.jpg,https://static.ctonline.mx/imagenes/BATOVL590/BATOVL590_400.jpg,48h Directa / 1 Año Fábrica,Pedro Moreno 501 A (Entrega Inmediata)
BATOVL770,BATOVL770,"Batería para computadora portátil de 6 celdas color negro marca OVALTECH, OTA1382, Compatible c","Batería para computadora portátil de 6 celdas color negro marca OVALTECH, OTA1382, Compatible con, Apple MacBook pro 15"" de 10.8V 5600 MaH.",CT,d,70.82417582417582,1381.07,70.82,2071.61,2071.61,2762.14,1933.5,1657.28,laptops,./assets/img/catalog/laptops/BATOVL770.jpg,https://static.ctonline.mx/imagenes/BATOVL770/BATOVL770_400.jpg,48h Directa / 1 Año Fábrica,Pedro Moreno 501 A (Entrega Inmediata)
BATOVL1020,BATOVL1020,Bateria OvalTech OTA1495 de 6 celdas compatible con: MacBook Air 11 (2013) A1406 A1495,Bateria OvalTech OTA1495 de 6 celdas compatible con: MacBook Air 11 (2013) A1406 A1495,OTA1495,d,57.69230769230769,1125.0,57.69,1687.5,1687.5,2250.0,1575.0,1350.0,laptops,./assets/img/catalog/laptops/BATOVL1020.jpg,https://static.ctonline.mx/imagenes/BATOVL1020/BATOVL1020_400.jpg,48h Directa / 1 Año Fábrica,Pedro Moreno 501 A (Entrega Inmediata)
BATOVL1160,BATOVL1160,Bateria para computadora portatil OTA1417 de 6 celdas para Apple MacBook Pro 15″ 2012 2013 Reti,"Bateria para computadora portatil OTA1417 de 6 celdas para Apple MacBook Pro 15″ 2012 2013 Retina, números de parte: A1398, A1417 de 10.95V 7800mah color negro marca Ovaltech",CT,d,73.02197802197803,1423.93,73.02,2135.89,2135.89,2847.86,1993.5,1708.72,laptops,./assets/img/catalog/laptops/BATOVL1160.jpg,https://static.ctonline.mx/imagenes/BATOVL1160/BATOVL1160_400.jpg,48h Directa / 1 Año Fábrica,Pedro Moreno 501 A (Entrega Inmediata)
BATOVL2000,BATOVL2000,Bateria para computadora portatil OTA1493 de 6 celdas para Apple MacBook Pro 13″ Late 2013 Reti,"Bateria para computadora portatil OTA1493 de 6 celdas para Apple MacBook Pro 13″ Late 2013 Retina A1502 (año 2013-2014 con pantalla de Retina), Retina, 13-inch, 2015 11.34V Números de parte: 20-8146, 020-8148, A1502, A1493, C02LQ05PFH03, A1582 ME864 ME865 6330mah color negro marca Ovaltech",CT,d,83.51648351648352,1628.57,83.52,2442.86,2442.86,3257.14,2280.0,1954.28,laptops,./assets/img/catalog/laptops/BATOVL2000.jpg,https://static.ctonline.mx/imagenes/BATOVL2000/BATOVL2000_400.jpg,48h Directa / 1 Año Fábrica,Pedro Moreno 501 A (Entrega Inmediata)
BATOVL1230,BATOVL1230,Batería color negro 11.26V / 98WH para Apple Macbook Pro Retina 15'' (Late 2013 - Mid 2015) OVA,Batería color negro 11.26V / 98WH para Apple Macbook Pro Retina 15'' (Late 2013 - Mid 2015) OVALTECH OTA1618 Color negro. Peso del Producto .176kg. Garantía 1 años.,11.26V,d,76.92307692307692,1500.0,76.92,2250.0,2250.0,3000.0,2100.0,1800.0,laptops,./assets/img/catalog/laptops/BATOVL1230.jpg,https://static.ctonline.mx/imagenes/BATOVL1230/BATOVL1230_400.jpg,48h Directa / 1 Año Fábrica,Pedro Moreno 501 A (Entrega Inmediata)
BATOVL1240,BATOVL1240,Batería para computadora color negro marca OVALTECH OTA1819 11.41v / 49.29wh para Apple MacBook,"Batería para computadora color negro marca OVALTECH OTA1819 11.41v / 49.29wh para Apple MacBook Pro 13"" Thunderbolt Ports (Late 2016 - Mid 2017)",CT,d,78.84615384615384,1537.5,78.85,2306.25,2306.25,3075.0,2152.5,1845.0,laptops,./assets/img/catalog/laptops/BATOVL1240.jpg,https://static.ctonline.mx/imagenes/BATOVL1240/BATOVL1240_400.jpg,48h Directa / 1 Año Fábrica,Pedro Moreno 501 A (Entrega Inmediata)
BATOVL1250,BATOVL1250,"Batería color negro 11.4v / 55wh para Apple MacBook Air 13'' (M1, 2020) OVALTECH OTA2389 Color ","Batería color negro 11.4v / 55wh para Apple MacBook Air 13'' (M1, 2020) OVALTECH OTA2389 Color negro. Peso del Producto .176kg. Garantía 1 años.",CT,d,64.83516483516483,1264.29,64.84,1896.43,1896.43,2528.58,1770.01,1517.15,laptops,./assets/img/catalog/laptops/BATOVL1250.jpg,https://static.ctonline.mx/imagenes/BATOVL1250/BATOVL1250_400.jpg,48h Directa / 1 Año Fábrica,Pedro Moreno 501 A (Entrega Inmediata)
BATOVL1260,BATOVL1260,"Batería color negro 11.4v / 84.36wh para Apple MacBook Pro 15"" Mid 2018 2019 OVALTECH OTA1953 C","Batería color negro 11.4v / 84.36wh para Apple MacBook Pro 15"" Mid 2018 2019 OVALTECH OTA1953 Color negro. Peso del Producto .176kg. Garantía 1 años.",CT,d,85.71428571428571,1671.43,85.71,2507.14,2507.14,3342.86,2340.0,2005.72,laptops,./assets/img/catalog/laptops/BATOVL1260.jpg,https://static.ctonline.mx/imagenes/BATOVL1260/BATOVL1260_400.jpg,48h Directa / 1 Año Fábrica,Pedro Moreno 501 A (Entrega Inmediata)
BATOVL1270,BATOVL1270,"Batería color negro 11.4v / 84.36wh para Apple MacBook Pro 15"" Mid 2018 2019 OVALTECH OTA1964 C","Batería color negro 11.4v / 84.36wh para Apple MacBook Pro 15"" Mid 2018 2019 OVALTECH OTA1964 Color negro. Peso del Producto .176kg. Garantía 1 años.",CT,d,80.76923076923076,1575.0,80.77,2362.5,2362.5,3150.0,2205.0,1890.0,laptops,./assets/img/catalog/laptops/BATOVL1270.jpg,https://static.ctonline.mx/imagenes/BATOVL1270/BATOVL1270_400.jpg,48h Directa / 1 Año Fábrica,Pedro Moreno 501 A (Entrega Inmediata)
BATOVL1300,BATOVL1300,OTA1713 Bateria color negro 11.41v 58.19wh / 5100mah para Apple MacBook Pro 13'' Model A1708 La,OTA1713 Bateria color negro 11.41v 58.19wh / 5100mah para Apple MacBook Pro 13'' Model A1708 Late 2016 Mid 2017 marca Ovaltech OTA1713. Color negro. Peso del Producto .176kg. Garantía 2 años.,OTA1713,d,87.91208791208791,1714.29,87.91,2571.43,2571.43,3428.58,2400.01,2057.15,laptops,./assets/img/catalog/laptops/BATOVL1300.jpg,https://static.ctonline.mx/imagenes/BATOVL1300/BATOVL1300_400.jpg,48h Directa / 1 Año Fábrica,Pedro Moreno 501 A (Entrega Inmediata)
BATOVL1190,BATOVL1190,Batería para Laptop Asus OTUX441 de 3 Celdas Interna para Asus X441UA X441UV X441SA X441SC Seri,"Batería para Laptop Asus OTUX441 de 3 Celdas Interna para Asus X441UA X441UV X441SA X441SC Serie, A31N1537",CT,d,25.670329670329668,500.57,25.67,750.86,750.86,1001.14,700.8,600.68,laptops,./assets/img/catalog/laptops/BATOVL1190.jpg,https://static.ctonline.mx/imagenes/BATOVL1190/BATOVL1190_400.jpg,48h Directa / 1 Año Fábrica,Pedro Moreno 501 A (Entrega Inmediata)
BATOVL660,BATOVL660,Batería para Laptop HP OTH6930 de 6 celdas para HP Business notebook 6530B de  10.8V 4400Mah,Batería para Laptop HP OTH6930 de 6 celdas para HP Business notebook 6530B de  10.8V 4400Mah,CT,d,32.87912087912088,641.14,32.88,961.71,961.71,1282.28,897.6,769.37,laptops,./assets/img/catalog/laptops/BATOVL660.jpg,https://static.ctonline.mx/imagenes/BATOVL660/BATOVL660_400.jpg,48h Directa / 1 Año Fábrica,Pedro Moreno 501 A (Entrega Inmediata)
BATOVL1080,BATOVL1080,"Batería para Laptop Acer OTRA725 de 4 celdas para ACER Aspire V5-171, One 725 Series  de  14.8V","Batería para Laptop Acer OTRA725 de 4 celdas para ACER Aspire V5-171, One 725 Series  de  14.8V 2200mAh",CT,d,31.42857142857143,612.86,31.43,919.29,919.29,1225.72,858.0,735.43,laptops,./assets/img/catalog/laptops/BATOVL1080.jpg,https://static.ctonline.mx/imagenes/BATOVL1080/BATOVL1080_400.jpg,48h Directa / 1 Año Fábrica,Pedro Moreno 501 A (Entrega Inmediata)
BATOVL1050,BATOVL1050,Batería para Laptop Asus OTUX551 de 4 Celdas para  Asus X451 X551 Series,Batería para Laptop Asus OTUX551 de 4 Celdas para  Asus X451 X551 Series,CT,d,24.9010989010989,485.57,24.9,728.36,728.36,971.14,679.8,582.68,laptops,./assets/img/catalog/laptops/BATOVL1050.jpg,https://static.ctonline.mx/imagenes/BATOVL1050/BATOVL1050_400.jpg,48h Directa / 1 Año Fábrica,Pedro Moreno 501 A (Entrega Inmediata)
BATOVL250,BATOVL250,Batería para Laptop Lenovo OTIG460 de 6 Celdas para Lenovo G460 de  10.8v 5200 Mah,Batería para Laptop Lenovo OTIG460 de 6 Celdas para Lenovo G460 de  10.8v 5200 Mah,CT,d,41.48351648351648,808.93,41.48,1213.39,1213.39,1617.86,1132.5,970.72,laptops,./assets/img/catalog/laptops/BATOVL250.jpg,https://static.ctonline.mx/imagenes/BATOVL250/BATOVL250_400.jpg,48h Directa / 1 Año Fábrica,Pedro Moreno 501 A (Entrega Inmediata)
BATOVL220,BATOVL220,"Batería para Laptop Dell OTD5093 de 6 celdas para de Dell Latitude  E5400, E5410 de  11.1V 4400","Batería para Laptop Dell OTD5093 de 6 celdas para de Dell Latitude  E5400, E5410 de  11.1V 4400Mah",CT,d,33.51648351648352,653.57,33.52,980.36,980.36,1307.14,915.0,784.28,laptops,./assets/img/catalog/laptops/BATOVL220.jpg,https://static.ctonline.mx/imagenes/BATOVL220/BATOVL220_400.jpg,48h Directa / 1 Año Fábrica,Pedro Moreno 501 A (Entrega Inmediata)
BATOVL850,BATOVL850,Batería para Laptop Dell OTT3820 de 6 Celdas para Toshiba SateDellite T215D 10.8v 5200 Mah,Batería para Laptop Dell OTT3820 de 6 Celdas para Toshiba SateDellite T215D 10.8v 5200 Mah,CT,d,33.73626373626374,657.86,33.74,986.79,986.79,1315.72,921.0,789.43,laptops,./assets/img/catalog/laptops/BATOVL850.jpg,https://static.ctonline.mx/imagenes/BATOVL850/BATOVL850_400.jpg,48h Directa / 1 Año Fábrica,Pedro Moreno 501 A (Entrega Inmediata)
BATOVL1070,BATOVL1070,Batería para Laptop Hp OTHY04 de 4 Celdas para Pavilion TouchSmart SleekBook 14 Series,Batería para Laptop Hp OTHY04 de 4 Celdas para Pavilion TouchSmart SleekBook 14 Series,CT,d,30.769230769230766,600.0,30.77,900.0,900.0,1200.0,840.0,720.0,laptops,./assets/img/catalog/laptops/BATOVL1070.jpg,https://static.ctonline.mx/imagenes/BATOVL1070/BATOVL1070_400.jpg,48h Directa / 1 Año Fábrica,Pedro Moreno 501 A (Entrega Inmediata)
BATOVL1170,BATOVL1170,Batería para Laptop Dell OTD1564 de 6 Celdas para Dell INSPIRON 1464 color Negro,Batería para Laptop Dell OTD1564 de 6 Celdas para Dell INSPIRON 1464 color Negro,CT,d,36.86813186813186,718.93,36.87,1078.39,1078.39,1437.86,1006.5,862.72,laptops,./assets/img/catalog/laptops/BATOVL1170.jpg,https://static.ctonline.mx/imagenes/BATOVL1170/BATOVL1170_400.jpg,48h Directa / 1 Año Fábrica,Pedro Moreno 501 A (Entrega Inmediata)
BATOVL1360,BATOVL1360,Batería para Laptop HP OTHBP02XL Interna (P) 7.7V para HP Pavilion PC 15 Series 15-AW000 15-AU0,Batería para Laptop HP OTHBP02XL Interna (P) 7.7V para HP Pavilion PC 15 Series 15-AW000 15-AU000 BP02XL,CT,d,32.967032967032964,642.86,32.97,964.29,964.29,1285.72,900.0,771.43,laptops,./assets/img/catalog/laptops/BATOVL1360.jpg,https://static.ctonline.mx/imagenes/BATOVL1360/BATOVL1360_400.jpg,48h Directa / 1 Año Fábrica,Pedro Moreno 501 A (Entrega Inmediata)
BATOVL1140,BATOVL1140,"Batería para computadora color negro 6 celdas marca OVALTECH OTA1383 para Apple MacBook pro 17""","Batería para computadora color negro 6 celdas marca OVALTECH OTA1383 para Apple MacBook pro 17"" A1297",CT,d,62.637362637362635,1221.43,62.64,1832.14,1832.14,2442.86,1710.0,1465.72,laptops,./assets/img/catalog/laptops/BATOVL1140.jpg,https://static.ctonline.mx/imagenes/BATOVL1140/BATOVL1140_400.jpg,48h Directa / 1 Año Fábrica,Pedro Moreno 501 A (Entrega Inmediata)
BATOVL750,BATOVL750,Batería para computadora color negro 6 celdas marca OVALTECH OTA1245  para Apple MacBook Air 13,"Batería para computadora color negro 6 celdas marca OVALTECH OTA1245  para Apple MacBook Air 13"" de 7.3V 6600Mah",CT,d,34.065934065934066,664.29,34.07,996.43,996.43,1328.58,930.01,797.15,laptops,./assets/img/catalog/laptops/BATOVL750.jpg,https://static.ctonline.mx/imagenes/BATOVL750/BATOVL750_400.jpg,48h Directa / 1 Año Fábrica,Pedro Moreno 501 A (Entrega Inmediata)
BATOVL830,BATOVL830,"Batería para computadora color negro 6 celdas marca OVALTECH OTA1309 para Apple MacBook pro 17""","Batería para computadora color negro 6 celdas marca OVALTECH OTA1309 para Apple MacBook pro 17"" de 7.4V 11200Mah",CT,d,62.637362637362635,1221.43,62.64,1832.14,1832.14,2442.86,1710.0,1465.72,laptops,./assets/img/catalog/laptops/BATOVL830.jpg,https://static.ctonline.mx/imagenes/BATOVL830/BATOVL830_400.jpg,48h Directa / 1 Año Fábrica,Pedro Moreno 501 A (Entrega Inmediata)
BATOVL1600,BATOVL1600,Batería para computadora color negro marca OVALTECH OTA1965 11.4v 55wh / 4800mah para Apple Mac,Batería para computadora color negro marca OVALTECH OTA1965 11.4v 55wh / 4800mah para Apple MacBook Air 13'' A1932 A2179 2018 2019 2020,CT,d,76.75824175824175,1496.79,76.76,2245.18,2245.18,2993.58,2095.51,1796.15,laptops,./assets/img/catalog/laptops/BATOVL1600.jpg,https://static.ctonline.mx/imagenes/BATOVL1600/BATOVL1600_400.jpg,48h Directa / 1 Año Fábrica,Pedro Moreno 501 A (Entrega Inmediata)
BATOVL1610,BATOVL1610,Batería para computadora color negro marca OVALTECH OTA1705  7.56v / 36.28wh para Apple MacBook,Batería para computadora color negro marca OVALTECH OTA1705  7.56v / 36.28wh para Apple MacBook Pro 12'' A1534 A1705 (Early 2015 2016 2017),CT,d,68.97802197802199,1345.07,68.98,2017.61,2017.61,2690.14,1883.1,1614.08,laptops,./assets/img/catalog/laptops/BATOVL1610.jpg,https://static.ctonline.mx/imagenes/BATOVL1610/BATOVL1610_400.jpg,48h Directa / 1 Año Fábrica,Pedro Moreno 501 A (Entrega Inmediata)
BATOVL1630,BATOVL1630,"Batería para computadora color negro 6 celdas marca OVALTECH OTA1185-B  para Apple Macbook 13"" ","Batería para computadora color negro 6 celdas marca OVALTECH OTA1185-B  para Apple Macbook 13"" de 10.8V 5200Mah",CT,d,62.637362637362635,1221.43,62.64,1832.14,1832.14,2442.86,1710.0,1465.72,laptops,./assets/img/catalog/laptops/BATOVL1630.jpg,https://static.ctonline.mx/imagenes/BATOVL1630/BATOVL1630_400.jpg,48h Directa / 1 Año Fábrica,Pedro Moreno 501 A (Entrega Inmediata)
BATOVL1640,BATOVL1640,Batería para computadora 6 celdas marca OVALTECH OTA1189 para Apple MacBook Pro 117 de Litio-Io,Batería para computadora 6 celdas marca OVALTECH OTA1189 para Apple MacBook Pro 117 de Litio-Ion en Aluminio,CT,d,88.38461538461539,1723.5,88.38,2585.25,2585.25,3447.0,2412.9,2068.2,laptops,./assets/img/catalog/laptops/BATOVL1640.jpg,https://static.ctonline.mx/imagenes/BATOVL1640/BATOVL1640_400.jpg,48h Directa / 1 Año Fábrica,Pedro Moreno 501 A (Entrega Inmediata)
BATOVL1650,BATOVL1650,Batería para computadora color negro OVALTECH OTA2519  11.46v / 69.96wh para Apple MacBook Pro ,Batería para computadora color negro OVALTECH OTA2519  11.46v / 69.96wh para Apple MacBook Pro 18'' A2519 A2442 ( End-2021),CT,d,110.76923076923076,2160.0,110.77,3240.0,3240.0,4320.0,3024.0,2592.0,laptops,./assets/img/catalog/laptops/BATOVL1650.jpg,https://static.ctonline.mx/imagenes/BATOVL1650/BATOVL1650_400.jpg,48h Directa / 1 Año Fábrica,Pedro Moreno 501 A (Entrega Inmediata)
BATOVL1660,BATOVL1660,Batería para computadora color negro marca OVALTECH OTA2527 Batería color negro 11.45v / 99.6wh,Batería para computadora color negro marca OVALTECH OTA2527 Batería color negro 11.45v / 99.6wh para Apple MacBook Pro 18'' A2527 ( End-2021),CT,d,115.19780219780219,2246.36,115.2,3369.54,3369.54,4492.72,3144.9,2695.63,laptops,./assets/img/catalog/laptops/BATOVL1660.jpg,https://static.ctonline.mx/imagenes/BATOVL1660/BATOVL1660_400.jpg,48h Directa / 1 Año Fábrica,Pedro Moreno 501 A (Entrega Inmediata)
ACCGEN300,ACCGEN300,Cargador de Laptop 65W AC-TOSHIBA compatible con la mayoría de equipos Toshiba Garantía 3 meses,Cargador de Laptop 65W AC-TOSHIBA compatible con la mayoría de equipos Toshiba Garantía 3 meses.,65W,d,6.142857142857142,119.79,6.14,179.69,179.69,239.58,167.71,143.75,laptops,./assets/img/catalog/laptops/ACCGEN300.jpg,https://static.ctonline.mx/imagenes/ACCGEN300/ACCGEN300_400.jpg,48h Directa / 1 Año Fábrica,Pedro Moreno 501 A (Entrega Inmediata)
ACCGEN310,ACCGEN310,Cargador de Laptop 65W AC-ACER compatible con la mayoría de equipos Acer Garantía 3 meses.,Cargador de Laptop 65W AC-ACER compatible con la mayoría de equipos Acer Garantía 3 meses.,65W,d,6.142857142857142,119.79,6.14,179.69,179.69,239.58,167.71,143.75,laptops,./assets/img/catalog/laptops/ACCGEN310.jpg,https://static.ctonline.mx/imagenes/ACCGEN310/ACCGEN310_400.jpg,48h Directa / 1 Año Fábrica,Pedro Moreno 501 A (Entrega Inmediata)
ACCGEN320,ACCGEN320,Cargador de Laptop 65W AC-HP Pin Central compatible con equipos HP y Compaq Garantía 3 meses.,Cargador de Laptop 65W AC-HP Pin Central compatible con equipos HP y Compaq Garantía 3 meses.,65W,d,6.989010989010989,136.29,6.99,204.44,204.44,272.58,190.81,163.55,laptops,./assets/img/catalog/laptops/ACCGEN320.jpg,https://static.ctonline.mx/imagenes/ACCGEN320/ACCGEN320_400.jpg,48h Directa / 1 Año Fábrica,Pedro Moreno 501 A (Entrega Inmediata)
ACCGEN330,ACCGEN330,"Cargador de Laptop 40W AC-MINI para Mini Latops Acer One, Dell Mini Garantía 3 meses.","Cargador de Laptop 40W AC-MINI para Mini Latops Acer One, Dell Mini Garantía 3 meses.",40W,d,6.142857142857142,119.79,6.14,179.69,179.69,239.58,167.71,143.75,laptops,./assets/img/catalog/laptops/ACCGEN330.jpg,https://static.ctonline.mx/imagenes/ACCGEN330/ACCGEN330_400.jpg,48h Directa / 1 Año Fábrica,Pedro Moreno 501 A (Entrega Inmediata)
ACCGEN340,ACCGEN340,"Cargador de Laptop AC-HP-AMARILLA 65W 18.5V-3.5A (4.8*1.7), compatible con HP Compaq garantía 6","Cargador de Laptop AC-HP-AMARILLA 65W 18.5V-3.5A (4.8*1.7), compatible con HP Compaq garantía 6 meses.",AC-HP-AMARILLA,d,6.604395604395604,128.79,6.6,193.19,193.19,257.58,180.31,154.55,laptops,./assets/img/catalog/laptops/ACCGEN340.jpg,https://static.ctonline.mx/imagenes/ACCGEN340/ACCGEN340_400.jpg,48h Directa / 1 Año Fábrica,Pedro Moreno 501 A (Entrega Inmediata)
ACCGEN350,ACCGEN350,Cargador de Laptop 65W AC-DELL compatible con la mayoría de equipos de la marca Dell Garantía 3,Cargador de Laptop 65W AC-DELL compatible con la mayoría de equipos de la marca Dell Garantía 3 meses.,65W,d,6.989010989010989,136.29,6.99,204.44,204.44,272.58,190.81,163.55,laptops,./assets/img/catalog/laptops/ACCGEN350.jpg,https://static.ctonline.mx/imagenes/ACCGEN350/ACCGEN350_400.jpg,48h Directa / 1 Año Fábrica,Pedro Moreno 501 A (Entrega Inmediata)
ACCGEN360,ACCGEN360,Cargador de Laptop 40W AC-HP MINI para equipos Netbook de la marca HP Mini Garantía 3 meses.,Cargador de Laptop 40W AC-HP MINI para equipos Netbook de la marca HP Mini Garantía 3 meses.,40W,d,7.065934065934066,137.79,7.07,206.69,206.69,275.58,192.91,165.35,laptops,./assets/img/catalog/laptops/ACCGEN360.jpg,https://static.ctonline.mx/imagenes/ACCGEN360/ACCGEN360_400.jpg,48h Directa / 1 Año Fábrica,Pedro Moreno 501 A (Entrega Inmediata)
ACCGEN370,ACCGEN370,Cargador de Laptop 90W AC-SONY VAIO para la mayoría de equipos Sony VAIO Garantía 3 meses.,Cargador de Laptop 90W AC-SONY VAIO para la mayoría de equipos Sony VAIO Garantía 3 meses.,90W,d,7.054945054945055,137.57,7.05,206.35,206.35,275.14,192.6,165.08,laptops,./assets/img/catalog/laptops/ACCGEN370.jpg,https://static.ctonline.mx/imagenes/ACCGEN370/ACCGEN370_400.jpg,48h Directa / 1 Año Fábrica,Pedro Moreno 501 A (Entrega Inmediata)
ACCGEN380,ACCGEN380,Cargador de Laptop 45W AC-DELL PUNTA AZUL compatible con modelos recientes de la marca Dell Gar,Cargador de Laptop 45W AC-DELL PUNTA AZUL compatible con modelos recientes de la marca Dell Garantía 3 meses.,45W,d,7.263736263736264,141.64,7.26,212.46,212.46,283.28,198.3,169.97,laptops,./assets/img/catalog/laptops/ACCGEN380.jpg,https://static.ctonline.mx/imagenes/ACCGEN380/ACCGEN380_400.jpg,48h Directa / 1 Año Fábrica,Pedro Moreno 501 A (Entrega Inmediata)
ACCGEN390,ACCGEN390,Cargador de Laptop 90W AC-SAMSUNG compatible para Samsung Garantía 3 meses.,Cargador de Laptop 90W AC-SAMSUNG compatible para Samsung Garantía 3 meses.,90W,d,6.989010989010989,136.29,6.99,204.44,204.44,272.58,190.81,163.55,laptops,./assets/img/catalog/laptops/ACCGEN390.jpg,https://static.ctonline.mx/imagenes/ACCGEN390/ACCGEN390_400.jpg,48h Directa / 1 Año Fábrica,Pedro Moreno 501 A (Entrega Inmediata)
ACCGEN400,ACCGEN400,Cargador de Laptop 90W 20V 4.62A (punta cuadrada) para Lenovo Garantía 3 meses.,Cargador de Laptop 90W 20V 4.62A (punta cuadrada) para Lenovo Garantía 3 meses.,90W,d,7.3076923076923075,142.5,7.31,213.75,213.75,285.0,199.5,171.0,laptops,./assets/img/catalog/laptops/ACCGEN400.jpg,https://static.ctonline.mx/imagenes/ACCGEN400/ACCGEN400_400.jpg,48h Directa / 1 Año Fábrica,Pedro Moreno 501 A (Entrega Inmediata)
ACCGEN410,ACCGEN410,Cargador de Laptop AC-HP-AZUL 90W 19.5V 4.62A (4.5*3.0) Punta azul para HP Garantía 6 meses.,Cargador de Laptop AC-HP-AZUL 90W 19.5V 4.62A (4.5*3.0) Punta azul para HP Garantía 6 meses.,AC-HP-AZUL,d,6.89010989010989,134.36,6.89,201.54,201.54,268.72,188.1,161.23,laptops,./assets/img/catalog/laptops/ACCGEN410.jpg,https://static.ctonline.mx/imagenes/ACCGEN410/ACCGEN410_400.jpg,48h Directa / 1 Año Fábrica,Pedro Moreno 501 A (Entrega Inmediata)
ACCGEN470,ACCGEN470,Cargador de Laptop 33W AC-ASUS NUEVO ASUS 19V-1.75A (4.0*1.35) Garantía 3 meses.,Cargador de Laptop 33W AC-ASUS NUEVO ASUS 19V-1.75A (4.0*1.35) Garantía 3 meses.,33W,d,6.263736263736264,122.14,6.26,183.21,183.21,244.28,171.0,146.57,laptops,./assets/img/catalog/laptops/ACCGEN470.jpg,https://static.ctonline.mx/imagenes/ACCGEN470/ACCGEN470_400.jpg,48h Directa / 1 Año Fábrica,Pedro Moreno 501 A (Entrega Inmediata)
ACCGEN460,ACCGEN460,"Cargador Laptop HP AC-HPAZUL45W 45W 19.5V 2.31A (4.5*3.0), garantia 6 meses.","Cargador Laptop HP AC-HPAZUL45W 45W 19.5V 2.31A (4.5*3.0), garantia 6 meses.",AC-HPAZUL45W,d,6.285714285714286,122.57,6.29,183.85,183.85,245.14,171.6,147.08,laptops,./assets/img/catalog/laptops/ACCGEN460.jpg,https://static.ctonline.mx/imagenes/ACCGEN460/ACCGEN460_400.jpg,48h Directa / 1 Año Fábrica,Pedro Moreno 501 A (Entrega Inmediata)
ACCGEN510,ACCGEN510,"Cargador de Laptop AC-LENOVO45 40W 20V/2.25A (4.0*1.7), garantia 6 meses.","Cargador de Laptop AC-LENOVO45 40W 20V/2.25A (4.0*1.7), garantia 6 meses.",AC-LENOVO45,d,7.021978021978021,136.93,7.02,205.4,205.4,273.86,191.7,164.32,laptops,./assets/img/catalog/laptops/ACCGEN510.jpg,https://static.ctonline.mx/imagenes/ACCGEN510/ACCGEN510_400.jpg,48h Directa / 1 Año Fábrica,Pedro Moreno 501 A (Entrega Inmediata)
ACCGEN520,ACCGEN520,"Cargador de Laptop AC-LENOVO65 65W 20V/3.25A (4.0*1.7), garantía 6 meses.","Cargador de Laptop AC-LENOVO65 65W 20V/3.25A (4.0*1.7), garantía 6 meses.",AC-LENOVO65,d,7.164835164835164,139.71,7.16,209.56,209.56,279.42,195.59,167.65,laptops,./assets/img/catalog/laptops/ACCGEN520.jpg,https://static.ctonline.mx/imagenes/ACCGEN520/ACCGEN520_400.jpg,48h Directa / 1 Año Fábrica,Pedro Moreno 501 A (Entrega Inmediata)
ACCGEN560,ACCGEN560,Adaptador / Cargador de corriente para Laptop AC-HPAZUL65W 65W 19.5V/3.33A (4.5*3.0) Marca Gene,Adaptador / Cargador de corriente para Laptop AC-HPAZUL65W 65W 19.5V/3.33A (4.5*3.0) Marca Generico,CT,d,6.499999999999999,126.75,6.5,190.12,190.12,253.5,177.45,152.1,laptops,./assets/img/catalog/laptops/ACCGEN560.jpg,https://static.ctonline.mx/imagenes/ACCGEN560/ACCGEN560_400.jpg,48h Directa / 1 Año Fábrica,Pedro Moreno 501 A (Entrega Inmediata)
ACCGEN3050,ACCGEN3050,Adaptador de corriente para laptop GENERICO AC-LENOVO-GRIS. Color negro. Peso del Producto .176,Adaptador de corriente para laptop GENERICO AC-LENOVO-GRIS. Color negro. Peso del Producto .176kg. Garantía 3 meses.,CT,d,7.833333333333333,152.75,7.83,229.12,229.12,305.5,213.85,183.3,laptops,./assets/img/catalog/laptops/ACCGEN3050.jpg,https://static.ctonline.mx/imagenes/ACCGEN3050/ACCGEN3050_400.jpg,48h Directa / 1 Año Fábrica,Pedro Moreno 501 A (Entrega Inmediata)
ACCGEN3060,ACCGEN3060,Adaptador de corriente para laptop GENERICO AC-LENOVO-CAFE. Color negro. Peso del Producto .176,Adaptador de corriente para laptop GENERICO AC-LENOVO-CAFE. Color negro. Peso del Producto .176kg. Garantía 3 meses.,CT,d,7.644444444444444,149.07,7.64,223.6,223.6,298.14,208.7,178.88,laptops,./assets/img/catalog/laptops/ACCGEN3060.jpg,https://static.ctonline.mx/imagenes/ACCGEN3060/ACCGEN3060_400.jpg,48h Directa / 1 Año Fábrica,Pedro Moreno 501 A (Entrega Inmediata)
ACCGEN3070,ACCGEN3070,Adaptador de corriente para laptop GENERICO AC-LENOVO-CH. Color negro. Peso del Producto .176kg,Adaptador de corriente para laptop GENERICO AC-LENOVO-CH. Color negro. Peso del Producto .176kg. Garantía 3 meses.,CT,d,9.655555555555555,188.28,9.66,282.42,282.42,376.56,263.59,225.94,laptops,./assets/img/catalog/laptops/ACCGEN3070.jpg,https://static.ctonline.mx/imagenes/ACCGEN3070/ACCGEN3070_400.jpg,48h Directa / 1 Año Fábrica,Pedro Moreno 501 A (Entrega Inmediata)
ACCGEN3080,ACCGEN3080,Adaptador de corriente para laptop GENERICO AC-TOSHIBA-MINI. Color negro. Peso del Producto .17,Adaptador de corriente para laptop GENERICO AC-TOSHIBA-MINI. Color negro. Peso del Producto .176kg. Garantía 3 meses.,CT,d,6.188888888888889,120.68,6.19,181.02,181.02,241.36,168.95,144.82,laptops,./assets/img/catalog/laptops/ACCGEN3080.jpg,https://static.ctonline.mx/imagenes/ACCGEN3080/ACCGEN3080_400.jpg,48h Directa / 1 Año Fábrica,Pedro Moreno 501 A (Entrega Inmediata)
ACCGEN2950,ACCGEN2950,"Adaptador de corriente Genérico. AP-60W. MacBook (13 pulgadas, Principio, Mediad os y Finales d","Adaptador de corriente Genérico. AP-60W. MacBook (13 pulgadas, Principio, Mediad os y Finales de Año) 2006, 2007, 2008, 2009, 2010, 2011, 2012 Color Blanco. Peso del Producto .176kg. Garantía 3 meses.",CT,d,9.0,175.5,9.0,263.25,263.25,351.0,245.7,210.6,laptops,./assets/img/catalog/laptops/ACCGEN2950.jpg,https://static.ctonline.mx/imagenes/ACCGEN2950/ACCGEN2950_400.jpg,48h Directa / 1 Año Fábrica,Pedro Moreno 501 A (Entrega Inmediata)
ACCGEN2960,ACCGEN2960,"Adaptador de corriente Genérico. AP2-60W. MacBook Air 11"" (Mid 2012 to 2014) Series, 13"" (Mid 2","Adaptador de corriente Genérico. AP2-60W. MacBook Air 11"" (Mid 2012 to 2014) Series, 13"" (Mid 2012 to 2014) Series A1466 A1465 A1435 A1502  Color Blanco. Peso del Producto .176kg. Garantía 3 meses.",CT,d,11.0,214.5,11.0,321.75,321.75,429.0,300.3,257.4,laptops,./assets/img/catalog/laptops/ACCGEN2960.jpg,https://static.ctonline.mx/imagenes/ACCGEN2960/ACCGEN2960_400.jpg,48h Directa / 1 Año Fábrica,Pedro Moreno 501 A (Entrega Inmediata)
ACCGEN2970,ACCGEN2970,"Adaptador de corriente Genérico. AP2-45W. MacBook Air ® (11-inch, Early 2014) (13-inch, Early 2","Adaptador de corriente Genérico. AP2-45W. MacBook Air ® (11-inch, Early 2014) (13-inch, Early 2014) (11-inch, Mid 2013) (13-inch, Mid 2013) (11-inch, Mid 2012) (13-inch, Mid 2012) Color Blanco. Peso del Producto .176kg. Garantía 3 meses.",CT,d,9.0,175.5,9.0,263.25,263.25,351.0,245.7,210.6,laptops,./assets/img/catalog/laptops/ACCGEN2970.jpg,https://static.ctonline.mx/imagenes/ACCGEN2970/ACCGEN2970_400.jpg,48h Directa / 1 Año Fábrica,Pedro Moreno 501 A (Entrega Inmediata)
ACCGEN2980,ACCGEN2980,Adaptador de corriente Genérico. AP-85W. MacBook Pro ® (15 pulgadas) Principios 2008 2009 2011 ,"Adaptador de corriente Genérico. AP-85W. MacBook Pro ® (15 pulgadas) Principios 2008 2009 2011 Mediados 2009 2010 2012 Finales 2008 2011 2,4/2,2 GHz, Core 2 Duo, pantalla brillante MacBook Pro ® (17 pulgadas) Principios 2008 2011 Mediados 2009 2010 Color Blanco. Peso del Producto .176kg. Garantía 3 meses.",CT,d,13.5,263.25,13.5,394.88,394.88,526.5,368.55,315.9,laptops,./assets/img/catalog/laptops/ACCGEN2980.jpg,https://static.ctonline.mx/imagenes/ACCGEN2980/ACCGEN2980_400.jpg,48h Directa / 1 Año Fábrica,Pedro Moreno 501 A (Entrega Inmediata)
ACCGEN2990,ACCGEN2990,Adaptador de corriente Genérico. AP-45W. MacBook Pro ® (15 pulgadas) Principios 2008 2009 2011 ,"Adaptador de corriente Genérico. AP-45W. MacBook Pro ® (15 pulgadas) Principios 2008 2009 2011 Mediados 2009 2010 2012 Finales 2008 2011 2,4/2,2 GHz, Core 2 Duo, pantalla brillante MacBook Pro ® (17 pulgadas) Principios 2008 2011 Mediados 2009 2010 Color Blanco. Peso del Producto .176kg. Garantía 3 meses.",CT,d,10.166666666666666,198.25,10.17,297.38,297.38,396.5,277.55,237.9,laptops,./assets/img/catalog/laptops/ACCGEN2990.jpg,https://static.ctonline.mx/imagenes/ACCGEN2990/ACCGEN2990_400.jpg,48h Directa / 1 Año Fábrica,Pedro Moreno 501 A (Entrega Inmediata)
ACCGEN3000,ACCGEN3000,"Adaptador de corriente Genérico. AC-USBC-65W MacBook (2015 and later) MacBook Pro (13-inch, 201","Adaptador de corriente Genérico. AC-USBC-65W MacBook (2015 and later) MacBook Pro (13-inch, 2018, Four Thunderbolt 3 Ports) MacBook Pro (13-inch, 2018, Two Thunderbolt 3 Ports) MacBook Pro (13-inch, 2017, Four Thunderbolt 3 Ports) MacBook Pro (13-inch, 2017, Two Thunderbolt 3 Ports) MacBook Pro (13-inch, 2016, Four Thunderbolt 3 Ports) MacBook Pro (13-inch, 2016, Two Thunderbolt 3 Ports) DELL HA30NM150, LA45NM150, LA65NM170, 2YKOF, 02YKOF, LATITUDE 12 7275 13 7370, XPS 12, 13 9350, 15 9550, 689C4, 492-BBUU, HDCY5, 0HDCY5, 8XTW5, 08XTW5, ADP-30CD BA, 24YNH, 492-BBSP, 5FX88, 470-ABSF ASUS ZenBook 3 UX390 UX390U UX390UA UX390UA-XH74-BL, UX490 UX490U, UX390 UX390U UX390UA UX390UA-XH74-BL Laptop/Ultrabook, PRO B9440UA B9440U B9440, Q325 Q325U Q325UA, UX490UA , Chromebook Flip C302 C213 C302C C302CA C302CA-DHM4, Transformer 3 Pro T303UA T303U T303 12.6-Inch 2-in-1 Touchscreen Acer Spin 7 SP714-51 SP714-51-M4YD SP714-51-M98D SP714-51-M024 SP714-51-M24B 14"" SWift 7 SF713-51 SF713-51-M90J SF713-51-M51W 13.3 Switch Alpha12/Acer R13/Acer spin7 Lenovo Thinkpad X1 tablet, Yoga 910 910-13 910-13IKB HP Pavilion x2, Spectre 13.3 inch, Elitebook, Envy x360 13.3'', ONDA oBook10 Pro Xiaomi Air 12.5 13.3 Notebook Laptop Celulares y tablets: Razer Blade Stealth, Google Nexus 5X, Nexus 6P, Pixel C, 2015 Google Chromebook Pixel, LG Gram 15, HUAWEI Matebook, New Nokia N1 tabletColor Blanco. Peso del Producto .176kg. Garantía 3 meses.",CT,d,12.899999999999999,251.55,12.9,377.33,377.33,503.1,352.17,301.86,laptops,./assets/img/catalog/laptops/ACCGEN3000.jpg,https://static.ctonline.mx/imagenes/ACCGEN3000/ACCGEN3000_400.jpg,48h Directa / 1 Año Fábrica,Pedro Moreno 501 A (Entrega Inmediata)
ACCGEN3010,ACCGEN3010,"Adaptador de corriente Genérico. AP2-85W. MacBook Air 11"" (Mid 2012 to 2014) Series, 13"" (Mid 2","Adaptador de corriente Genérico. AP2-85W. MacBook Air 11"" (Mid 2012 to 2014) Series, 13"" (Mid 2012 to 2014) Series A1466 A1465 A1435 A1502  Color Blanco. Peso del Producto .176kg. Garantía 3 meses.",CT,d,12.222222222222221,238.33,12.22,357.5,357.5,476.66,333.66,286.0,laptops,./assets/img/catalog/laptops/ACCGEN3010.jpg,https://static.ctonline.mx/imagenes/ACCGEN3010/ACCGEN3010_400.jpg,48h Directa / 1 Año Fábrica,Pedro Moreno 501 A (Entrega Inmediata)
ACCGEN3020,ACCGEN3020,"Adaptador de corriente Genérico. AC-USBC-65WB. MacBook (2015 and later) MacBook Pro (13-inch, 2","Adaptador de corriente Genérico. AC-USBC-65WB. MacBook (2015 and later) MacBook Pro (13-inch, 2018, Four Thunderbolt 3 Ports) MacBook Pro (13-inch, 2018, Two Thunderbolt 3 Ports) MacBook Pro (13-inch, 2017, Four Thunderbolt 3 Ports) MacBook Pro (13-inch, 2017, Two Thunderbolt 3 Ports) MacBook Pro (13-inch, 2016, Four Thunderbolt 3 Ports) MacBook Pro (13-inch, 2016, Two Thunderbolt 3 Ports) DELL HA30NM150, LA45NM150, LA65NM170, 2YKOF, 02YKOF, LATITUDE 12 7275 13 7370, XPS 12, 13 9350, 15 9550, 689C4, 492-BBUU, HDCY5, 0HDCY5, 8XTW5, 08XTW5, ADP-30CD BA, 24YNH, 492-BBSP, 5FX88, 470-ABSF ASUS ZenBook 3 UX390 UX390U UX390UA UX390UA-XH74-BL, UX490 UX490U, UX390 UX390U UX390UA UX390UA-XH74-BL Laptop/Ultrabook, PRO B9440UA B9440U B9440, Q325 Q325U Q325UA, UX490UA , Chromebook Flip C302 C213 C302C C302CA C302CA-DHM4, Transformer 3 Pro T303UA T303U T303 12.6-Inch 2-in-1 Touchscreen Acer Spin 7 SP714-51 SP714-51-M4YD SP714-51-M98D SP714-51-M024 SP714-51-M24B 14"" SWift 7 SF713-51 SF713-51-M90J SF713-51-M51W 13.3 Switch Alpha12/Acer R13/Acer spin7 Lenovo Thinkpad X1 tablet, Yoga 910 910-13 910-13IKB HP Pavilion x2, Spectre 13.3 inch, Elitebook, Envy x360 13.3'', ONDA oBook10 Pro Xiaomi Air 12.5 13.3 Notebook Laptop Celulares y tablets: Razer Blade Stealth, Google Nexus 5X, Nexus 6P, Pixel C, 2015 Google Chromebook Pixel, LG Gram 15, HUAWEI Matebook, New Nokia N1 tablet. Color Negro. Peso del Producto .176kg. Garantía 3 meses.",CT,d,12.6,245.7,12.6,368.55,368.55,491.4,343.98,294.84,laptops,./assets/img/catalog/laptops/ACCGEN3020.jpg,https://static.ctonline.mx/imagenes/ACCGEN3020/ACCGEN3020_400.jpg,48h Directa / 1 Año Fábrica,Pedro Moreno 501 A (Entrega Inmediata)
ACCGEN3030,ACCGEN3030,"Adaptador de corriente Genérico. AC-USBC-45W. MacBook (2015 and later) MacBook Pro (13-inch, 20","Adaptador de corriente Genérico. AC-USBC-45W. MacBook (2015 and later) MacBook Pro (13-inch, 2018, Four Thunderbolt 3 Ports) MacBook Pro (13-inch, 2018, Two Thunderbolt 3 Ports) MacBook Pro (13-inch, 2017, Four Thunderbolt 3 Ports) MacBook Pro (13-inch, 2017, Two Thunderbolt 3 Ports) MacBook Pro (13-inch, 2016, Four Thunderbolt 3 Ports) MacBook Pro (13-inch, 2016, Two Thunderbolt 3 Ports) DELL HA30NM150, LA45NM150, LA65NM170, 2YKOF, 02YKOF, LATITUDE 12 7275 13 7370, XPS 12, 13 9350, 15 9550, 689C4, 492-BBUU, HDCY5, 0HDCY5, 8XTW5, 08XTW5, ADP-30CD BA, 24YNH, 492-BBSP, 5FX88, 470-ABSF ASUS ZenBook 3 UX390 UX390U UX390UA UX390UA-XH74-BL, UX490 UX490U, UX390 UX390U UX390UA UX390UA-XH74-BL Laptop/Ultrabook, PRO B9440UA B9440U B9440, Q325 Q325U Q325UA, UX490UA , Chromebook Flip C302 C213 C302C C302CA C302CA-DHM4, Transformer 3 Pro T303UA T303U T303 12.6-Inch 2-in-1 Touchscreen Acer Spin 7 SP714-51 SP714-51-M4YD SP714-51-M98D SP714-51-M024 SP714-51-M24B 14"" SWift 7 SF713-51 SF713-51-M90J SF713-51-M51W 13.3 Switch Alpha12/Acer R13/Acer spin7 Lenovo Thinkpad X1 tablet, Yoga 910 910-13 910-13IKB HP Pavilion x2, Spectre 13.3 inch, Elitebook, Envy x360 13.3'', ONDA oBook10 Pro Xiaomi Air 12.5 13.3 Notebook Laptop Celulares y tablets: Razer Blade Stealth, Google Nexus 5X, Nexus 6P, Pixel C, 2015 Google Chromebook Pixel, LG Gram 15, HUAWEI Matebook, New Nokia N1 tabletColor Blanco. Peso del Producto .176kg. Garantía 3 meses.",CT,d,11.799999999999999,230.1,11.8,345.15,345.15,460.2,322.14,276.12,laptops,./assets/img/catalog/laptops/ACCGEN3030.jpg,https://static.ctonline.mx/imagenes/ACCGEN3030/ACCGEN3030_400.jpg,48h Directa / 1 Año Fábrica,Pedro Moreno 501 A (Entrega Inmediata)
ACCTRL5440,ACCTRL5440,"Cable USB C a Serial RJ45, Tripp Lite, Modelo U209-006-RJ45XC, Conecta el puerto USB C de su co","Cable USB C a Serial RJ45, Tripp Lite, Modelo U209-006-RJ45XC, Conecta el puerto USB C de su computadora o laptop a un módem, ruteador, cortafuegos, switch u otro dispositivo Cisco basado en serial con un puerto de consola RJ45. Admite velocidades de transferencia de datos de hasta 250 Kbps. Admite las funciones de encendido remoto y administración de la alimentación. El cable premium con doble blindaje elimina la diafonía y reduce la interferencia por EMI/RFI. Compatible con los sistemas operativos Windows, macOS y Linux, así como con la Tarjeta de Red PDU G4 de Eaton. Diseñado para equipos Cisco sin necesidad de adaptadores o alimentación externa",USB,m,298.37468969072165,298.37,15.3,447.56,447.56,596.74,417.72,358.04,laptops,./assets/img/catalog/laptops/ACCTRL5440.jpg,https://static.ctonline.mx/imagenes/ACCTRL5440/ACCTRL5440_400.jpg,48h Directa / 1 Año Fábrica,Pedro Moreno 501 A (Entrega Inmediata)
CABTRL2590,CABTRL2590,"Cable Rollover, Tripp Lite,  Modelo U209-006-RJ45-X,  USB-A a RJ45 Serial (M/M) - Compatible co","Cable Rollover, Tripp Lite,  Modelo U209-006-RJ45-X,  USB-A a RJ45 Serial (M/M) - Compatible con Cisco, 250 Kbps, 1.83 m [6 pies], Gris. Conecta el puerto de su computadora o laptop a su módem, ruteador, cortafuego, switch u otro dispositivo serial basado en Cisco con un puerto de consola. Soporta velocidades de transferencia de datos de hasta 250 Kbps. Admite las funciones de encendido remoto y administración de la alimentación. Compatible con Windows, Mac y Linux",CT,m,274.56875257731963,274.57,14.08,411.86,411.86,549.14,384.4,329.48,laptops,./assets/img/catalog/laptops/CABTRL2590.jpg,https://static.ctonline.mx/imagenes/CABTRL2590/CABTRL2590_400.jpg,48h Directa / 1 Año Fábrica,Pedro Moreno 501 A (Entrega Inmediata)
ACCTRL2690,ACCTRL2690,"Convertidor, Adaptador HDMI a VGA con Audio. Marca TRIPP-LITE. P131-06N, para PCs Ultrabook /La","Convertidor, Adaptador HDMI a VGA con Audio. Marca TRIPP-LITE. P131-06N, para PCs Ultrabook /Laptop y de Escritorio - 1920 x 1200/1080P",HDMI,m,255.5782645082822,255.58,13.11,383.37,383.37,511.16,357.81,306.7,laptops,./assets/img/catalog/laptops/ACCTRL2690.jpg,https://static.ctonline.mx/imagenes/ACCTRL2690/ACCTRL2690_400.jpg,48h Directa / 1 Año Fábrica,Pedro Moreno 501 A (Entrega Inmediata)
ACCVGO2500,ACCVGO2500,"Mochila Vorago BP-500 RGB Laptop 15.6"" APP USB/BT 5.0, Repelente al Agua, Poliéster, Negro","Mochila Vorago BP-500 RGB Laptop 15.6"" APP USB/BT 5.0, Repelente al Agua, Poliéster, Negro",BP-500,d,29.12087912087912,567.86,29.12,851.79,851.79,1135.72,795.0,681.43,laptops,./assets/img/catalog/laptops/ACCVGO2500.jpg,https://static.ctonline.mx/imagenes/ACCVGO2500/ACCVGO2500_400.jpg,48h Directa / 1 Año Fábrica,Pedro Moreno 501 A (Entrega Inmediata)
ACCVGO1860,ACCVGO1860,"Mochila Vorago BP-100 Laptop 15.6"" Polyester Negro","Mochila Vorago BP-100 Laptop 15.6"" Polyester Negro",BP-100,d,11.400538461538462,222.31,11.4,333.47,333.47,444.62,311.23,266.77,laptops,./assets/img/catalog/laptops/ACCVGO1860.jpg,https://static.ctonline.mx/imagenes/ACCVGO1860/ACCVGO1860_400.jpg,48h Directa / 1 Año Fábrica,Pedro Moreno 501 A (Entrega Inmediata)
MALVGO020,MALVGO020,"Mochila. Vorago BP-201 Negra. Ligera para Laptop de 15.6"" color negra","Mochila. Vorago BP-201 Negra. Ligera para Laptop de 15.6"" color negra",BP-201,d,11.923076923076922,232.5,11.92,348.75,348.75,465.0,325.5,279.0,laptops,./assets/img/catalog/laptops/MALVGO020.jpg,https://static.ctonline.mx/imagenes/MALVGO020/MALVGO020_400.jpg,48h Directa / 1 Año Fábrica,Pedro Moreno 501 A (Entrega Inmediata)
MALVGO030,MALVGO030,"Mochila. Vorago BP-402 Negra. Expandible para Laptop de 15.6"" color negra USB","Mochila. Vorago BP-402 Negra. Expandible para Laptop de 15.6"" color negra USB",BP-402,d,18.13186813186813,353.57,18.13,530.36,530.36,707.14,495.0,424.28,laptops,./assets/img/catalog/laptops/MALVGO030.jpg,https://static.ctonline.mx/imagenes/MALVGO030/MALVGO030_400.jpg,48h Directa / 1 Año Fábrica,Pedro Moreno 501 A (Entrega Inmediata)
ACCVGO2090,ACCVGO2090,"Mochila Vorago BP-401 antirobo candado TSA para laptop 15.6"" USB","Mochila Vorago BP-401 antirobo candado TSA para laptop 15.6"" USB",BP-401,d,21.978021978021978,428.57,21.98,642.86,642.86,857.14,600.0,514.28,laptops,./assets/img/catalog/laptops/ACCVGO2090.jpg,https://static.ctonline.mx/imagenes/ACCVGO2090/ACCVGO2090_400.jpg,48h Directa / 1 Año Fábrica,Pedro Moreno 501 A (Entrega Inmediata)
BOCVGO2000,BOCVGO2000,"Bocina Vorago BSP-320 Bluetooth mini soundbar, iluminación rainbow, 3.5mm, USB, Micro SD, alime","Bocina Vorago BSP-320 Bluetooth mini soundbar, iluminación rainbow, 3.5mm, USB, Micro SD, alimentación USB, control de volumen, 2 bocinas de 5W, 5V cc 2A, 3.7V 1200mAh, 60Hz - 20 KHz, ≥75dB, 4 Ω, compatibilidad PC, Laptop, Smartphone, Tablet, Mp3 y Mp4, color Negro",BSP-320,d,10.637362637362637,207.43,10.64,311.14,311.14,414.86,290.4,248.92,laptops,./assets/img/catalog/laptops/BOCVGO2000.jpg,https://static.ctonline.mx/imagenes/BOCVGO2000/BOCVGO2000_400.jpg,48h Directa / 1 Año Fábrica,Pedro Moreno 501 A (Entrega Inmediata)
ACCVGO2180,ACCVGO2180,"Base enfriadora Vorago CP-301 laptop hasta 17"" 5 posiicones LED 4 ventiladores","Base enfriadora Vorago CP-301 laptop hasta 17"" 5 posiicones LED 4 ventiladores",CP-301,d,11.978021978021978,233.57,11.98,350.36,350.36,467.14,327.0,280.28,laptops,./assets/img/catalog/laptops/ACCVGO2180.jpg,https://static.ctonline.mx/imagenes/ACCVGO2180/ACCVGO2180_400.jpg,48h Directa / 1 Año Fábrica,Pedro Moreno 501 A (Entrega Inmediata)
ACCTRG2190,ACCTRG2190,"T-Lock Resettable Cable Lock ASP61LA, cable de acero de color Negro con código de seguridad par","T-Lock Resettable Cable Lock ASP61LA, cable de acero de color Negro con código de seguridad para computadoras portátiles. Proporciona una solución de seguridad informática para la protección de activos. Tiene 1.5 metros de largo y 4.4 mm de grueso. Se coloca alrededor de un objeto seguro y fácilmente se conecta a la ranura de bloqueo de su ordenador laptop.
• Largo: 5ft
• Diámetro 4,4 mm
• Peso 130 g
• Color Negro Pintado
• Material Acero cubierto con Vinyl
• Combinaciones (+10.000)
• Empaque Polybag",CT,d,9.855555555555554,192.18,9.86,288.27,288.27,384.36,269.05,230.62,laptops,./assets/img/catalog/laptops/ACCTRG2190.jpg,https://static.ctonline.mx/imagenes/ACCTRG2190/ACCTRG2190_400.jpg,48h Directa / 1 Año Fábrica,Pedro Moreno 501 A (Entrega Inmediata)
ACCTRG3410,ACCTRG3410,"Candado de Combinación para Laptops T-Lock, 2 Metros, Negro targus PA410S-1. La combinación num","Candado de Combinación para Laptops T-Lock, 2 Metros, Negro targus PA410S-1. La combinación numérica personalizable permite al usuario elegir su propia clave secreta. Este candado también cuenta con un diseño compacto y ligero que facilita su transporte y almacenamiento cuando no está en uso.",CT,d,13.133333333333333,256.1,13.13,384.15,384.15,512.2,358.54,307.32,laptops,./assets/img/catalog/laptops/ACCTRG3410.jpg,https://static.ctonline.mx/imagenes/ACCTRG3410/ACCTRG3410_400.jpg,48h Directa / 1 Año Fábrica,Pedro Moreno 501 A (Entrega Inmediata)
ACCTCH9870,ACCTCH9870,"Backpack NASA NSB22320-2 marca TECHZONE de material: 100 % Tela poliester, tamaño para laptop: ","Backpack NASA NSB22320-2 marca TECHZONE de material: 100 % Tela poliester, tamaño para laptop: 15.6 pulgadas; con compartimiento principal con bolsa alcochada para laptop y bolsa alcochada para tablet y organizador. Color: Blanco.  Número de compartimientos externos: 1 frontales. Tirante a colchonado. GARANTIA ilimitada DE POR VIDA",NASA,m,222.22222222222223,222.22,11.4,333.33,333.33,444.44,311.11,266.66,laptops,./assets/img/catalog/laptops/ACCTCH9870.jpg,https://static.ctonline.mx/imagenes/ACCTCH9870/ACCTCH9870_400.jpg,48h Directa / 1 Año Fábrica,Pedro Moreno 501 A (Entrega Inmediata)
MALTCH100,MALTCH100,"Backpack LOUD TZ21LBP09 marca TECHZONE de material: 100 % Tela poliester, tamaño para laptop: 1","Backpack LOUD TZ21LBP09 marca TECHZONE de material: 100 % Tela poliester, tamaño para laptop: 15.6 pulgadas; con compartimiento principal con bolsa alcochada para laptop y bolsa alcochada para Tablet y organizador. Color: Gris. Número de compartimientos externos: 2 frontales 2 laterales. Tirante a colchonado. GARANTIA iLIMITADA DE POR VIDA",LOUD,m,352.3666666666667,352.37,18.07,528.56,528.56,704.74,493.32,422.84,laptops,./assets/img/catalog/laptops/MALTCH100.jpg,https://static.ctonline.mx/imagenes/MALTCH100/MALTCH100_400.jpg,48h Directa / 1 Año Fábrica,Pedro Moreno 501 A (Entrega Inmediata)
MALTCH500,MALTCH500,Backpack OCEAN TOTEBAG Techzone TZLB01-V con compartimientos y espacio acolchado para laptop de,"Backpack OCEAN TOTEBAG Techzone TZLB01-V con compartimientos y espacio acolchado para laptop de hasta 16"" Material: Exterior: 100% Poliéster duotono Forro: 100% Poliéster, 1 bolsillo frontal,1 compartimiento trasero, 2 laterales portabotellas.  Color: Turquesa y Azul. GARANTIA LIMITADA DE POR VIDA.",OCEAN,m,205.55555555555554,205.56,10.54,308.34,308.34,411.12,287.78,246.67,laptops,./assets/img/catalog/laptops/MALTCH500.jpg,https://static.ctonline.mx/imagenes/MALTCH500/MALTCH500_400.jpg,48h Directa / 1 Año Fábrica,Pedro Moreno 501 A (Entrega Inmediata)
MALTCH420,MALTCH420,"Backpack RAINBOW Techzone TZLBP26-A línea COLORS, colorida, resistente y versátil con un diseño","Backpack RAINBOW Techzone TZLBP26-A línea COLORS, colorida, resistente y versátil con un diseño vibrante y materiales altamente resistentes.  Tamaño para laptop: 16 pulgadas, Material: Exterior y Forro de 100% Poliéster. Numero de compartimientos : Interno: 1 para laptop, 1 para Tablet y 1 bolsa de red. Externo: 1 frontal y 2 laterales porta botellas. Color: Azul con detalles en gris y rosa. GARANTIA LIMITADA DE POR VIDA.",RAINBOW,m,317.77777777777777,317.78,16.3,476.67,476.67,635.56,444.89,381.34,laptops,./assets/img/catalog/laptops/MALTCH420.jpg,https://static.ctonline.mx/imagenes/MALTCH420/MALTCH420_400.jpg,48h Directa / 1 Año Fábrica,Pedro Moreno 501 A (Entrega Inmediata)
MALTCH430,MALTCH430,"Backpack RAINBOW Techzone TZLBP26-R línea COLORS, colorida, resistente y versátil con un diseño","Backpack RAINBOW Techzone TZLBP26-R línea COLORS, colorida, resistente y versátil con un diseño vibrante y materiales altamente resistentes. Tamaño para laptop: 16 pulgadas, Material: Exterior y Forro de 100% Poliéster Numero de compartimientos: Interno: 1 para laptop, 1 para Tablet y 1 bolsa de red. Externo: 1 frontal y 2 laterales porta botellas. Color: Rosa con detalles en gris y fucsia. GARANTIA LIMITADA DE POR VIDA.",RAINBOW,m,317.77777777777777,317.78,16.3,476.67,476.67,635.56,444.89,381.34,laptops,./assets/img/catalog/laptops/MALTCH430.jpg,https://static.ctonline.mx/imagenes/MALTCH430/MALTCH430_400.jpg,48h Directa / 1 Año Fábrica,Pedro Moreno 501 A (Entrega Inmediata)
MALTCH440,MALTCH440,Backpack STYLE Techzone TZLBP29-V con materiales resistentes a salpicaduras para brindar durabi,"Backpack STYLE Techzone TZLBP29-V con materiales resistentes a salpicaduras para brindar durabilidad y protección. Tamaño para laptop: 16 pulgadas, Material: Exterior y Forro de Poliéster. Numero de compartimientos: 1 bolsa principal acolchada para laptop , Externo: 1 frontal y 2 laterales porta botellas. Color: Verde. GARANTIA LIMITADA DE POR VIDA.",STYLE,m,375.55555555555554,375.56,19.26,563.34,563.34,751.12,525.78,450.67,laptops,./assets/img/catalog/laptops/MALTCH440.jpg,https://static.ctonline.mx/imagenes/MALTCH440/MALTCH440_400.jpg,48h Directa / 1 Año Fábrica,Pedro Moreno 501 A (Entrega Inmediata)
MALTCH450,MALTCH450,"Backpack URBANBIZ TZLBP32 marca TECHZONE Diseñada para el ritmo dinámico del día a día, UrbanBi","Backpack URBANBIZ TZLBP32 marca TECHZONE Diseñada para el ritmo dinámico del día a día, UrbanBiz es perfecta para acompañarte al trabajo, a la escuela o en tus viajes diarios por la ciudad Color: Negro Tamaño para laptop: 16 pulgadas, Material: Exterior y Forro de 100% Poliéster. Numero de compartimientos :1 bolsa principal acolchada para laptop , Externo: 1 frontal y 2 laterales porta botellas. GARANTIA LIMITADA DE POR VIDA.",URBANBIZ,m,393.3333333333333,393.33,20.17,590.0,590.0,786.66,550.66,472.0,laptops,./assets/img/catalog/laptops/MALTCH450.jpg,https://static.ctonline.mx/imagenes/MALTCH450/MALTCH450_400.jpg,48h Directa / 1 Año Fábrica,Pedro Moreno 501 A (Entrega Inmediata)
MALTCH460,MALTCH460,Backpack LITE TZLBP13 marca TECHZONE diseñadas para brindar protección a laptops de hasta 15.6 ,"Backpack LITE TZLBP13 marca TECHZONE diseñadas para brindar protección a laptops de hasta 15.6 pulgadas, ofrecen una combinación perfecta de funcionalidad y estilo. Color: Negro Tamaño para laptop: 15.6 pulgadas, Material: Poliester 420 D Twill Numero de compartimientos: Interno: 1 para laptop, 1 para Tablet y 1 para celular. Externo: 1 frontal con cierre, 1 trasero con cierre y 2 laterales porta botellas de malla. GARANTIA LIMITADA DE POR VIDA.",LITE,m,265.5777777777778,265.58,13.62,398.37,398.37,531.16,371.81,318.7,laptops,./assets/img/catalog/laptops/MALTCH460.jpg,https://static.ctonline.mx/imagenes/MALTCH460/MALTCH460_400.jpg,48h Directa / 1 Año Fábrica,Pedro Moreno 501 A (Entrega Inmediata)
MALTCH470,MALTCH470,Backpack MAX III TZLBP27-A marca TECHZONE Diseñada pensando en tus necesidades diarias. Su comp,"Backpack MAX III TZLBP27-A marca TECHZONE Diseñada pensando en tus necesidades diarias. Su compartimiento interno acolchado ofrece protección total para laptops de hasta 16”, garantizando la seguridad de tus dispositivos mientras te desplazas. Color: Negro Tamaño para laptop: 16 pulgadas, Material: Exterior y Forro de 100% Poliéster. Numero de compartimientos :1 bolsa principal acolchada para laptop y 2 externos multifunción, Externo: 1 frontal para Tablet y 2 laterales porta botellas de red. GARANTIA LIMITADA DE POR VIDA.",MAX,m,350.0,350.0,17.95,525.0,525.0,700.0,490.0,420.0,laptops,./assets/img/catalog/laptops/MALTCH470.jpg,https://static.ctonline.mx/imagenes/MALTCH470/MALTCH470_400.jpg,48h Directa / 1 Año Fábrica,Pedro Moreno 501 A (Entrega Inmediata)
MALTCH370,MALTCH370,Backpack STYLE Techzone TZLBP29-G resistente a salpicaduras. Material: Exterior: 100% Poliéster,"Backpack STYLE Techzone TZLBP29-G resistente a salpicaduras. Material: Exterior: 100% Poliéster, Forro: 100% Poliéster, Tamaño de la Laptop: 16 pulgadas, Compartimento principal: 1 bolsa acolchada para laptop, Número de compartimientos externos: 1 frontal y 2 laterales porta botellas. Color: Gris. GARANTIA LIMITADA DE POR VIDA.",STYLE,m,375.55555555555554,375.56,19.26,563.34,563.34,751.12,525.78,450.67,laptops,./assets/img/catalog/laptops/MALTCH370.jpg,https://static.ctonline.mx/imagenes/MALTCH370/MALTCH370_400.jpg,48h Directa / 1 Año Fábrica,Pedro Moreno 501 A (Entrega Inmediata)
MALTCH380,MALTCH380,Backpack STYLE Techzone TZLBP29-N resistente a salpicaduras. Material: Exterior: 100% Poliéster,"Backpack STYLE Techzone TZLBP29-N resistente a salpicaduras. Material: Exterior: 100% Poliéster, Forro: 100% Poliéster, Tamaño de la Laptop: 16 pulgadas, Compartimento principal: 1 bolsa acolchada para laptop, Número de compartimientos externos:1 frontal y 2 laterales porta botellas. Color: Negro. GARANTIA LIMITADA DE POR VIDA.",STYLE,m,375.55555555555554,375.56,19.26,563.34,563.34,751.12,525.78,450.67,laptops,./assets/img/catalog/laptops/MALTCH380.jpg,https://static.ctonline.mx/imagenes/MALTCH380/MALTCH380_400.jpg,48h Directa / 1 Año Fábrica,Pedro Moreno 501 A (Entrega Inmediata)
MALTCH390,MALTCH390,Backpack RAINBOW Techzone TZLBP26-G línea COLORS Material:  100% Poliéster. Tamaño de la Laptop,"Backpack RAINBOW Techzone TZLBP26-G línea COLORS Material:  100% Poliéster. Tamaño de la Laptop: 16 pulgadas, compartimentos principal: 1 bolsa acolchada para laptop de 16"", 1 para Tablet y 1 bolsa de red, Número de compartimientos externos: 1 frontal y 2 laterales porta botellas, Color: Amarillo con detalles en gris y verde. GARANTIA LIMITADA DE POR VIDA.",RAINBOW,m,317.77777777777777,317.78,16.3,476.67,476.67,635.56,444.89,381.34,laptops,./assets/img/catalog/laptops/MALTCH390.jpg,https://static.ctonline.mx/imagenes/MALTCH390/MALTCH390_400.jpg,48h Directa / 1 Año Fábrica,Pedro Moreno 501 A (Entrega Inmediata)
MALTCH310,MALTCH310,Backpack EASY LITE TZLBP15 marca TECHZONE Color negro con  compartimento para  para laptop de 1,"Backpack EASY LITE TZLBP15 marca TECHZONE Color negro con  compartimento para  para laptop de 16"". 2 bolsos laterales  y 1 frontal. Correa para equipaje y cierres con aperture para candado. Tirante acojinado de 6.5 cm. Material: Poliéster. Garantía limitada de por vida.",EASY,m,166.66666666666666,166.67,8.55,250.0,250.0,333.34,233.34,200.0,laptops,./assets/img/catalog/laptops/MALTCH310.jpg,https://static.ctonline.mx/imagenes/MALTCH310/MALTCH310_400.jpg,48h Directa / 1 Año Fábrica,Pedro Moreno 501 A (Entrega Inmediata)
MALTCH320,MALTCH320,"Backpack EASY LITE TZLBP16 marca TECHZONE color Azul con compartimento para  para laptop de 16""","Backpack EASY LITE TZLBP16 marca TECHZONE color Azul con compartimento para  para laptop de 16"". 2 bolsos laterales  y 1 frontal. Correa para equipaje y cierres con aperture para candado. Tirante acojinado de 6.5 cm. Material: Poliéster. Garantía limitada de por vida.",EASY,m,166.66666666666666,166.67,8.55,250.0,250.0,333.34,233.34,200.0,laptops,./assets/img/catalog/laptops/MALTCH320.jpg,https://static.ctonline.mx/imagenes/MALTCH320/MALTCH320_400.jpg,48h Directa / 1 Año Fábrica,Pedro Moreno 501 A (Entrega Inmediata)
ACCTCH9440,ACCTCH9440,"Mochila básica TZLBP02 marca TECHZONE en color Negro, diseño ergonómico y ultraligero, ideal pa","Mochila básica TZLBP02 marca TECHZONE en color Negro, diseño ergonómico y ultraligero, ideal para laptops, compartimento acolchonado para proteger la computadora, cierres autorreparables, bolsa frontal para guardar gadgets con acceso rápido, asa para colgar en la parte superior, confeccionado en poliéster, acolchonamiento en correas, garantía limitada de por vida.",TZLBP02,m,171.11111111111111,171.11,8.77,256.67,256.67,342.22,239.55,205.33,laptops,./assets/img/catalog/laptops/ACCTCH9440.jpg,https://static.ctonline.mx/imagenes/ACCTCH9440/ACCTCH9440_400.jpg,48h Directa / 1 Año Fábrica,Pedro Moreno 501 A (Entrega Inmediata)
ACCTCH550,ACCTCH550,"Backpack para Notebook Techzone modelo (TZBTS10BLK) SPORT Hecho de Nylon, ideal para notebooks ","Backpack para Notebook Techzone modelo (TZBTS10BLK) SPORT Hecho de Nylon, ideal para notebooks de pantalla hasta de 16"" Color Negro.",CT,m,350.0,350.0,17.95,525.0,525.0,700.0,490.0,420.0,laptops,./assets/img/catalog/laptops/ACCTCH550.jpg,https://static.ctonline.mx/imagenes/ACCTCH550/ACCTCH550_400.jpg,48h Directa / 1 Año Fábrica,Pedro Moreno 501 A (Entrega Inmediata)
MALTCH090,MALTCH090,Backpack STRONG BLUE Techzone TZ21LBP07-B Compartimento interno y acolchado para laptop de hast,Backpack STRONG BLUE Techzone TZ21LBP07-B Compartimento interno y acolchado para laptop de hasta 15.6 pulgadas. Multipaneles organizadores. Conector USB externo para cargar tus dispositivos. Bolsa portabotellas. Bolsa con solapas para guardar y asegurar tus pertenencias. Cierre con apertura para candado. Costuras reforzadas. Color: Azul. Garantía: 1 año.,STRONG,m,287.5,287.5,14.74,431.25,431.25,575.0,402.5,345.0,laptops,./assets/img/catalog/laptops/MALTCH090.jpg,https://static.ctonline.mx/imagenes/MALTCH090/MALTCH090_400.jpg,48h Directa / 1 Año Fábrica,Pedro Moreno 501 A (Entrega Inmediata)
MALTCH190,MALTCH190,Backpack ECO HERO BLACK TZLBP56W-N marca TECHZONE de material: 100 % rPET (Polietileno tereftal,"Backpack ECO HERO BLACK TZLBP56W-N marca TECHZONE de material: 100 % rPET (Polietileno tereftalato), tamaño para laptop: 15.6 pulgadas; con compartimiento principal con bolsa acolchada para laptop y bolsa acolchada para Tablet y organizador. Color: negro.  Número de compartimientos externos: 2 frontales. Tipo y tamaño del tirante: Acojinado 7.6 cm. GARANTIA LIMITADA DE POR VIDA.",ECO,m,277.77777777777777,277.78,14.25,416.67,416.67,555.56,388.89,333.34,laptops,./assets/img/catalog/laptops/MALTCH190.jpg,https://static.ctonline.mx/imagenes/MALTCH190/MALTCH190_400.jpg,48h Directa / 1 Año Fábrica,Pedro Moreno 501 A (Entrega Inmediata)
MALTCH200,MALTCH200,Backpack ECO HERO BLUE TZLBP56W-A marca TECHZONE de material: 100 % rPET (Polietileno tereftala,"Backpack ECO HERO BLUE TZLBP56W-A marca TECHZONE de material: 100 % rPET (Polietileno tereftalato), tamaño para laptop: 15.6 pulgadas; con compartimiento principal con bolsa acolchada para laptop y bolsa acolchada para Tablet y organizador. Color: Azul.  Número de compartimientos externos: 2 frontales. Tipo y tamaño del tirante: Acojinado 7.6 cm. GARANTIA LIMITADA DE POR VIDA.",ECO,m,277.77777777777777,277.78,14.25,416.67,416.67,555.56,388.89,333.34,laptops,./assets/img/catalog/laptops/MALTCH200.jpg,https://static.ctonline.mx/imagenes/MALTCH200/MALTCH200_400.jpg,48h Directa / 1 Año Fábrica,Pedro Moreno 501 A (Entrega Inmediata)
ACCTCH9730,ACCTCH9730,Candado para laptop TZCCL-3 marca TECHZONE Tipo T de combinación; Color: Plata. Material: Acero,Candado para laptop TZCCL-3 marca TECHZONE Tipo T de combinación; Color: Plata. Material: Acero inoxidable recubierto de vinilo. Longitud del cable: 1.8 metros. Grosor del cable: 3 mm de espesor. Tipo de cabezal: Cabezal con sistema de ajuste tipo de 4 dígitos. Garantía: 3 años.,TZCCL-3,m,122.22222222222221,122.22,6.27,183.33,183.33,244.44,171.11,146.66,laptops,./assets/img/catalog/laptops/ACCTCH9730.jpg,https://static.ctonline.mx/imagenes/ACCTCH9730/ACCTCH9730_400.jpg,48h Directa / 1 Año Fábrica,Pedro Moreno 501 A (Entrega Inmediata)
ACCTCZ010,ACCTCZ010,Candado para laptop TZNK701 marca TECHZONE Ultra Thin Tipo V-Bar de Llave V Lock Wedge; Color: ,Candado para laptop TZNK701 marca TECHZONE Ultra Thin Tipo V-Bar de Llave V Lock Wedge; Color: Plata con negro. Material: Acero inoxidable recubierto de vinilo. Longitud del cable: 1.8 metros. Grosor del cable: 4 mm de espesor. Tipo de cabezal: Candado y cable adaptable para entrada tipo Kensigton lock. Garantía: 3 años.,TZNK701,m,277.77777777777777,277.78,14.25,416.67,416.67,555.56,388.89,333.34,laptops,./assets/img/catalog/laptops/ACCTCZ010.jpg,https://static.ctonline.mx/imagenes/ACCTCZ010/ACCTCZ010_400.jpg,48h Directa / 1 Año Fábrica,Pedro Moreno 501 A (Entrega Inmediata)
ACCTCH310,ACCTCH310,"Maletin para Notebook ESSENTIAL Techzone TZEST01N Confeccionado en duradero nylon, para computa","Maletin para Notebook ESSENTIAL Techzone TZEST01N Confeccionado en duradero nylon, para computadoras de hasta 15.4"". Cierres de doble tirador y pies de hule antideslizante. Color Negro. Garantía: 1 año.",ESSENTIAL,m,351.1111111111111,351.11,18.01,526.66,526.66,702.22,491.55,421.33,laptops,./assets/img/catalog/laptops/ACCTCH310.jpg,https://static.ctonline.mx/imagenes/ACCTCH310/ACCTCH310_400.jpg,48h Directa / 1 Año Fábrica,Pedro Moreno 501 A (Entrega Inmediata)
CAMRBT010,CAMRBT010,"WEBCAM FULL HD 1080P, CON MICRÓFONO 1920X1080 (651312), Brobotix. Cámara web diseñada y optimiz","WEBCAM FULL HD 1080P, CON MICRÓFONO 1920X1080 (651312), Brobotix. Cámara web diseñada y optimizada específicamente para transmisión de video en sitios de juegos sociales y entretenimiento como SKYPE, ZOOM y YouTube. La cámara le permite disfrutar de una voz más clara para una comunicación sin problemas. El micrófono integrado hace que su llamada de voz sea más clara. ¡Disfruta de su de alta definición Full HD 1080P!). Cámara web diseñada y optimizada para transmisión de video.  La función de clip permite colocarla fácilmente sobre el monitor de la computadora, TV o laptop. También cuenta con sistema de rosca para colocarse en trípode, o puede colocarse directamente sobre el escritorio.  Ideal para realizar streaming profesional. Contenido: 1 Cámara Web, 1 manual de instrucciones. Especificaciones: Cámara web de alta definición Full HD 1080P. Enfoque Manual. Velocidad de foto: 25fps / 30fps. Pixeles: 2.0 Mega Pixeles. Ángulo de visión: 80º. Micrófono integrado Interfaz: USB V2.0. Píxeles efectivos: 1932 (H) × 1088 (V). Resolución horizontal: 200 W. Relación señal a ruido: > 50 dB. UV: 640 x 360. Obturador electrónico: automático. Acuerdo: UVC / UVA. Salida de vídeo: transmisión de vídeo USB. Voltaje de funcionamiento: CC 5 V, 160 mA ± 6 mA. Flujo de vídeo: 1920 x 1080/1920 x 720/640 x 360 MJPEG: 1920 x 1080/1920 x 720/640 x 360. Compresión automática del color. Rotación de 120 grados. Compatible con Vista / Win7 / Win8 / Win10, Android y Mac OS. Plug and play.  Color: Negro",WEBCAM,d,22.755555555555556,443.73,22.76,665.6,665.6,887.46,621.22,532.48,laptops,./assets/img/catalog/laptops/CAMRBT010.jpg,https://static.ctonline.mx/imagenes/CAMRBT010/CAMRBT010_400.jpg,48h Directa / 1 Año Fábrica,Pedro Moreno 501 A (Entrega Inmediata)
ACCRBT8030,ACCRBT8030,"DOCKING 4 EN 1 USB V3.0 CONECTOR TIPO ""C"" A HDMI, USB V3.0 y USB TIPO “C” (6006221), BRobotix E","DOCKING 4 EN 1 USB V3.0 CONECTOR TIPO ""C"" A HDMI, USB V3.0 y USB TIPO “C” (6006221), BRobotix El nuevo Docking USB V3.0 Tipo ""C"", de 4 puertos BRobotix te permitirá expandir el puerto USB Tipo ""C"" de tu computadora para obtener más puertos con alta velocidad, gracias a su interfaz V3.0 con transmisión de hasta 5 Gbps. Puedes conectar múltiples dispositivos de manera simultánea y su diseño compacto te facilita el llevarlo donde sea. Ideal para nuevas laptops equipadas con pocos puertos. 1 Conexión usb tipo C, macho. 1 Puerto hdmi, hembra: soporta 4K, 2K. 2 Puerto usb V3.0 tipo A, hembra. 1 Puerto usb tipo C, hembra. Material: Aluminio. Color: Plata. Longitud del cable: 11 Centímetros Voltaje: 5 Vcc Plug & Play: conexión fácil sin controladores, no requiere alimentación externa o de software. Compatibilidad: Windows y macOS. Color: Plata",DOCKING,d,13.733333333333333,267.8,13.73,401.7,401.7,535.6,374.92,321.36,laptops,./assets/img/catalog/laptops/ACCRBT8030.jpg,https://static.ctonline.mx/imagenes/ACCRBT8030/ACCRBT8030_400.jpg,48h Directa / 1 Año Fábrica,Pedro Moreno 501 A (Entrega Inmediata)
ACCRBT7570,ACCRBT7570,"DOCKING 5 EN 1 USB V3.0 CONECTOR DUAL TIPO ""C"" y TIPO ""A"" (6005453), Brobotix El nuevo Docking ","DOCKING 5 EN 1 USB V3.0 CONECTOR DUAL TIPO ""C"" y TIPO ""A"" (6005453), Brobotix El nuevo Docking USB V3.0 Tipo ""C"", de 5 puertos BRobotix te permitirá expandir el puerto USB Tipo ""C"" o Tipo ""A"" de tu computadora para obtener más puertos con alta velocidad, gracias a su interfaz V3.0 con transmisión de hasta 5 Gbps. Puedes conectar múltiples dispositivos de manera simultánea y su diseño compacto te facilita el llevarlo donde sea. Su conector dual te permitirá usar el puerto que tengas disponible en tu equipo, puedes conectarlo al puerto tipo C o al puerto tipo A según sea el caso. Ideal para nuevas laptops equipadas con pocos puertos.  Docking BRobotix® 5 en 1 USB dual tipo A&C V3.0. 3 puertos USB 3.0, 1 Lector de tarjeta SD, 1 Lector de tarjeta microSD, Carcasa de aluminio, Conexión dual tipo A&C macho, Tamaño compacto perfecto para computadoras de escritorio y portátiles. Transfiere y comparte datos de manera inmediata. Soporta USB V3.0 / 2.0 / 1.1   Plug and Play. 2 puertos USB tipo A, y 2 ranuras para tarjeta SD y micro SD en una misma cara frontal del Hub; 1 Puerto USB en la cara inferior del Hub. Compatible con Windows 10 / 8.1 / 7 (Sp1) / Vista (Sp2) / XP (Sp3), Mac OS X 10.6 / OS X 10.7 - 10.8   Color: Plata",DOCKING,d,15.055555555555555,293.58,15.06,440.37,440.37,587.16,411.01,352.3,laptops,./assets/img/catalog/laptops/ACCRBT7570.jpg,https://static.ctonline.mx/imagenes/ACCRBT7570/ACCRBT7570_400.jpg,48h Directa / 1 Año Fábrica,Pedro Moreno 501 A (Entrega Inmediata)
ACCRBT7160,ACCRBT7160,"DOCKING 4 EN 1: USB V3.0 TIPO ""C"" A 4 PUERTOS USB V3.0, CON SWITCH (6001189), Brobotix El nuevo","DOCKING 4 EN 1: USB V3.0 TIPO ""C"" A 4 PUERTOS USB V3.0, CON SWITCH (6001189), Brobotix El nuevo Docking USB V3.0 Tipo ""C"", de 4 puertos BRobotix te permitirá expandir el puerto USB Tipo ""C"" de tu computadora para obtener más puertos con alta velocidad, gracias a su interfaz V3.0 con transmisión de hasta 5 Gbps. Puedes conectar múltiples dispositivos de manera simultánea y su diseño compacto te facilita el llevarlo donde sea. Ideal para nuevas laptops equipadas con pocos puertos. Docking Hub USB V3.0. Alta velocidad. 4 Puertos USB Tipo A. Presentación ""Metálico"". Conecta cualquier tipo de dispositivos USB Tipo A. Equipado con Switch de encendido/apagado. Luz indicadora LED. Tamaño compacto perfecto para computadoras de escritorio y portátiles. Transfiere y comparte datos de manera inmediata. Especificaciones: Color: Negro",DOCKING,d,6.566666666666666,128.05,6.57,192.08,192.08,256.1,179.27,153.66,laptops,./assets/img/catalog/laptops/ACCRBT7160.jpg,https://static.ctonline.mx/imagenes/ACCRBT7160/ACCRBT7160_400.jpg,48h Directa / 1 Año Fábrica,Pedro Moreno 501 A (Entrega Inmediata)
ACCRBT6880,ACCRBT6880,"DOCKING 4 EN 1: USB V3.0 TIPO ""C"" A VGA, HDMI, USB V3.0, USB TIPO ""C"" (6000687), Brobotix Descu","DOCKING 4 EN 1: USB V3.0 TIPO ""C"" A VGA, HDMI, USB V3.0, USB TIPO ""C"" (6000687), Brobotix Descubre el Nuevo Docking 4 en 1 USB V3.0 Tipo ""C"" BRobotix y ¡Amplía la cantidad y variedad de puertos en tu laptop o computadora! Crea de manera instantánea 4 puertos diferentes adicionales a partir de un único puerto USB Tipo ""C"" en tu computadora o laptop.  Este Docking USB de Alta Velocidad V3.0 crea de manera práctica 4 puertos: una entrada VGA, una entrada HDMI, un puerto USB V3.0 Tipo ""A"" y un puerto USB Tipo ""C"", a través de cualquier puerto USB Tipo ""C"". Conecte con facilidad más dispositivos a tu equipo. Ideal para computadoras, portátiles y mini portátiles. Instalación Plug and Play. Amplía con facilidad la conectividad de tu equipo sin necesidad de controladores especiales o de software. 1 Conexión USB Tipo C, macho. 1 Puerto VGA, hembra. 1 Puerto HDMI, hembra: soporta 4K, 2K. 1 Puerto USB V3.0 Tipo A, hembra. 1 Puerto USB Tipo C, hembra. Material: Aluminio. Plata.  Longitud del cable: 11 Centímetros. Voltaje: 5 Vcc. Garantía de 1 año. Plug & Play: conexión fácil sin controladores. Compatibilidad: Windows y Mac. Color: Plata",DOCKING,d,17.477777777777778,340.82,17.48,511.23,511.23,681.64,477.15,408.98,laptops,./assets/img/catalog/laptops/ACCRBT6880.jpg,https://static.ctonline.mx/imagenes/ACCRBT6880/ACCRBT6880_400.jpg,48h Directa / 1 Año Fábrica,Pedro Moreno 501 A (Entrega Inmediata)
ACCRBT6890,ACCRBT6890,"DOCKING 5 EN 1: USB V3.0 TIPO ""C"" A HDMI, USB V3.0 x2, USB TIPO ""C"", RJ45 GIGABIT (6000694), Br","DOCKING 5 EN 1: USB V3.0 TIPO ""C"" A HDMI, USB V3.0 x2, USB TIPO ""C"", RJ45 GIGABIT (6000694), Brobotix Descubre el Nuevo Docking 5 en 1 USB V3.0 Tipo ""C"" BRobotix y ¡Amplía la cantidad y variedad de puertos en tu laptop o computadora! Crea de manera instantánea 5 puertos diferentes adicionales a partir de un único puerto USB Tipo ""C"" en tu computadora o laptop. Este Docking USB de Alta Velocidad V3.0 crea de manera práctica 5 puertos: una entrada RJ45 Gigabit, una entrada HDMI, 2 puertos USB V3.0 Tipo ""A"" y un puerto USB Tipo ""C"", a través de cualquier puerto USB Tipo ""C"". Conecte con facilidad más dispositivos a tu equipo. Ideal para computadoras, portátiles y mini portátiles.  Instalación Plug and Play. Amplía con facilidad la conectividad de tu equipo sin necesidad de controladores especiales o de software. 1 Conexión USB Tipo C, macho. 1 Puerto RJ45: Velocidad de transmisión 10/100/1 000 Mbps, Gigabit. 1 Puerto HDMI, hembra: soporta 4K, 2K. 2 Puertos USB V3.0 Tipo A, hembra. 1 Puerto USB Tipo C, hembra. Material: Aluminio. Color: Plata. Longitud del cable: 13 Centímetros. Voltaje: 5 Vcc.  Garantía de 1 año. Plug & Play: conexión fácil sin controladores. Compatibilidad: Windows y Mac. Color: Plata",DOCKING,d,25.24622222222222,492.3,25.25,738.45,738.45,984.6,689.22,590.76,laptops,./assets/img/catalog/laptops/ACCRBT6890.jpg,https://static.ctonline.mx/imagenes/ACCRBT6890/ACCRBT6890_400.jpg,48h Directa / 1 Año Fábrica,Pedro Moreno 501 A (Entrega Inmediata)
ACCRBT6900,ACCRBT6900,"DOCKING 8 EN 1: USB V3.0 TIPO ""C"" A HDMI, USB V3.0 x2, USB TIPO ""C"" x2, SD, MICRO SD, RJ45 GIGA","DOCKING 8 EN 1: USB V3.0 TIPO ""C"" A HDMI, USB V3.0 x2, USB TIPO ""C"" x2, SD, MICRO SD, RJ45 GIGABIT (6000700), Brobotix Descubre el Nuevo Docking 8 en 1 USB V3.0 Tipo ""C"" BRobotix y ¡Amplía la cantidad y variedad de puertos en tu laptop o computadora! Crea de manera instantánea 8 puertos diferentes adicionales a partir de un único puerto USB Tipo ""C"" en tu computadora o laptop.  Este Docking USB de Alta Velocidad V3.0 crea de manera práctica 8 puertos: una entrada RJ45 Gigabit, una entrada HDMI, 2 puertos USB V3.0 Tipo ""A"", 2 puertos USB Tipo ""C"", una entrada para tarjeta SD y una entrada para tarjeta Micro SD, a través de cualquier puerto USB Tipo ""C"". Conecte con facilidad más dispositivos a tu equipo. Ideal para computadoras, portátiles y mini portátiles.  Instalación Plug and Play. Amplía con facilidad la conectividad de tu equipo sin necesidad de controladores especiales o de software. 1 Conexión USB Tipo C, macho. 1 Puerto RJ45: Velocidad de transmisión 10/100/1 000 Mbps, Gigabit. 1 Puerto HDMI, hembra: soporta 4K, 2K. 2 Puertos USB V3.0 Tipo A, hembra. 2 Puertos USB Tipo C, hembra. 1 Lector de tarjeta SD. 1 Lector de tarjeta Micro SD. Material: Aluminio. Longitud del cable: 13 Centímetros. Voltaje: 5 Vcc.  Garantía de 1 año. Plug & Play: conexión fácil sin controladores. Compatibilidad: Windows y Mac. Color: Plata",DOCKING,d,26.266666666666666,512.2,26.27,768.3,768.3,1024.4,717.08,614.64,laptops,./assets/img/catalog/laptops/ACCRBT6900.jpg,https://static.ctonline.mx/imagenes/ACCRBT6900/ACCRBT6900_400.jpg,48h Directa / 1 Año Fábrica,Pedro Moreno 501 A (Entrega Inmediata)
ACCRBT7140,ACCRBT7140,"DOCKING 7 EN 1: USB V3.0 TIPO ""C"" A USB V3.0 x3, RJ45, VGA, HDMI, USB TIPO ""C"" (6001202), Brobo","DOCKING 7 EN 1: USB V3.0 TIPO ""C"" A USB V3.0 x3, RJ45, VGA, HDMI, USB TIPO ""C"" (6001202), Brobotix Descubre el Nuevo Docking 7 en 1 USB V3.0 Tipo ""C"" BRobotix y ¡Amplía la cantidad y variedad de puertos en tu laptop o computadora! Crea de manera instantánea 7 puertos diferentes adicionales a partir de un único puerto USB Tipo ""C"" en tu computadora o laptop.  Este Docking USB de Alta Velocidad V3.0 crea de manera práctica 7 puertos: 3 puertos USB V3.0 Tipo ""A"", una entrada RJ45, una entrada VGA, una entrada HDMI  y un puerto USB Tipo ""C"", a través de cualquier puerto USB Tipo ""C"". Conecte con facilidad más dispositivos a tu equipo. Ideal para computadoras, portátiles y mini portátiles. Instalación Plug and Play. Amplía con facilidad la conectividad de tu equipo sin necesidad de controladores especiales o de software. Docking 7 en 1 USB V3.0 Tipo ""C"" a USB V3.0 x3, RJ45, VGA, HDMI, USB Tipo ""C"". Crea de manera instantánea 7 puertos diferentes a través del puerto USB Tipo ""C"", ideal para computadoras, portátiles y mini portátiles. Conecte con facilidad más dispositivos a tu equipo. Mejora el acceso a los puertos y amplia la conectividad de tu equipo. USB V3.0 de alta velocidad. Diseño moderno metálico. Diseño delgado. Pequeño, ligero y portátil. Instalación sencilla USB que no requiere alimentación externa o de software. Plug and Play. Especificaciones: 1 Conexión USB Tipo C, macho. 3 Puertos USB V3.0 Tipo A, hembra. 1 Puerto RJ45: Velocidad de transmisión 10/100 Mbps. 1 Puerto VGA, hembra. 1 Puerto HDMI, hembra: soporta 4K, 2K. 1 Puerto USB Tipo C, hembra. Material: Aluminio. Color: Plata. Dimensiones: 9.9 x 5.6 x 1.7 Centímetros Longitud del cable: 13 Centímetros. Voltaje: 5 Vcc. Garantía de 1 año. Plug & Play: conexión fácil sin controladores. Compatibilidad: Windows y Mac. Color: PLATA",DOCKING,d,26.333333333333332,513.5,26.33,770.25,770.25,1027.0,718.9,616.2,laptops,./assets/img/catalog/laptops/ACCRBT7140.jpg,https://static.ctonline.mx/imagenes/ACCRBT7140/ACCRBT7140_400.jpg,48h Directa / 1 Año Fábrica,Pedro Moreno 501 A (Entrega Inmediata)
ACCRBT9090,ACCRBT9090,"DOCKING 5 EN 1: CONECTOR USB TIPO C A DISPLAYPORT 4K30HZ, USB V3.0x3 Y USB TIPO C (406627), Bro","DOCKING 5 EN 1: CONECTOR USB TIPO C A DISPLAYPORT 4K30HZ, USB V3.0x3 Y USB TIPO C (406627), Brobotix El Docking 5 en 1 BRobotix® te permitirá expandir el puerto USB tipo C de tu computadora para obtener más puertos de alta velocidad. Puedes conectar múltiples dispositivos de manera simultanea y su diseño compacto te facilita llevarlo a donde sea. Ideal para las nuevas laptops equipadas con pocos puertos. Docking 5 en 1 USB Tipo C a USB V3.0, DisplayPort. Conecta con facilidad más dispositivos a tu equipo. Transfiere y comparte datos de manera inmediata. USB V3.0 de alta velocidad. Diseño moderno metálico. Pequeño, ligero y portátil. Plug and play: conexión fácil sin controladores. Especificaciones:  Conexión USB tipo C. 1 puerto DisplayPort hembra 4K30Hz. 1 puerto USB tipo C hembra. 3 puertos USB V3.0 tipo A hembra. Indicador LED de alimentación. Resolución: 4K/30Hz. Material: aluminio. Plud and play. Compatibilidad: Windows y iOS Color: Plata",DOCKING,d,16.055111111111113,313.07,16.06,469.61,469.61,626.14,438.3,375.68,laptops,./assets/img/catalog/laptops/ACCRBT9090.jpg,https://static.ctonline.mx/imagenes/ACCRBT9090/ACCRBT9090_400.jpg,48h Directa / 1 Año Fábrica,Pedro Moreno 501 A (Entrega Inmediata)
ACCRBT9100,ACCRBT9100,"DOCKING 5 EN 2: CONECTOR DUAL USB A Y TIPO C A USB V3.0x3, USB TIPO C Y RJ45 GIGABIT  (406603),","DOCKING 5 EN 2: CONECTOR DUAL USB A Y TIPO C A USB V3.0x3, USB TIPO C Y RJ45 GIGABIT  (406603), Brobotix El Docking 5 en 2 BRobotix® conector USB dual tipo A Y C, te permitirá obtener más puertos de alta velocidad. Puedes conectar múltiples dispositivos de manera simultanea y su diseño compacto te facilita llevarlo a donde sea. Ideal para nuevas laptops equipadas con pocos puertos. Docking 5 en 2 USB V3.0 dual tipo A y tipo C a USB V3.0, USB tipo C y RJ45 gigabit. Conecta con facilidad más dispositivos a tu equipo. Transfiere y comparte datos de manera inmediata. USB V3.0 de alta velocidad. Diseño moderno metálico. Pequeño, ligero y portátil. Plug and play: conexión fácil sin controladores. Especificaciones: Conexión dual USB tipo A y C macho. 1 puerto RJ45 gigabit. 1 puerto USB tipo C hembra. 3 puertos USB V3.0 tipo A hembra. Indicador LED. Velocidad de transmisión: 10/100/1000 mbps. Material: aluminio. Plud and play. Compatibilidad: Windows y iOS  Color: Plata",DOCKING,d,19.444444444444443,379.17,19.44,568.75,568.75,758.34,530.84,455.0,laptops,./assets/img/catalog/laptops/ACCRBT9100.jpg,https://static.ctonline.mx/imagenes/ACCRBT9100/ACCRBT9100_400.jpg,48h Directa / 1 Año Fábrica,Pedro Moreno 501 A (Entrega Inmediata)
ACCRBT9110,ACCRBT9110,"DOCKING 7 EN 1: CONECTOR USB TIPO C A HDMI 4K30HZ,USB V3.0x3, SD/TF Y USB TIPO C PD 100W (40697","DOCKING 7 EN 1: CONECTOR USB TIPO C A HDMI 4K30HZ,USB V3.0x3, SD/TF Y USB TIPO C PD 100W (406979), Brobotix El nuevo Docking 7 en 1 USB tipo C BRobotix® te  permitirá expandir el puerto USB tipo C de tu computadora para obtener más puertos con alta velocidad o acceder a tus archivos en dispositivos de almacenamiento extraíble. Ideal para nuevas laptops equipadas con pocos puertos. Conecta con facilidad más dispositivos a tu equipo. Mejora el acceso a los puertos y amplía la conectividad de tu equipo. Compatible con V3.0, HDMI. USB V3.0 de alta velocidad. Diseño moderno metálico. Pequeño, ligero y portátil. Plug and play: conexión fácil sin controladores. Especificaciones: Conexión USB tipo C, macho. 1 puerto USB-C de carga y datos. 3 puertos USB tipo A versión 3.0. 1 puerto para memoria Micro SD. 1 puerto para tarjeta TF(TransFlash). 1 puerto HDMI 4K a 30 Hz. Indicador LED de alimentación. Material: aluminio. Compatible con Windows y iOS. Color: Plata",DOCKING,d,16.055555555555554,313.08,16.06,469.62,469.62,626.16,438.31,375.7,laptops,./assets/img/catalog/laptops/ACCRBT9110.jpg,https://static.ctonline.mx/imagenes/ACCRBT9110/ACCRBT9110_400.jpg,48h Directa / 1 Año Fábrica,Pedro Moreno 501 A (Entrega Inmediata)
ACCRBT6810,ACCRBT6810,"ADAPTADOR USB V3.0 TIPO ""A"" MACHO A TIPO ""C"" HEMBRA (6000342), Brobotix.  Con el Nuevo Adaptado","ADAPTADOR USB V3.0 TIPO ""A"" MACHO A TIPO ""C"" HEMBRA (6000342), Brobotix.  Con el Nuevo Adaptador USB V3.0 Tipo ""A"" macho a USB Tipo ""C"" hembra BRobotix de alta velocidad podrás conectar dispositivos Tipo ""C"" como memorias de almacenamiento, smartphones, cables de datos y/carga, audífonos, etc. a laptops, computadoras, cargadores USB, hubs, y más. Este adaptador te permite añadir un puerto Tipo ""C"" a tu ordenador o dispositivo  a través de un puerto USB Tipo ""A"".Conectores: 1 USB V3.0 Tipo “A” macho, 1 Tipo “C” hembra. USB V3.0. 5Gbps de alta velocidad. Función: Transferencia de datos.Conector USB Tipo ""A"" compatible con laptops, computadoras, cargadores USB, hubs USB, cargadores de auto, etc.Conector USB Tipo ""C"" compatible con smartphones, HDD Tipo ""C"", Memorias USB de almacenamiento, iPads, tabletas y dispositivos con conexión Tipo ""C"". Contenido: 1 pieza. Color: Negro",ADAPTADOR,d,2.5444444444444443,49.62,2.54,74.43,74.43,99.24,69.47,59.54,laptops,./assets/img/catalog/laptops/ACCRBT6810.jpg,https://static.ctonline.mx/imagenes/ACCRBT6810/ACCRBT6810_400.jpg,48h Directa / 1 Año Fábrica,Pedro Moreno 501 A (Entrega Inmediata)
ACCRBT8160,ACCRBT8160,"ADAPTADOR USB C MACHO A DISPLAY PORT HEMBRA (6006122), Brobotix Con el nuevo Adaptador USB C a ","ADAPTADOR USB C MACHO A DISPLAY PORT HEMBRA (6006122), Brobotix Con el nuevo Adaptador USB C a Display Port BRobotix de alta velocidad podrás conectar dispositivos como televisores y proyectores Este adaptador te permite añadir un puerto Display Port ""hembra"" Adaptador USB Tipo “C” macho a Display Port ""hembra"". Conecta dispositivos como televisores y proyectores. Compatible con todos dispositivos que cuenten con un puertos USB tipo C con salida de audio y video. Admite resoluciones de audio y pantalla de hasta 8K 7920x4320@60Hz. Diseño metálico. Compacto, ligero y discreto. Especificaciones: Conector: Display Port ""hembra"". Conector USB Tipo ""C"" compatible con laptops, computadoras de escritorio. Contenido: 1 pieza. Dimensiones del producto (Ancho x Alto x Profundidad):  2.1 x 4.4 x 1.1-0.8 cm. Garantía: 1 año *Antes de adquirir su adaptador se le sugiere verificar que el puerto USB Tipo ""C"" de su equipo esté habilitado para salida de video. Esta información la puede confirmar en las especificaciones de su equipo.  Color: Negro",ADAPTADOR,d,7.5777777777777775,147.77,7.58,221.66,221.66,295.54,206.88,177.32,laptops,./assets/img/catalog/laptops/ACCRBT8160.jpg,https://static.ctonline.mx/imagenes/ACCRBT8160/ACCRBT8160_400.jpg,48h Directa / 1 Año Fábrica,Pedro Moreno 501 A (Entrega Inmediata)
ACCRBT8170,ACCRBT8170,"ADAPTADOR USB C MACHO A SVGA HEMBRA (6006108), Brobotix Con el Nuevo Adaptador USB C a SVGA BRo","ADAPTADOR USB C MACHO A SVGA HEMBRA (6006108), Brobotix Con el Nuevo Adaptador USB C a SVGA BRobotix de alta velocidad podrás conectar dispositivos como televisores y proyectores. Este adaptador te permite añadir un puerto SVGA ""hembra"" Adaptador USB Tipo “C” macho a SVGA hembra. Conecta dispositivos como televisores y proyectores. Compatible con todos dispositivos que cuenten con un puertos USB tipo C con salida de audio y video.  Admite resoluciones de video de hasta 1080P 1920×1080@60Hz. Diseño metálico. Compacto, ligero y discreto. Especificaciones: Conector: SVGA ""hembra"". 5Gbps de alta velocidad. Conector USB Tipo ""C"" compatible con laptops, computadoras de escritorio. Contenido: 1 pieza. Dimensiones del producto (Ancho x Alto x Profundidad):  2.1 x 4.4 x 1.1-0.8 cm. Garantía: 1 año *Antes de adquirir su adaptador se le sugiere verificar que el puerto USB Tipo ""C"" de su equipo esté habilitado para salida de video. Esta información la puede confirmar en las especificaciones de su equipo. Color: Negro",ADAPTADOR,d,7.5777777777777775,147.77,7.58,221.66,221.66,295.54,206.88,177.32,laptops,./assets/img/catalog/laptops/ACCRBT8170.jpg,https://static.ctonline.mx/imagenes/ACCRBT8170/ACCRBT8170_400.jpg,48h Directa / 1 Año Fábrica,Pedro Moreno 501 A (Entrega Inmediata)
ACCRBT8180,ACCRBT8180,"ADAPTADOR USB C TIPO MACHO A HDMI TIPO HEMBRA (6006115), Brobotix Con el nuevo Adaptador USB C ","ADAPTADOR USB C TIPO MACHO A HDMI TIPO HEMBRA (6006115), Brobotix Con el nuevo Adaptador USB C a HDMI BRobotix de alta velocidad podrás conectar dispositivos como televisores y proyectores. Este adaptador te permite añadir un puerto HDMI ""hembra"". Adaptador USB Tipo “C” macho a HDMI hembra. Conecta dispositivos como televisores y proyectores. Compatible con todos dispositivos que cuenten con un puertos USB tipo C con salida de audio y video. Admite resoluciones de audio y pantalla de hasta 4K @ 60Hz. Diseño metálico. Compacto, ligero y discreto. Especificaciones: Conector: HDMI ""hembra"". Conector USB Tipo ""C"" compatible con laptops, computadoras de escritorio. Contenido: 1 pieza. Dimensiones del producto (Ancho x Alto x Profundidad):  2.1 x 4.4 x 1.1-0.8 cm. Garantía: 1 año. *Antes de adquirir su adaptador se le sugiere verificar que el puerto USB Tipo ""C"" de su equipo esté habilitado para salida de video. Esta información la puede confirmar en las especificaciones de su equipo. Color: Negro",ADAPTADOR,d,7.5777777777777775,147.77,7.58,221.66,221.66,295.54,206.88,177.32,laptops,./assets/img/catalog/laptops/ACCRBT8180.jpg,https://static.ctonline.mx/imagenes/ACCRBT8180/ACCRBT8180_400.jpg,48h Directa / 1 Año Fábrica,Pedro Moreno 501 A (Entrega Inmediata)
MOURBT430,MOURBT430,"MOUSE INALÁMBRICO RECARGABLE GLASS CONEXIÓN 2.4 GHz, BT, 1600 DPI (6000823), BRobotix El mouse ","MOUSE INALÁMBRICO RECARGABLE GLASS CONEXIÓN 2.4 GHz, BT, 1600 DPI (6000823), BRobotix El mouse inalambrico recargable glass BRobotix® es una combinación perfecta entre estética, funcionalidad y utilidad. Su diseño elegante y moderno agrega un encanto único a tu escritorio. Compatible con computadoras de escritorio, portátiles, MacBooks, tabletas, teléfonos inteligentes y más. Mouse inalambrico recargable. Ergonómico y agradable al tacto. Conexiones: Bluetooth 5.3 + Bluetooth 5.3 y USB 2.4GHz le permiten conectar hasta 3 periféricos compatibles. Puede cambiar libremente haciendo clic en el botón switch en la parte inferior del mouse. El modo Bluetooth funciona con Windows, Android, Mac OS, iPad iOS 13 y arriba del sistema. El modo de 2.4 GHz funciona para dispositivos con puerto USB. Función de click silencioso, ideal para quienes prefieren evitar el ruido de los ratones convencionales o necesitan trabajar en entornos tranquilos. Conexión rápida y estable, sin interrupciones ni retrasos. Alcance: hasta 10 m. Con botón de alimentación (ON/OFF). Plug&play. Interfaz USB Tipo-C. Cubierta superior magnética para acceder al receptor USB en su interior. Rodillo de metal. Botón de escritorio de un solo click* y de ajuste de DPI. Indicador de nivel de batería de 4 etapas. Brillo colorido *Tenga en cuenta que el botón de escritorio no es adecuado para MacOS debido a la protección de los sistemas Apple. Especificaciones:  Admite Windows 8/10, macOS, iOS, Android. Material: PC y ABS. Bateria: Ion de litio de 400 mAh. Conexión 3 modos (2,4 GHz/BT1/BT2) y puede cambiar entre diferentes dispositivos. Corriente: 7mA. DPI: 800-1000-1200-1600  Color: Transparente",MOUSE,d,8.833333333333334,172.25,8.83,258.38,258.38,344.5,241.15,206.7,laptops,./assets/img/catalog/laptops/MOURBT430.jpg,https://static.ctonline.mx/imagenes/MOURBT430/MOURBT430_400.jpg,48h Directa / 1 Año Fábrica,Pedro Moreno 501 A (Entrega Inmediata)
MOURBT280,MOURBT280,"MOUSE GAMER ILUMINADO MULTICOLOR NEGRO (180866-2), Brobotix Complemento perfecto para tu equipo","MOUSE GAMER ILUMINADO MULTICOLOR NEGRO (180866-2), Brobotix Complemento perfecto para tu equipo, destinado a disfrutar de los mejores videojuegos.  El Mouse para gamer  cuenta con uno de los mejores sensores del mercado, ofreciendo una precisión de primer nivel y todas las opciones que demandan los jugadores expertos. Mouse Óptico Gamer. Desplazamiento (Scroll) para ahorrar tiempo y evitar molestias en la muñeca. LED Multicolor de 7 colores. 2 Botones de avance y retroceso ( se puede cambiar de funciones). Alta sensibilidad DPI graduable de: 800/1200/1600/2400. Conexión USB. Especificaciones: Diseño ajustable DPI: los botones izquierdo y derecho son muy suaves,  y usted puede trabajar, jugar y navegar prácticamente en silencio sin molestar a las personas que están a su lado. Se puede configurar 2400/1600 / 1000DPI. Puede ajustar la sensibilidad cuando lo desee, lo cual es genial si le gusta jugar videojuegos. Compatible con Windows 7/8/10 / XP, Vista7 / 8 y Linux, etc. Se adapta para computadora de escritorio, computadora portátil, Mac, computadora, Surface Pro, MacBook Pro, MacBook Air, Chromebook y otros dispositivos. Puede usarlo en la oficina o en casa para jugar o trabajar. Color: Negro",MOUSE,d,5.555555555555555,108.33,5.56,162.5,162.5,216.66,151.66,130.0,laptops,./assets/img/catalog/laptops/MOURBT280.jpg,https://static.ctonline.mx/imagenes/MOURBT280/MOURBT280_400.jpg,48h Directa / 1 Año Fábrica,Pedro Moreno 501 A (Entrega Inmediata)
TECRBT160,TECRBT160,"Teclado MINI INALÁMBRICO, RECARGABLE, ILUMINADO RGB  (963814), Brobotix. Teclado mini de conexi","Teclado MINI INALÁMBRICO, RECARGABLE, ILUMINADO RGB  (963814), Brobotix. Teclado mini de conexión inalámbrica, ideal para consolas de videojuegos Xbox 360, PS3, Smart TV, smartphones OTG, PC, laptop, tabletas y Android TV Boxes. Escribe búsquedas fácilmente, chatea, juega videojuegos o ingresa páginas web de forma práctica. También deslízate rápidamente en tu navegación gracias a su pantalla touch con DPI ajustable a la dimensión de tu monitor. Cuenta con iluminación RGB personalizada para que no pierdas de vista las teclas y puedas usarlo a cualquier hora. Teclado mini de conexión inalámbrica. Ideal para consolas de videojuegos Xbox 360, PS3, Smart TV, smartphones OTG, PC, laptop, tabletas y Android TV Boxes. Realiza búsquedas, chatea, juega videojuegos o ingresa páginas web de forma práctica. Iluminación personalizada: Azul, Rojo, Verde. Pantalla touch con DPI ajustable a la dimensión de tu monitor. Incluye teclas multimedia y direccionales. Teclado alfanumérico. No requiere pilas debido a que cuenta con una batería interna de litio recargable. Incluye cable USB para recarga. Diseño moderno, mini y portátil. Especificaciones: Teclado completo: 92 teclas. Incluye Receptor USB inalámbrico RF 2.4 GHz. Utiliza una batería recargable (incluida). El receptor inalámbrico se encuentra almacenado en la parte posterior junto a la batería. Compatibilidad: Windows, Android y Smart TV con puerto USB disponible. Color: Negro",MINI,d,8.61111111111111,167.92,8.61,251.88,251.88,335.84,235.09,201.5,laptops,./assets/img/catalog/laptops/TECRBT160.jpg,https://static.ctonline.mx/imagenes/TECRBT160/TECRBT160_400.jpg,48h Directa / 1 Año Fábrica,Pedro Moreno 501 A (Entrega Inmediata)
TECRBT180,TECRBT180,"Teclado GAMER ""ONE HAND"", ILUMINADO RGB, USB (567892), Brobotix  ¡Descubre el Nuevo Teclado GAM","Teclado GAMER ""ONE HAND"", ILUMINADO RGB, USB (567892), Brobotix  ¡Descubre el Nuevo Teclado GAMER One hand BRobotix y vive al máximo la experiencia Gamer!Su iluminación RGB ajustable, con los caracteres iluminados, te permitirá jugar a cualquier hora, incluso de noche o en la oscuridad sin necesidad de encender las luces. No lo perderás de vista. Cuenta con un diseño moderno y exclusivo Gamer, para manejar con una mano. Su diseño ergonómico, soporte de palma y muñeca y curvatura de sus teclas te brindará comodidad por horas, además de su tacto de sensación mecánica. Conexión USB Plug and play.  Teclado Gamer One Hand (para una mano). Iluminación RGB ajustable para máxima experiencia Gamer. 2 modos de iluminación: Continuo y Breating. Caracteres iluminados que permiten jugar por la noche o en la oscuridad, sin necesidad de encender las luces de la habitación.  FN + Esc: Encender o apagar iluminación. FN + Caps: Cambiar modo de iluminación a Continuo o Breating. Ergonómico y confortable, ideal para usarlo durante periodos prolongados. Posición curva de teclas (sube y baja) en forma de la mano, para máxima comodidad. Sensación mecánica. Tacto suave. Diseño moderno con iluminación multicolor. Útil con consolas de videojuegos, PC, laptops. Conexión USB. Acabados detallados de alta calidad. Antiderrapante. Plug and play. Especificaciones: Número de teclas: 35 Teclas. Tiempo de vida: 10 millones de clics. Corriente operando: 200 mA. Voltaje: 5 Vcc. Longitud del cable: 1.2 metros. Interfaz USB. Compatibilidad: Win7/Win8/Win10/Linux/Android/IOS.  Color: Negro",GAMER,d,12.626262626262626,246.21,12.63,369.31,369.31,492.42,344.69,295.45,laptops,./assets/img/catalog/laptops/TECRBT180.jpg,https://static.ctonline.mx/imagenes/TECRBT180/TECRBT180_400.jpg,48h Directa / 1 Año Fábrica,Pedro Moreno 501 A (Entrega Inmediata)
TECRBT190,TECRBT190,"Teclado NUMÉRICO USB (963234), Brobotix Con el nuevo Teclado Numérico USB BRobotix podrás tener","Teclado NUMÉRICO USB (963234), Brobotix Con el nuevo Teclado Numérico USB BRobotix podrás tener a la mano los caracteres de números para un mejor manejo, más fácil, mecanográfico y veloz. Su diseño ergonómico organiza las teclas al alcance de una mano. Ideal para complementar teclados mini y laptops. Y útil para usuarios que usen constantemente estos caracteres o requieran efectuar con frecuencia operaciones numéricas, tales como estudiantes, profesionistas, contadores, vendedores, capturistas, etc. Teclado numérico. Diseño súper delgado. Inclinación de 15º  Número de teclas: 18 teclas. Color: Negro. Interfaz USB. Longitud del cable: 0.75 m aprox. Plug and Play. Voltaje: 5 Vcc. Cumple con estándares FCC y CE. Compatibilidad: Windows,Mac Color: Negro",NUMÉRICO,d,5.2555555555555555,102.48,5.26,153.72,153.72,204.96,143.47,122.98,laptops,./assets/img/catalog/laptops/TECRBT190.jpg,https://static.ctonline.mx/imagenes/TECRBT190/TECRBT190_400.jpg,48h Directa / 1 Año Fábrica,Pedro Moreno 501 A (Entrega Inmediata)
TECRBT210,TECRBT210,"TECLADO ALÁMBRICO USB ANTIDERRAMES, ULTRASILENCIOSO NEGRO (6007181), Brobotix El teclado USB an","TECLADO ALÁMBRICO USB ANTIDERRAMES, ULTRASILENCIOSO NEGRO (6007181), Brobotix El teclado USB antiderrames ultrasilencioso BRobotix® mejora la productividad diaria, por su diseño ergonómico que proporciona comodidad y una experiencia de escritura cómoda y placentera.  Teclado e QWERTY en español, con sección numérica para equipos de cómputo de escritorio y laptops; ideal para casa u oficina.Teclado diseñado de forma ergonómica con descansa muñecas. Teclas silenciosas que brindan una experiencia de escritura cómoda y tacto suave que proporciona una sensación de confort. Los orificios en la parte trasera del teclado permiten el paso de líquidos en caso de derrames accidentales. Compatibilidad con Windows y macOS. Conexión USB tipo A. Plug and play. Color: Negro.",TECLADO,d,4.144444444444444,80.82,4.14,121.23,121.23,161.64,113.15,96.98,laptops,./assets/img/catalog/laptops/TECRBT210.jpg,https://static.ctonline.mx/imagenes/TECRBT210/TECRBT210_400.jpg,48h Directa / 1 Año Fábrica,Pedro Moreno 501 A (Entrega Inmediata)
KITRBT250,KITRBT250,"KIT DE TECLADO Y MOUSE INALAMBRICO MULTIMEDIA, NEGRO (6000618), Brobotix Kit Teclado y Ratón Mu","KIT DE TECLADO Y MOUSE INALAMBRICO MULTIMEDIA, NEGRO (6000618), Brobotix Kit Teclado y Ratón Multimedia BRobotix® Plug and Play. Teclado QWERTY en español con sección numérica y acceso multimedia, para equipos de cómputo de escritorio y laptops; perfecto para trasladarlo a cualquier estación de trabajo en backpacks y/o maletines de hasta 15”. Kit teclado y ratón inalámbricos con receptor usb de 2.4 GHz incorporado al mouse.Teclado silencioso. Botones multimedia: E-mail, Home Page, Búsqueda, Calculadora, Controles de Música, etc. Mouse óptico ambidiestro, dpi ajustable. Rueda de desplazamiento. Plug and Play.Baterías incluidas: 4 (AAA, 1.5 v), Compatibilidad: Windows y macOS. Color: Negro.",KIT,d,10.722222222222223,209.08,10.72,313.62,313.62,418.16,292.71,250.9,laptops,./assets/img/catalog/laptops/KITRBT250.jpg,https://static.ctonline.mx/imagenes/KITRBT250/KITRBT250_400.jpg,48h Directa / 1 Año Fábrica,Pedro Moreno 501 A (Entrega Inmediata)
KITRBT260,KITRBT260,"KIT DE TECLADO Y MOUSE INALÁMBRICO MULTIMEDIA, GRIS (6000625), Brobotix Kit Teclado y Ratón Mul","KIT DE TECLADO Y MOUSE INALÁMBRICO MULTIMEDIA, GRIS (6000625), Brobotix Kit Teclado y Ratón Multimedia BRobotix® Plug and Play. Teclado QWERTY en español con sección numérica y acceso multimedia, para equipos de cómputo de escritorio y laptops; perfecto para trasladarlo a cualquier estación de trabajo en backpacks y/o maletines de hasta 15”. Kit teclado y ratón inalámbricos con receptor usb de 2.4 GHz incorporado al mouse.Teclado silencioso. Botones multimedia: E-mail, Home Page, Búsqueda, Calculadora, Controles de Música, etc. Mouse óptico ambidiestro, dpi ajustable. Rueda de desplazamiento. Plug and Play.Baterías incluidas: 4 (AAA, 1.5 v), Compatibilidad: Windows y macOS. Color: Gris",KIT,d,10.611111111111112,206.92,10.61,310.38,310.38,413.84,289.69,248.3,laptops,./assets/img/catalog/laptops/KITRBT260.jpg,https://static.ctonline.mx/imagenes/KITRBT260/KITRBT260_400.jpg,48h Directa / 1 Año Fábrica,Pedro Moreno 501 A (Entrega Inmediata)
KITRBT270,KITRBT270,"KIT DE TECLADO Y MOUSE INALÁMBRICO MULTIMEDIA, ROJO (6000632), Brobotix Kit Teclado y Ratón Mul","KIT DE TECLADO Y MOUSE INALÁMBRICO MULTIMEDIA, ROJO (6000632), Brobotix Kit Teclado y Ratón Multimedia BRobotix® Plug and Play. Teclado QWERTY en español con sección numérica y acceso multimedia, para equipos de cómputo de escritorio y laptops; perfecto para trasladarlo a cualquier estación de trabajo en backpacks y/o maletines de hasta 15”. Kit teclado y ratón inalámbricos con receptor usb de 2.4 GHz incorporado al mouse.Teclado silencioso. Botones multimedia: E-mail, Home Page, Búsqueda, Calculadora, Controles de Música, etc. Mouse óptico ambidiestro, dpi ajustable. Rueda de desplazamiento. Plug and Play.Baterías incluidas: 4 (AAA, 1.5 v), Compatibilidad: Windows y macOS. Color: Rojo",KIT,d,10.627766666666666,207.24,10.63,310.86,310.86,414.48,290.14,248.69,laptops,./assets/img/catalog/laptops/KITRBT270.jpg,https://static.ctonline.mx/imagenes/KITRBT270/KITRBT270_400.jpg,48h Directa / 1 Año Fábrica,Pedro Moreno 501 A (Entrega Inmediata)
ACCRBT7580,ACCRBT7580,"HUB 7 EN 1 USB V3.0 CONECTOR DUAL TIPO ""C"" y TIPO ""A"" (6005446), Brobotix El nuevo Docking USB ","HUB 7 EN 1 USB V3.0 CONECTOR DUAL TIPO ""C"" y TIPO ""A"" (6005446), Brobotix El nuevo Docking USB V3.0 Tipo ""C"", de 7 puertos BRobotix te permitirá expandir el puerto USB Tipo ""C"" o Tipo ""A"" de tu computadora para obtener más puertos con alta velocidad, gracias a su interfaz V3.0 con transmisión de hasta 5 Gbps. Puedes conectar múltiples dispositivos de manera simultánea y su diseño compacto te facilita el llevarlo donde sea. Su conector dual te permitirá usar el puerto que tengas disponible en tu equipo, puedes conectarlo al puerto tipo C o al puerto tipo A, según sea el caso. Ideal para nuevas laptops equipadas con pocos puertos.  5 puertos USB 3.0 ; 2 puertos USB tipo C;  Carcasa de aluminio; Conexión dual tipo A&C macho; Tamaño compacto perfecto para computadoras de escritorio y portátiles. Transfiere y comparte datos de manera inmediata.  Soporta USB V3.0 / 2.0 / 1.1; Plug and Play. 6 Puertos USB tipo A y C en una misma cara frontal del Hub y 1 Puerto USB tipo A en la cara inferior del Hub. Compatible con Windows 10 / 8.1 / 7 (Sp1) / Vista (Sp2) / XP (Sp3), Mac OS X 10.6 / OS X 10.7 - 10.8  Color: Plata",HUB,d,9.11111111111111,177.67,9.11,266.5,266.5,355.34,248.74,213.2,laptops,./assets/img/catalog/laptops/ACCRBT7580.jpg,https://static.ctonline.mx/imagenes/ACCRBT7580/ACCRBT7580_400.jpg,48h Directa / 1 Año Fábrica,Pedro Moreno 501 A (Entrega Inmediata)
ACCRBT7590,ACCRBT7590,"HUB 4 EN 1 USB V3.0 CONECTOR DUAL TIPO ""C"" y TIPO ""A"" a 4 PUERTOS TIPO A (6005460), Brobotix El","HUB 4 EN 1 USB V3.0 CONECTOR DUAL TIPO ""C"" y TIPO ""A"" a 4 PUERTOS TIPO A (6005460), Brobotix El nuevo Docking USB V3.0 Tipo ""C"", de 4 puertos BRobotix te permitirá expandir el puerto USB Tipo ""C"" o Tipo ""A"" de tu computadora para obtener más puertos con alta velocidad, gracias a su interfaz V3.0 con transmisión de hasta 5 Gbps. Puedes conectar múltiples dispositivos de manera simultánea y su diseño compacto te facilita el llevarlo donde sea. Su conector dual te permitirá usar el puerto que tengas disponible en tu equipo, puedes conectarlo al puerto tipo C o al puerto tipo A según sea el caso. Ideal para nuevas laptops equipadas con pocos puertos. Docking BRobotix® 4 en 1 USB dual tipo A&C V3.0; 4 puertos USB 3.0;  Carcasa de aluminio; Conexión dual tipo A&C macho; Tamaño compacto perfecto para computadoras de escritorio y portátiles. Transfiere y comparte datos de manera inmediata. Color: Plata",HUB,d,8.077777777777778,157.52,8.08,236.28,236.28,315.04,220.53,189.02,laptops,./assets/img/catalog/laptops/ACCRBT7590.jpg,https://static.ctonline.mx/imagenes/ACCRBT7590/ACCRBT7590_400.jpg,48h Directa / 1 Año Fábrica,Pedro Moreno 501 A (Entrega Inmediata)
ACCRBT9190,ACCRBT9190,"HUB USB V3.0 4 PUERTOS CONEXIÓN TIPO C, PLATA (6008058), Brobotix Con el Hub USB V3.0 4 puertos","HUB USB V3.0 4 PUERTOS CONEXIÓN TIPO C, PLATA (6008058), Brobotix Con el Hub USB V3.0 4 puertos BRobotix® convierte un solo puerto USB Tipo-C en cuatro puertos USB Tipo-A, permitiéndote conectar multiples dispositivos de forma rápida y eficiente. Su tecnología USB 3.0 garantiza una transferencia de datos de alta velocidad, ideal para discos duros, memorias USB, teclados, mouse y más. Su diseño compacto y ligero lo hace perfecto para llevar a cualquier parte.  Concentrador 4 puertos USB-A hembra versión 3.0. Conecta memorias USB, smartphones, cámaras digitales, mouse, etc. Trasfiere y comparte datos de inmediato. Reduce la congestión de puertos conectados directamente a tu PC o Laptop. Ligero y portátil. Especificaciones: Conexión USB tipo C. Material: ABS, PVC y aluminio. Velocidad de transmisión: hasta 5 Gbps con dispositivos USB 3.0. Voltaje: 5VCC. Longitud: 19.5 cm. Compatible con Windows y iOS. Plug and play. 3 puertos USB en una misma cara frontal del HUB y 1 puerto USB en la cara inferior. Color: Plata",HUB,d,4.377777777777777,85.37,4.38,128.06,128.06,170.74,119.52,102.44,laptops,./assets/img/catalog/laptops/ACCRBT9190.jpg,https://static.ctonline.mx/imagenes/ACCRBT9190/ACCRBT9190_400.jpg,48h Directa / 1 Año Fábrica,Pedro Moreno 501 A (Entrega Inmediata)
ACCRBT6940,ACCRBT6940,"SOPORTE DE ALUMINIO PARA LAPTOP, MULTIFUNCIONAL, PLEGABLE (263564), Brobotix ¡Coloca tu laptop ","SOPORTE DE ALUMINIO PARA LAPTOP, MULTIFUNCIONAL, PLEGABLE (263564), Brobotix ¡Coloca tu laptop a la altura e inclinación óptimas! El Soporte de aluminio para Laptop, multifuncional, Plegable BRobotix mantiene tus dispositivos sujetados y a la altura adecuada para su manipulación. Su altura y ángulos ajustables te permiten cambiar la inclinación de acuerdo a tus necesidades. Además, su diseño plegable te permitirá guardarlo y transportarlo fácilmente. Diseño elegante y metálico. Compatibilidad universal y soporte multifuncional. Útil para soportar smartphones, tablets, libros, laptops, etc. 7 niveles de ángulos disponibles para ajustar la altura de tu dispositivo de acuerdo a tus necesidades. Amplia ventilación, evitando el sobrecalentamiento de sus dispositivos. Soporte de aluminio. Compacto y portátil. Plegable. Fácil instalación. Especificaciones: Acabado fino y esquinas curvas para evitar ralladuras en tus dispositivos. Con almohadillas antiderrapantes en la parte inferior y superior. 7 opciones de ángulos ajustables: 15º, 20º, 25º, 30º, 35º, 40º, 45º Ángulo de inclinación máximo: 45º . Ángulo de inclinación mínimo: 15º  Dimensiones (compacto): 4.5 x 25.5 cm Dimensiones (extendido): 18.7 x 25.5 x 14.0 cm máximo. Color: Plata.",SOPORTE,d,8.088888888888889,157.73,8.09,236.59,236.59,315.46,220.82,189.28,laptops,./assets/img/catalog/laptops/ACCRBT6940.jpg,https://static.ctonline.mx/imagenes/ACCRBT6940/ACCRBT6940_400.jpg,48h Directa / 1 Año Fábrica,Pedro Moreno 501 A (Entrega Inmediata)
ACCRBT8990,ACCRBT8990,"SOPORTE AJUSTABLE ANTIRROBO PARA LAPTOP (406306), Brobotix El soporte antirrobo para Laptop BRo","SOPORTE AJUSTABLE ANTIRROBO PARA LAPTOP (406306), Brobotix El soporte antirrobo para Laptop BRobotix® protege equipos utilizados en lugares públicos o de trabajo compartido como oficinas, escuelas y bibliotecas o para exhibición segura en tiendas minoristas. Soporte metálico de bloqueo ajustable, adecuado para portátiles de todos los tamaños. Con base fija para asegurar la portátil a escritorio o mesa. Bloqueo de llave en la parte posterior, ajustable de 29.5 a 45 centímetros. Especificaciones: Material: metal, Contenido: 1 base/soporte con candado. 1 tornillo de fijación. 2 llaves Color: Plata",SOPORTE,d,49.58888888888889,966.98,49.59,1450.47,1450.47,1933.96,1353.77,1160.38,laptops,./assets/img/catalog/laptops/ACCRBT8990.jpg,https://static.ctonline.mx/imagenes/ACCRBT8990/ACCRBT8990_400.jpg,48h Directa / 1 Año Fábrica,Pedro Moreno 501 A (Entrega Inmediata)
ACCRBT7860,ACCRBT7860,"SOPORTE DE PISO, MÓVIL, PARA PANTALLA 60"" A 100"" (6006481), Brobotix Soporte de estructura firm","SOPORTE DE PISO, MÓVIL, PARA PANTALLA 60"" A 100"" (6006481), Brobotix Soporte de estructura firme que cuenta con estantes para equipos AV y una base con llantas que le otorga gran dinamismo, haciéndolo de gran utilidad para hospitales, salas de exposiciones, salas de conferencias y otros lugares públicos. De igual forma, con el fin de ahorrar espacio, también se puede utilizar en casa. Soporte para pantallas de 60” a 100”. Movimiento dinámico gracias a sus cuatro ruedas. Adecuado para varios tipos de TV de pantalla plana. Móvil con 4 ruedas de 2” con freno. Gran estabilidad, seguridad, durabilidad y calidad.  Color negro. Especificaciones: VESA: 200x200 - 1000x600; Carga máxima de pantalla: 150 kg. Altura: 210 cm aprox. Dos estantes ideales para soportar equipos de audio, laptops, proyectores, etc. Material: Acero laminado en frío. Color: Negro",SOPORTE,d,231.32222222222222,4510.78,231.32,6766.17,6766.17,9021.56,6315.09,5412.94,laptops,./assets/img/catalog/laptops/ACCRBT7860.jpg,https://static.ctonline.mx/imagenes/ACCRBT7860/ACCRBT7860_400.jpg,48h Directa / 1 Año Fábrica,Pedro Moreno 501 A (Entrega Inmediata)
ACCRBT8350,ACCRBT8350,"SOPORTE VENTILADO ILUMINADO DE ÁNGULO AJUSTABLE PARA PORTÁTIL Y CELULAR, NEGRO (6000441), Brobo","SOPORTE VENTILADO ILUMINADO DE ÁNGULO AJUSTABLE PARA PORTÁTIL Y CELULAR, NEGRO (6000441), Brobotix La nueva base enfriadora BRobotix® para portatátiles de 14"" a 17"" cuenta con dos ventiladores silenciosos e iluminados, además de un soporte para celular. Con un diseño versátil y altamente funcional, brindará a tu equipo una solución integral de enfriamento además de mejorar la ergonomía y experiencia visual del uso de tu laptop donde quiera que estés. Soporte ventilado con 6 angulos ajustables para laptop de 14 a 17 pulgadas. Con soporte universal para celular de vista horizontal o vertical. 2 ventiladores de 14 cm. Funcionamiento silencioso. 2 puertos USB. Iluminación LED color azul. Estructura de malla metálica y materiales de alta calidad para garantizar durabilidad y rendimiento óptimo.  Compatibilidad: portátiles de hasta 17"" . Tipo de inclinación: ajustable a 6 ángulos. Puertos USB: 2, V1.1 integrados. Vida estimada del ventilador: 20000 horas. Velocidad del ventilador:1200 r/min.  Voltaje: 5 Vcc. Material: malla de metal, plástico, goma. Color: Negro",SOPORTE,d,9.388888888888888,183.08,9.39,274.62,274.62,366.16,256.31,219.7,laptops,./assets/img/catalog/laptops/ACCRBT8350.jpg,https://static.ctonline.mx/imagenes/ACCRBT8350/ACCRBT8350_400.jpg,48h Directa / 1 Año Fábrica,Pedro Moreno 501 A (Entrega Inmediata)
ACCRBT1010,ACCRBT1010,"Soporte ventilado iluminado para laptop 15"" (044695N) B-Robotix Base con ventilador central, di","Soporte ventilado iluminado para laptop 15"" (044695N) B-Robotix Base con ventilador central, disipa el calor fuera de la laptop y evita el sobrecalentamiento del equipo durante su uso, alimentacion por usb, cuenta con un puerto usb adicional, silencioso, 320 RPM. Color: Negro/negro.",CT,d,3.422222222222222,66.73,3.42,100.09,100.09,133.46,93.42,80.08,laptops,./assets/img/catalog/laptops/ACCRBT1010.jpg,https://static.ctonline.mx/imagenes/ACCRBT1010/ACCRBT1010_400.jpg,48h Directa / 1 Año Fábrica,Pedro Moreno 501 A (Entrega Inmediata)
ACCRBT1020,ACCRBT1020,"Soporte ventilado iluminado para laptop 15"" (044695R) B-Robotix Base con ventilador central, di","Soporte ventilado iluminado para laptop 15"" (044695R) B-Robotix Base con ventilador central, disipa el calor fuera de la laptop y evita el sobrecalentamiento del equipo durante su uso, alimentacion por usb, cuenta con un puerto usb adicional, silencioso, 320 RPM Color: Negro/fucsia.",CT,d,4.955555555555556,96.63,4.96,144.94,144.94,193.26,135.28,115.96,laptops,./assets/img/catalog/laptops/ACCRBT1020.jpg,https://static.ctonline.mx/imagenes/ACCRBT1020/ACCRBT1020_400.jpg,48h Directa / 1 Año Fábrica,Pedro Moreno 501 A (Entrega Inmediata)
ACCRBT1030,ACCRBT1030,"Soporte ventilado iluminado para laptop 15"" (044695A) B-Robotix Base con ventilador central, di","Soporte ventilado iluminado para laptop 15"" (044695A) B-Robotix Base con ventilador central, disipa el calor fuera de la laptop y evita el sobrecalentamiento del equipo durante su uso, alimentacion por usb, cuenta con un puerto usb adicional, silencioso, 320RPM Color: Negro/Azul.",CT,d,4.944444444444445,96.42,4.94,144.63,144.63,192.84,134.99,115.7,laptops,./assets/img/catalog/laptops/ACCRBT1030.jpg,https://static.ctonline.mx/imagenes/ACCRBT1030/ACCRBT1030_400.jpg,48h Directa / 1 Año Fábrica,Pedro Moreno 501 A (Entrega Inmediata)
ACCRBT1040,ACCRBT1040,Soporte ventilado iluminado para laptop angulo ajustable (917140) B-Robotix Previene el malfunc,"Soporte ventilado iluminado para laptop angulo ajustable (917140) B-Robotix Previene el malfuncionamiento y deterioro de la portátil disipando el aire caliente de manera eficiente, alimentación por usb, posiciones: de 6.5 a 45 grados ajustables, para portátiles desde 9 hasta 17 pulgadas, incluídas las widescreen, cuenta con un puerto usb adicional, 1400 RPM, silencioso, switch de encendido y apagado Color: Negro.",CT,d,9.700000000000001,189.15,9.7,283.73,283.73,378.3,264.81,226.98,laptops,./assets/img/catalog/laptops/ACCRBT1040.jpg,https://static.ctonline.mx/imagenes/ACCRBT1040/ACCRBT1040_400.jpg,48h Directa / 1 Año Fábrica,Pedro Moreno 501 A (Entrega Inmediata)
BOCRBT710,BOCRBT710,"BOCINAS MULTIMEDIA RGB, USB + 3.5 MM, NEGRO  (963920), Brobotix ¡Conoce las Nuevas Bocinas Mult","BOCINAS MULTIMEDIA RGB, USB + 3.5 MM, NEGRO  (963920), Brobotix ¡Conoce las Nuevas Bocinas Multimedia BRobotix! Cuenta con conexión USB y plug de 3.5 mm, además de su práctico control de volumen. Disfruta de su experiencia profesional de audio y potencia al conectarlas a tu computadora, laptop, equipo de audio, etc. Muy prácticas para usar en casa, oficina o escuela. Par de Bocinas Multimedia. Experiencia Profesional de Audio. Excelente potencia de volumen. Amplificador de sonido. Control de Volumen integrado. Fuente de alimentación USB. Color negro.Iluminación RGB. Especificaciones: Plug: 3.5 mm; Conector USB; Potencia de salida: 2W*3W; Dimensión de altavoces e Impedancia: 4 Ohms; Respuesta de frecuencia: 20 HZ – 20 KHZ; Relación Señal/Ruido: 58 dB; Voltaje: 5 Vcc; Compatibilidad: MACOs y Windows  Color: Negro",BOCINAS,d,5.688888888888889,110.93,5.69,166.4,166.4,221.86,155.3,133.12,laptops,./assets/img/catalog/laptops/BOCRBT710.jpg,https://static.ctonline.mx/imagenes/BOCRBT710/BOCRBT710_400.jpg,48h Directa / 1 Año Fábrica,Pedro Moreno 501 A (Entrega Inmediata)
BOCRBT720,BOCRBT720,"BOCINAS MULTIMEDIA, USB + 3.5 MM, NEGRO  (963937), Brobotix ¡Conoce las Nuevas Bocinas Multimed","BOCINAS MULTIMEDIA, USB + 3.5 MM, NEGRO  (963937), Brobotix ¡Conoce las Nuevas Bocinas Multimedia BRobotix! Cuenta con conexión USB y plug de 3.5 mm, además de su práctico control de volumen. Disfruta de su experiencia profesional de audio y potencia al conectarlas a tu computadora, laptop, equipo de audio, etc. Muy prácticas para usar en casa, oficina o escuela.  Par de Bocinas Multimedia. Experiencia Profesional de Audio.  Excelente potencia de volumen. Amplificador de sonido. Control de Volumen integrado. Fuente de alimentación USB. Color negro. Especificaciones: Plug: 3.5 mm; Conector USB; Potencia de salida: 2W*3W; Dimensión de altavoces e Impedancia: 4 Ohms; Respuesta de frecuencia: 20 HZ; 20 KHZ; Relación Señal/Ruido: 58 dB; Voltaje: 5 Vcc; Compatibilidad: macOs y Windows. Color: Negro",BOCINAS,d,4.955555555555556,96.63,4.96,144.94,144.94,193.26,135.28,115.96,laptops,./assets/img/catalog/laptops/BOCRBT720.jpg,https://static.ctonline.mx/imagenes/BOCRBT720/BOCRBT720_400.jpg,48h Directa / 1 Año Fábrica,Pedro Moreno 501 A (Entrega Inmediata)
BOCRBT670,BOCRBT670,"BOCINAS MULTIMEDIA, USB + 3.5 MM, NEGRO/PLATA (963913), Brobotix ¡Conoce las Nuevas Bocinas Mul","BOCINAS MULTIMEDIA, USB + 3.5 MM, NEGRO/PLATA (963913), Brobotix ¡Conoce las Nuevas Bocinas Multimedia BRobotix! Cuenta con conexión USB y plug de 3.5 mm, además de su práctico control de volumen. Disfruta de su experiencia profesional de audio y potencia al conectarlas a tu computadora, laptop, equipo de audio, etc. Muy prácticas para usar en casa, oficina o escuela. Par de Bocinas Multimedia. Experiencia Profesional de Audio. Excelente potencia de volumen. Amplificador de sonido. Control de Volumen integrado. Fuente de alimentación USB. Color Negro y Plata, con detalles naranja.  Especificaciones: Plug: 3.5 mm. Conector USB. Potencia de salida: 2W*3W. Dimensión de altavoces e Impedancia: 4 Ohms. Respuesta de frecuencia: 20 HZ – 20 KHZ. Relación Señal/Ruido: 58 dB.  Voltaje: 5 Vcc. Compatibilidad: Mac y Windows.  Color: NEGRO Y PLATA",BOCINAS,d,5.966666666666667,116.35,5.97,174.52,174.52,232.7,162.89,139.62,laptops,./assets/img/catalog/laptops/BOCRBT670.jpg,https://static.ctonline.mx/imagenes/BOCRBT670/BOCRBT670_400.jpg,48h Directa / 1 Año Fábrica,Pedro Moreno 501 A (Entrega Inmediata)
BOCRBT620,BOCRBT620,"MICRÓFONO OMNIDIRECCIONAL PARA PC, USB, MÁXIMO ALCANCE (6000359), Brobotix Conoce el Nuevo Micr","MICRÓFONO OMNIDIRECCIONAL PARA PC, USB, MÁXIMO ALCANCE (6000359), Brobotix Conoce el Nuevo Micrófono Omnidireccional para PC, USB, de Máximo alcance BRobotix y realiza clases online, streaming, videollamadas, conferencias, juntas, llamadas de videojuegos online, entrevistas, grabaciones de voz, canta y más en tu computadora. ¡Úsalo en Skype, Zoom y más! Ideal para nuevo Modelo híbrido de clases. Consigue amplia libertad de movimiento manos libres gracias a su micrófono omnidireccional 360º que permite captar el sonido en todas las direcciones, además de su rango de 3 metros de máximo alcance. Su práctico y moderno diseño te permitirá colocarlo en tu escritorio. Úsalo conectándolo al puerto USB de tu computadora.  Diseño circular plano. Micrófono Omnidireccional de 360º. Alcance de 3 metros. Touch: Permite MUTE de micrófono y MUTE de audífonos. Perilla de control de volumen. Conexión USB Tipo C. Incluye puerto Auxiliar para audífonos. Incluye cable USB Tipo C a USB Tipo A. Cable trenzado. Práctico y moderno diseño útil para escritorio. Con gomas antiderrapantes para estabilidad y control de vibración. Excelente procesador de sonido. Cancelación de ruido. Plug and Play. Diseñado para usar en computadora durante tus llamadas en Skype, Zoom, etc. Realiza clases online, streaming, videollamadas, conferencias, juntas, llamadas de videojuegos online, entrevistas, grabaciones de voz, canta, etc. Compatible con computadoras, laptops o dispositivos con puerto USB. Color: Negro",MICRÓFONO,d,34.044444444444444,663.87,34.04,995.81,995.81,1327.74,929.42,796.64,laptops,./assets/img/catalog/laptops/BOCRBT620.jpg,https://static.ctonline.mx/imagenes/BOCRBT620/BOCRBT620_400.jpg,48h Directa / 1 Año Fábrica,Pedro Moreno 501 A (Entrega Inmediata)
KITRBT200,KITRBT200,"KIT DE MICRÓFONO DE CONDENSADOR PROFESIONAL, CONTROL DE VOLUMEN, USB. INCLUYE SOPORTE DE BRAZO ","KIT DE MICRÓFONO DE CONDENSADOR PROFESIONAL, CONTROL DE VOLUMEN, USB. INCLUYE SOPORTE DE BRAZO AJUSTABLE DE SUSPENSIÓN  (263908), Brobotix. El nuevo Kit de Micrófono de condensador Profesional USB BRobotix cuenta con todo lo necesario para realizar transmisiones y grabaciones profesionales. Úsalo para podcast, transmisiones en YouTube, grabación de estudio, videoconferencias, karaoke, videojuegos, etc. Además, su conexión USB plug and play permite una instalación rápida y simple en PC y laptop. ¡Kit Todo incluido! Cuenta con soporte de brazo ajustable de suspensión para que brindará protección, soporte y movilidad a tu micrófono. -  Micrófono de condensador profesional con cabeza de malla de metal: permite Control de ajuste de eco, Control de volumen, Puerto de audio 3.5 mm (útil para el monitoreo de latencia) e Indicador de Mute (encendido/apagado). Calidad profesional: Excelente calidad de sonido. Tono delicado, adecuado para voz e instrumentos musicales. Reducción de ruido. Soporte de brazo de tijera ajustable de suspensión, empotrable para escritorio. Forro de espuma, para viento, de alta densidad: Reduce el impacto del aire a la cabeza del micrófono. Filtro antipop: Reduce el ruido de estallido, eliminando golpeteos por palabras con “T” o “P”. De brazo flexible. Mejora la calidad de audio y mantiene un sonido más claro y nítido. Araña para micrófono: Soporte de choque de metal, que reduce el ruido causado por la vibración del micrófono. De rosca. Cable USB para conexión del micrófono. Color: Negro",KIT,d,35.355555555555554,689.43,35.36,1034.14,1034.14,1378.86,965.2,827.32,laptops,./assets/img/catalog/laptops/KITRBT200.jpg,https://static.ctonline.mx/imagenes/KITRBT200/KITRBT200_400.jpg,48h Directa / 1 Año Fábrica,Pedro Moreno 501 A (Entrega Inmediata)
BOCRBT640,BOCRBT640,"MICRÓFONO DE SOLAPA, TIPO C (651381), Brobotix  Conoce el Nuevo Micrófono de Solapa con conecto","MICRÓFONO DE SOLAPA, TIPO C (651381), Brobotix  Conoce el Nuevo Micrófono de Solapa con conector Tipo C y realiza grabación de audio y video con magnífica respuesta de sonido. Su práctico clip de solapa de permitirá colocarlo en tu ropa al momento de la grabación, para una producción más profesional y de manos libres. Úsalo conectándolo a tu smartphone, tableta o dispositivo con entrada Tipo C y llévalo a todas partes. Conector: Tipo C.  Audio de alta fidelidad (Hi-Fi voice). Clara calidad de sonido. Micrófono omnidireccional. Óptimo para grabación de audio y video. Reducción de ruido. Anti-interferencia fuerte. Práctico, portátil y fácil de usar. Alta calidad. Incluye: Clip de solapa y espuma para micrófono. Especificaciones: Patrón polar: omnidireccional. Rango de frecuencia: 20 Hz – 16 KHz.  Ruido: hasta 58 dB. Sensibilidad: -34 +- 2 dB (0 dB = 1V/Pa, 3V). Longitud de cable: 1.5 m. Compatibilidad: Smartphones, tabletas, pc, laptops Windows / Mac, con puerto Tipo C.  Color: Negro",MICRÓFONO,d,7.333333333333333,143.0,7.33,214.5,214.5,286.0,200.2,171.6,laptops,./assets/img/catalog/laptops/BOCRBT640.jpg,https://static.ctonline.mx/imagenes/BOCRBT640/BOCRBT640_400.jpg,48h Directa / 1 Año Fábrica,Pedro Moreno 501 A (Entrega Inmediata)
BOCRBT660,BOCRBT660,"MICRÓFONO MINI PARA PC, USB (651596), Brobotix  Conoce el Nuevo Micrófono Mini para PC, con con","MICRÓFONO MINI PARA PC, USB (651596), Brobotix  Conoce el Nuevo Micrófono Mini para PC, con conector USB BRobotix y videollamadas, llamadas de videojuegos online, entrevistas, grabaciones de voz, canta y más en tu computadora. ¡Úsalo en Skype, Zoom y más! Su práctico clip de solapa de permitirá colocarlo en tu ropa al momento de la grabación, o bien puedes tomarlo con tu mano. Úsalo conectándolo al puerto USB de tu computadora. Diseño Mini. Diseño moderno de 360º. Interfaz USB 2.0. Puede colocarse sobre la ropa en el bolsillo o tomarse con la mano. Excelente procesador de sonido. Práctico y diseño ergonómico. Cancelación de ruido. Plug and Play. Diseñado para usar en computadora durante tus llamadas en Skype, Zoom, etc. Realiza videollamadas, llamadas de videojuegos online, entrevistas, grabaciones de voz, canta y más en tu computadora. Compatible con computadoras, laptops o dispositivos con puerto USB. Color: Negro. Especificaciones: Micrófono omnidireccional. Sensibilidad: -47dB+-4dB. Impedancia: 2.2 K Ohms. Respuesta de frecuencia 100Hz – 16KHz. Relación Señal/Ruido: 67dB. Longitud del cable: 1.5 m. Dimensiones: 7 cm (altura), 1.2 cm (ancho) Peso: 16 g aprox. Color: Negro",MICRÓFONO,d,9.0,175.5,9.0,263.25,263.25,351.0,245.7,210.6,laptops,./assets/img/catalog/laptops/BOCRBT660.jpg,https://static.ctonline.mx/imagenes/BOCRBT660/BOCRBT660_400.jpg,48h Directa / 1 Año Fábrica,Pedro Moreno 501 A (Entrega Inmediata)
CABRBT3780,CABRBT3780,"CABLE HDMI A VGA V2.0 SOPORTA 2K4K 1.80 m (406344), Brobotix Con el cable HDMI a VGA BRobotix® ","CABLE HDMI A VGA V2.0 SOPORTA 2K4K 1.80 m (406344), Brobotix Con el cable HDMI a VGA BRobotix® podrás conectar la salida HDMI de tu laptop o computadora de escritorio a un monitor o proyector VGA. Cable de conversión de fuente HDMI a receptor VGA. No necesita fuente de alimentación externa. Soporta resolución superior a los 1080 dpis. Plug and play. Ligero y portátil. Especificaciones: Entrada HDMI macho, salida VGA macho. Material: PVC, cobre, latón niquelad.  Presentación en bolsa. Color: Negro",CABLE,d,6.966666666666666,135.85,6.97,203.77,203.77,271.7,190.19,163.02,laptops,./assets/img/catalog/laptops/CABRBT3780.jpg,https://static.ctonline.mx/imagenes/CABRBT3780/CABRBT3780_400.jpg,48h Directa / 1 Año Fábrica,Pedro Moreno 501 A (Entrega Inmediata)
CABRBT3770,CABRBT3770,"CABLE STEREO TRRS MACHO - HEMBRA, 1.0 m (651602 ), Brobotix  Con el Nuevo Cable Stereo TRRS Mac","CABLE STEREO TRRS MACHO - HEMBRA, 1.0 m (651602 ), Brobotix  Con el Nuevo Cable Stereo TRRS Macho a Hembra BRobotix, podrás ampliar la distancia de la conexión entre tus dispositivos portátiles (como Smartphones, laptops, PC o tablets) y tus audífonos con micrófono incorporado. Cable Stereo TRRS, Macho a Hembra. Cable de extensión. Amplía la conexión de dispositivos de audio y micrófono. Conecta tu Smartphone, laptop, PC o Tablet a tus audífonos con micrófono. Compatible con PC, laptops, bocinas, auriculares, smartphones, tabletas, MP3 y micrófonos con conector de 3.5 mm. Compatible con Micrófonos de solapa. Conectores: 1 audio 3.5 mm TRRS Macho, 1 audio 3.5 mm TRRS Hembra. Modelado en PVC. El Plug 3.5 mm TRRS (Tip, Ring, Ring, Sleeve) proporciona una conexión superior a los conectores TRS, permitiendo transferir audio y voz en un mismo cable. Color: Negro.",CABLE,d,1.911111111111111,37.27,1.91,55.91,55.91,74.54,52.18,44.72,laptops,./assets/img/catalog/laptops/CABRBT3770.jpg,https://static.ctonline.mx/imagenes/CABRBT3770/CABRBT3770_400.jpg,48h Directa / 1 Año Fábrica,Pedro Moreno 501 A (Entrega Inmediata)
ACCRBT6240,ACCRBT6240,"ADAPTADOR STEREO ""Y"", 3.5 MM HEMBRA A 3.5 MM DUAL MACHO (651404), Brobotix Conoce el Adaptador ","ADAPTADOR STEREO ""Y"", 3.5 MM HEMBRA A 3.5 MM DUAL MACHO (651404), Brobotix Conoce el Adaptador Stereo ""Y"" 3.5 mm Hembra a 3.5 mm Dual Macho BRobotix y disfruta su práctico diseño. 
Conecta tus auriculares más recientes (audio con micrófono integrado) de una salida jack de 3.5mm a una PC o computadora portátil para usar con aplicaciones como Skype o programas de chat, MSN Mesenger, Yahoo, Google Voz, etc.  Adaptador Stereo 3.5 mm ""Y"". 1 Conector Stereo 3.5 mm hembra.
2 Conectores Stereo 3.5 mm macho: uno para auriculares en tu laptop/PC, el otro para micrófono en tu laptop/PC. Este adaptador te permitirá conectar fácilmente auriculares con micrófono con una salida jack de 3.5mm (por ejemplo: auriculares para teléfonos móviles) a tu laptop o pc. Especificaciones: Material:  PVC y metal. Longitud del cable: 20 cm. Permite utilizar audífonos con manos libres o sistemas de audio con micrófono integrado, en laptops, computadoras o dispositivos que no cuenten con auxiliar stereo.  Color: Negro.",ADAPTADOR,d,1.5151515151515151,29.55,1.52,44.33,44.33,59.1,41.37,35.46,laptops,./assets/img/catalog/laptops/ACCRBT6240.jpg,https://static.ctonline.mx/imagenes/ACCRBT6240/ACCRBT6240_400.jpg,48h Directa / 1 Año Fábrica,Pedro Moreno 501 A (Entrega Inmediata)
ACCRBT7460,ACCRBT7460,"CABLE CARGADOR MAGNÉTICO PARA APPLE WATCH, 1 METRO, USB TIPO ""A""(6005262), Brobotix El nuevo Ca","CABLE CARGADOR MAGNÉTICO PARA APPLE WATCH, 1 METRO, USB TIPO ""A""(6005262), Brobotix El nuevo Cable Cargador magnético para Apple Watch te permitirá cargar tu reloj de forma práctica y sencilla. No necesita una alineación precisa. Sólo tienes que sostener el conector cerca de la parte posterior del reloj y el imán se encargará de adherirlo.  Cargador magnético para Apple Watch. Atracción magnética. Carga segura. Diseño universal. Fácil y práctico de transportar. Longitud del cable: 1 metro. Conexión USB Tipo ""A"" . Especificaciones: Tiempo de carga: 2.5 horas aprox. Diámetro del cargador: 2.8 cm.  Conector USB Tipo ""A"" compatible con cargadores de auto, de pared, baterías portátiles, pc, laptops, con puerto USB Tipo ""A"". Entrada: 5V / 1A. Material: ABS + PC. Corriente eléctrica: 300mA. Frecuencia de trabajo: 100-200KHz. Modo de carga: carga por inducción magnética. Color: Blanco",CABLE,d,4.94949494949495,96.52,4.95,144.78,144.78,193.04,135.13,115.82,laptops,./assets/img/catalog/laptops/ACCRBT7460.jpg,https://static.ctonline.mx/imagenes/ACCRBT7460/ACCRBT7460_400.jpg,48h Directa / 1 Año Fábrica,Pedro Moreno 501 A (Entrega Inmediata)
ACCRBT6590,ACCRBT6590,"CONVERTIDOR USB TIPO ""C"" A RJ45, GIGABIT (651879), Brobotix  Con el nuevo Convertidor USB V3.1 ","CONVERTIDOR USB TIPO ""C"" A RJ45, GIGABIT (651879), Brobotix  Con el nuevo Convertidor USB V3.1 Tipo ""C"" a RJ45 BRobotix podrás tener acceso a redes e internet por medio de un cable RJ45. Cuenta con Alta velocidad de transmisión de 10/100/1000 Mbps, Gigabit. Tu solución de conexión en caso de que el puerto de red de tu laptop o PC se encuentre dañado. Conector USB V3.1 Tipo C macho y conector RJ45 hembra. Velocidad de transmisión: 10/100/1000 Mbps, Gigabit.  Contenido: 1 Convertidor USB Tipo C a RJ45. Material: Aluminio. Color: Blanco/Plata. Especificaciones: Tamaño: 5.9 x 2.3 x 1.6 cm. Longitud del cable: 15 cm. Compatibilidad: Windows XP/Vista/Win7/Win8/Win8.1/Win10, 32 bit o 64 bit, MAC. Color: Plata",CONVERTIDOR,d,9.622222222222222,187.63,9.62,281.44,281.44,375.26,262.68,225.16,laptops,./assets/img/catalog/laptops/ACCRBT6590.jpg,https://static.ctonline.mx/imagenes/ACCRBT6590/ACCRBT6590_400.jpg,48h Directa / 1 Año Fábrica,Pedro Moreno 501 A (Entrega Inmediata)
CABRBT2960,CABRBT2960,"CABLE USB V3.0 TIPO ""C"" A TIPO ""A"", 3.0 M, BLANCO  (180359), Brobotix  Este cable USB 3.0 de al","CABLE USB V3.0 TIPO ""C"" A TIPO ""A"", 3.0 M, BLANCO  (180359), Brobotix  Este cable USB 3.0 de alta velocidad puede entregar hasta 3 amperios de potencia de carga y tiene un ancho de banda de datos de 480 Mbps. Además cuenta con la novedosa conexión USB Tipo ""C"".Carga rápida: el cable puede entregar hasta 3 amperios de potencia de carga, lo que permite una carga rápida de teléfonos, tabletas y otros dispositivos móviles. Alta velocidad: este cable de alta velocidad puede entregar hasta 480 Mbps de ancho de banda de datos. Diseño reversible: El conector Tipo ""C"" reversible siempre está orientado correctamente, lo que facilita su conexión. Especificaciones: Conectores: USB V3.0 Tipo ""C"" Macho y USB Tipo ""A"" Macho. Compatibilidad: Laptops, Desktops, Cargadores USB-C, Power Banks. Medida: 300 cm.  Color: Blanco",CABLE,d,9.288888888888888,181.13,9.29,271.69,271.69,362.26,253.58,217.36,laptops,./assets/img/catalog/laptops/CABRBT2960.jpg,https://static.ctonline.mx/imagenes/CABRBT2960/CABRBT2960_400.jpg,48h Directa / 1 Año Fábrica,Pedro Moreno 501 A (Entrega Inmediata)
CABRBT2750,CABRBT2750,"CABLE USB V3.0 TIPO ""C"" A TIPO ""A"", 1.8 M (171218), Brobotix Este cable USB 3.0 de alta velocid","CABLE USB V3.0 TIPO ""C"" A TIPO ""A"", 1.8 M (171218), Brobotix Este cable USB 3.0 de alta velocidad puede entregar hasta 3 amperios de potencia de carga y tiene un ancho de banda de datos de 480 Mbps. Además cuenta con la novedosa conexión USB Tipo ""C"". Carga rápida: el cable puede entregar hasta 3 amperios de potencia de carga, lo que permite una carga rápida de teléfonos, tabletas y otros dispositivos móviles. Alta velocidad: este cable de alta velocidad puede entregar hasta 480 Mbps de ancho de banda de datos. Diseño reversible: El conector Tipo ""C"" reversible siempre está orientado correctamente, lo que facilita su conexión. Especificaciones: Conectores: USB V3.0 Tipo ""C"" Macho y USB Tipo ""A"" Macho. Compatibilidad: Laptops, Desktops, Cargadores USB-C, Power Banks. Medida: 180 cm. Color: Negro.",CABLE,d,5.766666666666667,112.45,5.77,168.68,168.68,224.9,157.43,134.94,laptops,./assets/img/catalog/laptops/CABRBT2750.jpg,https://static.ctonline.mx/imagenes/CABRBT2750/CABRBT2750_400.jpg,48h Directa / 1 Año Fábrica,Pedro Moreno 501 A (Entrega Inmediata)
ACCRBT900,ACCRBT900,"Convertidor HDMI a VGA (110910) B-Robotix HDMI Macho a VGA hembra, permite conectar la salida H","Convertidor HDMI a VGA (110910) B-Robotix HDMI Macho a VGA hembra, permite conectar la salida HDMI de tu laptop, ultrabook, o computadora de escritorio a un monitor o proyector VGA, soporta resolución superior a 1080P(1920X1080). Color: Blanco.",HDMI,d,4.955555555555556,96.63,4.96,144.94,144.94,193.26,135.28,115.96,laptops,./assets/img/catalog/laptops/ACCRBT900.jpg,https://static.ctonline.mx/imagenes/ACCRBT900/ACCRBT900_400.jpg,48h Directa / 1 Año Fábrica,Pedro Moreno 501 A (Entrega Inmediata)
ACCRBT2680,ACCRBT2680,"Convertidor HDMI MACHO A VGA HEMBRA NEGRO (110910N), Brobotix Permite conectar la salida HDMI d","Convertidor HDMI MACHO A VGA HEMBRA NEGRO (110910N), Brobotix Permite conectar la salida HDMI de tu laptop, ultrabook, o computadora de escritorio a un monitor o proyector VGA. Color: negro.",HDMI,d,4.955555555555556,96.63,4.96,144.94,144.94,193.26,135.28,115.96,laptops,./assets/img/catalog/laptops/ACCRBT2680.jpg,https://static.ctonline.mx/imagenes/ACCRBT2680/ACCRBT2680_400.jpg,48h Directa / 1 Año Fábrica,Pedro Moreno 501 A (Entrega Inmediata)
ACCRBT910,ACCRBT910,"Convertidor HDMI a VGA + Audio (110964B) B-Robotix HDMI Macho a VGA hembra, permite conectar la","Convertidor HDMI a VGA + Audio (110964B) B-Robotix HDMI Macho a VGA hembra, permite conectar la salida HDMI de tu laptop, ultrabook, o computadora de escritorio a un monitor o proyector VGA para disfrutar con audio ya que incluye la salida plug 3.5mm y el cable estéreo. Color: Blanco.",HDMI,d,3.8111111111111113,74.32,3.81,111.48,111.48,148.64,104.05,89.18,laptops,./assets/img/catalog/laptops/ACCRBT910.jpg,https://static.ctonline.mx/imagenes/ACCRBT910/ACCRBT910_400.jpg,48h Directa / 1 Año Fábrica,Pedro Moreno 501 A (Entrega Inmediata)
ACCRBT930,ACCRBT930,"Convertidor mini HDMI a VGA (110977) B-Robotix Mini HDMI Macho a VGA hembra, permite conectar l","Convertidor mini HDMI a VGA (110977) B-Robotix Mini HDMI Macho a VGA hembra, permite conectar la salida mini HDMI de tu laptop a un monitor SVGA ahora podrás ver películas, fotos, videos y hasta juegos ¡en GRANDE! desde tu Tablet a la pantalla, monitor o proyector, resoluciones desde 480i a 1080p. Color: Blanco.",HDMI,d,17.655555555555555,344.28,17.66,516.42,516.42,688.56,481.99,413.14,laptops,./assets/img/catalog/laptops/ACCRBT930.jpg,https://static.ctonline.mx/imagenes/ACCRBT930/ACCRBT930_400.jpg,48h Directa / 1 Año Fábrica,Pedro Moreno 501 A (Entrega Inmediata)
CABRBT3200,CABRBT3200,"CABLE USB V3.0 TIPO ""C"" A TIPO ""C"", NYLON, 1.0 M (963562), Brobotix Este cable USB 3.0 de alta ","CABLE USB V3.0 TIPO ""C"" A TIPO ""C"", NYLON, 1.0 M (963562), Brobotix Este cable USB 3.0 de alta velocidad puede entregar hasta 3 amperios de potencia de carga y tiene un ancho de banda de datos de 480 Mbps. Además cuenta con la novedosa conexión USB Tipo ""C"". Carga rápida: el cable puede entregar hasta 3 amperios de potencia de carga, lo que permite una carga rápida de teléfonos, tabletas y otros dispositivos móviles. Alta velocidad: este cable de alta velocidad puede entregar hasta 480 Mbps de ancho de banda de datos. Diseño reversible: El conector Tipo ""C"" reversible siempre está orientado correctamente, lo que facilita su conexión. Cable con diseño de cuerda trenzado de Nylon. Especificaciones: Conectores: 2 USB V3.0 Tipo ""C"" Macho. Compatibilidad: Laptops, Desktops, Cargadores USB-C, Power Banks. Medida: 100 cm. Color: Negro",CABLE,d,3.5382666666666664,69.0,3.54,103.5,103.5,138.0,96.6,82.8,laptops,./assets/img/catalog/laptops/CABRBT3200.jpg,https://static.ctonline.mx/imagenes/CABRBT3200/CABRBT3200_400.jpg,48h Directa / 1 Año Fábrica,Pedro Moreno 501 A (Entrega Inmediata)
CABRBT3210,CABRBT3210,"CABLE USB V3.0 TIPO ""C"" A TIPO ""C"", 2.0 M (263618), Brobotix Este cable USB 3.0 de alta velocid","CABLE USB V3.0 TIPO ""C"" A TIPO ""C"", 2.0 M (263618), Brobotix Este cable USB 3.0 de alta velocidad puede entregar hasta 3 amperios de potencia de carga y tiene un ancho de banda de datos de 480 Mbps. Además cuenta con la novedosa conexión USB Tipo ""C"". Carga rápida: el cable puede entregar hasta 3 amperios de potencia de carga, lo que permite una carga rápida de teléfonos, tabletas y otros dispositivos móviles. Alta velocidad: este cable de alta velocidad puede entregar hasta 480 Mbps de ancho de banda de datos. Diseño reversible: El conector Tipo ""C"" reversible siempre está orientado correctamente, lo que facilita su conexión. Cable con diseño de cuerda trenzado de Nylon. Especificaciones: Conectores: 2 USB V3.0 Tipo ""C"" Macho. Compatibilidad: Laptops, Desktops, Cargadores USB-C, Power Banks. Medida: 200 cm. Color: Negro",CABLE,d,7.333333333333333,143.0,7.33,214.5,214.5,286.0,200.2,171.6,laptops,./assets/img/catalog/laptops/CABRBT3210.jpg,https://static.ctonline.mx/imagenes/CABRBT3210/CABRBT3210_400.jpg,48h Directa / 1 Año Fábrica,Pedro Moreno 501 A (Entrega Inmediata)
ACCRBT8850,ACCRBT8850,"ANCLA ADHESIVA CON RANURA K-SLOT PARA LAPTOP, TABLETA, SMARTPHONE TIPO PLACA, NEGRO (406283), B","ANCLA ADHESIVA CON RANURA K-SLOT PARA LAPTOP, TABLETA, SMARTPHONE TIPO PLACA, NEGRO (406283), Brobotix La ancla adhesiva BRobotix® para candado es un accesorio útil para prevenir el robo de equipos en lugares públicos y de trabajo. Placa de anclaje adhesiva con ranura K-Slot. Diseñada para asegurar dispositivos digitales como laptops, tabletas y equipos de terminal móvil. Método de instalación: cinta doble cara de alta adherencia. Se puede pegar en la superficie del equipo. Se recomienda usarla junto con un candado de seguridad K-Slot de llave o combinación BRobotix® modelos: 235497 o 128899. Compatibles con candado K-Slot. Material: POM.  Contenido: Ancla. Adhesivo dobla cara. Toallita de alcohol para limpieza. Color: Negro.",ANCLA,d,3.1444444444444444,61.32,3.14,91.98,91.98,122.64,85.85,73.58,laptops,./assets/img/catalog/laptops/ACCRBT8850.jpg,https://static.ctonline.mx/imagenes/ACCRBT8850/ACCRBT8850_400.jpg,48h Directa / 1 Año Fábrica,Pedro Moreno 501 A (Entrega Inmediata)
ACCRBT8860,ACCRBT8860,"ANCLA ADHESIVA CON RANURA K-SLOT PARA LAPTOP, TABLETA, SMARTPHONE TIPO PLACA, GRIS (406290), Br","ANCLA ADHESIVA CON RANURA K-SLOT PARA LAPTOP, TABLETA, SMARTPHONE TIPO PLACA, GRIS (406290), Brobotix La ancla adhesiva BRobotix® para candado es un accesorio útil para prevenir el robo de equipos en lugares públicos y de trabajo. Placa de anclaje adhesiva con ranura K-Slot. Diseñada para asegurar dispositivos digitales como laptops, tabletas y equipos de terminal móvil. Método de instalación: cinta doble cara de alta adherencia. Se puede pegar en la superficie del equipo. Se recomienda usarla junto con un candado de seguridad K-Slot de llave o combinación BRobotix® modelos: 235497 o 128899. Compatibles con candado K-Slot. Material: POM.  Contenido: Ancla. Adhesivo dobla cara. Toallita de alcohol para limpieza. Color: Gris",ANCLA,d,3.2555555555555555,63.48,3.26,95.22,95.22,126.96,88.87,76.18,laptops,./assets/img/catalog/laptops/ACCRBT8860.jpg,https://static.ctonline.mx/imagenes/ACCRBT8860/ACCRBT8860_400.jpg,48h Directa / 1 Año Fábrica,Pedro Moreno 501 A (Entrega Inmediata)
ACCRBT8040,ACCRBT8040,"FUNDA AIRCASE DE NEOPRENO PARA LAPTOP 15,6"" NEGRO (6006023), BRobotix ¡Protege tu dispositivo p","FUNDA AIRCASE DE NEOPRENO PARA LAPTOP 15,6"" NEGRO (6006023), BRobotix ¡Protege tu dispositivo portátil con este ideal accesorio para llevarla a todas partes! Diseño sencillo, compacto y ligero que asegura contra golpes y rasguños gracias a su interior acojinado, con cierre de fantasía inoxidable. unda de neopreno para laptop de 15,6” Doble cierre. Modelo Elegante. Ofrece una protección completa para su portátil. Forro interior suave contra golpes y rayones. Interior Bondeado. Bolsas externas (4). Color: Negro",FUNDA,d,6.560888888888888,127.94,6.56,191.91,191.91,255.88,179.12,153.53,laptops,./assets/img/catalog/laptops/ACCRBT8040.jpg,https://static.ctonline.mx/imagenes/ACCRBT8040/ACCRBT8040_400.jpg,48h Directa / 1 Año Fábrica,Pedro Moreno 501 A (Entrega Inmediata)
ACCRBT8050,ACCRBT8050,"FUNDA AIRCASE DE NEOPRENO PARA LAPTOP 15,6"" GRIS (6006030), BRobotix ¡Protege tu dispositivo po","FUNDA AIRCASE DE NEOPRENO PARA LAPTOP 15,6"" GRIS (6006030), BRobotix ¡Protege tu dispositivo portátil con este ideal accesorio para llevarla a todas partes! Diseño sencillo, compacto y ligero que asegura contra golpes y rasguños gracias a su interior acojinado, con cierre de fantasía  de neopreno para laptop de 15,6” Doble cierre. Modelo Elegante. Ofrece una protección completa para su portátil. Forro interior suave contra golpes y rayones. Interior Bondeado. Bolsas externas (4). Color: Gris",FUNDA,d,6.560888888888888,127.94,6.56,191.91,191.91,255.88,179.12,153.53,laptops,./assets/img/catalog/laptops/ACCRBT8050.jpg,https://static.ctonline.mx/imagenes/ACCRBT8050/ACCRBT8050_400.jpg,48h Directa / 1 Año Fábrica,Pedro Moreno 501 A (Entrega Inmediata)
ACCRBT6970,ACCRBT6970,"FUNDA DE NEOPRENO PARA LAPTOP 15.4"", AZUL REY (497189), Brobotix  ¡Protege tu dispositivo portá","FUNDA DE NEOPRENO PARA LAPTOP 15.4"", AZUL REY (497189), Brobotix  ¡Protege tu dispositivo portátil con este ideal accesorio para llevarla a todas partes! Diseño sencillo, compacto y ligero que asegura contra golpes y rasguños gracias a su interior acojinado, con cierre de fantasía inoxidable.  Funda de Neopreno para Laptop de 15.4” pulgadas con asa. Con cierre. Modelo Elegante. Forro interior suave contra golpes y rayones. Color Azul Rey con vivos grises. Especificaciones: Interior Bondeado. Hecho de Neopreno y protector contra golpes. Color: Azul Rey",FUNDA,d,6.111111111111111,119.17,6.11,178.75,178.75,238.34,166.84,143.0,laptops,./assets/img/catalog/laptops/ACCRBT6970.jpg,https://static.ctonline.mx/imagenes/ACCRBT6970/ACCRBT6970_400.jpg,48h Directa / 1 Año Fábrica,Pedro Moreno 501 A (Entrega Inmediata)
ACCRBT6980,ACCRBT6980,"FUNDA DE NEOPRENO PARA LAPTOP 15.6"", BÁSICA, MENTA (256349-7), Brobotix  ¡Protege tu dispositiv","FUNDA DE NEOPRENO PARA LAPTOP 15.6"", BÁSICA, MENTA (256349-7), Brobotix  ¡Protege tu dispositivo portátil con este ideal accesorio para llevarla a todas partes! Diseño sencillo, compacto y ligero que asegura contra golpes y rasguños gracias a su interior acojinado, con cierre de fantasía inoxidable. Funda de Neopreno para Laptop de 15.6” con asa 39x29.5 cms. Con cierre. Modelo Elegante. Ofrece una protección completa para su portátil. Forro interior suave contra golpes y rayones. Especificaciones: Interior Bondeado. Hecho de Neopreno. Color: Menta",FUNDA,d,6.0606060606060606,118.18,6.06,177.27,177.27,236.36,165.45,141.82,laptops,./assets/img/catalog/laptops/ACCRBT6980.jpg,https://static.ctonline.mx/imagenes/ACCRBT6980/ACCRBT6980_400.jpg,48h Directa / 1 Año Fábrica,Pedro Moreno 501 A (Entrega Inmediata)
ACCRBT6990,ACCRBT6990,"FUNDA PARA LAPTOP 15.6"", CITY, GRIS (651855), Brobotix ¡Protege tu computadora portátil con la ","FUNDA PARA LAPTOP 15.6"", CITY, GRIS (651855), Brobotix ¡Protege tu computadora portátil con la nueva Funda para laptop de 15.6"", City, BRobotix y disfruta de su elegante diseño! Presentación moderna, resistente y ligera que asegura contra golpes y rasguños gracias a su interior suave y acojinado. Además, cuenta con un compartimento extra en la parte frontal para que guardes accesorios. Funda para Laptop de 15.6” Con cierre. 1 compartimento con cierre en la parte frontal. Modelo Elegante. Ofrece protección para tu portátil. Forro interior extra suave contra golpes y rayones. Especificaciones: Interior acojinado. 100% poliéster. Color: Gris",FUNDA,d,7.978666666666667,155.58,7.98,233.37,233.37,311.16,217.81,186.7,laptops,./assets/img/catalog/laptops/ACCRBT6990.jpg,https://static.ctonline.mx/imagenes/ACCRBT6990/ACCRBT6990_400.jpg,48h Directa / 1 Año Fábrica,Pedro Moreno 501 A (Entrega Inmediata)
ACCRBT7000,ACCRBT7000,"FUNDA PARA LAPTOP 15.6"", CITY, NEGRO (651848), Brobotix ¡Protege tu computadora portátil con la","FUNDA PARA LAPTOP 15.6"", CITY, NEGRO (651848), Brobotix ¡Protege tu computadora portátil con la nueva Funda para laptop de 15.6"", City, BRobotix y disfruta de su elegante diseño! Presentación moderna, resistente y ligera que asegura contra golpes y rasguños gracias a su interior suave y acojinado. Además, cuenta con un compartimento extra en la parte frontal para que guardes accesorios. Funda para Laptop de 15.6” Con cierre. 1 compartimento con cierre en la parte frontal. Modelo Elegante. Ofrece protección para tu portátil. Forro interior extra suave contra golpes y rayones. Especificaciones: Interior acojinado. 100% poliéster. Color: Negro",FUNDA,d,7.988888888888889,155.78,7.99,233.67,233.67,311.56,218.09,186.94,laptops,./assets/img/catalog/laptops/ACCRBT7000.jpg,https://static.ctonline.mx/imagenes/ACCRBT7000/ACCRBT7000_400.jpg,48h Directa / 1 Año Fábrica,Pedro Moreno 501 A (Entrega Inmediata)
ACCRBT7290,ACCRBT7290,"FUNDA DE NEOPRENO PARA LAPTOP 17.0"", BÁSICA, NEGRO (256117), Brobotix Protege tu dispositivo po","FUNDA DE NEOPRENO PARA LAPTOP 17.0"", BÁSICA, NEGRO (256117), Brobotix Protege tu dispositivo portátil con este ideal accesorio para llevarla a todas partes. Diseño sencillo, compacto y ligero que asegura contra golpes y rasguños gracias a su interior acojinado, con cierre de fantasía inoxidable.  Funda de Neopreno para Laptop de 17.0”. Ancho: 3 cm. Con cierre. Modelo Elegante. Ofrece una protección completa para su portátil. Forro interior suave contra golpes y rayones. Especificaciones: Interior Bondeado. Hecho de Neopreno. Color: Negro",FUNDA,d,6.2555555555555555,121.98,6.26,182.97,182.97,243.96,170.77,146.38,laptops,./assets/img/catalog/laptops/ACCRBT7290.jpg,https://static.ctonline.mx/imagenes/ACCRBT7290/ACCRBT7290_400.jpg,48h Directa / 1 Año Fábrica,Pedro Moreno 501 A (Entrega Inmediata)
MALRBT450,MALRBT450,"MALETÍN PORTAFOLIO PARA LAPTOP DE 15.6"" A 17"" OSLO, GRIS (6006757), Brobotix El maletín portafo","MALETÍN PORTAFOLIO PARA LAPTOP DE 15.6"" A 17"" OSLO, GRIS (6006757), Brobotix El maletín portafolio Oslo BRobotix®, es la herramienta adecuada para profesionales y usuarios que necesitan transportar su computadora de manera segura y versátil. En su interior, tu equipo estará protegido y podrás organizar y almacenar documentos, accesorios y otros objetos. Maletín portafolio para transporte de portátiles de hasta 17 pulgadas. Resistente al desgaste diario. Impermeable, diseñado para proteger a tu equipo de la lluvia y salpicaduras accidentales. Diseño andrógino, delgado y liviano. Con compartimiento principal acolchado, ajustador de velcro y cierre. Bolsillo de cierre frontal para guardar el cargador o algún accesorio. Asa de transporte reforzada. Correa para hombro ajustable. Cinta en el panel trasero para colocar sobre el asa de un bolso o maleta con ruedas. Especificaciones: Material externo: 95% poliéster, 5% PU. Material interno: 100% poliéster. * Es importante no sobrecargar el maletín para evitar daños en la estructura o lesiones en el brazo u hombro. Color: Gris",MALETÍN,d,8.988888888888889,175.28,8.99,262.92,262.92,350.56,245.39,210.34,laptops,./assets/img/catalog/laptops/MALRBT450.jpg,https://static.ctonline.mx/imagenes/MALRBT450/MALRBT450_400.jpg,48h Directa / 1 Año Fábrica,Pedro Moreno 501 A (Entrega Inmediata)
ACCRBT8610,ACCRBT8610,"TRIPIÉ MULTIUSOS: PARA LAPTOPS, PROYECTORES, DOCUMENTOS Y MOUSE  (6006405), Brobotix  Soporte d","TRIPIÉ MULTIUSOS: PARA LAPTOPS, PROYECTORES, DOCUMENTOS Y MOUSE  (6006405), Brobotix  Soporte de estructura firme que cuenta con una base móvil con llantas que le otorga gran dinamismo, haciéndolo de gran utilidad para hospitales, escuelas, salas de exposiciones, salas de conferencias y otros lugares públicos. De igual forma, con el fin de ahorrar espacio, también se puede utilizar en casa. Tripié para laptops, documentos, proyectores y ratones. Movimiento dinámico gracias a sus ruedas.  Gran estabilidad, seguridad, durabilidad y calidad.  Especificaciones: Compatible para equipos de: 29 cm x 39 cm (Aprox.) Mini Pallet: 20 cm x 15 cm (Aprox.);  Peso máximo: 20 kg. Material: Acero y aleación de aluminioColor: Negro",TRIPIÉ,d,73.74444444444445,1438.02,73.74,2157.03,2157.03,2876.04,2013.23,1725.62,laptops,./assets/img/catalog/laptops/ACCRBT8610.jpg,https://static.ctonline.mx/imagenes/ACCRBT8610/ACCRBT8610_400.jpg,48h Directa / 1 Año Fábrica,Pedro Moreno 501 A (Entrega Inmediata)
ACCRBT7350,ACCRBT7350,"CANDADO PARA LAPTOP, 1.8 METROS, NANO, DE LLAVE (6001639), Brobotix El candado de seguridad par","CANDADO PARA LAPTOP, 1.8 METROS, NANO, DE LLAVE (6001639), Brobotix El candado de seguridad para Laptop Nano, con llave, protege las computadoras portátiles contra robo. Se ajusta a ranuras de seguridad ""Nano"" y se sujeta de escritorios u otros objetos fijos. Cerradura de alineación de zinc con mecanismo de llave tubular. Cable rígido con recubrimiento de PVC color humo. Diámetro de cable: 4.4 mm. Longitud de cable: 1.8 m. Cabezal con giro de 360º e inclinación de 180º. Incluye 2 llaves. Especificaciones: Compatible con el sistema de seguridad Nano 2.5 x 6 mm  Color: Humo",CANDADO,d,11.922222222222222,232.48,11.92,348.72,348.72,464.96,325.47,278.98,laptops,./assets/img/catalog/laptops/ACCRBT7350.jpg,https://static.ctonline.mx/imagenes/ACCRBT7350/ACCRBT7350_400.jpg,48h Directa / 1 Año Fábrica,Pedro Moreno 501 A (Entrega Inmediata)
ACCRBT6410,ACCRBT6410,"CANDADO PARA LAPTOP, LLAVE WEDGE (263601), Brobotix  El candado de seguridad para Laptop Wedge ","CANDADO PARA LAPTOP, LLAVE WEDGE (263601), Brobotix  El candado de seguridad para Laptop Wedge de combinación, protege las computadoras portátiles contra robo. Se ajusta a ranuras de seguridad ""Noble slot"" y se sujeta de escritorios u otros objetos fijos. Cerradura de alineación de zinc con mecanismo de combinación. Cable rígido con recubrimiento de PVC color humo. Diámetro de cable: 4.4 mm.  Longitud de cable: 1.8 m. Unión de candado y cable con giro de 360 grados. Incluye correa ajustable de velcro. Especificaciones: Compatible con el sistema de seguridad Noble Slot Wedge 3.3x4.6mm   Color: Humo",CANDADO,d,17.4,339.3,17.4,508.95,508.95,678.6,475.02,407.16,laptops,./assets/img/catalog/laptops/ACCRBT6410.jpg,https://static.ctonline.mx/imagenes/ACCRBT6410/ACCRBT6410_400.jpg,48h Directa / 1 Año Fábrica,Pedro Moreno 501 A (Entrega Inmediata)
ACCRBT2430,ACCRBT2430,"Candado para laptop de llave 1.30MTS (235497), Brobotix Previene el robo de las computadoras po","Candado para laptop de llave 1.30MTS (235497), Brobotix Previene el robo de las computadoras portatiles y otros equipos valiosos. Se ajusta a ranuras de seguridad y se sujetan de escritorios u otros objetos fijos. Se ajustan a ranuras tipo ""K"" y longuitud de 1.30 MTS.",CT,d,3.4444444444444446,67.17,3.44,100.75,100.75,134.34,94.04,80.6,laptops,./assets/img/catalog/laptops/ACCRBT2430.jpg,https://static.ctonline.mx/imagenes/ACCRBT2430/ACCRBT2430_400.jpg,48h Directa / 1 Año Fábrica,Pedro Moreno 501 A (Entrega Inmediata)
ACCRBT1180,ACCRBT1180,"Candado para laptop con combinación (128899), Brobotix Previene el robo de las computadoras por","Candado para laptop con combinación (128899), Brobotix Previene el robo de las computadoras portátiles y otros equipos valiosos. Se ajusta a ranuras de seguridad y se sujeta de escritorios u otros objetos fijos. Tamaño: 1.30 metros. Color: Metálico",CT,d,3.9898989898989905,77.8,3.99,116.7,116.7,155.6,108.92,93.36,laptops,./assets/img/catalog/laptops/ACCRBT1180.jpg,https://static.ctonline.mx/imagenes/ACCRBT1180/ACCRBT1180_400.jpg,48h Directa / 1 Año Fábrica,Pedro Moreno 501 A (Entrega Inmediata)
ACCRBT5580,ACCRBT5580,"CANDADO PARA LAPTOP, LLAVE WEDGE (764465), Brobotix El candado de seguridad para Laptop con lla","CANDADO PARA LAPTOP, LLAVE WEDGE (764465), Brobotix El candado de seguridad para Laptop con llave Wedge, protege las computadoras portátiles contra robo. Se ajusta a ranuras de seguridad en Dell ""Noble slot"" y se sujeta de escritorios u otros objetos fijos. Cerradura de alineación de zinc con mecanismo de llave tubular. Cable rígido con recubrimiento de PVC color humo. Diámetro de cable: 4.4 mm. Longitud de cable: 1.8 m. Unión de candado y cable con giro de 360 grados. Incluye correa ajustable de velcro y 2 llaves. Especificaciones: Compatible con el sistema de seguridad Noble Slot de Dell. Color: Humo",CANDADO,d,15.555555555555555,303.33,15.56,455.0,455.0,606.66,424.66,364.0,laptops,./assets/img/catalog/laptops/ACCRBT5580.jpg,https://static.ctonline.mx/imagenes/ACCRBT5580/ACCRBT5580_400.jpg,48h Directa / 1 Año Fábrica,Pedro Moreno 501 A (Entrega Inmediata)
ACCRBT6860,ACCRBT6860,"CANDADO PARA LAPTOP, 1.8 METROS, NANO, DE COMBINACIÓN (6000298), Brobotix El candado de segurid","CANDADO PARA LAPTOP, 1.8 METROS, NANO, DE COMBINACIÓN (6000298), Brobotix El candado de seguridad para Laptop Nano de combinación, protege las computadoras portátiles contra robo. Se ajusta a ranuras de seguridad ""Nano"" y se sujeta de escritorios u otros objetos fijos. Cerradura de alineación de zinc con mecanismo de combinación. Cable rígido con recubrimiento de PVC color humo. Diámetro de cable: 4.4 mm. Longitud de cable: 1.8 m. Unión de candado y cable con giro de 360 grados. Incluye correa ajustable de velcro. Especificaciones: Compatible con el sistema de seguridad Nano 2.5 x 6 mm  Color: Negro",CANDADO,d,11.922222222222222,232.48,11.92,348.72,348.72,464.96,325.47,278.98,laptops,./assets/img/catalog/laptops/ACCRBT6860.jpg,https://static.ctonline.mx/imagenes/ACCRBT6860/ACCRBT6860_400.jpg,48h Directa / 1 Año Fábrica,Pedro Moreno 501 A (Entrega Inmediata)
ACCRBT6870,ACCRBT6870,"ANCLA DE ESCRITORIO PARA CANDADO DE SEGURIDAD, PARA LAPTOP, TABLETA, SMARTPHONE (6000755), Brob","ANCLA DE ESCRITORIO PARA CANDADO DE SEGURIDAD, PARA LAPTOP, TABLETA, SMARTPHONE (6000755), Brobotix La nueva Ancla de escritorio para candado BRobotix te permite proteger contra robo laptops, tabletas, smartphones, dockings y demás dispositivos portátiles. Al instalarlo, crea un punto de anclaje para un cable con candado de seguridad. Cuenta con amplia área del anillo para anclaje que te permitirá colocar mayor cantidad de cables o cables más gruesos. Instálalo en superficies sólidas (escritorios o paredes) con los tornillos incluidos. O colócalo en dispositivos portátiles (como laptops y tabletas) gracias a su resistente adhesivo. Para instalación en escritorios, mostradores, gabinetes, pared o cualquier otra superficie maciza. Ideal para sitios de venta minorista, atención al cliente, mostradores, empresas, escuelas y centros comerciales. Úsalo con nuestra amplia gama de Candados para laptop BRobotix, modelos: 6000298, 963586, 263601, 764465, 235497 y 128899. Ancla para Cable de candado de seguridad.  Para instalación en escritorios, mostradores, gabinetes, pared o cualquier otra superficie maciza.  Ideal para sitios de venta minorista, atención al cliente, mostradores, empresas, escuelas y centros comerciales. Amplia área del anillo para anclaje que te permitirá colocar mayor cantidad de cables o cables más gruesos. Diseño sólido, discreto y elegante. Equipado con resistente Adhesivo. Incluye tornillos para instalación. Con elegante tapa para ocultar los tornillos. Materiales resistentes: aleación de zinc. Práctico, compacto.  Fácil instalación. Especificaciones: Área de anillo para insertar cables: 2 cm x 2 cm. Dimensiones de la base: 5.1 x 4.6 Centímetros Altura: 3.3 Centímetros. Color:  Plata",ANCLA,d,6.466666666666667,126.1,6.47,189.15,189.15,252.2,176.54,151.32,laptops,./assets/img/catalog/laptops/ACCRBT6870.jpg,https://static.ctonline.mx/imagenes/ACCRBT6870/ACCRBT6870_400.jpg,48h Directa / 1 Año Fábrica,Pedro Moreno 501 A (Entrega Inmediata)
ACCRBT7330,ACCRBT7330,"ANCLA PARA CANDADO DE SEGURIDAD K-SLOT, PARA LAPTOP, TABLETA, SMARTPHONE. TIPO DISCO ADHESIVO (","ANCLA PARA CANDADO DE SEGURIDAD K-SLOT, PARA LAPTOP, TABLETA, SMARTPHONE. TIPO DISCO ADHESIVO (6000977), Brobotix La nueva Ancla para candado de seguridad K-SLOT BRobotix te permite proteger contra robo laptops sin ranura, tabletas, smartphones, computadoras, dockings y demás dispositivos portátiles. Al instalarlo, crea un punto de anclaje para un cable con candado de seguridad K-Slot. Cuenta con ranura K-Slot, compatible con nuestros cables de candado de seguridad BRobotix modelos 128899, 963586, 235497. Para instalación en escritorios, mostradores, gabinetes, pared o cualquier otra superficie maciza. Ideal para sitios de venta minorista, atención al cliente, mostradores, empresas, escuelas y centros comerciales. Color: Plata.",ANCLA,d,3.2333333333333334,63.05,3.23,94.57,94.57,126.1,88.27,75.66,laptops,./assets/img/catalog/laptops/ACCRBT7330.jpg,https://static.ctonline.mx/imagenes/ACCRBT7330/ACCRBT7330_400.jpg,48h Directa / 1 Año Fábrica,Pedro Moreno 501 A (Entrega Inmediata)
ACCRBT5680,ACCRBT5680,"FUNDA PARA LAPTOP 14.0"" BASICA NEGRO, NEOPRENO   (256014), Brobotix ¡Protege tu dispositivo por","FUNDA PARA LAPTOP 14.0"" BASICA NEGRO, NEOPRENO   (256014), Brobotix ¡Protege tu dispositivo portátil con este ideal accesorio para llevarla a todas partes! Diseño sencillo, compacto y ligero que asegura contra golpes y rasguños gracias a su interior acojinado, con cierre de fantasía inoxidable. Ofrece una protección completa para su ordenador portátil. Forro interior suave contra golpes y rayones. Especificaciones: Interior bondeado. Hecho de neopreno y protector contra golpes. Color: Negro",FUNDA,d,6.066666666666666,118.3,6.07,177.45,177.45,236.6,165.62,141.96,laptops,./assets/img/catalog/laptops/ACCRBT5680.jpg,https://static.ctonline.mx/imagenes/ACCRBT5680/ACCRBT5680_400.jpg,48h Directa / 1 Año Fábrica,Pedro Moreno 501 A (Entrega Inmediata)
ACCRBT5690,ACCRBT5690,"FUNDA PARA LAPTOP 14.0"" BASICA ROJO, NEOPRENO   (256014-1), Brobotix ¡Protege tu dispositivo po","FUNDA PARA LAPTOP 14.0"" BASICA ROJO, NEOPRENO   (256014-1), Brobotix ¡Protege tu dispositivo portátil con este ideal accesorio para llevarla a todas partes! Diseño sencillo, compacto y ligero que asegura contra golpes y rasguños gracias a su interior acojinado, con cierre de fantasía inoxidable. Ofrece una protección completa para su ordenador portátil. Forro interior suave contra golpes y rayones. Especificaciones: Interior bondeado. Hecho de neopreno y protector contra golpes. Color: Rojo",FUNDA,d,5.777777777777778,112.67,5.78,169.0,169.0,225.34,157.74,135.2,laptops,./assets/img/catalog/laptops/ACCRBT5690.jpg,https://static.ctonline.mx/imagenes/ACCRBT5690/ACCRBT5690_400.jpg,48h Directa / 1 Año Fábrica,Pedro Moreno 501 A (Entrega Inmediata)
ACCRBT5700,ACCRBT5700,"FUNDA PARA LAPTOP 14.0"" BASICA AZUL MARINO, NEOPRENO   (256014-2), Brobotix ¡Protege tu disposi","FUNDA PARA LAPTOP 14.0"" BASICA AZUL MARINO, NEOPRENO   (256014-2), Brobotix ¡Protege tu dispositivo portátil con este ideal accesorio para llevarla a todas partes! Diseño sencillo, compacto y ligero que asegura contra golpes y rasguños gracias a su interior acojinado, con cierre de fantasía inoxidable. Ofrece una protección completa para su ordenador portátil. Forro interior suave contra golpes y rayones. Especificaciones: Interior bondeado. Hecho de neopreno y protector contra golpes. Color: Azul Marino",FUNDA,d,5.777777777777778,112.67,5.78,169.0,169.0,225.34,157.74,135.2,laptops,./assets/img/catalog/laptops/ACCRBT5700.jpg,https://static.ctonline.mx/imagenes/ACCRBT5700/ACCRBT5700_400.jpg,48h Directa / 1 Año Fábrica,Pedro Moreno 501 A (Entrega Inmediata)
ACCRBT5630,ACCRBT5630,"FUNDA PARA LAPTOP 14.0"" BASICA ROSA, NEOPRENO   (256014-3), Brobotix ¡Protege tu dispositivo po","FUNDA PARA LAPTOP 14.0"" BASICA ROSA, NEOPRENO   (256014-3), Brobotix ¡Protege tu dispositivo portátil con este ideal accesorio para llevarla a todas partes! Diseño sencillo, compacto y ligero que asegura contra golpes y rasguños gracias a su interior acojinado, con cierre de fantasía inoxidable. Ofrece una protección completa para su ordenador portátil. Forro interior suave contra golpes y rayones. Especificaciones: Interior bondeado. Hecho de neopreno y protector contra golpes. Color: Rosa",FUNDA,d,6.066666666666666,118.3,6.07,177.45,177.45,236.6,165.62,141.96,laptops,./assets/img/catalog/laptops/ACCRBT5630.jpg,https://static.ctonline.mx/imagenes/ACCRBT5630/ACCRBT5630_400.jpg,48h Directa / 1 Año Fábrica,Pedro Moreno 501 A (Entrega Inmediata)
ACCRBT5640,ACCRBT5640,"FUNDA PARA LAPTOP 14.0"" BASICA MENTA, NEOPRENO   (256014-4), Brobotix ¡Protege tu dispositivo p","FUNDA PARA LAPTOP 14.0"" BASICA MENTA, NEOPRENO   (256014-4), Brobotix ¡Protege tu dispositivo portátil con este ideal accesorio para llevarla a todas partes! Diseño sencillo, compacto y ligero que asegura contra golpes y rasguños gracias a su interior acojinado, con cierre de fantasía inoxidable. Ofrece una protección completa para su ordenador portátil. Forro interior suave contra golpes y rayones. Especificaciones: Interior bondeado. Hecho de neopreno y protector contra golpes. Color: Menta",FUNDA,d,5.1,99.45,5.1,149.18,149.18,198.9,139.23,119.34,laptops,./assets/img/catalog/laptops/ACCRBT5640.jpg,https://static.ctonline.mx/imagenes/ACCRBT5640/ACCRBT5640_400.jpg,48h Directa / 1 Año Fábrica,Pedro Moreno 501 A (Entrega Inmediata)
ACCRBT5650,ACCRBT5650,"FUNDA PARA LAPTOP 14.0"" BASICA GRIS, NEOPRENO   (256014-5), Brobotix ¡Protege tu dispositivo po","FUNDA PARA LAPTOP 14.0"" BASICA GRIS, NEOPRENO   (256014-5), Brobotix ¡Protege tu dispositivo portátil con este ideal accesorio para llevarla a todas partes! Diseño sencillo, compacto y ligero que asegura contra golpes y rasguños gracias a su interior acojinado, con cierre de fantasía inoxidable. Ofrece una protección completa para su ordenador portátil. Forro interior suave contra golpes y rayones. Especificaciones: Interior bondeado. Hecho de neopreno y protector contra golpes. Color: Gris",FUNDA,d,5.555555555555555,108.33,5.56,162.5,162.5,216.66,151.66,130.0,laptops,./assets/img/catalog/laptops/ACCRBT5650.jpg,https://static.ctonline.mx/imagenes/ACCRBT5650/ACCRBT5650_400.jpg,48h Directa / 1 Año Fábrica,Pedro Moreno 501 A (Entrega Inmediata)
ACCRBT5660,ACCRBT5660,"FUNDA PARA LAPTOP 14.0"" BASICA MORADO, NEOPRENO   (256014-6), Brobotix ¡Protege tu dispositivo ","FUNDA PARA LAPTOP 14.0"" BASICA MORADO, NEOPRENO   (256014-6), Brobotix ¡Protege tu dispositivo portátil con este ideal accesorio para llevarla a todas partes! Diseño sencillo, compacto y ligero que asegura contra golpes y rasguños gracias a su interior acojinado, con cierre de fantasía inoxidable. Ofrece una protección completa para su ordenador portátil. Forro interior suave contra golpes y rayones. Especificaciones: Interior bondeado. Hecho de neopreno y protector contra golpes. Color: Morado",FUNDA,d,6.066666666666666,118.3,6.07,177.45,177.45,236.6,165.62,141.96,laptops,./assets/img/catalog/laptops/ACCRBT5660.jpg,https://static.ctonline.mx/imagenes/ACCRBT5660/ACCRBT5660_400.jpg,48h Directa / 1 Año Fábrica,Pedro Moreno 501 A (Entrega Inmediata)
ACCRBT5670,ACCRBT5670,"FUNDA PARA LAPTOP 14.0"" BASICA TURQUESA, NEOPRENO   (256014-7), Brobotix ¡Protege tu dispositiv","FUNDA PARA LAPTOP 14.0"" BASICA TURQUESA, NEOPRENO   (256014-7), Brobotix ¡Protege tu dispositivo portátil con este ideal accesorio para llevarla a todas partes! Diseño sencillo, compacto y ligero que asegura contra golpes y rasguños gracias a su interior acojinado, con cierre de fantasía inoxidable. Ofrece una protección completa para su ordenador portátil. Forro interior suave contra golpes y rayones. Especificaciones: Interior bondeado. Hecho de neopreno y protector contra golpes. Color: Turquesa",FUNDA,d,5.055555555555555,98.58,5.06,147.87,147.87,197.16,138.01,118.3,laptops,./assets/img/catalog/laptops/ACCRBT5670.jpg,https://static.ctonline.mx/imagenes/ACCRBT5670/ACCRBT5670_400.jpg,48h Directa / 1 Año Fábrica,Pedro Moreno 501 A (Entrega Inmediata)
ACCRBT3540,ACCRBT3540,"Funda para laptop 15.6 diseño Azul Neopreno (256349-2), Brobotix Protege tu dispositivo portáti","Funda para laptop 15.6 diseño Azul Neopreno (256349-2), Brobotix Protege tu dispositivo portátil con este ideal accesorio para llevarla a todas partes Diseño sencillo, compacto y ligero que asegura contra golpes y rasguños gracias a su interior acojinado, con cierre de fantasía inoxidable Color: Azul.",CT,d,6.366666666666667,124.15,6.37,186.23,186.23,248.3,173.81,148.98,laptops,./assets/img/catalog/laptops/ACCRBT3540.jpg,https://static.ctonline.mx/imagenes/ACCRBT3540/ACCRBT3540_400.jpg,48h Directa / 1 Año Fábrica,Pedro Moreno 501 A (Entrega Inmediata)
ACCRBT3550,ACCRBT3550,"Funda para laptop 15.6 diseño Azul Marino Neopreno (256349-3), Brobotix Protege tu dispositivo ","Funda para laptop 15.6 diseño Azul Marino Neopreno (256349-3), Brobotix Protege tu dispositivo portátil con este ideal accesorio para llevarla a todas partes Diseño sencillo, compacto y ligero que asegura contra golpes y rasguños gracias a su interior acojinado, con cierre de fantasía inoxidable Color: Azul Marino.",CT,d,6.366666666666667,124.15,6.37,186.23,186.23,248.3,173.81,148.98,laptops,./assets/img/catalog/laptops/ACCRBT3550.jpg,https://static.ctonline.mx/imagenes/ACCRBT3550/ACCRBT3550_400.jpg,48h Directa / 1 Año Fábrica,Pedro Moreno 501 A (Entrega Inmediata)
ACCRBT3560,ACCRBT3560,"Funda para laptop 15.6 diseño Gris Neopreno (256349-4), Brobotix Protege tu dispositivo portáti","Funda para laptop 15.6 diseño Gris Neopreno (256349-4), Brobotix Protege tu dispositivo portátil con este ideal accesorio para llevarla a todas partes Diseño sencillo, compacto y ligero que asegura contra golpes y rasguños gracias a su interior acojinado, con cierre de fantasía inoxidable Color: Gris.",CT,d,6.111111111111111,119.17,6.11,178.75,178.75,238.34,166.84,143.0,laptops,./assets/img/catalog/laptops/ACCRBT3560.jpg,https://static.ctonline.mx/imagenes/ACCRBT3560/ACCRBT3560_400.jpg,48h Directa / 1 Año Fábrica,Pedro Moreno 501 A (Entrega Inmediata)
ACCRBT3570,ACCRBT3570,"Funda para laptop 15.6 diseño Morada Neopreno (256349-6), Brobotix Protege tu dispositivo portá","Funda para laptop 15.6 diseño Morada Neopreno (256349-6), Brobotix Protege tu dispositivo portátil con este ideal accesorio para llevarla a todas partes Diseño sencillo, compacto y ligero que asegura contra golpes y rasguños gracias a su interior acojinado, con cierre de fantasía inoxidable Color: Morada.",CT,d,6.366666666666667,124.15,6.37,186.23,186.23,248.3,173.81,148.98,laptops,./assets/img/catalog/laptops/ACCRBT3570.jpg,https://static.ctonline.mx/imagenes/ACCRBT3570/ACCRBT3570_400.jpg,48h Directa / 1 Año Fábrica,Pedro Moreno 501 A (Entrega Inmediata)
ACCRBT3580,ACCRBT3580,"Funda para laptop 15.6 diseño Rojo Neopreno (256349-5), Brobotix Protege tu dispositivo portáti","Funda para laptop 15.6 diseño Rojo Neopreno (256349-5), Brobotix Protege tu dispositivo portátil con este ideal accesorio para llevarla a todas partes Diseño sencillo, compacto y ligero que asegura contra golpes y rasguños gracias a su interior acojinado, con cierre de fantasía inoxidable Color: Rojo.",CT,d,6.122222222222222,119.38,6.12,179.07,179.07,238.76,167.13,143.26,laptops,./assets/img/catalog/laptops/ACCRBT3580.jpg,https://static.ctonline.mx/imagenes/ACCRBT3580/ACCRBT3580_400.jpg,48h Directa / 1 Año Fábrica,Pedro Moreno 501 A (Entrega Inmediata)
ACCRBT3590,ACCRBT3590,"Funda para laptop 15.6 diseño Rosa Neopreno (256349-1), Brobotix Protege tu dispositivo portáti","Funda para laptop 15.6 diseño Rosa Neopreno (256349-1), Brobotix Protege tu dispositivo portátil con este ideal accesorio para llevarla a todas partes Diseño sencillo, compacto y ligero que asegura contra golpes y rasguños gracias a su interior acojinado, con cierre de fantasía inoxidable Color: Rosa.",CT,d,6.0888888888888895,118.73,6.09,178.09,178.09,237.46,166.22,142.48,laptops,./assets/img/catalog/laptops/ACCRBT3590.jpg,https://static.ctonline.mx/imagenes/ACCRBT3590/ACCRBT3590_400.jpg,48h Directa / 1 Año Fábrica,Pedro Moreno 501 A (Entrega Inmediata)
ACCRBT2440,ACCRBT2440,"Funda para laptop 15.6 diseño Negro Neopreno (256349), Brobotix Protege tu dispositivo portátil","Funda para laptop 15.6 diseño Negro Neopreno (256349), Brobotix Protege tu dispositivo portátil con este ideal accesorio para llevarla a todas partes Diseño sencillo, compacto y ligero que asegura contra golpes y rasguños gracias a su interior acojinado, con cierre de fantasía inoxidable Color: Negro.",CT,d,6.144444444444445,119.82,6.14,179.73,179.73,239.64,167.75,143.78,laptops,./assets/img/catalog/laptops/ACCRBT2440.jpg,https://static.ctonline.mx/imagenes/ACCRBT2440/ACCRBT2440_400.jpg,48h Directa / 1 Año Fábrica,Pedro Moreno 501 A (Entrega Inmediata)
MALRBT210,MALRBT210,"MALETIN 15.6"" PORTAFOLIO CHAMPION NGO (742767), B-Robotix Diseño ligero para guardar y transpor","MALETIN 15.6"" PORTAFOLIO CHAMPION NGO (742767), B-Robotix Diseño ligero para guardar y transportar tu laptop protegiéndola contra golpes y rayones. Tiene compartimiento frontal para guardar tus accesorios. Correa para el hombro ajustable. Tiene asas para transportarla fácilmente.
Color: Negro.",MALETIN,d,7.088888888888889,138.23,7.09,207.34,207.34,276.46,193.52,165.88,laptops,./assets/img/catalog/laptops/MALRBT210.jpg,https://static.ctonline.mx/imagenes/MALRBT210/MALRBT210_400.jpg,48h Directa / 1 Año Fábrica,Pedro Moreno 501 A (Entrega Inmediata)
MALRBT320,MALRBT320,"MALETÍN BACKPACK PARA LAPTOP, CHAMPION 15.6"", ASA METÁLICA (6000830), Brobotix Prueba el nuevo ","MALETÍN BACKPACK PARA LAPTOP, CHAMPION 15.6"", ASA METÁLICA (6000830), Brobotix Prueba el nuevo Maletín Backpack Champion de 15.6"" con Asa metálica Brobotix, ideal para llevar al trabajo o de viaje. Conoce su novedosa asa metálica que brinda máximo soporte y comodidad al momento de sujetar. Mochila diseñada para portátil, cuenta con un compartimento acolchonado adentro para proteger la computadora, con cierre de velcro para mejor sujeción del equipo. Además de un compartimento frontal con cierre para guardar accesorios. Mochila para computadora portátil. Asa metálica. Compartimento especial en el interior con sujetador de laptop. Acolchonamiento en frente y vuelta para protección de los artículos interiores. Fabricada en material durable y ligero. Color Negro. Especificaciones: Correas para hombros ajustables y acolchonadas. Broche en las correas para un mejor ajuste y soporte al momento de usar. 1 compartimento principal y 1 compartimento delantero con cierre. Subdivisión interna para colocar laptop. Dimensiones: 33 cm (ancho), 43 cm (alto), 13 cm (profundidad). Material: Poliéster. * Las medidas de la computadora siempre determinan la compatibilidad. Todas las dimensiones son aproximadas y pueden variar ligeramente. Color: Negro.",MALETÍN,d,8.177777777777777,159.47,8.18,239.2,239.2,318.94,223.26,191.36,laptops,./assets/img/catalog/laptops/MALRBT320.jpg,https://static.ctonline.mx/imagenes/MALRBT320/MALRBT320_400.jpg,48h Directa / 1 Año Fábrica,Pedro Moreno 501 A (Entrega Inmediata)
ACCRBT970,ACCRBT970,"FUNDA PARA LAPTOP 15.4"" (457896M) B-Robotix Protege tu dispositivo portátil con esta ideal fund","FUNDA PARA LAPTOP 15.4"" (457896M) B-Robotix Protege tu dispositivo portátil con esta ideal funda de neopreno, para llevarla a todas partes, diseño sencillo, compacto y ligero que asegura contra golpes y rasguños gracias a su interior acojinado, con cierre inoxidable, costuras resistentes y dos compartimentos adicionales para guardar el celular o las llaves Color: Menta.",FUNDA,d,6.111111111111111,119.17,6.11,178.75,178.75,238.34,166.84,143.0,laptops,./assets/img/catalog/laptops/ACCRBT970.jpg,https://static.ctonline.mx/imagenes/ACCRBT970/ACCRBT970_400.jpg,48h Directa / 1 Año Fábrica,Pedro Moreno 501 A (Entrega Inmediata)
ACCRBT980,ACCRBT980,"FUNDA PARA LAPTOP 15.4"" (457896N) B-Robotix Protege tu dispositivo portátil con esta ideal fund","FUNDA PARA LAPTOP 15.4"" (457896N) B-Robotix Protege tu dispositivo portátil con esta ideal funda de neopreno, para llevarla a todas partes, diseño sencillo, compacto y ligero que asegura contra golpes y rasguños gracias a su interior acojinado, con cierre inoxidable, costuras resistentes y dos compartimentos adicionales para guardar el celular o las llaves Color: Negro.",FUNDA,d,6.066666666666666,118.3,6.07,177.45,177.45,236.6,165.62,141.96,laptops,./assets/img/catalog/laptops/ACCRBT980.jpg,https://static.ctonline.mx/imagenes/ACCRBT980/ACCRBT980_400.jpg,48h Directa / 1 Año Fábrica,Pedro Moreno 501 A (Entrega Inmediata)
ACCRBT990,ACCRBT990,"FUNDA PARA LAPTOP 15.4"" (457896P) B-Robotix Protege tu dispositivo portátil con esta ideal fund","FUNDA PARA LAPTOP 15.4"" (457896P) B-Robotix Protege tu dispositivo portátil con esta ideal funda de neopreno, para llevarla a todas partes, diseño sencillo, compacto y ligero que asegura contra golpes y rasguños gracias a su interior acojinado, con cierre inoxidable, costuras resistentes y dos compartimentos adionales para guardar el celular o las llaves. Color: Morado.",FUNDA,d,6.0606060606060606,118.18,6.06,177.27,177.27,236.36,165.45,141.82,laptops,./assets/img/catalog/laptops/ACCRBT990.jpg,https://static.ctonline.mx/imagenes/ACCRBT990/ACCRBT990_400.jpg,48h Directa / 1 Año Fábrica,Pedro Moreno 501 A (Entrega Inmediata)
ACCRBT1000,ACCRBT1000,"FUNDA PARA LAPTOP 15.4"" (457896R) B-Robotix Protege tu dispositivo portátil con esta ideal fund","FUNDA PARA LAPTOP 15.4"" (457896R) B-Robotix Protege tu dispositivo portátil con esta ideal funda de neopreno, para llevarla a todas partes, diseño sencillo, compacto y ligero que asegura contra golpes y rasguños gracias a su interior acojinado, con cierre inoxidable, costuras resistentes y dos compartimentos adicionales para guardar el celular o las llaves. Color: Rosa.",FUNDA,d,6.066666666666666,118.3,6.07,177.45,177.45,236.6,165.62,141.96,laptops,./assets/img/catalog/laptops/ACCRBT1000.jpg,https://static.ctonline.mx/imagenes/ACCRBT1000/ACCRBT1000_400.jpg,48h Directa / 1 Año Fábrica,Pedro Moreno 501 A (Entrega Inmediata)
ACCRBT1660,ACCRBT1660,"Maletín portafolio authentic (000727), Brobotix Diseño ligero para guardar y transportar tu lap","Maletín portafolio authentic (000727), Brobotix Diseño ligero para guardar y transportar tu laptop a la escuela o la oficina, PARA PORTÁTILES DE HASTA 15.6"". Color: Negro.",CT,d,9.444444444444445,184.17,9.44,276.25,276.25,368.34,257.84,221.0,laptops,./assets/img/catalog/laptops/ACCRBT1660.jpg,https://static.ctonline.mx/imagenes/ACCRBT1660/ACCRBT1660_400.jpg,48h Directa / 1 Año Fábrica,Pedro Moreno 501 A (Entrega Inmediata)
ACCRBT960,ACCRBT960,"FUNDA PARA LAPTOP 15.4"" (457896A) B-Robotix Protege tu dispositivo portátil con esta ideal fund","FUNDA PARA LAPTOP 15.4"" (457896A) B-Robotix Protege tu dispositivo portátil con esta ideal funda de neopreno, para llevarla a todas partes, diseño sencillo, compacto y ligero que asegura contra golpes y rasguños gracias a su interior acojinado, con cierre inoxidable, costuras resistentes y 2 compartimentos adicionales para guardar el celular o las llaves. Color: Azul.",FUNDA,d,6.0606060606060606,118.18,6.06,177.27,177.27,236.36,165.45,141.82,laptops,./assets/img/catalog/laptops/ACCRBT960.jpg,https://static.ctonline.mx/imagenes/ACCRBT960/ACCRBT960_400.jpg,48h Directa / 1 Año Fábrica,Pedro Moreno 501 A (Entrega Inmediata)
MALRBT400,MALRBT400,"MALETÍN BACKPACK PRAGA PARA LAPTOP DE 15.6"" A 16"", GRIS ( 6007518), Brobotix La nueva Backpack ","MALETÍN BACKPACK PRAGA PARA LAPTOP DE 15.6"" A 16"", GRIS ( 6007518), Brobotix La nueva Backpack BRobotix® tiene la capacidad de almacenar portátiles de hasta 16 pulgadas, ideal para llevarla a todas partes. Con compartimento acolchado de espuma para laptop que ayuda a absorber los impactos del uso regular, protegiendo además su equipo de otros objetos del interior. Impermeable y resistente al desgaste. La Backpack BRobotix® es liviana y posee un diseño vanguardista que se adapta a tu día a día.MaletÍn backpack para transporte de portátiles de hasta 16 pulgadas. Resistente al desgaste diario. Impermeable, diseñado para proteger a tu equipo de la lluvia y salpicaduras accidentales. Con correas engranadas para una rápida disipación de calor y ajuste preciso. Diseño andrógino, delgado y liviano. Cuenta con cremallera de dos vías (para el compartimiento principal) y una cremallera en el bolsillo frontal además de dos bolsillos laterales. Asa acolchada. Especificaciones: Material externo: 95% poliester, 5% PU. Material interno: 100% poliester Color: Gris",MALETÍN,d,12.044444444444444,234.87,12.04,352.31,352.31,469.74,328.82,281.84,laptops,./assets/img/catalog/laptops/MALRBT400.jpg,https://static.ctonline.mx/imagenes/MALRBT400/MALRBT400_400.jpg,48h Directa / 1 Año Fábrica,Pedro Moreno 501 A (Entrega Inmediata)
MALRBT360,MALRBT360,"BACKPACK UNIVERSITY PARA LAPTOP 15 A 17"" (6005637), Brobotix La nueva Backpack BRobotix® tiene ","BACKPACK UNIVERSITY PARA LAPTOP 15 A 17"" (6005637), Brobotix La nueva Backpack BRobotix® tiene la capacidad de almacenar portátiles hasta 17 pulgadas, ideal para llevarla a todas partes por su alta resistencia y calidad. Compartimento acolchado de espuma para computadora portátil que ayuda a absorber los impactos del uso regular, protegiendo además su equipo de otros objetos del interior.
Ofrece diversos compartimentos internos para accesorios y/o artículos, incluso para una tableta de hasta 10,1 pulgadas. La Backpack BRobotix® es liviana y posee un diseño vanguardista que se adapta a tu día a día. Compartimiento principal con subdivisión para portátiles de hasta 17 pulgadas, acolchado con sujetador. Dos compartimentos exteriores de gran capacidad para accesorios. Compartimiento especial para tabletas de hasta 10,1 pulgadas. Acceso fácil a la bolsa exterior colocando la mochila en posición horizontal. Dos portavasos. Cremallera doble. Correas de hombro ajustables. Asa acolchada. Diseño delgado y liviano. Color: Negro",BACKPACK,d,11.122222222222222,216.88,11.12,325.32,325.32,433.76,303.63,260.26,laptops,./assets/img/catalog/laptops/MALRBT360.jpg,https://static.ctonline.mx/imagenes/MALRBT360/MALRBT360_400.jpg,48h Directa / 1 Año Fábrica,Pedro Moreno 501 A (Entrega Inmediata)
MALRBT190,MALRBT190,"MALETIN 15.6"" A 17"" PORTAFOLIO LEADER GRIS (180112G), B-Robotix Dale protección y portabilidad ","MALETIN 15.6"" A 17"" PORTAFOLIO LEADER GRIS (180112G), B-Robotix Dale protección y portabilidad a tu Laptop de la forma más elegante con este maletín. Tiene una capacidad de transportación de equipos de hasta 17 pulgadas, su interior es acolchado cuenta con separación de Laptop y documentos, también se puede llevar en el hombro, utilizando la correa incluida. Maletín con asas y correa para transportar tu computadora portátil. Cuenta con separación interna para la Laptop y documentos. Práctico bolsillo frontal para llevar el cargador o algún accesorio. Color: Gris.",MALETIN,d,11.044444444444444,215.37,11.04,323.06,323.06,430.74,301.52,258.44,laptops,./assets/img/catalog/laptops/MALRBT190.jpg,https://static.ctonline.mx/imagenes/MALRBT190/MALRBT190_400.jpg,48h Directa / 1 Año Fábrica,Pedro Moreno 501 A (Entrega Inmediata)
MALRBT200,MALRBT200,"MALETIN 15.6"" A 17"" PORTAFOLIO LEADER NEGRO (180112N), B-Robotix Dale protección y portabilidad","MALETIN 15.6"" A 17"" PORTAFOLIO LEADER NEGRO (180112N), B-Robotix Dale protección y portabilidad a tu Laptop de la forma más elegante con este maletín. Tiene una capacidad de transportación de equipos de hasta 17 pulgadas, su interior es acolchado cuenta con separación de Laptop y documentos, también se puede llevar en el hombro, utilizando la correa incluida. Maletín con asas y correa para transportar tu computadora portátil.  Cuenta con separación interna para la Laptop y documentos. Práctico bolsillo frontal para llevar el cargador o algún accesorio. Color: Negro.",MALETIN,d,11.033333333333333,215.15,11.03,322.73,322.73,430.3,301.21,258.18,laptops,./assets/img/catalog/laptops/MALRBT200.jpg,https://static.ctonline.mx/imagenes/MALRBT200/MALRBT200_400.jpg,48h Directa / 1 Año Fábrica,Pedro Moreno 501 A (Entrega Inmediata)
MALRBT230,MALRBT230,"MALETIN PARA LAPTOP DE 15.6"" BACKPACK SPORT CON USB, COLOR NEGRO  (185001), B-Robotix Prueba el","MALETIN PARA LAPTOP DE 15.6"" BACKPACK SPORT CON USB, COLOR NEGRO  (185001), B-Robotix Prueba el asombroso maletín desplegable Brobotix ¡Tan práctico que no podrás creerlo! ideal para llevar de viaje. Además su novedoso puerto USB externo de fácil acceso te permitirá cargar tus dispositivos electrónicos en el camino.  Impermeable, Cómodo, Desplegable  y Puerto USB Color: Negro.",MALETIN,d,13.055555555555555,254.58,13.06,381.87,381.87,509.16,356.41,305.5,laptops,./assets/img/catalog/laptops/MALRBT230.jpg,https://static.ctonline.mx/imagenes/MALRBT230/MALRBT230_400.jpg,48h Directa / 1 Año Fábrica,Pedro Moreno 501 A (Entrega Inmediata)
MALRBT220,MALRBT220,"MALETIN PARA LAPTOP DE 15.6"" BACKPACK SPORT, COLOR NEGRO  (186617), B-Robotix Prueba el asombro","MALETIN PARA LAPTOP DE 15.6"" BACKPACK SPORT, COLOR NEGRO  (186617), B-Robotix Prueba el asombroso maletín desplegable Brobotix ¡Tan practico que no podrás creerlo! ideal para llevar de viaje. Impermeable, Cómodo y Desplegable Color: Negro.",MALETIN,d,14.049988888888889,273.97,14.05,410.96,410.96,547.94,383.56,328.76,laptops,./assets/img/catalog/laptops/MALRBT220.jpg,https://static.ctonline.mx/imagenes/MALRBT220/MALRBT220_400.jpg,48h Directa / 1 Año Fábrica,Pedro Moreno 501 A (Entrega Inmediata)
MALRBT370,MALRBT370,"BACKPACK VARSOVIA PARA LAPTOP DE 15"" A 17"" (6005644), Brobotix La nueva Backpack Varsovia  BRob","BACKPACK VARSOVIA PARA LAPTOP DE 15"" A 17"" (6005644), Brobotix La nueva Backpack Varsovia  BRobotix® tiene la capacidad de almacenar portátiles hasta 17 pulgadas, ideal para llevarla a todas partes por su alta resistencia y calidad. Compartimento acolchado de espuma para computadora portátil que ayuda a absorber los impactos del uso regular, protegiendo además su equipo de otros objetos del interior. Ofrece diversos compartimentos internos para accesorios y/o artículos, incluso para una tableta de hasta 10,1 pulgadas. La Backpack BRobotix® es de materiales resistentes y posee un diseño vanguardista que se adapta a tu día a día. Compartimiento principal con subdivisión para portátiles de hasta 17 pulgadas, acolchado con sujetador. Tres compartimentos exteriores de gran capacidad para accesorios. Compartimiento especial para tabletas de hasta 10,1 pulgadas. Acceso fácil a la bolsa exterior colocando la mochila en posición horizontal. Dos portavasos. Cremallera doble. Correas de hombro ajustables. Asa y espalda acolchada. Diseño de alta resistencia. Color: Negro",BACKPACK,d,17.11111111111111,333.67,17.11,500.5,500.5,667.34,467.14,400.4,laptops,./assets/img/catalog/laptops/MALRBT370.jpg,https://static.ctonline.mx/imagenes/MALRBT370/MALRBT370_400.jpg,48h Directa / 1 Año Fábrica,Pedro Moreno 501 A (Entrega Inmediata)
MALRBT390,MALRBT390,"MALETÍN PORTAFOLIO RÍGIDO NEGRO 11"" - 12"" (6006528), BRobotix  El nuevo Maletín Portafolio Rígi","MALETÍN PORTAFOLIO RÍGIDO NEGRO 11"" - 12"" (6006528), BRobotix  El nuevo Maletín Portafolio Rígido BRobotix® para Laptop de 14”-15”, es ideal para llevarla a todas partes por su alta resistencia y calidad. Compartimento para computadora que ayuda a absorber los impactos del uso regular, protegiendo su equipo.  Ofrece un compartimentos externos para accesorios y/o artículos, incluso para una tableta o un teléfono. La Funda BRobotix® es liviana y posee un diseño vanguardista que se adapta a tu día a día. Compartimiento principal. Doble cierre. Acceso fácil a bolsa externa. Funda rígida. Diseño liviano. Asa incluida. Color: Negro",MALETÍN,d,27.288888888888888,532.13,27.29,798.19,798.19,1064.26,744.98,638.56,laptops,./assets/img/catalog/laptops/MALRBT390.jpg,https://static.ctonline.mx/imagenes/MALRBT390/MALRBT390_400.jpg,48h Directa / 1 Año Fábrica,Pedro Moreno 501 A (Entrega Inmediata)
MALRBT380,MALRBT380,"MALETÍN PORTAFOLIO RÍGIDO NEGRO 14""-15"" (6006511), BRobotix  El nuevo Maletín Portafolio Rígido","MALETÍN PORTAFOLIO RÍGIDO NEGRO 14""-15"" (6006511), BRobotix  El nuevo Maletín Portafolio Rígido BRobotix® para Laptop de 14”-15”, es ideal para llevarla a todas partes por su alta resistencia y calidad. Compartimento para computadora que ayuda a absorber los impactos del uso regular, protegiendo su equipo.  Ofrece un compartimentos externos para accesorios y/o artículos, incluso para una tableta o un teléfono. La Funda BRobotix® es liviana y posee un diseño vanguardista que se adapta a tu día a día. Compartimiento principal. Doble cierre. Acceso fácil a bolsa externa. Funda rígida. Diseño liviano. Asa incluida. Color: Negro",MALETÍN,d,28.288888888888888,551.63,28.29,827.44,827.44,1103.26,772.28,661.96,laptops,./assets/img/catalog/laptops/MALRBT380.jpg,https://static.ctonline.mx/imagenes/MALRBT380/MALRBT380_400.jpg,48h Directa / 1 Año Fábrica,Pedro Moreno 501 A (Entrega Inmediata)
ACCRBT8740,ACCRBT8740,"GABINETE GLASS PARA DISCO DURO SSD SATA I/II/III 2.5"" USB V3.0 (6007587), BRobotix Gabinete par","GABINETE GLASS PARA DISCO DURO SSD SATA I/II/III 2.5"" USB V3.0 (6007587), BRobotix Gabinete para disco duro transparente. Soporta todos los discos duros HDD SSD SATA de 2.5. Compatible con la mayoría de dispositivos: PC, Laptop, Smart TV, Router, XBOX, PS4, PS4 Pro, etc. Descarga y guarda más datos en tu disco duro para liberar espacio en tu ordenador o PC o recicla discos duros viejos. Con LED indicador de encendido. Facil de instalar. Simplemente empuje la tapa hacia afuera, inserte el disco duro, cierre la tapa, conecte el cable y estará listo para funcionar. Especificaciones: Gabinete para disco duro SSD SATA 2.5""; Sistema aplicable: Windows o MacOS, Tamaño del disco duro: 2.5"" (6.35 cm, Interfaces internas: SATA I/II/III, Interfaces externas: USB V3.0, Velocidad de transferencia de hasta 5Gbps, Material: ABS. Color: Transparente",GABINETE,d,5.355555555555556,104.43,5.36,156.65,156.65,208.86,146.2,125.32,laptops,./assets/img/catalog/laptops/ACCRBT8740.jpg,https://static.ctonline.mx/imagenes/ACCRBT8740/ACCRBT8740_400.jpg,48h Directa / 1 Año Fábrica,Pedro Moreno 501 A (Entrega Inmediata)
MALRBT410,MALRBT410,"MALETÍN PORTAFOLIO PARA LAPTOP DE 15.6"" A 17"" LEGEND, NEGRO (406214), Brobotix Con el maletín p","MALETÍN PORTAFOLIO PARA LAPTOP DE 15.6"" A 17"" LEGEND, NEGRO (406214), Brobotix Con el maletín portafolio Legend BRobotix®, transporta cómodamente tu portátil, documentos y accesorios a donde quiera que vayas. Su practicidad y diseño te sorprenderan. Maletin portafolio para portátiles de hasta 17 pulgadas. Impermeable, diseñado para proteger a tu equipo de la lluvia y salpicaduras accidentales. Compartimiento acolchado de cierre para protección de la computadora. Correa ajustable para el hombro. Compartimiento frontal de cierre para accesorios. Con asas para facilitar su transporte. Especificaciones: Material: poliester. Correa para hombro ajustable ( 63-106 cm) Color: Negro",MALETÍN,d,7.061,137.69,7.06,206.53,206.53,275.38,192.77,165.23,laptops,./assets/img/catalog/laptops/MALRBT410.jpg,https://static.ctonline.mx/imagenes/MALRBT410/MALRBT410_400.jpg,48h Directa / 1 Año Fábrica,Pedro Moreno 501 A (Entrega Inmediata)
MALRBT420,MALRBT420,"MALETÍN BACKPACK ANTIRROBO CARRY ON PARA LAPTOP DE 15"" A 18"", NEGRO (406245), Brobotix Deja la ","MALETÍN BACKPACK ANTIRROBO CARRY ON PARA LAPTOP DE 15"" A 18"", NEGRO (406245), Brobotix Deja la rutina y atrevete a viajar con el nuevo maletín backpack Carry on BRobotix®. Maletín backpack de viaje ejecutiva antirrobo reforzada con ruedas. Modelado y detalles reforzados para resistir el uso intensivo. Tejido impermeable. Dispone de 4 resistentes ruedas engomadas 360, que facilitan mucho su movilidad. Asa de mano acolchada. Bolsillo frontal. Con 3 amplios compartimientos con cremalleras; el principal diseñado para la protección de portátiles de hasta 18 pulgadas compatible con candado. Varios bolsillos internos con divisores para objetos pequeños e higiene personal. Bolsas laterales de malla para botella o paraguas. Mango retractil de aluminio con ajuste de 3 etapas, que puede guardarse cuando no se esta usando. Entrada con puerto de carga USB-A hembra a USB-A macho de 50 cm para banco de energía. Correas traseras de espuma de 3 capas transpirables, que pueden guardarse.  Correa para pecho y Practico forro oculto para envolver las ruedas cuando se coloque en la espalda. Material: poliéster, abs, aluminio. Compatible con portátiles de hasta 18"" Longitud del mango de aluminio: 50 cm. Es importante no sobrecargar la mochila para evitar daños en la estructura o lesiones en la espalda. Color: Negro",MALETÍN,d,51.52222222222222,1004.68,51.52,1507.02,1507.02,2009.36,1406.55,1205.62,laptops,./assets/img/catalog/laptops/MALRBT420.jpg,https://static.ctonline.mx/imagenes/MALRBT420/MALRBT420_400.jpg,48h Directa / 1 Año Fábrica,Pedro Moreno 501 A (Entrega Inmediata)
MALRBT430,MALRBT430,"MALETIN BACKPACK ANTIRROBO MONACO PARA LAPTOP DE 15"" A 17"", NEGRO (406238), Brobotix La backpac","MALETIN BACKPACK ANTIRROBO MONACO PARA LAPTOP DE 15"" A 17"", NEGRO (406238), Brobotix La backpack antirrobo Monaco BRobotix®, tiene la capacidad de almacenar portátiles de hasta 17 pulgadas, perfecta para el uso escolar diario o viajes de negocios. Equipada con candado y numerosos bolsillos con cremallera para un almacenamiento seguro y organizado, además de un puerto de carga USB para mantener tu teléfono cargado mientras viajas.  Maletín backpack para transportar portátiles de hasta 17 pulgadas. Impermeable, diseñado para proteger a tu equipo de la lluvia y salpicaduras accidentales. Candado de combinación para evitar el acceso no autorizado a equipos o documentos importantes.Asa de transporte rígida. Cierres suaves y duraderos. Dos compartimientos principales con cierre de doble vía. Dos bolsillos delanteros con cierre. Dos bolsillos laterales con cierre. Compartimiento acolchado para hasta 2 portatiles de 17"" Divisiones internas para boligrafos, celulares, agenda y otros artículos pequeños. Correas de hombro acolchadas y ajustables con forro de malla de aire transpirable. Panel trasero con almohadilla de esponja de 3 capas. Bolsillo con puerto de carga USB-A hembra a USB-A macho de 50 cm para banco de energía. Correa para colocar sobre el asa de un bolso con ruedas. Hebillas ajustables y correa para pecho. Material: poliéster, nailon. Color: Negro",MALETIN,d,34.34444444444444,669.72,34.34,1004.58,1004.58,1339.44,937.61,803.66,laptops,./assets/img/catalog/laptops/MALRBT430.jpg,https://static.ctonline.mx/imagenes/MALRBT430/MALRBT430_400.jpg,48h Directa / 1 Año Fábrica,Pedro Moreno 501 A (Entrega Inmediata)
ACCRBT2280,ACCRBT2280,"CARGADOR PARA LAPTOP ACER (041500G), Brobotix Adaptador Cargador - ACER 19V 1.58A. CONECTOR: di","CARGADOR PARA LAPTOP ACER (041500G), Brobotix Adaptador Cargador - ACER 19V 1.58A. CONECTOR: dimensiones 5.5 x 1.7 mm, color Amarillo forma en L. MAX 30W, PA-1300-0K PA-13000K PA1300-0K, DIA 5.5MM/1.7MM. COMPATIBLE ACER ASPIRE ONE SERIES. Color: Negro.",CARGADOR,d,12.21111111111111,238.12,12.21,357.18,357.18,476.24,333.37,285.74,laptops,./assets/img/catalog/laptops/ACCRBT2280.jpg,https://static.ctonline.mx/imagenes/ACCRBT2280/ACCRBT2280_400.jpg,48h Directa / 1 Año Fábrica,Pedro Moreno 501 A (Entrega Inmediata)
ACCRBT7280,ACCRBT7280,"CONVERTIDOR USB V3.0 A SATA 2.5"" (6001417), Brobotix Con el nuevo Convertidor USB V3.0 a SATA 2","CONVERTIDOR USB V3.0 A SATA 2.5"" (6001417), Brobotix Con el nuevo Convertidor USB V3.0 a SATA 2.5"" BRobotix podrás conectar una unidad de disco / disco duro a tu computadora o laptop a través de un puerto USB y experimentar un rendimiento mejorado y velocidades de transferencia de datos súper rápidas V3.0 de hasta 5 Gbps y UASP.Admite unidades SATA de 2,5"" con opción a unidades de 3,5"" por contar con jack de alimentación para conectar un adaptador de corriente 12V.USB V3.0. Alta velocidad de 5 Gbps.  Ideal para copias de seguridad / respaldos de archivos, actualización de disco duro portátil y transferencia de datos. Este Adaptador puede utilizar 2.5"" y 3.5.Si utiliza un disco duro de 3.5"", debe utilizar una fuente de alimentación. Este producto no incluye adaptador de corriente. Indicadores LED.  Plug & play.Color: Negro",CONVERTIDOR,d,10.088888888888889,196.73,10.09,295.09,295.09,393.46,275.42,236.08,laptops,./assets/img/catalog/laptops/ACCRBT7280.jpg,https://static.ctonline.mx/imagenes/ACCRBT7280/ACCRBT7280_400.jpg,48h Directa / 1 Año Fábrica,Pedro Moreno 501 A (Entrega Inmediata)
ACCRBT7030,ACCRBT7030,"CONVERTIDOR USB V3.0 A USB TIPO ""A"", AUDIO 3.5 MM, USB TIPO ""C"" (6000335), Brobotix ¡Descubre e","CONVERTIDOR USB V3.0 A USB TIPO ""A"", AUDIO 3.5 MM, USB TIPO ""C"" (6000335), Brobotix ¡Descubre el Nuevo Convertidor USB V3.0 a USB Tipo ""A"", audio 3.5 mm y USB Tipo ""C"" BRobotix! Crea de manera instantánea 3 puertos diferentes adicionales a partir de un único puerto USB Tipo ""A"" en tu computadora o laptop.  Este adaptador hub USB de Alta Velocidad V3.0 crea de manera práctica 3 puertos: una entrada USB V3.0 Tipo ""A"", una conexión para audífonos con micrófono integrado y una entrada USB Tipo ""C"", a través de cualquier puerto USB. Conecte con facilidad auriculares, micrófonos, altavoces, cámaras, memorias de almacenamiento USB, cables de datos o carga, mouses, teclados, etc. Ideal para computadoras, portátiles y mini portátiles.  Instalación Plug and Play. Amplia con facilidad la conectividad de tu equipo sin necesidad de controladores especiales o de software. Convertidor USB V3.0 a USB Tipo ""A"", audio 3.5 mm y USB Tipo ""C"". Función Hub USB V3.0. Crea de manera instantánea 3 puertos diferentes a través del puerto USB, ideal para computadoras, portátiles y mini portátiles. Conecte con facilidad auriculares, micrófonos, altavoces, cámaras, memorias de almacenamiento USB Tipo ""A"" o Tipo ""C"", cables de datos o carga, mouses, teclados, etc. Mejora el acceso a los puertos y amplia la conectividad de tu equipo. USB V3.0 de alta velocidad. Indicador LED. Diseño Ultra delgado. Pequeño, ligero y portátil. Instalación sencilla USB que no requiere alimentación externa o de software. Plug and Play. Especificaciones: USB V3.0 de alta velocidad. Velocidad de transmisión: 480Mbps. -  Conexiones: 1 Entrada USB V3.0 Tipo ""A"", 1 Salida de audio con micrófono, 1 Entrada USB Tipo ""C"", 1 USB V3.0 Tipo ""A"" Macho. Alimentado por Bus.  Longitud del cable: 10 cm. Compatibilidad: Windows y Mac. Color: Blanco",CONVERTIDOR,d,7.777777777777778,151.67,7.78,227.5,227.5,303.34,212.34,182.0,laptops,./assets/img/catalog/laptops/ACCRBT7030.jpg,https://static.ctonline.mx/imagenes/ACCRBT7030/ACCRBT7030_400.jpg,48h Directa / 1 Año Fábrica,Pedro Moreno 501 A (Entrega Inmediata)
ACCRBT7040,ACCRBT7040,"CONVERTIDOR USB V3.0 A RJ45, GIGABIT (263458), Brobotix Con el nuevo Convertidor USB V3.0 a RJ4","CONVERTIDOR USB V3.0 A RJ45, GIGABIT (263458), Brobotix Con el nuevo Convertidor USB V3.0 a RJ45 BRobotix podrás tener acceso a redes e internet por medio de un cable RJ45. Cuenta con Alta velocidad de transmisión de 10/100/1000 Mbps, Gigabit. Tu solución de conexión en caso de que el puerto de red de tu laptop o PC se encuentre dañado.  Conector USB V3.0 Tipo A macho y conector RJ45 hembra. Velocidad de transmisión: 10/100/1000 Mbps, Gigabit. Contenido: 1 Convertidor USB V3.0 Tipo ""A"" a RJ45. Material: Aluminio. Color: Blanco/Plata. Especificaciones: Longitud del cable: 15 cm. Compatibilidad: Windows XP/Vista/Win7/Win8/Win8.1/Win10, 32 bit o 64 bit, MAC.  Color: Blanco",CONVERTIDOR,d,14.133333333333333,275.6,14.13,413.4,413.4,551.2,385.84,330.72,laptops,./assets/img/catalog/laptops/ACCRBT7040.jpg,https://static.ctonline.mx/imagenes/ACCRBT7040/ACCRBT7040_400.jpg,48h Directa / 1 Año Fábrica,Pedro Moreno 501 A (Entrega Inmediata)
ACCRBT6440,ACCRBT6440,"ADAPTADOR USB V3.0 TIPO ""C"" MACHO A USB TIPO ""A"" HEMBRA (651480), Brobotix Con el Nuevo Adaptad","ADAPTADOR USB V3.0 TIPO ""C"" MACHO A USB TIPO ""A"" HEMBRA (651480), Brobotix Con el Nuevo Adaptador USB V3.0 Tipo ""C"" macho a USB Tipo ""A"" hembra BRobotix podrás conectar dispositivos USB como memorias de almacenamiento, a tus dispositivos con puerto Tipo ""C"" como Macbooks y algunos Smarthphones, entre otros. Úsalo para conectar memorias de almacenamiento, mouses, teclados, discos duros, lectores de tarjeta, etc. y realiza transferencia y lectura de archivos. Adaptador OTG USB Tipo “C” a USB Tipo “A”  Conecta dispositivos USB como memorias de almacenamiento, a tus dispositivos con puerto Tipo “C” como Macbooks y algunos Smarthphones, entre otros. Realiza transferencia y lectura de tus archivos almacenados.  Compatible con Memorias de almacenamiento, mouses, teclados, discos duros, lectores de tarjeta. Compacto y ligero. Especificaciones: Conectores: 1 Tipo “C” macho, 1 Tipo “A” hembra. USB V3.0.   5Gbps. Función: Transferencia de datos. Contenido: 1 pieza. Color: Negro",ADAPTADOR,d,1.922222222222222,37.48,1.92,56.22,56.22,74.96,52.47,44.98,laptops,./assets/img/catalog/laptops/ACCRBT6440.jpg,https://static.ctonline.mx/imagenes/ACCRBT6440/ACCRBT6440_400.jpg,48h Directa / 1 Año Fábrica,Pedro Moreno 501 A (Entrega Inmediata)
ACCRBT2420,ACCRBT2420,"CONVERTIDOR MINI DISPLAYPORT A VGA (104574), Brobotix El mini display port a VGA hembra le perm","CONVERTIDOR MINI DISPLAYPORT A VGA (104574), Brobotix El mini display port a VGA hembra le permite conectar un monitor analógico estándar, un proyector o LCD que utiliza un cable o conector VGA a una MACBOOK, MACBOOK PRO O MACBOOK AIR con conexión mini display port. Color: Blanco.",CONVERTIDOR,d,13.222222222222221,257.83,13.22,386.75,386.75,515.66,360.96,309.4,laptops,./assets/img/catalog/laptops/ACCRBT2420.jpg,https://static.ctonline.mx/imagenes/ACCRBT2420/ACCRBT2420_400.jpg,48h Directa / 1 Año Fábrica,Pedro Moreno 501 A (Entrega Inmediata)
ACCRBT6470,ACCRBT6470,"CONVERTIDOR AUDIO A BLUETOOTH PARA AUTO (263793), Brobotix Con el Nuevo Convertidor Audio a Blu","CONVERTIDOR AUDIO A BLUETOOTH PARA AUTO (263793), Brobotix Con el Nuevo Convertidor Audio a Bluetooth para Auto BRobotix, disfruta de música y llamadas de forma inalámbrica, sólo conecta el receptor a la bocina, audífonos, estéreo del automóvil o el equipo de audio de tu preferencia, y emparéjalo con la conexión Bluetooth del reproductor de audio, que puede ser tu smartphone, tableta y entre otros. Recibe llamadas manos libres en tu automóvil mientras manejas o reproduce música vía bluetooth. Además, convierte tus tradicionales audífonos alámbricos a compatibles con conexión Bluetooth, sólo conéctalos a la entrada de audio 3.5mm del receptor. Receptor inalámbrico Bluetooth. Adaptador de audio 3.5 mm, 2 plugs. Receptor con entrada de audio 3.5 mm y entrada tipo Micro B para carga. Compatible con smartphones, tabletas, laptop, computadora, audífonos, equipos de audio, bocinas, automóvil. Compatible con audífonos alámbricos con plug 3.5 mm. Funcional para llamadas manos libres y mensajes de voz. Incluye cable USB para carga de batería. LED indicador. Con clip de solapa para transporte. Diseño compacto, práctico y ligero. Materia: plástico y metal. Color Negro. Especificaciones: Versión de Bluetooth: Bluetooth 4.1  Tamaño del receptor: 5.8 x 1.4 x 1.5 cm   Peso: 8 g Incluye cable de carga con conexión USB tipo A macho, y USB tipo Micro B macho. Color: Negro",CONVERTIDOR,d,5.022222222222221,97.93,5.02,146.9,146.9,195.86,137.1,117.52,laptops,./assets/img/catalog/laptops/ACCRBT6470.jpg,https://static.ctonline.mx/imagenes/ACCRBT6470/ACCRBT6470_400.jpg,48h Directa / 1 Año Fábrica,Pedro Moreno 501 A (Entrega Inmediata)
KITRBT170,KITRBT170,"KIT DE HERRAMIENTAS PARA LAPTOP Y SMARTPHONE, 24 PIEZAS (651961), Brobotix ¡Descubre el Nuevo K","KIT DE HERRAMIENTAS PARA LAPTOP Y SMARTPHONE, 24 PIEZAS (651961), Brobotix ¡Descubre el Nuevo Kit de herramientas para laptop y smartphone, 24 piezas BRobotix! Ideal para la reparación de smartphones y otros equipos electrónicos. Kit de herramientas para laptop y smartphone, con 24 piezas. Estuche transparente y herramientas color azul.  Contenido: 1 Destornillador, 1 Ventosa, 2 Mini barra de palanca, 1 Aguja, 1 Extractor triangular.  1 Pinza de acero inoxidable 120 mm,  16 Puntas de precisión, 1 Caja de almacenamiento Especificaciones: Contenido: 24 piezas. Precaución: Puede contener piezas punzocortantes. Dimensiones del estuche: 10.6 x 15 x 4.1 cm Color: Estuche Negro",KIT,d,22.22222222222222,433.33,22.22,650.0,650.0,866.66,606.66,520.0,laptops,./assets/img/catalog/laptops/KITRBT170.jpg,https://static.ctonline.mx/imagenes/KITRBT170/KITRBT170_400.jpg,48h Directa / 1 Año Fábrica,Pedro Moreno 501 A (Entrega Inmediata)
KITRBT240,KITRBT240,"KIT DE HERRAMIENTAS 83 EN 1 PARA SMARTPHONES, LAPTOPS O TABLETAS (6005972), Brobotix Juego de d","KIT DE HERRAMIENTAS 83 EN 1 PARA SMARTPHONES, LAPTOPS O TABLETAS (6005972), Brobotix Juego de destornilladores BRobotix® 83 en 1 para computadoras portátiles, smartphone, tabletas, lentes, relojes u otros. Contenido: 83 piezas de destornilladores, 3 cuñas de plástico, 3 pinzas, Manguera flexible, Ventosa. Especificaciones: Caja de almacenamiento a prueba de golpes. Material: Acero Color: Gris",KIT,d,19.444444444444443,379.17,19.44,568.75,568.75,758.34,530.84,455.0,laptops,./assets/img/catalog/laptops/KITRBT240.jpg,https://static.ctonline.mx/imagenes/KITRBT240/KITRBT240_400.jpg,48h Directa / 1 Año Fábrica,Pedro Moreno 501 A (Entrega Inmediata)
KITRBT230,KITRBT230,"KIT DE LIMPIEZA PARA AUDÍFONOS Y/O SMARTPHONES 7 EN 1 (6005989), Brobotix Kit de Limpieza BRobo","KIT DE LIMPIEZA PARA AUDÍFONOS Y/O SMARTPHONES 7 EN 1 (6005989), Brobotix Kit de Limpieza BRobotix® multifuncional 7 en 1 para: audífonos, teclados, laptop, monitores y pantallas para limpiar estuches de auriculares, teléfono celular y/o cámaras fotográficas. Incluye botella para spray de limpieza.  Con el cepillo retráctil de alta densidad y el removedor de teclas tendrás tu teclado siempre limpio y funcional. Viene con una microfibra para limpiar la pantalla del teléfono o computadora sin maltratarlos. Diseño práctico y ligero para llevarlo a donde quieras. Cepillo retráctil de alta densidad sueve al tacto. Pluma plegable de limpieza doble punta: Punta de silicona con minicepillo, Punta con esponja de microfibra. Removedor de teclas para teclados mecánicos. Paño de limpieza de microfibra para pantallas. Ligero y fácil de transportar. Color: Blanco y Gris",KIT,d,5.044444444444444,98.37,5.04,147.56,147.56,196.74,137.72,118.04,laptops,./assets/img/catalog/laptops/KITRBT230.jpg,https://static.ctonline.mx/imagenes/KITRBT230/KITRBT230_400.jpg,48h Directa / 1 Año Fábrica,Pedro Moreno 501 A (Entrega Inmediata)
KITSTY080,KITSTY080,Kit TECLADO Y MOUSE STYLOS STPKTM3B. Teclado y mouse inalámbrico. Diseño ergonómico. Teclado co,"Kit TECLADO Y MOUSE STYLOS STPKTM3B. Teclado y mouse inalámbrico. Diseño ergonómico. Teclado con 100,000,000 de clics de vida, 105 teclas, con letra Ñ incluida. Presión de 60+/-5g. Teclado multimedia. Mouse con 3 botones de rápido acceso, scroll óptico, 1000 dpi. Conecta tu kit vía USB a cualquier CPU o laptop. 2.4 GHz de frecuencia inalámbrica. Color Negro.",TECLADO,m,143.47777777777776,143.48,7.36,215.22,215.22,286.96,200.87,172.18,laptops,./assets/img/catalog/laptops/KITSTY080.jpg,https://static.ctonline.mx/imagenes/KITSTY080/KITSTY080_400.jpg,48h Directa / 1 Año Fábrica,Pedro Moreno 501 A (Entrega Inmediata)
CABSTY120,CABSTY120,"Cable Tipo C Stylos STACC01B 100W 2m Negro, Hasta 100W (20V/5A), durabilidad Hasta 20,000 doble","Cable Tipo C Stylos STACC01B 100W 2m Negro, Hasta 100W (20V/5A), durabilidad Hasta 20,000 dobleces, Carga segura e inteligente, Carga rápida y transferencia eficiente, Compatible con todos los dispositivos con puerto USB-C, incluyendo: iPhone 16 / 15 / Pro / Plus / Pro Max, Samsung Galaxy S20 / S20+ / S10 / S9 / Note 10, iPad Pro 11""/12.9"" (2018 / 2020) MacBook Air y MacBook Pro (2018 a 2020), Google Pixel 2 / 3 / 3a / 4 XL Y otros dispositivos con conector tipo C.",CT,m,59.37777777777777,59.38,3.05,89.07,89.07,118.76,83.13,71.26,laptops,./assets/img/catalog/laptops/CABSTY120.jpg,https://static.ctonline.mx/imagenes/CABSTY120/CABSTY120_400.jpg,48h Directa / 1 Año Fábrica,Pedro Moreno 501 A (Entrega Inmediata)
ACCSTY520,ACCSTY520,"Hub 7 en 1 Stylos STCBHUB71G USB C Gris, Compatible con laptops y dispositivos con puerto USB-C","Hub 7 en 1 Stylos STCBHUB71G USB C Gris, Compatible con laptops y dispositivos con puerto USB-C: MacBook, iPad, iPhone 16 Pro Max, Galaxy, Dell, Lenovo, entre otros, 7 puertos integrados: 1 HDMI 4K @30Hz, 2 puertos USB-A, 1 puerto PD (Power Delivery), 1 puerto USB-C (datos), lector de tarjeta SD y lector de tarjeta TF, HDMI compatible con resolución 4K a 30Hz. Ideal para duplicar o extender tu pantalla a TVs, monitores o proyectores, transferencia de datos Hasta 5 Gbps con los puertos USB 3.0, Incluye ranura para tarjeta microSD/TF.",CT,m,137.4111111111111,137.41,7.05,206.12,206.12,274.82,192.37,164.89,laptops,./assets/img/catalog/laptops/ACCSTY520.jpg,https://static.ctonline.mx/imagenes/ACCSTY520/ACCSTY520_400.jpg,48h Directa / 1 Año Fábrica,Pedro Moreno 501 A (Entrega Inmediata)
ACCNEX530,ACCNEX530,Soporte Organizador Nextep NE-163L de Malla para Laptop/Monitor con cajón dimensión 53 cm x 30c,Soporte Organizador Nextep NE-163L de Malla para Laptop/Monitor con cajón dimensión 53 cm x 30cm x 14 cm,NE-163L,m,329.72727272727275,329.73,16.91,494.6,494.6,659.46,461.62,395.68,laptops,./assets/img/catalog/laptops/ACCNEX530.jpg,https://static.ctonline.mx/imagenes/ACCNEX530/ACCNEX530_400.jpg,48h Directa / 1 Año Fábrica,Pedro Moreno 501 A (Entrega Inmediata)
MALNEX020,MALNEX020,Mochila Nextep para Laptop NE-670B 15 a 17 pulgadas  Color Gris /Negro tirantes ajustables y ac,Mochila Nextep para Laptop NE-670B 15 a 17 pulgadas  Color Gris /Negro tirantes ajustables y acolchados Bolsa Laterales peso 650 Gr 34cm x 13 cm x 46 cm 8 piezas por master,CT,m,243.0681818181818,243.07,12.47,364.61,364.61,486.14,340.3,291.68,laptops,./assets/img/catalog/laptops/MALNEX020.jpg,https://static.ctonline.mx/imagenes/MALNEX020/MALNEX020_400.jpg,48h Directa / 1 Año Fábrica,Pedro Moreno 501 A (Entrega Inmediata)
MALNEX030,MALNEX030,Mochila Nextep para Laptop NE-670M 15.6  pulgadas  Color Gris  tirantes ajustables y acolchados,Mochila Nextep para Laptop NE-670M 15.6  pulgadas  Color Gris  tirantes ajustables y acolchados Frontal e interior con  zipper peso 650 Gr 30cm x 09 cm x 41 cm 8 piezas por master,CT,m,260.6818181818182,260.68,13.37,391.02,391.02,521.36,364.95,312.82,laptops,./assets/img/catalog/laptops/MALNEX030.jpg,https://static.ctonline.mx/imagenes/MALNEX030/MALNEX030_400.jpg,48h Directa / 1 Año Fábrica,Pedro Moreno 501 A (Entrega Inmediata)
MALNEX010,MALNEX010,Mochila Nextep para Laptop NE-670X 15.6  pulgadas Mensajero 2 en 1 Negra  Color Gris /Negro tir,Mochila Nextep para Laptop NE-670X 15.6  pulgadas Mensajero 2 en 1 Negra  Color Gris /Negro tirantes ajustables y acolchados Bolsa Laterales peso 950 Gr 31.2cm x 8.5 cm x 40 cm 12 piezas por master,CT,m,359.3181818181818,359.32,18.43,538.98,538.98,718.64,503.05,431.18,laptops,./assets/img/catalog/laptops/MALNEX010.jpg,https://static.ctonline.mx/imagenes/MALNEX010/MALNEX010_400.jpg,48h Directa / 1 Año Fábrica,Pedro Moreno 501 A (Entrega Inmediata)
ACCHYU130,ACCHYU130,"Maletin Hyundai HTL14BAGG para Laptop 14.1 "" de poliester. Gris","Maletin Hyundai HTL14BAGG para Laptop 14.1 "" de poliester. Gris",HTL14BAGG,m,183.33333333333334,183.33,9.4,275.0,275.0,366.66,256.66,220.0,laptops,./assets/img/catalog/laptops/ACCHYU130.jpg,https://static.ctonline.mx/imagenes/ACCHYU130/ACCHYU130_400.jpg,48h Directa / 1 Año Fábrica,Pedro Moreno 501 A (Entrega Inmediata)
ACCHYU140,ACCHYU140,"Maletin Hyundai HTL14BAGPK para Laptop 14.1 "" de poliester. Rosa","Maletin Hyundai HTL14BAGPK para Laptop 14.1 "" de poliester. Rosa",HTL14BAGPK,m,183.33333333333334,183.33,9.4,275.0,275.0,366.66,256.66,220.0,laptops,./assets/img/catalog/laptops/ACCHYU140.jpg,https://static.ctonline.mx/imagenes/ACCHYU140/ACCHYU140_400.jpg,48h Directa / 1 Año Fábrica,Pedro Moreno 501 A (Entrega Inmediata)
ACCUBA010,ACCUBA010,Adaptador mini HDMI a HDMI: ADAPTADOR UB HDMI A MINI HDMINI-UB conectar mini HDMI macho para co,"Adaptador mini HDMI a HDMI: ADAPTADOR UB HDMI A MINI HDMINI-UB conectar mini HDMI macho para conectar tu cámara, laptop, videocámaras. Adaptador HDMI hembra a mini HDMI. Material: PVC + carcasa de aleación de aluminio.  Resolución max 4k a 60 Hz.",HDMI,m,68.54186666666668,68.54,3.51,102.81,102.81,137.08,95.96,82.25,laptops,./assets/img/catalog/laptops/ACCUBA010.jpg,https://static.ctonline.mx/imagenes/ACCUBA010/ACCUBA010_400.jpg,48h Directa / 1 Año Fábrica,Pedro Moreno 501 A (Entrega Inmediata)
ACCUBA080,ACCUBA080,Adaptador Mini TIPC-HDMI-UB Tipo USB-C a HDMI 4k@60Hz para equipos con conector USB-C 3.1 El ad,"Adaptador Mini TIPC-HDMI-UB Tipo USB-C a HDMI 4k@60Hz para equipos con conector USB-C 3.1 El adaptador te permite conectar tu dispositivo como laptop, tablet, teléfono celular y otros a una pantalla con entrada HDMI para una señal de hasta 4K@60Hz. Utiliza el conector tipo USB-C 3.1 para proyectar imágenes en una TV, monitor o proyector desde tu dispositivo sin necesidad de instalar ningún Software.",TIPC-HDMI-UB,m,105.88888888888889,105.89,5.43,158.84,158.84,211.78,148.25,127.07,laptops,./assets/img/catalog/laptops/ACCUBA080.jpg,https://static.ctonline.mx/imagenes/ACCUBA080/ACCUBA080_400.jpg,48h Directa / 1 Año Fábrica,Pedro Moreno 501 A (Entrega Inmediata)
ACCUBA100,ACCUBA100,Adaptador UB TIPO C A LIGTHNING ADAP-TIPC-UB. Se puede utilizar para cargar y transferir datos ,"Adaptador UB TIPO C A LIGTHNING ADAP-TIPC-UB. Se puede utilizar para cargar y transferir datos en dispositivos Android/IOS, tales como y no se limita a: teléfonos móviles, Tablets, Notebooks, ordenadores, entre otros dispositivos. No es recomendable para reproducir música o utilizar en proyectores.",TIPO,m,62.380799999999994,62.38,3.2,93.57,93.57,124.76,87.33,74.86,laptops,./assets/img/catalog/laptops/ACCUBA100.jpg,https://static.ctonline.mx/imagenes/ACCUBA100/ACCUBA100_400.jpg,48h Directa / 1 Año Fábrica,Pedro Moreno 501 A (Entrega Inmediata)
ACCUBA190,ACCUBA190,Adaptador Displayport a VGA URBAN BALANCE  UBDP-VGA Entrada: Displayport (Macho) Salida: VGA (h,"Adaptador Displayport a VGA URBAN BALANCE  UBDP-VGA Entrada: Displayport (Macho) Salida: VGA (hembra). Admite resoluciones de hasta 1920x1200 @60 Hz, 1080pFull HD, 720p.Material ABS.Compatible con computadoras equipadas con Displayport, PC, notebook, ultrabook, HP, Lenovo, Dell, ASUS.",VGA,m,72.22222222222221,72.22,3.7,108.33,108.33,144.44,101.11,86.66,laptops,./assets/img/catalog/laptops/ACCUBA190.jpg,https://static.ctonline.mx/imagenes/ACCUBA190/ACCUBA190_400.jpg,48h Directa / 1 Año Fábrica,Pedro Moreno 501 A (Entrega Inmediata)
ACCUBA180,ACCUBA180,Adaptador HDMI A Tipo C 2.0 URBAN BALANCE  HDMI-TIPC-UB  USB Tipo C a HDMI Adaptador USB tipo C,"Adaptador HDMI A Tipo C 2.0 URBAN BALANCE  HDMI-TIPC-UB  USB Tipo C a HDMI Adaptador USB tipo C USB 3.1 C macho a HDMI multipuerto para MacBook, Surface Pro 4, Google New Chromebook Pixel , Surface Go etc. El adaptador HDMI USB-C te permite conectar tu MacBook con puerto USB-C a cualquier visualización o proyector HDMI.",HDMI,m,192.92222222222222,192.92,9.89,289.38,289.38,385.84,270.09,231.5,laptops,./assets/img/catalog/laptops/ACCUBA180.jpg,https://static.ctonline.mx/imagenes/ACCUBA180/ACCUBA180_400.jpg,48h Directa / 1 Año Fábrica,Pedro Moreno 501 A (Entrega Inmediata)
BOCHPC010,BOCHPC010,"Bocinas HP DHE-6000 Sistema requerido: 3.5mm audio jack. Compatibilidad: PC, laptop, y otros di","Bocinas HP DHE-6000 Sistema requerido: 3.5mm audio jack. Compatibilidad: PC, laptop, y otros dispositivos con entrada 3.5mm. Incluye luz LED, control de volumen",DHE-6000,m,300.0,300.0,15.38,450.0,450.0,600.0,420.0,360.0,laptops,./assets/img/catalog/laptops/BOCHPC010.jpg,https://static.ctonline.mx/imagenes/BOCHPC010/BOCHPC010_400.jpg,48h Directa / 1 Año Fábrica,Pedro Moreno 501 A (Entrega Inmediata)
ACCTRL2770,ACCTRL2770,"Gabinete Estación de Carga de CA para 16 Dispositivos Chromebooks y Laptops, Marca: TRIPP-LITE,","Gabinete Estación de Carga de CA para 16 Dispositivos Chromebooks y Laptops, Marca: TRIPP-LITE, CSC16ACW Opciones para Instalación en Pared y Carro, Blanco",CT,m,10756.749615463918,10756.75,551.63,16135.12,16135.12,21513.5,15059.45,12908.1,laptops,./assets/img/catalog/laptops/ACCTRL2770.jpg,https://static.ctonline.mx/imagenes/ACCTRL2770/ACCTRL2770_400.jpg,48h Directa / 1 Año Fábrica,Pedro Moreno 501 A (Entrega Inmediata)
ACCTRL2790,ACCTRL2790,"Estación Móvil de Carga de CA para 32 Dispositivos Chromebooks y Laptops, Marca: TRIPP-LITE, CS","Estación Móvil de Carga de CA para 32 Dispositivos Chromebooks y Laptops, Marca: TRIPP-LITE, CSC32AC Opción para Instalación en Pared, en Color Negro",CT,m,17805.00167010309,17805.0,913.08,26707.5,26707.5,35610.0,24927.0,21366.0,laptops,./assets/img/catalog/laptops/ACCTRL2790.jpg,https://static.ctonline.mx/imagenes/ACCTRL2790/ACCTRL2790_400.jpg,48h Directa / 1 Año Fábrica,Pedro Moreno 501 A (Entrega Inmediata)
ACCTRL5350,ACCTRL5350,"Carro de Carga Móvil, Tripp Lite, Modelo CSC36AC, Carga, asegura y organiza hasta 36 Chromebook","Carro de Carga Móvil, Tripp Lite, Modelo CSC36AC, Carga, asegura y organiza hasta 36 Chromebooks y laptops en entornos educacionales, sanitarios, retail, almacenes y oficinas. 36 tomacorrientes internos NEMA 5-15R proporcionan hasta 1,440 watts en total para carga. Un temporizador alterna cada hora las zonas de carga para ayudar a evitar sobrecargas. El conector RJ45 dentro del gabinete conecta periféricos Ethernet, incluyendo ruteadores y puntos de acceso. Los tomacorrientes externos dobles NEMA 5-15R proporcionan alimentación para un monitor o proyector. El cable de 3 m [10 pies] con clavija NEMA 5-15P confiere flexibilidad para acceder a las tomas de CA.",CT,m,16398.36535677053,16398.37,840.94,24597.56,24597.56,32796.74,22957.72,19678.04,laptops,./assets/img/catalog/laptops/ACCTRL5350.jpg,https://static.ctonline.mx/imagenes/ACCTRL5350/ACCTRL5350_400.jpg,48h Directa / 1 Año Fábrica,Pedro Moreno 501 A (Entrega Inmediata)
