sku,nombre,descripcion_completa,categoria_ct,marca,costo_base,precio_mxn,precio_original,img,brand_logo,ficha_url,local_img,costo_proveedor_mxn,precio,precio_mayoreo_10pzs,margen_aplicado,img_local,img_cdn,categoria_clasificada
MEMKGN2870,Memoria KINGSTON 8GB 3200MHz DDR4 CL16 DIMM FURY Beast KF432C16BB/8 Negra,Memoria KINGSTON 8GB 3200MHz DDR4 CL16 DIMM FURY Beast KF432C16BB/8 Negra,COMPONENTES DE ENSAMBLE,KINGSTON,69.56,1831.05,2170.13,assets/img/catalog/MEMKGN2870.jpg,https://static.ctonline.mx/marcas/png/KINGSTON.png,https://ctonline.mx/buscar/productos?b=MEMKGN2870,assets/img/catalog/MEMKGN2870.jpg,1356.33,1831.05,1627.6,35%,assets/img/catalog/MEMKGN2870.jpg,https://static.ctonline.mx/imagenes/MEMKGN2870/MEMKGN2870_400.jpg,memorias_ram
MEMKGN2910,Memoria KINGSTON 16GB 3200MHz DDR4 CL16 DIMM 1Gx8 FURY Beast KF432C16BB1/16 Negra,Memoria KINGSTON 16GB 3200MHz DDR4 CL16 DIMM 1Gx8 FURY Beast KF432C16BB1/16 Negra,COMPONENTES DE ENSAMBLE,KINGSTON,134.24,3533.98,4188.42,assets/img/catalog/MEMKGN2910.jpg,https://static.ctonline.mx/marcas/png/KINGSTON.png,https://ctonline.mx/buscar/productos?b=MEMKGN2910,assets/img/catalog/MEMKGN2910.jpg,2617.76,3533.98,3141.31,35%,assets/img/catalog/MEMKGN2910.jpg,https://static.ctonline.mx/imagenes/MEMKGN2910/MEMKGN2910_400.jpg,memorias_ram
MEMKGN3750,Memoria KINGSTON 16GB 3200MT/s DDR4 CL16 DIMM FURY Beast KF432C16BB/16 Negra,Memoria KINGSTON 16GB 3200MT/s DDR4 CL16 DIMM FURY Beast KF432C16BB/16 Negra,COMPONENTES DE ENSAMBLE,KINGSTON,129.76,3415.82,4048.38,assets/img/catalog/MEMKGN3750.jpg,https://static.ctonline.mx/marcas/png/KINGSTON.png,https://ctonline.mx/buscar/productos?b=MEMKGN3750,assets/img/catalog/MEMKGN3750.jpg,2530.24,3415.82,3036.29,35%,assets/img/catalog/MEMKGN3750.jpg,https://static.ctonline.mx/imagenes/MEMKGN3750/MEMKGN3750_400.jpg,memorias_ram
MEMKGN3250,Memoria KINGSTON 32GB 3200MHz DDR4 CL16 DIMM FURY Beast KF432C16BB/32 Negra,Memoria KINGSTON 32GB 3200MHz DDR4 CL16 DIMM FURY Beast KF432C16BB/32 Negra,COMPONENTES DE ENSAMBLE,KINGSTON,227.78,5996.25,7106.67,assets/img/catalog/MEMKGN3250.jpg,https://static.ctonline.mx/marcas/png/KINGSTON.png,https://ctonline.mx/buscar/productos?b=MEMKGN3250,assets/img/catalog/MEMKGN3250.jpg,4441.67,5996.25,5330.0,35%,assets/img/catalog/MEMKGN3250.jpg,https://static.ctonline.mx/imagenes/MEMKGN3250/MEMKGN3250_400.jpg,memorias_ram
MEMKGN4390,Memoria KINGSTON 8GB 3200MT/s DDR4 CL16 DIMM FURY Beast RGB KF432C16BB2A/8,Memoria KINGSTON 8GB 3200MT/s DDR4 CL16 DIMM FURY Beast RGB KF432C16BB2A/8,COMPONENTES DE ENSAMBLE,KINGSTON,98.0,2579.85,3057.6,assets/img/catalog/MEMKGN4390.jpg,https://static.ctonline.mx/marcas/png/KINGSTON.png,https://ctonline.mx/buscar/productos?b=MEMKGN4390,assets/img/catalog/MEMKGN4390.jpg,1911.0,2579.85,2293.2,35%,assets/img/catalog/MEMKGN4390.jpg,https://static.ctonline.mx/imagenes/MEMKGN4390/MEMKGN4390_400.jpg,memorias_ram
MEMKGN4400,Memoria KINGSTON 16GB 3200MT/s DDR4 CL16 DIMM FURY Beast RGB KF432C16BB2A/16,Memoria KINGSTON 16GB 3200MT/s DDR4 CL16 DIMM FURY Beast RGB KF432C16BB2A/16,COMPONENTES DE ENSAMBLE,KINGSTON,134.75,3547.3,4204.21,assets/img/catalog/MEMKGN4400.jpg,https://static.ctonline.mx/marcas/png/KINGSTON.png,https://ctonline.mx/buscar/productos?b=MEMKGN4400,assets/img/catalog/MEMKGN4400.jpg,2627.63,3547.3,3153.16,35%,assets/img/catalog/MEMKGN4400.jpg,https://static.ctonline.mx/imagenes/MEMKGN4400/MEMKGN4400_400.jpg,memorias_ram
MEMKGN5950,Memoria KINGSTON 16GB (2X8) 3200MT/s DDR4 CL16 DIMM FURY Beast RGB KF432C16BB2AK2/16  Kit of 2,Memoria KINGSTON 16GB (2X8) 3200MT/s DDR4 CL16 DIMM FURY Beast RGB KF432C16BB2AK2/16  Kit of 2,COMPONENTES DE ENSAMBLE,KINGSTON,166.4,4380.48,5191.68,assets/img/catalog/MEMKGN5950.jpg,https://static.ctonline.mx/marcas/png/KINGSTON.png,https://ctonline.mx/buscar/productos?b=MEMKGN5950,assets/img/catalog/MEMKGN5950.jpg,3244.8,4380.48,3893.76,35%,assets/img/catalog/MEMKGN5950.jpg,https://static.ctonline.mx/imagenes/MEMKGN5950/MEMKGN5950_400.jpg,memorias_ram
MEMKGN4760,Memoria KINGSTON 16GB 3200MHz DDR4 CL16 DIMM 1Gx8 FURY Beast RGB KF432C16BB12A/16,Memoria KINGSTON 16GB 3200MHz DDR4 CL16 DIMM 1Gx8 FURY Beast RGB KF432C16BB12A/16,COMPONENTES DE ENSAMBLE,KINGSTON,134.75,3547.3,4204.21,assets/img/catalog/MEMKGN4760.jpg,https://static.ctonline.mx/marcas/png/KINGSTON.png,https://ctonline.mx/buscar/productos?b=MEMKGN4760,assets/img/catalog/MEMKGN4760.jpg,2627.63,3547.3,3153.16,35%,assets/img/catalog/MEMKGN4760.jpg,https://static.ctonline.mx/imagenes/MEMKGN4760/MEMKGN4760_400.jpg,memorias_ram
MEMKGN4420,Memoria KINGSTON 32GB 3200MT/s DDR4 CL16 DIMM FURY Beast RGB KF432C16BB2A/32,Memoria KINGSTON 32GB 3200MT/s DDR4 CL16 DIMM FURY Beast RGB KF432C16BB2A/32,COMPONENTES DE ENSAMBLE,KINGSTON,261.25,6877.4,8150.99,assets/img/catalog/MEMKGN4420.jpg,https://static.ctonline.mx/marcas/png/KINGSTON.png,https://ctonline.mx/buscar/productos?b=MEMKGN4420,assets/img/catalog/MEMKGN4420.jpg,5094.37,6877.4,6113.24,35%,assets/img/catalog/MEMKGN4420.jpg,https://static.ctonline.mx/imagenes/MEMKGN4420/MEMKGN4420_400.jpg,memorias_ram
MEMKGN5140,Memoria Kingston 16GB 3200MT/s DDR4 Non-ECC CL22 DIMM 2Rx8 KVR32N22D8/16,Memoria Kingston 16GB 3200MT/s DDR4 Non-ECC CL22 DIMM 2Rx8 KVR32N22D8/16,COMPONENTES DE ENSAMBLE,KINGSTON,127.34,3352.09,3972.85,assets/img/catalog/MEMKGN5140.jpg,https://static.ctonline.mx/marcas/png/KINGSTON.png,https://ctonline.mx/buscar/productos?b=MEMKGN5140,assets/img/catalog/MEMKGN5140.jpg,2483.03,3352.09,2979.64,35%,assets/img/catalog/MEMKGN5140.jpg,https://static.ctonline.mx/imagenes/MEMKGN5140/MEMKGN5140_400.jpg,memorias_ram
MEMKGN3060,Memoria KINGSTON 8GB (1x8GB) DDR4 3600MT/s CL17 FURY Beast  KF436C17BB/8 Negra,Memoria KINGSTON 8GB (1x8GB) DDR4 3600MT/s CL17 FURY Beast  KF436C17BB/8 Negra,COMPONENTES DE ENSAMBLE,KINGSTON,77.0,2027.03,2402.4,assets/img/catalog/MEMKGN3060.jpg,https://static.ctonline.mx/marcas/png/KINGSTON.png,https://ctonline.mx/buscar/productos?b=MEMKGN3060,assets/img/catalog/MEMKGN3060.jpg,1501.5,2027.03,1801.8,35%,assets/img/catalog/MEMKGN3060.jpg,https://static.ctonline.mx/imagenes/MEMKGN3060/MEMKGN3060_400.jpg,memorias_ram
MEMKGN2920,Memoria KINGSTON 16GB 3600MHz DDR4 CL18 DIMM FURY Beast KF436C18BB/16 Negra,Memoria KINGSTON 16GB 3600MHz DDR4 CL18 DIMM FURY Beast KF436C18BB/16 Negra,COMPONENTES DE ENSAMBLE,KINGSTON,142.5,3751.31,4446.0,assets/img/catalog/MEMKGN2920.jpg,https://static.ctonline.mx/marcas/png/KINGSTON.png,https://ctonline.mx/buscar/productos?b=MEMKGN2920,assets/img/catalog/MEMKGN2920.jpg,2778.75,3751.31,3334.5,35%,assets/img/catalog/MEMKGN2920.jpg,https://static.ctonline.mx/imagenes/MEMKGN2920/MEMKGN2920_400.jpg,memorias_ram
MEMKGN3380,Memoria KINGSTON 32GB 3600MHz DDR4 CL18 DIMM FURY Beast KF436C18BB/32 Negra,Memoria KINGSTON 32GB 3600MHz DDR4 CL18 DIMM FURY Beast KF436C18BB/32 Negra,COMPONENTES DE ENSAMBLE,KINGSTON,142.5,3751.31,4446.0,assets/img/catalog/MEMKGN3380.jpg,https://static.ctonline.mx/marcas/png/KINGSTON.png,https://ctonline.mx/buscar/productos?b=MEMKGN3380,assets/img/catalog/MEMKGN3380.jpg,2778.75,3751.31,3334.5,35%,assets/img/catalog/MEMKGN3380.jpg,https://static.ctonline.mx/imagenes/MEMKGN3380/MEMKGN3380_400.jpg,memorias_ram
MEMKGN4430,Memoria KINGSTON 8GB 3600MT/s DDR4 CL17 DIMM FURY Beast RGB KF436C17BB2A/8,Memoria KINGSTON 8GB 3600MT/s DDR4 CL17 DIMM FURY Beast RGB KF436C17BB2A/8,COMPONENTES DE ENSAMBLE,KINGSTON,82.25,2165.22,2566.19,assets/img/catalog/MEMKGN4430.jpg,https://static.ctonline.mx/marcas/png/KINGSTON.png,https://ctonline.mx/buscar/productos?b=MEMKGN4430,assets/img/catalog/MEMKGN4430.jpg,1603.87,2165.22,1924.64,35%,assets/img/catalog/MEMKGN4430.jpg,https://static.ctonline.mx/imagenes/MEMKGN4430/MEMKGN4430_400.jpg,memorias_ram
MEMKGN4440,Memoria KINGSTON 16GB 3600MT/s DDR4 CL18 DIMM FURY Beast RGB KF436C18BB2A/16,Memoria KINGSTON 16GB 3600MT/s DDR4 CL18 DIMM FURY Beast RGB KF436C18BB2A/16,COMPONENTES DE ENSAMBLE,KINGSTON,147.5,3882.94,4602.0,assets/img/catalog/MEMKGN4440.jpg,https://static.ctonline.mx/marcas/png/KINGSTON.png,https://ctonline.mx/buscar/productos?b=MEMKGN4440,assets/img/catalog/MEMKGN4440.jpg,2876.25,3882.94,3451.5,35%,assets/img/catalog/MEMKGN4440.jpg,https://static.ctonline.mx/imagenes/MEMKGN4440/MEMKGN4440_400.jpg,memorias_ram
MEMKGN5570,Memoria KINGSTON 16GB 6000MT/s DDR5 CL30 DIMM FURY Beast KF560C30BBE-16,Memoria KINGSTON 16GB 6000MT/s DDR5 CL30 DIMM FURY Beast KF560C30BBE-16,COMPONENTES DE ENSAMBLE,KINGSTON,190.75,5021.5,5951.41,assets/img/catalog/MEMKGN5570.jpg,https://static.ctonline.mx/marcas/png/KINGSTON.png,https://ctonline.mx/buscar/productos?b=MEMKGN5570,assets/img/catalog/MEMKGN5570.jpg,3719.63,5021.5,4463.56,35%,assets/img/catalog/MEMKGN5570.jpg,https://static.ctonline.mx/imagenes/MEMKGN5570/MEMKGN5570_400.jpg,memorias_ram
MEMKGN5580,Memoria KINGSTON 32GB 6000MT/s DDR5 CL30 DIMM FURY Beast KF560C30BBE-32,Memoria KINGSTON 32GB 6000MT/s DDR5 CL30 DIMM FURY Beast KF560C30BBE-32,COMPONENTES DE ENSAMBLE,KINGSTON,426.67,11232.0,13312.0,assets/img/catalog/MEMKGN5580.jpg,https://static.ctonline.mx/marcas/png/KINGSTON.png,https://ctonline.mx/buscar/productos?b=MEMKGN5580,assets/img/catalog/MEMKGN5580.jpg,8320.0,11232.0,9984.0,35%,assets/img/catalog/MEMKGN5580.jpg,https://static.ctonline.mx/imagenes/MEMKGN5580/MEMKGN5580_400.jpg,memorias_ram
MEMKGN5590,Memoria KINGSTON 16GB 6000MT/s DDR5 CL30 DIMM FURY Beast RGB KF560C30BBEA-16,Memoria KINGSTON 16GB 6000MT/s DDR5 CL30 DIMM FURY Beast RGB KF560C30BBEA-16,COMPONENTES DE ENSAMBLE,KINGSTON,221.22,5823.67,6902.13,assets/img/catalog/MEMKGN5590.jpg,https://static.ctonline.mx/marcas/png/KINGSTON.png,https://ctonline.mx/buscar/productos?b=MEMKGN5590,assets/img/catalog/MEMKGN5590.jpg,4313.83,5823.67,5176.6,35%,assets/img/catalog/MEMKGN5590.jpg,https://static.ctonline.mx/imagenes/MEMKGN5590/MEMKGN5590_400.jpg,memorias_ram
MEMKGN3420,Memoria KINGSTON 16GB 5200MHz DDR5 CL40 DIMM FURY Beast KF552C40BB-16  Negra,Memoria KINGSTON 16GB 5200MHz DDR5 CL40 DIMM FURY Beast KF552C40BB-16  Negra,COMPONENTES DE ENSAMBLE,KINGSTON,208.66,5492.85,6510.05,assets/img/catalog/MEMKGN3420.jpg,https://static.ctonline.mx/marcas/png/KINGSTON.png,https://ctonline.mx/buscar/productos?b=MEMKGN3420,assets/img/catalog/MEMKGN3420.jpg,4068.78,5492.85,4882.54,35%,assets/img/catalog/MEMKGN3420.jpg,https://static.ctonline.mx/imagenes/MEMKGN3420/MEMKGN3420_400.jpg,memorias_ram
MEMKGN4970,Memoria KINGSTON 32GB 5200MHz DDR5 CL40 DIMM FURY Beast KF552C40BB-32 Negra,Memoria KINGSTON 32GB 5200MHz DDR5 CL40 DIMM FURY Beast KF552C40BB-32 Negra,COMPONENTES DE ENSAMBLE,KINGSTON,411.78,10840.05,12847.47,assets/img/catalog/MEMKGN4970.jpg,https://static.ctonline.mx/marcas/png/KINGSTON.png,https://ctonline.mx/buscar/productos?b=MEMKGN4970,assets/img/catalog/MEMKGN4970.jpg,8029.67,10840.05,9635.6,35%,assets/img/catalog/MEMKGN4970.jpg,https://static.ctonline.mx/imagenes/MEMKGN4970/MEMKGN4970_400.jpg,memorias_ram
MEMKGN5080,Memoria KINGSTON 16GB 5200MT/s DDR5 CL40 DIMM FURY Beast RGB KF552C40BBA-16,Memoria KINGSTON 16GB 5200MT/s DDR5 CL40 DIMM FURY Beast RGB KF552C40BBA-16,COMPONENTES DE ENSAMBLE,KINGSTON,212.94,5605.77,6643.87,assets/img/catalog/MEMKGN5080.jpg,https://static.ctonline.mx/marcas/png/KINGSTON.png,https://ctonline.mx/buscar/productos?b=MEMKGN5080,assets/img/catalog/MEMKGN5080.jpg,4152.42,5605.77,4982.9,35%,assets/img/catalog/MEMKGN5080.jpg,https://static.ctonline.mx/imagenes/MEMKGN5080/MEMKGN5080_400.jpg,memorias_ram
MEMKGN4580,Memoria KINGSTON 128GB 5200MT/s DDR5 CL40 DIMM (Kit of 4) FURY Beast Black XMP KF552C40BBK4-128,Memoria KINGSTON 128GB 5200MT/s DDR5 CL40 DIMM (Kit of 4) FURY Beast Black XMP KF552C40BBK4-128,COMPONENTES DE ENSAMBLE,KINGSTON,1436.0,37802.7,44803.2,assets/img/catalog/MEMKGN4580.jpg,https://static.ctonline.mx/marcas/png/KINGSTON.png,https://ctonline.mx/buscar/productos?b=MEMKGN4580,assets/img/catalog/MEMKGN4580.jpg,28002.0,37802.7,33602.4,35%,assets/img/catalog/MEMKGN4580.jpg,https://static.ctonline.mx/imagenes/MEMKGN4580/MEMKGN4580_400.jpg,memorias_ram
MEMKGN3440,Memoria KINGSTON 16GB 5600MHz DDR5 CL40 DIMM FURY Beast KF556C40BB-16 Negra,Memoria KINGSTON 16GB 5600MHz DDR5 CL40 DIMM FURY Beast KF556C40BB-16 Negra,COMPONENTES DE ENSAMBLE,KINGSTON,208.66,5492.85,6510.05,assets/img/catalog/MEMKGN3440.jpg,https://static.ctonline.mx/marcas/png/KINGSTON.png,https://ctonline.mx/buscar/productos?b=MEMKGN3440,assets/img/catalog/MEMKGN3440.jpg,4068.78,5492.85,4882.54,35%,assets/img/catalog/MEMKGN3440.jpg,https://static.ctonline.mx/imagenes/MEMKGN3440/MEMKGN3440_400.jpg,memorias_ram
MEMKGN3770,Memoria KINGSTON 32GB 5600MHz DDR5 CL40 DIMM FURY Beast KF556C40BB-32 Negra,Memoria KINGSTON 32GB 5600MHz DDR5 CL40 DIMM FURY Beast KF556C40BB-32 Negra,COMPONENTES DE ENSAMBLE,KINGSTON,407.25,10720.93,12706.29,assets/img/catalog/MEMKGN3770.jpg,https://static.ctonline.mx/marcas/png/KINGSTON.png,https://ctonline.mx/buscar/productos?b=MEMKGN3770,assets/img/catalog/MEMKGN3770.jpg,7941.43,10720.93,9529.72,35%,assets/img/catalog/MEMKGN3770.jpg,https://static.ctonline.mx/imagenes/MEMKGN3770/MEMKGN3770_400.jpg,memorias_ram
MEMKGN4100,Memoria KINGSTON 16GB 5600MT/s DDR5 CL36 DIMM (Kit of 2) FURY Beast KF556C36BBEK2-16 Negra,Memoria KINGSTON 16GB 5600MT/s DDR5 CL36 DIMM (Kit of 2) FURY Beast KF556C36BBEK2-16 Negra,COMPONENTES DE ENSAMBLE,KINGSTON,232.06,6108.86,7240.13,assets/img/catalog/MEMKGN4100.jpg,https://static.ctonline.mx/marcas/png/KINGSTON.png,https://ctonline.mx/buscar/productos?b=MEMKGN4100,assets/img/catalog/MEMKGN4100.jpg,4525.08,6108.86,5430.1,35%,assets/img/catalog/MEMKGN4100.jpg,https://static.ctonline.mx/imagenes/MEMKGN4100/MEMKGN4100_400.jpg,memorias_ram
MEMKGN4110,Memoria KINGSTON 32GB 5600MT/s DDR5 CL36 DIMM (Kit of 2) FURY Beast KF556C36BBEK2-32 Negra,Memoria KINGSTON 32GB 5600MT/s DDR5 CL36 DIMM (Kit of 2) FURY Beast KF556C36BBEK2-32 Negra,COMPONENTES DE ENSAMBLE,KINGSTON,364.5,9595.46,11372.4,assets/img/catalog/MEMKGN4110.jpg,https://static.ctonline.mx/marcas/png/KINGSTON.png,https://ctonline.mx/buscar/productos?b=MEMKGN4110,assets/img/catalog/MEMKGN4110.jpg,7107.75,9595.46,8529.3,35%,assets/img/catalog/MEMKGN4110.jpg,https://static.ctonline.mx/imagenes/MEMKGN4110/MEMKGN4110_400.jpg,memorias_ram
MEMKGN5600,Memoria Kingston 8GB 5600MTS DDR5 Non-ECC CL46 DIMM 1RX16 KVR56U46BS6-8,Memoria Kingston 8GB 5600MTS DDR5 Non-ECC CL46 DIMM 1RX16 KVR56U46BS6-8,COMPONENTES DE ENSAMBLE,KINGSTON,101.25,2665.4,3158.99,assets/img/catalog/MEMKGN5600.jpg,https://static.ctonline.mx/marcas/png/KINGSTON.png,https://ctonline.mx/buscar/productos?b=MEMKGN5600,assets/img/catalog/MEMKGN5600.jpg,1974.37,2665.4,2369.24,35%,assets/img/catalog/MEMKGN5600.jpg,https://static.ctonline.mx/imagenes/MEMKGN5600/MEMKGN5600_400.jpg,memorias_ram
MEMKGN5610,Memoria Kingston 16GB 5600MTS DDR5 Non-ECC CL46 DIMM 1RX8 KVR56U46BS8-16,Memoria Kingston 16GB 5600MTS DDR5 Non-ECC CL46 DIMM 1RX8 KVR56U46BS8-16,COMPONENTES DE ENSAMBLE,KINGSTON,216.17,5690.59,6744.4,assets/img/catalog/MEMKGN5610.jpg,https://static.ctonline.mx/marcas/png/KINGSTON.png,https://ctonline.mx/buscar/productos?b=MEMKGN5610,assets/img/catalog/MEMKGN5610.jpg,4215.25,5690.59,5058.3,35%,assets/img/catalog/MEMKGN5610.jpg,https://static.ctonline.mx/imagenes/MEMKGN5610/MEMKGN5610_400.jpg,memorias_ram
MEMKGN2670,Memoria Kingston 4GB 1600MHz DDR3 Non-ECC CL11 DIMM 1Rx8 (Select Regions ONLY) KVR16N11S8/4WP,Memoria Kingston 4GB 1600MHz DDR3 Non-ECC CL11 DIMM 1Rx8 (Select Regions ONLY) KVR16N11S8/4WP,COMPONENTES DE ENSAMBLE,KINGSTON,22.22,585.0,693.33,assets/img/catalog/MEMKGN2670.jpg,https://static.ctonline.mx/marcas/png/KINGSTON.png,https://ctonline.mx/buscar/productos?b=MEMKGN2670,assets/img/catalog/MEMKGN2670.jpg,433.33,585.0,520.0,35%,assets/img/catalog/MEMKGN2670.jpg,https://static.ctonline.mx/imagenes/MEMKGN2670/MEMKGN2670_400.jpg,memorias_ram
MEMKGN2690,Memoria Kingston 8GB 1600MHz DDR3 Non-ECC CL11 DIMM (Select Regions ONLY) KVR16N11/8WP,Memoria Kingston 8GB 1600MHz DDR3 Non-ECC CL11 DIMM (Select Regions ONLY) KVR16N11/8WP,COMPONENTES DE ENSAMBLE,KINGSTON,55.56,1462.5,1733.33,https://static.ctonline.mx/imagenes/MEMKGN2690/MEMKGN2690_400.jpg,https://static.ctonline.mx/marcas/png/KINGSTON.png,https://ctonline.mx/buscar/productos?b=MEMKGN2690,https://static.ctonline.mx/imagenes/MEMKGN2690/MEMKGN2690_400.jpg,1083.33,1462.5,1300.0,35%,assets/img/catalog/MEMKGN2690.jpg,https://static.ctonline.mx/imagenes/MEMKGN2690/MEMKGN2690_400.jpg,memorias_ram
MEMKGN5150,Memoria Kingston 8GB 1600MT/s DDR3L Non-ECC CL11 DIMM 1.35V(Select Regions ONLY) KVR16LN11/8WP,Memoria Kingston 8GB 1600MT/s DDR3L Non-ECC CL11 DIMM 1.35V(Select Regions ONLY) KVR16LN11/8WP,COMPONENTES DE ENSAMBLE,KINGSTON,69.5,1829.59,2168.4,https://static.ctonline.mx/imagenes/MEMKGN5150/MEMKGN5150_400.jpg,https://static.ctonline.mx/marcas/png/KINGSTON.png,https://ctonline.mx/buscar/productos?b=MEMKGN5150,https://static.ctonline.mx/imagenes/MEMKGN5150/MEMKGN5150_400.jpg,1355.25,1829.59,1626.3,35%,assets/img/catalog/MEMKGN5150.jpg,https://static.ctonline.mx/imagenes/MEMKGN5150/MEMKGN5150_400.jpg,memorias_ram
MEMKGN5060,Memoria Kingston 8GB 1600MT/s DDR3 Non-ECC CL11 SODIMM 2Rx8 KVR16S11/8WP,Memoria Kingston 8GB 1600MT/s DDR3 Non-ECC CL11 SODIMM 2Rx8 KVR16S11/8WP,COMPONENTES DE ENSAMBLE,KINGSTON,69.5,1829.59,2168.4,assets/img/catalog/MEMKGN5060.jpg,https://static.ctonline.mx/marcas/png/KINGSTON.png,https://ctonline.mx/buscar/productos?b=MEMKGN5060,assets/img/catalog/MEMKGN5060.jpg,1355.25,1829.59,1626.3,35%,assets/img/catalog/MEMKGN5060.jpg,https://static.ctonline.mx/imagenes/MEMKGN5060/MEMKGN5060_400.jpg,memorias_ram
MEMKGN3590,Memoria Kingston 8GB 3200MT/s DDR4 Non-ECC CL22 DIMM 1Rx16 KVR32N22S6/8,Memoria Kingston 8GB 3200MT/s DDR4 Non-ECC CL22 DIMM 1Rx16 KVR32N22S6/8,COMPONENTES DE ENSAMBLE,KINGSTON,71.22,1874.92,2222.13,https://static.ctonline.mx/imagenes/MEMKGN3590/MEMKGN3590_400.jpg,https://static.ctonline.mx/marcas/png/KINGSTON.png,https://ctonline.mx/buscar/productos?b=MEMKGN3590,https://static.ctonline.mx/imagenes/MEMKGN3590/MEMKGN3590_400.jpg,1388.83,1874.92,1666.6,35%,assets/img/catalog/MEMKGN3590.jpg,https://static.ctonline.mx/imagenes/MEMKGN3590/MEMKGN3590_400.jpg,memorias_ram
MEMKGN5070,Memoria Kingston 8GB 3200MT/s DDR4 Non-ECC CL22 DIMM 1Rx8 KVR32N22S8/8,Memoria Kingston 8GB 3200MT/s DDR4 Non-ECC CL22 DIMM 1Rx8 KVR32N22S8/8,COMPONENTES DE ENSAMBLE,KINGSTON,55.56,1462.5,1733.33,https://static.ctonline.mx/imagenes/MEMKGN5070/MEMKGN5070_400.jpg,https://static.ctonline.mx/marcas/png/KINGSTON.png,https://ctonline.mx/buscar/productos?b=MEMKGN5070,https://static.ctonline.mx/imagenes/MEMKGN5070/MEMKGN5070_400.jpg,1083.33,1462.5,1300.0,35%,assets/img/catalog/MEMKGN5070.jpg,https://static.ctonline.mx/imagenes/MEMKGN5070/MEMKGN5070_400.jpg,memorias_ram
MEMKGN3470,Memoria Kingston 16GB 3200MHz DDR4 Non-ECC CL22 DIMM 1Rx8 KVR32N22S8/16,Memoria Kingston 16GB 3200MHz DDR4 Non-ECC CL22 DIMM 1Rx8 KVR32N22S8/16,COMPONENTES DE ENSAMBLE,KINGSTON,183.54,4831.81,5726.59,https://static.ctonline.mx/imagenes/MEMKGN3470/MEMKGN3470_400.jpg,https://static.ctonline.mx/marcas/png/KINGSTON.png,https://ctonline.mx/buscar/productos?b=MEMKGN3470,https://static.ctonline.mx/imagenes/MEMKGN3470/MEMKGN3470_400.jpg,3579.12,4831.81,4294.94,35%,assets/img/catalog/MEMKGN3470.jpg,https://static.ctonline.mx/imagenes/MEMKGN3470/MEMKGN3470_400.jpg,memorias_ram
MEMKGN4090,Memoria Kingston 16GB 3200MT/s DDR4 Non-ECC CL22 SODIMM 2RX8 KVR32S22D8/16,Memoria Kingston 16GB 3200MT/s DDR4 Non-ECC CL22 SODIMM 2RX8 KVR32S22D8/16,COMPONENTES DE ENSAMBLE,KINGSTON,127.34,3352.09,3972.85,assets/img/catalog/MEMKGN4090.jpg,https://static.ctonline.mx/marcas/png/KINGSTON.png,https://ctonline.mx/buscar/productos?b=MEMKGN4090,assets/img/catalog/MEMKGN4090.jpg,2483.03,3352.09,2979.64,35%,assets/img/catalog/MEMKGN4090.jpg,https://static.ctonline.mx/imagenes/MEMKGN4090/MEMKGN4090_400.jpg,memorias_ram
MEMKGN3290,Memoria Kingston 16GB 3200MT/s DDR4 Non-ECC CL22 SODIMM 1RX8 KVR32S22S8/16,Memoria Kingston 16GB 3200MT/s DDR4 Non-ECC CL22 SODIMM 1RX8 KVR32S22S8/16,COMPONENTES DE ENSAMBLE,KINGSTON,127.34,3352.09,3972.85,assets/img/catalog/MEMKGN3290.jpg,https://static.ctonline.mx/marcas/png/KINGSTON.png,https://ctonline.mx/buscar/productos?b=MEMKGN3290,assets/img/catalog/MEMKGN3290.jpg,2483.03,3352.09,2979.64,35%,assets/img/catalog/MEMKGN3290.jpg,https://static.ctonline.mx/imagenes/MEMKGN3290/MEMKGN3290_400.jpg,memorias_ram
MEMKGN4990,Memoria Kingston 8GB 3200MT/s DDR4 Non-ECC CL22 SODIMM 1RX8 KVR32S22S8/8,Memoria Kingston 8GB 3200MT/s DDR4 Non-ECC CL22 SODIMM 1RX8 KVR32S22S8/8,COMPONENTES DE ENSAMBLE,KINGSTON,90.49,2382.26,2823.42,assets/img/catalog/MEMKGN4990.jpg,https://static.ctonline.mx/marcas/png/KINGSTON.png,https://ctonline.mx/buscar/productos?b=MEMKGN4990,assets/img/catalog/MEMKGN4990.jpg,1764.64,2382.26,2117.57,35%,assets/img/catalog/MEMKGN4990.jpg,https://static.ctonline.mx/imagenes/MEMKGN4990/MEMKGN4990_400.jpg,memorias_ram
MEMKGN4850,Memoria Kingston 32GB 5600MTS DDR5 Non-ECC CL46 SODIMM 2RX8 KVR56S46BD8-32,Memoria Kingston 32GB 5600MTS DDR5 Non-ECC CL46 SODIMM 2RX8 KVR56S46BD8-32,COMPONENTES DE ENSAMBLE,KINGSTON,410.77,10813.43,12815.92,https://static.ctonline.mx/imagenes/MEMKGN4850/MEMKGN4850_400.jpg,https://static.ctonline.mx/marcas/png/KINGSTON.png,https://ctonline.mx/buscar/productos?b=MEMKGN4850,https://static.ctonline.mx/imagenes/MEMKGN4850/MEMKGN4850_400.jpg,8009.95,10813.43,9611.94,35%,assets/img/catalog/MEMKGN4850.jpg,https://static.ctonline.mx/imagenes/MEMKGN4850/MEMKGN4850_400.jpg,memorias_ram
MEMKGN3080,Memoria KINGSTON 8GB 3200MHz DDR4 CL20 SODIMM FURY Impact KF432S20IB/8,Memoria KINGSTON 8GB 3200MHz DDR4 CL20 SODIMM FURY Impact KF432S20IB/8,COMPONENTES DE ENSAMBLE,KINGSTON,73.33,1930.5,2288.0,assets/img/catalog/MEMKGN3080.jpg,https://static.ctonline.mx/marcas/png/KINGSTON.png,https://ctonline.mx/buscar/productos?b=MEMKGN3080,assets/img/catalog/MEMKGN3080.jpg,1430.0,1930.5,1716.0,35%,assets/img/catalog/MEMKGN3080.jpg,https://static.ctonline.mx/imagenes/MEMKGN3080/MEMKGN3080_400.jpg,memorias_ram
MEMKGN3150,Memoria KINGSTON 16GB 3200MHz DDR4 CL20 SODIMM FURY Impact KF432S20IB/16,Memoria KINGSTON 16GB 3200MHz DDR4 CL20 SODIMM FURY Impact KF432S20IB/16,COMPONENTES DE ENSAMBLE,KINGSTON,124.44,3276.0,3882.67,https://static.ctonline.mx/imagenes/MEMKGN3150/MEMKGN3150_400.jpg,https://static.ctonline.mx/marcas/png/KINGSTON.png,https://ctonline.mx/buscar/productos?b=MEMKGN3150,https://static.ctonline.mx/imagenes/MEMKGN3150/MEMKGN3150_400.jpg,2426.67,3276.0,2912.0,35%,assets/img/catalog/MEMKGN3150.jpg,https://static.ctonline.mx/imagenes/MEMKGN3150/MEMKGN3150_400.jpg,memorias_ram
MEMKGN3700,Memoria KINGSTON 16GB 3200MHz DDR4 CL20 SODIMM FURY Impact KF432S20IBK2/32 Kit of 2,Memoria KINGSTON 16GB 3200MHz DDR4 CL20 SODIMM FURY Impact KF432S20IBK2/32 Kit of 2,COMPONENTES DE ENSAMBLE,KINGSTON,133.33,3510.0,4160.0,assets/img/catalog/MEMKGN3700.jpg,https://static.ctonline.mx/marcas/png/KINGSTON.png,https://ctonline.mx/buscar/productos?b=MEMKGN3700,assets/img/catalog/MEMKGN3700.jpg,2600.0,3510.0,3120.0,35%,assets/img/catalog/MEMKGN3700.jpg,https://static.ctonline.mx/imagenes/MEMKGN3700/MEMKGN3700_400.jpg,memorias_ram
MEMKGN3280,Memoria KINGSTON 32GB 3200MHz DDR4 CL20 SODIMM FURY Impact KF432S20IB/32,Memoria KINGSTON 32GB 3200MHz DDR4 CL20 SODIMM FURY Impact KF432S20IB/32,COMPONENTES DE ENSAMBLE,KINGSTON,255.5,6726.04,7971.6,assets/img/catalog/MEMKGN3280.jpg,https://static.ctonline.mx/marcas/png/KINGSTON.png,https://ctonline.mx/buscar/productos?b=MEMKGN3280,assets/img/catalog/MEMKGN3280.jpg,4982.25,6726.04,5978.7,35%,assets/img/catalog/MEMKGN3280.jpg,https://static.ctonline.mx/imagenes/MEMKGN3280/MEMKGN3280_400.jpg,memorias_ram
MEMKGN3630,Memoria Kingston 32GB 3200MT/s DDR4 Non-ECC CL22 SODIMM 2RX8 KVR32S22D8/32,Memoria Kingston 32GB 3200MT/s DDR4 Non-ECC CL22 SODIMM 2RX8 KVR32S22D8/32,COMPONENTES DE ENSAMBLE,KINGSTON,255.0,6712.88,7956.0,assets/img/catalog/MEMKGN3630.jpg,https://static.ctonline.mx/marcas/png/KINGSTON.png,https://ctonline.mx/buscar/productos?b=MEMKGN3630,assets/img/catalog/MEMKGN3630.jpg,4972.5,6712.88,5967.0,35%,assets/img/catalog/MEMKGN3630.jpg,https://static.ctonline.mx/imagenes/MEMKGN3630/MEMKGN3630_400.jpg,memorias_ram
MEMKGN4960,Memoria KINGSTON 8GB 4800MT/s DDR5 CL38 SODIMM FURY Impact KF548S38IB-8,Memoria KINGSTON 8GB 4800MT/s DDR5 CL38 SODIMM FURY Impact KF548S38IB-8,COMPONENTES DE ENSAMBLE,KINGSTON,113.76,2994.62,3549.18,assets/img/catalog/MEMKGN4960.jpg,https://static.ctonline.mx/marcas/png/KINGSTON.png,https://ctonline.mx/buscar/productos?b=MEMKGN4960,assets/img/catalog/MEMKGN4960.jpg,2218.24,2994.62,2661.89,35%,assets/img/catalog/MEMKGN4960.jpg,https://static.ctonline.mx/imagenes/MEMKGN4960/MEMKGN4960_400.jpg,memorias_ram
MEMKGN5280,Memoria Kingston 8GB 5600MTS DDR5 Non-ECC CL46 SODIMM 1RX16 KVR56S46BS6-8,Memoria Kingston 8GB 5600MTS DDR5 Non-ECC CL46 SODIMM 1RX16 KVR56S46BS6-8,COMPONENTES DE ENSAMBLE,KINGSTON,114.38,3010.99,3568.58,assets/img/catalog/MEMKGN5280.jpg,https://static.ctonline.mx/marcas/png/KINGSTON.png,https://ctonline.mx/buscar/productos?b=MEMKGN5280,assets/img/catalog/MEMKGN5280.jpg,2230.36,3010.99,2676.43,35%,assets/img/catalog/MEMKGN5280.jpg,https://static.ctonline.mx/imagenes/MEMKGN5280/MEMKGN5280_400.jpg,memorias_ram
MEMKGN3680,Memoria KINGSTON 16GB 4800MT/s DDR5 CL38 SODIMM FURY Impact KF548S38IB-16,Memoria KINGSTON 16GB 4800MT/s DDR5 CL38 SODIMM FURY Impact KF548S38IB-16,COMPONENTES DE ENSAMBLE,KINGSTON,181.28,4772.14,5655.87,assets/img/catalog/MEMKGN3680.jpg,https://static.ctonline.mx/marcas/png/KINGSTON.png,https://ctonline.mx/buscar/productos?b=MEMKGN3680,assets/img/catalog/MEMKGN3680.jpg,3534.92,4772.14,4241.9,35%,assets/img/catalog/MEMKGN3680.jpg,https://static.ctonline.mx/imagenes/MEMKGN3680/MEMKGN3680_400.jpg,memorias_ram
MEMKGN4160,Memoria Kingston Propietaria 32GB DDR4 3200MT/s ECC Registered DIMM CL22 2RX8 1.2V 288-pin 16Gbit KTL-TS432E/32G,Memoria Kingston Propietaria 32GB DDR4 3200MT/s ECC Registered DIMM CL22 2RX8 1.2V 288-pin 16Gbit KTL-TS432E/32G,COMPONENTES DE ENSAMBLE,KINGSTON,562.39,14804.91,17546.56,assets/img/catalog/MEMKGN4160.jpg,https://static.ctonline.mx/marcas/png/KINGSTON.png,https://ctonline.mx/buscar/productos?b=MEMKGN4160,assets/img/catalog/MEMKGN4160.jpg,10966.6,14804.91,13159.92,35%,assets/img/catalog/MEMKGN4160.jpg,https://static.ctonline.mx/imagenes/MEMKGN4160/MEMKGN4160_400.jpg,memorias_ram
MEMKGN6000,Memoria Kingston Propietaria 32GB DDR4 3200MT/s ECC Registered DIMM CL22 2RX8 1.2V 288-pin 16Gbit KTL-TS432D8/32G,Memoria Kingston Propietaria 32GB DDR4 3200MT/s ECC Registered DIMM CL22 2RX8 1.2V 288-pin 16Gbit KTL-TS432D8/32G,COMPONENTES DE ENSAMBLE,KINGSTON,567.76,14946.28,17714.11,assets/img/catalog/MEMKGN6000.jpg,https://static.ctonline.mx/marcas/png/KINGSTON.png,https://ctonline.mx/buscar/productos?b=MEMKGN6000,assets/img/catalog/MEMKGN6000.jpg,11071.32,14946.28,13285.58,35%,assets/img/catalog/MEMKGN6000.jpg,https://static.ctonline.mx/imagenes/MEMKGN6000/MEMKGN6000_400.jpg,memorias_ram
MEMKGN3530,Memoria Kingston Propietaria 16GB DDR4 3200MT/s ECC Registered DIMM CL22 1RX8 1.2V 288-pin 16Gbit KTD-PE432ES8/16G,Memoria Kingston Propietaria 16GB DDR4 3200MT/s ECC Registered DIMM CL22 1RX8 1.2V 288-pin 16Gbit KTD-PE432ES8/16G,COMPONENTES DE ENSAMBLE,KINGSTON,284.02,7476.83,8861.42,assets/img/catalog/MEMKGN3530.jpg,https://static.ctonline.mx/marcas/png/KINGSTON.png,https://ctonline.mx/buscar/productos?b=MEMKGN3530,assets/img/catalog/MEMKGN3530.jpg,5538.39,7476.83,6646.07,35%,assets/img/catalog/MEMKGN3530.jpg,https://static.ctonline.mx/imagenes/MEMKGN3530/MEMKGN3530_400.jpg,memorias_ram
MEMKGN2280,Memoria Kingston Propietaria 16GB DDR4 3200MT/s Non-ECC Unbuffered SODIMM CL22 1RX8 1.2V 260-pin 16Gbit KCP432SS8/16,Memoria Kingston Propietaria 16GB DDR4 3200MT/s Non-ECC Unbuffered SODIMM CL22 1RX8 1.2V 260-pin 16Gbit KCP432SS8/16,COMPONENTES DE ENSAMBLE,KINGSTON,243.43,6408.26,7594.98,https://static.ctonline.mx/imagenes/MEMKGN2280/MEMKGN2280_400.jpg,https://static.ctonline.mx/marcas/png/KINGSTON.png,https://ctonline.mx/buscar/productos?b=MEMKGN2280,https://static.ctonline.mx/imagenes/MEMKGN2280/MEMKGN2280_400.jpg,4746.86,6408.26,5696.23,35%,assets/img/catalog/MEMKGN2280.jpg,https://static.ctonline.mx/imagenes/MEMKGN2280/MEMKGN2280_400.jpg,memorias_ram
MEMKGN2350,Memoria Kingston Propietaria 8GB DDR4 3200MT/s Non-ECC Unbuffered SODIMM CL22 1RX8 1.2V 260-pin 8Gbit KCP432SS8/8,Memoria Kingston Propietaria 8GB DDR4 3200MT/s Non-ECC Unbuffered SODIMM CL22 1RX8 1.2V 260-pin 8Gbit KCP432SS8/8,COMPONENTES DE ENSAMBLE,KINGSTON,104.57,2752.84,3262.62,https://static.ctonline.mx/imagenes/MEMKGN2350/MEMKGN2350_400.jpg,https://static.ctonline.mx/marcas/png/KINGSTON.png,https://ctonline.mx/buscar/productos?b=MEMKGN2350,https://static.ctonline.mx/imagenes/MEMKGN2350/MEMKGN2350_400.jpg,2039.14,2752.84,2446.97,35%,assets/img/catalog/MEMKGN2350.jpg,https://static.ctonline.mx/imagenes/MEMKGN2350/MEMKGN2350_400.jpg,memorias_ram
MEMKGN3320,Memoria Kingston Propietaria 16GB DDR4 3200MT/s Non-ECC Unbuffered SODIMM CL22 2RX8 1.2V 260-pin 8Gbit KCP432SD8/16,Memoria Kingston Propietaria 16GB DDR4 3200MT/s Non-ECC Unbuffered SODIMM CL22 2RX8 1.2V 260-pin 8Gbit KCP432SD8/16,COMPONENTES DE ENSAMBLE,KINGSTON,195.43,5144.66,6097.38,https://static.ctonline.mx/imagenes/MEMKGN3320/MEMKGN3320_400.jpg,https://static.ctonline.mx/marcas/png/KINGSTON.png,https://ctonline.mx/buscar/productos?b=MEMKGN3320,https://static.ctonline.mx/imagenes/MEMKGN3320/MEMKGN3320_400.jpg,3810.86,5144.66,4573.03,35%,assets/img/catalog/MEMKGN3320.jpg,https://static.ctonline.mx/imagenes/MEMKGN3320/MEMKGN3320_400.jpg,memorias_ram
MEMKGN2710,Memoria Kingston Propietaria 32GB DDR4 3200MT/s Non-ECC Unbuffered SODIMM CL22 2RX8 1.2V 260-pin 16Gbit KCP432SD8/32,Memoria Kingston Propietaria 32GB DDR4 3200MT/s Non-ECC Unbuffered SODIMM CL22 2RX8 1.2V 260-pin 16Gbit KCP432SD8/32,COMPONENTES DE ENSAMBLE,KINGSTON,484.0,12741.3,15100.8,https://static.ctonline.mx/imagenes/MEMKGN2710/MEMKGN2710_400.jpg,https://static.ctonline.mx/marcas/png/KINGSTON.png,https://ctonline.mx/buscar/productos?b=MEMKGN2710,https://static.ctonline.mx/imagenes/MEMKGN2710/MEMKGN2710_400.jpg,9438.0,12741.3,11325.6,35%,assets/img/catalog/MEMKGN2710.jpg,https://static.ctonline.mx/imagenes/MEMKGN2710/MEMKGN2710_400.jpg,memorias_ram
MEMKGN3510,Memoria Kingston Propietaria 8GB DDR4 3200MT/s DDR4 CL22 DIMM 1.2V PARA PC  KCP432NS8/8,Memoria Kingston Propietaria 8GB DDR4 3200MT/s DDR4 CL22 DIMM 1.2V PARA PC  KCP432NS8/8,COMPONENTES DE ENSAMBLE,KINGSTON,104.57,2752.84,3262.62,https://static.ctonline.mx/imagenes/MEMKGN3510/MEMKGN3510_400.jpg,https://static.ctonline.mx/marcas/png/KINGSTON.png,https://ctonline.mx/buscar/productos?b=MEMKGN3510,https://static.ctonline.mx/imagenes/MEMKGN3510/MEMKGN3510_400.jpg,2039.14,2752.84,2446.97,35%,assets/img/catalog/MEMKGN3510.jpg,https://static.ctonline.mx/imagenes/MEMKGN3510/MEMKGN3510_400.jpg,memorias_ram
MEMKGN2620,Memoria Kingston Propietaria 8GB DDR4 3200MT/s Non-ECC Unbuffered DIMM CL22 1RX16 1.2V 288-pin 16Gbit KCP432NS6/8,Memoria Kingston Propietaria 8GB DDR4 3200MT/s Non-ECC Unbuffered DIMM CL22 1RX16 1.2V 288-pin 16Gbit KCP432NS6/8,COMPONENTES DE ENSAMBLE,KINGSTON,123.14,3241.74,3842.06,https://static.ctonline.mx/imagenes/MEMKGN2620/MEMKGN2620_400.jpg,https://static.ctonline.mx/marcas/png/KINGSTON.png,https://ctonline.mx/buscar/productos?b=MEMKGN2620,https://static.ctonline.mx/imagenes/MEMKGN2620/MEMKGN2620_400.jpg,2401.29,3241.74,2881.55,35%,assets/img/catalog/MEMKGN2620.jpg,https://static.ctonline.mx/imagenes/MEMKGN2620/MEMKGN2620_400.jpg,memorias_ram
MEMKGN3310,Memoria Kingston Propietaria 16GB DDR4 3200MT/s Non-ECC Unbuffered DIMM CL22 1RX8 1.2V 288-pin 16Gbit KCP432NS8/16,Memoria Kingston Propietaria 16GB DDR4 3200MT/s Non-ECC Unbuffered DIMM CL22 1RX8 1.2V 288-pin 16Gbit KCP432NS8/16,COMPONENTES DE ENSAMBLE,KINGSTON,243.43,6408.26,7594.98,https://static.ctonline.mx/imagenes/MEMKGN3310/MEMKGN3310_400.jpg,https://static.ctonline.mx/marcas/png/KINGSTON.png,https://ctonline.mx/buscar/productos?b=MEMKGN3310,https://static.ctonline.mx/imagenes/MEMKGN3310/MEMKGN3310_400.jpg,4746.86,6408.26,5696.23,35%,assets/img/catalog/MEMKGN3310.jpg,https://static.ctonline.mx/imagenes/MEMKGN3310/MEMKGN3310_400.jpg,memorias_ram
MEMKGN3300,Memoria Kingston Propietaria 32GB DDR4 3200MT/s Non-ECC Unbuffered DIMM CL22 2RX8 1.2V 288-pin 16Gbit KCP432ND8/32,Memoria Kingston Propietaria 32GB DDR4 3200MT/s Non-ECC Unbuffered DIMM CL22 2RX8 1.2V 288-pin 16Gbit KCP432ND8/32,COMPONENTES DE ENSAMBLE,KINGSTON,484.0,12741.3,15100.8,https://static.ctonline.mx/imagenes/MEMKGN3300/MEMKGN3300_400.jpg,https://static.ctonline.mx/marcas/png/KINGSTON.png,https://ctonline.mx/buscar/productos?b=MEMKGN3300,https://static.ctonline.mx/imagenes/MEMKGN3300/MEMKGN3300_400.jpg,9438.0,12741.3,11325.6,35%,assets/img/catalog/MEMKGN3300.jpg,https://static.ctonline.mx/imagenes/MEMKGN3300/MEMKGN3300_400.jpg,memorias_ram
MEMKGN3370,Memoria Kingston Propietaria 16GB DDR4 3200MT/s Non-ECC Unbuffered DIMM CL22 2RX8 1.2V 288-pin 8Gbit KCP432ND8/16,Memoria Kingston Propietaria 16GB DDR4 3200MT/s Non-ECC Unbuffered DIMM CL22 2RX8 1.2V 288-pin 8Gbit KCP432ND8/16,COMPONENTES DE ENSAMBLE,KINGSTON,191.18,5032.71,5964.69,https://static.ctonline.mx/imagenes/MEMKGN3370/MEMKGN3370_400.jpg,https://static.ctonline.mx/marcas/png/KINGSTON.png,https://ctonline.mx/buscar/productos?b=MEMKGN3370,https://static.ctonline.mx/imagenes/MEMKGN3370/MEMKGN3370_400.jpg,3727.93,5032.71,4473.52,35%,assets/img/catalog/MEMKGN3370.jpg,https://static.ctonline.mx/imagenes/MEMKGN3370/MEMKGN3370_400.jpg,memorias_ram
MEMKGN3690,Memoria Kingston Propietaria 32GB 3200MT/S DDR4 CL22 DIMM 1.2V PARA SERVIDOR KTD-PE432E/32G,Memoria Kingston Propietaria 32GB 3200MT/S DDR4 CL22 DIMM 1.2V PARA SERVIDOR KTD-PE432E/32G,COMPONENTES DE ENSAMBLE,KINGSTON,562.39,14804.91,17546.56,https://static.ctonline.mx/imagenes/MEMKGN3690/MEMKGN3690_400.jpg,https://static.ctonline.mx/marcas/png/KINGSTON.png,https://ctonline.mx/buscar/productos?b=MEMKGN3690,https://static.ctonline.mx/imagenes/MEMKGN3690/MEMKGN3690_400.jpg,10966.6,14804.91,13159.92,35%,assets/img/catalog/MEMKGN3690.jpg,https://static.ctonline.mx/imagenes/MEMKGN3690/MEMKGN3690_400.jpg,memorias_ram
MEMKGN3900,Memoria Kingston Propietaria 16GB 3200MT/S DDR4 CL22 DIMM 1.2V PARA SERVIDOR KTH-PL432ES8/16G,Memoria Kingston Propietaria 16GB 3200MT/S DDR4 CL22 DIMM 1.2V PARA SERVIDOR KTH-PL432ES8/16G,COMPONENTES DE ENSAMBLE,KINGSTON,284.02,7476.83,8861.42,https://static.ctonline.mx/imagenes/MEMKGN3900/MEMKGN3900_400.jpg,https://static.ctonline.mx/marcas/png/KINGSTON.png,https://ctonline.mx/buscar/productos?b=MEMKGN3900,https://static.ctonline.mx/imagenes/MEMKGN3900/MEMKGN3900_400.jpg,5538.39,7476.83,6646.07,35%,assets/img/catalog/MEMKGN3900.jpg,https://static.ctonline.mx/imagenes/MEMKGN3900/MEMKGN3900_400.jpg,memorias_ram
MEMKGN4920,Memoria Kingston Propietaria 32GB 3200MT/S DDR4 CL22 DIMM 1.2V PARA SERVIDOR KTH-PL432E/32G,Memoria Kingston Propietaria 32GB 3200MT/S DDR4 CL22 DIMM 1.2V PARA SERVIDOR KTH-PL432E/32G,COMPONENTES DE ENSAMBLE,KINGSTON,562.39,14804.91,17546.56,assets/img/catalog/MEMKGN4920.jpg,https://static.ctonline.mx/marcas/png/KINGSTON.png,https://ctonline.mx/buscar/productos?b=MEMKGN4920,assets/img/catalog/MEMKGN4920.jpg,10966.6,14804.91,13159.92,35%,assets/img/catalog/MEMKGN4920.jpg,https://static.ctonline.mx/imagenes/MEMKGN4920/MEMKGN4920_400.jpg,memorias_ram
MEMKGN5200,Memoria Kingston Propietaria 32GB DDR5 5600MT/s Non-ECC Unbuffered DIMM CL46 2RX8 1.1V 288-pin 16Gbit KCP556UD8-32,Memoria Kingston Propietaria 32GB DDR5 5600MT/s Non-ECC Unbuffered DIMM CL46 2RX8 1.1V 288-pin 16Gbit KCP556UD8-32,COMPONENTES DE ENSAMBLE,KINGSTON,524.57,13809.34,16366.62,assets/img/catalog/MEMKGN5200.jpg,https://static.ctonline.mx/marcas/png/KINGSTON.png,https://ctonline.mx/buscar/productos?b=MEMKGN5200,assets/img/catalog/MEMKGN5200.jpg,10229.14,13809.34,12274.97,35%,assets/img/catalog/MEMKGN5200.jpg,https://static.ctonline.mx/imagenes/MEMKGN5200/MEMKGN5200_400.jpg,memorias_ram
MEMKGN5010,Memoria Kingston Propietaria 16GB DDR5 5600MT/s Non-ECC Unbuffered DIMM CL46 1RX8 1.1V 288-pin 16Gbit KCP556US8-16,Memoria Kingston Propietaria 16GB DDR5 5600MT/s Non-ECC Unbuffered DIMM CL46 1RX8 1.1V 288-pin 16Gbit KCP556US8-16,COMPONENTES DE ENSAMBLE,KINGSTON,264.86,6972.36,8263.54,https://static.ctonline.mx/imagenes/MEMKGN5010/MEMKGN5010_400.jpg,https://static.ctonline.mx/marcas/png/KINGSTON.png,https://ctonline.mx/buscar/productos?b=MEMKGN5010,https://static.ctonline.mx/imagenes/MEMKGN5010/MEMKGN5010_400.jpg,5164.71,6972.36,6197.65,35%,assets/img/catalog/MEMKGN5010.jpg,https://static.ctonline.mx/imagenes/MEMKGN5010/MEMKGN5010_400.jpg,memorias_ram
MEMKGN5170,Memoria Kingston Propietaria 8GB DDR5 5600MT/s Non-ECC Unbuffered DIMM CL46 1RX16 1.1V 288-pin 16Gbit KCP556US6-8,Memoria Kingston Propietaria 8GB DDR5 5600MT/s Non-ECC Unbuffered DIMM CL46 1RX16 1.1V 288-pin 16Gbit KCP556US6-8,COMPONENTES DE ENSAMBLE,KINGSTON,144.57,3805.84,4510.62,assets/img/catalog/MEMKGN5170.jpg,https://static.ctonline.mx/marcas/png/KINGSTON.png,https://ctonline.mx/buscar/productos?b=MEMKGN5170,assets/img/catalog/MEMKGN5170.jpg,2819.14,3805.84,3382.97,35%,assets/img/catalog/MEMKGN5170.jpg,https://static.ctonline.mx/imagenes/MEMKGN5170/MEMKGN5170_400.jpg,memorias_ram
MEMKGN5130,Memoria Kingston Propietaria 8GB DDR5 5600MT/s Non-ECC Unbuffered SODIMM CL46 1RX16 1.1V 288-pin 16Gbit KCP556SS6-8,Memoria Kingston Propietaria 8GB DDR5 5600MT/s Non-ECC Unbuffered SODIMM CL46 1RX16 1.1V 288-pin 16Gbit KCP556SS6-8,COMPONENTES DE ENSAMBLE,KINGSTON,144.57,3805.84,4510.62,assets/img/catalog/MEMKGN5130.jpg,https://static.ctonline.mx/marcas/png/KINGSTON.png,https://ctonline.mx/buscar/productos?b=MEMKGN5130,assets/img/catalog/MEMKGN5130.jpg,2819.14,3805.84,3382.97,35%,assets/img/catalog/MEMKGN5130.jpg,https://static.ctonline.mx/imagenes/MEMKGN5130/MEMKGN5130_400.jpg,memorias_ram
MEMKGN4600,Memoria Kingston Propietaria 16GB DDR5 5600MT/s Non-ECC Unbuffered SODIMM CL46 1RX8 1.1V 262-pin 16Gbit KCP556SS8-16,Memoria Kingston Propietaria 16GB DDR5 5600MT/s Non-ECC Unbuffered SODIMM CL46 1RX8 1.1V 262-pin 16Gbit KCP556SS8-16,COMPONENTES DE ENSAMBLE,KINGSTON,264.86,6972.36,8263.54,https://static.ctonline.mx/imagenes/MEMKGN4600/MEMKGN4600_400.jpg,https://static.ctonline.mx/marcas/png/KINGSTON.png,https://ctonline.mx/buscar/productos?b=MEMKGN4600,https://static.ctonline.mx/imagenes/MEMKGN4600/MEMKGN4600_400.jpg,5164.71,6972.36,6197.65,35%,assets/img/catalog/MEMKGN4600.jpg,https://static.ctonline.mx/imagenes/MEMKGN4600/MEMKGN4600_400.jpg,memorias_ram
MEMKGN5810,Memoria Kingston Propietaria 32GB DDR5 5600MT/s ECC Registered DIMM CL46 2RX8 1.1V 288-pin 16Gbit KTD-PE556D8-32G,Memoria Kingston Propietaria 32GB DDR5 5600MT/s ECC Registered DIMM CL46 2RX8 1.1V 288-pin 16Gbit KTD-PE556D8-32G,COMPONENTES DE ENSAMBLE,KINGSTON,897.28,23620.9,27995.14,assets/img/catalog/MEMKGN5810.jpg,https://static.ctonline.mx/marcas/png/KINGSTON.png,https://ctonline.mx/buscar/productos?b=MEMKGN5810,assets/img/catalog/MEMKGN5810.jpg,17496.96,23620.9,20996.35,35%,assets/img/catalog/MEMKGN5810.jpg,https://static.ctonline.mx/imagenes/MEMKGN5810/MEMKGN5810_400.jpg,memorias_ram
MEMKGN5820,Memoria Kingston Propietaria 16GB DDR5 5600MT/s ECC Registered DIMM CL46 1RX8 1.1V 288-pin 16Gbit KTD-PE556E-16G,Memoria Kingston Propietaria 16GB DDR5 5600MT/s ECC Registered DIMM CL46 1RX8 1.1V 288-pin 16Gbit KTD-PE556E-16G,COMPONENTES DE ENSAMBLE,KINGSTON,467.22,12299.62,14577.33,assets/img/catalog/MEMKGN5820.jpg,https://static.ctonline.mx/marcas/png/KINGSTON.png,https://ctonline.mx/buscar/productos?b=MEMKGN5820,assets/img/catalog/MEMKGN5820.jpg,9110.83,12299.62,10933.0,35%,assets/img/catalog/MEMKGN5820.jpg,https://static.ctonline.mx/imagenes/MEMKGN5820/MEMKGN5820_400.jpg,memorias_ram
MEMKGN5830,Memoria Kingston Propietaria 64GB DDR5 5600MT/s ECC Registered DIMM CL46 2RX4 1.1V 288-pin 16Gbit KTH-PL556D4-64G,Memoria Kingston Propietaria 64GB DDR5 5600MT/s ECC Registered DIMM CL46 2RX4 1.1V 288-pin 16Gbit KTH-PL556D4-64G,COMPONENTES DE ENSAMBLE,KINGSTON,2253.8,59331.29,70318.56,assets/img/catalog/MEMKGN5830.jpg,https://static.ctonline.mx/marcas/png/KINGSTON.png,https://ctonline.mx/buscar/productos?b=MEMKGN5830,assets/img/catalog/MEMKGN5830.jpg,43949.1,59331.29,52738.92,35%,assets/img/catalog/MEMKGN5830.jpg,https://static.ctonline.mx/imagenes/MEMKGN5830/MEMKGN5830_400.jpg,memorias_ram
MEMKGN5840,Memoria Kingston Propietaria 32GB DDR5 5600MT/s ECC Registered DIMM CL46 2RX8 1.1V 288-pin 16Gbit KTL-TS556D8-32G,Memoria Kingston Propietaria 32GB DDR5 5600MT/s ECC Registered DIMM CL46 2RX8 1.1V 288-pin 16Gbit KTL-TS556D8-32G,COMPONENTES DE ENSAMBLE,KINGSTON,897.28,23620.9,27995.14,assets/img/catalog/MEMKGN5840.jpg,https://static.ctonline.mx/marcas/png/KINGSTON.png,https://ctonline.mx/buscar/productos?b=MEMKGN5840,assets/img/catalog/MEMKGN5840.jpg,17496.96,23620.9,20996.35,35%,assets/img/catalog/MEMKGN5840.jpg,https://static.ctonline.mx/imagenes/MEMKGN5840/MEMKGN5840_400.jpg,memorias_ram
MEMKGN5750,Memoria Kingston Propietaria 16GB DDR5 5600MT/s ECC Unbuffered DIMM CL46 1RX8 1.1V 288-pin 16Gbit KTH-PL556E-16G,Memoria Kingston Propietaria 16GB DDR5 5600MT/s ECC Unbuffered DIMM CL46 1RX8 1.1V 288-pin 16Gbit KTH-PL556E-16G,COMPONENTES DE ENSAMBLE,KINGSTON,447.65,11784.39,13966.69,assets/img/catalog/MEMKGN5750.jpg,https://static.ctonline.mx/marcas/png/KINGSTON.png,https://ctonline.mx/buscar/productos?b=MEMKGN5750,assets/img/catalog/MEMKGN5750.jpg,8729.18,11784.39,10475.02,35%,assets/img/catalog/MEMKGN5750.jpg,https://static.ctonline.mx/imagenes/MEMKGN5750/MEMKGN5750_400.jpg,memorias_ram
MEMKGN5740,Memoria Kingston Propietaria 32GB DDR5 5600MT/s Non-ECC Unbuffered DIMM CL46 1RX16 1.1V 288-pin 16Gbit KTH-PL556D8-32G,Memoria Kingston Propietaria 32GB DDR5 5600MT/s Non-ECC Unbuffered DIMM CL46 1RX16 1.1V 288-pin 16Gbit KTH-PL556D8-32G,COMPONENTES DE ENSAMBLE,KINGSTON,897.28,23620.9,27995.14,assets/img/catalog/MEMKGN5740.jpg,https://static.ctonline.mx/marcas/png/KINGSTON.png,https://ctonline.mx/buscar/productos?b=MEMKGN5740,assets/img/catalog/MEMKGN5740.jpg,17496.96,23620.9,20996.35,35%,assets/img/catalog/MEMKGN5740.jpg,https://static.ctonline.mx/imagenes/MEMKGN5740/MEMKGN5740_400.jpg,memorias_ram
MEMKGN5790,Memoria Kingston Propietaria 32GB DDR5 5600MT/s ECC Unbuffered DIMM CL46 2RX8 1.1V 288-pin 16Gbit KTH-PL556E-32G,Memoria Kingston Propietaria 32GB DDR5 5600MT/s ECC Unbuffered DIMM CL46 2RX8 1.1V 288-pin 16Gbit KTH-PL556E-32G,COMPONENTES DE ENSAMBLE,KINGSTON,887.96,23375.55,27704.35,assets/img/catalog/MEMKGN5790.jpg,https://static.ctonline.mx/marcas/png/KINGSTON.png,https://ctonline.mx/buscar/productos?b=MEMKGN5790,assets/img/catalog/MEMKGN5790.jpg,17315.22,23375.55,20778.26,35%,assets/img/catalog/MEMKGN5790.jpg,https://static.ctonline.mx/imagenes/MEMKGN5790/MEMKGN5790_400.jpg,memorias_ram
MEMKGN5720,Memoria Kingston Propietaria 16GB DDR5 5600MT/s ECC Unbuffered DIMM CL46 1RX8 1.1V 288-pin 16Gbit KTL-TS556E-16G,Memoria Kingston Propietaria 16GB DDR5 5600MT/s ECC Unbuffered DIMM CL46 1RX8 1.1V 288-pin 16Gbit KTL-TS556E-16G,COMPONENTES DE ENSAMBLE,KINGSTON,457.6,12046.32,14277.12,assets/img/catalog/MEMKGN5720.jpg,https://static.ctonline.mx/marcas/png/KINGSTON.png,https://ctonline.mx/buscar/productos?b=MEMKGN5720,assets/img/catalog/MEMKGN5720.jpg,8923.2,12046.32,10707.84,35%,assets/img/catalog/MEMKGN5720.jpg,https://static.ctonline.mx/imagenes/MEMKGN5720/MEMKGN5720_400.jpg,memorias_ram
MEMKGN5760,Memoria Kingston Propietaria 32GB DDR5 5600MT/s ECC Unbuffered DIMM CL46 2RX8 1.1V 288-pin 16Gbit KTL-TS556E-32G,Memoria Kingston Propietaria 32GB DDR5 5600MT/s ECC Unbuffered DIMM CL46 2RX8 1.1V 288-pin 16Gbit KTL-TS556E-32G,COMPONENTES DE ENSAMBLE,KINGSTON,887.96,23375.55,27704.35,assets/img/catalog/MEMKGN5760.jpg,https://static.ctonline.mx/marcas/png/KINGSTON.png,https://ctonline.mx/buscar/productos?b=MEMKGN5760,assets/img/catalog/MEMKGN5760.jpg,17315.22,23375.55,20778.26,35%,assets/img/catalog/MEMKGN5760.jpg,https://static.ctonline.mx/imagenes/MEMKGN5760/MEMKGN5760_400.jpg,memorias_ram
MEMKGN5770,Memoria Kingston Propietaria 16GB DDR5 5600MT/s ECC Registered DIMM CL46 1RX8 1.1V 288-pin 16Gbit KTL-TS556S8-16G,Memoria Kingston Propietaria 16GB DDR5 5600MT/s ECC Registered DIMM CL46 1RX8 1.1V 288-pin 16Gbit KTL-TS556S8-16G,COMPONENTES DE ENSAMBLE,KINGSTON,456.98,12030.0,14257.78,assets/img/catalog/MEMKGN5770.jpg,https://static.ctonline.mx/marcas/png/KINGSTON.png,https://ctonline.mx/buscar/productos?b=MEMKGN5770,assets/img/catalog/MEMKGN5770.jpg,8911.11,12030.0,10693.33,35%,assets/img/catalog/MEMKGN5770.jpg,https://static.ctonline.mx/imagenes/MEMKGN5770/MEMKGN5770_400.jpg,memorias_ram
MEMKGN5800,Memoria Kingston Propietaria 32GB DDR5 5600MT/s ECC Registered DIMM CL46 2RX8 1.1V 288-pin 16Gbit KTD-PE556E-32G,Memoria Kingston Propietaria 32GB DDR5 5600MT/s ECC Registered DIMM CL46 2RX8 1.1V 288-pin 16Gbit KTD-PE556E-32G,COMPONENTES DE ENSAMBLE,KINGSTON,887.96,23375.55,27704.35,assets/img/catalog/MEMKGN5800.jpg,https://static.ctonline.mx/marcas/png/KINGSTON.png,https://ctonline.mx/buscar/productos?b=MEMKGN5800,assets/img/catalog/MEMKGN5800.jpg,17315.22,23375.55,20778.26,35%,assets/img/catalog/MEMKGN5800.jpg,https://static.ctonline.mx/imagenes/MEMKGN5800/MEMKGN5800_400.jpg,memorias_ram
MEMKGN4880,Memoria Kingston Propietaria 32GB DDR5 5600MT/s Non-ECC Unbuffered SODIMM CL46 2RX8 1.1V 262-pin 16Gbit KCP556SD8-32,Memoria Kingston Propietaria 32GB DDR5 5600MT/s Non-ECC Unbuffered SODIMM CL46 2RX8 1.1V 262-pin 16Gbit KCP556SD8-32,COMPONENTES DE ENSAMBLE,KINGSTON,524.57,13809.34,16366.62,assets/img/catalog/MEMKGN4880.jpg,https://static.ctonline.mx/marcas/png/KINGSTON.png,https://ctonline.mx/buscar/productos?b=MEMKGN4880,assets/img/catalog/MEMKGN4880.jpg,10229.14,13809.34,12274.97,35%,assets/img/catalog/MEMKGN4880.jpg,https://static.ctonline.mx/imagenes/MEMKGN4880/MEMKGN4880_400.jpg,memorias_ram
MEMKGN5500,Secure Digital Gen3 64GB Kingston SDS3/64GB,Secure Digital Gen3 64GB Kingston SDS3/64GB,COMPONENTES DE ENSAMBLE,SECURE,14.83,390.34,462.62,assets/img/catalog/MEMKGN5500.jpg,https://static.ctonline.mx/marcas/png/SECURE.png,https://ctonline.mx/buscar/productos?b=MEMKGN5500,assets/img/catalog/MEMKGN5500.jpg,289.14,390.34,346.97,35%,assets/img/catalog/MEMKGN5500.jpg,https://static.ctonline.mx/imagenes/MEMKGN5500/MEMKGN5500_400.jpg,memorias_ram
MEMKGN5510,Secure Digital Gen3 128GB Kingston SDS3/128GB,Secure Digital Gen3 128GB Kingston SDS3/128GB,COMPONENTES DE ENSAMBLE,SECURE,17.07,449.35,532.56,assets/img/catalog/MEMKGN5510.jpg,https://static.ctonline.mx/marcas/png/SECURE.png,https://ctonline.mx/buscar/productos?b=MEMKGN5510,assets/img/catalog/MEMKGN5510.jpg,332.85,449.35,399.42,35%,assets/img/catalog/MEMKGN5510.jpg,https://static.ctonline.mx/imagenes/MEMKGN5510/MEMKGN5510_400.jpg,memorias_ram
MEMKGN5520,Secure Digital Gen3 256GB Kingston SDS3/256GB,Secure Digital Gen3 256GB Kingston SDS3/256GB,COMPONENTES DE ENSAMBLE,SECURE,28.97,762.52,903.73,assets/img/catalog/MEMKGN5520.jpg,https://static.ctonline.mx/marcas/png/SECURE.png,https://ctonline.mx/buscar/productos?b=MEMKGN5520,assets/img/catalog/MEMKGN5520.jpg,564.83,762.52,677.8,35%,assets/img/catalog/MEMKGN5520.jpg,https://static.ctonline.mx/imagenes/MEMKGN5520/MEMKGN5520_400.jpg,memorias_ram
MEMKGN5530,Secure Digital Gen3 512GB Kingston SDS3/512GB,Secure Digital Gen3 512GB Kingston SDS3/512GB,COMPONENTES DE ENSAMBLE,SECURE,61.86,1628.52,1930.1,assets/img/catalog/MEMKGN5530.jpg,https://static.ctonline.mx/marcas/png/SECURE.png,https://ctonline.mx/buscar/productos?b=MEMKGN5530,assets/img/catalog/MEMKGN5530.jpg,1206.31,1628.52,1447.57,35%,assets/img/catalog/MEMKGN5530.jpg,https://static.ctonline.mx/imagenes/MEMKGN5530/MEMKGN5530_400.jpg,memorias_ram
MEMKGN5540,Secure Digital Gen3 1TB Kingston SDS3/1TB,Secure Digital Gen3 1TB Kingston SDS3/1TB,COMPONENTES DE ENSAMBLE,SECURE,92.79,2442.78,2895.15,assets/img/catalog/MEMKGN5540.jpg,https://static.ctonline.mx/marcas/png/SECURE.png,https://ctonline.mx/buscar/productos?b=MEMKGN5540,assets/img/catalog/MEMKGN5540.jpg,1809.47,2442.78,2171.36,35%,assets/img/catalog/MEMKGN5540.jpg,https://static.ctonline.mx/imagenes/MEMKGN5540/MEMKGN5540_400.jpg,memorias_ram
MEMKGN5410,Secure Digital Gen4 64GB Kingston SDG4/64GB,Secure Digital Gen4 64GB Kingston SDG4/64GB,COMPONENTES DE ENSAMBLE,SECURE,14.74,388.07,459.94,assets/img/catalog/MEMKGN5410.jpg,https://static.ctonline.mx/marcas/png/SECURE.png,https://ctonline.mx/buscar/productos?b=MEMKGN5410,assets/img/catalog/MEMKGN5410.jpg,287.46,388.07,344.95,35%,assets/img/catalog/MEMKGN5410.jpg,https://static.ctonline.mx/imagenes/MEMKGN5410/MEMKGN5410_400.jpg,memorias_ram
MEMKGN5370,Secure Digital Gen4 128GB Kingston SDG4/128GB,Secure Digital Gen4 128GB Kingston SDG4/128GB,COMPONENTES DE ENSAMBLE,SECURE,26.85,706.83,837.73,assets/img/catalog/MEMKGN5370.jpg,https://static.ctonline.mx/marcas/png/SECURE.png,https://ctonline.mx/buscar/productos?b=MEMKGN5370,assets/img/catalog/MEMKGN5370.jpg,523.58,706.83,628.3,35%,assets/img/catalog/MEMKGN5370.jpg,https://static.ctonline.mx/imagenes/MEMKGN5370/MEMKGN5370_400.jpg,memorias_ram
MEMKGN5390,Secure Digital Gen4 256B Kingston SDG4/256GB,Secure Digital Gen4 256B Kingston SDG4/256GB,COMPONENTES DE ENSAMBLE,SECURE,38.22,1006.25,1192.59,assets/img/catalog/MEMKGN5390.jpg,https://static.ctonline.mx/marcas/png/SECURE.png,https://ctonline.mx/buscar/productos?b=MEMKGN5390,assets/img/catalog/MEMKGN5390.jpg,745.37,1006.25,894.44,35%,assets/img/catalog/MEMKGN5390.jpg,https://static.ctonline.mx/imagenes/MEMKGN5390/MEMKGN5390_400.jpg,memorias_ram
MEMKGN5400,Secure Digital Gen4 512GB Kingston SDG4/512GB,Secure Digital Gen4 512GB Kingston SDG4/512GB,COMPONENTES DE ENSAMBLE,SECURE,92.07,2423.72,2872.56,assets/img/catalog/MEMKGN5400.jpg,https://static.ctonline.mx/marcas/png/SECURE.png,https://ctonline.mx/buscar/productos?b=MEMKGN5400,assets/img/catalog/MEMKGN5400.jpg,1795.35,2423.72,2154.42,35%,assets/img/catalog/MEMKGN5400.jpg,https://static.ctonline.mx/imagenes/MEMKGN5400/MEMKGN5400_400.jpg,memorias_ram
MEMKGN5380,Secure Digital Gen4 1TB Kingston SDG4/1TB,Secure Digital Gen4 1TB Kingston SDG4/1TB,COMPONENTES DE ENSAMBLE,SECURE,163.09,4293.24,5088.29,assets/img/catalog/MEMKGN5380.jpg,https://static.ctonline.mx/marcas/png/SECURE.png,https://ctonline.mx/buscar/productos?b=MEMKGN5380,assets/img/catalog/MEMKGN5380.jpg,3180.18,4293.24,3816.22,35%,assets/img/catalog/MEMKGN5380.jpg,https://static.ctonline.mx/imagenes/MEMKGN5380/MEMKGN5380_400.jpg,memorias_ram
MEMKGN5450,Micro Secure Digital Gen3 64GB Kingston SDCS3/64GB,Micro Secure Digital Gen3 64GB Kingston SDCS3/64GB,COMPONENTES DE ENSAMBLE,MICRO,10.82,284.74,337.47,assets/img/catalog/MEMKGN5450.jpg,https://static.ctonline.mx/marcas/png/MICRO.png,https://ctonline.mx/buscar/productos?b=MEMKGN5450,assets/img/catalog/MEMKGN5450.jpg,210.92,284.74,253.1,35%,assets/img/catalog/MEMKGN5450.jpg,https://static.ctonline.mx/imagenes/MEMKGN5450/MEMKGN5450_400.jpg,memorias_ram
MEMKGN5460,Micro Secure Digital Gen3 128GB Kingston SDCS3/128GB,Micro Secure Digital Gen3 128GB Kingston SDCS3/128GB,COMPONENTES DE ENSAMBLE,MICRO,16.49,434.21,514.62,assets/img/catalog/MEMKGN5460.jpg,https://static.ctonline.mx/marcas/png/MICRO.png,https://ctonline.mx/buscar/productos?b=MEMKGN5460,assets/img/catalog/MEMKGN5460.jpg,321.64,434.21,385.97,35%,assets/img/catalog/MEMKGN5460.jpg,https://static.ctonline.mx/imagenes/MEMKGN5460/MEMKGN5460_400.jpg,memorias_ram
MEMKGN5470,Micro Secure Digital Gen3 256GB Kingston SDCS3/256GB,Micro Secure Digital Gen3 256GB Kingston SDCS3/256GB,COMPONENTES DE ENSAMBLE,MICRO,29.64,780.37,924.88,assets/img/catalog/MEMKGN5470.jpg,https://static.ctonline.mx/marcas/png/MICRO.png,https://ctonline.mx/buscar/productos?b=MEMKGN5470,assets/img/catalog/MEMKGN5470.jpg,578.05,780.37,693.66,35%,assets/img/catalog/MEMKGN5470.jpg,https://static.ctonline.mx/imagenes/MEMKGN5470/MEMKGN5470_400.jpg,memorias_ram
MEMKGN5480,Micro Secure Digital Gen3 512GB Kingston SDCS3/512GB,Micro Secure Digital Gen3 512GB Kingston SDCS3/512GB,COMPONENTES DE ENSAMBLE,MICRO,58.98,1552.57,1840.08,assets/img/catalog/MEMKGN5480.jpg,https://static.ctonline.mx/marcas/png/MICRO.png,https://ctonline.mx/buscar/productos?b=MEMKGN5480,assets/img/catalog/MEMKGN5480.jpg,1150.05,1552.57,1380.06,35%,assets/img/catalog/MEMKGN5480.jpg,https://static.ctonline.mx/imagenes/MEMKGN5480/MEMKGN5480_400.jpg,memorias_ram
MEMKGN5490,Micro Secure Digital Gen3 1TB Kingston SDCS3/1TB,Micro Secure Digital Gen3 1TB Kingston SDCS3/1TB,COMPONENTES DE ENSAMBLE,MICRO,92.79,2442.78,2895.15,assets/img/catalog/MEMKGN5490.jpg,https://static.ctonline.mx/marcas/png/MICRO.png,https://ctonline.mx/buscar/productos?b=MEMKGN5490,assets/img/catalog/MEMKGN5490.jpg,1809.47,2442.78,2171.36,35%,assets/img/catalog/MEMKGN5490.jpg,https://static.ctonline.mx/imagenes/MEMKGN5490/MEMKGN5490_400.jpg,memorias_ram
MEMKGN1620,Micro Endurance 32GB Kingston SDCE/32GB,Micro Endurance 32GB Kingston SDCE/32GB,COMPONENTES DE ENSAMBLE,MICRO,14.0,368.55,436.8,https://static.ctonline.mx/imagenes/MEMKGN1620/MEMKGN1620_400.jpg,https://static.ctonline.mx/marcas/png/MICRO.png,https://ctonline.mx/buscar/productos?b=MEMKGN1620,https://static.ctonline.mx/imagenes/MEMKGN1620/MEMKGN1620_400.jpg,273.0,368.55,327.6,35%,assets/img/catalog/MEMKGN1620.jpg,https://static.ctonline.mx/imagenes/MEMKGN1620/MEMKGN1620_400.jpg,memorias_ram
MEMKGN1630,Micro Endurance 64GB Kingston SDCE/64GB,Micro Endurance 64GB Kingston SDCE/64GB,COMPONENTES DE ENSAMBLE,MICRO,19.6,515.97,611.52,https://static.ctonline.mx/imagenes/MEMKGN1630/MEMKGN1630_400.jpg,https://static.ctonline.mx/marcas/png/MICRO.png,https://ctonline.mx/buscar/productos?b=MEMKGN1630,https://static.ctonline.mx/imagenes/MEMKGN1630/MEMKGN1630_400.jpg,382.2,515.97,458.64,35%,assets/img/catalog/MEMKGN1630.jpg,https://static.ctonline.mx/imagenes/MEMKGN1630/MEMKGN1630_400.jpg,memorias_ram
MEMKGN1640,Micro Endurance 128GB Kingston SDCE/128GB,Micro Endurance 128GB Kingston SDCE/128GB,COMPONENTES DE ENSAMBLE,MICRO,25.6,673.92,798.72,https://static.ctonline.mx/imagenes/MEMKGN1640/MEMKGN1640_400.jpg,https://static.ctonline.mx/marcas/png/MICRO.png,https://ctonline.mx/buscar/productos?b=MEMKGN1640,https://static.ctonline.mx/imagenes/MEMKGN1640/MEMKGN1640_400.jpg,499.2,673.92,599.04,35%,assets/img/catalog/MEMKGN1640.jpg,https://static.ctonline.mx/imagenes/MEMKGN1640/MEMKGN1640_400.jpg,memorias_ram
MEMKGN5320,Micro Endurance 256GB Kingston SDCE/256GB,Micro Endurance 256GB Kingston SDCE/256GB,COMPONENTES DE ENSAMBLE,MICRO,42.83,1127.44,1336.22,https://static.ctonline.mx/imagenes/MEMKGN5320/MEMKGN5320_400.jpg,https://static.ctonline.mx/marcas/png/MICRO.png,https://ctonline.mx/buscar/productos?b=MEMKGN5320,https://static.ctonline.mx/imagenes/MEMKGN5320/MEMKGN5320_400.jpg,835.14,1127.44,1002.17,35%,assets/img/catalog/MEMKGN5320.jpg,https://static.ctonline.mx/imagenes/MEMKGN5320/MEMKGN5320_400.jpg,memorias_ram
MEMKGN5360,Micro Secure Digital 64GB Kingston A2 U3 V30 SDCG4/64GB,Micro Secure Digital 64GB Kingston A2 U3 V30 SDCG4/64GB,COMPONENTES DE ENSAMBLE,MICRO,18.26,480.8,569.84,assets/img/catalog/MEMKGN5360.jpg,https://static.ctonline.mx/marcas/png/MICRO.png,https://ctonline.mx/buscar/productos?b=MEMKGN5360,assets/img/catalog/MEMKGN5360.jpg,356.15,480.8,427.38,35%,assets/img/catalog/MEMKGN5360.jpg,https://static.ctonline.mx/imagenes/MEMKGN5360/MEMKGN5360_400.jpg,memorias_ram
MEMKGN5330,Micro Secure Digital 128GB Kingston A2 U3 V30 SDCG4/128GB,Micro Secure Digital 128GB Kingston A2 U3 V30 SDCG4/128GB,COMPONENTES DE ENSAMBLE,MICRO,22.03,580.05,687.47,assets/img/catalog/MEMKGN5330.jpg,https://static.ctonline.mx/marcas/png/MICRO.png,https://ctonline.mx/buscar/productos?b=MEMKGN5330,assets/img/catalog/MEMKGN5330.jpg,429.67,580.05,515.6,35%,assets/img/catalog/MEMKGN5330.jpg,https://static.ctonline.mx/imagenes/MEMKGN5330/MEMKGN5330_400.jpg,memorias_ram
MEMKGN5270,Micro Secure Digital 256GB Kingston A2 U3 V30 SDCG4/256GB,Micro Secure Digital 256GB Kingston A2 U3 V30 SDCG4/256GB,COMPONENTES DE ENSAMBLE,MICRO,54.52,1435.16,1700.93,assets/img/catalog/MEMKGN5270.jpg,https://static.ctonline.mx/marcas/png/MICRO.png,https://ctonline.mx/buscar/productos?b=MEMKGN5270,assets/img/catalog/MEMKGN5270.jpg,1063.08,1435.16,1275.7,35%,assets/img/catalog/MEMKGN5270.jpg,https://static.ctonline.mx/imagenes/MEMKGN5270/MEMKGN5270_400.jpg,memorias_ram
MEMKGN5350,Micro Secure Digital 512GB Kingston A2 U3 V30 SDCG4/512GB,Micro Secure Digital 512GB Kingston A2 U3 V30 SDCG4/512GB,COMPONENTES DE ENSAMBLE,MICRO,118.97,3131.77,3711.73,assets/img/catalog/MEMKGN5350.jpg,https://static.ctonline.mx/marcas/png/MICRO.png,https://ctonline.mx/buscar/productos?b=MEMKGN5350,assets/img/catalog/MEMKGN5350.jpg,2319.83,3131.77,2783.8,35%,assets/img/catalog/MEMKGN5350.jpg,https://static.ctonline.mx/imagenes/MEMKGN5350/MEMKGN5350_400.jpg,memorias_ram
MEMKGN5340,Micro Secure Digital 1TB Kingston A2 U3 V30 SDCG4/1TB,Micro Secure Digital 1TB Kingston A2 U3 V30 SDCG4/1TB,COMPONENTES DE ENSAMBLE,MICRO,163.09,4293.24,5088.29,assets/img/catalog/MEMKGN5340.jpg,https://static.ctonline.mx/marcas/png/MICRO.png,https://ctonline.mx/buscar/productos?b=MEMKGN5340,assets/img/catalog/MEMKGN5340.jpg,3180.18,4293.24,3816.22,35%,assets/img/catalog/MEMKGN5340.jpg,https://static.ctonline.mx/imagenes/MEMKGN5340/MEMKGN5340_400.jpg,memorias_ram
MEMKGN2340,Memoria USB 64GB Kingston DTKN/64GB,Memoria USB 64GB Kingston DTKN/64GB,COMPONENTES DE ENSAMBLE,USB,10.75,283.0,335.41,assets/img/catalog/MEMKGN2340.jpg,https://static.ctonline.mx/marcas/png/USB.png,https://ctonline.mx/buscar/productos?b=MEMKGN2340,assets/img/catalog/MEMKGN2340.jpg,209.63,283.0,251.56,35%,assets/img/catalog/MEMKGN2340.jpg,https://static.ctonline.mx/imagenes/MEMKGN2340/MEMKGN2340_400.jpg,memorias_ram
MEMKGN2290,Memoria USB 128GB Kingston DTKN/128GB,Memoria USB 128GB Kingston DTKN/128GB,COMPONENTES DE ENSAMBLE,USB,17.5,460.69,546.0,assets/img/catalog/MEMKGN2290.jpg,https://static.ctonline.mx/marcas/png/USB.png,https://ctonline.mx/buscar/productos?b=MEMKGN2290,assets/img/catalog/MEMKGN2290.jpg,341.25,460.69,409.5,35%,assets/img/catalog/MEMKGN2290.jpg,https://static.ctonline.mx/imagenes/MEMKGN2290/MEMKGN2290_400.jpg,memorias_ram
MEMKGN3710,Memoria USB 256GB Kingston DTKN/256GB,Memoria USB 256GB Kingston DTKN/256GB,COMPONENTES DE ENSAMBLE,USB,32.0,842.4,998.4,assets/img/catalog/MEMKGN3710.jpg,https://static.ctonline.mx/marcas/png/USB.png,https://ctonline.mx/buscar/productos?b=MEMKGN3710,assets/img/catalog/MEMKGN3710.jpg,624.0,842.4,748.8,35%,assets/img/catalog/MEMKGN3710.jpg,https://static.ctonline.mx/imagenes/MEMKGN3710/MEMKGN3710_400.jpg,memorias_ram
MEMKGN3640,Memoria USB de 64GB Kingston DTXM/64GB (Black + Blue),Memoria USB de 64GB Kingston DTXM/64GB (Black + Blue),COMPONENTES DE ENSAMBLE,USB,4.78,125.78,149.07,assets/img/catalog/MEMKGN3640.jpg,https://static.ctonline.mx/marcas/png/USB.png,https://ctonline.mx/buscar/productos?b=MEMKGN3640,assets/img/catalog/MEMKGN3640.jpg,93.17,125.78,111.8,35%,assets/img/catalog/MEMKGN3640.jpg,https://static.ctonline.mx/imagenes/MEMKGN3640/MEMKGN3640_400.jpg,memorias_ram
MEMKGN3650,Memoria USB de 128GB Kingston DTXM/128GB (Black + Red),Memoria USB de 128GB Kingston DTXM/128GB (Black + Red),COMPONENTES DE ENSAMBLE,USB,7.78,204.75,242.67,assets/img/catalog/MEMKGN3650.jpg,https://static.ctonline.mx/marcas/png/USB.png,https://ctonline.mx/buscar/productos?b=MEMKGN3650,assets/img/catalog/MEMKGN3650.jpg,151.67,204.75,182.0,35%,assets/img/catalog/MEMKGN3650.jpg,https://static.ctonline.mx/imagenes/MEMKGN3650/MEMKGN3650_400.jpg,memorias_ram
MEMKGN4700,Memoria USB de 128GB Kingston DTXM/128GB KC-U2L128-7LB (Azul Neon),Memoria USB de 128GB Kingston DTXM/128GB KC-U2L128-7LB (Azul Neon),COMPONENTES DE ENSAMBLE,USB,8.3,218.5,258.96,assets/img/catalog/MEMKGN4700.jpg,https://static.ctonline.mx/marcas/png/USB.png,https://ctonline.mx/buscar/productos?b=MEMKGN4700,assets/img/catalog/MEMKGN4700.jpg,161.85,218.5,194.22,35%,assets/img/catalog/MEMKGN4700.jpg,https://static.ctonline.mx/imagenes/MEMKGN4700/MEMKGN4700_400.jpg,memorias_ram
MEMKGN4710,Memoria USB de 128GB Kingston DTXM/128GB KC-U2L128-7LG (Verde Neon),Memoria USB de 128GB Kingston DTXM/128GB KC-U2L128-7LG (Verde Neon),COMPONENTES DE ENSAMBLE,USB,8.3,218.5,258.96,assets/img/catalog/MEMKGN4710.jpg,https://static.ctonline.mx/marcas/png/USB.png,https://ctonline.mx/buscar/productos?b=MEMKGN4710,assets/img/catalog/MEMKGN4710.jpg,161.85,218.5,194.22,35%,assets/img/catalog/MEMKGN4710.jpg,https://static.ctonline.mx/imagenes/MEMKGN4710/MEMKGN4710_400.jpg,memorias_ram
MEMKGN4720,Memoria USB de 128GB Kingston DTXM/128GB KC-U2L128-7LN (Rosita Neon),Memoria USB de 128GB Kingston DTXM/128GB KC-U2L128-7LN (Rosita Neon),COMPONENTES DE ENSAMBLE,USB,8.3,218.5,258.96,assets/img/catalog/MEMKGN4720.jpg,https://static.ctonline.mx/marcas/png/USB.png,https://ctonline.mx/buscar/productos?b=MEMKGN4720,assets/img/catalog/MEMKGN4720.jpg,161.85,218.5,194.22,35%,assets/img/catalog/MEMKGN4720.jpg,https://static.ctonline.mx/imagenes/MEMKGN4720/MEMKGN4720_400.jpg,memorias_ram
MEMKGN4730,Memoria USB de 128GB Kingston DTXM/128GB KC-U2L128-7LP (Morado Neon),Memoria USB de 128GB Kingston DTXM/128GB KC-U2L128-7LP (Morado Neon),COMPONENTES DE ENSAMBLE,USB,8.3,218.5,258.96,assets/img/catalog/MEMKGN4730.jpg,https://static.ctonline.mx/marcas/png/USB.png,https://ctonline.mx/buscar/productos?b=MEMKGN4730,assets/img/catalog/MEMKGN4730.jpg,161.85,218.5,194.22,35%,assets/img/catalog/MEMKGN4730.jpg,https://static.ctonline.mx/imagenes/MEMKGN4730/MEMKGN4730_400.jpg,memorias_ram
MEMKGN4740,Memoria USB de 128GB Kingston DTX/128GB KC-U2G128-5R (Blanco),Memoria USB de 128GB Kingston DTX/128GB KC-U2G128-5R (Blanco),COMPONENTES DE ENSAMBLE,USB,8.3,218.5,258.96,assets/img/catalog/MEMKGN4740.jpg,https://static.ctonline.mx/marcas/png/USB.png,https://ctonline.mx/buscar/productos?b=MEMKGN4740,assets/img/catalog/MEMKGN4740.jpg,161.85,218.5,194.22,35%,assets/img/catalog/MEMKGN4740.jpg,https://static.ctonline.mx/imagenes/MEMKGN4740/MEMKGN4740_400.jpg,memorias_ram
MEMKGN3660,Memoria USB de 256GB Kingston DTXM/1256GB (Black + Teal),Memoria USB de 256GB Kingston DTXM/1256GB (Black + Teal),COMPONENTES DE ENSAMBLE,USB,18.8,494.91,586.56,assets/img/catalog/MEMKGN3660.jpg,https://static.ctonline.mx/marcas/png/USB.png,https://ctonline.mx/buscar/productos?b=MEMKGN3660,assets/img/catalog/MEMKGN3660.jpg,366.6,494.91,439.92,35%,assets/img/catalog/MEMKGN3660.jpg,https://static.ctonline.mx/imagenes/MEMKGN3660/MEMKGN3660_400.jpg,memorias_ram
MEMKGN4230,Memoria USB de 64GB Kingston KC-U2L64-7LN (Neon Rosa) MODELO NUEVO,Memoria USB de 64GB Kingston KC-U2L64-7LN (Neon Rosa) MODELO NUEVO,COMPONENTES DE ENSAMBLE,USB,4.95,130.32,154.45,assets/img/catalog/MEMKGN4230.jpg,https://static.ctonline.mx/marcas/png/USB.png,https://ctonline.mx/buscar/productos?b=MEMKGN4230,assets/img/catalog/MEMKGN4230.jpg,96.53,130.32,115.84,35%,assets/img/catalog/MEMKGN4230.jpg,https://static.ctonline.mx/imagenes/MEMKGN4230/MEMKGN4230_400.jpg,memorias_ram
MEMKGN4240,Memoria USB de 64GB Kingston KC-U2L64-7LB (Neon Turquesa) MODELO NUEVO,Memoria USB de 64GB Kingston KC-U2L64-7LB (Neon Turquesa) MODELO NUEVO,COMPONENTES DE ENSAMBLE,USB,5.0,131.62,156.0,assets/img/catalog/MEMKGN4240.jpg,https://static.ctonline.mx/marcas/png/USB.png,https://ctonline.mx/buscar/productos?b=MEMKGN4240,assets/img/catalog/MEMKGN4240.jpg,97.5,131.62,117.0,35%,assets/img/catalog/MEMKGN4240.jpg,https://static.ctonline.mx/imagenes/MEMKGN4240/MEMKGN4240_400.jpg,memorias_ram
MEMKGN4250,Memoria USB de 64GB Kingston KC-U2L64-7LP (Neon Morado) MODELO NUEVO,Memoria USB de 64GB Kingston KC-U2L64-7LP (Neon Morado) MODELO NUEVO,COMPONENTES DE ENSAMBLE,USB,5.0,131.62,156.0,assets/img/catalog/MEMKGN4250.jpg,https://static.ctonline.mx/marcas/png/USB.png,https://ctonline.mx/buscar/productos?b=MEMKGN4250,assets/img/catalog/MEMKGN4250.jpg,97.5,131.62,117.0,35%,assets/img/catalog/MEMKGN4250.jpg,https://static.ctonline.mx/imagenes/MEMKGN4250/MEMKGN4250_400.jpg,memorias_ram
MEMKGN4260,Memoria USB de 64GB Kingston KC-U2L64-7LG (Neon Verde) MODELO NUEVO,Memoria USB de 64GB Kingston KC-U2L64-7LG (Neon Verde) MODELO NUEVO,COMPONENTES DE ENSAMBLE,USB,5.0,131.62,156.0,assets/img/catalog/MEMKGN4260.jpg,https://static.ctonline.mx/marcas/png/USB.png,https://ctonline.mx/buscar/productos?b=MEMKGN4260,assets/img/catalog/MEMKGN4260.jpg,97.5,131.62,117.0,35%,assets/img/catalog/MEMKGN4260.jpg,https://static.ctonline.mx/imagenes/MEMKGN4260/MEMKGN4260_400.jpg,memorias_ram
MEMKGN2200,Memoria USB de 128GB Kingston DTX/128GB (Black + Yellow),Memoria USB de 128GB Kingston DTX/128GB (Black + Yellow),COMPONENTES DE ENSAMBLE,USB,7.78,204.75,242.67,assets/img/catalog/MEMKGN2200.jpg,https://static.ctonline.mx/marcas/png/USB.png,https://ctonline.mx/buscar/productos?b=MEMKGN2200,assets/img/catalog/MEMKGN2200.jpg,151.67,204.75,182.0,35%,assets/img/catalog/MEMKGN2200.jpg,https://static.ctonline.mx/imagenes/MEMKGN2200/MEMKGN2200_400.jpg,memorias_ram
MEMKGN6030,Memoria USB de 128GB Kingston DTX/128GB (Black + Yellow),Memoria USB de 128GB Kingston DTX/128GB (Black + Yellow),COMPONENTES DE ENSAMBLE,USB,7.78,204.75,242.67,assets/img/catalog/MEMKGN6030.jpg,https://static.ctonline.mx/marcas/png/USB.png,https://ctonline.mx/buscar/productos?b=MEMKGN6030,assets/img/catalog/MEMKGN6030.jpg,151.67,204.75,182.0,35%,assets/img/catalog/MEMKGN6030.jpg,https://static.ctonline.mx/imagenes/MEMKGN6030/MEMKGN6030_400.jpg,memorias_ram
MEMKGN2210,Memoria USB de 256GB Kingston DTX/256GB (Black + Pink),Memoria USB de 256GB Kingston DTX/256GB (Black + Pink),COMPONENTES DE ENSAMBLE,USB,18.0,473.85,561.6,assets/img/catalog/MEMKGN2210.jpg,https://static.ctonline.mx/marcas/png/USB.png,https://ctonline.mx/buscar/productos?b=MEMKGN2210,assets/img/catalog/MEMKGN2210.jpg,351.0,473.85,421.2,35%,assets/img/catalog/MEMKGN2210.jpg,https://static.ctonline.mx/imagenes/MEMKGN2210/MEMKGN2210_400.jpg,memorias_ram
MEMKGN6040,Memoria USB de 256GB Kingston DTX/256GB (Black + Pink),Memoria USB de 256GB Kingston DTX/256GB (Black + Pink),COMPONENTES DE ENSAMBLE,USB,18.0,473.85,561.6,assets/img/catalog/MEMKGN6040.jpg,https://static.ctonline.mx/marcas/png/USB.png,https://ctonline.mx/buscar/productos?b=MEMKGN6040,assets/img/catalog/MEMKGN6040.jpg,351.0,473.85,421.2,35%,assets/img/catalog/MEMKGN6040.jpg,https://static.ctonline.mx/imagenes/MEMKGN6040/MEMKGN6040_400.jpg,memorias_ram
MEMKGN6060,Memoria USB de 64GB Kingston KC-U3C64-7TB DT Exodia S Blue Casing,Memoria USB de 64GB Kingston KC-U3C64-7TB DT Exodia S Blue Casing,COMPONENTES DE ENSAMBLE,USB,5.03,132.35,156.86,assets/img/catalog/MEMKGN6060.jpg,https://static.ctonline.mx/marcas/png/USB.png,https://ctonline.mx/buscar/productos?b=MEMKGN6060,assets/img/catalog/MEMKGN6060.jpg,98.04,132.35,117.65,35%,assets/img/catalog/MEMKGN6060.jpg,https://static.ctonline.mx/imagenes/MEMKGN6060/MEMKGN6060_400.jpg,memorias_ram
MEMKGN6070,Memoria USB de 64GB Kingston KC-U3C64-7TR DT Exodia S Red Casing,Memoria USB de 64GB Kingston KC-U3C64-7TR DT Exodia S Red Casing,COMPONENTES DE ENSAMBLE,USB,5.03,132.35,156.86,assets/img/catalog/MEMKGN6070.jpg,https://static.ctonline.mx/marcas/png/USB.png,https://ctonline.mx/buscar/productos?b=MEMKGN6070,assets/img/catalog/MEMKGN6070.jpg,98.04,132.35,117.65,35%,assets/img/catalog/MEMKGN6070.jpg,https://static.ctonline.mx/imagenes/MEMKGN6070/MEMKGN6070_400.jpg,memorias_ram
MEMKGN6080,Memoria USB de 64GB Kingston KC-U3C64-7TP DT Exodia S Purple Casing,Memoria USB de 64GB Kingston KC-U3C64-7TP DT Exodia S Purple Casing,COMPONENTES DE ENSAMBLE,USB,5.03,132.35,156.86,assets/img/catalog/MEMKGN6080.jpg,https://static.ctonline.mx/marcas/png/USB.png,https://ctonline.mx/buscar/productos?b=MEMKGN6080,assets/img/catalog/MEMKGN6080.jpg,98.04,132.35,117.65,35%,assets/img/catalog/MEMKGN6080.jpg,https://static.ctonline.mx/imagenes/MEMKGN6080/MEMKGN6080_400.jpg,memorias_ram
MEMKGN6090,Memoria USB de 64GB Kingston KC-U3C64-7TG DT Exodia S Green Casing,Memoria USB de 64GB Kingston KC-U3C64-7TG DT Exodia S Green Casing,COMPONENTES DE ENSAMBLE,USB,5.03,132.35,156.86,assets/img/catalog/MEMKGN6090.jpg,https://static.ctonline.mx/marcas/png/USB.png,https://ctonline.mx/buscar/productos?b=MEMKGN6090,assets/img/catalog/MEMKGN6090.jpg,98.04,132.35,117.65,35%,assets/img/catalog/MEMKGN6090.jpg,https://static.ctonline.mx/imagenes/MEMKGN6090/MEMKGN6090_400.jpg,memorias_ram
MEMKGN6100,Memoria USB de 128GB Kingston KC-U3C128-7TB DT Exodia S Blue Casing,Memoria USB de 128GB Kingston KC-U3C128-7TB DT Exodia S Blue Casing,COMPONENTES DE ENSAMBLE,USB,8.35,219.71,260.4,assets/img/catalog/MEMKGN6100.jpg,https://static.ctonline.mx/marcas/png/USB.png,https://ctonline.mx/buscar/productos?b=MEMKGN6100,assets/img/catalog/MEMKGN6100.jpg,162.75,219.71,195.3,35%,assets/img/catalog/MEMKGN6100.jpg,https://static.ctonline.mx/imagenes/MEMKGN6100/MEMKGN6100_400.jpg,memorias_ram
MEMKGN6110,Memoria USB de 128GB Kingston KC-U3C128-7TR DT Exodia S Red Casing,Memoria USB de 128GB Kingston KC-U3C128-7TR DT Exodia S Red Casing,COMPONENTES DE ENSAMBLE,USB,8.35,219.71,260.4,assets/img/catalog/MEMKGN6110.jpg,https://static.ctonline.mx/marcas/png/USB.png,https://ctonline.mx/buscar/productos?b=MEMKGN6110,assets/img/catalog/MEMKGN6110.jpg,162.75,219.71,195.3,35%,assets/img/catalog/MEMKGN6110.jpg,https://static.ctonline.mx/imagenes/MEMKGN6110/MEMKGN6110_400.jpg,memorias_ram
MEMKGN6120,Memoria USB de 128GB Kingston KC-U3C128-7TP DT Exodia S Purple Casing,Memoria USB de 128GB Kingston KC-U3C128-7TP DT Exodia S Purple Casing,COMPONENTES DE ENSAMBLE,USB,8.35,219.71,260.4,assets/img/catalog/MEMKGN6120.jpg,https://static.ctonline.mx/marcas/png/USB.png,https://ctonline.mx/buscar/productos?b=MEMKGN6120,assets/img/catalog/MEMKGN6120.jpg,162.75,219.71,195.3,35%,assets/img/catalog/MEMKGN6120.jpg,https://static.ctonline.mx/imagenes/MEMKGN6120/MEMKGN6120_400.jpg,memorias_ram
MEMKGN6130,Memoria USB de 128GB Kingston KC-U3C128-7TG DT Exodia S Green Casing,Memoria USB de 128GB Kingston KC-U3C128-7TG DT Exodia S Green Casing,COMPONENTES DE ENSAMBLE,USB,8.35,219.71,260.4,assets/img/catalog/MEMKGN6130.jpg,https://static.ctonline.mx/marcas/png/USB.png,https://ctonline.mx/buscar/productos?b=MEMKGN6130,assets/img/catalog/MEMKGN6130.jpg,162.75,219.71,195.3,35%,assets/img/catalog/MEMKGN6130.jpg,https://static.ctonline.mx/imagenes/MEMKGN6130/MEMKGN6130_400.jpg,memorias_ram
MEMKGN4280,Memoria USB de 64GB Kingston DTX/64GBCL COLOGO,Memoria USB de 64GB Kingston DTX/64GBCL COLOGO,COMPONENTES DE ENSAMBLE,USB,5.46,143.61,170.21,https://static.ctonline.mx/imagenes/MEMKGN4280/MEMKGN4280_400.jpg,https://static.ctonline.mx/marcas/png/USB.png,https://ctonline.mx/buscar/productos?b=MEMKGN4280,https://static.ctonline.mx/imagenes/MEMKGN4280/MEMKGN4280_400.jpg,106.38,143.61,127.66,35%,assets/img/catalog/MEMKGN4280.jpg,https://static.ctonline.mx/imagenes/MEMKGN4280/MEMKGN4280_400.jpg,memorias_ram
MEMKGN2570,Memoria USB de 64GB Kingston DT70/64GB,Memoria USB de 64GB Kingston DT70/64GB,COMPONENTES DE ENSAMBLE,USB,4.56,119.92,142.13,assets/img/catalog/MEMKGN2570.jpg,https://static.ctonline.mx/marcas/png/USB.png,https://ctonline.mx/buscar/productos?b=MEMKGN2570,assets/img/catalog/MEMKGN2570.jpg,88.83,119.92,106.6,35%,assets/img/catalog/MEMKGN2570.jpg,https://static.ctonline.mx/imagenes/MEMKGN2570/MEMKGN2570_400.jpg,memorias_ram
MEMKGN2580,Memoria USB de 128GB Kingston DT70/128GB,Memoria USB de 128GB Kingston DT70/128GB,COMPONENTES DE ENSAMBLE,USB,8.25,217.17,257.39,assets/img/catalog/MEMKGN2580.jpg,https://static.ctonline.mx/marcas/png/USB.png,https://ctonline.mx/buscar/productos?b=MEMKGN2580,assets/img/catalog/MEMKGN2580.jpg,160.87,217.17,193.04,35%,assets/img/catalog/MEMKGN2580.jpg,https://static.ctonline.mx/imagenes/MEMKGN2580/MEMKGN2580_400.jpg,memorias_ram
MEMKGN4500,Memoria USB de 256GB Kingston DT70/256GB,Memoria USB de 256GB Kingston DT70/256GB,COMPONENTES DE ENSAMBLE,USB,18.8,494.91,586.56,assets/img/catalog/MEMKGN4500.jpg,https://static.ctonline.mx/marcas/png/USB.png,https://ctonline.mx/buscar/productos?b=MEMKGN4500,assets/img/catalog/MEMKGN4500.jpg,366.6,494.91,439.92,35%,assets/img/catalog/MEMKGN4500.jpg,https://static.ctonline.mx/imagenes/MEMKGN4500/MEMKGN4500_400.jpg,memorias_ram
MEMKGN6020,Memoria USB de 64GB Kingston DTXG2/64GB Exodia Black,Memoria USB de 64GB Kingston DTXG2/64GB Exodia Black,COMPONENTES DE ENSAMBLE,USB,4.78,125.78,149.07,assets/img/catalog/MEMKGN6020.jpg,https://static.ctonline.mx/marcas/png/USB.png,https://ctonline.mx/buscar/productos?b=MEMKGN6020,assets/img/catalog/MEMKGN6020.jpg,93.17,125.78,111.8,35%,assets/img/catalog/MEMKGN6020.jpg,https://static.ctonline.mx/imagenes/MEMKGN6020/MEMKGN6020_400.jpg,memorias_ram
MEMKGN6050,Memoria USB de 512GB Kingston DTXG2/512GB Exodia Black/Purple,Memoria USB de 512GB Kingston DTXG2/512GB Exodia Black/Purple,COMPONENTES DE ENSAMBLE,USB,42.22,1111.5,1317.33,assets/img/catalog/MEMKGN6050.jpg,https://static.ctonline.mx/marcas/png/USB.png,https://ctonline.mx/buscar/productos?b=MEMKGN6050,assets/img/catalog/MEMKGN6050.jpg,823.33,1111.5,988.0,35%,assets/img/catalog/MEMKGN6050.jpg,https://static.ctonline.mx/imagenes/MEMKGN6050/MEMKGN6050_400.jpg,memorias_ram
MEMKGN4620,Memoria USB de 64GB Kingston DTSE9G3/64GB,Memoria USB de 64GB Kingston DTSE9G3/64GB,COMPONENTES DE ENSAMBLE,USB,11.5,302.74,358.8,assets/img/catalog/MEMKGN4620.jpg,https://static.ctonline.mx/marcas/png/USB.png,https://ctonline.mx/buscar/productos?b=MEMKGN4620,assets/img/catalog/MEMKGN4620.jpg,224.25,302.74,269.1,35%,assets/img/catalog/MEMKGN4620.jpg,https://static.ctonline.mx/imagenes/MEMKGN4620/MEMKGN4620_400.jpg,memorias_ram
MEMKGN4630,Memoria USB de 128GB Kingston DTSE9G3/128GB,Memoria USB de 128GB Kingston DTSE9G3/128GB,COMPONENTES DE ENSAMBLE,USB,18.5,487.01,577.2,assets/img/catalog/MEMKGN4630.jpg,https://static.ctonline.mx/marcas/png/USB.png,https://ctonline.mx/buscar/productos?b=MEMKGN4630,assets/img/catalog/MEMKGN4630.jpg,360.75,487.01,432.9,35%,assets/img/catalog/MEMKGN4630.jpg,https://static.ctonline.mx/imagenes/MEMKGN4630/MEMKGN4630_400.jpg,memorias_ram
MEMKGN4640,Memoria USB de 256GB Kingston DTSE9G3/256GB,Memoria USB de 256GB Kingston DTSE9G3/256GB,COMPONENTES DE ENSAMBLE,USB,35.04,922.54,1093.38,assets/img/catalog/MEMKGN4640.jpg,https://static.ctonline.mx/marcas/png/USB.png,https://ctonline.mx/buscar/productos?b=MEMKGN4640,assets/img/catalog/MEMKGN4640.jpg,683.36,922.54,820.03,35%,assets/img/catalog/MEMKGN4640.jpg,https://static.ctonline.mx/imagenes/MEMKGN4640/MEMKGN4640_400.jpg,memorias_ram
MEMKGN4650,Memoria USB de 512GB Kingston DTSE9G3/512GB,Memoria USB de 512GB Kingston DTSE9G3/512GB,COMPONENTES DE ENSAMBLE,USB,61.75,1625.58,1926.61,assets/img/catalog/MEMKGN4650.jpg,https://static.ctonline.mx/marcas/png/USB.png,https://ctonline.mx/buscar/productos?b=MEMKGN4650,assets/img/catalog/MEMKGN4650.jpg,1204.13,1625.58,1444.96,35%,assets/img/catalog/MEMKGN4650.jpg,https://static.ctonline.mx/imagenes/MEMKGN4650/MEMKGN4650_400.jpg,memorias_ram
MEMKGN5230,Memoria USB de 64GB Kingston DTXS/64GB Exodia S (Negro),Memoria USB de 64GB Kingston DTXS/64GB Exodia S (Negro),COMPONENTES DE ENSAMBLE,USB,4.61,121.39,143.87,https://static.ctonline.mx/imagenes/MEMKGN5230/MEMKGN5230_400.jpg,https://static.ctonline.mx/marcas/png/USB.png,https://ctonline.mx/buscar/productos?b=MEMKGN5230,https://static.ctonline.mx/imagenes/MEMKGN5230/MEMKGN5230_400.jpg,89.92,121.39,107.9,35%,assets/img/catalog/MEMKGN5230.jpg,https://static.ctonline.mx/imagenes/MEMKGN5230/MEMKGN5230_400.jpg,memorias_ram
MEMKGN5240,Memoria USB de 128GB Kingston DTXS/128GB Exodia S (Negro + Azul),Memoria USB de 128GB Kingston DTXS/128GB Exodia S (Negro + Azul),COMPONENTES DE ENSAMBLE,USB,7.61,200.37,237.47,assets/img/catalog/MEMKGN5240.jpg,https://static.ctonline.mx/marcas/png/USB.png,https://ctonline.mx/buscar/productos?b=MEMKGN5240,assets/img/catalog/MEMKGN5240.jpg,148.42,200.37,178.1,35%,assets/img/catalog/MEMKGN5240.jpg,https://static.ctonline.mx/imagenes/MEMKGN5240/MEMKGN5240_400.jpg,memorias_ram
MEMKGN5250,Memoria USB de 256GB Kingston DTXS/256GB Exodia S (Negro + Naranja),Memoria USB de 256GB Kingston DTXS/256GB Exodia S (Negro + Naranja),COMPONENTES DE ENSAMBLE,USB,18.34,482.73,572.13,assets/img/catalog/MEMKGN5250.jpg,https://static.ctonline.mx/marcas/png/USB.png,https://ctonline.mx/buscar/productos?b=MEMKGN5250,assets/img/catalog/MEMKGN5250.jpg,357.58,482.73,429.1,35%,assets/img/catalog/MEMKGN5250.jpg,https://static.ctonline.mx/imagenes/MEMKGN5250/MEMKGN5250_400.jpg,memorias_ram
MEMKGN5260,Memoria USB de 512GB Kingston DTXS/512GB Exodia S (Negro + Amarillo),Memoria USB de 512GB Kingston DTXS/512GB Exodia S (Negro + Amarillo),COMPONENTES DE ENSAMBLE,USB,61.76,1625.72,1926.78,assets/img/catalog/MEMKGN5260.jpg,https://static.ctonline.mx/marcas/png/USB.png,https://ctonline.mx/buscar/productos?b=MEMKGN5260,assets/img/catalog/MEMKGN5260.jpg,1204.24,1625.72,1445.09,35%,assets/img/catalog/MEMKGN5260.jpg,https://static.ctonline.mx/imagenes/MEMKGN5260/MEMKGN5260_400.jpg,memorias_ram
MEMKGN5690,Memoria USB-A + USB-C DataTraveler DuoG2 de 128GB Kingston DTDEG2/128GB,Memoria USB-A + USB-C DataTraveler DuoG2 de 128GB Kingston DTDEG2/128GB,COMPONENTES DE ENSAMBLE,USB-A,10.43,274.66,325.52,assets/img/catalog/MEMKGN5690.jpg,https://static.ctonline.mx/marcas/png/USB-A.png,https://ctonline.mx/buscar/productos?b=MEMKGN5690,assets/img/catalog/MEMKGN5690.jpg,203.45,274.66,244.14,35%,assets/img/catalog/MEMKGN5690.jpg,https://static.ctonline.mx/imagenes/MEMKGN5690/MEMKGN5690_400.jpg,memorias_ram
MEMKGN5700,Memoria USB-A + USB-C DataTraveler DuoG2 de 256GB Kingston DTDEG2/256GB,Memoria USB-A + USB-C DataTraveler DuoG2 de 256GB Kingston DTDEG2/256GB,COMPONENTES DE ENSAMBLE,USB-A,21.05,554.13,656.75,assets/img/catalog/MEMKGN5700.jpg,https://static.ctonline.mx/marcas/png/USB-A.png,https://ctonline.mx/buscar/productos?b=MEMKGN5700,assets/img/catalog/MEMKGN5700.jpg,410.47,554.13,492.56,35%,assets/img/catalog/MEMKGN5700.jpg,https://static.ctonline.mx/imagenes/MEMKGN5700/MEMKGN5700_400.jpg,memorias_ram
MEMKGN4560,Memoria USB MicroDuo 3C de 128GB Kingston DTDUO3CG3/128GB,Memoria USB MicroDuo 3C de 128GB Kingston DTDUO3CG3/128GB,COMPONENTES DE ENSAMBLE,USB,22.95,604.17,716.05,assets/img/catalog/MEMKGN4560.jpg,https://static.ctonline.mx/marcas/png/USB.png,https://ctonline.mx/buscar/productos?b=MEMKGN4560,assets/img/catalog/MEMKGN4560.jpg,447.53,604.17,537.04,35%,assets/img/catalog/MEMKGN4560.jpg,https://static.ctonline.mx/imagenes/MEMKGN4560/MEMKGN4560_400.jpg,memorias_ram
MEMKGN4470,Memoria USB MicroDuo 3C de 64GB Kingston DTDUO3CG3/64GB,Memoria USB MicroDuo 3C de 64GB Kingston DTDUO3CG3/64GB,COMPONENTES DE ENSAMBLE,USB,15.55,409.36,485.17,assets/img/catalog/MEMKGN4470.jpg,https://static.ctonline.mx/marcas/png/USB.png,https://ctonline.mx/buscar/productos?b=MEMKGN4470,assets/img/catalog/MEMKGN4470.jpg,303.23,409.36,363.88,35%,assets/img/catalog/MEMKGN4470.jpg,https://static.ctonline.mx/imagenes/MEMKGN4470/MEMKGN4470_400.jpg,memorias_ram
MEMKGN4570,Memoria USB MicroDuo 3C de 256GB Kingston DTDUO3CG3/256GB,Memoria USB MicroDuo 3C de 256GB Kingston DTDUO3CG3/256GB,COMPONENTES DE ENSAMBLE,USB,35.75,941.13,1115.41,assets/img/catalog/MEMKGN4570.jpg,https://static.ctonline.mx/marcas/png/USB.png,https://ctonline.mx/buscar/productos?b=MEMKGN4570,assets/img/catalog/MEMKGN4570.jpg,697.13,941.13,836.56,35%,assets/img/catalog/MEMKGN4570.jpg,https://static.ctonline.mx/imagenes/MEMKGN4570/MEMKGN4570_400.jpg,memorias_ram
MEMKGN4660,IronKey S1000 KINGSTON 128GB IKS1000E/128GB,IronKey S1000 KINGSTON 128GB IKS1000E/128GB,COMPONENTES DE ENSAMBLE,IRONKEY,556.67,14654.25,17368.0,assets/img/catalog/MEMKGN4660.jpg,https://static.ctonline.mx/marcas/png/IRONKEY.png,https://ctonline.mx/buscar/productos?b=MEMKGN4660,assets/img/catalog/MEMKGN4660.jpg,10855.0,14654.25,13026.0,35%,assets/img/catalog/MEMKGN4660.jpg,https://static.ctonline.mx/imagenes/MEMKGN4660/MEMKGN4660_400.jpg,memorias_ram
MEMDAT2860,Memoria DDR3L ADATA 8GB 1600Mhz UDIMM 1.35V (ADDU1600W8G11-S),Memoria DDR3L ADATA 8GB 1600Mhz UDIMM 1.35V (ADDU1600W8G11-S),COMPONENTES DE ENSAMBLE,DDR3L,36.29,955.31,1132.22,assets/img/catalog/MEMDAT2860.jpg,https://static.ctonline.mx/marcas/png/DDR3L.png,https://ctonline.mx/buscar/productos?b=MEMDAT2860,assets/img/catalog/MEMDAT2860.jpg,707.64,955.31,849.17,35%,assets/img/catalog/MEMDAT2860.jpg,https://static.ctonline.mx/imagenes/MEMDAT2860/MEMDAT2860_400.jpg,memorias_ram
MEMDAT6460,Memoria DDR3L ADATA 8GB 1600Mhz UDIMM 1.35V (ADDU1600W8G11-S),Memoria DDR3L ADATA 8GB 1600Mhz UDIMM 1.35V (ADDU1600W8G11-S),COMPONENTES DE ENSAMBLE,DDR3L,36.29,955.31,1132.22,assets/img/catalog/MEMDAT6460.jpg,https://static.ctonline.mx/marcas/png/DDR3L.png,https://ctonline.mx/buscar/productos?b=MEMDAT6460,assets/img/catalog/MEMDAT6460.jpg,707.64,955.31,849.17,35%,assets/img/catalog/MEMDAT6460.jpg,https://static.ctonline.mx/imagenes/MEMDAT6460/MEMDAT6460_400.jpg,memorias_ram
MEMDAT5900,Memoria DDR4 de 8GB UDIMM 2666MHz ADATA AD4U26668G19-SGN,Memoria DDR4 de 8GB UDIMM 2666MHz ADATA AD4U26668G19-SGN,COMPONENTES DE ENSAMBLE,DDR4,66.17,1741.84,2064.4,assets/img/catalog/MEMDAT5900.jpg,https://static.ctonline.mx/marcas/png/DDR4.png,https://ctonline.mx/buscar/productos?b=MEMDAT5900,assets/img/catalog/MEMDAT5900.jpg,1290.25,1741.84,1548.3,35%,assets/img/catalog/MEMDAT5900.jpg,https://static.ctonline.mx/imagenes/MEMDAT5900/MEMDAT5900_400.jpg,memorias_ram
MEMDAT6090,Memoria DDR4 de 16GB UDIMM 2666MHz ADATA AD4U266616G19-SGN,Memoria DDR4 de 16GB UDIMM 2666MHz ADATA AD4U266616G19-SGN,COMPONENTES DE ENSAMBLE,DDR4,141.67,3729.38,4420.0,assets/img/catalog/MEMDAT6090.jpg,https://static.ctonline.mx/marcas/png/DDR4.png,https://ctonline.mx/buscar/productos?b=MEMDAT6090,assets/img/catalog/MEMDAT6090.jpg,2762.5,3729.38,3315.0,35%,assets/img/catalog/MEMDAT6090.jpg,https://static.ctonline.mx/imagenes/MEMDAT6090/MEMDAT6090_400.jpg,memorias_ram
MEMDAT5700,Memoria DDR4 de 8GB UDIMM 3200MHz ADATA AD4U32008G22-SGN,Memoria DDR4 de 8GB UDIMM 3200MHz ADATA AD4U32008G22-SGN,COMPONENTES DE ENSAMBLE,DDR4,50.61,1332.34,1579.07,assets/img/catalog/MEMDAT5700.jpg,https://static.ctonline.mx/marcas/png/DDR4.png,https://ctonline.mx/buscar/productos?b=MEMDAT5700,assets/img/catalog/MEMDAT5700.jpg,986.92,1332.34,1184.3,35%,assets/img/catalog/MEMDAT5700.jpg,https://static.ctonline.mx/imagenes/MEMDAT5700/MEMDAT5700_400.jpg,memorias_ram
MEMDAT7190,Memoria DDR4 de 16GB UDIMM 3200MHz ADATA AD4U320016G22-SGN,Memoria DDR4 de 16GB UDIMM 3200MHz ADATA AD4U320016G22-SGN,COMPONENTES DE ENSAMBLE,DDR4,101.11,2661.75,3154.67,assets/img/catalog/MEMDAT7190.jpg,https://static.ctonline.mx/marcas/png/DDR4.png,https://ctonline.mx/buscar/productos?b=MEMDAT7190,assets/img/catalog/MEMDAT7190.jpg,1971.67,2661.75,2366.0,35%,assets/img/catalog/MEMDAT7190.jpg,https://static.ctonline.mx/imagenes/MEMDAT7190/MEMDAT7190_400.jpg,memorias_ram
MEMDAT6130,Memoria DDR4 de 32GB UDIMM 3200MHz ADATA AD4U320032G22-SGN,Memoria DDR4 de 32GB UDIMM 3200MHz ADATA AD4U320032G22-SGN,COMPONENTES DE ENSAMBLE,DDR4,316.67,8336.25,9880.0,assets/img/catalog/MEMDAT6130.jpg,https://static.ctonline.mx/marcas/png/DDR4.png,https://ctonline.mx/buscar/productos?b=MEMDAT6130,assets/img/catalog/MEMDAT6130.jpg,6175.0,8336.25,7410.0,35%,assets/img/catalog/MEMDAT6130.jpg,https://static.ctonline.mx/imagenes/MEMDAT6130/MEMDAT6130_400.jpg,memorias_ram
MEMDAT6250,"Memoria RAM ADATA, DDR5 8GB UDIMM 4800MHz. NP. AD5U48008G-S","Memoria RAM ADATA, DDR5 8GB UDIMM 4800MHz. NP. AD5U48008G-S",COMPONENTES DE ENSAMBLE,RAM,111.26,2928.8,3471.17,assets/img/catalog/MEMDAT6250.jpg,https://static.ctonline.mx/marcas/png/RAM.png,https://ctonline.mx/buscar/productos?b=MEMDAT6250,assets/img/catalog/MEMDAT6250.jpg,2169.48,2928.8,2603.38,35%,assets/img/catalog/MEMDAT6250.jpg,https://static.ctonline.mx/imagenes/MEMDAT6250/MEMDAT6250_400.jpg,memorias_ram
MEMDAT6260,"Memoria RAM ADATA, DDR5 16GB UDIMM 4800MHz. NP. AD5U480016G-S","Memoria RAM ADATA, DDR5 16GB UDIMM 4800MHz. NP. AD5U480016G-S",COMPONENTES DE ENSAMBLE,RAM,162.22,4270.5,5061.33,assets/img/catalog/MEMDAT6260.jpg,https://static.ctonline.mx/marcas/png/RAM.png,https://ctonline.mx/buscar/productos?b=MEMDAT6260,assets/img/catalog/MEMDAT6260.jpg,3163.33,4270.5,3796.0,35%,assets/img/catalog/MEMDAT6260.jpg,https://static.ctonline.mx/imagenes/MEMDAT6260/MEMDAT6260_400.jpg,memorias_ram
MEMDAT7200,"Memoria RAM ADATA, DDR5 32GB UDIMM 4800MHz. AD5U480032G-S","Memoria RAM ADATA, DDR5 32GB UDIMM 4800MHz. AD5U480032G-S",COMPONENTES DE ENSAMBLE,RAM,316.67,8336.25,9880.0,assets/img/catalog/MEMDAT7200.jpg,https://static.ctonline.mx/marcas/png/RAM.png,https://ctonline.mx/buscar/productos?b=MEMDAT7200,assets/img/catalog/MEMDAT7200.jpg,6175.0,8336.25,7410.0,35%,assets/img/catalog/MEMDAT7200.jpg,https://static.ctonline.mx/imagenes/MEMDAT7200/MEMDAT7200_400.jpg,memorias_ram
MEMDAT6740,"Memoria RAM ADATA, DDR5 8GB UDIMM 5600MHz. NP. AD5U56008G-S","Memoria RAM ADATA, DDR5 8GB UDIMM 5600MHz. NP. AD5U56008G-S",COMPONENTES DE ENSAMBLE,RAM,107.67,2834.33,3359.2,assets/img/catalog/MEMDAT6740.jpg,https://static.ctonline.mx/marcas/png/RAM.png,https://ctonline.mx/buscar/productos?b=MEMDAT6740,assets/img/catalog/MEMDAT6740.jpg,2099.5,2834.33,2519.4,35%,assets/img/catalog/MEMDAT6740.jpg,https://static.ctonline.mx/imagenes/MEMDAT6740/MEMDAT6740_400.jpg,memorias_ram
MEMDAT6720,"Memoria RAM ADATA, DDR5 16GB UDIMM 5600MHz. NP. AD5U560016G-S","Memoria RAM ADATA, DDR5 16GB UDIMM 5600MHz. NP. AD5U560016G-S",COMPONENTES DE ENSAMBLE,RAM,178.06,4687.31,5555.33,assets/img/catalog/MEMDAT6720.jpg,https://static.ctonline.mx/marcas/png/RAM.png,https://ctonline.mx/buscar/productos?b=MEMDAT6720,assets/img/catalog/MEMDAT6720.jpg,3472.08,4687.31,4166.5,35%,assets/img/catalog/MEMDAT6720.jpg,https://static.ctonline.mx/imagenes/MEMDAT6720/MEMDAT6720_400.jpg,memorias_ram
MEMDAT6730,"Memoria RAM ADATA, DDR5 32GB UDIMM 5600MHz. NP. AD5U560032G-S","Memoria RAM ADATA, DDR5 32GB UDIMM 5600MHz. NP. AD5U560032G-S",COMPONENTES DE ENSAMBLE,RAM,350.0,9213.75,10920.0,assets/img/catalog/MEMDAT6730.jpg,https://static.ctonline.mx/marcas/png/RAM.png,https://ctonline.mx/buscar/productos?b=MEMDAT6730,assets/img/catalog/MEMDAT6730.jpg,6825.0,9213.75,8190.0,35%,assets/img/catalog/MEMDAT6730.jpg,https://static.ctonline.mx/imagenes/MEMDAT6730/MEMDAT6730_400.jpg,memorias_ram
MEMDAT2400,Memoria DDR3L de 8 GB SO DIMM Bus de 1600 MHz A-DATA ADDS1600W8G11-S,Memoria DDR3L de 8 GB SO DIMM Bus de 1600 MHz A-DATA ADDS1600W8G11-S,COMPONENTES DE ENSAMBLE,DDR3L,35.56,936.0,1109.33,assets/img/catalog/MEMDAT2400.jpg,https://static.ctonline.mx/marcas/png/DDR3L.png,https://ctonline.mx/buscar/productos?b=MEMDAT2400,assets/img/catalog/MEMDAT2400.jpg,693.33,936.0,832.0,35%,assets/img/catalog/MEMDAT2400.jpg,https://static.ctonline.mx/imagenes/MEMDAT2400/MEMDAT2400_400.jpg,memorias_ram
MEMDAT5970,Memoria DDR4 de 8GB SODIMM 2666MHz ADATA AD4S26668G19-SGN,Memoria DDR4 de 8GB SODIMM 2666MHz ADATA AD4S26668G19-SGN,COMPONENTES DE ENSAMBLE,DDR4,55.33,1456.65,1726.4,assets/img/catalog/MEMDAT5970.jpg,https://static.ctonline.mx/marcas/png/DDR4.png,https://ctonline.mx/buscar/productos?b=MEMDAT5970,assets/img/catalog/MEMDAT5970.jpg,1079.0,1456.65,1294.8,35%,assets/img/catalog/MEMDAT5970.jpg,https://static.ctonline.mx/imagenes/MEMDAT5970/MEMDAT5970_400.jpg,memorias_ram
MEMDAT5710,Memoria DDR4 de 16GB SODIMM 2666MHz ADATA AD4S266616G19-SGN,Memoria DDR4 de 16GB SODIMM 2666MHz ADATA AD4S266616G19-SGN,COMPONENTES DE ENSAMBLE,DDR4,76.67,2018.25,2392.0,assets/img/catalog/MEMDAT5710.jpg,https://static.ctonline.mx/marcas/png/DDR4.png,https://ctonline.mx/buscar/productos?b=MEMDAT5710,assets/img/catalog/MEMDAT5710.jpg,1495.0,2018.25,1794.0,35%,assets/img/catalog/MEMDAT5710.jpg,https://static.ctonline.mx/imagenes/MEMDAT5710/MEMDAT5710_400.jpg,memorias_ram
MEMDAT5960,Memoria DDR4 de 8GB SODIMM 3200MHz ADATA AD4S32008G22-SGN,Memoria DDR4 de 8GB SODIMM 3200MHz ADATA AD4S32008G22-SGN,COMPONENTES DE ENSAMBLE,DDR4,50.56,1330.87,1577.33,assets/img/catalog/MEMDAT5960.jpg,https://static.ctonline.mx/marcas/png/DDR4.png,https://ctonline.mx/buscar/productos?b=MEMDAT5960,assets/img/catalog/MEMDAT5960.jpg,985.83,1330.87,1183.0,35%,assets/img/catalog/MEMDAT5960.jpg,https://static.ctonline.mx/imagenes/MEMDAT5960/MEMDAT5960_400.jpg,memorias_ram
MEMDAT5890,Memoria DDR4 de 16GB SODIMM 3200MHz ADATA AD4S320016G22-SGN,Memoria DDR4 de 16GB SODIMM 3200MHz ADATA AD4S320016G22-SGN,COMPONENTES DE ENSAMBLE,DDR4,110.0,2895.75,3432.0,assets/img/catalog/MEMDAT5890.jpg,https://static.ctonline.mx/marcas/png/DDR4.png,https://ctonline.mx/buscar/productos?b=MEMDAT5890,assets/img/catalog/MEMDAT5890.jpg,2145.0,2895.75,2574.0,35%,assets/img/catalog/MEMDAT5890.jpg,https://static.ctonline.mx/imagenes/MEMDAT5890/MEMDAT5890_400.jpg,memorias_ram
MEMDAT6080,Memoria DDR4 de 32GB SODIMM 3200MHz ADATA AD4S320032G22-SGN,Memoria DDR4 de 32GB SODIMM 3200MHz ADATA AD4S320032G22-SGN,COMPONENTES DE ENSAMBLE,DDR4,211.11,5557.5,6586.67,assets/img/catalog/MEMDAT6080.jpg,https://static.ctonline.mx/marcas/png/DDR4.png,https://ctonline.mx/buscar/productos?b=MEMDAT6080,assets/img/catalog/MEMDAT6080.jpg,4116.67,5557.5,4940.0,35%,assets/img/catalog/MEMDAT6080.jpg,https://static.ctonline.mx/imagenes/MEMDAT6080/MEMDAT6080_400.jpg,memorias_ram
MEMDAT6530,"Memoria RAM ADATA, DDR5 8GB SODIMM 4800MHz. NP. AD5S48008G-S","Memoria RAM ADATA, DDR5 8GB SODIMM 4800MHz. NP. AD5S48008G-S",COMPONENTES DE ENSAMBLE,RAM,111.26,2928.8,3471.17,assets/img/catalog/MEMDAT6530.jpg,https://static.ctonline.mx/marcas/png/RAM.png,https://ctonline.mx/buscar/productos?b=MEMDAT6530,assets/img/catalog/MEMDAT6530.jpg,2169.48,2928.8,2603.38,35%,assets/img/catalog/MEMDAT6530.jpg,https://static.ctonline.mx/imagenes/MEMDAT6530/MEMDAT6530_400.jpg,memorias_ram
MEMDAT6470,"Memoria RAM ADATA, DDR5 16GB SODIMM 4800MHz. NP. AD5S480016G-S","Memoria RAM ADATA, DDR5 16GB SODIMM 4800MHz. NP. AD5S480016G-S",COMPONENTES DE ENSAMBLE,RAM,173.11,4557.15,5401.07,assets/img/catalog/MEMDAT6470.jpg,https://static.ctonline.mx/marcas/png/RAM.png,https://ctonline.mx/buscar/productos?b=MEMDAT6470,assets/img/catalog/MEMDAT6470.jpg,3375.67,4557.15,4050.8,35%,assets/img/catalog/MEMDAT6470.jpg,https://static.ctonline.mx/imagenes/MEMDAT6470/MEMDAT6470_400.jpg,memorias_ram
MEMDAT6510,"Memoria RAM ADATA, DDR5 32GB SODIMM 4800MHz. NP. AD5S480032G-S","Memoria RAM ADATA, DDR5 32GB SODIMM 4800MHz. NP. AD5S480032G-S",COMPONENTES DE ENSAMBLE,RAM,342.67,9020.7,10691.2,assets/img/catalog/MEMDAT6510.jpg,https://static.ctonline.mx/marcas/png/RAM.png,https://ctonline.mx/buscar/productos?b=MEMDAT6510,assets/img/catalog/MEMDAT6510.jpg,6682.0,9020.7,8018.4,35%,assets/img/catalog/MEMDAT6510.jpg,https://static.ctonline.mx/imagenes/MEMDAT6510/MEMDAT6510_400.jpg,memorias_ram
MEMDAT6770,"Memoria RAM ADATA, DDR5 8GB SODIMM 5600MHz. AD5S56008G-S","Memoria RAM ADATA, DDR5 8GB SODIMM 5600MHz. AD5S56008G-S",COMPONENTES DE ENSAMBLE,RAM,107.67,2834.33,3359.2,assets/img/catalog/MEMDAT6770.jpg,https://static.ctonline.mx/marcas/png/RAM.png,https://ctonline.mx/buscar/productos?b=MEMDAT6770,assets/img/catalog/MEMDAT6770.jpg,2099.5,2834.33,2519.4,35%,assets/img/catalog/MEMDAT6770.jpg,https://static.ctonline.mx/imagenes/MEMDAT6770/MEMDAT6770_400.jpg,memorias_ram
MEMDAT6780,"Memoria RAM ADATA, DDR5 16GB SODIMM 5600MHz. AD5S560016G-S","Memoria RAM ADATA, DDR5 16GB SODIMM 5600MHz. AD5S560016G-S",COMPONENTES DE ENSAMBLE,RAM,197.78,5206.5,6170.67,assets/img/catalog/MEMDAT6780.jpg,https://static.ctonline.mx/marcas/png/RAM.png,https://ctonline.mx/buscar/productos?b=MEMDAT6780,assets/img/catalog/MEMDAT6780.jpg,3856.67,5206.5,4628.0,35%,assets/img/catalog/MEMDAT6780.jpg,https://static.ctonline.mx/imagenes/MEMDAT6780/MEMDAT6780_400.jpg,memorias_ram
MEMDAT6790,"Memoria RAM ADATA, DDR5 32GB SODIMM 4800MHz. AD5S560032G-S","Memoria RAM ADATA, DDR5 32GB SODIMM 4800MHz. AD5S560032G-S",COMPONENTES DE ENSAMBLE,RAM,349.89,9210.82,10916.53,assets/img/catalog/MEMDAT6790.jpg,https://static.ctonline.mx/marcas/png/RAM.png,https://ctonline.mx/buscar/productos?b=MEMDAT6790,assets/img/catalog/MEMDAT6790.jpg,6822.83,9210.82,8187.4,35%,assets/img/catalog/MEMDAT6790.jpg,https://static.ctonline.mx/imagenes/MEMDAT6790/MEMDAT6790_400.jpg,memorias_ram
DDUDAT2490,"Unidad de Estado Sólido ADATA XPG SPECTRIX S65G, 500GB, M.2 PCIe GEN4X4 (NVMe) , 2280 (Lec/esc 5,000/2,700MB/s). SSPECTR","Unidad de Estado Sólido ADATA XPG SPECTRIX S65G, 500GB, M.2 PCIe GEN4X4 (NVMe) , 2280 (Lec/esc 5,000/2,700MB/s). SSPECTRIXS65G-500G-CI",COMPONENTES DE ENSAMBLE,UNIDAD,93.33,2457.0,2912.0,https://static.ctonline.mx/imagenes/DDUDAT2490/DDUDAT2490_400.jpg,https://static.ctonline.mx/marcas/png/UNIDAD.png,https://ctonline.mx/buscar/productos?b=DDUDAT2490,https://static.ctonline.mx/imagenes/DDUDAT2490/DDUDAT2490_400.jpg,1820.0,2457.0,2184.0,35%,assets/img/catalog/DDUDAT2490.jpg,https://static.ctonline.mx/imagenes/DDUDAT2490/DDUDAT2490_400.jpg,memorias_ram
DDUDAT2500,"Unidad de Estado Sólido ADATA XPG SPECTRIX S65G, 1TB, M.2 PCIe GEN4X4 (NVMe) , 2280 (Lec/esc 6,000/4,000MB/s). SSPECTRIX","Unidad de Estado Sólido ADATA XPG SPECTRIX S65G, 1TB, M.2 PCIe GEN4X4 (NVMe) , 2280 (Lec/esc 6,000/4,000MB/s). SSPECTRIXS65G-1000G-CI",COMPONENTES DE ENSAMBLE,UNIDAD,174.44,4592.25,5442.67,https://static.ctonline.mx/imagenes/DDUDAT2500/DDUDAT2500_400.jpg,https://static.ctonline.mx/marcas/png/UNIDAD.png,https://ctonline.mx/buscar/productos?b=DDUDAT2500,https://static.ctonline.mx/imagenes/DDUDAT2500/DDUDAT2500_400.jpg,3401.67,4592.25,4082.0,35%,assets/img/catalog/DDUDAT2500.jpg,https://static.ctonline.mx/imagenes/DDUDAT2500/DDUDAT2500_400.jpg,memorias_ram
DDUDAT2510,"Unidad de Estado Sólido ADATA XPG SPECTRIX S65G, 2TB, M.2 PCIe GEN4X4 (NVMe) , 2280 (Lec/esc 6,000/5,000MB/s). SSPECTRIX","Unidad de Estado Sólido ADATA XPG SPECTRIX S65G, 2TB, M.2 PCIe GEN4X4 (NVMe) , 2280 (Lec/esc 6,000/5,000MB/s). SSPECTRIXS65G-2000G-CI",COMPONENTES DE ENSAMBLE,UNIDAD,294.44,7751.25,9186.67,https://static.ctonline.mx/imagenes/DDUDAT2510/DDUDAT2510_400.jpg,https://static.ctonline.mx/marcas/png/UNIDAD.png,https://ctonline.mx/buscar/productos?b=DDUDAT2510,https://static.ctonline.mx/imagenes/DDUDAT2510/DDUDAT2510_400.jpg,5741.67,7751.25,6890.0,35%,assets/img/catalog/DDUDAT2510.jpg,https://static.ctonline.mx/imagenes/DDUDAT2510/DDUDAT2510_400.jpg,memorias_ram
MEMDAT7240,"Memoria RAM ADATA XPG LANCER BLADE, DDR5 8GB UDIMM 5600MT/s. Disipador aluminio NEGRO. AX5U5600C468G-SLABBK","Memoria RAM ADATA XPG LANCER BLADE, DDR5 8GB UDIMM 5600MT/s. Disipador aluminio NEGRO. AX5U5600C468G-SLABBK",COMPONENTES DE ENSAMBLE,RAM,106.67,2808.0,3328.0,https://static.ctonline.mx/imagenes/MEMDAT7240/MEMDAT7240_400.jpg,https://static.ctonline.mx/marcas/png/RAM.png,https://ctonline.mx/buscar/productos?b=MEMDAT7240,https://static.ctonline.mx/imagenes/MEMDAT7240/MEMDAT7240_400.jpg,2080.0,2808.0,2496.0,35%,assets/img/catalog/MEMDAT7240.jpg,https://static.ctonline.mx/imagenes/MEMDAT7240/MEMDAT7240_400.jpg,memorias_ram
MEMDAT7250,"Memoria RAM ADATA XPG LANCER BLADE, DDR5 8GB UDIMM 5600MT/s. Disipador aluminio BLANCO. AX5U5600C468G-SLABWH","Memoria RAM ADATA XPG LANCER BLADE, DDR5 8GB UDIMM 5600MT/s. Disipador aluminio BLANCO. AX5U5600C468G-SLABWH",COMPONENTES DE ENSAMBLE,RAM,100.56,2647.12,3137.33,https://static.ctonline.mx/imagenes/MEMDAT7250/MEMDAT7250_400.jpg,https://static.ctonline.mx/marcas/png/RAM.png,https://ctonline.mx/buscar/productos?b=MEMDAT7250,https://static.ctonline.mx/imagenes/MEMDAT7250/MEMDAT7250_400.jpg,1960.83,2647.12,2353.0,35%,assets/img/catalog/MEMDAT7250.jpg,https://static.ctonline.mx/imagenes/MEMDAT7250/MEMDAT7250_400.jpg,memorias_ram
MEMDAT7260,"Memoria RAM ADATA XPG LANCER BLADE, DDR5 16GB UDIMM 5600MT/s. Disipador aluminio NEGRO. AX5U5600C4616G-SLABBK","Memoria RAM ADATA XPG LANCER BLADE, DDR5 16GB UDIMM 5600MT/s. Disipador aluminio NEGRO. AX5U5600C4616G-SLABBK",COMPONENTES DE ENSAMBLE,RAM,182.22,4797.0,5685.33,https://static.ctonline.mx/imagenes/MEMDAT7260/MEMDAT7260_400.jpg,https://static.ctonline.mx/marcas/png/RAM.png,https://ctonline.mx/buscar/productos?b=MEMDAT7260,https://static.ctonline.mx/imagenes/MEMDAT7260/MEMDAT7260_400.jpg,3553.33,4797.0,4264.0,35%,assets/img/catalog/MEMDAT7260.jpg,https://static.ctonline.mx/imagenes/MEMDAT7260/MEMDAT7260_400.jpg,memorias_ram
MEMDAT7270,"Memoria RAM ADATA XPG LANCER BLADE, DDR5 16GB UDIMM 5600MT/s. Disipador aluminio BLANCO. AX5U5600C4616G-SLABWH","Memoria RAM ADATA XPG LANCER BLADE, DDR5 16GB UDIMM 5600MT/s. Disipador aluminio BLANCO. AX5U5600C4616G-SLABWH",COMPONENTES DE ENSAMBLE,RAM,182.22,4797.0,5685.33,https://static.ctonline.mx/imagenes/MEMDAT7270/MEMDAT7270_400.jpg,https://static.ctonline.mx/marcas/png/RAM.png,https://ctonline.mx/buscar/productos?b=MEMDAT7270,https://static.ctonline.mx/imagenes/MEMDAT7270/MEMDAT7270_400.jpg,3553.33,4797.0,4264.0,35%,assets/img/catalog/MEMDAT7270.jpg,https://static.ctonline.mx/imagenes/MEMDAT7270/MEMDAT7270_400.jpg,memorias_ram
MEMDAT6900,"Memoria RAM ADATA XPG LANCER BLADE RGB, DDR5 16GB UDIMM 6000MHz, con Iluminación RGB. Disipador BLANCO. AX5U6000C4816G-S","Memoria RAM ADATA XPG LANCER BLADE RGB, DDR5 16GB UDIMM 6000MHz, con Iluminación RGB. Disipador BLANCO. AX5U6000C4816G-SLABRWH",COMPONENTES DE ENSAMBLE,RAM,211.57,5569.49,6600.88,https://static.ctonline.mx/imagenes/MEMDAT6900/MEMDAT6900_400.jpg,https://static.ctonline.mx/marcas/png/RAM.png,https://ctonline.mx/buscar/productos?b=MEMDAT6900,https://static.ctonline.mx/imagenes/MEMDAT6900/MEMDAT6900_400.jpg,4125.55,5569.49,4950.66,35%,assets/img/catalog/MEMDAT6900.jpg,https://static.ctonline.mx/imagenes/MEMDAT6900/MEMDAT6900_400.jpg,memorias_ram
MEMDAT6930,"Memoria RAM ADATA XPG LANCER BLADE, DDR5 16GB UDIMM 6000MHz. Disipador BLANCO. AX5U6000C4816G-SLABWH","Memoria RAM ADATA XPG LANCER BLADE, DDR5 16GB UDIMM 6000MHz. Disipador BLANCO. AX5U6000C4816G-SLABWH",COMPONENTES DE ENSAMBLE,RAM,203.11,5346.9,6337.07,https://static.ctonline.mx/imagenes/MEMDAT6930/MEMDAT6930_400.jpg,https://static.ctonline.mx/marcas/png/RAM.png,https://ctonline.mx/buscar/productos?b=MEMDAT6930,https://static.ctonline.mx/imagenes/MEMDAT6930/MEMDAT6930_400.jpg,3960.67,5346.9,4752.8,35%,assets/img/catalog/MEMDAT6930.jpg,https://static.ctonline.mx/imagenes/MEMDAT6930/MEMDAT6930_400.jpg,memorias_ram
MEMDAT6890,"Memoria RAM ADATA XPG LANCER BLADE RGB, DDR5 16GB UDIMM 6000MHz, con Iluminación RGB. Disipador NEGRO. AX5U6000C4816G-SL","Memoria RAM ADATA XPG LANCER BLADE RGB, DDR5 16GB UDIMM 6000MHz, con Iluminación RGB. Disipador NEGRO. AX5U6000C4816G-SLABRBK",COMPONENTES DE ENSAMBLE,RAM,210.53,5542.29,6568.64,https://static.ctonline.mx/imagenes/MEMDAT6890/MEMDAT6890_400.jpg,https://static.ctonline.mx/marcas/png/RAM.png,https://ctonline.mx/buscar/productos?b=MEMDAT6890,https://static.ctonline.mx/imagenes/MEMDAT6890/MEMDAT6890_400.jpg,4105.4,5542.29,4926.48,35%,assets/img/catalog/MEMDAT6890.jpg,https://static.ctonline.mx/imagenes/MEMDAT6890/MEMDAT6890_400.jpg,memorias_ram
MEMDAT7400,"Memoria RAM ADATA XPG LANCER BLADE, DDR5 16GB UDIMM 6000MT/s. Disipador aluminio NEGRO. AX5U6000C4816G-SLABBK","Memoria RAM ADATA XPG LANCER BLADE, DDR5 16GB UDIMM 6000MT/s. Disipador aluminio NEGRO. AX5U6000C4816G-SLABBK",COMPONENTES DE ENSAMBLE,RAM,219.22,5771.02,6839.73,https://static.ctonline.mx/imagenes/MEMDAT7400/MEMDAT7400_400.jpg,https://static.ctonline.mx/marcas/png/RAM.png,https://ctonline.mx/buscar/productos?b=MEMDAT7400,https://static.ctonline.mx/imagenes/MEMDAT7400/MEMDAT7400_400.jpg,4274.83,5771.02,5129.8,35%,assets/img/catalog/MEMDAT7400.jpg,https://static.ctonline.mx/imagenes/MEMDAT7400/MEMDAT7400_400.jpg,memorias_ram
MEMDAT7230,"Memoria RAM ADATA XPG LANCER RGB CERTIFICADA ROG, DDR5 KIT 2X16GB UDIMM 6600MT/s. Disipador aluminio con RGB. AX5U6600C3","Memoria RAM ADATA XPG LANCER RGB CERTIFICADA ROG, DDR5 KIT 2X16GB UDIMM 6600MT/s. Disipador aluminio con RGB. AX5U6600C3216G-DCLARROG",COMPONENTES DE ENSAMBLE,RAM,366.67,9652.5,11440.0,https://static.ctonline.mx/imagenes/MEMDAT7230/MEMDAT7230_400.jpg,https://static.ctonline.mx/marcas/png/RAM.png,https://ctonline.mx/buscar/productos?b=MEMDAT7230,https://static.ctonline.mx/imagenes/MEMDAT7230/MEMDAT7230_400.jpg,7150.0,9652.5,8580.0,35%,assets/img/catalog/MEMDAT7230.jpg,https://static.ctonline.mx/imagenes/MEMDAT7230/MEMDAT7230_400.jpg,memorias_ram
MEMDAT6920,"Memoria RAM ADATA XPG LANCER BLADE RGB, DDR5 32GB UDIMM 6000MHz, con Iluminación RGB. Disipador BLANCO. AX5U6000C3032G-S","Memoria RAM ADATA XPG LANCER BLADE RGB, DDR5 32GB UDIMM 6000MHz, con Iluminación RGB. Disipador BLANCO. AX5U6000C3032G-SLABRWH",COMPONENTES DE ENSAMBLE,RAM,316.67,8336.25,9880.0,https://static.ctonline.mx/imagenes/MEMDAT6920/MEMDAT6920_400.jpg,https://static.ctonline.mx/marcas/png/RAM.png,https://ctonline.mx/buscar/productos?b=MEMDAT6920,https://static.ctonline.mx/imagenes/MEMDAT6920/MEMDAT6920_400.jpg,6175.0,8336.25,7410.0,35%,assets/img/catalog/MEMDAT6920.jpg,https://static.ctonline.mx/imagenes/MEMDAT6920/MEMDAT6920_400.jpg,memorias_ram
MEMDAT6910,"Memoria RAM ADATA XPG LANCER BLADE RGB, DDR5 32GB UDIMM 6000MHz, con Iluminación RGB. Disipador NEGRO. AX5U6000C3032G-SL","Memoria RAM ADATA XPG LANCER BLADE RGB, DDR5 32GB UDIMM 6000MHz, con Iluminación RGB. Disipador NEGRO. AX5U6000C3032G-SLABRBK",COMPONENTES DE ENSAMBLE,RAM,316.67,8336.25,9880.0,https://static.ctonline.mx/imagenes/MEMDAT6910/MEMDAT6910_400.jpg,https://static.ctonline.mx/marcas/png/RAM.png,https://ctonline.mx/buscar/productos?b=MEMDAT6910,https://static.ctonline.mx/imagenes/MEMDAT6910/MEMDAT6910_400.jpg,6175.0,8336.25,7410.0,35%,assets/img/catalog/MEMDAT6910.jpg,https://static.ctonline.mx/imagenes/MEMDAT6910/MEMDAT6910_400.jpg,memorias_ram
MEMDAT7280,"Memoria RAM ADATA XPG LANCER BLADE RGB, DDR5 KIT 2X24GB UDIMM 6000MT/s. Disipador aluminio NEGRO. AX5U6000C3024G-DTLABRB","Memoria RAM ADATA XPG LANCER BLADE RGB, DDR5 KIT 2X24GB UDIMM 6000MT/s. Disipador aluminio NEGRO. AX5U6000C3024G-DTLABRBK",COMPONENTES DE ENSAMBLE,RAM,366.67,9652.5,11440.0,https://static.ctonline.mx/imagenes/MEMDAT7280/MEMDAT7280_400.jpg,https://static.ctonline.mx/marcas/png/RAM.png,https://ctonline.mx/buscar/productos?b=MEMDAT7280,https://static.ctonline.mx/imagenes/MEMDAT7280/MEMDAT7280_400.jpg,7150.0,9652.5,8580.0,35%,assets/img/catalog/MEMDAT7280.jpg,https://static.ctonline.mx/imagenes/MEMDAT7280/MEMDAT7280_400.jpg,memorias_ram
MEMDAT7320,"Memoria RAM ADATA XPG LANCER BLADE RGB, DDR5 KIT 2X24GB UDIMM 6000MT/s. Disipador aluminio BLANCO. AX5U6000C3024G-DTLABR","Memoria RAM ADATA XPG LANCER BLADE RGB, DDR5 KIT 2X24GB UDIMM 6000MT/s. Disipador aluminio BLANCO. AX5U6000C3024G-DTLABRWH",COMPONENTES DE ENSAMBLE,RAM,366.67,9652.5,11440.0,https://static.ctonline.mx/imagenes/MEMDAT7320/MEMDAT7320_400.jpg,https://static.ctonline.mx/marcas/png/RAM.png,https://ctonline.mx/buscar/productos?b=MEMDAT7320,https://static.ctonline.mx/imagenes/MEMDAT7320/MEMDAT7320_400.jpg,7150.0,9652.5,8580.0,35%,assets/img/catalog/MEMDAT7320.jpg,https://static.ctonline.mx/imagenes/MEMDAT7320/MEMDAT7320_400.jpg,memorias_ram
MEMDAT7340,"Memoria RAM ADATA XPG LANCER NEON RGB, DDR5 16GB UDIMM 6400MT/s. Disipador de aluminio GRIS PLATEADO. AX5U6400C3216G-CLA","Memoria RAM ADATA XPG LANCER NEON RGB, DDR5 16GB UDIMM 6400MT/s. Disipador de aluminio GRIS PLATEADO. AX5U6400C3216G-CLANRSG",COMPONENTES DE ENSAMBLE,RAM,177.78,4680.0,5546.67,https://static.ctonline.mx/imagenes/MEMDAT7340/MEMDAT7340_400.jpg,https://static.ctonline.mx/marcas/png/RAM.png,https://ctonline.mx/buscar/productos?b=MEMDAT7340,https://static.ctonline.mx/imagenes/MEMDAT7340/MEMDAT7340_400.jpg,3466.67,4680.0,4160.0,35%,assets/img/catalog/MEMDAT7340.jpg,https://static.ctonline.mx/imagenes/MEMDAT7340/MEMDAT7340_400.jpg,memorias_ram
MEMDAT7330,"Memoria RAM ADATA XPG LANCER NEON RGB, DDR5 16GB UDIMM 6000MT/s. Disipador de aluminio GRIS PLATEADO. AX5U6000C3016G-CLA","Memoria RAM ADATA XPG LANCER NEON RGB, DDR5 16GB UDIMM 6000MT/s. Disipador de aluminio GRIS PLATEADO. AX5U6000C3016G-CLANRSG",COMPONENTES DE ENSAMBLE,RAM,244.44,6435.0,7626.67,https://static.ctonline.mx/imagenes/MEMDAT7330/MEMDAT7330_400.jpg,https://static.ctonline.mx/marcas/png/RAM.png,https://ctonline.mx/buscar/productos?b=MEMDAT7330,https://static.ctonline.mx/imagenes/MEMDAT7330/MEMDAT7330_400.jpg,4766.67,6435.0,5720.0,35%,assets/img/catalog/MEMDAT7330.jpg,https://static.ctonline.mx/imagenes/MEMDAT7330/MEMDAT7330_400.jpg,memorias_ram
MEMDAT7440,"Memoria RAM ADATA XPG LANCER RGB, DDR5 48GB UDIMM 6400MT/s. Disipador aluminio NEGRO. AX5U6400C3248G-CLARBK","Memoria RAM ADATA XPG LANCER RGB, DDR5 48GB UDIMM 6400MT/s. Disipador aluminio NEGRO. AX5U6400C3248G-CLARBK",COMPONENTES DE ENSAMBLE,RAM,777.78,20475.0,24266.67,https://static.ctonline.mx/imagenes/MEMDAT7440/MEMDAT7440_400.jpg,https://static.ctonline.mx/marcas/png/RAM.png,https://ctonline.mx/buscar/productos?b=MEMDAT7440,https://static.ctonline.mx/imagenes/MEMDAT7440/MEMDAT7440_400.jpg,15166.67,20475.0,18200.0,35%,assets/img/catalog/MEMDAT7440.jpg,https://static.ctonline.mx/imagenes/MEMDAT7440/MEMDAT7440_400.jpg,memorias_ram
MEMDAT7350,"Memoria RAM ADATA XPG LANCER NEON RGB, DDR5 16GB UDIMM 6800MT/s. Disipador de aluminio GRIS PLATEADO. AX5U6800C3416G-CLA","Memoria RAM ADATA XPG LANCER NEON RGB, DDR5 16GB UDIMM 6800MT/s. Disipador de aluminio GRIS PLATEADO. AX5U6800C3416G-CLANRSG",COMPONENTES DE ENSAMBLE,RAM,177.78,4680.0,5546.67,https://static.ctonline.mx/imagenes/MEMDAT7350/MEMDAT7350_400.jpg,https://static.ctonline.mx/marcas/png/RAM.png,https://ctonline.mx/buscar/productos?b=MEMDAT7350,https://static.ctonline.mx/imagenes/MEMDAT7350/MEMDAT7350_400.jpg,3466.67,4680.0,4160.0,35%,assets/img/catalog/MEMDAT7350.jpg,https://static.ctonline.mx/imagenes/MEMDAT7350/MEMDAT7350_400.jpg,memorias_ram
MEMDAT7360,"Memoria RAM ADATA XPG LANCER NEON RGB, DDR5 KIT 2X16GB UDIMM 7200MT/s. Disipador de aluminio GRIS PLATEADO. AX5U7200C341","Memoria RAM ADATA XPG LANCER NEON RGB, DDR5 KIT 2X16GB UDIMM 7200MT/s. Disipador de aluminio GRIS PLATEADO. AX5U7200C3416G-DCLANRSG",COMPONENTES DE ENSAMBLE,RAM,366.67,9652.5,11440.0,https://static.ctonline.mx/imagenes/MEMDAT7360/MEMDAT7360_400.jpg,https://static.ctonline.mx/marcas/png/RAM.png,https://ctonline.mx/buscar/productos?b=MEMDAT7360,https://static.ctonline.mx/imagenes/MEMDAT7360/MEMDAT7360_400.jpg,7150.0,9652.5,8580.0,35%,assets/img/catalog/MEMDAT7360.jpg,https://static.ctonline.mx/imagenes/MEMDAT7360/MEMDAT7360_400.jpg,memorias_ram
MEMDAT7370,"Memoria RAM ADATA XPG LANCER NEON RGB, DDR5 KIT 2X16GB UDIMM 8000MT/s. Disipador de aluminio GRIS PLATEADO. AX5U8000C381","Memoria RAM ADATA XPG LANCER NEON RGB, DDR5 KIT 2X16GB UDIMM 8000MT/s. Disipador de aluminio GRIS PLATEADO. AX5U8000C3816G-DCLANRSG",COMPONENTES DE ENSAMBLE,RAM,366.67,9652.5,11440.0,https://static.ctonline.mx/imagenes/MEMDAT7370/MEMDAT7370_400.jpg,https://static.ctonline.mx/marcas/png/RAM.png,https://ctonline.mx/buscar/productos?b=MEMDAT7370,https://static.ctonline.mx/imagenes/MEMDAT7370/MEMDAT7370_400.jpg,7150.0,9652.5,8580.0,35%,assets/img/catalog/MEMDAT7370.jpg,https://static.ctonline.mx/imagenes/MEMDAT7370/MEMDAT7370_400.jpg,memorias_ram
MEMDAT7210,"Memoria RAM ADATA XPG HUNTER, DDR4 8GB SODIMM 3200MT/s. Disipador NEGRO. AX4S32008G22-SBHN","Memoria RAM ADATA XPG HUNTER, DDR4 8GB SODIMM 3200MT/s. Disipador NEGRO. AX4S32008G22-SBHN",COMPONENTES DE ENSAMBLE,RAM,58.33,1535.62,1820.0,https://static.ctonline.mx/imagenes/MEMDAT7210/MEMDAT7210_400.jpg,https://static.ctonline.mx/marcas/png/RAM.png,https://ctonline.mx/buscar/productos?b=MEMDAT7210,https://static.ctonline.mx/imagenes/MEMDAT7210/MEMDAT7210_400.jpg,1137.5,1535.62,1365.0,35%,assets/img/catalog/MEMDAT7210.jpg,https://static.ctonline.mx/imagenes/MEMDAT7210/MEMDAT7210_400.jpg,memorias_ram
MEMDAT7220,"Memoria RAM ADATA XPG HUNTER, DDR4 16GB SODIMM 3200MT/s. Disipador NEGRO. AX4S320016G22-SBHN","Memoria RAM ADATA XPG HUNTER, DDR4 16GB SODIMM 3200MT/s. Disipador NEGRO. AX4S320016G22-SBHN",COMPONENTES DE ENSAMBLE,RAM,115.0,3027.38,3588.0,https://static.ctonline.mx/imagenes/MEMDAT7220/MEMDAT7220_400.jpg,https://static.ctonline.mx/marcas/png/RAM.png,https://ctonline.mx/buscar/productos?b=MEMDAT7220,https://static.ctonline.mx/imagenes/MEMDAT7220/MEMDAT7220_400.jpg,2242.5,3027.38,2691.0,35%,assets/img/catalog/MEMDAT7220.jpg,https://static.ctonline.mx/imagenes/MEMDAT7220/MEMDAT7220_400.jpg,memorias_ram
MEMDAT7410,"Memoria RAM ADATA XPG HUNTER, DDR5 8GB SODIMM 5600MT/s. Disipador NEGRO. AX5S5600C468G-SBHT","Memoria RAM ADATA XPG HUNTER, DDR5 8GB SODIMM 5600MT/s. Disipador NEGRO. AX5S5600C468G-SBHT",COMPONENTES DE ENSAMBLE,RAM,108.33,2851.88,3380.0,https://static.ctonline.mx/imagenes/MEMDAT7410/MEMDAT7410_400.jpg,https://static.ctonline.mx/marcas/png/RAM.png,https://ctonline.mx/buscar/productos?b=MEMDAT7410,https://static.ctonline.mx/imagenes/MEMDAT7410/MEMDAT7410_400.jpg,2112.5,2851.88,2535.0,35%,assets/img/catalog/MEMDAT7410.jpg,https://static.ctonline.mx/imagenes/MEMDAT7410/MEMDAT7410_400.jpg,memorias_ram
MEMDAT7420,"Memoria RAM ADATA XPG HUNTER, DDR5 16GB SODIMM 5600MT/s. Disipador NEGRO. AX5S5600C4616G-SBHT","Memoria RAM ADATA XPG HUNTER, DDR5 16GB SODIMM 5600MT/s. Disipador NEGRO. AX5S5600C4616G-SBHT",COMPONENTES DE ENSAMBLE,RAM,198.56,5226.97,6194.93,https://static.ctonline.mx/imagenes/MEMDAT7420/MEMDAT7420_400.jpg,https://static.ctonline.mx/marcas/png/RAM.png,https://ctonline.mx/buscar/productos?b=MEMDAT7420,https://static.ctonline.mx/imagenes/MEMDAT7420/MEMDAT7420_400.jpg,3871.83,5226.97,4646.2,35%,assets/img/catalog/MEMDAT7420.jpg,https://static.ctonline.mx/imagenes/MEMDAT7420/MEMDAT7420_400.jpg,memorias_ram
MEMDAT7430,"Memoria RAM ADATA XPG HUNTER, DDR5 32GB SODIMM 5600MT/s. Disipador NEGRO. AX5S5600C4632G-SBHT","Memoria RAM ADATA XPG HUNTER, DDR5 32GB SODIMM 5600MT/s. Disipador NEGRO. AX5S5600C4632G-SBHT",COMPONENTES DE ENSAMBLE,RAM,393.21,10351.29,12268.19,https://static.ctonline.mx/imagenes/MEMDAT7430/MEMDAT7430_400.jpg,https://static.ctonline.mx/marcas/png/RAM.png,https://ctonline.mx/buscar/productos?b=MEMDAT7430,https://static.ctonline.mx/imagenes/MEMDAT7430/MEMDAT7430_400.jpg,7667.62,10351.29,9201.14,35%,assets/img/catalog/MEMDAT7430.jpg,https://static.ctonline.mx/imagenes/MEMDAT7430/MEMDAT7430_400.jpg,memorias_ram
MEMDAT6840,"Memoria RAM ADATA XPG GAMMIX D35, DDR4 8GB UDIMM 3200MHz. Disipador NEGRO . AX4U32008G16A-SBKD35","Memoria RAM ADATA XPG GAMMIX D35, DDR4 8GB UDIMM 3200MHz. Disipador NEGRO . AX4U32008G16A-SBKD35",COMPONENTES DE ENSAMBLE,RAM,54.44,1433.25,1698.67,https://static.ctonline.mx/imagenes/MEMDAT6840/MEMDAT6840_400.jpg,https://static.ctonline.mx/marcas/png/RAM.png,https://ctonline.mx/buscar/productos?b=MEMDAT6840,https://static.ctonline.mx/imagenes/MEMDAT6840/MEMDAT6840_400.jpg,1061.67,1433.25,1274.0,35%,assets/img/catalog/MEMDAT6840.jpg,https://static.ctonline.mx/imagenes/MEMDAT6840/MEMDAT6840_400.jpg,memorias_ram
MEMDAT6850,"Memoria RAM ADATA XPG GAMMIX D35, DDR4 16GB UDIMM 3200MHz. Disipador NEGRO. AX4U320016G16A-SBKD35","Memoria RAM ADATA XPG GAMMIX D35, DDR4 16GB UDIMM 3200MHz. Disipador NEGRO. AX4U320016G16A-SBKD35",COMPONENTES DE ENSAMBLE,RAM,103.89,2734.87,3241.33,https://static.ctonline.mx/imagenes/MEMDAT6850/MEMDAT6850_400.jpg,https://static.ctonline.mx/marcas/png/RAM.png,https://ctonline.mx/buscar/productos?b=MEMDAT6850,https://static.ctonline.mx/imagenes/MEMDAT6850/MEMDAT6850_400.jpg,2025.83,2734.87,2431.0,35%,assets/img/catalog/MEMDAT6850.jpg,https://static.ctonline.mx/imagenes/MEMDAT6850/MEMDAT6850_400.jpg,memorias_ram
MEMDAT6860,"Memoria RAM ADATA XPG GAMMIX D35, DDR4 8GB UDIMM 3200MHz. Disipador BLANCO. AX4U32008G16A-SWHD35","Memoria RAM ADATA XPG GAMMIX D35, DDR4 8GB UDIMM 3200MHz. Disipador BLANCO. AX4U32008G16A-SWHD35",COMPONENTES DE ENSAMBLE,RAM,59.7,1571.6,1862.64,https://static.ctonline.mx/imagenes/MEMDAT6860/MEMDAT6860_400.jpg,https://static.ctonline.mx/marcas/png/RAM.png,https://ctonline.mx/buscar/productos?b=MEMDAT6860,https://static.ctonline.mx/imagenes/MEMDAT6860/MEMDAT6860_400.jpg,1164.15,1571.6,1396.98,35%,assets/img/catalog/MEMDAT6860.jpg,https://static.ctonline.mx/imagenes/MEMDAT6860/MEMDAT6860_400.jpg,memorias_ram
MEMDAT6870,"Memoria RAM ADATA XPG GAMMIX D35, DDR4 16GB UDIMM 3200MHz. Disipador BLANCO. AX4U320016G16A-SWHD35","Memoria RAM ADATA XPG GAMMIX D35, DDR4 16GB UDIMM 3200MHz. Disipador BLANCO. AX4U320016G16A-SWHD35",COMPONENTES DE ENSAMBLE,RAM,130.78,3442.73,4080.27,https://static.ctonline.mx/imagenes/MEMDAT6870/MEMDAT6870_400.jpg,https://static.ctonline.mx/marcas/png/RAM.png,https://ctonline.mx/buscar/productos?b=MEMDAT6870,https://static.ctonline.mx/imagenes/MEMDAT6870/MEMDAT6870_400.jpg,2550.17,3442.73,3060.2,35%,assets/img/catalog/MEMDAT6870.jpg,https://static.ctonline.mx/imagenes/MEMDAT6870/MEMDAT6870_400.jpg,memorias_ram
MEMDAT6800,"Memoria RAM ADATA XPG SPECTRIX D35G, DDR4 8GB UDIMM 3200MHz, con Iluminación RGB. Disipador NEGRO. AX4U32008G16A-SBKD35G","Memoria RAM ADATA XPG SPECTRIX D35G, DDR4 8GB UDIMM 3200MHz, con Iluminación RGB. Disipador NEGRO. AX4U32008G16A-SBKD35G",COMPONENTES DE ENSAMBLE,RAM,62.83,1654.09,1960.4,https://static.ctonline.mx/imagenes/MEMDAT6800/MEMDAT6800_400.jpg,https://static.ctonline.mx/marcas/png/RAM.png,https://ctonline.mx/buscar/productos?b=MEMDAT6800,https://static.ctonline.mx/imagenes/MEMDAT6800/MEMDAT6800_400.jpg,1225.25,1654.09,1470.3,35%,assets/img/catalog/MEMDAT6800.jpg,https://static.ctonline.mx/imagenes/MEMDAT6800/MEMDAT6800_400.jpg,memorias_ram
MEMDAT6810,"Memoria RAM ADATA XPG SPECTRIX D35G, DDR4 16GB UDIMM 3200MHz, con Iluminación RGB. Disipador NEGRO. AX4U320016G16A-SBKD3","Memoria RAM ADATA XPG SPECTRIX D35G, DDR4 16GB UDIMM 3200MHz, con Iluminación RGB. Disipador NEGRO. AX4U320016G16A-SBKD35G",COMPONENTES DE ENSAMBLE,RAM,103.33,2720.25,3224.0,https://static.ctonline.mx/imagenes/MEMDAT6810/MEMDAT6810_400.jpg,https://static.ctonline.mx/marcas/png/RAM.png,https://ctonline.mx/buscar/productos?b=MEMDAT6810,https://static.ctonline.mx/imagenes/MEMDAT6810/MEMDAT6810_400.jpg,2015.0,2720.25,2418.0,35%,assets/img/catalog/MEMDAT6810.jpg,https://static.ctonline.mx/imagenes/MEMDAT6810/MEMDAT6810_400.jpg,memorias_ram
MEMDAT6820,"Memoria RAM ADATA XPG SPECTRIX D35G, DDR4 8GB UDIMM 3200MHz, con Iluminación RGB. Disipador BLANCO. AX4U32008G16A-SWHD35","Memoria RAM ADATA XPG SPECTRIX D35G, DDR4 8GB UDIMM 3200MHz, con Iluminación RGB. Disipador BLANCO. AX4U32008G16A-SWHD35G",COMPONENTES DE ENSAMBLE,RAM,62.83,1654.09,1960.4,https://static.ctonline.mx/imagenes/MEMDAT6820/MEMDAT6820_400.jpg,https://static.ctonline.mx/marcas/png/RAM.png,https://ctonline.mx/buscar/productos?b=MEMDAT6820,https://static.ctonline.mx/imagenes/MEMDAT6820/MEMDAT6820_400.jpg,1225.25,1654.09,1470.3,35%,assets/img/catalog/MEMDAT6820.jpg,https://static.ctonline.mx/imagenes/MEMDAT6820/MEMDAT6820_400.jpg,memorias_ram
MEMDAT6830,"Memoria RAM ADATA XPG SPECTRIX D35G, DDR4 16GB UDIMM 3200MHz, con Iluminación RGB. Disipador BLANCO. AX4U320016G16A-SWHD","Memoria RAM ADATA XPG SPECTRIX D35G, DDR4 16GB UDIMM 3200MHz, con Iluminación RGB. Disipador BLANCO. AX4U320016G16A-SWHD35G",COMPONENTES DE ENSAMBLE,RAM,103.33,2720.25,3224.0,https://static.ctonline.mx/imagenes/MEMDAT6830/MEMDAT6830_400.jpg,https://static.ctonline.mx/marcas/png/RAM.png,https://ctonline.mx/buscar/productos?b=MEMDAT6830,https://static.ctonline.mx/imagenes/MEMDAT6830/MEMDAT6830_400.jpg,2015.0,2720.25,2418.0,35%,assets/img/catalog/MEMDAT6830.jpg,https://static.ctonline.mx/imagenes/MEMDAT6830/MEMDAT6830_400.jpg,memorias_ram
DDUDAT1020,Unidad de Estado Solido ADATA XPG SX8200 Pro 512GB PCIe Gen3X4 M.2 2280 ASX8200PNP-512GT-C,Unidad de Estado Solido ADATA XPG SX8200 Pro 512GB PCIe Gen3X4 M.2 2280 ASX8200PNP-512GT-C,COMPONENTES DE ENSAMBLE,UNIDAD,85.78,2258.1,2676.27,https://static.ctonline.mx/imagenes/DDUDAT1020/DDUDAT1020_400.jpg,https://static.ctonline.mx/marcas/png/UNIDAD.png,https://ctonline.mx/buscar/productos?b=DDUDAT1020,https://static.ctonline.mx/imagenes/DDUDAT1020/DDUDAT1020_400.jpg,1672.67,2258.1,2007.2,35%,assets/img/catalog/DDUDAT1020.jpg,https://static.ctonline.mx/imagenes/DDUDAT1020/DDUDAT1020_400.jpg,memorias_ram
DDUXPG080,"Unidad de Estado Sólido XPG GAMMIX S60 512GB PCIe Gen4 x4 M.2 2280, velocidades de lectura/escritura secuenciales de has","Unidad de Estado Sólido XPG GAMMIX S60 512GB PCIe Gen4 x4 M.2 2280, velocidades de lectura/escritura secuenciales de hasta 5.000/4.200 MB por segundo, AGAMMIXS60-512G-CS",COMPONENTES DE ENSAMBLE,UNIDAD,92.22,2427.75,2877.33,https://static.ctonline.mx/imagenes/DDUXPG080/DDUXPG080_400.jpg,https://static.ctonline.mx/marcas/png/UNIDAD.png,https://ctonline.mx/buscar/productos?b=DDUXPG080,https://static.ctonline.mx/imagenes/DDUXPG080/DDUXPG080_400.jpg,1798.33,2427.75,2158.0,35%,assets/img/catalog/DDUXPG080.jpg,https://static.ctonline.mx/imagenes/DDUXPG080/DDUXPG080_400.jpg,memorias_ram
DDUXPG090,"Unidad de Estado Sólido XPG GAMMIX S60 1TB PCIe Gen4 x4 M.2 2280, velocidades de lectura/escritura secuenciales de hasta","Unidad de Estado Sólido XPG GAMMIX S60 1TB PCIe Gen4 x4 M.2 2280, velocidades de lectura/escritura secuenciales de hasta 5.000/4.200 MB por segundo, AGAMMIXS60-1T-CS",COMPONENTES DE ENSAMBLE,UNIDAD,173.22,4560.07,5404.53,https://static.ctonline.mx/imagenes/DDUXPG090/DDUXPG090_400.jpg,https://static.ctonline.mx/marcas/png/UNIDAD.png,https://ctonline.mx/buscar/productos?b=DDUXPG090,https://static.ctonline.mx/imagenes/DDUXPG090/DDUXPG090_400.jpg,3377.83,4560.07,4053.4,35%,assets/img/catalog/DDUXPG090.jpg,https://static.ctonline.mx/imagenes/DDUXPG090/DDUXPG090_400.jpg,memorias_ram
DDUXPG100,"Unidad de Estado Sólido XPG GAMMIX S60 2TB PCIe Gen4 x4 M.2 2280, velocidades de lectura/escritura secuenciales de hasta","Unidad de Estado Sólido XPG GAMMIX S60 2TB PCIe Gen4 x4 M.2 2280, velocidades de lectura/escritura secuenciales de hasta 5.000/4.200 MB por segundo, AGAMMIXS60-2T-CS",COMPONENTES DE ENSAMBLE,UNIDAD,320.89,8447.4,10011.73,https://static.ctonline.mx/imagenes/DDUXPG100/DDUXPG100_400.jpg,https://static.ctonline.mx/marcas/png/UNIDAD.png,https://ctonline.mx/buscar/productos?b=DDUXPG100,https://static.ctonline.mx/imagenes/DDUXPG100/DDUXPG100_400.jpg,6257.33,8447.4,7508.8,35%,assets/img/catalog/DDUXPG100.jpg,https://static.ctonline.mx/imagenes/DDUXPG100/DDUXPG100_400.jpg,memorias_ram
DDUDAT1610,"Unidad de Estado Sólido ADATA XPG GAMMIX S70 BLADE, 1TB, M.2 PCIe GEN4X4 (NVMe) , 2280 (Lec/esc 7,400/6,800MB/s). N.P. A","Unidad de Estado Sólido ADATA XPG GAMMIX S70 BLADE, 1TB, M.2 PCIe GEN4X4 (NVMe) , 2280 (Lec/esc 7,400/6,800MB/s). N.P. AGAMMIXS70B-1T-CS",COMPONENTES DE ENSAMBLE,UNIDAD,181.11,4767.75,5650.67,https://static.ctonline.mx/imagenes/DDUDAT1610/DDUDAT1610_400.jpg,https://static.ctonline.mx/marcas/png/UNIDAD.png,https://ctonline.mx/buscar/productos?b=DDUDAT1610,https://static.ctonline.mx/imagenes/DDUDAT1610/DDUDAT1610_400.jpg,3531.67,4767.75,4238.0,35%,assets/img/catalog/DDUDAT1610.jpg,https://static.ctonline.mx/imagenes/DDUDAT1610/DDUDAT1610_400.jpg,memorias_ram
DDUDAT1620,"Unidad de Estado Sólido ADATA XPG GAMMIX S70 BLADE, 2TB, M.2 PCIe GEN4X4 (NVMe) , 2280 (Lec/esc 7,400/6,800MB/s). N.P. A","Unidad de Estado Sólido ADATA XPG GAMMIX S70 BLADE, 2TB, M.2 PCIe GEN4X4 (NVMe) , 2280 (Lec/esc 7,400/6,800MB/s). N.P. AGAMMIXS70B-2T-CS",COMPONENTES DE ENSAMBLE,UNIDAD,309.72,8153.43,9663.33,https://static.ctonline.mx/imagenes/DDUDAT1620/DDUDAT1620_400.jpg,https://static.ctonline.mx/marcas/png/UNIDAD.png,https://ctonline.mx/buscar/productos?b=DDUDAT1620,https://static.ctonline.mx/imagenes/DDUDAT1620/DDUDAT1620_400.jpg,6039.58,8153.43,7247.5,35%,assets/img/catalog/DDUDAT1620.jpg,https://static.ctonline.mx/imagenes/DDUDAT1620/DDUDAT1620_400.jpg,memorias_ram
DDUDAT2220,"Unidad de Estado Sólido ADATA XPG GAMMIX S70 BLADE, 4TB, M.2 PCIe GEN4X4 (NVMe) 2280 (Lec/esc 7,400/6,800MB/s). AGAMMIXS","Unidad de Estado Sólido ADATA XPG GAMMIX S70 BLADE, 4TB, M.2 PCIe GEN4X4 (NVMe) 2280 (Lec/esc 7,400/6,800MB/s). AGAMMIXS70B-4T-CS",COMPONENTES DE ENSAMBLE,UNIDAD,622.22,16380.0,19413.33,https://static.ctonline.mx/imagenes/DDUDAT2220/DDUDAT2220_400.jpg,https://static.ctonline.mx/marcas/png/UNIDAD.png,https://ctonline.mx/buscar/productos?b=DDUDAT2220,https://static.ctonline.mx/imagenes/DDUDAT2220/DDUDAT2220_400.jpg,12133.33,16380.0,14560.0,35%,assets/img/catalog/DDUDAT2220.jpg,https://static.ctonline.mx/imagenes/DDUDAT2220/DDUDAT2220_400.jpg,memorias_ram
DDUDAT2460,"Unidad de Estado Sólido ADATA XPG GAMMIX S70 BLADE, 8TB, M.2 PCIe GEN4X4 (NVMe) 2280 (Lec/esc 7,300/6,300MB/s). AGAMMIXS","Unidad de Estado Sólido ADATA XPG GAMMIX S70 BLADE, 8TB, M.2 PCIe GEN4X4 (NVMe) 2280 (Lec/esc 7,300/6,300MB/s). AGAMMIXS70B-8000G-CS",COMPONENTES DE ENSAMBLE,UNIDAD,888.89,23400.0,27733.33,https://static.ctonline.mx/imagenes/DDUDAT2460/DDUDAT2460_400.jpg,https://static.ctonline.mx/marcas/png/UNIDAD.png,https://ctonline.mx/buscar/productos?b=DDUDAT2460,https://static.ctonline.mx/imagenes/DDUDAT2460/DDUDAT2460_400.jpg,17333.33,23400.0,20800.0,35%,assets/img/catalog/DDUDAT2460.jpg,https://static.ctonline.mx/imagenes/DDUDAT2460/DDUDAT2460_400.jpg,memorias_ram
DDUDAT2390,"Unidad de Estado Sólido XPG MARS 980 BLADE 1TB PCIe Gen5 x4 M.2 2280, velocidades de lectura/escritura secuenciales de h","Unidad de Estado Sólido XPG MARS 980 BLADE 1TB PCIe Gen5 x4 M.2 2280, velocidades de lectura/escritura secuenciales de hasta 14,000/13,000MB/s, SMAR-980B-1TCS",COMPONENTES DE ENSAMBLE,UNIDAD,185.56,4884.75,5789.33,https://static.ctonline.mx/imagenes/DDUDAT2390/DDUDAT2390_400.jpg,https://static.ctonline.mx/marcas/png/UNIDAD.png,https://ctonline.mx/buscar/productos?b=DDUDAT2390,https://static.ctonline.mx/imagenes/DDUDAT2390/DDUDAT2390_400.jpg,3618.33,4884.75,4342.0,35%,assets/img/catalog/DDUDAT2390.jpg,https://static.ctonline.mx/imagenes/DDUDAT2390/DDUDAT2390_400.jpg,memorias_ram
DDUDAT2400,"Unidad de Estado Sólido XPG MARS 980 BLADE 2TB PCIe Gen5 x4 M.2 2280, velocidades de lectura/escritura secuenciales de h","Unidad de Estado Sólido XPG MARS 980 BLADE 2TB PCIe Gen5 x4 M.2 2280, velocidades de lectura/escritura secuenciales de hasta 14,000/13,000MB/s, SMAR-980B-2TCS",COMPONENTES DE ENSAMBLE,UNIDAD,339.44,8935.88,10590.67,https://static.ctonline.mx/imagenes/DDUDAT2400/DDUDAT2400_400.jpg,https://static.ctonline.mx/marcas/png/UNIDAD.png,https://ctonline.mx/buscar/productos?b=DDUDAT2400,https://static.ctonline.mx/imagenes/DDUDAT2400/DDUDAT2400_400.jpg,6619.17,8935.88,7943.0,35%,assets/img/catalog/DDUDAT2400.jpg,https://static.ctonline.mx/imagenes/DDUDAT2400/DDUDAT2400_400.jpg,memorias_ram
DDUDAT2410,"Unidad de Estado Sólido XPG MARS 980 BLADE 4TB PCIe Gen5 x4 M.2 2280, velocidades de lectura/escritura secuenciales de h","Unidad de Estado Sólido XPG MARS 980 BLADE 4TB PCIe Gen5 x4 M.2 2280, velocidades de lectura/escritura secuenciales de hasta 14,000/13,000MB/s, SMAR-980B-4TCS",COMPONENTES DE ENSAMBLE,UNIDAD,622.22,16380.0,19413.33,https://static.ctonline.mx/imagenes/DDUDAT2410/DDUDAT2410_400.jpg,https://static.ctonline.mx/marcas/png/UNIDAD.png,https://ctonline.mx/buscar/productos?b=DDUDAT2410,https://static.ctonline.mx/imagenes/DDUDAT2410/DDUDAT2410_400.jpg,12133.33,16380.0,14560.0,35%,assets/img/catalog/DDUDAT2410.jpg,https://static.ctonline.mx/imagenes/DDUDAT2410/DDUDAT2410_400.jpg,memorias_ram
DDUDAT2420,"Unidad de Estado Sólido XPG MARS 980 PRO 1TB PCIe Gen5 x4 M.2 2280, velocidades de lectura/escritura secuenciales de has","Unidad de Estado Sólido XPG MARS 980 PRO 1TB PCIe Gen5 x4 M.2 2280, velocidades de lectura/escritura secuenciales de hasta 14,000/13,000MB/s, SMAR-980P-1TCI",COMPONENTES DE ENSAMBLE,UNIDAD,204.77,5390.48,6388.72,https://static.ctonline.mx/imagenes/DDUDAT2420/DDUDAT2420_400.jpg,https://static.ctonline.mx/marcas/png/UNIDAD.png,https://ctonline.mx/buscar/productos?b=DDUDAT2420,https://static.ctonline.mx/imagenes/DDUDAT2420/DDUDAT2420_400.jpg,3992.95,5390.48,4791.54,35%,assets/img/catalog/DDUDAT2420.jpg,https://static.ctonline.mx/imagenes/DDUDAT2420/DDUDAT2420_400.jpg,memorias_ram
DDUDAT2430,"Unidad de Estado Sólido XPG MARS 980 PRO 2TB PCIe Gen5 x4 M.2 2280, velocidades de lectura/escritura secuenciales de has","Unidad de Estado Sólido XPG MARS 980 PRO 2TB PCIe Gen5 x4 M.2 2280, velocidades de lectura/escritura secuenciales de hasta 14,000/13,000MB/s, SMAR-980P-2TCI",COMPONENTES DE ENSAMBLE,UNIDAD,365.12,9611.84,11391.81,https://static.ctonline.mx/imagenes/DDUDAT2430/DDUDAT2430_400.jpg,https://static.ctonline.mx/marcas/png/UNIDAD.png,https://ctonline.mx/buscar/productos?b=DDUDAT2430,https://static.ctonline.mx/imagenes/DDUDAT2430/DDUDAT2430_400.jpg,7119.88,9611.84,8543.86,35%,assets/img/catalog/DDUDAT2430.jpg,https://static.ctonline.mx/imagenes/DDUDAT2430/DDUDAT2430_400.jpg,memorias_ram
DDUDAT2440,"Unidad de Estado Sólido XPG MARS 980 STORM 1TB PCIe Gen5 x4 M.2 2280, velocidades de lectura/escritura secuenciales de h","Unidad de Estado Sólido XPG MARS 980 STORM 1TB PCIe Gen5 x4 M.2 2280, velocidades de lectura/escritura secuenciales de hasta 14,000/13,000MB/s, SMAR-980S-1TCI",COMPONENTES DE ENSAMBLE,UNIDAD,188.89,4972.5,5893.33,https://static.ctonline.mx/imagenes/DDUDAT2440/DDUDAT2440_400.jpg,https://static.ctonline.mx/marcas/png/UNIDAD.png,https://ctonline.mx/buscar/productos?b=DDUDAT2440,https://static.ctonline.mx/imagenes/DDUDAT2440/DDUDAT2440_400.jpg,3683.33,4972.5,4420.0,35%,assets/img/catalog/DDUDAT2440.jpg,https://static.ctonline.mx/imagenes/DDUDAT2440/DDUDAT2440_400.jpg,memorias_ram
DDUDAT2450,"Unidad de Estado Sólido XPG MARS 980 PRO 2TB PCIe Gen5 x4 M.2 2280, velocidades de lectura/escritura secuenciales de has","Unidad de Estado Sólido XPG MARS 980 PRO 2TB PCIe Gen5 x4 M.2 2280, velocidades de lectura/escritura secuenciales de hasta 14,000/13,000MB/s, SMAR-980S-2TCI",COMPONENTES DE ENSAMBLE,UNIDAD,500.0,13162.5,15600.0,https://static.ctonline.mx/imagenes/DDUDAT2450/DDUDAT2450_400.jpg,https://static.ctonline.mx/marcas/png/UNIDAD.png,https://ctonline.mx/buscar/productos?b=DDUDAT2450,https://static.ctonline.mx/imagenes/DDUDAT2450/DDUDAT2450_400.jpg,9750.0,13162.5,11700.0,35%,assets/img/catalog/DDUDAT2450.jpg,https://static.ctonline.mx/imagenes/DDUDAT2450/DDUDAT2450_400.jpg,memorias_ram
MEMSTY380,Memoria RAM Stylos ST-10 STRAMD0832 DIMM DDR4 8GB 3200Mhz CL22 Negro,Memoria RAM Stylos ST-10 STRAMD0832 DIMM DDR4 8GB 3200Mhz CL22 Negro,COMPONENTES DE ENSAMBLE,RAM,110.0,2895.75,3432.0,https://static.ctonline.mx/imagenes/MEMSTY380/MEMSTY380_400.jpg,https://static.ctonline.mx/marcas/png/RAM.png,https://ctonline.mx/buscar/productos?b=MEMSTY380,https://static.ctonline.mx/imagenes/MEMSTY380/MEMSTY380_400.jpg,2145.0,2895.75,2574.0,35%,assets/img/catalog/MEMSTY380.jpg,https://static.ctonline.mx/imagenes/MEMSTY380/MEMSTY380_400.jpg,memorias_ram
MEMSTY390,Memoria RAM Stylos ST-10 STRAMD1632 DIMM DDR4 16GB 3200Mhz CL22 Negro,Memoria RAM Stylos ST-10 STRAMD1632 DIMM DDR4 16GB 3200Mhz CL22 Negro,COMPONENTES DE ENSAMBLE,RAM,222.22,5850.0,6933.33,https://static.ctonline.mx/imagenes/MEMSTY390/MEMSTY390_400.jpg,https://static.ctonline.mx/marcas/png/RAM.png,https://ctonline.mx/buscar/productos?b=MEMSTY390,https://static.ctonline.mx/imagenes/MEMSTY390/MEMSTY390_400.jpg,4333.33,5850.0,5200.0,35%,assets/img/catalog/MEMSTY390.jpg,https://static.ctonline.mx/imagenes/MEMSTY390/MEMSTY390_400.jpg,memorias_ram
MEMSTY400,Memoria RAM Stylos ST-10 SODIMM DDR4 8GB 3200Mhz STRAMS0832,Memoria RAM Stylos ST-10 SODIMM DDR4 8GB 3200Mhz STRAMS0832,COMPONENTES DE ENSAMBLE,RAM,50.38,1326.19,1571.78,https://static.ctonline.mx/imagenes/MEMSTY400/MEMSTY400_400.jpg,https://static.ctonline.mx/marcas/png/RAM.png,https://ctonline.mx/buscar/productos?b=MEMSTY400,https://static.ctonline.mx/imagenes/MEMSTY400/MEMSTY400_400.jpg,982.36,1326.19,1178.83,35%,assets/img/catalog/MEMSTY400.jpg,https://static.ctonline.mx/imagenes/MEMSTY400/MEMSTY400_400.jpg,memorias_ram
MEMSTY410,Memoria RAM Stylos ST-10 SODIMM DDR4 16GB 3200Mhz STRAMS1632,Memoria RAM Stylos ST-10 SODIMM DDR4 16GB 3200Mhz STRAMS1632,COMPONENTES DE ENSAMBLE,RAM,82.69,2176.78,2579.89,https://static.ctonline.mx/imagenes/MEMSTY410/MEMSTY410_400.jpg,https://static.ctonline.mx/marcas/png/RAM.png,https://ctonline.mx/buscar/productos?b=MEMSTY410,https://static.ctonline.mx/imagenes/MEMSTY410/MEMSTY410_400.jpg,1612.43,2176.78,1934.92,35%,assets/img/catalog/MEMSTY410.jpg,https://static.ctonline.mx/imagenes/MEMSTY410/MEMSTY410_400.jpg,memorias_ram
MONDAT010,"Monitor Gaming XPG 27"" 180hz RIFT R27Q8. Resolución: 2560 × 1440 (QHD). Frecuencia: 180 Hz, Respuesta: 1ms (MPRT), Puert","Monitor Gaming XPG 27"" 180hz RIFT R27Q8. Resolución: 2560 × 1440 (QHD). Frecuencia: 180 Hz, Respuesta: 1ms (MPRT), Puertos: HDMI 2.0 x2, DisplayPort 1.4 x2, Montaje VESA 75 x 75mm, Gama de color 99% sRGB (típico). Color Negro. RIFT R27Q8-BKCMX",COMPONENTES DE ENSAMBLE,GAMING,180.52,4752.09,5632.11,https://static.ctonline.mx/imagenes/MONDAT010/MONDAT010_400.jpg,https://static.ctonline.mx/marcas/png/GAMING.png,https://ctonline.mx/buscar/productos?b=MONDAT010,https://static.ctonline.mx/imagenes/MONDAT010/MONDAT010_400.jpg,3520.07,4752.09,4224.08,35%,assets/img/catalog/MONDAT010.jpg,https://static.ctonline.mx/imagenes/MONDAT010/MONDAT010_400.jpg,memorias_ram
MONDAT020,"Monitor Gaming XPG 27"" 165Hz RIFT R27F6. Resolución: 1920 × 1080 (FHD). Frecuencia: 165Hz, Respuesta: 1ms (MPRT), Puerto","Monitor Gaming XPG 27"" 165Hz RIFT R27F6. Resolución: 1920 × 1080 (FHD). Frecuencia: 165Hz, Respuesta: 1ms (MPRT), Puertos: HDMI 2.0 x1, DisplayPort 1.4 x1, Montaje VESA 75 x 75mm, Gama de color 99% sRGB (típico). Color Negro. RIFT R27F6-BKCMX",COMPONENTES DE ENSAMBLE,GAMING,121.3,3193.25,3784.59,https://static.ctonline.mx/imagenes/MONDAT020/MONDAT020_400.jpg,https://static.ctonline.mx/marcas/png/GAMING.png,https://ctonline.mx/buscar/productos?b=MONDAT020,https://static.ctonline.mx/imagenes/MONDAT020/MONDAT020_400.jpg,2365.37,3193.25,2838.44,35%,assets/img/catalog/MONDAT020.jpg,https://static.ctonline.mx/imagenes/MONDAT020/MONDAT020_400.jpg,memorias_ram
MONDAT030,"Monitor Gaming XPG 24"" 120Hz RIFT R24F2. Resolución: 1920 × 1080 (FHD). Frecuencia: 120Hz, Respuesta: 1ms (MPRT), Puerto","Monitor Gaming XPG 24"" 120Hz RIFT R24F2. Resolución: 1920 × 1080 (FHD). Frecuencia: 120Hz, Respuesta: 1ms (MPRT), Puertos: HDMI 2.0 x1, DisplayPort 1.2 x1, Montaje VESA 75 x 75mm, Gama de color 99% sRGB (típico). Color Negro. RIFT R24F2-BKCMX",COMPONENTES DE ENSAMBLE,GAMING,90.28,2376.61,2816.72,https://static.ctonline.mx/imagenes/MONDAT030/MONDAT030_400.jpg,https://static.ctonline.mx/marcas/png/GAMING.png,https://ctonline.mx/buscar/productos?b=MONDAT030,https://static.ctonline.mx/imagenes/MONDAT030/MONDAT030_400.jpg,1760.45,2376.61,2112.54,35%,assets/img/catalog/MONDAT030.jpg,https://static.ctonline.mx/imagenes/MONDAT030/MONDAT030_400.jpg,memorias_ram
MONDAT040,"Monitor Gaming XPG 24"" 120Hz RIFT R24F2. Resolución: 1920 × 1080 (FHD). Frecuencia: 120Hz, Respuesta: 1ms (MPRT), Puerto","Monitor Gaming XPG 24"" 120Hz RIFT R24F2. Resolución: 1920 × 1080 (FHD). Frecuencia: 120Hz, Respuesta: 1ms (MPRT), Puertos: HDMI 2.0 x1, DisplayPort 1.2 x1, Montaje VESA 75 x 75mm, Gama de color 99% sRGB (típico). Color Blanco. RIFT R24F2-WHCMX",COMPONENTES DE ENSAMBLE,GAMING,92.33,2430.68,2880.8,https://static.ctonline.mx/imagenes/MONDAT040/MONDAT040_400.jpg,https://static.ctonline.mx/marcas/png/GAMING.png,https://ctonline.mx/buscar/productos?b=MONDAT040,https://static.ctonline.mx/imagenes/MONDAT040/MONDAT040_400.jpg,1800.5,2430.68,2160.6,35%,assets/img/catalog/MONDAT040.jpg,https://static.ctonline.mx/imagenes/MONDAT040/MONDAT040_400.jpg,memorias_ram
GABDAT030,"Gabinete GAMER XPG Invader, media torre. Puertos de E/S versátiles, panel lateral de vidrio templado, luz descendente RG","Gabinete GAMER XPG Invader, media torre. Puertos de E/S versátiles, panel lateral de vidrio templado, luz descendente RGB frontal. Controlador combinado ARGB XPG PRIME™. Color NEGRO. NP. INVADER-BKCWW",COMPONENTES DE ENSAMBLE,GAMER,60.0,1579.5,1872.0,https://static.ctonline.mx/imagenes/GABDAT030/GABDAT030_400.jpg,https://static.ctonline.mx/marcas/png/GAMER.png,https://ctonline.mx/buscar/productos?b=GABDAT030,https://static.ctonline.mx/imagenes/GABDAT030/GABDAT030_400.jpg,1170.0,1579.5,1404.0,35%,assets/img/catalog/GABDAT030.jpg,https://static.ctonline.mx/imagenes/GABDAT030/GABDAT030_400.jpg,memorias_ram
GABDAT040,"Gabinete GAMER XPG Invader, media torre. Puertos de E/S versátiles, panel lateral de vidrio templado, luz descendente RG","Gabinete GAMER XPG Invader, media torre. Puertos de E/S versátiles, panel lateral de vidrio templado, luz descendente RGB frontal. Controlador combinado ARGB XPG PRIME™. Color BLANCO. NP. INVADER-WHCWW",COMPONENTES DE ENSAMBLE,GAMER,54.12,1424.65,1688.48,https://static.ctonline.mx/imagenes/GABDAT040/GABDAT040_400.jpg,https://static.ctonline.mx/marcas/png/GAMER.png,https://ctonline.mx/buscar/productos?b=GABDAT040,https://static.ctonline.mx/imagenes/GABDAT040/GABDAT040_400.jpg,1055.3,1424.65,1266.36,35%,assets/img/catalog/GABDAT040.jpg,https://static.ctonline.mx/imagenes/GABDAT040/GABDAT040_400.jpg,memorias_ram
GABDAT510,"Gabinete GAMER XPG DEFENDER, Media torre. Panel lateral de vidrio templado, Compatible con placas base Mini-ITX, Micro-A","Gabinete GAMER XPG DEFENDER, Media torre. Panel lateral de vidrio templado, Compatible con placas base Mini-ITX, Micro-ATX, ATX, E-ATX, CEB, EEB. Ventiladores incluidos: 2 x Ventilador XPG VENTO 120; Trasero: 1 x Ventilador XPG VENTO 120. Innovador filtro de polvo extraíble. Color BLANCO. DEFENDER-WHCWW",COMPONENTES DE ENSAMBLE,GAMER,67.65,1780.81,2110.59,https://static.ctonline.mx/imagenes/GABDAT510/GABDAT510_400.jpg,https://static.ctonline.mx/marcas/png/GAMER.png,https://ctonline.mx/buscar/productos?b=GABDAT510,https://static.ctonline.mx/imagenes/GABDAT510/GABDAT510_400.jpg,1319.12,1780.81,1582.94,35%,assets/img/catalog/GABDAT510.jpg,https://static.ctonline.mx/imagenes/GABDAT510/GABDAT510_400.jpg,memorias_ram
GABDAT210,"Gabinete GAMER XPG DEFENDER PRO, Media torre E-ATX. Panel frontal MESH y ARGB, Filtro de plovo extraible. Con tres venti","Gabinete GAMER XPG DEFENDER PRO, Media torre E-ATX. Panel frontal MESH y ARGB, Filtro de plovo extraible. Con tres ventiladores incluidos. Color BLANCO. NP. DEFENDER PRO-WHCWW",COMPONENTES DE ENSAMBLE,GAMER,74.12,1951.15,2312.48,https://static.ctonline.mx/imagenes/GABDAT210/GABDAT210_400.jpg,https://static.ctonline.mx/marcas/png/GAMER.png,https://ctonline.mx/buscar/productos?b=GABDAT210,https://static.ctonline.mx/imagenes/GABDAT210/GABDAT210_400.jpg,1445.3,1951.15,1734.36,35%,assets/img/catalog/GABDAT210.jpg,https://static.ctonline.mx/imagenes/GABDAT210/GABDAT210_400.jpg,memorias_ram
GABDAT270,"Gabinete GAMER XPG CRUISER. Media torre. Diseño de panel frontal y lateral de vidrio, x3 ventiladores XPG VENTO 120 ARGB","Gabinete GAMER XPG CRUISER. Media torre. Diseño de panel frontal y lateral de vidrio, x3 ventiladores XPG VENTO 120 ARGB incluidos, Soporta instalación VGA vertical y horizontal. Filtro de polvo extraíble. Color BLANCO. NP. CRUISERST-WHCWW",COMPONENTES DE ENSAMBLE,GAMER,76.47,2013.09,2385.89,https://static.ctonline.mx/imagenes/GABDAT270/GABDAT270_400.jpg,https://static.ctonline.mx/marcas/png/GAMER.png,https://ctonline.mx/buscar/productos?b=GABDAT270,https://static.ctonline.mx/imagenes/GABDAT270/GABDAT270_400.jpg,1491.18,2013.09,1789.42,35%,assets/img/catalog/GABDAT270.jpg,https://static.ctonline.mx/imagenes/GABDAT270/GABDAT270_400.jpg,memorias_ram
GABDAT010,"Gabinete GAMER XPG Batlecrusier, media torre. De metal con paneles de cristal, refrigeración por flujo de aire, filtro d","Gabinete GAMER XPG Batlecrusier, media torre. De metal con paneles de cristal, refrigeración por flujo de aire, filtro de polvo magnético y paneles frontales. Controlador combinado ARGB XPG PRIME™. Color NEGRO. NP. BATTLECRUISER-BKCWW",COMPONENTES DE ENSAMBLE,GAMER,100.0,2632.5,3120.0,https://static.ctonline.mx/imagenes/GABDAT010/GABDAT010_400.jpg,https://static.ctonline.mx/marcas/png/GAMER.png,https://ctonline.mx/buscar/productos?b=GABDAT010,https://static.ctonline.mx/imagenes/GABDAT010/GABDAT010_400.jpg,1950.0,2632.5,2340.0,35%,assets/img/catalog/GABDAT010.jpg,https://static.ctonline.mx/imagenes/GABDAT010/GABDAT010_400.jpg,memorias_ram
GABDAT020,"Gabinete GAMER XPG Batlecrusier, media torre. De metal con paneles de cristal, refrigeración por flujo de aire, filtro d","Gabinete GAMER XPG Batlecrusier, media torre. De metal con paneles de cristal, refrigeración por flujo de aire, filtro de polvo magnético y paneles frontales. Controlador combinado ARGB XPG PRIME™. Color BLANCO. NP. BATTLECRUISER-WHCWW",COMPONENTES DE ENSAMBLE,GAMER,100.0,2632.5,3120.0,https://static.ctonline.mx/imagenes/GABDAT020/GABDAT020_400.jpg,https://static.ctonline.mx/marcas/png/GAMER.png,https://ctonline.mx/buscar/productos?b=GABDAT020,https://static.ctonline.mx/imagenes/GABDAT020/GABDAT020_400.jpg,1950.0,2632.5,2340.0,35%,assets/img/catalog/GABDAT020.jpg,https://static.ctonline.mx/imagenes/GABDAT020/GABDAT020_400.jpg,memorias_ram
GABDAT490,"Gabinete GAMER XPG BATTLECRUISER II. Media torre. Compatible con placas base E-ATX, ATX, Micro-ATX, Mini-ITX. De metal c","Gabinete GAMER XPG BATTLECRUISER II. Media torre. Compatible con placas base E-ATX, ATX, Micro-ATX, Mini-ITX. De metal con paneles de cristal, refrigeración por flujo de aire, filtro de polvo magnético. Controlador combinado ARGB XPG PRIME™. Color NEGRO. BATTLECRUISERIIST-WHCWW",COMPONENTES DE ENSAMBLE,GAMER,128.82,3391.28,4019.3,https://static.ctonline.mx/imagenes/GABDAT490/GABDAT490_400.jpg,https://static.ctonline.mx/marcas/png/GAMER.png,https://ctonline.mx/buscar/productos?b=GABDAT490,https://static.ctonline.mx/imagenes/GABDAT490/GABDAT490_400.jpg,2512.06,3391.28,3014.47,35%,assets/img/catalog/GABDAT490.jpg,https://static.ctonline.mx/imagenes/GABDAT490/GABDAT490_400.jpg,memorias_ram
GABDAT410,"Gabinete GAMER XPG BATTLECRUISER II. Media torre. Compatible con placas base E-ATX, ATX, Micro-ATX, Mini-ITX. De metal c","Gabinete GAMER XPG BATTLECRUISER II. Media torre. Compatible con placas base E-ATX, ATX, Micro-ATX, Mini-ITX. De metal con paneles de cristal, refrigeración por flujo de aire, filtro de polvo magnético. Controlador combinado ARGB XPG PRIME™. Color NEGRO. BATTLECRUISERIIST-BKCWW",COMPONENTES DE ENSAMBLE,GAMER,128.82,3391.28,4019.3,https://static.ctonline.mx/imagenes/GABDAT410/GABDAT410_400.jpg,https://static.ctonline.mx/marcas/png/GAMER.png,https://ctonline.mx/buscar/productos?b=GABDAT410,https://static.ctonline.mx/imagenes/GABDAT410/GABDAT410_400.jpg,2512.06,3391.28,3014.47,35%,assets/img/catalog/GABDAT410.jpg,https://static.ctonline.mx/imagenes/GABDAT410/GABDAT410_400.jpg,memorias_ram
GABDAT440,"Gabinete GAMER XPG INVADER X. Media torre. Compatible con placas base ATX, Micro-ATX y Mini-ITX. Panel frontal y lateral","Gabinete GAMER XPG INVADER X. Media torre. Compatible con placas base ATX, Micro-ATX y Mini-ITX. Panel frontal y lateral de vidrio templado.  Ventiladores incluidos. Color BLANCO. INVADERXMT-WHCWW",COMPONENTES DE ENSAMBLE,GAMER,129.41,3406.77,4037.65,https://static.ctonline.mx/imagenes/GABDAT440/GABDAT440_400.jpg,https://static.ctonline.mx/marcas/png/GAMER.png,https://ctonline.mx/buscar/productos?b=GABDAT440,https://static.ctonline.mx/imagenes/GABDAT440/GABDAT440_400.jpg,2523.53,3406.77,3028.24,35%,assets/img/catalog/GABDAT440.jpg,https://static.ctonline.mx/imagenes/GABDAT440/GABDAT440_400.jpg,memorias_ram
GABDAT430,"Gabinete GAMER XPG INVADER X. Media torre. Compatible con placas base ATX, Micro-ATX y Mini-ITX. Panel frontal y lateral","Gabinete GAMER XPG INVADER X. Media torre. Compatible con placas base ATX, Micro-ATX y Mini-ITX. Panel frontal y lateral de vidrio templado.  Ventiladores incluidos. Color NEGRO. INVADERXMT-BKCWW",COMPONENTES DE ENSAMBLE,GAMER,129.41,3406.77,4037.65,https://static.ctonline.mx/imagenes/GABDAT430/GABDAT430_400.jpg,https://static.ctonline.mx/marcas/png/GAMER.png,https://ctonline.mx/buscar/productos?b=GABDAT430,https://static.ctonline.mx/imagenes/GABDAT430/GABDAT430_400.jpg,2523.53,3406.77,3028.24,35%,assets/img/catalog/GABDAT430.jpg,https://static.ctonline.mx/imagenes/GABDAT430/GABDAT430_400.jpg,memorias_ram
GABDAT360,"Fuente de Poder XPG KIBER, 750W, No modular. Color NEGRO.  KYBER750G-BKCUS","Fuente de Poder XPG KIBER, 750W, No modular. Color NEGRO.  KYBER750G-BKCUS",COMPONENTES DE ENSAMBLE,DE,67.78,1784.25,2114.67,https://static.ctonline.mx/imagenes/GABDAT360/GABDAT360_400.jpg,https://static.ctonline.mx/marcas/png/DE.png,https://ctonline.mx/buscar/productos?b=GABDAT360,https://static.ctonline.mx/imagenes/GABDAT360/GABDAT360_400.jpg,1321.67,1784.25,1586.0,35%,assets/img/catalog/GABDAT360.jpg,https://static.ctonline.mx/imagenes/GABDAT360/GABDAT360_400.jpg,memorias_ram
GABDAT050,"Fuente de Poder XPG Core Reactor, 650W, modular. Color NEGRO. NP. COREREACTOR650G-BKCUS","Fuente de Poder XPG Core Reactor, 650W, modular. Color NEGRO. NP. COREREACTOR650G-BKCUS",COMPONENTES DE ENSAMBLE,DE,74.44,1959.75,2322.67,https://static.ctonline.mx/imagenes/GABDAT050/GABDAT050_400.jpg,https://static.ctonline.mx/marcas/png/DE.png,https://ctonline.mx/buscar/productos?b=GABDAT050,https://static.ctonline.mx/imagenes/GABDAT050/GABDAT050_400.jpg,1451.67,1959.75,1742.0,35%,assets/img/catalog/GABDAT050.jpg,https://static.ctonline.mx/imagenes/GABDAT050/GABDAT050_400.jpg,memorias_ram
GABDAT370,"Fuente de Poder XPG KIBER, 850W, No modular. Color NEGRO. KYBER850G-BKCUS","Fuente de Poder XPG KIBER, 850W, No modular. Color NEGRO. KYBER850G-BKCUS",COMPONENTES DE ENSAMBLE,DE,75.56,1989.0,2357.33,https://static.ctonline.mx/imagenes/GABDAT370/GABDAT370_400.jpg,https://static.ctonline.mx/marcas/png/DE.png,https://ctonline.mx/buscar/productos?b=GABDAT370,https://static.ctonline.mx/imagenes/GABDAT370/GABDAT370_400.jpg,1473.33,1989.0,1768.0,35%,assets/img/catalog/GABDAT370.jpg,https://static.ctonline.mx/imagenes/GABDAT370/GABDAT370_400.jpg,memorias_ram
GABDAT070,"Fuente de Poder XPG Core Reactor, 850W, modular. Color NEGRO. COREREACTOR850G-BKCUS","Fuente de Poder XPG Core Reactor, 850W, modular. Color NEGRO. COREREACTOR850G-BKCUS",COMPONENTES DE ENSAMBLE,DE,90.0,2369.25,2808.0,https://static.ctonline.mx/imagenes/GABDAT070/GABDAT070_400.jpg,https://static.ctonline.mx/marcas/png/DE.png,https://ctonline.mx/buscar/productos?b=GABDAT070,https://static.ctonline.mx/imagenes/GABDAT070/GABDAT070_400.jpg,1755.0,2369.25,2106.0,35%,assets/img/catalog/GABDAT070.jpg,https://static.ctonline.mx/imagenes/GABDAT070/GABDAT070_400.jpg,memorias_ram
GABDAT080,"Fuente de Poder XPG PYLON, 650W, Certificación 80 PLUS BRONZE. PYLON650B-BKCUS","Fuente de Poder XPG PYLON, 650W, Certificación 80 PLUS BRONZE. PYLON650B-BKCUS",COMPONENTES DE ENSAMBLE,DE,43.89,1155.37,1369.33,https://static.ctonline.mx/imagenes/GABDAT080/GABDAT080_400.jpg,https://static.ctonline.mx/marcas/png/DE.png,https://ctonline.mx/buscar/productos?b=GABDAT080,https://static.ctonline.mx/imagenes/GABDAT080/GABDAT080_400.jpg,855.83,1155.37,1027.0,35%,assets/img/catalog/GABDAT080.jpg,https://static.ctonline.mx/imagenes/GABDAT080/GABDAT080_400.jpg,memorias_ram
VENDAT100,"Ventilador XPG VENTO 120 ARGB. 120mm, con Iluminacion ARGB. BLANCO. VENTO120ARGB-WHCWW","Ventilador XPG VENTO 120 ARGB. 120mm, con Iluminacion ARGB. BLANCO. VENTO120ARGB-WHCWW",COMPONENTES DE ENSAMBLE,VENTILADOR,6.56,172.57,204.53,https://static.ctonline.mx/imagenes/VENDAT100/VENDAT100_400.jpg,https://static.ctonline.mx/marcas/png/VENTILADOR.png,https://ctonline.mx/buscar/productos?b=VENDAT100,https://static.ctonline.mx/imagenes/VENDAT100/VENDAT100_400.jpg,127.83,172.57,153.4,35%,assets/img/catalog/VENDAT100.jpg,https://static.ctonline.mx/imagenes/VENDAT100/VENDAT100_400.jpg,memorias_ram
VENDAT050,Ventilador XPG HURRICANE 140 ARGB PWM (Pulse Width Modulation). 140mm. Con Iluminacion ARGB. NEGRO. HURRICANE140ARGBPWM-,Ventilador XPG HURRICANE 140 ARGB PWM (Pulse Width Modulation). 140mm. Con Iluminacion ARGB. NEGRO. HURRICANE140ARGBPWM-BKCWW,COMPONENTES DE ENSAMBLE,VENTILADOR,12.22,321.75,381.33,https://static.ctonline.mx/imagenes/VENDAT050/VENDAT050_400.jpg,https://static.ctonline.mx/marcas/png/VENTILADOR.png,https://ctonline.mx/buscar/productos?b=VENDAT050,https://static.ctonline.mx/imagenes/VENDAT050/VENDAT050_400.jpg,238.33,321.75,286.0,35%,assets/img/catalog/VENDAT050.jpg,https://static.ctonline.mx/imagenes/VENDAT050/VENDAT050_400.jpg,memorias_ram
VENDAT130,Ventilador XPG HURRICANE 140 ARGB PWM (Pulse Width Modulation). 140mm. Con Iluminacion ARGB. BLANCO. HURRICANE140ARGBPWM,Ventilador XPG HURRICANE 140 ARGB PWM (Pulse Width Modulation). 140mm. Con Iluminacion ARGB. BLANCO. HURRICANE140ARGBPWM-WHCWW,COMPONENTES DE ENSAMBLE,VENTILADOR,12.22,321.75,381.33,https://static.ctonline.mx/imagenes/VENDAT130/VENDAT130_400.jpg,https://static.ctonline.mx/marcas/png/VENTILADOR.png,https://ctonline.mx/buscar/productos?b=VENDAT130,https://static.ctonline.mx/imagenes/VENDAT130/VENDAT130_400.jpg,238.33,321.75,286.0,35%,assets/img/catalog/VENDAT130.jpg,https://static.ctonline.mx/imagenes/VENDAT130/VENDAT130_400.jpg,memorias_ram
VENDAT060,Ventilador XPG VENTO PRO 120 PWM (Pulse Width Modulation). 120mm. NEGRO. VENTOPRO120PWM-BKCWW,Ventilador XPG VENTO PRO 120 PWM (Pulse Width Modulation). 120mm. NEGRO. VENTOPRO120PWM-BKCWW,COMPONENTES DE ENSAMBLE,VENTILADOR,13.33,351.0,416.0,https://static.ctonline.mx/imagenes/VENDAT060/VENDAT060_400.jpg,https://static.ctonline.mx/marcas/png/VENTILADOR.png,https://ctonline.mx/buscar/productos?b=VENDAT060,https://static.ctonline.mx/imagenes/VENDAT060/VENDAT060_400.jpg,260.0,351.0,312.0,35%,assets/img/catalog/VENDAT060.jpg,https://static.ctonline.mx/imagenes/VENDAT060/VENDAT060_400.jpg,memorias_ram
SERDDL080,"Servidor DELL PowerEdge R570271_6511P432. 3.5"" Chassis with up to 12 SAS4/SATA Drives, PERC 12 (H965i or H365i), 4 x 32G","Servidor DELL PowerEdge R570271_6511P432. 3.5"" Chassis with up to 12 SAS4/SATA Drives, PERC 12 (H965i or H365i), 4 x 32GB RDIMM, 6400MT/s, Dual Rank, 1 x 480GB SSD SATA Read Intensive 6Gbps 512e 2.5in Hot-plug AG Drive,3.5in HYB CARR, 1 DWPD, iDRAC10, Enterprise 17G, Intel Ethernet E610-XAT2 Dual Port 10GbE BASE-T Adapter, OCP 3.0 NIC, Riser Config 10, Rear Full Height 1x16 Onboard OCP, 1x16 FLOP OCP, 3x16 FH (Gen5)  3 Years Prosupport Next Business Day Onsite Service-Disti SNS-LA. Sin sistema operativo.",EQUIPOS DE MARCA,SERVIDOR,182939.68,246968.58,292703.5,https://static.ctonline.mx/imagenes/SERDDL080/SERDDL080_400.jpg,https://static.ctonline.mx/marcas/png/SERVIDOR.png,https://ctonline.mx/buscar/productos?b=SERDDL080,https://static.ctonline.mx/imagenes/SERDDL080/SERDDL080_400.jpg,182939.69,246968.58,219527.63,35%,assets/img/catalog/SERDDL080.jpg,https://static.ctonline.mx/imagenes/SERDDL080/SERDDL080_400.jpg,memorias_ram
SERDDL170,"Servidor DELL PowerEdge R360 3000201223283.1. 3.5"" Chassis with up to 4 Hot Plug Hard Drives, Front PERC 11,  1 x 16GB U","Servidor DELL PowerEdge R360 3000201223283.1. 3.5"" Chassis with up to 4 Hot Plug Hard Drives, Front PERC 11,  1 x 16GB UDIMM, 5600MT/s ECC, 1 x 4TB Hard Drive SATA ISE 6Gbps 7.2K 512n 3.5in Hot-Plug, AG Drive, Front PERC H355 Front Load, Riser Config 2, Butterfly Gen4 Riser (x8/x8), PowerEdge 1U Standard Bezel, iDRAC9, Basic 16G, ReadyRails Sliding Rails With Cable Management Arm (A12)  3 Years Prosupport Next Business Day Onsite Service-Disti SNS-LA. Sin sistema operativo.",EQUIPOS DE MARCA,SERVIDOR,91228.58,123158.58,145965.73,https://static.ctonline.mx/imagenes/SERDDL170/SERDDL170_400.jpg,https://static.ctonline.mx/marcas/png/SERVIDOR.png,https://ctonline.mx/buscar/productos?b=SERDDL170,https://static.ctonline.mx/imagenes/SERDDL170/SERDDL170_400.jpg,91228.58,123158.58,109474.3,35%,assets/img/catalog/SERDDL170.jpg,https://static.ctonline.mx/imagenes/SERDDL170/SERDDL170_400.jpg,memorias_ram
MEMDLL1780,"Memoria RAM Dell AA799064 DDR4 3200MHz 16GB 2x8GB para PowerEdge Diseño de memoria (módulos x tamaño) 2 x 8 GB, Componen","Memoria RAM Dell AA799064 DDR4 3200MHz 16GB 2x8GB para PowerEdge Diseño de memoria (módulos x tamaño) 2 x 8 GB, Componente para Servidor, Voltaje de memoria 1.2 V, Buffered memory type Registered (buffered), Tipo de memoria interna DDR4, Memoria interna 16 GB, Clasificación de memoria 2, Velocidad de memoria del reloj 3200 MHz, ECC Si",EQUIPOS DE MARCA,RAM,4339.13,5857.83,6942.61,https://static.ctonline.mx/imagenes/MEMDLL1780/MEMDLL1780_400.jpg,https://static.ctonline.mx/marcas/png/RAM.png,https://ctonline.mx/buscar/productos?b=MEMDLL1780,https://static.ctonline.mx/imagenes/MEMDLL1780/MEMDLL1780_400.jpg,4339.13,5857.83,5206.96,35%,assets/img/catalog/MEMDLL1780.jpg,https://static.ctonline.mx/imagenes/MEMDLL1780/MEMDLL1780_400.jpg,memorias_ram
MEMHPE570,Memoria RAM HPE 32GB (P64706-B21) Dual Rank x8 DDR5-5600 CAS-46-45-45 EC8 Registered. 1 año de garantia.,Memoria RAM HPE 32GB (P64706-B21) Dual Rank x8 DDR5-5600 CAS-46-45-45 EC8 Registered. 1 año de garantia.,EQUIPOS DE MARCA,RAM,6856.52,9256.32,10970.45,https://static.ctonline.mx/imagenes/MEMHPE570/MEMHPE570_400.jpg,https://static.ctonline.mx/marcas/png/RAM.png,https://ctonline.mx/buscar/productos?b=MEMHPE570,https://static.ctonline.mx/imagenes/MEMHPE570/MEMHPE570_400.jpg,6856.53,9256.32,8227.84,35%,assets/img/catalog/MEMHPE570.jpg,https://static.ctonline.mx/imagenes/MEMHPE570/MEMHPE570_400.jpg,memorias_ram
MEMHPE580,Memoria RAM HPE 64GB (P64707-B21) Dual Rank x4 DDR5-5600 CAS-46-45-45 EC8 Registered.  1 año de garantia.,Memoria RAM HPE 64GB (P64707-B21) Dual Rank x4 DDR5-5600 CAS-46-45-45 EC8 Registered.  1 año de garantia.,EQUIPOS DE MARCA,RAM,5739.13,7747.83,9182.61,https://static.ctonline.mx/imagenes/MEMHPE580/MEMHPE580_400.jpg,https://static.ctonline.mx/marcas/png/RAM.png,https://ctonline.mx/buscar/productos?b=MEMHPE580,https://static.ctonline.mx/imagenes/MEMHPE580/MEMHPE580_400.jpg,5739.13,7747.83,6886.96,35%,assets/img/catalog/MEMHPE580.jpg,https://static.ctonline.mx/imagenes/MEMHPE580/MEMHPE580_400.jpg,memorias_ram
MEMHPE530,Memoria RAM HPE (P64336-B21) 16GB (1x16GB) Single Rank x8 DDR5-4800 CAS-40-39-39 Unbuffered Standard Memory.,Memoria RAM HPE (P64336-B21) 16GB (1x16GB) Single Rank x8 DDR5-4800 CAS-40-39-39 Unbuffered Standard Memory.,EQUIPOS DE MARCA,RAM,456.52,12017.94,14243.49,https://static.ctonline.mx/imagenes/MEMHPE530/MEMHPE530_400.jpg,https://static.ctonline.mx/marcas/png/RAM.png,https://ctonline.mx/buscar/productos?b=MEMHPE530,https://static.ctonline.mx/imagenes/MEMHPE530/MEMHPE530_400.jpg,8902.18,12017.94,10682.62,35%,assets/img/catalog/MEMHPE530.jpg,https://static.ctonline.mx/imagenes/MEMHPE530/MEMHPE530_400.jpg,memorias_ram
MEMHPE540,Memoria RAM HPE (P50311-B21) 32GB (1x32GB) Dual Rank x8 DDR5-4800 CAS-42-42-42 EC8 Registered Smart Memory.,Memoria RAM HPE (P50311-B21) 32GB (1x32GB) Dual Rank x8 DDR5-4800 CAS-42-42-42 EC8 Registered Smart Memory.,EQUIPOS DE MARCA,RAM,2891.3,3903.27,4626.1,https://static.ctonline.mx/imagenes/MEMHPE540/MEMHPE540_400.jpg,https://static.ctonline.mx/marcas/png/RAM.png,https://ctonline.mx/buscar/productos?b=MEMHPE540,https://static.ctonline.mx/imagenes/MEMHPE540/MEMHPE540_400.jpg,2891.31,3903.27,3469.57,35%,assets/img/catalog/MEMHPE540.jpg,https://static.ctonline.mx/imagenes/MEMHPE540/MEMHPE540_400.jpg,memorias_ram
MEMHPE360,Memoria RAM HPE (P43019-B21) 16GB (1 x 16GB) Dual Rank x8 PC4-2400T-E 2900MHz Unbuffered CAS-15 Standard Memory.,Memoria RAM HPE (P43019-B21) 16GB (1 x 16GB) Dual Rank x8 PC4-2400T-E 2900MHz Unbuffered CAS-15 Standard Memory.,EQUIPOS DE MARCA,RAM,345.11,9084.99,10767.39,https://static.ctonline.mx/imagenes/MEMHPE360/MEMHPE360_400.jpg,https://static.ctonline.mx/marcas/png/RAM.png,https://ctonline.mx/buscar/productos?b=MEMHPE360,https://static.ctonline.mx/imagenes/MEMHPE360/MEMHPE360_400.jpg,6729.62,9084.99,8075.54,35%,assets/img/catalog/MEMHPE360.jpg,https://static.ctonline.mx/imagenes/MEMHPE360/MEMHPE360_400.jpg,memorias_ram
MEMHPE380,Memoria RAM HPE (P06033-B21) 32GB (1x16GB) Dual Rank x8 DDR4-3200 CAS-21-21-21 Registered Memory Kit,Memoria RAM HPE (P06033-B21) 32GB (1x16GB) Dual Rank x8 DDR4-3200 CAS-21-21-21 Registered Memory Kit,EQUIPOS DE MARCA,RAM,730.43,19228.68,22789.55,https://static.ctonline.mx/imagenes/MEMHPE380/MEMHPE380_400.jpg,https://static.ctonline.mx/marcas/png/RAM.png,https://ctonline.mx/buscar/productos?b=MEMHPE380,https://static.ctonline.mx/imagenes/MEMHPE380/MEMHPE380_400.jpg,14243.47,19228.68,17092.16,35%,assets/img/catalog/MEMHPE380.jpg,https://static.ctonline.mx/imagenes/MEMHPE380/MEMHPE380_400.jpg,memorias_ram
MEMHPE480,Memoria RAM HPE (P43322-B21) 16 GB (1 x 16GB) rango único x8 DDR5-4800 CAS-40-39-39 EC8 para Servidor HPE.,Memoria RAM HPE (P43322-B21) 16 GB (1 x 16GB) rango único x8 DDR5-4800 CAS-40-39-39 EC8 para Servidor HPE.,EQUIPOS DE MARCA,RAM,711.58,18732.32,22201.26,https://static.ctonline.mx/imagenes/MEMHPE480/MEMHPE480_400.jpg,https://static.ctonline.mx/marcas/png/RAM.png,https://ctonline.mx/buscar/productos?b=MEMHPE480,https://static.ctonline.mx/imagenes/MEMHPE480/MEMHPE480_400.jpg,13875.79,18732.32,16650.95,35%,assets/img/catalog/MEMHPE480.jpg,https://static.ctonline.mx/imagenes/MEMHPE480/MEMHPE480_400.jpg,memorias_ram
MEMHPE490,Memoria RAM HPE (P43328-K21) 32 GB (1 x 32 GB) rango dual x8 DDR5-4800 CAS-40-39-39 EC8 para Servidor HPE.,Memoria RAM HPE (P43328-K21) 32 GB (1 x 32 GB) rango dual x8 DDR5-4800 CAS-40-39-39 EC8 para Servidor HPE.,EQUIPOS DE MARCA,RAM,3077.89,4155.16,4924.64,https://static.ctonline.mx/imagenes/MEMHPE490/MEMHPE490_400.jpg,https://static.ctonline.mx/marcas/png/RAM.png,https://ctonline.mx/buscar/productos?b=MEMHPE490,https://static.ctonline.mx/imagenes/MEMHPE490/MEMHPE490_400.jpg,3077.9,4155.16,3693.48,35%,assets/img/catalog/MEMHPE490.jpg,https://static.ctonline.mx/imagenes/MEMHPE490/MEMHPE490_400.jpg,memorias_ram
MEMHPE500,Memory RAM HPE (P43331-K21) 64 GB (1 x 64 GB) rango dual x4 DDR5-4800 CAS-40-39-39 EC8 para Servidor HPE.,Memory RAM HPE (P43331-K21) 64 GB (1 x 64 GB) rango dual x4 DDR5-4800 CAS-40-39-39 EC8 para Servidor HPE.,EQUIPOS DE MARCA,MEMORY,6113.68,8253.48,9781.9,https://static.ctonline.mx/imagenes/MEMHPE500/MEMHPE500_400.jpg,https://static.ctonline.mx/marcas/png/MEMORY.png,https://ctonline.mx/buscar/productos?b=MEMHPE500,https://static.ctonline.mx/imagenes/MEMHPE500/MEMHPE500_400.jpg,6113.69,8253.48,7336.43,35%,assets/img/catalog/MEMHPE500.jpg,https://static.ctonline.mx/imagenes/MEMHPE500/MEMHPE500_400.jpg,memorias_ram
MEMHPE510,Memoria RAM HPE (P07642-B21) 16 GB (1 x 16 GB) rango dual x8 DDR4-3200 CAS-22-22-22 para Servidor HPE.,Memoria RAM HPE (P07642-B21) 16 GB (1 x 16 GB) rango dual x8 DDR4-3200 CAS-22-22-22 para Servidor HPE.,EQUIPOS DE MARCA,RAM,414.74,10917.94,12939.78,https://static.ctonline.mx/imagenes/MEMHPE510/MEMHPE510_400.jpg,https://static.ctonline.mx/marcas/png/RAM.png,https://ctonline.mx/buscar/productos?b=MEMHPE510,https://static.ctonline.mx/imagenes/MEMHPE510/MEMHPE510_400.jpg,8087.36,10917.94,9704.83,35%,assets/img/catalog/MEMHPE510.jpg,https://static.ctonline.mx/imagenes/MEMHPE510/MEMHPE510_400.jpg,memorias_ram
MEMHPE520,Memoria RAM HPE (P06035-K21) 64GB (1 x 64 GB) rango dual x4 DDR4-3200 CAS-22-22-22 para Servidor HPE.,Memoria RAM HPE (P06035-K21) 64GB (1 x 64 GB) rango dual x4 DDR4-3200 CAS-22-22-22 para Servidor HPE.,EQUIPOS DE MARCA,RAM,1448.42,38129.68,45190.74,https://static.ctonline.mx/imagenes/MEMHPE520/MEMHPE520_400.jpg,https://static.ctonline.mx/marcas/png/RAM.png,https://ctonline.mx/buscar/productos?b=MEMHPE520,https://static.ctonline.mx/imagenes/MEMHPE520/MEMHPE520_400.jpg,28244.21,38129.68,33893.05,35%,assets/img/catalog/MEMHPE520.jpg,https://static.ctonline.mx/imagenes/MEMHPE520/MEMHPE520_400.jpg,memorias_ram
MEMHPE470,Kit en blanco HPE (P07818-B21) para espacios de memoria sin ocupar DDR4 DIMM. Para servidores HPE.,Kit en blanco HPE (P07818-B21) para espacios de memoria sin ocupar DDR4 DIMM. Para servidores HPE.,EQUIPOS DE MARCA,KIT,54.74,1440.94,1707.78,https://static.ctonline.mx/imagenes/MEMHPE470/MEMHPE470_400.jpg,https://static.ctonline.mx/marcas/png/KIT.png,https://ctonline.mx/buscar/productos?b=MEMHPE470,https://static.ctonline.mx/imagenes/MEMHPE470/MEMHPE470_400.jpg,1067.36,1440.94,1280.83,35%,assets/img/catalog/MEMHPE470.jpg,https://static.ctonline.mx/imagenes/MEMHPE470/MEMHPE470_400.jpg,memorias_ram
MEMHPE590,Memoria HPE 32GB (P64339-B21) Dual Rank x8 DDR5‑4800 CAS‑40‑39‑39 Unbuffered. 1 año de garantía.,Memoria HPE 32GB (P64339-B21) Dual Rank x8 DDR5‑4800 CAS‑40‑39‑39 Unbuffered. 1 año de garantía.,EQUIPOS DE MARCA,HPE,2395.79,63069.17,74748.64,https://static.ctonline.mx/imagenes/MEMHPE590/MEMHPE590_400.jpg,https://static.ctonline.mx/marcas/png/HPE.png,https://ctonline.mx/buscar/productos?b=MEMHPE590,https://static.ctonline.mx/imagenes/MEMHPE590/MEMHPE590_400.jpg,46717.9,63069.17,56061.48,35%,assets/img/catalog/MEMHPE590.jpg,https://static.ctonline.mx/imagenes/MEMHPE590/MEMHPE590_400.jpg,memorias_ram
AIOLEN1760,"All In One IdeaCentre AIO 24IRH9, F0HN00FQLD, Intel® Core™ i5-13420H, 8C (4P + 4E) / 12T, P-core up to 4.6GHz, E-core up","All In One IdeaCentre AIO 24IRH9, F0HN00FQLD, Intel® Core™ i5-13420H, 8C (4P + 4E) / 12T, P-core up to 4.6GHz, E-core up to 3.4GHz, 12MB,  RAM 1x 8GB SO-DIMM DDR5-5200, Almacenamiento 512GB SSD M.2 2280, Tamaño  23.8"" FHD (1920x1080) IPS Anti-glare 250nits, 100Hz, 99% sRGB, hardware low blue light, 3-side borderless, TOUCH, PCIe® 4.0x4 NVMe®, 2x USB 2.0, 1x HDMI-out 1.4, 1x Ethernet (RJ-45) Color nube gris, Windows 11 Home, Incluye teclado y mouse, Garantía de 1 año en centro de servicio.",EQUIPOS DE MARCA,ALL,16968.42,22907.37,27149.47,https://static.ctonline.mx/imagenes/AIOLEN1760/AIOLEN1760_400.jpg,https://static.ctonline.mx/marcas/png/ALL.png,https://ctonline.mx/buscar/productos?b=AIOLEN1760,https://static.ctonline.mx/imagenes/AIOLEN1760/AIOLEN1760_400.jpg,16968.42,22907.37,20362.1,35%,assets/img/catalog/AIOLEN1760.jpg,https://static.ctonline.mx/imagenes/AIOLEN1760/AIOLEN1760_400.jpg,memorias_ram
MEMLEN420,"Memoria Lenovo ThinkSystem (4X77A93556) ThinkSystem 16GB TruDDR5 5600MHz (1Rx8) ECC UDIMM-A ST45V3, 1 año de garantía, C","Memoria Lenovo ThinkSystem (4X77A93556) ThinkSystem 16GB TruDDR5 5600MHz (1Rx8) ECC UDIMM-A ST45V3, 1 año de garantía, Compatible con SERLEN1360.",EQUIPOS DE MARCA,LENOVO,1627.37,42840.48,50773.9,https://static.ctonline.mx/imagenes/MEMLEN420/MEMLEN420_400.jpg,https://static.ctonline.mx/marcas/png/LENOVO.png,https://ctonline.mx/buscar/productos?b=MEMLEN420,https://static.ctonline.mx/imagenes/MEMLEN420/MEMLEN420_400.jpg,31733.69,42840.48,38080.43,35%,assets/img/catalog/MEMLEN420.jpg,https://static.ctonline.mx/imagenes/MEMLEN420/MEMLEN420_400.jpg,memorias_ram
MEMLEN370,"Memoria Lenovo ThinkSystem (4ZC7A08707) ThinkSystem 16GB TruDDR4 2932 MHz (1Rx4 1.2V, RDIMM), 1 año de garantía, Compati","Memoria Lenovo ThinkSystem (4ZC7A08707) ThinkSystem 16GB TruDDR4 2932 MHz (1Rx4 1.2V, RDIMM), 1 año de garantía, Compatible con ST550, SR630, SR650 no aplica para V2",EQUIPOS DE MARCA,LENOVO,127.58,3358.52,3980.46,https://static.ctonline.mx/imagenes/MEMLEN370/MEMLEN370_400.jpg,https://static.ctonline.mx/marcas/png/LENOVO.png,https://ctonline.mx/buscar/productos?b=MEMLEN370,https://static.ctonline.mx/imagenes/MEMLEN370/MEMLEN370_400.jpg,2487.79,3358.52,2985.35,35%,assets/img/catalog/MEMLEN370.jpg,https://static.ctonline.mx/imagenes/MEMLEN370/MEMLEN370_400.jpg,memorias_ram
MEMLEN450,Memoria Ram Lenovo ThinkSystem (4X77A99751) 16GB TruDDR5 5600MHz (1Rx8) ECC UDIMM. Compatible solo con ST50V3 y SR250 V3,Memoria Ram Lenovo ThinkSystem (4X77A99751) 16GB TruDDR5 5600MHz (1Rx8) ECC UDIMM. Compatible solo con ST50V3 y SR250 V3.,EQUIPOS DE MARCA,RAM,1199.08,31565.89,37411.42,https://static.ctonline.mx/imagenes/MEMLEN450/MEMLEN450_400.jpg,https://static.ctonline.mx/marcas/png/RAM.png,https://ctonline.mx/buscar/productos?b=MEMLEN450,https://static.ctonline.mx/imagenes/MEMLEN450/MEMLEN450_400.jpg,23382.14,31565.89,28058.57,35%,assets/img/catalog/MEMLEN450.jpg,https://static.ctonline.mx/imagenes/MEMLEN450/MEMLEN450_400.jpg,memorias_ram
MEMLEN460,Memoria Ram Lenovo ThinkSystem (4X77A90965) 32GB TruDDR5 6400MHz (2Rx8) ECC RDIMM. Compatible solo con ST50V3 y SR250 V3,Memoria Ram Lenovo ThinkSystem (4X77A90965) 32GB TruDDR5 6400MHz (2Rx8) ECC RDIMM. Compatible solo con ST50V3 y SR250 V3.,EQUIPOS DE MARCA,RAM,1707.63,44953.39,53278.1,https://static.ctonline.mx/imagenes/MEMLEN460/MEMLEN460_400.jpg,https://static.ctonline.mx/marcas/png/RAM.png,https://ctonline.mx/buscar/productos?b=MEMLEN460,https://static.ctonline.mx/imagenes/MEMLEN460/MEMLEN460_400.jpg,33298.81,44953.39,39958.57,35%,assets/img/catalog/MEMLEN460.jpg,https://static.ctonline.mx/imagenes/MEMLEN460/MEMLEN460_400.jpg,memorias_ram
SERLEN1360,"Servidor Lenovo - ThinkSystem ST45 V3, (7DH4A00GLA), AMD EPYC 4124P 4C 3.8GHz/ 3.8GHz, ThinkSystem 16GB TruDDR5 5600MHz ","Servidor Lenovo - ThinkSystem ST45 V3, (7DH4A00GLA), AMD EPYC 4124P 4C 3.8GHz/ 3.8GHz, ThinkSystem 16GB TruDDR5 5600MHz (1Rx8) ECC UDIMM-A(Standard), (Máximo 64 GB, 2 bancos disponibles), ThinkSystem ST50/ST45 Series 3.5 2TB 7.2K SATA 6Gb Non-Hot Swap 512n HDD(Standard), Fuente de alimentación ATX-300 W(Standard), Garantía base 1 año 9x5, No Incluye Sistema Operativo, Disco Duro Compatible DDULEN880 ThinkSystem ST50 V2/ ST45 V3 3.5"" 2TB 7.2K SATA 6Gb NHS 512n HDD, Memoria Compatible MEMLEN420 ThinkSystem 16GB TruDDR5 5600MHz (1Rx8) ECC UDIMM-A ST45V3, Sistema Operativo Compatible SOFLEN350  Windows Svr 2022 Essentials ROK 10C - ML",EQUIPOS DE MARCA,SERVIDOR,1808.51,47609.05,56425.54,https://static.ctonline.mx/imagenes/SERLEN1360/SERLEN1360_400.jpg,https://static.ctonline.mx/marcas/png/SERVIDOR.png,https://ctonline.mx/buscar/productos?b=SERLEN1360,https://static.ctonline.mx/imagenes/SERLEN1360/SERLEN1360_400.jpg,35265.96,47609.05,42319.15,35%,assets/img/catalog/SERLEN1360.jpg,https://static.ctonline.mx/imagenes/SERLEN1360/SERLEN1360_400.jpg,memorias_ram
WKSXFN020,"FusionXpark XFUSION, equipada con superchip NVIDIA® GB10 Grace Blackwell, memoria LPDDR5X de hasta 128 GB y almacenamien","FusionXpark XFUSION, equipada con superchip NVIDIA® GB10 Grace Blackwell, memoria LPDDR5X de hasta 128 GB y almacenamiento NVMe PCIe de hasta 4 TB. Diseñada para IA generativa, inferencia y edge computing, incorpora conectividad 10GbE, Wi-Fi 7 y Bluetooth 5.4, ofreciendo alto rendimiento, bajo consumo energético y procesamiento local avanzado en un formato ultracompacto.",EQUIPOS DE MARCA,FUSIONXPARK,4423.87,5972.22,7078.19,https://static.ctonline.mx/imagenes/WKSXFN020/WKSXFN020_400.jpg,https://static.ctonline.mx/marcas/png/FUSIONXPARK.png,https://ctonline.mx/buscar/productos?b=WKSXFN020,https://static.ctonline.mx/imagenes/WKSXFN020/WKSXFN020_400.jpg,4423.87,5972.22,5308.64,35%,assets/img/catalog/WKSXFN020.jpg,https://static.ctonline.mx/imagenes/WKSXFN020/WKSXFN020_400.jpg,memorias_ram
MEMXFN010,"Memoria RAM XFUSION (0251Y297), M564R32 32GB (1x32GB), RDIMM,288pin,0.312ns,6400000
KHz,1.1V,ECC,2Rank(2G*8bit), COMPATI","Memoria RAM XFUSION (0251Y297), M564R32 32GB (1x32GB), RDIMM,288pin,0.312ns,6400000
KHz,1.1V,ECC,2Rank(2G*8bit), COMPATIBLE SERVER XFUSION SERXFN010 Y SERXFN020",EQUIPOS DE MARCA,RAM,1717.02,45200.59,53571.07,https://static.ctonline.mx/imagenes/MEMXFN010/MEMXFN010_400.jpg,https://static.ctonline.mx/marcas/png/RAM.png,https://ctonline.mx/buscar/productos?b=MEMXFN010,https://static.ctonline.mx/imagenes/MEMXFN010/MEMXFN010_400.jpg,33481.92,45200.59,40178.3,35%,assets/img/catalog/MEMXFN010.jpg,https://static.ctonline.mx/imagenes/MEMXFN010/MEMXFN010_400.jpg,memorias_ram
MEMXFN030,"Memoria RAM XFUSION, 32GB (1x32GB), DDR5 RDIMM, 288pin, ECC 0251Y287 / 0251Y306, Registered DIMM, High-Speed Memory Modu","Memoria RAM XFUSION, 32GB (1x32GB), DDR5 RDIMM, 288pin, ECC 0251Y287 / 0251Y306, Registered DIMM, High-Speed Memory Module, Enterprise Grade, Optimized for Server Workloads, Compatible Server XFUSION.",EQUIPOS DE MARCA,RAM,1118.09,29433.59,34884.26,https://static.ctonline.mx/imagenes/MEMXFN030/MEMXFN030_400.jpg,https://static.ctonline.mx/marcas/png/RAM.png,https://ctonline.mx/buscar/productos?b=MEMXFN030,https://static.ctonline.mx/imagenes/MEMXFN030/MEMXFN030_400.jpg,21802.66,29433.59,26163.19,35%,assets/img/catalog/MEMXFN030.jpg,https://static.ctonline.mx/imagenes/MEMXFN030/MEMXFN030_400.jpg,memorias_ram
COMHPI4430,"Computadora portátil. HP 245 G10 (BM4G5AT#ABM). Pantalla 14'', AMD R3-7330U. Memoria 8GB de RAM DDR4-3200MT/s MHz (1 x 8","Computadora portátil. HP 245 G10 (BM4G5AT#ABM). Pantalla 14'', AMD R3-7330U. Memoria 8GB de RAM DDR4-3200MT/s MHz (1 x 8GB), Almacenamiento SSD 512GB PCIe NVMe, FreeDOS.",EQUIPOS DE MARCA,COMPUTADORA,5999.98,8099.97,9599.97,https://static.ctonline.mx/imagenes/COMHPI4430/COMHPI4430_400.jpg,https://static.ctonline.mx/marcas/png/COMPUTADORA.png,https://ctonline.mx/buscar/productos?b=COMHPI4430,https://static.ctonline.mx/imagenes/COMHPI4430/COMHPI4430_400.jpg,5999.98,8099.97,7199.98,35%,assets/img/catalog/COMHPI4430.jpg,https://static.ctonline.mx/imagenes/COMHPI4430/COMHPI4430_400.jpg,memorias_ram
TABLEN1230,"Tablet Lenovo M9, ZAC30134MX, MediaTek Helio G80 (8C, 2x A75 @2.0GHz + 6x A55 @1.8GHz), Pantalla 9"" HD (1340x800) IPS 40","Tablet Lenovo M9, ZAC30134MX, MediaTek Helio G80 (8C, 2x A75 @2.0GHz + 6x A55 @1.8GHz), Pantalla 9"" HD (1340x800) IPS 400nits Anti-fingerprint, Touch, Memoria RAM 4GB Soldered LPDDR4x, Almacenamiento interno 64GB eMMC 5.1 (eMCP), Sistema Operativa Android™ 12, 11ac 1x1 + BT5.1. SLOTS: 1x Card slot, 1x Headphone, 1x USB-C® 2.0. Cámara Front 5.0MP / Rear 8.0MP . Color: frost blue, Incluye Folio Case + Film, 1 Año de garantía en centro de servicio.",EQUIPOS DE MARCA,TABLET,2235.79,58857.17,69756.64,https://static.ctonline.mx/imagenes/TABLEN1230/TABLEN1230_400.jpg,https://static.ctonline.mx/marcas/png/TABLET.png,https://ctonline.mx/buscar/productos?b=TABLEN1230,https://static.ctonline.mx/imagenes/TABLEN1230/TABLEN1230_400.jpg,43597.9,58857.17,52317.48,35%,assets/img/catalog/TABLEN1230.jpg,https://static.ctonline.mx/imagenes/TABLEN1230/TABLEN1230_400.jpg,memorias_ram
COMACR9860,"Aspire Lite 16 AL16-54P-580M, NX.D72AL.001, 16“ Relación de aspecto 16:10;Gama de color NTSC 45%; Ángulo de visión hasta","Aspire Lite 16 AL16-54P-580M, NX.D72AL.001, 16“ Relación de aspecto 16:10;Gama de color NTSC 45%; Ángulo de visión hasta 170°; Libre de Mercurio, amigable con el ambiente;  Intel® Core i5-1334U (12 MB SmartCache, 1.3 GHz en núcleos de rendimiento con tecnología Intel® Turbo Boost 2.0 de hasta 4.6 GHz); 8 GB DDR5 hasta 4800 MT/s No expandible *; 512 GB SSD PCIe Gen4 16 Gb/s hasta 4 líneas NVME Expandible hasta 1 TB SSD *,1 año en centro de servicio; Garantía Internacional para viajeros internacionales*.",EQUIPOS DE MARCA,ASPIRE,9891.51,13353.54,15826.42,https://static.ctonline.mx/imagenes/COMACR9860/COMACR9860_400.jpg,https://static.ctonline.mx/marcas/png/ASPIRE.png,https://ctonline.mx/buscar/productos?b=COMACR9860,https://static.ctonline.mx/imagenes/COMACR9860/COMACR9860_400.jpg,9891.51,13353.54,11869.81,35%,assets/img/catalog/COMACR9860.jpg,https://static.ctonline.mx/imagenes/COMACR9860/COMACR9860_400.jpg,memorias_ram
COMACR9460,"Computadora portátil ACER TRAVELMATE P2 16 Modelo TMP216-51-51NA NX.B17AL.006; Intel ® CoreTM i5-1335U, 10 núcleos, hast","Computadora portátil ACER TRAVELMATE P2 16 Modelo TMP216-51-51NA NX.B17AL.006; Intel ® CoreTM i5-1335U, 10 núcleos, hasta 4.60 GHz en Performance Cores, con Soporte de Arquitectura de núcleos híbridos con 2 Performance-core y 8 Efficient-core , 12 MB Smart Cache; PANTALLA 16"" IPS; Relación de aspecto 16:10; WUXGA 1920 x 1200; Acer ComfyView ™ LCD LED backlit; Libre de Mercurio, amigable con el ambiente; MEMORIA RAM 8 GB DDR4, hasta 3200 MT/s Expandible hasta 32 GB en dos módulos soDIMM*; ALMACENAMIENTO 512 GB SSD PCIe NVMe Expandible hasta 1 TB SSD PCIe NVMe y hasta 1 TB HDD 2.5”*; PUERTOS HDMI 2.1; 1 puerto USB Tipo-C ThunderboltTM 4; 2 puertos USB 3.2 Gen 1 (uno con Soporte de carga con equipo apagado) ; Lector microSDTM: RJ45: Teclado en español; Lector de huellas; Sistema operativo Windows 11 Pro 64 bits; 1 AÑO DE GARANTIA EN CENTRO DE  SERVICIO + 1 AÑO DE SEGURO CONTRA ROBO; COLOR GRAFITO.",EQUIPOS DE MARCA,COMPUTADORA,14268.74,19262.8,22829.98,https://static.ctonline.mx/imagenes/COMACR9460/COMACR9460_400.jpg,https://static.ctonline.mx/marcas/png/COMPUTADORA.png,https://ctonline.mx/buscar/productos?b=COMACR9460,https://static.ctonline.mx/imagenes/COMACR9460/COMACR9460_400.jpg,14268.74,19262.8,17122.49,35%,assets/img/catalog/COMACR9460.jpg,https://static.ctonline.mx/imagenes/COMACR9460/COMACR9460_400.jpg,memorias_ram
COMACR9940,"Computadora portatil ACER travelmate p2 TMP215-75-G2-59SR  / NX.BMEAL.001; pantalla 14"" wuxga; ultra 5 125h (12 núcleos,","Computadora portatil ACER travelmate p2 TMP215-75-G2-59SR  / NX.BMEAL.001; pantalla 14"" wuxga; ultra 5 125h (12 núcleos, caché 12mb, 5.20 GHz); memoria ram 16gb ddr5; almacenamiento 512gb ssd; am fhd+ir; wifi 6e; bt 5.3; tmp; fingerprint; 2x USB tipo c; 2x USB tipo a 3.2; hdmi; rj45; micro sd; mil-std 810h; w11 pro; 1 año de garantía cs + 1 año de seguro contra robo; gris acero",EQUIPOS DE MARCA,COMPUTADORA,17838.11,24081.44,28540.96,https://static.ctonline.mx/imagenes/COMACR9940/COMACR9940_400.jpg,https://static.ctonline.mx/marcas/png/COMPUTADORA.png,https://ctonline.mx/buscar/productos?b=COMACR9940,https://static.ctonline.mx/imagenes/COMACR9940/COMACR9940_400.jpg,17838.1,24081.44,21405.72,35%,assets/img/catalog/COMACR9940.jpg,https://static.ctonline.mx/imagenes/COMACR9940/COMACR9940_400.jpg,memorias_ram
COMACR9990,"Computadora portátil ACER TRAVELMATE P2 NX.BN1AL.003; Pantalla 14"" WUXGA; ULTRA 7 255U (12 núcleos, caché 12MB, 5.20 GHz","Computadora portátil ACER TRAVELMATE P2 NX.BN1AL.003; Pantalla 14"" WUXGA; ULTRA 7 255U (12 núcleos, caché 12MB, 5.20 GHz); Memoria RAM 16GB DDR5; ALMACENAMIENTO 512GB SSD; AM FHD+IR; WIFI 6E; BT 5.3; TMP; FINGERPRINT; 2X USB TIPO C; 2X USB TIPO A 3.2; HDMI; RJ45; Micro SD; MIL-STD 810H; W11 PRO; 1 AÑO de garantía CS + 1 AÑO DE SEGURO CONTRA ROBO; GRIS ACERO",EQUIPOS DE MARCA,COMPUTADORA,21772.83,29393.31,34836.51,https://static.ctonline.mx/imagenes/COMACR9990/COMACR9990_400.jpg,https://static.ctonline.mx/marcas/png/COMPUTADORA.png,https://ctonline.mx/buscar/productos?b=COMACR9990,https://static.ctonline.mx/imagenes/COMACR9990/COMACR9990_400.jpg,21772.82,29393.31,26127.38,35%,assets/img/catalog/COMACR9990.jpg,https://static.ctonline.mx/imagenes/COMACR9990/COMACR9990_400.jpg,memorias_ram
COMASS9460,"Computadora Portátil Chromebook, Número de parte 90NX08X1-M004B0 Modelo CR1104CTA-C8G64-C2 Sistema operativo  Chrome OS;","Computadora Portátil Chromebook, Número de parte 90NX08X1-M004B0 Modelo CR1104CTA-C8G64-C2 Sistema operativo  Chrome OS; Intel® Processor N150 0.8 GHz (6MB Cache, up to 3.6 GHz, 4 cores, 4 Threads); Intel® UHD Graphics; 8GB LPDDR5 on board; 64gb EMMC; Pantalla 11.6"" HD (1366X768) 16:9 200nits GlareNTSC: 45% 12/16, 60Hz; Color Mineral Grey;  Wi-Fi 6E(802.11ax) (Dual band) 2*2 + Bluetooth® 5.4 Wireless Card; Puertos: 2x USB 3.2 Gen 1 Type-A, 2x USB 3.2 Gen 1 Type-C support display / power delivery, 1x HDMI 1.4, 1x 3.5mm Combo Audio Jack; Bateria: 42WHrs, 3S1P, 3-cell Li-ion; Color: Mineral Grey  Durabilidad de grado militar estadounidense según norma MIL-STD 810H *Este equipo incluye 1 año de garantía estándar directo con fabricante. Consulte características y ficha técnica para validar que cubra sus necesidades antes de adquirir el producto. Precio y disponibilidad sujetos a cambios sin previo aviso.*",EQUIPOS DE MARCA,COMPUTADORA,6496.61,8770.44,10394.59,https://static.ctonline.mx/imagenes/COMASS9460/COMASS9460_400.jpg,https://static.ctonline.mx/marcas/png/COMPUTADORA.png,https://ctonline.mx/buscar/productos?b=COMASS9460,https://static.ctonline.mx/imagenes/COMASS9460/COMASS9460_400.jpg,6496.62,8770.44,7795.94,35%,assets/img/catalog/COMASS9460.jpg,https://static.ctonline.mx/imagenes/COMASS9460/COMASS9460_400.jpg,memorias_ram
COMASS9470,"Computadora Portátil Chromebook, Número de parte 90NX08W1-M003R0 Modelo CR1104FTA-C8G64-C1 Sistema operativo  Chrome OS;","Computadora Portátil Chromebook, Número de parte 90NX08W1-M003R0 Modelo CR1104FTA-C8G64-C1 Sistema operativo  Chrome OS; Intel® Processor N150 0.8 GHz (6MB Cache, up to 3.6 GHz, 4 cores, 4 Threads); Intel® UHD Graphics; 8GB LPDDR5 on board; 64gB EMMC; Pantalla táctil 11.6 HD (1366X768) 16:9 200nits GlareNTSC: 45% 12/16, 60Hz; Color Mineral Grey;  Wi-Fi 6E(802.11ax) (Dual band) 2*2 + Bluetooth® 5.3 Wireless Card; Puertos: 2x USB 3.2 Gen 1 Type-A, 2x USB 3.2 Gen 1 Type-C support display / power delivery, 1x HDMI 1.4, 1x 3.5mm Combo Audio Jack; Bateria: 42WHrs, 3S1P, 3-cell Li-ion;  Durabilidad de grado militar estadounidense según norma MIL-STD 810H *Este equipo incluye 1 año de garantía estándar directo con fabricante. Consulte características y ficha técnica para validar que cubra sus necesidades antes de adquirir el producto. Precio y disponibilidad sujetos a cambios sin previo aviso.*",EQUIPOS DE MARCA,COMPUTADORA,6979.17,9421.88,11166.67,https://static.ctonline.mx/imagenes/COMASS9470/COMASS9470_400.jpg,https://static.ctonline.mx/marcas/png/COMPUTADORA.png,https://ctonline.mx/buscar/productos?b=COMASS9470,https://static.ctonline.mx/imagenes/COMASS9470/COMASS9470_400.jpg,6979.17,9421.88,8375.0,35%,assets/img/catalog/COMASS9470.jpg,https://static.ctonline.mx/imagenes/COMASS9470/COMASS9470_400.jpg,memorias_ram
COMASS9350,"Computadora Portátil ExpertBook B9 OLED, Número de parte 90NX05W1-M02KB0 Modelo B9403CVAR-C732G1T-P3 Sistema operativo  ","Computadora Portátil ExpertBook B9 OLED, Número de parte 90NX05W1-M02KB0 Modelo B9403CVAR-C732G1T-P3 Sistema operativo  Windows 11 Pro Intel Essentials with Intel® Core™ 7 processor 150U 1.8 GHz (12M Cache, up to 5.4 GHz, 10 cores) Intel® Graphics  32GB LPDDR5X on board 1TB M.2 2280 NVMe™ PCIe® 4.0 SSD 14.0 LED OLED 400nits WQXGA+ (2880 x 1800) 16:10 Glossy display sRGB: 100%  120Hz 100000:1 Pantone Validated Intel® Graphics Color Star Black Material aleación de magnesio y litio  Wi-Fi 6E(802.11ax) (Dual band) 2*2 + Bluetooth® 5.3 Wireless Card, Incluye vPro Micro HDMI to RJ45 gigabit ethernet adapter Sleeve Computadora portátil empresarial OLED de 14” más liviana del mundo, con un peso de apenas 990 g Clave exclusiva de Microsoft Copilot para una mayor exploración de la IA Chasis de aleación de magnesio y litio de primera calidad totalmente metálico Durabilidad de grado militar estadounidense  norma MIL-STD 810H *Este equipo incluye 1 año de garantía estándar directo con fabricante. Consulte características y ficha técnica para validar que cubra sus necesidades antes de adquirir el producto. Precio y disponibilidad sujetos a cambios sin previo aviso.*",EQUIPOS DE MARCA,COMPUTADORA,29166.67,39375.0,46666.67,https://static.ctonline.mx/imagenes/COMASS9350/COMASS9350_400.jpg,https://static.ctonline.mx/marcas/png/COMPUTADORA.png,https://ctonline.mx/buscar/productos?b=COMASS9350,https://static.ctonline.mx/imagenes/COMASS9350/COMASS9350_400.jpg,29166.67,39375.0,35000.0,35%,assets/img/catalog/COMASS9350.jpg,https://static.ctonline.mx/imagenes/COMASS9350/COMASS9350_400.jpg,memorias_ram
COMASS9970,"Computadora Portátil ExpertBook B9 OLED, Número de parte 90NX09J2-M00610 Modelo B9406CAA-U732G1T-P1 Sistema operativo  W","Computadora Portátil ExpertBook B9 OLED, Número de parte 90NX09J2-M00610 Modelo B9406CAA-U732G1T-P1 Sistema operativo  Windows 11 Pro Intel Essentials with Intel® Core™ Ultra 7 processor 356H 1.8 GHz (12M Cache, up to 4.7 GHz, 16 cores) Intel® Graphics  32GB LPDDR5X on board 1TB M.2 2280 NVMe™ PCIe® 4.0 SSD 14.0 LED OLED 400nits WQXGA+ (2880 x 1800) 16:10 Glossy display sRGB: 100%  90Hz 100000:1 Pantone Validated Intel® Graphics Color Star Black Material aleación de magnesio y litio  Wi-Fi 6E(802.11ax) (Dual band) 2*2 + Bluetooth® 5.3 Wireless Card, Incluye vPro Micro HDMI to RJ45 gigabit ethernet adapter Sleeve Computadora portátil empresarial OLED de 14” más liviana del mundo, con un peso de apenas 990 g Clave exclusiva de Microsoft Copilot para una mayor exploración de la IA Chasis de aleación de magnesio y litio de primera calidad totalmente metálico Durabilidad de grado militar estadounidense  norma MIL-STD 810H *Este equipo incluye 1 año de garantía estándar directo con fabricante. Consulte características y ficha técnica para validar que cubra sus necesidades antes de adquirir el producto. Precio y disponibilidad sujetos a cambios sin previo aviso.*",EQUIPOS DE MARCA,COMPUTADORA,43559.38,58805.15,69694.99,https://static.ctonline.mx/imagenes/COMASS9970/COMASS9970_400.jpg,https://static.ctonline.mx/marcas/png/COMPUTADORA.png,https://ctonline.mx/buscar/productos?b=COMASS9970,https://static.ctonline.mx/imagenes/COMASS9970/COMASS9970_400.jpg,43559.37,58805.15,52271.24,35%,assets/img/catalog/COMASS9970.jpg,https://static.ctonline.mx/imagenes/COMASS9970/COMASS9970_400.jpg,memorias_ram
COMASU110,"Computadora Portatil  ASUS VIVOBOOK 15. Convierte las tareas cotidianas en algo especial con el Vivobook 14, tu herramie","Computadora Portatil  ASUS VIVOBOOK 15. Convierte las tareas cotidianas en algo especial con el Vivobook 14, tu herramienta esencial para hacer las cosas más fácilmente y en cualquier lugar. Número de parte 90NB13Y1-M03770 Modelo F1504VA-BQ554W Sistema operativo Windows 11 Home Intel® Core™ 5 Processor 120U 1.4 GHz (12MB Cache, up to 5.0 GHz, 10 cores, 12 Threads) 8GB DDR4 on board, 512GB M.2 NVMe™ PCIe® 4.0 SSD, Intel® UHD Graphics, Pantalla: 15.6"" FHD (1920 x 1080) 16:9;  Wi-Fi 6E(802.11ax) (Dual band) 2*2 + Bluetooth® 5.3 Wireless Card, Puertos: 1x USB 2.0 Type-A (data speed up to 480Mbps), 1x USB 3.2 Gen 1 Type-C (data speed up to 5Gbps), 2x USB 3.2 Gen 1 Type-A (data speed up to 5Gbps), 1x HDMI 1.4, 1x 3.5mm Combo Audio Jack, 1x DC-in; Audio: ""SonicMaster, Built-in speaker, Built-in array microphone;  Teclado Chiclet; Durabilidad de grado militar estadounidense según norma MIL-STD 810H; Color: Quiet Blue; Bateria: 42WHrs, 3S1P, 3-cell Li-ion *Este equipo incluye 1 año de garantía estándar directo con fabricante. Consulte características y ficha técnica para validar que cubra sus necesidades antes de adquirir el producto. Precio y disponibilidad sujetos a cambios sin previo aviso.*",EQUIPOS DE MARCA,COMPUTADORA,8333.33,11250.0,13333.33,https://static.ctonline.mx/imagenes/COMASU110/COMASU110_400.jpg,https://static.ctonline.mx/marcas/png/COMPUTADORA.png,https://ctonline.mx/buscar/productos?b=COMASU110,https://static.ctonline.mx/imagenes/COMASU110/COMASU110_400.jpg,8333.33,11250.0,10000.0,35%,assets/img/catalog/COMASU110.jpg,https://static.ctonline.mx/imagenes/COMASU110/COMASU110_400.jpg,memorias_ram
TLCSTY610,"Tableta 3G 2+32 STYLOS STTA3G5A. Tablet 3G 2+32, Color Azul, Android 11, Quad Core 1.3GHz, 32Gb Almacenamiento, RAM 2Gb ","Tableta 3G 2+32 STYLOS STTA3G5A. Tablet 3G 2+32, Color Azul, Android 11, Quad Core 1.3GHz, 32Gb Almacenamiento, RAM 2Gb tipo DDR3, Red 3G, Conexión Inalámbrica BT, 2 cámaras frontal y trasera, Pantalla 7"" 1024x600 TN, Wi-Fi",EQUIPOS DE MARCA,TABLETA,867.41,22834.6,27063.23,https://static.ctonline.mx/imagenes/TLCSTY610/TLCSTY610_400.jpg,https://static.ctonline.mx/marcas/png/TABLETA.png,https://ctonline.mx/buscar/productos?b=TLCSTY610,https://static.ctonline.mx/imagenes/TLCSTY610/TLCSTY610_400.jpg,16914.52,22834.6,20297.42,35%,assets/img/catalog/TLCSTY610.jpg,https://static.ctonline.mx/imagenes/TLCSTY610/TLCSTY610_400.jpg,memorias_ram
TLCSTY620,"Tableta 3G 2+32 STYLOS STTA3G5S. Tablet 3G 2+32, Color Silver, Android 11, Quad Core 1.3GHz, 32Gb Almacenamiento, RAM 2G","Tableta 3G 2+32 STYLOS STTA3G5S. Tablet 3G 2+32, Color Silver, Android 11, Quad Core 1.3GHz, 32Gb Almacenamiento, RAM 2Gb tipo DDR3, Red 3G, Conexión Inalámbrica BT, 2 cámaras frontal y trasera, Pantalla 7"" 1024x600 TN, Wi-Fi",EQUIPOS DE MARCA,TABLETA,867.41,22834.6,27063.23,https://static.ctonline.mx/imagenes/TLCSTY620/TLCSTY620_400.jpg,https://static.ctonline.mx/marcas/png/TABLETA.png,https://ctonline.mx/buscar/productos?b=TLCSTY620,https://static.ctonline.mx/imagenes/TLCSTY620/TLCSTY620_400.jpg,16914.52,22834.6,20297.42,35%,assets/img/catalog/TLCSTY620.jpg,https://static.ctonline.mx/imagenes/TLCSTY620/TLCSTY620_400.jpg,memorias_ram
AIOECS150,MINI PC ECS LIVA Z N3350 SoC Intel Celeron N3350 RANURA DE EXPANSIÓN 1 x M.2 para SSD (SATA) MEMORIA 2 memorias SO-DIMM ,"MINI PC ECS LIVA Z N3350 SoC Intel Celeron N3350 RANURA DE EXPANSIÓN 1 x M.2 para SSD (SATA) MEMORIA 2 memorias SO-DIMM DDRR3L Hasta 8GB DISPOSITIVOS DE ALMACENAMIENTO Compatible con 1 eMMC de 32 GB/64 GB AUDIO 1 conector combinado. 1 micrófono digital. REDES 2 LAN Gigabit USB 3 puertos USB 3.1 Gen1 tipo A 1 puerto USB 3.1 Gen1 tipo C SALIDA DE VÍDEO 1 puerto HDMI (HDMI 1.4) 1 puerto mDP INALÁMBRICA Intel Wi - Fi 802.11ac ENERGÍA Entrada: CA 100-240V, Salida: CC 19V / 3.42A MONTAJE VESA Soporta 75mm / 100mm DIMENSIONES (MM) 117x128x33mm 115 x 111 mm (tamaño de placa de circuito impreso) SOPORTE DE SISTEMA OPERATIVO Ubuntu 16.04 LTS Windows 10® 64 bits *Se recomienda instalar Windows, ECS no proporciona otro soporte técnico para la instalación del sistema operativo. ACCESORIO 1 adaptador de corriente. 1 soporte VESA. 6 tornillos de montaje VESA. Guía rápida y DVD de controladores",EQUIPOS DE MARCA,MINI,137.78,3627.0,4298.67,https://static.ctonline.mx/imagenes/AIOECS150/AIOECS150_400.jpg,https://static.ctonline.mx/marcas/png/MINI.png,https://ctonline.mx/buscar/productos?b=AIOECS150,https://static.ctonline.mx/imagenes/AIOECS150/AIOECS150_400.jpg,2686.67,3627.0,3224.0,35%,assets/img/catalog/AIOECS150.jpg,https://static.ctonline.mx/imagenes/AIOECS150/AIOECS150_400.jpg,memorias_ram
COMHYU520,"Computadora Portatil  Hyundai Hybook,HT14CCIC46SG , Intel Celeron N4020 (hasta 2.8 GHz), Memoria Ram de 4Gb DDR4 y almac","Computadora Portatil  Hyundai Hybook,HT14CCIC46SG , Intel Celeron N4020 (hasta 2.8 GHz), Memoria Ram de 4Gb DDR4 y almacenamiento de 128 GB, Pantalla de 14.1 pulgadas HD,UHD Graphics 600, Touch pad y teclado integrado, perfecto para trabajar y uso en casa Teclado en español, Windows 11 Home s mode (64 Bits), Bluetooth4.2  Dual speakers, Mini HDMI. SPACE GREY.",EQUIPOS DE MARCA,COMPUTADORA,3717.39,5018.48,5947.82,https://static.ctonline.mx/imagenes/COMHYU520/COMHYU520_400.jpg,https://static.ctonline.mx/marcas/png/COMPUTADORA.png,https://ctonline.mx/buscar/productos?b=COMHYU520,https://static.ctonline.mx/imagenes/COMHYU520/COMHYU520_400.jpg,3717.39,5018.48,4460.87,35%,assets/img/catalog/COMHYU520.jpg,https://static.ctonline.mx/imagenes/COMHYU520/COMHYU520_400.jpg,memorias_ram
COMHYU540,"Computadora Portátil Hyundai Hybook, HT14CC4S02. Intel Gemini Lake N4020, Memoria Ram de 8GB, Almacenamiento 256GB, Pant","Computadora Portátil Hyundai Hybook, HT14CC4S02. Intel Gemini Lake N4020, Memoria Ram de 8GB, Almacenamiento 256GB, Pantalla 14.1 Pulgadas, Resolución 1366x768 TN. Teclado ESPAÑOL, Perfecto para trabajar y uso en casa, Windows 11.",EQUIPOS DE MARCA,COMPUTADORA,4088.89,5520.0,6542.22,https://static.ctonline.mx/imagenes/COMHYU540/COMHYU540_400.jpg,https://static.ctonline.mx/marcas/png/COMPUTADORA.png,https://ctonline.mx/buscar/productos?b=COMHYU540,https://static.ctonline.mx/imagenes/COMHYU540/COMHYU540_400.jpg,4088.89,5520.0,4906.67,35%,assets/img/catalog/COMHYU540.jpg,https://static.ctonline.mx/imagenes/COMHYU540/COMHYU540_400.jpg,memorias_ram
TLCHYU450,Tableta HYUNDAI HyTab Plus HT10WB3MSG01 10.1” 1280x800 HD IPS. Android 13 Procesado A523 Octacore. Memoria Ram 4GB. Cáma,"Tableta HYUNDAI HyTab Plus HT10WB3MSG01 10.1” 1280x800 HD IPS. Android 13 Procesado A523 Octacore. Memoria Ram 4GB. Cámara frontal y trasera de 8 y 13MP.  128GB de almacenamiento. Conexión inalámbrica Bluetooth5.0. Conectividad AX Wi-Fi. Batería litio recargable 6000 MaH. Puertos. 1x USB tipo C.1x Micro SIM. 1x MicroSD (Hasta 256GB). 2x Conector de Audio de 3.5 mm. Incluye Cargador, Cable Tipo-C, Audífonos, Pluma Táctil y Protector de Pantalla –Gris Espacial",EQUIPOS DE MARCA,TABLETA,1500.0,39487.5,46800.0,https://static.ctonline.mx/imagenes/TLCHYU450/TLCHYU450_400.jpg,https://static.ctonline.mx/marcas/png/TABLETA.png,https://ctonline.mx/buscar/productos?b=TLCHYU450,https://static.ctonline.mx/imagenes/TLCHYU450/TLCHYU450_400.jpg,29250.0,39487.5,35100.0,35%,assets/img/catalog/TLCHYU450.jpg,https://static.ctonline.mx/imagenes/TLCHYU450/TLCHYU450_400.jpg,memorias_ram
TLCHYU610,TABLETA HYUNDAI HyTab Plus HT10LB4MSGNA02 10.1” 800x1280 IPS. Android 15. Procesado T606 Octacore. Memoria Ram 6GB. Cáma,"TABLETA HYUNDAI HyTab Plus HT10LB4MSGNA02 10.1” 800x1280 IPS. Android 15. Procesado T606 Octacore. Memoria Ram 6GB. Cámara frontal y trasera de 5 y 13 MP. Wi-Fi. 128GB de almacenamiento. Conexión inalámbrica Bluetooth5.0. WIFI AC. Conectividad LTE hasta 4G. Batería litio recargable 6000 MaH. Puertos. 1x USB tipo C.1x Micro SIM. 1x MicroSD(Hasta 256GB). 2x Conector de Audio de 3.5 mm. Incluye Cargador, Cable Tipo-C, Audífonos, Pluma Táctil y Protector de Pantalla –Gris Espacial",EQUIPOS DE MARCA,TABLETA,2333.33,61425.0,72800.0,https://static.ctonline.mx/imagenes/TLCHYU610/TLCHYU610_400.jpg,https://static.ctonline.mx/marcas/png/TABLETA.png,https://ctonline.mx/buscar/productos?b=TLCHYU610,https://static.ctonline.mx/imagenes/TLCHYU610/TLCHYU610_400.jpg,45500.0,61425.0,54600.0,35%,assets/img/catalog/TLCHYU610.jpg,https://static.ctonline.mx/imagenes/TLCHYU610/TLCHYU610_400.jpg,memorias_ram
TLCHYU550,TABLETA HYUNDAI HyTab Plus HT10LB4MSGNA02 10.1” 800x1280 IPS. Android 15. Procesado T606 Octacore. Memoria Ram 6GB. Cáma,"TABLETA HYUNDAI HyTab Plus HT10LB4MSGNA02 10.1” 800x1280 IPS. Android 15. Procesado T606 Octacore. Memoria Ram 6GB. Cámara frontal y trasera de 5 y 13 MP. Wi-Fi. 128GB de almacenamiento. Conexión inalámbrica Bluetooth5.0. WIFI AC. Conectividad LTE hasta 4G. Batería litio recargable 6000 MaH. Puertos. 1x USB tipo C.1x Micro SIM. 1x MicroSD(Hasta 256GB). 2x Conector de Audio de 3.5 mm. Incluye Cargador, Cable Tipo-C, Audífonos, Pluma Táctil y Protector de Pantalla –Gris Espacial",EQUIPOS DE MARCA,TABLETA,2333.33,61425.0,72800.0,https://static.ctonline.mx/imagenes/TLCHYU550/TLCHYU550_400.jpg,https://static.ctonline.mx/marcas/png/TABLETA.png,https://ctonline.mx/buscar/productos?b=TLCHYU550,https://static.ctonline.mx/imagenes/TLCHYU550/TLCHYU550_400.jpg,45500.0,61425.0,54600.0,35%,assets/img/catalog/TLCHYU550.jpg,https://static.ctonline.mx/imagenes/TLCHYU550/TLCHYU550_400.jpg,memorias_ram
SERCLO210,1 gb memoria ram adicional para servidor virtual en la nube,1 gb memoria ram adicional para servidor virtual en la nube,EQUIPOS DE MARCA,1,277.11,7295.04,8645.97,https://static.ctonline.mx/imagenes/SERCLO210/SERCLO210_400.jpg,https://static.ctonline.mx/marcas/png/1.png,https://ctonline.mx/buscar/productos?b=SERCLO210,https://static.ctonline.mx/imagenes/SERCLO210/SERCLO210_400.jpg,5403.73,7295.04,6484.48,35%,assets/img/catalog/SERCLO210.jpg,https://static.ctonline.mx/imagenes/SERCLO210/SERCLO210_400.jpg,memorias_ram
SERCLO910,2Gb Memoria Ram Adicional Para Servidor Virtual En La Nube MEM2GB,2Gb Memoria Ram Adicional Para Servidor Virtual En La Nube MEM2GB,EQUIPOS DE MARCA,2GB,817.82,21529.04,25515.9,https://static.ctonline.mx/imagenes/SERCLO910/SERCLO910_400.jpg,https://static.ctonline.mx/marcas/png/2GB.png,https://ctonline.mx/buscar/productos?b=SERCLO910,https://static.ctonline.mx/imagenes/SERCLO910/SERCLO910_400.jpg,15947.44,21529.04,19136.93,35%,assets/img/catalog/SERCLO910.jpg,https://static.ctonline.mx/imagenes/SERCLO910/SERCLO910_400.jpg,memorias_ram
SERCLO920,4Gb Memoria Ram Adicional Para Servidor Virtual En La Nube MEM4GB,4Gb Memoria Ram Adicional Para Servidor Virtual En La Nube MEM4GB,EQUIPOS DE MARCA,4GB,1432.1,37700.03,44681.52,https://static.ctonline.mx/imagenes/SERCLO920/SERCLO920_400.jpg,https://static.ctonline.mx/marcas/png/4GB.png,https://ctonline.mx/buscar/productos?b=SERCLO920,https://static.ctonline.mx/imagenes/SERCLO920/SERCLO920_400.jpg,27925.95,37700.03,33511.14,35%,assets/img/catalog/SERCLO920.jpg,https://static.ctonline.mx/imagenes/SERCLO920/SERCLO920_400.jpg,memorias_ram
SERCLO930,6Gb Memoria Ram Adicional Para Servidor Virtual En La Nube MEM6GB,6Gb Memoria Ram Adicional Para Servidor Virtual En La Nube MEM6GB,EQUIPOS DE MARCA,6GB,2148.15,56550.0,67022.22,https://static.ctonline.mx/imagenes/SERCLO930/SERCLO930_400.jpg,https://static.ctonline.mx/marcas/png/6GB.png,https://ctonline.mx/buscar/productos?b=SERCLO930,https://static.ctonline.mx/imagenes/SERCLO930/SERCLO930_400.jpg,41888.89,56550.0,50266.67,35%,assets/img/catalog/SERCLO930.jpg,https://static.ctonline.mx/imagenes/SERCLO930/SERCLO930_400.jpg,memorias_ram
SERCLO940,8Gb Memoria Ram Adicional Para Servidor Virtual En La Nube MEM8GB,8Gb Memoria Ram Adicional Para Servidor Virtual En La Nube MEM8GB,EQUIPOS DE MARCA,8GB,2864.2,3866.66,4582.7,https://static.ctonline.mx/imagenes/SERCLO940/SERCLO940_400.jpg,https://static.ctonline.mx/marcas/png/8GB.png,https://ctonline.mx/buscar/productos?b=SERCLO940,https://static.ctonline.mx/imagenes/SERCLO940/SERCLO940_400.jpg,2864.19,3866.66,3437.03,35%,assets/img/catalog/SERCLO940.jpg,https://static.ctonline.mx/imagenes/SERCLO940/SERCLO940_400.jpg,memorias_ram
IMPHPI1690,"Impresora portátil HP OfficeJet 200 (CZ993A) Velocidad de impresión en negro: Hasta 10 ppm, Con batería: Hasta 9 ppm; Ci","Impresora portátil HP OfficeJet 200 (CZ993A) Velocidad de impresión en negro: Hasta 10 ppm, Con batería: Hasta 9 ppm; Ciclo de trabajo (mensual, A4): Hasta 500 páginas; Calidad de impresión en negro (óptima): Ofrece hasta 1.200 x 1.200 ppp (cuando imprime desde un ordenador); Memoria, estándar DDR3 de 128 MB; Calidad de impresión en color (óptima): Hasta 4800 x 1200 dpi color optimizados (cuando se imprime desde una computadora y 1200 dpi de entrada); Capacidad: USB 2.0 + Wi-Fi;  HP ePrint; Sistemas operativos compatibles Windows 10, 8.1, 8 y 7, Windows Vista, Windows XP, Apple OS X Yosemite (v10.10) OS X Mavericks (v10.9) y OS X Mountain Lion (v10.8); Consumibles:  HP 62XL negro C2P05AL, HP 62XL tricolor C2P07AL. Sustituye a la Officejet 100 Portátil","IMPRESION, DIG. DE IMAGENES",IMPRESORA,4442.98,5998.02,7108.77,https://static.ctonline.mx/imagenes/IMPHPI1690/IMPHPI1690_400.jpg,https://static.ctonline.mx/marcas/png/IMPRESORA.png,https://ctonline.mx/buscar/productos?b=IMPHPI1690,https://static.ctonline.mx/imagenes/IMPHPI1690/IMPHPI1690_400.jpg,4442.98,5998.02,5331.58,35%,assets/img/catalog/IMPHPI1690.jpg,https://static.ctonline.mx/imagenes/IMPHPI1690/IMPHPI1690_400.jpg,memorias_ram
PLOCNN380,"Impresora de formato ancho. Canon Plotter TC-21 M 7058C002, Tecnología tinta continua. Plotter de gran formato 24 pulgad","Impresora de formato ancho. Canon Plotter TC-21 M 7058C002, Tecnología tinta continua. Plotter de gran formato 24 pulgadas, impresora con escáner A4 integrado, Resolución de 2,400 x 1200 dpi, 1 GB de memoria RAM, 4 colores (tintas PFI-050), Pantalla táctil color 2.7”, Interfaz Estándar (integrada): Hi-Speed USB, Wi-Fi (LAN por cable, 2.4/5 GHz, IEEE802.11b/g/n/a/ac)9, LAN por cable (100 BASE-TX)/(10 BASE-T) Garantía 3 meses por defecto de fabricación directamente con la marca","IMPRESION, DIG. DE IMAGENES",IMPRESORA,21826.19,29465.36,34921.9,https://static.ctonline.mx/imagenes/PLOCNN380/PLOCNN380_400.jpg,https://static.ctonline.mx/marcas/png/IMPRESORA.png,https://ctonline.mx/buscar/productos?b=PLOCNN380,https://static.ctonline.mx/imagenes/PLOCNN380/PLOCNN380_400.jpg,21826.19,29465.36,26191.43,35%,assets/img/catalog/PLOCNN380.jpg,https://static.ctonline.mx/imagenes/PLOCNN380/PLOCNN380_400.jpg,memorias_ram
PLOCNN350,"Impresora de formato ancho. Canon Plotter TM-350 6246C032AA, Tecnología tinta continua. Plotter de gran formato 36 pulga","Impresora de formato ancho. Canon Plotter TM-350 6246C032AA, Tecnología tinta continua. Plotter de gran formato 36 pulgadas, velocidad de hasta 32.2 impresiones en tamaño D/min, Resolución de 2,400 x 1200 dpi, 2 GB de memoria RAM, 5 colores (tintas PFI-121, PFI-120, PFI-321, PFI-320), Pantalla táctil LCD color 4.3”, USB 2.0 de alta velocidad, Ethernet y LAN, Garantía 3 meses por defecto de fabricación directamente con la marca","IMPRESION, DIG. DE IMAGENES",IMPRESORA,63920.71,86292.96,102273.14,https://static.ctonline.mx/imagenes/PLOCNN350/PLOCNN350_400.jpg,https://static.ctonline.mx/marcas/png/IMPRESORA.png,https://ctonline.mx/buscar/productos?b=PLOCNN350,https://static.ctonline.mx/imagenes/PLOCNN350/PLOCNN350_400.jpg,63920.71,86292.96,76704.85,35%,assets/img/catalog/PLOCNN350.jpg,https://static.ctonline.mx/imagenes/PLOCNN350/PLOCNN350_400.jpg,memorias_ram
ACCKYC420,Accesorio. Kyocera. 855D200662. Memoria de impresión 144pin DDR3 SDRAM (1GB),Accesorio. Kyocera. 855D200662. Memoria de impresión 144pin DDR3 SDRAM (1GB),CONSUMIBLES,ACCESORIO,112.22,2954.25,3501.33,https://static.ctonline.mx/imagenes/ACCKYC420/ACCKYC420_400.jpg,https://static.ctonline.mx/marcas/png/ACCESORIO.png,https://ctonline.mx/buscar/productos?b=ACCKYC420,https://static.ctonline.mx/imagenes/ACCKYC420/ACCKYC420_400.jpg,2188.33,2954.25,2626.0,35%,assets/img/catalog/ACCKYC420.jpg,https://static.ctonline.mx/imagenes/ACCKYC420/ACCKYC420_400.jpg,memorias_ram
ACCKYC425,Accesorio. Kyocera. 855D200714. Memoria de impresión 144pin DDR3 SDRAM (2GB),Accesorio. Kyocera. 855D200714. Memoria de impresión 144pin DDR3 SDRAM (2GB),CONSUMIBLES,ACCESORIO,177.78,4680.0,5546.67,https://static.ctonline.mx/imagenes/ACCKYC425/ACCKYC425_400.jpg,https://static.ctonline.mx/marcas/png/ACCESORIO.png,https://ctonline.mx/buscar/productos?b=ACCKYC425,https://static.ctonline.mx/imagenes/ACCKYC425/ACCKYC425_400.jpg,3466.67,4680.0,4160.0,35%,assets/img/catalog/ACCKYC425.jpg,https://static.ctonline.mx/imagenes/ACCKYC425/ACCKYC425_400.jpg,memorias_ram
ROUTPL1070,"Router Omada VPN 10G (ER8411), 2 puertos 10GE SFP + Puertos (1 WAN, 1 WAN/LAN),1 puerto WAN/LAN SFP de 1 GE,8 puertos WA","Router Omada VPN 10G (ER8411), 2 puertos 10GE SFP + Puertos (1 WAN, 1 WAN/LAN),1 puerto WAN/LAN SFP de 1 GE,8 puertos WAN/LAN 1GE RJ45,1 puerto de consola RJ45,2 puertos USB (conexión de módem 4G/3G como respaldo WAN), Flash 4MB SPI NOR + 256 MB NAND,DRAM 4 GB DDR4,Sesiones Concurrentes 2,300,000,Requisitos del sistema Microsoft Windows 98SE, NT, 2000, XP, Vista™ o Windows 7/8/8.1/10/11, MAC OS, NetWare, UNIX o Linux.",CONECTIVIDAD,ROUTER,487.5,12833.44,15210.0,https://static.ctonline.mx/imagenes/ROUTPL1070/ROUTPL1070_400.jpg,https://static.ctonline.mx/marcas/png/ROUTER.png,https://ctonline.mx/buscar/productos?b=ROUTPL1070,https://static.ctonline.mx/imagenes/ROUTPL1070/ROUTPL1070_400.jpg,9506.25,12833.44,11407.5,35%,assets/img/catalog/ROUTPL1070.jpg,https://static.ctonline.mx/imagenes/ROUTPL1070/ROUTPL1070_400.jpg,memorias_ram
ROUASS260,Router ASUS RT-AC1200 V2 Estándar de red IEEE 802.11a IEEE 802.11b IEEE 802.11g WiFi 4 (802.11n) WiFi 5 (802.11ac) IPv4 ,"Router ASUS RT-AC1200 V2 Estándar de red IEEE 802.11a IEEE 802.11b IEEE 802.11g WiFi 4 (802.11n) WiFi 5 (802.11ac) IPv4 IPv6 IEEE 802.11e IEEE 802.11i Segmento de producto Rendimiento de CA mejorado AC1200: 300+867 Mbps Velocidad de datos 802.11a: hasta 54 Mbps 802.11b: hasta 11 Mbps 802.11g: hasta 54 Mbps 802.11n: hasta 300 Mbps 802.11ac: hasta 867 Mbps Antena Antena externa x 4 Transmitir / Recibir Tecnología MIMO 2,4 GHz 2 × 2 5 GHz 2 × 2 Memoria Memoria flash de 16 MB Memoria RAM de 64 MB Frecuencias 2,4 GHz 5 GHz Puertos RJ45 para 10/100 Mbps BaseT para WAN x 1 RJ45 para 10/100 Mbps BaseT para LAN x 4 Botónes Botón WPS, Botón de reinicio, Botón de encendido Fuente de poder Entrada de CA: 110 V ~ 240 V (50 ~ 60 Hz) Salida de CC: 12 V con máx. corriente de 0,5 A Contenido del paquete 1 enrutador Wi-Fi RT-AC1200 V2 1 adaptador de corriente 1 QSG 1 tarjeta de garantía Peso del producto (g) 271 gramos APLICACIÓN de enrutador Sí control parental Sí Control de trafico Regla de limitador de ancho de banda máximo: 32 QoS tradicional Regla de QoS tradicional máximo: 32 Sí Periodo de análisis de tráfico: Diario, Semanal, Mensual Inalámbrico Cifrado Wi-Fi: Sistema abierto, WPA/WPA2-Personal, WPA/WPA2-Enterprise Regla máxima de red para invitados: 2,4 GHz x3, 5 GHz x3 Límite de tiempo de conexión de red para invitados Cifrado de red para invitados: Sistema abierto, WPA/WPA2-Personal Filtros MAC máximos : 64 Si CAMIONETA Tipo de conexión a Internet: PPPoE, PPTP, L2TP, IP automática, IP estática Regla máxima de reenvío de puertos: 64 Regla máxima de activación de puertos: 32 Sí NAT Passthrough: PPTP, L2TP, IPSec, RTSP, H.323, SIP Passthrough, PPPoE relay Y Sí Máximo regla de asignación manual de direcciones IP: 64 Aplicación USB Sistema de archivos: FAT16, FAT32, NT3G Administración Modo de funcionamiento: Punto de acceso, enrutador Sistema operativo: ASUSWRT Sí",CONECTIVIDAD,ROUTER,24.44,643.5,762.67,https://static.ctonline.mx/imagenes/ROUASS260/ROUASS260_400.jpg,https://static.ctonline.mx/marcas/png/ROUTER.png,https://ctonline.mx/buscar/productos?b=ROUASS260,https://static.ctonline.mx/imagenes/ROUASS260/ROUASS260_400.jpg,476.67,643.5,572.0,35%,assets/img/catalog/ROUASS260.jpg,https://static.ctonline.mx/imagenes/ROUASS260/ROUASS260_400.jpg,memorias_ram
MEMTRD160,"Synology D4ES03-16G Memoria RAM especializada para NAS Synology Compatible con Synology DS1825+, DS1525+, DS925+, DS725+","Synology D4ES03-16G Memoria RAM especializada para NAS Synology Compatible con Synology DS1825+, DS1525+, DS925+, DS725+.",CONECTIVIDAD,SYNOLOGY,1219.09,32092.52,38035.58,https://static.ctonline.mx/imagenes/MEMTRD160/MEMTRD160_400.jpg,https://static.ctonline.mx/marcas/png/SYNOLOGY.png,https://ctonline.mx/buscar/productos?b=MEMTRD160,https://static.ctonline.mx/imagenes/MEMTRD160/MEMTRD160_400.jpg,23772.24,32092.52,28526.69,35%,assets/img/catalog/MEMTRD160.jpg,https://static.ctonline.mx/imagenes/MEMTRD160/MEMTRD160_400.jpg,memorias_ram
MONLGE2760,"Monitor Quirúrgico LG 4K de 27"" 27HQ710S, (3840x2160) con mini-LED, Relación de aspecto16:, Backlight Dimming Technology","Monitor Quirúrgico LG 4K de 27"" 27HQ710S, (3840x2160) con mini-LED, Relación de aspecto16:, Backlight Dimming Technology Local Dimming, Backlight Technology Mini LED, Color Bit 10 bit, Gama de Colores (Typ.) DCI-P3 98%, Índice de contraste (Typ.) 1,000:1, Brillo (Typ.)800cd/m2, Brillo máximo (Typ.) 2000, Pixel Pitch(H x V)0.1554mm x 0.1554mm, Tamaño (H x V) 596.74 x 335.66mm, Tiempo de respuesta (ms)14ms(apagado), 5ms(más veloz), Ángulo de Visión (CR≥10) 178º(R/L), 178º(U/D), Tratamiento de superficies Cristal de protección (1,3 t, antirreflectante, antihuellas), montaje en pared	200x100mm/100x100mm, Conectividad: 3G-SDI  (3G,INx1/OUTx1), DVI (1In / 1Out),RS-232  (1),Puerto ascendente USB (1/ver3.0),DisplayPort  (in 1/out 1),HDMI (1), Puerto descendente USB (1/ver3.0), garantía 3 años en centros de servicio LG autorizados en sitio.",ELECTRONICA DE CONSUMO,QUIRÚRGICO,51106.38,68993.61,81770.21,https://static.ctonline.mx/imagenes/MONLGE2760/MONLGE2760_400.jpg,https://static.ctonline.mx/marcas/png/QUIRRGICO.png,https://ctonline.mx/buscar/productos?b=MONLGE2760,https://static.ctonline.mx/imagenes/MONLGE2760/MONLGE2760_400.jpg,51106.38,68993.61,61327.66,35%,assets/img/catalog/MONLGE2760.jpg,https://static.ctonline.mx/imagenes/MONLGE2760/MONLGE2760_400.jpg,memorias_ram
ACCSTY590,"TV BOX Stylos STVTBX7B Smart 4K Android 14, Rockchip RK3518 Quad-Core 64-bit Cortex-A53, memoria RAM 2GB, Almacenamiento","TV BOX Stylos STVTBX7B Smart 4K Android 14, Rockchip RK3518 Quad-Core 64-bit Cortex-A53, memoria RAM 2GB, Almacenamiento interno (ROM) 16GB, formato de video AVI, TS, VOB, MKV, MOV, ISO, WMV, ASF, FLV, DAT, MPG, MPEG, formato de audio MP3, WMA, AAC, WAV, OGG, DDP, FLAC, APE, formato de imagen JPEG, BMP, GIF, PNG, TIFF (HD), 2 × USB 2.0, accesorios incluidos TV Box, control remoto, adaptador de corriente, cable HDMI, manual.",ELECTRONICA DE CONSUMO,TV,365.29,9616.24,11397.02,https://static.ctonline.mx/imagenes/ACCSTY590/ACCSTY590_400.jpg,https://static.ctonline.mx/marcas/png/TV.png,https://ctonline.mx/buscar/productos?b=ACCSTY590,https://static.ctonline.mx/imagenes/ACCSTY590/ACCSTY590_400.jpg,7123.14,9616.24,8547.77,35%,assets/img/catalog/ACCSTY590.jpg,https://static.ctonline.mx/imagenes/ACCSTY590/ACCSTY590_400.jpg,memorias_ram
CELSMG2660,"Samsung GALAXY A06 4GB 128GB NEGRO, Memoria RAM: 4 GB, Dispositivo desbloqueado para que elijas la compañía telefónica q","Samsung GALAXY A06 4GB 128GB NEGRO, Memoria RAM: 4 GB, Dispositivo desbloqueado para que elijas la compañía telefónica que prefieras. Pantalla de 6.7"". Memoria interna de 128GB. Con sensor de huella dactilar.",ELECTRONICA DE CONSUMO,SAMSUNG,2102.27,55342.33,65590.91,https://static.ctonline.mx/imagenes/CELSMG2660/CELSMG2660_400.jpg,https://static.ctonline.mx/marcas/png/SAMSUNG.png,https://ctonline.mx/buscar/productos?b=CELSMG2660,https://static.ctonline.mx/imagenes/CELSMG2660/CELSMG2660_400.jpg,40994.32,55342.33,49193.18,35%,assets/img/catalog/CELSMG2660.jpg,https://static.ctonline.mx/imagenes/CELSMG2660/CELSMG2660_400.jpg,memorias_ram
CELSMG2710,"GALAXY S24 8GB 256GB 5G VIOLETA, Memoria RAM: 8 GB, Dispositivo desbloqueado para que elijas la compañía telefónica que ","GALAXY S24 8GB 256GB 5G VIOLETA, Memoria RAM: 8 GB, Dispositivo desbloqueado para que elijas la compañía telefónica que prefieras, Compatible con redes 5G, Pantalla de 6.2"", Tiene 3 cámaras traseras de 50Mpx/12Mpx/10Mpx. Cámara delantera de 12Mpx. Batería de 4000mAh. Memoria interna de 128GB.
Con sensor de huella dactilar.",ELECTRONICA DE CONSUMO,GALAXY,15113.64,20403.41,24181.82,https://static.ctonline.mx/imagenes/CELSMG2710/CELSMG2710_400.jpg,https://static.ctonline.mx/marcas/png/GALAXY.png,https://ctonline.mx/buscar/productos?b=CELSMG2710,https://static.ctonline.mx/imagenes/CELSMG2710/CELSMG2710_400.jpg,15113.64,20403.41,18136.37,35%,assets/img/catalog/CELSMG2710.jpg,https://static.ctonline.mx/imagenes/CELSMG2710/CELSMG2710_400.jpg,memorias_ram
CELSMG2720,"GALAXY S24 12GB 512GB 5G GRIS , Memoria RAM: 12 GB, Dispositivo desbloqueado para que elijas la compañía telefónica que ","GALAXY S24 12GB 512GB 5G GRIS , Memoria RAM: 12 GB, Dispositivo desbloqueado para que elijas la compañía telefónica que prefieras, Compatible con redes 5G, Pantalla de 6.2"", Tiene 3 cámaras traseras de 50Mpx/12Mpx/10Mpx. Cámara delantera de 12Mpx. Batería de 4000mAh. Memoria interna de 128GB.
Con sensor de huella dactilar.",ELECTRONICA DE CONSUMO,GALAXY,23238.64,31372.16,37181.82,https://static.ctonline.mx/imagenes/CELSMG2720/CELSMG2720_400.jpg,https://static.ctonline.mx/marcas/png/GALAXY.png,https://ctonline.mx/buscar/productos?b=CELSMG2720,https://static.ctonline.mx/imagenes/CELSMG2720/CELSMG2720_400.jpg,23238.64,31372.16,27886.37,35%,assets/img/catalog/CELSMG2720.jpg,https://static.ctonline.mx/imagenes/CELSMG2720/CELSMG2720_400.jpg,memorias_ram
CELSMG2750,"GALAXY S25 ULTRA 12GB 512GB 5G GRIS,  Memoria RAM: 12 GB, Dispositivo desbloqueado para que elijas la compañía telefónic","GALAXY S25 ULTRA 12GB 512GB 5G GRIS,  Memoria RAM: 12 GB, Dispositivo desbloqueado para que elijas la compañía telefónica que prefieras. Compatible con redes 5G. Pantalla de 6.9"". Memoria interna de 512GB.",ELECTRONICA DE CONSUMO,GALAXY,32613.64,44028.41,52181.82,https://static.ctonline.mx/imagenes/CELSMG2750/CELSMG2750_400.jpg,https://static.ctonline.mx/marcas/png/GALAXY.png,https://ctonline.mx/buscar/productos?b=CELSMG2750,https://static.ctonline.mx/imagenes/CELSMG2750/CELSMG2750_400.jpg,32613.64,44028.41,39136.37,35%,assets/img/catalog/CELSMG2750.jpg,https://static.ctonline.mx/imagenes/CELSMG2750/CELSMG2750_400.jpg,memorias_ram
CELSMG2760,"GALAXY S25 ULTRA 12GB 512GB 5G NEGRO,  Memoria RAM: 12 GB, Dispositivo desbloqueado para que elijas la compañía telefóni","GALAXY S25 ULTRA 12GB 512GB 5G NEGRO,  Memoria RAM: 12 GB, Dispositivo desbloqueado para que elijas la compañía telefónica que prefieras. Compatible con redes 5G. Pantalla de 6.9"". Memoria interna de 512GB.",ELECTRONICA DE CONSUMO,GALAXY,32613.64,44028.41,52181.82,https://static.ctonline.mx/imagenes/CELSMG2760/CELSMG2760_400.jpg,https://static.ctonline.mx/marcas/png/GALAXY.png,https://ctonline.mx/buscar/productos?b=CELSMG2760,https://static.ctonline.mx/imagenes/CELSMG2760/CELSMG2760_400.jpg,32613.64,44028.41,39136.37,35%,assets/img/catalog/CELSMG2760.jpg,https://static.ctonline.mx/imagenes/CELSMG2760/CELSMG2760_400.jpg,memorias_ram
CELSMG2770,"GALAXY S25+ 12GB 256GB 5G AZUL MARINO, Memoria RAM: 12 GB, Dispositivo desbloqueado para que elijas la compañía telefóni","GALAXY S25+ 12GB 256GB 5G AZUL MARINO, Memoria RAM: 12 GB, Dispositivo desbloqueado para que elijas la compañía telefónica que prefieras. Compatible con redes 5G. Pantalla de 6.7"". Memoria interna de 256GB.",ELECTRONICA DE CONSUMO,GALAXY,23863.64,32215.91,38181.82,https://static.ctonline.mx/imagenes/CELSMG2770/CELSMG2770_400.jpg,https://static.ctonline.mx/marcas/png/GALAXY.png,https://ctonline.mx/buscar/productos?b=CELSMG2770,https://static.ctonline.mx/imagenes/CELSMG2770/CELSMG2770_400.jpg,23863.64,32215.91,28636.37,35%,assets/img/catalog/CELSMG2770.jpg,https://static.ctonline.mx/imagenes/CELSMG2770/CELSMG2770_400.jpg,memorias_ram
CELMAC2010,"Apple iPhone 14 128GB  color AZUL, 4GB RAM Memoria RAM: 4 GB","Apple iPhone 14 128GB  color AZUL, 4GB RAM Memoria RAM: 4 GB",ELECTRONICA DE CONSUMO,APPLE,14113.64,19053.41,22581.82,https://static.ctonline.mx/imagenes/CELMAC2010/CELMAC2010_400.jpg,https://static.ctonline.mx/marcas/png/APPLE.png,https://ctonline.mx/buscar/productos?b=CELMAC2010,https://static.ctonline.mx/imagenes/CELMAC2010/CELMAC2010_400.jpg,14113.64,19053.41,16936.37,35%,assets/img/catalog/CELMAC2010.jpg,https://static.ctonline.mx/imagenes/CELMAC2010/CELMAC2010_400.jpg,memorias_ram
CELMAC2020,"Apple iPhone 14 128GB  color BLANCO, 4GB RAM Memoria RAM: 4 GB","Apple iPhone 14 128GB  color BLANCO, 4GB RAM Memoria RAM: 4 GB",ELECTRONICA DE CONSUMO,APPLE,14113.64,19053.41,22581.82,https://static.ctonline.mx/imagenes/CELMAC2020/CELMAC2020_400.jpg,https://static.ctonline.mx/marcas/png/APPLE.png,https://ctonline.mx/buscar/productos?b=CELMAC2020,https://static.ctonline.mx/imagenes/CELMAC2020/CELMAC2020_400.jpg,14113.64,19053.41,16936.37,35%,assets/img/catalog/CELMAC2020.jpg,https://static.ctonline.mx/imagenes/CELMAC2020/CELMAC2020_400.jpg,memorias_ram
ACCBNQ840,"ScreenBar Pro BenQ  9H.W4KWT.WS4 de BenQ es una barra de luz LED para monitor, Iluminación de Espectro Completo, Sensor ","ScreenBar Pro BenQ  9H.W4KWT.WS4 de BenQ es una barra de luz LED para monitor, Iluminación de Espectro Completo, Sensor de Presencia, Brillo Automático (Auto Dimming), Temperatura de Color Ajustable, Alimentación USB-C, Compatible con Monitores Planos y Curvos, Color Negro.",ELECTRONICA DE CONSUMO,SCREENBAR,2124.44,55926.0,66282.67,https://static.ctonline.mx/imagenes/ACCBNQ840/ACCBNQ840_400.jpg,https://static.ctonline.mx/marcas/png/SCREENBAR.png,https://ctonline.mx/buscar/productos?b=ACCBNQ840,https://static.ctonline.mx/imagenes/ACCBNQ840/ACCBNQ840_400.jpg,41426.67,55926.0,49712.0,35%,assets/img/catalog/ACCBNQ840.jpg,https://static.ctonline.mx/imagenes/ACCBNQ840/ACCBNQ840_400.jpg,memorias_ram
ACCBNQ670,"Adaptador Inalámbrico BenQ. QP30. 5A.JH328.004. Wi-Fi 802.11 AC. Entradas HDMI 1.4b (x1), USB-C (hembra ) (x1). UPC AM82","Adaptador Inalámbrico BenQ. QP30. 5A.JH328.004. Wi-Fi 802.11 AC. Entradas HDMI 1.4b (x1), USB-C (hembra ) (x1). UPC AM8270 RAM DDR3 512MB, Almacenamiento 256 MB Compatible con proyector BenQ que tenga conexión HDMI. Sistemas Operativos Soportados : Windows, Mac OS, ChromeOS, iOS, Android. 2.4/5G Dual Band WI-Fi, Calidad de video hasta 4K@30p, 4 Pantallas divididas, Compatible con DRM HDCP 2.2 para Miracast actualización OTA. Accesorios: Cable USB-C(x1), Cable de extensión HDMI(x1) . Dimensiones: 97.2 x 12 x 32 mm Peso: 32 g. aprox. Color: Blanco.",ELECTRONICA DE CONSUMO,ADAPTADOR,1540.0,40540.5,48048.0,https://static.ctonline.mx/imagenes/ACCBNQ670/ACCBNQ670_400.jpg,https://static.ctonline.mx/marcas/png/ADAPTADOR.png,https://ctonline.mx/buscar/productos?b=ACCBNQ670,https://static.ctonline.mx/imagenes/ACCBNQ670/ACCBNQ670_400.jpg,30030.0,40540.5,36036.0,35%,assets/img/catalog/ACCBNQ670.jpg,https://static.ctonline.mx/imagenes/ACCBNQ670/ACCBNQ670_400.jpg,memorias_ram
PROMTD040,Mini proyector Marca MULTIMEDIA Modelo K5 Sistema operativo Android 5.1 memoria RAM 1GB ROM 8GB- Resolución WXGA(854*480,"Mini proyector Marca MULTIMEDIA Modelo K5 Sistema operativo Android 5.1 memoria RAM 1GB ROM 8GB- Resolución WXGA(854*480HD) - Tecnología de lente LED Tamaño de proyección 15-150 "" ;30,000 horas promedio, 100 Lumens, bocina Integrada 3 watts Integrada; 62 cm a 2 Metros Distancia de proyección Desde 0.5 m- hasta 7 metros Función de ajuste, enfoque manual y enfoque motorizado Compatibilidad de video MP4 Compatibilidad de audio MP3 Batería 800mah,12.6V Peso en kilogramos; 400 gramos",ELECTRONICA DE CONSUMO,MINI,282.61,7439.67,8817.39,https://static.ctonline.mx/imagenes/PROMTD040/PROMTD040_400.jpg,https://static.ctonline.mx/marcas/png/MINI.png,https://ctonline.mx/buscar/productos?b=PROMTD040,https://static.ctonline.mx/imagenes/PROMTD040/PROMTD040_400.jpg,5510.87,7439.67,6613.04,35%,assets/img/catalog/PROMTD040.jpg,https://static.ctonline.mx/imagenes/PROMTD040/PROMTD040_400.jpg,memorias_ram
IMPZBR2910,Impresora Portátil de Tickets ZEBRA ZQ511 Premium ZQ51-BUW000L-00 Térmica Directa.  Ancho Máximo de material de Impresió,"Impresora Portátil de Tickets ZEBRA ZQ511 Premium ZQ51-BUW000L-00 Térmica Directa.  Ancho Máximo de material de Impresión 2.83"" (72 mm). Interfaz dual: Bluetooth 4.1 y 802.11a/b/g/n Certificación Wi-Fi® , Velocidad 5""(127 mm)/sec. Resolución 203 dpi (8 puntos/mm). Memoria RAM 4 GB; Flash 4 GB. Sellado IP54. Peso 630 gr. Pantalla LCD. Sistema Operativo Link-OS® Compatible con equipos Android, Apple iOS y Windows Mobile. Incluye: Batería de litio extraíble de 3250 mAh. Garantía de fabrica de 1 año.",PUNTO DE VENTA,IMPRESORA,712.58,18758.63,22232.45,https://static.ctonline.mx/imagenes/IMPZBR2910/IMPZBR2910_400.jpg,https://static.ctonline.mx/marcas/png/IMPRESORA.png,https://ctonline.mx/buscar/productos?b=IMPZBR2910,https://static.ctonline.mx/imagenes/IMPZBR2910/IMPZBR2910_400.jpg,13895.28,18758.63,16674.34,35%,assets/img/catalog/IMPZBR2910.jpg,https://static.ctonline.mx/imagenes/IMPZBR2910/IMPZBR2910_400.jpg,memorias_ram
IMPZBR2920,Impresora Portátil de Tickets ZEBRA ZQ521 Premium ZQ52-BUW000L-00 Térmica Directa.  Ancho Máximo de material de Impresió,"Impresora Portátil de Tickets ZEBRA ZQ521 Premium ZQ52-BUW000L-00 Térmica Directa.  Ancho Máximo de material de Impresión 4.09"" (104 mm). Interfaz dual: Bluetooth 4.1 y 802.11a/b/g/n Certificación Wi-Fi® , Velocidad 5""(127 mm)/sec. Resolución 203 dpi (8 puntos/mm). Memoria RAM 4 GB; Flash 4 GB. Sellado IP54. Peso 790 gr. Pantalla LCD. Sistema Operativo Link-OS. Compatible con equipos Android, Apple iOS y Windows Mobile. Incluye: Batería de litio ión extraíble de 3250 mAh. Garantía limitada de 1 año.",PUNTO DE VENTA,IMPRESORA,869.15,22880.48,27117.6,https://static.ctonline.mx/imagenes/IMPZBR2920/IMPZBR2920_400.jpg,https://static.ctonline.mx/marcas/png/IMPRESORA.png,https://ctonline.mx/buscar/productos?b=IMPZBR2920,https://static.ctonline.mx/imagenes/IMPZBR2920/IMPZBR2920_400.jpg,16948.5,22880.48,20338.2,35%,assets/img/catalog/IMPZBR2920.jpg,https://static.ctonline.mx/imagenes/IMPZBR2920/IMPZBR2920_400.jpg,memorias_ram
IMPZBR2430,"Impresora de Brazaletes ZEBRA ZD510-HC (ZD51013-D01E00FZ). Térmica Directa. Velocidad de impresión 2"" (51 mm) / seg. Int","Impresora de Brazaletes ZEBRA ZD510-HC (ZD51013-D01E00FZ). Térmica Directa. Velocidad de impresión 2"" (51 mm) / seg. Interfaz: USB, Ethernet, Bluetooth. Resolución 300 dpi (12 puntos / mm). Lenguajes de programación XML, ZPL, ZPL II-I / ZPL II , ZPL. Memoria RAM 256 MB y 512 MB Flash. Garantía limitada de 1 año",PUNTO DE VENTA,IMPRESORA,511.66,13469.31,15963.63,https://static.ctonline.mx/imagenes/IMPZBR2430/IMPZBR2430_400.jpg,https://static.ctonline.mx/marcas/png/IMPRESORA.png,https://ctonline.mx/buscar/productos?b=IMPZBR2430,https://static.ctonline.mx/imagenes/IMPZBR2430/IMPZBR2430_400.jpg,9977.27,13469.31,11972.72,35%,assets/img/catalog/IMPZBR2430.jpg,https://static.ctonline.mx/imagenes/IMPZBR2430/IMPZBR2430_400.jpg,memorias_ram
IMPHWL010,"Impresora Portátil de Tickets y Etiquetas. YUSHI by Honeywell MPD31D (MPD31D112).Térmica Directa,  Ancho Máximo de Impre","Impresora Portátil de Tickets y Etiquetas. YUSHI by Honeywell MPD31D (MPD31D112).Térmica Directa,  Ancho Máximo de Impresión 3"",  Interfaz: USB , Velocidad de impresión 90 mm/s, Batería: 7.4V 2100mAh, Sellado Ambiental IP54, Memoria RAM: 64 MB FLASH y 64 MB., Compatibilidad de software de diseño de etiquetas: BarTender, NiceLabel. Garantía limitada de 1 año.",PUNTO DE VENTA,IMPRESORA,147.73,3888.92,4609.09,https://static.ctonline.mx/imagenes/IMPHWL010/IMPHWL010_400.jpg,https://static.ctonline.mx/marcas/png/IMPRESORA.png,https://ctonline.mx/buscar/productos?b=IMPHWL010,https://static.ctonline.mx/imagenes/IMPHWL010/IMPHWL010_400.jpg,2880.68,3888.92,3456.82,35%,assets/img/catalog/IMPHWL010.jpg,https://static.ctonline.mx/imagenes/IMPHWL010/IMPHWL010_400.jpg,memorias_ram
IMPMTR490,"Impresora Portátil HONEYWELL LNX3 (LNX3-0-N00B201).Térmica Directa,  Ancho Máximo de Impresión 3"",  Interfaz: USB C, Blu","Impresora Portátil HONEYWELL LNX3 (LNX3-0-N00B201).Térmica Directa,  Ancho Máximo de Impresión 3"",  Interfaz: USB C, Bluetooth 5.0, Velocidad de impresión 50 - 127 mm/s (2"" - 5 "" por segundo), Batería: Li-Ion de 7,4 V, 2800mAh, Certificación IP54, soporta caídas de hasta 0,5 m (1,5 pies), Memoria RAM: 256 MB y FLASH 256 MB., Compatibilidad integral con lenguajes de comandos de impresora, como ZPL-II, ESC/P, CPCL, XSim, ESC/POS y más para facilitar la impresión. Pantalla LED a color de 2,4 pulgadas y el diseño de la puerta de carga de medios con una sola mano simplifican la configuración y el mantenimiento. Garantía limitada de 1 año.",PUNTO DE VENTA,IMPRESORA,291.89,7683.92,9106.86,https://static.ctonline.mx/imagenes/IMPMTR490/IMPMTR490_400.jpg,https://static.ctonline.mx/marcas/png/IMPRESORA.png,https://ctonline.mx/buscar/productos?b=IMPMTR490,https://static.ctonline.mx/imagenes/IMPMTR490/IMPMTR490_400.jpg,5691.79,7683.92,6830.15,35%,assets/img/catalog/IMPMTR490.jpg,https://static.ctonline.mx/imagenes/IMPMTR490/IMPMTR490_400.jpg,memorias_ram
IMPMTR500,"Impresora Portátil HONEYWELL LNX3 (LNX3-1-N00B201).Térmica Directa,  Ancho Máximo de Impresión 3"",  Interfaz: USB C, Blu","Impresora Portátil HONEYWELL LNX3 (LNX3-1-N00B201).Térmica Directa,  Ancho Máximo de Impresión 3"",  Interfaz: USB C, Bluetooth 5.0, Wi-Fi, Velocidad de impresión 50 - 127 mm/s (2"" - 5 "" por segundo), Batería: Li-Ion de 7,4 V, 2800mAh, Certificación IP54, soporta caídas de hasta 0,5 m (1,5 pies), Memoria RAM: 256 MB y FLASH 256 MB. Compatibilidad integral con lenguajes de comandos de impresora, como ZPL-II, ESC/P, CPCL, XSim, ESC/POS y más para facilitar la impresión. Pantalla LED a color de 2,4 pulgadas y el diseño de la puerta de carga de medios con una sola mano simplifican la configuración y el mantenimiento. Garantía limitada de 1 año.",PUNTO DE VENTA,IMPRESORA,371.28,9774.05,11584.06,https://static.ctonline.mx/imagenes/IMPMTR500/IMPMTR500_400.jpg,https://static.ctonline.mx/marcas/png/IMPRESORA.png,https://ctonline.mx/buscar/productos?b=IMPMTR500,https://static.ctonline.mx/imagenes/IMPMTR500/IMPMTR500_400.jpg,7240.04,9774.05,8688.05,35%,assets/img/catalog/IMPMTR500.jpg,https://static.ctonline.mx/imagenes/IMPMTR500/IMPMTR500_400.jpg,memorias_ram
TERTSN400,"Terminal All In One Elotouch Elo I-Series 3 (E850312), pantalla 15.6'' Widescreen, Tecnología táctil TouchPro® PCAP, Int","Terminal All In One Elotouch Elo I-Series 3 (E850312), pantalla 15.6'' Widescreen, Tecnología táctil TouchPro® PCAP, Intel Celeron N97 (caché de 6M, hasta 3,60 GHz), Memoria 8GB RAM (4800MHz DDR5 SO-DIMM en 1 de ranura (ampliable a 16GB), Disco Duro 128 SSD, puertos  USB, Sin sistema Operativo. Color Negro",PUNTO DE VENTA,TERMINAL,1345.62,35423.58,41983.5,https://static.ctonline.mx/imagenes/TERTSN400/TERTSN400_400.jpg,https://static.ctonline.mx/marcas/png/TERMINAL.png,https://ctonline.mx/buscar/productos?b=TERTSN400,https://static.ctonline.mx/imagenes/TERTSN400/TERTSN400_400.jpg,26239.69,35423.58,31487.63,35%,assets/img/catalog/TERTSN400.jpg,https://static.ctonline.mx/imagenes/TERTSN400/TERTSN400_400.jpg,memorias_ram
CONBLR150,"Control Arcade FURY PRO AS900 BALAMRUSH Conectividad: Bluetooth 5.0 + Alámbrico, Palanca con tecnología Hall + Botones S","Control Arcade FURY PRO AS900 BALAMRUSH Conectividad: Bluetooth 5.0 + Alámbrico, Palanca con tecnología Hall + Botones Switch Rojo, RGB, Display Digital, Batería Recargable 1000 mAh Hata 10 hrs de uso continuo, Compatibilidad PS3, PS4, NINTENDO SWITCH, ANDROID, IOS, PC, Color Blanco. BR-943604",ACCESORIOS,CONTROL,986.5,25969.63,30778.82,https://static.ctonline.mx/imagenes/CONBLR150/CONBLR150_400.jpg,https://static.ctonline.mx/marcas/png/CONTROL.png,https://ctonline.mx/buscar/productos?b=CONBLR150,https://static.ctonline.mx/imagenes/CONBLR150/CONBLR150_400.jpg,19236.76,25969.63,23084.11,35%,assets/img/catalog/CONBLR150.jpg,https://static.ctonline.mx/imagenes/CONBLR150/CONBLR150_400.jpg,memorias_ram
ACCDAT1410,"Gabinete externo XPG EX500 para SSD y Discos Duros 2.5"" (7mm y 9.5mm), Interfaz interna SATA 3.0 (6 GB/s) via USB 3.1 co","Gabinete externo XPG EX500 para SSD y Discos Duros 2.5"" (7mm y 9.5mm), Interfaz interna SATA 3.0 (6 GB/s) via USB 3.1 compatible con USB 3.0 y USB 2.0, resistente a golpes, AEX500U3-CRD, color ROJO",ACCESORIOS,EXTERNO,8.67,228.15,270.4,https://static.ctonline.mx/imagenes/ACCDAT1410/ACCDAT1410_400.jpg,https://static.ctonline.mx/marcas/png/EXTERNO.png,https://ctonline.mx/buscar/productos?b=ACCDAT1410,https://static.ctonline.mx/imagenes/ACCDAT1410/ACCDAT1410_400.jpg,169.0,228.15,202.8,35%,assets/img/catalog/ACCDAT1410.jpg,https://static.ctonline.mx/imagenes/ACCDAT1410/ACCDAT1410_400.jpg,memorias_ram
ACCDAT1480,"Gabinete externo XPG EX500 para SSD y Discos Duros 2.5"" (7mm y 9.5mm), Interfaz interna SATA 3.0 (6 GB/s) via USB 3.1 co","Gabinete externo XPG EX500 para SSD y Discos Duros 2.5"" (7mm y 9.5mm), Interfaz interna SATA 3.0 (6 GB/s) via USB 3.1 compatible con USB 3.0 y USB 2.0, resistente a golpes, AEX500U3-CBK, color NEGRO",ACCESORIOS,EXTERNO,9.0,236.93,280.8,https://static.ctonline.mx/imagenes/ACCDAT1480/ACCDAT1480_400.jpg,https://static.ctonline.mx/marcas/png/EXTERNO.png,https://ctonline.mx/buscar/productos?b=ACCDAT1480,https://static.ctonline.mx/imagenes/ACCDAT1480/ACCDAT1480_400.jpg,175.5,236.93,210.6,35%,assets/img/catalog/ACCDAT1480.jpg,https://static.ctonline.mx/imagenes/ACCDAT1480/ACCDAT1480_400.jpg,memorias_ram
ACCHUW560,"55027618 HUAWEI WATCH Kids 4 Pro PINK: Pantalla: 1.41"" AMOLED 320 x 360; Material: Plástico + Pintura; Correa: Gel de si","55027618 HUAWEI WATCH Kids 4 Pro PINK: Pantalla: 1.41"" AMOLED 320 x 360; Material: Plástico + Pintura; Correa: Gel de silice; Sensores: Aceleración, giroscopio, geomagnético, sensor de luz ambiental, sensor ultravioleta; Memoria Ram: 1 GB; Memoria ROM: 8 GB; Botón: Botón de Inicio, Botón FUN; Requerimientos del sistema: Android 6.0 o posterior; HarmonyOS 2 o posterior; iOS 9.0 o posterior; EMUI 8.0 o posterior; Resistencia al agua: 5 ATM; RED FDD-LTE: B1/B2/B3/B4/B5/B7/B8/B20/B28; TDD-LTE: B34|B38|B39|B40|B41; WCDMA: B1/B2/B4/B5/B8; GSM/GPRS/EDGE: 850/900/1800/1900; CDMA/EVDO: BC0; CONECTIVIDAD: WLAN, BT; BOCINA: Soportado; Micrófono: Soportado; Cámara Frontal: 5MP; Contenido del empaque: 1 x reloj, 1x Cable de carga, 1x Expulsador de tarjeta SIM; 1x Inicio rápido; 1x Tarjeta de garantía. 1 Año de Garantia Directo con el Fabricante.",ACCESORIOS,55027618,2866.39,3869.63,4586.22,https://static.ctonline.mx/imagenes/ACCHUW560/ACCHUW560_400.jpg,https://static.ctonline.mx/marcas/png/55027618.png,https://ctonline.mx/buscar/productos?b=ACCHUW560,https://static.ctonline.mx/imagenes/ACCHUW560/ACCHUW560_400.jpg,2866.39,3869.63,3439.67,35%,assets/img/catalog/ACCHUW560.jpg,https://static.ctonline.mx/imagenes/ACCHUW560/ACCHUW560_400.jpg,memorias_ram
