sku,nombre,descripcion_completa,categoria_ct,categoria_clasificada,marca,base_cost_usd,costo_proveedor_mxn,precio_original,original,precio,precio_mxn,precio_mayoreo_10pzs,precio_piso_minimo_20,img_rel,img,cdn_url
MONSMG2120,"Monitor SAMSUNG Essential S3, S30GD, 22"", Modelo: LS22D300GALXZX; Tamaño de pantalla 22""; Monitor Plano (Flat); Panel IPS; Resolución Full HD (1920x1080); Frecuencia de actualización Máx. 100Hz; Relación de aspecto 16:9; Brillo (típico) 250cd/m2; Radio de contraste estático 1000:1 (típico); Tiempo de respuesta 5ms(GTG); Ángulo de visión 178°(H)/178° (H/V); Características generales: Eco Saving Plus, Con Modo Eye Saver, Con Flicker Free, Certificación Windows 11, FreeSync, con Off Timer Plus; Interfaz: HDMI 1 EA, Versión HDMI 1.4, D-Sub 1EA; Color Negro, Montura de Pared 100 x 100; Dimensión con soporte 489.9 x 400.0 x 175.1 mm. (anch. x alt. x prof.), Peso del equipo con soporte 2.1kg.","Monitor SAMSUNG Essential S3, S30GD, 22"", Modelo: LS22D300GALXZX; Tamaño de pantalla 22""; Monitor Plano (Flat); Panel IPS; Resolución Full HD (1920x1080); Frecuencia de actualización Máx. 100Hz; Relación de aspecto 16:9; Brillo (típico) 250cd/m2; Radio de contraste estático 1000:1 (típico); Tiempo de respuesta 5ms(GTG); Ángulo de visión 178°(H)/178° (H/V); Características generales: Eco Saving Plus, Con Modo Eye Saver, Con Flicker Free, Certificación Windows 11, FreeSync, con Off Timer Plus; Interfaz: HDMI 1 EA, Versión HDMI 1.4, D-Sub 1EA; Color Negro, Montura de Pared 100 x 100; Dimensión con soporte 489.9 x 400.0 x 175.1 mm. (anch. x alt. x prof.), Peso del equipo con soporte 2.1kg.. Clave Oficial CT: MONSMG2120. Marca: CT.",COMPONENTES DE ENSAMBLE,monitores,CT,1230.53,23995.26,38392.42,38392.42,32393.61,32393.61,29994.08,28794.32,assets/img/catalog/monitores/MONSMG2120.jpg,assets/img/catalog/monitores/MONSMG2120.jpg,https://static.ctonline.mx/imagenes/MONSMG2120/MONSMG2120_400.jpg
MONSMG2070,"Monitor SAMSUNG Gamer Curvo 24"", FHD, Plano, Modelo: LS24DG300ELXZX; Tamaño de pantalla 24""; Resolución FHD 1920 x 1080; Frecuencia de actualización 180Hz; Brillo (típico) 250cd/m2; Radio de contraste estático 3000:1 (Typical); Tiempo de respuesta 1ms(MPRT); Ángulo de visión 178°(H)/178° (H/V), Tipo de Panel VA; Características Generales: Modo Eye Saver; Eco Saving Plus, Flicker Free, Certificación Windows 11, FreeSync, Off Timer Plus, Auto Source Switch; Interfaz: DisplayPort (1 EA), HDMI (1 EA), HDMI Versión 2.0, con entrada para audífonos; Color Negro; Montaje Pared 100 x 100; Dimensión con soporte 544 x 498.7 x 234.2 mm. (Ancho x Alto x Profundidad), Peso del equipo con base 3.9 kg.","Monitor SAMSUNG Gamer Curvo 24"", FHD, Plano, Modelo: LS24DG300ELXZX; Tamaño de pantalla 24""; Resolución FHD 1920 x 1080; Frecuencia de actualización 180Hz; Brillo (típico) 250cd/m2; Radio de contraste estático 3000:1 (Typical); Tiempo de respuesta 1ms(MPRT); Ángulo de visión 178°(H)/178° (H/V), Tipo de Panel VA; Características Generales: Modo Eye Saver; Eco Saving Plus, Flicker Free, Certificación Windows 11, FreeSync, Off Timer Plus, Auto Source Switch; Interfaz: DisplayPort (1 EA), HDMI (1 EA), HDMI Versión 2.0, con entrada para audífonos; Color Negro; Montaje Pared 100 x 100; Dimensión con soporte 544 x 498.7 x 234.2 mm. (Ancho x Alto x Profundidad), Peso del equipo con base 3.9 kg.. Clave Oficial CT: MONSMG2070. Marca: CT.",COMPONENTES DE ENSAMBLE,monitores,CT,2420.0,47190.0,75504.0,75504.0,63706.5,63706.5,58987.5,56628.0,assets/img/catalog/monitores/MONSMG2070.jpg,assets/img/catalog/monitores/MONSMG2070.jpg,https://static.ctonline.mx/imagenes/MONSMG2070/MONSMG2070_400.jpg
MONSMG2360,"Monitor SAMSUNG Essential S3, 24"", Modelo: LS24F334EALXZX; Tamaño de pantalla 24""; Monitor Plano (Flat); Panel VA; Resolución FHD (1920 x 1080); Frecuencia de actualización Máx. 100Hz; Relación de aspecto 16:9; Brillo (típico) 250cd/m2; Relación de contraste estático 3000:1 (típico); Tiempo de respuesta 5ms; Ángulo de visión 178°(H)/178° (H/V); Características generales: Eco Saving Plus, Modo Eye Saver, Con Flicker Free, Certificación Windows 11, con Off Timer Plus; Interfaz: D-Sub, HDMI 1 EA, Versión HDMI 1.4; Color Negro, Montura de Pared 100 x 100; Dimensión con soporte 539.5 x 422.8 x 217.4mm. (Ancho x Alto x Prof.), Peso del equipo con soporte 2.8kg.","Monitor SAMSUNG Essential S3, 24"", Modelo: LS24F334EALXZX; Tamaño de pantalla 24""; Monitor Plano (Flat); Panel VA; Resolución FHD (1920 x 1080); Frecuencia de actualización Máx. 100Hz; Relación de aspecto 16:9; Brillo (típico) 250cd/m2; Relación de contraste estático 3000:1 (típico); Tiempo de respuesta 5ms; Ángulo de visión 178°(H)/178° (H/V); Características generales: Eco Saving Plus, Modo Eye Saver, Con Flicker Free, Certificación Windows 11, con Off Timer Plus; Interfaz: D-Sub, HDMI 1 EA, Versión HDMI 1.4; Color Negro, Montura de Pared 100 x 100; Dimensión con soporte 539.5 x 422.8 x 217.4mm. (Ancho x Alto x Prof.), Peso del equipo con soporte 2.8kg.. Clave Oficial CT: MONSMG2360. Marca: CT.",COMPONENTES DE ENSAMBLE,monitores,CT,1588.42,30974.21,49558.74,49558.74,41815.18,41815.18,38717.76,37169.05,assets/img/catalog/monitores/MONSMG2360.jpg,assets/img/catalog/monitores/MONSMG2360.jpg,https://static.ctonline.mx/imagenes/MONSMG2360/MONSMG2360_400.jpg
MONSMG2090,"Monitor SAMSUNG Essential S3, S30GD, 24"", Modelo: LS24D300GALXZX; Tamaño de pantalla 24""; Monitor Plano (Flat); Panel IPS; Resolución Full HD (1920x1080); Frecuencia de actualización Máx. 100Hz; Relación de aspecto 16:9; Brillo (típico) 250cd/m2; Radio de contraste estático 1000:1 (típico); Tiempo de respuesta 5ms (GTG); Ángulo de visión 178°(H)/178° (H/V); Características generales: Eco Saving Plus, Con Modo Eye Saver; Con Flicker Free, con tamaño de imagen, Certificación Windows 11; Interfaz: HDMI 1 EA, Versión HDMI 1.4, D-Sub (x1); Color Negro, Montura de Pared 100 x 100, Dimensión con soporte 540.7 x 428.5 x 175.1 mm. (anch. x alt. x prof.), Peso del equipo con soporte 2.4kg.","Monitor SAMSUNG Essential S3, S30GD, 24"", Modelo: LS24D300GALXZX; Tamaño de pantalla 24""; Monitor Plano (Flat); Panel IPS; Resolución Full HD (1920x1080); Frecuencia de actualización Máx. 100Hz; Relación de aspecto 16:9; Brillo (típico) 250cd/m2; Radio de contraste estático 1000:1 (típico); Tiempo de respuesta 5ms (GTG); Ángulo de visión 178°(H)/178° (H/V); Características generales: Eco Saving Plus, Con Modo Eye Saver; Con Flicker Free, con tamaño de imagen, Certificación Windows 11; Interfaz: HDMI 1 EA, Versión HDMI 1.4, D-Sub (x1); Color Negro, Montura de Pared 100 x 100, Dimensión con soporte 540.7 x 428.5 x 175.1 mm. (anch. x alt. x prof.), Peso del equipo con soporte 2.4kg.. Clave Oficial CT: MONSMG2090. Marca: CT.",COMPONENTES DE ENSAMBLE,monitores,CT,1425.26,27792.63,44468.21,44468.21,37520.05,37520.05,34740.79,33351.16,assets/img/catalog/monitores/MONSMG2090.jpg,assets/img/catalog/monitores/MONSMG2090.jpg,https://static.ctonline.mx/imagenes/MONSMG2090/MONSMG2090_400.jpg
MONSMG2210,"Monitor SAMSUNG Curvo Essential S3, S39GD, 32"", Modelo: LS32D390GALXZX; Tamaño de pantalla 32""; Monitor con curvatura 1500R; Panel VA; Resolución Full HD (1920x1080); Frecuencia de actualización Máx. 100Hz; Relación de aspecto 16:9; Brillo (típico) 250cd/m2; Relación de contraste estático 3000:1 (típico); Tiempo de respuesta 4ms(GTG); Ángulo de visión 178°(H)/178° (H/V); Características generales: Eco Saving Plus, Con Modo Eye Saver, Con Flicker Free, Certificación Windows 11, con Off Timer Plus; Interfaz: HDMI 1 EA, Versión HDMI 1.4, D-Sub 1EA, con entrada para audífonos; Color Negro, Montura de Pared 75.0 x 75.0; Dimensión con soporte 716.1 x 525.3 x 260.9 mm. (Ancho x Alto x Profundidad), Peso del equipo con soporte 5.1kg.","Monitor SAMSUNG Curvo Essential S3, S39GD, 32"", Modelo: LS32D390GALXZX; Tamaño de pantalla 32""; Monitor con curvatura 1500R; Panel VA; Resolución Full HD (1920x1080); Frecuencia de actualización Máx. 100Hz; Relación de aspecto 16:9; Brillo (típico) 250cd/m2; Relación de contraste estático 3000:1 (típico); Tiempo de respuesta 4ms(GTG); Ángulo de visión 178°(H)/178° (H/V); Características generales: Eco Saving Plus, Con Modo Eye Saver, Con Flicker Free, Certificación Windows 11, con Off Timer Plus; Interfaz: HDMI 1 EA, Versión HDMI 1.4, D-Sub 1EA, con entrada para audífonos; Color Negro, Montura de Pared 75.0 x 75.0; Dimensión con soporte 716.1 x 525.3 x 260.9 mm. (Ancho x Alto x Profundidad), Peso del equipo con soporte 5.1kg.. Clave Oficial CT: MONSMG2210. Marca: CT.",COMPONENTES DE ENSAMBLE,monitores,CT,3146.32,61353.16,98165.05,98165.05,82826.76,82826.76,76691.45,73623.79,assets/img/catalog/monitores/MONSMG2210.jpg,assets/img/catalog/monitores/MONSMG2210.jpg,https://static.ctonline.mx/imagenes/MONSMG2210/MONSMG2210_400.jpg
MONSMG2080,"Monitor SAMSUNG Odyssey G3 Gamer, 27"", Modelo: LS27DG300ELXZX; Tamaño de pantalla 27""; Monitor Plano (Flat); Panel VA; Resolución Full HD (1920x1080); Frecuencia de actualización Máx. 180Hz; Relación de aspecto 16:9; Brillo (típico) 250cd/m2; Radio de contraste estático 3000:1 (típico); Tiempo de respuesta 1ms(MPRT); Ángulo de visión 178°(H)/178° (H/V); Características generales: Eco Saving Plus, Con Modo Eye Saver, Con Flicker Free, Certificación Windows 11, FreeSync, con Off Timer Plus, Black Equalizer, Virtual AIM Point, Refresh Rate Optimizor, Auto Source Switch; Interfaz: DisplayPort 1EA, Verisón de DisplayPort 1.4, HDMI 1 EA, Versión HDMI 2.0; Color Negro, Montura de Pared 100 x 100; Dimensión con soporte 618.2 x 520.6 x 234.2 mm. (anch. x alt. x prof.), Peso del equipo con soporte 4.4kg.","Monitor SAMSUNG Odyssey G3 Gamer, 27"", Modelo: LS27DG300ELXZX; Tamaño de pantalla 27""; Monitor Plano (Flat); Panel VA; Resolución Full HD (1920x1080); Frecuencia de actualización Máx. 180Hz; Relación de aspecto 16:9; Brillo (típico) 250cd/m2; Radio de contraste estático 3000:1 (típico); Tiempo de respuesta 1ms(MPRT); Ángulo de visión 178°(H)/178° (H/V); Características generales: Eco Saving Plus, Con Modo Eye Saver, Con Flicker Free, Certificación Windows 11, FreeSync, con Off Timer Plus, Black Equalizer, Virtual AIM Point, Refresh Rate Optimizor, Auto Source Switch; Interfaz: DisplayPort 1EA, Verisón de DisplayPort 1.4, HDMI 1 EA, Versión HDMI 2.0; Color Negro, Montura de Pared 100 x 100; Dimensión con soporte 618.2 x 520.6 x 234.2 mm. (anch. x alt. x prof.), Peso del equipo con soporte 4.4kg.. Clave Oficial CT: MONSMG2080. Marca: CT.",COMPONENTES DE ENSAMBLE,monitores,CT,3020.0,58890.0,94224.0,94224.0,79501.5,79501.5,73612.5,70668.0,assets/img/catalog/monitores/MONSMG2080.jpg,assets/img/catalog/monitores/MONSMG2080.jpg,https://static.ctonline.mx/imagenes/MONSMG2080/MONSMG2080_400.jpg
MONSMG1760,"Monitor Odyssey G4 Gamer 27 pulgadas, Modelo LS27BG400ELXZX, con panel IPS, Relación de aspecto 16:9, Brillo (típico) 400 cd/㎡, Relación de contraste estático 1,000:1(Typ.), Resolución 1,920 x 1,080, Tiempo de respuesta 1ms (GTG), Ángulo de visualización (H / V) 178°(H)/178°(V); Soporte de colores Max 16.7M, Frecuencia de actualización Max 240Hz; Características generales: Eco Saving Plus, Eco Light Sensor, Modo Eye Saver, Flicker Free, Certificación Windows 10, FreeSync Premium, G-Sync Compatible, Off Timer Plus, Off Timer Plus, Black Equalizer, Low Input Lag Mode, Virtual AIM Point, Refresh Rate Optimizor, Super Arena Gaming UX, Auto Source Switch+, Adaptive Picture, Ultrawide Game View; Interfaz: DisplayPort 1 EA, Versión de DisplayPort 1.2, HDMI 2 EA, Versión de HDMI 2.0, HDCP Version (HDMI) 2.2, con entrada para Audífonos; Color Negro; Montura de pared 100 x 100; Dimensiones del equipo con base 614.7 x 571.1 x 244.8 mm (A x Al x P); Peso del equipo con base 5.3 kg.","Monitor Odyssey G4 Gamer 27 pulgadas, Modelo LS27BG400ELXZX, con panel IPS, Relación de aspecto 16:9, Brillo (típico) 400 cd/㎡, Relación de contraste estático 1,000:1(Typ.), Resolución 1,920 x 1,080, Tiempo de respuesta 1ms (GTG), Ángulo de visualización (H / V) 178°(H)/178°(V); Soporte de colores Max 16.7M, Frecuencia de actualización Max 240Hz; Características generales: Eco Saving Plus, Eco Light Sensor, Modo Eye Saver, Flicker Free, Certificación Windows 10, FreeSync Premium, G-Sync Compatible, Off Timer Plus, Off Timer Plus, Black Equalizer, Low Input Lag Mode, Virtual AIM Point, Refresh Rate Optimizor, Super Arena Gaming UX, Auto Source Switch+, Adaptive Picture, Ultrawide Game View; Interfaz: DisplayPort 1 EA, Versión de DisplayPort 1.2, HDMI 2 EA, Versión de HDMI 2.0, HDCP Version (HDMI) 2.2, con entrada para Audífonos; Color Negro; Montura de pared 100 x 100; Dimensiones del equipo con base 614.7 x 571.1 x 244.8 mm (A x Al x P); Peso del equipo con base 5.3 kg.. Clave Oficial CT: MONSMG1760. Marca: CT.",COMPONENTES DE ENSAMBLE,monitores,CT,4160.0,81120.0,129792.0,129792.0,109512.0,109512.0,101400.0,97344.0,assets/img/catalog/monitores/MONSMG1760.jpg,assets/img/catalog/monitores/MONSMG1760.jpg,https://static.ctonline.mx/imagenes/MONSMG1760/MONSMG1760_400.jpg
MONSMG2030,"Monitor SAMSUNG Gamer Odyssey G3, 32"", Modelo: LS32DG300ELXZX; Tamaño de pantalla 32""; Monitor Plano (Flat); Panel VA; Resolución FHD (1920x1080); Frecuencia de actualización Máx. 180Hz; Relación de aspecto 16:9; Brillo (típico) 250cd/m2; Radio de contraste estático 3000:1 (típico); Tiempo de respuesta 1ms (MPRT); Ángulo de visión 178°(H)/178° (H/V); Características generales: Eco Saving Plus, Con Modo Eye Saver; Con Flicker Free, Certificación Windows 11, FreeSync, con Off Timer Plus, con ecualizador negro, con Virtual AIM Point, con Optimizador de frecuencia de actualización, con Auto Source Switch; Interfaz: DisplayPort 1 EA, Versión del DisplayPort 1.4, HDMI 1 EA, Versión HDMI 2.0, Con entrada para audífonos; Color Negro, Soporte de Pared 100 x 100, Dimensión con soporte 719.2 x 597.4 x 248.8 mm. (anch. x alt. x prof.), Peso del equipo con soporte 5.6 kg.","Monitor SAMSUNG Gamer Odyssey G3, 32"", Modelo: LS32DG300ELXZX; Tamaño de pantalla 32""; Monitor Plano (Flat); Panel VA; Resolución FHD (1920x1080); Frecuencia de actualización Máx. 180Hz; Relación de aspecto 16:9; Brillo (típico) 250cd/m2; Radio de contraste estático 3000:1 (típico); Tiempo de respuesta 1ms (MPRT); Ángulo de visión 178°(H)/178° (H/V); Características generales: Eco Saving Plus, Con Modo Eye Saver; Con Flicker Free, Certificación Windows 11, FreeSync, con Off Timer Plus, con ecualizador negro, con Virtual AIM Point, con Optimizador de frecuencia de actualización, con Auto Source Switch; Interfaz: DisplayPort 1 EA, Versión del DisplayPort 1.4, HDMI 1 EA, Versión HDMI 2.0, Con entrada para audífonos; Color Negro, Soporte de Pared 100 x 100, Dimensión con soporte 719.2 x 597.4 x 248.8 mm. (anch. x alt. x prof.), Peso del equipo con soporte 5.6 kg.. Clave Oficial CT: MONSMG2030. Marca: CT.",COMPONENTES DE ENSAMBLE,monitores,CT,3651.58,71205.79,113929.26,113929.26,96127.82,96127.82,89007.24,85446.95,assets/img/catalog/monitores/MONSMG2030.jpg,assets/img/catalog/monitores/MONSMG2030.jpg,https://static.ctonline.mx/imagenes/MONSMG2030/MONSMG2030_400.jpg
MONSMG1930,"Monitor SAMSUNG Ultra WQHD, 34"", Curvo 1000R, con Thunderbolt 4; Modelo: LS34C650TALXZX; Tamaño de la Pantalla 34"", Diseño Curvo 1000R; Relación de Aspecto 21:9; Brillo (típico) 350cd/㎡; Relación de contraste estático 3,000:1 (típica); Resolución 3,440 x 1,440; Tiempo de respuesta 5ms; Ángulo de visualización (H / V) 178° / 178°; Frecuencia de actualización Máx. 100Hz, Características Generales: Modo Eye Saver; Flicker Free; Picture-in-Picture; Picture-By-Picture; Certificación Windows 11; FreeSync, Adaptive Picture; Interfaz: DisplayPort 1 EA; Versión de DisplayPort 1.2; HDMI 1 EA, Versión de HDMI 2.2, Entrada de Audífonos; USB Type-A Downstream Port 3, USB Type-A Downstream Port Hub Versión 3, Thunderbolt Input 2A, Versión of Thunderbolt 4, Ethernet (LAN) x1; Montura de pared 100 x 100; Dimensiones del equipo con base 806.6 x 561.5 x 241.0 mm (A x Al x Prof.); Peso del equipo con base 8.1 kg.","Monitor SAMSUNG Ultra WQHD, 34"", Curvo 1000R, con Thunderbolt 4; Modelo: LS34C650TALXZX; Tamaño de la Pantalla 34"", Diseño Curvo 1000R; Relación de Aspecto 21:9; Brillo (típico) 350cd/㎡; Relación de contraste estático 3,000:1 (típica); Resolución 3,440 x 1,440; Tiempo de respuesta 5ms; Ángulo de visualización (H / V) 178° / 178°; Frecuencia de actualización Máx. 100Hz, Características Generales: Modo Eye Saver; Flicker Free; Picture-in-Picture; Picture-By-Picture; Certificación Windows 11; FreeSync, Adaptive Picture; Interfaz: DisplayPort 1 EA; Versión de DisplayPort 1.2; HDMI 1 EA, Versión de HDMI 2.2, Entrada de Audífonos; USB Type-A Downstream Port 3, USB Type-A Downstream Port Hub Versión 3, Thunderbolt Input 2A, Versión of Thunderbolt 4, Ethernet (LAN) x1; Montura de pared 100 x 100; Dimensiones del equipo con base 806.6 x 561.5 x 241.0 mm (A x Al x Prof.); Peso del equipo con base 8.1 kg.. Clave Oficial CT: MONSMG1930. Marca: CT.",COMPONENTES DE ENSAMBLE,monitores,CT,7809.47,152284.74,243655.58,243655.58,205584.39,205584.39,190355.92,182741.68,assets/img/catalog/monitores/MONSMG1930.jpg,assets/img/catalog/monitores/MONSMG1930.jpg,https://static.ctonline.mx/imagenes/MONSMG1930/MONSMG1930_400.jpg
MONSMG2040,"Monitor SAMSUNG Curvo 27"", FHD, 1800R, Modelo: LS27D360GALXZX; Tamaño de pantalla 27""; Resolución FHD 1920 x 1080; Frecuencia de actualización 100Hz; Brillo (típico) 250cd/m2; Radio de contraste estático 3000:1 (Typical); Tiempo de respuesta 4ms(GTG); Ángulo de visión 178°(H)/178° (H/V); Características Generales: Modo Eye Saver; Eco Saving Plus, Flicker Free, Image Size, Certificación Windows 11, FreeSync; Interfaz: D-Sub 1 EA, HDMI 1 EA, HDMI Version 1.4; Color Negro; Montaje Pared 75 x 75; Dimensión con soporte 622.6 x 458.6 x 214 mm. (anch. x alt. x prof.), Peso del equipo con base 3.9 kg.","Monitor SAMSUNG Curvo 27"", FHD, 1800R, Modelo: LS27D360GALXZX; Tamaño de pantalla 27""; Resolución FHD 1920 x 1080; Frecuencia de actualización 100Hz; Brillo (típico) 250cd/m2; Radio de contraste estático 3000:1 (Typical); Tiempo de respuesta 4ms(GTG); Ángulo de visión 178°(H)/178° (H/V); Características Generales: Modo Eye Saver; Eco Saving Plus, Flicker Free, Image Size, Certificación Windows 11, FreeSync; Interfaz: D-Sub 1 EA, HDMI 1 EA, HDMI Version 1.4; Color Negro; Montaje Pared 75 x 75; Dimensión con soporte 622.6 x 458.6 x 214 mm. (anch. x alt. x prof.), Peso del equipo con base 3.9 kg.. Clave Oficial CT: MONSMG2040. Marca: CT.",COMPONENTES DE ENSAMBLE,monitores,CT,2247.37,43823.68,70117.89,70117.89,59161.97,59161.97,54779.61,52588.42,assets/img/catalog/monitores/MONSMG2040.jpg,assets/img/catalog/monitores/MONSMG2040.jpg,https://static.ctonline.mx/imagenes/MONSMG2040/MONSMG2040_400.jpg
MONSMG2190,"Monitor SAMSUNG Curvo 27 pulgadas Essential S3, S39GD LS27D390GALXZX, FHD, 100Hz,  Relación de aspecto 16:9; Curvatura de la pantalla: 1800R; Brillo (típico): 250cd/㎡; Relación de contraste estático: 4,000:1(Typ.); Tiempo de respuesta: 4(GTG); Frecuencia de actualización: Max 100Hz; Ángulo de visualización (H / V): 178/178; Eco Saving Plus: Yes; Modo Eye Saver: Yes; Flicker Free: Yes; Certificación Windows: Windows11; D-sub: 1 EA;  HDMI: 1 EA;  Versión de HDMI: 1.4; HDCP Versión (HDMI): 1.4;  Audífonos: Yes; Color frontal: BLACK;  Rear Color: BLACK;  Stand Color: BLACK;  Tipo de base: SIMPLE;  Inclinación: -2.0º(±2.0º)~22.0º(±2.0º);  Montura de pared: 75.0 x 75.0; Alimentación: AC100~240V; Consumo de energía (máximo): 35 W; Tipo: External Adaptor; Dimensiones del paquete (A x Al x P): 800.0 x 155.0 x 453.0 mm; Peso del paquete: 6.3 kg; Longitud del cable de alimentación:1.5 m; Cable HDMI: Yes","Monitor SAMSUNG Curvo 27 pulgadas Essential S3, S39GD LS27D390GALXZX, FHD, 100Hz,  Relación de aspecto 16:9; Curvatura de la pantalla: 1800R; Brillo (típico): 250cd/㎡; Relación de contraste estático: 4,000:1(Typ.); Tiempo de respuesta: 4(GTG); Frecuencia de actualización: Max 100Hz; Ángulo de visualización (H / V): 178/178; Eco Saving Plus: Yes; Modo Eye Saver: Yes; Flicker Free: Yes; Certificación Windows: Windows11; D-sub: 1 EA;  HDMI: 1 EA;  Versión de HDMI: 1.4; HDCP Versión (HDMI): 1.4;  Audífonos: Yes; Color frontal: BLACK;  Rear Color: BLACK;  Stand Color: BLACK;  Tipo de base: SIMPLE;  Inclinación: -2.0º(±2.0º)~22.0º(±2.0º);  Montura de pared: 75.0 x 75.0; Alimentación: AC100~240V; Consumo de energía (máximo): 35 W; Tipo: External Adaptor; Dimensiones del paquete (A x Al x P): 800.0 x 155.0 x 453.0 mm; Peso del paquete: 6.3 kg; Longitud del cable de alimentación:1.5 m; Cable HDMI: Yes. Clave Oficial CT: MONSMG2190. Marca: CT.",COMPONENTES DE ENSAMBLE,monitores,CT,2342.21,45673.15,73077.04,73077.04,61658.75,61658.75,57091.44,54807.78,assets/img/catalog/monitores/MONSMG2190.jpg,assets/img/catalog/monitores/MONSMG2190.jpg,https://static.ctonline.mx/imagenes/MONSMG2190/MONSMG2190_400.jpg
MONSMG2240,"Monitor SAMSUNG SMART, M5, M50F, 27"", Modelo: LS27FM500ELXZX; Tamaño de pantalla 27 pulgadas; Monitor Plano (Flat); Panel IPS; Resolución FHD (1920x1080); Frecuencia de actualización Máx. 60Hz; Relación de aspecto 16:9; Brillo (típico) 250cd/m2; Relación de contraste estático 1000:1 (típico); Tiempo de respuesta 5ms(GTG); Ángulo de visión 178°(H)/178° (H/V); Características generales: Con Modo Eye Saver, Con Flicker Free, Certificación Windows 11, Gaming Hub, HDMI-CEC, Smart Service: Smart Type, Sistema Operativo Tizen™, TV Plus, Multi Device Experience; Interfaz: HDMI (x2), Verisón de HDMI 1.4, Hub USB (x2), USB Type-A Downstream Port, USB Type-A Downstream Version 2.0, Red inalámbrica integrada Wi-Fi 5, Bluetooth; Con altavoces, Speaker Output 10W, Sonido adaptativo; Color Negro; Montura de Pared 100 x 100; Dimensión con soporte 612.7 x 468.9 x 200.5 mm. (anch. x alt. x prof.), Peso del equipo con soporte 3.5kg.","Monitor SAMSUNG SMART, M5, M50F, 27"", Modelo: LS27FM500ELXZX; Tamaño de pantalla 27 pulgadas; Monitor Plano (Flat); Panel IPS; Resolución FHD (1920x1080); Frecuencia de actualización Máx. 60Hz; Relación de aspecto 16:9; Brillo (típico) 250cd/m2; Relación de contraste estático 1000:1 (típico); Tiempo de respuesta 5ms(GTG); Ángulo de visión 178°(H)/178° (H/V); Características generales: Con Modo Eye Saver, Con Flicker Free, Certificación Windows 11, Gaming Hub, HDMI-CEC, Smart Service: Smart Type, Sistema Operativo Tizen™, TV Plus, Multi Device Experience; Interfaz: HDMI (x2), Verisón de HDMI 1.4, Hub USB (x2), USB Type-A Downstream Port, USB Type-A Downstream Version 2.0, Red inalámbrica integrada Wi-Fi 5, Bluetooth; Con altavoces, Speaker Output 10W, Sonido adaptativo; Color Negro; Montura de Pared 100 x 100; Dimensión con soporte 612.7 x 468.9 x 200.5 mm. (anch. x alt. x prof.), Peso del equipo con soporte 3.5kg.. Clave Oficial CT: MONSMG2240. Marca: CT.",COMPONENTES DE ENSAMBLE,monitores,CT,3251.58,63405.79,101449.26,101449.26,85597.82,85597.82,79257.24,76086.95,assets/img/catalog/monitores/MONSMG2240.jpg,assets/img/catalog/monitores/MONSMG2240.jpg,https://static.ctonline.mx/imagenes/MONSMG2240/MONSMG2240_400.jpg
MONSMG1960,"Monitor SAMSUNG 32"" Odyssey G5 G55C, curvatura 1000R, Modelo: LS32CG552ELXZX; Tamaño de pantalla 32""; Panel VA, Resolución QHD 2560 x 1440; Frecuencia de actualización 165Hz; Brillo (típico) 300cd/m2; Radio de contraste estático 2500:1 (Typical); Tiempo de respuesta 1ms(MPRT); Ángulo de visión 178°(H)/178° (H/V); Características Generales: Modo Eye Saver; Flicker Free, Certificación Windows 11, FreeSync, Off Time Plus, Black Equalizer, Low Input Lag Mode, Virtual AIM Point, Refresh Rate Optimizor, Super Arena Gaming UX, Auto Source Switch+; Interfaz: Display Port 1EA, Versión de display port 1.2, HDMI 1EA, HDMI Version 2.2, Entrada para audífonos; Color Negro; Dimensión con soporte 710.0 x 533.6 x 272.6 mm. (Ancho x Altura x Profundidad), Peso del equipo con base 5.2 kg.","Monitor SAMSUNG 32"" Odyssey G5 G55C, curvatura 1000R, Modelo: LS32CG552ELXZX; Tamaño de pantalla 32""; Panel VA, Resolución QHD 2560 x 1440; Frecuencia de actualización 165Hz; Brillo (típico) 300cd/m2; Radio de contraste estático 2500:1 (Typical); Tiempo de respuesta 1ms(MPRT); Ángulo de visión 178°(H)/178° (H/V); Características Generales: Modo Eye Saver; Flicker Free, Certificación Windows 11, FreeSync, Off Time Plus, Black Equalizer, Low Input Lag Mode, Virtual AIM Point, Refresh Rate Optimizor, Super Arena Gaming UX, Auto Source Switch+; Interfaz: Display Port 1EA, Versión de display port 1.2, HDMI 1EA, HDMI Version 2.2, Entrada para audífonos; Color Negro; Dimensión con soporte 710.0 x 533.6 x 272.6 mm. (Ancho x Altura x Profundidad), Peso del equipo con base 5.2 kg.. Clave Oficial CT: MONSMG1960. Marca: CT.",COMPONENTES DE ENSAMBLE,monitores,CT,4125.26,80442.63,128708.21,128708.21,108597.55,108597.55,100553.29,96531.16,assets/img/catalog/monitores/MONSMG1960.jpg,assets/img/catalog/monitores/MONSMG1960.jpg,https://static.ctonline.mx/imagenes/MONSMG1960/MONSMG1960_400.jpg
MONSMG1950,"Monitor Gaming Odyssey 27"" curvo, G5, G55C, QHD; Modelo LS27CG552ELXZX; Curvo 1000R; Especificaciones: Resolución 2560 x 1440 (QHD), Relación de aspecto 16:9, Tiempo de Respuesta 1(MPRT), Frecuencia de Actualización 165Hz, Tipo de panel VA, Angulo de Visualización (H/V) 178° /178°; Características Generales: Con Modo Eye Saver, con Flicker Free, con Certificación Windows 11; con FreeSync, con Off Time Plus, con Black Equalizer, con Low Input Lag Mode, Virtual AIM Point, Refresh Rate Optimizor, Super Arena Gaming UX, Auto Source Switch; Interfaz: DisplayPort (x1), HDMI x1, Versión HDMI 2, con entrada para audífonos; Color Negro; Montura para pared 75 x 75; Dimensiones del equipo con base 616.6 x 477.4 x 272.6 mm (Ancho x Altura x Profundidad); Peso del equipo con base 4.1Kg.; viene con clave HDMI, cable DisplayPort  y cable de alimentación.","Monitor Gaming Odyssey 27"" curvo, G5, G55C, QHD; Modelo LS27CG552ELXZX; Curvo 1000R; Especificaciones: Resolución 2560 x 1440 (QHD), Relación de aspecto 16:9, Tiempo de Respuesta 1(MPRT), Frecuencia de Actualización 165Hz, Tipo de panel VA, Angulo de Visualización (H/V) 178° /178°; Características Generales: Con Modo Eye Saver, con Flicker Free, con Certificación Windows 11; con FreeSync, con Off Time Plus, con Black Equalizer, con Low Input Lag Mode, Virtual AIM Point, Refresh Rate Optimizor, Super Arena Gaming UX, Auto Source Switch; Interfaz: DisplayPort (x1), HDMI x1, Versión HDMI 2, con entrada para audífonos; Color Negro; Montura para pared 75 x 75; Dimensiones del equipo con base 616.6 x 477.4 x 272.6 mm (Ancho x Altura x Profundidad); Peso del equipo con base 4.1Kg.; viene con clave HDMI, cable DisplayPort  y cable de alimentación.. Clave Oficial CT: MONSMG1950. Marca: CT.",COMPONENTES DE ENSAMBLE,monitores,CT,3578.95,69789.47,111663.16,111663.16,94215.79,94215.79,87236.84,83747.37,assets/img/catalog/monitores/MONSMG1950.jpg,assets/img/catalog/monitores/MONSMG1950.jpg,https://static.ctonline.mx/imagenes/MONSMG1950/MONSMG1950_400.jpg
MONSMG2100,"Monitor SAMSUNG Essential S3, S30GD, 27"", Modelo: LS27D300GALXZX; Tamaño de pantalla 27""; Monitor Plano (Flat); Panel IPS; Resolución Full HD (1920x1080); Frecuencia de actualización Máx. 100Hz; Relación de aspecto 16:9; Brillo (típico) 250cd/m2; Relación de contraste estático 1000:1 (típico); Tiempo de respuesta 5ms(GTG); Ángulo de visión 178°(H)/178° (H/V); Características generales: Eco Saving Plus, Con Modo Eye Saver, Con Flicker Free, Certificación Windows 11, FreeSync, con Off Timer Plus; Interfaz: HDMI 1 EA, Versión HDMI 1.4, D-Sub 1EA; Color Negro, Montura de Pared 100 x 100; Dimensión con soporte 612.7 x 470 x 200 mm. (anch. x alt. x prof.), Peso del equipo con soporte 2.9kg.","Monitor SAMSUNG Essential S3, S30GD, 27"", Modelo: LS27D300GALXZX; Tamaño de pantalla 27""; Monitor Plano (Flat); Panel IPS; Resolución Full HD (1920x1080); Frecuencia de actualización Máx. 100Hz; Relación de aspecto 16:9; Brillo (típico) 250cd/m2; Relación de contraste estático 1000:1 (típico); Tiempo de respuesta 5ms(GTG); Ángulo de visión 178°(H)/178° (H/V); Características generales: Eco Saving Plus, Con Modo Eye Saver, Con Flicker Free, Certificación Windows 11, FreeSync, con Off Timer Plus; Interfaz: HDMI 1 EA, Versión HDMI 1.4, D-Sub 1EA; Color Negro, Montura de Pared 100 x 100; Dimensión con soporte 612.7 x 470 x 200 mm. (anch. x alt. x prof.), Peso del equipo con soporte 2.9kg.. Clave Oficial CT: MONSMG2100. Marca: CT.",COMPONENTES DE ENSAMBLE,monitores,CT,1914.74,37337.37,59739.79,59739.79,50405.45,50405.45,46671.71,44804.84,assets/img/catalog/monitores/MONSMG2100.jpg,assets/img/catalog/monitores/MONSMG2100.jpg,https://static.ctonline.mx/imagenes/MONSMG2100/MONSMG2100_400.jpg
MONSMG2160,"Monitor SAMSUNG ViewFinity S7, 27"", Modelo: LS27D700EALXZX; Tamaño de pantalla 27""; Monitor Plano (Flat); Panel IPS; Resolución 4K-UHD (3840x2160); Frecuencia de actualización Máx. 60Hz; Relación de aspecto 16:9; Brillo (típico) 250cd/m2; Relación de contraste estático 1000:1 (típico); Tiempo de respuesta 5ms; Ángulo de visión 178°(H)/178° (H/V); Características generales: Modo Eye Saver, Con Flicker Free, Picture-in-Picture, Picture-By-Picture; Certificación Windows 11, con Off Timer Plus; Interfaz: DisplayPort 1EA, Versión de DisplayPort 1.2, HDMI 1 EA, Versión HDMI 2; Color Negro, Montura de Pared 100 x 100; Dimensión con soporte 612.7 x 473.2 x 180mm. (anch. x alt. x prof.), Peso del equipo con soporte 5.0kg.","Monitor SAMSUNG ViewFinity S7, 27"", Modelo: LS27D700EALXZX; Tamaño de pantalla 27""; Monitor Plano (Flat); Panel IPS; Resolución 4K-UHD (3840x2160); Frecuencia de actualización Máx. 60Hz; Relación de aspecto 16:9; Brillo (típico) 250cd/m2; Relación de contraste estático 1000:1 (típico); Tiempo de respuesta 5ms; Ángulo de visión 178°(H)/178° (H/V); Características generales: Modo Eye Saver, Con Flicker Free, Picture-in-Picture, Picture-By-Picture; Certificación Windows 11, con Off Timer Plus; Interfaz: DisplayPort 1EA, Versión de DisplayPort 1.2, HDMI 1 EA, Versión HDMI 2; Color Negro, Montura de Pared 100 x 100; Dimensión con soporte 612.7 x 473.2 x 180mm. (anch. x alt. x prof.), Peso del equipo con soporte 5.0kg.. Clave Oficial CT: MONSMG2160. Marca: CT.",COMPONENTES DE ENSAMBLE,monitores,CT,4335.79,84547.89,135276.63,135276.63,114139.66,114139.66,105684.87,101457.47,assets/img/catalog/monitores/MONSMG2160.jpg,assets/img/catalog/monitores/MONSMG2160.jpg,https://static.ctonline.mx/imagenes/MONSMG2160/MONSMG2160_400.jpg
MONSMG2340,"Smart Monitor 32 pulgadas SAMSUNG, M5, M50F, 60Hz, Modelo: LS32FM500ELXZX; Tamaño de pantalla 32""; Relación Aspecto: 16:9, Brillo: 250 cd/㎡ Resolución FHD (1,920 x 1,080); Tiempo de respuesta: 5ms(GTG); Ángulo de visualización (H / V):178/178 ; Frecuencia de actualización: Max 60Hz; Pantalla: Plana; Tipo de panel: VA; Modo Eye Saver; Flicker Free; Certificación Windows; Gaming Hub; HDMI-CEC; SmartTV; Sistema operativo: Tizen™ ; TV Plus Sí (MX, BR Only) ; Multi Device Experience: Móvil a pantalla, duplicación de sonido, conexión inalámbrica activada; INTERFAZ:  HDMI: 2 EA ; Versión de HDM: 1.4; Hub USB: 2 ; Red inalámbrica integrada: Sí (Wi-Fi 5); Bluetooth:Sí (5.2) AUDIO: Altavoces: Sí; Speaker Output:10W  Dimensiones del equipo con base (A x Al x P): 612.7 x 468.9 x 200.5 mm; Dimensiones del paquete (A x Al x P): 835 x 109 x 484 mm; Peso del paquete: 6.6 kg; ACCESORIOS: Longitud del cable de alimentación: 1.5 m; Cable HDMI: Sí; Remote Controller: Sí","Smart Monitor 32 pulgadas SAMSUNG, M5, M50F, 60Hz, Modelo: LS32FM500ELXZX; Tamaño de pantalla 32""; Relación Aspecto: 16:9, Brillo: 250 cd/㎡ Resolución FHD (1,920 x 1,080); Tiempo de respuesta: 5ms(GTG); Ángulo de visualización (H / V):178/178 ; Frecuencia de actualización: Max 60Hz; Pantalla: Plana; Tipo de panel: VA; Modo Eye Saver; Flicker Free; Certificación Windows; Gaming Hub; HDMI-CEC; SmartTV; Sistema operativo: Tizen™ ; TV Plus Sí (MX, BR Only) ; Multi Device Experience: Móvil a pantalla, duplicación de sonido, conexión inalámbrica activada; INTERFAZ:  HDMI: 2 EA ; Versión de HDM: 1.4; Hub USB: 2 ; Red inalámbrica integrada: Sí (Wi-Fi 5); Bluetooth:Sí (5.2) AUDIO: Altavoces: Sí; Speaker Output:10W  Dimensiones del equipo con base (A x Al x P): 612.7 x 468.9 x 200.5 mm; Dimensiones del paquete (A x Al x P): 835 x 109 x 484 mm; Peso del paquete: 6.6 kg; ACCESORIOS: Longitud del cable de alimentación: 1.5 m; Cable HDMI: Sí; Remote Controller: Sí. Clave Oficial CT: MONSMG2340. Marca: CT.",COMPONENTES DE ENSAMBLE,monitores,CT,3598.95,70179.47,112287.16,112287.16,94742.29,94742.29,87724.34,84215.37,assets/img/catalog/monitores/MONSMG2340.jpg,assets/img/catalog/monitores/MONSMG2340.jpg,https://static.ctonline.mx/imagenes/MONSMG2340/MONSMG2340_400.jpg
MONSMG2250,"Monitor SAMSUNG ViewFinity S7, 32"", Modelo: LS32D700EALXZX; Tamaño de pantalla 32""; Monitor Plano (Flat); Panel IPS; Resolución 4K-UHD (3840x2160); Frecuencia de actualización Máx. 60Hz; Relación de aspecto 16:9; Brillo (típico) 250cd/m2; Relación de contraste estático 1000:1 (típico); Tiempo de respuesta 5ms; Ángulo de visión 178°(H)/178° (H/V); Características generales: Modo Eye Saver, Con Flicker Free, Picture-in-Picture, Picture-By-Picture; Certificación Windows 11, con Off Timer Plus; Interfaz: DisplayPort 1EA, Versión de DisplayPort 1.2, HDMI 1 EA, Versión HDMI 2; Color Negro, Montura de Pared 100 x 100; Dimensión con soporte 713.9 x 501.6 x 180mm. (anch. x alt. x prof.), Peso del equipo con soporte 5.9kg.","Monitor SAMSUNG ViewFinity S7, 32"", Modelo: LS32D700EALXZX; Tamaño de pantalla 32""; Monitor Plano (Flat); Panel IPS; Resolución 4K-UHD (3840x2160); Frecuencia de actualización Máx. 60Hz; Relación de aspecto 16:9; Brillo (típico) 250cd/m2; Relación de contraste estático 1000:1 (típico); Tiempo de respuesta 5ms; Ángulo de visión 178°(H)/178° (H/V); Características generales: Modo Eye Saver, Con Flicker Free, Picture-in-Picture, Picture-By-Picture; Certificación Windows 11, con Off Timer Plus; Interfaz: DisplayPort 1EA, Versión de DisplayPort 1.2, HDMI 1 EA, Versión HDMI 2; Color Negro, Montura de Pared 100 x 100; Dimensión con soporte 713.9 x 501.6 x 180mm. (anch. x alt. x prof.), Peso del equipo con soporte 5.9kg.. Clave Oficial CT: MONSMG2250. Marca: CT.",COMPONENTES DE ENSAMBLE,monitores,CT,4862.11,94811.05,151697.68,151697.68,127994.92,127994.92,118513.82,113773.26,assets/img/catalog/monitores/MONSMG2250.jpg,assets/img/catalog/monitores/MONSMG2250.jpg,https://static.ctonline.mx/imagenes/MONSMG2250/MONSMG2250_400.jpg
MONSMG2270,"Monitor 37 pulgadas ViewFinity S7 60Hz  Mod. LS37D700EALXZX Relación de aspecto: 16:9 Resolución: 4K (3,840 x 2,160) ; Relación de contraste estático: 3000:1(Typ); Tiempo de respuesta: 5ms; Ángulo de visualización (H / V): 178/178; Frecuencia de actualización: Máx. 60 Hz; Plana / Curva: Plano; Tamaño de área activa (H x V) [mm]: 808.0128 (H) x 454.5072 (V); Tipo de panel: VA; Brillo (típico): 350 cd/㎡; Brillo (mínimo): 280 cd/㎡; Contrast Ratio (Dynamic): Mega ∞ DCR; Energy Saving Solution; Modo Eye Saver; Flicker Free; Picture-in-Picture; Certificación Windows: Windows 11; DisplayPort: 1 EA; Versión de DisplayPort: 1.2; HDCP Version (DP): 2.2; HDMI: 1 EA; Versión de HDMI: 2.0; HDCP Version (HDMI): 2.2; Audífonos: Sí; USB-C: NO; Altavoces: No; Condicionesd e operación: Temperatura: 10~40 ℃; Humedad: 10 ~ 80, sin condensación; DISEÑO: Color frontal:  NEGRO, Tipo de base: SIMPLE, Inclinación: -5.0˚(±2.0˚)~25.0˚(±2.0˚), Montura de pared: 100 x 100; TCO Certified: Sí; Carbon Footprint: Sí, ALIMENTACIÓN: AC 100~240V; Consumo de energía (máximo): 110 W, DIMENSIONES: Dimensiones del paquete (A x Al x P): 921 x 181 x 604 mm; Peso del paquete: 11.5 kg - ACCESORIOS: Longitud del cable de alimentación: 1.5 m; Cable HDMI: Sí","Monitor 37 pulgadas ViewFinity S7 60Hz  Mod. LS37D700EALXZX Relación de aspecto: 16:9 Resolución: 4K (3,840 x 2,160) ; Relación de contraste estático: 3000:1(Typ); Tiempo de respuesta: 5ms; Ángulo de visualización (H / V): 178/178; Frecuencia de actualización: Máx. 60 Hz; Plana / Curva: Plano; Tamaño de área activa (H x V) [mm]: 808.0128 (H) x 454.5072 (V); Tipo de panel: VA; Brillo (típico): 350 cd/㎡; Brillo (mínimo): 280 cd/㎡; Contrast Ratio (Dynamic): Mega ∞ DCR; Energy Saving Solution; Modo Eye Saver; Flicker Free; Picture-in-Picture; Certificación Windows: Windows 11; DisplayPort: 1 EA; Versión de DisplayPort: 1.2; HDCP Version (DP): 2.2; HDMI: 1 EA; Versión de HDMI: 2.0; HDCP Version (HDMI): 2.2; Audífonos: Sí; USB-C: NO; Altavoces: No; Condicionesd e operación: Temperatura: 10~40 ℃; Humedad: 10 ~ 80, sin condensación; DISEÑO: Color frontal:  NEGRO, Tipo de base: SIMPLE, Inclinación: -5.0˚(±2.0˚)~25.0˚(±2.0˚), Montura de pared: 100 x 100; TCO Certified: Sí; Carbon Footprint: Sí, ALIMENTACIÓN: AC 100~240V; Consumo de energía (máximo): 110 W, DIMENSIONES: Dimensiones del paquete (A x Al x P): 921 x 181 x 604 mm; Peso del paquete: 11.5 kg - ACCESORIOS: Longitud del cable de alimentación: 1.5 m; Cable HDMI: Sí. Clave Oficial CT: MONSMG2270. Marca: CT.",COMPONENTES DE ENSAMBLE,monitores,CT,6546.32,127653.16,204245.05,204245.05,172331.76,172331.76,159566.45,153183.79,assets/img/catalog/monitores/MONSMG2270.jpg,assets/img/catalog/monitores/MONSMG2270.jpg,https://static.ctonline.mx/imagenes/MONSMG2270/MONSMG2270_400.jpg
MONSMG2220,"Monitor SAMSUNG SMART, M8, M80F, 4K, 32"", Modelo: LS32FM801ULXZX; Tamaño de pantalla 32""; Monitor Plano (Flat); Panel VA; Resolución 4K-UHD (3840x2160); Frecuencia de actualización Máx. 60Hz; Relación de aspecto 16:9; Brillo (típico) 400cd/m2; Radio de contraste estático 3000:1 (típico); Tiempo de respuesta 4ms(GTG); Ángulo de visión 178°(H)/178° (H/V); Características generales: Con Modo Eye Saver, Con Flicker Free, Certificación Windows 11, Virtual AIM Point, Game Bar 2.0, Gaming Hub, HDMI-CEC, Auto Source Switch, Adaptive Picture, Ultrawide Game View; Smart Service: Smart Type, Sistema Operativo TIZEN, Bixby, Fr-Field Voice Interaction, Samsung TV Plus, SmartThings Hub, Multi Device Experience, ScreenVitals, Multi View (Hasta 2 vídeos), Smart Calibration (Básico), Knox Vault, Remote Access; Interfaz: Pantalla inalámbrica, HDMI, Versión de HDMI 2.0, Versión HDMI 2.0 Hub USB (x2), USB-C (x1) USB-C Charging Power 65W, Red inalámbrica integrada Wi-Fi 5, Bluetooth; Con altavoces, Speaker Output 10W, Sonido adaptativo Pro; Color Blanco Cálido, Montura de Pared 100 x 100; Dimensión con soporte 713.4 x 616.2 x 200.1 mm. (anch. x alt. x prof.), Peso del equipo con soporte 7.0kg.","Monitor SAMSUNG SMART, M8, M80F, 4K, 32"", Modelo: LS32FM801ULXZX; Tamaño de pantalla 32""; Monitor Plano (Flat); Panel VA; Resolución 4K-UHD (3840x2160); Frecuencia de actualización Máx. 60Hz; Relación de aspecto 16:9; Brillo (típico) 400cd/m2; Radio de contraste estático 3000:1 (típico); Tiempo de respuesta 4ms(GTG); Ángulo de visión 178°(H)/178° (H/V); Características generales: Con Modo Eye Saver, Con Flicker Free, Certificación Windows 11, Virtual AIM Point, Game Bar 2.0, Gaming Hub, HDMI-CEC, Auto Source Switch, Adaptive Picture, Ultrawide Game View; Smart Service: Smart Type, Sistema Operativo TIZEN, Bixby, Fr-Field Voice Interaction, Samsung TV Plus, SmartThings Hub, Multi Device Experience, ScreenVitals, Multi View (Hasta 2 vídeos), Smart Calibration (Básico), Knox Vault, Remote Access; Interfaz: Pantalla inalámbrica, HDMI, Versión de HDMI 2.0, Versión HDMI 2.0 Hub USB (x2), USB-C (x1) USB-C Charging Power 65W, Red inalámbrica integrada Wi-Fi 5, Bluetooth; Con altavoces, Speaker Output 10W, Sonido adaptativo Pro; Color Blanco Cálido, Montura de Pared 100 x 100; Dimensión con soporte 713.4 x 616.2 x 200.1 mm. (anch. x alt. x prof.), Peso del equipo con soporte 7.0kg.. Clave Oficial CT: MONSMG2220. Marca: CT.",COMPONENTES DE ENSAMBLE,monitores,CT,8283.16,161521.58,258434.53,258434.53,218054.13,218054.13,201901.97,193825.89,assets/img/catalog/monitores/MONSMG2220.jpg,assets/img/catalog/monitores/MONSMG2220.jpg,https://static.ctonline.mx/imagenes/MONSMG2220/MONSMG2220_400.jpg
MONSMG2110,"Monitor SAMSUNG Gamer Odyssey G9, G93SC, 49"", OLED, Modelo: LS49CG930SLXZX; Tamaño de pantalla 49""; Monitor Curvo (Curvatura 1800R); Panel OLED; Resolución DQHD (5120 x 1440); Frecuencia de actualización Máx. 240Hz; Relación de aspecto 32:9; Brillo (típico) 250cd/m2; Radio de contraste estático 1,000,000:1 (típico); Tiempo de respuesta 0.03ms(GTG); Ángulo de visión 178°(H)/178° (H/V); Características generales: Modo Eye Saver, Con Flicker Free, Picture-in-Picture, Picture-By-Picture, Quantum Dot Color, Certificación Windows 10, FreeSync, G-Sync, VESA Adaptive-Sync, Off Timer Plus, Black Equalizer, Virtual AIM Point, Core Syncm, Auto Source Switch+; Interfaz: DisplayPort 1EA, Versión de DisplayPort 1.4, HDMI 1EA, Versión HDMI 2.1, Hub USB 3; Color Negro, Montura de Pared 100 x 100; Dimensión con soporte 1194.7 x 284.1 x 529.3 mm. (anch. x alt. x prof.), Peso del equipo con soporte 12.9kg.","Monitor SAMSUNG Gamer Odyssey G9, G93SC, 49"", OLED, Modelo: LS49CG930SLXZX; Tamaño de pantalla 49""; Monitor Curvo (Curvatura 1800R); Panel OLED; Resolución DQHD (5120 x 1440); Frecuencia de actualización Máx. 240Hz; Relación de aspecto 32:9; Brillo (típico) 250cd/m2; Radio de contraste estático 1,000,000:1 (típico); Tiempo de respuesta 0.03ms(GTG); Ángulo de visión 178°(H)/178° (H/V); Características generales: Modo Eye Saver, Con Flicker Free, Picture-in-Picture, Picture-By-Picture, Quantum Dot Color, Certificación Windows 10, FreeSync, G-Sync, VESA Adaptive-Sync, Off Timer Plus, Black Equalizer, Virtual AIM Point, Core Syncm, Auto Source Switch+; Interfaz: DisplayPort 1EA, Versión de DisplayPort 1.4, HDMI 1EA, Versión HDMI 2.1, Hub USB 3; Color Negro, Montura de Pared 100 x 100; Dimensión con soporte 1194.7 x 284.1 x 529.3 mm. (anch. x alt. x prof.), Peso del equipo con soporte 12.9kg.. Clave Oficial CT: MONSMG2110. Marca: CT.",COMPONENTES DE ENSAMBLE,monitores,CT,18105.26,353052.63,564884.21,564884.21,476621.05,476621.05,441315.79,423663.16,assets/img/catalog/monitores/MONSMG2110.jpg,assets/img/catalog/monitores/MONSMG2110.jpg,https://static.ctonline.mx/imagenes/MONSMG2110/MONSMG2110_400.jpg
MONSMG2350,"Monitor SAMSUNG LS32FG810SLXZX para juegos Odyssey OLED G8 G81SF 4K 240Hz de 32"", 3840x2160, Sin reflejos: Enfoque sin distracciones, QD-OLED en 4K: Los detalles dan más vida a tus mundos; Relación de aspecto: 16:9, Brillo (típico): 260 cd/; Relación de contraste estático: 1,000,000:1; Tiempo de respuesta: 0.03ms(GTG); Frecuencia de actualización: Max 240Hz; Ángulo de visualización (H / V): 178˚/178˚ ; PANTALLA: Plana; Tamaño de área activa (H x V) [mm]: 699.48 x 394.73 mm; Tipo de panel: OLED; HDR10+: HDR10+ Gaming; Características Generales: Energy Saving Solution; Modo Eye Saver; Flicker Free; Picture-in-Picture; Quantum Dot Color; Tamaño de imagen; Certificación Windows11; FreeSync Premium Pro; G-Sync; Off Timer Plus; Black Equalizer; Virtual AIM Point; Core Sync; Super Arena Gaming UX; Auto Source Switch; Ultrawide Game View; NO ES SMART; Interfaz: DisplayPort: 1 EA; Versión de DisplayPort: 1.4; HDCP Version (DP): 2.2; HDMI: 2 EA; Versión de HDMI: 2.1; HDCP Version (HDMI): 2.2; Salida de Audífonos; USB-B Upstream Port: 1; USB Type-A Downstream Port: 2; USB Type-A Downstream Version: 3.2 Gen1, NO TIENE ALTAVOCES, Diseño: Color frontal: PLATA; VESA: Montura de pared: 100 x 100; Alimentación: AC 100~240V; Consumo de energía (máximo): 180 W; Dimensiones del paquete (A x Al x P): 815 x 200 x 530 mm; Peso del paquete: 12.0 kg; Accesorios: Longitud del cable de alimentación: 1.5 m; Cable HDMI: Sí; Cable DP: Sí; UL Glare Free: Sí","Monitor SAMSUNG LS32FG810SLXZX para juegos Odyssey OLED G8 G81SF 4K 240Hz de 32"", 3840x2160, Sin reflejos: Enfoque sin distracciones, QD-OLED en 4K: Los detalles dan más vida a tus mundos; Relación de aspecto: 16:9, Brillo (típico): 260 cd/; Relación de contraste estático: 1,000,000:1; Tiempo de respuesta: 0.03ms(GTG); Frecuencia de actualización: Max 240Hz; Ángulo de visualización (H / V): 178˚/178˚ ; PANTALLA: Plana; Tamaño de área activa (H x V) [mm]: 699.48 x 394.73 mm; Tipo de panel: OLED; HDR10+: HDR10+ Gaming; Características Generales: Energy Saving Solution; Modo Eye Saver; Flicker Free; Picture-in-Picture; Quantum Dot Color; Tamaño de imagen; Certificación Windows11; FreeSync Premium Pro; G-Sync; Off Timer Plus; Black Equalizer; Virtual AIM Point; Core Sync; Super Arena Gaming UX; Auto Source Switch; Ultrawide Game View; NO ES SMART; Interfaz: DisplayPort: 1 EA; Versión de DisplayPort: 1.4; HDCP Version (DP): 2.2; HDMI: 2 EA; Versión de HDMI: 2.1; HDCP Version (HDMI): 2.2; Salida de Audífonos; USB-B Upstream Port: 1; USB Type-A Downstream Port: 2; USB Type-A Downstream Version: 3.2 Gen1, NO TIENE ALTAVOCES, Diseño: Color frontal: PLATA; VESA: Montura de pared: 100 x 100; Alimentación: AC 100~240V; Consumo de energía (máximo): 180 W; Dimensiones del paquete (A x Al x P): 815 x 200 x 530 mm; Peso del paquete: 12.0 kg; Accesorios: Longitud del cable de alimentación: 1.5 m; Cable HDMI: Sí; Cable DP: Sí; UL Glare Free: Sí. Clave Oficial CT: MONSMG2350. Marca: CT.",COMPONENTES DE ENSAMBLE,monitores,CT,16526.32,322263.16,515621.05,515621.05,435055.26,435055.26,402828.95,386715.79,assets/img/catalog/monitores/MONSMG2350.jpg,assets/img/catalog/monitores/MONSMG2350.jpg,https://static.ctonline.mx/imagenes/MONSMG2350/MONSMG2350_400.jpg
MONSMG2310,"Monitor SAMSUNG LS37FG750ELXZX Gamer 37 pulgadas Odyssey G7, G75F 4K, 165Hz, 3840x2160, Curvatura de la pantalla: 1000R, HDMI/DisplayPort, Negro, brillo típico de 350 cd/m², HDR10, Contraste típica: 3000:1, Tiempo de respuesta de 1 ms, Energy Saving Solution; Modo Eye Saver; Flicker Free; Picture-in-Picture; Certificación Windows11; FreeSync Premium Pro; Off Timer Plus; Black Equalizer; Super Arena Gaming UX; Ultrawide Game View; Cambio automático de fuente+ ; DisplayPort: 1 EA; Versión de DisplayPort: 1.4 ; HDCP Versión (DP) 2.2; HDMI: 2 EA; Versión de HDMI: 2.1; Entrada Audífonos: Sí; USB-B Upstream Port: 1 ; USB Type-A Downstream Port: 2; USB Type-A Downstream Versión: 3.2 Gen1; Altavoces: No; Temperatura: 10 - 40 ℃; Color frontal: NEGRO; Alimentación: AC 100 - 240 V; Consumo de energía (máximo) 140 W; Tipo Adaptador externo; Dimensiones del paquete (A x Al x P): 911 x 240 x 579 mm; Peso del paquete: 15.1 kg; Longitud del cable de alimentación: 1.5 m; Cable DP: Sí","Monitor SAMSUNG LS37FG750ELXZX Gamer 37 pulgadas Odyssey G7, G75F 4K, 165Hz, 3840x2160, Curvatura de la pantalla: 1000R, HDMI/DisplayPort, Negro, brillo típico de 350 cd/m², HDR10, Contraste típica: 3000:1, Tiempo de respuesta de 1 ms, Energy Saving Solution; Modo Eye Saver; Flicker Free; Picture-in-Picture; Certificación Windows11; FreeSync Premium Pro; Off Timer Plus; Black Equalizer; Super Arena Gaming UX; Ultrawide Game View; Cambio automático de fuente+ ; DisplayPort: 1 EA; Versión de DisplayPort: 1.4 ; HDCP Versión (DP) 2.2; HDMI: 2 EA; Versión de HDMI: 2.1; Entrada Audífonos: Sí; USB-B Upstream Port: 1 ; USB Type-A Downstream Port: 2; USB Type-A Downstream Versión: 3.2 Gen1; Altavoces: No; Temperatura: 10 - 40 ℃; Color frontal: NEGRO; Alimentación: AC 100 - 240 V; Consumo de energía (máximo) 140 W; Tipo Adaptador externo; Dimensiones del paquete (A x Al x P): 911 x 240 x 579 mm; Peso del paquete: 15.1 kg; Longitud del cable de alimentación: 1.5 m; Cable DP: Sí. Clave Oficial CT: MONSMG2310. Marca: CT.",COMPONENTES DE ENSAMBLE,monitores,CT,10789.47,210394.74,336631.58,336631.58,284032.89,284032.89,262993.42,252473.68,assets/img/catalog/monitores/MONSMG2310.jpg,assets/img/catalog/monitores/MONSMG2310.jpg,https://static.ctonline.mx/imagenes/MONSMG2310/MONSMG2310_400.jpg
MONLGE3280,"MONITOR LG 21.5"" 22U401A-B.AWMQ ,Resolución 1920 x 1080 FHD , Tamaño [pulgadas] 21.5"",Relación de aspecto 16:9, ,Tiempo de respuesta  1ms (GtG at Faster),relación de contraste 3000:1 , Tasa de refresco de 100Hz para visuales más fluidos y estables, 1ms Motion Blur Reduction que reduce el desenfoque en cada partida, HDR10 y sRGB 99% (Típ.) para colores vivos y realistas, Diseño ergonómico con inclinación ajustable de -5° a 20° Dynamic Action Sync y Black Stabilizer para juegos más precisos, un año de garantía en centros  de servicio LG autorizados","MONITOR LG 21.5"" 22U401A-B.AWMQ ,Resolución 1920 x 1080 FHD , Tamaño [pulgadas] 21.5"",Relación de aspecto 16:9, ,Tiempo de respuesta  1ms (GtG at Faster),relación de contraste 3000:1 , Tasa de refresco de 100Hz para visuales más fluidos y estables, 1ms Motion Blur Reduction que reduce el desenfoque en cada partida, HDR10 y sRGB 99% (Típ.) para colores vivos y realistas, Diseño ergonómico con inclinación ajustable de -5° a 20° Dynamic Action Sync y Black Stabilizer para juegos más precisos, un año de garantía en centros  de servicio LG autorizados. Clave Oficial CT: MONLGE3280. Marca: CT.",COMPONENTES DE ENSAMBLE,monitores,CT,1149.47,22414.74,35863.58,35863.58,30259.89,30259.89,28018.42,26897.68,assets/img/catalog/monitores/MONLGE3280.jpg,assets/img/catalog/monitores/MONLGE3280.jpg,https://static.ctonline.mx/imagenes/MONLGE3280/MONLGE3280_400.jpg
MONLGE3480,"Monitor Gamer LG 24"" 24U411A-B.AWMQ , Resolución 1920 x 1080,Tipo de Panel  IPS, Ratio de Aspecto '16:9, Brillo (Típ.)[cd/m²],'220, Tasa de refresco (Máx.)[Hz], '120,Tiempo de respuesta,5 ms (GtG más rápido),Ajustes de posición de la pantalla Ladear, CONECTIVIDAD : D-Sub(1 c/u), HDMI (1 c/u), Ajustes de posición de la pantalla Ladear, Montaje en pared 100 x 100  mm,un año de garantía en centros  de servicio LG autorizados","Monitor Gamer LG 24"" 24U411A-B.AWMQ , Resolución 1920 x 1080,Tipo de Panel  IPS, Ratio de Aspecto '16:9, Brillo (Típ.)[cd/m²],'220, Tasa de refresco (Máx.)[Hz], '120,Tiempo de respuesta,5 ms (GtG más rápido),Ajustes de posición de la pantalla Ladear, CONECTIVIDAD : D-Sub(1 c/u), HDMI (1 c/u), Ajustes de posición de la pantalla Ladear, Montaje en pared 100 x 100  mm,un año de garantía en centros  de servicio LG autorizados. Clave Oficial CT: MONLGE3480. Marca: CT.",COMPONENTES DE ENSAMBLE,monitores,CT,1252.63,24426.32,39082.11,39082.11,32975.53,32975.53,30532.89,29311.58,assets/img/catalog/monitores/MONLGE3480.jpg,assets/img/catalog/monitores/MONLGE3480.jpg,https://static.ctonline.mx/imagenes/MONLGE3480/MONLGE3480_400.jpg
MONLGE3710,"Monitor marca LG  24"" 24U411B-B, IPS  Resolución 1920 x 1080,  Pantalla - Relación de aspecto 60 , Pantalla - Gama de colores (típ.), sRGB 99% (CIE1931), Pantalla - Brillo (Típ.) [cd/m²],250, Pantalla - Frecuencia de actualización (máx.) [Hz] 144 , Pantalla - Tiempo de respuesta,  1ms MBR, 5ms (GtG at Faster),  Mecánico - Ajustes de posición de la pantalla, Inclinación un , Montaje en pared [mm] 100 x 100,  CONECTIVIDAD HDMI (1ea), Salida de auriculares 3 polos , (solo sonido)año de garantía  en centros de servicio LG autorizados..","Monitor marca LG  24"" 24U411B-B, IPS  Resolución 1920 x 1080,  Pantalla - Relación de aspecto 60 , Pantalla - Gama de colores (típ.), sRGB 99% (CIE1931), Pantalla - Brillo (Típ.) [cd/m²],250, Pantalla - Frecuencia de actualización (máx.) [Hz] 144 , Pantalla - Tiempo de respuesta,  1ms MBR, 5ms (GtG at Faster),  Mecánico - Ajustes de posición de la pantalla, Inclinación un , Montaje en pared [mm] 100 x 100,  CONECTIVIDAD HDMI (1ea), Salida de auriculares 3 polos , (solo sonido)año de garantía  en centros de servicio LG autorizados... Clave Oficial CT: MONLGE3710. Marca: CT.",COMPONENTES DE ENSAMBLE,monitores,CT,1609.47,31384.74,50215.58,50215.58,42369.39,42369.39,39230.92,37661.68,assets/img/catalog/monitores/MONLGE3710.jpg,assets/img/catalog/monitores/MONLGE3710.jpg,https://static.ctonline.mx/imagenes/MONLGE3710/MONLGE3710_400.jpg
MONLGE3720,"Monitor marca LG  25""  25G523B-B, Pantalla IPS FHD (1920x1080),Gaming 200Hz UltraGear™ G5, Tiempo de respuesta 1ms (GtG),HDR 10 con sRGB al 99 % (típico), compatible con 16,7 millones de colores, CompatibleNVIDIA® G-SYNC® / AMD FreeSync™ Premium,  Relación de aspecto 16:9, Brillo (Mín.) [cd/m²]240,Brillo (Típ.) [cd/m²] 300,Gama de colores (mín.), sRGB 95% (CIE1931) Color Bit,8bit, Relación de contraste (mín.)700:1, Relación de contraste (típ.) 1000:1 Tiempo de respuesta 1ms (GtG más rápido), Ángulo de visión (CR≥10),178º(R/L), 178º(U/D),Tratamiento de superficies ,Antirreflejos, un año de garantía  en centros de servicio LG autorizados..","Monitor marca LG  25""  25G523B-B, Pantalla IPS FHD (1920x1080),Gaming 200Hz UltraGear™ G5, Tiempo de respuesta 1ms (GtG),HDR 10 con sRGB al 99 % (típico), compatible con 16,7 millones de colores, CompatibleNVIDIA® G-SYNC® / AMD FreeSync™ Premium,  Relación de aspecto 16:9, Brillo (Mín.) [cd/m²]240,Brillo (Típ.) [cd/m²] 300,Gama de colores (mín.), sRGB 95% (CIE1931) Color Bit,8bit, Relación de contraste (mín.)700:1, Relación de contraste (típ.) 1000:1 Tiempo de respuesta 1ms (GtG más rápido), Ángulo de visión (CR≥10),178º(R/L), 178º(U/D),Tratamiento de superficies ,Antirreflejos, un año de garantía  en centros de servicio LG autorizados... Clave Oficial CT: MONLGE3720. Marca: CT.",COMPONENTES DE ENSAMBLE,monitores,CT,1809.47,35284.74,56455.58,56455.58,47634.39,47634.39,44105.92,42341.68,assets/img/catalog/monitores/MONLGE3720.jpg,assets/img/catalog/monitores/MONLGE3720.jpg,https://static.ctonline.mx/imagenes/MONLGE3720/MONLGE3720_400.jpg
MONLGE3700,"Monitor marca LG  27"" 27U411B -B,  IPS  Resolución 1920 x 1080,  Paso de píxeles [mm] 0.3114 x 0.3114,  AMD FreeSyncFreeSync ,Profundidad de color (número de colores), 16.7M,  Ángulo de visión (CR≥10),  178º(R/L), 178º(U/D) , Brillo (Típ.) [cd/m²] , 250 elación de contraste (típ.),  1500:1  Gama de colores (típ.)  sRGB 99% (CIE1931)  Frecuencia de actualización (máx.) [Hz] , 144 , Gama de colores (mín.) , sRGB 95% (CIE1931),  Relación de contraste (mín.) ,  1050:1  Brillo (Mín.) [cd/m²]  200,  Tamaño [cm]  68.5, Ajustes de posición de la pantalla  Inclinación, Montaje en pared [mm],100 x 100, CONECTIVIDAD hdmi, un año de garantía  en centros de servicio LG autorizados..","Monitor marca LG  27"" 27U411B -B,  IPS  Resolución 1920 x 1080,  Paso de píxeles [mm] 0.3114 x 0.3114,  AMD FreeSyncFreeSync ,Profundidad de color (número de colores), 16.7M,  Ángulo de visión (CR≥10),  178º(R/L), 178º(U/D) , Brillo (Típ.) [cd/m²] , 250 elación de contraste (típ.),  1500:1  Gama de colores (típ.)  sRGB 99% (CIE1931)  Frecuencia de actualización (máx.) [Hz] , 144 , Gama de colores (mín.) , sRGB 95% (CIE1931),  Relación de contraste (mín.) ,  1050:1  Brillo (Mín.) [cd/m²]  200,  Tamaño [cm]  68.5, Ajustes de posición de la pantalla  Inclinación, Montaje en pared [mm],100 x 100, CONECTIVIDAD hdmi, un año de garantía  en centros de servicio LG autorizados... Clave Oficial CT: MONLGE3700. Marca: CT.",COMPONENTES DE ENSAMBLE,monitores,CT,2052.63,40026.32,64042.11,64042.11,54035.53,54035.53,50032.89,48031.58,assets/img/catalog/monitores/MONLGE3700.jpg,assets/img/catalog/monitores/MONLGE3700.jpg,https://static.ctonline.mx/imagenes/MONLGE3700/MONLGE3700_400.jpg
MONLGE3590,"Monitor marca LG 27"" 27U411A-B IPS FHD,  Resolución 1920 x 1080, Pantalla - Relación de aspecto 16:9, Pantalla - Gama de colores (típ.) sRGB 99% (CIE1931),Pantalla - Brillo (Típ.) [cd/m²], 250, Pantalla - Frecuencia e actualización (máx.) [Hz],120, Pantalla - Tiempo de respuesta, 5ms (GtG más rápido),Mecánico - Ajustes de posición de la pantalla Inclinación,  CONECTIVIDAD : D-Sub (1ea),HDMI (1ea),Salida de auriculares 3 polos (Solo sonido),Ajustes de posición de la pantalla Inclinación, Montaje en pared 100 x 100, incluye  cable  HDMI,  año de garantía  en centros de servicio LG autorizados..","Monitor marca LG 27"" 27U411A-B IPS FHD,  Resolución 1920 x 1080, Pantalla - Relación de aspecto 16:9, Pantalla - Gama de colores (típ.) sRGB 99% (CIE1931),Pantalla - Brillo (Típ.) [cd/m²], 250, Pantalla - Frecuencia e actualización (máx.) [Hz],120, Pantalla - Tiempo de respuesta, 5ms (GtG más rápido),Mecánico - Ajustes de posición de la pantalla Inclinación,  CONECTIVIDAD : D-Sub (1ea),HDMI (1ea),Salida de auriculares 3 polos (Solo sonido),Ajustes de posición de la pantalla Inclinación, Montaje en pared 100 x 100, incluye  cable  HDMI,  año de garantía  en centros de servicio LG autorizados... Clave Oficial CT: MONLGE3590. Marca: CT.",COMPONENTES DE ENSAMBLE,monitores,CT,2020.0,39390.0,63024.0,63024.0,53176.5,53176.5,49237.5,47268.0,assets/img/catalog/monitores/MONLGE3590.jpg,assets/img/catalog/monitores/MONLGE3590.jpg,https://static.ctonline.mx/imagenes/MONLGE3590/MONLGE3590_400.jpg
MONLGE3490,"Monitor Gamin LG UltraGear G4 de 27"" 27G411A-B.AWM, Pantalla  Full HD Resolución 1920 x 1080, Tipo de Panel IPS, Ratio de Aspecto 16:9, Gama de Color (Típ.), sRGB 99% (CIE1931), Brillo (Típ.)[cd/m²], 250 cd/m²,Tasa de refresco (Máx.)[Hz], 144 (O/C) ,Tiempo de respuesta 5 ms (GtG más rápido),  Ajustes de posición de la pantalla  Ladear , Conectividad :HDMI (1 ),DisplayPort (1),Versión DP 1.4 Salida para Auriculares,3 polos (solo sonido), Ajustes de posición de la pantalla Ladear,  Montaje en pared  100 x 100 mm, Accesorios HDMI (1 ) ,Un año de garantía en centros de servicio LG autorizado","Monitor Gamin LG UltraGear G4 de 27"" 27G411A-B.AWM, Pantalla  Full HD Resolución 1920 x 1080, Tipo de Panel IPS, Ratio de Aspecto 16:9, Gama de Color (Típ.), sRGB 99% (CIE1931), Brillo (Típ.)[cd/m²], 250 cd/m²,Tasa de refresco (Máx.)[Hz], 144 (O/C) ,Tiempo de respuesta 5 ms (GtG más rápido),  Ajustes de posición de la pantalla  Ladear , Conectividad :HDMI (1 ),DisplayPort (1),Versión DP 1.4 Salida para Auriculares,3 polos (solo sonido), Ajustes de posición de la pantalla Ladear,  Montaje en pared  100 x 100 mm, Accesorios HDMI (1 ) ,Un año de garantía en centros de servicio LG autorizado. Clave Oficial CT: MONLGE3490. Marca: CT.",COMPONENTES DE ENSAMBLE,monitores,CT,2177.89,42468.95,67950.32,67950.32,57333.08,57333.08,53086.18,50962.74,assets/img/catalog/monitores/MONLGE3490.jpg,assets/img/catalog/monitores/MONLGE3490.jpg,https://static.ctonline.mx/imagenes/MONLGE3490/MONLGE3490_400.jpg
MONLGE3180,"Monitor LED Marca LG de 23.8"" Modelo 24U421A-B.AWMQ Resolución 1920X1080,Tipo de Panel VA, Ratio de Aspecto 16:9,Tamaño del píxel [mm] 0,2745 x 0,2745, Brillo (Mín.)[cd/m²]220,Brillo (Típ.)[cd/m²],250, Gama de Color (Mín.)100 Hz, Profundidad de Color (Número de colores) 16,7 M, Ratio de contraste(Típ.),3000:01:00,Tiempo de respuesta 5 ms (GtG en Faster),Tasa de refresco (Máx)[Hz]100Hz,Ángulo de visión (CR≥10)178º (D/I),178º(U/D) ,CONECTIVIDAD HDMI ,USB-C, USB-C (Potencia de Carga)15W,Salida para Auriculares Salida de auriculares de 3 polos (solo sonido),  Montaje en pared 100x100mm, incluye  cable HDMI  Un año de garantía en centros de servicio LG autorizados en sitio.","Monitor LED Marca LG de 23.8"" Modelo 24U421A-B.AWMQ Resolución 1920X1080,Tipo de Panel VA, Ratio de Aspecto 16:9,Tamaño del píxel [mm] 0,2745 x 0,2745, Brillo (Mín.)[cd/m²]220,Brillo (Típ.)[cd/m²],250, Gama de Color (Mín.)100 Hz, Profundidad de Color (Número de colores) 16,7 M, Ratio de contraste(Típ.),3000:01:00,Tiempo de respuesta 5 ms (GtG en Faster),Tasa de refresco (Máx)[Hz]100Hz,Ángulo de visión (CR≥10)178º (D/I),178º(U/D) ,CONECTIVIDAD HDMI ,USB-C, USB-C (Potencia de Carga)15W,Salida para Auriculares Salida de auriculares de 3 polos (solo sonido),  Montaje en pared 100x100mm, incluye  cable HDMI  Un año de garantía en centros de servicio LG autorizados en sitio.. Clave Oficial CT: MONLGE3180. Marca: CT.",COMPONENTES DE ENSAMBLE,monitores,CT,2230.53,43495.26,69592.42,69592.42,58718.61,58718.61,54369.08,52194.32,assets/img/catalog/monitores/MONLGE3180.jpg,assets/img/catalog/monitores/MONLGE3180.jpg,https://static.ctonline.mx/imagenes/MONLGE3180/MONLGE3180_400.jpg
MONLGE3190,"Monitor LED Marca LG de 27"" Modelo 27U421A-B.AWMQ,   Resolución 1920 x 1080,  Ratio de Aspecto 16:9, Gama de Color (Típ.), sRGB 99% (CIE1931), Brillo (Típ.)[cd/m²],250,Tasa de refresco (Máx)[Hz],100 ,Tiempo de respuesta 5ms (GtG at Faster), Ángulo de visión (CR≥10),178º(R/L), 178º(U/D),Curvatura 1500R , soporte  vesa 100*100, incluye  cable HDMI Un año de garantía en centros de servicio LG autorizados en sitio.","Monitor LED Marca LG de 27"" Modelo 27U421A-B.AWMQ,   Resolución 1920 x 1080,  Ratio de Aspecto 16:9, Gama de Color (Típ.), sRGB 99% (CIE1931), Brillo (Típ.)[cd/m²],250,Tasa de refresco (Máx)[Hz],100 ,Tiempo de respuesta 5ms (GtG at Faster), Ángulo de visión (CR≥10),178º(R/L), 178º(U/D),Curvatura 1500R , soporte  vesa 100*100, incluye  cable HDMI Un año de garantía en centros de servicio LG autorizados en sitio.. Clave Oficial CT: MONLGE3190. Marca: CT.",COMPONENTES DE ENSAMBLE,monitores,CT,2967.37,57863.68,92581.89,92581.89,78115.97,78115.97,72329.61,69436.42,assets/img/catalog/monitores/MONLGE3190.jpg,assets/img/catalog/monitores/MONLGE3190.jpg,https://static.ctonline.mx/imagenes/MONLGE3190/MONLGE3190_400.jpg
MONLGE2880,"Monitor LG 24"" 24GS60F-B, Monitor gaming UltraGear™ Full HD IPS, Resolución 1920 x 1080, Tipo de Panel IPS, Relación de Aspecto 16:9 Pixel Pitch, 0.2745 x 0.2745mm, Brillo (Min.) / (Typ.)240cd/㎡ / 300cd/m², Gama de Colores (Typ.) sRGB 99% (CIE1931), Profundidad de Color (número de colores) 16.7M, Relación de contraste (Min.),700:1, Relación de contraste (Typ.)1000:1, Tiempo de respuesta (ms) 1ms (GtG at Faster), Angulo de Visión (CR≥10), 178º(R/L), 178º(U/D), Tasa de actualización (Max) Hz 180, CONECTIVIDAD : HDMI (1ea), HDMI Versión HDMI 2.0, HDMI (HDCP Versión),2.2, DisplayPort (1ea),DP Versión 1.4 Headphone out 3-Pole(Solo Sonido), Montable en pared 100 x 100mm; un año de  garantía en centros de servicio LG autorizados en sitio.","Monitor LG 24"" 24GS60F-B, Monitor gaming UltraGear™ Full HD IPS, Resolución 1920 x 1080, Tipo de Panel IPS, Relación de Aspecto 16:9 Pixel Pitch, 0.2745 x 0.2745mm, Brillo (Min.) / (Typ.)240cd/㎡ / 300cd/m², Gama de Colores (Typ.) sRGB 99% (CIE1931), Profundidad de Color (número de colores) 16.7M, Relación de contraste (Min.),700:1, Relación de contraste (Typ.)1000:1, Tiempo de respuesta (ms) 1ms (GtG at Faster), Angulo de Visión (CR≥10), 178º(R/L), 178º(U/D), Tasa de actualización (Max) Hz 180, CONECTIVIDAD : HDMI (1ea), HDMI Versión HDMI 2.0, HDMI (HDCP Versión),2.2, DisplayPort (1ea),DP Versión 1.4 Headphone out 3-Pole(Solo Sonido), Montable en pared 100 x 100mm; un año de  garantía en centros de servicio LG autorizados en sitio.. Clave Oficial CT: MONLGE2880. Marca: CT.",COMPONENTES DE ENSAMBLE,monitores,CT,2998.95,58479.47,93567.16,93567.16,78947.29,78947.29,73099.34,70175.37,assets/img/catalog/monitores/MONLGE2880.jpg,assets/img/catalog/monitores/MONLGE2880.jpg,https://static.ctonline.mx/imagenes/MONLGE2880/MONLGE2880_400.jpg
MONLGE3560,"Monitor marca LG   Smart Monitor LG MyView de 27 pulgadas Full HD IPS con webOS, beige;  Resolución 1920 x 1080, Pantalla - Tipo de panel IPS, Pantalla - Relación de aspecto 16:9, Pantalla - Gama de colores (típ.), NTSC 72% (CIE1931), Pantalla - Brillo (Típ.) [cd/m²], 250, Pantalla - Frecuencia de actualización (máx.) 60 hz,Pantalla - Tiempo de respuesta, ecánico - Ajustes de posición de la pantalla Tilt , HDR 10,Brillo automático,Ahorro deenergía inteligente, A prueba de parpadeos, Montaje en pared 100 x 100,mm , SONIDO:  altavoz, Conectividad Bluetoothun, año de garantia  en centros de servicio LG autorizados..","Monitor marca LG   Smart Monitor LG MyView de 27 pulgadas Full HD IPS con webOS, beige;  Resolución 1920 x 1080, Pantalla - Tipo de panel IPS, Pantalla - Relación de aspecto 16:9, Pantalla - Gama de colores (típ.), NTSC 72% (CIE1931), Pantalla - Brillo (Típ.) [cd/m²], 250, Pantalla - Frecuencia de actualización (máx.) 60 hz,Pantalla - Tiempo de respuesta, ecánico - Ajustes de posición de la pantalla Tilt , HDR 10,Brillo automático,Ahorro deenergía inteligente, A prueba de parpadeos, Montaje en pared 100 x 100,mm , SONIDO:  altavoz, Conectividad Bluetoothun, año de garantia  en centros de servicio LG autorizados... Clave Oficial CT: MONLGE3560. Marca: CT.",COMPONENTES DE ENSAMBLE,monitores,CT,3072.63,59916.32,95866.11,95866.11,80887.03,80887.03,74895.39,71899.58,assets/img/catalog/monitores/MONLGE3560.jpg,assets/img/catalog/monitores/MONLGE3560.jpg,https://static.ctonline.mx/imagenes/MONLGE3560/MONLGE3560_400.jpg
MONLGE3200,"Monitor LED Marca LG de 27"" 27U631A-B.AWMQ, Relación de aspecto16:9,Tipo de panel, IPS, Tiempo de respuesta,5 ms (GtG en Faster),Resolución 2560 x 1440,Paso de píxeles 0,2331 x 0,2331,Ángulo de visión (CR≥10)178º,(der./izq.), 178º (sup./pr.) Brillo (típico) [cd/m²] 250, Relación de contraste (típ.)1000:1, Frecuencia de actualización (máx.) [Hz] 100, Brillo (mín.) [cd/m²] 200, Relación de contraste (mín.),700:1, Tamaño [cm] 68.47, CONECTIVIDAD : HDMI (1),USB-C (1),Salida de auriculares USB-C (suministro de energía) 15 W, justes de la posición de la pantalla Inclinación Montaje en pared  100 x 100 mm, incluye cable HDMI, Un año de garantía en centros de servicio LG autorizados en sitio.","Monitor LED Marca LG de 27"" 27U631A-B.AWMQ, Relación de aspecto16:9,Tipo de panel, IPS, Tiempo de respuesta,5 ms (GtG en Faster),Resolución 2560 x 1440,Paso de píxeles 0,2331 x 0,2331,Ángulo de visión (CR≥10)178º,(der./izq.), 178º (sup./pr.) Brillo (típico) [cd/m²] 250, Relación de contraste (típ.)1000:1, Frecuencia de actualización (máx.) [Hz] 100, Brillo (mín.) [cd/m²] 200, Relación de contraste (mín.),700:1, Tamaño [cm] 68.47, CONECTIVIDAD : HDMI (1),USB-C (1),Salida de auriculares USB-C (suministro de energía) 15 W, justes de la posición de la pantalla Inclinación Montaje en pared  100 x 100 mm, incluye cable HDMI, Un año de garantía en centros de servicio LG autorizados en sitio.. Clave Oficial CT: MONLGE3200. Marca: CT.",COMPONENTES DE ENSAMBLE,monitores,CT,3388.42,66074.21,105718.74,105718.74,89200.18,89200.18,82592.76,79289.05,assets/img/catalog/monitores/MONLGE3200.jpg,assets/img/catalog/monitores/MONLGE3200.jpg,https://static.ctonline.mx/imagenes/MONLGE3200/MONLGE3200_400.jpg
MONLGE2900,"Monitor LG 32"" 32MR50C-B.AWMQ, Monitor curvo de 31.5” Full HD con AMD FreeSync™, Resolución 1920 x 1080, Tipo de Panel VA Tiempo de respuesta5ms (GtG en Faster), Curvatura 1500R : accesorio HDMI, un año de  garantía en centros de servicio LG autorizados en sitio.","Monitor LG 32"" 32MR50C-B.AWMQ, Monitor curvo de 31.5” Full HD con AMD FreeSync™, Resolución 1920 x 1080, Tipo de Panel VA Tiempo de respuesta5ms (GtG en Faster), Curvatura 1500R : accesorio HDMI, un año de  garantía en centros de servicio LG autorizados en sitio.. Clave Oficial CT: MONLGE2900. Marca: CT.",COMPONENTES DE ENSAMBLE,monitores,CT,3493.68,68126.84,109002.95,109002.95,91971.24,91971.24,85158.55,81752.21,assets/img/catalog/monitores/MONLGE2900.jpg,assets/img/catalog/monitores/MONLGE2900.jpg,https://static.ctonline.mx/imagenes/MONLGE2900/MONLGE2900_400.jpg
MONLGE2980,"Monitor LG UltraGear, 27"" 27GS60QC Resolución 2560 x 1440,Tiempo de respuesta1ms (GtG at Faster), Profundidad de color (número de colores),16.7M; Ángulo de visión (CR≥10) 178º(R/L), 178º(U/D),Brillo (Typ.),[cd/m²]300, Relación de contraste (típ.) 3000:1,Gama de colores (Typ.),sRGB 99% (CIE1931),Curvatura 1000R, Gama de colores (mín.),sRGB 95% (CIE1931),Frecuencia de actualización (máx.) [Hz] 180 Brillo (mín.)[cd/m²],250 Relación Contraste (Min.) 2400:1 Bit de color 8bit (6bit+FRC), Tamaño [cm] 68.4, Conectividad : HDMI (2), DisplayPort (1), Salida de auriculares 3-Anillos (Solo Sonido), Ajustes de posición de la pantalla Inclinación (eje horizontal), Montaje en pared [mm] 100 x 100,  1 año de garantía  en centros de servicio LG autorizados en sitio.","Monitor LG UltraGear, 27"" 27GS60QC Resolución 2560 x 1440,Tiempo de respuesta1ms (GtG at Faster), Profundidad de color (número de colores),16.7M; Ángulo de visión (CR≥10) 178º(R/L), 178º(U/D),Brillo (Typ.),[cd/m²]300, Relación de contraste (típ.) 3000:1,Gama de colores (Typ.),sRGB 99% (CIE1931),Curvatura 1000R, Gama de colores (mín.),sRGB 95% (CIE1931),Frecuencia de actualización (máx.) [Hz] 180 Brillo (mín.)[cd/m²],250 Relación Contraste (Min.) 2400:1 Bit de color 8bit (6bit+FRC), Tamaño [cm] 68.4, Conectividad : HDMI (2), DisplayPort (1), Salida de auriculares 3-Anillos (Solo Sonido), Ajustes de posición de la pantalla Inclinación (eje horizontal), Montaje en pared [mm] 100 x 100,  1 año de garantía  en centros de servicio LG autorizados en sitio.. Clave Oficial CT: MONLGE2980. Marca: CT.",COMPONENTES DE ENSAMBLE,monitores,CT,3715.79,72457.89,115932.63,115932.63,97818.16,97818.16,90572.37,86949.47,assets/img/catalog/monitores/MONLGE2980.jpg,assets/img/catalog/monitores/MONLGE2980.jpg,https://static.ctonline.mx/imagenes/MONLGE2980/MONLGE2980_400.jpg
MONLGE3260,"Monitor LG 29"" 29U511A-B Resolución 2560 x 1080, Tipo de Panel IPS,  Ratio de Aspecto  21:09, Gama de Color (Típ.), sRGB 99% (CIE1931), Brillo (Típ.)[cd/m²], 250,Tasa de refresco (Máx)[Hz] 100 Hz, Tiempo de respuesta 5ms (GtG en modo más rápido), Ajustes de posición de la pantalla Inclinación -5° ~ +15°, Ángulo de visión (CR≥10) 178° (R/L), 178° (U/D), Tratamiento superficial Anti-reflejo (Anti-Glare), Conectividad : HDMI  (1ea), DisplayPort  (1ea), Versión DP 1.4,Salida para Auriculares  (3 polos, solo audio), Montaje en pared 100 x 100mm Diseño sin Bordes Diseño sin bordes en 3 lados, garantía en centros de servicio autorizados LG en sitio.","Monitor LG 29"" 29U511A-B Resolución 2560 x 1080, Tipo de Panel IPS,  Ratio de Aspecto  21:09, Gama de Color (Típ.), sRGB 99% (CIE1931), Brillo (Típ.)[cd/m²], 250,Tasa de refresco (Máx)[Hz] 100 Hz, Tiempo de respuesta 5ms (GtG en modo más rápido), Ajustes de posición de la pantalla Inclinación -5° ~ +15°, Ángulo de visión (CR≥10) 178° (R/L), 178° (U/D), Tratamiento superficial Anti-reflejo (Anti-Glare), Conectividad : HDMI  (1ea), DisplayPort  (1ea), Versión DP 1.4,Salida para Auriculares  (3 polos, solo audio), Montaje en pared 100 x 100mm Diseño sin Bordes Diseño sin bordes en 3 lados, garantía en centros de servicio autorizados LG en sitio.. Clave Oficial CT: MONLGE3260. Marca: CT.",COMPONENTES DE ENSAMBLE,monitores,CT,3809.47,74284.74,118855.58,118855.58,100284.39,100284.39,92855.92,89141.68,assets/img/catalog/monitores/MONLGE3260.jpg,assets/img/catalog/monitores/MONLGE3260.jpg,https://static.ctonline.mx/imagenes/MONLGE3260/MONLGE3260_400.jpg
MONLGE2860,"Monitor LED Marca LG 27"" Modelo 27GS60F Gaming UltraGear ™ Full HD; Resolución 1920 x 1080; Tipo de Panel IPS, Relación de Aspecto 16:9, Pixel Pitch 0.3108 x 0.3108mm, Brillo (Min.)/ (Typ.), 240cd/㎡ / 300cd/m², Gama de Colores (Typ.)sRGB 99% (CIE1931), Profundidad de Color (número de colores). 17 relación de contraste (Min.)700:1, Relación de contraste(Typ.), 1000:1, Tiempo de respuesta (ms), 1ms (GtG at Faster), Angulo de Visión (CR≥10)178º(R/L), 178º(U/D),Tasa de actualización (Max) Hz,180, conectividad : HDMI (1), DisplayPort (1). Montable en pared 100 x 100mm, Un año de Garantía en centros de servicio autorizado LG  en sitio.","Monitor LED Marca LG 27"" Modelo 27GS60F Gaming UltraGear ™ Full HD; Resolución 1920 x 1080; Tipo de Panel IPS, Relación de Aspecto 16:9, Pixel Pitch 0.3108 x 0.3108mm, Brillo (Min.)/ (Typ.), 240cd/㎡ / 300cd/m², Gama de Colores (Typ.)sRGB 99% (CIE1931), Profundidad de Color (número de colores). 17 relación de contraste (Min.)700:1, Relación de contraste(Typ.), 1000:1, Tiempo de respuesta (ms), 1ms (GtG at Faster), Angulo de Visión (CR≥10)178º(R/L), 178º(U/D),Tasa de actualización (Max) Hz,180, conectividad : HDMI (1), DisplayPort (1). Montable en pared 100 x 100mm, Un año de Garantía en centros de servicio autorizado LG  en sitio.. Clave Oficial CT: MONLGE2860. Marca: CT.",COMPONENTES DE ENSAMBLE,monitores,CT,3809.47,74284.74,118855.58,118855.58,100284.39,100284.39,92855.92,89141.68,assets/img/catalog/monitores/MONLGE2860.jpg,assets/img/catalog/monitores/MONLGE2860.jpg,https://static.ctonline.mx/imagenes/MONLGE2860/MONLGE2860_400.jpg
MONLGE3110,"Monitor LED Marca LG 23.8"" 24BA650-B.AWM IPS FHD 100 Hz ; Resolución 1920 x 1080, Brillo; 250 cd (típico) Tipo de panel IPS, Relación de aspecto 16:9. Gama de colores (Typ.) NTSC 72% (CIE1931),Brillo (Typ.) [cd/m²]250 Frecuencia de actualización (máx.) [Hz],100, Tiempo de respuesta 5ms (GtG at Faster), Ajustes de posición de la pantalla, Inclinación (eje horizontal)/ Altura/ Giro (eje vertical)/ Pivotable, Conectividad : KVM integrado, HDMI (x1), Conexión en cadena, (FHD/60Hz), DisplayPort , (Entrada x1 / Salida x1) USB-C, (x1), Salida de auriculares 3-Anillos (Solo Sonido) Puerto USB descendente (x4 / ver 3.0), Puerto USB ascendente  (x1/ver3.0), Montaje en pared 75 x 75mm,  un año de garantía, en centros de servicio LG autorizados.","Monitor LED Marca LG 23.8"" 24BA650-B.AWM IPS FHD 100 Hz ; Resolución 1920 x 1080, Brillo; 250 cd (típico) Tipo de panel IPS, Relación de aspecto 16:9. Gama de colores (Typ.) NTSC 72% (CIE1931),Brillo (Typ.) [cd/m²]250 Frecuencia de actualización (máx.) [Hz],100, Tiempo de respuesta 5ms (GtG at Faster), Ajustes de posición de la pantalla, Inclinación (eje horizontal)/ Altura/ Giro (eje vertical)/ Pivotable, Conectividad : KVM integrado, HDMI (x1), Conexión en cadena, (FHD/60Hz), DisplayPort , (Entrada x1 / Salida x1) USB-C, (x1), Salida de auriculares 3-Anillos (Solo Sonido) Puerto USB descendente (x4 / ver 3.0), Puerto USB ascendente  (x1/ver3.0), Montaje en pared 75 x 75mm,  un año de garantía, en centros de servicio LG autorizados.. Clave Oficial CT: MONLGE3110. Marca: CT.",COMPONENTES DE ENSAMBLE,monitores,CT,4535.79,88447.89,141516.63,141516.63,119404.66,119404.66,110559.87,106137.47,assets/img/catalog/monitores/MONLGE3110.jpg,assets/img/catalog/monitores/MONLGE3110.jpg,https://static.ctonline.mx/imagenes/MONLGE3110/MONLGE3110_400.jpg
MONLGE3130,"Monitor LED Marca LG 24""24BA750-B 23.8'' IPS FHD 100Hz ;Resolución 1920 x 1080, Tipo de panel IPS, Relación de aspecto 16:9, Gama de colores (típ.), sRGB 99 % (CIE1931) Brillo (típico) [cd/m²] 250, Frecuencia de actualización (máx.) 100 Hz, Tiempo de respuesta 5 ms (GtG en Faster),Ajustes de la posición de la pantalla, Inclinación/Altura/Giro/Pivote,  Conectividad HDMI(1), USB-C(1), Salida de auriculares 3 polos (solo sonido), USB-C (Transmisión de datos), Red local (RJ-45), Puerto de bajada USB 4x USB 3.2 de primera generación, Puerto ascendente USB 1x USB 3.2 de primera generación, Ajustes de la posición de la pantalla Inclinación/Altura/Giro/Pivote Diseño sin bordes Diseño prácticamente sin bordes en 3 lados, Montaje en pared 100 x 100mm,  Vocero 2 ancho x 2, un año de garantía, en centros de servicio LG autorizados.","Monitor LED Marca LG 24""24BA750-B 23.8'' IPS FHD 100Hz ;Resolución 1920 x 1080, Tipo de panel IPS, Relación de aspecto 16:9, Gama de colores (típ.), sRGB 99 % (CIE1931) Brillo (típico) [cd/m²] 250, Frecuencia de actualización (máx.) 100 Hz, Tiempo de respuesta 5 ms (GtG en Faster),Ajustes de la posición de la pantalla, Inclinación/Altura/Giro/Pivote,  Conectividad HDMI(1), USB-C(1), Salida de auriculares 3 polos (solo sonido), USB-C (Transmisión de datos), Red local (RJ-45), Puerto de bajada USB 4x USB 3.2 de primera generación, Puerto ascendente USB 1x USB 3.2 de primera generación, Ajustes de la posición de la pantalla Inclinación/Altura/Giro/Pivote Diseño sin bordes Diseño prácticamente sin bordes en 3 lados, Montaje en pared 100 x 100mm,  Vocero 2 ancho x 2, un año de garantía, en centros de servicio LG autorizados.. Clave Oficial CT: MONLGE3130. Marca: CT.",COMPONENTES DE ENSAMBLE,monitores,CT,4714.74,91937.37,147099.79,147099.79,124115.45,124115.45,114921.71,110324.84,assets/img/catalog/monitores/MONLGE3130.jpg,assets/img/catalog/monitores/MONLGE3130.jpg,https://static.ctonline.mx/imagenes/MONLGE3130/MONLGE3130_400.jpg
MONLGE2910,"Monitor LG  32"" , 32SR50F-W.AWM, Resolución 1920x1080, Tipo de panel IPS, Relación de aspecto 16:9,Gama de colores (Typ.) sRGB 99%Brillo (T yp.) [cd/m²] 250, Tiempo de respuesta 8ms(Typ), Ajustes de posición de la pantalla Inclinación, Ángulo de visión (CR≥10) 178º(R/L), 178º(U/D), Brillo (Typ.) [cd/m²]250, Relación de contraste (típ.), 1200:1,Gama de colores (Typ.), sRGB 99%, Brillo (mín.) [cd/m²]200,Bit de color 8bit (6bit+FRC), Tamaño [cm],80, Conectividad : HDMI 2, Puerto USB descendente (USB-A 2), Montaje en pared [mm], 100x100, un año de  garantía en centros de servicio LG autorizados en sitio.","Monitor LG  32"" , 32SR50F-W.AWM, Resolución 1920x1080, Tipo de panel IPS, Relación de aspecto 16:9,Gama de colores (Typ.) sRGB 99%Brillo (T yp.) [cd/m²] 250, Tiempo de respuesta 8ms(Typ), Ajustes de posición de la pantalla Inclinación, Ángulo de visión (CR≥10) 178º(R/L), 178º(U/D), Brillo (Typ.) [cd/m²]250, Relación de contraste (típ.), 1200:1,Gama de colores (Typ.), sRGB 99%, Brillo (mín.) [cd/m²]200,Bit de color 8bit (6bit+FRC), Tamaño [cm],80, Conectividad : HDMI 2, Puerto USB descendente (USB-A 2), Montaje en pared [mm], 100x100, un año de  garantía en centros de servicio LG autorizados en sitio.. Clave Oficial CT: MONLGE2910. Marca: CT.",COMPONENTES DE ENSAMBLE,monitores,CT,4862.11,94811.05,151697.68,151697.68,127994.92,127994.92,118513.82,113773.26,assets/img/catalog/monitores/MONLGE2910.jpg,assets/img/catalog/monitores/MONLGE2910.jpg,https://static.ctonline.mx/imagenes/MONLGE2910/MONLGE2910_400.jpg
MONLGE3120,"Monitor LED Marca LG 27"" 27BA650-B.AWM FHD IPS USB T.C ; Resolución 1920 x 1080, Tipo de panel IPS,  Relación de aspecto 16:09, Gama de colores (típ.) sRGB 99% (CIE1931) Brillo (Típ.) [cd/m²] 250 nits, Frecuencia de actualización (máx.) 100 Hz, Tiempo de respuesta 5 ms, Ajustes de posición de la pantalla Inclinación/Altura/Giratoria/Pivotante, Conectividad  KVM integrado, HDMI (1 ea),Cadena  (FHD/60Hz), DisplayPort  (Entrada 1a/Salida ea), Versión DP,1.4, Salida de auriculares 3-polos, 3.5 mm (Solo sonido), Puerto USB descendente  (4ea/ver3.0),Puerto USB ascendente (1ea/ver3.0),  Ajustes de posición de la pantalla Inclinación/Altura/Giratoria/Pivotante Montaje en pared 100 x 100mm,Diseño sin bordes Diseño de 3 caras prácticamente sin bordes, Altavoz 2W (x2), un año de garantía, en centros de servicio LG autorizados.","Monitor LED Marca LG 27"" 27BA650-B.AWM FHD IPS USB T.C ; Resolución 1920 x 1080, Tipo de panel IPS,  Relación de aspecto 16:09, Gama de colores (típ.) sRGB 99% (CIE1931) Brillo (Típ.) [cd/m²] 250 nits, Frecuencia de actualización (máx.) 100 Hz, Tiempo de respuesta 5 ms, Ajustes de posición de la pantalla Inclinación/Altura/Giratoria/Pivotante, Conectividad  KVM integrado, HDMI (1 ea),Cadena  (FHD/60Hz), DisplayPort  (Entrada 1a/Salida ea), Versión DP,1.4, Salida de auriculares 3-polos, 3.5 mm (Solo sonido), Puerto USB descendente  (4ea/ver3.0),Puerto USB ascendente (1ea/ver3.0),  Ajustes de posición de la pantalla Inclinación/Altura/Giratoria/Pivotante Montaje en pared 100 x 100mm,Diseño sin bordes Diseño de 3 caras prácticamente sin bordes, Altavoz 2W (x2), un año de garantía, en centros de servicio LG autorizados.. Clave Oficial CT: MONLGE3120. Marca: CT.",COMPONENTES DE ENSAMBLE,monitores,CT,5051.58,98505.79,157609.26,157609.26,132982.82,132982.82,123132.24,118206.95,assets/img/catalog/monitores/MONLGE3120.jpg,assets/img/catalog/monitores/MONLGE3120.jpg,https://static.ctonline.mx/imagenes/MONLGE3120/MONLGE3120_400.jpg
MONLGE3650,"Monitor marca LG  24"" 24U511SB-B.AWM , Resolución (1920 X 1080)  Full HD IPS ,  Pantalla  23.8 - Brillo (Típ.) [cd/m²],250 Pantalla - Frecuencia de actualización (máx.) [Hz],120, Pantalla - Tiempo de respuesta 5ms ,(GtG más rápido), Conectividad, HDMI(2ea), SONIDO conectividad Bluetooth ,  un año de garantía  en centros de servicio LG autorizados..","Monitor marca LG  24"" 24U511SB-B.AWM , Resolución (1920 X 1080)  Full HD IPS ,  Pantalla  23.8 - Brillo (Típ.) [cd/m²],250 Pantalla - Frecuencia de actualización (máx.) [Hz],120, Pantalla - Tiempo de respuesta 5ms ,(GtG más rápido), Conectividad, HDMI(2ea), SONIDO conectividad Bluetooth ,  un año de garantía  en centros de servicio LG autorizados... Clave Oficial CT: MONLGE3650. Marca: CT.",COMPONENTES DE ENSAMBLE,monitores,CT,2967.37,57863.68,92581.89,92581.89,78115.97,78115.97,72329.61,69436.42,assets/img/catalog/monitores/MONLGE3650.jpg,assets/img/catalog/monitores/MONLGE3650.jpg,https://static.ctonline.mx/imagenes/MONLGE3650/MONLGE3650_400.jpg
MONLGE3660,"Monitor marca LG  27"" 27U711B-B.AWM, Resolución 3840 x 2160, Tipo de Panel, IPS,  Ratio de Aspecto 4:09:00 PM  Tamaño del pixel [mm] 0.0518(H)*0.1554(V)  Brillo (Min.)[cd/m²], 240  Brillo (Tip.)[cd/m²], 300  Gama de Color (Min.) sRGB 86% (CIE1931)  Gama de Color (Tip.), sRGB 90% (CIE1931),  Ratio de Contraste (Min.),  700:1, Ratio de contraste(Tip.),  1000:1   Tiempo de respuesta  5ms (GtG at Faster)  Tasa de refresco (Max)[Hz]  60 Angulo de visión (CR≥10)  , 178º(R/L), 178º(U/D)u,  Conectividad :  HDMI(1ea), DisplayPort (1ea), Versión DP, 1.4, Salida para Auriculares 3-pole (Solo sonidun , Ajustes de posición de la pantalla, Tilt , montaje en pared [mm] 00 x 100 mm,  un año de garantía  en centros de servicio LG autorizados..","Monitor marca LG  27"" 27U711B-B.AWM, Resolución 3840 x 2160, Tipo de Panel, IPS,  Ratio de Aspecto 4:09:00 PM  Tamaño del pixel [mm] 0.0518(H)*0.1554(V)  Brillo (Min.)[cd/m²], 240  Brillo (Tip.)[cd/m²], 300  Gama de Color (Min.) sRGB 86% (CIE1931)  Gama de Color (Tip.), sRGB 90% (CIE1931),  Ratio de Contraste (Min.),  700:1, Ratio de contraste(Tip.),  1000:1   Tiempo de respuesta  5ms (GtG at Faster)  Tasa de refresco (Max)[Hz]  60 Angulo de visión (CR≥10)  , 178º(R/L), 178º(U/D)u,  Conectividad :  HDMI(1ea), DisplayPort (1ea), Versión DP, 1.4, Salida para Auriculares 3-pole (Solo sonidun , Ajustes de posición de la pantalla, Tilt , montaje en pared [mm] 00 x 100 mm,  un año de garantía  en centros de servicio LG autorizados... Clave Oficial CT: MONLGE3660. Marca: CT.",COMPONENTES DE ENSAMBLE,monitores,CT,4441.05,86600.53,138560.84,138560.84,116910.71,116910.71,108250.66,103920.63,assets/img/catalog/monitores/MONLGE3660.jpg,assets/img/catalog/monitores/MONLGE3660.jpg,https://static.ctonline.mx/imagenes/MONLGE3660/MONLGE3660_400.jpg
MONLGE3670,"Monitor marca LG  32"",32G620B-B.AWMQ,  Resolución 2560 x 1440, Paso de píxeles [mm] , 0.2727x0.2727 mm,  Profundidad de color (número de colores),  1.07B,  Ángulo de visión (CR≥10).  178º(R/L), 178º(U/D),  Brillo (Típ.) [cd/m²] ,  300 cd/m²,  Relación de contraste (típ.),  1200:1,  Gama de colores (típ.),  sRGB 99% (CIE1931),  Gama de colores (mín.) ,  sRGB 99% (CIE1931),  Frecuencia de actualización (máx.) [Hz] , 200,  Brillo (Mín.) [cd/m²], 240 cd/m²  Relación de contraste (mín.)  840:1 ,  Tamaño [cm] 80, Color Bit,  Conectividad : HDMI(2ea),  DisplayPort (1ea),  Versión DP  1.4, Salida de auriculares, 3 polos (solo sonido)10bit (8bit+Fun año de garantía  en centros de servicio LG autorizados..","Monitor marca LG  32"",32G620B-B.AWMQ,  Resolución 2560 x 1440, Paso de píxeles [mm] , 0.2727x0.2727 mm,  Profundidad de color (número de colores),  1.07B,  Ángulo de visión (CR≥10).  178º(R/L), 178º(U/D),  Brillo (Típ.) [cd/m²] ,  300 cd/m²,  Relación de contraste (típ.),  1200:1,  Gama de colores (típ.),  sRGB 99% (CIE1931),  Gama de colores (mín.) ,  sRGB 99% (CIE1931),  Frecuencia de actualización (máx.) [Hz] , 200,  Brillo (Mín.) [cd/m²], 240 cd/m²  Relación de contraste (mín.)  840:1 ,  Tamaño [cm] 80, Color Bit,  Conectividad : HDMI(2ea),  DisplayPort (1ea),  Versión DP  1.4, Salida de auriculares, 3 polos (solo sonido)10bit (8bit+Fun año de garantía  en centros de servicio LG autorizados... Clave Oficial CT: MONLGE3670. Marca: CT.",COMPONENTES DE ENSAMBLE,monitores,CT,4283.16,83521.58,133634.53,133634.53,112754.13,112754.13,104401.97,100225.89,assets/img/catalog/monitores/MONLGE3670.jpg,assets/img/catalog/monitores/MONLGE3670.jpg,https://static.ctonline.mx/imagenes/MONLGE3670/MONLGE3670_400.jpg
MONLGE3680,"Monitor marca LG  34"", 34G630A-B.AWMQ,  Resolución 3440 x 1440, Paso de píxeles [mm] 0.2317 x 0.2317 mm, Profundidad de color (número de colores) 1,07B, Ángulo de visión (CR≥10), 178º(R/L), 178º(U/D), Brillo (Typ.) [cd/m²], DCI-P3 95% (CIE1976), Relación de contraste (típ.), 4000:1, Gama de colores (Typ.), DCI-P3 95% (CIE1976), Gama de colores (mín.), DCI-P3 90% (CIE1976), Frecuencia de actualización (máx.) [Hz], 240, Brillo (mín.) [cd/m²], 250, Relación Contraste (Min.), 3200:1, Bit de color  10bit (8bit+FRC) ,  Tamaño [cm]  86.4,  Conectividad :  HDMI   (x2),  DisplayPort   (x1),  Versión DP  1.4,  USB-C , 1.4 , Salida de auriculares 3 Anillos (Solo Sonido), 
Thunderbolt (Transmisión de energía),   (1 Subida / 2 Bajada),  Puerto USB descendente ,  (x2 /ver3.2 Gen1) ,  Puerto USB ascendente,  (x2 /ver3.2 Gen1),  USB-C (Transmisión de datos), USB-C (Resolución máx. en Hz) , 3440 x 1440@240Hz, USB-C (Transmisión de energía),  15 W,  Ajustes de posición de la pantalla  Inclinación (eje horizontal) / Altura / Giro (eje vertical), Diseño sin bordes  3 Lados con Diseño de Marcos Ultrafinos Montaje en pared  mm] 100 x 100, un año de garantía  en centros de servicio LG autorizados..","Monitor marca LG  34"", 34G630A-B.AWMQ,  Resolución 3440 x 1440, Paso de píxeles [mm] 0.2317 x 0.2317 mm, Profundidad de color (número de colores) 1,07B, Ángulo de visión (CR≥10), 178º(R/L), 178º(U/D), Brillo (Typ.) [cd/m²], DCI-P3 95% (CIE1976), Relación de contraste (típ.), 4000:1, Gama de colores (Typ.), DCI-P3 95% (CIE1976), Gama de colores (mín.), DCI-P3 90% (CIE1976), Frecuencia de actualización (máx.) [Hz], 240, Brillo (mín.) [cd/m²], 250, Relación Contraste (Min.), 3200:1, Bit de color  10bit (8bit+FRC) ,  Tamaño [cm]  86.4,  Conectividad :  HDMI   (x2),  DisplayPort   (x1),  Versión DP  1.4,  USB-C , 1.4 , Salida de auriculares 3 Anillos (Solo Sonido), 
Thunderbolt (Transmisión de energía),   (1 Subida / 2 Bajada),  Puerto USB descendente ,  (x2 /ver3.2 Gen1) ,  Puerto USB ascendente,  (x2 /ver3.2 Gen1),  USB-C (Transmisión de datos), USB-C (Resolución máx. en Hz) , 3440 x 1440@240Hz, USB-C (Transmisión de energía),  15 W,  Ajustes de posición de la pantalla  Inclinación (eje horizontal) / Altura / Giro (eje vertical), Diseño sin bordes  3 Lados con Diseño de Marcos Ultrafinos Montaje en pared  mm] 100 x 100, un año de garantía  en centros de servicio LG autorizados... Clave Oficial CT: MONLGE3680. Marca: CT.",COMPONENTES DE ENSAMBLE,monitores,CT,6177.89,120468.95,192750.32,192750.32,162633.08,162633.08,150586.18,144562.74,assets/img/catalog/monitores/MONLGE3680.jpg,assets/img/catalog/monitores/MONLGE3680.jpg,https://static.ctonline.mx/imagenes/MONLGE3680/MONLGE3680_400.jpg
MONLGE3690,"Monitor marca LG  32"", 32U889SA-W.AWM,  Pantalla - Tamaño [pulgadas]31.5, Pantalla - Resolución ,3840 x 2160,Pantalla - Tipo de panel, IPS  Pantalla - Relación de aspecto, 16:9, Pantalla - Gama de colores (típ.),DCI-P3,95% ,Pantalla - Brillo (Típ.) [cd/m²],350, Pantalla - Frecuencia de actualización (máx.) [Hz] 60 ,Pantalla - Tiempo de respuesta,5ms (GtG at Faster),Mecánico - Ajustes de posición de la pantalla,Tilt/Height/Swivel/Pivot un  Conectividad, HDMI(2ea),USB-C ,(3ea),Puerto USB descendente, (USB-C, 2ea),Puerto USB ascendente, (USB-C, 1ea),USB-C (Transmisión de datos),USB-C (Resolución máx. en Hz),2.2,USB-C (Power Delivery),65W, Ajustes de posición de la pantalla  Tilt/Height/Swivel/Pivot, Montaje en pared [mm]100 x 100 mm,SONIDO ltavoz,5W x2,Conectividad Bluetooth, ,año de garantía  en centros de servicio LG autorizados..","Monitor marca LG  32"", 32U889SA-W.AWM,  Pantalla - Tamaño [pulgadas]31.5, Pantalla - Resolución ,3840 x 2160,Pantalla - Tipo de panel, IPS  Pantalla - Relación de aspecto, 16:9, Pantalla - Gama de colores (típ.),DCI-P3,95% ,Pantalla - Brillo (Típ.) [cd/m²],350, Pantalla - Frecuencia de actualización (máx.) [Hz] 60 ,Pantalla - Tiempo de respuesta,5ms (GtG at Faster),Mecánico - Ajustes de posición de la pantalla,Tilt/Height/Swivel/Pivot un  Conectividad, HDMI(2ea),USB-C ,(3ea),Puerto USB descendente, (USB-C, 2ea),Puerto USB ascendente, (USB-C, 1ea),USB-C (Transmisión de datos),USB-C (Resolución máx. en Hz),2.2,USB-C (Power Delivery),65W, Ajustes de posición de la pantalla  Tilt/Height/Swivel/Pivot, Montaje en pared [mm]100 x 100 mm,SONIDO ltavoz,5W x2,Conectividad Bluetooth, ,año de garantía  en centros de servicio LG autorizados... Clave Oficial CT: MONLGE3690. Marca: CT.",COMPONENTES DE ENSAMBLE,monitores,CT,12756.84,248758.42,398013.47,398013.47,335823.87,335823.87,310948.03,298510.11,assets/img/catalog/monitores/MONLGE3690.jpg,assets/img/catalog/monitores/MONLGE3690.jpg,https://static.ctonline.mx/imagenes/MONLGE3690/MONLGE3690_400.jpg
MONLGE3030,"Monitor LG 27"" 27US500 IPS 4K UHD UltraFine™Resolución 3840 x 2160,Tipo de panel IPS, Relación de aspecto 16:9,Gama de colores (típ.)DCI-P3 90% (CIE1976), Brillo (Típ.) [cd/m²]300, Frecuencia de actualización (máx.) [Hz]  60 Tiempo de respuesta 5ms (GtG at Faster),Ajustes de posición de la pantalla Tilt, Conectividad : HDMI(2),DisplayPort (1), Salida de auriculares 3-pole (Sound Only), Montaje en pared 100 x 100 mm, Accesorios :  cable HDMI cable de alimentación, un año de garantía en centros de servicio LG autorizados en sitio.","Monitor LG 27"" 27US500 IPS 4K UHD UltraFine™Resolución 3840 x 2160,Tipo de panel IPS, Relación de aspecto 16:9,Gama de colores (típ.)DCI-P3 90% (CIE1976), Brillo (Típ.) [cd/m²]300, Frecuencia de actualización (máx.) [Hz]  60 Tiempo de respuesta 5ms (GtG at Faster),Ajustes de posición de la pantalla Tilt, Conectividad : HDMI(2),DisplayPort (1), Salida de auriculares 3-pole (Sound Only), Montaje en pared 100 x 100 mm, Accesorios :  cable HDMI cable de alimentación, un año de garantía en centros de servicio LG autorizados en sitio.. Clave Oficial CT: MONLGE3030. Marca: CT.",COMPONENTES DE ENSAMBLE,monitores,CT,5125.26,99942.63,159908.21,159908.21,134922.55,134922.55,124928.29,119931.16,assets/img/catalog/monitores/MONLGE3030.jpg,assets/img/catalog/monitores/MONLGE3030.jpg,https://static.ctonline.mx/imagenes/MONLGE3030/MONLGE3030_400.jpg
MONLGE3220,"Monitor LED Marca LG 32"" 32GS60QC-B,Resolución 2560 x 1440, Tipo de panel VA, Relación de aspecto 16:9, Gama de colores (Typ.), sRGB 99% (CIE1931) , Brillo (Typ.) [cd/m²], 300, Curvatura 1000R, Frecuencia de actualización máx.) 180 Hz, Tiempo de respuesta  1ms (GtG at Faster), Ajustes de posición de la pantalla, Inclinación (eje horizontal), Conectividad : HDMI  (x2),DisplayPort (x1), Versión DP 1.4, Salida de auriculares 3-Anillos Solo Sonido), Ajustes de posición de la pantalla Inclinación (eje horizontal), Diseño sin bordes, 3 lados con Diseño de Marcos Ultrafinos, Montaje en pared  100 x 100mm, Accesorio Cable de alimentación, egro / 1.0m, Un año de garantía, en centros de servicio LG autorizados.","Monitor LED Marca LG 32"" 32GS60QC-B,Resolución 2560 x 1440, Tipo de panel VA, Relación de aspecto 16:9, Gama de colores (Typ.), sRGB 99% (CIE1931) , Brillo (Typ.) [cd/m²], 300, Curvatura 1000R, Frecuencia de actualización máx.) 180 Hz, Tiempo de respuesta  1ms (GtG at Faster), Ajustes de posición de la pantalla, Inclinación (eje horizontal), Conectividad : HDMI  (x2),DisplayPort (x1), Versión DP 1.4, Salida de auriculares 3-Anillos Solo Sonido), Ajustes de posición de la pantalla Inclinación (eje horizontal), Diseño sin bordes, 3 lados con Diseño de Marcos Ultrafinos, Montaje en pared  100 x 100mm, Accesorio Cable de alimentación, egro / 1.0m, Un año de garantía, en centros de servicio LG autorizados.. Clave Oficial CT: MONLGE3220. Marca: CT.",COMPONENTES DE ENSAMBLE,monitores,CT,3683.16,71821.58,114914.53,114914.53,96959.13,96959.13,89776.97,86185.89,assets/img/catalog/monitores/MONLGE3220.jpg,assets/img/catalog/monitores/MONLGE3220.jpg,https://static.ctonline.mx/imagenes/MONLGE3220/MONLGE3220_400.jpg
MONLGE3140,"Monitor LED Marca LG 27""27BA750-B 23.8'' IPS FHD 100Hz ;Resolución 1920 x 1080, Tipo de panel IPS, Relación de aspecto 16:9,Gama de colores (típ.),sRGB 99% (CIE1931), Brillo (Típ.) [cd/m²]250 ,Frecuencia de Actualización (máx.)100Hz, Tiempo de respuesta 5ms (GtG at Faster), Ajustes de posición de la pantalla Inclinación/altura/giro/pivotante, Conectividad KVM integrado, HDMI (1) ,USB-C (1 ), Salida de auriculares 3-polos (Solo sonido), DisplayPort (1), LAN (RJ-45), (Entrada 1 ea / Salida 1 ea), Puerto USB descendente 4x USB3.2 Gen1,Puerto USB ascendente1x USB3.2 Gen1, Ajustes de posición de la pantalla Inclinación/altura/giro/pivotante ,Montaje en pared 100 x 100mm, Diseño sin bordes Diseño de 3 caras prácticamente sin bordes, Altavoz 2W (x2), un año de garantía, en centros de servicio LG autorizados.","Monitor LED Marca LG 27""27BA750-B 23.8'' IPS FHD 100Hz ;Resolución 1920 x 1080, Tipo de panel IPS, Relación de aspecto 16:9,Gama de colores (típ.),sRGB 99% (CIE1931), Brillo (Típ.) [cd/m²]250 ,Frecuencia de Actualización (máx.)100Hz, Tiempo de respuesta 5ms (GtG at Faster), Ajustes de posición de la pantalla Inclinación/altura/giro/pivotante, Conectividad KVM integrado, HDMI (1) ,USB-C (1 ), Salida de auriculares 3-polos (Solo sonido), DisplayPort (1), LAN (RJ-45), (Entrada 1 ea / Salida 1 ea), Puerto USB descendente 4x USB3.2 Gen1,Puerto USB ascendente1x USB3.2 Gen1, Ajustes de posición de la pantalla Inclinación/altura/giro/pivotante ,Montaje en pared 100 x 100mm, Diseño sin bordes Diseño de 3 caras prácticamente sin bordes, Altavoz 2W (x2), un año de garantía, en centros de servicio LG autorizados.. Clave Oficial CT: MONLGE3140. Marca: CT.",COMPONENTES DE ENSAMBLE,monitores,CT,5283.16,103021.58,164834.53,164834.53,139079.13,139079.13,128776.97,123625.89,assets/img/catalog/monitores/MONLGE3140.jpg,assets/img/catalog/monitores/MONLGE3140.jpg,https://static.ctonline.mx/imagenes/MONLGE3140/MONLGE3140_400.jpg
MONLGE3620,"Monitor marca LG 34"" 34U601B-B.AWMQ  Resolución 3440 x 1440, Frecuencia de actualización 120 Hz, Tiempo de respuesta (GTG),5 ms (GtG a mayor velocidad), PPI 110 Profundidad de color (Número de colores)16,7, millones Relación de aspecto 21:9, Brillo (típico, mínimo) (Típ.) 250 cd/m² (Mín.) 200 cd/m²,  Gama de colores (típica) sRGB 99% (CIE1931), Relación de contraste 3000:1, Tipo de visualización, Virginia, Paso de píxeles (mm), 0,2318 x 0,2318, Ángulo de visión, 178º(D/I), 178º(Arriba/Abajo) , Entrada/Salida DisplayPort x 1, HDMI x 1,DisplayPort versión 1.4,Versión HDMI 2.0, Pararse Ajustes de posición de la pantalla, Inclinación, Tamaño del soporte de pared (mm),100 x 100 mm, Fuerza Apagado de CC (máx.),Menos de 0,3 W, Aporte,  un año de garantía  en centros de servicio LG autorizados..","Monitor marca LG 34"" 34U601B-B.AWMQ  Resolución 3440 x 1440, Frecuencia de actualización 120 Hz, Tiempo de respuesta (GTG),5 ms (GtG a mayor velocidad), PPI 110 Profundidad de color (Número de colores)16,7, millones Relación de aspecto 21:9, Brillo (típico, mínimo) (Típ.) 250 cd/m² (Mín.) 200 cd/m²,  Gama de colores (típica) sRGB 99% (CIE1931), Relación de contraste 3000:1, Tipo de visualización, Virginia, Paso de píxeles (mm), 0,2318 x 0,2318, Ángulo de visión, 178º(D/I), 178º(Arriba/Abajo) , Entrada/Salida DisplayPort x 1, HDMI x 1,DisplayPort versión 1.4,Versión HDMI 2.0, Pararse Ajustes de posición de la pantalla, Inclinación, Tamaño del soporte de pared (mm),100 x 100 mm, Fuerza Apagado de CC (máx.),Menos de 0,3 W, Aporte,  un año de garantía  en centros de servicio LG autorizados... Clave Oficial CT: MONLGE3620. Marca: CT.",COMPONENTES DE ENSAMBLE,monitores,CT,4525.26,88242.63,141188.21,141188.21,119127.55,119127.55,110303.29,105891.16,assets/img/catalog/monitores/MONLGE3620.jpg,assets/img/catalog/monitores/MONLGE3620.jpg,https://static.ctonline.mx/imagenes/MONLGE3620/MONLGE3620_400.jpg
MONLGE3570,"Monitor marca LG 34"" modelo, 34SR60QC-B , Monitor LG Smart 34” 21:9 Curvo WQHD (3440x1440) con webOS, Pantalla - Resolución 3440 x 1440, Pantalla - Tipo de panel  VA, Pantalla - Relación de aspecto,'21:9, Pantalla -Gama de colores (típ.), sRGB 99% (CIE1931), Pantalla - Brillo (Típ.) [cd/m²], '300, Pantalla - Curvatura, 1800R, Pantalla - Frecuencia de actualización (máx.) [Hz],'100, Pantalla - Tiempo de respuesta, 5ms, Mecánico - Ajustesde posición de la pantalla, Inclinación , Ajustes de posición de la pantalla Inclinación Montaje en pared , 100 x 100 mm, SONIDO altavoz,7W x 2 Conectividad Bluetooth , año de garantia  en centros de servicio LG autorizados..","Monitor marca LG 34"" modelo, 34SR60QC-B , Monitor LG Smart 34” 21:9 Curvo WQHD (3440x1440) con webOS, Pantalla - Resolución 3440 x 1440, Pantalla - Tipo de panel  VA, Pantalla - Relación de aspecto,'21:9, Pantalla -Gama de colores (típ.), sRGB 99% (CIE1931), Pantalla - Brillo (Típ.) [cd/m²], '300, Pantalla - Curvatura, 1800R, Pantalla - Frecuencia de actualización (máx.) [Hz],'100, Pantalla - Tiempo de respuesta, 5ms, Mecánico - Ajustesde posición de la pantalla, Inclinación , Ajustes de posición de la pantalla Inclinación Montaje en pared , 100 x 100 mm, SONIDO altavoz,7W x 2 Conectividad Bluetooth , año de garantia  en centros de servicio LG autorizados... Clave Oficial CT: MONLGE3570. Marca: CT.",COMPONENTES DE ENSAMBLE,monitores,CT,5598.95,109179.47,174687.16,174687.16,147392.29,147392.29,136474.34,131015.37,assets/img/catalog/monitores/MONLGE3570.jpg,assets/img/catalog/monitores/MONLGE3570.jpg,https://static.ctonline.mx/imagenes/MONLGE3570/MONLGE3570_400.jpg
MONLGE3580,"Monitor marca LG UltraGear Curvo WQHD de 34"", MOD.34G600A-B,  FreeSync™ Premium,Resolución 3440 x 1440, Relación de aspecto 21:9,  Tipo de panel  VA, Tiempo de respuesta, 5ms (GtG más rápido), 1ms MBR , Paso de píxeles  0.07725 ×0.23175mm, Profundidad de color (número de colores),16.7M, Ángulo de visión (CR≥10),178º(R/L), 178º(U/D),Brillo (Típ.) [cd/m²] 300cd/m², Relación de contraste (típ.) 4000:1, Gama de colores (típ.),sRGB 99% (CIE1931) Curvatura 1800R, Gama de colores (mín.), 4000:1 Frecuencia de actualización (máx.)  160 HZ,Brillo (Mín.) [cd/m²] 240cd/m² Relación de contraste (mín.) 3200:1, Tamaño [cm], 86.35 CONECTIVIDAD: HDMI 2ea), DisplayPort 1(ea), Versión DP 1.4, Salida de auriculares 3 polos (Solo sonido), Ajustes de posición de la pantalla Inclinación/Altura/Giro, Montaje en pared 100 x 100mm .año de garantia  en centros de servicio LG autorizados..","Monitor marca LG UltraGear Curvo WQHD de 34"", MOD.34G600A-B,  FreeSync™ Premium,Resolución 3440 x 1440, Relación de aspecto 21:9,  Tipo de panel  VA, Tiempo de respuesta, 5ms (GtG más rápido), 1ms MBR , Paso de píxeles  0.07725 ×0.23175mm, Profundidad de color (número de colores),16.7M, Ángulo de visión (CR≥10),178º(R/L), 178º(U/D),Brillo (Típ.) [cd/m²] 300cd/m², Relación de contraste (típ.) 4000:1, Gama de colores (típ.),sRGB 99% (CIE1931) Curvatura 1800R, Gama de colores (mín.), 4000:1 Frecuencia de actualización (máx.)  160 HZ,Brillo (Mín.) [cd/m²] 240cd/m² Relación de contraste (mín.) 3200:1, Tamaño [cm], 86.35 CONECTIVIDAD: HDMI 2ea), DisplayPort 1(ea), Versión DP 1.4, Salida de auriculares 3 polos (Solo sonido), Ajustes de posición de la pantalla Inclinación/Altura/Giro, Montaje en pared 100 x 100mm .año de garantia  en centros de servicio LG autorizados... Clave Oficial CT: MONLGE3580. Marca: CT.",COMPONENTES DE ENSAMBLE,monitores,CT,7704.21,150232.11,240371.37,240371.37,202813.34,202813.34,187790.13,180278.53,assets/img/catalog/monitores/MONLGE3580.jpg,assets/img/catalog/monitores/MONLGE3580.jpg,https://static.ctonline.mx/imagenes/MONLGE3580/MONLGE3580_400.jpg
MONLGE2630,"Monitor LED Marca LG 34"" 34GP63A CURVED ULTRAGEAR QHD ; Resolución 3440x1440, Brillo; 300 cd (típico) / 240 cd (mín.), Relación de contraste 3000:1 (típico), 3000:1 (mínimo) Ángulo de visión 178˚ (Derecha/Izquierda), 178˚ (U/D); Tiempo de respuesta (GTG) 5ms (GtG a mayor velocidad), Frecuencia de actualización 160Hz; audio ( Salida de los altavoces7 anchos x 2) Salida de auriculares 3 polos (solo sonido); Ajustes de posición de visualización Inclinación / Altura; Conectividad : HDMI (2) , DisplayPort (1) , un año de garantia, en centros de servicio LG autorizados.","Monitor LED Marca LG 34"" 34GP63A CURVED ULTRAGEAR QHD ; Resolución 3440x1440, Brillo; 300 cd (típico) / 240 cd (mín.), Relación de contraste 3000:1 (típico), 3000:1 (mínimo) Ángulo de visión 178˚ (Derecha/Izquierda), 178˚ (U/D); Tiempo de respuesta (GTG) 5ms (GtG a mayor velocidad), Frecuencia de actualización 160Hz; audio ( Salida de los altavoces7 anchos x 2) Salida de auriculares 3 polos (solo sonido); Ajustes de posición de visualización Inclinación / Altura; Conectividad : HDMI (2) , DisplayPort (1) , un año de garantia, en centros de servicio LG autorizados.. Clave Oficial CT: MONLGE2630. Marca: CT.",COMPONENTES DE ENSAMBLE,monitores,CT,7704.21,150232.11,240371.37,240371.37,202813.34,202813.34,187790.13,180278.53,assets/img/catalog/monitores/MONLGE2630.jpg,assets/img/catalog/monitores/MONLGE2630.jpg,https://static.ctonline.mx/imagenes/MONLGE2630/MONLGE2630_400.jpg
MONLGE3500,"Monitor LG UHD 4K HDR de 31.5"" 32UR500K-B.AWM, Resolución 3840 x 2160,  Tipo de panel  Relación de aspecto, 16:9,  Gama de colores (típ.) DCI-P3 90% (CIE1976), Brillo (Típ.) [cd/m²],250,  Frecuencia de actualización máx.) 60Hz, Tiempo de respuesta 4ms (GtG at Faster), Ajustes de posición de la pantalla  Inclinación; Conectividad : HDMI (1) ,DisplayPort,(1 ),Versión DP,1.4 , Salida de auriculares 3-polos (Solo sonido), SONIDO Altavoz,  (5W x 2), Maxx Audio ,Ajustes de posición de la pantalla ,Inclinación Montaje en pared 100 x 100 mm,  Accesorio HDMI  (2 ), Un año de garantía en centros de servicio LG autorizado","Monitor LG UHD 4K HDR de 31.5"" 32UR500K-B.AWM, Resolución 3840 x 2160,  Tipo de panel  Relación de aspecto, 16:9,  Gama de colores (típ.) DCI-P3 90% (CIE1976), Brillo (Típ.) [cd/m²],250,  Frecuencia de actualización máx.) 60Hz, Tiempo de respuesta 4ms (GtG at Faster), Ajustes de posición de la pantalla  Inclinación; Conectividad : HDMI (1) ,DisplayPort,(1 ),Versión DP,1.4 , Salida de auriculares 3-polos (Solo sonido), SONIDO Altavoz,  (5W x 2), Maxx Audio ,Ajustes de posición de la pantalla ,Inclinación Montaje en pared 100 x 100 mm,  Accesorio HDMI  (2 ), Un año de garantía en centros de servicio LG autorizado. Clave Oficial CT: MONLGE3500. Marca: CT.",COMPONENTES DE ENSAMBLE,monitores,CT,8213.68,160166.84,256266.95,256266.95,216225.24,216225.24,200208.55,192200.21,assets/img/catalog/monitores/MONLGE3500.jpg,assets/img/catalog/monitores/MONLGE3500.jpg,https://static.ctonline.mx/imagenes/MONLGE3500/MONLGE3500_400.jpg
MONLGE3550,"Monitor marca LG de 27'', Modelo  27GX704A-B-  Monitor 27"" OLED ,Resolución 2560 x 1440,  Paso de píxeles 0.2292 x 0.2292 mm, Profundidad de color (número de colores)1.07B,Ángulo de visión (CR≥10) 178º(R/L),78º(U/D)Brillo (Típ.) [cd/m²], 275cd/m² Relación de contraste (típ.),1500000:1 Gama de colores (típ.), DCI-P3 98.5% (CIE1976), Gama de colores (mín.) DCI-P3 90.0% (CIE1976), Frecuencia de actualización (máx.) [Hz] 240 ,Brillo (Mín.)[cd/m²] 250cd/m²,Relación de contraste (mín.)1200000:1 Tamaño [cm] 67.32, CONECTIVIDAD : Entrada de audio  (1ea/ver3.2 Gen1),D-Sub DVI-D,HDMI ,DisplayPort  (1ea) Versión DP 1.4 Thunderbolt 2.3 Entrada de micrófono (2ea/ver3.2 Gen1),Puerto USB descendente,(2ea/ver3.2 Gen1),Puerto USB ascendente, (1ea/ver3.2 Gen1)   Ajustes de posición de la pantalla Inclinación/Altura/Giro/Eje,Montaje en pared 100 x 100 mm, Garantia 1 año en centros de servicio LG autorizado","Monitor marca LG de 27'', Modelo  27GX704A-B-  Monitor 27"" OLED ,Resolución 2560 x 1440,  Paso de píxeles 0.2292 x 0.2292 mm, Profundidad de color (número de colores)1.07B,Ángulo de visión (CR≥10) 178º(R/L),78º(U/D)Brillo (Típ.) [cd/m²], 275cd/m² Relación de contraste (típ.),1500000:1 Gama de colores (típ.), DCI-P3 98.5% (CIE1976), Gama de colores (mín.) DCI-P3 90.0% (CIE1976), Frecuencia de actualización (máx.) [Hz] 240 ,Brillo (Mín.)[cd/m²] 250cd/m²,Relación de contraste (mín.)1200000:1 Tamaño [cm] 67.32, CONECTIVIDAD : Entrada de audio  (1ea/ver3.2 Gen1),D-Sub DVI-D,HDMI ,DisplayPort  (1ea) Versión DP 1.4 Thunderbolt 2.3 Entrada de micrófono (2ea/ver3.2 Gen1),Puerto USB descendente,(2ea/ver3.2 Gen1),Puerto USB ascendente, (1ea/ver3.2 Gen1)   Ajustes de posición de la pantalla Inclinación/Altura/Giro/Eje,Montaje en pared 100 x 100 mm, Garantia 1 año en centros de servicio LG autorizado. Clave Oficial CT: MONLGE3550. Marca: CT.",COMPONENTES DE ENSAMBLE,monitores,CT,10125.26,197442.63,315908.21,315908.21,266547.55,266547.55,246803.29,236931.16,assets/img/catalog/monitores/MONLGE3550.jpg,assets/img/catalog/monitores/MONLGE3550.jpg,https://static.ctonline.mx/imagenes/MONLGE3550/MONLGE3550_400.jpg
MONLGE2950,"Monitor LG  Monitor gaming OLED UltraGear™ de 27'' 27GS95QE, Tamaño [pulgadas] 26.5 Resolución 2560 x 1440, Tipo de panel OLED ,Relación de aspecto 16:9, Gama de colores (típ.) DCI-P3 98.5% (CIE1976),Brillo (Típ.) [cd/m²] 275cd/m², Frecuencia de actualización (máx.) 240HZ,Tiempo de respuesta 0.03ms (GTG), Profundidad de color (número de colores) 1.07B, Ángulo de visión (CR≥10),178º(R/L), 178º(U/D),Brillo (Típ.) [cd/m²], 275cd/m², Relación de contraste (típ.) 1500000:1 ,Gama de colores (típ.) DCI-P3 98.5% (CIE1976) Gama de colores (mín.) DCI-P3 90.0% (CIE1976), Frecuencia de actualización (máx.) [Hz] 240 Brillo (Mín.) [cd/m²] 250cd/m² Relación de contraste (mín.) 1200000:1,Tamaño [cm] 67.3; CONECTIVIDAD : HDMI(2ea),DisplayPort(1ea), Puerto USB descendente(2ea/ver3.0), soporte vesa 100*100,1 año de garantía en centros de servicio autorizados en sitio","Monitor LG  Monitor gaming OLED UltraGear™ de 27'' 27GS95QE, Tamaño [pulgadas] 26.5 Resolución 2560 x 1440, Tipo de panel OLED ,Relación de aspecto 16:9, Gama de colores (típ.) DCI-P3 98.5% (CIE1976),Brillo (Típ.) [cd/m²] 275cd/m², Frecuencia de actualización (máx.) 240HZ,Tiempo de respuesta 0.03ms (GTG), Profundidad de color (número de colores) 1.07B, Ángulo de visión (CR≥10),178º(R/L), 178º(U/D),Brillo (Típ.) [cd/m²], 275cd/m², Relación de contraste (típ.) 1500000:1 ,Gama de colores (típ.) DCI-P3 98.5% (CIE1976) Gama de colores (mín.) DCI-P3 90.0% (CIE1976), Frecuencia de actualización (máx.) [Hz] 240 Brillo (Mín.) [cd/m²] 250cd/m² Relación de contraste (mín.) 1200000:1,Tamaño [cm] 67.3; CONECTIVIDAD : HDMI(2ea),DisplayPort(1ea), Puerto USB descendente(2ea/ver3.0), soporte vesa 100*100,1 año de garantía en centros de servicio autorizados en sitio. Clave Oficial CT: MONLGE2950. Marca: CT.",COMPONENTES DE ENSAMBLE,monitores,CT,16441.05,320600.53,512960.84,512960.84,432810.71,432810.71,400750.66,384720.63,assets/img/catalog/monitores/MONLGE2950.jpg,assets/img/catalog/monitores/MONLGE2950.jpg,https://static.ctonline.mx/imagenes/MONLGE2950/MONLGE2950_400.jpg
MONLGE3460,"MONITOR LG, 39"" 39GX90SA ULTRAG GAMING OLED WQ, Resolución 2560 x 1440, Brillo (Típ.) [cd/m²] 275 cd/m², Brillo (Mín.) [cd/m²],250 cd/m², Relación de aspecto 16:9 , Paso de píxeles 0.2292 × 0.2292mm, Color Bit 8-bit/ 10-bit,Gama de colores (típ.), DCI-P3 98.5% (CIE1976),  Tratamiento de superficies , Antideslumbrante, baja reflexión del polarizador frontal , Tiempo de respuesta 0.03ms (GtG), Ángulo de visión (CR≥10), 178˚(I/D), 178˚(A/D), Frecuencia de actualización (máx.) [Hz], 480Hz, CONECTIVIDAD  HDMI ,DisplayPort, Versión DP 2.1 Salida de auriculares, Puerto USB descendente, Puerto USB ascendente,  Ajustes de posición de la pantalla Inclinación/Altura/Giratorio/Pivotante, Montaje en pared  100 x 100mm, Soporte OneClick, ACCESORIO Puerto de pantalla, HDMI, USB A  B, Altavoz 7 W x 2, un año de garantía en centros  de servicio LG autorizados","MONITOR LG, 39"" 39GX90SA ULTRAG GAMING OLED WQ, Resolución 2560 x 1440, Brillo (Típ.) [cd/m²] 275 cd/m², Brillo (Mín.) [cd/m²],250 cd/m², Relación de aspecto 16:9 , Paso de píxeles 0.2292 × 0.2292mm, Color Bit 8-bit/ 10-bit,Gama de colores (típ.), DCI-P3 98.5% (CIE1976),  Tratamiento de superficies , Antideslumbrante, baja reflexión del polarizador frontal , Tiempo de respuesta 0.03ms (GtG), Ángulo de visión (CR≥10), 178˚(I/D), 178˚(A/D), Frecuencia de actualización (máx.) [Hz], 480Hz, CONECTIVIDAD  HDMI ,DisplayPort, Versión DP 2.1 Salida de auriculares, Puerto USB descendente, Puerto USB ascendente,  Ajustes de posición de la pantalla Inclinación/Altura/Giratorio/Pivotante, Montaje en pared  100 x 100mm, Soporte OneClick, ACCESORIO Puerto de pantalla, HDMI, USB A  B, Altavoz 7 W x 2, un año de garantía en centros  de servicio LG autorizados. Clave Oficial CT: MONLGE3460. Marca: CT.",COMPONENTES DE ENSAMBLE,monitores,CT,19125.26,372942.63,596708.21,596708.21,503472.55,503472.55,466178.29,447531.16,assets/img/catalog/monitores/MONLGE3460.jpg,assets/img/catalog/monitores/MONLGE3460.jpg,https://static.ctonline.mx/imagenes/MONLGE3460/MONLGE3460_400.jpg
MONLGE3520,"MONITOR LG 45"" 45GX90SA GAMING OLED GX9S 240HZ, Resolución 3440 x 1440, HDR 10, Profundidad de color (número de colores) 1.07B Ángulo de visión (CR≥10), 178º(R/L), 178º(U/D) Brillo (Típ.) [cd/m²] 275cd/m², Relación de contraste (típ.) 1500000:1 Gama de colores (típ.),  DCI-P3 98.5% (CIE1976), Curvatura 800R Gama de colores (mín.) DCI-P3 94% (CIE1976), Frecuencia de actualización (máx.) [Hz], 240 Brillo (Mín.) [cd/m²], 250cd/m² Relación  contraste (mín.) 1200000:1 Tamaño [cm], 113 , Tiempo de respuesta 0.03ms (GtG),  CONECTIVIDAD: HDMI (x2), DisplayPort  (x1), Versión DP  1.4 (DSC),USB-C  (x1),Salida de auriculares, 3 Anillos (Solo sonido),LAN (RJ-45), Puerto USB descendente,  (x2 /ver2.0), Puerto USB ascendente  (vía USB-C),USB-C (Transmisión de datos),USB-C (Resolución máx. en Hz),3440 x 1440 a 240 Hz, USB-C (Transmisión de energía)65 W  año de garantía en centros  de servicio LG autorizados","MONITOR LG 45"" 45GX90SA GAMING OLED GX9S 240HZ, Resolución 3440 x 1440, HDR 10, Profundidad de color (número de colores) 1.07B Ángulo de visión (CR≥10), 178º(R/L), 178º(U/D) Brillo (Típ.) [cd/m²] 275cd/m², Relación de contraste (típ.) 1500000:1 Gama de colores (típ.),  DCI-P3 98.5% (CIE1976), Curvatura 800R Gama de colores (mín.) DCI-P3 94% (CIE1976), Frecuencia de actualización (máx.) [Hz], 240 Brillo (Mín.) [cd/m²], 250cd/m² Relación  contraste (mín.) 1200000:1 Tamaño [cm], 113 , Tiempo de respuesta 0.03ms (GtG),  CONECTIVIDAD: HDMI (x2), DisplayPort  (x1), Versión DP  1.4 (DSC),USB-C  (x1),Salida de auriculares, 3 Anillos (Solo sonido),LAN (RJ-45), Puerto USB descendente,  (x2 /ver2.0), Puerto USB ascendente  (vía USB-C),USB-C (Transmisión de datos),USB-C (Resolución máx. en Hz),3440 x 1440 a 240 Hz, USB-C (Transmisión de energía)65 W  año de garantía en centros  de servicio LG autorizados. Clave Oficial CT: MONLGE3520. Marca: CT.",COMPONENTES DE ENSAMBLE,monitores,CT,22042.11,429821.05,687713.68,687713.68,580258.42,580258.42,537276.32,515785.26,assets/img/catalog/monitores/MONLGE3520.jpg,assets/img/catalog/monitores/MONLGE3520.jpg,https://static.ctonline.mx/imagenes/MONLGE3520/MONLGE3520_400.jpg
MONLGE3050,"Monitor LG 34"" 34GS95QE Resolución 3440 x 1440; Tipo de panel OLED, Ratio de Aspecto 21:9, Tamaño de Pixel 0.231 × 0.231 mm, Brillo (Mín.), 250cd/㎡, Brillo (Típ.) ,275cd/m², Pico de Brillo (Min.) 1040cd/m² (@HDR 1.5% APL) / 640cd/m² (@HDR 10% APL) Pico de Brillo (Típ.), 1300cd/m² (@HDR 1.5% APL) / 800cd/m² (@HDR 10% APL), Gamut de Color (Mín.), DCI-P3 94% (CIE1976), Gamut de Color (Típ.), DCI-P3 98.5% (CIE1976), Profundidad de Color (Nº de colores) 1.07B, Color Bit, 10bit, Ratio de Contraste (Mín.), 1200000:1, Ratio de Contraste (Típ.), 1500000:1,Velocidad de Respuesta, 0.03ms (GtG), Ángulo de Visión (RC≥10), 178º(R/L), 178º(U/D), Tratamiento Superficial Anti-reflejos, Bajos reflejos en el polarizador frontal, Curvo Curvatura 800R, Conectividad : hdmi(1), DisplayPort (1), USB de salida (Genérico, Tipo A)( x2/ver3.0), Salida para Auriculares, 4 Anillos Sonido+Micrófono); Montaje en Pared (VESA) [mm]100 x 100, un año de garantía en centros de servicio LG autorizados en sitio.","Monitor LG 34"" 34GS95QE Resolución 3440 x 1440; Tipo de panel OLED, Ratio de Aspecto 21:9, Tamaño de Pixel 0.231 × 0.231 mm, Brillo (Mín.), 250cd/㎡, Brillo (Típ.) ,275cd/m², Pico de Brillo (Min.) 1040cd/m² (@HDR 1.5% APL) / 640cd/m² (@HDR 10% APL) Pico de Brillo (Típ.), 1300cd/m² (@HDR 1.5% APL) / 800cd/m² (@HDR 10% APL), Gamut de Color (Mín.), DCI-P3 94% (CIE1976), Gamut de Color (Típ.), DCI-P3 98.5% (CIE1976), Profundidad de Color (Nº de colores) 1.07B, Color Bit, 10bit, Ratio de Contraste (Mín.), 1200000:1, Ratio de Contraste (Típ.), 1500000:1,Velocidad de Respuesta, 0.03ms (GtG), Ángulo de Visión (RC≥10), 178º(R/L), 178º(U/D), Tratamiento Superficial Anti-reflejos, Bajos reflejos en el polarizador frontal, Curvo Curvatura 800R, Conectividad : hdmi(1), DisplayPort (1), USB de salida (Genérico, Tipo A)( x2/ver3.0), Salida para Auriculares, 4 Anillos Sonido+Micrófono); Montaje en Pared (VESA) [mm]100 x 100, un año de garantía en centros de servicio LG autorizados en sitio.. Clave Oficial CT: MONLGE3050. Marca: CT.",COMPONENTES DE ENSAMBLE,monitores,CT,22225.26,433392.63,693428.21,693428.21,585080.05,585080.05,541740.79,520071.16,assets/img/catalog/monitores/MONLGE3050.jpg,assets/img/catalog/monitores/MONLGE3050.jpg,https://static.ctonline.mx/imagenes/MONLGE3050/MONLGE3050_400.jpg
MONLGE3080,"MONITOR SIGNAGE 55"" LG 55UM5N. Monitor Signage LG 55""; Resolucion 3840x2160 (4K UHD); Refresh 60Hz; Sistema operativo webOS 6.0; Tiempo de respuesta 8ms; Tiempo de vida 50,000 horas; Operacion 24/7; 500 nit; Soluciones SuperSign","MONITOR SIGNAGE 55"" LG 55UM5N. Monitor Signage LG 55""; Resolucion 3840x2160 (4K UHD); Refresh 60Hz; Sistema operativo webOS 6.0; Tiempo de respuesta 8ms; Tiempo de vida 50,000 horas; Operacion 24/7; 500 nit; Soluciones SuperSign. Clave Oficial CT: MONLGE3080. Marca: CT.",COMPONENTES DE ENSAMBLE,monitores,CT,11133.1,217095.39,347352.62,347352.62,293078.77,293078.77,271369.23,260514.46,assets/img/catalog/monitores/MONLGE3080.jpg,assets/img/catalog/monitores/MONLGE3080.jpg,https://static.ctonline.mx/imagenes/MONLGE3080/MONLGE3080_400.jpg
MONACR1740,"Monitor Marca Acer Modelo EK221Q Hbi No. Parte UM.WE1AA.H01 Tamaño 21.5” FHD 1920 x 1080 @ 100 Hz HDMI, 75Hz VGA; Relación de Aspecto 16:9; Acer ComfyView; AMD FreeSyncTM; ZeroFrame, Conector de señal HDMI v1.4 x 1; VGA x 1, Tiempo de respuesta 1 ms (VRB), Fuente de poder externa consumo de Externa 100 – 240 VAC, 50/60 Hz, VESA 100x100mm Garantía 3 años en centro de servicio","Monitor Marca Acer Modelo EK221Q Hbi No. Parte UM.WE1AA.H01 Tamaño 21.5” FHD 1920 x 1080 @ 100 Hz HDMI, 75Hz VGA; Relación de Aspecto 16:9; Acer ComfyView; AMD FreeSyncTM; ZeroFrame, Conector de señal HDMI v1.4 x 1; VGA x 1, Tiempo de respuesta 1 ms (VRB), Fuente de poder externa consumo de Externa 100 – 240 VAC, 50/60 Hz, VESA 100x100mm Garantía 3 años en centro de servicio. Clave Oficial CT: MONACR1740. Marca: CT.",COMPONENTES DE ENSAMBLE,monitores,CT,1073.4,20931.38,33490.21,33490.21,28257.37,28257.37,26164.23,25117.66,assets/img/catalog/monitores/MONACR1740.jpg,assets/img/catalog/monitores/MONACR1740.jpg,https://static.ctonline.mx/imagenes/MONACR1740/MONACR1740_400.jpg
MONACR1880,"Monitor EK1 EK241Y P0bi, UM.QE1AA.009, 23.8” FHD 1920 x 1080 @ 144 Hz (HDMI), 75 Hz (VGA); ; Relación de Aspecto 16:9; sRGB 99%; Libre de mercurio; Amigable con el ambiente, Tiempo de respuesta 1 ms (VRB), HDMI v1.4 x 1; VGA x 1, otros Panel a 6 bit + FRC; Incluye 1 cable HDMI, 3 años en centro de servicio","Monitor EK1 EK241Y P0bi, UM.QE1AA.009, 23.8” FHD 1920 x 1080 @ 144 Hz (HDMI), 75 Hz (VGA); ; Relación de Aspecto 16:9; sRGB 99%; Libre de mercurio; Amigable con el ambiente, Tiempo de respuesta 1 ms (VRB), HDMI v1.4 x 1; VGA x 1, otros Panel a 6 bit + FRC; Incluye 1 cable HDMI, 3 años en centro de servicio. Clave Oficial CT: MONACR1880. Marca: CT.",COMPONENTES DE ENSAMBLE,monitores,CT,1480.33,28866.43,46186.29,46186.29,38969.68,38969.68,36083.04,34639.72,assets/img/catalog/monitores/MONACR1880.jpg,assets/img/catalog/monitores/MONACR1880.jpg,https://static.ctonline.mx/imagenes/MONACR1880/MONACR1880_400.jpg
MONACR1780,"Monitor SA2 H1bi UM.QS2AA.103, 23.8"" FHD 1920 x 1080 @ 100 Hz (por HDMI); 75 Hz (por VGA) Relación de Aspecto 16:9; NTSC 72%; Acer ComfyView; FreeSyncTM; HDMI v1.4 x 1; VGA x 1; 3 años en Centro de Servicio / 1 año en Bundle, Perfil Ultra-Delgado de solo 7.2mm; Incluye cable HDMI","Monitor SA2 H1bi UM.QS2AA.103, 23.8"" FHD 1920 x 1080 @ 100 Hz (por HDMI); 75 Hz (por VGA) Relación de Aspecto 16:9; NTSC 72%; Acer ComfyView; FreeSyncTM; HDMI v1.4 x 1; VGA x 1; 3 años en Centro de Servicio / 1 año en Bundle, Perfil Ultra-Delgado de solo 7.2mm; Incluye cable HDMI. Clave Oficial CT: MONACR1780. Marca: CT.",COMPONENTES DE ENSAMBLE,monitores,CT,1317.02,25681.91,41091.06,41091.06,34670.59,34670.59,32102.39,30818.3,assets/img/catalog/monitores/MONACR1780.jpg,assets/img/catalog/monitores/MONACR1780.jpg,https://static.ctonline.mx/imagenes/MONACR1780/MONACR1780_400.jpg
MONACR1870,"Monitor Acer EK1 EK271 Gbi UM.HE1AA.005 27"" FHD 120Hz IPS con 3 años de garantía","Monitor Acer EK1 EK271 Gbi UM.HE1AA.005 27"" FHD 120Hz IPS con 3 años de garantía. Clave Oficial CT: MONACR1870. Marca: CT.",COMPONENTES DE ENSAMBLE,monitores,CT,1682.85,32815.6,52504.95,52504.95,44301.05,44301.05,41019.49,39378.71,assets/img/catalog/monitores/MONACR1870.jpg,assets/img/catalog/monitores/MONACR1870.jpg,https://static.ctonline.mx/imagenes/MONACR1870/MONACR1870_400.jpg
MONACR1830,"Monitor Nitro XZ2 XZ320Q X2bmiiphx, UM.JX0AA.201 31.5” Curvo; FHD 1920 x 1080 @ 240 Hz; Relación de Aspecto 16:9; NTSC 72%; Tecnología AMD FreeSync™ Premium; DCI-P3 92%; HDR400; Libre de Mercurio;HDMI v2.0 x 2; DisplayPort v1.4 x 2; Salida de audio jack 3.5mm, 3 años en centro de servicio","Monitor Nitro XZ2 XZ320Q X2bmiiphx, UM.JX0AA.201 31.5” Curvo; FHD 1920 x 1080 @ 240 Hz; Relación de Aspecto 16:9; NTSC 72%; Tecnología AMD FreeSync™ Premium; DCI-P3 92%; HDR400; Libre de Mercurio;HDMI v2.0 x 2; DisplayPort v1.4 x 2; Salida de audio jack 3.5mm, 3 años en centro de servicio. Clave Oficial CT: MONACR1830. Marca: CT.",COMPONENTES DE ENSAMBLE,monitores,CT,3479.85,67857.03,108571.25,108571.25,91606.99,91606.99,84821.29,81428.44,assets/img/catalog/monitores/MONACR1830.jpg,assets/img/catalog/monitores/MONACR1830.jpg,https://static.ctonline.mx/imagenes/MONACR1830/MONACR1830_400.jpg
MONACR1680,"Monitor Marca Acer Modelo EB321HQ Abi No. Parte UM.JE1AA.A01 Tamaño 31.5” IPS; FHD 1920 x 1080 @ 60; Relación de Aspecto 16:9; Acer ComfyView; Panel IPS, Angulo visible 178° (H); 178° (V), Conector de señal HDMI x 1; VGA x 1, Tiempo de respuesta 4 ms GTG, Fuente de poder Externa  100-240v, Color Negro, VESA 100x100mm, Panel a 8 bit; Incluye cable VGA;  Garantía 3 años en centro de servicio (Bundles 1 año).","Monitor Marca Acer Modelo EB321HQ Abi No. Parte UM.JE1AA.A01 Tamaño 31.5” IPS; FHD 1920 x 1080 @ 60; Relación de Aspecto 16:9; Acer ComfyView; Panel IPS, Angulo visible 178° (H); 178° (V), Conector de señal HDMI x 1; VGA x 1, Tiempo de respuesta 4 ms GTG, Fuente de poder Externa  100-240v, Color Negro, VESA 100x100mm, Panel a 8 bit; Incluye cable VGA;  Garantía 3 años en centro de servicio (Bundles 1 año).. Clave Oficial CT: MONACR1680. Marca: CT.",COMPONENTES DE ENSAMBLE,monitores,CT,3159.9,61617.96,98588.74,98588.74,83184.25,83184.25,77022.45,73941.55,assets/img/catalog/monitores/MONACR1680.jpg,assets/img/catalog/monitores/MONACR1680.jpg,https://static.ctonline.mx/imagenes/MONACR1680/MONACR1680_400.jpg
MONACR1810,"Monitor Acer Modelo  XZ340CUR X0bmiiphx, Numero de parte UM.CX0AA.008; 34” Curvo 1500R; UWQHD 3440 x 1440 @ 200 Hz; Relación de Aspecto 21:9; sRGB 99%;Libre de Mercurio; Acer ComfyView; Tecnología AMD® FreeSync Premium; HDMI v2.0 x 2; DisplayPort v 1.2 x 2; 3 años en centro de servicio","Monitor Acer Modelo  XZ340CUR X0bmiiphx, Numero de parte UM.CX0AA.008; 34” Curvo 1500R; UWQHD 3440 x 1440 @ 200 Hz; Relación de Aspecto 21:9; sRGB 99%;Libre de Mercurio; Acer ComfyView; Tecnología AMD® FreeSync Premium; HDMI v2.0 x 2; DisplayPort v 1.2 x 2; 3 años en centro de servicio. Clave Oficial CT: MONACR1810. Marca: CT.",COMPONENTES DE ENSAMBLE,monitores,CT,4548.94,88704.26,141926.81,141926.81,119750.74,119750.74,110880.32,106445.11,assets/img/catalog/monitores/MONACR1810.jpg,assets/img/catalog/monitores/MONACR1810.jpg,https://static.ctonline.mx/imagenes/MONACR1810/MONACR1810_400.jpg
MONHYU050,"Monitor plano de 21.45"" 1920*1080 led a 250 nits HYUNDAI Modelo HT21FOMBK02 , puertos VGA HDMI 5MS 5 MS DE RESPUESTA BY OD 60HZ, Montaje vesa 75*75, incluye cable HDMI, Color Negro.","Monitor plano de 21.45"" 1920*1080 led a 250 nits HYUNDAI Modelo HT21FOMBK02 , puertos VGA HDMI 5MS 5 MS DE RESPUESTA BY OD 60HZ, Montaje vesa 75*75, incluye cable HDMI, Color Negro.. Clave Oficial CT: MONHYU050. Marca: CT.",COMPONENTES DE ENSAMBLE,monitores,CT,1319.15,25723.4,41157.45,41157.45,34726.6,34726.6,32154.26,30868.09,assets/img/catalog/monitores/MONHYU050.jpg,assets/img/catalog/monitores/MONHYU050.jpg,https://static.ctonline.mx/imagenes/MONHYU050/MONHYU050_400.jpg
MONHYU090,"Monitor curvo de 34"""" 3440*1440 led a 300 nits HYUNDAI Modelo HT34CGMBK01 , Doble puerto HDMI TIEMPO DE RESPUESTA DE 1MS MPRT, HASTA 180 HZ , Montaje vesa 100*100, incluye cable HDMI, Color Negro.","Monitor curvo de 34"""" 3440*1440 led a 300 nits HYUNDAI Modelo HT34CGMBK01 , Doble puerto HDMI TIEMPO DE RESPUESTA DE 1MS MPRT, HASTA 180 HZ , Montaje vesa 100*100, incluye cable HDMI, Color Negro.. Clave Oficial CT: MONHYU090. Marca: CT.",COMPONENTES DE ENSAMBLE,monitores,CT,4787.23,93351.06,149361.7,149361.7,126023.94,126023.94,116688.83,112021.28,assets/img/catalog/monitores/MONHYU090.jpg,assets/img/catalog/monitores/MONHYU090.jpg,https://static.ctonline.mx/imagenes/MONHYU090/MONHYU090_400.jpg
MONNTE050,Monitor Nextep Curvo NE-723C FHD 23.8 Resolución 1920x1080 Panel Grado A HDMI/VGA Brillo 200 cd/m2 Cable HDMI 1.5m Montaje 100x100 mm,Monitor Nextep Curvo NE-723C FHD 23.8 Resolución 1920x1080 Panel Grado A HDMI/VGA Brillo 200 cd/m2 Cable HDMI 1.5m Montaje 100x100 mm. Clave Oficial CT: MONNTE050. Marca: CT.,COMPONENTES DE ENSAMBLE,monitores,CT,1511.25,29469.38,47151.0,47151.0,39783.66,39783.66,36836.72,35363.25,assets/img/catalog/monitores/MONNTE050.jpg,assets/img/catalog/monitores/MONNTE050.jpg,https://static.ctonline.mx/imagenes/MONNTE050/MONNTE050_400.jpg
MONNTE060,Monitor Nextep Curvo NE-727C FHD 27 Resolución 1920x1080 Panel Grado A HDMI/VGA Brillo 250 cd/m2 Cable HDMI 1.5 m Montaje 100x100 mm,Monitor Nextep Curvo NE-727C FHD 27 Resolución 1920x1080 Panel Grado A HDMI/VGA Brillo 250 cd/m2 Cable HDMI 1.5 m Montaje 100x100 mm. Clave Oficial CT: MONNTE060. Marca: CT.,COMPONENTES DE ENSAMBLE,monitores,CT,2015.0,39292.5,62868.0,62868.0,53044.88,53044.88,49115.62,47151.0,assets/img/catalog/monitores/MONNTE060.jpg,assets/img/catalog/monitores/MONNTE060.jpg,https://static.ctonline.mx/imagenes/MONNTE060/MONNTE060_400.jpg
MONNCB130,"Monitor NACEB NA-0504 HD+ 19.5"" 75HZ 1600*900, 1X HDMI / 1X VGA, color negro, ángulos de visión 178°, Brillo(cd / m²) 150 cd/m², relación de contraste 500: 1, tiempo de respuesta 6 ms, tecnologías Low blue light, VESA 75 x 75 mm
ajuste (Inclinación)  -5° ~ 15°.","Monitor NACEB NA-0504 HD+ 19.5"" 75HZ 1600*900, 1X HDMI / 1X VGA, color negro, ángulos de visión 178°, Brillo(cd / m²) 150 cd/m², relación de contraste 500: 1, tiempo de respuesta 6 ms, tecnologías Low blue light, VESA 75 x 75 mm
ajuste (Inclinación)  -5° ~ 15°.. Clave Oficial CT: MONNCB130. Marca: CT.",COMPONENTES DE ENSAMBLE,monitores,CT,517.02,10081.91,16131.06,16131.06,13610.59,13610.59,12602.39,12098.3,assets/img/catalog/monitores/MONNCB130.jpg,assets/img/catalog/monitores/MONNCB130.jpg,https://static.ctonline.mx/imagenes/MONNCB130/MONNCB130_400.jpg
MONNCB010,"Monitor Marca NACEB Modelo NA-627 Tamaño 19.5 pulgadas Resolución HD, 1600*900, Tipo de pantalla LED, entrada HDMI Y VGA Incluye cable de corriente, Cable VGA, Guía de Usuario, Color Negro, Diseño acabado Piano","Monitor Marca NACEB Modelo NA-627 Tamaño 19.5 pulgadas Resolución HD, 1600*900, Tipo de pantalla LED, entrada HDMI Y VGA Incluye cable de corriente, Cable VGA, Guía de Usuario, Color Negro, Diseño acabado Piano. Clave Oficial CT: MONNCB010. Marca: CT.",COMPONENTES DE ENSAMBLE,monitores,CT,751.06,14645.74,23433.19,23433.19,19771.76,19771.76,18307.18,17574.89,assets/img/catalog/monitores/MONNCB010.jpg,assets/img/catalog/monitores/MONNCB010.jpg,https://static.ctonline.mx/imagenes/MONNCB010/MONNCB010_400.jpg
MONNCB120,Monitor Marca NACEB NA-0505 LED FHD 21.5 Pulgadas 75HZ HDMI + VGA resolucion 1920 x 1080,Monitor Marca NACEB NA-0505 LED FHD 21.5 Pulgadas 75HZ HDMI + VGA resolucion 1920 x 1080. Clave Oficial CT: MONNCB120. Marca: CT.,COMPONENTES DE ENSAMBLE,monitores,CT,755.32,14728.72,23565.96,23565.96,19883.78,19883.78,18410.9,17674.47,assets/img/catalog/monitores/MONNCB120.jpg,assets/img/catalog/monitores/MONNCB120.jpg,https://static.ctonline.mx/imagenes/MONNCB120/MONNCB120_400.jpg
MONNCB020,"Monitor Marca NACEB Modelo NA-628 Tamaño 21.5 pulgadas Resolución Full HD, 1920*1080P, Tipo de pantalla LED, Incluye cable de corriente, Cable VGA, Guía de Usuario, Color Negro, Diseño acabado Piano","Monitor Marca NACEB Modelo NA-628 Tamaño 21.5 pulgadas Resolución Full HD, 1920*1080P, Tipo de pantalla LED, Incluye cable de corriente, Cable VGA, Guía de Usuario, Color Negro, Diseño acabado Piano. Clave Oficial CT: MONNCB020. Marca: CT.",COMPONENTES DE ENSAMBLE,monitores,CT,978.72,19085.11,30536.17,30536.17,25764.89,25764.89,23856.38,22902.13,assets/img/catalog/monitores/MONNCB020.jpg,assets/img/catalog/monitores/MONNCB020.jpg,https://static.ctonline.mx/imagenes/MONNCB020/MONNCB020_400.jpg
MONNCB070,"Monitor Naceb Led Fhd 27"" 100Hz Ips Hdmi+Vga NA-0642","Monitor Naceb Led Fhd 27"" 100Hz Ips Hdmi+Vga NA-0642. Clave Oficial CT: MONNCB070. Marca: CT.",COMPONENTES DE ENSAMBLE,monitores,CT,1515.96,29561.17,47297.87,47297.87,39907.58,39907.58,36951.46,35473.4,assets/img/catalog/monitores/MONNCB070.jpg,assets/img/catalog/monitores/MONNCB070.jpg,https://static.ctonline.mx/imagenes/MONNCB070/MONNCB070_400.jpg
MONNCB110,"Monitor Fhd 23.8 (NA-0653), Monitor Fhd 23.8"" 100hz Ips Hdmi +Vga Na-0653 Modelo: NA-0653","Monitor Fhd 23.8 (NA-0653), Monitor Fhd 23.8"" 100hz Ips Hdmi +Vga Na-0653 Modelo: NA-0653. Clave Oficial CT: MONNCB110. Marca: CT.",COMPONENTES DE ENSAMBLE,monitores,CT,1275.53,24872.87,39796.6,39796.6,33578.38,33578.38,31091.09,29847.45,assets/img/catalog/monitores/MONNCB110.jpg,assets/img/catalog/monitores/MONNCB110.jpg,https://static.ctonline.mx/imagenes/MONNCB110/MONNCB110_400.jpg
MONNCB060,"Monitor Marca NACEB GAMING 24""Curvo; Resolución: 1920x1080; Full HD; 165 HZ; Curvatura: R3000; Tiempo de respuesta 1 ms; Angulo de Visión 178(H)/178 (V); Tipo de Panel: VA; Entradas: DP + HDMI + VGA + USB; Brillo: 250cd/m2; Contraste: 1,000:1; Relación de Aspecto 16:6; Modelo: NA-0624","Monitor Marca NACEB GAMING 24""Curvo; Resolución: 1920x1080; Full HD; 165 HZ; Curvatura: R3000; Tiempo de respuesta 1 ms; Angulo de Visión 178(H)/178 (V); Tipo de Panel: VA; Entradas: DP + HDMI + VGA + USB; Brillo: 250cd/m2; Contraste: 1,000:1; Relación de Aspecto 16:6; Modelo: NA-0624. Clave Oficial CT: MONNCB060. Marca: CT.",COMPONENTES DE ENSAMBLE,monitores,CT,2127.66,41489.36,66382.98,66382.98,56010.64,56010.64,51861.7,49787.23,assets/img/catalog/monitores/MONNCB060.jpg,assets/img/catalog/monitores/MONNCB060.jpg,https://static.ctonline.mx/imagenes/MONNCB060/MONNCB060_400.jpg
MONNCB080,"Monitor Naceb Led Qhd 32"" 165Hz Va Hdmi+Dp NA-0643","Monitor Naceb Led Qhd 32"" 165Hz Va Hdmi+Dp NA-0643. Clave Oficial CT: MONNCB080. Marca: CT.",COMPONENTES DE ENSAMBLE,monitores,CT,4095.74,79867.02,127787.23,127787.23,107820.48,107820.48,99833.78,95840.43,assets/img/catalog/monitores/MONNCB080.jpg,assets/img/catalog/monitores/MONNCB080.jpg,https://static.ctonline.mx/imagenes/MONNCB080/MONNCB080_400.jpg
MONNCB090,"Monitor Curvo Naceb R1800 Qhd 32"" 165Hz Va Hdmi+Dp NA-0644","Monitor Curvo Naceb R1800 Qhd 32"" 165Hz Va Hdmi+Dp NA-0644. Clave Oficial CT: MONNCB090. Marca: CT.",COMPONENTES DE ENSAMBLE,monitores,CT,4170.21,81319.15,130110.64,130110.64,109780.85,109780.85,101648.94,97582.98,assets/img/catalog/monitores/MONNCB090.jpg,assets/img/catalog/monitores/MONNCB090.jpg,https://static.ctonline.mx/imagenes/MONNCB090/MONNCB090_400.jpg
MONNCB100,"Monitor Curvo Naceb  R1500 Wqhd 34"" 165Hz Hdmi+Dp NA-0645","Monitor Curvo Naceb  R1500 Wqhd 34"" 165Hz Hdmi+Dp NA-0645. Clave Oficial CT: MONNCB100. Marca: CT.",COMPONENTES DE ENSAMBLE,monitores,CT,4728.72,92210.11,147536.17,147536.17,124483.64,124483.64,115262.63,110652.13,assets/img/catalog/monitores/MONNCB100.jpg,assets/img/catalog/monitores/MONNCB100.jpg,https://static.ctonline.mx/imagenes/MONNCB100/MONNCB100_400.jpg
MONBNQ1700,"Monitor BenQ GW2291 9H.LPALM.MBA es un monitor de 21.5” resolución 1920x1080, Entradas: VGA,  HDMI x2, Flicker-Free, Low Blue Light,  VESA, Bisel Delgado, Color Negro","Monitor BenQ GW2291 9H.LPALM.MBA es un monitor de 21.5” resolución 1920x1080, Entradas: VGA,  HDMI x2, Flicker-Free, Low Blue Light,  VESA, Bisel Delgado, Color Negro. Clave Oficial CT: MONBNQ1700. Marca: CT.",COMPONENTES DE ENSAMBLE,monitores,CT,1386.02,27027.42,43243.87,43243.87,36487.02,36487.02,33784.27,32432.9,assets/img/catalog/monitores/MONBNQ1700.jpg,assets/img/catalog/monitores/MONBNQ1700.jpg,https://static.ctonline.mx/imagenes/MONBNQ1700/MONBNQ1700_400.jpg
MONBNQ1690,Monitor BenQ GW2490E 9H.LMELJ.LBE de BenQ es un monitor de 23.8” Full HD con panel IPS que ofrece colores vivos y amplios ángulos de visión. Puertos HDMI  x2  Display Port in  x1 / Audífonos in / Bocinas (2W) x2,Monitor BenQ GW2490E 9H.LMELJ.LBE de BenQ es un monitor de 23.8” Full HD con panel IPS que ofrece colores vivos y amplios ángulos de visión. Puertos HDMI  x2  Display Port in  x1 / Audífonos in / Bocinas (2W) x2. Clave Oficial CT: MONBNQ1690. Marca: CT.,COMPONENTES DE ENSAMBLE,monitores,CT,1546.24,30151.61,48242.58,48242.58,40704.68,40704.68,37689.52,36181.94,assets/img/catalog/monitores/MONBNQ1690.jpg,assets/img/catalog/monitores/MONBNQ1690.jpg,https://static.ctonline.mx/imagenes/MONBNQ1690/MONBNQ1690_400.jpg
MONBNQ1710,"Monitor GW2491C de BenQ es un monitor de 23.8” resolución 1920x1080, Entradas: DISPLAYPORT X1,  HDMI x1, TIPO C X1 Flicker-Free, Low Blue Light,  VESA, Bisel Delgado, Color Negro","Monitor GW2491C de BenQ es un monitor de 23.8” resolución 1920x1080, Entradas: DISPLAYPORT X1,  HDMI x1, TIPO C X1 Flicker-Free, Low Blue Light,  VESA, Bisel Delgado, Color Negro. Clave Oficial CT: MONBNQ1710. Marca: CT.",COMPONENTES DE ENSAMBLE,monitores,CT,1874.19,36546.77,58474.84,58474.84,49338.15,49338.15,45683.47,43856.13,assets/img/catalog/monitores/MONBNQ1710.jpg,assets/img/catalog/monitores/MONBNQ1710.jpg,https://static.ctonline.mx/imagenes/MONBNQ1710/MONBNQ1710_400.jpg
MONBNQ1720,"Monitor GW2790C de BenQ es un monitor de 27” resolución 1920x1080, Entradas:HDMI v1.4 (x1) / Display Port in v1.2 (x1) / USB TIpo C (x1) / Audífonos in / Bocinas (2W) (x2)Flicker-Free, Low Blue Light,  VESA, Bisel Delgado, Color Negro","Monitor GW2790C de BenQ es un monitor de 27” resolución 1920x1080, Entradas:HDMI v1.4 (x1) / Display Port in v1.2 (x1) / USB TIpo C (x1) / Audífonos in / Bocinas (2W) (x2)Flicker-Free, Low Blue Light,  VESA, Bisel Delgado, Color Negro. Clave Oficial CT: MONBNQ1720. Marca: CT.",COMPONENTES DE ENSAMBLE,monitores,CT,2306.45,44975.81,71961.29,71961.29,60717.34,60717.34,56219.76,53970.97,assets/img/catalog/monitores/MONBNQ1720.jpg,assets/img/catalog/monitores/MONBNQ1720.jpg,https://static.ctonline.mx/imagenes/MONBNQ1720/MONBNQ1720_400.jpg
MONBNQ1150,"Monitor BenQ GW2283. 9H.LHLLA.TBL. LED de 21.5"". Wide Screen. Resolución: 1920 x 1080. Full HD. Panel IPS(AMVA+). Contraste Nativo: 1000:1. Contraste Dinámico: 20,000,000:1. Formato 16:9. Brillo 250 cd/m2. Cantidad de Colores 16.7 millones. Dot Pitch 0.248. Angulo de Visión (Izq/Der: Arriba/Abajo) 178° / 178° Tiempo de respuesta 5 ms (GTG). Gama de color 72% NTSC. Entradas: HDMI 1.4 (x2) / VGA / Entrada / Salida de audio / Bocinas 1W x2. Tecnología Flicker-free, Low Blue Light, Certificado TUV, AMA. Brillo Inteligente, Ajuste de inclinación -5-20° Color: Negro. Montaje para pared (VESA 100 x 100). Incluye: Cable de poder y Cable VGA, Tarjeta de Garantia. Dimensiones: 391 x 183 x 391 mm. Peso: 2.9 kg.","Monitor BenQ GW2283. 9H.LHLLA.TBL. LED de 21.5"". Wide Screen. Resolución: 1920 x 1080. Full HD. Panel IPS(AMVA+). Contraste Nativo: 1000:1. Contraste Dinámico: 20,000,000:1. Formato 16:9. Brillo 250 cd/m2. Cantidad de Colores 16.7 millones. Dot Pitch 0.248. Angulo de Visión (Izq/Der: Arriba/Abajo) 178° / 178° Tiempo de respuesta 5 ms (GTG). Gama de color 72% NTSC. Entradas: HDMI 1.4 (x2) / VGA / Entrada / Salida de audio / Bocinas 1W x2. Tecnología Flicker-free, Low Blue Light, Certificado TUV, AMA. Brillo Inteligente, Ajuste de inclinación -5-20° Color: Negro. Montaje para pared (VESA 100 x 100). Incluye: Cable de poder y Cable VGA, Tarjeta de Garantia. Dimensiones: 391 x 183 x 391 mm. Peso: 2.9 kg.. Clave Oficial CT: MONBNQ1150. Marca: CT.",COMPONENTES DE ENSAMBLE,monitores,CT,1777.42,34659.68,55455.48,55455.48,46790.56,46790.56,43324.6,41591.61,assets/img/catalog/monitores/MONBNQ1150.jpg,assets/img/catalog/monitores/MONBNQ1150.jpg,https://static.ctonline.mx/imagenes/MONBNQ1150/MONBNQ1150_400.jpg
MONBNQ1510,"Monitor BenQ GW2491. 9H.LNELJ.LBL LED de 23.8"". Wide Screen. Resolución: Full HD (1920 x 1080). PANEL IPS / Anti-Glare. Contraste: 1300:1. Contraste Dinámico: 20 Millones:1. Formato 16:9. Cantidad de Colores 16.7 millones. Gama de Color 99% sRGB, Brillo 250 nits. Dot Pitch 0.274. Angulo de Visión (Izq/Der) 178° / 178°. Tiempo de respuesta 5 ms (GTG). Frecuencia de Actualización 100 Hz. Entradas: Display Port in v1.2 (x1) / HDMI v1.4 (x1) / Audífonos in. Tecnología Eye Care: Flicker-Free, Low Blue Light, ePaper, EPEAT, Ajuste de inclinación -5°/-20°, VESA 100 x 100 mm / K-Locker. Incluye: Cable de poder (1.5 mt)  y HDMI 1.4, Garantía, Guía de Inicio Rápido. Dimensiones: 416 x 542 x 182 mm. Peso: 3.93 kg. Color: Gris Oscuro. 3 años de Garantia","Monitor BenQ GW2491. 9H.LNELJ.LBL LED de 23.8"". Wide Screen. Resolución: Full HD (1920 x 1080). PANEL IPS / Anti-Glare. Contraste: 1300:1. Contraste Dinámico: 20 Millones:1. Formato 16:9. Cantidad de Colores 16.7 millones. Gama de Color 99% sRGB, Brillo 250 nits. Dot Pitch 0.274. Angulo de Visión (Izq/Der) 178° / 178°. Tiempo de respuesta 5 ms (GTG). Frecuencia de Actualización 100 Hz. Entradas: Display Port in v1.2 (x1) / HDMI v1.4 (x1) / Audífonos in. Tecnología Eye Care: Flicker-Free, Low Blue Light, ePaper, EPEAT, Ajuste de inclinación -5°/-20°, VESA 100 x 100 mm / K-Locker. Incluye: Cable de poder (1.5 mt)  y HDMI 1.4, Garantía, Guía de Inicio Rápido. Dimensiones: 416 x 542 x 182 mm. Peso: 3.93 kg. Color: Gris Oscuro. 3 años de Garantia. Clave Oficial CT: MONBNQ1510. Marca: CT.",COMPONENTES DE ENSAMBLE,monitores,CT,1546.24,30151.61,48242.58,48242.58,40704.68,40704.68,37689.52,36181.94,assets/img/catalog/monitores/MONBNQ1510.jpg,assets/img/catalog/monitores/MONBNQ1510.jpg,https://static.ctonline.mx/imagenes/MONBNQ1510/MONBNQ1510_400.jpg
MONBNQ1520,"Monitor BenQ GW2791. 9H.LNFLJ.LBL. LED de 27"". Wide Screen. Resolución: Full HD (1920 x 1080). PANEL IPS / Anti-Reflejo. Contraste: 1300:1. Formato 16:9. Cantidad de Colores 16.7 millones. Gama de Color 99% sRGB, Brillo 250 nits. Dot Pitch 0.311. Angulo de Visión (Izq/Der) 178° / 178°. Tiempo de respuesta 5 ms (GTG). Frecuencia de Actualización 100 Hz. Entradas: Display Port in v1.2 (x1) / HDMI v1.4 (x1) / Audífonos in. Tecnología Eye Care: Flicker-Free, Low Blue Light, ePaper, EPEAT, Ajuste de inclinación -5°/-20°, VESA 100 x 100 mm / K-Locker. Incluye: Cable de poder (1.5 mt) y HDMI 1.4, Garantía, Guía de Inicio Rápido. Dimensiones: 451 x 615 x 182 mm. Peso: 4.13 kg. Color: Gris Oscuro. 3 años de Garantia","Monitor BenQ GW2791. 9H.LNFLJ.LBL. LED de 27"". Wide Screen. Resolución: Full HD (1920 x 1080). PANEL IPS / Anti-Reflejo. Contraste: 1300:1. Formato 16:9. Cantidad de Colores 16.7 millones. Gama de Color 99% sRGB, Brillo 250 nits. Dot Pitch 0.311. Angulo de Visión (Izq/Der) 178° / 178°. Tiempo de respuesta 5 ms (GTG). Frecuencia de Actualización 100 Hz. Entradas: Display Port in v1.2 (x1) / HDMI v1.4 (x1) / Audífonos in. Tecnología Eye Care: Flicker-Free, Low Blue Light, ePaper, EPEAT, Ajuste de inclinación -5°/-20°, VESA 100 x 100 mm / K-Locker. Incluye: Cable de poder (1.5 mt) y HDMI 1.4, Garantía, Guía de Inicio Rápido. Dimensiones: 451 x 615 x 182 mm. Peso: 4.13 kg. Color: Gris Oscuro. 3 años de Garantia. Clave Oficial CT: MONBNQ1520. Marca: CT.",COMPONENTES DE ENSAMBLE,monitores,CT,1921.51,37469.35,59950.97,59950.97,50583.63,50583.63,46836.69,44963.23,assets/img/catalog/monitores/MONBNQ1520.jpg,assets/img/catalog/monitores/MONBNQ1520.jpg,https://static.ctonline.mx/imagenes/MONBNQ1520/MONBNQ1520_400.jpg
MONBNQ1650,"Monitor 27″ BenQ GW2790T  Full HD (1920×1080) con panel IPS ideal para trabajo de oficina, estudio y uso multimedia diario, combinando ergonomía, cuidado ocular y conectividad versátil, entradas 2 HDMI, 1 Display Port","Monitor 27″ BenQ GW2790T  Full HD (1920×1080) con panel IPS ideal para trabajo de oficina, estudio y uso multimedia diario, combinando ergonomía, cuidado ocular y conectividad versátil, entradas 2 HDMI, 1 Display Port. Clave Oficial CT: MONBNQ1650. Marca: CT.",COMPONENTES DE ENSAMBLE,monitores,CT,2901.08,56570.97,90513.55,90513.55,76370.81,76370.81,70713.71,67885.16,assets/img/catalog/monitores/MONBNQ1650.jpg,assets/img/catalog/monitores/MONBNQ1650.jpg,https://static.ctonline.mx/imagenes/MONBNQ1650/MONBNQ1650_400.jpg
MONBNQ1470,"Monitor BenQ GW2490T. 9H.LMJLJ.LBL LED de 23.8"". Wide Screen. Resolución: Full HD (1920 x 1080). . PANEL IPS / Anti-Glare. Contraste: 1300:1. Contraste Dinámico: 20 M:1. Formato 16:9(Nativo). Cantidad de Colores 16.7 millones. Gama de Color 99% sRGB, Brillo 250 nits. Dot Pitch 0.274. Angulo de Visión (Izq/Der) 178° / 178° Tiempo de respuesta 5 ms (GTG). Frecuencia de Actualización 100 Hz. Entradas: Display Port v1.2 (x1) / HDMI v1.4 (x2) / Audífonos in / Bocina 2W(x2). Tecnología Eye Care: Color Weakness, Flicker-Free, Low Blue Light, Brillo Inteligente Gen2, EPEAT, Ajuste de inclinación -5°/-20°, Giro 20°/ 20°, Pivot 90°. Color: Gris Oscuro, VESA 100 x 100 / K-Locker. Incluye: Cable de poder (1.5 mt)  y HDMI 1.4, Garantía, Guía de Inicio Rápido. Dimensiones: 374(min) - 484 ( max)  x 540 x 241 mm. (alto, ancho, profundida) Peso: 6.4 kg.","Monitor BenQ GW2490T. 9H.LMJLJ.LBL LED de 23.8"". Wide Screen. Resolución: Full HD (1920 x 1080). . PANEL IPS / Anti-Glare. Contraste: 1300:1. Contraste Dinámico: 20 M:1. Formato 16:9(Nativo). Cantidad de Colores 16.7 millones. Gama de Color 99% sRGB, Brillo 250 nits. Dot Pitch 0.274. Angulo de Visión (Izq/Der) 178° / 178° Tiempo de respuesta 5 ms (GTG). Frecuencia de Actualización 100 Hz. Entradas: Display Port v1.2 (x1) / HDMI v1.4 (x2) / Audífonos in / Bocina 2W(x2). Tecnología Eye Care: Color Weakness, Flicker-Free, Low Blue Light, Brillo Inteligente Gen2, EPEAT, Ajuste de inclinación -5°/-20°, Giro 20°/ 20°, Pivot 90°. Color: Gris Oscuro, VESA 100 x 100 / K-Locker. Incluye: Cable de poder (1.5 mt)  y HDMI 1.4, Garantía, Guía de Inicio Rápido. Dimensiones: 374(min) - 484 ( max)  x 540 x 241 mm. (alto, ancho, profundida) Peso: 6.4 kg.. Clave Oficial CT: MONBNQ1470. Marca: CT.",COMPONENTES DE ENSAMBLE,monitores,CT,2538.71,49504.84,79207.74,79207.74,66831.53,66831.53,61881.05,59405.81,assets/img/catalog/monitores/MONBNQ1470.jpg,assets/img/catalog/monitores/MONBNQ1470.jpg,https://static.ctonline.mx/imagenes/MONBNQ1470/MONBNQ1470_400.jpg
MONBNQ1390,"Monitor BENQ MOBIUZ EX240N  9H.LL6LB.QBA. Monitor para Gaming, 23.8"", Panel VA con Anti-Reflejante, Retroiluminación LED, Resolución Full HD (1920 x 1080), Tiempo de Respuesta 1 ms (MPRT) / 4 ms (GtG), Brillo 250 nits. Formato 16:9, Contraste 3,000:1, Colores en pantalla : 16.7 billones, Gama de colores 72% NTSC, Angulo de visión 178°/178°. VESA 10 x 100 mm, Frecuencia de actualización 165 Hz, Puertos: HDMI (v2.0) x 2, DisplayPort (v1.2) x 1, Altavoz integrado (2.5W )x 2, Audífonos. Modo HDRi / FPS, FreeSync, Tecnología Flicker-Free, Low Blue Ligth, Brightness Intelligence Plus, AMA, Color Weakness / ePaper Compatible con MAC/Windows. Inclinación (abajo/arriba) -5˚ / 15˚, Dimensiones: 421.7 x 540 x 182.6 mm0 / Guía inicio Rápido / Cable HDMI (v2.0), Cable de Poder. Color Negro con Gris Metalizado.","Monitor BENQ MOBIUZ EX240N  9H.LL6LB.QBA. Monitor para Gaming, 23.8"", Panel VA con Anti-Reflejante, Retroiluminación LED, Resolución Full HD (1920 x 1080), Tiempo de Respuesta 1 ms (MPRT) / 4 ms (GtG), Brillo 250 nits. Formato 16:9, Contraste 3,000:1, Colores en pantalla : 16.7 billones, Gama de colores 72% NTSC, Angulo de visión 178°/178°. VESA 10 x 100 mm, Frecuencia de actualización 165 Hz, Puertos: HDMI (v2.0) x 2, DisplayPort (v1.2) x 1, Altavoz integrado (2.5W )x 2, Audífonos. Modo HDRi / FPS, FreeSync, Tecnología Flicker-Free, Low Blue Ligth, Brightness Intelligence Plus, AMA, Color Weakness / ePaper Compatible con MAC/Windows. Inclinación (abajo/arriba) -5˚ / 15˚, Dimensiones: 421.7 x 540 x 182.6 mm0 / Guía inicio Rápido / Cable HDMI (v2.0), Cable de Poder. Color Negro con Gris Metalizado.. Clave Oficial CT: MONBNQ1390. Marca: CT.",COMPONENTES DE ENSAMBLE,monitores,CT,2803.23,54662.9,87460.65,87460.65,73794.92,73794.92,68328.63,65595.48,assets/img/catalog/monitores/MONBNQ1390.jpg,assets/img/catalog/monitores/MONBNQ1390.jpg,https://static.ctonline.mx/imagenes/MONBNQ1390/MONBNQ1390_400.jpg
MONBNQ1420,"MONITOR BENQ ZOWIE XL2411K 9H.LJPLB.QBA. Monitor Gaming 24"", Panel TN, LED, Resolución FHD 1920 x 1080 pixeles a 144 Hz, Brillo 320 cd/㎡, Formato 16:9, Contraste 1,000:1, Cantidad de Colores 16.7 billones, VESA 100 x 100, ángulo de visión 170°/160°. Frecuencia Actualización 144 hz, Puertos: HDMI 1.4 x 2, HDMI 2.0, DP 1.2, Audífonos in. Tecnología Flicker-Free, Low Blue Ligth, Tec DyAc+, AMA, HDCP 1.4, Ajuste de Altura 155 mm, Giro (izq / der: 45°/45°), Pivot (90°), Pantalla antireflejante, K locker, HDCP 1.2. Incluye: Garantía / Guía inicio Rápido, Cable de Poder 1.8m, Cable DP. Dimensiones 525.56 (Altura max), 442.84 (Altura min) x 571 x 200 mm., Peso 5.9 kg. Color del Monitor Gris Oscuro con acabado Rojos. Garantia de 3 años.","MONITOR BENQ ZOWIE XL2411K 9H.LJPLB.QBA. Monitor Gaming 24"", Panel TN, LED, Resolución FHD 1920 x 1080 pixeles a 144 Hz, Brillo 320 cd/㎡, Formato 16:9, Contraste 1,000:1, Cantidad de Colores 16.7 billones, VESA 100 x 100, ángulo de visión 170°/160°. Frecuencia Actualización 144 hz, Puertos: HDMI 1.4 x 2, HDMI 2.0, DP 1.2, Audífonos in. Tecnología Flicker-Free, Low Blue Ligth, Tec DyAc+, AMA, HDCP 1.4, Ajuste de Altura 155 mm, Giro (izq / der: 45°/45°), Pivot (90°), Pantalla antireflejante, K locker, HDCP 1.2. Incluye: Garantía / Guía inicio Rápido, Cable de Poder 1.8m, Cable DP. Dimensiones 525.56 (Altura max), 442.84 (Altura min) x 571 x 200 mm., Peso 5.9 kg. Color del Monitor Gris Oscuro con acabado Rojos. Garantia de 3 años.. Clave Oficial CT: MONBNQ1420. Marca: CT.",COMPONENTES DE ENSAMBLE,monitores,CT,4077.42,79509.68,127215.48,127215.48,107338.06,107338.06,99387.1,95411.61,assets/img/catalog/monitores/MONBNQ1420.jpg,assets/img/catalog/monitores/MONBNQ1420.jpg,https://static.ctonline.mx/imagenes/MONBNQ1420/MONBNQ1420_400.jpg
MONBNQ1270,"MONITOR BENQ MOBIUZ EX2510S 9H.LJJLA.TBL. Monitor Full HD- HDRi para Gaming, 24.5"", Panel IPS con Anti-Reflejante, Iluminación LED Blacklight, Resolución Full HD (1920 x 1080), Tiempo de Respuesta 1 ms (MPRT) / 2 ms (GtG), Brillo 280 cd/㎡ (típica) 400 cd/㎡ (HDR). Formato 16:9, Contraste Nativo: 1,000:1, Colores en pantalla : 16.7 billones, Gama de colores 99% sRGB, ángulo de visión 178°/178°. VESA 10 x 100 mm, Frecuencia de actualización 165 Hz, Puertos: HDMI (v2.0) x 2, DisplayPort (v1.2) x 1, Audífonos in,  Bocinas 2.5W x 2. Modo HDRi / FPS, AMD FreeSync, Tecnología Flicker-Free, Low Blue Ligth, Brightness Intelligence Plus, AMA, Color Weakness / ePaper Compatible con MAC/Windows. Inclinación (abajo/arriba) -5˚ / 20˚, Giro(Izquierda/derecha) 20˚/ 20˚, Ajuste de Altura (mm) 130 mm. Dimensiones Mínimo: 391.50 x 557 x 216.7 mm / Máximo 521.5 x 557.6 x 216.7 mm, Peso 5.7 kg. Incluye: Tarjeta de Garantía / Guía inicio Rápido / Cable HDMI (v2.0), Cable de Poder. Color Negro con Gris Metalizado.","MONITOR BENQ MOBIUZ EX2510S 9H.LJJLA.TBL. Monitor Full HD- HDRi para Gaming, 24.5"", Panel IPS con Anti-Reflejante, Iluminación LED Blacklight, Resolución Full HD (1920 x 1080), Tiempo de Respuesta 1 ms (MPRT) / 2 ms (GtG), Brillo 280 cd/㎡ (típica) 400 cd/㎡ (HDR). Formato 16:9, Contraste Nativo: 1,000:1, Colores en pantalla : 16.7 billones, Gama de colores 99% sRGB, ángulo de visión 178°/178°. VESA 10 x 100 mm, Frecuencia de actualización 165 Hz, Puertos: HDMI (v2.0) x 2, DisplayPort (v1.2) x 1, Audífonos in,  Bocinas 2.5W x 2. Modo HDRi / FPS, AMD FreeSync, Tecnología Flicker-Free, Low Blue Ligth, Brightness Intelligence Plus, AMA, Color Weakness / ePaper Compatible con MAC/Windows. Inclinación (abajo/arriba) -5˚ / 20˚, Giro(Izquierda/derecha) 20˚/ 20˚, Ajuste de Altura (mm) 130 mm. Dimensiones Mínimo: 391.50 x 557 x 216.7 mm / Máximo 521.5 x 557.6 x 216.7 mm, Peso 5.7 kg. Incluye: Tarjeta de Garantía / Guía inicio Rápido / Cable HDMI (v2.0), Cable de Poder. Color Negro con Gris Metalizado.. Clave Oficial CT: MONBNQ1270. Marca: CT.",COMPONENTES DE ENSAMBLE,monitores,CT,4117.2,80285.48,128456.77,128456.77,108385.4,108385.4,100356.85,96342.58,assets/img/catalog/monitores/MONBNQ1270.jpg,assets/img/catalog/monitores/MONBNQ1270.jpg,https://static.ctonline.mx/imagenes/MONBNQ1270/MONBNQ1270_400.jpg
MONBNQ1280,"MONITOR BENQ MOBIUZ EX2710S. 9H.LKFLA.TBL. Monitor Full HD - HDRi para Gaming, 27"", Panel IPS con Anti-Reflejante, Iluminación LED Blacklight, Resolución Full HD (1920 x 1080), Dot Pitch 0.311, Tiempo de Respuesta 1 ms (MPRT) / 2 ms (GtG), Brillo 280 cd/㎡ (típica) 400 cd/㎡ (HDR). Formato 16:9, Contraste Nativo: 1,000:1. Colores en pantalla : 16.7 billones, Gama de color 99% sRGB, ángulo de visión 178°/178°. VESA 10 x 100 mm. Frecuencia de Actualización 165 Hz. Puertos: HDMI (v2.0) x 2, Display Port (v1.2) x 1, Audífonos in,  Bocinas 2.5W x 2. Modo HDRi / FPS, AMD FreeSync, Black eQualizer, Motion Blur Reduction, Tecnología Flicker-Free, Low Blue Ligth, Brightness Intelligence Plus, AMA, Color Weakness / ePaper Compatible con MAC/Windows. Inclinación (abajo/arriba) -5˚ / 20˚, Giro(Izquierda/derecha) 20˚/ 20˚, Ajuste de Altura (mm) 130 mm. Dimensiones Mínimo: 409.6 x 614.1 x 216.7 mm / Máximo 539.6 x 614.1 x 216.7 mm, Peso 6.2 kg. Incluye: Tarjeta de Garantía / Guía inicio Rápido / Cable HDMI (v2.0), Cable de Poder. Color Negro con Gris Metalizado.","MONITOR BENQ MOBIUZ EX2710S. 9H.LKFLA.TBL. Monitor Full HD - HDRi para Gaming, 27"", Panel IPS con Anti-Reflejante, Iluminación LED Blacklight, Resolución Full HD (1920 x 1080), Dot Pitch 0.311, Tiempo de Respuesta 1 ms (MPRT) / 2 ms (GtG), Brillo 280 cd/㎡ (típica) 400 cd/㎡ (HDR). Formato 16:9, Contraste Nativo: 1,000:1. Colores en pantalla : 16.7 billones, Gama de color 99% sRGB, ángulo de visión 178°/178°. VESA 10 x 100 mm. Frecuencia de Actualización 165 Hz. Puertos: HDMI (v2.0) x 2, Display Port (v1.2) x 1, Audífonos in,  Bocinas 2.5W x 2. Modo HDRi / FPS, AMD FreeSync, Black eQualizer, Motion Blur Reduction, Tecnología Flicker-Free, Low Blue Ligth, Brightness Intelligence Plus, AMA, Color Weakness / ePaper Compatible con MAC/Windows. Inclinación (abajo/arriba) -5˚ / 20˚, Giro(Izquierda/derecha) 20˚/ 20˚, Ajuste de Altura (mm) 130 mm. Dimensiones Mínimo: 409.6 x 614.1 x 216.7 mm / Máximo 539.6 x 614.1 x 216.7 mm, Peso 6.2 kg. Incluye: Tarjeta de Garantía / Guía inicio Rápido / Cable HDMI (v2.0), Cable de Poder. Color Negro con Gris Metalizado.. Clave Oficial CT: MONBNQ1280. Marca: CT.",COMPONENTES DE ENSAMBLE,monitores,CT,5096.77,99387.1,159019.35,159019.35,134172.58,134172.58,124233.87,119264.52,assets/img/catalog/monitores/MONBNQ1280.jpg,assets/img/catalog/monitores/MONBNQ1280.jpg,https://static.ctonline.mx/imagenes/MONBNQ1280/MONBNQ1280_400.jpg
MONBNQ1410,"Monitor BenQ GW3290QT. 9H.LLHLA.TBA 31.5"" Resolución 2K QHD (2560 x 1440 pixeles) Retroiluminación LED PANEL IPS / Anti-reflejante Contraste: 1000:1. Contraste Dinámico: 20 M:1. Formato 16:9. 1.07 billones de colores. Brillo 350 cd/m². Dot Pitch 0.273. Angulo de Visión (Izq/Der: Arriba/Abajo) 178° / 178° Tiempo de respuesta 5 ms (GTG). Modo de Imagen Color M-Book / Estándar /  Juego / ePaper / Cine / Eye Care. Entradas: HDMI(v1.4) x 1 / Display Port in (v 1.2) x1 / Display Port out ( MTS) - (Cascadeo de imagen) / USB Tipo C (x1 - 65W / DP Alt Mode, Data ) / Audífonos / Micrófono (cancelación de ruido) Bocinas 2W (x2)  Tecnología Flicker-free, Low Blue Light Plus, AMA. Brillo Inteligente, Gen 2, Energy Star/ TCO / EPEAT, Ajuste de altura 110 mm, Pivot 90°, Giro 20°/20°, Inclinación -5°-20°, VESA 100 x 100. Incluye: Cable de Poder(1.5 mts), HDMI 1.4, USB Tipo C, Garantía y Guía de Inicio Rápido, Color Blanco . Dimensiones: 488 (min) - 597.7 (max) x 714 x 251.50 mm.  Peso: 10.1 kg.","Monitor BenQ GW3290QT. 9H.LLHLA.TBA 31.5"" Resolución 2K QHD (2560 x 1440 pixeles) Retroiluminación LED PANEL IPS / Anti-reflejante Contraste: 1000:1. Contraste Dinámico: 20 M:1. Formato 16:9. 1.07 billones de colores. Brillo 350 cd/m². Dot Pitch 0.273. Angulo de Visión (Izq/Der: Arriba/Abajo) 178° / 178° Tiempo de respuesta 5 ms (GTG). Modo de Imagen Color M-Book / Estándar /  Juego / ePaper / Cine / Eye Care. Entradas: HDMI(v1.4) x 1 / Display Port in (v 1.2) x1 / Display Port out ( MTS) - (Cascadeo de imagen) / USB Tipo C (x1 - 65W / DP Alt Mode, Data ) / Audífonos / Micrófono (cancelación de ruido) Bocinas 2W (x2)  Tecnología Flicker-free, Low Blue Light Plus, AMA. Brillo Inteligente, Gen 2, Energy Star/ TCO / EPEAT, Ajuste de altura 110 mm, Pivot 90°, Giro 20°/20°, Inclinación -5°-20°, VESA 100 x 100. Incluye: Cable de Poder(1.5 mts), HDMI 1.4, USB Tipo C, Garantía y Guía de Inicio Rápido, Color Blanco . Dimensiones: 488 (min) - 597.7 (max) x 714 x 251.50 mm.  Peso: 10.1 kg.. Clave Oficial CT: MONBNQ1410. Marca: CT.",COMPONENTES DE ENSAMBLE,monitores,CT,7077.42,138009.68,220815.48,220815.48,186313.06,186313.06,172512.1,165611.61,assets/img/catalog/monitores/MONBNQ1410.jpg,assets/img/catalog/monitores/MONBNQ1410.jpg,https://static.ctonline.mx/imagenes/MONBNQ1410/MONBNQ1410_400.jpg
MONBNQ1530,"Monitor BenQ GW2786TC. 9H.LMNLB.QBL. LED de 27"". Wide Screen. Resolución: Full HD (1920 x 1080). Panel IPS / Anti-Glare. Contraste: 1300:1/ Dinámico 20 millones:1. Formato 16:9. Cantidad de Colores 16.7 millones. Gama de Color 99% sRGB, Brillo 250 nits. Dot Pitch 0.311. Angulo de Visión (Izq/Der) 178° / 178°. Tiempo de respuesta 5 ms (GTG). Frecuencia de Actualización 100 Hz. Entradas: HDMI, USB-C, Display Port in v1.2 (x1) / Display Port out / USB tipo A/ Audífonos in/ Bocinas 2Wx2/ Micrófono. Tecnología Eye Care: Flicker-Free, Color Weakness, Low Blue Light, Brightness intelligence Gen2, ePaper, EPEAT, Ajuste de Altura 130 mm, Ajuste de inclinación -5°/-20°, Giro 45°/45°, Pivot 90°, VESA 100 x 100 mm / K-Locker. Incluye: Cable de poder (1.5 mt) y HDMI, USB tipo C, Garantía, Guía de Inicio Rápido. Dimensiones: 407(min)- 535 (max) x 612 x 235 mm. Peso: 7.9 kg. Color: Blanco. 3 años de Garantia","Monitor BenQ GW2786TC. 9H.LMNLB.QBL. LED de 27"". Wide Screen. Resolución: Full HD (1920 x 1080). Panel IPS / Anti-Glare. Contraste: 1300:1/ Dinámico 20 millones:1. Formato 16:9. Cantidad de Colores 16.7 millones. Gama de Color 99% sRGB, Brillo 250 nits. Dot Pitch 0.311. Angulo de Visión (Izq/Der) 178° / 178°. Tiempo de respuesta 5 ms (GTG). Frecuencia de Actualización 100 Hz. Entradas: HDMI, USB-C, Display Port in v1.2 (x1) / Display Port out / USB tipo A/ Audífonos in/ Bocinas 2Wx2/ Micrófono. Tecnología Eye Care: Flicker-Free, Color Weakness, Low Blue Light, Brightness intelligence Gen2, ePaper, EPEAT, Ajuste de Altura 130 mm, Ajuste de inclinación -5°/-20°, Giro 45°/45°, Pivot 90°, VESA 100 x 100 mm / K-Locker. Incluye: Cable de poder (1.5 mt) y HDMI, USB tipo C, Garantía, Guía de Inicio Rápido. Dimensiones: 407(min)- 535 (max) x 612 x 235 mm. Peso: 7.9 kg. Color: Blanco. 3 años de Garantia. Clave Oficial CT: MONBNQ1530. Marca: CT.",COMPONENTES DE ENSAMBLE,monitores,CT,3648.39,71143.55,113829.68,113829.68,96043.79,96043.79,88929.44,85372.26,assets/img/catalog/monitores/MONBNQ1530.jpg,assets/img/catalog/monitores/MONBNQ1530.jpg,https://static.ctonline.mx/imagenes/MONBNQ1530/MONBNQ1530_400.jpg
MONBNQ1570,"Monitor BenQ GW2790Q. 9H.LMALE.EBL. LED de 27"". Wide Screen. Resolución: 2K QHD (2560 x 1440). Panel IPS / Anti-Glare. Contraste: 1500:1/ Dinámico 20 millones:1. Formato 16:9. Cantidad de Colores 16.7 millones. Gama de Color 99% sRGB, Brillo 350 nits. Dot Pitch 0.233. Angulo de Visión (Izq/Der) 178° / 178°. Tiempo de respuesta 5 ms (GTG). Frecuencia de Actualización 100 Hz. Entradas: HDMI, Display Port in v1.2 (x1) / Audífonos in/ Bocinas 2Wx2. Tecnología Eye Care: Flicker-Free, Color Weakness, Low Blue Light, Brightness Intelligence Gen2, ePaper, EPEAT, Inclinación -5°/-20°. VESA 100 x 100 mm / K-Locker. Incluye: Cable de poder (1.5 mt) y HDMI, Garantía, Guía de Inicio Rápido. Dimensiones: 448.50 x 614 x 181.9 mm. Peso: 4.7 kg. Color: Gris Oscuro. 3 años de Garantia","Monitor BenQ GW2790Q. 9H.LMALE.EBL. LED de 27"". Wide Screen. Resolución: 2K QHD (2560 x 1440). Panel IPS / Anti-Glare. Contraste: 1500:1/ Dinámico 20 millones:1. Formato 16:9. Cantidad de Colores 16.7 millones. Gama de Color 99% sRGB, Brillo 350 nits. Dot Pitch 0.233. Angulo de Visión (Izq/Der) 178° / 178°. Tiempo de respuesta 5 ms (GTG). Frecuencia de Actualización 100 Hz. Entradas: HDMI, Display Port in v1.2 (x1) / Audífonos in/ Bocinas 2Wx2. Tecnología Eye Care: Flicker-Free, Color Weakness, Low Blue Light, Brightness Intelligence Gen2, ePaper, EPEAT, Inclinación -5°/-20°. VESA 100 x 100 mm / K-Locker. Incluye: Cable de poder (1.5 mt) y HDMI, Garantía, Guía de Inicio Rápido. Dimensiones: 448.50 x 614 x 181.9 mm. Peso: 4.7 kg. Color: Gris Oscuro. 3 años de Garantia. Clave Oficial CT: MONBNQ1570. Marca: CT.",COMPONENTES DE ENSAMBLE,monitores,CT,2847.31,55522.58,88836.13,88836.13,74955.48,74955.48,69403.23,66627.1,assets/img/catalog/monitores/MONBNQ1570.jpg,assets/img/catalog/monitores/MONBNQ1570.jpg,https://static.ctonline.mx/imagenes/MONBNQ1570/MONBNQ1570_400.jpg
MONBNQ1630,"Monitor BenQ GW2486TC. 9H.LMLLB.QBL. LED de 23.8"". Wide Screen. Resolución: Full HD (1920 x 1080). Panel IPS / Anti-Glare. Contraste: 1300:1/ Dinámico 20 millones:1. Formato 16:9. Cantidad de Colores 16.7 millones. Gama de Color 99% sRGB, Brillo 250 nits. Dot Pitch 0.275. Angulo de Visión (Izq/Der) 178° / 178°. Tiempo de respuesta 5 ms (GTG). Frecuencia de Actualización 100 Hz. Entradas: HDMI, USB-C, Display Port in v1.2 (x1) / Display Port out / USB tipo A/ Audífonos in/ Bocinas 2Wx2/ Micrófono. Tecnología Eye Care: Flicker-Free, Color Weakness, Low Blue Light, Brightness intelligence Gen2, ePaper, EPEAT, Ajuste de Altura 130 mm, Ajuste de inclinación -5°/-20°, Giro 45°/45°, Pivot 90°, VESA 100 x 100 mm / K-Locker. Incluye: Cable de poder (1.5 mt) y HDMI, Garantía, Guía de Inicio Rápido. Dimensiones: 371.4(min) - 501.4 (max) x 540 x 184.9 mm. Peso: 6.4 kg. Color: Blanco. 3 años de Garantia","Monitor BenQ GW2486TC. 9H.LMLLB.QBL. LED de 23.8"". Wide Screen. Resolución: Full HD (1920 x 1080). Panel IPS / Anti-Glare. Contraste: 1300:1/ Dinámico 20 millones:1. Formato 16:9. Cantidad de Colores 16.7 millones. Gama de Color 99% sRGB, Brillo 250 nits. Dot Pitch 0.275. Angulo de Visión (Izq/Der) 178° / 178°. Tiempo de respuesta 5 ms (GTG). Frecuencia de Actualización 100 Hz. Entradas: HDMI, USB-C, Display Port in v1.2 (x1) / Display Port out / USB tipo A/ Audífonos in/ Bocinas 2Wx2/ Micrófono. Tecnología Eye Care: Flicker-Free, Color Weakness, Low Blue Light, Brightness intelligence Gen2, ePaper, EPEAT, Ajuste de Altura 130 mm, Ajuste de inclinación -5°/-20°, Giro 45°/45°, Pivot 90°, VESA 100 x 100 mm / K-Locker. Incluye: Cable de poder (1.5 mt) y HDMI, Garantía, Guía de Inicio Rápido. Dimensiones: 371.4(min) - 501.4 (max) x 540 x 184.9 mm. Peso: 6.4 kg. Color: Blanco. 3 años de Garantia. Clave Oficial CT: MONBNQ1630. Marca: CT.",COMPONENTES DE ENSAMBLE,monitores,CT,3064.52,59758.06,95612.9,95612.9,80673.39,80673.39,74697.58,71709.68,assets/img/catalog/monitores/MONBNQ1630.jpg,assets/img/catalog/monitores/MONBNQ1630.jpg,https://static.ctonline.mx/imagenes/MONBNQ1630/MONBNQ1630_400.jpg
MONBNQ1640,"Monitor BenQ GW2790QT. 9H.LLGLA.TBL. LED de 27"". Wide Screen. Resolución: 2K QHD (2560 x 1440). Panel IPS / Anti-Glare. Contraste: 1000:1/ Dinámico 20 millones:1. Formato 16:9 (Nativo). Cantidad de Colores 16.7 millones. Gama de Color 99% sRGB, Brillo 350 nits. Dot Pitch 0.233. Angulo de Visión (Izq/Der) 178° / 178°. Tiempo de respuesta 5 ms (GTG). Frecuencia de Actualización 75 Hz. Entradas: HDMI, Display Port out, Display Port in v1.2 (x1) / Audífonos in/ Bocinas 2Wx2, Micrófono. Tecnología Eye Care: Flicker-Free, Color Weakness, Low Blue Light, Brightness Intelligence Gen2, ePaper, EPEAT, Inclinación -5°/-20°. VESA 100 x 100 mm / K-Locker. Incluye: Cable de poder (1.5 mt) y HDMI, Garantía, Guía de Inicio Rápido. Dimensiones: 424.70 (min)- 534.3(max) x 614 x 238.5 mm. Peso: 8.4 kg. Pivot 90°, Giro 20°/20°, Inclinación -5°/-20°, Ajuste de altura hasta 110 mm. Color: Blanco. 3 años de Garantia.","Monitor BenQ GW2790QT. 9H.LLGLA.TBL. LED de 27"". Wide Screen. Resolución: 2K QHD (2560 x 1440). Panel IPS / Anti-Glare. Contraste: 1000:1/ Dinámico 20 millones:1. Formato 16:9 (Nativo). Cantidad de Colores 16.7 millones. Gama de Color 99% sRGB, Brillo 350 nits. Dot Pitch 0.233. Angulo de Visión (Izq/Der) 178° / 178°. Tiempo de respuesta 5 ms (GTG). Frecuencia de Actualización 75 Hz. Entradas: HDMI, Display Port out, Display Port in v1.2 (x1) / Audífonos in/ Bocinas 2Wx2, Micrófono. Tecnología Eye Care: Flicker-Free, Color Weakness, Low Blue Light, Brightness Intelligence Gen2, ePaper, EPEAT, Inclinación -5°/-20°. VESA 100 x 100 mm / K-Locker. Incluye: Cable de poder (1.5 mt) y HDMI, Garantía, Guía de Inicio Rápido. Dimensiones: 424.70 (min)- 534.3(max) x 614 x 238.5 mm. Peso: 8.4 kg. Pivot 90°, Giro 20°/20°, Inclinación -5°/-20°, Ajuste de altura hasta 110 mm. Color: Blanco. 3 años de Garantia.. Clave Oficial CT: MONBNQ1640. Marca: CT.",COMPONENTES DE ENSAMBLE,monitores,CT,5440.86,106096.77,169754.84,169754.84,143230.65,143230.65,132620.97,127316.13,assets/img/catalog/monitores/MONBNQ1640.jpg,assets/img/catalog/monitores/MONBNQ1640.jpg,https://static.ctonline.mx/imagenes/MONBNQ1640/MONBNQ1640_400.jpg
MONBNQ1290,"MONITOR BENQ MOBIUZ EX2710Q. 9H.LK4LA.TBL. Monitor 2K - HDRi para Gaming, 27"", Panel IPS con Anti-Reflejante, Iluminación LED Blacklight, Resolución 2K (2560 x 1440), Dot Pitch 0.311, Tiempo de Respuesta 1 ms (MPRT) / 2 ms (GtG), Brillo 250 cd/㎡ (típica) 400 cd/㎡ (HDR). Formato 16:9, Contraste Nativo: 1,000:1. Colores en pantalla : 16.7 billones, Gama de color 99% sRGB, ángulo de visión 178°/178°. VESA 10 x 100 mm. Frecuencia de Actualización 165 Hz. Puertos: HDMI (v2.0) x 2, Display Port (v1.2) x 1, USB 3.0 x 2 (downstream) / USB tipo B x 1 (upstream), Audífonos in, 2.1 canales (2W x 2 / 5W woofer ). Modo HDR 10 / Display HDR400 / FPS, AMD FreeSync, Black eQualizer, Motion Blur Reduction, Tecnología Flicker-Free, Low Blue Ligth, Brightness Intelligence Plus, AMA, Color Weakness / ePaper Compatible con MAC/Windows. Inclinación (abajo/arriba) -5˚ / 15˚, Giro(Izquierda/derecha) 15˚/ 15˚, Ajuste de Altura (mm) 100 mm. Dimensiones Mínimo: 409.6 x 614.1 x 216.7 mm / Máximo 539.6 x 614.1 x 216.7 mm, Peso 7.4 kg. Incluye: Tarjeta de Garantía / Guía inicio Rápido / Cable HDMI (v2.0), Cable de Poder. Color Gris Claro/ Gris Oscuro.","MONITOR BENQ MOBIUZ EX2710Q. 9H.LK4LA.TBL. Monitor 2K - HDRi para Gaming, 27"", Panel IPS con Anti-Reflejante, Iluminación LED Blacklight, Resolución 2K (2560 x 1440), Dot Pitch 0.311, Tiempo de Respuesta 1 ms (MPRT) / 2 ms (GtG), Brillo 250 cd/㎡ (típica) 400 cd/㎡ (HDR). Formato 16:9, Contraste Nativo: 1,000:1. Colores en pantalla : 16.7 billones, Gama de color 99% sRGB, ángulo de visión 178°/178°. VESA 10 x 100 mm. Frecuencia de Actualización 165 Hz. Puertos: HDMI (v2.0) x 2, Display Port (v1.2) x 1, USB 3.0 x 2 (downstream) / USB tipo B x 1 (upstream), Audífonos in, 2.1 canales (2W x 2 / 5W woofer ). Modo HDR 10 / Display HDR400 / FPS, AMD FreeSync, Black eQualizer, Motion Blur Reduction, Tecnología Flicker-Free, Low Blue Ligth, Brightness Intelligence Plus, AMA, Color Weakness / ePaper Compatible con MAC/Windows. Inclinación (abajo/arriba) -5˚ / 15˚, Giro(Izquierda/derecha) 15˚/ 15˚, Ajuste de Altura (mm) 100 mm. Dimensiones Mínimo: 409.6 x 614.1 x 216.7 mm / Máximo 539.6 x 614.1 x 216.7 mm, Peso 7.4 kg. Incluye: Tarjeta de Garantía / Guía inicio Rápido / Cable HDMI (v2.0), Cable de Poder. Color Gris Claro/ Gris Oscuro.. Clave Oficial CT: MONBNQ1290. Marca: CT.",COMPONENTES DE ENSAMBLE,monitores,CT,5930.11,115637.1,185019.35,185019.35,156110.08,156110.08,144546.37,138764.52,assets/img/catalog/monitores/MONBNQ1290.jpg,assets/img/catalog/monitores/MONBNQ1290.jpg,https://static.ctonline.mx/imagenes/MONBNQ1290/MONBNQ1290_400.jpg
MONBNQ1550,"Monitor BenQ ZOWIE XL2546X 9H.LLRLB.QBA. Para eSports de 24.5"", Full HD 1920x1080, Paso de píxel 0.283 mm. Contraste Dinámico 1,000:1, Panel TN, 240 Hz, 320 nits, HDMI 2.0 x3 / Mini USB / DP 1.2,  Audio in, VESA 100 x 100, Dimensiones Peso 6.1 kg. DyAc 2, Low blue light, Flicker-Free, S-Switch. Dimensiones Caja 67.5 cm ancho, 66 cm alto, 19 profundidad. Color Negro con detalles en Rojo. Accesorios incluidos: S Switch, Protector, Cable de vídeo DP 1.2 (1.8m) / HDMI 2.0 (1.8m), Cable de alimentación 1.8 m.","Monitor BenQ ZOWIE XL2546X 9H.LLRLB.QBA. Para eSports de 24.5"", Full HD 1920x1080, Paso de píxel 0.283 mm. Contraste Dinámico 1,000:1, Panel TN, 240 Hz, 320 nits, HDMI 2.0 x3 / Mini USB / DP 1.2,  Audio in, VESA 100 x 100, Dimensiones Peso 6.1 kg. DyAc 2, Low blue light, Flicker-Free, S-Switch. Dimensiones Caja 67.5 cm ancho, 66 cm alto, 19 profundidad. Color Negro con detalles en Rojo. Accesorios incluidos: S Switch, Protector, Cable de vídeo DP 1.2 (1.8m) / HDMI 2.0 (1.8m), Cable de alimentación 1.8 m.. Clave Oficial CT: MONBNQ1550. Marca: CT.",COMPONENTES DE ENSAMBLE,monitores,CT,8782.8,171264.52,274023.23,274023.23,231207.1,231207.1,214080.65,205517.42,assets/img/catalog/monitores/MONBNQ1550.jpg,assets/img/catalog/monitores/MONBNQ1550.jpg,https://static.ctonline.mx/imagenes/MONBNQ1550/MONBNQ1550_400.jpg
MONBNQ1490,"Monitor BenQ. MA270U. 9H.LWWLB.QBL. Monitor para Mac 27"" Resolución 4K ( 3840 x 2160 ). Retroiluminación LED, Formato 16:9. Tipo de Panel IPS/ Panel Nano Matte. Brillo 400 nits. Contraste Nativo 1200:1. Colores 1.07 Billones, Angulo de Visión 178°/178°, Tiempo de respuesta 5 ms(GTG). Gama de Color 99% sRGB, 95% P3. Frecuencia de actualización 60 Hz. Entradas: HDMI (v2.0) x 2 /  USB - C( Poder 90W / DP Alt Mode, Data) x1 / USB - C (3.2, 5 Gbps, Poder 15W) x1, USB-A (3.2, 5Gbps, Poder 7.5W) x2, Bocinas (3W) x 2, Audífonos. Características Especiales Eye Care, TÜV, Display Pilot, Pivot 90°, Giro 15°/15° Inclinación -5° / 20°, Ajuste de altura hasta 115 mm. VESA 100 x 100 mm / k-Locker, Auto Pivot, Cable de Poder (1.8 mts), HDMI 2.0, USB C. Dimensiones: 445.1 (min) - 560.1 (max) - 613.8 x 220.2 mm. Peso 8.2 kg. Color Gris Garantía 3 años.","Monitor BenQ. MA270U. 9H.LWWLB.QBL. Monitor para Mac 27"" Resolución 4K ( 3840 x 2160 ). Retroiluminación LED, Formato 16:9. Tipo de Panel IPS/ Panel Nano Matte. Brillo 400 nits. Contraste Nativo 1200:1. Colores 1.07 Billones, Angulo de Visión 178°/178°, Tiempo de respuesta 5 ms(GTG). Gama de Color 99% sRGB, 95% P3. Frecuencia de actualización 60 Hz. Entradas: HDMI (v2.0) x 2 /  USB - C( Poder 90W / DP Alt Mode, Data) x1 / USB - C (3.2, 5 Gbps, Poder 15W) x1, USB-A (3.2, 5Gbps, Poder 7.5W) x2, Bocinas (3W) x 2, Audífonos. Características Especiales Eye Care, TÜV, Display Pilot, Pivot 90°, Giro 15°/15° Inclinación -5° / 20°, Ajuste de altura hasta 115 mm. VESA 100 x 100 mm / k-Locker, Auto Pivot, Cable de Poder (1.8 mts), HDMI 2.0, USB C. Dimensiones: 445.1 (min) - 560.1 (max) - 613.8 x 220.2 mm. Peso 8.2 kg. Color Gris Garantía 3 años.. Clave Oficial CT: MONBNQ1490. Marca: CT.",COMPONENTES DE ENSAMBLE,monitores,CT,9827.96,191645.16,306632.26,306632.26,258720.97,258720.97,239556.45,229974.19,assets/img/catalog/monitores/MONBNQ1490.jpg,assets/img/catalog/monitores/MONBNQ1490.jpg,https://static.ctonline.mx/imagenes/MONBNQ1490/MONBNQ1490_400.jpg
MONBNQ1660,"Monitor BENQ  27 PD2706QN 9H.LNDLA.TBA, Pantalla: 27″ IPS QHD (2560×1440), 100 Hz, Conectividad: USB-C con 90 W de carga, HDMI 2.0, DisplayPort 1.4, hub USB, KVM integrado, Funciones: Modos creativos (DualView, CAD/CAM, M-Book, Darkroom), ICCSync, Display Pilot 2.","Monitor BENQ  27 PD2706QN 9H.LNDLA.TBA, Pantalla: 27″ IPS QHD (2560×1440), 100 Hz, Conectividad: USB-C con 90 W de carga, HDMI 2.0, DisplayPort 1.4, hub USB, KVM integrado, Funciones: Modos creativos (DualView, CAD/CAM, M-Book, Darkroom), ICCSync, Display Pilot 2.. Clave Oficial CT: MONBNQ1660. Marca: CT.",COMPONENTES DE ENSAMBLE,monitores,CT,8625.81,168203.23,269125.16,269125.16,227074.35,227074.35,210254.03,201843.87,assets/img/catalog/monitores/MONBNQ1660.jpg,assets/img/catalog/monitores/MONBNQ1660.jpg,https://static.ctonline.mx/imagenes/MONBNQ1660/MONBNQ1660_400.jpg
MONBNQ1670,"Monitor 27"" 5K BENQ PD2730S 9H.LLJLB.QBL, Pantalla: 27″ IPS con resolución 5K (5120 × 2880), entradas, Thunderbolt 4 con entrega de energía hasta 90 W, modo DisplayPort Alt, y daisy-chain, HDMI 2.1, DisplayPort 1.4, USB-C upstream","Monitor 27"" 5K BENQ PD2730S 9H.LLJLB.QBL, Pantalla: 27″ IPS con resolución 5K (5120 × 2880), entradas, Thunderbolt 4 con entrega de energía hasta 90 W, modo DisplayPort Alt, y daisy-chain, HDMI 2.1, DisplayPort 1.4, USB-C upstream. Clave Oficial CT: MONBNQ1670. Marca: CT.",COMPONENTES DE ENSAMBLE,monitores,CT,10752.69,209677.42,335483.87,335483.87,283064.52,283064.52,262096.77,251612.9,assets/img/catalog/monitores/MONBNQ1670.jpg,assets/img/catalog/monitores/MONBNQ1670.jpg,https://static.ctonline.mx/imagenes/MONBNQ1670/MONBNQ1670_400.jpg
MONBNQ1480,"Monitor BenQ. RD280U. 9H.LM1LJ.TBA. Monitor para Programación 28.2"". Resolución 4K ( 3840 x 2560 ). Retroiluminación LED, Relación de Aspecto 3:2. Dot Pitch 0.155. Tipo de Panel IPS / Panel Nano Matte. Brillo 350 nits. Contraste 1200:1. Colores 1.07 Billones, Angulo de Visión 178°/178°, Tiempo de respuesta 5 ms(GTG). Gama de Color 95% P3. Frecuencia de actualización 60 Hz(DP, USB-C). Entradas: HDMI (v2.0) x 1 / DP v1.4 x 1/ USB - C (Poder 90W / DP Alt Mode, Data) x1/ USB-C, USB-A x 3, USB-B x1, Audífonos, Bocinas 2Wx2. Consumo de Energía Normal 34 W, Consumo de Energía Max. 205 W, Standby .05 W. Energía (USB C/ Thunderbolt 3) 90W. Características Especiales Tecnología Eye Care, Night Hours Protecftion, Certificación TÜV Rheinlan, Energy Star, TCO, EPEAT, Display Pilot 2, Giro 15°/15° Inclinación -5° / 20°, Ajuste de altura hasta 110 mm. VESA 100 x 100 mm / K-Locker. Compatible con MAC, MoonHalo (anillo de luz), Incluye: Cable de Poder (1.8 mts), HDMI 2.0, USB 3.2, USB-C, Guía de inicio rápido, Tarjeta de Garantia, Instrucciones de seguridad. Dimensiones: 474.3 (min) - 587.3 (max) - 610.4 x 244.5 mm. Peso 10.4 kg. Color Gris Garantía 3 años.","Monitor BenQ. RD280U. 9H.LM1LJ.TBA. Monitor para Programación 28.2"". Resolución 4K ( 3840 x 2560 ). Retroiluminación LED, Relación de Aspecto 3:2. Dot Pitch 0.155. Tipo de Panel IPS / Panel Nano Matte. Brillo 350 nits. Contraste 1200:1. Colores 1.07 Billones, Angulo de Visión 178°/178°, Tiempo de respuesta 5 ms(GTG). Gama de Color 95% P3. Frecuencia de actualización 60 Hz(DP, USB-C). Entradas: HDMI (v2.0) x 1 / DP v1.4 x 1/ USB - C (Poder 90W / DP Alt Mode, Data) x1/ USB-C, USB-A x 3, USB-B x1, Audífonos, Bocinas 2Wx2. Consumo de Energía Normal 34 W, Consumo de Energía Max. 205 W, Standby .05 W. Energía (USB C/ Thunderbolt 3) 90W. Características Especiales Tecnología Eye Care, Night Hours Protecftion, Certificación TÜV Rheinlan, Energy Star, TCO, EPEAT, Display Pilot 2, Giro 15°/15° Inclinación -5° / 20°, Ajuste de altura hasta 110 mm. VESA 100 x 100 mm / K-Locker. Compatible con MAC, MoonHalo (anillo de luz), Incluye: Cable de Poder (1.8 mts), HDMI 2.0, USB 3.2, USB-C, Guía de inicio rápido, Tarjeta de Garantia, Instrucciones de seguridad. Dimensiones: 474.3 (min) - 587.3 (max) - 610.4 x 244.5 mm. Peso 10.4 kg. Color Gris Garantía 3 años.. Clave Oficial CT: MONBNQ1480. Marca: CT.",COMPONENTES DE ENSAMBLE,monitores,CT,9610.75,187409.68,299855.48,299855.48,253003.06,253003.06,234262.1,224891.61,assets/img/catalog/monitores/MONBNQ1480.jpg,assets/img/catalog/monitores/MONBNQ1480.jpg,https://static.ctonline.mx/imagenes/MONBNQ1480/MONBNQ1480_400.jpg
MONBNQ1350,"Monitor BENQ MOBIUZ EX3410R 9H.LKKLA.TBA. Monitor Curvo para Gaming, 34"" (Curvatura 1000R), Panel VA con Anti-Reflejante, Iluminación LED backlight, Resolución (3440 x 1440), Tiempo de Respuesta 1 ms (MPRT) / 2 ms (GtG), Brillo 350 cd/m² (típica) / 400 cd/m²(HDR). Formato 21:9( otros seleccionables: 1:1 / Full), Contraste 3,000:1, Cantidad de colores 16.7 billones( 8 bits), Gama de color 90% P3, Angulo de visión 178°/178°. VESA 100 x 100 mm, Frecuencia de actualización Display Port:144 Hz/ HDMI:120 Hz, Puertos: HDMI (v2.0) x 2, DisplayPort (v1.4) x 1, USB Tipo B (upstream) x 1 / USB 3.0 (downstream) x 2 / Audífonos in / Bocinas TreVolo : 2.1 Canales (2W (x2) + Woofer 5W) Altavoz integrado (2.5W )x 2, Audífonos. Modo HDR / GameHDRi / FPS / RPG / sRGB / M-book / ePaper / Estándar. AMD FreeSync Pro, Tecnología Flicker-Free, Low Blue Ligth, Brightness Intelligence Plus, AMA, Color Weakness. Compatible con MAC/Windows. Giro 15° / 15° / Inclinación -5° / 15°, Dimensiones: 431 x 796 x 270 mm / Máximo 530.8 x 796 x 270 mm. Peso 9.85kg. Guía inicio Rápido / Cable HDMI (v2.0), Cable Display Port (v 1.4) Cable USB 3.0 / Cable de Poder. Color Negro con Gris Metalizado.","Monitor BENQ MOBIUZ EX3410R 9H.LKKLA.TBA. Monitor Curvo para Gaming, 34"" (Curvatura 1000R), Panel VA con Anti-Reflejante, Iluminación LED backlight, Resolución (3440 x 1440), Tiempo de Respuesta 1 ms (MPRT) / 2 ms (GtG), Brillo 350 cd/m² (típica) / 400 cd/m²(HDR). Formato 21:9( otros seleccionables: 1:1 / Full), Contraste 3,000:1, Cantidad de colores 16.7 billones( 8 bits), Gama de color 90% P3, Angulo de visión 178°/178°. VESA 100 x 100 mm, Frecuencia de actualización Display Port:144 Hz/ HDMI:120 Hz, Puertos: HDMI (v2.0) x 2, DisplayPort (v1.4) x 1, USB Tipo B (upstream) x 1 / USB 3.0 (downstream) x 2 / Audífonos in / Bocinas TreVolo : 2.1 Canales (2W (x2) + Woofer 5W) Altavoz integrado (2.5W )x 2, Audífonos. Modo HDR / GameHDRi / FPS / RPG / sRGB / M-book / ePaper / Estándar. AMD FreeSync Pro, Tecnología Flicker-Free, Low Blue Ligth, Brightness Intelligence Plus, AMA, Color Weakness. Compatible con MAC/Windows. Giro 15° / 15° / Inclinación -5° / 15°, Dimensiones: 431 x 796 x 270 mm / Máximo 530.8 x 796 x 270 mm. Peso 9.85kg. Guía inicio Rápido / Cable HDMI (v2.0), Cable Display Port (v 1.4) Cable USB 3.0 / Cable de Poder. Color Negro con Gris Metalizado.. Clave Oficial CT: MONBNQ1350. Marca: CT.",COMPONENTES DE ENSAMBLE,monitores,CT,7981.72,155643.55,249029.68,249029.68,210118.79,210118.79,194554.44,186772.26,assets/img/catalog/monitores/MONBNQ1350.jpg,assets/img/catalog/monitores/MONBNQ1350.jpg,https://static.ctonline.mx/imagenes/MONBNQ1350/MONBNQ1350_400.jpg
MONBNQ1730,Monitor BenQ MA270UP de 27” 4K UHD con panel IPS optimizado para Mac que ofrece una cobertura de color del 95% DCI-P3 y tratamiento antirreflejo Nano Matte. Puertos HDMI x2 / USB-C x2 (Power Delivery 90W/15W) / USB Type-A x2 / Salida de Audífonos / Bocinas (3W) x2,Monitor BenQ MA270UP de 27” 4K UHD con panel IPS optimizado para Mac que ofrece una cobertura de color del 95% DCI-P3 y tratamiento antirreflejo Nano Matte. Puertos HDMI x2 / USB-C x2 (Power Delivery 90W/15W) / USB Type-A x2 / Salida de Audífonos / Bocinas (3W) x2. Clave Oficial CT: MONBNQ1730. Marca: CT.,COMPONENTES DE ENSAMBLE,monitores,CT,10307.53,200996.77,321594.84,321594.84,271345.65,271345.65,251245.97,241196.13,assets/img/catalog/monitores/MONBNQ1730.jpg,assets/img/catalog/monitores/MONBNQ1730.jpg,https://static.ctonline.mx/imagenes/MONBNQ1730/MONBNQ1730_400.jpg
MONBNQ1500,"Monitor BenQ. MA320U. 9H.LMXLB.QBA. Monitor para Mac 31.5"" Resolución 4K UHD ( 3840 x 2160 ). Retroiluminación LED, Formato 16:9. Tipo de Panel IPS/ Panel Nano Matte. Brillo 400 nits. Contraste Nativo 1300:1. Colores 1.07 Billones, Angulo de Visión 178°/178°, Tiempo de respuesta 5 ms(GTG). Gama de Color 99% sRGB, 97% P3. Frecuencia de actualización 60 Hz. Entradas: HDMI (v2.0) x 2 /  USB - C( Poder 90W / DP Alt Mode, Data) x1 / USB - C (3.2, 5Gbps, Poder 15W) x1, USB-A (3.2, 5Gbps, Poder 7.5W) x2, Bocinas (3W) x 2, Audífonos. Características Especiales Eye Care, TÜV, Display Pilot, Pivot 90°, Giro 15°/15° Inclinación -5° / 20°, Ajuste de altura hasta 115 mm. VESA 100 x 100 mm / k-Locker, Auto Pivot, Cable de Poder (1.8 mts), HDMI 2.0, USB C, Guía de Inicio rápido, Tarjeta de Garantia, Dimensiones: 493.8 (min) - 608.8 (max) - 714.5 x 220.2 mm. Peso 9.1 kg. Color Gris Garantía 3 años.","Monitor BenQ. MA320U. 9H.LMXLB.QBA. Monitor para Mac 31.5"" Resolución 4K UHD ( 3840 x 2160 ). Retroiluminación LED, Formato 16:9. Tipo de Panel IPS/ Panel Nano Matte. Brillo 400 nits. Contraste Nativo 1300:1. Colores 1.07 Billones, Angulo de Visión 178°/178°, Tiempo de respuesta 5 ms(GTG). Gama de Color 99% sRGB, 97% P3. Frecuencia de actualización 60 Hz. Entradas: HDMI (v2.0) x 2 /  USB - C( Poder 90W / DP Alt Mode, Data) x1 / USB - C (3.2, 5Gbps, Poder 15W) x1, USB-A (3.2, 5Gbps, Poder 7.5W) x2, Bocinas (3W) x 2, Audífonos. Características Especiales Eye Care, TÜV, Display Pilot, Pivot 90°, Giro 15°/15° Inclinación -5° / 20°, Ajuste de altura hasta 115 mm. VESA 100 x 100 mm / k-Locker, Auto Pivot, Cable de Poder (1.8 mts), HDMI 2.0, USB C, Guía de Inicio rápido, Tarjeta de Garantia, Dimensiones: 493.8 (min) - 608.8 (max) - 714.5 x 220.2 mm. Peso 9.1 kg. Color Gris Garantía 3 años.. Clave Oficial CT: MONBNQ1500. Marca: CT.",COMPONENTES DE ENSAMBLE,monitores,CT,11101.08,216470.97,346353.55,346353.55,292235.81,292235.81,270588.71,259765.16,assets/img/catalog/monitores/MONBNQ1500.jpg,assets/img/catalog/monitores/MONBNQ1500.jpg,https://static.ctonline.mx/imagenes/MONBNQ1500/MONBNQ1500_400.jpg
MONBNQ1430,"Monitor BenQ ZOWIE XL2566K 9H.LKRLB.QBL. Monitor Gaming 24.5"", Panel TN, Iluminación LED, Resolución FHD 1920 x 1080 pixeles a 360 Hz, Brillo 320 cd/㎡, Formato 16:9, Contraste 1,000:1, Cantidad de Colores 16.7 billones, VESA 100 x 100, ángulo de visión 170°/160°. Frecuencia Vertical / Horizontal HDMI (240 hz / 255 hz), DP (360 Hz/ 467 KHz ), Puertos: HDMI 2.0 x 2, DP 1.2, Audífonos in, Mini USB 2.0 x 1. Tecnología Flicker-Free, Low Blue Ligth, Tec DyAc+, AMA,   HDCP 1.4, Ajuste de Altura 155 mm, Giro (izq / der: 45°/45°), Pivot (90°), Pantalla antireflejante, Paletas Laterales, K locker, Incluye: Garantía / Guía inicio Rápido, Cable de Poder 1.8m, Cable DP, S Switch. Dimensiones Ancho 521.17 (Altura max), 366.17 (Altura min) x 571 x 200 mm., Peso 6.2 kg. Color del Monitor Gris Oscuro con acabado Rojos. Garantia de 3 años.","Monitor BenQ ZOWIE XL2566K 9H.LKRLB.QBL. Monitor Gaming 24.5"", Panel TN, Iluminación LED, Resolución FHD 1920 x 1080 pixeles a 360 Hz, Brillo 320 cd/㎡, Formato 16:9, Contraste 1,000:1, Cantidad de Colores 16.7 billones, VESA 100 x 100, ángulo de visión 170°/160°. Frecuencia Vertical / Horizontal HDMI (240 hz / 255 hz), DP (360 Hz/ 467 KHz ), Puertos: HDMI 2.0 x 2, DP 1.2, Audífonos in, Mini USB 2.0 x 1. Tecnología Flicker-Free, Low Blue Ligth, Tec DyAc+, AMA,   HDCP 1.4, Ajuste de Altura 155 mm, Giro (izq / der: 45°/45°), Pivot (90°), Pantalla antireflejante, Paletas Laterales, K locker, Incluye: Garantía / Guía inicio Rápido, Cable de Poder 1.8m, Cable DP, S Switch. Dimensiones Ancho 521.17 (Altura max), 366.17 (Altura min) x 571 x 200 mm., Peso 6.2 kg. Color del Monitor Gris Oscuro con acabado Rojos. Garantia de 3 años.. Clave Oficial CT: MONBNQ1430. Marca: CT.",COMPONENTES DE ENSAMBLE,monitores,CT,12426.88,242324.19,387718.71,387718.71,327137.66,327137.66,302905.24,290789.03,assets/img/catalog/monitores/MONBNQ1430.jpg,assets/img/catalog/monitores/MONBNQ1430.jpg,https://static.ctonline.mx/imagenes/MONBNQ1430/MONBNQ1430_400.jpg
MONBNQ1310,"Monitor BenQ PD3205U. 9H.LKGLA.TBA. LED de 31.5"". Wide Screen. Resolución: 4K  (3840x2160). PANEL IPS / Anti-Glare. Contraste: 1000:1. Formato 16:9. 1.07 Billones de colores. Brillo 250 cd/m² / 350 cd/m² (HDR). Dot Pitch 0.182. Angulo de Visión (Izq/Der) 178° / 178° Tiempo de respuesta 5 ms (GTG). Gama de color: 10 bits / 99% sRGB / 99% Rec. 709. Modo de Color Animation / CAD/CAM / Darkroom / DICOM / HDR / Low Blue Ligth / M-Book / Rec. 709/ sRGB / Usuario. Entradas: Display Port 1.4 / HDMI 2.0 / USB Tipo C (Alimentación 90W) USB Tipo C ( Downstream )/ USB 3.2 ( Downstream ) (x3)/ USB Tipo B (Upstream )(x2) Audífonos in / Bocinas 2.5W (x2). HDR 10 / FreeSync / HDCP (2.2)/ Delta E <=3. Tecnología Flicker-free, Low Blue Light, AMA. Software Display Pilot. Modos CAD CAM. Doble Vista. KVM Switch. Ergonomía : Ajuste de inclinación -5-20°, Giro 30° derecha / 30° izquierda, Pivote 90°, Altura hasta 110mm. Compatible con MAC / Win 10 y 11. Incluye: Hotckey Puck G2/ Reporte de Calibración de Fabrica / Guía de Inicio Rápido / Cable de poder/  HDMI, USB C, USB 3.0, DisplayPort 1.4. Dimensiones: Máxima 589 x 714.7 x 256.8 mm / Mínima 479 x 714.7 x 256.8 mm. Peso: 9.4 kg. Color: Negro / Gris.","Monitor BenQ PD3205U. 9H.LKGLA.TBA. LED de 31.5"". Wide Screen. Resolución: 4K  (3840x2160). PANEL IPS / Anti-Glare. Contraste: 1000:1. Formato 16:9. 1.07 Billones de colores. Brillo 250 cd/m² / 350 cd/m² (HDR). Dot Pitch 0.182. Angulo de Visión (Izq/Der) 178° / 178° Tiempo de respuesta 5 ms (GTG). Gama de color: 10 bits / 99% sRGB / 99% Rec. 709. Modo de Color Animation / CAD/CAM / Darkroom / DICOM / HDR / Low Blue Ligth / M-Book / Rec. 709/ sRGB / Usuario. Entradas: Display Port 1.4 / HDMI 2.0 / USB Tipo C (Alimentación 90W) USB Tipo C ( Downstream )/ USB 3.2 ( Downstream ) (x3)/ USB Tipo B (Upstream )(x2) Audífonos in / Bocinas 2.5W (x2). HDR 10 / FreeSync / HDCP (2.2)/ Delta E <=3. Tecnología Flicker-free, Low Blue Light, AMA. Software Display Pilot. Modos CAD CAM. Doble Vista. KVM Switch. Ergonomía : Ajuste de inclinación -5-20°, Giro 30° derecha / 30° izquierda, Pivote 90°, Altura hasta 110mm. Compatible con MAC / Win 10 y 11. Incluye: Hotckey Puck G2/ Reporte de Calibración de Fabrica / Guía de Inicio Rápido / Cable de poder/  HDMI, USB C, USB 3.0, DisplayPort 1.4. Dimensiones: Máxima 589 x 714.7 x 256.8 mm / Mínima 479 x 714.7 x 256.8 mm. Peso: 9.4 kg. Color: Negro / Gris.. Clave Oficial CT: MONBNQ1310. Marca: CT.",COMPONENTES DE ENSAMBLE,monitores,CT,12813.98,249872.58,399796.13,399796.13,337327.98,337327.98,312340.73,299847.1,assets/img/catalog/monitores/MONBNQ1310.jpg,assets/img/catalog/monitores/MONBNQ1310.jpg,https://static.ctonline.mx/imagenes/MONBNQ1310/MONBNQ1310_400.jpg
MONBNQ1540,"MONITOR BENQ MOBIUZ EX2710U. 9H.LKTLA.TBA. Monitor para Gaming, 27"", Panel IPS con Anti-Reflejante, Tipo de Iluminación Atenuacion, Resolución 4K (3840 x 2160), Dot Pitch 0.155, Tiempo de Respuesta 1 ms (MPRT) / 1 ms (GtG), Brillo 300 nits.  Formato 16:9, Full 1:1, Contraste 1,000:1. Canitdad de Colores 1.07 billones (10 bits), Gama de color 98% P3, Angulo de Visión 178°/178°. VESA 100 x 100 mm. Frecuencia de Actualización D.P. 144 Hz. / HDMI: 120 Hz, Puertos: HDMI (v2.1) x 2, Display Port (v1.4) x 1, USB Tipo Bx1,USB 3.0 x 4, Audífonos in,  Bocinas 2.1 Canales (2W x 2 + 5W Woofer). Modo HDRi / HDR10, FPS, AMD FreeSync Premium Pro, Black eQualizer, Motion Blur Reduction, Tecnología Flicker-Free, Low Blue Ligth, Brightness Intelligence Plus, Color Weakness / ePaper Compatible con MAC/Windows. Inclinación (abajo/arriba) -5° / 15°, Giro(Izquierda/derecha) 15°/ 15°˚, Ajuste de Altura (mm) 100 mm. Dimensiones Mínimo: 422.70 x 609 x 252.3 mm / Máximo 522.70 x 609.0 x 252.3 mm, Peso 8 kg. Incluye: Tarjeta de Garantía / Guía inicio Rápido / Cable HDMI (v2.1), Cable DP, Cable USB 3.0, Cable de Poder. Color Blanco con Gris Metalizado. 3 Años de Garantia.","MONITOR BENQ MOBIUZ EX2710U. 9H.LKTLA.TBA. Monitor para Gaming, 27"", Panel IPS con Anti-Reflejante, Tipo de Iluminación Atenuacion, Resolución 4K (3840 x 2160), Dot Pitch 0.155, Tiempo de Respuesta 1 ms (MPRT) / 1 ms (GtG), Brillo 300 nits.  Formato 16:9, Full 1:1, Contraste 1,000:1. Canitdad de Colores 1.07 billones (10 bits), Gama de color 98% P3, Angulo de Visión 178°/178°. VESA 100 x 100 mm. Frecuencia de Actualización D.P. 144 Hz. / HDMI: 120 Hz, Puertos: HDMI (v2.1) x 2, Display Port (v1.4) x 1, USB Tipo Bx1,USB 3.0 x 4, Audífonos in,  Bocinas 2.1 Canales (2W x 2 + 5W Woofer). Modo HDRi / HDR10, FPS, AMD FreeSync Premium Pro, Black eQualizer, Motion Blur Reduction, Tecnología Flicker-Free, Low Blue Ligth, Brightness Intelligence Plus, Color Weakness / ePaper Compatible con MAC/Windows. Inclinación (abajo/arriba) -5° / 15°, Giro(Izquierda/derecha) 15°/ 15°˚, Ajuste de Altura (mm) 100 mm. Dimensiones Mínimo: 422.70 x 609 x 252.3 mm / Máximo 522.70 x 609.0 x 252.3 mm, Peso 8 kg. Incluye: Tarjeta de Garantía / Guía inicio Rápido / Cable HDMI (v2.1), Cable DP, Cable USB 3.0, Cable de Poder. Color Blanco con Gris Metalizado. 3 Años de Garantia.. Clave Oficial CT: MONBNQ1540. Marca: CT.",COMPONENTES DE ENSAMBLE,monitores,CT,13723.66,267611.29,428178.06,428178.06,361275.24,361275.24,334514.11,321133.55,assets/img/catalog/monitores/MONBNQ1540.jpg,assets/img/catalog/monitores/MONBNQ1540.jpg,https://static.ctonline.mx/imagenes/MONBNQ1540/MONBNQ1540_400.jpg
MONBNQ1440,"Monitor BenQ. SW272Q. 9H.LLPLB.QBA. Resolución 2K (2560x1440). Retroiluminación LED, Formato 16:9. Tipo de Panel IPS. Anti-reflejo Brillo 300 nits. Contraste Nativo 1000:1. Colores 1.07 Billones, Angulo de Visión 178°/178°, Tiempo de respuesta 5 ms(GTG). Gama de Color 100% sRGB, 99% Adobe RGB, 98% P3. Frecuencia de actualización 60 Hz. Entradas: HDMI (v2.0) x 2 / DP v1.4 x 1/ USB - C( Poder 90W / DP Alt Mode, Data) / USB Tipo Bx1 / USB 3.1 x 2 / Ranura de Tarjeta (SD,SDHC, SDXC, MMC) Audífonos. Consumo de Energía Normal 25 W Consumo de Energía Max. 160 W. Energía (USB C/ Thunderbolt 3) 90W. Características Especiales Certificaciones Calman Verified / Pantone Validated / Pantone SkinTone Validated,  TÜV,  Informe de Calibración de Fabrica, Pivot 90°/Giro 30°/30° Inclinación -5° / 20°, Ajuste de altura hasta 140 mm. VESA 100 x 100 mm / k-Locker. Calibración por Hardware, Compatible con MAC y Windows, Incluye: Cubierta para Pantalla / Hot Key Puck G3 / Cable de Poder (1.8 mts), DP 1.4, HDMI 2.0, USB C. Dimensiones: 451 (min) - 591.80 (max) - 614 x 274 mm. Peso 8.3 kg. Color Negro Garantía 3 años.","Monitor BenQ. SW272Q. 9H.LLPLB.QBA. Resolución 2K (2560x1440). Retroiluminación LED, Formato 16:9. Tipo de Panel IPS. Anti-reflejo Brillo 300 nits. Contraste Nativo 1000:1. Colores 1.07 Billones, Angulo de Visión 178°/178°, Tiempo de respuesta 5 ms(GTG). Gama de Color 100% sRGB, 99% Adobe RGB, 98% P3. Frecuencia de actualización 60 Hz. Entradas: HDMI (v2.0) x 2 / DP v1.4 x 1/ USB - C( Poder 90W / DP Alt Mode, Data) / USB Tipo Bx1 / USB 3.1 x 2 / Ranura de Tarjeta (SD,SDHC, SDXC, MMC) Audífonos. Consumo de Energía Normal 25 W Consumo de Energía Max. 160 W. Energía (USB C/ Thunderbolt 3) 90W. Características Especiales Certificaciones Calman Verified / Pantone Validated / Pantone SkinTone Validated,  TÜV,  Informe de Calibración de Fabrica, Pivot 90°/Giro 30°/30° Inclinación -5° / 20°, Ajuste de altura hasta 140 mm. VESA 100 x 100 mm / k-Locker. Calibración por Hardware, Compatible con MAC y Windows, Incluye: Cubierta para Pantalla / Hot Key Puck G3 / Cable de Poder (1.8 mts), DP 1.4, HDMI 2.0, USB C. Dimensiones: 451 (min) - 591.80 (max) - 614 x 274 mm. Peso 8.3 kg. Color Negro Garantía 3 años.. Clave Oficial CT: MONBNQ1440. Marca: CT.",COMPONENTES DE ENSAMBLE,monitores,CT,15376.34,299838.71,479741.94,479741.94,404782.26,404782.26,374798.39,359806.45,assets/img/catalog/monitores/MONBNQ1440.jpg,assets/img/catalog/monitores/MONBNQ1440.jpg,https://static.ctonline.mx/imagenes/MONBNQ1440/MONBNQ1440_400.jpg
MONBNQ1590,"Monitor BENQ ZOWIE XL2586X+, 9H.LN8LB.QBL. Monitor Gaming 24.1"", Panel TN con antirreflejo, Iluminación LED, Resolución FHD 1920 x 1080 pixeles a 600 Hz, Brillo 320 cd/㎡, Formato 16:9, Contraste 1,000:1, Cantidad de Colores 16.7 millones, Angulo de visión 170°/160°. Frecuencia Vertical 24 Hz~600 Hz, Frecuencia Horizontal 30 KHz ~840 KHz. Puertos: HDMI 2.1 x 3, DP 1.4, Mini USB, Audífonos in. Tecnología Flicker-Free, Low Blue Ligth, Tec DyAc+, AMA, HDCP 1.4, Ajuste de Altura 155 mm, Giro (izq / der: 45°/45°), K locker, HDCP 1.2. VESA 100 x 100, Incluye: Garantía / Guía inicio Rápido, Cable de Poder 1.8m, Cable DP, HDMI, S Switch, Paletas Laterales. Dimensiones 517.3 (Altura max), 362.5 (Altura min) x 576.15 x 181.68 mm., Peso 5.9 kg. Color del Monitor Gris Oscuro con Acabados Rojos. Garantia de 3 años.","Monitor BENQ ZOWIE XL2586X+, 9H.LN8LB.QBL. Monitor Gaming 24.1"", Panel TN con antirreflejo, Iluminación LED, Resolución FHD 1920 x 1080 pixeles a 600 Hz, Brillo 320 cd/㎡, Formato 16:9, Contraste 1,000:1, Cantidad de Colores 16.7 millones, Angulo de visión 170°/160°. Frecuencia Vertical 24 Hz~600 Hz, Frecuencia Horizontal 30 KHz ~840 KHz. Puertos: HDMI 2.1 x 3, DP 1.4, Mini USB, Audífonos in. Tecnología Flicker-Free, Low Blue Ligth, Tec DyAc+, AMA, HDCP 1.4, Ajuste de Altura 155 mm, Giro (izq / der: 45°/45°), K locker, HDCP 1.2. VESA 100 x 100, Incluye: Garantía / Guía inicio Rápido, Cable de Poder 1.8m, Cable DP, HDMI, S Switch, Paletas Laterales. Dimensiones 517.3 (Altura max), 362.5 (Altura min) x 576.15 x 181.68 mm., Peso 5.9 kg. Color del Monitor Gris Oscuro con Acabados Rojos. Garantia de 3 años.. Clave Oficial CT: MONBNQ1590. Marca: CT.",COMPONENTES DE ENSAMBLE,monitores,CT,17512.9,341501.61,546402.58,546402.58,461027.18,461027.18,426877.02,409801.94,assets/img/catalog/monitores/MONBNQ1590.jpg,assets/img/catalog/monitores/MONBNQ1590.jpg,https://static.ctonline.mx/imagenes/MONBNQ1590/MONBNQ1590_400.jpg
MONBNQ1400,"Monitor BenQ. SW272U. 9H.LLFLB.QBA. Resolución 4K ( 3840 x 2160). Retroiluminación LED, Formato 16:9. Tipo de Panel IPS / Anti-Glare. Distancia entre Pixeles‎ 0.155‎. Brillo 400 nits. Contraste Nativo 1000:1. Colores 1.07 Billones, Angulo de Visión 178°/178°, Tiempo de respuesta 5 ms(GTG). Gama de Color 100% sRGB, 99% Adobe RGB, 99% P3. Frecuencia de actualización 60 Hz, Frecuencia Video 600 MHz Entradas: HDMI (2.0) x 2 / DP 1.4 x 1/ USB - C( Poder 90W / DP Alt Mode, Data) / USB Tipo bX1 / USB 3.1 x 2 / Ranura de Tarjeta (SD,SDHC, SDXC, MMC) Audífonos. Consumo de Energía 200W Max. USB C/ Thunderbolt 3 (90W). Características Tecnología AMA, Calibración de Fabrica, Pivot 90°/Giro 30°/30° Inclinación -5° / 20°, Ajuste de altura hasta  140 mm VESA 100 x 100 mm / k-Locker. Calibración por Hardware, Compatible con MAC y Windows, Incluye: Cubierta para Pantalla / Hotkey Puck G3 / Cable de Poder (1.8 mts), DP 1.4, HDMI 2.0, USB C / Informe de calibración / Informe de Calibración.  Dimensiones: 451 (min) - 591.80 (max) - 614 x 274 mm. Peso 8.6 kg. Color Negro Garantía 3 años.","Monitor BenQ. SW272U. 9H.LLFLB.QBA. Resolución 4K ( 3840 x 2160). Retroiluminación LED, Formato 16:9. Tipo de Panel IPS / Anti-Glare. Distancia entre Pixeles‎ 0.155‎. Brillo 400 nits. Contraste Nativo 1000:1. Colores 1.07 Billones, Angulo de Visión 178°/178°, Tiempo de respuesta 5 ms(GTG). Gama de Color 100% sRGB, 99% Adobe RGB, 99% P3. Frecuencia de actualización 60 Hz, Frecuencia Video 600 MHz Entradas: HDMI (2.0) x 2 / DP 1.4 x 1/ USB - C( Poder 90W / DP Alt Mode, Data) / USB Tipo bX1 / USB 3.1 x 2 / Ranura de Tarjeta (SD,SDHC, SDXC, MMC) Audífonos. Consumo de Energía 200W Max. USB C/ Thunderbolt 3 (90W). Características Tecnología AMA, Calibración de Fabrica, Pivot 90°/Giro 30°/30° Inclinación -5° / 20°, Ajuste de altura hasta  140 mm VESA 100 x 100 mm / k-Locker. Calibración por Hardware, Compatible con MAC y Windows, Incluye: Cubierta para Pantalla / Hotkey Puck G3 / Cable de Poder (1.8 mts), DP 1.4, HDMI 2.0, USB C / Informe de calibración / Informe de Calibración.  Dimensiones: 451 (min) - 591.80 (max) - 614 x 274 mm. Peso 8.6 kg. Color Negro Garantía 3 años.. Clave Oficial CT: MONBNQ1400. Marca: CT.",COMPONENTES DE ENSAMBLE,monitores,CT,25030.11,488087.1,780939.35,780939.35,658917.58,658917.58,610108.87,585704.52,assets/img/catalog/monitores/MONBNQ1400.jpg,assets/img/catalog/monitores/MONBNQ1400.jpg,https://static.ctonline.mx/imagenes/MONBNQ1400/MONBNQ1400_400.jpg
MONAOC1000,Monitor AOC Modelo 22B35HM23  Brillo 250 cd/m2 (Typical )Tiempo de respuesta 4ms Entrada de señal Hdmi 1.4 x 1 VGA  Hdmi  Resolución 1920 x 1080 @ 120 HZ Panel 21.5 (VA),Monitor AOC Modelo 22B35HM23  Brillo 250 cd/m2 (Typical )Tiempo de respuesta 4ms Entrada de señal Hdmi 1.4 x 1 VGA  Hdmi  Resolución 1920 x 1080 @ 120 HZ Panel 21.5 (VA). Clave Oficial CT: MONAOC1000. Marca: CT.,COMPONENTES DE ENSAMBLE,monitores,CT,1014.84,19789.42,31663.07,31663.07,26715.72,26715.72,24736.78,23747.31,assets/img/catalog/monitores/MONAOC1000.jpg,assets/img/catalog/monitores/MONAOC1000.jpg,https://static.ctonline.mx/imagenes/MONAOC1000/MONAOC1000_400.jpg
MONAOC1010,"Monitor AOC Modelo 24B35H3 Brillo 300 cd/m2 (Typical) Tiempo de respuesta 1ms MPRT Entrada de señal : 1HDMI 1.4 X 1VGA Resolución 1920 x 1080@ 120 hz  HDMI , 1920x1080 @ 75 HZ VGA Panel : IPS 23.8.","Monitor AOC Modelo 24B35H3 Brillo 300 cd/m2 (Typical) Tiempo de respuesta 1ms MPRT Entrada de señal : 1HDMI 1.4 X 1VGA Resolución 1920 x 1080@ 120 hz  HDMI , 1920x1080 @ 75 HZ VGA Panel : IPS 23.8.. Clave Oficial CT: MONAOC1010. Marca: CT.",COMPONENTES DE ENSAMBLE,monitores,CT,1117.41,21789.54,34863.26,34863.26,29415.87,29415.87,27236.92,26147.44,assets/img/catalog/monitores/MONAOC1010.jpg,assets/img/catalog/monitores/MONAOC1010.jpg,https://static.ctonline.mx/imagenes/MONAOC1010/MONAOC1010_400.jpg
MONAOC970,Monitor  AOC Modelo 22B2HM2 Brillo 250cd/m2 (Typical) Tiempo de respuesta 4ms (GTG) Entrada Hdmi x 1 VGA Resolución 1920 x 1080 @ 100HZ HDMI 1920 X 1080 @ 60HZ VGA Panel VA,Monitor  AOC Modelo 22B2HM2 Brillo 250cd/m2 (Typical) Tiempo de respuesta 4ms (GTG) Entrada Hdmi x 1 VGA Resolución 1920 x 1080 @ 100HZ HDMI 1920 X 1080 @ 60HZ VGA Panel VA. Clave Oficial CT: MONAOC970. Marca: CT.,COMPONENTES DE ENSAMBLE,monitores,CT,972.99,18973.29,30357.27,30357.27,25613.95,25613.95,23716.62,22767.95,assets/img/catalog/monitores/MONAOC970.jpg,assets/img/catalog/monitores/MONAOC970.jpg,https://static.ctonline.mx/imagenes/MONAOC970/MONAOC970_400.jpg
MONAOC980,Monitor AOC GAMING 24G50F Brillo 300 cd/m2 (Typical ) Tiempo de respuesta 0.5 ms (MPRT) Entrada de señal Hdmi 1.4 x 1 DP Resolución 1920 x 1080 @ 144 HZ PANEL IPS 23.8,Monitor AOC GAMING 24G50F Brillo 300 cd/m2 (Typical ) Tiempo de respuesta 0.5 ms (MPRT) Entrada de señal Hdmi 1.4 x 1 DP Resolución 1920 x 1080 @ 144 HZ PANEL IPS 23.8. Clave Oficial CT: MONAOC980. Marca: CT.,COMPONENTES DE ENSAMBLE,monitores,CT,1353.01,26383.71,42213.93,42213.93,35618.0,35618.0,32979.63,31660.45,assets/img/catalog/monitores/MONAOC980.jpg,assets/img/catalog/monitores/MONAOC980.jpg,https://static.ctonline.mx/imagenes/MONAOC980/MONAOC980_400.jpg
MONAOC1020,"Monitor AOC Modelo 27B35H3  Brillo 300 cd/m2 (TYPICAL) Tiempo de respuesta 1 ms MPRT Entrada de señal HDMI 1.4 X VGA Resolución 1920 x 1080  @ 120 HZ Hdmi, 1920 x 1080 @ 75  hz VGA Panel IPS  23.8","Monitor AOC Modelo 27B35H3  Brillo 300 cd/m2 (TYPICAL) Tiempo de respuesta 1 ms MPRT Entrada de señal HDMI 1.4 X VGA Resolución 1920 x 1080  @ 120 HZ Hdmi, 1920 x 1080 @ 75  hz VGA Panel IPS  23.8. Clave Oficial CT: MONAOC1020. Marca: CT.",COMPONENTES DE ENSAMBLE,monitores,CT,1500.0,29250.0,46800.0,46800.0,39487.5,39487.5,36562.5,35100.0,assets/img/catalog/monitores/MONAOC1020.jpg,assets/img/catalog/monitores/MONAOC1020.jpg,https://static.ctonline.mx/imagenes/MONAOC1020/MONAOC1020_400.jpg
MONAOC990,Monitor AOC GAMING 27G50F Brillo 300cd/m2 (Typical ) Tiempo de respuesta 0.05 ms (MPRT) Entrada de señal Hdmi 1.4 x DP Resolución 1920 x 1080 @ 144 HZ,Monitor AOC GAMING 27G50F Brillo 300cd/m2 (Typical ) Tiempo de respuesta 0.05 ms (MPRT) Entrada de señal Hdmi 1.4 x DP Resolución 1920 x 1080 @ 144 HZ. Clave Oficial CT: MONAOC990. Marca: CT.,COMPONENTES DE ENSAMBLE,monitores,CT,1664.91,32465.65,51945.04,51945.04,43828.63,43828.63,40582.07,38958.78,assets/img/catalog/monitores/MONAOC990.jpg,assets/img/catalog/monitores/MONAOC990.jpg,https://static.ctonline.mx/imagenes/MONAOC990/MONAOC990_400.jpg
MONAOC1030,Monitor AOC GAMING 27G4H Brillo 300 cd/m2  Tiempo de respuesta 0.5 ms (MPRT) Entrada de señal Hdmi Y  DP Resolución 1920 x 1080  200 HZ PANEL IPS,Monitor AOC GAMING 27G4H Brillo 300 cd/m2  Tiempo de respuesta 0.5 ms (MPRT) Entrada de señal Hdmi Y  DP Resolución 1920 x 1080  200 HZ PANEL IPS. Clave Oficial CT: MONAOC1030. Marca: CT.,COMPONENTES DE ENSAMBLE,monitores,CT,1768.42,34484.21,55174.74,55174.74,46553.68,46553.68,43105.26,41381.05,assets/img/catalog/monitores/MONAOC1030.jpg,assets/img/catalog/monitores/MONAOC1030.jpg,https://static.ctonline.mx/imagenes/MONAOC1030/MONAOC1030_400.jpg
MONAOC880,"Monitor portátil AOC Modelo 16T3E Led 15.6 Pulgadas (FULL HD) Tiempo de respuesta 4ms GTG Entrada USB-C × 1 (for Power input) USB-C × 1 (DP ALT,PD15W) Resolución 1920 x 1080 @ 60hz -USB C Panel (IPS)","Monitor portátil AOC Modelo 16T3E Led 15.6 Pulgadas (FULL HD) Tiempo de respuesta 4ms GTG Entrada USB-C × 1 (for Power input) USB-C × 1 (DP ALT,PD15W) Resolución 1920 x 1080 @ 60hz -USB C Panel (IPS). Clave Oficial CT: MONAOC880. Marca: CT.",COMPONENTES DE ENSAMBLE,monitores,CT,2165.37,42224.68,67559.49,67559.49,57003.32,57003.32,52780.86,50669.62,assets/img/catalog/monitores/MONAOC880.jpg,assets/img/catalog/monitores/MONAOC880.jpg,https://static.ctonline.mx/imagenes/MONAOC880/MONAOC880_400.jpg
MONAOC810,Monitor AOC Modelo 27B3HM Brillo 250 cd/m2 (Typical) Tiempo de respuesta 4ms (DCR) Entrada de señal 1 Hdmi1.4 x 1 Vga Resolución 1920x 1080 @ 75 hz Panel 27 (VA),Monitor AOC Modelo 27B3HM Brillo 250 cd/m2 (Typical) Tiempo de respuesta 4ms (DCR) Entrada de señal 1 Hdmi1.4 x 1 Vga Resolución 1920x 1080 @ 75 hz Panel 27 (VA). Clave Oficial CT: MONAOC810. Marca: CT.,COMPONENTES DE ENSAMBLE,monitores,CT,2186.32,42633.16,68213.05,68213.05,57554.76,57554.76,53291.45,51159.79,assets/img/catalog/monitores/MONAOC810.jpg,assets/img/catalog/monitores/MONAOC810.jpg,https://static.ctonline.mx/imagenes/MONAOC810/MONAOC810_400.jpg
MONAOC700,"Monitor AOC Modelo G2490VX Brillo 350cd/m2 (typical) Tiempo de respuesta 1ms (MPRT) Entrada de señal: Hdmi 1.4 x 1 Displayport 1.2 Resolucion: 1920x1080 @ 144 Hz- Dipslayport, Hdmi. Panel: 23.8(VA).","Monitor AOC Modelo G2490VX Brillo 350cd/m2 (typical) Tiempo de respuesta 1ms (MPRT) Entrada de señal: Hdmi 1.4 x 1 Displayport 1.2 Resolucion: 1920x1080 @ 144 Hz- Dipslayport, Hdmi. Panel: 23.8(VA).. Clave Oficial CT: MONAOC700. Marca: CT.",COMPONENTES DE ENSAMBLE,monitores,CT,2207.89,43053.95,68886.32,68886.32,58122.83,58122.83,53817.43,51664.74,assets/img/catalog/monitores/MONAOC700.jpg,assets/img/catalog/monitores/MONAOC700.jpg,https://static.ctonline.mx/imagenes/MONAOC700/MONAOC700_400.jpg
MONAOC940,Monitor AOC Modelo 27B30H Brillo 250cd/m2 (Typical) Tiempo de respuesta 1ms (MPRT) Entrada Hdmi 1920 X 1080 @ 60 HZ MINIMA  1920 X 1080 @ 100 HZ MAXIMA  Panel IPS.,Monitor AOC Modelo 27B30H Brillo 250cd/m2 (Typical) Tiempo de respuesta 1ms (MPRT) Entrada Hdmi 1920 X 1080 @ 60 HZ MINIMA  1920 X 1080 @ 100 HZ MAXIMA  Panel IPS.. Clave Oficial CT: MONAOC940. Marca: CT.,COMPONENTES DE ENSAMBLE,monitores,CT,1457.13,28413.96,45462.34,45462.34,38358.85,38358.85,35517.45,34096.76,assets/img/catalog/monitores/MONAOC940.jpg,assets/img/catalog/monitores/MONAOC940.jpg,https://static.ctonline.mx/imagenes/MONAOC940/MONAOC940_400.jpg
MONAOC950,Monitor  AOC GAMING Modelo 24G4E (TYPICAL) Tiempo de respuesta 0.5ms (MPRT)1MS GTG Entrada HDMI 2.0 *1DP 1.4 Resolución 1920 x 1080 @ 180HZ HDMI Y DP PANEL (IPS),Monitor  AOC GAMING Modelo 24G4E (TYPICAL) Tiempo de respuesta 0.5ms (MPRT)1MS GTG Entrada HDMI 2.0 *1DP 1.4 Resolución 1920 x 1080 @ 180HZ HDMI Y DP PANEL (IPS). Clave Oficial CT: MONAOC950. Marca: CT.,COMPONENTES DE ENSAMBLE,monitores,CT,1802.11,35141.05,56225.68,56225.68,47440.42,47440.42,43926.32,42169.26,assets/img/catalog/monitores/MONAOC950.jpg,assets/img/catalog/monitores/MONAOC950.jpg,https://static.ctonline.mx/imagenes/MONAOC950/MONAOC950_400.jpg
MONAOC1040,"Monitor Gamer AOC Modelo Q27G4XN Brillo 300 cd/m2 ADAPTIVE SYNC /FUCKER FREE) Tiempo de respuesta 1ms Entrada de señal : 2 HDMI X 1 DP X 1 VGA   Resolución 2560 X 1440 180 HZ  , Panel VA","Monitor Gamer AOC Modelo Q27G4XN Brillo 300 cd/m2 ADAPTIVE SYNC /FUCKER FREE) Tiempo de respuesta 1ms Entrada de señal : 2 HDMI X 1 DP X 1 VGA   Resolución 2560 X 1440 180 HZ  , Panel VA. Clave Oficial CT: MONAOC1040. Marca: CT.",COMPONENTES DE ENSAMBLE,monitores,CT,2467.32,48112.66,76980.25,76980.25,64952.09,64952.09,60140.82,57735.19,assets/img/catalog/monitores/MONAOC1040.jpg,assets/img/catalog/monitores/MONAOC1040.jpg,https://static.ctonline.mx/imagenes/MONAOC1040/MONAOC1040_400.jpg
MONAOC900,Monitor Gaming AOC Modelo 24G4 Brillo 300cd/m2 (Typical) Tiempo de respuesta 1ms (MPRT) Entrada Hdmi x 1 DP Resolución 1920 x 1080 @ 180HZ   DP 1920 X 1080 @ 180HZ Panel IPS.,Monitor Gaming AOC Modelo 24G4 Brillo 300cd/m2 (Typical) Tiempo de respuesta 1ms (MPRT) Entrada Hdmi x 1 DP Resolución 1920 x 1080 @ 180HZ   DP 1920 X 1080 @ 180HZ Panel IPS.. Clave Oficial CT: MONAOC900. Marca: CT.,COMPONENTES DE ENSAMBLE,monitores,CT,2620.0,51090.0,81744.0,81744.0,68971.5,68971.5,63862.5,61308.0,assets/img/catalog/monitores/MONAOC900.jpg,assets/img/catalog/monitores/MONAOC900.jpg,https://static.ctonline.mx/imagenes/MONAOC900/MONAOC900_400.jpg
MONAOC840,Monitor AOC Modelo C24G2 Brillo 250cd/m2 (Typical) Tiempo de respuesta 1ms (MPRT) Entrada de señal 2 Hdmi 1.4 x 1dp x 1Vga Resolución 1920x 1080 @ 165hz Panel 24 (VA),Monitor AOC Modelo C24G2 Brillo 250cd/m2 (Typical) Tiempo de respuesta 1ms (MPRT) Entrada de señal 2 Hdmi 1.4 x 1dp x 1Vga Resolución 1920x 1080 @ 165hz Panel 24 (VA). Clave Oficial CT: MONAOC840. Marca: CT.,COMPONENTES DE ENSAMBLE,monitores,CT,2762.11,53861.05,86177.68,86177.68,72712.42,72712.42,67326.32,64633.26,assets/img/catalog/monitores/MONAOC840.jpg,assets/img/catalog/monitores/MONAOC840.jpg,https://static.ctonline.mx/imagenes/MONAOC840/MONAOC840_400.jpg
MONAOC910,Monitor Gaming AOC Modelo 27G4 Brillo 300cd/m2 (Typical) Tiempo de respuesta 1ms (MPRT) Entradas Hdmi 1920 x1080 @180 HZ  DP 1920 X 1080 @180 HZ Panel IPS.,Monitor Gaming AOC Modelo 27G4 Brillo 300cd/m2 (Typical) Tiempo de respuesta 1ms (MPRT) Entradas Hdmi 1920 x1080 @180 HZ  DP 1920 X 1080 @180 HZ Panel IPS.. Clave Oficial CT: MONAOC910. Marca: CT.,COMPONENTES DE ENSAMBLE,monitores,CT,2781.09,54231.35,86770.16,86770.16,73212.32,73212.32,67789.18,65077.62,assets/img/catalog/monitores/MONAOC910.jpg,assets/img/catalog/monitores/MONAOC910.jpg,https://static.ctonline.mx/imagenes/MONAOC910/MONAOC910_400.jpg
MONAOC960,Monitor AOC GAMING Modelo 27G4E Brillo 300cd/m2 (Typical) Tiempo de respuesta 0.5MS (MPRT) Entrada de señal 1 Hdmi (2.0) Resolución 1920 x 1080 @180 HZ DP Y HDMI PANEL (IPS),Monitor AOC GAMING Modelo 27G4E Brillo 300cd/m2 (Typical) Tiempo de respuesta 0.5MS (MPRT) Entrada de señal 1 Hdmi (2.0) Resolución 1920 x 1080 @180 HZ DP Y HDMI PANEL (IPS). Clave Oficial CT: MONAOC960. Marca: CT.,COMPONENTES DE ENSAMBLE,monitores,CT,1790.0,34905.0,55848.0,55848.0,47121.75,47121.75,43631.25,41886.0,assets/img/catalog/monitores/MONAOC960.jpg,assets/img/catalog/monitores/MONAOC960.jpg,https://static.ctonline.mx/imagenes/MONAOC960/MONAOC960_400.jpg
MONAOC710,"Monitor AOC Modelo C27G2 Brillo 250cd/m2 Tiempo de respuesta 1ms (MPRT) Entrada de señal: 2 Hdmi 2.0 1920x1080@165HZ, VGA 1920X1080@60HZ.DP 1920X1080@165HZ","Monitor AOC Modelo C27G2 Brillo 250cd/m2 Tiempo de respuesta 1ms (MPRT) Entrada de señal: 2 Hdmi 2.0 1920x1080@165HZ, VGA 1920X1080@60HZ.DP 1920X1080@165HZ. Clave Oficial CT: MONAOC710. Marca: CT.",COMPONENTES DE ENSAMBLE,monitores,CT,3301.05,64370.53,102992.84,102992.84,86900.21,86900.21,80463.16,77244.63,assets/img/catalog/monitores/MONAOC710.jpg,assets/img/catalog/monitores/MONAOC710.jpg,https://static.ctonline.mx/imagenes/MONAOC710/MONAOC710_400.jpg
MONAOC870,"Monitor AOC Modelo G2790VX Brillo 350cd/m2(Tipical) Tiempo de respuesta 1MS (MPRT) Entrada de señal Hdmi 1.4 x1 DP 1.2  Resolución 1920 x 1080 a 144 Hz Displayport ,Hdmi, Panel 27 (va)","Monitor AOC Modelo G2790VX Brillo 350cd/m2(Tipical) Tiempo de respuesta 1MS (MPRT) Entrada de señal Hdmi 1.4 x1 DP 1.2  Resolución 1920 x 1080 a 144 Hz Displayport ,Hdmi, Panel 27 (va). Clave Oficial CT: MONAOC870. Marca: CT.",COMPONENTES DE ENSAMBLE,monitores,CT,2884.21,56242.11,89987.37,89987.37,75926.84,75926.84,70302.63,67490.53,assets/img/catalog/monitores/MONAOC870.jpg,assets/img/catalog/monitores/MONAOC870.jpg,https://static.ctonline.mx/imagenes/MONAOC870/MONAOC870_400.jpg
MONAOC920,"Monitor AOC Modelo Q27P3CW Brillo 350CD/M2 (TYPICAL) Tiempo de respuesta 4ms GTG Entrada de señal Hdmi 1.4, DP 1.2  Resolución 1920 x 1080 @75hz Panel IPS.","Monitor AOC Modelo Q27P3CW Brillo 350CD/M2 (TYPICAL) Tiempo de respuesta 4ms GTG Entrada de señal Hdmi 1.4, DP 1.2  Resolución 1920 x 1080 @75hz Panel IPS.. Clave Oficial CT: MONAOC920. Marca: CT.",COMPONENTES DE ENSAMBLE,monitores,CT,4526.32,88263.16,141221.05,141221.05,119155.26,119155.26,110328.95,105915.79,assets/img/catalog/monitores/MONAOC920.jpg,assets/img/catalog/monitores/MONAOC920.jpg,https://static.ctonline.mx/imagenes/MONAOC920/MONAOC920_400.jpg
MONAOC890,"Monitor AOC CURVO  Modelo CU34V5CW/BK  Brillo 300CD/M2 (MPRT) Tiempo de respuesta 4ms GTG 1MS MPRT Entrada de señal Hdmi 2.0, DP 1.2  Resolución 3440 x 1440 @100HZ Panel VA.","Monitor AOC CURVO  Modelo CU34V5CW/BK  Brillo 300CD/M2 (MPRT) Tiempo de respuesta 4ms GTG 1MS MPRT Entrada de señal Hdmi 2.0, DP 1.2  Resolución 3440 x 1440 @100HZ Panel VA.. Clave Oficial CT: MONAOC890. Marca: CT.",COMPONENTES DE ENSAMBLE,monitores,CT,5243.25,102243.35,163589.36,163589.36,138028.52,138028.52,127804.19,122692.02,assets/img/catalog/monitores/MONAOC890.jpg,assets/img/catalog/monitores/MONAOC890.jpg,https://static.ctonline.mx/imagenes/MONAOC890/MONAOC890_400.jpg
MONAOC690,Monitor AOC Modelo CQ32G2S. Resolución: 1920 X 1080. Conectividad: 2X HDMI 1X DISPLAYPORT. . Tiempo de respuesta: 1MS. . Color: Negro. Garantia: 3 años.,Monitor AOC Modelo CQ32G2S. Resolución: 1920 X 1080. Conectividad: 2X HDMI 1X DISPLAYPORT. . Tiempo de respuesta: 1MS. . Color: Negro. Garantia: 3 años.. Clave Oficial CT: MONAOC690. Marca: CT.,COMPONENTES DE ENSAMBLE,monitores,CT,7620.0,148590.0,237744.0,237744.0,200596.5,200596.5,185737.5,178308.0,assets/img/catalog/monitores/MONAOC690.jpg,assets/img/catalog/monitores/MONAOC690.jpg,https://static.ctonline.mx/imagenes/MONAOC690/MONAOC690_400.jpg
MONASS1750,"MONITOR ASUS VY249HGR Modelo VY249HGR Pantalla Panel Size (inch) : 23.8, Aspect Ratio : 16:9, Display Viewing Area (H x V) : 527.04 x 296.46 mm, Display Surface : Anti-Glare, Backlight Type : LED, Panel Type : IPS, Viewing Angle (CR≧10, H/V) : 178°/ 178°, Pixel Pitch : 0.2745mm, Resolution : 1920x1080, Brightness (Typ.) : 250cd/㎡, Contrast Ratio (Typ.) : 1500:1, Display Colors : 16.7M, Response Time : 1ms MPRT, Refresh Rate (Max) : 120Hz, Flicker-free : Yes. VideoTrace Free Technology : Yes, SPLENDID Technology : Yes, Color Temp. Selection : Yes (4 modes), GamePlus : Yes, QuickFit : Yes, HDCP : Yes, 1.4, VRR Technology : Yes (Adaptive-Sync), GameFast Input technology : Yes, Shadow Boost : Yes, Motion Sync : Yes, Low Blue Light : Yes, Eye Care+ Technology : Yes. Puertos E/S HDMI(v1.4) x 1, VGA x 1, Earphone Jack : Yes. Frecuencia de la señal Digital Signal Frequency : HDMI: 30~138 KHz (H) / 48~120 Hz (V), Analog Signal Frequency : 31~84 KHz (H) / 56 ~ 75 Hz (V). Consumo de energía Power Consumption : <20W, Power Saving Mode : <0.5W, Power Off Mode: <0.3W, Voltage : 100-240V, 50/60Hz. Diseño mecánico Tilt : Yes (+22° ~ -5°), Height Adjustment : No, VESA Wall Mounting : 100x100mm, Kensington Lock : Yes, Antibacterial treatment : Yes.","MONITOR ASUS VY249HGR Modelo VY249HGR Pantalla Panel Size (inch) : 23.8, Aspect Ratio : 16:9, Display Viewing Area (H x V) : 527.04 x 296.46 mm, Display Surface : Anti-Glare, Backlight Type : LED, Panel Type : IPS, Viewing Angle (CR≧10, H/V) : 178°/ 178°, Pixel Pitch : 0.2745mm, Resolution : 1920x1080, Brightness (Typ.) : 250cd/㎡, Contrast Ratio (Typ.) : 1500:1, Display Colors : 16.7M, Response Time : 1ms MPRT, Refresh Rate (Max) : 120Hz, Flicker-free : Yes. VideoTrace Free Technology : Yes, SPLENDID Technology : Yes, Color Temp. Selection : Yes (4 modes), GamePlus : Yes, QuickFit : Yes, HDCP : Yes, 1.4, VRR Technology : Yes (Adaptive-Sync), GameFast Input technology : Yes, Shadow Boost : Yes, Motion Sync : Yes, Low Blue Light : Yes, Eye Care+ Technology : Yes. Puertos E/S HDMI(v1.4) x 1, VGA x 1, Earphone Jack : Yes. Frecuencia de la señal Digital Signal Frequency : HDMI: 30~138 KHz (H) / 48~120 Hz (V), Analog Signal Frequency : 31~84 KHz (H) / 56 ~ 75 Hz (V). Consumo de energía Power Consumption : <20W, Power Saving Mode : <0.5W, Power Off Mode: <0.3W, Voltage : 100-240V, 50/60Hz. Diseño mecánico Tilt : Yes (+22° ~ -5°), Height Adjustment : No, VESA Wall Mounting : 100x100mm, Kensington Lock : Yes, Antibacterial treatment : Yes.. Clave Oficial CT: MONASS1750. Marca: CT.",COMPONENTES DE ENSAMBLE,monitores,CT,90.43,1763.3,2821.28,2821.28,2380.45,2380.45,2204.12,2115.96,assets/img/catalog/monitores/MONASS1750.jpg,assets/img/catalog/monitores/MONASS1750.jpg,https://static.ctonline.mx/imagenes/MONASS1750/MONASS1750_400.jpg
MONASS1570,"MONITOR ASUS VP227HE Modelo VP227HE Pantalla Tamaño del panel (pulgadas): 21,45 Relación de aspecto: 16:9 Área de visualización de la pantalla (H x V): 478,656 x 260,28 mm Superficie de la pantalla: Antirreflejo Tipo de retroiluminación: LED Tipo de panel: VA Ángulo de visión (CR≧10, H/V): 178°/ 178° Paso de píxeles: 0,249 mm Resolución: 1920 x 1080 Brillo (típico): 250 cd/㎡ Relación de contraste (típico): 3000:1 Colores de la pantalla: 16,7 M Tiempo de respuesta: 5 ms (GTG) Frecuencia de actualización (máx.): 75 Hz Sin parpadeo: Sí Video Tecnología Trace Free: Sí Tecnología SPLENDID: Sí Selección de temperatura de color: Sí (4 modos) QuickFit: Sí HDCP: Sí, 1.4 Tecnología VRR: Sí (Adaptive-Sync) Luz azul baja: Sí Tecnología Eye Care+: Sí Audio Bocinas :No Puertos E/S HDMI (v1.4) x 1 VGA x 1 Frecuencia de la señal Frecuencia de señal digital: HDMI: 24 ~ 84 KHz (H) / 48 ~ 75 Hz (V) Frecuencia de señal analógica: 24 ~ 84 KHz (H) / 48 ~ 75 Hz (V) Consumo de energía Consumo de energía: 13,09 W Modo de ahorro de energía: <0,5 W Modo de apagado: <0,3 W Voltaje: 100-240 V, 50/60 Hz Diseño mecánico Inclinación: Sí (+23° ~ -5°) Ajuste de altura: No Montaje en pared VESA: 100 x 100 mm Bloqueo Kensington: Sí Dimensiones  físicas (An. x Al. x Pr.): 49,40 x 35,56 x 20,44 cm (19,45"" x 14,00"" x 8,05""). Dimensiones físicas sin soporte (An. x Al. x Pr.): 49,40 x 29,09 x 5,13 cm (19,45"" x 11,45"" x 2,02""). Dimensiones de la caja (An. x Al. x Pr.): 56,50 x 41,20 x 13,30 cm (22,24"" x 16,22"" x 5,24""). Peso  neto: 2,79 kg (6,15 lbs) Peso neto sin soporte: 2,40 kg (5,29 lbs) Peso bruto: 4,59 kg (10,12 lbs) Accesorios (varían según la región) Cable HDMI Cable de alimentación Guía de inicio rápido Tarjeta de garantía Certificado  TCO TÜV Flicker Free TÜV Low Blue Light AMD FreeSync","MONITOR ASUS VP227HE Modelo VP227HE Pantalla Tamaño del panel (pulgadas): 21,45 Relación de aspecto: 16:9 Área de visualización de la pantalla (H x V): 478,656 x 260,28 mm Superficie de la pantalla: Antirreflejo Tipo de retroiluminación: LED Tipo de panel: VA Ángulo de visión (CR≧10, H/V): 178°/ 178° Paso de píxeles: 0,249 mm Resolución: 1920 x 1080 Brillo (típico): 250 cd/㎡ Relación de contraste (típico): 3000:1 Colores de la pantalla: 16,7 M Tiempo de respuesta: 5 ms (GTG) Frecuencia de actualización (máx.): 75 Hz Sin parpadeo: Sí Video Tecnología Trace Free: Sí Tecnología SPLENDID: Sí Selección de temperatura de color: Sí (4 modos) QuickFit: Sí HDCP: Sí, 1.4 Tecnología VRR: Sí (Adaptive-Sync) Luz azul baja: Sí Tecnología Eye Care+: Sí Audio Bocinas :No Puertos E/S HDMI (v1.4) x 1 VGA x 1 Frecuencia de la señal Frecuencia de señal digital: HDMI: 24 ~ 84 KHz (H) / 48 ~ 75 Hz (V) Frecuencia de señal analógica: 24 ~ 84 KHz (H) / 48 ~ 75 Hz (V) Consumo de energía Consumo de energía: 13,09 W Modo de ahorro de energía: <0,5 W Modo de apagado: <0,3 W Voltaje: 100-240 V, 50/60 Hz Diseño mecánico Inclinación: Sí (+23° ~ -5°) Ajuste de altura: No Montaje en pared VESA: 100 x 100 mm Bloqueo Kensington: Sí Dimensiones  físicas (An. x Al. x Pr.): 49,40 x 35,56 x 20,44 cm (19,45"" x 14,00"" x 8,05""). Dimensiones físicas sin soporte (An. x Al. x Pr.): 49,40 x 29,09 x 5,13 cm (19,45"" x 11,45"" x 2,02""). Dimensiones de la caja (An. x Al. x Pr.): 56,50 x 41,20 x 13,30 cm (22,24"" x 16,22"" x 5,24""). Peso  neto: 2,79 kg (6,15 lbs) Peso neto sin soporte: 2,40 kg (5,29 lbs) Peso bruto: 4,59 kg (10,12 lbs) Accesorios (varían según la región) Cable HDMI Cable de alimentación Guía de inicio rápido Tarjeta de garantía Certificado  TCO TÜV Flicker Free TÜV Low Blue Light AMD FreeSync. Clave Oficial CT: MONASS1570. Marca: CT.",COMPONENTES DE ENSAMBLE,monitores,CT,82.79,1614.35,2582.96,2582.96,2179.37,2179.37,2017.94,1937.22,assets/img/catalog/monitores/MONASS1570.jpg,assets/img/catalog/monitores/MONASS1570.jpg,https://static.ctonline.mx/imagenes/MONASS1570/MONASS1570_400.jpg
MONASS1760,"MONITOR ASUS VY279HGR Modelo VY279HGR Pantalla Tamaño de panel (pulgadas) :27, Relación de aspecto :16:9, Área de visualización de pantalla (H x V) :597.888 x 336.312 mm, Superficie de display :Anti-Glare, Tipo de luz de fondo :LED, Tipo de panel :IPS, Ángulo de visión (CR≧10, H/V) :178°/ 178°, Pixel Pitch : 0.311mm, Resolución :1920x1080, Brillo (Typ.) :300cd/㎡, Relación de contraste (Typ.) :1500:1, Colores en display :16.7M, Tiempo de respuesta :1ms MPRT, Frecuencia de actualización (Max) :120Hz, Flicker-free : Yes. Video Tecnología Trace Free:Yes, SPLENDID Technology : Yes, Color Temp. Selection : Yes(4 modes), GamePlus : Yes, QuickFit : Yes, HDCP : Si, Tecnología VRR :Yes (Adaptive-Sync), GameFast Input technology : Sí, Dark Boost : Yes, Shadow Boost : Yes, Motion Sync : Yes, Low Blue Light : Yes, Eye Care+ Technology : Yes. Audio Speaker : No. Puertos E/S HDMI(v1.4) x 1, VGA x 1, Earphone Jack : Yes. Frecuencia de la señal Digital Signal Frequency : HDMI: 30~138 KHz (H) / 48~120 Hz (V), Analog Signal Frequency : 31~84 KHz (H) / 56 ~ 75 Hz (V). Consumo de energía Power Consumption : <21W, Power Saving Mode : <0.5W, Power Off Mode : <0.3W, Voltage : 100-240V, 50/60Hz. Diseño mecanico Tilt : Yes (+23° ~ -5°), Height Adjustment : No, VESA Wall Mounting : 100x100mm, Kensington Lock : Yes, Antibacterial treatment : Yes.","MONITOR ASUS VY279HGR Modelo VY279HGR Pantalla Tamaño de panel (pulgadas) :27, Relación de aspecto :16:9, Área de visualización de pantalla (H x V) :597.888 x 336.312 mm, Superficie de display :Anti-Glare, Tipo de luz de fondo :LED, Tipo de panel :IPS, Ángulo de visión (CR≧10, H/V) :178°/ 178°, Pixel Pitch : 0.311mm, Resolución :1920x1080, Brillo (Typ.) :300cd/㎡, Relación de contraste (Typ.) :1500:1, Colores en display :16.7M, Tiempo de respuesta :1ms MPRT, Frecuencia de actualización (Max) :120Hz, Flicker-free : Yes. Video Tecnología Trace Free:Yes, SPLENDID Technology : Yes, Color Temp. Selection : Yes(4 modes), GamePlus : Yes, QuickFit : Yes, HDCP : Si, Tecnología VRR :Yes (Adaptive-Sync), GameFast Input technology : Sí, Dark Boost : Yes, Shadow Boost : Yes, Motion Sync : Yes, Low Blue Light : Yes, Eye Care+ Technology : Yes. Audio Speaker : No. Puertos E/S HDMI(v1.4) x 1, VGA x 1, Earphone Jack : Yes. Frecuencia de la señal Digital Signal Frequency : HDMI: 30~138 KHz (H) / 48~120 Hz (V), Analog Signal Frequency : 31~84 KHz (H) / 56 ~ 75 Hz (V). Consumo de energía Power Consumption : <21W, Power Saving Mode : <0.5W, Power Off Mode : <0.3W, Voltage : 100-240V, 50/60Hz. Diseño mecanico Tilt : Yes (+23° ~ -5°), Height Adjustment : No, VESA Wall Mounting : 100x100mm, Kensington Lock : Yes, Antibacterial treatment : Yes.. Clave Oficial CT: MONASS1760. Marca: CT.",COMPONENTES DE ENSAMBLE,monitores,CT,94.04,1833.83,2934.13,2934.13,2475.67,2475.67,2292.29,2200.6,assets/img/catalog/monitores/MONASS1760.jpg,assets/img/catalog/monitores/MONASS1760.jpg,https://static.ctonline.mx/imagenes/MONASS1760/MONASS1760_400.jpg
MONASS1850,"Monitor ASUS VG27WQ3B Modelo VG27WQ3B Monitor Tamaño del panel (pulgadas):27, Relación de aspecto:16:09, Área de visualización de la pantalla (H x V):596.736 x 335.664 mm, Superficie de visualización: Antideslumbrante, Tipo de luz de fondo: LED, Tipo de panel:Fast VA, Ángulo de visión (CR ≧ 10, H / V):178°/178°, Curvatura:1500R, Tamaño de píxel :0.233mm, Resolución :2560x1440, Color Space (sRGB) : 125 %, Color Space (DCI-P3) : 90%, Brillo (típico):350 cd/㎡, Relación de contraste (típico):5000:1, Colores de pantalla:16.7M, Tiempo de respuesta :1ms(GTG), 0.5ms(min.), Frecuencia de actualización (máx.):Máx. 180 Hz, Compatibilidad con HDR (alto rango dinámico):HDR10, Vidrio de protección: No, Sin destellos :Sí. Característica de video Tecnología Trace Free:Yes, Tecnología SPLENDID:Sí, GameVisual :Yes, Temperatura de color. Selección: Sí (4 modos), GamePlus : Sí, HDCP : Yes, Desenfoque de movimiento extremadamente bajo:Sí, Tecnología VRR:Sí (Adaptive-Sync), Tecnología GameFast Input:Sí, Impulso oscuro:Sí, Refuerzo de sombras:Sí, Desenfoque de movimiento ultra bajo: N/A, Widget de visualización: Sí, DisplayWidget Center, Luz azul baja: Sí, Múltiple HDR Mode : Yes, Tecnología para el cuidado de los ojos: N/A, Cámara web : N/A. Característica de audio Altavoz: Sí. Puertos I/O DisplayPort 1.4 x 1 (HBR2), HDMI(v2.0) x 2, Enchufe de audífonos :Sí, Frecuencia de la señal  Frecuencia de señal digital: DisplayPort: 267~267 KHz(H) / 48~180 Hz (V), HDMI: 30~225 KHz (H) / 48~144 Hz (V). El consumo de energía El consumo de energía :<23W*, Modo de ahorro de energía :<0.5W, Modo apagado:<0.5W, Voltaje :100-240V, 50/60Hz, Diseño mecánico Inclinación:Yes (+23° ~ -5°), Ajuste de altura :No, Montaje en pared VESA:100 x 100 mm, Cerradura Kensington :Sí.","Monitor ASUS VG27WQ3B Modelo VG27WQ3B Monitor Tamaño del panel (pulgadas):27, Relación de aspecto:16:09, Área de visualización de la pantalla (H x V):596.736 x 335.664 mm, Superficie de visualización: Antideslumbrante, Tipo de luz de fondo: LED, Tipo de panel:Fast VA, Ángulo de visión (CR ≧ 10, H / V):178°/178°, Curvatura:1500R, Tamaño de píxel :0.233mm, Resolución :2560x1440, Color Space (sRGB) : 125 %, Color Space (DCI-P3) : 90%, Brillo (típico):350 cd/㎡, Relación de contraste (típico):5000:1, Colores de pantalla:16.7M, Tiempo de respuesta :1ms(GTG), 0.5ms(min.), Frecuencia de actualización (máx.):Máx. 180 Hz, Compatibilidad con HDR (alto rango dinámico):HDR10, Vidrio de protección: No, Sin destellos :Sí. Característica de video Tecnología Trace Free:Yes, Tecnología SPLENDID:Sí, GameVisual :Yes, Temperatura de color. Selección: Sí (4 modos), GamePlus : Sí, HDCP : Yes, Desenfoque de movimiento extremadamente bajo:Sí, Tecnología VRR:Sí (Adaptive-Sync), Tecnología GameFast Input:Sí, Impulso oscuro:Sí, Refuerzo de sombras:Sí, Desenfoque de movimiento ultra bajo: N/A, Widget de visualización: Sí, DisplayWidget Center, Luz azul baja: Sí, Múltiple HDR Mode : Yes, Tecnología para el cuidado de los ojos: N/A, Cámara web : N/A. Característica de audio Altavoz: Sí. Puertos I/O DisplayPort 1.4 x 1 (HBR2), HDMI(v2.0) x 2, Enchufe de audífonos :Sí, Frecuencia de la señal  Frecuencia de señal digital: DisplayPort: 267~267 KHz(H) / 48~180 Hz (V), HDMI: 30~225 KHz (H) / 48~144 Hz (V). El consumo de energía El consumo de energía :<23W*, Modo de ahorro de energía :<0.5W, Modo apagado:<0.5W, Voltaje :100-240V, 50/60Hz, Diseño mecánico Inclinación:Yes (+23° ~ -5°), Ajuste de altura :No, Montaje en pared VESA:100 x 100 mm, Cerradura Kensington :Sí.. Clave Oficial CT: MONASS1850. Marca: CT.",COMPONENTES DE ENSAMBLE,monitores,CT,167.02,3256.91,5211.06,5211.06,4396.84,4396.84,4071.14,3908.3,assets/img/catalog/monitores/MONASS1850.jpg,assets/img/catalog/monitores/MONASS1850.jpg,https://static.ctonline.mx/imagenes/MONASS1850/MONASS1850_400.jpg
MONASS1810,"Monitor ASUS VG259Q5A Modelo VG259Q5A Monitor Tamaño del panel (pulgadas):24.5, Relación de aspecto:16:09, Área de visualización de la pantalla (H x V):543.74 x 302.62 mm, Superficie de visualización: Anti-Glare, Tipo de luz de fondo: LED, Tipo de panel: Fast IPS, Ángulo de visión (CR ≧ 10, H / V):178°/178°, Tamaño de píxel :0.2832mm x 0.2802mm, Resolución :1920 x 1080, Color Space (sRGB) : 99%, Brillo (típico):350 cd/㎡, Relación de contraste (típico):1200:01:00, Colores de pantalla:16.7M, Tiempo de respuesta :1ms(GTG), 0.3ms(min.), Frecuencia de actualización (máx.):Máx. 200 Hz, Compatibilidad con HDR (alto rango dinámico):HDR10, Vidrio de protección: No, Sin destellos :Sí. Característica de video Tecnología Trace Free:Yes, Tecnología SPLENDID:Sí, GameVisual :Yes, Temperatura de color. Selección: Yes(4 modes), GamePlus : Sí, HDCP : Yes, 2.3, Desenfoque de movimiento extremadamente bajo: Sí, Tecnología VRR: Yes (Adaptive-Sync), Tecnología GameFast Input:Sí, Impulso oscuro:Sí, Refuerzo de sombras:Sí, Desenfoque de movimiento ultra bajo: N/A, Widget de visualización: Yes, DisplayWidget Center, Luz azul baja:Sí, Tecnología para el cuidado de los ojos: N/A, Cámara web :N/A. Característica de audio Altavoz: Sí (1,2 W x 2). Puertos I/O DisplayPort 1.4 x 1 (HBR2), HDMI(v2.0) x 2 Enchufe de audífonos :Sí. Frecuencia de la señal Frecuencia de señal digital: DisplayPort: 240~240 KHz(H) / 48~200 Hz (V), HDMI: 27~240 KHz (H) / 48~200 Hz (V). Consumo de energía El consumo de energía :<15W, Modo de ahorro de energía :<0.5W, Modo apagado:< 0,5 W, Voltaje :100-240V, 50/60Hz. Diseño mecánico Inclinación: Yes (+23° ~ -5°), Ajuste de altura :No, Montaje en pared VESA:100 x 100 mm, Cerradura Kensington :Sí.","Monitor ASUS VG259Q5A Modelo VG259Q5A Monitor Tamaño del panel (pulgadas):24.5, Relación de aspecto:16:09, Área de visualización de la pantalla (H x V):543.74 x 302.62 mm, Superficie de visualización: Anti-Glare, Tipo de luz de fondo: LED, Tipo de panel: Fast IPS, Ángulo de visión (CR ≧ 10, H / V):178°/178°, Tamaño de píxel :0.2832mm x 0.2802mm, Resolución :1920 x 1080, Color Space (sRGB) : 99%, Brillo (típico):350 cd/㎡, Relación de contraste (típico):1200:01:00, Colores de pantalla:16.7M, Tiempo de respuesta :1ms(GTG), 0.3ms(min.), Frecuencia de actualización (máx.):Máx. 200 Hz, Compatibilidad con HDR (alto rango dinámico):HDR10, Vidrio de protección: No, Sin destellos :Sí. Característica de video Tecnología Trace Free:Yes, Tecnología SPLENDID:Sí, GameVisual :Yes, Temperatura de color. Selección: Yes(4 modes), GamePlus : Sí, HDCP : Yes, 2.3, Desenfoque de movimiento extremadamente bajo: Sí, Tecnología VRR: Yes (Adaptive-Sync), Tecnología GameFast Input:Sí, Impulso oscuro:Sí, Refuerzo de sombras:Sí, Desenfoque de movimiento ultra bajo: N/A, Widget de visualización: Yes, DisplayWidget Center, Luz azul baja:Sí, Tecnología para el cuidado de los ojos: N/A, Cámara web :N/A. Característica de audio Altavoz: Sí (1,2 W x 2). Puertos I/O DisplayPort 1.4 x 1 (HBR2), HDMI(v2.0) x 2 Enchufe de audífonos :Sí. Frecuencia de la señal Frecuencia de señal digital: DisplayPort: 240~240 KHz(H) / 48~200 Hz (V), HDMI: 27~240 KHz (H) / 48~200 Hz (V). Consumo de energía El consumo de energía :<15W, Modo de ahorro de energía :<0.5W, Modo apagado:< 0,5 W, Voltaje :100-240V, 50/60Hz. Diseño mecánico Inclinación: Yes (+23° ~ -5°), Ajuste de altura :No, Montaje en pared VESA:100 x 100 mm, Cerradura Kensington :Sí.. Clave Oficial CT: MONASS1810. Marca: CT.",COMPONENTES DE ENSAMBLE,monitores,CT,140.17,2733.32,4373.31,4373.31,3689.98,3689.98,3416.65,3279.98,assets/img/catalog/monitores/MONASS1810.jpg,assets/img/catalog/monitores/MONASS1810.jpg,https://static.ctonline.mx/imagenes/MONASS1810/MONASS1810_400.jpg
MONASS1620,"Monitor ASUSVG279QR Tamaño del panel (pulgadas): 27 Relación de aspecto: 16:9 Superficie de pantalla: Antideslumbrante Tipo de retroiluminación: LED Tipo de panel: IPS Ángulo de visión (CR≧10, H/V): 178°/ 178° Separación de píxeles: 0,311 mm Resolución : 1920x1080 Brillo (típ.) : 300 cd/㎡ Relación de contraste (típ.) : 1000:1 Colores de pantalla : 16,7 M Tiempo de respuesta : 1 ms Frecuencia de actualización MPRT (máx.) : 165 Hz Sin parpadeo : Sí Función de vídeo Tecnología Trace Free: Sí GameVisual: Sí Temp. de color. Selección: Sí (4 modos) GamePlus: Sí HDCP: Sí Desenfoque de movimiento extremadamente bajo: Sí Tecnología VRR: Sí (Adaptive-Sync) Tecnología de entrada GameFast: Sí Shadow Boost: Sí Luz azul baja: Sí Función de audio Altavoz: Sí (2Wx2) Puertos de E/S DisplayPort 1.2 x 1 HDMI (v1.4) x 2 Conector para auriculares: Sí El consumo de energía Consumo de energía: <40W Diseño mecánico Inclinación: Sí (+33° ~ -5°) Giro: Sí (+90° ~ -90°) Pivote: Sí (+90° ~ -90°) Ajuste de altura: 0~130 mm Montaje en pared VESA: 100 x 100 mm Cerradura Kensington: Sí Dimensiones (Esti.) Física. Dimensiones con soporte (An x Al x Pr): 619 x 506 x 211 mm Física. Dimensiones sin soporte (An x Al x Pr): 619 x 363 x 50 mm Dimensión de la caja (An x Al x Pr): 70,0 x 45,8 x 19,0 cm (27,56"" x 18,03"" x 7,48"") Peso (estimación) Peso neto con soporte: 5,6 kg Peso neto sin soporte: 3,2 kg Peso bruto: 8,2 kg Accesorios (varían según las regiones) Cable DisplayPort Cable HDMI Adaptador de corriente Cable de alimentación Guía de inicio rápido Tarjeta de garantía Certificado TÜV Sin parpadeo TÜV Luz azul baja AMD FreeSync Premium","Monitor ASUSVG279QR Tamaño del panel (pulgadas): 27 Relación de aspecto: 16:9 Superficie de pantalla: Antideslumbrante Tipo de retroiluminación: LED Tipo de panel: IPS Ángulo de visión (CR≧10, H/V): 178°/ 178° Separación de píxeles: 0,311 mm Resolución : 1920x1080 Brillo (típ.) : 300 cd/㎡ Relación de contraste (típ.) : 1000:1 Colores de pantalla : 16,7 M Tiempo de respuesta : 1 ms Frecuencia de actualización MPRT (máx.) : 165 Hz Sin parpadeo : Sí Función de vídeo Tecnología Trace Free: Sí GameVisual: Sí Temp. de color. Selección: Sí (4 modos) GamePlus: Sí HDCP: Sí Desenfoque de movimiento extremadamente bajo: Sí Tecnología VRR: Sí (Adaptive-Sync) Tecnología de entrada GameFast: Sí Shadow Boost: Sí Luz azul baja: Sí Función de audio Altavoz: Sí (2Wx2) Puertos de E/S DisplayPort 1.2 x 1 HDMI (v1.4) x 2 Conector para auriculares: Sí El consumo de energía Consumo de energía: <40W Diseño mecánico Inclinación: Sí (+33° ~ -5°) Giro: Sí (+90° ~ -90°) Pivote: Sí (+90° ~ -90°) Ajuste de altura: 0~130 mm Montaje en pared VESA: 100 x 100 mm Cerradura Kensington: Sí Dimensiones (Esti.) Física. Dimensiones con soporte (An x Al x Pr): 619 x 506 x 211 mm Física. Dimensiones sin soporte (An x Al x Pr): 619 x 363 x 50 mm Dimensión de la caja (An x Al x Pr): 70,0 x 45,8 x 19,0 cm (27,56"" x 18,03"" x 7,48"") Peso (estimación) Peso neto con soporte: 5,6 kg Peso neto sin soporte: 3,2 kg Peso bruto: 8,2 kg Accesorios (varían según las regiones) Cable DisplayPort Cable HDMI Adaptador de corriente Cable de alimentación Guía de inicio rápido Tarjeta de garantía Certificado TÜV Sin parpadeo TÜV Luz azul baja AMD FreeSync Premium. Clave Oficial CT: MONASS1620. Marca: CT.",COMPONENTES DE ENSAMBLE,monitores,CT,202.13,3941.49,6306.38,6306.38,5321.01,5321.01,4926.86,4729.79,assets/img/catalog/monitores/MONASS1620.jpg,assets/img/catalog/monitores/MONASS1620.jpg,https://static.ctonline.mx/imagenes/MONASS1620/MONASS1620_400.jpg
MONASS1630,"Monitor ASUS VA329HE Tamaño de panel (pulgadas) :31.5 Relación de aspecto :16:9 Área de visualización de pantalla (H x V) :698.4 x 392.85 mm Superficie de dislpay :Sin deslumbramiento Tipo de luz de fondo :LED Tipo de panel :IPS Ángulo de visión (CR≧10, H/V) :178°/ 178° Pixel Pitch : 0.363mm Resolución :1920x1080 Brillo (Typ.) :350cd/㎡ Relación de contraste (Typ.) :1200:1 Colores en display :16.7M Tiempo de respuesta :5ms(GTG) Frecuencia de actualización (Max) :75Hz Flicker-free : Yes Video Tecnología Trace Free: Sí Tecnología SPLENDID: Sí Temperatura de color. Selección: Sí (4 modos) GamePlus: Sí QuickFit: Sí HDCP: Si Tecnología VRR: Sí (Adaptive-Sync) Dark Boost: Sí Luz azul baja: Sí Tecnología Eye Care+: Sí Audio Orador: No Puertos E/S HDMI (v1.4) x 2 VGA x 1 Conector para auriculares: Sí Frecuencia de la señal Frecuencia de señal digital: HDMI: 30~83 KHz (H) / 48~75 Hz (V) Frecuencia de señal analógica: 30~83 KHz (H) / 50~76 Hz (V) Consumo de energía Consumo de energía: 17,56 W Modo de ahorro de energía: <0,5 W Modo de apagado: <0,3 W Voltaje: 100-240 V, 50/60 Hz Diseño mecánico Inclinación: Sí (+8° ~ -5°) Ajuste de altura: No Montaje en pared VESA: 100x100 mm Cerradura Kensington: Sí Dimensiones Física. Dimensiones con soporte (An x Al x Pr): 727 x 479,7 x 202 mm Física. Dimensiones sin soporte (An x Al x Pr): 727 x 424,6 x 69,8 mm Dimensiones de la caja (An x Al x Pr): 86,0 x 53,7 x 14,5 cm (33,86"" x 21,14"" x 5,71"") Peso  neto con soporte: 7,1 kg Peso neto sin soporte: 6,0 kg Peso bruto: 9,6 kg Accesorios (varían según la región) Cable HDMI Cable de alimentación Guía de inicio rápido Tarjeta de garantía Certificado Energy Star TÜV  sin parpadeo Luz azul baja AMD FreeSync","Monitor ASUS VA329HE Tamaño de panel (pulgadas) :31.5 Relación de aspecto :16:9 Área de visualización de pantalla (H x V) :698.4 x 392.85 mm Superficie de dislpay :Sin deslumbramiento Tipo de luz de fondo :LED Tipo de panel :IPS Ángulo de visión (CR≧10, H/V) :178°/ 178° Pixel Pitch : 0.363mm Resolución :1920x1080 Brillo (Typ.) :350cd/㎡ Relación de contraste (Typ.) :1200:1 Colores en display :16.7M Tiempo de respuesta :5ms(GTG) Frecuencia de actualización (Max) :75Hz Flicker-free : Yes Video Tecnología Trace Free: Sí Tecnología SPLENDID: Sí Temperatura de color. Selección: Sí (4 modos) GamePlus: Sí QuickFit: Sí HDCP: Si Tecnología VRR: Sí (Adaptive-Sync) Dark Boost: Sí Luz azul baja: Sí Tecnología Eye Care+: Sí Audio Orador: No Puertos E/S HDMI (v1.4) x 2 VGA x 1 Conector para auriculares: Sí Frecuencia de la señal Frecuencia de señal digital: HDMI: 30~83 KHz (H) / 48~75 Hz (V) Frecuencia de señal analógica: 30~83 KHz (H) / 50~76 Hz (V) Consumo de energía Consumo de energía: 17,56 W Modo de ahorro de energía: <0,5 W Modo de apagado: <0,3 W Voltaje: 100-240 V, 50/60 Hz Diseño mecánico Inclinación: Sí (+8° ~ -5°) Ajuste de altura: No Montaje en pared VESA: 100x100 mm Cerradura Kensington: Sí Dimensiones Física. Dimensiones con soporte (An x Al x Pr): 727 x 479,7 x 202 mm Física. Dimensiones sin soporte (An x Al x Pr): 727 x 424,6 x 69,8 mm Dimensiones de la caja (An x Al x Pr): 86,0 x 53,7 x 14,5 cm (33,86"" x 21,14"" x 5,71"") Peso  neto con soporte: 7,1 kg Peso neto sin soporte: 6,0 kg Peso bruto: 9,6 kg Accesorios (varían según la región) Cable HDMI Cable de alimentación Guía de inicio rápido Tarjeta de garantía Certificado Energy Star TÜV  sin parpadeo Luz azul baja AMD FreeSync. Clave Oficial CT: MONASS1630. Marca: CT.",COMPONENTES DE ENSAMBLE,monitores,CT,156.54,3052.58,4884.13,4884.13,4120.98,4120.98,3815.72,3663.1,assets/img/catalog/monitores/MONASS1630.jpg,assets/img/catalog/monitores/MONASS1630.jpg,https://static.ctonline.mx/imagenes/MONASS1630/MONASS1630_400.jpg
MONASS940,"Monitor ASUS TUF Gaming VG27VH1B Pantalla Tamaño de panel (pulgadas) :27 Relación de aspecto :16:9 Área de visualización de pantalla (H x V) :597.888 x 336.312 mm Superficie de dislpay :Non-Glare Tipo de luz de fondo :LED Tipo de panel :VA Ángulo de visión (CR≧10, H/V) :178°/ 178° Curvatura :1500R Pixel Pitch : 0.311mm Resolución :1920x1080 Espacio de color (sRGB) :120% Color Space (DCI-P3) : 90% Brillo (Typ.) :300cd/㎡ Relación de contraste (Typ.) :3000:1 Colores en display :16.7M Tiempo de respuesta :1ms MPRT Frecuencia de actualización (Max) :165Hz Flicker-free : Yes Video Tecnología Trace Free: Sí SPLENDID Tecnología: Sí GameVisual: Si Color Temp. Selección: Sí (3 modos) GamePlus: Sí HDCP: Sí Extreme Low Motion Blur: Sí Tecnología VRR: Sí (Adaptive-Sync) Tecnología de entrada GameFast: Sí Dark Boost: Sí Shadow Boost: Sí Luz azul baja: Sí Audio Altavoz: Sí (2Wx2) Puertos E/S HDMI (v2.0) x 1 VGA x 1 Conector para auriculares: Sí Entrada de audio para PC: Sí Frecuencia de la señal Frecuencia de señal digital: 24~180 KHz (H) / 50~165 Hz (V) Frecuencia de señal analógica: 24~82 KHz (H) / 50~75 Hz (V) Consumo de energía Consumo de energía: <28 W* Modo de ahorro de energía: <0,5 W Modo de apagado: <0,5 W Voltaje: 100-240 V, 50/60 Hz Diseño mecánico Inclinación: Sí (+20° ~ -5°) Giro: Sí (+16° ~ -16°) Ajuste de altura: No Montaje en pared VESA: 100x100 mm Cerradura Kensington: Sí Dimensiones Física. Dimensiones (An x Al x Pr): 61,03 x 47,52 x 21,38 cm (24,03"" x 18,71"" x 8,42"") Dimensión física sin soporte (An x Al x Pr): 61,03 x 36,73 x 7,77 cm (24,03"" x 14,46"") x 3,06"") Dimensiones de la caja (An x Al x Pr): 68,00 x 52,00 x 15,00 cm (26,77"" x 20,47"" x 5,91"") Peso  neto: 5,35 kg (11,79 lbs) Peso neto sin soporte: 4,37 kg (9,63 lbs) Peso bruto: 8,0 kg (17,64 lbs) Accesorios (varían según la región) Cable HDMI Cable de alimentación Guía de inicio rápido Tarjeta de garantía Certificado TÜV Sin parpadeo TÜV Luz azul baja AMD FreeSync Premium","Monitor ASUS TUF Gaming VG27VH1B Pantalla Tamaño de panel (pulgadas) :27 Relación de aspecto :16:9 Área de visualización de pantalla (H x V) :597.888 x 336.312 mm Superficie de dislpay :Non-Glare Tipo de luz de fondo :LED Tipo de panel :VA Ángulo de visión (CR≧10, H/V) :178°/ 178° Curvatura :1500R Pixel Pitch : 0.311mm Resolución :1920x1080 Espacio de color (sRGB) :120% Color Space (DCI-P3) : 90% Brillo (Typ.) :300cd/㎡ Relación de contraste (Typ.) :3000:1 Colores en display :16.7M Tiempo de respuesta :1ms MPRT Frecuencia de actualización (Max) :165Hz Flicker-free : Yes Video Tecnología Trace Free: Sí SPLENDID Tecnología: Sí GameVisual: Si Color Temp. Selección: Sí (3 modos) GamePlus: Sí HDCP: Sí Extreme Low Motion Blur: Sí Tecnología VRR: Sí (Adaptive-Sync) Tecnología de entrada GameFast: Sí Dark Boost: Sí Shadow Boost: Sí Luz azul baja: Sí Audio Altavoz: Sí (2Wx2) Puertos E/S HDMI (v2.0) x 1 VGA x 1 Conector para auriculares: Sí Entrada de audio para PC: Sí Frecuencia de la señal Frecuencia de señal digital: 24~180 KHz (H) / 50~165 Hz (V) Frecuencia de señal analógica: 24~82 KHz (H) / 50~75 Hz (V) Consumo de energía Consumo de energía: <28 W* Modo de ahorro de energía: <0,5 W Modo de apagado: <0,5 W Voltaje: 100-240 V, 50/60 Hz Diseño mecánico Inclinación: Sí (+20° ~ -5°) Giro: Sí (+16° ~ -16°) Ajuste de altura: No Montaje en pared VESA: 100x100 mm Cerradura Kensington: Sí Dimensiones Física. Dimensiones (An x Al x Pr): 61,03 x 47,52 x 21,38 cm (24,03"" x 18,71"" x 8,42"") Dimensión física sin soporte (An x Al x Pr): 61,03 x 36,73 x 7,77 cm (24,03"" x 14,46"") x 3,06"") Dimensiones de la caja (An x Al x Pr): 68,00 x 52,00 x 15,00 cm (26,77"" x 20,47"" x 5,91"") Peso  neto: 5,35 kg (11,79 lbs) Peso neto sin soporte: 4,37 kg (9,63 lbs) Peso bruto: 8,0 kg (17,64 lbs) Accesorios (varían según la región) Cable HDMI Cable de alimentación Guía de inicio rápido Tarjeta de garantía Certificado TÜV Sin parpadeo TÜV Luz azul baja AMD FreeSync Premium. Clave Oficial CT: MONASS940. Marca: CT.",COMPONENTES DE ENSAMBLE,monitores,CT,168.62,3288.03,5260.85,5260.85,4438.84,4438.84,4110.04,3945.64,assets/img/catalog/monitores/MONASS940.jpg,assets/img/catalog/monitores/MONASS940.jpg,https://static.ctonline.mx/imagenes/MONASS940/MONASS940_400.jpg
MONASS1820,"Monitor ASUS XG27ACS Modelo XG27ACS Pantalla Tamaño del panel (pulgadas): 27, Relación de aspecto: 16:9, Espacio de color (DCI-P3): 97%, Espacio de color (sRGB): 133%, Tipo de panel: Fast IPS, True Resolution : 2560x1440, Área de visualización de pantalla (HxV): 596.74 x 335.66 mm, Superficie de visualización: Anti-Glare, Brillo (típico): 350cd/㎡, Brillo (HDR, pico): 400 cd/㎡, Relación de contraste: 1000:1, Ángulo de visión (CR ≧ 10): 178°/ 178°, Tiempo de respuesta : 1ms(GTG), Colores de pantalla: 16.7M, Sin destellos : Sí, Compatibilidad con HDR (alto rango dinámico): HDR10, Frecuencia de actualización (máx.): 180Hz. Características GamePlus: Sí, Game Visual: Sí, VRR Technology: Yes (Adaptive-Sync), Extreme Low Motion Blur: Yes, DisplayWidget: Yes, DisplayWidget Center, GameFast Input technology: Yes, Shadow Boost: Sí ELMB Sync: Si. Puertos DisplayPort 1.4 x 1 (HBR3) HDMI (v2.0) x 1 USB-C x 1 (DP Alt Mode) Conector de auriculares: Sí Entrega de Energía 7.5W. Funciones de audio Speaker: No Frecuencia de la señal Frecuencia de señal digital: USB-C, DisplayPort : 30KHz to 255KHz (H) / 48Hz to 180Hz (V),  HDMI : 30KHz to 225KHz (H) / 48Hz to 144Hz (V) Consumo de energía Consumo de energía : <23.1W* Modo de ahorro de energía : <0.5W Modo apagado: <0.3W. Diseño mecánico 1/4"" Tripod Socket : Yes, Inclinación: Yes (+20° ~ -5°) Swivel :  Yes (+45° ~ -45°) Pivotar : Yes (+90° ~ -90°) Ajuste de altura : 0~120mm Montaje en pared VESA: 100x100mm Bloqueo Kensington: Sí.","Monitor ASUS XG27ACS Modelo XG27ACS Pantalla Tamaño del panel (pulgadas): 27, Relación de aspecto: 16:9, Espacio de color (DCI-P3): 97%, Espacio de color (sRGB): 133%, Tipo de panel: Fast IPS, True Resolution : 2560x1440, Área de visualización de pantalla (HxV): 596.74 x 335.66 mm, Superficie de visualización: Anti-Glare, Brillo (típico): 350cd/㎡, Brillo (HDR, pico): 400 cd/㎡, Relación de contraste: 1000:1, Ángulo de visión (CR ≧ 10): 178°/ 178°, Tiempo de respuesta : 1ms(GTG), Colores de pantalla: 16.7M, Sin destellos : Sí, Compatibilidad con HDR (alto rango dinámico): HDR10, Frecuencia de actualización (máx.): 180Hz. Características GamePlus: Sí, Game Visual: Sí, VRR Technology: Yes (Adaptive-Sync), Extreme Low Motion Blur: Yes, DisplayWidget: Yes, DisplayWidget Center, GameFast Input technology: Yes, Shadow Boost: Sí ELMB Sync: Si. Puertos DisplayPort 1.4 x 1 (HBR3) HDMI (v2.0) x 1 USB-C x 1 (DP Alt Mode) Conector de auriculares: Sí Entrega de Energía 7.5W. Funciones de audio Speaker: No Frecuencia de la señal Frecuencia de señal digital: USB-C, DisplayPort : 30KHz to 255KHz (H) / 48Hz to 180Hz (V),  HDMI : 30KHz to 225KHz (H) / 48Hz to 144Hz (V) Consumo de energía Consumo de energía : <23.1W* Modo de ahorro de energía : <0.5W Modo apagado: <0.3W. Diseño mecánico 1/4"" Tripod Socket : Yes, Inclinación: Yes (+20° ~ -5°) Swivel :  Yes (+45° ~ -45°) Pivotar : Yes (+90° ~ -90°) Ajuste de altura : 0~120mm Montaje en pared VESA: 100x100mm Bloqueo Kensington: Sí.. Clave Oficial CT: MONASS1820. Marca: CT.",COMPONENTES DE ENSAMBLE,monitores,CT,198.24,3865.77,6185.23,6185.23,5218.79,5218.79,4832.21,4638.93,assets/img/catalog/monitores/MONASS1820.jpg,assets/img/catalog/monitores/MONASS1820.jpg,https://static.ctonline.mx/imagenes/MONASS1820/MONASS1820_400.jpg
MONASS1830,"Monitor ASUS VG32WQ3B Modelo TUF Gaming VG32WQ3B Pantalla Tamaño de panel (pulgadas) :31.5, Relación de aspecto :16:9, Área de visualización de pantalla (H x V) :697.344 x 392.256 mm, Superficie de dislpay :Anti-Glare, Tipo de luz de fondo :LED, Tipo de panel :Fast VA, Ángulo de visión (CR≧10, H/V) :178°/ 178°, Curvatura :1500R, Pixel Pitch : 0.272mm, Resolución :2560x1440, Espacio de color (sRGB) :120%, Color Space (DCI-P3) : 90%, Brillo (Typ.) :350cd/㎡, Relación de contraste (Typ.) :3500:1, Colores en display :16.7M, Tiempo de respuesta :1ms(GTG), 0.5ms(min.), Frecuencia de actualización (Max) :180Hz, HDR (High Dynamic Range):HDR10, Flicker-free : Yes. Video Tecnología Trace Free:Sí, SPLENDID Technology :Sí, GameVisual :Si, Color Temp. Selection :Sí(4 modes), GamePlus :Sí, HDCP :Sí, 2.2, Extreme Low Motion Blur :Sí, Tecnología VRR :Sí (Adaptive-Sync), GameFast Input, technology :Sí, Dark Boost :Sí, Shadow Boost :Sí, DisplayWidget :Sí, DisplayWidget Center, Low Blue Light :Sí, Modo Multiple HDR:Sí. Audio Altavoz: Sí (2 W x 2). Puertos E/S DisplayPort 1.4 x 1 (HBR2), HDMI (v2.0) x 2 Conector para auriculares: Sí. Frecuencia de la señal Frecuencia de señal digital: DisplayPort: 267~267 KHz (H) / 48~180 Hz (V), HDMI: 30~225 KHz (H) / 48~144 Hz (V). Consumo de energía: <32 W, Modo de ahorro de energía: <0,5 W, Modo de apagado: <0,3 W, Voltaje: 100-240 V, 50/60 Hz, Diseño mecánico Inclinación: Sí (+23° ~ -5°), Ajuste de altura: No, Montaje en pared VESA: 100x100 mm, Bloqueo Kensington: Sí.","Monitor ASUS VG32WQ3B Modelo TUF Gaming VG32WQ3B Pantalla Tamaño de panel (pulgadas) :31.5, Relación de aspecto :16:9, Área de visualización de pantalla (H x V) :697.344 x 392.256 mm, Superficie de dislpay :Anti-Glare, Tipo de luz de fondo :LED, Tipo de panel :Fast VA, Ángulo de visión (CR≧10, H/V) :178°/ 178°, Curvatura :1500R, Pixel Pitch : 0.272mm, Resolución :2560x1440, Espacio de color (sRGB) :120%, Color Space (DCI-P3) : 90%, Brillo (Typ.) :350cd/㎡, Relación de contraste (Typ.) :3500:1, Colores en display :16.7M, Tiempo de respuesta :1ms(GTG), 0.5ms(min.), Frecuencia de actualización (Max) :180Hz, HDR (High Dynamic Range):HDR10, Flicker-free : Yes. Video Tecnología Trace Free:Sí, SPLENDID Technology :Sí, GameVisual :Si, Color Temp. Selection :Sí(4 modes), GamePlus :Sí, HDCP :Sí, 2.2, Extreme Low Motion Blur :Sí, Tecnología VRR :Sí (Adaptive-Sync), GameFast Input, technology :Sí, Dark Boost :Sí, Shadow Boost :Sí, DisplayWidget :Sí, DisplayWidget Center, Low Blue Light :Sí, Modo Multiple HDR:Sí. Audio Altavoz: Sí (2 W x 2). Puertos E/S DisplayPort 1.4 x 1 (HBR2), HDMI (v2.0) x 2 Conector para auriculares: Sí. Frecuencia de la señal Frecuencia de señal digital: DisplayPort: 267~267 KHz (H) / 48~180 Hz (V), HDMI: 30~225 KHz (H) / 48~144 Hz (V). Consumo de energía: <32 W, Modo de ahorro de energía: <0,5 W, Modo de apagado: <0,3 W, Voltaje: 100-240 V, 50/60 Hz, Diseño mecánico Inclinación: Sí (+23° ~ -5°), Ajuste de altura: No, Montaje en pared VESA: 100x100 mm, Bloqueo Kensington: Sí.. Clave Oficial CT: MONASS1830. Marca: CT.",COMPONENTES DE ENSAMBLE,monitores,CT,196.28,3827.39,6123.83,6123.83,5166.98,5166.98,4784.24,4592.87,assets/img/catalog/monitores/MONASS1830.jpg,assets/img/catalog/monitores/MONASS1830.jpg,https://static.ctonline.mx/imagenes/MONASS1830/MONASS1830_400.jpg
MONASS1800,"Monitor ASUS BE24ECSBT, Pantalla Tamaño: 23.8"" IPS Resolución: Full HD (1920x1080) Relación de aspecto: 16:9 Brillo: 350 cd/m² Contraste: 1000:1 Ángulos de visión: 178°/178° Touchscreen: Sí (PCAP Touch), Rendimiento y cuidado visual: Frecuencia de actualización: 75Hz Tiempo de respuesta: 5ms (GTG) 100% sRGB para colores precisos Tecnologías de confort visual: Flicker-Free, Low Blue Light, Eye Care+ Conectividad: USB-C (DP Alt Mode) con Power Delivery de 80W DisplayPort 1.4 (x2) con Daisy Chain HDMI 1.4 (x1) Hub USB: 3x USB 3.2 Gen 1 Type-A Salida de audio (Jack 3.5mm), Audio integrado: Bocinas estéreo: 2W x2, Diseño: Inclinación: +35° a -5° Giro: +180° a -180° Pivot: +90° a -90° Ajuste de altura: 0-130mm Montaje VESA (100x100mm), Eficiencia energética y certificaciones: Consumo: 13.2W Certificaciones: Energy Star, EPEAT Silver, TCO Certified, TÜV Flicker-Free y Low Blue Light Accesorios incluidos: Cables: USB-C, USB-C a , HDMI, DisplayPort, Cable de corriente Base de liberación rápida Guía de inicio rápido.","Monitor ASUS BE24ECSBT, Pantalla Tamaño: 23.8"" IPS Resolución: Full HD (1920x1080) Relación de aspecto: 16:9 Brillo: 350 cd/m² Contraste: 1000:1 Ángulos de visión: 178°/178° Touchscreen: Sí (PCAP Touch), Rendimiento y cuidado visual: Frecuencia de actualización: 75Hz Tiempo de respuesta: 5ms (GTG) 100% sRGB para colores precisos Tecnologías de confort visual: Flicker-Free, Low Blue Light, Eye Care+ Conectividad: USB-C (DP Alt Mode) con Power Delivery de 80W DisplayPort 1.4 (x2) con Daisy Chain HDMI 1.4 (x1) Hub USB: 3x USB 3.2 Gen 1 Type-A Salida de audio (Jack 3.5mm), Audio integrado: Bocinas estéreo: 2W x2, Diseño: Inclinación: +35° a -5° Giro: +180° a -180° Pivot: +90° a -90° Ajuste de altura: 0-130mm Montaje VESA (100x100mm), Eficiencia energética y certificaciones: Consumo: 13.2W Certificaciones: Energy Star, EPEAT Silver, TCO Certified, TÜV Flicker-Free y Low Blue Light Accesorios incluidos: Cables: USB-C, USB-C a , HDMI, DisplayPort, Cable de corriente Base de liberación rápida Guía de inicio rápido.. Clave Oficial CT: MONASS1800. Marca: CT.",COMPONENTES DE ENSAMBLE,monitores,CT,356.38,6949.47,11119.15,11119.15,9381.78,9381.78,8686.84,8339.36,assets/img/catalog/monitores/MONASS1800.jpg,assets/img/catalog/monitores/MONASS1800.jpg,https://static.ctonline.mx/imagenes/MONASS1800/MONASS1800_400.jpg
MONASS1840,"Monitor ASUS VG27VQMY Modelo TUF GAMING Monitor Tamaño del panel (pulgadas): 27, Relación de aspecto: 16:9, Área de visualización de la pantalla (H x V): 597,88 X 336,31 mm, Superficie de la pantalla: Antirreflejo, Tipo de retroiluminación: LED, Tipo de panel: VA, Ángulo de visión (CR≧10, H/V): 178°/ 178°, Curvatura: 1500R, Paso de píxeles: 0,311 mm, Resolución: 1920 x 1080, Brillo (típico): 350 cd/㎡, Relación de contraste (típico): 3000:1, Colores de la pantalla: 16,7 M, Tiempo de respuesta: 1 ms Frecuencia de actualización, MPRT, (máx.): 240 Hz, Sin parpadeo: Sí. Características Tecnología Trace Free: Sí, GameVisual: Sí, Selección de temperatura de color: Sí (4 modos), GamePlus: Sí, HDCP: Sí, 2.2, Desenfoque de movimiento extremo bajo: Sí, Tecnología VRR: Sí (Adaptive-Sync), Tecnología de entrada GameFast: Sí, Shadow Boost: Sí, DisplayWidget: Sí, DisplayWidget Lite, Low Blue Light: Sí. Audio Altavoz: Sí (2 W x 2). Puertos de E/S DisplayPort 1.2 x 1, HDMI (v2.0) x 2, Hub USB: 2x USB 3.2 Gen 1 Tipo A, Conector para auriculares: Sí, USB 3.2 (señal): x 1. Frecuencia de la señal, Frecuencia de señal digital: HDMI: 30 ~ 292 KHz (H) / 48 ~ 240 Hz (V), DP: 292 ~ 292 KHz (H) / 48 ~ 240 Hz (V). Consumo de energía Voltaje: 100-240 V, 50/60 Hz. Diseño mecánico Inclinación: Sí (+25° ~ -5°), Giro: Sí (+90° ~ -90°), Ajuste de altura: 0~120 mm, Montaje en pared VESA: 100x100 mm, Bloqueo Kensington: Sí.","Monitor ASUS VG27VQMY Modelo TUF GAMING Monitor Tamaño del panel (pulgadas): 27, Relación de aspecto: 16:9, Área de visualización de la pantalla (H x V): 597,88 X 336,31 mm, Superficie de la pantalla: Antirreflejo, Tipo de retroiluminación: LED, Tipo de panel: VA, Ángulo de visión (CR≧10, H/V): 178°/ 178°, Curvatura: 1500R, Paso de píxeles: 0,311 mm, Resolución: 1920 x 1080, Brillo (típico): 350 cd/㎡, Relación de contraste (típico): 3000:1, Colores de la pantalla: 16,7 M, Tiempo de respuesta: 1 ms Frecuencia de actualización, MPRT, (máx.): 240 Hz, Sin parpadeo: Sí. Características Tecnología Trace Free: Sí, GameVisual: Sí, Selección de temperatura de color: Sí (4 modos), GamePlus: Sí, HDCP: Sí, 2.2, Desenfoque de movimiento extremo bajo: Sí, Tecnología VRR: Sí (Adaptive-Sync), Tecnología de entrada GameFast: Sí, Shadow Boost: Sí, DisplayWidget: Sí, DisplayWidget Lite, Low Blue Light: Sí. Audio Altavoz: Sí (2 W x 2). Puertos de E/S DisplayPort 1.2 x 1, HDMI (v2.0) x 2, Hub USB: 2x USB 3.2 Gen 1 Tipo A, Conector para auriculares: Sí, USB 3.2 (señal): x 1. Frecuencia de la señal, Frecuencia de señal digital: HDMI: 30 ~ 292 KHz (H) / 48 ~ 240 Hz (V), DP: 292 ~ 292 KHz (H) / 48 ~ 240 Hz (V). Consumo de energía Voltaje: 100-240 V, 50/60 Hz. Diseño mecánico Inclinación: Sí (+25° ~ -5°), Giro: Sí (+90° ~ -90°), Ajuste de altura: 0~120 mm, Montaje en pared VESA: 100x100 mm, Bloqueo Kensington: Sí.. Clave Oficial CT: MONASS1840. Marca: CT.",COMPONENTES DE ENSAMBLE,monitores,CT,160.64,3132.45,5011.91,5011.91,4228.8,4228.8,3915.56,3758.94,assets/img/catalog/monitores/MONASS1840.jpg,assets/img/catalog/monitores/MONASS1840.jpg,https://static.ctonline.mx/imagenes/MONASS1840/MONASS1840_400.jpg
MONASS1640,"Monitor ASUS VG34VQL1B Tamaño del panel (pulgadas): 34 Relación de aspecto: 21:9 Área de visualización de la pantalla (H x V): 797,2 x 333,7 mm Superficie de la pantalla: Antideslumbrante Tipo de retroiluminación: LED Tipo de panel: VA Ángulo de visión (CR≧10, H/V ) : 178°/ 178° Curvatura : 1500R Separación de píxeles : 0,2325 mm Resolución : 3440x1440 Espacio de color (sRGB) : 120 % Espacio de color (DCI-P3) : 90 % Brillo (HDR, pico): 550 cd/? Brillo (típ.): 550 cd/㎡ Relación de contraste (típ.): 4000:1 Colores de pantalla: 16,7 M Tiempo de respuesta: 1 ms Frecuencia de actualización MPRT (máx.): 165 Hz Compatibilidad con HDR (alto rango dinámico): HDR10 Sin parpadeo: Sí Función de vídeo Tecnología Trace Free: Sí GameVisual: Sí Temp. de color. Selección: Sí (4 modos) GamePlus: Sí Tecnología PIP/PBP: Sí HDCP: Sí, 2.2 Extreme Low Motion Blur: Sí Tecnología VRR: Sí (Adaptive-Sync) Tecnología de entrada GameFast: Sí Shadow Boost: Sí Luz azul baja: Sí Modo HDR múltiple: Sí Función de audio Altavoz: Sí (2Wx2) Puertos de E/S DisplayPort 1.4 x 2 HDMI(v2.0) x 2 Concentrador USB: 4x USB 3.2 Gen 1 Tipo-A Conector para auriculares: Sí Frecuencia de señal Frecuencia de señal digital: HDMI: 30~160 KHz (H) / 48 ~ 100 Hz (V) DisplayPort: 30 ~ 260 KHz (H) / 48 ~ 165 Hz (V) El consumo de energía Consumo de energía: 35 W Modo de ahorro de energía: <0,3 W Modo de apagado: <0,3 W Voltaje: 100-240 V, 50/60 Hz Diseño mecánico Inclinación: Sí (+15° ~ -5°) Giro: Sí (+10° ~ -10°) Ajuste de altura: 0~130 mm Montaje en pared VESA: 100x100 mm Cerradura Kensington: Sí Dimensiones (Esti.) Física. Dimensión con soporte (An x Al x Pr): 809 x (416~546) x 274 (mm) Física. Dimensiones sin soporte (An x Al x Pr): 809 x 366 x 105 (mm) Dimensión de la caja (An x Al x Pr): 98,0 x 51,6 x 22,6 cm (38,58"" x 20,31"" x 8,90"") Peso (estimación) Peso neto con soporte: 9,01 kg Peso neto sin soporte: 6,6 kg Peso bruto: 11,74 kg Accesorios (varían según las regiones) Cable DisplayPort Destornillador en forma de L Cable de alimentación Guía de inicio rápido Cable USB 3.0 Tarjeta de garantía Certificado TÜV Sin parpadeo TÜV Low Blue Light VESA DisplayHDR 400 AMD FreeSync Premium","Monitor ASUS VG34VQL1B Tamaño del panel (pulgadas): 34 Relación de aspecto: 21:9 Área de visualización de la pantalla (H x V): 797,2 x 333,7 mm Superficie de la pantalla: Antideslumbrante Tipo de retroiluminación: LED Tipo de panel: VA Ángulo de visión (CR≧10, H/V ) : 178°/ 178° Curvatura : 1500R Separación de píxeles : 0,2325 mm Resolución : 3440x1440 Espacio de color (sRGB) : 120 % Espacio de color (DCI-P3) : 90 % Brillo (HDR, pico): 550 cd/? Brillo (típ.): 550 cd/㎡ Relación de contraste (típ.): 4000:1 Colores de pantalla: 16,7 M Tiempo de respuesta: 1 ms Frecuencia de actualización MPRT (máx.): 165 Hz Compatibilidad con HDR (alto rango dinámico): HDR10 Sin parpadeo: Sí Función de vídeo Tecnología Trace Free: Sí GameVisual: Sí Temp. de color. Selección: Sí (4 modos) GamePlus: Sí Tecnología PIP/PBP: Sí HDCP: Sí, 2.2 Extreme Low Motion Blur: Sí Tecnología VRR: Sí (Adaptive-Sync) Tecnología de entrada GameFast: Sí Shadow Boost: Sí Luz azul baja: Sí Modo HDR múltiple: Sí Función de audio Altavoz: Sí (2Wx2) Puertos de E/S DisplayPort 1.4 x 2 HDMI(v2.0) x 2 Concentrador USB: 4x USB 3.2 Gen 1 Tipo-A Conector para auriculares: Sí Frecuencia de señal Frecuencia de señal digital: HDMI: 30~160 KHz (H) / 48 ~ 100 Hz (V) DisplayPort: 30 ~ 260 KHz (H) / 48 ~ 165 Hz (V) El consumo de energía Consumo de energía: 35 W Modo de ahorro de energía: <0,3 W Modo de apagado: <0,3 W Voltaje: 100-240 V, 50/60 Hz Diseño mecánico Inclinación: Sí (+15° ~ -5°) Giro: Sí (+10° ~ -10°) Ajuste de altura: 0~130 mm Montaje en pared VESA: 100x100 mm Cerradura Kensington: Sí Dimensiones (Esti.) Física. Dimensión con soporte (An x Al x Pr): 809 x (416~546) x 274 (mm) Física. Dimensiones sin soporte (An x Al x Pr): 809 x 366 x 105 (mm) Dimensión de la caja (An x Al x Pr): 98,0 x 51,6 x 22,6 cm (38,58"" x 20,31"" x 8,90"") Peso (estimación) Peso neto con soporte: 9,01 kg Peso neto sin soporte: 6,6 kg Peso bruto: 11,74 kg Accesorios (varían según las regiones) Cable DisplayPort Destornillador en forma de L Cable de alimentación Guía de inicio rápido Cable USB 3.0 Tarjeta de garantía Certificado TÜV Sin parpadeo TÜV Low Blue Light VESA DisplayHDR 400 AMD FreeSync Premium. Clave Oficial CT: MONASS1640. Marca: CT.",COMPONENTES DE ENSAMBLE,monitores,CT,292.29,5699.6,9119.36,9119.36,7694.46,7694.46,7124.5,6839.52,assets/img/catalog/monitores/MONASS1640.jpg,assets/img/catalog/monitores/MONASS1640.jpg,https://static.ctonline.mx/imagenes/MONASS1640/MONASS1640_400.jpg
MONASS1560,"Monitor ASUS VG277Q1A Tamaño de panel (pulgadas) :27 Relación de aspecto :16:9 Área de visualización de pantalla (H x V) :597.888 x 336.312 mm Superficie de dislpay :Non-Glare Tipo de luz de fondo :LED Tipo de panel :VA Ángulo de visión (CR≧10, H/V) :178°/ 178° Pixel Pitch : 0.311mm Resolución :1920x1080 Brillo (Typ.) :350cd/㎡ Relación de contraste (Typ.) :3000:1 Colores en display :16.7M Tiempo de respuesta :1ms MPRT Frecuencia de actualización (Max) :165Hz Flicker-free : Yes Video Tecnología Trace Free: Sí SPLENDID Tecnología: Sí GameVisual: Si Color Temp. Selección: Sí (4 modos) GamePlus: Sí HDCP: Sí Extreme Low Motion Blur: Sí Tecnología VRR: Sí (Adaptive-Sync) Tecnología de entrada GameFast: Sí Dark Boost: Sí Shadow Boost: Sí Luz azul baja: Sí Audio Altavoz: Sí (2Wx2) Puertos E/S DisplayPort 1.2 x 1 HDMI (v1.4) x 2 Conector para auriculares: Sí Frecuencia de la señal Frecuencia de señal digital: HDMI: 30~180 KHz (H) / 48~144 Hz (V) DP: 30~200 KHz (H) / 48~165 Hz (V) Consumo de energía Consumo de energía: <25 W* Modo de ahorro de energía: <0,5 W Modo de apagado: <0,3 W Voltaje: 100-240 V, 50/60 Hz Diseño mecanico Inclinación: Sí (+23° ~ -5°) Ajuste de altura: No Montaje en pared VESA: 100x100 mm Cerradura Kensington: Sí Dimensiones Física. Dimensiones con soporte (An x Al x Pr): 615 x 453 x 194 mm Física. Dimensiones sin soporte (An x Al x Pr): 615 x 453 x 59 mm Dimensión de la caja (An x Al x Pr): 680 x 510 x 171 mm Peso Peso neto con soporte: 4,47 Kg Peso neto sin soporte: 3,73 Kg Peso bruto: 6,33 Kg Accesorios (varían según la región) Cable DisplayPort Cable HDMI Cable de alimentación Guía de inicio rápido Tarjeta de garantía Temperatura / humedad de funcionamiento Temperatura de funcionamiento: 0~+40°C","Monitor ASUS VG277Q1A Tamaño de panel (pulgadas) :27 Relación de aspecto :16:9 Área de visualización de pantalla (H x V) :597.888 x 336.312 mm Superficie de dislpay :Non-Glare Tipo de luz de fondo :LED Tipo de panel :VA Ángulo de visión (CR≧10, H/V) :178°/ 178° Pixel Pitch : 0.311mm Resolución :1920x1080 Brillo (Typ.) :350cd/㎡ Relación de contraste (Typ.) :3000:1 Colores en display :16.7M Tiempo de respuesta :1ms MPRT Frecuencia de actualización (Max) :165Hz Flicker-free : Yes Video Tecnología Trace Free: Sí SPLENDID Tecnología: Sí GameVisual: Si Color Temp. Selección: Sí (4 modos) GamePlus: Sí HDCP: Sí Extreme Low Motion Blur: Sí Tecnología VRR: Sí (Adaptive-Sync) Tecnología de entrada GameFast: Sí Dark Boost: Sí Shadow Boost: Sí Luz azul baja: Sí Audio Altavoz: Sí (2Wx2) Puertos E/S DisplayPort 1.2 x 1 HDMI (v1.4) x 2 Conector para auriculares: Sí Frecuencia de la señal Frecuencia de señal digital: HDMI: 30~180 KHz (H) / 48~144 Hz (V) DP: 30~200 KHz (H) / 48~165 Hz (V) Consumo de energía Consumo de energía: <25 W* Modo de ahorro de energía: <0,5 W Modo de apagado: <0,3 W Voltaje: 100-240 V, 50/60 Hz Diseño mecanico Inclinación: Sí (+23° ~ -5°) Ajuste de altura: No Montaje en pared VESA: 100x100 mm Cerradura Kensington: Sí Dimensiones Física. Dimensiones con soporte (An x Al x Pr): 615 x 453 x 194 mm Física. Dimensiones sin soporte (An x Al x Pr): 615 x 453 x 59 mm Dimensión de la caja (An x Al x Pr): 680 x 510 x 171 mm Peso Peso neto con soporte: 4,47 Kg Peso neto sin soporte: 3,73 Kg Peso bruto: 6,33 Kg Accesorios (varían según la región) Cable DisplayPort Cable HDMI Cable de alimentación Guía de inicio rápido Tarjeta de garantía Temperatura / humedad de funcionamiento Temperatura de funcionamiento: 0~+40°C. Clave Oficial CT: MONASS1560. Marca: CT.",COMPONENTES DE ENSAMBLE,monitores,CT,174.1,3394.87,5431.79,5431.79,4583.07,4583.07,4243.58,4073.84,assets/img/catalog/monitores/MONASS1560.jpg,assets/img/catalog/monitores/MONASS1560.jpg,https://static.ctonline.mx/imagenes/MONASS1560/MONASS1560_400.jpg
MONASS810,"Monitor ASUS PA248QV Modelo Pantalla ProArt PA248QV Mostrar Tamaño de panel (pulgadas) :24.1 Pixels Per Inch (PPI) : 94 Relación de aspecto :16:10 Área de visualización de pantalla (H x V) :518.4 x 324.0 mm Superficie de dislpay :Non-Glare Tipo de luz de fondo :LED Tipo de panel :IPS Ángulo de visión (CR≧10, H/V) :178°/ 178° Pixel Pitch : 0.270mm Resolución :1920x1200 Espacio de color (sRGB) :100% Brillo (Typ.) :350cd/㎡ Relación de contraste (Typ.) :1000:1 Colores en display :16.7M Tiempo de respuesta :5ms(GTG) Frecuencia de actualización (Max) :75Hz Flicker-free : Yes LCD ZBD Warranty : Yes(3 yr) Video Tecnología Trace Free:Sí ProArt Preset: Estándar ProArt Preset: sRGB ProArt Preset: Rec. 709 ProArt Preset : Escenario ProArt Preset : Lectura ProArt Preset : Cuarto oscuro ProArt Preset : Rapid Rendering ProArt Preset : Usuario modo1 ProArt Preset : Usuario modo2 SPLENDID Tecnología : Sí Color Temp. Selección: Sí (4 modos) Ajuste de color: Ajuste de 6 ejes (R,G,B,C,M,Y) Ajuste de gamma: Sí (compatible con Gamma 1.8/2.0/2.2/2.4/2.6) Precisión de color: △E< 2 ProArt Palette : Sí QuickFit : Sí HDCP : Sí Tecnología VRR : Sí (Adaptive-Sync) Dark Boost : Sí Motion Sync : Sí ProArt Chroma Tune : Sí Luz azul baja: Sí Audio Altavoz: Sí (2Wx2) Puertos E/S DisplayPort 1.2 x 1 HDMI (v1.4) x 1 VGA x 1 Concentrador USB: 4x USB 3.2 Gen 1 Tipo-A Conector para auriculares: Sí Entrada de audio de PC: Sí Frecuencia de la señal Frecuencia de la señal digital: 30~105 KHz (H) / 49~75 Hz (V) Frecuencia de la señal analógica: 30~105 KHz (H) / 49~75 Hz (V) Consumo de energía Consumo de energía: 9,4 W Modo de ahorro de energía: <0,5 W Modo de apagado: 0 W (interruptor duro) Voltaje: 100-240 V, 50/60 Hz Diseño mecanico Inclinación: Sí (+35° ~ -5°) Giro: Sí (+90° ~ -90°) Pivote: Sí (+90° ~ -90°) Ajuste de altura: 0~130 mm Montaje en pared VESA: 100x100 mm Bloqueo Kensington: Sí Dimensiones física Dimensión con soporte (An. x Al. x Pr.): 533 x (375~505) x 211 mm Phys. Dimensiones sin soporte (An. x Al. x Pr.): 533 x 360 x 47 mm Dimensiones de la caja (An. x Al. x Pr.): 649 x 474 x 192 mm Peso Peso neto con soporte: 6,1 kg Peso neto sin soporte: 3,9 kg Peso bruto: 8,3 kg Accesorios (varían según la región) Cable de audio Informe de precalibración de color Cable DisplayPort Cable HDMI Cable de alimentación Guía de inicio rápido Cable VGA Tarjeta de garantía Certificado TÜV sin parpadeo TÜV Low Blue Light Calman verificado","Monitor ASUS PA248QV Modelo Pantalla ProArt PA248QV Mostrar Tamaño de panel (pulgadas) :24.1 Pixels Per Inch (PPI) : 94 Relación de aspecto :16:10 Área de visualización de pantalla (H x V) :518.4 x 324.0 mm Superficie de dislpay :Non-Glare Tipo de luz de fondo :LED Tipo de panel :IPS Ángulo de visión (CR≧10, H/V) :178°/ 178° Pixel Pitch : 0.270mm Resolución :1920x1200 Espacio de color (sRGB) :100% Brillo (Typ.) :350cd/㎡ Relación de contraste (Typ.) :1000:1 Colores en display :16.7M Tiempo de respuesta :5ms(GTG) Frecuencia de actualización (Max) :75Hz Flicker-free : Yes LCD ZBD Warranty : Yes(3 yr) Video Tecnología Trace Free:Sí ProArt Preset: Estándar ProArt Preset: sRGB ProArt Preset: Rec. 709 ProArt Preset : Escenario ProArt Preset : Lectura ProArt Preset : Cuarto oscuro ProArt Preset : Rapid Rendering ProArt Preset : Usuario modo1 ProArt Preset : Usuario modo2 SPLENDID Tecnología : Sí Color Temp. Selección: Sí (4 modos) Ajuste de color: Ajuste de 6 ejes (R,G,B,C,M,Y) Ajuste de gamma: Sí (compatible con Gamma 1.8/2.0/2.2/2.4/2.6) Precisión de color: △E< 2 ProArt Palette : Sí QuickFit : Sí HDCP : Sí Tecnología VRR : Sí (Adaptive-Sync) Dark Boost : Sí Motion Sync : Sí ProArt Chroma Tune : Sí Luz azul baja: Sí Audio Altavoz: Sí (2Wx2) Puertos E/S DisplayPort 1.2 x 1 HDMI (v1.4) x 1 VGA x 1 Concentrador USB: 4x USB 3.2 Gen 1 Tipo-A Conector para auriculares: Sí Entrada de audio de PC: Sí Frecuencia de la señal Frecuencia de la señal digital: 30~105 KHz (H) / 49~75 Hz (V) Frecuencia de la señal analógica: 30~105 KHz (H) / 49~75 Hz (V) Consumo de energía Consumo de energía: 9,4 W Modo de ahorro de energía: <0,5 W Modo de apagado: 0 W (interruptor duro) Voltaje: 100-240 V, 50/60 Hz Diseño mecanico Inclinación: Sí (+35° ~ -5°) Giro: Sí (+90° ~ -90°) Pivote: Sí (+90° ~ -90°) Ajuste de altura: 0~130 mm Montaje en pared VESA: 100x100 mm Bloqueo Kensington: Sí Dimensiones física Dimensión con soporte (An. x Al. x Pr.): 533 x (375~505) x 211 mm Phys. Dimensiones sin soporte (An. x Al. x Pr.): 533 x 360 x 47 mm Dimensiones de la caja (An. x Al. x Pr.): 649 x 474 x 192 mm Peso Peso neto con soporte: 6,1 kg Peso neto sin soporte: 3,9 kg Peso bruto: 8,3 kg Accesorios (varían según la región) Cable de audio Informe de precalibración de color Cable DisplayPort Cable HDMI Cable de alimentación Guía de inicio rápido Cable VGA Tarjeta de garantía Certificado TÜV sin parpadeo TÜV Low Blue Light Calman verificado. Clave Oficial CT: MONASS810. Marca: CT.",COMPONENTES DE ENSAMBLE,monitores,CT,157.98,3080.59,4928.94,4928.94,4158.79,4158.79,3850.73,3696.7,assets/img/catalog/monitores/MONASS810.jpg,assets/img/catalog/monitores/MONASS810.jpg,https://static.ctonline.mx/imagenes/MONASS810/MONASS810_400.jpg
MONASS620,"Monitor ASUS VA249HE Tamaño de panel (pulgadas) :23.8 Relación de aspecto :16:9 Área de visualización de pantalla (H x V) :527.04 x 296.46 mm Superficie de dislpay :Non-Glare Tipo de luz de fondo :LED Tipo de panel :VA Ángulo de visión (CR≧10, H/V) :178°/ 178° Pixel Pitch : 0.2745mm Resolución :1920x1080 Brillo (Typ.) :300cd/㎡ Relación de contraste (Typ.) :3000:1 Colores en display :16.7M Tiempo de respuesta :5ms(GTG) Frecuencia de actualización (Max) :60Hz Flicker-free : Yes Video Tecnología Trace Free: Sí Tecnología SPLENDID: Sí Temp. Selección: Sí (4 modos) GamePlus: Sí HDCP: Sí Dark Boost: Sí Low Blue Light: Sí Audio Altavoz: No Puertos E/S HDMI (v1.4) x 1 VGA x 1 Frecuencia de la señal Frecuencia de la señal digital: 30~83 KHz (H) / 49~76 Hz (V) Frecuencia de la señal analógica: 30~83 KHz (H) / 49~76 Hz (V) Consumo de energía Consumo de energía: <22,97 W* Modo de ahorro de energía: <0,5 W Modo de apagado: <0,5 W Voltaje: 100-240 V, 50/60 Hz Diseño mecanico Inclinación: Sí (+20° ~ -5°) Ajuste de altura: No Montaje en pared VESA: 100x100 mm Bloqueo Kensington: Sí Dimensiones física Dimensiones con soporte (An. x Al. x Pr.): 552,4 x 396,9 x 205 mm Phys. Dimensiones sin soporte (An. x Al. x Pr.): 552,4 × 391,85 × 99,4 mm Dimensiones de la caja (An. x Al. x Pr.): 628 × 147 × 460 mm Peso Peso neto con soporte: 3,7 kg Peso neto sin soporte: 3,6 kg Peso bruto: 5,2 kg Accesorios (varían según la región) Cable HDMI Cable de alimentación Guía de inicio rápido Cable VGA Tarjeta de garantía Certificado TÜV sin parpadeo TÜV Low Blue Light (Existencias Limitadas)","Monitor ASUS VA249HE Tamaño de panel (pulgadas) :23.8 Relación de aspecto :16:9 Área de visualización de pantalla (H x V) :527.04 x 296.46 mm Superficie de dislpay :Non-Glare Tipo de luz de fondo :LED Tipo de panel :VA Ángulo de visión (CR≧10, H/V) :178°/ 178° Pixel Pitch : 0.2745mm Resolución :1920x1080 Brillo (Typ.) :300cd/㎡ Relación de contraste (Typ.) :3000:1 Colores en display :16.7M Tiempo de respuesta :5ms(GTG) Frecuencia de actualización (Max) :60Hz Flicker-free : Yes Video Tecnología Trace Free: Sí Tecnología SPLENDID: Sí Temp. Selección: Sí (4 modos) GamePlus: Sí HDCP: Sí Dark Boost: Sí Low Blue Light: Sí Audio Altavoz: No Puertos E/S HDMI (v1.4) x 1 VGA x 1 Frecuencia de la señal Frecuencia de la señal digital: 30~83 KHz (H) / 49~76 Hz (V) Frecuencia de la señal analógica: 30~83 KHz (H) / 49~76 Hz (V) Consumo de energía Consumo de energía: <22,97 W* Modo de ahorro de energía: <0,5 W Modo de apagado: <0,5 W Voltaje: 100-240 V, 50/60 Hz Diseño mecanico Inclinación: Sí (+20° ~ -5°) Ajuste de altura: No Montaje en pared VESA: 100x100 mm Bloqueo Kensington: Sí Dimensiones física Dimensiones con soporte (An. x Al. x Pr.): 552,4 x 396,9 x 205 mm Phys. Dimensiones sin soporte (An. x Al. x Pr.): 552,4 × 391,85 × 99,4 mm Dimensiones de la caja (An. x Al. x Pr.): 628 × 147 × 460 mm Peso Peso neto con soporte: 3,7 kg Peso neto sin soporte: 3,6 kg Peso bruto: 5,2 kg Accesorios (varían según la región) Cable HDMI Cable de alimentación Guía de inicio rápido Cable VGA Tarjeta de garantía Certificado TÜV sin parpadeo TÜV Low Blue Light (Existencias Limitadas). Clave Oficial CT: MONASS620. Marca: CT.",COMPONENTES DE ENSAMBLE,monitores,CT,92.55,1804.79,2887.66,2887.66,2436.46,2436.46,2255.98,2165.74,assets/img/catalog/monitores/MONASS620.jpg,assets/img/catalog/monitores/MONASS620.jpg,https://static.ctonline.mx/imagenes/MONASS620/MONASS620_400.jpg
MONASS900,"Monitor ASUS VA24DQ Tamaño del panel (pulgadas): 24, Relación de aspecto: 16: 9, Tipo de retroiluminación: LED, Tipo de panel: IPS. Retroiluminación del panel: LED, Ángulo de visión (CR ≧ 10, H / V): 178 ° / 178 °, Resolución real : 1920 x 1080, Superficie de la pantalla: Sin deslumbramiento, Separación entre píxeles: 0,311 mm Separación entre píxeles: 0,311 mm, Resolución: 1920 x 1080, Brillo (típico): 250 cd / ㎡, , Relación de contraste: 1000: 1, Relación de contraste (típico): 1000: 1, Ángulo de visión (CR ≧ 10): 178 ° / 178 °, Relación de,, contraste inteligente de ASUS (ASCR): 100000000: 1, Tiempo de respuesta: 5 ms (GTG ), Colores de pantalla: 16,7 M,   Sin parpadeo: Sí, Frecuencia de Frecuencia de actualización (máx.): 75 Hz Sin parpadeo: Sí. Tecnología, Trace Free: Sí, Tecnología Trace Free: Sí Tecnología SPLENDID: Sí, GamePlus: Sí, Luz azul baja: Sí, Temp. Selección: Sí (4 modos), Compatibilidad con HDCP: Sí, Tecnología VRR: Adaptive-Sync, GamePlus: Sí, QuickFit: Sí, HDCP: Sí, Tecnología VRR: Adaptive-Sync, Low Blue Light: Sí, Puertos DisplayPort 1.2 x 1, HDMI (v1.4) x 1, VGA x 1, Conector para auriculares: Sí, Entrada de audio para PC: Sí","Monitor ASUS VA24DQ Tamaño del panel (pulgadas): 24, Relación de aspecto: 16: 9, Tipo de retroiluminación: LED, Tipo de panel: IPS. Retroiluminación del panel: LED, Ángulo de visión (CR ≧ 10, H / V): 178 ° / 178 °, Resolución real : 1920 x 1080, Superficie de la pantalla: Sin deslumbramiento, Separación entre píxeles: 0,311 mm Separación entre píxeles: 0,311 mm, Resolución: 1920 x 1080, Brillo (típico): 250 cd / ㎡, , Relación de contraste: 1000: 1, Relación de contraste (típico): 1000: 1, Ángulo de visión (CR ≧ 10): 178 ° / 178 °, Relación de,, contraste inteligente de ASUS (ASCR): 100000000: 1, Tiempo de respuesta: 5 ms (GTG ), Colores de pantalla: 16,7 M,   Sin parpadeo: Sí, Frecuencia de Frecuencia de actualización (máx.): 75 Hz Sin parpadeo: Sí. Tecnología, Trace Free: Sí, Tecnología Trace Free: Sí Tecnología SPLENDID: Sí, GamePlus: Sí, Luz azul baja: Sí, Temp. Selección: Sí (4 modos), Compatibilidad con HDCP: Sí, Tecnología VRR: Adaptive-Sync, GamePlus: Sí, QuickFit: Sí, HDCP: Sí, Tecnología VRR: Adaptive-Sync, Low Blue Light: Sí, Puertos DisplayPort 1.2 x 1, HDMI (v1.4) x 1, VGA x 1, Conector para auriculares: Sí, Entrada de audio para PC: Sí. Clave Oficial CT: MONASS900. Marca: CT.",COMPONENTES DE ENSAMBLE,monitores,CT,123.14,2401.2,3841.91,3841.91,3241.62,3241.62,3001.5,2881.44,assets/img/catalog/monitores/MONASS900.jpg,assets/img/catalog/monitores/MONASS900.jpg,https://static.ctonline.mx/imagenes/MONASS900/MONASS900_400.jpg
MONASS1050,"Monitor táctil ASUS VT229H Tamaño de panel (pulgadas) :21.5 Relación de aspecto :16:9 Resolución real: 1920x1080, Área de visualización de la pantalla (HxV): 476,64 x 268,11 mm, Brillo (máx.): 250 cd / ㎡, Tecnología Trace Free: Sí, Entrada de señal: HDMI, D-Sub, Altavoces estéreo: 1,5 W x 2 estéreo RMS, Peso neto (estimado): 3,83 kg; 3,18 kg (sin soporte)Encendido: <21,9 W (* 2), Frecuencia de señal analógica: 30 ~ 83 KHz (H) / 50 ~ 75 Hz (V), Frecuencia de señal digital: 30 ~ 83 KHz (H) / 50 ~ 75 Hz (V) sin marco, sin parpadeo, luz azul baja, HDMI, dureza 7H, Tecnología IPS Full HD de 21.5 ""con ángulos de visión increíblemente amplios de 178°","Monitor táctil ASUS VT229H Tamaño de panel (pulgadas) :21.5 Relación de aspecto :16:9 Resolución real: 1920x1080, Área de visualización de la pantalla (HxV): 476,64 x 268,11 mm, Brillo (máx.): 250 cd / ㎡, Tecnología Trace Free: Sí, Entrada de señal: HDMI, D-Sub, Altavoces estéreo: 1,5 W x 2 estéreo RMS, Peso neto (estimado): 3,83 kg; 3,18 kg (sin soporte)Encendido: <21,9 W (* 2), Frecuencia de señal analógica: 30 ~ 83 KHz (H) / 50 ~ 75 Hz (V), Frecuencia de señal digital: 30 ~ 83 KHz (H) / 50 ~ 75 Hz (V) sin marco, sin parpadeo, luz azul baja, HDMI, dureza 7H, Tecnología IPS Full HD de 21.5 ""con ángulos de visión increíblemente amplios de 178°. Clave Oficial CT: MONASS1050. Marca: CT.",COMPONENTES DE ENSAMBLE,monitores,CT,201.06,3920.74,6273.19,6273.19,5293.01,5293.01,4900.93,4704.89,assets/img/catalog/monitores/MONASS1050.jpg,assets/img/catalog/monitores/MONASS1050.jpg,https://static.ctonline.mx/imagenes/MONASS1050/MONASS1050_400.jpg
MONASS710,"Monitor ASUS VA24EHE Entrada 23.8 FHD, PANEL TN, Adaptive Sync, 75Hz, 1ms Gray to Gray, Certificado Luz Baja, Flicker-Free, Puerto HDMI Y VGA","Monitor ASUS VA24EHE Entrada 23.8 FHD, PANEL TN, Adaptive Sync, 75Hz, 1ms Gray to Gray, Certificado Luz Baja, Flicker-Free, Puerto HDMI Y VGA. Clave Oficial CT: MONASS710. Marca: CT.",COMPONENTES DE ENSAMBLE,monitores,CT,125.0,2437.5,3900.0,3900.0,3290.62,3290.62,3046.88,2925.0,assets/img/catalog/monitores/MONASS710.jpg,assets/img/catalog/monitores/MONASS710.jpg,https://static.ctonline.mx/imagenes/MONASS710/MONASS710_400.jpg
MONASS1340,"MONITOR ASUS PA247CV Display Tamaño de panel (pulgadas) :23.8 Relación de aspecto :16:9 Área de visualización de pantalla (H x V) :527.04 x 296.46 mm Superficie de dislpay :Non-Glare Tipo de luz de fondo :LED Tipo de panel :IPS Ángulo de visión (CR≧10, H/V) :178°/ 178° Pixel Pitch : 0.2745mm Resolución :1920x1080 Espacio de color (sRGB) :100% Brillo (Typ.) :350cd/㎡ Relación de contraste (Typ.) :1000:1 ASUS Smart Contrast Ratio (ASCR) : 100000000:1 Colores en display :16.7M Tiempo de respuesta :5ms(GTG) Frecuencia de actualización (Max) :75Hz Flicker-free : Yes LCD ZBD Warranty : Yes(3 yr) Video Tecnología Trace Free:Yes ProArt Preset : Standard ProArt Preset : sRGB ProArt Preset : DCI-P3 ProArt Preset : Rec. 709 ProArt Preset : Scenery ProArt Preset : Reading ProArt Preset : Darkroom ProArt Preset : Rapid Rendering ProArt Preset : User mode1 ProArt Preset : User mode2 SPLENDID Technology : Sí Color Temp. Selection : Yes(5 modes) Color Adjustment : 6-axis adjustment(R,G,B,C,M,Y) Gamma adjustment : Yes (Support Gamma 1.8/2.0/2.2/2.4/2.6 ) Color Accuracy : △E< 2 ProArt Palette : Yes QuickFit : Yes HDCP : Si Tecnología VRR :Adaptive-Sync Dark Boost : Yes ProArt Widget : Yes Low Blue Light : Yes Audio Speaker : Yes(2Wx2) Puertos E/S USB-C x 1 DisplayPort 1.2 x 2 (Daisy Chain) HDMI(v1.4) x 1 USB Hub : 4x USB 3.2 Gen 1 Type-A Earphone Jack : Yes USB-C Power Delivery : 65W Frecuencia de la señal Digital Signal Frequency : HDMI: 30~83 KHz (H) / 48~75 Hz (V) DisplayPort: 85~85KHz (H) / 48~75 Hz (V) Consumo de energía Power Consumption : <18W Power Saving Mode : <0.5W Power Off Mode : 0W Voltage : 100-240V, 50/60Hz Diseño mecánico Tilt : Yes (+35° ~ -5°) Swivel : Yes (+90° ~ -90°) Pivot : Yes (+90° ~ -90°) Height Adjustment : 0~130mm VESA Wall Mounting : 100x100mm Kensington Lock : Yes Dimensiones Phys. Dimensión with Stand (W x H x D) : 539.7 x (341.8~471.8) x 211.4 mm Phys. Dimensión without Stand (W x H x D) : 539.7 x 329.9 x 52.8 mm Box Dimensión (W x H x D) : 632 x 450 x 216 mm Peso Net Weight with Stand : 6.3 Kg Net Weight without Stand : 4.2 Kg Gross Weight : 8.3 Kg Accesorios (varían según la región) Color pre-calibration report DisplayPort cable Power cord Quick release stand Quick start guide USB-C cable Warranty Card Welcome Card Certificado TÜV Flicker-free TÜV Low Blue Light Calman Verified","MONITOR ASUS PA247CV Display Tamaño de panel (pulgadas) :23.8 Relación de aspecto :16:9 Área de visualización de pantalla (H x V) :527.04 x 296.46 mm Superficie de dislpay :Non-Glare Tipo de luz de fondo :LED Tipo de panel :IPS Ángulo de visión (CR≧10, H/V) :178°/ 178° Pixel Pitch : 0.2745mm Resolución :1920x1080 Espacio de color (sRGB) :100% Brillo (Typ.) :350cd/㎡ Relación de contraste (Typ.) :1000:1 ASUS Smart Contrast Ratio (ASCR) : 100000000:1 Colores en display :16.7M Tiempo de respuesta :5ms(GTG) Frecuencia de actualización (Max) :75Hz Flicker-free : Yes LCD ZBD Warranty : Yes(3 yr) Video Tecnología Trace Free:Yes ProArt Preset : Standard ProArt Preset : sRGB ProArt Preset : DCI-P3 ProArt Preset : Rec. 709 ProArt Preset : Scenery ProArt Preset : Reading ProArt Preset : Darkroom ProArt Preset : Rapid Rendering ProArt Preset : User mode1 ProArt Preset : User mode2 SPLENDID Technology : Sí Color Temp. Selection : Yes(5 modes) Color Adjustment : 6-axis adjustment(R,G,B,C,M,Y) Gamma adjustment : Yes (Support Gamma 1.8/2.0/2.2/2.4/2.6 ) Color Accuracy : △E< 2 ProArt Palette : Yes QuickFit : Yes HDCP : Si Tecnología VRR :Adaptive-Sync Dark Boost : Yes ProArt Widget : Yes Low Blue Light : Yes Audio Speaker : Yes(2Wx2) Puertos E/S USB-C x 1 DisplayPort 1.2 x 2 (Daisy Chain) HDMI(v1.4) x 1 USB Hub : 4x USB 3.2 Gen 1 Type-A Earphone Jack : Yes USB-C Power Delivery : 65W Frecuencia de la señal Digital Signal Frequency : HDMI: 30~83 KHz (H) / 48~75 Hz (V) DisplayPort: 85~85KHz (H) / 48~75 Hz (V) Consumo de energía Power Consumption : <18W Power Saving Mode : <0.5W Power Off Mode : 0W Voltage : 100-240V, 50/60Hz Diseño mecánico Tilt : Yes (+35° ~ -5°) Swivel : Yes (+90° ~ -90°) Pivot : Yes (+90° ~ -90°) Height Adjustment : 0~130mm VESA Wall Mounting : 100x100mm Kensington Lock : Yes Dimensiones Phys. Dimensión with Stand (W x H x D) : 539.7 x (341.8~471.8) x 211.4 mm Phys. Dimensión without Stand (W x H x D) : 539.7 x 329.9 x 52.8 mm Box Dimensión (W x H x D) : 632 x 450 x 216 mm Peso Net Weight with Stand : 6.3 Kg Net Weight without Stand : 4.2 Kg Gross Weight : 8.3 Kg Accesorios (varían según la región) Color pre-calibration report DisplayPort cable Power cord Quick release stand Quick start guide USB-C cable Warranty Card Welcome Card Certificado TÜV Flicker-free TÜV Low Blue Light Calman Verified. Clave Oficial CT: MONASS1340. Marca: CT.",COMPONENTES DE ENSAMBLE,monitores,CT,224.68,4381.28,7010.04,7010.04,5914.72,5914.72,5476.6,5257.53,assets/img/catalog/monitores/MONASS1340.jpg,assets/img/catalog/monitores/MONASS1340.jpg,https://static.ctonline.mx/imagenes/MONASS1340/MONASS1340_400.jpg
MONASS1000,"MONITOR ASUS BE24EQK Tamaño del panel (pulgadas): 23,8, Relación de aspecto: 16: 9, Área de visualización de la pantalla (H x V): 527,04 x 296,46 mm, Superficie de la pantalla : Antideslumbrante Tipo de retroiluminación: LED, Característica de video Tecnología Trace Free: Sí, Tecnología SPLENDID: Sí, QuickFit: Sí, HDCP: Sí, Luz azul baja: Sí Cámara web: Sí (2,0 M píxeles, giratoria), Altavoz: Sí (2Wx2), Micrófono: Sí (x2 para MIC-Array, DisplayPort 1.2 x 1, HDMI (v1.4) x 1, VGA x 1, Consumo de energía: <15 W, Inclinación: Sí (+ 20 ° ~ -5 °), Peso neto con soporte: 4,6 kg","MONITOR ASUS BE24EQK Tamaño del panel (pulgadas): 23,8, Relación de aspecto: 16: 9, Área de visualización de la pantalla (H x V): 527,04 x 296,46 mm, Superficie de la pantalla : Antideslumbrante Tipo de retroiluminación: LED, Característica de video Tecnología Trace Free: Sí, Tecnología SPLENDID: Sí, QuickFit: Sí, HDCP: Sí, Luz azul baja: Sí Cámara web: Sí (2,0 M píxeles, giratoria), Altavoz: Sí (2Wx2), Micrófono: Sí (x2 para MIC-Array, DisplayPort 1.2 x 1, HDMI (v1.4) x 1, VGA x 1, Consumo de energía: <15 W, Inclinación: Sí (+ 20 ° ~ -5 °), Peso neto con soporte: 4,6 kg. Clave Oficial CT: MONASS1000. Marca: CT.",COMPONENTES DE ENSAMBLE,monitores,CT,168.46,3284.92,5255.87,5255.87,4434.64,4434.64,4106.15,3941.9,assets/img/catalog/monitores/MONASS1000.jpg,assets/img/catalog/monitores/MONASS1000.jpg,https://static.ctonline.mx/imagenes/MONASS1000/MONASS1000_400.jpg
MONASS1780,"Monitor ASUS PA34VCNV Modelo PA34VCNV 34"" Monitor Profesional Pantalla curva IPS 21:9 3800R-LED, 60Hz, Resolución: 3440x1440, Espacio de color (sRGB) :100% Brillo (Typ.) :350cd/㎡, Relación de contraste (Typ.) :1000:1, Área de visualización de pantalla (H x V) :799.8 x 334.8 mm, Ángulo de visión (CR≧10, H/V) :178°/ 178° Curvatura :3800R Amplia conectividad que incluye DisplayPort a través de USB-C con suministro de energía de 96W, conexión en cadena DisplayPort, HDMI, USB Hub y puerto LAN RJ45 para mayor flexibilidad. HDR (High Dynamic Range):HDR10 Flicker-free : YesLCD ZBD. Garantía de 3 años.","Monitor ASUS PA34VCNV Modelo PA34VCNV 34"" Monitor Profesional Pantalla curva IPS 21:9 3800R-LED, 60Hz, Resolución: 3440x1440, Espacio de color (sRGB) :100% Brillo (Typ.) :350cd/㎡, Relación de contraste (Typ.) :1000:1, Área de visualización de pantalla (H x V) :799.8 x 334.8 mm, Ángulo de visión (CR≧10, H/V) :178°/ 178° Curvatura :3800R Amplia conectividad que incluye DisplayPort a través de USB-C con suministro de energía de 96W, conexión en cadena DisplayPort, HDMI, USB Hub y puerto LAN RJ45 para mayor flexibilidad. HDR (High Dynamic Range):HDR10 Flicker-free : YesLCD ZBD. Garantía de 3 años.. Clave Oficial CT: MONASS1780. Marca: CT.",COMPONENTES DE ENSAMBLE,monitores,CT,548.03,10686.62,17098.6,17098.6,14426.94,14426.94,13358.28,12823.95,assets/img/catalog/monitores/MONASS1780.jpg,assets/img/catalog/monitores/MONASS1780.jpg,https://static.ctonline.mx/imagenes/MONASS1780/MONASS1780_400.jpg
MONDAT010,"Monitor Gaming XPG 27"" 180hz RIFT R27Q8. Resolución: 2560 × 1440 (QHD). Frecuencia: 180 Hz, Respuesta: 1ms (MPRT), Puertos: HDMI 2.0 x2, DisplayPort 1.4 x2, Montaje VESA 75 x 75mm, Gama de color 99% sRGB (típico). Color Negro. RIFT R27Q8-BKCMX","Monitor Gaming XPG 27"" 180hz RIFT R27Q8. Resolución: 2560 × 1440 (QHD). Frecuencia: 180 Hz, Respuesta: 1ms (MPRT), Puertos: HDMI 2.0 x2, DisplayPort 1.4 x2, Montaje VESA 75 x 75mm, Gama de color 99% sRGB (típico). Color Negro. RIFT R27Q8-BKCMX. Clave Oficial CT: MONDAT010. Marca: CT.",COMPONENTES DE ENSAMBLE,monitores,CT,180.52,3520.06,5632.1,5632.1,4752.09,4752.09,4400.08,4224.08,assets/img/catalog/monitores/MONDAT010.jpg,assets/img/catalog/monitores/MONDAT010.jpg,https://static.ctonline.mx/imagenes/MONDAT010/MONDAT010_400.jpg
MONDAT020,"Monitor Gaming XPG 27"" 165Hz RIFT R27F6. Resolución: 1920 × 1080 (FHD). Frecuencia: 165Hz, Respuesta: 1ms (MPRT), Puertos: HDMI 2.0 x1, DisplayPort 1.4 x1, Montaje VESA 75 x 75mm, Gama de color 99% sRGB (típico). Color Negro. RIFT R27F6-BKCMX","Monitor Gaming XPG 27"" 165Hz RIFT R27F6. Resolución: 1920 × 1080 (FHD). Frecuencia: 165Hz, Respuesta: 1ms (MPRT), Puertos: HDMI 2.0 x1, DisplayPort 1.4 x1, Montaje VESA 75 x 75mm, Gama de color 99% sRGB (típico). Color Negro. RIFT R27F6-BKCMX. Clave Oficial CT: MONDAT020. Marca: CT.",COMPONENTES DE ENSAMBLE,monitores,CT,121.3,2365.37,3784.59,3784.59,3193.25,3193.25,2956.71,2838.45,assets/img/catalog/monitores/MONDAT020.jpg,assets/img/catalog/monitores/MONDAT020.jpg,https://static.ctonline.mx/imagenes/MONDAT020/MONDAT020_400.jpg
MONDAT030,"Monitor Gaming XPG 24"" 120Hz RIFT R24F2. Resolución: 1920 × 1080 (FHD). Frecuencia: 120Hz, Respuesta: 1ms (MPRT), Puertos: HDMI 2.0 x1, DisplayPort 1.2 x1, Montaje VESA 75 x 75mm, Gama de color 99% sRGB (típico). Color Negro. RIFT R24F2-BKCMX","Monitor Gaming XPG 24"" 120Hz RIFT R24F2. Resolución: 1920 × 1080 (FHD). Frecuencia: 120Hz, Respuesta: 1ms (MPRT), Puertos: HDMI 2.0 x1, DisplayPort 1.2 x1, Montaje VESA 75 x 75mm, Gama de color 99% sRGB (típico). Color Negro. RIFT R24F2-BKCMX. Clave Oficial CT: MONDAT030. Marca: CT.",COMPONENTES DE ENSAMBLE,monitores,CT,90.28,1760.45,2816.72,2816.72,2376.61,2376.61,2200.56,2112.54,assets/img/catalog/monitores/MONDAT030.jpg,assets/img/catalog/monitores/MONDAT030.jpg,https://static.ctonline.mx/imagenes/MONDAT030/MONDAT030_400.jpg
MONDAT040,"Monitor Gaming XPG 24"" 120Hz RIFT R24F2. Resolución: 1920 × 1080 (FHD). Frecuencia: 120Hz, Respuesta: 1ms (MPRT), Puertos: HDMI 2.0 x1, DisplayPort 1.2 x1, Montaje VESA 75 x 75mm, Gama de color 99% sRGB (típico). Color Blanco. RIFT R24F2-WHCMX","Monitor Gaming XPG 24"" 120Hz RIFT R24F2. Resolución: 1920 × 1080 (FHD). Frecuencia: 120Hz, Respuesta: 1ms (MPRT), Puertos: HDMI 2.0 x1, DisplayPort 1.2 x1, Montaje VESA 75 x 75mm, Gama de color 99% sRGB (típico). Color Blanco. RIFT R24F2-WHCMX. Clave Oficial CT: MONDAT040. Marca: CT.",COMPONENTES DE ENSAMBLE,monitores,CT,92.33,1800.5,2880.8,2880.8,2430.68,2430.68,2250.62,2160.6,assets/img/catalog/monitores/MONDAT040.jpg,assets/img/catalog/monitores/MONDAT040.jpg,https://static.ctonline.mx/imagenes/MONDAT040/MONDAT040_400.jpg
MONVGO170,"Monitor Vorago LED de 21.5"" (LED-W21-300 V4F). Puertos de entrada HDMI y VGA, Montaje VESA de 4 puntos 75 x 75 mm, 1920x1080, 12V ca, 60 Hz, Inclinación -5° a +15°, consumo 30W","Monitor Vorago LED de 21.5"" (LED-W21-300 V4F). Puertos de entrada HDMI y VGA, Montaje VESA de 4 puntos 75 x 75 mm, 1920x1080, 12V ca, 60 Hz, Inclinación -5° a +15°, consumo 30W. Clave Oficial CT: MONVGO170. Marca: CT.",COMPONENTES DE ENSAMBLE,monitores,CT,51.08,995.97,1593.55,1593.55,1344.56,1344.56,1244.96,1195.16,assets/img/catalog/monitores/MONVGO170.jpg,assets/img/catalog/monitores/MONVGO170.jpg,https://static.ctonline.mx/imagenes/MONVGO170/MONVGO170_400.jpg
MONVGO210,"Monitor Vorago LED de 21.5"" (LED-W21-300 V5F). Puertos de entrada HDMI y VGA, Montaje VESA de 4 puntos 75 x 75 mm, 1920x1080, 12V ca, 75 Hz, Inclinación -5° a +15°, consumo 30W","Monitor Vorago LED de 21.5"" (LED-W21-300 V5F). Puertos de entrada HDMI y VGA, Montaje VESA de 4 puntos 75 x 75 mm, 1920x1080, 12V ca, 75 Hz, Inclinación -5° a +15°, consumo 30W. Clave Oficial CT: MONVGO210. Marca: CT.",COMPONENTES DE ENSAMBLE,monitores,CT,50.0,975.0,1560.0,1560.0,1316.25,1316.25,1218.75,1170.0,assets/img/catalog/monitores/MONVGO210.jpg,assets/img/catalog/monitores/MONVGO210.jpg,https://static.ctonline.mx/imagenes/MONVGO210/MONVGO210_400.jpg
MONVGO230,"Monitor START THE Gamer VORAGO 24"" MOD. MGSTG-24 FRAMELESS 1920X1080 IPS/ 16.7 M/ 100Hz/ HDMI Y VGA/ 5-8MS","Monitor START THE Gamer VORAGO 24"" MOD. MGSTG-24 FRAMELESS 1920X1080 IPS/ 16.7 M/ 100Hz/ HDMI Y VGA/ 5-8MS. Clave Oficial CT: MONVGO230. Marca: CT.",COMPONENTES DE ENSAMBLE,monitores,CT,62.04,1209.84,1935.74,1935.74,1633.28,1633.28,1512.3,1451.81,assets/img/catalog/monitores/MONVGO230.jpg,assets/img/catalog/monitores/MONVGO230.jpg,https://static.ctonline.mx/imagenes/MONVGO230/MONVGO230_400.jpg
MONVGO270,"Monitor portátil Vorago LED de 15.6"" (LED-P15). Puertos de conexión Mini HDMI, USB-C y 3.5mm, e inclinación de hasta 160°, 1920x1080 Full HD, 60Hz, HDMI, Bocinas Integradas","Monitor portátil Vorago LED de 15.6"" (LED-P15). Puertos de conexión Mini HDMI, USB-C y 3.5mm, e inclinación de hasta 160°, 1920x1080 Full HD, 60Hz, HDMI, Bocinas Integradas. Clave Oficial CT: MONVGO270. Marca: CT.",COMPONENTES DE ENSAMBLE,monitores,CT,63.44,1237.1,1979.35,1979.35,1670.08,1670.08,1546.37,1484.52,assets/img/catalog/monitores/MONVGO270.jpg,assets/img/catalog/monitores/MONVGO270.jpg,https://static.ctonline.mx/imagenes/MONVGO270/MONVGO270_400.jpg
MONVGO220,"Monitor Vorago LED de 27"" (MGSTG-27). Start the Game Puertos de entrada HDMI / Displayport, Montaje VESA 4 puntos, 1920x1080, 12V ca, 100 Hz, Consumo 40W, Pantalla IPS","Monitor Vorago LED de 27"" (MGSTG-27). Start the Game Puertos de entrada HDMI / Displayport, Montaje VESA 4 puntos, 1920x1080, 12V ca, 100 Hz, Consumo 40W, Pantalla IPS. Clave Oficial CT: MONVGO220. Marca: CT.",COMPONENTES DE ENSAMBLE,monitores,CT,77.42,1509.68,2415.48,2415.48,2038.06,2038.06,1887.1,1811.61,assets/img/catalog/monitores/MONVGO220.jpg,assets/img/catalog/monitores/MONVGO220.jpg,https://static.ctonline.mx/imagenes/MONVGO220/MONVGO220_400.jpg
MONVGO260,"Monitor Vorago GAME FACTOR MG620 LED IPS 180 Hz, 27"", 1MS, Freesync Technology, Resolución 1080x1920, Vesa, 1X HDMI, 1X DisplayPort, AUX 3.5 Negro.","Monitor Vorago GAME FACTOR MG620 LED IPS 180 Hz, 27"", 1MS, Freesync Technology, Resolución 1080x1920, Vesa, 1X HDMI, 1X DisplayPort, AUX 3.5 Negro.. Clave Oficial CT: MONVGO260. Marca: CT.",COMPONENTES DE ENSAMBLE,monitores,CT,102.15,1991.94,3187.1,3187.1,2689.11,2689.11,2489.92,2390.32,assets/img/catalog/monitores/MONVGO260.jpg,assets/img/catalog/monitores/MONVGO260.jpg,https://static.ctonline.mx/imagenes/MONVGO260/MONVGO260_400.jpg
MONVGO240,"Monitor Gaming Game Factor MG601 24.5"". LED, 240Hz, Freesync Technology, FHD, 1ms, Panel VA, 2x HDMI, 2x DP, 1x Audio Out, VESA Negro.","Monitor Gaming Game Factor MG601 24.5"". LED, 240Hz, Freesync Technology, FHD, 1ms, Panel VA, 2x HDMI, 2x DP, 1x Audio Out, VESA Negro.. Clave Oficial CT: MONVGO240. Marca: CT.",COMPONENTES DE ENSAMBLE,monitores,CT,102.15,1991.94,3187.1,3187.1,2689.11,2689.11,2489.92,2390.32,assets/img/catalog/monitores/MONVGO240.jpg,assets/img/catalog/monitores/MONVGO240.jpg,https://static.ctonline.mx/imagenes/MONVGO240/MONVGO240_400.jpg
MONVGO180,"Monitor. Gamer Factor MG701 27"". IPS, QuadHD, 165Hz, HDR, 1ms, DP, 3x HDMI, VESA, Negro.","Monitor. Gamer Factor MG701 27"". IPS, QuadHD, 165Hz, HDR, 1ms, DP, 3x HDMI, VESA, Negro.. Clave Oficial CT: MONVGO180. Marca: CT.",COMPONENTES DE ENSAMBLE,monitores,CT,142.47,2778.23,4445.16,4445.16,3750.6,3750.6,3472.78,3333.87,assets/img/catalog/monitores/MONVGO180.jpg,assets/img/catalog/monitores/MONVGO180.jpg,https://static.ctonline.mx/imagenes/MONVGO180/MONVGO180_400.jpg
MONVGO250,"Monitor Vorago GAME FACTOR MG802 LED, Curvo, 180 Hz, 34"", 1MS, Freesync Technology, ULTRAWDHD, Vesa, 2x HDMI, 2x DisplayPort, Negro.","Monitor Vorago GAME FACTOR MG802 LED, Curvo, 180 Hz, 34"", 1MS, Freesync Technology, ULTRAWDHD, Vesa, 2x HDMI, 2x DisplayPort, Negro.. Clave Oficial CT: MONVGO250. Marca: CT.",COMPONENTES DE ENSAMBLE,monitores,CT,231.18,4508.06,7212.9,7212.9,6085.89,6085.89,5635.08,5409.68,assets/img/catalog/monitores/MONVGO250.jpg,assets/img/catalog/monitores/MONVGO250.jpg,https://static.ctonline.mx/imagenes/MONVGO250/MONVGO250_400.jpg
MONGIG320,"MONITOR GAMER GIGABYTE GS24F14 Tamaño del panel (pulgadas) 23,8"" IPS Tipo de panel Borde Área de visualización de la pantalla (HxV) 527,04 x 296,46 (mm) Saturación de color 104 % sRGB, 81 % DCI-P3 Resolución 1920 x 1080 (FHD)Paso de píxel 0,2745 x 0,2745 Brillo 300 cd/m2 (TÍPICO)Ángulo de visión 178°(H)/178°(V Conectividad 1 x HDMI 1.4 1 x DisplayPort 1.2 Tipo de alimentación Adaptador Consumo de energía 11W Modo de ahorro de energía <0,5 W Modo de apagado <0,3 W Voltaje CA 100-240V ~ 50/60Hz Inclinación (ángulo) -5°~+20°Dimensiones físicas con soporte 537,7 x 414,5 x 152 mm Peso neto con soporte 4,14 kg AccesoriosCable de alimentación, Cable HDMI, Guía de inicio rápido, Tarjeta de garantía","MONITOR GAMER GIGABYTE GS24F14 Tamaño del panel (pulgadas) 23,8"" IPS Tipo de panel Borde Área de visualización de la pantalla (HxV) 527,04 x 296,46 (mm) Saturación de color 104 % sRGB, 81 % DCI-P3 Resolución 1920 x 1080 (FHD)Paso de píxel 0,2745 x 0,2745 Brillo 300 cd/m2 (TÍPICO)Ángulo de visión 178°(H)/178°(V Conectividad 1 x HDMI 1.4 1 x DisplayPort 1.2 Tipo de alimentación Adaptador Consumo de energía 11W Modo de ahorro de energía <0,5 W Modo de apagado <0,3 W Voltaje CA 100-240V ~ 50/60Hz Inclinación (ángulo) -5°~+20°Dimensiones físicas con soporte 537,7 x 414,5 x 152 mm Peso neto con soporte 4,14 kg AccesoriosCable de alimentación, Cable HDMI, Guía de inicio rápido, Tarjeta de garantía. Clave Oficial CT: MONGIG320. Marca: CT.",COMPONENTES DE ENSAMBLE,monitores,CT,71.59,1396.02,2233.64,2233.64,1884.63,1884.63,1745.03,1675.23,assets/img/catalog/monitores/MONGIG320.jpg,assets/img/catalog/monitores/MONGIG320.jpg,https://static.ctonline.mx/imagenes/MONGIG320/MONGIG320_400.jpg
MONGIG330,"Monitor GIGABYTE GS25F2A Tamaño del panel (pulgadas) 24,5"" SS IPS Tipo de panel Borde Área de visualización de la pantalla 543,744 x 302,616 (mm) Saturación de color 120% sRGB Resolución 1920 x 1080 (FHD) Superficie de visualización Antirreflejos Frecuencia de actualización (máx.) 240 Hz Paso de píxel 0,0944X 0,2802 Brillo 300 cd/m2 (TÍPICO) Ángulo de visión 178°(H)/178°(V) Colores de la pantalla 16,7 millones Tiempo de respuesta 1 ms (GTG) Compatibilidad con HDR  10 Conectividad 2 x HDMI 2.0 1 x Tipo de alimentación Placa de alimentación integrada Consumo de energía 25,2 W Modo de ahorro de energía <0,5 W Voltaje CA 100-240V ~ 50/60Hz Inclinación (ángulo) -5°~+20°Peso bruto (Est.) 4,0 kg Dimensiones físicas con soporte 556,9*402,0*179,4 mm Accesorios Cable de alimentación/Cable HDMI/Guía de inicio rápido/Tarjeta de garantía","Monitor GIGABYTE GS25F2A Tamaño del panel (pulgadas) 24,5"" SS IPS Tipo de panel Borde Área de visualización de la pantalla 543,744 x 302,616 (mm) Saturación de color 120% sRGB Resolución 1920 x 1080 (FHD) Superficie de visualización Antirreflejos Frecuencia de actualización (máx.) 240 Hz Paso de píxel 0,0944X 0,2802 Brillo 300 cd/m2 (TÍPICO) Ángulo de visión 178°(H)/178°(V) Colores de la pantalla 16,7 millones Tiempo de respuesta 1 ms (GTG) Compatibilidad con HDR  10 Conectividad 2 x HDMI 2.0 1 x Tipo de alimentación Placa de alimentación integrada Consumo de energía 25,2 W Modo de ahorro de energía <0,5 W Voltaje CA 100-240V ~ 50/60Hz Inclinación (ángulo) -5°~+20°Peso bruto (Est.) 4,0 kg Dimensiones físicas con soporte 556,9*402,0*179,4 mm Accesorios Cable de alimentación/Cable HDMI/Guía de inicio rápido/Tarjeta de garantía. Clave Oficial CT: MONGIG330. Marca: CT.",COMPONENTES DE ENSAMBLE,monitores,CT,90.86,1771.77,2834.84,2834.84,2391.9,2391.9,2214.72,2126.13,assets/img/catalog/monitores/MONGIG330.jpg,assets/img/catalog/monitores/MONGIG330.jpg,https://static.ctonline.mx/imagenes/MONGIG330/MONGIG330_400.jpg
MONGIG240,"Monitor GIGABYTE GS25F2-US Tamaño del panel (diagonal) IPS de acero inoxidable de 24,5"" Área de visualización de la pantalla (HxV) 543,744 x 302,616 (mm) Retroiluminación del panel/Tipo Borde Superficie de la pantalla (antideslumbrante/antideslumbrante) Sin reflejos Saturación de color 120 % sRGB Resolución verdadera 1920 x 1080 (Full HD) Paso de píxeles 0,0944 x 0,2802 Brillo 300 cd/m2 (típico) Relación de contraste 1000:1 Ángulo de visión 178°(H)/178°(V) Colores de la pantalla 16,7 millnes Tiempo de respuesta 1 ms (GTG) Frecuencia de actualización 200 Hz HDR  10 Sin parpadeos Sí Conectividad 2 x HDMI 2.0 1 x Displayport 1.4 1 x conector para auriculares Tipo de energía Placa de alimentación incorporada Consumo de energía 18W** Voltaje CA 100-240 V ~ 50/60 Hz Dimensiones físicas 556,9 x 321,5 x 51,3 mm Peso bruto 4,0 kg Accesorios Cable de alimentación/cable HDMI/Guía de inicio rápido/Tarjeta de garantía","Monitor GIGABYTE GS25F2-US Tamaño del panel (diagonal) IPS de acero inoxidable de 24,5"" Área de visualización de la pantalla (HxV) 543,744 x 302,616 (mm) Retroiluminación del panel/Tipo Borde Superficie de la pantalla (antideslumbrante/antideslumbrante) Sin reflejos Saturación de color 120 % sRGB Resolución verdadera 1920 x 1080 (Full HD) Paso de píxeles 0,0944 x 0,2802 Brillo 300 cd/m2 (típico) Relación de contraste 1000:1 Ángulo de visión 178°(H)/178°(V) Colores de la pantalla 16,7 millnes Tiempo de respuesta 1 ms (GTG) Frecuencia de actualización 200 Hz HDR  10 Sin parpadeos Sí Conectividad 2 x HDMI 2.0 1 x Displayport 1.4 1 x conector para auriculares Tipo de energía Placa de alimentación incorporada Consumo de energía 18W** Voltaje CA 100-240 V ~ 50/60 Hz Dimensiones físicas 556,9 x 321,5 x 51,3 mm Peso bruto 4,0 kg Accesorios Cable de alimentación/cable HDMI/Guía de inicio rápido/Tarjeta de garantía. Clave Oficial CT: MONGIG240. Marca: CT.",COMPONENTES DE ENSAMBLE,monitores,CT,87.37,1703.63,2725.81,2725.81,2299.9,2299.9,2129.54,2044.35,assets/img/catalog/monitores/MONGIG240.jpg,assets/img/catalog/monitores/MONGIG240.jpg,https://static.ctonline.mx/imagenes/MONGIG240/MONGIG240_400.jpg
MONGIG290,"Monitor GIGABYTE GS27FA-TPV Tamaño del panel (diagonal) IPS de acero inoxidable de 27"" Área de visualización de la pantalla (HxV) 596,74 x 335,66 (mm) saturación de color 110 % sRGB Resolución verdadera 1920 x 1080 (Full HD) Paso de píxeles 0,3108*0,3108 Brillo 300 cd/m2 (típico) Frecuencia de actualización 180 Hz Conectividad 2 x HDMI  1 x Displayport  1 x conector para auriculares Tipo de energía Placa de alimentación incorporada Consumo de energía 23W** Modo de ahorro de energía 0,5 W Voltaje CA 100-240 V ~ 50/60 Hz dimensiones físicas con soporte  619*447*172 milímetros Peso neto con soporte  5,02 kilogramos Accesorios Cable de alimentación/cable HDMI/Guía de inicio rápido/Tarjeta de garantía","Monitor GIGABYTE GS27FA-TPV Tamaño del panel (diagonal) IPS de acero inoxidable de 27"" Área de visualización de la pantalla (HxV) 596,74 x 335,66 (mm) saturación de color 110 % sRGB Resolución verdadera 1920 x 1080 (Full HD) Paso de píxeles 0,3108*0,3108 Brillo 300 cd/m2 (típico) Frecuencia de actualización 180 Hz Conectividad 2 x HDMI  1 x Displayport  1 x conector para auriculares Tipo de energía Placa de alimentación incorporada Consumo de energía 23W** Modo de ahorro de energía 0,5 W Voltaje CA 100-240 V ~ 50/60 Hz dimensiones físicas con soporte  619*447*172 milímetros Peso neto con soporte  5,02 kilogramos Accesorios Cable de alimentación/cable HDMI/Guía de inicio rápido/Tarjeta de garantía. Clave Oficial CT: MONGIG290. Marca: CT.",COMPONENTES DE ENSAMBLE,monitores,CT,102.15,1991.94,3187.1,3187.1,2689.11,2689.11,2489.92,2390.32,assets/img/catalog/monitores/MONGIG290.jpg,assets/img/catalog/monitores/MONGIG290.jpg,https://static.ctonline.mx/imagenes/MONGIG290/MONGIG290_400.jpg
MONGIG230,"Monitor GIGABYTE GS27FC- US Tamaño del panel (diagonal) VA 1500R de 27"" Área de visualización de la pantalla (HxV) 597.888 x 336.312 (mm) Retroiluminación del panel Borde Superficie de la pantalla Sin reflejos Saturación de color 108% sRGB Resolución verdadera 1920 x 1080 (Full HD) Paso de píxeles 0,3114*0,3114 Brillo 250 cd/m2 (típico) relación de contraste 3000:1 Ángulo de visión 178°(H)/178°(V) Colores de la pantalla 16,7 millones Tiempo de respuesta 1 ms (MPRT) Frecuencia de actualización 180 Hz HDR Compatible con HDR Sin parpadeos Sí Conectividad 2 x HDMI 2.0 1 x Displayport 1.4 1 x conector para auriculares Tipo de energía Placa de alimentación incorporada Consumo de energía 18W ** Voltaje CA 100-240 V ~ 50/60 Hz Dimensiones físicas 610,5 x 362,5 x 78,3 mm Peso bruto  7,1 kg Accesorios Cable de alimentación/cable HDMI/Guía de inicio rápido/Tarjeta de garantía","Monitor GIGABYTE GS27FC- US Tamaño del panel (diagonal) VA 1500R de 27"" Área de visualización de la pantalla (HxV) 597.888 x 336.312 (mm) Retroiluminación del panel Borde Superficie de la pantalla Sin reflejos Saturación de color 108% sRGB Resolución verdadera 1920 x 1080 (Full HD) Paso de píxeles 0,3114*0,3114 Brillo 250 cd/m2 (típico) relación de contraste 3000:1 Ángulo de visión 178°(H)/178°(V) Colores de la pantalla 16,7 millones Tiempo de respuesta 1 ms (MPRT) Frecuencia de actualización 180 Hz HDR Compatible con HDR Sin parpadeos Sí Conectividad 2 x HDMI 2.0 1 x Displayport 1.4 1 x conector para auriculares Tipo de energía Placa de alimentación incorporada Consumo de energía 18W ** Voltaje CA 100-240 V ~ 50/60 Hz Dimensiones físicas 610,5 x 362,5 x 78,3 mm Peso bruto  7,1 kg Accesorios Cable de alimentación/cable HDMI/Guía de inicio rápido/Tarjeta de garantía. Clave Oficial CT: MONGIG230. Marca: CT.",COMPONENTES DE ENSAMBLE,monitores,CT,105.38,2054.84,3287.74,3287.74,2774.03,2774.03,2568.55,2465.81,assets/img/catalog/monitores/MONGIG230.jpg,assets/img/catalog/monitores/MONGIG230.jpg,https://static.ctonline.mx/imagenes/MONGIG230/MONGIG230_400.jpg
MONGIG190,"Monitor GIGABYTE GS27QA Tamaño del panel (diagonal) IPS de acero inoxidable de 27"" Área de visualización de la pantalla (HxV) 596,74 x 335,66 (mm) Retroiluminación del panel/Tipo Borde Superficie de la pantalla  Sin reflejos Saturación de color 100% sRGB Resolución verdadera 2560 x 1440 (QHD) Paso de píxeles 0,2331*0,2331 Brillo 300 cd/m2 (típico) Relación de contraste 1000:1 Ángulo de visión 178°(H)/178°(V) Colores de la pantalla 16,7 millones Tiempo de respuesta 1 ms (MPRT) Frecuencia de actualización 180 Hz HDR Compatible con HDR Sin parpadeos Sí Conectividad 2 x HDMI 2.0 1 x Displayport 1.4 1 x conector para auriculares Tipo de energía Placa de alimentación incorporada Consumo de energía 32W ** Dimensiones físicas 619*365,5*50,2 mm Peso bruto 7,14 kg Accesorios Cable de alimentación/cable DP/guía de acceso rápido/tarjeta de garantía","Monitor GIGABYTE GS27QA Tamaño del panel (diagonal) IPS de acero inoxidable de 27"" Área de visualización de la pantalla (HxV) 596,74 x 335,66 (mm) Retroiluminación del panel/Tipo Borde Superficie de la pantalla  Sin reflejos Saturación de color 100% sRGB Resolución verdadera 2560 x 1440 (QHD) Paso de píxeles 0,2331*0,2331 Brillo 300 cd/m2 (típico) Relación de contraste 1000:1 Ángulo de visión 178°(H)/178°(V) Colores de la pantalla 16,7 millones Tiempo de respuesta 1 ms (MPRT) Frecuencia de actualización 180 Hz HDR Compatible con HDR Sin parpadeos Sí Conectividad 2 x HDMI 2.0 1 x Displayport 1.4 1 x conector para auriculares Tipo de energía Placa de alimentación incorporada Consumo de energía 32W ** Dimensiones físicas 619*365,5*50,2 mm Peso bruto 7,14 kg Accesorios Cable de alimentación/cable DP/guía de acceso rápido/tarjeta de garantía. Clave Oficial CT: MONGIG190. Marca: CT.",COMPONENTES DE ENSAMBLE,monitores,CT,135.74,2646.97,4235.15,4235.15,3573.41,3573.41,3308.71,3176.36,assets/img/catalog/monitores/MONGIG190.jpg,assets/img/catalog/monitores/MONGIG190.jpg,https://static.ctonline.mx/imagenes/MONGIG190/MONGIG190_400.jpg
MONGIG340,"MONITOR GAMING GIGABYTE GS32QCA Tamaño (pulgadas) 31,5"" VA 1500R Tipo de panel Borde Área de visualización de la pantalla (HxV) 697,344 x 392,256 (mm) Saturación de color 120% sRGB Resolución 2560 x 1440 (QHD) Frecuencia de actualización (máx.) 180 Hz Paso de píxel 0,2724*0,2724 Brillo 250 cd/m2 (TÍPICO) Ángulo de visión 178°(H)/178°(V) Colores de la pantalla 1.07 mil millones Conectividad 2 x HDMI 2.0 1 x DisplayPort 1.4 1 x Conector para auriculares Tipo de alimentación Placa de alimentación integrada Consumo de energía 26W** Voltaje CA 100-240V ~ 50/60Hz Inclinación (ángulo) -5°~+20° Dimensiones físicas con soporte (Ancho x Alto x Profundidad) 709*497*238 mm Peso bruto (Est.) 8,1 kg Accesorios Cable de alimentación/Cable DP/Guía de inicio rápido/Tarjeta de garantía","MONITOR GAMING GIGABYTE GS32QCA Tamaño (pulgadas) 31,5"" VA 1500R Tipo de panel Borde Área de visualización de la pantalla (HxV) 697,344 x 392,256 (mm) Saturación de color 120% sRGB Resolución 2560 x 1440 (QHD) Frecuencia de actualización (máx.) 180 Hz Paso de píxel 0,2724*0,2724 Brillo 250 cd/m2 (TÍPICO) Ángulo de visión 178°(H)/178°(V) Colores de la pantalla 1.07 mil millones Conectividad 2 x HDMI 2.0 1 x DisplayPort 1.4 1 x Conector para auriculares Tipo de alimentación Placa de alimentación integrada Consumo de energía 26W** Voltaje CA 100-240V ~ 50/60Hz Inclinación (ángulo) -5°~+20° Dimensiones físicas con soporte (Ancho x Alto x Profundidad) 709*497*238 mm Peso bruto (Est.) 8,1 kg Accesorios Cable de alimentación/Cable DP/Guía de inicio rápido/Tarjeta de garantía. Clave Oficial CT: MONGIG340. Marca: CT.",COMPONENTES DE ENSAMBLE,monitores,CT,194.12,3785.29,6056.47,6056.47,5110.15,5110.15,4731.62,4542.35,assets/img/catalog/monitores/MONGIG340.jpg,assets/img/catalog/monitores/MONGIG340.jpg,https://static.ctonline.mx/imagenes/MONGIG340/MONGIG340_400.jpg
MONGIG250,"MONITOR GIGABYTE GS27QA US Tamaño del panel (diagonal) IPS de acero inoxidable de 27"" Área de visualización de la pantalla (HxV) 596,74 x 335,66 (mm) Retroiluminación del panel/Tipo Borde Superficie de la pantalla  Sin reflejos Saturación de color 100% sRGB Resolución verdadera 2560 x 1440 (QHD) Paso de píxeles 0,2331*0,2331 Brillo 300 cd/m2 (típico) Relación de contraste 1000:1 Ángulo de visión 178°(H)/178°(V) Colores de la pantalla 16,7 millones Tiempo de respuesta 1 ms (MPRT) Frecuencia de actualización 180 Hz HDR Compatible con HDR Sin parpadeos Sí Conectividad 2 x HDMI 2.0 1 x Displayport 1.4 1 x conector para auriculares Tipo de energía Placa de alimentación incorporada Consumo de energía 32W ** Dimensiones físicas 619*365,5*50,2 mm Peso bruto 7,14 kg Accesorios Cable de alimentación/cable DP/guía de acceso rápido/tarjeta de garantía","MONITOR GIGABYTE GS27QA US Tamaño del panel (diagonal) IPS de acero inoxidable de 27"" Área de visualización de la pantalla (HxV) 596,74 x 335,66 (mm) Retroiluminación del panel/Tipo Borde Superficie de la pantalla  Sin reflejos Saturación de color 100% sRGB Resolución verdadera 2560 x 1440 (QHD) Paso de píxeles 0,2331*0,2331 Brillo 300 cd/m2 (típico) Relación de contraste 1000:1 Ángulo de visión 178°(H)/178°(V) Colores de la pantalla 16,7 millones Tiempo de respuesta 1 ms (MPRT) Frecuencia de actualización 180 Hz HDR Compatible con HDR Sin parpadeos Sí Conectividad 2 x HDMI 2.0 1 x Displayport 1.4 1 x conector para auriculares Tipo de energía Placa de alimentación incorporada Consumo de energía 32W ** Dimensiones físicas 619*365,5*50,2 mm Peso bruto 7,14 kg Accesorios Cable de alimentación/cable DP/guía de acceso rápido/tarjeta de garantía. Clave Oficial CT: MONGIG250. Marca: CT.",COMPONENTES DE ENSAMBLE,monitores,CT,162.76,3173.91,5078.26,5078.26,4284.78,4284.78,3967.39,3808.69,assets/img/catalog/monitores/MONGIG250.jpg,assets/img/catalog/monitores/MONGIG250.jpg,https://static.ctonline.mx/imagenes/MONGIG250/MONGIG250_400.jpg
MONGIG300,"Monitor GIGABYTE M27Q2 ICE Tamaño del panel (diagonal) IPS de acero inoxidable de 27”Área de visualización de la pantalla (HxV) 596,968 x 335,232 mm Saturación de color 99% DCI-P3 / sRGB 150 Resolución verdadera 2560 x 1440 (QHD) Paso de píxeles 0,2328 (alto) x 0,2328 (ancho) mm Brillo 350 cd/m2 (típico) Ángulo de visión 178°(H)/178°(V) Frecuencia de actualización 200 Hz/OC 210 Hz conectividad 2 x HDMI  1 x Displayport 1 x USB Tipo-C 2 x Puertos descendentes USB 1 x Puerto ascendente USB 1 x Conector para auriculares Tipo de energía Placa de alimentación incorporada Consumo de energía 30 W ** Modo de ahorro de energía 0,5 W Voltaje CA 100-240 V ~ 50/60 Hz Dimensiones físicas con soporte (An. x Al. x Pr.) 612*515*192 milímetros Peso neto con soporte (Esti.) 5,91 kilogramos Accesorios Cable de alimentación/cable DP/cable USB/guía de acceso rápido/tarjeta de garantía","Monitor GIGABYTE M27Q2 ICE Tamaño del panel (diagonal) IPS de acero inoxidable de 27”Área de visualización de la pantalla (HxV) 596,968 x 335,232 mm Saturación de color 99% DCI-P3 / sRGB 150 Resolución verdadera 2560 x 1440 (QHD) Paso de píxeles 0,2328 (alto) x 0,2328 (ancho) mm Brillo 350 cd/m2 (típico) Ángulo de visión 178°(H)/178°(V) Frecuencia de actualización 200 Hz/OC 210 Hz conectividad 2 x HDMI  1 x Displayport 1 x USB Tipo-C 2 x Puertos descendentes USB 1 x Puerto ascendente USB 1 x Conector para auriculares Tipo de energía Placa de alimentación incorporada Consumo de energía 30 W ** Modo de ahorro de energía 0,5 W Voltaje CA 100-240 V ~ 50/60 Hz Dimensiones físicas con soporte (An. x Al. x Pr.) 612*515*192 milímetros Peso neto con soporte (Esti.) 5,91 kilogramos Accesorios Cable de alimentación/cable DP/cable USB/guía de acceso rápido/tarjeta de garantía. Clave Oficial CT: MONGIG300. Marca: CT.",COMPONENTES DE ENSAMBLE,monitores,CT,237.63,4633.87,7414.19,7414.19,6255.73,6255.73,5792.34,5560.65,assets/img/catalog/monitores/MONGIG300.jpg,assets/img/catalog/monitores/MONGIG300.jpg,https://static.ctonline.mx/imagenes/MONGIG300/MONGIG300_400.jpg
MONGIG310,"Monitor GIGABYTE GO27Q24 Tamaño del panel (pulgadas) OLED QD de 27"" Tipo de panel OLED de puntos cuánticos Área de visualización de la pantalla (HxV) 590,42 x 333,72 mm Saturación de color 99% DCI-P3 Resolución 2560 x 1440 (QHD) Superficie de visualización Antirreflejo Frecuencia de actualización (máx.) 240 Hz Paso de píxel 0,2292(H) x 0,2292(V) mm Brillo 400 nits (pico HDR) Ángulo de visión 178°(H)/178°(V) Colores de la pantalla 10 bits (1,07 B) Tiempo de respuesta 0,03 ms GTG Compatibilidad con HDR HDR10 Conectividad 2 x HDMI 2.0 1 x DisplayPort 1.4 1 x USB Tipo-C 1 x USB 2.0 (solo para actualización de firmware) 1 x Conector para auriculares Vocero ESO Tipo de alimentación Placa de alimentación integrada Consumo de energía 32W Modo de ahorro de energía <0,5 W Voltaje CA 100-240V ~ 50/60Hz Inclinación -5°~+21°Dimensiones físicas con soporte 611,6 x 511,0 x 197,4 mm Peso bruto (Est.) 7,33 kg Accesorios Cable de alimentación/Cable DP/Guía de inicio rápido/Tarjeta de garantía","Monitor GIGABYTE GO27Q24 Tamaño del panel (pulgadas) OLED QD de 27"" Tipo de panel OLED de puntos cuánticos Área de visualización de la pantalla (HxV) 590,42 x 333,72 mm Saturación de color 99% DCI-P3 Resolución 2560 x 1440 (QHD) Superficie de visualización Antirreflejo Frecuencia de actualización (máx.) 240 Hz Paso de píxel 0,2292(H) x 0,2292(V) mm Brillo 400 nits (pico HDR) Ángulo de visión 178°(H)/178°(V) Colores de la pantalla 10 bits (1,07 B) Tiempo de respuesta 0,03 ms GTG Compatibilidad con HDR HDR10 Conectividad 2 x HDMI 2.0 1 x DisplayPort 1.4 1 x USB Tipo-C 1 x USB 2.0 (solo para actualización de firmware) 1 x Conector para auriculares Vocero ESO Tipo de alimentación Placa de alimentación integrada Consumo de energía 32W Modo de ahorro de energía <0,5 W Voltaje CA 100-240V ~ 50/60Hz Inclinación -5°~+21°Dimensiones físicas con soporte 611,6 x 511,0 x 197,4 mm Peso bruto (Est.) 7,33 kg Accesorios Cable de alimentación/Cable DP/Guía de inicio rápido/Tarjeta de garantía. Clave Oficial CT: MONGIG310. Marca: CT.",COMPONENTES DE ENSAMBLE,monitores,CT,348.39,6793.55,10869.68,10869.68,9171.29,9171.29,8491.94,8152.26,assets/img/catalog/monitores/MONGIG310.jpg,assets/img/catalog/monitores/MONGIG310.jpg,https://static.ctonline.mx/imagenes/MONGIG310/MONGIG310_400.jpg
MONGIG270,"Monitor GIGABYTE MO27Q2 Tamaño del panel (diagonal) Pantalla OLED QD de 27""Área de visualización de la pantalla 590,42 x 333,72 milímetros Retroiluminación del panel/Tipo ERES Superficie de la pantalla Antirreflejo Saturación de color 99% DCI-P3 Resolución verdadera 2560 x 1440 (QHD) Paso de píxeles 0,2292(alto) x 0,2292(ancho) mm Brillo, 250 cd/m2 (típico, DEG APL 100 %); 1000 cd/m2 (típico, HDR APL 3%) Relación de contraste 1,5 millones: 1 Ángulo de visión 178°(H)/178°(V) Colores de la pantalla 10 bits (1.07 B) Tiempo de respuesta 0,03 ms GTG Frecuencia de actualización 240 Hz Conectividad 2 x HDMI  1 x Displayport  1 x USB Tipo-C2 x Puertos descendentes USB 3.2 1 x Puerto ascendente USB 3.2 1 x Conector para auriculares Tipo de energía Placa de alimentación incorporada Consumo de energía 41W ** Voltaje CA 100-240 V ~ 50/60 Hz Dimensiones físicas con soporte  610,3 x 499,54 x 187,5 mm Peso neto con soporte  6,7 ± 0,5 kg Accesorios Cable de alimentación/Cable HDMI 2.1/Cable DP/Cable USB/Guía de inicio rápido/Tarjeta de garantía/Informe de prueba de calibración de color","Monitor GIGABYTE MO27Q2 Tamaño del panel (diagonal) Pantalla OLED QD de 27""Área de visualización de la pantalla 590,42 x 333,72 milímetros Retroiluminación del panel/Tipo ERES Superficie de la pantalla Antirreflejo Saturación de color 99% DCI-P3 Resolución verdadera 2560 x 1440 (QHD) Paso de píxeles 0,2292(alto) x 0,2292(ancho) mm Brillo, 250 cd/m2 (típico, DEG APL 100 %); 1000 cd/m2 (típico, HDR APL 3%) Relación de contraste 1,5 millones: 1 Ángulo de visión 178°(H)/178°(V) Colores de la pantalla 10 bits (1.07 B) Tiempo de respuesta 0,03 ms GTG Frecuencia de actualización 240 Hz Conectividad 2 x HDMI  1 x Displayport  1 x USB Tipo-C2 x Puertos descendentes USB 3.2 1 x Puerto ascendente USB 3.2 1 x Conector para auriculares Tipo de energía Placa de alimentación incorporada Consumo de energía 41W ** Voltaje CA 100-240 V ~ 50/60 Hz Dimensiones físicas con soporte  610,3 x 499,54 x 187,5 mm Peso neto con soporte  6,7 ± 0,5 kg Accesorios Cable de alimentación/Cable HDMI 2.1/Cable DP/Cable USB/Guía de inicio rápido/Tarjeta de garantía/Informe de prueba de calibración de color. Clave Oficial CT: MONGIG270. Marca: CT.",COMPONENTES DE ENSAMBLE,monitores,CT,426.88,8324.19,13318.71,13318.71,11237.66,11237.66,10405.24,9989.03,assets/img/catalog/monitores/MONGIG270.jpg,assets/img/catalog/monitores/MONGIG270.jpg,https://static.ctonline.mx/imagenes/MONGIG270/MONGIG270_400.jpg
MONCOR010,"Monitor CORSAIR Xeneon Modelo 32UHD144 32-Inch Panel Ips Uhd (3840 X2160), 144Hz Refresh Rate, Hdr600 Gaming Monitor","Monitor CORSAIR Xeneon Modelo 32UHD144 32-Inch Panel Ips Uhd (3840 X2160), 144Hz Refresh Rate, Hdr600 Gaming Monitor. Clave Oficial CT: MONCOR010. Marca: CT.",COMPONENTES DE ENSAMBLE,monitores,CT,733.33,14300.0,22880.0,22880.0,19305.0,19305.0,17875.0,17160.0,assets/img/catalog/monitores/MONCOR010.jpg,assets/img/catalog/monitores/MONCOR010.jpg,https://static.ctonline.mx/imagenes/MONCOR010/MONCOR010_400.jpg
MONLNX200,"Monitor LANIX LX215 16577. 21.5"". Full HD. Mejore su visión y aumente su productividad al disfrutar de una pantalla Full HD, su diseño ergonómico le permite ajustar el ángulo de visión para que obtenga el mayor confort ya sea por diversión o por trabajo. Interfaz Display Port + HDMI + SPK. Resolución: 1920 * 1080. Tiempo de respuesta GTG: 6.5ms. Color de Pantalla 16,7 millones. Inclinación: -5°~ 15°. Contraste 3,000: 1 Soporte de pared Vesa: 75 * 75 mm (4 orificios). GARANTIA DE 1 AÑO DIRECTAMENTE CON EL FABRICANTE.","Monitor LANIX LX215 16577. 21.5"". Full HD. Mejore su visión y aumente su productividad al disfrutar de una pantalla Full HD, su diseño ergonómico le permite ajustar el ángulo de visión para que obtenga el mayor confort ya sea por diversión o por trabajo. Interfaz Display Port + HDMI + SPK. Resolución: 1920 * 1080. Tiempo de respuesta GTG: 6.5ms. Color de Pantalla 16,7 millones. Inclinación: -5°~ 15°. Contraste 3,000: 1 Soporte de pared Vesa: 75 * 75 mm (4 orificios). GARANTIA DE 1 AÑO DIRECTAMENTE CON EL FABRICANTE.. Clave Oficial CT: MONLNX200. Marca: CT.",COMPONENTES DE ENSAMBLE,monitores,CT,1505.38,29354.84,46967.74,46967.74,39629.03,39629.03,36693.55,35225.81,assets/img/catalog/monitores/MONLNX200.jpg,assets/img/catalog/monitores/MONLNX200.jpg,https://static.ctonline.mx/imagenes/MONLNX200/MONLNX200_400.jpg
MONLNX180,"Monitor LANIX LX240 16578. 23.8"". Full HD. Mejore su visión y aumente su productividad al disfrutar de una pantalla Full HD, su diseño ergonómico le permite ajustar el ángulo de visión para que obtenga el mayor confort ya sea por diversión o por trabajo. Interfaz VGA + HDMI + SPK. Resolución: 1920 * 1080. Tiempo de respuesta GTG: 6.5ms. Color de Pantalla 16,7 millones. Inclinación: -5°~ 15°. Contraste 3,000: 1 Soporte de pared Vesa: 75 * 75 mm (4 orificios). GARANTIA DE 1 AÑO DIRECTAMENTE CON EL FABRICANTE.","Monitor LANIX LX240 16578. 23.8"". Full HD. Mejore su visión y aumente su productividad al disfrutar de una pantalla Full HD, su diseño ergonómico le permite ajustar el ángulo de visión para que obtenga el mayor confort ya sea por diversión o por trabajo. Interfaz VGA + HDMI + SPK. Resolución: 1920 * 1080. Tiempo de respuesta GTG: 6.5ms. Color de Pantalla 16,7 millones. Inclinación: -5°~ 15°. Contraste 3,000: 1 Soporte de pared Vesa: 75 * 75 mm (4 orificios). GARANTIA DE 1 AÑO DIRECTAMENTE CON EL FABRICANTE.. Clave Oficial CT: MONLNX180. Marca: CT.",COMPONENTES DE ENSAMBLE,monitores,CT,1623.66,31661.29,50658.06,50658.06,42742.74,42742.74,39576.61,37993.55,assets/img/catalog/monitores/MONLNX180.jpg,assets/img/catalog/monitores/MONLNX180.jpg,https://static.ctonline.mx/imagenes/MONLNX180/MONLNX180_400.jpg
MONLNX120,"Monitor LANIX LX215 12294. 21.5"". Full HD. Mejore su visión y aumente su productividad al disfrutar de una pantalla Full HD, su diseño ergonómico le permite ajustar el ángulo de visión para que obtenga el mayor confort ya sea por diversión o por trabajo. Interfaz VGA + HDMI + SPK. Resolución: 1920 * 1080. Tiempo de respuesta GTG: 6.5ms. Color de Pantalla 16,7 millones. Inclinación: -5°~ 15°. Contraste 3,000: 1 Soporte de pared Vesa: 75 * 75 mm (4 orificios). GARANTIA DE 1 AÑO DIRECTAMENTE CON EL FABRICANTE.","Monitor LANIX LX215 12294. 21.5"". Full HD. Mejore su visión y aumente su productividad al disfrutar de una pantalla Full HD, su diseño ergonómico le permite ajustar el ángulo de visión para que obtenga el mayor confort ya sea por diversión o por trabajo. Interfaz VGA + HDMI + SPK. Resolución: 1920 * 1080. Tiempo de respuesta GTG: 6.5ms. Color de Pantalla 16,7 millones. Inclinación: -5°~ 15°. Contraste 3,000: 1 Soporte de pared Vesa: 75 * 75 mm (4 orificios). GARANTIA DE 1 AÑO DIRECTAMENTE CON EL FABRICANTE.. Clave Oficial CT: MONLNX120. Marca: CT.",COMPONENTES DE ENSAMBLE,monitores,CT,1983.87,38685.48,61896.77,61896.77,52225.4,52225.4,48356.85,46422.58,assets/img/catalog/monitores/MONLNX120.jpg,assets/img/catalog/monitores/MONLNX120.jpg,https://static.ctonline.mx/imagenes/MONLNX120/MONLNX120_400.jpg
MONLNX160,"Monitor Lanix LX160, 14980, Pantalla 15.6"" (1920x1080)HD, 60Hz. Portátil. Conexión HDMI, Funda. Color Negro, Garantía 1 Año con fabricante.","Monitor Lanix LX160, 14980, Pantalla 15.6"" (1920x1080)HD, 60Hz. Portátil. Conexión HDMI, Funda. Color Negro, Garantía 1 Año con fabricante.. Clave Oficial CT: MONLNX160. Marca: CT.",COMPONENTES DE ENSAMBLE,monitores,CT,1905.81,37163.23,59461.16,59461.16,50170.35,50170.35,46454.03,44595.87,assets/img/catalog/monitores/MONLNX160.jpg,assets/img/catalog/monitores/MONLNX160.jpg,https://static.ctonline.mx/imagenes/MONLNX160/MONLNX160_400.jpg
MONLNX190,"Monitor LANIX LX270 17601. 27"". Full HD. Mejore su visión y aumente su productividad al disfrutar de una pantalla Full HD, su diseño ergonómico le permite ajustar el ángulo de visión para que obtenga el mayor confort ya sea por diversión o por trabajo. Interfaz VGA + HDMI + SPK. Resolución: 1920 * 1080. Tiempo de respuesta GTG: 20 ms. Color de Pantalla 16,7 millones. Inclinacion: -5°~ 15°. Contraste 3,000:1.  Soporte de pared Vesa: 100 * 100 mm (4 orificios). GARANTIA DE 1 AÑO DIRECTAMENTE CON EL FABRICANTE.","Monitor LANIX LX270 17601. 27"". Full HD. Mejore su visión y aumente su productividad al disfrutar de una pantalla Full HD, su diseño ergonómico le permite ajustar el ángulo de visión para que obtenga el mayor confort ya sea por diversión o por trabajo. Interfaz VGA + HDMI + SPK. Resolución: 1920 * 1080. Tiempo de respuesta GTG: 20 ms. Color de Pantalla 16,7 millones. Inclinacion: -5°~ 15°. Contraste 3,000:1.  Soporte de pared Vesa: 100 * 100 mm (4 orificios). GARANTIA DE 1 AÑO DIRECTAMENTE CON EL FABRICANTE.. Clave Oficial CT: MONLNX190. Marca: CT.",COMPONENTES DE ENSAMBLE,monitores,CT,1995.59,38914.03,62262.45,62262.45,52533.94,52533.94,48642.54,46696.84,assets/img/catalog/monitores/MONLNX190.jpg,assets/img/catalog/monitores/MONLNX190.jpg,https://static.ctonline.mx/imagenes/MONLNX190/MONLNX190_400.jpg
MONLNX130,"Monitor LANIX LX270 12295. 27"". Full HD. Mejore su visión y aumente su productividad al disfrutar de una pantalla Full HD, su diseño ergonómico le permite ajustar el ángulo de visión para que obtenga el mayor confort ya sea por diversión o por trabajo. Interfaz VGA + HDMI + SPK. Resolución: 1920 * 1080. Tiempo de respuesta GTG: 20 ms. Color de Pantalla 16,7 millones. Inclinación: -5°~ 15°. Contraste 3,000:1.  Soporte de pared Vesa: 100 * 100 mm (4 orificios). GARANTIA DE 1 AÑO DIRECTAMENTE CON EL FABRICANTE.","Monitor LANIX LX270 12295. 27"". Full HD. Mejore su visión y aumente su productividad al disfrutar de una pantalla Full HD, su diseño ergonómico le permite ajustar el ángulo de visión para que obtenga el mayor confort ya sea por diversión o por trabajo. Interfaz VGA + HDMI + SPK. Resolución: 1920 * 1080. Tiempo de respuesta GTG: 20 ms. Color de Pantalla 16,7 millones. Inclinación: -5°~ 15°. Contraste 3,000:1.  Soporte de pared Vesa: 100 * 100 mm (4 orificios). GARANTIA DE 1 AÑO DIRECTAMENTE CON EL FABRICANTE.. Clave Oficial CT: MONLNX130. Marca: CT.",COMPONENTES DE ENSAMBLE,monitores,CT,1995.7,38916.13,62265.81,62265.81,52536.77,52536.77,48645.16,46699.35,assets/img/catalog/monitores/MONLNX130.jpg,assets/img/catalog/monitores/MONLNX130.jpg,https://static.ctonline.mx/imagenes/MONLNX130/MONLNX130_400.jpg
MONNNN010,"Monitor Negro NECNON Modelo NMO-22F7 21.5"" HD 1920X1080 Full HD, 75Hz y 4ms de tasa de refresco, inclinación de -5°/15°, puertos 1*DC, 1XHDMI, 1*VGA, NBM02201HD","Monitor Negro NECNON Modelo NMO-22F7 21.5"" HD 1920X1080 Full HD, 75Hz y 4ms de tasa de refresco, inclinación de -5°/15°, puertos 1*DC, 1XHDMI, 1*VGA, NBM02201HD. Clave Oficial CT: MONNNN010. Marca: CT.",COMPONENTES DE ENSAMBLE,monitores,CT,967.74,18870.97,30193.55,30193.55,25475.81,25475.81,23588.71,22645.16,assets/img/catalog/monitores/MONNNN010.jpg,assets/img/catalog/monitores/MONNNN010.jpg,https://static.ctonline.mx/imagenes/MONNNN010/MONNNN010_400.jpg
MONNNN020,"Monitor Gaming Negro NECNON Modelo NMG-24C7 24"" Curvo, 75Hz, Full HD 1080P, Puertos 1*DC, 1*HDMI, 1*VGA, Inclinación -5°/15°, NBMG2401C7","Monitor Gaming Negro NECNON Modelo NMG-24C7 24"" Curvo, 75Hz, Full HD 1080P, Puertos 1*DC, 1*HDMI, 1*VGA, Inclinación -5°/15°, NBMG2401C7. Clave Oficial CT: MONNNN020. Marca: CT.",COMPONENTES DE ENSAMBLE,monitores,CT,1476.16,28785.15,46056.23,46056.23,38859.95,38859.95,35981.43,34542.17,assets/img/catalog/monitores/MONNNN020.jpg,assets/img/catalog/monitores/MONNNN020.jpg,https://static.ctonline.mx/imagenes/MONNNN020/MONNNN020_400.jpg
MONNNN040,"Monitor Gaming Negro NECNON Modelo NMG-24FR 24"", Giratorio 165Hz, Full HD 1080P, Puertos 1*DC, 1*HDMI, 1*DP, 1*USB, 1*Audio, Inclinación -5°/15°, NIMG2401FR","Monitor Gaming Negro NECNON Modelo NMG-24FR 24"", Giratorio 165Hz, Full HD 1080P, Puertos 1*DC, 1*HDMI, 1*DP, 1*USB, 1*Audio, Inclinación -5°/15°, NIMG2401FR. Clave Oficial CT: MONNNN040. Marca: CT.",COMPONENTES DE ENSAMBLE,monitores,CT,1825.9,35605.11,56968.18,56968.18,48066.9,48066.9,44506.39,42726.14,assets/img/catalog/monitores/MONNNN040.jpg,assets/img/catalog/monitores/MONNNN040.jpg,https://static.ctonline.mx/imagenes/MONNNN040/MONNNN040_400.jpg
MONNNN060,"Monitor Gaming Negro NECNON Modelo NMG-27C1 27"" Curvo, 165Hz, Full HD 1080P, Puertos 1*DC, 1*HDMI, 1*DP, 1*USB, 1*Audio, Inclinación -5°/15°, NIMG2701C1","Monitor Gaming Negro NECNON Modelo NMG-27C1 27"" Curvo, 165Hz, Full HD 1080P, Puertos 1*DC, 1*HDMI, 1*DP, 1*USB, 1*Audio, Inclinación -5°/15°, NIMG2701C1. Clave Oficial CT: MONNNN060. Marca: CT.",COMPONENTES DE ENSAMBLE,monitores,CT,2519.68,49133.71,78613.94,78613.94,66330.51,66330.51,61417.14,58960.45,assets/img/catalog/monitores/MONNNN060.jpg,assets/img/catalog/monitores/MONNNN060.jpg,https://static.ctonline.mx/imagenes/MONNNN060/MONNNN060_400.jpg
MONNNN070,"Monitor Gaming Blanco NECNON Modelo NMG-27C1 27"" Curvo, 165Hz, Full HD 1080P, Puertos 1*DC, 1*HDMI, 1*DP, 1*USB, 1*Audio, Inclinación -5°/15°, NIMG2712C1","Monitor Gaming Blanco NECNON Modelo NMG-27C1 27"" Curvo, 165Hz, Full HD 1080P, Puertos 1*DC, 1*HDMI, 1*DP, 1*USB, 1*Audio, Inclinación -5°/15°, NIMG2712C1. Clave Oficial CT: MONNNN070. Marca: CT.",COMPONENTES DE ENSAMBLE,monitores,CT,2557.31,49867.58,79788.13,79788.13,67321.23,67321.23,62334.48,59841.1,assets/img/catalog/monitores/MONNNN070.jpg,assets/img/catalog/monitores/MONNNN070.jpg,https://static.ctonline.mx/imagenes/MONNNN070/MONNNN070_400.jpg
MONNNN080,"Monitor Gaming Negro NECNON Modelo NMG-27FR 27"", Giratorio 165Hz, Full HD 1080P, Puertos 1*DC, 1*HDMI, 1*DP, 1*USB, 1*Audio, Inclinación -5°/15°, NIMG2701FR","Monitor Gaming Negro NECNON Modelo NMG-27FR 27"", Giratorio 165Hz, Full HD 1080P, Puertos 1*DC, 1*HDMI, 1*DP, 1*USB, 1*Audio, Inclinación -5°/15°, NIMG2701FR. Clave Oficial CT: MONNNN080. Marca: CT.",COMPONENTES DE ENSAMBLE,monitores,CT,2284.0,44538.0,71260.8,71260.8,60126.3,60126.3,55672.5,53445.6,assets/img/catalog/monitores/MONNNN080.jpg,assets/img/catalog/monitores/MONNNN080.jpg,https://static.ctonline.mx/imagenes/MONNNN080/MONNNN080_400.jpg
MONNNN090,"Monitor Gaming Blanco NECNON Modelo NMG-274FR 27"", Giratorio 165Hz, Full HD 1080P, Puertos 1*DC, 1*HDMI, 1*DP, 1*USB, 1*Audio, Inclinación -5°/15°, NIMG2712FR","Monitor Gaming Blanco NECNON Modelo NMG-274FR 27"", Giratorio 165Hz, Full HD 1080P, Puertos 1*DC, 1*HDMI, 1*DP, 1*USB, 1*Audio, Inclinación -5°/15°, NIMG2712FR. Clave Oficial CT: MONNNN090. Marca: CT.",COMPONENTES DE ENSAMBLE,monitores,CT,2320.02,45240.42,72384.67,72384.67,61074.57,61074.57,56550.52,54288.5,assets/img/catalog/monitores/MONNNN090.jpg,assets/img/catalog/monitores/MONNNN090.jpg,https://static.ctonline.mx/imagenes/MONNNN090/MONNNN090_400.jpg
MONNNN100,"Monitor Gaming Negro NECNON Modelo NMG-32C1 32"", Curvo 165Hz, Full HD 1080P, Puertos 1*DC, 1*HDMI, 1*DP, 1*USB, 1*Audio, Inclinacion -5°/15°, FlickerFree, LowBlueLight, FreeSync, Luces RGB, NIMG3201C1","Monitor Gaming Negro NECNON Modelo NMG-32C1 32"", Curvo 165Hz, Full HD 1080P, Puertos 1*DC, 1*HDMI, 1*DP, 1*USB, 1*Audio, Inclinacion -5°/15°, FlickerFree, LowBlueLight, FreeSync, Luces RGB, NIMG3201C1. Clave Oficial CT: MONNNN100. Marca: CT.",COMPONENTES DE ENSAMBLE,monitores,CT,4407.53,85946.77,137514.84,137514.84,116028.15,116028.15,107433.47,103136.13,assets/img/catalog/monitores/MONNNN100.jpg,assets/img/catalog/monitores/MONNNN100.jpg,https://static.ctonline.mx/imagenes/MONNNN100/MONNNN100_400.jpg
MONNNN110,"Monitor Gaming Blanco NECNON Modelo NMG-32C1 32"", Curvo 165Hz, Full HD 1080P, Puertos 1*DC, 1*HDMI, 1*DP, 1*USB, 1*Audio, Inclinacion -5°/15°, FlickerFree, LowBlueLight, FreeSync, Luces RGB, NIMG3201C1","Monitor Gaming Blanco NECNON Modelo NMG-32C1 32"", Curvo 165Hz, Full HD 1080P, Puertos 1*DC, 1*HDMI, 1*DP, 1*USB, 1*Audio, Inclinacion -5°/15°, FlickerFree, LowBlueLight, FreeSync, Luces RGB, NIMG3201C1. Clave Oficial CT: MONNNN110. Marca: CT.",COMPONENTES DE ENSAMBLE,monitores,CT,4461.29,86995.16,139192.26,139192.26,117443.47,117443.47,108743.95,104394.19,assets/img/catalog/monitores/MONNNN110.jpg,assets/img/catalog/monitores/MONNNN110.jpg,https://static.ctonline.mx/imagenes/MONNNN110/MONNNN110_400.jpg
MONNNN120,"Monitor Gaming Negro NECNON Modelo NMG-32C2 32"", Curvo 240Hz, Full HD 1080P, Puertos 1*DC, 1*HDMI, 1*DP, 1*USB, 1*Audio, Inclinacion -5°/15°, FlickerFree, LowBlueLight, FreeSync, Luces RGB, NUMG3201C2","Monitor Gaming Negro NECNON Modelo NMG-32C2 32"", Curvo 240Hz, Full HD 1080P, Puertos 1*DC, 1*HDMI, 1*DP, 1*USB, 1*Audio, Inclinacion -5°/15°, FlickerFree, LowBlueLight, FreeSync, Luces RGB, NUMG3201C2. Clave Oficial CT: MONNNN120. Marca: CT.",COMPONENTES DE ENSAMBLE,monitores,CT,3894.35,75939.92,121503.87,121503.87,102518.89,102518.89,94924.9,91127.9,assets/img/catalog/monitores/MONNNN120.jpg,assets/img/catalog/monitores/MONNNN120.jpg,https://static.ctonline.mx/imagenes/MONNNN120/MONNNN120_400.jpg
MONNNN140,"Monitor Gaming Negro NECNON Modelo NMG-30U2 29.5"", Curvo Ultrawide 200Hz, Full HD 2560P, Puertos 1*DC, 1*HDMI, 1*DP, 1*USB, 1*Audio, Inclinacion -5°/15°, FlickerFree, LowBlueLight, FreeSync, Luces RGB, NUMG3001U2","Monitor Gaming Negro NECNON Modelo NMG-30U2 29.5"", Curvo Ultrawide 200Hz, Full HD 2560P, Puertos 1*DC, 1*HDMI, 1*DP, 1*USB, 1*Audio, Inclinacion -5°/15°, FlickerFree, LowBlueLight, FreeSync, Luces RGB, NUMG3001U2. Clave Oficial CT: MONNNN140. Marca: CT.",COMPONENTES DE ENSAMBLE,monitores,CT,3591.48,70033.94,112054.3,112054.3,94545.81,94545.81,87542.42,84040.72,assets/img/catalog/monitores/MONNNN140.jpg,assets/img/catalog/monitores/MONNNN140.jpg,https://static.ctonline.mx/imagenes/MONNNN140/MONNNN140_400.jpg
MONBLR460,"Monitor Portatil 15.6"" NOMAD NM15D BALAM RUSH  Monitor portatil 15.6"", FreeSync/G-Sync Adaptativo, IPS,  FULL HD 1920.1080 px, 60Hz, Tiempo de respuesta 4ms, Modo de Juegos FPS/RTS, 2 Puertos tipo C,1 Puerto HDMI, 1 Puerto Audio Out, Compatibilidad con Windows, MacOS, Android, PS4, PS5, NINTENDO SWITCH, Soporte VESA 75x75, Color Negro. BR-943123","Monitor Portatil 15.6"" NOMAD NM15D BALAM RUSH  Monitor portatil 15.6"", FreeSync/G-Sync Adaptativo, IPS,  FULL HD 1920.1080 px, 60Hz, Tiempo de respuesta 4ms, Modo de Juegos FPS/RTS, 2 Puertos tipo C,1 Puerto HDMI, 1 Puerto Audio Out, Compatibilidad con Windows, MacOS, Android, PS4, PS5, NINTENDO SWITCH, Soporte VESA 75x75, Color Negro. BR-943123. Clave Oficial CT: MONBLR460. Marca: CT.",COMPONENTES DE ENSAMBLE,monitores,CT,946.24,18451.61,29522.58,29522.58,24909.68,24909.68,23064.52,22141.94,assets/img/catalog/monitores/MONBLR460.jpg,assets/img/catalog/monitores/MONBLR460.jpg,https://static.ctonline.mx/imagenes/MONBLR460/MONBLR460_400.jpg
MONBLR360,"Monitor Gaming 23.8""  100hz NEBULA MNG24Y  Panel IPS, 23.8'' Plano,  Resolución: 1920 x 1080  FHD Frecuencia: 100 Hz, Respuesta: 4 ms, Puertos: 1 x HDMI 2.0 + 1 x Display Port 1.4, 1 Audio 3.5,  Montaje VESA. Color Negro. BR-943062","Monitor Gaming 23.8""  100hz NEBULA MNG24Y  Panel IPS, 23.8'' Plano,  Resolución: 1920 x 1080  FHD Frecuencia: 100 Hz, Respuesta: 4 ms, Puertos: 1 x HDMI 2.0 + 1 x Display Port 1.4, 1 Audio 3.5,  Montaje VESA. Color Negro. BR-943062. Clave Oficial CT: MONBLR360. Marca: CT.",COMPONENTES DE ENSAMBLE,monitores,CT,1344.09,26209.68,41935.48,41935.48,35383.06,35383.06,32762.1,31451.61,assets/img/catalog/monitores/MONBLR360.jpg,assets/img/catalog/monitores/MONBLR360.jpg,https://static.ctonline.mx/imagenes/MONBLR360/MONBLR360_400.jpg
MONBLR350,"Monitor Gaming 23.8""  180hz TITAN MTG24Y  Panel VA, 23.8'' Plano,  Resolución: 1920 x 1080  FHD Frecuencia: 180 Hz, Respuesta: 1 ms, Puertos: 1 x HDMI 1.4 + 1 x Display Port 1.2, 1 x Tipo C Display + 1 Audio 3.5,  Montaje VESA. Color Negro. BR-943055","Monitor Gaming 23.8""  180hz TITAN MTG24Y  Panel VA, 23.8'' Plano,  Resolución: 1920 x 1080  FHD Frecuencia: 180 Hz, Respuesta: 1 ms, Puertos: 1 x HDMI 1.4 + 1 x Display Port 1.2, 1 x Tipo C Display + 1 Audio 3.5,  Montaje VESA. Color Negro. BR-943055. Clave Oficial CT: MONBLR350. Marca: CT.",COMPONENTES DE ENSAMBLE,monitores,CT,1505.38,29354.84,46967.74,46967.74,39629.03,39629.03,36693.55,35225.81,assets/img/catalog/monitores/MONBLR350.jpg,assets/img/catalog/monitores/MONBLR350.jpg,https://static.ctonline.mx/imagenes/MONBLR350/MONBLR350_400.jpg
MONBLR170,"Monitor Gaming 23.8"" 100hz Ultra Odissey II MFX23 Balam Rush Low blue light, Freesync, Flicker-Free, Adaptative -Sync, AMD FreeSync, Resolución: 1920 x 1080 (Full HD) Frecuencia: 100 Hz, Respuesta: 1 ms, Puertos: 1x HDMI 1.4 + 1x Display Port 1.2 + 1x  Audio 3.5, Montaje VESA: Soportado. Color Negro BR-938358","Monitor Gaming 23.8"" 100hz Ultra Odissey II MFX23 Balam Rush Low blue light, Freesync, Flicker-Free, Adaptative -Sync, AMD FreeSync, Resolución: 1920 x 1080 (Full HD) Frecuencia: 100 Hz, Respuesta: 1 ms, Puertos: 1x HDMI 1.4 + 1x Display Port 1.2 + 1x  Audio 3.5, Montaje VESA: Soportado. Color Negro BR-938358. Clave Oficial CT: MONBLR170. Marca: CT.",COMPONENTES DE ENSAMBLE,monitores,CT,1344.09,26209.68,41935.48,41935.48,35383.06,35383.06,32762.1,31451.61,assets/img/catalog/monitores/MONBLR170.jpg,assets/img/catalog/monitores/MONBLR170.jpg,https://static.ctonline.mx/imagenes/MONBLR170/MONBLR170_400.jpg
MONBLR330,"Monitor Curvo Gaming 23.8""  180hz ANDROMEDA MAG24Y  Panel VA, 23.8'' Curvo,  Resolución: 1920 x 1080  FHD 1800R Frecuencia: 180 Hz, Respuesta: 1 ms, Puertos: 1 x HDMI 1.4 + 1 x Display Port 1.2 1x Tipo C Display + 1 Audio 3.5, Montaje VESA. Color Negro. BR-943031","Monitor Curvo Gaming 23.8""  180hz ANDROMEDA MAG24Y  Panel VA, 23.8'' Curvo,  Resolución: 1920 x 1080  FHD 1800R Frecuencia: 180 Hz, Respuesta: 1 ms, Puertos: 1 x HDMI 1.4 + 1 x Display Port 1.2 1x Tipo C Display + 1 Audio 3.5, Montaje VESA. Color Negro. BR-943031. Clave Oficial CT: MONBLR330. Marca: CT.",COMPONENTES DE ENSAMBLE,monitores,CT,1612.9,31451.61,50322.58,50322.58,42459.68,42459.68,39314.52,37741.94,assets/img/catalog/monitores/MONBLR330.jpg,assets/img/catalog/monitores/MONBLR330.jpg,https://static.ctonline.mx/imagenes/MONBLR330/MONBLR330_400.jpg
MONBLR340,"Monitor Curvo Gaming 23.8""  180hz ANDROMEDA MAG24Y  Panel VA, 23.8'' Curvo,  Resolución: 1920 x 1080  FHD 1800R Frecuencia: 180 Hz, Respuesta: 1 ms, Puertos: 1 x HDMI 1.4 + 1 x Display Port 1.2 1x Tipo C Display + 1 Audio 3.5, Montaje VESA. Color Blanco. BR-943048","Monitor Curvo Gaming 23.8""  180hz ANDROMEDA MAG24Y  Panel VA, 23.8'' Curvo,  Resolución: 1920 x 1080  FHD 1800R Frecuencia: 180 Hz, Respuesta: 1 ms, Puertos: 1 x HDMI 1.4 + 1 x Display Port 1.2 1x Tipo C Display + 1 Audio 3.5, Montaje VESA. Color Blanco. BR-943048. Clave Oficial CT: MONBLR340. Marca: CT.",COMPONENTES DE ENSAMBLE,monitores,CT,1612.9,31451.61,50322.58,50322.58,42459.68,42459.68,39314.52,37741.94,assets/img/catalog/monitores/MONBLR340.jpg,assets/img/catalog/monitores/MONBLR340.jpg,https://static.ctonline.mx/imagenes/MONBLR340/MONBLR340_400.jpg
MONBLR450,"Monitor Gamer 24.5"" COSMOS EDGE MCE245P BALA RUSH   Monitor Gamer  24.5'' VA,  Resolución: 1920 x 1080  FHD Frecuencia: 240Hz, Respuesta: 1 ms, ANTI FLICKER, Protección de luz Azul, Puertos: 1 x HDMI 2.0 + 1 x Display Port 1.4, 1 x  Audio 3.5,  Montaje VESA. Color Negro. BR-944113","Monitor Gamer 24.5"" COSMOS EDGE MCE245P BALA RUSH   Monitor Gamer  24.5'' VA,  Resolución: 1920 x 1080  FHD Frecuencia: 240Hz, Respuesta: 1 ms, ANTI FLICKER, Protección de luz Azul, Puertos: 1 x HDMI 2.0 + 1 x Display Port 1.4, 1 x  Audio 3.5,  Montaje VESA. Color Negro. BR-944113. Clave Oficial CT: MONBLR450. Marca: CT.",COMPONENTES DE ENSAMBLE,monitores,CT,1827.96,35645.16,57032.26,57032.26,48120.97,48120.97,44556.45,42774.19,assets/img/catalog/monitores/MONBLR450.jpg,assets/img/catalog/monitores/MONBLR450.jpg,https://static.ctonline.mx/imagenes/MONBLR450/MONBLR450_400.jpg
MONBLR420,"Monitor Gamer 27"" COSMOS EDGE MCE27P BALA RUSH Monitor Gamer 27'' IPS, Resolución: 1920 x 1080  FHD Frecuencia: 240Hz, Respuesta: 1 ms, ANTI FLICKER, Proteccion de luz Azul, Puertos: 1 x HDMI 2.0 + 1 x Display Port 1.4, 1 x  Audio 3.5,  Montaje VESA. Color Negro. BR-944120","Monitor Gamer 27"" COSMOS EDGE MCE27P BALA RUSH Monitor Gamer 27'' IPS, Resolución: 1920 x 1080  FHD Frecuencia: 240Hz, Respuesta: 1 ms, ANTI FLICKER, Proteccion de luz Azul, Puertos: 1 x HDMI 2.0 + 1 x Display Port 1.4, 1 x  Audio 3.5,  Montaje VESA. Color Negro. BR-944120. Clave Oficial CT: MONBLR420. Marca: CT.",COMPONENTES DE ENSAMBLE,monitores,CT,2258.06,44032.26,70451.61,70451.61,59443.55,59443.55,55040.32,52838.71,assets/img/catalog/monitores/MONBLR420.jpg,assets/img/catalog/monitores/MONBLR420.jpg,https://static.ctonline.mx/imagenes/MONBLR420/MONBLR420_400.jpg
MONBLR440,"Monitor Gaming Curvo 49"" 120hz: COSMOS TITAN MCT49X Balam Rush FreeSync/G-Sync Adaptativo, Panel: 49'' Curvo, Resolución:  WQHD 5120 x 1440, Frecuencia: 120Hz,  Respuesta: 1 ms, Puertos: 1 x HDMI 2.0 + 1 x Display Port 1.4 + 2 x USB A + 1 x USB B + 1 x Audio 3.5, DC.  Montaje VESA 100x100 mm, Ajuste (inclinación) Frontal 5° / Trasero 15°. Ajuste de Altura, 2 Bocinas de 3w, RBG Tracero, Color Negro. BR-944144","Monitor Gaming Curvo 49"" 120hz: COSMOS TITAN MCT49X Balam Rush FreeSync/G-Sync Adaptativo, Panel: 49'' Curvo, Resolución:  WQHD 5120 x 1440, Frecuencia: 120Hz,  Respuesta: 1 ms, Puertos: 1 x HDMI 2.0 + 1 x Display Port 1.4 + 2 x USB A + 1 x USB B + 1 x Audio 3.5, DC.  Montaje VESA 100x100 mm, Ajuste (inclinación) Frontal 5° / Trasero 15°. Ajuste de Altura, 2 Bocinas de 3w, RBG Tracero, Color Negro. BR-944144. Clave Oficial CT: MONBLR440. Marca: CT.",COMPONENTES DE ENSAMBLE,monitores,CT,9139.78,178225.81,285161.29,285161.29,240604.84,240604.84,222782.26,213870.97,assets/img/catalog/monitores/MONBLR440.jpg,assets/img/catalog/monitores/MONBLR440.jpg,https://static.ctonline.mx/imagenes/MONBLR440/MONBLR440_400.jpg
MONBLR370,"Monitor Gaming plano 27"" 180hz: TITÁN MTG27Y Balam Rush FreeSync/G-Sync Adaptativo, Panel: 27'' Plano, Resolución: 1920 x 1080 (Full HD) Frecuencia: 180 Hz Nativo / 200 Hz Overclok, Respuesta: 1 ms, Puertos: 1 x HDMI 2.1 + 1 x Display Port 1.4 + 1 X Tipo C + 1 x Audio 3.5, DC.  Montaje VESA 100x100 mm, Ajuste (inclinación) Frontal 5° / Trasero 15°. Longitud de cable alimentación 1.5m. Color Negro. BR-943000","Monitor Gaming plano 27"" 180hz: TITÁN MTG27Y Balam Rush FreeSync/G-Sync Adaptativo, Panel: 27'' Plano, Resolución: 1920 x 1080 (Full HD) Frecuencia: 180 Hz Nativo / 200 Hz Overclok, Respuesta: 1 ms, Puertos: 1 x HDMI 2.1 + 1 x Display Port 1.4 + 1 X Tipo C + 1 x Audio 3.5, DC.  Montaje VESA 100x100 mm, Ajuste (inclinación) Frontal 5° / Trasero 15°. Longitud de cable alimentación 1.5m. Color Negro. BR-943000. Clave Oficial CT: MONBLR370. Marca: CT.",COMPONENTES DE ENSAMBLE,monitores,CT,1935.48,37741.94,60387.1,60387.1,50951.61,50951.61,47177.42,45290.32,assets/img/catalog/monitores/MONBLR370.jpg,assets/img/catalog/monitores/MONBLR370.jpg,https://static.ctonline.mx/imagenes/MONBLR370/MONBLR370_400.jpg
MONBLR380,"Monitor Gaming plano 27"" 180hz: TITÁN MTG27Y Balam Rush FreeSync/G-Sync Adaptativo, Panel: 27'' Plano, Resolución: 1920 x 1080 (Full HD) Frecuencia: 180 Hz Nativo / 200 Hz Overclok, Respuesta: 1 ms, Puertos: 1 x HDMI 2.1 + 1 x Display Port 1.4 + 1 X Tipo C + 1 x Audio 3.5, DC.  Montaje VESA 100x100 mm, Ajuste (inclinación) Frontal 5° / Trasero 15°. Longitud de cable alimentación 1.5m. Color Blanco. BR-943017","Monitor Gaming plano 27"" 180hz: TITÁN MTG27Y Balam Rush FreeSync/G-Sync Adaptativo, Panel: 27'' Plano, Resolución: 1920 x 1080 (Full HD) Frecuencia: 180 Hz Nativo / 200 Hz Overclok, Respuesta: 1 ms, Puertos: 1 x HDMI 2.1 + 1 x Display Port 1.4 + 1 X Tipo C + 1 x Audio 3.5, DC.  Montaje VESA 100x100 mm, Ajuste (inclinación) Frontal 5° / Trasero 15°. Longitud de cable alimentación 1.5m. Color Blanco. BR-943017. Clave Oficial CT: MONBLR380. Marca: CT.",COMPONENTES DE ENSAMBLE,monitores,CT,1935.48,37741.94,60387.1,60387.1,50951.61,50951.61,47177.42,45290.32,assets/img/catalog/monitores/MONBLR380.jpg,assets/img/catalog/monitores/MONBLR380.jpg,https://static.ctonline.mx/imagenes/MONBLR380/MONBLR380_400.jpg
MONBLR390,"Monitor Gaming Curvo 27"" 180hz: ANDROMEDA MAG27Y Balam Rush FreeSync/G-Sync Adaptativo, Panel: 27'' Curvo, Resolución: 1920 x 1080 (Full HD) Frecuencia: 180 Hz Nativo / 200 Hz Overclok, Respuesta: 1 ms, Puertos: 1 x HDMI 2.1 + 1 x Display Port 1.4 + 1 X Tipo C + 1 x Audio 3.5, DC.  Montaje VESA 100x100 mm, Ajuste (inclinación) Frontal 5° / Trasero 15°. Longitud de cable alimentación 1.5m. RBG 80% Color Negro. BR-942980","Monitor Gaming Curvo 27"" 180hz: ANDROMEDA MAG27Y Balam Rush FreeSync/G-Sync Adaptativo, Panel: 27'' Curvo, Resolución: 1920 x 1080 (Full HD) Frecuencia: 180 Hz Nativo / 200 Hz Overclok, Respuesta: 1 ms, Puertos: 1 x HDMI 2.1 + 1 x Display Port 1.4 + 1 X Tipo C + 1 x Audio 3.5, DC.  Montaje VESA 100x100 mm, Ajuste (inclinación) Frontal 5° / Trasero 15°. Longitud de cable alimentación 1.5m. RBG 80% Color Negro. BR-942980. Clave Oficial CT: MONBLR390. Marca: CT.",COMPONENTES DE ENSAMBLE,monitores,CT,2021.51,39419.35,63070.97,63070.97,53216.13,53216.13,49274.19,47303.23,assets/img/catalog/monitores/MONBLR390.jpg,assets/img/catalog/monitores/MONBLR390.jpg,https://static.ctonline.mx/imagenes/MONBLR390/MONBLR390_400.jpg
MONBLR400,"Monitor Gaming Curvo 27"" 180hz: ANDROMEDA MAG27Y Balam Rush FreeSync/G-Sync Adaptativo, Panel: 27'' Curvo, Resolución: 1920 x 1080 (Full HD) Frecuencia: 180 Hz Nativo / 200 Hz Overclok, Respuesta: 1 ms, Puertos: 1 x HDMI 2.1 + 1 x Display Port 1.4 + 1 X Tipo C + 1 x Audio 3.5, DC.  Montaje VESA 100x100 mm, Ajuste (inclinación) Frontal 5° / Trasero 15°. Longitud de cable alimentación 1.5m. RBG 80% Color Blanco. BR-942997","Monitor Gaming Curvo 27"" 180hz: ANDROMEDA MAG27Y Balam Rush FreeSync/G-Sync Adaptativo, Panel: 27'' Curvo, Resolución: 1920 x 1080 (Full HD) Frecuencia: 180 Hz Nativo / 200 Hz Overclok, Respuesta: 1 ms, Puertos: 1 x HDMI 2.1 + 1 x Display Port 1.4 + 1 X Tipo C + 1 x Audio 3.5, DC.  Montaje VESA 100x100 mm, Ajuste (inclinación) Frontal 5° / Trasero 15°. Longitud de cable alimentación 1.5m. RBG 80% Color Blanco. BR-942997. Clave Oficial CT: MONBLR400. Marca: CT.",COMPONENTES DE ENSAMBLE,monitores,CT,2021.51,39419.35,63070.97,63070.97,53216.13,53216.13,49274.19,47303.23,assets/img/catalog/monitores/MONBLR400.jpg,assets/img/catalog/monitores/MONBLR400.jpg,https://static.ctonline.mx/imagenes/MONBLR400/MONBLR400_400.jpg
MONBLR410,"Monitor Gaming plano 27"" 100hz: NEBULA MNG27Y Balam Rush FreeSync/G-Sync Adaptativo, Panel: 27'' Plano, Resolución: 1920 x 1080 (Full HD) Frecuencia: 100 Hz, Respuesta: 4 ms, Puertos: 1 x HDMI 1.4 + 1 x Display Port 1.2 + 1 x Audio 3.5, DC.  Montaje VESA 100x100 mm, Ajuste (inclinación) Frontal 5° / Trasero 15°. Longitud de cable alimentación 1.5m. Material: Metal y Plástico. Color Negro. BR-943024","Monitor Gaming plano 27"" 100hz: NEBULA MNG27Y Balam Rush FreeSync/G-Sync Adaptativo, Panel: 27'' Plano, Resolución: 1920 x 1080 (Full HD) Frecuencia: 100 Hz, Respuesta: 4 ms, Puertos: 1 x HDMI 1.4 + 1 x Display Port 1.2 + 1 x Audio 3.5, DC.  Montaje VESA 100x100 mm, Ajuste (inclinación) Frontal 5° / Trasero 15°. Longitud de cable alimentación 1.5m. Material: Metal y Plástico. Color Negro. BR-943024. Clave Oficial CT: MONBLR410. Marca: CT.",COMPONENTES DE ENSAMBLE,monitores,CT,1612.9,31451.61,50322.58,50322.58,42459.68,42459.68,39314.52,37741.94,assets/img/catalog/monitores/MONBLR410.jpg,assets/img/catalog/monitores/MONBLR410.jpg,https://static.ctonline.mx/imagenes/MONBLR410/MONBLR410_400.jpg
MONBLR120,"Monitor Gaming 27"" Curvo 165hz ULTRA EARTH II MGX27C Balam Rush Low blue light, Freesync, Flicker-Free, Adaptative -Sync, AMD FreeSync, technology, Base Ajustable, Panel: 27'' Curvo,  Resolución: 1920 x 1080 (Full HD) Frecuencia: 165 Hz, Respuesta: 1 ms, Puertos: 1 x HDMI 1.4 + 1 x Display Port 1.2 + 1 X tIPO c  15w +  1 x  Audio 3.5,  Montaje VESA. Color Blanco. BR-938280","Monitor Gaming 27"" Curvo 165hz ULTRA EARTH II MGX27C Balam Rush Low blue light, Freesync, Flicker-Free, Adaptative -Sync, AMD FreeSync, technology, Base Ajustable, Panel: 27'' Curvo,  Resolución: 1920 x 1080 (Full HD) Frecuencia: 165 Hz, Respuesta: 1 ms, Puertos: 1 x HDMI 1.4 + 1 x Display Port 1.2 + 1 X tIPO c  15w +  1 x  Audio 3.5,  Montaje VESA. Color Blanco. BR-938280. Clave Oficial CT: MONBLR120. Marca: CT.",COMPONENTES DE ENSAMBLE,monitores,CT,2021.51,39419.35,63070.97,63070.97,53216.13,53216.13,49274.19,47303.23,assets/img/catalog/monitores/MONBLR120.jpg,assets/img/catalog/monitores/MONBLR120.jpg,https://static.ctonline.mx/imagenes/MONBLR120/MONBLR120_400.jpg
MONBLR030,"Monitor Gaming 23.8"" 144hz UltraOdissey MTX24G Balam Rush Tecnologías Low Blue Light, Fleeker Free y Freesync, Panel: 23.8'' (16:9), TFT-LCD, LED Backlight, Resolución: 1920 x 1080 (Full HD) Frecuencia: 144 Hz, Respuesta: 1-2 ms, Puertos: HDMI + Display Port + Audio + DC, Montaje VESA: Soportado. BR-932417","Monitor Gaming 23.8"" 144hz UltraOdissey MTX24G Balam Rush Tecnologías Low Blue Light, Fleeker Free y Freesync, Panel: 23.8'' (16:9), TFT-LCD, LED Backlight, Resolución: 1920 x 1080 (Full HD) Frecuencia: 144 Hz, Respuesta: 1-2 ms, Puertos: HDMI + Display Port + Audio + DC, Montaje VESA: Soportado. BR-932417. Clave Oficial CT: MONBLR030. Marca: CT.",COMPONENTES DE ENSAMBLE,monitores,CT,2039.03,39761.13,63617.81,63617.81,53677.52,53677.52,49701.41,47713.35,assets/img/catalog/monitores/MONBLR030.jpg,assets/img/catalog/monitores/MONBLR030.jpg,https://static.ctonline.mx/imagenes/MONBLR030/MONBLR030_400.jpg
MONBLR060,"Monitor Gaming 23.8 144hz UltraOdissey MTX24G Balam Rush Tecnologías Low Blue Light, Fleeker Free, Flat frameless VA Panel: 23.8'' (16:9), LED Backlight,, Resolución: 1920 x 1080 (Full HD) Frecuencia: 144 Hz, Respuesta: 1-2 ms, Puertos:  * HDMI + Display Port + Audio + DC, Montaje VESA: Soportado. Color Blanco BR-933087","Monitor Gaming 23.8 144hz UltraOdissey MTX24G Balam Rush Tecnologías Low Blue Light, Fleeker Free, Flat frameless VA Panel: 23.8'' (16:9), LED Backlight,, Resolución: 1920 x 1080 (Full HD) Frecuencia: 144 Hz, Respuesta: 1-2 ms, Puertos:  * HDMI + Display Port + Audio + DC, Montaje VESA: Soportado. Color Blanco BR-933087. Clave Oficial CT: MONBLR060. Marca: CT.",COMPONENTES DE ENSAMBLE,monitores,CT,2039.03,39761.13,63617.81,63617.81,53677.52,53677.52,49701.41,47713.35,assets/img/catalog/monitores/MONBLR060.jpg,assets/img/catalog/monitores/MONBLR060.jpg,https://static.ctonline.mx/imagenes/MONBLR060/MONBLR060_400.jpg
MONBLR320,"Monitor Gaming 27""  200hz HYPER NOVA MHN27Y  Panel IPS, 27'' Plano,  Resolución: 1920 x 1080  FHD Frecuencia: 200 Hz, Respuesta: 1 ms, Puertos: 2 x HDMI 2.0 + 1 x Display Port 1.4, + 1 Audio 3.5, RGB,  Montaje VESA. Color Negro. BR-942973","Monitor Gaming 27""  200hz HYPER NOVA MHN27Y  Panel IPS, 27'' Plano,  Resolución: 1920 x 1080  FHD Frecuencia: 200 Hz, Respuesta: 1 ms, Puertos: 2 x HDMI 2.0 + 1 x Display Port 1.4, + 1 Audio 3.5, RGB,  Montaje VESA. Color Negro. BR-942973. Clave Oficial CT: MONBLR320. Marca: CT.",COMPONENTES DE ENSAMBLE,monitores,CT,2150.54,41935.48,67096.77,67096.77,56612.9,56612.9,52419.35,50322.58,assets/img/catalog/monitores/MONBLR320.jpg,assets/img/catalog/monitores/MONBLR320.jpg,https://static.ctonline.mx/imagenes/MONBLR320/MONBLR320_400.jpg
MONBLR150,"Monitor Gaming 23.8"" Curvo 165hz ULTRA EARTH II MGX23C Balam Rush Low blue light, Freesync, Flicker-Free, Adaptative -Sync, AMD FreeSync, technology, Base Ajustable, Panel: 23.8'' Curvo,  Resolución: 1920 x 1080 (Full HD) Frecuencia: 165 Hz, Respuesta: 1 ms, Puertos: 1 x HDMI 1.4 + 1 x Display Port 1.2 + 1 X tIPO c  15w +  1 x  Audio 3.5,  Montaje VESA, Diseño sin bordes. Color Blanco. BR-938334","Monitor Gaming 23.8"" Curvo 165hz ULTRA EARTH II MGX23C Balam Rush Low blue light, Freesync, Flicker-Free, Adaptative -Sync, AMD FreeSync, technology, Base Ajustable, Panel: 23.8'' Curvo,  Resolución: 1920 x 1080 (Full HD) Frecuencia: 165 Hz, Respuesta: 1 ms, Puertos: 1 x HDMI 1.4 + 1 x Display Port 1.2 + 1 X tIPO c  15w +  1 x  Audio 3.5,  Montaje VESA, Diseño sin bordes. Color Blanco. BR-938334. Clave Oficial CT: MONBLR150. Marca: CT.",COMPONENTES DE ENSAMBLE,monitores,CT,2182.48,42558.44,68093.51,68093.51,57453.9,57453.9,53198.05,51070.13,assets/img/catalog/monitores/MONBLR150.jpg,assets/img/catalog/monitores/MONBLR150.jpg,https://static.ctonline.mx/imagenes/MONBLR150/MONBLR150_400.jpg
MONBLR240,"Monitor Gaming 24"" 165hz Ultra Explorer MXT24P Balam Rush  Freesync/G-Sync Adaptativo, Panel 24'' IPS, 16.7 millones de color, Resolución: 1920 x 1080 FHD, Frecuencia: 165 Hz, Respuesta: 1 ms, Puertos: 1x HDMI 2.1 + 1x Display Port + 1x USB -A 15w + 1x  Audio 3.5, Montaje RGB VESA, Bocinas Integradas. Color Negro BR-940702","Monitor Gaming 24"" 165hz Ultra Explorer MXT24P Balam Rush  Freesync/G-Sync Adaptativo, Panel 24'' IPS, 16.7 millones de color, Resolución: 1920 x 1080 FHD, Frecuencia: 165 Hz, Respuesta: 1 ms, Puertos: 1x HDMI 2.1 + 1x Display Port + 1x USB -A 15w + 1x  Audio 3.5, Montaje RGB VESA, Bocinas Integradas. Color Negro BR-940702. Clave Oficial CT: MONBLR240. Marca: CT.",COMPONENTES DE ENSAMBLE,monitores,CT,2182.48,42558.44,68093.51,68093.51,57453.9,57453.9,53198.05,51070.13,assets/img/catalog/monitores/MONBLR240.jpg,assets/img/catalog/monitores/MONBLR240.jpg,https://static.ctonline.mx/imagenes/MONBLR240/MONBLR240_400.jpg
MONBLR310,"Monitor Curvo Gaming 27""  240hz HYPER ORBIT MHO27Y  Panel VA, 27'' Curvo,  Resolución: 1920 x 1080  FHD 1500R Frecuencia: 240 Hz, Respuesta: 1 ms, Puertos: 2 x HDMI 2.1 + 2 x Display Port 1.4, + 1 Audio 3.5, Montaje VESA. Color Negro. BR-942966","Monitor Curvo Gaming 27""  240hz HYPER ORBIT MHO27Y  Panel VA, 27'' Curvo,  Resolución: 1920 x 1080  FHD 1500R Frecuencia: 240 Hz, Respuesta: 1 ms, Puertos: 2 x HDMI 2.1 + 2 x Display Port 1.4, + 1 Audio 3.5, Montaje VESA. Color Negro. BR-942966. Clave Oficial CT: MONBLR310. Marca: CT.",COMPONENTES DE ENSAMBLE,monitores,CT,2419.35,47177.42,75483.87,75483.87,63689.52,63689.52,58971.77,56612.9,assets/img/catalog/monitores/MONBLR310.jpg,assets/img/catalog/monitores/MONBLR310.jpg,https://static.ctonline.mx/imagenes/MONBLR310/MONBLR310_400.jpg
MONBLR020,"Monitor Gaming 27"" 144hz UltraOdissey MTX27G Balam Rush Tecnologías Low Blue Light, Fleeker Free y Freesync, Panel: 27'' (16:9), TFT-LCD, LED Backlight, Resolución: 1920 x 1080 (Full HD) Frecuencia: 144 Hz, Respuesta: 1-2 ms, Puertos: 3 * HDMI (1 * 2.0 + 2 * 1.4) + Display Port + Audio + DC, Montaje VESA: Soportado. BR-932431","Monitor Gaming 27"" 144hz UltraOdissey MTX27G Balam Rush Tecnologías Low Blue Light, Fleeker Free y Freesync, Panel: 27'' (16:9), TFT-LCD, LED Backlight, Resolución: 1920 x 1080 (Full HD) Frecuencia: 144 Hz, Respuesta: 1-2 ms, Puertos: 3 * HDMI (1 * 2.0 + 2 * 1.4) + Display Port + Audio + DC, Montaje VESA: Soportado. BR-932431. Clave Oficial CT: MONBLR020. Marca: CT.",COMPONENTES DE ENSAMBLE,monitores,CT,2679.14,52243.28,83589.26,83589.26,70528.43,70528.43,65304.11,62691.94,assets/img/catalog/monitores/MONBLR020.jpg,assets/img/catalog/monitores/MONBLR020.jpg,https://static.ctonline.mx/imagenes/MONBLR020/MONBLR020_400.jpg
MONBLR050,"Monitor Gaming 27"" 144hz UltraOdissey MTX27G Balam Rush Tecnologías Low Blue Light, Fleeker Free y Freesync, Panel: 27'' (16:9), TFT-LCD, LED Backlight,, Resolución: 1920 x 1080 (Full HD) Frecuencia: 144 Hz, Respuesta: 1-2 ms, Puertos: 3 * HDMI (1 * 2.0 + 2 * 1.4) + Display Port + Audio + DC, Montaje VESA: Soportado. Color Blanco BR-933094","Monitor Gaming 27"" 144hz UltraOdissey MTX27G Balam Rush Tecnologías Low Blue Light, Fleeker Free y Freesync, Panel: 27'' (16:9), TFT-LCD, LED Backlight,, Resolución: 1920 x 1080 (Full HD) Frecuencia: 144 Hz, Respuesta: 1-2 ms, Puertos: 3 * HDMI (1 * 2.0 + 2 * 1.4) + Display Port + Audio + DC, Montaje VESA: Soportado. Color Blanco BR-933094. Clave Oficial CT: MONBLR050. Marca: CT.",COMPONENTES DE ENSAMBLE,monitores,CT,2679.14,52243.23,83589.16,83589.16,70528.35,70528.35,65304.03,62691.87,assets/img/catalog/monitores/MONBLR050.jpg,assets/img/catalog/monitores/MONBLR050.jpg,https://static.ctonline.mx/imagenes/MONBLR050/MONBLR050_400.jpg
MONBLR010,"Monitor Curvo Gaming 27"" 165hz UltraEarth MTX27C Balam Rush Tecnologías Low Blue Light, Fleeker Free y Freesync, Panel: 27'' (16:9), TFT-LCD, LED Backlight, Tipo de panel: Curved Frameless VA, Resolución: 1920 x 1080 (Full HD) Frecuencia: 165 Hz, Respuesta: 1-2 ms, Puertos: HDMI + Display Port + Audio + DC, Montaje VESA: Soportado. BR-932448","Monitor Curvo Gaming 27"" 165hz UltraEarth MTX27C Balam Rush Tecnologías Low Blue Light, Fleeker Free y Freesync, Panel: 27'' (16:9), TFT-LCD, LED Backlight, Tipo de panel: Curved Frameless VA, Resolución: 1920 x 1080 (Full HD) Frecuencia: 165 Hz, Respuesta: 1-2 ms, Puertos: HDMI + Display Port + Audio + DC, Montaje VESA: Soportado. BR-932448. Clave Oficial CT: MONBLR010. Marca: CT.",COMPONENTES DE ENSAMBLE,monitores,CT,2837.97,55340.37,88544.59,88544.59,74709.5,74709.5,69175.46,66408.45,assets/img/catalog/monitores/MONBLR010.jpg,assets/img/catalog/monitores/MONBLR010.jpg,https://static.ctonline.mx/imagenes/MONBLR010/MONBLR010_400.jpg
MONBLR040,"Monitor Curvo Gaming 27"" 165hz UltraEarth MTX27C Balam Rush Tecnologías Low Blue Light, Fleeker Free y Freesync, Panel: 27'' (16:9), TFT-LCD, LED Backlight, Tipo de panel: Curved Frameless VA, Resolución: 1920 x 1080 (Full HD) Frecuencia: 165 Hz, Respuesta: 1-2 ms, Puertos: HDMI + Display Port + Audio + DC, Montaje VESA: Soportado Color Blanco. BR-933100","Monitor Curvo Gaming 27"" 165hz UltraEarth MTX27C Balam Rush Tecnologías Low Blue Light, Fleeker Free y Freesync, Panel: 27'' (16:9), TFT-LCD, LED Backlight, Tipo de panel: Curved Frameless VA, Resolución: 1920 x 1080 (Full HD) Frecuencia: 165 Hz, Respuesta: 1-2 ms, Puertos: HDMI + Display Port + Audio + DC, Montaje VESA: Soportado Color Blanco. BR-933100. Clave Oficial CT: MONBLR040. Marca: CT.",COMPONENTES DE ENSAMBLE,monitores,CT,2837.96,55340.29,88544.46,88544.46,74709.39,74709.39,69175.36,66408.35,assets/img/catalog/monitores/MONBLR040.jpg,assets/img/catalog/monitores/MONBLR040.jpg,https://static.ctonline.mx/imagenes/MONBLR040/MONBLR040_400.jpg
MONBLR110,"Monitor Gaming 29"" 75hz Ultra Odissey II MGF29P Balam Rush Low Blue Light, Fleeker Free y Freesync, Panel: 29'' Plano VA, LED 16.7 millones de color, Backlight, Resolución: 2560 x 1080  QHD, Frecuencia: 75 Hz, Respuesta: 1 ms, Puertos: 1x HDMI 2.1 + 1x Display Port + 1x USB tipo C 15w + 1x  Audio 3.5, Montaje VESA: Soportado. Diseño sin bordes. Color Negro BR-938648","Monitor Gaming 29"" 75hz Ultra Odissey II MGF29P Balam Rush Low Blue Light, Fleeker Free y Freesync, Panel: 29'' Plano VA, LED 16.7 millones de color, Backlight, Resolución: 2560 x 1080  QHD, Frecuencia: 75 Hz, Respuesta: 1 ms, Puertos: 1x HDMI 2.1 + 1x Display Port + 1x USB tipo C 15w + 1x  Audio 3.5, Montaje VESA: Soportado. Diseño sin bordes. Color Negro BR-938648. Clave Oficial CT: MONBLR110. Marca: CT.",COMPONENTES DE ENSAMBLE,monitores,CT,3137.62,61183.66,97893.86,97893.86,82597.94,82597.94,76479.58,73420.39,assets/img/catalog/monitores/MONBLR110.jpg,assets/img/catalog/monitores/MONBLR110.jpg,https://static.ctonline.mx/imagenes/MONBLR110/MONBLR110_400.jpg
MONBLR250,"Monitor Gaming 27"" 165hz Ultra Explorer MXT27P Balam Rush  Freesync/G-Sync Adaptativo, Panel 27'' IPS, 16.7 millones de color, Resolución: 2560 x 1440 QHD, Frecuencia: 165 Hz, Respuesta: 1 ms, Puertos: 2 x HDMI 2.1 + 1x Display Port + 1x USB -A 15w + 1x  Audio 3.5, Montaje RGB VESA, Bocinas Integradas. Color Negro BR-940719","Monitor Gaming 27"" 165hz Ultra Explorer MXT27P Balam Rush  Freesync/G-Sync Adaptativo, Panel 27'' IPS, 16.7 millones de color, Resolución: 2560 x 1440 QHD, Frecuencia: 165 Hz, Respuesta: 1 ms, Puertos: 2 x HDMI 2.1 + 1x Display Port + 1x USB -A 15w + 1x  Audio 3.5, Montaje RGB VESA, Bocinas Integradas. Color Negro BR-940719. Clave Oficial CT: MONBLR250. Marca: CT.",COMPONENTES DE ENSAMBLE,monitores,CT,3274.07,63844.32,102150.91,102150.91,86189.83,86189.83,79805.4,76613.18,assets/img/catalog/monitores/MONBLR250.jpg,assets/img/catalog/monitores/MONBLR250.jpg,https://static.ctonline.mx/imagenes/MONBLR250/MONBLR250_400.jpg
MONBLR300,"Monitor Gaming 32"" 165hz Ultra Explorer MXT32P Balam Rush  Freesync/G-Sync Adaptativo, Panel 32'' IPS, 16.7 millones de color, Resolución: 2560 x 1440  QHD, Frecuencia: 165 Hz, Respuesta: 1 ms, Puertos: 2x HDMI 2.1 + 1x Display Port + 1x USB -A 15w + 1x  Audio 3.5, Montaje RGB VESA, Bocinas Integradas. Color Negro BR-942546","Monitor Gaming 32"" 165hz Ultra Explorer MXT32P Balam Rush  Freesync/G-Sync Adaptativo, Panel 32'' IPS, 16.7 millones de color, Resolución: 2560 x 1440  QHD, Frecuencia: 165 Hz, Respuesta: 1 ms, Puertos: 2x HDMI 2.1 + 1x Display Port + 1x USB -A 15w + 1x  Audio 3.5, Montaje RGB VESA, Bocinas Integradas. Color Negro BR-942546. Clave Oficial CT: MONBLR300. Marca: CT.",COMPONENTES DE ENSAMBLE,monitores,CT,4301.08,83870.97,134193.55,134193.55,113225.81,113225.81,104838.71,100645.16,assets/img/catalog/monitores/MONBLR300.jpg,assets/img/catalog/monitores/MONBLR300.jpg,https://static.ctonline.mx/imagenes/MONBLR300/MONBLR300_400.jpg
MONBLR290,"Monitor Curvo Gaming 34""  165hz ULTRA EXPLORER MXT34P  Balam Rush  Panel VA, 34'' Curvo,  Resolución: 3440 x 1440  UWQHD Frecuencia: 165 Hz, Respuesta: 1 ms, Bocinas  de 3w Incuidas, Puertos: 2 x HDMI 2.1 + 2 x Display Port 1.4, + 1 Audio 3.5, RGB, Altura Ajustable, Montaje VESA. Color Negro. BR-942539","Monitor Curvo Gaming 34""  165hz ULTRA EXPLORER MXT34P  Balam Rush  Panel VA, 34'' Curvo,  Resolución: 3440 x 1440  UWQHD Frecuencia: 165 Hz, Respuesta: 1 ms, Bocinas  de 3w Incuidas, Puertos: 2 x HDMI 2.1 + 2 x Display Port 1.4, + 1 Audio 3.5, RGB, Altura Ajustable, Montaje VESA. Color Negro. BR-942539. Clave Oficial CT: MONBLR290. Marca: CT.",COMPONENTES DE ENSAMBLE,monitores,CT,4623.66,90161.29,144258.06,144258.06,121717.74,121717.74,112701.61,108193.55,assets/img/catalog/monitores/MONBLR290.jpg,assets/img/catalog/monitores/MONBLR290.jpg,https://static.ctonline.mx/imagenes/MONBLR290/MONBLR290_400.jpg
MONBLR230,"Monitor Gaming 34"" Curvo 165hz Extreme Earth Pro, MGP34C Balam Rush  Freesync/G-Sync Adaptativo, Panel 34'' VA, HDR,  16.7 millones de color, Resolución: 3440x1440 UWQHD, Frecuencia: 165 Hz, Respuesta: 1 ms, Puertos: 2x HDMI 2.1 + 2x Display Port + 1x USB -A 15w + 1x  Audio 3.5, Montaje  VESA LED, Bocinas Integradas. Color Blanco BR-940696","Monitor Gaming 34"" Curvo 165hz Extreme Earth Pro, MGP34C Balam Rush  Freesync/G-Sync Adaptativo, Panel 34'' VA, HDR,  16.7 millones de color, Resolución: 3440x1440 UWQHD, Frecuencia: 165 Hz, Respuesta: 1 ms, Puertos: 2x HDMI 2.1 + 2x Display Port + 1x USB -A 15w + 1x  Audio 3.5, Montaje  VESA LED, Bocinas Integradas. Color Blanco BR-940696. Clave Oficial CT: MONBLR230. Marca: CT.",COMPONENTES DE ENSAMBLE,monitores,CT,4774.99,93112.29,148979.66,148979.66,125701.59,125701.59,116390.36,111734.75,assets/img/catalog/monitores/MONBLR230.jpg,assets/img/catalog/monitores/MONBLR230.jpg,https://static.ctonline.mx/imagenes/MONBLR230/MONBLR230_400.jpg
MONACT130,"Monitor Captive Lite CL185 Acteck Panel de 18.5"" TN, Resolución Máxima 1366 * 768, Frecuencia: 60hz, Angulo de Visión 89/89 V, Tiempo de Respuesta: 5-ms, Brillo 250cd, Salidas: VGA + HDMI, 5 Botones Menu. Color Negro.  AC-944519","Monitor Captive Lite CL185 Acteck Panel de 18.5"" TN, Resolución Máxima 1366 * 768, Frecuencia: 60hz, Angulo de Visión 89/89 V, Tiempo de Respuesta: 5-ms, Brillo 250cd, Salidas: VGA + HDMI, 5 Botones Menu. Color Negro.  AC-944519. Clave Oficial CT: MONACT130. Marca: CT.",COMPONENTES DE ENSAMBLE,monitores,CT,469.35,9152.42,14643.87,14643.87,12355.77,12355.77,11440.52,10982.9,assets/img/catalog/monitores/MONACT130.jpg,assets/img/catalog/monitores/MONACT130.jpg,https://static.ctonline.mx/imagenes/MONACT130/MONACT130_400.jpg
MONACT050,"Monitor Captive Brite SB195 Acteck Panel de 19.5"" TN, resolución max 1600 * 900p, Frecuencia: 60hz - 75Hz, ángulo de visión 85/85/80/80 V, tiempo de respuesta: 5-ms, Brillo 250cd, Salidas: VGA + HDMI, 5 botones menu, Kensington Lock. color negro.  AC-939409","Monitor Captive Brite SB195 Acteck Panel de 19.5"" TN, resolución max 1600 * 900p, Frecuencia: 60hz - 75Hz, ángulo de visión 85/85/80/80 V, tiempo de respuesta: 5-ms, Brillo 250cd, Salidas: VGA + HDMI, 5 botones menu, Kensington Lock. color negro.  AC-939409. Clave Oficial CT: MONACT050. Marca: CT.",COMPONENTES DE ENSAMBLE,monitores,CT,580.65,11322.58,18116.13,18116.13,15285.48,15285.48,14153.23,13587.1,assets/img/catalog/monitores/MONACT050.jpg,assets/img/catalog/monitores/MONACT050.jpg,https://static.ctonline.mx/imagenes/MONACT050/MONACT050_400.jpg
MONACT110,"Monitor Plano 21.5"" CAPTIVE LITE CL215, Monitor plano 21.5"", FULL HD 1920x1080 PX, 60 HZ, Tiempo de respuesta 5ms, Material Metal y Plástico. Tipo de panel VA, Dimensiones 50.7 x 38.8 x 42 cm, VESA 75x75. Kensington Lock si. Ajuste de inclinación Frontal 5° / Trasero 15°. Medida de empaque (L*W*H) 54.5 x 10.5 x 43.5 cm, Peso 3.2kg. AC-943253.","Monitor Plano 21.5"" CAPTIVE LITE CL215, Monitor plano 21.5"", FULL HD 1920x1080 PX, 60 HZ, Tiempo de respuesta 5ms, Material Metal y Plástico. Tipo de panel VA, Dimensiones 50.7 x 38.8 x 42 cm, VESA 75x75. Kensington Lock si. Ajuste de inclinación Frontal 5° / Trasero 15°. Medida de empaque (L*W*H) 54.5 x 10.5 x 43.5 cm, Peso 3.2kg. AC-943253.. Clave Oficial CT: MONACT110. Marca: CT.",COMPONENTES DE ENSAMBLE,monitores,CT,860.22,16774.19,26838.71,26838.71,22645.16,22645.16,20967.74,20129.03,assets/img/catalog/monitores/MONACT110.jpg,assets/img/catalog/monitores/MONACT110.jpg,https://static.ctonline.mx/imagenes/MONACT110/MONACT110_400.jpg
MONACT020,"Monitor Led Captive Vivid SP215  Acteck Panel de 21.5"" IPS, resolución max 1920 x 1080 (FHD), Frecuencia: 75hz, ángulo de visión 178°(H) x 178°(V), tiempo de respuesta: 5-8ms, Brillo 200 -250cd, Salidas: VGA + HDMI, color negro. AC-933858","Monitor Led Captive Vivid SP215  Acteck Panel de 21.5"" IPS, resolución max 1920 x 1080 (FHD), Frecuencia: 75hz, ángulo de visión 178°(H) x 178°(V), tiempo de respuesta: 5-8ms, Brillo 200 -250cd, Salidas: VGA + HDMI, color negro. AC-933858. Clave Oficial CT: MONACT020. Marca: CT.",COMPONENTES DE ENSAMBLE,monitores,CT,1043.01,20338.71,32541.94,32541.94,27457.26,27457.26,25423.39,24406.45,assets/img/catalog/monitores/MONACT020.jpg,assets/img/catalog/monitores/MONACT020.jpg,https://static.ctonline.mx/imagenes/MONACT020/MONACT020_400.jpg
MONACT100,"Monitor Plano 24.5"" CAPTIVE VIVD SP245, Monitor plano 24.5"", FULL HD 1920x1080 PX, 75 HZ, Tiempo de respuesta 5ms, Material Metal y Plástico. Tipo de panel IPS, Dimensiones 55.9 x 32.9 x 41.2 cm, VESA 75x75. Kensington Lock si. Ajuste de inclinación Frontal 5° / Trasero 15°. Medida de empaque (L*W*H) 61.3 * 10 * 38.8 cm, Peso 3.3kg. AC-943178","Monitor Plano 24.5"" CAPTIVE VIVD SP245, Monitor plano 24.5"", FULL HD 1920x1080 PX, 75 HZ, Tiempo de respuesta 5ms, Material Metal y Plástico. Tipo de panel IPS, Dimensiones 55.9 x 32.9 x 41.2 cm, VESA 75x75. Kensington Lock si. Ajuste de inclinación Frontal 5° / Trasero 15°. Medida de empaque (L*W*H) 61.3 * 10 * 38.8 cm, Peso 3.3kg. AC-943178. Clave Oficial CT: MONACT100. Marca: CT.",COMPONENTES DE ENSAMBLE,monitores,CT,1182.8,23064.52,36903.23,36903.23,31137.1,31137.1,28830.65,27677.42,assets/img/catalog/monitores/MONACT100.jpg,assets/img/catalog/monitores/MONACT100.jpg,https://static.ctonline.mx/imagenes/MONACT100/MONACT100_400.jpg
MONACT090,"Monitor Portaril plano 15.6"" ACTECK SLIMOARD SB15T. Monitor portatil 15.6"", FreeSync/G-Sync Adaptativo, FULL HD 1920.1080 px, 60Hz, Tiempo de respuesta 4ms, Material ABS y Metal, Dimensiones 36.1 x 22.7 x 1.5 cm, Peso 0.6kg, VESA 75x75 mm, Compatibilidad con Windows, MacOS, Android y consolas. Ideal para todo tipo de usuario moderno. Información de empaque: Medida de empaque (L*W*H) 39.8 * 4.7 * 25.8 cm, Peso 1.1kg. AC-943116","Monitor Portaril plano 15.6"" ACTECK SLIMOARD SB15T. Monitor portatil 15.6"", FreeSync/G-Sync Adaptativo, FULL HD 1920.1080 px, 60Hz, Tiempo de respuesta 4ms, Material ABS y Metal, Dimensiones 36.1 x 22.7 x 1.5 cm, Peso 0.6kg, VESA 75x75 mm, Compatibilidad con Windows, MacOS, Android y consolas. Ideal para todo tipo de usuario moderno. Información de empaque: Medida de empaque (L*W*H) 39.8 * 4.7 * 25.8 cm, Peso 1.1kg. AC-943116. Clave Oficial CT: MONACT090. Marca: CT.",COMPONENTES DE ENSAMBLE,monitores,CT,1182.8,23064.52,36903.23,36903.23,31137.1,31137.1,28830.65,27677.42,assets/img/catalog/monitores/MONACT090.jpg,assets/img/catalog/monitores/MONACT090.jpg,https://static.ctonline.mx/imagenes/MONACT090/MONACT090_400.jpg
MONACT010,"Monitor Led Captive Vivid SP240  Acteck Panel de 23.8"" IPS, resolución max 1920 x 1080 (FHD), Frecuencia: 75hz, ángulo de visión 178°(H) x 178°(V), tiempo de respuesta: 5-8ms, Brillo 200 -250cd, Salidas: VGA + HDMI, color negro. AC-933841","Monitor Led Captive Vivid SP240  Acteck Panel de 23.8"" IPS, resolución max 1920 x 1080 (FHD), Frecuencia: 75hz, ángulo de visión 178°(H) x 178°(V), tiempo de respuesta: 5-8ms, Brillo 200 -250cd, Salidas: VGA + HDMI, color negro. AC-933841. Clave Oficial CT: MONACT010. Marca: CT.",COMPONENTES DE ENSAMBLE,monitores,CT,1268.82,24741.94,39587.1,39587.1,33401.61,33401.61,30927.42,29690.32,assets/img/catalog/monitores/MONACT010.jpg,assets/img/catalog/monitores/MONACT010.jpg,https://static.ctonline.mx/imagenes/MONACT010/MONACT010_400.jpg
MONACT120,"Monitor CAPTIVE VIVID II SP270 Acteck Panel de 27"", Resolución max 1920 * 1080p, Frecuencia: 100Hz, 16.7M de Colores, Angulo de visión 178H 178V , Tiempo de Respuesta: 5-ms, Salidas: VGA + HDMI + Salida de Audio 3.5, Led,  Color Negro.  AC-943154","Monitor CAPTIVE VIVID II SP270 Acteck Panel de 27"", Resolución max 1920 * 1080p, Frecuencia: 100Hz, 16.7M de Colores, Angulo de visión 178H 178V , Tiempo de Respuesta: 5-ms, Salidas: VGA + HDMI + Salida de Audio 3.5, Led,  Color Negro.  AC-943154. Clave Oficial CT: MONACT120. Marca: CT.",COMPONENTES DE ENSAMBLE,monitores,CT,1408.6,27467.74,43948.39,43948.39,37081.45,37081.45,34334.68,32961.29,assets/img/catalog/monitores/MONACT120.jpg,assets/img/catalog/monitores/MONACT120.jpg,https://static.ctonline.mx/imagenes/MONACT120/MONACT120_400.jpg
MONACT040,"Monitor plano 27"" Captive Vivid SP270 Elite Series, Panel: TN, Resolución: 1920 x 1080, Frecuencia de actualización: 75hz, tiempo de respuesta: 5-8ms, Contraste: 1000:1, Brillo: 250 cd/m2, Interfaz: VGA + HDMI. Color Negro AC-935845","Monitor plano 27"" Captive Vivid SP270 Elite Series, Panel: TN, Resolución: 1920 x 1080, Frecuencia de actualización: 75hz, tiempo de respuesta: 5-8ms, Contraste: 1000:1, Brillo: 250 cd/m2, Interfaz: VGA + HDMI. Color Negro AC-935845. Clave Oficial CT: MONACT040. Marca: CT.",COMPONENTES DE ENSAMBLE,monitores,CT,1548.39,30193.55,48309.68,48309.68,40761.29,40761.29,37741.94,36232.26,assets/img/catalog/monitores/MONACT040.jpg,assets/img/catalog/monitores/MONACT040.jpg,https://static.ctonline.mx/imagenes/MONACT040/MONACT040_400.jpg
MONSTY450,"Monitor Hostech 19.5"" HT-600 HTPMOT1B Panel Plano LED HD 75Hz 5ms 1xVGA + 1xHDMI + Vesa 100x100mm Negro, tipo de instalación Escritorio / Montaje en pared, Angulo de visión H 90° / V 60°.","Monitor Hostech 19.5"" HT-600 HTPMOT1B Panel Plano LED HD 75Hz 5ms 1xVGA + 1xHDMI + Vesa 100x100mm Negro, tipo de instalación Escritorio / Montaje en pared, Angulo de visión H 90° / V 60°.. Clave Oficial CT: MONSTY450. Marca: CT.",COMPONENTES DE ENSAMBLE,monitores,CT,687.06,13397.58,21436.13,21436.13,18086.74,18086.74,16746.98,16077.1,assets/img/catalog/monitores/MONSTY450.jpg,assets/img/catalog/monitores/MONSTY450.jpg,https://static.ctonline.mx/imagenes/MONSTY450/MONSTY450_400.jpg
MONSTY020,"Monitor 18.5 STYLOS STPMOT1B. Display LED de 18.5 pulgadas para disfrutar tu multimedia. Resolución HD de 1366x768 px. Refresh rate de 60 Hz, configúralo con tu tarjeta de video. 5ms de respuesta en tu monitor. Compatible a cable VGA gracias a su entrada incluida. Conecta tu monitor a tu PC con un cable HDMI (incluido). Soporte base vesa.","Monitor 18.5 STYLOS STPMOT1B. Display LED de 18.5 pulgadas para disfrutar tu multimedia. Resolución HD de 1366x768 px. Refresh rate de 60 Hz, configúralo con tu tarjeta de video. 5ms de respuesta en tu monitor. Compatible a cable VGA gracias a su entrada incluida. Conecta tu monitor a tu PC con un cable HDMI (incluido). Soporte base vesa.. Clave Oficial CT: MONSTY020. Marca: CT.",COMPONENTES DE ENSAMBLE,monitores,CT,817.78,15946.67,25514.67,25514.67,21528.0,21528.0,19933.33,19136.0,assets/img/catalog/monitores/MONSTY020.jpg,assets/img/catalog/monitores/MONSTY020.jpg,https://static.ctonline.mx/imagenes/MONSTY020/MONSTY020_400.jpg
MONSTY150,"Monitor 19 STYLOS STPMOT3B. Display led de 19"". Resolución HD de 1440x900 px. Repuesta de 5 ms. Refresh rate de 60 Hz. Compatible con VGA. HDMI (incluido). Montaje VESA.","Monitor 19 STYLOS STPMOT3B. Display led de 19"". Resolución HD de 1440x900 px. Repuesta de 5 ms. Refresh rate de 60 Hz. Compatible con VGA. HDMI (incluido). Montaje VESA.. Clave Oficial CT: MONSTY150. Marca: CT.",COMPONENTES DE ENSAMBLE,monitores,CT,652.72,12728.08,20364.93,20364.93,17182.91,17182.91,15910.1,15273.7,assets/img/catalog/monitores/MONSTY150.jpg,assets/img/catalog/monitores/MONSTY150.jpg,https://static.ctonline.mx/imagenes/MONSTY150/MONSTY150_400.jpg
MONSTY390,"Monitor Stylos 23.8"" Stylos STPMOT7B Flat Panel LED HD 100Hz 5ms 1xVGA + 1xHDMI + Vesa 100x100mm Negro, Compatible con laptops, consolas, PC y más gracias a sus entradas HDMI y VGA, resolución 1920 x 1080 (Full HD).","Monitor Stylos 23.8"" Stylos STPMOT7B Flat Panel LED HD 100Hz 5ms 1xVGA + 1xHDMI + Vesa 100x100mm Negro, Compatible con laptops, consolas, PC y más gracias a sus entradas HDMI y VGA, resolución 1920 x 1080 (Full HD).. Clave Oficial CT: MONSTY390. Marca: CT.",COMPONENTES DE ENSAMBLE,monitores,CT,1086.69,21190.43,33904.69,33904.69,28607.09,28607.09,26488.04,25428.52,assets/img/catalog/monitores/MONSTY390.jpg,assets/img/catalog/monitores/MONSTY390.jpg,https://static.ctonline.mx/imagenes/MONSTY390/MONSTY390_400.jpg
MONSTY380,"Monitor Xzeal 21.5"" XST 580-1 Panel Plano VA HD 100Hz 5ms 1xVGA + 1xHDMI + 1xDC + Vesa 75x75mm Negro","Monitor Xzeal 21.5"" XST 580-1 Panel Plano VA HD 100Hz 5ms 1xVGA + 1xHDMI + 1xDC + Vesa 75x75mm Negro. Clave Oficial CT: MONSTY380. Marca: CT.",COMPONENTES DE ENSAMBLE,monitores,CT,1138.89,22208.33,35533.33,35533.33,29981.25,29981.25,27760.42,26650.0,assets/img/catalog/monitores/MONSTY380.jpg,assets/img/catalog/monitores/MONSTY380.jpg,https://static.ctonline.mx/imagenes/MONSTY380/MONSTY380_400.jpg
MONSTY250,"MONITOR 21.5 75 H XZEAL STARTER XSPMG06B. Monitor gamer pantalla de 23.8"" full HD. Respuesta de 1ms. Gráficos con resolución de 1920x1080. 165 Hz. Conexión HDMI y Displayport (incluido). Sincronización Freesync y Gsync. Salida de audio y conexión USB.","MONITOR 21.5 75 H XZEAL STARTER XSPMG06B. Monitor gamer pantalla de 23.8"" full HD. Respuesta de 1ms. Gráficos con resolución de 1920x1080. 165 Hz. Conexión HDMI y Displayport (incluido). Sincronización Freesync y Gsync. Salida de audio y conexión USB.. Clave Oficial CT: MONSTY250. Marca: CT.",COMPONENTES DE ENSAMBLE,monitores,CT,1132.51,22083.97,35334.35,35334.35,29813.36,29813.36,27604.96,26500.76,assets/img/catalog/monitores/MONSTY250.jpg,assets/img/catalog/monitores/MONSTY250.jpg,https://static.ctonline.mx/imagenes/MONSTY250/MONSTY250_400.jpg
MONSTY310,"Monitor Xzeal 23.8"" Xzeal XST 560-3 XSPMG08B Panel Plano VA FHD 100Hz 5ms 1xVGA + 1xHDMI + Vesa 100x100mm Negro","Monitor Xzeal 23.8"" Xzeal XST 560-3 XSPMG08B Panel Plano VA FHD 100Hz 5ms 1xVGA + 1xHDMI + Vesa 100x100mm Negro. Clave Oficial CT: MONSTY310. Marca: CT.",COMPONENTES DE ENSAMBLE,monitores,CT,1249.01,24355.72,38969.15,38969.15,32880.22,32880.22,30444.65,29226.86,assets/img/catalog/monitores/MONSTY310.jpg,assets/img/catalog/monitores/MONSTY310.jpg,https://static.ctonline.mx/imagenes/MONSTY310/MONSTY310_400.jpg
MONSTY340,"Monitor Xzeal 23.8"" Xzeal XSPMG07W  XST-570-1 Panel Curvo VA FHD 100Hz 5ms 1xVGA + 1xHDMI + Vesa 100x100mm Blanco","Monitor Xzeal 23.8"" Xzeal XSPMG07W  XST-570-1 Panel Curvo VA FHD 100Hz 5ms 1xVGA + 1xHDMI + Vesa 100x100mm Blanco. Clave Oficial CT: MONSTY340. Marca: CT.",COMPONENTES DE ENSAMBLE,monitores,CT,1327.22,25880.83,41409.33,41409.33,34939.12,34939.12,32351.04,31057.0,assets/img/catalog/monitores/MONSTY340.jpg,assets/img/catalog/monitores/MONSTY340.jpg,https://static.ctonline.mx/imagenes/MONSTY340/MONSTY340_400.jpg
MONSTY350,"Monitor Xzeal 23.8"" Xzeal XSPMG07B XST-570-1 Panel Curvo VA FHD 100Hz 5ms 1xVGA + 1xHDMI + Vesa 100x100mm Negro","Monitor Xzeal 23.8"" Xzeal XSPMG07B XST-570-1 Panel Curvo VA FHD 100Hz 5ms 1xVGA + 1xHDMI + Vesa 100x100mm Negro. Clave Oficial CT: MONSTY350. Marca: CT.",COMPONENTES DE ENSAMBLE,monitores,CT,1327.22,25880.83,41409.33,41409.33,34939.12,34939.12,32351.04,31057.0,assets/img/catalog/monitores/MONSTY350.jpg,assets/img/catalog/monitores/MONSTY350.jpg,https://static.ctonline.mx/imagenes/MONSTY350/MONSTY350_400.jpg
MONSTY400,"Monitor Stylos 27"" Stylos STPMOT8B Flat Panel LED HD 75Hz 5ms 1xVGA + 1xHDMI + Vesa 100x100mm Black, resolución 1920 x 1080 (Full HD), Conecta sin límites. Compatible con laptops, consolas, 
PC y más gracias a sus entradas HDMI y VGA.","Monitor Stylos 27"" Stylos STPMOT8B Flat Panel LED HD 75Hz 5ms 1xVGA + 1xHDMI + Vesa 100x100mm Black, resolución 1920 x 1080 (Full HD), Conecta sin límites. Compatible con laptops, consolas, 
PC y más gracias a sus entradas HDMI y VGA.. Clave Oficial CT: MONSTY400. Marca: CT.",COMPONENTES DE ENSAMBLE,monitores,CT,1430.22,27889.33,44622.93,44622.93,37650.6,37650.6,34861.67,33467.2,assets/img/catalog/monitores/MONSTY400.jpg,assets/img/catalog/monitores/MONSTY400.jpg,https://static.ctonline.mx/imagenes/MONSTY400/MONSTY400_400.jpg
MONSTY410,"Monitor Xzeal 27"" Xzeal XSMO278B 1 Panel Plano VA FHD 100Hz 5ms 1xVGA + 1xHDMI + Vesa 100x100mm Negro, resolución 1920 x 1080 (Full HD)","Monitor Xzeal 27"" Xzeal XSMO278B 1 Panel Plano VA FHD 100Hz 5ms 1xVGA + 1xHDMI + Vesa 100x100mm Negro, resolución 1920 x 1080 (Full HD). Clave Oficial CT: MONSTY410. Marca: CT.",COMPONENTES DE ENSAMBLE,monitores,CT,1487.5,29006.25,46410.0,46410.0,39158.44,39158.44,36257.81,34807.5,assets/img/catalog/monitores/MONSTY410.jpg,assets/img/catalog/monitores/MONSTY410.jpg,https://static.ctonline.mx/imagenes/MONSTY410/MONSTY410_400.jpg
MONSTY440,"Monitor Xzeal 27"" Xzeal XST-600 XSMO279B Panel Curvo VA FHD 100Hz 5ms 1xVGA + 1xHDMI + Vesa 100x100mm Negro.","Monitor Xzeal 27"" Xzeal XST-600 XSMO279B Panel Curvo VA FHD 100Hz 5ms 1xVGA + 1xHDMI + Vesa 100x100mm Negro.. Clave Oficial CT: MONSTY440. Marca: CT.",COMPONENTES DE ENSAMBLE,monitores,CT,1601.99,31238.78,49982.05,49982.05,42172.36,42172.36,39048.48,37486.54,assets/img/catalog/monitores/MONSTY440.jpg,assets/img/catalog/monitores/MONSTY440.jpg,https://static.ctonline.mx/imagenes/MONSTY440/MONSTY440_400.jpg
MONSTY210,"Monitor 23.8 165HZ XZEAL VI XZMX351B. Monitor gamer pantalla de 23.8"" full HD. Respuesta de 1ms. Gráficos con resolución de 1920x1080. 165 Hz. Conexión HDMI y Displayport (incluido). Sincronización Freesync y Gsync. Salida de audio y conexión USB.","Monitor 23.8 165HZ XZEAL VI XZMX351B. Monitor gamer pantalla de 23.8"" full HD. Respuesta de 1ms. Gráficos con resolución de 1920x1080. 165 Hz. Conexión HDMI y Displayport (incluido). Sincronización Freesync y Gsync. Salida de audio y conexión USB.. Clave Oficial CT: MONSTY210. Marca: CT.",COMPONENTES DE ENSAMBLE,monitores,CT,1740.54,33940.62,54304.99,54304.99,45819.83,45819.83,42425.77,40728.74,assets/img/catalog/monitores/MONSTY210.jpg,assets/img/catalog/monitores/MONSTY210.jpg,https://static.ctonline.mx/imagenes/MONSTY210/MONSTY210_400.jpg
MONSTY320,"Monitor Xzeal 23.8"" Xzeal XZ3010-3 XZMXZ32B Panel Plano VA FHD 180Hz 1ms 1xDP + 1xHDMI + 1x3.5mm + Vesa 100x100mm Negro","Monitor Xzeal 23.8"" Xzeal XZ3010-3 XZMXZ32B Panel Plano VA FHD 180Hz 1ms 1xDP + 1xHDMI + 1x3.5mm + Vesa 100x100mm Negro. Clave Oficial CT: MONSTY320. Marca: CT.",COMPONENTES DE ENSAMBLE,monitores,CT,1783.17,34771.75,55634.8,55634.8,46941.86,46941.86,43464.69,41726.1,assets/img/catalog/monitores/MONSTY320.jpg,assets/img/catalog/monitores/MONSTY320.jpg,https://static.ctonline.mx/imagenes/MONSTY320/MONSTY320_400.jpg
MONSTY360,"Monitor Xzeal 27"" Xzeal XZ4010-2 Panel Curvo VA FHD 180Hz 1ms 1xDP + 1xHDMI + Vesa 100x100mm Negro XZMXZ47B","Monitor Xzeal 27"" Xzeal XZ4010-2 Panel Curvo VA FHD 180Hz 1ms 1xDP + 1xHDMI + Vesa 100x100mm Negro XZMXZ47B. Clave Oficial CT: MONSTY360. Marca: CT.",COMPONENTES DE ENSAMBLE,monitores,CT,2094.44,40841.67,65346.67,65346.67,55136.25,55136.25,51052.08,49010.0,assets/img/catalog/monitores/MONSTY360.jpg,assets/img/catalog/monitores/MONSTY360.jpg,https://static.ctonline.mx/imagenes/MONSTY360/MONSTY360_400.jpg
MONSTY370,"Monitor Xzeal 27"" Xzeal XZ4015-2 Panel Plano VA FHD 180Hz 1ms 1xDP + 1xHDMI + Vesa 100x100mm Negro XZMXZ48B","Monitor Xzeal 27"" Xzeal XZ4015-2 Panel Plano VA FHD 180Hz 1ms 1xDP + 1xHDMI + Vesa 100x100mm Negro XZMXZ48B. Clave Oficial CT: MONSTY370. Marca: CT.",COMPONENTES DE ENSAMBLE,monitores,CT,2129.5,41525.25,66440.4,66440.4,56059.09,56059.09,51906.56,49830.3,assets/img/catalog/monitores/MONSTY370.jpg,assets/img/catalog/monitores/MONSTY370.jpg,https://static.ctonline.mx/imagenes/MONSTY370/MONSTY370_400.jpg
MONSTY280,"Monitor Gaming Xzeal XST-590, display 27"", utilizado en LLA. XSMO277B; display 27""; respuesta rápida de 5Ms; gráficos resolución HD de 1920*1080px; conexión VGA/HDMI (incluido); refresh rate de 75Hz; montaje VESA; sincronización FreeSync","Monitor Gaming Xzeal XST-590, display 27"", utilizado en LLA. XSMO277B; display 27""; respuesta rápida de 5Ms; gráficos resolución HD de 1920*1080px; conexión VGA/HDMI (incluido); refresh rate de 75Hz; montaje VESA; sincronización FreeSync. Clave Oficial CT: MONSTY280. Marca: CT.",COMPONENTES DE ENSAMBLE,monitores,CT,2130.74,41549.52,66479.23,66479.23,56091.85,56091.85,51936.9,49859.42,assets/img/catalog/monitores/MONSTY280.jpg,assets/img/catalog/monitores/MONSTY280.jpg,https://static.ctonline.mx/imagenes/MONSTY280/MONSTY280_400.jpg
MONSTY290,"Monitor Gamer XZ3016 23.8"" LLA XZEAL XZMXZ36B. Monitor Gamer Xzeal XZ3016 LLA, de 23.8"" Full HD; Conexión Display port o HDMI (incluido); Resolución 144Hz, compatible a 120 Hz en consolas; Sincronización Freesync; Panel IPS; Respuesta de 1MS","Monitor Gamer XZ3016 23.8"" LLA XZEAL XZMXZ36B. Monitor Gamer Xzeal XZ3016 LLA, de 23.8"" Full HD; Conexión Display port o HDMI (incluido); Resolución 144Hz, compatible a 120 Hz en consolas; Sincronización Freesync; Panel IPS; Respuesta de 1MS. Clave Oficial CT: MONSTY290. Marca: CT.",COMPONENTES DE ENSAMBLE,monitores,CT,2931.6,57166.2,91465.92,91465.92,77174.37,77174.37,71457.75,68599.44,assets/img/catalog/monitores/MONSTY290.jpg,assets/img/catalog/monitores/MONSTY290.jpg,https://static.ctonline.mx/imagenes/MONSTY290/MONSTY290_400.jpg
MONSTY330,"Monitor Xzeal 34"" Xzeal XZ6010-1 Panel Curvo VA WQHD 165Hz 4ms 1xDP + 1xHDMI + Vesa 100x100mm Negro","Monitor Xzeal 34"" Xzeal XZ6010-1 Panel Curvo VA WQHD 165Hz 4ms 1xDP + 1xHDMI + Vesa 100x100mm Negro. Clave Oficial CT: MONSTY330. Marca: CT.",COMPONENTES DE ENSAMBLE,monitores,CT,4464.72,87062.08,139299.33,139299.33,117533.81,117533.81,108827.6,104474.5,assets/img/catalog/monitores/MONSTY330.jpg,assets/img/catalog/monitores/MONSTY330.jpg,https://static.ctonline.mx/imagenes/MONSTY330/MONSTY330_400.jpg
MONSTY420,"Monitor Xzeal 49"" Xzeal XZMO491B Panel Curvo VA 5K 120Hz 4ms 2xDP + 2xHDMI Negro, resolución 5120 x 1440","Monitor Xzeal 49"" Xzeal XZMO491B Panel Curvo VA 5K 120Hz 4ms 2xDP + 2xHDMI Negro, resolución 5120 x 1440. Clave Oficial CT: MONSTY420. Marca: CT.",COMPONENTES DE ENSAMBLE,monitores,CT,9160.0,178620.0,285792.0,285792.0,241137.0,241137.0,223275.0,214344.0,assets/img/catalog/monitores/MONSTY420.jpg,assets/img/catalog/monitores/MONSTY420.jpg,https://static.ctonline.mx/imagenes/MONSTY420/MONSTY420_400.jpg
MONYEY220,"Monitor gamer 23.8''  Yeyian Modelo: YMF-FP24-M1, Juega al máximo nivel con una frecuencia de actualización de 240 Hz y respuesta instantánea de 1 ms MPRT. Precisión total para shooters, MOBAs o simuladores, Puertos HDMI 2.0 y DisplayPort 1.4 para compatibilidad con PC, consolas y portátiles. Plug & Play con consumo eficiente (20 W típico), Disfruta colores vivos, gran contraste y ángulos amplios (178°/178°) sin pérdida de detalle. Ideal para gaming y creación de contenido, Base ajustable con inclinación adaptable y montaje VESA 75×75 mm para crear el ángulo perfecto de visualización, Compatible con FreeSync y HDR para una experiencia sin tearing, además de Flicker-Free y filtro de luz azul. Garantia 1 año.","Monitor gamer 23.8''  Yeyian Modelo: YMF-FP24-M1, Juega al máximo nivel con una frecuencia de actualización de 240 Hz y respuesta instantánea de 1 ms MPRT. Precisión total para shooters, MOBAs o simuladores, Puertos HDMI 2.0 y DisplayPort 1.4 para compatibilidad con PC, consolas y portátiles. Plug & Play con consumo eficiente (20 W típico), Disfruta colores vivos, gran contraste y ángulos amplios (178°/178°) sin pérdida de detalle. Ideal para gaming y creación de contenido, Base ajustable con inclinación adaptable y montaje VESA 75×75 mm para crear el ángulo perfecto de visualización, Compatible con FreeSync y HDR para una experiencia sin tearing, además de Flicker-Free y filtro de luz azul. Garantia 1 año.. Clave Oficial CT: MONYEY220. Marca: CT.",COMPONENTES DE ENSAMBLE,monitores,CT,91.4,1782.26,2851.61,2851.61,2406.05,2406.05,2227.82,2138.71,assets/img/catalog/monitores/MONYEY220.jpg,assets/img/catalog/monitores/MONYEY220.jpg,https://static.ctonline.mx/imagenes/MONYEY220/MONYEY220_400.jpg
MONYEY190,"Monitor Gamer YEYIAN Avance Serie 25'' modelo YMF-VAF25-G1, Disfruta de un juego suave y receptivo con una frecuencia de actualización súper rápida de 240Hz, Experimenta imágenes realistas con colores vibrantes y precisos gracias a su amplia gama de colores sRGB del 92%, El tiempo de respuesta rápido de 1ms minimiza el desenfoque de movimiento y las imágenes fantasma para una visualización nítida y clara. Color: Negro. Garantía: 1 año.","Monitor Gamer YEYIAN Avance Serie 25'' modelo YMF-VAF25-G1, Disfruta de un juego suave y receptivo con una frecuencia de actualización súper rápida de 240Hz, Experimenta imágenes realistas con colores vibrantes y precisos gracias a su amplia gama de colores sRGB del 92%, El tiempo de respuesta rápido de 1ms minimiza el desenfoque de movimiento y las imágenes fantasma para una visualización nítida y clara. Color: Negro. Garantía: 1 año.. Clave Oficial CT: MONYEY190. Marca: CT.",COMPONENTES DE ENSAMBLE,monitores,CT,130.12,2537.31,4059.69,4059.69,3425.36,3425.36,3171.63,3044.77,assets/img/catalog/monitores/MONYEY190.jpg,assets/img/catalog/monitores/MONYEY190.jpg,https://static.ctonline.mx/imagenes/MONYEY190/MONYEY190_400.jpg
MONYEY230,"Monitor Gamer YEYIAN Elysium 27'' modelo YMF-IPF27-M1, Resolución Nativa 1920 x1080, Tipo de Retroiluminación LED, CONECTORES DE VIDEO 2Xhdmi 1.4 /DP1.2 Color: Negro. Garantía: 1 año.","Monitor Gamer YEYIAN Elysium 27'' modelo YMF-IPF27-M1, Resolución Nativa 1920 x1080, Tipo de Retroiluminación LED, CONECTORES DE VIDEO 2Xhdmi 1.4 /DP1.2 Color: Negro. Garantía: 1 año.. Clave Oficial CT: MONYEY230. Marca: CT.",COMPONENTES DE ENSAMBLE,monitores,CT,138.06,2692.26,4307.61,4307.61,3634.55,3634.55,3365.32,3230.71,assets/img/catalog/monitores/MONYEY230.jpg,assets/img/catalog/monitores/MONYEY230.jpg,https://static.ctonline.mx/imagenes/MONYEY230/MONYEY230_400.jpg
MONYEY170,"Monitor Gaming Yeyian 27"", Modelo YMF-IPF27-G1, Frecuencia de actualización de 180Hz y tiempo de respuesta de 1ms para una experiencia de juego fluida y receptiva. 85% NTSC y 97% sRGB para obtener colores vibrantes, perfectos para juegos y creación de contenido.  Bisel ultra delgado con iluminación personalizable de Yeyian para un setup limpio e inmersivo. Compatibilidad con FreeSync y G-Sync para un rendimiento sin tearing, ni lag. Ajusta tu experiencia fácilmente con una interfaz OSD amigable, diseñada para cambios rápidos.","Monitor Gaming Yeyian 27"", Modelo YMF-IPF27-G1, Frecuencia de actualización de 180Hz y tiempo de respuesta de 1ms para una experiencia de juego fluida y receptiva. 85% NTSC y 97% sRGB para obtener colores vibrantes, perfectos para juegos y creación de contenido.  Bisel ultra delgado con iluminación personalizable de Yeyian para un setup limpio e inmersivo. Compatibilidad con FreeSync y G-Sync para un rendimiento sin tearing, ni lag. Ajusta tu experiencia fácilmente con una interfaz OSD amigable, diseñada para cambios rápidos.. Clave Oficial CT: MONYEY170. Marca: CT.",COMPONENTES DE ENSAMBLE,monitores,CT,138.3,2696.76,4314.82,4314.82,3640.63,3640.63,3370.96,3236.12,assets/img/catalog/monitores/MONYEY170.jpg,assets/img/catalog/monitores/MONYEY170.jpg,https://static.ctonline.mx/imagenes/MONYEY170/MONYEY170_400.jpg
MONYEY120,"Monitor Gamer YEYIAN Odraz 27"" 4K 60hz - Modelo YMG-4K27-01, Un monitor de juegos de pantalla ancha IPS de 27 pulgadas con resolución 4K UHD (3840 x 2160) en una pantalla ultra clara de 1060 millones de colores con HDR completo.","Monitor Gamer YEYIAN Odraz 27"" 4K 60hz - Modelo YMG-4K27-01, Un monitor de juegos de pantalla ancha IPS de 27 pulgadas con resolución 4K UHD (3840 x 2160) en una pantalla ultra clara de 1060 millones de colores con HDR completo.. Clave Oficial CT: MONYEY120. Marca: CT.",COMPONENTES DE ENSAMBLE,monitores,CT,217.47,4240.73,6785.16,6785.16,5724.98,5724.98,5300.91,5088.87,assets/img/catalog/monitores/MONYEY120.jpg,assets/img/catalog/monitores/MONYEY120.jpg,https://static.ctonline.mx/imagenes/MONYEY120/MONYEY120_400.jpg
MONYEY200,"Monitor Gamer Curvo Yeyian Proact FV234 34"" WQHD 180Hz - Modelo: YMC-FV234-M1 Curvatura 1500R envuelve tu visión, ofreciendo una experiencia de juego envolvente y cautivadora.","Monitor Gamer Curvo Yeyian Proact FV234 34"" WQHD 180Hz - Modelo: YMC-FV234-M1 Curvatura 1500R envuelve tu visión, ofreciendo una experiencia de juego envolvente y cautivadora.. Clave Oficial CT: MONYEY200. Marca: CT.",COMPONENTES DE ENSAMBLE,monitores,CT,239.78,4675.81,7481.29,7481.29,6312.34,6312.34,5844.76,5610.97,assets/img/catalog/monitores/MONYEY200.jpg,assets/img/catalog/monitores/MONYEY200.jpg,https://static.ctonline.mx/imagenes/MONYEY200/MONYEY200_400.jpg
MONYEY130,"Monitor Gaming 4K Plano  Yeyian Odraz 32”- SKU: YMG-4K32-01, monitor de juegos de pantalla ancha IPS de 32 pulgadas con resolución 4K UHD (3840x2160) con pantalla de 10 bits de 1.06 mil millones de colores con Full HDR, Frecuencia de actualización de hasta 60 Hz con soporte ajustable y tecnología FreeSync - experimente una jugabilidad fluida con baja latencia con AMD FreeSync, Con 1x DisplayPort, 2x HDMI, 1x USB y una salida de audio de 3,5 mm.","Monitor Gaming 4K Plano  Yeyian Odraz 32”- SKU: YMG-4K32-01, monitor de juegos de pantalla ancha IPS de 32 pulgadas con resolución 4K UHD (3840x2160) con pantalla de 10 bits de 1.06 mil millones de colores con Full HDR, Frecuencia de actualización de hasta 60 Hz con soporte ajustable y tecnología FreeSync - experimente una jugabilidad fluida con baja latencia con AMD FreeSync, Con 1x DisplayPort, 2x HDMI, 1x USB y una salida de audio de 3,5 mm.. Clave Oficial CT: MONYEY130. Marca: CT.",COMPONENTES DE ENSAMBLE,monitores,CT,273.12,5325.81,8521.29,8521.29,7189.84,7189.84,6657.26,6390.97,assets/img/catalog/monitores/MONYEY130.jpg,assets/img/catalog/monitores/MONYEY130.jpg,https://static.ctonline.mx/imagenes/MONYEY130/MONYEY130_400.jpg
MONYEY110,"Yeyian Gaming Curved Monitor 31.5"" Multistand Sigurd 3501 - SKU: YMG-2K32-01, pantalla ancha curvo de 31,5 pulgadas con Full QHD (2560 x 1440) con una increíble frecuencia de actualización de 165 Hz, La tecnología True Low Motion Blur permite un tiempo de respuesta de gris a gris de 1 ms interconectado con Adaptive- parpadeo y baja latencia con AMD FreeSync, Colores vibrantes y precisos en todos los ángulos con una gama sRGB del 96% y 16,7 millones de colores, Equipado con 1x DisplayPort (1.2), 2 x HDMI, 1 x USB y una salida de audio de 3,5 mm. Equipado con parlantes estéreo 2W * 2, RGB Lightning, Inclinación -5 ° - 15 °.","Yeyian Gaming Curved Monitor 31.5"" Multistand Sigurd 3501 - SKU: YMG-2K32-01, pantalla ancha curvo de 31,5 pulgadas con Full QHD (2560 x 1440) con una increíble frecuencia de actualización de 165 Hz, La tecnología True Low Motion Blur permite un tiempo de respuesta de gris a gris de 1 ms interconectado con Adaptive- parpadeo y baja latencia con AMD FreeSync, Colores vibrantes y precisos en todos los ángulos con una gama sRGB del 96% y 16,7 millones de colores, Equipado con 1x DisplayPort (1.2), 2 x HDMI, 1 x USB y una salida de audio de 3,5 mm. Equipado con parlantes estéreo 2W * 2, RGB Lightning, Inclinación -5 ° - 15 °.. Clave Oficial CT: MONYEY110. Marca: CT.",COMPONENTES DE ENSAMBLE,monitores,CT,260.44,5078.6,8125.75,8125.75,6856.11,6856.11,6348.25,6094.32,assets/img/catalog/monitores/MONYEY110.jpg,assets/img/catalog/monitores/MONYEY110.jpg,https://static.ctonline.mx/imagenes/MONYEY110/MONYEY110_400.jpg
MONYEY210,"Monitor Curvo de 34''Yeyian Modelo: YMC-IP434-P2 resolución UWQHD (3440 x 1440), formato 21:9 para una inmersión total y multitarea sin límites, Conectividad 2× HDMI 2.1 + 2× DisplayPort 1.4 + salida de audio para PC, consolas y portátiles, diseño ergonómico y personalizado, base regulable trasera RGB ajustable, compativilidad VESA 100 x 100mm. Garantia 1 año.","Monitor Curvo de 34''Yeyian Modelo: YMC-IP434-P2 resolución UWQHD (3440 x 1440), formato 21:9 para una inmersión total y multitarea sin límites, Conectividad 2× HDMI 2.1 + 2× DisplayPort 1.4 + salida de audio para PC, consolas y portátiles, diseño ergonómico y personalizado, base regulable trasera RGB ajustable, compativilidad VESA 100 x 100mm. Garantia 1 año.. Clave Oficial CT: MONYEY210. Marca: CT.",COMPONENTES DE ENSAMBLE,monitores,CT,302.82,5904.94,9447.9,9447.9,7971.66,7971.66,7381.17,7085.92,assets/img/catalog/monitores/MONYEY210.jpg,assets/img/catalog/monitores/MONYEY210.jpg,https://static.ctonline.mx/imagenes/MONYEY210/MONYEY210_400.jpg
MONQIA250,"Monitor OfficeMate 19'' LED 75 Hz 5 ms QIAN modelo QMF-REF19-01, Con resolución de 1440 x 900 px y relación de aspecto 16:10, este monitor ofrece imágenes nítidas y una superficie más amplia para multitarea, La combinación de 75 Hz de frecuencia de actualización y 5 ms de tiempo de respuesta reduce desenfoques y retrasos, Gracias a su panel TN con retroiluminación LED, brinda 16.7 millones de colores, cobertura del 99% sRGB y contraste 1000:1, lo que asegura imágenes vibrantes y tonos profundos, Con un peso de solo 1.9 kg y compatibilidad con montaje VESA 75x75 mm, se adapta fácilmente a escritorios pequeños o soportes de pared, Incluye entradas HDMI y VGA, lo que lo hace compatible tanto con equipos modernos como con dispositivos más antiguos. Color: Negro. Garantía: 1 año.","Monitor OfficeMate 19'' LED 75 Hz 5 ms QIAN modelo QMF-REF19-01, Con resolución de 1440 x 900 px y relación de aspecto 16:10, este monitor ofrece imágenes nítidas y una superficie más amplia para multitarea, La combinación de 75 Hz de frecuencia de actualización y 5 ms de tiempo de respuesta reduce desenfoques y retrasos, Gracias a su panel TN con retroiluminación LED, brinda 16.7 millones de colores, cobertura del 99% sRGB y contraste 1000:1, lo que asegura imágenes vibrantes y tonos profundos, Con un peso de solo 1.9 kg y compatibilidad con montaje VESA 75x75 mm, se adapta fácilmente a escritorios pequeños o soportes de pared, Incluye entradas HDMI y VGA, lo que lo hace compatible tanto con equipos modernos como con dispositivos más antiguos. Color: Negro. Garantía: 1 año.. Clave Oficial CT: MONQIA250. Marca: CT.",COMPONENTES DE ENSAMBLE,monitores,CT,40.47,789.11,1262.58,1262.58,1065.3,1065.3,986.39,946.94,assets/img/catalog/monitores/MONQIA250.jpg,assets/img/catalog/monitores/MONQIA250.jpg,https://static.ctonline.mx/imagenes/MONQIA250/MONQIA250_400.jpg
MONQIA230,"Monitor ProLite 22'' QIAN Modelo: QMF-VAF22-02, ofrece una frecuencia de actualización de 100 Hz, lo que garantiza imágenes más suaves y sin desenfoques, ideal para juegos, diseño y contenido multimedia. Esta tasa reduce el “motion blur” y mejora significativamente la experiencia visual, Su panel VA de 22 pulgadas brinda una reproducción de color mas profundo, con un contraste estático de 4000:1, ofreciendo negros más intensos y colores más definidos, perfectos para trabajos gráficos o entretenimiento, Dispone de entradas HDMI 1.3 y VGA, lo que facilita la conexión con distintos dispositivos: PC, laptops, consolas o reproductores multimedia, Con un cuerpo antirreflejo, montaje VESA 75×75 mm, peso de solo 2.12 kg y un consumo menor a 0.5 W en modo de espera. Color: Negro. Garantía 1 año.","Monitor ProLite 22'' QIAN Modelo: QMF-VAF22-02, ofrece una frecuencia de actualización de 100 Hz, lo que garantiza imágenes más suaves y sin desenfoques, ideal para juegos, diseño y contenido multimedia. Esta tasa reduce el “motion blur” y mejora significativamente la experiencia visual, Su panel VA de 22 pulgadas brinda una reproducción de color mas profundo, con un contraste estático de 4000:1, ofreciendo negros más intensos y colores más definidos, perfectos para trabajos gráficos o entretenimiento, Dispone de entradas HDMI 1.3 y VGA, lo que facilita la conexión con distintos dispositivos: PC, laptops, consolas o reproductores multimedia, Con un cuerpo antirreflejo, montaje VESA 75×75 mm, peso de solo 2.12 kg y un consumo menor a 0.5 W en modo de espera. Color: Negro. Garantía 1 año.. Clave Oficial CT: MONQIA230. Marca: CT.",COMPONENTES DE ENSAMBLE,monitores,CT,52.07,1015.27,1624.43,1624.43,1370.62,1370.62,1269.09,1218.33,assets/img/catalog/monitores/MONQIA230.jpg,assets/img/catalog/monitores/MONQIA230.jpg,https://static.ctonline.mx/imagenes/MONQIA230/MONQIA230_400.jpg
MONQIA240,"Monitor FlexiView QIAN Modelo: QMF-VAF24-01,  ofrece una frecuencia de actualización de 100 Hz, brindando mayor fluidez visual y menor fatiga ocular en tareas prolongadas o entornos de trabajo con alto dinamismo, como diseño, análisis de datos o monitoreo, Su panel VA de alto contraste (4000 : 1) proporciona negros profundos y colores vibrantes, ideales para profesionales que requieren precisión visual en contenido multimedia, diseño gráfico o entornos de vigilancia, Con 99 % sRGB, 80 % DCI-P3 y 69 % Adobe RGB, el monitor garantiza reproducción cromática precisa y fiel a la realidad, Equipado con entradas HDMI 1.3 y VGA, el QMF-VAF24-01 ofrece amplia compatibilidad con laptops, PCs, consolas y sistemas de visualización corporativos, Además, su diseño antirreflejo, ligero (2.9 kg) y con soporte VESA 75 × 75 mm permite una instalación ergonómica y ordenada, Color: Negro. Garantia 1 año.","Monitor FlexiView QIAN Modelo: QMF-VAF24-01,  ofrece una frecuencia de actualización de 100 Hz, brindando mayor fluidez visual y menor fatiga ocular en tareas prolongadas o entornos de trabajo con alto dinamismo, como diseño, análisis de datos o monitoreo, Su panel VA de alto contraste (4000 : 1) proporciona negros profundos y colores vibrantes, ideales para profesionales que requieren precisión visual en contenido multimedia, diseño gráfico o entornos de vigilancia, Con 99 % sRGB, 80 % DCI-P3 y 69 % Adobe RGB, el monitor garantiza reproducción cromática precisa y fiel a la realidad, Equipado con entradas HDMI 1.3 y VGA, el QMF-VAF24-01 ofrece amplia compatibilidad con laptops, PCs, consolas y sistemas de visualización corporativos, Además, su diseño antirreflejo, ligero (2.9 kg) y con soporte VESA 75 × 75 mm permite una instalación ergonómica y ordenada, Color: Negro. Garantia 1 año.. Clave Oficial CT: MONQIA240. Marca: CT.",COMPONENTES DE ENSAMBLE,monitores,CT,60.14,1172.76,1876.41,1876.41,1583.22,1583.22,1465.94,1407.31,assets/img/catalog/monitores/MONQIA240.jpg,assets/img/catalog/monitores/MONQIA240.jpg,https://static.ctonline.mx/imagenes/MONQIA240/MONQIA240_400.jpg
MONQIA200,"Monitor Qian 19.5"" LED HD QM191704, Resolución máxima 1600x900, Tamaño de la pantalla 19.5"", Puertos de entrada VGA, HDMI, Tipo de iluminación LED, Corriente 2.5A, Corriente adaptador 1.1A , Forma de pantalla plana, Brillo 250 cd/m2 , Visibilidad diagonal 160°, Angulo de visualización horizontal 160°, Angulo de visualización vertical 150°, Dimensiones 12.7cm, 35 cm","Monitor Qian 19.5"" LED HD QM191704, Resolución máxima 1600x900, Tamaño de la pantalla 19.5"", Puertos de entrada VGA, HDMI, Tipo de iluminación LED, Corriente 2.5A, Corriente adaptador 1.1A , Forma de pantalla plana, Brillo 250 cd/m2 , Visibilidad diagonal 160°, Angulo de visualización horizontal 160°, Angulo de visualización vertical 150°, Dimensiones 12.7cm, 35 cm. Clave Oficial CT: MONQIA200. Marca: CT.",COMPONENTES DE ENSAMBLE,monitores,CT,54.89,1070.38,1712.61,1712.61,1445.01,1445.01,1337.98,1284.46,assets/img/catalog/monitores/MONQIA200.jpg,assets/img/catalog/monitores/MONQIA200.jpg,https://static.ctonline.mx/imagenes/MONQIA200/MONQIA200_400.jpg
MONQIA180,"Monitor Qian Led Frameless 21.5"" QM2151F, Resolución:1920*1080, Conexiones VGA+HDMI+DC, Colores 16.7M Resolución 1920*1080, Relación de contraste (normal) 3000:1, Tamaño de Pantalla 21.45 Pulgadas (54.48cm), Contenido de la Caja Cable de energía, Energía 12V---2.5A, Adaptador de corriente, Cable HDMI, Manual de Usuario y Garantia, Brillo máximo 220cd/m2, Dimensiones 493.6*163*361.8mm.","Monitor Qian Led Frameless 21.5"" QM2151F, Resolución:1920*1080, Conexiones VGA+HDMI+DC, Colores 16.7M Resolución 1920*1080, Relación de contraste (normal) 3000:1, Tamaño de Pantalla 21.45 Pulgadas (54.48cm), Contenido de la Caja Cable de energía, Energía 12V---2.5A, Adaptador de corriente, Cable HDMI, Manual de Usuario y Garantia, Brillo máximo 220cd/m2, Dimensiones 493.6*163*361.8mm.. Clave Oficial CT: MONQIA180. Marca: CT.",COMPONENTES DE ENSAMBLE,monitores,CT,62.79,1224.47,1959.16,1959.16,1653.04,1653.04,1530.59,1469.37,assets/img/catalog/monitores/MONQIA180.jpg,assets/img/catalog/monitores/MONQIA180.jpg,https://static.ctonline.mx/imagenes/MONQIA180/MONQIA180_400.jpg
MONQIA190,"Monitor LED QIAN Frameless QM2382F 23.8"", Resolución máxima Full HD 1920 x 1080p, voltaje 12Vcc 3A, Tamaño de la pantalla 23.8"", Tipo de iluminación Led, Conexiones VGA, HDMI, Energía, Contenido de la caja Cable de Corriente, Adaptador de Corriente, Cable HDMI, Manual del Usuario, Garantia, Angulo de visualización vertical 178°, Angulo de visualización horizontal 178°,  Profundidad de color 16.7 millones de colores, Dimensiones 53.89 x 16.10 x 39.85 cm","Monitor LED QIAN Frameless QM2382F 23.8"", Resolución máxima Full HD 1920 x 1080p, voltaje 12Vcc 3A, Tamaño de la pantalla 23.8"", Tipo de iluminación Led, Conexiones VGA, HDMI, Energía, Contenido de la caja Cable de Corriente, Adaptador de Corriente, Cable HDMI, Manual del Usuario, Garantia, Angulo de visualización vertical 178°, Angulo de visualización horizontal 178°,  Profundidad de color 16.7 millones de colores, Dimensiones 53.89 x 16.10 x 39.85 cm. Clave Oficial CT: MONQIA190. Marca: CT.",COMPONENTES DE ENSAMBLE,monitores,CT,76.9,1499.59,2399.35,2399.35,2024.45,2024.45,1874.49,1799.51,assets/img/catalog/monitores/MONQIA190.jpg,assets/img/catalog/monitores/MONQIA190.jpg,https://static.ctonline.mx/imagenes/MONQIA190/MONQIA190_400.jpg
MONQIA220,"Monitor Qian Modelo QMF-IPF27-01, Pantalla IPS de 27 pulgadas, frecuencia de actualización de 100Hz. Full HD 1920 x 1080. Tecnología HDR10 y al 99% de cobertura sRGB. Tiempo de respuesta de 4ms. Tipo de panel IPS. Brillo 300 CD/m2. Voltaje de Entrada: 12V 3A. Manuel de usuario. Compatible con G-Sync y FreeSync.","Monitor Qian Modelo QMF-IPF27-01, Pantalla IPS de 27 pulgadas, frecuencia de actualización de 100Hz. Full HD 1920 x 1080. Tecnología HDR10 y al 99% de cobertura sRGB. Tiempo de respuesta de 4ms. Tipo de panel IPS. Brillo 300 CD/m2. Voltaje de Entrada: 12V 3A. Manuel de usuario. Compatible con G-Sync y FreeSync.. Clave Oficial CT: MONQIA220. Marca: CT.",COMPONENTES DE ENSAMBLE,monitores,CT,89.2,1739.32,2782.9,2782.9,2348.08,2348.08,2174.14,2087.18,assets/img/catalog/monitores/MONQIA220.jpg,assets/img/catalog/monitores/MONQIA220.jpg,https://static.ctonline.mx/imagenes/MONQIA220/MONQIA220_400.jpg
MONQIA160,"Monitor Touch 17"" QIAN QPM-T17-01 1280X1024, 4.3, VGA. Medida de 380 x 308 x 55 mm de gran comodidad para elaborar tus actividades diarias con una imagen de gran nitidez y consumo bajo de energía, Cuenta con un tiempo respuesta de 35 MS en el encendido y apagado de los pixeles, ideal en contenidos de alto rendimiento. Te proporcionará una experiencia completa con colores auténticos, más contraste y detalles más nítidos. Al igual que un Angulo de 150°/140° de inclinación.","Monitor Touch 17"" QIAN QPM-T17-01 1280X1024, 4.3, VGA. Medida de 380 x 308 x 55 mm de gran comodidad para elaborar tus actividades diarias con una imagen de gran nitidez y consumo bajo de energía, Cuenta con un tiempo respuesta de 35 MS en el encendido y apagado de los pixeles, ideal en contenidos de alto rendimiento. Te proporcionará una experiencia completa con colores auténticos, más contraste y detalles más nítidos. Al igual que un Angulo de 150°/140° de inclinación.. Clave Oficial CT: MONQIA160. Marca: CT.",COMPONENTES DE ENSAMBLE,monitores,CT,193.16,3766.71,6026.74,6026.74,5085.06,5085.06,4708.39,4520.06,assets/img/catalog/monitores/MONQIA160.jpg,assets/img/catalog/monitores/MONQIA160.jpg,https://static.ctonline.mx/imagenes/MONQIA160/MONQIA160_400.jpg
WKSDEL5450,"Workstation DELL PRO MAX SLIM 3000200110534.3, Procesador Intel Core Ultra 9 285K (36 MB cache, 24 cores, 24 threads, 3.2 GHz to 5.7 GHz, 125W). Memoria RAM 32 GB: 2 × 16 GB, DDR5, 5600 MT/s, sin ECC. Disco duro SSD TLC de 1 TB con DRAM M.2 2280 PCIe Gen4 listo para SED. NVIDIA RTX 2000 ADA, GDDR6 de 16 GB, adaptadores de 4 mDP a DP. Sistema Operativo Windows 11 Pro. Teclado y mouse. Garantía Onsite/In-Home Service After Remote Diagnosis 3 Years. NO MONITOR.","Workstation DELL PRO MAX SLIM 3000200110534.3, Procesador Intel Core Ultra 9 285K (36 MB cache, 24 cores, 24 threads, 3.2 GHz to 5.7 GHz, 125W). Memoria RAM 32 GB: 2 × 16 GB, DDR5, 5600 MT/s, sin ECC. Disco duro SSD TLC de 1 TB con DRAM M.2 2280 PCIe Gen4 listo para SED. NVIDIA RTX 2000 ADA, GDDR6 de 16 GB, adaptadores de 4 mDP a DP. Sistema Operativo Windows 11 Pro. Teclado y mouse. Garantía Onsite/In-Home Service After Remote Diagnosis 3 Years. NO MONITOR.. Clave Oficial CT: WKSDEL5450. Marca: CT.",EQUIPOS DE MARCA,monitores,CT,43638.39,850948.59,1361517.75,1361517.75,1148780.6,1148780.6,1063685.74,1021138.31,assets/img/catalog/monitores/WKSDEL5450.jpg,assets/img/catalog/monitores/WKSDEL5450.jpg,https://static.ctonline.mx/imagenes/WKSDEL5450/WKSDEL5450_400.jpg
WKSDEL5400,"Workstation DELL PRO MAX SLIM 3000199956553.1, Procesador Intel Core Ultra 7 265 (30 MB cache, 20 cores, 20 threads, 1.8 GHz to 5.3 GHz, 65W).  Memoria RAM 32 GB: 2 × 16 GB, DDR5, 5600 MT/s, sin ECC. Disco duro SSD TLC de 512 GB M.2 2230 PCIe Gen4. NVIDIA(R) RTX(TM) A1000, GDDR6 de 8 GB, adaptadores de 4 mDP a DP. Sistema Operativo Windows 11 Pro. Teclado y mouse. Garantía ProSupport Plus 7x24 Technical Support 3 Years. NO MONITOR.","Workstation DELL PRO MAX SLIM 3000199956553.1, Procesador Intel Core Ultra 7 265 (30 MB cache, 20 cores, 20 threads, 1.8 GHz to 5.3 GHz, 65W).  Memoria RAM 32 GB: 2 × 16 GB, DDR5, 5600 MT/s, sin ECC. Disco duro SSD TLC de 512 GB M.2 2230 PCIe Gen4. NVIDIA(R) RTX(TM) A1000, GDDR6 de 8 GB, adaptadores de 4 mDP a DP. Sistema Operativo Windows 11 Pro. Teclado y mouse. Garantía ProSupport Plus 7x24 Technical Support 3 Years. NO MONITOR.. Clave Oficial CT: WKSDEL5400. Marca: CT.",EQUIPOS DE MARCA,monitores,CT,43573.33,849680.0,1359488.0,1359488.0,1147068.0,1147068.0,1062100.0,1019616.0,assets/img/catalog/monitores/WKSDEL5400.jpg,assets/img/catalog/monitores/WKSDEL5400.jpg,https://static.ctonline.mx/imagenes/WKSDEL5400/WKSDEL5400_400.jpg
WKSDEL5440,"Workstation DELL PRO MAX SLIM 3000200103510.3, Procesador Intel Core Ultra 7 265K (30 MB cache, 20 cores, 20 threads, 3.3 GHz to 5.5 GHz, 125W). Memoria RAM 16 GB: 1 × 16 GB, DDR5, 5600 MT/s, sin ECC. Disco duro SSD TLC de 1 TB con DRAM M.2 2280 PCIe Gen4 listo para SED. NVIDIA(R) RTX(TM) A1000, GDDR6 de 8 GB, adaptadores de 4 mDP a DP. Sistema Operativo Windows 11 Pro. Teclado y mouse. Garantía Onsite/In-Home Service After Remote Diagnosis 3 Years. NO MONITOR.","Workstation DELL PRO MAX SLIM 3000200103510.3, Procesador Intel Core Ultra 7 265K (30 MB cache, 20 cores, 20 threads, 3.3 GHz to 5.5 GHz, 125W). Memoria RAM 16 GB: 1 × 16 GB, DDR5, 5600 MT/s, sin ECC. Disco duro SSD TLC de 1 TB con DRAM M.2 2280 PCIe Gen4 listo para SED. NVIDIA(R) RTX(TM) A1000, GDDR6 de 8 GB, adaptadores de 4 mDP a DP. Sistema Operativo Windows 11 Pro. Teclado y mouse. Garantía Onsite/In-Home Service After Remote Diagnosis 3 Years. NO MONITOR.. Clave Oficial CT: WKSDEL5440. Marca: CT.",EQUIPOS DE MARCA,monitores,CT,34977.44,682060.17,1091296.27,1091296.27,920781.22,920781.22,852575.21,818472.2,assets/img/catalog/monitores/WKSDEL5440.jpg,assets/img/catalog/monitores/WKSDEL5440.jpg,https://static.ctonline.mx/imagenes/WKSDEL5440/WKSDEL5440_400.jpg
WKSDEL5430,"Workstation DELL PRO MAX MFF 3000200100687.4, Procesador Intel Core Ultra 7 265 (30 MB cache, 20 cores, 20 threads, 1.8 GHz to 5.3 GHz, 65W). Memoria RAM 16GB: 1 x 16 GB, DDR5, 5600 MT/s, non-ECC. Disco duro SSD TLC de 1 TB con DRAM M.2 2280 PCIe Gen4 listo para SED. NVIDIA(R) RTX(TM) A1000, GDDR6 de 8 GB, adaptadores de 4 mDP a DP. Sistema Operativo Windows 11 Pro. Teclado y mouse. Garantía Onsite/In-Home Service After Remote Diagnosis 3 Years. NO MONITOR.","Workstation DELL PRO MAX MFF 3000200100687.4, Procesador Intel Core Ultra 7 265 (30 MB cache, 20 cores, 20 threads, 1.8 GHz to 5.3 GHz, 65W). Memoria RAM 16GB: 1 x 16 GB, DDR5, 5600 MT/s, non-ECC. Disco duro SSD TLC de 1 TB con DRAM M.2 2280 PCIe Gen4 listo para SED. NVIDIA(R) RTX(TM) A1000, GDDR6 de 8 GB, adaptadores de 4 mDP a DP. Sistema Operativo Windows 11 Pro. Teclado y mouse. Garantía Onsite/In-Home Service After Remote Diagnosis 3 Years. NO MONITOR.. Clave Oficial CT: WKSDEL5430. Marca: CT.",EQUIPOS DE MARCA,monitores,CT,35402.32,690345.28,1104552.45,1104552.45,931966.13,931966.13,862931.6,828414.34,assets/img/catalog/monitores/WKSDEL5430.jpg,assets/img/catalog/monitores/WKSDEL5430.jpg,https://static.ctonline.mx/imagenes/WKSDEL5430/WKSDEL5430_400.jpg
WKSDEL5460,"Workstation DELL PRO MAX TOWER 3000200122973.3, Procesador Intel Core Ultra 9 285K (36 MB cache, 24 cores, 24 threads, 3.2 GHz to 5.7 GHz, 125W). Memoria RAM 32 GB: 2 × 16 GB, DDR5, 5600 MT/s, sin ECC. Disco duro SSD TLC de 1 TB con DRAM M.2 2280 PCIe Gen4 listo para SED.  NVIDIA RTX 2000 ADA, GDDR6 de 16 GB, 4 adaptadores mDP a DP. Sistema Operativo Windows 11 Pro. Teclado y mouse. Garantía Onsite/In-Home Service After Remote Diagnosis 3 Years. NO MONITOR.","Workstation DELL PRO MAX TOWER 3000200122973.3, Procesador Intel Core Ultra 9 285K (36 MB cache, 24 cores, 24 threads, 3.2 GHz to 5.7 GHz, 125W). Memoria RAM 32 GB: 2 × 16 GB, DDR5, 5600 MT/s, sin ECC. Disco duro SSD TLC de 1 TB con DRAM M.2 2280 PCIe Gen4 listo para SED.  NVIDIA RTX 2000 ADA, GDDR6 de 16 GB, 4 adaptadores mDP a DP. Sistema Operativo Windows 11 Pro. Teclado y mouse. Garantía Onsite/In-Home Service After Remote Diagnosis 3 Years. NO MONITOR.. Clave Oficial CT: WKSDEL5460. Marca: CT.",EQUIPOS DE MARCA,monitores,CT,50800.0,990600.0,1584960.0,1584960.0,1337310.0,1337310.0,1238250.0,1188720.0,assets/img/catalog/monitores/WKSDEL5460.jpg,assets/img/catalog/monitores/WKSDEL5460.jpg,https://static.ctonline.mx/imagenes/WKSDEL5460/WKSDEL5460_400.jpg
WKSDEL4990,"Workstation DELL PRO MAX MFF 3000194084769.8, Procesador Intel Core Ultra 7 265 (30 MB cache, 20 cores, 20 threads, 1.8 GHz to 5.3 GHz, 65W). Memoria RAM 16GB: 1 x 16 GB, DDR5, 5600 MT/s, non-ECC. Tarjeta inalámbrica Intel(R) Wi-Fi 7 BE200, 2x2, 802.11be, MU-MIMO, Bluetooth(R) 5.4. Disco duro 512 GB con DRAM M.2 2280 PCIe Gen4 listo para SED. NVIDIA(R) RTX(TM) A1000, GDDR6 de 8 GB, adaptadores de 4 mDP a DP. Sistema Operativo Windows 11 Pro.  Teclado y mouse. Garantía Onsite/In-Home Service After Remote Diagnosis 39 Months. NO MONITOR.","Workstation DELL PRO MAX MFF 3000194084769.8, Procesador Intel Core Ultra 7 265 (30 MB cache, 20 cores, 20 threads, 1.8 GHz to 5.3 GHz, 65W). Memoria RAM 16GB: 1 x 16 GB, DDR5, 5600 MT/s, non-ECC. Tarjeta inalámbrica Intel(R) Wi-Fi 7 BE200, 2x2, 802.11be, MU-MIMO, Bluetooth(R) 5.4. Disco duro 512 GB con DRAM M.2 2280 PCIe Gen4 listo para SED. NVIDIA(R) RTX(TM) A1000, GDDR6 de 8 GB, adaptadores de 4 mDP a DP. Sistema Operativo Windows 11 Pro.  Teclado y mouse. Garantía Onsite/In-Home Service After Remote Diagnosis 39 Months. NO MONITOR.. Clave Oficial CT: WKSDEL4990. Marca: CT.",EQUIPOS DE MARCA,monitores,CT,33311.11,649566.67,1039306.67,1039306.67,876915.0,876915.0,811958.33,779480.0,assets/img/catalog/monitores/WKSDEL4990.jpg,assets/img/catalog/monitores/WKSDEL4990.jpg,https://static.ctonline.mx/imagenes/WKSDEL4990/WKSDEL4990_400.jpg
WKSDEL4530,"Workstation DELL PRO MAX MFF 3000194084769.1, Procesador Intel Core Ultra 7 265 (30 MB cache, 20 cores, 20 threads, 1.8 GHz to 5.3 GHz, 65W). Memoria RAM 16GB: 1 x 16 GB, DDR5, 5600 MT/s, non-ECC. Tarjeta inalámbrica Intel(R) Wi-Fi 7 BE200, 2x2, 802.11be, MU-MIMO, Bluetooth(R) 5.4. Disco duro 512 GB con DRAM M.2 2280 PCIe Gen4 listo para SED. NVIDIA(R) RTX(TM) A1000, GDDR6 de 8 GB, adaptadores de 4 mDP a DP. Sistema Operativo Windows 11 Pro.  Teclado y mouse. Garantía Onsite/In-Home Service After Remote Diagnosis 39 Months. NO MONITOR.","Workstation DELL PRO MAX MFF 3000194084769.1, Procesador Intel Core Ultra 7 265 (30 MB cache, 20 cores, 20 threads, 1.8 GHz to 5.3 GHz, 65W). Memoria RAM 16GB: 1 x 16 GB, DDR5, 5600 MT/s, non-ECC. Tarjeta inalámbrica Intel(R) Wi-Fi 7 BE200, 2x2, 802.11be, MU-MIMO, Bluetooth(R) 5.4. Disco duro 512 GB con DRAM M.2 2280 PCIe Gen4 listo para SED. NVIDIA(R) RTX(TM) A1000, GDDR6 de 8 GB, adaptadores de 4 mDP a DP. Sistema Operativo Windows 11 Pro.  Teclado y mouse. Garantía Onsite/In-Home Service After Remote Diagnosis 39 Months. NO MONITOR.. Clave Oficial CT: WKSDEL4530. Marca: CT.",EQUIPOS DE MARCA,monitores,CT,31684.35,617844.77,988551.64,988551.64,834090.44,834090.44,772305.97,741413.73,assets/img/catalog/monitores/WKSDEL4530.jpg,assets/img/catalog/monitores/WKSDEL4530.jpg,https://static.ctonline.mx/imagenes/WKSDEL4530/WKSDEL4530_400.jpg
WKSDEL4970,"Workstation DELL PRO MAX SLIM 3000192165858.3, Procesador Intel Core Ultra 7 265 (30 MB cache, 20 cores, 20 threads, 1.8 GHz to 5.3 GHz, 65W). Memoria RAM 32 GB: 2 × 16 GB, DDR5, 5600 MT/s, sin ECC. Disco duro SSD TLC de 512 GB con DRAM M.2 2280 PCIe Gen4 listo para SED. NVIDIA(R) RTX(TM) A1000, GDDR6 de 8 GB, adaptadores de 4 mDP a DP. Sistema Operativo Windows 11 Pro. Teclado y mouse. Garantía 39 Months ProSupport Plus 7x24 Technical Support. NO MONITOR.","Workstation DELL PRO MAX SLIM 3000192165858.3, Procesador Intel Core Ultra 7 265 (30 MB cache, 20 cores, 20 threads, 1.8 GHz to 5.3 GHz, 65W). Memoria RAM 32 GB: 2 × 16 GB, DDR5, 5600 MT/s, sin ECC. Disco duro SSD TLC de 512 GB con DRAM M.2 2280 PCIe Gen4 listo para SED. NVIDIA(R) RTX(TM) A1000, GDDR6 de 8 GB, adaptadores de 4 mDP a DP. Sistema Operativo Windows 11 Pro. Teclado y mouse. Garantía 39 Months ProSupport Plus 7x24 Technical Support. NO MONITOR.. Clave Oficial CT: WKSDEL4970. Marca: CT.",EQUIPOS DE MARCA,monitores,CT,36013.68,702266.84,1123626.95,1123626.95,948060.24,948060.24,877833.55,842720.21,assets/img/catalog/monitores/WKSDEL4970.jpg,assets/img/catalog/monitores/WKSDEL4970.jpg,https://static.ctonline.mx/imagenes/WKSDEL4970/WKSDEL4970_400.jpg
WKSDEL4980,"Workstation DELL PRO MAX SLIM 3000194084682.8, Procesador Intel Core Ultra 7 265K (30 MB cache, 20 cores, 20 threads, 3.3 GHz to 5.5 GHz, 125W). Memoria RAM 16 GB: 1 × 16 GB, DDR5, 5600 MT/s, sin ECC. Disco duro SSD TLC de 1 TB con DRAM M.2 2280 PCIe Gen4 listo para SED. NVIDIA(R) RTX(TM) A1000, GDDR6 de 8 GB, adaptadores de 4 mDP a DP. Sistema Operativo Windows 11 Pro. Teclado y mouse. Garantía 39 Months Onsite/In-Home Service After Remote Diagnosis. NO MONITOR.","Workstation DELL PRO MAX SLIM 3000194084682.8, Procesador Intel Core Ultra 7 265K (30 MB cache, 20 cores, 20 threads, 3.3 GHz to 5.5 GHz, 125W). Memoria RAM 16 GB: 1 × 16 GB, DDR5, 5600 MT/s, sin ECC. Disco duro SSD TLC de 1 TB con DRAM M.2 2280 PCIe Gen4 listo para SED. NVIDIA(R) RTX(TM) A1000, GDDR6 de 8 GB, adaptadores de 4 mDP a DP. Sistema Operativo Windows 11 Pro. Teclado y mouse. Garantía 39 Months Onsite/In-Home Service After Remote Diagnosis. NO MONITOR.. Clave Oficial CT: WKSDEL4980. Marca: CT.",EQUIPOS DE MARCA,monitores,CT,32115.79,626257.89,1002012.63,1002012.63,845448.16,845448.16,782822.37,751509.47,assets/img/catalog/monitores/WKSDEL4980.jpg,assets/img/catalog/monitores/WKSDEL4980.jpg,https://static.ctonline.mx/imagenes/WKSDEL4980/WKSDEL4980_400.jpg
MONDLL7750,"Monitor DELL SE2225HM 210-BQJW  de 21.5"". Tecnología de Pantalla Vertical Alignment (VA). Resolución Full HD 1920 x 1080 a 100Hz.  Contraste 3,000:1, Puerto de vídeo 1 puerto HDMI (HDCP 1.4) (admite hasta FHD 1920 x 1080 100 Hz según lo especificado en HDMI 1.4). 1 puerto VGA. Servicio y Garantía 3 años de servicio de cambio por adelantado y garantía limitada de hardware.","Monitor DELL SE2225HM 210-BQJW  de 21.5"". Tecnología de Pantalla Vertical Alignment (VA). Resolución Full HD 1920 x 1080 a 100Hz.  Contraste 3,000:1, Puerto de vídeo 1 puerto HDMI (HDCP 1.4) (admite hasta FHD 1920 x 1080 100 Hz según lo especificado en HDMI 1.4). 1 puerto VGA. Servicio y Garantía 3 años de servicio de cambio por adelantado y garantía limitada de hardware.. Clave Oficial CT: MONDLL7750. Marca: CT.",EQUIPOS DE MARCA,monitores,CT,1357.89,26478.95,42366.32,42366.32,35746.58,35746.58,33098.68,31774.74,assets/img/catalog/monitores/MONDLL7750.jpg,assets/img/catalog/monitores/MONDLL7750.jpg,https://static.ctonline.mx/imagenes/MONDLL7750/MONDLL7750_400.jpg
MONDLL8360,"Monitor DELL SE2426H 210-BTTL de 23.8"". Tecnología de Conmutación in-Plane (IPS). Resolución Full HD 1920 x 1080 a 144Hz. .  Contraste 1,000:1, Tecnología anti-fragmentación AMD FreeSync™Conector 2 puertos HDMI (HDCP 1.4) (Soporte hasta FHD 1920 x 1080 144 Hz según lo especificado en HDMI 1.4). Servicio y Garantía años de hardware limitado y servicio avanzado intercambiado.","Monitor DELL SE2426H 210-BTTL de 23.8"". Tecnología de Conmutación in-Plane (IPS). Resolución Full HD 1920 x 1080 a 144Hz. .  Contraste 1,000:1, Tecnología anti-fragmentación AMD FreeSync™Conector 2 puertos HDMI (HDCP 1.4) (Soporte hasta FHD 1920 x 1080 144 Hz según lo especificado en HDMI 1.4). Servicio y Garantía años de hardware limitado y servicio avanzado intercambiado.. Clave Oficial CT: MONDLL8360. Marca: CT.",EQUIPOS DE MARCA,monitores,CT,1536.84,29968.42,47949.47,47949.47,40457.37,40457.37,37460.53,35962.11,assets/img/catalog/monitores/MONDLL8360.jpg,assets/img/catalog/monitores/MONDLL8360.jpg,https://static.ctonline.mx/imagenes/MONDLL8360/MONDLL8360_400.jpg
MONDLL7970,"Monitor DELL PRO E2225HM 210-BQMZ  de 21.5"". Tecnología de paneles Alineación vertical. Resolución Full HD (1080p) 1920 x 1080 a 100Hz.  Ajustes de soporte Ladear. Contraste 3000:1, Puerto de vídeo 1 puerto HDMI (HDCP 1.4) (admite hasta FHD 1920 x 1080 100 Hz según lo especificado en HDMI 1.4). 1 puerto DisplayPort 1.2 (HDCP 1.4) (admite hasta FHD 1920 x 1080 100 Hz). 1 puerto VGA. Servicio y Garantía 3 años de servicio de cambio por adelantado y garantía limitada de hardware.","Monitor DELL PRO E2225HM 210-BQMZ  de 21.5"". Tecnología de paneles Alineación vertical. Resolución Full HD (1080p) 1920 x 1080 a 100Hz.  Ajustes de soporte Ladear. Contraste 3000:1, Puerto de vídeo 1 puerto HDMI (HDCP 1.4) (admite hasta FHD 1920 x 1080 100 Hz según lo especificado en HDMI 1.4). 1 puerto DisplayPort 1.2 (HDCP 1.4) (admite hasta FHD 1920 x 1080 100 Hz). 1 puerto VGA. Servicio y Garantía 3 años de servicio de cambio por adelantado y garantía limitada de hardware.. Clave Oficial CT: MONDLL7970. Marca: CT.",EQUIPOS DE MARCA,monitores,CT,1431.58,27915.79,44665.26,44665.26,37686.32,37686.32,34894.74,33498.95,assets/img/catalog/monitores/MONDLL7970.jpg,assets/img/catalog/monitores/MONDLL7970.jpg,https://static.ctonline.mx/imagenes/MONDLL7970/MONDLL7970_400.jpg
MONDLL7050,"Monitor DELL PRO E2225HSM de 21.5"". Tecnología de la Pantalla Alineación vertical (VA). Resolución Full HD (1080p) 1920 x 1080 a 100 Hz. Soporte ajustable. Contraste 3,000:1, Puerto de vídeo 1 puerto HDMI (HDCP 1.4) (admite hasta FHD 1920 x 1080 100 Hz según lo especificado en HDMI 1.4). 1 puerto DisplayPort 1.2 (HDCP 1.4) (admite hasta FHD 1920 x 1080, 100 Hz). 1 puerto VGA. Servicio y Garantía 3 años de servicio de cambio por adelantado y garantía limitada de hardware.","Monitor DELL PRO E2225HSM de 21.5"". Tecnología de la Pantalla Alineación vertical (VA). Resolución Full HD (1080p) 1920 x 1080 a 100 Hz. Soporte ajustable. Contraste 3,000:1, Puerto de vídeo 1 puerto HDMI (HDCP 1.4) (admite hasta FHD 1920 x 1080 100 Hz según lo especificado en HDMI 1.4). 1 puerto DisplayPort 1.2 (HDCP 1.4) (admite hasta FHD 1920 x 1080, 100 Hz). 1 puerto VGA. Servicio y Garantía 3 años de servicio de cambio por adelantado y garantía limitada de hardware.. Clave Oficial CT: MONDLL7050. Marca: CT.",EQUIPOS DE MARCA,monitores,CT,1618.95,31569.47,50511.16,50511.16,42618.79,42618.79,39461.84,37883.37,assets/img/catalog/monitores/MONDLL7050.jpg,assets/img/catalog/monitores/MONDLL7050.jpg,https://static.ctonline.mx/imagenes/MONDLL7050/MONDLL7050_400.jpg
MONDLL7060,"Monitor DELL PRO E2425HM  de 23.8"". Tecnología de conmutación en el plano (IPS). Resolución Full HD (1080p) 1920 x 1080 a 100 Hz. Anti reflejante. Contraste 1,000:1, Conector 1 puerto HDMI (HDCP 1.4) (admite hasta FHD 1920 x 1080 100 Hz según lo especificado en HDMI 1.4). 1 puerto DisplayPort 1.2 (HDCP 1.4) (admite hasta FHD 1920 x 1080 100 Hz). 1 puerto VGA. Servicio y Garantía 3 años de servicio de cambio por adelantado y garantía limitada de hardware.","Monitor DELL PRO E2425HM  de 23.8"". Tecnología de conmutación en el plano (IPS). Resolución Full HD (1080p) 1920 x 1080 a 100 Hz. Anti reflejante. Contraste 1,000:1, Conector 1 puerto HDMI (HDCP 1.4) (admite hasta FHD 1920 x 1080 100 Hz según lo especificado en HDMI 1.4). 1 puerto DisplayPort 1.2 (HDCP 1.4) (admite hasta FHD 1920 x 1080 100 Hz). 1 puerto VGA. Servicio y Garantía 3 años de servicio de cambio por adelantado y garantía limitada de hardware.. Clave Oficial CT: MONDLL7060. Marca: CT.",EQUIPOS DE MARCA,monitores,CT,1610.53,31405.26,50248.42,50248.42,42397.11,42397.11,39256.58,37686.32,assets/img/catalog/monitores/MONDLL7060.jpg,assets/img/catalog/monitores/MONDLL7060.jpg,https://static.ctonline.mx/imagenes/MONDLL7060/MONDLL7060_400.jpg
MONDLL8380,"Monitor DELL SE2725HM de 27"". Tecnología de Conmutación in-Plane (IPS). Resolución Full HD 1920 x 1080 a 100Hz.  Contraste 1,000:1, Conector 1 puerto HDMI (HDCP 1.4) (admite hasta FHD 1920 x 1080, 100 Hz). 1 puerto VGA.  Servicio y Garantía 3 años de servicio de cambio por adelantado y garantía limitada de hardware.","Monitor DELL SE2725HM de 27"". Tecnología de Conmutación in-Plane (IPS). Resolución Full HD 1920 x 1080 a 100Hz.  Contraste 1,000:1, Conector 1 puerto HDMI (HDCP 1.4) (admite hasta FHD 1920 x 1080, 100 Hz). 1 puerto VGA.  Servicio y Garantía 3 años de servicio de cambio por adelantado y garantía limitada de hardware.. Clave Oficial CT: MONDLL8380. Marca: CT.",EQUIPOS DE MARCA,monitores,CT,1764.21,34402.11,55043.37,55043.37,46442.84,46442.84,43002.63,41282.53,assets/img/catalog/monitores/MONDLL8380.jpg,assets/img/catalog/monitores/MONDLL8380.jpg,https://static.ctonline.mx/imagenes/MONDLL8380/MONDLL8380_400.jpg
MONDLL8530,"Monitor DELL PRO P2226H 210-BVSL de 21.5"" LCD con Tecnología de Conmutación in-Plane (IPS). Resolución 1920 x 1080 a 100Hz. Contraste 1500:1 (típica), Con Conector 1 puerto HDMI (HDCP 1.4) (admite hasta 1920 x 1080, 100 Hz, como se especifica en HDMI 1.4). 1 puerto DisplayPort 1.4 (HDCP 1.4). 2 puertos USB tipo A de 5 Gbps de bajada. 1 puerto USB tipo B de 5 Gbps de subida. 1 puerto USB tipo A de 5 Gbps de bajada. 1 puerto USB-C de 5 Gbps de bajada, carga de hasta 15 W. Ángulo de visión (178° vertical / 178° horizontal). VESA (100 mm x 100 mm). Servicio y Garantía 3 años.","Monitor DELL PRO P2226H 210-BVSL de 21.5"" LCD con Tecnología de Conmutación in-Plane (IPS). Resolución 1920 x 1080 a 100Hz. Contraste 1500:1 (típica), Con Conector 1 puerto HDMI (HDCP 1.4) (admite hasta 1920 x 1080, 100 Hz, como se especifica en HDMI 1.4). 1 puerto DisplayPort 1.4 (HDCP 1.4). 2 puertos USB tipo A de 5 Gbps de bajada. 1 puerto USB tipo B de 5 Gbps de subida. 1 puerto USB tipo A de 5 Gbps de bajada. 1 puerto USB-C de 5 Gbps de bajada, carga de hasta 15 W. Ángulo de visión (178° vertical / 178° horizontal). VESA (100 mm x 100 mm). Servicio y Garantía 3 años.. Clave Oficial CT: MONDLL8530. Marca: CT.",EQUIPOS DE MARCA,monitores,CT,2747.37,53573.68,85717.89,85717.89,72324.47,72324.47,66967.11,64288.42,assets/img/catalog/monitores/MONDLL8530.jpg,assets/img/catalog/monitores/MONDLL8530.jpg,https://static.ctonline.mx/imagenes/MONDLL8530/MONDLL8530_400.jpg
MONDLL8560,"Monitor DELL PRO P2726H 210-BVTF de 27"" Tecnología de Conmutación in-Plane (IPS),   Resolución Full HD (1080p) 1920 x 1080 a 120 Hz,. Anti reflejante. Contraste 1500:1 (típica),  Brillo 300 cd/m2 (típico). Interfaz de montaje VESA 100x100mm. con interfaces 1 puerto HDMI (HDCP 1.4) (admite hasta 1920 x 1080, 120 Hz, como se especifica en HDMI 1.4), 1 puerto DisplayPort 1.4 (HDCP 1.4), 2 puertos USB tipo A de 5 Gbps de bajada, 1 puerto USB tipo B de 5 Gbps de subida, 2 puertos USB-C de 5 Gbps de bajada (suministro de energía de hasta 15 W).  Servicio de Cambio Avanzado de 3 Años y Cambio de Panel Premium.","Monitor DELL PRO P2726H 210-BVTF de 27"" Tecnología de Conmutación in-Plane (IPS),   Resolución Full HD (1080p) 1920 x 1080 a 120 Hz,. Anti reflejante. Contraste 1500:1 (típica),  Brillo 300 cd/m2 (típico). Interfaz de montaje VESA 100x100mm. con interfaces 1 puerto HDMI (HDCP 1.4) (admite hasta 1920 x 1080, 120 Hz, como se especifica en HDMI 1.4), 1 puerto DisplayPort 1.4 (HDCP 1.4), 2 puertos USB tipo A de 5 Gbps de bajada, 1 puerto USB tipo B de 5 Gbps de subida, 2 puertos USB-C de 5 Gbps de bajada (suministro de energía de hasta 15 W).  Servicio de Cambio Avanzado de 3 Años y Cambio de Panel Premium.. Clave Oficial CT: MONDLL8560. Marca: CT.",EQUIPOS DE MARCA,monitores,CT,4073.68,79436.84,127098.95,127098.95,107239.74,107239.74,99296.05,95324.21,assets/img/catalog/monitores/MONDLL8560.jpg,assets/img/catalog/monitores/MONDLL8560.jpg,https://static.ctonline.mx/imagenes/MONDLL8560/MONDLL8560_400.jpg
MONDLL8400,"Monitor DELL SE2726HG  de 27"". Tecnología de Conmutación in-Plane (IPS). Resolución Full HD (1080p) 1920 x 1080 a 240Hz. Anti reflejante. Contraste 1,000:1, Conector 2 puertos HDMI (HDCP 2.3) (compatible con hasta 1920 x 1080, 240 Hz, HDR y VRR, según lo especificado en HDMI 2.1 (TMDS)). 1 DisplayPort 1.4 (HDCP 2.3) puerto/s.  Servicio y Garantía limitada de hardware de 3 años con servicio de intercambio avanzado.","Monitor DELL SE2726HG  de 27"". Tecnología de Conmutación in-Plane (IPS). Resolución Full HD (1080p) 1920 x 1080 a 240Hz. Anti reflejante. Contraste 1,000:1, Conector 2 puertos HDMI (HDCP 2.3) (compatible con hasta 1920 x 1080, 240 Hz, HDR y VRR, según lo especificado en HDMI 2.1 (TMDS)). 1 DisplayPort 1.4 (HDCP 2.3) puerto/s.  Servicio y Garantía limitada de hardware de 3 años con servicio de intercambio avanzado.. Clave Oficial CT: MONDLL8400. Marca: CT.",EQUIPOS DE MARCA,monitores,CT,2484.21,48442.11,77507.37,77507.37,65396.84,65396.84,60552.63,58130.53,assets/img/catalog/monitores/MONDLL8400.jpg,assets/img/catalog/monitores/MONDLL8400.jpg,https://static.ctonline.mx/imagenes/MONDLL8400/MONDLL8400_400.jpg
MONDLL8410,"Monitor DELL SE2426HG de 24"". Tecnología de Conmutación in-Plane (IPS). Resolución Full HD (1080p) 1920 x 1080 a 240Hz. Anti reflejante. Contraste 1,000:1, Conector 2 puertos HDMI (HDCP 2.3) (compatible con hasta 1920 x 1080, 240 Hz, HDR y VRR, según lo especificado en HDMI 2.1 (TMDS)). 1 DisplayPort 1.4 (HDCP 2.3) puerto/s.  Servicio y Garantía limitada de hardware de 3 años con servicio de intercambio avanzado.","Monitor DELL SE2426HG de 24"". Tecnología de Conmutación in-Plane (IPS). Resolución Full HD (1080p) 1920 x 1080 a 240Hz. Anti reflejante. Contraste 1,000:1, Conector 2 puertos HDMI (HDCP 2.3) (compatible con hasta 1920 x 1080, 240 Hz, HDR y VRR, según lo especificado en HDMI 2.1 (TMDS)). 1 DisplayPort 1.4 (HDCP 2.3) puerto/s.  Servicio y Garantía limitada de hardware de 3 años con servicio de intercambio avanzado.. Clave Oficial CT: MONDLL8410. Marca: CT.",EQUIPOS DE MARCA,monitores,CT,2004.21,39082.11,62531.37,62531.37,52760.84,52760.84,48852.63,46898.53,assets/img/catalog/monitores/MONDLL8410.jpg,assets/img/catalog/monitores/MONDLL8410.jpg,https://static.ctonline.mx/imagenes/MONDLL8410/MONDLL8410_400.jpg
MONDLL8370,"Monitor DELL PRO E2425HSM  de 23.8"". Tecnología de conmutación en el plano (IPS). Resolución Full HD (1080p) 1920 x 1080 a 100 Hz. Anti reflejante. Contraste 1,000:1, Conector 1 puerto HDMI (HDCP 1,4) (admite hasta FHD 1920 x 1080 60 Hz según lo especificado en HDMI 1,4). 1 puerto DisplayPort 1,2 (HDCP 1,4) (admite hasta FHD 1920 x 1080 100 Hz). 1 puerto VGA.  Servicio y Garantía 3 años de servicio de cambio por adelantado y garantía limitada de hardware.","Monitor DELL PRO E2425HSM  de 23.8"". Tecnología de conmutación en el plano (IPS). Resolución Full HD (1080p) 1920 x 1080 a 100 Hz. Anti reflejante. Contraste 1,000:1, Conector 1 puerto HDMI (HDCP 1,4) (admite hasta FHD 1920 x 1080 60 Hz según lo especificado en HDMI 1,4). 1 puerto DisplayPort 1,2 (HDCP 1,4) (admite hasta FHD 1920 x 1080 100 Hz). 1 puerto VGA.  Servicio y Garantía 3 años de servicio de cambio por adelantado y garantía limitada de hardware.. Clave Oficial CT: MONDLL8370. Marca: CT.",EQUIPOS DE MARCA,monitores,CT,1878.95,36639.47,58623.16,58623.16,49463.29,49463.29,45799.34,43967.37,assets/img/catalog/monitores/MONDLL8370.jpg,assets/img/catalog/monitores/MONDLL8370.jpg,https://static.ctonline.mx/imagenes/MONDLL8370/MONDLL8370_400.jpg
MONDLL5260,"Monitor DELL S2425H de 23,8"". Monitor Antideslumbrante con revestimiento duro 3H. Resolución Full HD (1080p) 1920 x 1080 a 100Hz. Sistema de iluminación de borde LED. Contraste 1500: 1 (típico), Brillo 250 cd/m 2 (típico). Interfaz de montaje VESA 100x100mm. con interfaces 2 x HDMI (HDCP 1.4) (admite hasta FHD 1920 x 1080 100 Hz, según lo especificado en HDMI1.4). Altavoces integrados de 2 x 5 W. Servicio de intercambio avanzado de 1 año e intercambio de panel premium","Monitor DELL S2425H de 23,8"". Monitor Antideslumbrante con revestimiento duro 3H. Resolución Full HD (1080p) 1920 x 1080 a 100Hz. Sistema de iluminación de borde LED. Contraste 1500: 1 (típico), Brillo 250 cd/m 2 (típico). Interfaz de montaje VESA 100x100mm. con interfaces 2 x HDMI (HDCP 1.4) (admite hasta FHD 1920 x 1080 100 Hz, según lo especificado en HDMI1.4). Altavoces integrados de 2 x 5 W. Servicio de intercambio avanzado de 1 año e intercambio de panel premium. Clave Oficial CT: MONDLL5260. Marca: CT.",EQUIPOS DE MARCA,monitores,CT,2591.58,50535.79,80857.26,80857.26,68223.32,68223.32,63169.74,60642.95,assets/img/catalog/monitores/MONDLL5260.jpg,assets/img/catalog/monitores/MONDLL5260.jpg,https://static.ctonline.mx/imagenes/MONDLL5260/MONDLL5260_400.jpg
MONDLL8580,"Monitor DELL E2725HM 210-BQJC  de 27"". Tecnología de Conmutación in-Plane (IPS). Resolución Full HD 1920 x 1080 a 100Hz. Contraste 1,000:1, Conector 1 puerto HDMI (HDCP 1.4) (admite hasta FHD 1920 x 1080, 100 Hz), 1 puerto DisplayPort 1.2 (HDCP 1.4) (admite hasta FHD 1920 x 1080, 100 Hz), 1 puerto VGA. Servicio y Garantía 3 años de servicio de cambio por adelantado y garantía limitada de hardware.","Monitor DELL E2725HM 210-BQJC  de 27"". Tecnología de Conmutación in-Plane (IPS). Resolución Full HD 1920 x 1080 a 100Hz. Contraste 1,000:1, Conector 1 puerto HDMI (HDCP 1.4) (admite hasta FHD 1920 x 1080, 100 Hz), 1 puerto DisplayPort 1.2 (HDCP 1.4) (admite hasta FHD 1920 x 1080, 100 Hz), 1 puerto VGA. Servicio y Garantía 3 años de servicio de cambio por adelantado y garantía limitada de hardware.. Clave Oficial CT: MONDLL8580. Marca: CT.",EQUIPOS DE MARCA,monitores,CT,1906.32,37173.16,59477.05,59477.05,50183.76,50183.76,46466.45,44607.79,assets/img/catalog/monitores/MONDLL8580.jpg,assets/img/catalog/monitores/MONDLL8580.jpg,https://static.ctonline.mx/imagenes/MONDLL8580/MONDLL8580_400.jpg
MONDLL8520,"Monitor DELL PRO P2226H 3000202759745.3 de 21.5"" LCD con Tecnología de Conmutación in-Plane (IPS). Resolución 1920 x 1080 a 100Hz. Contraste 1500:1 (típica), Con Conector 1 puerto HDMI (HDCP 1.4) (admite hasta 1920 x 1080, 100 Hz, como se especifica en HDMI 1.4). 1 puerto DisplayPort 1.4 (HDCP 1.4). 2 puertos USB tipo A de 5 Gbps de bajada. 1 puerto USB tipo B de 5 Gbps de subida. 1 puerto USB tipo A de 5 Gbps de bajada. 1 puerto USB-C de 5 Gbps de bajada, carga de hasta 15 W. Ángulo de visión (178° vertical / 178° horizontal). VESA (100 mm x 100 mm). Servicio y Garantía 3 años.","Monitor DELL PRO P2226H 3000202759745.3 de 21.5"" LCD con Tecnología de Conmutación in-Plane (IPS). Resolución 1920 x 1080 a 100Hz. Contraste 1500:1 (típica), Con Conector 1 puerto HDMI (HDCP 1.4) (admite hasta 1920 x 1080, 100 Hz, como se especifica en HDMI 1.4). 1 puerto DisplayPort 1.4 (HDCP 1.4). 2 puertos USB tipo A de 5 Gbps de bajada. 1 puerto USB tipo B de 5 Gbps de subida. 1 puerto USB tipo A de 5 Gbps de bajada. 1 puerto USB-C de 5 Gbps de bajada, carga de hasta 15 W. Ángulo de visión (178° vertical / 178° horizontal). VESA (100 mm x 100 mm). Servicio y Garantía 3 años.. Clave Oficial CT: MONDLL8520. Marca: CT.",EQUIPOS DE MARCA,monitores,CT,3044.21,59362.11,94979.37,94979.37,80138.84,80138.84,74202.63,71234.53,assets/img/catalog/monitores/MONDLL8520.jpg,assets/img/catalog/monitores/MONDLL8520.jpg,https://static.ctonline.mx/imagenes/MONDLL8520/MONDLL8520_400.jpg
MONDLL8550,"Monitor DELL Pro P2426HE 210-BVSP de 24"" Tecnología de Conmutación in-Plane (IPS) Resolución 1920 x 1080 a 120Hz. Contraste 1500:1 (típico), Con Conector 1 puerto HDMI (HDCP 1.4) (compatible con hasta 1920 x 1080, 120 Hz, según lo especificado en HDMI 2.1 (TMDS)). 1 puerto DisplayPort 1.4 (HDCP 1.4). 1 puerto DisplayPort Out 1.4. 2 puertos USB tipo A de bajada de 5 Gbps. 1 puerto USB-C de subida de 5 Gbps (DisplayPort 1.4 Alt Mode, suministro de energía de hasta 100 W). 1 puerto Ethernet RJ45 de 1 GbE. 2 puertos USB-C de bajada de 5 Gbps, carga de energía de hasta 15 W.  Ángulo de visión (178° vertical / 178° horizontal). VESA (100 mm x 100 mm). Servicio de Cambio Avanzado de 3 Años y Cambio de Panel Premium.","Monitor DELL Pro P2426HE 210-BVSP de 24"" Tecnología de Conmutación in-Plane (IPS) Resolución 1920 x 1080 a 120Hz. Contraste 1500:1 (típico), Con Conector 1 puerto HDMI (HDCP 1.4) (compatible con hasta 1920 x 1080, 120 Hz, según lo especificado en HDMI 2.1 (TMDS)). 1 puerto DisplayPort 1.4 (HDCP 1.4). 1 puerto DisplayPort Out 1.4. 2 puertos USB tipo A de bajada de 5 Gbps. 1 puerto USB-C de subida de 5 Gbps (DisplayPort 1.4 Alt Mode, suministro de energía de hasta 100 W). 1 puerto Ethernet RJ45 de 1 GbE. 2 puertos USB-C de bajada de 5 Gbps, carga de energía de hasta 15 W.  Ángulo de visión (178° vertical / 178° horizontal). VESA (100 mm x 100 mm). Servicio de Cambio Avanzado de 3 Años y Cambio de Panel Premium.. Clave Oficial CT: MONDLL8550. Marca: CT.",EQUIPOS DE MARCA,monitores,CT,3926.32,76563.16,122501.05,122501.05,103360.26,103360.26,95703.95,91875.79,assets/img/catalog/monitores/MONDLL8550.jpg,assets/img/catalog/monitores/MONDLL8550.jpg,https://static.ctonline.mx/imagenes/MONDLL8550/MONDLL8550_400.jpg
MONDLL5390,"Monitor DELL P2225H 210-BLXJ  de 21.5"" LCD con Tecnología In-Plane Switching (IPS). Resolución 1920 x 1080. Contraste 1500:1 (típica), Con Conector 1 HDMI 1.4 (HDCP 1.4) (compatible con hasta FHD de 1920 × 1080 a 100 Hz con TMDS, según especificaciones de HDMI 1.4), 1 DP 1.2 (HDCP 1.4), 1 VGA, 1 USB 3.2 tipo B de 1.ª generación ascendente, 3 USB 3.2 tipo A de 1.ª generación descendentes, 1 USB 3.2 tipo C de 1.ª generación descendente, con suministro de alimentación de hasta 15 W (solo datos). Ángulo de visión (178° vertical / 178° horizontal). VESA (100 mm x 100 mm). Servicio y Garantía 3 años.","Monitor DELL P2225H 210-BLXJ  de 21.5"" LCD con Tecnología In-Plane Switching (IPS). Resolución 1920 x 1080. Contraste 1500:1 (típica), Con Conector 1 HDMI 1.4 (HDCP 1.4) (compatible con hasta FHD de 1920 × 1080 a 100 Hz con TMDS, según especificaciones de HDMI 1.4), 1 DP 1.2 (HDCP 1.4), 1 VGA, 1 USB 3.2 tipo B de 1.ª generación ascendente, 3 USB 3.2 tipo A de 1.ª generación descendentes, 1 USB 3.2 tipo C de 1.ª generación descendente, con suministro de alimentación de hasta 15 W (solo datos). Ángulo de visión (178° vertical / 178° horizontal). VESA (100 mm x 100 mm). Servicio y Garantía 3 años.. Clave Oficial CT: MONDLL5390. Marca: CT.",EQUIPOS DE MARCA,monitores,CT,3972.06,77455.23,123928.37,123928.37,104564.56,104564.56,96819.04,92946.28,assets/img/catalog/monitores/MONDLL5390.jpg,assets/img/catalog/monitores/MONDLL5390.jpg,https://static.ctonline.mx/imagenes/MONDLL5390/MONDLL5390_400.jpg
MONDLL8540,"Monitor DELL P2426H 210-BVST de 24"" Tecnología de Conmutación in-Plane (IPS) Resolución 1920 x 1080 a 120Hz. Contraste 1500:1 (típico), Con Conector 1 puerto/s HDMI (HDCP 1.4) (admite hasta 1920 x 1080,120 Hz según lo especificado en HDMI 1.4) 1 DisplayPort 1.4 (HDCP 1.4. 2 Puerto/s USB tipo A 5 Gbps descendentes 1 Puerto/s USB tipo B a 5 Gbps ascendentes. 2 USB-C a 5 Gbps descendente/s, Carga de alimentación de hasta 15 W.  Ángulo de visión (178° vertical / 178° horizontal). VESA (100 mm x 100 mm). Servicio de Cambio Avanzado de 3 Años y Cambio de Panel Premium.","Monitor DELL P2426H 210-BVST de 24"" Tecnología de Conmutación in-Plane (IPS) Resolución 1920 x 1080 a 120Hz. Contraste 1500:1 (típico), Con Conector 1 puerto/s HDMI (HDCP 1.4) (admite hasta 1920 x 1080,120 Hz según lo especificado en HDMI 1.4) 1 DisplayPort 1.4 (HDCP 1.4. 2 Puerto/s USB tipo A 5 Gbps descendentes 1 Puerto/s USB tipo B a 5 Gbps ascendentes. 2 USB-C a 5 Gbps descendente/s, Carga de alimentación de hasta 15 W.  Ángulo de visión (178° vertical / 178° horizontal). VESA (100 mm x 100 mm). Servicio de Cambio Avanzado de 3 Años y Cambio de Panel Premium.. Clave Oficial CT: MONDLL8540. Marca: CT.",EQUIPOS DE MARCA,monitores,CT,3452.63,67326.32,107722.11,107722.11,90890.53,90890.53,84157.89,80791.58,assets/img/catalog/monitores/MONDLL8540.jpg,assets/img/catalog/monitores/MONDLL8540.jpg,https://static.ctonline.mx/imagenes/MONDLL8540/MONDLL8540_400.jpg
MONDLL6730,"Monitor DELL P2425HE 210-BMKK de 23,8"" Tecnología In-Plane Switching (IPS), Resolución 1920 x 1080. Contraste 1500:1 (típica), Con Conector 1 HDMI 1.4 (HDCP 1.4) (compatible con hasta FHD de 1920 × 1080 a 100 Hz con TMDS, según especificaciones de HDMI 1.4). 1 DP 1.4 (HDCP 1.4). 1 DP 1.4 (salida) con MST (HDCP 1.4). 1 RJ45 Puerto Ethernet, 1GbE. 1 USB 3.2 tipo C de 1.ª generación, ascendente (modo alternativo con DP 1.4) con suministro de alimentación de hasta 90 W. 3 USB 3.2 tipo A de 1.ª generación, descendentes. 1 USB 3.2 tipo C de 1.ª generación, descendente con suministro de alimentación de hasta 15 W (solo datos). Ángulo de visión (178° vertical / 178° horizontal). VESA (100 x 100 mm). Servicio y Garantía 3 años de hardware con servicio de recambio avanzado y Premium Panel Exchange.","Monitor DELL P2425HE 210-BMKK de 23,8"" Tecnología In-Plane Switching (IPS), Resolución 1920 x 1080. Contraste 1500:1 (típica), Con Conector 1 HDMI 1.4 (HDCP 1.4) (compatible con hasta FHD de 1920 × 1080 a 100 Hz con TMDS, según especificaciones de HDMI 1.4). 1 DP 1.4 (HDCP 1.4). 1 DP 1.4 (salida) con MST (HDCP 1.4). 1 RJ45 Puerto Ethernet, 1GbE. 1 USB 3.2 tipo C de 1.ª generación, ascendente (modo alternativo con DP 1.4) con suministro de alimentación de hasta 90 W. 3 USB 3.2 tipo A de 1.ª generación, descendentes. 1 USB 3.2 tipo C de 1.ª generación, descendente con suministro de alimentación de hasta 15 W (solo datos). Ángulo de visión (178° vertical / 178° horizontal). VESA (100 x 100 mm). Servicio y Garantía 3 años de hardware con servicio de recambio avanzado y Premium Panel Exchange.. Clave Oficial CT: MONDLL6730. Marca: CT.",EQUIPOS DE MARCA,monitores,CT,3927.37,76583.68,122533.89,122533.89,103387.97,103387.97,95729.61,91900.42,assets/img/catalog/monitores/MONDLL6730.jpg,assets/img/catalog/monitores/MONDLL6730.jpg,https://static.ctonline.mx/imagenes/MONDLL6730/MONDLL6730_400.jpg
MONDLL5630,"Monitor DELL S2725H 210-BMGY de 27"". Monitor Tecnología In-Plane Switching (IPS). Resolución Full HD (1080p) 1920 x 1080 a 100Hz. Antibrillo con revestimiento duro de 3H. Contraste 1500: 1 (típico), Brillo 300 cd/m2 (típico). Interfaz de montaje VESA (100 mm). con interfaces 2 HDMI (HDCP 1.4) (compatible con hasta FHD 1920 × 1080 a 100 Hz, según se especifica en HDMI 1.4). Altavoces integrados. Garantía 3 años de servicio de recambio avanzado y Premium Panel Exchange.","Monitor DELL S2725H 210-BMGY de 27"". Monitor Tecnología In-Plane Switching (IPS). Resolución Full HD (1080p) 1920 x 1080 a 100Hz. Antibrillo con revestimiento duro de 3H. Contraste 1500: 1 (típico), Brillo 300 cd/m2 (típico). Interfaz de montaje VESA (100 mm). con interfaces 2 HDMI (HDCP 1.4) (compatible con hasta FHD 1920 × 1080 a 100 Hz, según se especifica en HDMI 1.4). Altavoces integrados. Garantía 3 años de servicio de recambio avanzado y Premium Panel Exchange.. Clave Oficial CT: MONDLL5630. Marca: CT.",EQUIPOS DE MARCA,monitores,CT,3280.0,63960.0,102336.0,102336.0,86346.0,86346.0,79950.0,76752.0,assets/img/catalog/monitores/MONDLL5630.jpg,assets/img/catalog/monitores/MONDLL5630.jpg,https://static.ctonline.mx/imagenes/MONDLL5630/MONDLL5630_400.jpg
MONDLL5370,"Monitor DELL P2425H de 24"" Tecnología In-Plane Switching (IPS), Resolución 1920 x 1080. Contraste 1500:1 (típico), Con Conector 1 HDMI 1.4 (HDCP 1.4) (compatible con hasta FHD de 1920 × 1080 a 100 Hz con TMDS, según especificaciones de HDMI 1.4), 1 DP 1.2 (HDCP 1.4), 1 VGA, 1 USB 3.2 tipo B de 1.ª generación ascendente, 3 USB 3.2 tipo A de 1.ª generación descendentes, 1 USB 3.2 tipo C de 1.ª generación descendente, con suministro de alimentación de hasta 15 W (solo datos). Ángulo de visión (178° vertical / 178° horizontal). VESA (100 mm x 100 mm). Servicio y Garantía 3 años.","Monitor DELL P2425H de 24"" Tecnología In-Plane Switching (IPS), Resolución 1920 x 1080. Contraste 1500:1 (típico), Con Conector 1 HDMI 1.4 (HDCP 1.4) (compatible con hasta FHD de 1920 × 1080 a 100 Hz con TMDS, según especificaciones de HDMI 1.4), 1 DP 1.2 (HDCP 1.4), 1 VGA, 1 USB 3.2 tipo B de 1.ª generación ascendente, 3 USB 3.2 tipo A de 1.ª generación descendentes, 1 USB 3.2 tipo C de 1.ª generación descendente, con suministro de alimentación de hasta 15 W (solo datos). Ángulo de visión (178° vertical / 178° horizontal). VESA (100 mm x 100 mm). Servicio y Garantía 3 años.. Clave Oficial CT: MONDLL5370. Marca: CT.",EQUIPOS DE MARCA,monitores,CT,3447.37,67223.68,107557.89,107557.89,90751.97,90751.97,84029.61,80668.42,assets/img/catalog/monitores/MONDLL5370.jpg,assets/img/catalog/monitores/MONDLL5370.jpg,https://static.ctonline.mx/imagenes/MONDLL5370/MONDLL5370_400.jpg
MONDLL8470,"Monitor DELL P2726H de 27"" Tecnología de Conmutación in-Plane (IPS),   Resolución Full HD (1080p) 1920 x 1080 a 120 Hz,. Anti reflejante. Contraste 1500:1 (típica),  Brillo 300 cd/m2 (típico). Interfaz de montaje VESA 100x100mm. con interfaces 1 puerto HDMI (HDCP 1.4) (admite hasta 1920 x 1080, 120 Hz, como se especifica en HDMI 1.4), 1 puerto DisplayPort 1.4 (HDCP 1.4), 2 puertos USB tipo A de 5 Gbps de bajada, 1 puerto USB tipo B de 5 Gbps de subida, 2 puertos USB-C de 5 Gbps de bajada (suministro de energía de hasta 15 W).  Servicio de Cambio Avanzado de 3 Años y Cambio de Panel Premium.","Monitor DELL P2726H de 27"" Tecnología de Conmutación in-Plane (IPS),   Resolución Full HD (1080p) 1920 x 1080 a 120 Hz,. Anti reflejante. Contraste 1500:1 (típica),  Brillo 300 cd/m2 (típico). Interfaz de montaje VESA 100x100mm. con interfaces 1 puerto HDMI (HDCP 1.4) (admite hasta 1920 x 1080, 120 Hz, como se especifica en HDMI 1.4), 1 puerto DisplayPort 1.4 (HDCP 1.4), 2 puertos USB tipo A de 5 Gbps de bajada, 1 puerto USB tipo B de 5 Gbps de subida, 2 puertos USB-C de 5 Gbps de bajada (suministro de energía de hasta 15 W).  Servicio de Cambio Avanzado de 3 Años y Cambio de Panel Premium.. Clave Oficial CT: MONDLL8470. Marca: CT.",EQUIPOS DE MARCA,monitores,CT,4073.68,79436.84,127098.95,127098.95,107239.74,107239.74,99296.05,95324.21,assets/img/catalog/monitores/MONDLL8470.jpg,assets/img/catalog/monitores/MONDLL8470.jpg,https://static.ctonline.mx/imagenes/MONDLL8470/MONDLL8470_400.jpg
MONDLL5250,"Monitor DELL P2725H de 27"" Tecnología In-Plane Switching (IPS)  Monitor LCD con retroiluminación LED / matriz activa TFT. Resolución Full HD (1080p) 1920 x 1080 a 100 Hz con TMDS,. Anti reflejante. Contraste 1500:1 (típica),  Brillo 300 cd/m2 (típico). Interfaz de montaje VESA 100x100mm. con interfaces 1 HDMI 1.4 (HDCP 1.4), 1 DP 1.2 (HDCP 1.4), 1 VGA, 1 USB 3.2 tipo B de 1.ª generación ascendente, 3 USB 3.2 tipo A de 1.ª generación descendentes, 1 USB 3.2 tipo C de 1.ª generación descendente, con suministro de alimentación de hasta 15 W (solo datos).  3 años de garantía de hardware con servicio de recambio avanzado y Premium Panel Exchange.","Monitor DELL P2725H de 27"" Tecnología In-Plane Switching (IPS)  Monitor LCD con retroiluminación LED / matriz activa TFT. Resolución Full HD (1080p) 1920 x 1080 a 100 Hz con TMDS,. Anti reflejante. Contraste 1500:1 (típica),  Brillo 300 cd/m2 (típico). Interfaz de montaje VESA 100x100mm. con interfaces 1 HDMI 1.4 (HDCP 1.4), 1 DP 1.2 (HDCP 1.4), 1 VGA, 1 USB 3.2 tipo B de 1.ª generación ascendente, 3 USB 3.2 tipo A de 1.ª generación descendentes, 1 USB 3.2 tipo C de 1.ª generación descendente, con suministro de alimentación de hasta 15 W (solo datos).  3 años de garantía de hardware con servicio de recambio avanzado y Premium Panel Exchange.. Clave Oficial CT: MONDLL5250. Marca: CT.",EQUIPOS DE MARCA,monitores,CT,4073.68,79436.84,127098.95,127098.95,107239.74,107239.74,99296.05,95324.21,assets/img/catalog/monitores/MONDLL5250.jpg,assets/img/catalog/monitores/MONDLL5250.jpg,https://static.ctonline.mx/imagenes/MONDLL5250/MONDLL5250_400.jpg
MONDLL7740,"Monitor DELL Alienware AW2725DM  de 27"". Tecnología de Pantalla IPS rápido. Resolución Max 2560 x 1440 a 180Hz. Soporte ajustable. Contraste 1,000:1,  Compatible con NVIDIA® G-SYNC®.  AMD FreeSync™. VESA AdaptiveSync. Puerto de vídeo 2 puertos HDMI (HDCP 1.4 y 2.3) (admite hasta QHD 2560 x 1440, 144 Hz, 10 bits, TMDS, HDR, VRR según lo especificado en HDMI 2.1). 1 DisplayPort 1.4 (HDCP 1.4 y 2.3) (Soporta hasta 2560 x 1440, 180 Hz, HDR, VRR). Puerto USB. 1 puerto USB de bajada tipo A de 5 Gbps con carga de batería 1.2. 1 puerto USB de bajada tipo A de 5 Gbps. 1 puerto USB de subida tipo B de 5 Gbps. Servicio y Garantía 1 años de hardware limitado y servicio de intercambio avanzado.","Monitor DELL Alienware AW2725DM  de 27"". Tecnología de Pantalla IPS rápido. Resolución Max 2560 x 1440 a 180Hz. Soporte ajustable. Contraste 1,000:1,  Compatible con NVIDIA® G-SYNC®.  AMD FreeSync™. VESA AdaptiveSync. Puerto de vídeo 2 puertos HDMI (HDCP 1.4 y 2.3) (admite hasta QHD 2560 x 1440, 144 Hz, 10 bits, TMDS, HDR, VRR según lo especificado en HDMI 2.1). 1 DisplayPort 1.4 (HDCP 1.4 y 2.3) (Soporta hasta 2560 x 1440, 180 Hz, HDR, VRR). Puerto USB. 1 puerto USB de bajada tipo A de 5 Gbps con carga de batería 1.2. 1 puerto USB de bajada tipo A de 5 Gbps. 1 puerto USB de subida tipo B de 5 Gbps. Servicio y Garantía 1 años de hardware limitado y servicio de intercambio avanzado.. Clave Oficial CT: MONDLL7740. Marca: CT.",EQUIPOS DE MARCA,monitores,CT,5357.89,104478.95,167166.32,167166.32,141046.58,141046.58,130598.68,125374.74,assets/img/catalog/monitores/MONDLL7740.jpg,assets/img/catalog/monitores/MONDLL7740.jpg,https://static.ctonline.mx/imagenes/MONDLL7740/MONDLL7740_400.jpg
MONDLL3980,"Monitor DELL P2424HT 210-BHSF de 23.8"" pulgadas . Resolución Full HD 1920 x 1080 a 60HZ. Pantalla Touch,  Contraste 1000:1/1000:1 (dinámico). tipo de panel IPS, Antideslumbrante, revestimiento duro 3H, HDMI.DP,USB 3.2 GEN1 TIPO-C,. Angulo de visión 178° vertical /178° horizontal, brillo 300 cd/m². Cable DP","Monitor DELL P2424HT 210-BHSF de 23.8"" pulgadas . Resolución Full HD 1920 x 1080 a 60HZ. Pantalla Touch,  Contraste 1000:1/1000:1 (dinámico). tipo de panel IPS, Antideslumbrante, revestimiento duro 3H, HDMI.DP,USB 3.2 GEN1 TIPO-C,. Angulo de visión 178° vertical /178° horizontal, brillo 300 cd/m². Cable DP. Clave Oficial CT: MONDLL3980. Marca: CT.",EQUIPOS DE MARCA,monitores,CT,5089.47,99244.74,158791.58,158791.58,133980.39,133980.39,124055.92,119093.68,assets/img/catalog/monitores/MONDLL3980.jpg,assets/img/catalog/monitores/MONDLL3980.jpg,https://static.ctonline.mx/imagenes/MONDLL3980/MONDLL3980_400.jpg
MONDLL8390,"Monitor DELL P2725HE de 27"" Tecnología In-Plane Switching (IPS).   Resolución Full HD 1920 x 1080 a 100Hz,. Anti reflejante. Contraste 1500:1 (típica),  Brillo 300 cd/m2 (típico). Interfaz de montaje VESA 100x100mm. con interfaces 1 HDMI 1.4 (HDCP 1.4) (compatible con hasta FHD de 1920 × 1080 a 100 Hz con TMDS, según especificaciones de HDMI 1.4). 1 DP 1.4 (HDCP 1.4). 1 DP 1.4 (salida) con MST (HDCP 1.4). 1 RJ45 Puerto Ethernet, 1GbE. 1 USB 3.2 tipo C de 1.ª generación, ascendente (modo alternativo con DP 1.4) con suministro de alimentación de hasta 90 W. 3 USB 3.2 tipo A de 1.ª generación, descendentes. 1 USB 3.2 tipo C de 1.ª generación, descendente con suministro de alimentación de hasta 15 W (solo datos).  Servicio de Cambio Avanzado de 3 Años y Cambio de Panel Premium.","Monitor DELL P2725HE de 27"" Tecnología In-Plane Switching (IPS).   Resolución Full HD 1920 x 1080 a 100Hz,. Anti reflejante. Contraste 1500:1 (típica),  Brillo 300 cd/m2 (típico). Interfaz de montaje VESA 100x100mm. con interfaces 1 HDMI 1.4 (HDCP 1.4) (compatible con hasta FHD de 1920 × 1080 a 100 Hz con TMDS, según especificaciones de HDMI 1.4). 1 DP 1.4 (HDCP 1.4). 1 DP 1.4 (salida) con MST (HDCP 1.4). 1 RJ45 Puerto Ethernet, 1GbE. 1 USB 3.2 tipo C de 1.ª generación, ascendente (modo alternativo con DP 1.4) con suministro de alimentación de hasta 90 W. 3 USB 3.2 tipo A de 1.ª generación, descendentes. 1 USB 3.2 tipo C de 1.ª generación, descendente con suministro de alimentación de hasta 15 W (solo datos).  Servicio de Cambio Avanzado de 3 Años y Cambio de Panel Premium.. Clave Oficial CT: MONDLL8390. Marca: CT.",EQUIPOS DE MARCA,monitores,CT,4867.37,94913.68,151861.89,151861.89,128133.47,128133.47,118642.11,113896.42,assets/img/catalog/monitores/MONDLL8390.jpg,assets/img/catalog/monitores/MONDLL8390.jpg,https://static.ctonline.mx/imagenes/MONDLL8390/MONDLL8390_400.jpg
MONDLL7170,"Monitor DELL S3225QS 210-BRMT 32"" (81.28 cm). Tecnología de Pantalla Vertical Alignment. Resolución 3840 x 2160. Contraste 3,000:1, Brillo 300 cd/m2. Altavoces 2. Puerto de vídeo. 2 puertos HDMI (HDCP 1.4 y 2.2) (admite hasta UHD 3840 x 2160, 120 Hz, FRL, HDR, VRR según lo especificado en HDMI 2.1). 1 DisplayPort 1.4 (HDCP 1.4 y 2.2) (Soporta hasta UHD 3840 x 2160, 120 Hz, HDR, VRR). Garantía limitada - 3 años.","Monitor DELL S3225QS 210-BRMT 32"" (81.28 cm). Tecnología de Pantalla Vertical Alignment. Resolución 3840 x 2160. Contraste 3,000:1, Brillo 300 cd/m2. Altavoces 2. Puerto de vídeo. 2 puertos HDMI (HDCP 1.4 y 2.2) (admite hasta UHD 3840 x 2160, 120 Hz, FRL, HDR, VRR según lo especificado en HDMI 2.1). 1 DisplayPort 1.4 (HDCP 1.4 y 2.2) (Soporta hasta UHD 3840 x 2160, 120 Hz, HDR, VRR). Garantía limitada - 3 años.. Clave Oficial CT: MONDLL7170. Marca: CT.",EQUIPOS DE MARCA,monitores,CT,6283.16,122521.58,196034.53,196034.53,165404.13,165404.13,153151.97,147025.89,assets/img/catalog/monitores/MONDLL7170.jpg,assets/img/catalog/monitores/MONDLL7170.jpg,https://static.ctonline.mx/imagenes/MONDLL7170/MONDLL7170_400.jpg
MONDLL7160,"Monitor Alienware DELL AW3225DM 210-BPKZ de 32"".  Resolución 2560 x 1440 a 180 Hz.  Contraste 3,000:1, Conector 2 puertos HDMI (HDCP 1.4 y 2.3) (admite hasta QHD 2560 x 1440, 144 Hz, 10 bits, TMDS, HDR, VRR según lo especificado en HDMI 2.1). 1 DisplayPort 1.4 (HDCP 1.4 y 2.3) (Soporta hasta 2560 x 1440, 180 Hz, HDR, VRR).  Servicio y Garantía 3 años de servicio de cambio por adelantado y garantía limitada de hardware.","Monitor Alienware DELL AW3225DM 210-BPKZ de 32"".  Resolución 2560 x 1440 a 180 Hz.  Contraste 3,000:1, Conector 2 puertos HDMI (HDCP 1.4 y 2.3) (admite hasta QHD 2560 x 1440, 144 Hz, 10 bits, TMDS, HDR, VRR según lo especificado en HDMI 2.1). 1 DisplayPort 1.4 (HDCP 1.4 y 2.3) (Soporta hasta 2560 x 1440, 180 Hz, HDR, VRR).  Servicio y Garantía 3 años de servicio de cambio por adelantado y garantía limitada de hardware.. Clave Oficial CT: MONDLL7160. Marca: CT.",EQUIPOS DE MARCA,monitores,CT,7104.21,138532.11,221651.37,221651.37,187018.34,187018.34,173165.13,166238.53,assets/img/catalog/monitores/MONDLL7160.jpg,assets/img/catalog/monitores/MONDLL7160.jpg,https://static.ctonline.mx/imagenes/MONDLL7160/MONDLL7160_400.jpg
MONDLL5020,"Monitor DELL U2724D UltraSharp 27"". Antibrillo con revestimiento duro de 3H. Resolución 2560 x 1440 a 120 Hz. Sistema de luz LED en el borde. Contraste 2000 a 1 (típica)), Brillo 350 cd/m2 (típico). con interfaces 1 DP 1.4 (DRR para Microsoft Windows) (compatible con 2 QHD a 120 Hz de 8 bits), 1 DP 1.4 (salida), 1 HDMI (HDCP 1.4) (compatible con hasta QHD 2560 × 1440 a 120 Hz TMDS, VRR según se especifica en HDMI 2.1), 1 USB-C ascendente (solo datos, USB 3.2 de 2.ª generación a 10 Gbit/s) 2 USB-A (USB 3.2 de 2.ª generación a 10 Gbit/s), 1 Salida de línea de audio Acceso rápido:, 1 USB-A (USB 3.2 de 2.ª generación a 10 Gbit/s con BC 1.2), 1 USB-C descendente (USB 3.2 de 2.ª generación, 10 Gbit/s, 15 W) Servicio y Garantía 3 años de servicio de recambio avanzado y Premium Panel Exchange.","Monitor DELL U2724D UltraSharp 27"". Antibrillo con revestimiento duro de 3H. Resolución 2560 x 1440 a 120 Hz. Sistema de luz LED en el borde. Contraste 2000 a 1 (típica)), Brillo 350 cd/m2 (típico). con interfaces 1 DP 1.4 (DRR para Microsoft Windows) (compatible con 2 QHD a 120 Hz de 8 bits), 1 DP 1.4 (salida), 1 HDMI (HDCP 1.4) (compatible con hasta QHD 2560 × 1440 a 120 Hz TMDS, VRR según se especifica en HDMI 2.1), 1 USB-C ascendente (solo datos, USB 3.2 de 2.ª generación a 10 Gbit/s) 2 USB-A (USB 3.2 de 2.ª generación a 10 Gbit/s), 1 Salida de línea de audio Acceso rápido:, 1 USB-A (USB 3.2 de 2.ª generación a 10 Gbit/s con BC 1.2), 1 USB-C descendente (USB 3.2 de 2.ª generación, 10 Gbit/s, 15 W) Servicio y Garantía 3 años de servicio de recambio avanzado y Premium Panel Exchange.. Clave Oficial CT: MONDLL5020. Marca: CT.",EQUIPOS DE MARCA,monitores,CT,7269.47,141754.74,226807.58,226807.58,191368.89,191368.89,177193.42,170105.68,assets/img/catalog/monitores/MONDLL5020.jpg,assets/img/catalog/monitores/MONDLL5020.jpg,https://static.ctonline.mx/imagenes/MONDLL5020/MONDLL5020_400.jpg
MONDLL7730,"Monitor DELL Alienware AW3425DWM 210-BPKX  de 34"" Curvo. Tecnología de Pantalla Vertical Alignment (VA). Resolución Max 3440 x 1440 a 180 Hz. Soporte ajustable. Contraste 3,000:1, AMD FreeSyncTM Premium, VESA AdaptiveSync. Puerto de vídeo 2 puertos HDMI (HDCP 1.4 y 2.3) (admite hasta WQHD 3440 x 1440, 180 Hz, 10 bits, FRL, VRR según lo especificado en HDMI 2.1). 1 DisplayPort 1.4 (HDCP 1.4 y 2.3) (Soporta hasta WQHD 3440 x 1440, 180 Hz, DSC, HDR, VRR). Puerto USB. 1 puerto USB de bajada tipo A de 5 Gbps con carga de batería 1.2. 1 puerto USB de bajada tipo A de 5 Gbps. 1 puerto USB de subida tipo B de 5 Gbps. Servicio y Garantía 3 años de servicio de cambio por adelantado y garantía limitada de hardware.","Monitor DELL Alienware AW3425DWM 210-BPKX  de 34"" Curvo. Tecnología de Pantalla Vertical Alignment (VA). Resolución Max 3440 x 1440 a 180 Hz. Soporte ajustable. Contraste 3,000:1, AMD FreeSyncTM Premium, VESA AdaptiveSync. Puerto de vídeo 2 puertos HDMI (HDCP 1.4 y 2.3) (admite hasta WQHD 3440 x 1440, 180 Hz, 10 bits, FRL, VRR según lo especificado en HDMI 2.1). 1 DisplayPort 1.4 (HDCP 1.4 y 2.3) (Soporta hasta WQHD 3440 x 1440, 180 Hz, DSC, HDR, VRR). Puerto USB. 1 puerto USB de bajada tipo A de 5 Gbps con carga de batería 1.2. 1 puerto USB de bajada tipo A de 5 Gbps. 1 puerto USB de subida tipo B de 5 Gbps. Servicio y Garantía 3 años de servicio de cambio por adelantado y garantía limitada de hardware.. Clave Oficial CT: MONDLL7730. Marca: CT.",EQUIPOS DE MARCA,monitores,CT,7995.79,155917.89,249468.63,249468.63,210489.16,210489.16,194897.37,187101.47,assets/img/catalog/monitores/MONDLL7730.jpg,assets/img/catalog/monitores/MONDLL7730.jpg,https://static.ctonline.mx/imagenes/MONDLL7730/MONDLL7730_400.jpg
MONHPI620,"Monitor HP FHD P24v G5. 23.8"" en diagonal (64W18AA#ABA). Pantalla con antirreflejo Resolución 1920 x 1080. Puertos HDMI /VGA, Garantía: 3 años.","Monitor HP FHD P24v G5. 23.8"" en diagonal (64W18AA#ABA). Pantalla con antirreflejo Resolución 1920 x 1080. Puertos HDMI /VGA, Garantía: 3 años.. Clave Oficial CT: MONHPI620. Marca: CT.",EQUIPOS DE MARCA,monitores,CT,1736.84,33868.42,54189.47,54189.47,45722.37,45722.37,42335.53,40642.11,assets/img/catalog/monitores/MONHPI620.jpg,assets/img/catalog/monitores/MONHPI620.jpg,https://static.ctonline.mx/imagenes/MONHPI620/MONHPI620_400.jpg
MONHPI810,"Monitor HP Serie 3 PRO 21.45"" FHD 322pe (AK2F1UT#ABA). Tamaño: 21.45"" Tipo de pantalla IPS con Refresh Rate 100Mhz. Resolución 1920 x 1080 (Puerto de Video VGA y  HDMI) Vesa (100mm* 100mm), Garantía 3 años.","Monitor HP Serie 3 PRO 21.45"" FHD 322pe (AK2F1UT#ABA). Tamaño: 21.45"" Tipo de pantalla IPS con Refresh Rate 100Mhz. Resolución 1920 x 1080 (Puerto de Video VGA y  HDMI) Vesa (100mm* 100mm), Garantía 3 años.. Clave Oficial CT: MONHPI810. Marca: CT.",EQUIPOS DE MARCA,monitores,CT,1894.74,36947.37,59115.79,59115.79,49878.95,49878.95,46184.21,44336.84,assets/img/catalog/monitores/MONHPI810.jpg,assets/img/catalog/monitores/MONHPI810.jpg,https://static.ctonline.mx/imagenes/MONHPI810/MONHPI810_400.jpg
MONHPI820,"Monitor HP Serie 3 PRO 23.8” FHD - 324pv, 23.8” (9U5C1AA#ABA). Resolución 1920 x 1080. Puerto de Video VGA y  HDMI, Cables HDMI y Cable de alimentación de energía, 3 años de Garantía, Garantía: 3 años.","Monitor HP Serie 3 PRO 23.8” FHD - 324pv, 23.8” (9U5C1AA#ABA). Resolución 1920 x 1080. Puerto de Video VGA y  HDMI, Cables HDMI y Cable de alimentación de energía, 3 años de Garantía, Garantía: 3 años.. Clave Oficial CT: MONHPI820. Marca: CT.",EQUIPOS DE MARCA,monitores,CT,2315.79,45157.89,72252.63,72252.63,60963.16,60963.16,56447.37,54189.47,assets/img/catalog/monitores/MONHPI820.jpg,assets/img/catalog/monitores/MONHPI820.jpg,https://static.ctonline.mx/imagenes/MONHPI820/MONHPI820_400.jpg
MONHPI840,"Monitor HP Serie 3 PRO 327pe FHD (B1GM6AA#ABA). Resolución 1920 x 1080, Tiempo de Respuesta 5 ms, Puerto de Video VGA, HDMI 1.4, and DisplayPort™ 1.2., Bezel 3 lados bordes delgados, VESA 100x100, Base desmontable, puerto para candado de seguridad, Garantía: 3 años.","Monitor HP Serie 3 PRO 327pe FHD (B1GM6AA#ABA). Resolución 1920 x 1080, Tiempo de Respuesta 5 ms, Puerto de Video VGA, HDMI 1.4, and DisplayPort™ 1.2., Bezel 3 lados bordes delgados, VESA 100x100, Base desmontable, puerto para candado de seguridad, Garantía: 3 años.. Clave Oficial CT: MONHPI840. Marca: CT.",EQUIPOS DE MARCA,monitores,CT,2989.47,58294.74,93271.58,93271.58,78697.89,78697.89,72868.42,69953.68,assets/img/catalog/monitores/MONHPI840.jpg,assets/img/catalog/monitores/MONHPI840.jpg,https://static.ctonline.mx/imagenes/MONHPI840/MONHPI840_400.jpg
RELLEN180,"Lenovo  MONITOR LENOVO S22e-20 Pantalla : 21.5""  Resolución: 1920x1080, Tiempo de respuesta:  4ms (Extreme mode) / 6ms (Typical mode), Relación de aspecto : 16:9  Angulo de visión : 178° / 178°  Conector de Video : 1x HDMI® 1.4, 1x VGA  Garantia :3 años en Centro de servicio Color : Negro Cuervo 62C6KAR1LA","Lenovo  MONITOR LENOVO S22e-20 Pantalla : 21.5""  Resolución: 1920x1080, Tiempo de respuesta:  4ms (Extreme mode) / 6ms (Typical mode), Relación de aspecto : 16:9  Angulo de visión : 178° / 178°  Conector de Video : 1x HDMI® 1.4, 1x VGA  Garantia :3 años en Centro de servicio Color : Negro Cuervo 62C6KAR1LA. Clave Oficial CT: RELLEN180. Marca: LENOVO.",EQUIPOS DE MARCA,monitores,LENOVO,169.33,3302.0,5283.2,5283.2,4457.7,4457.7,4127.5,3962.4,assets/img/catalog/monitores/RELLEN180.jpg,assets/img/catalog/monitores/RELLEN180.jpg,https://static.ctonline.mx/imagenes/RELLEN180/RELLEN180_400.jpg
RELLEN9370,"Lenovo  MONITOR LENOVO E22-40 Pantalla: 21.5  Resolución: 1920x1080, Tiempo de respuesta:  4ms GtG/ 6ms GtG, Relación de aspecto : 16:9  Angulo de visión : 178° / 178° , Montaje Vesa 100 x 100 mm  Conector de video: 1x HDMI® 1.4, 1x DP 1.2, 1x VGA Color : Negro Cuervo  , Garantia :3 años en Centro de servicio  64C9MAR6LA","Lenovo  MONITOR LENOVO E22-40 Pantalla: 21.5  Resolución: 1920x1080, Tiempo de respuesta:  4ms GtG/ 6ms GtG, Relación de aspecto : 16:9  Angulo de visión : 178° / 178° , Montaje Vesa 100 x 100 mm  Conector de video: 1x HDMI® 1.4, 1x DP 1.2, 1x VGA Color : Negro Cuervo  , Garantia :3 años en Centro de servicio  64C9MAR6LA. Clave Oficial CT: RELLEN9370. Marca: LENOVO.",EQUIPOS DE MARCA,monitores,LENOVO,160.69,3133.52,5013.63,5013.63,4230.25,4230.25,3916.9,3760.22,assets/img/catalog/monitores/RELLEN9370.jpg,assets/img/catalog/monitores/RELLEN9370.jpg,https://static.ctonline.mx/imagenes/RELLEN9370/RELLEN9370_400.jpg
RELLEN5970,"Monitor LENOVO. ThinkVision P27U-20, 62CBRAR6LA , 27 pulgadas WLED. Resolución 3840X2160.  Brillo 450 cd/m², Anti-glare. Tiempo de respuesta de 4 ms, Color Raven Black, Garantía de 3 años, 2x HDMI® 2.1, 1X DP 1.2, 1x Thunderbolt™ 4 In, 1x Thunderbolt™ 4 Out.","Monitor LENOVO. ThinkVision P27U-20, 62CBRAR6LA , 27 pulgadas WLED. Resolución 3840X2160.  Brillo 450 cd/m², Anti-glare. Tiempo de respuesta de 4 ms, Color Raven Black, Garantía de 3 años, 2x HDMI® 2.1, 1X DP 1.2, 1x Thunderbolt™ 4 In, 1x Thunderbolt™ 4 Out.. Clave Oficial CT: RELLEN5970. Marca: CT.",EQUIPOS DE MARCA,monitores,CT,600.0,11700.0,18720.0,18720.0,15795.0,15795.0,14625.0,14040.0,assets/img/catalog/monitores/RELLEN5970.jpg,assets/img/catalog/monitores/RELLEN5970.jpg,https://static.ctonline.mx/imagenes/RELLEN5970/RELLEN5970_400.jpg
MONLEN1580,"Monitor LENOVO. ThinkVision S24i-30, 63DEKAR3LA, 23.8 pulgadas WLED. Resolución 1920x1080.  Brillo 250 cd/m², Anti-glare. Tiempo de respuesta de 4 ms, Color Raven Black, Garantía de 3 años, 1x HDMI® 1.4, 1x VGA, Peso de  5.7 kg.","Monitor LENOVO. ThinkVision S24i-30, 63DEKAR3LA, 23.8 pulgadas WLED. Resolución 1920x1080.  Brillo 250 cd/m², Anti-glare. Tiempo de respuesta de 4 ms, Color Raven Black, Garantía de 3 años, 1x HDMI® 1.4, 1x VGA, Peso de  5.7 kg.. Clave Oficial CT: MONLEN1580. Marca: CT.",EQUIPOS DE MARCA,monitores,CT,186.67,3640.0,5824.0,5824.0,4914.0,4914.0,4550.0,4368.0,assets/img/catalog/monitores/MONLEN1580.jpg,assets/img/catalog/monitores/MONLEN1580.jpg,https://static.ctonline.mx/imagenes/MONLEN1580/MONLEN1580_400.jpg
MONLEN1530,"THINKVISION E27-40, 64BCMAR4LA, Pantalla 27"" HD (1920x1080), HDMI, DP, VGA, , Color Negro, Garantía 3 Años con fabricante.","THINKVISION E27-40, 64BCMAR4LA, Pantalla 27"" HD (1920x1080), HDMI, DP, VGA, , Color Negro, Garantía 3 Años con fabricante.. Clave Oficial CT: MONLEN1530. Marca: CT.",EQUIPOS DE MARCA,monitores,CT,222.67,4342.0,6947.2,6947.2,5861.7,5861.7,5427.5,5210.4,assets/img/catalog/monitores/MONLEN1530.jpg,assets/img/catalog/monitores/MONLEN1530.jpg,https://static.ctonline.mx/imagenes/MONLEN1530/MONLEN1530_400.jpg
RELLEN1020,"Monitor Lenovo ThinkVision E20-30, 62F7KAR4LA, Pantalla 19.5"" (1600x900), HDMI, VGA, (HDMI cable), Color Negro, Garantía 3 Años Premier Support.","Monitor Lenovo ThinkVision E20-30, 62F7KAR4LA, Pantalla 19.5"" (1600x900), HDMI, VGA, (HDMI cable), Color Negro, Garantía 3 Años Premier Support.. Clave Oficial CT: RELLEN1020. Marca: CT.",EQUIPOS DE MARCA,monitores,CT,101.33,1976.0,3161.6,3161.6,2667.6,2667.6,2470.0,2371.2,assets/img/catalog/monitores/RELLEN1020.jpg,assets/img/catalog/monitores/RELLEN1020.jpg,https://static.ctonline.mx/imagenes/RELLEN1020/RELLEN1020_400.jpg
RELLEN1340,"Monitor LENOVO. ThinkVision E24-29 63D0MAR3LA, 23.8 pulgadas WLED. Resolución 1920x1080.  Brillo 250 nits, Anti-glare. Tiempo de respuesta de 4 ms, Color NEGRO, Garantía de 3 años, 1x HDMI® 1.4, 1x DisplayPort 1.2, 1x VGA. Peso de 4.5 Kg.","Monitor LENOVO. ThinkVision E24-29 63D0MAR3LA, 23.8 pulgadas WLED. Resolución 1920x1080.  Brillo 250 nits, Anti-glare. Tiempo de respuesta de 4 ms, Color NEGRO, Garantía de 3 años, 1x HDMI® 1.4, 1x DisplayPort 1.2, 1x VGA. Peso de 4.5 Kg.. Clave Oficial CT: RELLEN1340. Marca: CT.",EQUIPOS DE MARCA,monitores,CT,122.67,2392.0,3827.2,3827.2,3229.2,3229.2,2990.0,2870.4,assets/img/catalog/monitores/RELLEN1340.jpg,assets/img/catalog/monitores/RELLEN1340.jpg,https://static.ctonline.mx/imagenes/RELLEN1340/RELLEN1340_400.jpg
RELLEN5130,"Monitor LENOVO. ThinkVision T32h-30, 63D3GAR1LA, 31.5 pulgadas WLED. Resolución 2560x1440.  Brillo 350 cd/m², Anti-glare. Tiempo de respuesta de 4 ms, Color Raven Black, Garantía de 3 años, 1x HDMI® 1.4, Peso de  14 kg.","Monitor LENOVO. ThinkVision T32h-30, 63D3GAR1LA, 31.5 pulgadas WLED. Resolución 2560x1440.  Brillo 350 cd/m², Anti-glare. Tiempo de respuesta de 4 ms, Color Raven Black, Garantía de 3 años, 1x HDMI® 1.4, Peso de  14 kg.. Clave Oficial CT: RELLEN5130. Marca: CT.",EQUIPOS DE MARCA,monitores,CT,420.0,8190.0,13104.0,13104.0,11056.5,11056.5,10237.5,9828.0,assets/img/catalog/monitores/RELLEN5130.jpg,assets/img/catalog/monitores/RELLEN5130.jpg,https://static.ctonline.mx/imagenes/RELLEN5130/RELLEN5130_400.jpg
MONLEN1550,"Monitor LENOVO. ThinkVision P27QD-40 Monitor, 64B3GAR2LA, 27 pulgadas WLED. Resolución 2560x1440.  Brillo 350 cd/m², Anti-glare. Tiempo de respuesta de 4 ms, Color Raven Black, Garantía de 3 años, 1x HDMI® 2.1 TMDS, 1x DP 1.4, 1x salida DP, 1x USB-C®, Peso de  9.4 kg.","Monitor LENOVO. ThinkVision P27QD-40 Monitor, 64B3GAR2LA, 27 pulgadas WLED. Resolución 2560x1440.  Brillo 350 cd/m², Anti-glare. Tiempo de respuesta de 4 ms, Color Raven Black, Garantía de 3 años, 1x HDMI® 2.1 TMDS, 1x DP 1.4, 1x salida DP, 1x USB-C®, Peso de  9.4 kg.. Clave Oficial CT: MONLEN1550. Marca: CT.",EQUIPOS DE MARCA,monitores,CT,5333.33,104000.0,166400.0,166400.0,140400.0,140400.0,130000.0,124800.0,assets/img/catalog/monitores/MONLEN1550.jpg,assets/img/catalog/monitores/MONLEN1550.jpg,https://static.ctonline.mx/imagenes/MONLEN1550/MONLEN1550_400.jpg
MONLEN1330,"ThinkVision E20-30, 62F7KAR4LA. Pantalla TN de 19,5"" con resolución 1600x900,  antirreflejos, revestimiento duro (3H), formato 16:9., Modo extremo: tiempo de respuesta de 2 ms, 1000:1, 72% NTSC, 8 bits, Soporte con inclinación de -5° a +22°, TÜV Rheinland® Sin parpadeo, TÜV Rheinland® Eye Comfort, Color de la caja: Negro cuervo, Garantía limitada de 3 años fabricante.","ThinkVision E20-30, 62F7KAR4LA. Pantalla TN de 19,5"" con resolución 1600x900,  antirreflejos, revestimiento duro (3H), formato 16:9., Modo extremo: tiempo de respuesta de 2 ms, 1000:1, 72% NTSC, 8 bits, Soporte con inclinación de -5° a +22°, TÜV Rheinland® Sin parpadeo, TÜV Rheinland® Eye Comfort, Color de la caja: Negro cuervo, Garantía limitada de 3 años fabricante.. Clave Oficial CT: MONLEN1330. Marca: CT.",EQUIPOS DE MARCA,monitores,CT,2200.0,42900.0,68640.0,68640.0,57915.0,57915.0,53625.0,51480.0,assets/img/catalog/monitores/MONLEN1330.jpg,assets/img/catalog/monitores/MONLEN1330.jpg,https://static.ctonline.mx/imagenes/MONLEN1330/MONLEN1330_400.jpg
MONLEN1590,"ThinkVision E24-40, 64BAMAR1LA. Pantalla IPS de 23,8 pulgadas, Gama de colores sRGB del 99 %, relación de contraste de 1300:1,Frecuencia de actualización de 100 Hz, que se puede ajustar manualmente a 48 Hz, Puertos versátiles (VGA, HDMI® y DP) y altavoces 2x2W, Tecnología de hardware de baja luz azul y sin parpadeo, Soporte ergonómico con LTPS (funciones de elevación), Garantía 3 años fabricante.","ThinkVision E24-40, 64BAMAR1LA. Pantalla IPS de 23,8 pulgadas, Gama de colores sRGB del 99 %, relación de contraste de 1300:1,Frecuencia de actualización de 100 Hz, que se puede ajustar manualmente a 48 Hz, Puertos versátiles (VGA, HDMI® y DP) y altavoces 2x2W, Tecnología de hardware de baja luz azul y sin parpadeo, Soporte ergonómico con LTPS (funciones de elevación), Garantía 3 años fabricante.. Clave Oficial CT: MONLEN1590. Marca: CT.",EQUIPOS DE MARCA,monitores,CT,2736.84,53368.42,85389.47,85389.47,72047.37,72047.37,66710.53,64042.11,assets/img/catalog/monitores/MONLEN1590.jpg,assets/img/catalog/monitores/MONLEN1590.jpg,https://static.ctonline.mx/imagenes/MONLEN1590/MONLEN1590_400.jpg
MONLEN1320,"Monitor Lenovo C27-40, 63DDKAR6LA, Pantalla 27"" HD (1920x1080), HDMI, VGA, (HDMI cable), Color Negro, Garantía 3 Años con fabricante.","Monitor Lenovo C27-40, 63DDKAR6LA, Pantalla 27"" HD (1920x1080), HDMI, VGA, (HDMI cable), Color Negro, Garantía 3 Años con fabricante.. Clave Oficial CT: MONLEN1320. Marca: CT.",EQUIPOS DE MARCA,monitores,CT,3147.37,61373.68,98197.89,98197.89,82854.47,82854.47,76717.11,73648.42,assets/img/catalog/monitores/MONLEN1320.jpg,assets/img/catalog/monitores/MONLEN1320.jpg,https://static.ctonline.mx/imagenes/MONLEN1320/MONLEN1320_400.jpg
MONLEN1510,"Monitor Lenovo ThinkVision S24-4e 64B5KAR1LA, 23.8"" FHD (1920x1080) IPS display, Anti-glare 16:9. Resolución 1920x1080. Tiempo de respuesta de 4 ms, Color NEGRO, Garantía de 3 años, 1x HDMI® 1.4, 1x VGA. Peso de 4.7 Kg.","Monitor Lenovo ThinkVision S24-4e 64B5KAR1LA, 23.8"" FHD (1920x1080) IPS display, Anti-glare 16:9. Resolución 1920x1080. Tiempo de respuesta de 4 ms, Color NEGRO, Garantía de 3 años, 1x HDMI® 1.4, 1x VGA. Peso de 4.7 Kg.. Clave Oficial CT: MONLEN1510. Marca: CT.",EQUIPOS DE MARCA,monitores,CT,2410.53,47005.26,75208.42,75208.42,63457.11,63457.11,58756.58,56406.32,assets/img/catalog/monitores/MONLEN1510.jpg,assets/img/catalog/monitores/MONLEN1510.jpg,https://static.ctonline.mx/imagenes/MONLEN1510/MONLEN1510_400.jpg
MONLEN1480,"Monitor Lenovo ThinkVision T27-40 64A5MAR6LA, 27 pulgadas FHD display with IPS panel. Resolución 1920x1080. Tiempo de respuesta de 4 ms, Color NEGRO, Garantía de 3 años, 1x HDMI® 1.4, 1x DP 1.2, 1x VGA. Peso de 6.5 Kg.","Monitor Lenovo ThinkVision T27-40 64A5MAR6LA, 27 pulgadas FHD display with IPS panel. Resolución 1920x1080. Tiempo de respuesta de 4 ms, Color NEGRO, Garantía de 3 años, 1x HDMI® 1.4, 1x DP 1.2, 1x VGA. Peso de 6.5 Kg.. Clave Oficial CT: MONLEN1480. Marca: CT.",EQUIPOS DE MARCA,monitores,CT,4736.84,92368.42,147789.47,147789.47,124697.37,124697.37,115460.53,110842.11,assets/img/catalog/monitores/MONLEN1480.jpg,assets/img/catalog/monitores/MONLEN1480.jpg,https://static.ctonline.mx/imagenes/MONLEN1480/MONLEN1480_400.jpg
MONLEN1300,"Monitor ThinkVision T24v-30, 63D8MAR3LA, Pantalla IPS FHD de 23,8"" (1920 x 1080), antirreflejo 16:9, Tiempo de respuesta de 4 ms en modo extremo, Frecuencia de actualización de 75 Hz, 1000:1, 99 % sRGB, 8 bits, Cámara IR + RGB de 1920 x 1080 y 2,0 megapíxeles, 	Inclinación de -5° a +23,5°, giro de 45° a izquierda y derecha, pivote de -90° a +90°, soporte de elevación de hasta 155 mm, Eyesafe® Display 2.0, TÜV Low Blue Light. Garantía 3 años con fabricante.","Monitor ThinkVision T24v-30, 63D8MAR3LA, Pantalla IPS FHD de 23,8"" (1920 x 1080), antirreflejo 16:9, Tiempo de respuesta de 4 ms en modo extremo, Frecuencia de actualización de 75 Hz, 1000:1, 99 % sRGB, 8 bits, Cámara IR + RGB de 1920 x 1080 y 2,0 megapíxeles, 	Inclinación de -5° a +23,5°, giro de 45° a izquierda y derecha, pivote de -90° a +90°, soporte de elevación de hasta 155 mm, Eyesafe® Display 2.0, TÜV Low Blue Light. Garantía 3 años con fabricante.. Clave Oficial CT: MONLEN1300. Marca: CT.",EQUIPOS DE MARCA,monitores,CT,5147.37,100373.68,160597.89,160597.89,135504.47,135504.47,125467.11,120448.42,assets/img/catalog/monitores/MONLEN1300.jpg,assets/img/catalog/monitores/MONLEN1300.jpg,https://static.ctonline.mx/imagenes/MONLEN1300/MONLEN1300_400.jpg
MONLEN1500,"ThinkVision E22-40, 64C9MAR6LA, Panel IPS de 21,5 pulgadas, Gama de colores sRGB del 99 %, relación de contraste de 1300:1, Frecuencia de actualización de 100 Hz, que se puede ajustar manualmente a 48 Hz, Puertos versátiles (VGA, HDMI® y DP) y altavoces 2x2W, Tecnología de hardware de baja luz azul y sin parpadeo, Soporte ergonómico con LTPS (funciones de elevación). Garantía 3 años con fabricante.","ThinkVision E22-40, 64C9MAR6LA, Panel IPS de 21,5 pulgadas, Gama de colores sRGB del 99 %, relación de contraste de 1300:1, Frecuencia de actualización de 100 Hz, que se puede ajustar manualmente a 48 Hz, Puertos versátiles (VGA, HDMI® y DP) y altavoces 2x2W, Tecnología de hardware de baja luz azul y sin parpadeo, Soporte ergonómico con LTPS (funciones de elevación). Garantía 3 años con fabricante.. Clave Oficial CT: MONLEN1500. Marca: CT.",EQUIPOS DE MARCA,monitores,CT,2410.53,47005.26,75208.42,75208.42,63457.11,63457.11,58756.58,56406.32,assets/img/catalog/monitores/MONLEN1500.jpg,assets/img/catalog/monitores/MONLEN1500.jpg,https://static.ctonline.mx/imagenes/MONLEN1500/MONLEN1500_400.jpg
MONLEN1410,"Monitor LENOVO. ThinkVision T22i-30, 63B0MAR6LA, 21.5 pulgadas WLED. Resolución 1920x1080.  Brillo 250 cd/m², Anti-glare. Tiempo de respuesta de 4 ms, Color Raven Black, Garantía de 3 años, 1 HDMI® 1.4, 1 DP 1.2, 1 VGA, Peso de  6.8 kg.","Monitor LENOVO. ThinkVision T22i-30, 63B0MAR6LA, 21.5 pulgadas WLED. Resolución 1920x1080.  Brillo 250 cd/m², Anti-glare. Tiempo de respuesta de 4 ms, Color Raven Black, Garantía de 3 años, 1 HDMI® 1.4, 1 DP 1.2, 1 VGA, Peso de  6.8 kg.. Clave Oficial CT: MONLEN1410. Marca: CT.",EQUIPOS DE MARCA,monitores,CT,3357.89,65478.95,104766.32,104766.32,88396.58,88396.58,81848.68,78574.74,assets/img/catalog/monitores/MONLEN1410.jpg,assets/img/catalog/monitores/MONLEN1410.jpg,https://static.ctonline.mx/imagenes/MONLEN1410/MONLEN1410_400.jpg
MONLEN1290,"Monitor  Portátil LENOVO. ThinkVision M15, 62CAUAR1US, 15.6 pulgadas WLED. Resolución 1920x1080.  Brillo 250 cd/m², Anti-glare. Tiempo de respuesta de 6 ms, Color Raven Black, Garantía de 3 años, 2x USB-C® 3.2 Gen 1 (DP 1.2 Alt Mode), Peso de  1.7 kg.","Monitor  Portátil LENOVO. ThinkVision M15, 62CAUAR1US, 15.6 pulgadas WLED. Resolución 1920x1080.  Brillo 250 cd/m², Anti-glare. Tiempo de respuesta de 6 ms, Color Raven Black, Garantía de 3 años, 2x USB-C® 3.2 Gen 1 (DP 1.2 Alt Mode), Peso de  1.7 kg.. Clave Oficial CT: MONLEN1290. Marca: CT.",EQUIPOS DE MARCA,monitores,CT,4515.79,88057.89,140892.63,140892.63,118878.16,118878.16,110072.37,105669.47,assets/img/catalog/monitores/MONLEN1290.jpg,assets/img/catalog/monitores/MONLEN1290.jpg,https://static.ctonline.mx/imagenes/MONLEN1290/MONLEN1290_400.jpg
MONLEN1430,"Monitor LENOVO. ThinkCentre Tiny-In-One 22 Gen 5, 12N8GAR1LA, 21.5 pulgadas WLED. Resolución 1920x1080.  Brillo 250 cd/m², Anti-glare. Tiempo de respuesta de 4 ms, Color Black, Cámara Full HD, Micrófono integrado, Speakers 3Wx2, Garantía de 3 años, 1x DP 1.2, 1x HDMI® 1.4, Peso de  8.1 kg.","Monitor LENOVO. ThinkCentre Tiny-In-One 22 Gen 5, 12N8GAR1LA, 21.5 pulgadas WLED. Resolución 1920x1080.  Brillo 250 cd/m², Anti-glare. Tiempo de respuesta de 4 ms, Color Black, Cámara Full HD, Micrófono integrado, Speakers 3Wx2, Garantía de 3 años, 1x DP 1.2, 1x HDMI® 1.4, Peso de  8.1 kg.. Clave Oficial CT: MONLEN1430. Marca: CT.",EQUIPOS DE MARCA,monitores,CT,3989.47,77794.74,124471.58,124471.58,105022.89,105022.89,97243.42,93353.68,assets/img/catalog/monitores/MONLEN1430.jpg,assets/img/catalog/monitores/MONLEN1430.jpg,https://static.ctonline.mx/imagenes/MONLEN1430/MONLEN1430_400.jpg
MONLEN1440,"Monitor LENOVO. ThinkCentre Tiny-In-One 22 Gen 5, 12N9GAR1LA TOUCH, 21.5 pulgadas WLED. Resolución 1920x1080.  Brillo 250 cd/m², Anti-glare. Tiempo de respuesta de 4 ms, Color Black, Cámara Full HD, Micrófono integrado, Speakers 3Wx2, Garantía de 3 años, 1x DP 1.2, 1x HDMI® 1.4, Peso de  8.1 kg.","Monitor LENOVO. ThinkCentre Tiny-In-One 22 Gen 5, 12N9GAR1LA TOUCH, 21.5 pulgadas WLED. Resolución 1920x1080.  Brillo 250 cd/m², Anti-glare. Tiempo de respuesta de 4 ms, Color Black, Cámara Full HD, Micrófono integrado, Speakers 3Wx2, Garantía de 3 años, 1x DP 1.2, 1x HDMI® 1.4, Peso de  8.1 kg.. Clave Oficial CT: MONLEN1440. Marca: CT.",EQUIPOS DE MARCA,monitores,CT,5042.11,98321.05,157313.68,157313.68,132733.42,132733.42,122901.32,117985.26,assets/img/catalog/monitores/MONLEN1440.jpg,assets/img/catalog/monitores/MONLEN1440.jpg,https://static.ctonline.mx/imagenes/MONLEN1440/MONLEN1440_400.jpg
MONLEN1450,"Monitor LENOVO. ThinkCentre Tiny-In-One 24 Gen 5, 12NAGAR1LA, 23.8 pulgadas WLED. Resolución 1920x1080.  Brillo 250 cd/m², Anti-glare. Tiempo de respuesta de 4 ms, Color Black, Cámara Full HD, Micrófono integrado, Speakers 3Wx2, Garantía de 3 años, 1x DP 1.2, 1x HDMI® 1.4, Peso de  9.5 kg.","Monitor LENOVO. ThinkCentre Tiny-In-One 24 Gen 5, 12NAGAR1LA, 23.8 pulgadas WLED. Resolución 1920x1080.  Brillo 250 cd/m², Anti-glare. Tiempo de respuesta de 4 ms, Color Black, Cámara Full HD, Micrófono integrado, Speakers 3Wx2, Garantía de 3 años, 1x DP 1.2, 1x HDMI® 1.4, Peso de  9.5 kg.. Clave Oficial CT: MONLEN1450. Marca: CT.",EQUIPOS DE MARCA,monitores,CT,4200.0,81900.0,131040.0,131040.0,110565.0,110565.0,102375.0,98280.0,assets/img/catalog/monitores/MONLEN1450.jpg,assets/img/catalog/monitores/MONLEN1450.jpg,https://static.ctonline.mx/imagenes/MONLEN1450/MONLEN1450_400.jpg
MONLEN1460,"Monitor LENOVO. ThinkCentre Tiny-In-One 24 Gen 5, 12NBGAR1LA TOUCH, 23.8 pulgadas WLED. Resolución 1920x1080.  Brillo 250 cd/m², Anti-glare. Tiempo de respuesta de 4 ms, Color Black, Cámara Full HD, Micrófono integrado, Speakers 3Wx2, Garantía de 3 años, 1x DP 1.2, 1x HDMI® 1.4, Peso de  9.5 kg.","Monitor LENOVO. ThinkCentre Tiny-In-One 24 Gen 5, 12NBGAR1LA TOUCH, 23.8 pulgadas WLED. Resolución 1920x1080.  Brillo 250 cd/m², Anti-glare. Tiempo de respuesta de 4 ms, Color Black, Cámara Full HD, Micrófono integrado, Speakers 3Wx2, Garantía de 3 años, 1x DP 1.2, 1x HDMI® 1.4, Peso de  9.5 kg.. Clave Oficial CT: MONLEN1460. Marca: CT.",EQUIPOS DE MARCA,monitores,CT,5463.16,106531.58,170450.53,170450.53,143817.63,143817.63,133164.47,127837.89,assets/img/catalog/monitores/MONLEN1460.jpg,assets/img/catalog/monitores/MONLEN1460.jpg,https://static.ctonline.mx/imagenes/MONLEN1460/MONLEN1460_400.jpg
MONLEN1490,"ThinkVision S27-4e, 64BEKAR1LA. Pantalla FHD de 27 pulgadas con panel IPS, Cobertura del espacio de color sRGB del 99 % y relación de contraste de 1500:1, Frecuencia de actualización de 100 Hz, que se puede ajustar manualmente a 48 Hz, Puertos HDMI® y VGA para conectividad, Hardware con baja luz azul y tecnología sin parpadeo, Soporte ergonómico de inclinación para ajuste (-5°/+22°), Garantía 3 años fabricante.","ThinkVision S27-4e, 64BEKAR1LA. Pantalla FHD de 27 pulgadas con panel IPS, Cobertura del espacio de color sRGB del 99 % y relación de contraste de 1500:1, Frecuencia de actualización de 100 Hz, que se puede ajustar manualmente a 48 Hz, Puertos HDMI® y VGA para conectividad, Hardware con baja luz azul y tecnología sin parpadeo, Soporte ergonómico de inclinación para ajuste (-5°/+22°), Garantía 3 años fabricante.. Clave Oficial CT: MONLEN1490. Marca: CT.",EQUIPOS DE MARCA,monitores,CT,3470.53,67675.26,108280.42,108280.42,91361.61,91361.61,84594.08,81210.32,assets/img/catalog/monitores/MONLEN1490.jpg,assets/img/catalog/monitores/MONLEN1490.jpg,https://static.ctonline.mx/imagenes/MONLEN1490/MONLEN1490_400.jpg
MONLEN1520,"ThinkVision P24QD-40, 64B1GAR1LA. Pantalla IPS de 23,8 pulgadas con resolución QHD, Cobertura del espacio de color DCI-P3 del 98 % calibrado de fábrica, Frecuencia de actualización variable de 48 a 120 Hz, Solución de acoplamiento con un solo cable de hasta 140 W, concentrador USB integrado y capacidad de conexión en cadena. Solución de software con LDFM y Lenovo® LADM, Garantía 3 años fabricante.","ThinkVision P24QD-40, 64B1GAR1LA. Pantalla IPS de 23,8 pulgadas con resolución QHD, Cobertura del espacio de color DCI-P3 del 98 % calibrado de fábrica, Frecuencia de actualización variable de 48 a 120 Hz, Solución de acoplamiento con un solo cable de hasta 140 W, concentrador USB integrado y capacidad de conexión en cadena. Solución de software con LDFM y Lenovo® LADM, Garantía 3 años fabricante.. Clave Oficial CT: MONLEN1520. Marca: CT.",EQUIPOS DE MARCA,monitores,CT,3578.95,69789.47,111663.16,111663.16,94215.79,94215.79,87236.84,83747.37,assets/img/catalog/monitores/MONLEN1520.jpg,assets/img/catalog/monitores/MONLEN1520.jpg,https://static.ctonline.mx/imagenes/MONLEN1520/MONLEN1520_400.jpg
MONLEN1470,"Monitor  Portatil LENOVO. ThinkVision M14, 63FDUAR6US 14 pulgadas WLED. Resolución 2240x1400.  Brillo 300 cd/m²(panel), 270  cd/m²(set). Tiempo de respuesta de 6 ms, Color Raven Black, Garantía de 3 años, 2x USB-C® (Hi-Speed USB), with DP 1.2, Peso de  1.9 kg.","Monitor  Portatil LENOVO. ThinkVision M14, 63FDUAR6US 14 pulgadas WLED. Resolución 2240x1400.  Brillo 300 cd/m²(panel), 270  cd/m²(set). Tiempo de respuesta de 6 ms, Color Raven Black, Garantía de 3 años, 2x USB-C® (Hi-Speed USB), with DP 1.2, Peso de  1.9 kg.. Clave Oficial CT: MONLEN1470. Marca: CT.",EQUIPOS DE MARCA,monitores,CT,5578.95,108789.47,174063.16,174063.16,146865.79,146865.79,135986.84,130547.37,assets/img/catalog/monitores/MONLEN1470.jpg,assets/img/catalog/monitores/MONLEN1470.jpg,https://static.ctonline.mx/imagenes/MONLEN1470/MONLEN1470_400.jpg
RELLEN9180,Lenovo Extensión de Garantia 5Y Centro de servicio para  Monitor  5WS1P33199,Lenovo Extensión de Garantia 5Y Centro de servicio para  Monitor  5WS1P33199. Clave Oficial CT: RELLEN9180. Marca: LENOVO.,EQUIPOS DE MARCA,monitores,LENOVO,13.37,260.71,417.13,417.13,351.95,351.95,325.88,312.85,assets/img/catalog/monitores/RELLEN9180.jpg,assets/img/catalog/monitores/RELLEN9180.jpg,https://static.ctonline.mx/imagenes/RELLEN9180/RELLEN9180_400.jpg
RELLEN5690,Lenovo Garantia 5 años premier support  Para Monitor 5WS0T30708,Lenovo Garantia 5 años premier support  Para Monitor 5WS0T30708. Clave Oficial CT: RELLEN5690. Marca: LENOVO.,EQUIPOS DE MARCA,monitores,LENOVO,13.04,254.35,406.96,406.96,343.37,343.37,317.93,305.22,assets/img/catalog/monitores/RELLEN5690.jpg,assets/img/catalog/monitores/RELLEN5690.jpg,https://static.ctonline.mx/imagenes/RELLEN5690/RELLEN5690_400.jpg
MTFHPI1395,"Multifuncional HP Color LaserJet Ent 5800dn (6QN29A), Velocidad de impresión: Normal: Hasta 45ppm; Calidad de impresión (óptima): 600 x 600 ppp; Ciclo de trabajo (mensual, A4): Hasta 80,000 páginas; Velocidad de escaneo: Hasta 47 ppm/94 ipm. Volumen de páginas mensual recomendado: 2000 a 10,000 páginas; Velocidad del procesador: 1,2 GHz ; Lenguajes de impresión: XPS, HP PCL 6; HP PCL 5c; Emulación HP postscript nivel 3, impresión de PDF nativo (v 1.7) ; Monitor: 8.0 in ; Capacidad de impresión móvil: HP ePrint; Apple AirPrint™; Con certificación Mopria™; Roam opcional; NFC touch-to-print (opcional) ; Conectividad: 1 USB SuperSpeed 3.0 (dispositivo); 1 USB SuperSpeed 3.0 (host); 1 USB 2.0 de alta velocidad (host); 1 red Gigabit Ethernet 10/100/1000T; 1 Hardware Integration Pocket de 2.ª generación (HIP2) ; Memoria, estándar: 6GB ; Impresión a doble cara: Automática (estándar); Requisitos mínimos de sistema: PC:2 GB de espacio disponible en el disco duro; Conexión a Internet; o puerto USB; Explorador de Internet. ; Mac: 2 GB de espacio disponible en el disco duro; Conexión a Internet; o puerto USB; Explorador de Internet.; Cartuchos compatibles: W2130A, W2131A, W2132A, W2133A, W2130X, W2131X, W2132X, W2133X, W2130Y, W2131Y, W2132Y, W2133Y. Sustituto del M578dn.","Multifuncional HP Color LaserJet Ent 5800dn (6QN29A), Velocidad de impresión: Normal: Hasta 45ppm; Calidad de impresión (óptima): 600 x 600 ppp; Ciclo de trabajo (mensual, A4): Hasta 80,000 páginas; Velocidad de escaneo: Hasta 47 ppm/94 ipm. Volumen de páginas mensual recomendado: 2000 a 10,000 páginas; Velocidad del procesador: 1,2 GHz ; Lenguajes de impresión: XPS, HP PCL 6; HP PCL 5c; Emulación HP postscript nivel 3, impresión de PDF nativo (v 1.7) ; Monitor: 8.0 in ; Capacidad de impresión móvil: HP ePrint; Apple AirPrint™; Con certificación Mopria™; Roam opcional; NFC touch-to-print (opcional) ; Conectividad: 1 USB SuperSpeed 3.0 (dispositivo); 1 USB SuperSpeed 3.0 (host); 1 USB 2.0 de alta velocidad (host); 1 red Gigabit Ethernet 10/100/1000T; 1 Hardware Integration Pocket de 2.ª generación (HIP2) ; Memoria, estándar: 6GB ; Impresión a doble cara: Automática (estándar); Requisitos mínimos de sistema: PC:2 GB de espacio disponible en el disco duro; Conexión a Internet; o puerto USB; Explorador de Internet. ; Mac: 2 GB de espacio disponible en el disco duro; Conexión a Internet; o puerto USB; Explorador de Internet.; Cartuchos compatibles: W2130A, W2131A, W2132A, W2133A, W2130X, W2131X, W2132X, W2133X, W2130Y, W2131Y, W2132Y, W2133Y. Sustituto del M578dn.. Clave Oficial CT: MTFHPI1395. Marca: CT.","IMPRESION, DIG. DE IMAGENES",monitores,CT,60510.96,1179963.73,1887941.97,1887941.97,1592951.04,1592951.04,1474954.67,1415956.48,assets/img/catalog/monitores/MTFHPI1395.jpg,assets/img/catalog/monitores/MTFHPI1395.jpg,https://static.ctonline.mx/imagenes/MTFHPI1395/MTFHPI1395_400.jpg
PLOEPS220,"Plotter Epson Fotográfico P7570 (SCP7570SE) 24” Ancho de impresión, Tecnología de impresión Cabezal PrecisionCore MicroTFP de 12 canales, impresión por gota bajo demanda Tipo de tinta UltraChrome PRO12 a base de pigmento, Resistencia a la decoloración / A color: hasta 200 años; blanco y negro: hasta 400 años,  Durabilidad de la impresión Cabezales a color y monocromático 9.600 boquillas (800 boquillas x 12),  Tecnología de gota mínima: 3,5 picolitros; Resolución máxima 2.400 ppp x 1.200 ppp,  Memoria 2 GB,  Velocidad de impresión en Impresiones de 23,4"" x 33,1"" Normal (BEO: apagado) 2:02 Normal (BEO: encendido) 4:04 (BEO=Black Enhance Overcoat) Lenguaje de impresión/Controladores Epson ESC/P raster, controladores fotográ­cos estándar, Sistema de código de barra Para monitoreo de papel restante,  Hoja sencilla, Carga superior hasta 24"" (60,96 cm) de ancho, Carga de hoja Automática si el espesor es menor de 0,5 Espesor del medio 0,8 mm a 1,5 mm Márgenes sup./inf. 3 mm/15 mm Márgenes sup./inf. Centrado seleccionado 15 mm/15 mm Márgenes izq./der. 3 mm a cada lado; 6 mm en total o 0"" a tamaños BorderFree Anchos de impresión BorderFree 10"", 11,8"", 13"", 16"", 17"", 20"", 20,3"", 23,4"", 24"" – 25.4 cm, 29,9 cm, 33,02 cm, 40,64 cm, 43,18 cm, 50,8 cm, 51,56 cm, 59,43 cm, 60,96 cm, Interfaz: Puerto USB 2,0 alta velocidad 1 Puerto Ethernet 1000Base-T, Dimensiones:  (L. x A. x Alt.) Canasta cerrada: 55,2"" x 26,3"" x 48"" (1.401 mm x 667 mm x 1.218 mm), Contenido de la caja Impresora: SureColor P7570 con base, canasto para papel, tanque de mantenimiento (una unidad instalada), cartuchos de tinta iniciales (110 ml x 12 cartuchos), cable AC, guía del usuario (documentación y garantía), Consumibles 350ml: T44P120,T44P220, T44P320, T44P420, T44P520, T44P620, T44P720, T44P820, T44P920, T44PA20, T44PB20, T44PD20, Garantía: 1 año directo en centro de servicio autorizado Epson.","Plotter Epson Fotográfico P7570 (SCP7570SE) 24” Ancho de impresión, Tecnología de impresión Cabezal PrecisionCore MicroTFP de 12 canales, impresión por gota bajo demanda Tipo de tinta UltraChrome PRO12 a base de pigmento, Resistencia a la decoloración / A color: hasta 200 años; blanco y negro: hasta 400 años,  Durabilidad de la impresión Cabezales a color y monocromático 9.600 boquillas (800 boquillas x 12),  Tecnología de gota mínima: 3,5 picolitros; Resolución máxima 2.400 ppp x 1.200 ppp,  Memoria 2 GB,  Velocidad de impresión en Impresiones de 23,4"" x 33,1"" Normal (BEO: apagado) 2:02 Normal (BEO: encendido) 4:04 (BEO=Black Enhance Overcoat) Lenguaje de impresión/Controladores Epson ESC/P raster, controladores fotográ­cos estándar, Sistema de código de barra Para monitoreo de papel restante,  Hoja sencilla, Carga superior hasta 24"" (60,96 cm) de ancho, Carga de hoja Automática si el espesor es menor de 0,5 Espesor del medio 0,8 mm a 1,5 mm Márgenes sup./inf. 3 mm/15 mm Márgenes sup./inf. Centrado seleccionado 15 mm/15 mm Márgenes izq./der. 3 mm a cada lado; 6 mm en total o 0"" a tamaños BorderFree Anchos de impresión BorderFree 10"", 11,8"", 13"", 16"", 17"", 20"", 20,3"", 23,4"", 24"" – 25.4 cm, 29,9 cm, 33,02 cm, 40,64 cm, 43,18 cm, 50,8 cm, 51,56 cm, 59,43 cm, 60,96 cm, Interfaz: Puerto USB 2,0 alta velocidad 1 Puerto Ethernet 1000Base-T, Dimensiones:  (L. x A. x Alt.) Canasta cerrada: 55,2"" x 26,3"" x 48"" (1.401 mm x 667 mm x 1.218 mm), Contenido de la caja Impresora: SureColor P7570 con base, canasto para papel, tanque de mantenimiento (una unidad instalada), cartuchos de tinta iniciales (110 ml x 12 cartuchos), cable AC, guía del usuario (documentación y garantía), Consumibles 350ml: T44P120,T44P220, T44P320, T44P420, T44P520, T44P620, T44P720, T44P820, T44P920, T44PA20, T44PB20, T44PD20, Garantía: 1 año directo en centro de servicio autorizado Epson.. Clave Oficial CT: PLOEPS220. Marca: CT.","IMPRESION, DIG. DE IMAGENES",monitores,CT,88778.95,1731189.47,2769903.16,2769903.16,2337105.79,2337105.79,2163986.84,2077427.37,assets/img/catalog/monitores/PLOEPS220.jpg,assets/img/catalog/monitores/PLOEPS220.jpg,https://static.ctonline.mx/imagenes/PLOEPS220/PLOEPS220_400.jpg
SCAFJT380,"Scanner FUJITSU modelo FI-8270. ADF símplex:70 ppm (200/300 ppp), dúplex : 140 ipm (200/300 ppp) cama plana 1,7 segundos(200/300 ppp), fuente de luz ADF: LED RGB x 2 (frontal x 1, posterior x 1)cama plana: LED blanco, resolución 600 ppp, resolución de salida 50 a 600 ppp (ajuste por incrementos de 1 ppp),1200 ppp (controlador), formato de salida Color: 24-bit, Escala de Grises:8-bit, Monocromo: 1-bit, colores de fondo ADF: Blanco / Negro (seleccionable) cama plana: blanco (o negro opcional), papel 20 a 465 g/m2 (5,3 a 124 lb), libreta menos de 7 mm (0,27 pulg.), tarjeta plástica 1,4 mm (0,055 inch) o menos, capacidad del ADF 100 hojas(A4 80 g/m o Carta 20 lb), ciclo diario 10.000 hojas, detección de Superposición (Sensor Ultrasonic), detección de Longitud, monitoreo de imagen, detección de sonido (iSOP), Interfaz USB3.2 Gen1x1 / USB2.0 / USB1.1, Ethernet 10BASE-T, 100BASE-TX, 1000BASE-T, requisitos de energía CA 100V - 240V 50/60 Hz, consumo de energía: modo operación 28 W o menos / 17 W (Modo Eco), modo inactivo 2,0 W o menos(LAN) / 1,4 W o menos(USB), modo de espera 0,2 W o menos. Sistemas operativos: Windows® 11*16, Windows® 10*16,Windows Server® 2022, Windows Server® 2019,Windows Server® 2016, Windows Server® 2012 R2,Windows Server®2012, Linux (Ubuntu)*. artículos incluidos: bandeja de entrada, cable de CA, Adapter de CA, cable USB, DVD de instalación.","Scanner FUJITSU modelo FI-8270. ADF símplex:70 ppm (200/300 ppp), dúplex : 140 ipm (200/300 ppp) cama plana 1,7 segundos(200/300 ppp), fuente de luz ADF: LED RGB x 2 (frontal x 1, posterior x 1)cama plana: LED blanco, resolución 600 ppp, resolución de salida 50 a 600 ppp (ajuste por incrementos de 1 ppp),1200 ppp (controlador), formato de salida Color: 24-bit, Escala de Grises:8-bit, Monocromo: 1-bit, colores de fondo ADF: Blanco / Negro (seleccionable) cama plana: blanco (o negro opcional), papel 20 a 465 g/m2 (5,3 a 124 lb), libreta menos de 7 mm (0,27 pulg.), tarjeta plástica 1,4 mm (0,055 inch) o menos, capacidad del ADF 100 hojas(A4 80 g/m o Carta 20 lb), ciclo diario 10.000 hojas, detección de Superposición (Sensor Ultrasonic), detección de Longitud, monitoreo de imagen, detección de sonido (iSOP), Interfaz USB3.2 Gen1x1 / USB2.0 / USB1.1, Ethernet 10BASE-T, 100BASE-TX, 1000BASE-T, requisitos de energía CA 100V - 240V 50/60 Hz, consumo de energía: modo operación 28 W o menos / 17 W (Modo Eco), modo inactivo 2,0 W o menos(LAN) / 1,4 W o menos(USB), modo de espera 0,2 W o menos. Sistemas operativos: Windows® 11*16, Windows® 10*16,Windows Server® 2022, Windows Server® 2019,Windows Server® 2016, Windows Server® 2012 R2,Windows Server®2012, Linux (Ubuntu)*. artículos incluidos: bandeja de entrada, cable de CA, Adapter de CA, cable USB, DVD de instalación.. Clave Oficial CT: SCAFJT380. Marca: CT.","IMPRESION, DIG. DE IMAGENES",monitores,CT,1442.39,28126.63,45002.61,45002.61,37970.95,37970.95,35158.29,33751.96,assets/img/catalog/monitores/SCAFJT380.jpg,assets/img/catalog/monitores/SCAFJT380.jpg,https://static.ctonline.mx/imagenes/SCAFJT380/SCAFJT380_400.jpg
ACPTPL590,"Access Point Omada con placa de pared inalámbrico MU-MIMO TP-LINK AC1200 (EAP235-Wall), Uplink: (1) Ethernet 10/100/ 1000 Mbps, Downlink: (3) Ethernet 10/100/ 1000 Mbps soporta PoE OUT. El PoE OUT necesita que el equipo sea alimentado con 802.3at PoE+ y la salida de energía máxima es de 13W.) Fácil montaje que permite la instalación en cualquier caja de pared estándar , compatibilidad con 802.3af / at PoE.Integrado en Omada SDN : aprovisionamiento sin intervención (ZTP) ‡ , administración centralizada en la nube y monitoreo inteligente,  tecnologías MU-MIMO, Band Steering y Beamforming.","Access Point Omada con placa de pared inalámbrico MU-MIMO TP-LINK AC1200 (EAP235-Wall), Uplink: (1) Ethernet 10/100/ 1000 Mbps, Downlink: (3) Ethernet 10/100/ 1000 Mbps soporta PoE OUT. El PoE OUT necesita que el equipo sea alimentado con 802.3at PoE+ y la salida de energía máxima es de 13W.) Fácil montaje que permite la instalación en cualquier caja de pared estándar , compatibilidad con 802.3af / at PoE.Integrado en Omada SDN : aprovisionamiento sin intervención (ZTP) ‡ , administración centralizada en la nube y monitoreo inteligente,  tecnologías MU-MIMO, Band Steering y Beamforming.. Clave Oficial CT: ACPTPL590. Marca: CT.",CONECTIVIDAD,monitores,CT,60.91,1187.73,1900.36,1900.36,1603.43,1603.43,1484.66,1425.27,assets/img/catalog/monitores/ACPTPL590.jpg,assets/img/catalog/monitores/ACPTPL590.jpg,https://static.ctonline.mx/imagenes/ACPTPL590/ACPTPL590_400.jpg
ACPASS050,"Access Point PoE ASUS ExpertWiFi EBA63, SKU: 90IG0880-MA1C0V. Network Standard: IEEE 802.11a, IEEE 802.11b, IEEE 802.11g, WiFi 4 (802.11n), WiFi 5 (802.11ac), WiFi 6 (802.11ax), IPv4, IPv6. AX3000 ultimate AX performance : 2402 Mbps+ 574 Mbps. Data Rate: 802.11a : up to 54 Mbps, 802.11b : up to 11 Mbps, 802.11g : up to 54 Mbps, WiFi 4 (802.11n) : up to 300 Mbps, WiFi 5 (802.11ac) : up to 1734 Mbps, WiFi 6 (802.11ax) (2.4GHz) : up to 574 Mbps, WiFi 6 (802.11ax) (5GHz) : up to 2402 Mbps. Antenna, Internal antenna x 4, Transmit / Receive: 2.4GHz 2x2, 5GHz 2x2. Processor: 1.7 GHz quad-core processor. Memory: 256 MB Flash, 512 MB RAM. PoE, 12 V with max. 1.5 A current DC (fuente de poder incluida). Consumo de energía: US: 10.0W, EU: 9.1W. Montaje de Pared, Montaje de Techo. Contenido de Paquete: ExpertWiFi EBA63, RJ-45 cable, Fuente de Poder, Tarjeta de Garantía, Guía de inicio Rápido, Kit para montaje en pared. Peso de producto: 426g. Dimensiones: 160x160x42. AiMesh Node.  Control de Tráfico: Monitor de tráfico en tiempo real, Monitor de tráfico por cable, Monitor de tráfico inalámbrico. Inalámbrico, UTF-8 SSID, Filtro de direcciones MAC WiFi, Filtros MAC máximos: 64, Programador inalámbrico: Interfaz de usuario, WEB: ASUSWRT, APLICACIÓN: Aplicación ASUS ExpertWiFiAdministration, Copia de seguridad y restauración de la configuración Herramientas de diagnóstico, Sistema de retroalimentación, Registro del sistema, Notificación de conexión de nuevo dispositivo, Iniciar sesión Captcha, Diagnóstico de conexión, Actualización automática de firmware.","Access Point PoE ASUS ExpertWiFi EBA63, SKU: 90IG0880-MA1C0V. Network Standard: IEEE 802.11a, IEEE 802.11b, IEEE 802.11g, WiFi 4 (802.11n), WiFi 5 (802.11ac), WiFi 6 (802.11ax), IPv4, IPv6. AX3000 ultimate AX performance : 2402 Mbps+ 574 Mbps. Data Rate: 802.11a : up to 54 Mbps, 802.11b : up to 11 Mbps, 802.11g : up to 54 Mbps, WiFi 4 (802.11n) : up to 300 Mbps, WiFi 5 (802.11ac) : up to 1734 Mbps, WiFi 6 (802.11ax) (2.4GHz) : up to 574 Mbps, WiFi 6 (802.11ax) (5GHz) : up to 2402 Mbps. Antenna, Internal antenna x 4, Transmit / Receive: 2.4GHz 2x2, 5GHz 2x2. Processor: 1.7 GHz quad-core processor. Memory: 256 MB Flash, 512 MB RAM. PoE, 12 V with max. 1.5 A current DC (fuente de poder incluida). Consumo de energía: US: 10.0W, EU: 9.1W. Montaje de Pared, Montaje de Techo. Contenido de Paquete: ExpertWiFi EBA63, RJ-45 cable, Fuente de Poder, Tarjeta de Garantía, Guía de inicio Rápido, Kit para montaje en pared. Peso de producto: 426g. Dimensiones: 160x160x42. AiMesh Node.  Control de Tráfico: Monitor de tráfico en tiempo real, Monitor de tráfico por cable, Monitor de tráfico inalámbrico. Inalámbrico, UTF-8 SSID, Filtro de direcciones MAC WiFi, Filtros MAC máximos: 64, Programador inalámbrico: Interfaz de usuario, WEB: ASUSWRT, APLICACIÓN: Aplicación ASUS ExpertWiFiAdministration, Copia de seguridad y restauración de la configuración Herramientas de diagnóstico, Sistema de retroalimentación, Registro del sistema, Notificación de conexión de nuevo dispositivo, Iniciar sesión Captcha, Diagnóstico de conexión, Actualización automática de firmware.. Clave Oficial CT: ACPASS050. Marca: CT.",CONECTIVIDAD,monitores,CT,128.89,2513.33,4021.33,4021.33,3393.0,3393.0,3141.67,3016.0,assets/img/catalog/monitores/ACPASS050.jpg,assets/img/catalog/monitores/ACPASS050.jpg,https://static.ctonline.mx/imagenes/ACPASS050/ACPASS050_400.jpg
CABRBT120,"CABLE DE CORRIENTE (000123), Brobotix De CPU A MONITOR, Tamaño 1.80 metros de largo.","CABLE DE CORRIENTE (000123), Brobotix De CPU A MONITOR, Tamaño 1.80 metros de largo.. Clave Oficial CT: CABRBT120. Marca: CT.",CONECTIVIDAD,monitores,CT,3.26,63.48,101.57,101.57,85.7,85.7,79.35,76.18,assets/img/catalog/monitores/CABRBT120.jpg,assets/img/catalog/monitores/CABRBT120.jpg,https://static.ctonline.mx/imagenes/CABRBT120/CABRBT120_400.jpg
CABRBT1890,"CABLE MINI DISPLAY PORT A MINI DISPLAY PORT MACHO MACHO BLANCO DE 1.8 MTS. (776012), Brobotix Desempeño de alta definición para la computadora personal. Los cables Mini Displayport proporcionan una solución de cable único que envía las señales de audio y video en alta definición entre la computadora o portátil y un dispositivo de salida. Proporcionan una máxima conductividad y transmisiones de señal claras y sin errores con interferencia emi y distorsión reducidas Características: Conexiones mini displayport de 20 pines macho a mini displayport de 20 pines macho. Ofrece un gran ancho de banda, para señales digitales de audio y video en monitores y dispositivos con puerto mini displayport - resoluciones de hasta 1080p. Soporta transferencia de señales hdmi y dvi. Completamente blindado para reducir fuentes de interferencia tales como emi. Plug and play para aplicaciones Box-to-Box. Terminales moldeadas en PVC y a prueba de tensiones. Especificaciones: Cumple o excede los estandares existentes de displayport 1.1, Soporta tasas de transferencia de hasta 10.8 gbps, resoluciones de 2560 x 1600 (WQXGA) Y HDCP, Listado UL 20276. Color Negro.","CABLE MINI DISPLAY PORT A MINI DISPLAY PORT MACHO MACHO BLANCO DE 1.8 MTS. (776012), Brobotix Desempeño de alta definición para la computadora personal. Los cables Mini Displayport proporcionan una solución de cable único que envía las señales de audio y video en alta definición entre la computadora o portátil y un dispositivo de salida. Proporcionan una máxima conductividad y transmisiones de señal claras y sin errores con interferencia emi y distorsión reducidas Características: Conexiones mini displayport de 20 pines macho a mini displayport de 20 pines macho. Ofrece un gran ancho de banda, para señales digitales de audio y video en monitores y dispositivos con puerto mini displayport - resoluciones de hasta 1080p. Soporta transferencia de señales hdmi y dvi. Completamente blindado para reducir fuentes de interferencia tales como emi. Plug and play para aplicaciones Box-to-Box. Terminales moldeadas en PVC y a prueba de tensiones. Especificaciones: Cumple o excede los estandares existentes de displayport 1.1, Soporta tasas de transferencia de hasta 10.8 gbps, resoluciones de 2560 x 1600 (WQXGA) Y HDCP, Listado UL 20276. Color Negro.. Clave Oficial CT: CABRBT1890. Marca: CT.",CONECTIVIDAD,monitores,CT,7.19,140.18,224.29,224.29,189.25,189.25,175.23,168.22,assets/img/catalog/monitores/CABRBT1890.jpg,assets/img/catalog/monitores/CABRBT1890.jpg,https://static.ctonline.mx/imagenes/CABRBT1890/CABRBT1890_400.jpg
CABBEL010,"Cable de Video HDMI BELDEN HDE001MB Alta Velocidad, 4K, Color negro. Espacio ambiental: Interior. Aplicaciones adecuadas: Señalización digital, monitores de computadora, proyectores, consolas de juegos, reproductores de DVD. Conexión HDMI tipo A. Conjunto de cable HDMI compatible con Ethernet de alta velocidad, compatible con 1080p @ 60Hz, 4K UHD @ 30Hz Longitud: 1 metro.","Cable de Video HDMI BELDEN HDE001MB Alta Velocidad, 4K, Color negro. Espacio ambiental: Interior. Aplicaciones adecuadas: Señalización digital, monitores de computadora, proyectores, consolas de juegos, reproductores de DVD. Conexión HDMI tipo A. Conjunto de cable HDMI compatible con Ethernet de alta velocidad, compatible con 1080p @ 60Hz, 4K UHD @ 30Hz Longitud: 1 metro.. Clave Oficial CT: CABBEL010. Marca: CT.",CONECTIVIDAD,monitores,CT,9.43,183.92,294.27,294.27,248.29,248.29,229.9,220.7,assets/img/catalog/monitores/CABBEL010.jpg,assets/img/catalog/monitores/CABBEL010.jpg,https://static.ctonline.mx/imagenes/CABBEL010/CABBEL010_400.jpg
CABBEL020,"Cable de Video HDMI BELDEN HDE003MB Alta Velocidad, 4K, Color negro. Espacio ambiental: Interior. Aplicaciones adecuadas: Señalización digital, monitores de computadora, proyectores, consolas de juegos, reproductores de DVD. Conexión HDMI tipo A. Conjunto de cable HDMI compatible con Ethernet de alta velocidad, compatible con 1080p @ 60Hz, 4K UHD @ 30Hz Longitud: 3 metros.","Cable de Video HDMI BELDEN HDE003MB Alta Velocidad, 4K, Color negro. Espacio ambiental: Interior. Aplicaciones adecuadas: Señalización digital, monitores de computadora, proyectores, consolas de juegos, reproductores de DVD. Conexión HDMI tipo A. Conjunto de cable HDMI compatible con Ethernet de alta velocidad, compatible con 1080p @ 60Hz, 4K UHD @ 30Hz Longitud: 3 metros.. Clave Oficial CT: CABBEL020. Marca: CT.",CONECTIVIDAD,monitores,CT,14.65,285.63,457.01,457.01,385.6,385.6,357.04,342.76,assets/img/catalog/monitores/CABBEL020.jpg,assets/img/catalog/monitores/CABBEL020.jpg,https://static.ctonline.mx/imagenes/CABBEL020/CABBEL020_400.jpg
CABBEL030,"Cable de Video HDMI BELDEN HDE005MB Alta Velocidad, 4K, Color negro. Espacio ambiental: Interior. Aplicaciones adecuadas: Señalización digital, monitores de computadora, proyectores, consolas de juegos, reproductores de DVD. Conexión HDMI tipo A. Conjunto de cable HDMI compatible con Ethernet de alta velocidad, compatible con 1080p @ 60Hz, 4K UHD @ 30Hz Longitud: 5 metros.","Cable de Video HDMI BELDEN HDE005MB Alta Velocidad, 4K, Color negro. Espacio ambiental: Interior. Aplicaciones adecuadas: Señalización digital, monitores de computadora, proyectores, consolas de juegos, reproductores de DVD. Conexión HDMI tipo A. Conjunto de cable HDMI compatible con Ethernet de alta velocidad, compatible con 1080p @ 60Hz, 4K UHD @ 30Hz Longitud: 5 metros.. Clave Oficial CT: CABBEL030. Marca: CT.",CONECTIVIDAD,monitores,CT,27.57,537.58,860.13,860.13,725.73,725.73,671.97,645.1,assets/img/catalog/monitores/CABBEL030.jpg,assets/img/catalog/monitores/CABBEL030.jpg,https://static.ctonline.mx/imagenes/CABBEL030/CABBEL030_400.jpg
CABBEL040,"Cable de Video HDMI BELDEN HDE015MB Alta Velocidad, 4K, Color negro. Espacio ambiental: Interior. Aplicaciones adecuadas: Señalización digital, monitores de computadora, proyectores, consolas de juegos, reproductores de DVD. Conexión HDMI tipo A. Conjunto de cable HDMI compatible con Ethernet de alta velocidad, compatible con 1080p @ 60Hz, 4K UHD @ 30Hz Longitud: 15 metros.","Cable de Video HDMI BELDEN HDE015MB Alta Velocidad, 4K, Color negro. Espacio ambiental: Interior. Aplicaciones adecuadas: Señalización digital, monitores de computadora, proyectores, consolas de juegos, reproductores de DVD. Conexión HDMI tipo A. Conjunto de cable HDMI compatible con Ethernet de alta velocidad, compatible con 1080p @ 60Hz, 4K UHD @ 30Hz Longitud: 15 metros.. Clave Oficial CT: CABBEL040. Marca: CT.",CONECTIVIDAD,monitores,CT,74.67,1456.07,2329.72,2329.72,1965.7,1965.7,1820.09,1747.29,assets/img/catalog/monitores/CABBEL040.jpg,assets/img/catalog/monitores/CABBEL040.jpg,https://static.ctonline.mx/imagenes/CABBEL040/CABBEL040_400.jpg
CABBEL050,"Cable de Video HDMI BELDEN HDE020MB Alta Velocidad, 4K, Color negro. Espacio ambiental: Interior. Aplicaciones adecuadas: Señalización digital, monitores de computadora, proyectores, consolas de juegos, reproductores de DVD. Conexión HDMI tipo A. Conjunto de cable HDMI compatible con Ethernet de alta velocidad, compatible con 1080p @ 60Hz, 4K UHD @ 30Hz Longitud: 20 metros.","Cable de Video HDMI BELDEN HDE020MB Alta Velocidad, 4K, Color negro. Espacio ambiental: Interior. Aplicaciones adecuadas: Señalización digital, monitores de computadora, proyectores, consolas de juegos, reproductores de DVD. Conexión HDMI tipo A. Conjunto de cable HDMI compatible con Ethernet de alta velocidad, compatible con 1080p @ 60Hz, 4K UHD @ 30Hz Longitud: 20 metros.. Clave Oficial CT: CABBEL050. Marca: CT.",CONECTIVIDAD,monitores,CT,90.51,1764.97,2823.95,2823.95,2382.71,2382.71,2206.21,2117.97,assets/img/catalog/monitores/CABBEL050.jpg,assets/img/catalog/monitores/CABBEL050.jpg,https://static.ctonline.mx/imagenes/CABBEL050/CABBEL050_400.jpg
ACPRUI010,"Access Point RUIJIE Wi-Fi 6 RG-RAP2260 (E) para interior en techo, Omnidireccional,  hasta 3.2 Gbps, estándar 802.11: a/ n/ ac/ ax, MU-MIMO 4x4, administración en la nube sin costo, monitoreo y configuración remota, doble banda 2.4GHz (4x4) / 5GHz (4x4), Ancho de banda (2.4 / 5) GHz: 800 Mbps / 2.4 Gbps, Ganancia Antenas (2.4 / 5) GHz: 3dBi / 3dBi, Alimentación por DC: 12v - 1.5A, Consumo energía: 25.4w","Access Point RUIJIE Wi-Fi 6 RG-RAP2260 (E) para interior en techo, Omnidireccional,  hasta 3.2 Gbps, estándar 802.11: a/ n/ ac/ ax, MU-MIMO 4x4, administración en la nube sin costo, monitoreo y configuración remota, doble banda 2.4GHz (4x4) / 5GHz (4x4), Ancho de banda (2.4 / 5) GHz: 800 Mbps / 2.4 Gbps, Ganancia Antenas (2.4 / 5) GHz: 3dBi / 3dBi, Alimentación por DC: 12v - 1.5A, Consumo energía: 25.4w. Clave Oficial CT: ACPRUI010. Marca: CT.",CONECTIVIDAD,monitores,CT,172.61,3365.97,5385.55,5385.55,4544.05,4544.05,4207.46,4039.16,assets/img/catalog/monitores/ACPRUI010.jpg,assets/img/catalog/monitores/ACPRUI010.jpg,https://static.ctonline.mx/imagenes/ACPRUI010/ACPRUI010_400.jpg
ACPRUI020,"Access Point RUIJIE Wi-Fi 6 RG-RAP2260 (G) para interior en techo, Omnidireccional,  hasta 1.7 Gbps, estándar 802.11: a/ n/ ac/ ax, MU-MIMO 2x2, administración en la nube sin costo, monitoreo y configuración remota, doble banda 2.4GHz (2x2) / 5GHz (2x2), Ancho de banda (2.4 / 5) GHz: 574 Mbps / 1.2 Gbps, Ganancia Antenas (2.4 / 5) GHz: 3dBi / 3dBi, Alimentación por DC: 12v - 1.5A, Consumo energía: 15.3w","Access Point RUIJIE Wi-Fi 6 RG-RAP2260 (G) para interior en techo, Omnidireccional,  hasta 1.7 Gbps, estándar 802.11: a/ n/ ac/ ax, MU-MIMO 2x2, administración en la nube sin costo, monitoreo y configuración remota, doble banda 2.4GHz (2x2) / 5GHz (2x2), Ancho de banda (2.4 / 5) GHz: 574 Mbps / 1.2 Gbps, Ganancia Antenas (2.4 / 5) GHz: 3dBi / 3dBi, Alimentación por DC: 12v - 1.5A, Consumo energía: 15.3w. Clave Oficial CT: ACPRUI020. Marca: CT.",CONECTIVIDAD,monitores,CT,104.18,2031.55,3250.47,3250.47,2742.59,2742.59,2539.43,2437.85,assets/img/catalog/monitores/ACPRUI020.jpg,assets/img/catalog/monitores/ACPRUI020.jpg,https://static.ctonline.mx/imagenes/ACPRUI020/ACPRUI020_400.jpg
ACPRUI030,"Access Point RUIJIE Wi-Fi 5 RG-RAP2200 (E) para interior en techo, Omnidireccional,  hasta 1.2 Gbps, estándar 802.11: a/ n/ ac/ ax, MU-MIMO 2x2, administración en la nube sin costo, monitoreo y configuración remota, doble banda 2.4GHz (2x2) / 5GHz (2x2), Ancho de banda (2.4 / 5) GHz: 400 Mbps / 867 Gbps, Ganancia Antenas (2.4 / 5) GHz: 2dBi / 2dBi, Alimentación por DC: 12v - 1.5A, Consumo energía: 12.95w","Access Point RUIJIE Wi-Fi 5 RG-RAP2200 (E) para interior en techo, Omnidireccional,  hasta 1.2 Gbps, estándar 802.11: a/ n/ ac/ ax, MU-MIMO 2x2, administración en la nube sin costo, monitoreo y configuración remota, doble banda 2.4GHz (2x2) / 5GHz (2x2), Ancho de banda (2.4 / 5) GHz: 400 Mbps / 867 Gbps, Ganancia Antenas (2.4 / 5) GHz: 2dBi / 2dBi, Alimentación por DC: 12v - 1.5A, Consumo energía: 12.95w. Clave Oficial CT: ACPRUI030. Marca: CT.",CONECTIVIDAD,monitores,CT,70.19,1368.77,2190.03,2190.03,1847.84,1847.84,1710.96,1642.52,assets/img/catalog/monitores/ACPRUI030.jpg,assets/img/catalog/monitores/ACPRUI030.jpg,https://static.ctonline.mx/imagenes/ACPRUI030/ACPRUI030_400.jpg
ACPRUI040,"Access Point RUIJIE Wi-Fi 5 RG-RAP2200 (F) para interior en techo, Omnidireccional, estándar 802.11: un/ n/ ac, MU-MIMO 2x2, administración en la nube sin costo, monitoreo y configuración remota, doble banda 2.4GHz (2x2) / 5GHz (2x2), Ancho de banda (2.4 / 5) GHz: 400 Mbps / 867 Gbps, Ganancia Antenas (2.4 / 5) GHz: 2dBi / 2dBi, No Mesh, Alimentación por DC: 12v - 1.5A, Consumo energía: 12.95w","Access Point RUIJIE Wi-Fi 5 RG-RAP2200 (F) para interior en techo, Omnidireccional, estándar 802.11: un/ n/ ac, MU-MIMO 2x2, administración en la nube sin costo, monitoreo y configuración remota, doble banda 2.4GHz (2x2) / 5GHz (2x2), Ancho de banda (2.4 / 5) GHz: 400 Mbps / 867 Gbps, Ganancia Antenas (2.4 / 5) GHz: 2dBi / 2dBi, No Mesh, Alimentación por DC: 12v - 1.5A, Consumo energía: 12.95w. Clave Oficial CT: ACPRUI040. Marca: CT.",CONECTIVIDAD,monitores,CT,55.85,1089.12,1742.59,1742.59,1470.31,1470.31,1361.4,1306.94,assets/img/catalog/monitores/ACPRUI040.jpg,assets/img/catalog/monitores/ACPRUI040.jpg,https://static.ctonline.mx/imagenes/ACPRUI040/ACPRUI040_400.jpg
ACPRUI050,"Access Point RUIJIE Wi-Fi 5 RG-RAP1200 (P) para interior en Pared, Mesh WiFi, estándar 802.11: a/ n/ ac, MU-MIMO 2x2, administración en la nube sin costo, monitoreo y configuración remota, doble banda 2.4GHz (2x2) / 5GHz (2x2), Ancho de banda (2.4 / 5) GHz: 400 Mbps / 867 Gbps, Ganancia Antenas (2.4 / 5) GHz: 2dBi / 2dBi, Alimentación por DC: 12v - 1.5A, alimentación PoE: 802.3at, Consumo energía: 8w (23W con poeOut)","Access Point RUIJIE Wi-Fi 5 RG-RAP1200 (P) para interior en Pared, Mesh WiFi, estándar 802.11: a/ n/ ac, MU-MIMO 2x2, administración en la nube sin costo, monitoreo y configuración remota, doble banda 2.4GHz (2x2) / 5GHz (2x2), Ancho de banda (2.4 / 5) GHz: 400 Mbps / 867 Gbps, Ganancia Antenas (2.4 / 5) GHz: 2dBi / 2dBi, Alimentación por DC: 12v - 1.5A, alimentación PoE: 802.3at, Consumo energía: 8w (23W con poeOut). Clave Oficial CT: ACPRUI050. Marca: CT.",CONECTIVIDAD,monitores,CT,81.38,1586.81,2538.9,2538.9,2142.2,2142.2,1983.52,1904.17,assets/img/catalog/monitores/ACPRUI050.jpg,assets/img/catalog/monitores/ACPRUI050.jpg,https://static.ctonline.mx/imagenes/ACPRUI050/ACPRUI050_400.jpg
ACPRUI060,"Extensor Mesh RUIJIE Wi-Fi 5 RG-EW1200R para interior, doble banda de Operación 2.4GHz (2x2) / 5GHz (2x2) , Estándar 802.11: a / n / ac, Ancho de banda (2.4 / 5) GHz: 300 Mbps / 867Mbps, Administración en la nube Sin Costo, Monitoreo y configuración remota, Antenas omnidireccionales 4 dBi (2.4 GHz) 4 dBi (5 GHz), Alimentación : 100-240V~50/60Hz 0.5A, Consumo energía: 15w","Extensor Mesh RUIJIE Wi-Fi 5 RG-EW1200R para interior, doble banda de Operación 2.4GHz (2x2) / 5GHz (2x2) , Estándar 802.11: a / n / ac, Ancho de banda (2.4 / 5) GHz: 300 Mbps / 867Mbps, Administración en la nube Sin Costo, Monitoreo y configuración remota, Antenas omnidireccionales 4 dBi (2.4 GHz) 4 dBi (5 GHz), Alimentación : 100-240V~50/60Hz 0.5A, Consumo energía: 15w. Clave Oficial CT: ACPRUI060. Marca: CT.",CONECTIVIDAD,monitores,CT,37.32,727.7,1164.33,1164.33,982.4,982.4,909.63,873.25,assets/img/catalog/monitores/ACPRUI060.jpg,assets/img/catalog/monitores/ACPRUI060.jpg,https://static.ctonline.mx/imagenes/ACPRUI060/ACPRUI060_400.jpg
ACPCAM120,"ePMP Force 300-CSML para zonas con alta interferencia , hasta 400+ Mbps, 4910-6200 MHz, 802.11 AC Wave2, Conectorizado, latencia baja (C050910C161A) calidad de servicio para priorizar tráfico Triple Play (Video, Voz y Datos) Latencia muy baja de 3-5 ms, Monitoreo desde la nube con cnMaestro, recibe notificaciones de los eventos, Modo de operación para Punto a Punto o Suscritor de Multipunto.  *Incluye fuente de alimentación PoE y montaje para mástil, Necesita montaje: E-MOUNT.","ePMP Force 300-CSML para zonas con alta interferencia , hasta 400+ Mbps, 4910-6200 MHz, 802.11 AC Wave2, Conectorizado, latencia baja (C050910C161A) calidad de servicio para priorizar tráfico Triple Play (Video, Voz y Datos) Latencia muy baja de 3-5 ms, Monitoreo desde la nube con cnMaestro, recibe notificaciones de los eventos, Modo de operación para Punto a Punto o Suscritor de Multipunto.  *Incluye fuente de alimentación PoE y montaje para mástil, Necesita montaje: E-MOUNT.. Clave Oficial CT: ACPCAM120. Marca: CT.",CONECTIVIDAD,monitores,CT,169.57,3306.52,5290.43,5290.43,4463.8,4463.8,4133.15,3967.83,assets/img/catalog/monitores/ACPCAM120.jpg,assets/img/catalog/monitores/ACPCAM120.jpg,https://static.ctonline.mx/imagenes/ACPCAM120/ACPCAM120_400.jpg
ACPCAM130,"ePMP Force 300-13 Suscriptor de multipunto para zonas con alta interferencia, 4910-5970 MHz, Wave 2, Baja latencia, antena de 13 dBi, hasta 600 Mbps (C050900C705A), Mayor capacidad que Force 300-13L (Hasta 600 Mbps), Calidad de servicio para priorizar tráfico Triple Play (Video, Voz y Datos), Monitoreo desde la nube con cnMaestro, reciba notificaciones de eventos, Opción para configurar como punto a punto. * Incluye fuente de alimentación PoE, integra carcasa para instalarse en mástil.","ePMP Force 300-13 Suscriptor de multipunto para zonas con alta interferencia, 4910-5970 MHz, Wave 2, Baja latencia, antena de 13 dBi, hasta 600 Mbps (C050900C705A), Mayor capacidad que Force 300-13L (Hasta 600 Mbps), Calidad de servicio para priorizar tráfico Triple Play (Video, Voz y Datos), Monitoreo desde la nube con cnMaestro, reciba notificaciones de eventos, Opción para configurar como punto a punto. * Incluye fuente de alimentación PoE, integra carcasa para instalarse en mástil.. Clave Oficial CT: ACPCAM130. Marca: CT.",CONECTIVIDAD,monitores,CT,178.67,3484.14,5574.63,5574.63,4703.59,4703.59,4355.18,4180.97,assets/img/catalog/monitores/ACPCAM130.jpg,assets/img/catalog/monitores/ACPCAM130.jpg,https://static.ctonline.mx/imagenes/ACPCAM130/ACPCAM130_400.jpg
ANTCAM040,"ePMP Force 300-25L para zonas con alta interferencia C050910M171A, hasta 400+ Mbps, 4910-6200 MHz, 802.11 AC Wave2, Antena de 25 dBi, calidad de servicio para priorizar tráfico Triple Play (Video, Voz y Datos), latencia muy baja de 3-5 ms, monitoreo  desde la nube con cnMaestro, reciba notificaciones de los eventos, modo de operación para Punto a Punto o Suscritor de Multipunto. *Incluye fuente de alimentación PoE y montaje para mástil.","ePMP Force 300-25L para zonas con alta interferencia C050910M171A, hasta 400+ Mbps, 4910-6200 MHz, 802.11 AC Wave2, Antena de 25 dBi, calidad de servicio para priorizar tráfico Triple Play (Video, Voz y Datos), latencia muy baja de 3-5 ms, monitoreo  desde la nube con cnMaestro, reciba notificaciones de los eventos, modo de operación para Punto a Punto o Suscritor de Multipunto. *Incluye fuente de alimentación PoE y montaje para mástil.. Clave Oficial CT: ANTCAM040. Marca: CT.",CONECTIVIDAD,monitores,CT,143.32,2794.65,4471.43,4471.43,3772.77,3772.77,3493.31,3353.58,assets/img/catalog/monitores/ANTCAM040.jpg,assets/img/catalog/monitores/ANTCAM040.jpg,https://static.ctonline.mx/imagenes/ANTCAM040/ANTCAM040_400.jpg
ANTCAM050,"Suscriptor ePMP Force 130 MIMO 2x2, 28 dBm de potencia, mejor desempeño y modulación en zonas ruidosas, 5150-5970 MHz, antena integrada de 14 dBi (C050900C505A), Monitoreo gratuito desde la nube con cnMaestro, alto desempeño y baja latencia 3-5 ms, opción para configurar como punto a punto, mejor desempeño y  modulación en ambientes ruidosos, Potencia de 28 dBm (630 mW).","Suscriptor ePMP Force 130 MIMO 2x2, 28 dBm de potencia, mejor desempeño y modulación en zonas ruidosas, 5150-5970 MHz, antena integrada de 14 dBi (C050900C505A), Monitoreo gratuito desde la nube con cnMaestro, alto desempeño y baja latencia 3-5 ms, opción para configurar como punto a punto, mejor desempeño y  modulación en ambientes ruidosos, Potencia de 28 dBm (630 mW).. Clave Oficial CT: ANTCAM050. Marca: CT.",CONECTIVIDAD,monitores,CT,97.83,1907.61,3052.17,3052.17,2575.27,2575.27,2384.51,2289.13,assets/img/catalog/monitores/ANTCAM050.jpg,assets/img/catalog/monitores/ANTCAM050.jpg,https://static.ctonline.mx/imagenes/ANTCAM050/ANTCAM050_400.jpg
ANTCAM060,"ePMP Force 300-25 para zonas con alta interferencia, hasta 600+ Mbps, 4910-5970 MHz, Wave2, antena de 25 dBi, muy baja latencia (C050910C101A) FORCE-300, Calidad de servicio para priorizar tráfico Triple Play (Video, Voz y Datos), latencia muy baja de 3-5 ms, monitoreo desde la nube con cnMaestro, reciba notificaciones de los eventos, modo de operación para Punto a Punto o Suscritor de Multipunto. *Incluye fuente de alimentación PoE y montaje para mástil.","ePMP Force 300-25 para zonas con alta interferencia, hasta 600+ Mbps, 4910-5970 MHz, Wave2, antena de 25 dBi, muy baja latencia (C050910C101A) FORCE-300, Calidad de servicio para priorizar tráfico Triple Play (Video, Voz y Datos), latencia muy baja de 3-5 ms, monitoreo desde la nube con cnMaestro, reciba notificaciones de los eventos, modo de operación para Punto a Punto o Suscritor de Multipunto. *Incluye fuente de alimentación PoE y montaje para mástil.. Clave Oficial CT: ANTCAM060. Marca: CT.",CONECTIVIDAD,monitores,CT,205.71,4011.28,6418.04,6418.04,5415.22,5415.22,5014.1,4813.53,assets/img/catalog/monitores/ANTCAM060.jpg,assets/img/catalog/monitores/ANTCAM060.jpg,https://static.ctonline.mx/imagenes/ANTCAM060/ANTCAM060_400.jpg
ANTCAM080,"ePMP FORCE300-19 para enlaces en zonas con alta interfencia, baja latencia, 4910-5970 MHz, Antena de 19 dBi, Wave 2, hasta Mbps, (C060900C805A), calidad de servicio para priorizar tráfico Triple Play (Video, Voz y Datos), Monitoreo desde la nube con cnMaestro, reciba notificaciones de eventos, opción para configurar como punto a punto. *Incluye fuente de alimentación PoE y accesorios para instalarse en mástil.","ePMP FORCE300-19 para enlaces en zonas con alta interfencia, baja latencia, 4910-5970 MHz, Antena de 19 dBi, Wave 2, hasta Mbps, (C060900C805A), calidad de servicio para priorizar tráfico Triple Play (Video, Voz y Datos), Monitoreo desde la nube con cnMaestro, reciba notificaciones de eventos, opción para configurar como punto a punto. *Incluye fuente de alimentación PoE y accesorios para instalarse en mástil.. Clave Oficial CT: ANTCAM080. Marca: CT.",CONECTIVIDAD,monitores,CT,209.71,4089.28,6542.84,6542.84,5520.52,5520.52,5111.6,4907.13,assets/img/catalog/monitores/ANTCAM080.jpg,assets/img/catalog/monitores/ANTCAM080.jpg,https://static.ctonline.mx/imagenes/ANTCAM080/ANTCAM080_400.jpg
ANTCAM090,"ePMP Force 300-13L Suscriptor de multipunto para zonas con alta interferencia C050910C131A, 4920-5970 MHz, Wave 2, Baja latencia, antena de 13 dBi, hasta 400 Mbps, Calidad de servicio para priorizar tráfico Triple Play (Video, Voz y Datos), Monitoreo desde la nube con cnMaestro, reciba notificaciones de eventos. *Incluye fuente de alimentación PoE, integra carsaca para instalarse en mástil.","ePMP Force 300-13L Suscriptor de multipunto para zonas con alta interferencia C050910C131A, 4920-5970 MHz, Wave 2, Baja latencia, antena de 13 dBi, hasta 400 Mbps, Calidad de servicio para priorizar tráfico Triple Play (Video, Voz y Datos), Monitoreo desde la nube con cnMaestro, reciba notificaciones de eventos. *Incluye fuente de alimentación PoE, integra carsaca para instalarse en mástil.. Clave Oficial CT: ANTCAM090. Marca: CT.",CONECTIVIDAD,monitores,CT,132.57,2585.02,4136.03,4136.03,3489.78,3489.78,3231.28,3102.03,assets/img/catalog/monitores/ANTCAM090.jpg,assets/img/catalog/monitores/ANTCAM090.jpg,https://static.ctonline.mx/imagenes/ANTCAM090/ANTCAM090_400.jpg
ACPMIM040,"Punto de Acceso A5X, 4.9-6.4 GHz, Conectorizado, MU-MIMO 2X2, hasta 64 usuarios concurrentes, 700 Mbps, conectores SMA-hembra, Adaptación al entorno, Monitoreo a través de la nube. Capas de soportar ambientes extremos, Multipunto para gran densidad de usuarios, Compatibilidad con C5c y C5x, Protocolo de seguridad 802.1x","Punto de Acceso A5X, 4.9-6.4 GHz, Conectorizado, MU-MIMO 2X2, hasta 64 usuarios concurrentes, 700 Mbps, conectores SMA-hembra, Adaptación al entorno, Monitoreo a través de la nube. Capas de soportar ambientes extremos, Multipunto para gran densidad de usuarios, Compatibilidad con C5c y C5x, Protocolo de seguridad 802.1x. Clave Oficial CT: ACPMIM040. Marca: CT.",CONECTIVIDAD,monitores,CT,354.49,6912.51,11060.01,11060.01,9331.88,9331.88,8640.63,8295.01,assets/img/catalog/monitores/ACPMIM040.jpg,assets/img/catalog/monitores/ACPMIM040.jpg,https://static.ctonline.mx/imagenes/ACPMIM040/ACPMIM040_400.jpg
ACPMIM020,Punto de Acceso A5C de 1.5 Gbps / MU-MIMO 4X4 / 4.9-6.4 GHz / 4 Conectores N-hembra / Hasta 100 clientes concurrentes / Incluye POE y cable de alimentación /Soporta monitoreo en la nube.,Punto de Acceso A5C de 1.5 Gbps / MU-MIMO 4X4 / 4.9-6.4 GHz / 4 Conectores N-hembra / Hasta 100 clientes concurrentes / Incluye POE y cable de alimentación /Soporta monitoreo en la nube.. Clave Oficial CT: ACPMIM020. Marca: CT.,CONECTIVIDAD,monitores,CT,835.77,16297.61,26076.18,26076.18,22001.78,22001.78,20372.02,19557.13,assets/img/catalog/monitores/ACPMIM020.jpg,assets/img/catalog/monitores/ACPMIM020.jpg,https://static.ctonline.mx/imagenes/ACPMIM020/ACPMIM020_400.jpg
ACPMIM050,"Punto de acceso MU-MIMO 8x8 A6X-AP, Capacidad de hasta 7 Gbps, Antena integrada de 24 dBi, Ángulo de apertura de 90°, Punto-Multipunto, 2 puertos SFP y 1 puerto fast ethernet. Soporta monitor a través de Mimosa Cloud. El equipo solo trabaja como AP, no puede trabajar como enlace PTP.","Punto de acceso MU-MIMO 8x8 A6X-AP, Capacidad de hasta 7 Gbps, Antena integrada de 24 dBi, Ángulo de apertura de 90°, Punto-Multipunto, 2 puertos SFP y 1 puerto fast ethernet. Soporta monitor a través de Mimosa Cloud. El equipo solo trabaja como AP, no puede trabajar como enlace PTP.. Clave Oficial CT: ACPMIM050. Marca: CT.",CONECTIVIDAD,monitores,CT,2460.82,47986.09,76777.74,76777.74,64781.22,64781.22,59982.61,57583.3,assets/img/catalog/monitores/ACPMIM050.jpg,assets/img/catalog/monitores/ACPMIM050.jpg,https://static.ctonline.mx/imagenes/ACPMIM050/ACPMIM050_400.jpg
MONDAH270,"Monitor DAHUA 21.5 DHI-LM22-A211Y bisel ultra estrecho, procesamiento digital de alta fidelidad ,visión extra amplia de 178"", 100 Hz  3 años de garantía .","Monitor DAHUA 21.5 DHI-LM22-A211Y bisel ultra estrecho, procesamiento digital de alta fidelidad ,visión extra amplia de 178"", 100 Hz  3 años de garantía .. Clave Oficial CT: MONDAH270. Marca: CT.",TELEFONIA Y VIDEO VIGILANCIA,monitores,CT,52.5,1023.75,1638.0,1638.0,1382.06,1382.06,1279.69,1228.5,assets/img/catalog/monitores/MONDAH270.jpg,assets/img/catalog/monitores/MONDAH270.jpg,https://static.ctonline.mx/imagenes/MONDAH270/MONDAH270_400.jpg
MONDAH260,Monitor DAHUA 23.8 DHI-LM24-A200Y ultra delgado  3 años de garantia .,Monitor DAHUA 23.8 DHI-LM24-A200Y ultra delgado  3 años de garantia .. Clave Oficial CT: MONDAH260. Marca: CT.,TELEFONIA Y VIDEO VIGILANCIA,monitores,CT,61.16,1192.6,1908.16,1908.16,1610.01,1610.01,1490.75,1431.12,assets/img/catalog/monitores/MONDAH260.jpg,assets/img/catalog/monitores/MONDAH260.jpg,https://static.ctonline.mx/imagenes/MONDAH260/MONDAH260_400.jpg
MONDAH280,"Monitor DAHUA DHI-LM27-A201H  Angulo de visión extra amplio de 178°H/178°V procesamiento digital de alta fidelidad, admite múltiples entradas de señal HDMI y VGA modo de control mediante botones fisicos, bajo consumo de energía.","Monitor DAHUA DHI-LM27-A201H  Angulo de visión extra amplio de 178°H/178°V procesamiento digital de alta fidelidad, admite múltiples entradas de señal HDMI y VGA modo de control mediante botones fisicos, bajo consumo de energía.. Clave Oficial CT: MONDAH280. Marca: CT.",TELEFONIA Y VIDEO VIGILANCIA,monitores,CT,78.81,1536.73,2458.77,2458.77,2074.59,2074.59,1920.92,1844.08,assets/img/catalog/monitores/MONDAH280.jpg,assets/img/catalog/monitores/MONDAH280.jpg,https://static.ctonline.mx/imagenes/MONDAH280/MONDAH280_400.jpg
MONDAH090,"Monitor 32"" 24/7 DHI-LM32-F200 Pantalla FHD de 32 pulgadas con resolución 1920×1080, diseñada para uso 24/7. Ofrece 240 cd/m² de brillo, entradas HDMI, VGA, USB, altavoces integrados y control remoto","Monitor 32"" 24/7 DHI-LM32-F200 Pantalla FHD de 32 pulgadas con resolución 1920×1080, diseñada para uso 24/7. Ofrece 240 cd/m² de brillo, entradas HDMI, VGA, USB, altavoces integrados y control remoto. Clave Oficial CT: MONDAH090. Marca: CT.",TELEFONIA Y VIDEO VIGILANCIA,monitores,CT,239.74,4674.9,7479.85,7479.85,6311.12,6311.12,5843.63,5609.88,assets/img/catalog/monitores/MONDAH090.jpg,assets/img/catalog/monitores/MONDAH090.jpg,https://static.ctonline.mx/imagenes/MONDAH090/MONDAH090_400.jpg
MONDAH110,"Monitor VTO IP TOUCH 7"" DHI-VTH2421FB-P Monitor IP táctil de 7"" Serie Pro, con 8GB de memoria embebida, PoE estándar, ranura MicroSD, soporta llamada grupal, videos, mensajes, 6 entradas/salidas de alarma, hasta 9 monitores adicionales","Monitor VTO IP TOUCH 7"" DHI-VTH2421FB-P Monitor IP táctil de 7"" Serie Pro, con 8GB de memoria embebida, PoE estándar, ranura MicroSD, soporta llamada grupal, videos, mensajes, 6 entradas/salidas de alarma, hasta 9 monitores adicionales. Clave Oficial CT: MONDAH110. Marca: CT.",TELEFONIA Y VIDEO VIGILANCIA,monitores,CT,110.35,2151.87,3442.99,3442.99,2905.02,2905.02,2689.84,2582.24,assets/img/catalog/monitores/MONDAH110.jpg,assets/img/catalog/monitores/MONDAH110.jpg,https://static.ctonline.mx/imagenes/MONDAH110/MONDAH110_400.jpg
MONDAH230,"Monitor VTO IP TOUCH 7"" DHI-VTH2621G-P Monitor IP táctil de 7"" en negro, Serie Lite, ideal para interiores. Soporta PoE estándar, hasta 4 cámaras de entrada y 4 monitores adicionales. Incluye modo No Molestar, 6 entradas/salidas de alarma, y compresión H.265","Monitor VTO IP TOUCH 7"" DHI-VTH2621G-P Monitor IP táctil de 7"" en negro, Serie Lite, ideal para interiores. Soporta PoE estándar, hasta 4 cámaras de entrada y 4 monitores adicionales. Incluye modo No Molestar, 6 entradas/salidas de alarma, y compresión H.265. Clave Oficial CT: MONDAH230. Marca: CT.",TELEFONIA Y VIDEO VIGILANCIA,monitores,CT,68.84,1342.4,2147.84,2147.84,1812.24,1812.24,1678.0,1610.88,assets/img/catalog/monitores/MONDAH230.jpg,assets/img/catalog/monitores/MONDAH230.jpg,https://static.ctonline.mx/imagenes/MONDAH230/MONDAH230_400.jpg
MONDAH130,"Monitor de Video Portero Dahua analógico DHI-VTH1020J, 7"", compatible con KTA01 / KTA02, Color blanco, fuente de alimentación DC 12V /1A (No Incluida), Soporte de montaje incluido","Monitor de Video Portero Dahua analógico DHI-VTH1020J, 7"", compatible con KTA01 / KTA02, Color blanco, fuente de alimentación DC 12V /1A (No Incluida), Soporte de montaje incluido. Clave Oficial CT: MONDAH130. Marca: CT.",TELEFONIA Y VIDEO VIGILANCIA,monitores,CT,52.75,1028.68,1645.88,1645.88,1388.71,1388.71,1285.85,1234.41,assets/img/catalog/monitores/MONDAH130.jpg,assets/img/catalog/monitores/MONDAH130.jpg,https://static.ctonline.mx/imagenes/MONDAH130/MONDAH130_400.jpg
MONDAH200,"Monitor Dahua DHI-LM22-B201S-B3 Carcasa de plástico ligera y económica; Bisel ultraestrecho, apariencia elegante, base de metal; Ángulo de visión extra amplio de 178°H/178°V para un rendimiento de visualización general; Procesamiento digital de alta fidelidad para un vídeo brillante y vívido; Admite múltiples entradas de señal como HDMI, VGA; Modo de control de botón físico; Bajo consumo de energía, larga vida útil; Diseño de luz anti-azul, protector para los ojos.","Monitor Dahua DHI-LM22-B201S-B3 Carcasa de plástico ligera y económica; Bisel ultraestrecho, apariencia elegante, base de metal; Ángulo de visión extra amplio de 178°H/178°V para un rendimiento de visualización general; Procesamiento digital de alta fidelidad para un vídeo brillante y vívido; Admite múltiples entradas de señal como HDMI, VGA; Modo de control de botón físico; Bajo consumo de energía, larga vida útil; Diseño de luz anti-azul, protector para los ojos.. Clave Oficial CT: MONDAH200. Marca: CT.",TELEFONIA Y VIDEO VIGILANCIA,monitores,CT,56.14,1094.73,1751.56,1751.56,1477.88,1477.88,1368.41,1313.67,assets/img/catalog/monitores/MONDAH200.jpg,assets/img/catalog/monitores/MONDAH200.jpg,https://static.ctonline.mx/imagenes/MONDAH200/MONDAH200_400.jpg
MONDAH240,"Monitor Ip Touch 7"" DHI-VTH2621GW-P Monitor IP Touch de 7 Pulgadas/ Serie Lite/ Blanco/ Poe Estándar/ 6&1 E&S de Alarmas/ Uso Interior/ Modo No Molestar/ H.265/ Soporta Hasta 4 Frentes de Calle y 4 Monitores Adicionales","Monitor Ip Touch 7"" DHI-VTH2621GW-P Monitor IP Touch de 7 Pulgadas/ Serie Lite/ Blanco/ Poe Estándar/ 6&1 E&S de Alarmas/ Uso Interior/ Modo No Molestar/ H.265/ Soporta Hasta 4 Frentes de Calle y 4 Monitores Adicionales. Clave Oficial CT: MONDAH240. Marca: CT.",TELEFONIA Y VIDEO VIGILANCIA,monitores,CT,67.43,1314.89,2103.82,2103.82,1775.1,1775.1,1643.61,1577.86,assets/img/catalog/monitores/MONDAH240.jpg,assets/img/catalog/monitores/MONDAH240.jpg,https://static.ctonline.mx/imagenes/MONDAH240/MONDAH240_400.jpg
MONDAH210,"Monitor Dahua DHI-LM24-B201S-B3 Carcasa de plástico ligera y económica; Bisel ultraestrecho, apariencia elegante, base de metal; Ángulo de visión extra amplio de 178°H/178°V para un rendimiento de visualización general; Procesamiento digital de alta fidelidad para un vídeo brillante y vívido;
 Admite múltiples entradas de señal como HDMI, VGA; Modo de control de botón físico; Bajo consumo de energía, larga vida útil; Diseño de luz anti-azul, protector para los ojos.","Monitor Dahua DHI-LM24-B201S-B3 Carcasa de plástico ligera y económica; Bisel ultraestrecho, apariencia elegante, base de metal; Ángulo de visión extra amplio de 178°H/178°V para un rendimiento de visualización general; Procesamiento digital de alta fidelidad para un vídeo brillante y vívido;
 Admite múltiples entradas de señal como HDMI, VGA; Modo de control de botón físico; Bajo consumo de energía, larga vida útil; Diseño de luz anti-azul, protector para los ojos.. Clave Oficial CT: MONDAH210. Marca: CT.",TELEFONIA Y VIDEO VIGILANCIA,monitores,CT,63.34,1235.21,1976.34,1976.34,1667.53,1667.53,1544.01,1482.25,assets/img/catalog/monitores/MONDAH210.jpg,assets/img/catalog/monitores/MONDAH210.jpg,https://static.ctonline.mx/imagenes/MONDAH210/MONDAH210_400.jpg
MONDAH190,"Monitor Dahua DHI-LM27-A200F Carcasa de plástico ligera y económica; Bisel ultraestrecho, apariencia elegante, base de metal; Ángulo de visión extra amplio de 178°H/178°V para un rendimiento de visualización general; Procesamiento digital de alta fidelidad para un vídeo brillante y vívido; Admite múltiples entradas de señal, incluidas HDMI y VGA; Bajo consumo de energía, larga vida útil; Diseño de luz anti-azul, protector para los ojos","Monitor Dahua DHI-LM27-A200F Carcasa de plástico ligera y económica; Bisel ultraestrecho, apariencia elegante, base de metal; Ángulo de visión extra amplio de 178°H/178°V para un rendimiento de visualización general; Procesamiento digital de alta fidelidad para un vídeo brillante y vívido; Admite múltiples entradas de señal, incluidas HDMI y VGA; Bajo consumo de energía, larga vida útil; Diseño de luz anti-azul, protector para los ojos. Clave Oficial CT: MONDAH190. Marca: CT.",TELEFONIA Y VIDEO VIGILANCIA,monitores,CT,77.32,1507.79,2412.46,2412.46,2035.52,2035.52,1884.74,1809.35,assets/img/catalog/monitores/MONDAH190.jpg,assets/img/catalog/monitores/MONDAH190.jpg,https://static.ctonline.mx/imagenes/MONDAH190/MONDAH190_400.jpg
MONDAH140,DAHUA DHI-LM22-B200S - Monitor de 21.45 Pulgadas/ Ultra Delgado/ 1920×1080/ Angulo de Visualización de 178 Grados/ Altavoces Integrados/ HDMI&VGA/ Diseño de Micro Bisel,DAHUA DHI-LM22-B200S - Monitor de 21.45 Pulgadas/ Ultra Delgado/ 1920×1080/ Angulo de Visualización de 178 Grados/ Altavoces Integrados/ HDMI&VGA/ Diseño de Micro Bisel. Clave Oficial CT: MONDAH140. Marca: DAHUA.,TELEFONIA Y VIDEO VIGILANCIA,monitores,DAHUA,76.55,1492.69,2388.31,2388.31,2015.14,2015.14,1865.87,1791.23,assets/img/catalog/monitores/MONDAH140.jpg,assets/img/catalog/monitores/MONDAH140.jpg,https://static.ctonline.mx/imagenes/MONDAH140/MONDAH140_400.jpg
MONDAH170,"Monitor Dahua DHI-LM25-E231B / monitor 25 plg a resolución de 1920*1080 produce imágenes más claras y vívidas; Panel IPS para amplios ángulos de visión con diseño sin marco de 3 lados; Amplia gama de colores, 100% sRGB, 85% NTSC, 90% DCI-P3, 83% Adobe RGB. Satisface la demanda del diseñador en cuanto a textura de imagen; La sincronización adaptativa puede resolver eficazmente los problemas de retraso y desgarro de la imagen; Tiempo de respuesta rápido de 1 ms sin imágenes borrosas ni fantasmas","Monitor Dahua DHI-LM25-E231B / monitor 25 plg a resolución de 1920*1080 produce imágenes más claras y vívidas; Panel IPS para amplios ángulos de visión con diseño sin marco de 3 lados; Amplia gama de colores, 100% sRGB, 85% NTSC, 90% DCI-P3, 83% Adobe RGB. Satisface la demanda del diseñador en cuanto a textura de imagen; La sincronización adaptativa puede resolver eficazmente los problemas de retraso y desgarro de la imagen; Tiempo de respuesta rápido de 1 ms sin imágenes borrosas ni fantasmas. Clave Oficial CT: MONDAH170. Marca: CT.",TELEFONIA Y VIDEO VIGILANCIA,monitores,CT,93.67,1826.5,2922.4,2922.4,2465.77,2465.77,2283.12,2191.8,assets/img/catalog/monitores/MONDAH170.jpg,assets/img/catalog/monitores/MONDAH170.jpg,https://static.ctonline.mx/imagenes/MONDAH170/MONDAH170_400.jpg
MONDAH150,DAHUA DHI-LM24-B200S - Monitor de 23.80 Pulgadas/ Ultra Delgado/ 1920×1080/ Angulo de Visualización de 178 Grados/ Altavoces Integrados/ HDMI&VGA/ Diseño de Micro Bisel,DAHUA DHI-LM24-B200S - Monitor de 23.80 Pulgadas/ Ultra Delgado/ 1920×1080/ Angulo de Visualización de 178 Grados/ Altavoces Integrados/ HDMI&VGA/ Diseño de Micro Bisel. Clave Oficial CT: MONDAH150. Marca: DAHUA.,TELEFONIA Y VIDEO VIGILANCIA,monitores,DAHUA,90.19,1758.77,2814.04,2814.04,2374.35,2374.35,2198.47,2110.53,assets/img/catalog/monitores/MONDAH150.jpg,assets/img/catalog/monitores/MONDAH150.jpg,https://static.ctonline.mx/imagenes/MONDAH150/MONDAH150_400.jpg
MONDAH180,"Monitor Dahua DHI-LM27-E231B /a resolución de 1920*1080 produce imágenes más claras y vívidas; Panel IPS para amplios ángulos de visión con diseño sin marco de 3 lados; Amplia gama de colores, 100% sRGB, 85% NTSC, 90% DCI-P3, 83% Adobe RGB. Satisface la demanda del diseñador en cuanto a textura de imagen; Ángulo de visión extra amplio de 178°H/178°V para un rendimiento de visualización completo; La sincronización adaptativa puede resolver eficazmente los problemas de retraso y desgarro de la imagen; Tiempo de respuesta rápido de 1 ms sin imágenes borrosas ni fantasmas","Monitor Dahua DHI-LM27-E231B /a resolución de 1920*1080 produce imágenes más claras y vívidas; Panel IPS para amplios ángulos de visión con diseño sin marco de 3 lados; Amplia gama de colores, 100% sRGB, 85% NTSC, 90% DCI-P3, 83% Adobe RGB. Satisface la demanda del diseñador en cuanto a textura de imagen; Ángulo de visión extra amplio de 178°H/178°V para un rendimiento de visualización completo; La sincronización adaptativa puede resolver eficazmente los problemas de retraso y desgarro de la imagen; Tiempo de respuesta rápido de 1 ms sin imágenes borrosas ni fantasmas. Clave Oficial CT: MONDAH180. Marca: CT.",TELEFONIA Y VIDEO VIGILANCIA,monitores,CT,106.65,2079.58,3327.33,3327.33,2807.43,2807.43,2599.48,2495.5,assets/img/catalog/monitores/MONDAH180.jpg,assets/img/catalog/monitores/MONDAH180.jpg,https://static.ctonline.mx/imagenes/MONDAH180/MONDAH180_400.jpg
MONDAH050,"Monitor IP DAHUA touch de 7 pulgadas VTH5221DS2, Conexión WiFi y ethernet, PoE 802.3af, Soporta microSD Hasta 32GB, 32 Cámaras IP, Hasta 20 frentes de calle","Monitor IP DAHUA touch de 7 pulgadas VTH5221DS2, Conexión WiFi y ethernet, PoE 802.3af, Soporta microSD Hasta 32GB, 32 Cámaras IP, Hasta 20 frentes de calle. Clave Oficial CT: MONDAH050. Marca: CT.",TELEFONIA Y VIDEO VIGILANCIA,monitores,CT,123.94,2416.74,3866.79,3866.79,3262.6,3262.6,3020.93,2900.09,assets/img/catalog/monitores/MONDAH050.jpg,assets/img/catalog/monitores/MONDAH050.jpg,https://static.ctonline.mx/imagenes/MONDAH050/MONDAH050_400.jpg
MONDAH250,Monitor DAHUA 27 DHI-LM27-B200S Monitor de 27 Pulgadas/ Full HD/ Especial para Videovigilancia/ Ideal para trabajo 24/7/ Marco Ultra Delgado/ Angulo de 178 Grados de Visualización/ Entrada HDMI&VGA/ VESA/ Bajo consumo de energía,Monitor DAHUA 27 DHI-LM27-B200S Monitor de 27 Pulgadas/ Full HD/ Especial para Videovigilancia/ Ideal para trabajo 24/7/ Marco Ultra Delgado/ Angulo de 178 Grados de Visualización/ Entrada HDMI&VGA/ VESA/ Bajo consumo de energía. Clave Oficial CT: MONDAH250. Marca: CT.,TELEFONIA Y VIDEO VIGILANCIA,monitores,CT,145.96,2846.16,4553.86,4553.86,3842.32,3842.32,3557.7,3415.39,assets/img/catalog/monitores/MONDAH250.jpg,assets/img/catalog/monitores/MONDAH250.jpg,https://static.ctonline.mx/imagenes/MONDAH250/MONDAH250_400.jpg
MONDAH220,"Monitor Dahua DHI-LM34-E330CA La resolución de 3440*1440 produce imágenes más claras y vívidas; Cómoda curvatura exquisita de 1500R, cercana a la apariencia y sensación naturales del ojo humano, brindando un disfrute visual inmersivo Amplia gama de colores, 120% sRGB, 85% NTSC, 85% DCI-P3, 85% Adobe RGB. Satisface la demanda del diseñador en cuanto a textura de imagen; Ángulo de visión extra amplio de 178°H/178°V para un rendimiento de visualización completo; La sincronización adaptativa puede resolver eficazmente los problemas de retraso y desgarro de la imagen; Tiempo de respuesta rápido sin imágenes borrosas ni fantasmas;","Monitor Dahua DHI-LM34-E330CA La resolución de 3440*1440 produce imágenes más claras y vívidas; Cómoda curvatura exquisita de 1500R, cercana a la apariencia y sensación naturales del ojo humano, brindando un disfrute visual inmersivo Amplia gama de colores, 120% sRGB, 85% NTSC, 85% DCI-P3, 85% Adobe RGB. Satisface la demanda del diseñador en cuanto a textura de imagen; Ángulo de visión extra amplio de 178°H/178°V para un rendimiento de visualización completo; La sincronización adaptativa puede resolver eficazmente los problemas de retraso y desgarro de la imagen; Tiempo de respuesta rápido sin imágenes borrosas ni fantasmas;. Clave Oficial CT: MONDAH220. Marca: CT.",TELEFONIA Y VIDEO VIGILANCIA,monitores,CT,222.43,4337.39,6939.82,6939.82,5855.47,5855.47,5421.73,5204.86,assets/img/catalog/monitores/MONDAH220.jpg,assets/img/catalog/monitores/MONDAH220.jpg,https://static.ctonline.mx/imagenes/MONDAH220/MONDAH220_400.jpg
GRDQIA060,"DVR híbrido 16 Canales. QIAN. QSS-DVR16H. YAO DVR 16 Canales pentahíbrido 1080N (ANALÓGICO, AHD, IP, TVI Y CVI). Resolución HD 1080P alta definición para mostrar imágenes claras y detalladas. Soporta 1 unidad de almacenamiento SATA de 3.5"" de hasta 6GB (NO INCLUIDO). Apoyo para disco Duro móvil USB. Monitoreo 24 hrs y grabación continua sin interrupción. Modo de Video Cronometraje, detección manual, dinámica, alarma externa. 4x reproduciones simultaneas. Multilenguaje diferentes opciones de leguaje. Formato de compresión H.264. Compatible con cámaras PTZ, Interfaz 1xRS485. Sistema Operativo Linux. Formato de Archivo de respaldo: DAV, AVI. Puertos: VGA, BNC, HDMI, 2xAudio In, 1xAudio Out 1xRS232, Puerto de red LAN RJ45 (10/100 Mbps). Alimentación: DC 12 V / 4 A. APP disponible para iOS y Android. 15 Días DOA / Garantía 12 meses. UPC 7503024642612.","DVR híbrido 16 Canales. QIAN. QSS-DVR16H. YAO DVR 16 Canales pentahíbrido 1080N (ANALÓGICO, AHD, IP, TVI Y CVI). Resolución HD 1080P alta definición para mostrar imágenes claras y detalladas. Soporta 1 unidad de almacenamiento SATA de 3.5"" de hasta 6GB (NO INCLUIDO). Apoyo para disco Duro móvil USB. Monitoreo 24 hrs y grabación continua sin interrupción. Modo de Video Cronometraje, detección manual, dinámica, alarma externa. 4x reproduciones simultaneas. Multilenguaje diferentes opciones de leguaje. Formato de compresión H.264. Compatible con cámaras PTZ, Interfaz 1xRS485. Sistema Operativo Linux. Formato de Archivo de respaldo: DAV, AVI. Puertos: VGA, BNC, HDMI, 2xAudio In, 1xAudio Out 1xRS232, Puerto de red LAN RJ45 (10/100 Mbps). Alimentación: DC 12 V / 4 A. APP disponible para iOS y Android. 15 Días DOA / Garantía 12 meses. UPC 7503024642612.. Clave Oficial CT: GRDQIA060. Marca: CT.",TELEFONIA Y VIDEO VIGILANCIA,monitores,CT,53.75,1048.18,1677.08,1677.08,1415.04,1415.04,1310.22,1257.81,assets/img/catalog/monitores/GRDQIA060.jpg,assets/img/catalog/monitores/GRDQIA060.jpg,https://static.ctonline.mx/imagenes/GRDQIA060/GRDQIA060_400.jpg
ESTHKV010,"Estación Mobiliaria Profesional de Monitoreo y Control (EM-S02) para: Videovigilancia, Acceso, Alarmas, etc., Metal Negro y Madera Tono Oscuro","Estación Mobiliaria Profesional de Monitoreo y Control (EM-S02) para: Videovigilancia, Acceso, Alarmas, etc., Metal Negro y Madera Tono Oscuro. Clave Oficial CT: ESTHKV010. Marca: CT.",TELEFONIA Y VIDEO VIGILANCIA,monitores,CT,775.24,15117.16,24187.46,24187.46,20408.17,20408.17,18896.45,18140.6,assets/img/catalog/monitores/ESTHKV010.jpg,assets/img/catalog/monitores/ESTHKV010.jpg,https://static.ctonline.mx/imagenes/ESTHKV010/ESTHKV010_400.jpg
MONHKV090,"Monitor IP Lite TOUCH 7"" DS-KH6320-LE1(B) para Videoportero IP / Vídeo en Vivo / PoE Estándar / Apertura Remota / Llamada Entre Monitores / Audio de dos vías","Monitor IP Lite TOUCH 7"" DS-KH6320-LE1(B) para Videoportero IP / Vídeo en Vivo / PoE Estándar / Apertura Remota / Llamada Entre Monitores / Audio de dos vías. Clave Oficial CT: MONHKV090. Marca: CT.",TELEFONIA Y VIDEO VIGILANCIA,monitores,CT,54.35,1059.78,1695.65,1695.65,1430.71,1430.71,1324.73,1271.74,assets/img/catalog/monitores/MONHKV090.jpg,assets/img/catalog/monitores/MONHKV090.jpg,https://static.ctonline.mx/imagenes/MONHKV090/MONHKV090_400.jpg
MONHKV040,"Monitor IP WiFi (1024 x 600) (DS-KH6320-WTE1) / Touch Screen 7"" para Videoportero IP / Vídeo en Vivo / PoE Estándar / Apertura Remota / Llamada Entre Monitores / Audio de dos vías / Policarbonato. HIKVISION","Monitor IP WiFi (1024 x 600) (DS-KH6320-WTE1) / Touch Screen 7"" para Videoportero IP / Vídeo en Vivo / PoE Estándar / Apertura Remota / Llamada Entre Monitores / Audio de dos vías / Policarbonato. HIKVISION. Clave Oficial CT: MONHKV040. Marca: CT.",TELEFONIA Y VIDEO VIGILANCIA,monitores,CT,100.82,1965.9,3145.43,3145.43,2653.96,2653.96,2457.37,2359.08,assets/img/catalog/monitores/MONHKV040.jpg,assets/img/catalog/monitores/MONHKV040.jpg,https://static.ctonline.mx/imagenes/MONHKV040/MONHKV040_400.jpg
MONHKV080,"Monitor Touch Screen 10"" para Videoportero IP DS-KH8520-WTE1 / Estético / Video en Vivo / WiFi / Apertura Remota / llamada entre monitores / Audio de dos vías / Policarbonato","Monitor Touch Screen 10"" para Videoportero IP DS-KH8520-WTE1 / Estético / Video en Vivo / WiFi / Apertura Remota / llamada entre monitores / Audio de dos vías / Policarbonato. Clave Oficial CT: MONHKV080. Marca: CT.",TELEFONIA Y VIDEO VIGILANCIA,monitores,CT,236.96,4620.65,7393.04,7393.04,6237.88,6237.88,5775.82,5544.78,assets/img/catalog/monitores/MONHKV080.jpg,assets/img/catalog/monitores/MONHKV080.jpg,https://static.ctonline.mx/imagenes/MONHKV080/MONHKV080_400.jpg
GRDTND010,"Grabadora de Video en Red PoE HD N6P-8H admite fuente de alimentación PoE, plug and play, grabación y salida 4K UHD, aislamiento del sector defectuoso del HDD, almacenamiento en la nube de canales, comprensión de videos H.265 de alto rendimiento y visualización de video en monitor en la aplicación TDSEE. Es adecuado para escenarios como casas unifamiliares, tiendas, restaurantes, oficinas, fábricas y granjas, brindándole una gestión de monitoreo eficiente y conveniente.","Grabadora de Video en Red PoE HD N6P-8H admite fuente de alimentación PoE, plug and play, grabación y salida 4K UHD, aislamiento del sector defectuoso del HDD, almacenamiento en la nube de canales, comprensión de videos H.265 de alto rendimiento y visualización de video en monitor en la aplicación TDSEE. Es adecuado para escenarios como casas unifamiliares, tiendas, restaurantes, oficinas, fábricas y granjas, brindándole una gestión de monitoreo eficiente y conveniente.. Clave Oficial CT: GRDTND010. Marca: CT.",TELEFONIA Y VIDEO VIGILANCIA,monitores,CT,72.22,1408.33,2253.33,2253.33,1901.25,1901.25,1760.42,1690.0,assets/img/catalog/monitores/GRDTND010.jpg,assets/img/catalog/monitores/GRDTND010.jpg,https://static.ctonline.mx/imagenes/GRDTND010/GRDTND010_400.jpg
LFDSMG1390,"MONITOR PROFESIONAL QM32C; Modelo LH32QMCEBGCXZA; Tamaño diagonal 32”; Resolución 1920 x 1080 (Full HD); Brillo (típ.) 400 nit; Relación de contraste 4000:1, Ángulo de visión 178/178 (H / V); Tiempo de respuesta 8ms; Hora de funcionamiento 24 horas al día los 7 días a la semana; Conectividad: Entrada HDMI (x3), Versión del HDMI 1.4, USB (x2), Entrada IR, Salida de audio miniconector estéreo, Entrada RS232, Salida RS323, Entrada RJ45, WiFi, Bluetooth; Montaje VESA 100 x 100; Dimensión 727.3 x 421.9 x 28.5 (mm); Peso 5.2kg.","MONITOR PROFESIONAL QM32C; Modelo LH32QMCEBGCXZA; Tamaño diagonal 32”; Resolución 1920 x 1080 (Full HD); Brillo (típ.) 400 nit; Relación de contraste 4000:1, Ángulo de visión 178/178 (H / V); Tiempo de respuesta 8ms; Hora de funcionamiento 24 horas al día los 7 días a la semana; Conectividad: Entrada HDMI (x3), Versión del HDMI 1.4, USB (x2), Entrada IR, Salida de audio miniconector estéreo, Entrada RS232, Salida RS323, Entrada RJ45, WiFi, Bluetooth; Montaje VESA 100 x 100; Dimensión 727.3 x 421.9 x 28.5 (mm); Peso 5.2kg.. Clave Oficial CT: LFDSMG1390. Marca: CT.",ELECTRONICA DE CONSUMO,monitores,CT,10017.2,195335.48,312536.77,312536.77,263702.9,263702.9,244169.35,234402.58,assets/img/catalog/monitores/LFDSMG1390.jpg,assets/img/catalog/monitores/LFDSMG1390.jpg,https://static.ctonline.mx/imagenes/LFDSMG1390/LFDSMG1390_400.jpg
LFDSMG1400,"MONITOR PROFESIONAL QM43C; Modelo LH43QMCEBGCXGO; Tamaño diagonal 43""; Resolución 3840 * 2160 (4K - UHD); Brillo (típ.) 500nits; Ángulo de visión 178/178 (H / V); Hora de funcionamiento 24 horas al día, 7 días a la semana; Tipo de altavoz  integrado (10 W + 10 W); Conectividad: HDMI 2.0(3), Video DP 1.2 (1), HDCP 2.2, USB x2 , Con entrada IR, Audio Miniconector estéreo, HDMI/audio Común); Control externo RS232C (entrada / salida), Entrada RJ45, Bluetooth / Wi-Fi; Dimensión 96.5 x 557.8 x 28.5 (mm); Peso 8.8kg.; Montaje VESA 200 X 200 (mm).","MONITOR PROFESIONAL QM43C; Modelo LH43QMCEBGCXGO; Tamaño diagonal 43""; Resolución 3840 * 2160 (4K - UHD); Brillo (típ.) 500nits; Ángulo de visión 178/178 (H / V); Hora de funcionamiento 24 horas al día, 7 días a la semana; Tipo de altavoz  integrado (10 W + 10 W); Conectividad: HDMI 2.0(3), Video DP 1.2 (1), HDCP 2.2, USB x2 , Con entrada IR, Audio Miniconector estéreo, HDMI/audio Común); Control externo RS232C (entrada / salida), Entrada RJ45, Bluetooth / Wi-Fi; Dimensión 96.5 x 557.8 x 28.5 (mm); Peso 8.8kg.; Montaje VESA 200 X 200 (mm).. Clave Oficial CT: LFDSMG1400. Marca: CT.",ELECTRONICA DE CONSUMO,monitores,CT,12983.87,253185.48,405096.77,405096.77,341800.4,341800.4,316481.85,303822.58,assets/img/catalog/monitores/LFDSMG1400.jpg,assets/img/catalog/monitores/LFDSMG1400.jpg,https://static.ctonline.mx/imagenes/LFDSMG1400/LFDSMG1400_400.jpg
LFDSMG1360,"MONITOR PROFESIONAL SAMSUNG QM65C; Modelo LH65QMCEBGCXGO; Tamaño diagonal 65”; Resolución 3840*2160 (4K UHD); Brillo (típ.) 500 nits; Relación de contraste 4000:1, Hora de operación 24/7; Altavoz incorporado (10W + 10W); Ángulo de visualización 178/178 (H / V); Conectividad: HDMI 2 (x3), Dsplay Port 1.2 (1), Con entrada IR, Con entrada RS232, con salida RS232, con entrada RJ45, con Wi-Fi, Bluetooth; Montaje VESA 400x300 (mm); Dimensión 1456.8 x 831.9 x 28.5 (mm); Peso 21.5kg.","MONITOR PROFESIONAL SAMSUNG QM65C; Modelo LH65QMCEBGCXGO; Tamaño diagonal 65”; Resolución 3840*2160 (4K UHD); Brillo (típ.) 500 nits; Relación de contraste 4000:1, Hora de operación 24/7; Altavoz incorporado (10W + 10W); Ángulo de visualización 178/178 (H / V); Conectividad: HDMI 2 (x3), Dsplay Port 1.2 (1), Con entrada IR, Con entrada RS232, con salida RS232, con entrada RJ45, con Wi-Fi, Bluetooth; Montaje VESA 400x300 (mm); Dimensión 1456.8 x 831.9 x 28.5 (mm); Peso 21.5kg.. Clave Oficial CT: LFDSMG1360. Marca: CT.",ELECTRONICA DE CONSUMO,monitores,CT,18404.35,358884.78,574215.65,574215.65,484494.46,484494.46,448605.98,430661.74,assets/img/catalog/monitores/LFDSMG1360.jpg,assets/img/catalog/monitores/LFDSMG1360.jpg,https://static.ctonline.mx/imagenes/LFDSMG1360/LFDSMG1360_400.jpg
LFDSMG1510,"MONITOR PROFESIONAL TOUCH QM43B-T; Modelo LH43QMBTBGCXZA; Tamaño diagonal 43""; Resolución 3840 * 2160 (4K - UHD); Brillo (típ.) 500nits; Ángulo de visión 178/178 (H / V); Hora de funcionamiento 24 horas al día, 7 días a la semana; Conectividad: HDMI 2.0(3), Video DP 1.2 (1), HDCP 2.2, USB x2 , Con entrada infraroja, Salida de audio Minijack estéreo, Control externo RS232C (entrada / salida), Entrada RJ45, Bluetooth, Wi-Fi; Dimensión 986.2 x 584.4 x 56.7 (mm); Peso 14.5kg.; Montaje VESA 200 X 200 (mm).","MONITOR PROFESIONAL TOUCH QM43B-T; Modelo LH43QMBTBGCXZA; Tamaño diagonal 43""; Resolución 3840 * 2160 (4K - UHD); Brillo (típ.) 500nits; Ángulo de visión 178/178 (H / V); Hora de funcionamiento 24 horas al día, 7 días a la semana; Conectividad: HDMI 2.0(3), Video DP 1.2 (1), HDCP 2.2, USB x2 , Con entrada infraroja, Salida de audio Minijack estéreo, Control externo RS232C (entrada / salida), Entrada RJ45, Bluetooth, Wi-Fi; Dimensión 986.2 x 584.4 x 56.7 (mm); Peso 14.5kg.; Montaje VESA 200 X 200 (mm).. Clave Oficial CT: LFDSMG1510. Marca: CT.",ELECTRONICA DE CONSUMO,monitores,CT,22956.99,447661.29,716258.06,716258.06,604342.74,604342.74,559576.61,537193.55,assets/img/catalog/monitores/LFDSMG1510.jpg,assets/img/catalog/monitores/LFDSMG1510.jpg,https://static.ctonline.mx/imagenes/LFDSMG1510/LFDSMG1510_400.jpg
LFDSMG1370,"MONITOR PROFESIONAL SAMSUNG QM85C; Modelo LH85QMCEBGCXGO; Tamaño diagonal 85”; Resolución 3840*2160 (4K UHD); Brillo (típ.) 500 nits; Relación de contraste 4000:1, Ángulo de visión 178/178 (H / V); Tiempo de respuesta 10ms (Típico); Altavoz incorporado (10W + 10W); Hora de funcionamiento 24 horas al día, 7 días a la semana; Conectividad: HDMI 2.0 (x3), DisplayPort 1.2 (x1), USB 2.0 (x2), Con entrada IR, Con entrada RS232, con salida RS232, Con entrada RJ45; Con Wi-Fi, Bluetooth; Sistema Operativo Tizen 7.0; Montaje VESA 600x400; Dimensión 1904.3 x 1085.3 x 28.5 (mm); Peso 41.9kg.","MONITOR PROFESIONAL SAMSUNG QM85C; Modelo LH85QMCEBGCXGO; Tamaño diagonal 85”; Resolución 3840*2160 (4K UHD); Brillo (típ.) 500 nits; Relación de contraste 4000:1, Ángulo de visión 178/178 (H / V); Tiempo de respuesta 10ms (Típico); Altavoz incorporado (10W + 10W); Hora de funcionamiento 24 horas al día, 7 días a la semana; Conectividad: HDMI 2.0 (x3), DisplayPort 1.2 (x1), USB 2.0 (x2), Con entrada IR, Con entrada RS232, con salida RS232, Con entrada RJ45; Con Wi-Fi, Bluetooth; Sistema Operativo Tizen 7.0; Montaje VESA 600x400; Dimensión 1904.3 x 1085.3 x 28.5 (mm); Peso 41.9kg.. Clave Oficial CT: LFDSMG1370. Marca: CT.",ELECTRONICA DE CONSUMO,monitores,CT,73709.68,1437338.71,2299741.94,2299741.94,1940407.26,1940407.26,1796673.39,1724806.45,assets/img/catalog/monitores/LFDSMG1370.jpg,assets/img/catalog/monitores/LFDSMG1370.jpg,https://static.ctonline.mx/imagenes/LFDSMG1370/LFDSMG1370_400.jpg
LFDSMG1300,"MONITOR PROFESIONAL KIOSCO KM24A; Modelo LH24KMC3BGCXZA; Tamaño diagonal 24""; Resolución 1920 * 1080 (Full HD); Brillo (típ.) 250nits; Ángulo de visión 178/178 (H / V), Tiempo de respuesta (G a G) 14ms (típico); Tocar: Tipo captivo;; Tipo de altavoz  incorporado (5W x 1); Características: Reproductor interno (H/W integrado), Procesador CPU de cuatro núcleos Córtex A72 de 1,7 GHz, Interfaz de memoria principal LPDDR4 1,5 GHz 64 bits 3 GB, Almacenamiento 8GB (3,88GB ocupados por el sistema operativo, 4,12 GB disponibles), Puertos E/S USB 2.0, Sistema operativo Windows; Conectividad de la caja de conexión: 3 USB, Externo.- Control RS232C x3, RJ45 x1 (salida, conectado al terminal EFT); Dimensión 450 x 929.7 x 324.3 (mm); Peso 19.1kg.; Montaje VESA 200 X 200 (mm).","MONITOR PROFESIONAL KIOSCO KM24A; Modelo LH24KMC3BGCXZA; Tamaño diagonal 24""; Resolución 1920 * 1080 (Full HD); Brillo (típ.) 250nits; Ángulo de visión 178/178 (H / V), Tiempo de respuesta (G a G) 14ms (típico); Tocar: Tipo captivo;; Tipo de altavoz  incorporado (5W x 1); Características: Reproductor interno (H/W integrado), Procesador CPU de cuatro núcleos Córtex A72 de 1,7 GHz, Interfaz de memoria principal LPDDR4 1,5 GHz 64 bits 3 GB, Almacenamiento 8GB (3,88GB ocupados por el sistema operativo, 4,12 GB disponibles), Puertos E/S USB 2.0, Sistema operativo Windows; Conectividad de la caja de conexión: 3 USB, Externo.- Control RS232C x3, RJ45 x1 (salida, conectado al terminal EFT); Dimensión 450 x 929.7 x 324.3 (mm); Peso 19.1kg.; Montaje VESA 200 X 200 (mm).. Clave Oficial CT: LFDSMG1300. Marca: CT.",ELECTRONICA DE CONSUMO,monitores,CT,30295.7,590766.13,945225.81,945225.81,797534.27,797534.27,738457.66,708919.35,assets/img/catalog/monitores/LFDSMG1300.jpg,assets/img/catalog/monitores/LFDSMG1300.jpg,https://static.ctonline.mx/imagenes/LFDSMG1300/LFDSMG1300_400.jpg
LFDSMG1410,"MONITOR PROFESIONAL SAMSUNG QM75C; Modelo LH75QMCEBGCXGO; Tamaño diagonal 75”; Resolución 3840*2160 (4K UHD); Brillo (típ.) 500nits; Relación de contraste 4000:1, Ángulo de visión 178/178 (H / V); Tiempo de respuesta 8ms; Hora de funcionamiento 24 horas al día, 7 días a la semana; Conectividad: HDMI (x3), DisplayPort (x1), Versión del HDMI 2, versión del DisplayPort 1.2, USB 2.0, Con entrada IR, Salida de audio estéreo Mini Jack, Entrada RS232, Salida RS2323, Entrada RJ45, WiFi Y Bluetooth; Montaje VESA 400x400; Dimensión 1682.3 x 960.4 x 28.5 (mm); Peso 33.4kg.","MONITOR PROFESIONAL SAMSUNG QM75C; Modelo LH75QMCEBGCXGO; Tamaño diagonal 75”; Resolución 3840*2160 (4K UHD); Brillo (típ.) 500nits; Relación de contraste 4000:1, Ángulo de visión 178/178 (H / V); Tiempo de respuesta 8ms; Hora de funcionamiento 24 horas al día, 7 días a la semana; Conectividad: HDMI (x3), DisplayPort (x1), Versión del HDMI 2, versión del DisplayPort 1.2, USB 2.0, Con entrada IR, Salida de audio estéreo Mini Jack, Entrada RS232, Salida RS2323, Entrada RJ45, WiFi Y Bluetooth; Montaje VESA 400x400; Dimensión 1682.3 x 960.4 x 28.5 (mm); Peso 33.4kg.. Clave Oficial CT: LFDSMG1410. Marca: CT.",ELECTRONICA DE CONSUMO,monitores,CT,23983.87,467685.48,748296.77,748296.77,631375.4,631375.4,584606.85,561222.58,assets/img/catalog/monitores/LFDSMG1410.jpg,assets/img/catalog/monitores/LFDSMG1410.jpg,https://static.ctonline.mx/imagenes/LFDSMG1410/LFDSMG1410_400.jpg
LFDSMG1320,"MONITOR PROFESIONAL SAMSUNG FLIP 3.0, WM85A, TOUCH, 85"", LH85WMAWLGCXZA; Panel: Tamaño diagonal 85"", Resolución 3840 * 2160 (paisaje), Brillo (típ.) 350 nit (sin vidrio), Relación de contraste 4.000: 1 (sin cristal), Ángulo de visión 178/178 (H / V), Tiempo de respuesta 6 ms; Altavoz integrado (10W x 2CH); Conectividad: Entrada HDMI 2 (Trasero 1, Delantero 1), DisplayPort 1, USB 2 (Main/Tray), 2.0/3.0 External(Tray) Con salida de Video, Entrada RS232, Con entrada RJ45, Wi-Fi, Bluetooth; Tipo de lápiz táctil Bolígrafo pasivo con imán; Rango de reconocimiento de objetos 2mm/ 4mm/ 8mm/ 50mm (modo de pincel: reconocimiento dinámico de objetos); Tiempo de Operación 16/7; Montaje VESA 600 x 400mm; Dimensión 1942.8 x 1144.1 x 69.4mm; Peso 74.5 kg.","MONITOR PROFESIONAL SAMSUNG FLIP 3.0, WM85A, TOUCH, 85"", LH85WMAWLGCXZA; Panel: Tamaño diagonal 85"", Resolución 3840 * 2160 (paisaje), Brillo (típ.) 350 nit (sin vidrio), Relación de contraste 4.000: 1 (sin cristal), Ángulo de visión 178/178 (H / V), Tiempo de respuesta 6 ms; Altavoz integrado (10W x 2CH); Conectividad: Entrada HDMI 2 (Trasero 1, Delantero 1), DisplayPort 1, USB 2 (Main/Tray), 2.0/3.0 External(Tray) Con salida de Video, Entrada RS232, Con entrada RJ45, Wi-Fi, Bluetooth; Tipo de lápiz táctil Bolígrafo pasivo con imán; Rango de reconocimiento de objetos 2mm/ 4mm/ 8mm/ 50mm (modo de pincel: reconocimiento dinámico de objetos); Tiempo de Operación 16/7; Montaje VESA 600 x 400mm; Dimensión 1942.8 x 1144.1 x 69.4mm; Peso 74.5 kg.. Clave Oficial CT: LFDSMG1320. Marca: CT.",ELECTRONICA DE CONSUMO,monitores,CT,84838.71,1654354.84,2646967.74,2646967.74,2233379.03,2233379.03,2067943.55,1985225.81,assets/img/catalog/monitores/LFDSMG1320.jpg,assets/img/catalog/monitores/LFDSMG1320.jpg,https://static.ctonline.mx/imagenes/LFDSMG1320/LFDSMG1320_400.jpg
LFDSMG1190,"MONITOR PROFESIONAL QB43B; Modelo LH43QBBEBGCXZA; Tamaño diagonal 43""; Resolución 3840 * 2160 (4K UHD); Brillo (típ.) 350nits; Ángulo de visión 178/178 (H / V); Colores de pantalla 16.7M (pantalla real) 1.07B (Ditherd 10bit); Hora de funcionamiento 16 horas al día, 7 días a la semana; Tipo de altavoz  integrado (10 W + 10 W); Conectividad: Video HDMI 2.0(3), HDCP 2.2, USB 2.0x2 , Audio Miniconector estéreo; Control externo RS232C (entrada / salida), RJ45, BT/Wi-Fi; Dimensión 967.56 x 557.7 x 48.3 (mm); Peso 10kg.; Montaje VESA 200 X 200 (mm).","MONITOR PROFESIONAL QB43B; Modelo LH43QBBEBGCXZA; Tamaño diagonal 43""; Resolución 3840 * 2160 (4K UHD); Brillo (típ.) 350nits; Ángulo de visión 178/178 (H / V); Colores de pantalla 16.7M (pantalla real) 1.07B (Ditherd 10bit); Hora de funcionamiento 16 horas al día, 7 días a la semana; Tipo de altavoz  integrado (10 W + 10 W); Conectividad: Video HDMI 2.0(3), HDCP 2.2, USB 2.0x2 , Audio Miniconector estéreo; Control externo RS232C (entrada / salida), RJ45, BT/Wi-Fi; Dimensión 967.56 x 557.7 x 48.3 (mm); Peso 10kg.; Montaje VESA 200 X 200 (mm).. Clave Oficial CT: LFDSMG1190. Marca: CT.",ELECTRONICA DE CONSUMO,monitores,CT,12355.56,240933.33,385493.33,385493.33,325260.0,325260.0,301166.67,289120.0,assets/img/catalog/monitores/LFDSMG1190.jpg,assets/img/catalog/monitores/LFDSMG1190.jpg,https://static.ctonline.mx/imagenes/LFDSMG1190/LFDSMG1190_400.jpg
LFDSMG1230,"Monitor Profesional QB55B, Modelo LH55QBBEBGCXGO, 55 pulgadas; Hora de uso 16/7; Brillo 350nit; Sistema Operativo Tizen 6.5; Tamaño Diagonal 55”; Resolución 3840 * 2160 (4K-UHD); Relación de Contraste 4000: 1; Ángulo de visión (H / V)178/178; Colores de pantalla16,7 M (pantalla real); Sonido: Altavoz integrado (10 W + 10 W); Conectividad: Video HDMI 2.0 (3), HDCP 2.2, USB 2.0X2; Audio Miniconector estéreo, DVI / HDMI / Audio (común), USB 2.0 x 2; Control externo RS232C (entrada / salida), RJ45; Bluetooth/Wi-Fi; Ancho del bisel 9,2 mm (U / L / R), 11,2 mm (B); Montaje VESA 200 x 200 (mm); Garantía de 3 años contra defectos de fabricación; Dimensión 1235.1 x 707.9 x 46.3 (mm); Peso 18,1 kg.","Monitor Profesional QB55B, Modelo LH55QBBEBGCXGO, 55 pulgadas; Hora de uso 16/7; Brillo 350nit; Sistema Operativo Tizen 6.5; Tamaño Diagonal 55”; Resolución 3840 * 2160 (4K-UHD); Relación de Contraste 4000: 1; Ángulo de visión (H / V)178/178; Colores de pantalla16,7 M (pantalla real); Sonido: Altavoz integrado (10 W + 10 W); Conectividad: Video HDMI 2.0 (3), HDCP 2.2, USB 2.0X2; Audio Miniconector estéreo, DVI / HDMI / Audio (común), USB 2.0 x 2; Control externo RS232C (entrada / salida), RJ45; Bluetooth/Wi-Fi; Ancho del bisel 9,2 mm (U / L / R), 11,2 mm (B); Montaje VESA 200 x 200 (mm); Garantía de 3 años contra defectos de fabricación; Dimensión 1235.1 x 707.9 x 46.3 (mm); Peso 18,1 kg.. Clave Oficial CT: LFDSMG1230. Marca: CT.",ELECTRONICA DE CONSUMO,monitores,CT,17166.67,334750.0,535600.0,535600.0,451912.5,451912.5,418437.5,401700.0,assets/img/catalog/monitores/LFDSMG1230.jpg,assets/img/catalog/monitores/LFDSMG1230.jpg,https://static.ctonline.mx/imagenes/LFDSMG1230/LFDSMG1230_400.jpg
LFDSMG1380,"Monitor Profesional AMSUNG QM50C; Modelo LH50QMCEBGCXGO; Tamaño diagonal 50”; Resolución 3840*2160 (4K-UHD); Brillo (típ.) 500 nits; Relación de contraste 4000:1; Altavoz incorporado (10W, 2 canales); Hora de funcionamiento 24 horas al día los 7 días a la semana; Conectividad: Video.- DP 1.2 (1), HDMI 2.0 (3), HDCP 2.2, USB 2.2X2 Entrada IR, Entrada RJ45, Wi-Fi, Bluetooth; Montaje VESA 200x200; Dimensión 1124.1 x 644.8 x 28.5 (mm); Peso 11.8kg.","Monitor Profesional AMSUNG QM50C; Modelo LH50QMCEBGCXGO; Tamaño diagonal 50”; Resolución 3840*2160 (4K-UHD); Brillo (típ.) 500 nits; Relación de contraste 4000:1; Altavoz incorporado (10W, 2 canales); Hora de funcionamiento 24 horas al día los 7 días a la semana; Conectividad: Video.- DP 1.2 (1), HDMI 2.0 (3), HDCP 2.2, USB 2.2X2 Entrada IR, Entrada RJ45, Wi-Fi, Bluetooth; Montaje VESA 200x200; Dimensión 1124.1 x 644.8 x 28.5 (mm); Peso 11.8kg.. Clave Oficial CT: LFDSMG1380. Marca: CT.",ELECTRONICA DE CONSUMO,monitores,CT,9198.84,179377.33,287003.72,287003.72,242159.39,242159.39,224221.66,215252.79,assets/img/catalog/monitores/LFDSMG1380.jpg,assets/img/catalog/monitores/LFDSMG1380.jpg,https://static.ctonline.mx/imagenes/LFDSMG1380/LFDSMG1380_400.jpg
LFDSMG1350,"Monitor Profesional SAMSUNG QM55C; Modelo LH55QMCEBGCXGO; Tamaño diagonal 55”; Resolución 3840*2160 (4K-UHD); Brillo (típ.) 500 nits; Relación de contraste 4000:1; Altavoz incorporado (10W, 2 canales); Hora de funcionamiento 24 horas al día los 7 días de la semana; Conectividad: Video.- HDMI 2.0 (3), DP 1.2 (1), HDCP 2.2, USB 2.2X2, Audio Miniconector estéreo, Entrada RS232C (entrada/salida), Entrada RJ45, Wi-Fi, Bluetooth; Montaje VESA 200x200; Dimensión 1237.9 x 708.8 x 28.5 (mm); Peso 15.7kg.","Monitor Profesional SAMSUNG QM55C; Modelo LH55QMCEBGCXGO; Tamaño diagonal 55”; Resolución 3840*2160 (4K-UHD); Brillo (típ.) 500 nits; Relación de contraste 4000:1; Altavoz incorporado (10W, 2 canales); Hora de funcionamiento 24 horas al día los 7 días de la semana; Conectividad: Video.- HDMI 2.0 (3), DP 1.2 (1), HDCP 2.2, USB 2.2X2, Audio Miniconector estéreo, Entrada RS232C (entrada/salida), Entrada RJ45, Wi-Fi, Bluetooth; Montaje VESA 200x200; Dimensión 1237.9 x 708.8 x 28.5 (mm); Peso 15.7kg.. Clave Oficial CT: LFDSMG1350. Marca: CT.",ELECTRONICA DE CONSUMO,monitores,CT,10316.13,201164.52,321863.23,321863.23,271572.1,271572.1,251455.65,241397.42,assets/img/catalog/monitores/LFDSMG1350.jpg,assets/img/catalog/monitores/LFDSMG1350.jpg,https://static.ctonline.mx/imagenes/LFDSMG1350/LFDSMG1350_400.jpg
LFDSMG1220,"Monitor Profesional SAMSUNG QB50B; Modelo LH50QBBEBGCXGO; Tamaño diagonal 50”; Resolución 3840*2160 (4K-UHD); Brillo (típ.) 350 nits; Relación de contraste 4000:1; Altavoz incorporado (10W, 2 canales); Hora de funcionamiento 16 horas máximo al día, los 7 días a la semana; Conectividad: Video HDMI 2.0 (3), HDCP 2.2, USB 2.0X2; Audio Miniconector estéreo; Control externo RS232C (entrada/salida), RJ45; BT/Wi-Fi; Montaje VESA 200x200; Dimensión 1121.4 x 643.9 x 46.3 (mm); Peso 13.4kg.","Monitor Profesional SAMSUNG QB50B; Modelo LH50QBBEBGCXGO; Tamaño diagonal 50”; Resolución 3840*2160 (4K-UHD); Brillo (típ.) 350 nits; Relación de contraste 4000:1; Altavoz incorporado (10W, 2 canales); Hora de funcionamiento 16 horas máximo al día, los 7 días a la semana; Conectividad: Video HDMI 2.0 (3), HDCP 2.2, USB 2.0X2; Audio Miniconector estéreo; Control externo RS232C (entrada/salida), RJ45; BT/Wi-Fi; Montaje VESA 200x200; Dimensión 1121.4 x 643.9 x 46.3 (mm); Peso 13.4kg.. Clave Oficial CT: LFDSMG1220. Marca: CT.",ELECTRONICA DE CONSUMO,monitores,CT,14035.79,273697.89,437916.63,437916.63,369492.16,369492.16,342122.37,328437.47,assets/img/catalog/monitores/LFDSMG1220.jpg,assets/img/catalog/monitores/LFDSMG1220.jpg,https://static.ctonline.mx/imagenes/LFDSMG1220/LFDSMG1220_400.jpg
LFDSMG1140,"Monitor Profesional QB65B; Modelo LH65QBBEBGCXGO; Tamaño diagonal 65""; Resolución 3840 * 2160 (4K UHD); Brillo (típ.) 350nits; Ángulo de visión 178/178 (H / V); Colores de pantalla 16.7M (pantalla real) 1.07B (Ditherd 10bit); Hora de funcionamiento 16 horas al día, 7 días a la semana; Tipo de altavoz  integrado (10 W + 10 W); Conectividad: Video HDMI 2.0(3), HDCP 2.2, USB 2.0x2 , Audio Miniconector estéreo; Control externo RS232C (entrada / salida), RJ45, BT/Wi-Fi; Dimensión 1453.9 x 831 x 46.3 (mm); Peso 24.9kg.; Montaje VESA 400 X 400 (mm).","Monitor Profesional QB65B; Modelo LH65QBBEBGCXGO; Tamaño diagonal 65""; Resolución 3840 * 2160 (4K UHD); Brillo (típ.) 350nits; Ángulo de visión 178/178 (H / V); Colores de pantalla 16.7M (pantalla real) 1.07B (Ditherd 10bit); Hora de funcionamiento 16 horas al día, 7 días a la semana; Tipo de altavoz  integrado (10 W + 10 W); Conectividad: Video HDMI 2.0(3), HDCP 2.2, USB 2.0x2 , Audio Miniconector estéreo; Control externo RS232C (entrada / salida), RJ45, BT/Wi-Fi; Dimensión 1453.9 x 831 x 46.3 (mm); Peso 24.9kg.; Montaje VESA 400 X 400 (mm).. Clave Oficial CT: LFDSMG1140. Marca: CT.",ELECTRONICA DE CONSUMO,monitores,CT,21718.89,423518.33,677629.33,677629.33,571749.75,571749.75,529397.92,508222.0,assets/img/catalog/monitores/LFDSMG1140.jpg,assets/img/catalog/monitores/LFDSMG1140.jpg,https://static.ctonline.mx/imagenes/LFDSMG1140/LFDSMG1140_400.jpg
LFDSMG1130,"Monitor Profesional Videowall SAMSUNG VM46B-U; Modelo LH46VMBUBGBXGO; Tamaño diagonal 46”; Resolución1920 * 1080 (Full HD); Tipo IPS; Brillo (típ.) 500 nit; Relación de contraste 1200: 1; Ángulo de visión 178/178 (H / V); Hora de funcionamiento 24 horas al día, 7 días a la semana; Conectividad: HDMI 2.0 (2)/DVI-D, puerto de pantalla 1.2, Audio Miniconector estéreo; USB 2.0x1; Producción: Video DisplayPort 1.2(bucle de salida); Control externo RS232C (entrada/salida), entrada RJ45; Montaje VESA 600 x 400 (mm); Ancho de bisel 3.5mm (Ancho del bisel 2.25 mm (U / L), 1.25 mm (R / B)); Dimensión 1022 x 577 x 69.9 (mm); Peso 15.7kg.","Monitor Profesional Videowall SAMSUNG VM46B-U; Modelo LH46VMBUBGBXGO; Tamaño diagonal 46”; Resolución1920 * 1080 (Full HD); Tipo IPS; Brillo (típ.) 500 nit; Relación de contraste 1200: 1; Ángulo de visión 178/178 (H / V); Hora de funcionamiento 24 horas al día, 7 días a la semana; Conectividad: HDMI 2.0 (2)/DVI-D, puerto de pantalla 1.2, Audio Miniconector estéreo; USB 2.0x1; Producción: Video DisplayPort 1.2(bucle de salida); Control externo RS232C (entrada/salida), entrada RJ45; Montaje VESA 600 x 400 (mm); Ancho de bisel 3.5mm (Ancho del bisel 2.25 mm (U / L), 1.25 mm (R / B)); Dimensión 1022 x 577 x 69.9 (mm); Peso 15.7kg.. Clave Oficial CT: LFDSMG1130. Marca: CT.",ELECTRONICA DE CONSUMO,monitores,CT,26445.56,515688.33,825101.33,825101.33,696179.25,696179.25,644610.42,618826.0,assets/img/catalog/monitores/LFDSMG1130.jpg,assets/img/catalog/monitores/LFDSMG1130.jpg,https://static.ctonline.mx/imagenes/LFDSMG1130/LFDSMG1130_400.jpg
LFDSMG820,"Monitor Profesional SAMSUNG FLIP 2.0, WM55R, TOUCH, LH55WMRWBGCXZA; Panel: Tamaño diagonal 55"", Resolución 3840 * 2160 (paisaje), Brillo (típ.) 350 nit (sin vidrio), 220 nit (con vidrio), Relación de contraste 4000: 1 (típico) (sin vidrio), Ángulo de visión 178/178 (H / V), Horas de funcionamiento 16/7; Altavoz integrado (10W x 2); Conectividad: Video (Básico) HDMI 2 (con bandeja) HDMI 3, USB (Básico) USB 1 (con bandeja) USB 2, USB externo 1 (entrada / salida); SENSOR INTERNO (Básico) Sensor de aceleración (con bandeja) Sensor de aceleración, NFC; Control externo entrada táctil, RS232C a través de conector estéreo, RJ45 (para MDC); TOCAR: Tipo Glass, Número de dibujo escritura múltiple hasta 4, Tipo de lápiz táctil bolígrafo pasivo con imán, Rango de reconocimiento de objetos 2 mm / 4 mm / 8 mm / 50 mm, 1024 niveles en modo de pincel, Tiempo de respuesta táctil6,7 ms; Color Gris claro, Montaje VESA 400 x 400 (mm); Dimensión 1297,4 (ancho) x 768,2 (alto) x 59,9 (profundidad) (mm); Peso: 28.2kg.","Monitor Profesional SAMSUNG FLIP 2.0, WM55R, TOUCH, LH55WMRWBGCXZA; Panel: Tamaño diagonal 55"", Resolución 3840 * 2160 (paisaje), Brillo (típ.) 350 nit (sin vidrio), 220 nit (con vidrio), Relación de contraste 4000: 1 (típico) (sin vidrio), Ángulo de visión 178/178 (H / V), Horas de funcionamiento 16/7; Altavoz integrado (10W x 2); Conectividad: Video (Básico) HDMI 2 (con bandeja) HDMI 3, USB (Básico) USB 1 (con bandeja) USB 2, USB externo 1 (entrada / salida); SENSOR INTERNO (Básico) Sensor de aceleración (con bandeja) Sensor de aceleración, NFC; Control externo entrada táctil, RS232C a través de conector estéreo, RJ45 (para MDC); TOCAR: Tipo Glass, Número de dibujo escritura múltiple hasta 4, Tipo de lápiz táctil bolígrafo pasivo con imán, Rango de reconocimiento de objetos 2 mm / 4 mm / 8 mm / 50 mm, 1024 niveles en modo de pincel, Tiempo de respuesta táctil6,7 ms; Color Gris claro, Montaje VESA 400 x 400 (mm); Dimensión 1297,4 (ancho) x 768,2 (alto) x 59,9 (profundidad) (mm); Peso: 28.2kg.. Clave Oficial CT: LFDSMG820. Marca: CT.",ELECTRONICA DE CONSUMO,monitores,CT,35827.96,698645.16,1117832.26,1117832.26,943170.97,943170.97,873306.45,838374.19,assets/img/catalog/monitores/LFDSMG820.jpg,assets/img/catalog/monitores/LFDSMG820.jpg,https://static.ctonline.mx/imagenes/LFDSMG820/LFDSMG820_400.jpg
LFDSMG1060,"Monitor VIDEO WALL SAMSUNG VM55T-E; Modelo LH55VMTEBGBXZA; Tamaño diagonal 55”; Resolución 1920*1080 (FullHD); Bisel a Bisel de 1.8mm; Brillo (típ.) Máx. 500 nits; Relación de contraste 1200:1, Ángulo de visión 178/178 (H/V); Tiempo de respuesta (G a G) 8ms; Hora de funcionamiento 24 horas al día, 7 días a la semana; Conectividad: RGB DVI-D, puerto de pantalla 1.2, Video HDMI 2.0 (x2), HDCP 2.2, Audio Miniconector estéreo, USB; Control externo RS232C (entrada/salida), RJ45; Montaje VESA 600x400(mm); Dimensión 1211.5 x 682.3 x 70(mm); Peso: 19.4kg.","Monitor VIDEO WALL SAMSUNG VM55T-E; Modelo LH55VMTEBGBXZA; Tamaño diagonal 55”; Resolución 1920*1080 (FullHD); Bisel a Bisel de 1.8mm; Brillo (típ.) Máx. 500 nits; Relación de contraste 1200:1, Ángulo de visión 178/178 (H/V); Tiempo de respuesta (G a G) 8ms; Hora de funcionamiento 24 horas al día, 7 días a la semana; Conectividad: RGB DVI-D, puerto de pantalla 1.2, Video HDMI 2.0 (x2), HDCP 2.2, Audio Miniconector estéreo, USB; Control externo RS232C (entrada/salida), RJ45; Montaje VESA 600x400(mm); Dimensión 1211.5 x 682.3 x 70(mm); Peso: 19.4kg.. Clave Oficial CT: LFDSMG1060. Marca: CT.",ELECTRONICA DE CONSUMO,monitores,CT,39061.11,761691.67,1218706.67,1218706.67,1028283.75,1028283.75,952114.58,914030.0,assets/img/catalog/monitores/LFDSMG1060.jpg,assets/img/catalog/monitores/LFDSMG1060.jpg,https://static.ctonline.mx/imagenes/LFDSMG1060/LFDSMG1060_400.jpg
LFDSMG970,"Monitor Profesional SAMSUNG FLIP 3.0, WM75R, TOUCH, LH75WMAWLGCXZA; Panel: Tamaño diagonal 75"", Resolución 3840 * 2160 (paisaje), Brillo (típ.) 350 nit (sin vidrio), Relación de contraste 4.000: 1 (sin cristal), Ángulo de visión 178/178 (H / V), Tiempo de respuesta 6 ms; Altavoz integrado (10W x 2CH); Conectividad: Video HDMI 2 (Trasero 1, Delantero 1) DP 1, OPS/F; H, USB 2 (para SoC, trasero/delantero), 2 (para externo 2.0 x1/3.0x1 (delantero)); Producción: Video HDMI 1 (Pantalla compartida en el frente), Audio 1 (miniconector estéreo), Touch Out 2 (tipo USB ascendente, frontal 1, posterior 1), Control externo: Entrada táctil / RS232C a través de conector estéreo, RJ45 (para MDC); Toque: Tipo infrarrojos; # 4 dibujo (interno) 20 dibujo (externo); Tipo de lápiz táctil Bolígrafo pasivo con imán; Rango de reconocimiento de objetos 2mm/ 4mm/ 8mm/ 50mm (modo de pincel: reconocimiento dinámico de objetos); Montaje VESA 400 x 400mm; Dimensión 1721 x 1019.3 x 75.2mm; Peso 58,3 kg.","Monitor Profesional SAMSUNG FLIP 3.0, WM75R, TOUCH, LH75WMAWLGCXZA; Panel: Tamaño diagonal 75"", Resolución 3840 * 2160 (paisaje), Brillo (típ.) 350 nit (sin vidrio), Relación de contraste 4.000: 1 (sin cristal), Ángulo de visión 178/178 (H / V), Tiempo de respuesta 6 ms; Altavoz integrado (10W x 2CH); Conectividad: Video HDMI 2 (Trasero 1, Delantero 1) DP 1, OPS/F; H, USB 2 (para SoC, trasero/delantero), 2 (para externo 2.0 x1/3.0x1 (delantero)); Producción: Video HDMI 1 (Pantalla compartida en el frente), Audio 1 (miniconector estéreo), Touch Out 2 (tipo USB ascendente, frontal 1, posterior 1), Control externo: Entrada táctil / RS232C a través de conector estéreo, RJ45 (para MDC); Toque: Tipo infrarrojos; # 4 dibujo (interno) 20 dibujo (externo); Tipo de lápiz táctil Bolígrafo pasivo con imán; Rango de reconocimiento de objetos 2mm/ 4mm/ 8mm/ 50mm (modo de pincel: reconocimiento dinámico de objetos); Montaje VESA 400 x 400mm; Dimensión 1721 x 1019.3 x 75.2mm; Peso 58,3 kg.. Clave Oficial CT: LFDSMG970. Marca: CT.",ELECTRONICA DE CONSUMO,monitores,CT,62848.89,1225553.33,1960885.33,1960885.33,1654497.0,1654497.0,1531941.67,1470664.0,assets/img/catalog/monitores/LFDSMG970.jpg,assets/img/catalog/monitores/LFDSMG970.jpg,https://static.ctonline.mx/imagenes/LFDSMG970/LFDSMG970_400.jpg
MONLGE3250,"MONITOR LG CREATEBOARD 86"" LG 86TR3PN. Monitor Createboard LG 86"" Resolución 3840x2160 (UHD); 6.5ms tiempo respuesta; Paneles IPS; Frecuencia 60Hz; 400nit; 50,000 horas vida útil; 16/7 horas de operación; CreateBoard Multi-Táctil detecta hasta 50 puntos; Android 13; Bluetooth 5.0; Sistema Operativo Windows 10/8/7/Android; Altavoz integrado; Experiencia táctil realista; Permite compartir pantalla y contenido; Plantillas y herramientas educativas precargadas; Fácil de guardar / importar / exportar directamente desde y hacia Google Drive o OneDrive; Efecto de atención; Función de uso compartido de pantalla inalámbrica; Comparte hasta 9 pantallas en tiempo real; Modo seguro; Certificación de Google; Tienda Google Play; Bloqueo de pantalla; Bloqueo de USB; Conexión tipo C;  Diseño de conectividad frontal; Ranura OPS incorporada","MONITOR LG CREATEBOARD 86"" LG 86TR3PN. Monitor Createboard LG 86"" Resolución 3840x2160 (UHD); 6.5ms tiempo respuesta; Paneles IPS; Frecuencia 60Hz; 400nit; 50,000 horas vida útil; 16/7 horas de operación; CreateBoard Multi-Táctil detecta hasta 50 puntos; Android 13; Bluetooth 5.0; Sistema Operativo Windows 10/8/7/Android; Altavoz integrado; Experiencia táctil realista; Permite compartir pantalla y contenido; Plantillas y herramientas educativas precargadas; Fácil de guardar / importar / exportar directamente desde y hacia Google Drive o OneDrive; Efecto de atención; Función de uso compartido de pantalla inalámbrica; Comparte hasta 9 pantallas en tiempo real; Modo seguro; Certificación de Google; Tienda Google Play; Bloqueo de pantalla; Bloqueo de USB; Conexión tipo C;  Diseño de conectividad frontal; Ranura OPS incorporada. Clave Oficial CT: MONLGE3250. Marca: CT.",ELECTRONICA DE CONSUMO,monitores,CT,42175.38,822420.0,1315872.0,1315872.0,1110267.0,1110267.0,1028025.0,986904.0,assets/img/catalog/monitores/MONLGE3250.jpg,assets/img/catalog/monitores/MONLGE3250.jpg,https://static.ctonline.mx/imagenes/MONLGE3250/MONLGE3250_400.jpg
MONLGE3010,"Monitor LG Inteligente 3.5"" 32SR50F IPS FHD CON WebOS, Resolución 1920 x 1080, Relación de aspecto 16:9, Gama de colores (típ.) sRGB 99%, Brillo (típico) [cd/m²]250, Frecuencia de actualización (máx.) [Hz] 60, Tiempo de respuesta 8 ms (típico), Ajustes de la posición de la pantalla Inclinación, Ángulo de visión (CR≥10) 178º (derecha/izquierda), 178º (superior/profundidad), Conectividad HDMI(2), Montaje en pared 100 x 100mm, Un año de garantía, en centros de servicio LG en sitio.","Monitor LG Inteligente 3.5"" 32SR50F IPS FHD CON WebOS, Resolución 1920 x 1080, Relación de aspecto 16:9, Gama de colores (típ.) sRGB 99%, Brillo (típico) [cd/m²]250, Frecuencia de actualización (máx.) [Hz] 60, Tiempo de respuesta 8 ms (típico), Ajustes de la posición de la pantalla Inclinación, Ángulo de visión (CR≥10) 178º (derecha/izquierda), 178º (superior/profundidad), Conectividad HDMI(2), Montaje en pared 100 x 100mm, Un año de garantía, en centros de servicio LG en sitio.. Clave Oficial CT: MONLGE3010. Marca: CT.",ELECTRONICA DE CONSUMO,monitores,CT,4913.83,95819.68,153311.49,153311.49,129356.57,129356.57,119774.6,114983.62,assets/img/catalog/monitores/MONLGE3010.jpg,assets/img/catalog/monitores/MONLGE3010.jpg,https://static.ctonline.mx/imagenes/MONLGE3010/MONLGE3010_400.jpg
MONLGE3310,"Monitor Profesional LG 50"" 50UL5Q, Tamaño de pantalla 50"", Resolución 3840x2160 UHD, Brillo 350 nit (típico), Paneles ADS, CR dinámico 1,000,000:1, 8 ms (G a G) tiempo de respuesta, 60Hz frecuencia de actualización, 30,000 horas tiempo de vida, Modo Retrato/Paisaje, 16:9 Relación de aspecto, 16/7 horas de operación, 200x200 VESA, Alto rendimiento LG webOS 6.1, Diseño con bisel uniforme, Sensor de brillo incorporado, Tecnología Enhanced Kernel Protección (EKP), Permite LG ConnectedCare, Garantía 3 años en centro de servicio LG autorizados en sitio.","Monitor Profesional LG 50"" 50UL5Q, Tamaño de pantalla 50"", Resolución 3840x2160 UHD, Brillo 350 nit (típico), Paneles ADS, CR dinámico 1,000,000:1, 8 ms (G a G) tiempo de respuesta, 60Hz frecuencia de actualización, 30,000 horas tiempo de vida, Modo Retrato/Paisaje, 16:9 Relación de aspecto, 16/7 horas de operación, 200x200 VESA, Alto rendimiento LG webOS 6.1, Diseño con bisel uniforme, Sensor de brillo incorporado, Tecnología Enhanced Kernel Protección (EKP), Permite LG ConnectedCare, Garantía 3 años en centro de servicio LG autorizados en sitio.. Clave Oficial CT: MONLGE3310. Marca: CT.",ELECTRONICA DE CONSUMO,monitores,CT,10560.41,205927.93,329484.69,329484.69,278002.7,278002.7,257409.91,247113.51,assets/img/catalog/monitores/MONLGE3310.jpg,assets/img/catalog/monitores/MONLGE3310.jpg,https://static.ctonline.mx/imagenes/MONLGE3310/MONLGE3310_400.jpg
MONLGE3330,"Monitor Profesional 55"" LG 55UH5Q. Resolución 3840x2160 UHD, Brillo 500 nits (Typ), CR dinámico 1,000,000:1, 8m (G a G) tiempo de respuesta, 50,000 horas de vida, Formato Retrato/Paisaje, 16:9 Relación de aspecto, 60Hz Frecuencia de actualización, 24/7 horas de operación, Diseño de bisel uniforme y delgado 11.4mm, Compatible con plataforma webOS, Diseño delgado para utilización del espacio, Optimizado para entornos empresariales protegido contra la sal, polvo, polvo de hierro y humedad (IP5x y Shock Monitoring), Seguridad integral LG Shield que emplea sistema de defensa de 5 nivele4s que abarcar servidor, aplicación, sistema operativo, sistema y hardware, Compatible con SuperSign, Garantía de 3 años en centro de servicio LG autorizados","Monitor Profesional 55"" LG 55UH5Q. Resolución 3840x2160 UHD, Brillo 500 nits (Typ), CR dinámico 1,000,000:1, 8m (G a G) tiempo de respuesta, 50,000 horas de vida, Formato Retrato/Paisaje, 16:9 Relación de aspecto, 60Hz Frecuencia de actualización, 24/7 horas de operación, Diseño de bisel uniforme y delgado 11.4mm, Compatible con plataforma webOS, Diseño delgado para utilización del espacio, Optimizado para entornos empresariales protegido contra la sal, polvo, polvo de hierro y humedad (IP5x y Shock Monitoring), Seguridad integral LG Shield que emplea sistema de defensa de 5 nivele4s que abarcar servidor, aplicación, sistema operativo, sistema y hardware, Compatible con SuperSign, Garantía de 3 años en centro de servicio LG autorizados. Clave Oficial CT: MONLGE3330. Marca: CT.",ELECTRONICA DE CONSUMO,monitores,CT,12457.24,242916.21,388665.94,388665.94,327936.89,327936.89,303645.27,291499.46,assets/img/catalog/monitores/MONLGE3330.jpg,assets/img/catalog/monitores/MONLGE3330.jpg,https://static.ctonline.mx/imagenes/MONLGE3330/MONLGE3330_400.jpg
MONLGE2850,"Pantalla LG 37"" 37BH7N, tecnología IPS, Resolución: 1.920 × 540 ,Brillo: 700 nits, Pantalla panorámica 32:9-,Relación de aspecto 32: 9; Frecuencia de actualización 60Hz; Relación de contraste 1.000: 1, CR dinámica 1.000.000: 1, Gama de colores 72%, Ángulo de visión (H x V) 178 × 178, Profundidad del color 16,7 millones de colores (8 bits), Tiempo de respuesta 14 ms (G a G)​, Tratamiento de superficie (neblina) Neblina25%, Toda la vida 50.000 horas (mín.) Horas de Operación ( 24/7), Soporte VESA ( 400 × 200 milímetros), Retrato/Paisaje, Conectividad :  HDMI (2, compatibilidad con conexión en cadena) (HDMI1/2: HDCP 2.2/1.4), DP, entrada RS-232C, RJ45 (LAN), entrada IR, entrada USB 2.0 tipo A (reproducción automática de USB); Salida HDMI, salida de audio, salida RS-232C; Diseño; SuperSign CMS, SuperSign Control+, SuperSign WB, CMS móvil, LG ConnectedCare; 3 años de garantía en centros de servicio LG autorizados en sitio.","Pantalla LG 37"" 37BH7N, tecnología IPS, Resolución: 1.920 × 540 ,Brillo: 700 nits, Pantalla panorámica 32:9-,Relación de aspecto 32: 9; Frecuencia de actualización 60Hz; Relación de contraste 1.000: 1, CR dinámica 1.000.000: 1, Gama de colores 72%, Ángulo de visión (H x V) 178 × 178, Profundidad del color 16,7 millones de colores (8 bits), Tiempo de respuesta 14 ms (G a G)​, Tratamiento de superficie (neblina) Neblina25%, Toda la vida 50.000 horas (mín.) Horas de Operación ( 24/7), Soporte VESA ( 400 × 200 milímetros), Retrato/Paisaje, Conectividad :  HDMI (2, compatibilidad con conexión en cadena) (HDMI1/2: HDCP 2.2/1.4), DP, entrada RS-232C, RJ45 (LAN), entrada IR, entrada USB 2.0 tipo A (reproducción automática de USB); Salida HDMI, salida de audio, salida RS-232C; Diseño; SuperSign CMS, SuperSign Control+, SuperSign WB, CMS móvil, LG ConnectedCare; 3 años de garantía en centros de servicio LG autorizados en sitio.. Clave Oficial CT: MONLGE2850. Marca: CT.",ELECTRONICA DE CONSUMO,monitores,CT,17927.47,349585.71,559337.14,559337.14,471940.71,471940.71,436982.14,419502.86,assets/img/catalog/monitores/MONLGE2850.jpg,assets/img/catalog/monitores/MONLGE2850.jpg,https://static.ctonline.mx/imagenes/MONLGE2850/MONLGE2850_400.jpg
MONLGE3510,"MONITOR SIGNAGE 49"" LG 49UH5Q. Monitor Signage LG 49""; Resolución 3840x2160 (4K UHD); Refresh 60Hz; Sistema operativo webOS 8.0; Tiempo de respuesta 8ms; Tiempo de vida 50,000 horas; Operación 24/7; 500 nit; Paneles IPS, Orientación Retrato / Paisaje, Soluciones SuperSign, Garantía de 3 años en cualquier centro de servicio autorizado LG","MONITOR SIGNAGE 49"" LG 49UH5Q. Monitor Signage LG 49""; Resolución 3840x2160 (4K UHD); Refresh 60Hz; Sistema operativo webOS 8.0; Tiempo de respuesta 8ms; Tiempo de vida 50,000 horas; Operación 24/7; 500 nit; Paneles IPS, Orientación Retrato / Paisaje, Soluciones SuperSign, Garantía de 3 años en cualquier centro de servicio autorizado LG. Clave Oficial CT: MONLGE3510. Marca: CT.",ELECTRONICA DE CONSUMO,monitores,CT,10000.3,195005.87,312009.39,312009.39,263257.93,263257.93,243757.34,234007.05,assets/img/catalog/monitores/MONLGE3510.jpg,assets/img/catalog/monitores/MONLGE3510.jpg,https://static.ctonline.mx/imagenes/MONLGE3510/MONLGE3510_400.jpg
MONLGE3300,"MONITOR SIGNAGE 43"" LG 43UH5Q. Monitor Signage LG 43""; Resolución 3840x2160 (4K UHD); Refresh 60Hz; Sistema operativo webOS; Tiempo de respuesta 8ms; Tiempo de vida 50,000 horas; Operación 24/7; 500 nit; Retrato/Paisaje; Compatible con SuperSign,  Garantía de 3 años en cualquier centro de servicio autorizado LG","MONITOR SIGNAGE 43"" LG 43UH5Q. Monitor Signage LG 43""; Resolución 3840x2160 (4K UHD); Refresh 60Hz; Sistema operativo webOS; Tiempo de respuesta 8ms; Tiempo de vida 50,000 horas; Operación 24/7; 500 nit; Retrato/Paisaje; Compatible con SuperSign,  Garantía de 3 años en cualquier centro de servicio autorizado LG. Clave Oficial CT: MONLGE3300. Marca: CT.",ELECTRONICA DE CONSUMO,monitores,CT,8301.57,161880.69,259009.11,259009.11,218538.93,218538.93,202350.86,194256.83,assets/img/catalog/monitores/MONLGE3300.jpg,assets/img/catalog/monitores/MONLGE3300.jpg,https://static.ctonline.mx/imagenes/MONLGE3300/MONLGE3300_400.jpg
MONLGE3530,"Monitor Profesional LG 43"" 43UL5Q, Tamaño de pantalla 43"", Resolución 3840x2160 UHD, Brillo 350 nit (típico), Paneles ADS, CR dinámico 1,000,000:1, 8 ms (G a G) tiempo de respuesta, 60Hz frecuencia de actualización, 30,000 horas tiempo de vida, Modo Retrato/Paisaje, 16:9 Relación de aspecto, 16/7 horas de operación, 200x200 VESA, Alto rendimiento LG webOS 6.1, Diseño con bisel uniforme, Sensor de brillo incorporado, Tecnología Enhanced Kernel Protection (EKP), Permite LG ConnectedCare, Garantía 3 años en centro de servicio LG autorizados en sitio.","Monitor Profesional LG 43"" 43UL5Q, Tamaño de pantalla 43"", Resolución 3840x2160 UHD, Brillo 350 nit (típico), Paneles ADS, CR dinámico 1,000,000:1, 8 ms (G a G) tiempo de respuesta, 60Hz frecuencia de actualización, 30,000 horas tiempo de vida, Modo Retrato/Paisaje, 16:9 Relación de aspecto, 16/7 horas de operación, 200x200 VESA, Alto rendimiento LG webOS 6.1, Diseño con bisel uniforme, Sensor de brillo incorporado, Tecnología Enhanced Kernel Protection (EKP), Permite LG ConnectedCare, Garantía 3 años en centro de servicio LG autorizados en sitio.. Clave Oficial CT: MONLGE3530. Marca: CT.",ELECTRONICA DE CONSUMO,monitores,CT,7412.68,144547.21,231275.54,231275.54,195138.73,195138.73,180684.01,173456.65,assets/img/catalog/monitores/MONLGE3530.jpg,assets/img/catalog/monitores/MONLGE3530.jpg,https://static.ctonline.mx/imagenes/MONLGE3530/MONLGE3530_400.jpg
MONLGE3320,"Monitor Profesional LG 55"" 55UL5Q, Tamaño de pantalla 55"", Resolución 3840x2160 UHD, Brillo 500 nit (típico), Paneles ADS, CR dinámico 1,000,000:1, 8 ms (G a G) tiempo de respuesta, 60Hz frecuencia de actualización, 30,000 horas tiempo de vida, Modo Retrato/Paisaje, 16:9 Relación de aspecto, 16/7 horas de operación, 300x300 VESA, Alto rendimiento LG webOS 6.1, Diseño con bisel uniforme, Sensor de brillo incorporado, Tecnología Enhanced Kernel Protection (EKP), Permite LG ConnectedCare, Garantía 3 años en centro de servicio LG autorizados en sitio.","Monitor Profesional LG 55"" 55UL5Q, Tamaño de pantalla 55"", Resolución 3840x2160 UHD, Brillo 500 nit (típico), Paneles ADS, CR dinámico 1,000,000:1, 8 ms (G a G) tiempo de respuesta, 60Hz frecuencia de actualización, 30,000 horas tiempo de vida, Modo Retrato/Paisaje, 16:9 Relación de aspecto, 16/7 horas de operación, 300x300 VESA, Alto rendimiento LG webOS 6.1, Diseño con bisel uniforme, Sensor de brillo incorporado, Tecnología Enhanced Kernel Protection (EKP), Permite LG ConnectedCare, Garantía 3 años en centro de servicio LG autorizados en sitio.. Clave Oficial CT: MONLGE3320. Marca: CT.",ELECTRONICA DE CONSUMO,monitores,CT,11967.79,233371.93,373395.09,373395.09,315052.1,315052.1,291714.91,280046.31,assets/img/catalog/monitores/MONLGE3320.jpg,assets/img/catalog/monitores/MONLGE3320.jpg,https://static.ctonline.mx/imagenes/MONLGE3320/MONLGE3320_400.jpg
MONLGE3360,"Monitor Profesional LG 75"" 75UL5Q, Tamaño de pantalla 75"", Resolución 3840x2160 UHD, Brillo 350 nit (típico), Paneles ADS, CR dinámico 1,000,000:1, 8 ms (G a G) tiempo de respuesta, 60Hz frecuencia de actualización, 30,000 horas tiempo de vida, Modo Retrato/Paisaje, 16:9 Relación de aspecto, 16/7 horas de operación, 200x200 VESA, Alto rendimiento LG webOS 6.1, Diseño con bisel uniforme, Sensor de brillo incorporado, Tecnología Enhanced Kernel Protection (EKP), Permite LG ConnectedCare, Garantía 3 años en centro de servicio LG autorizados en sitio.","Monitor Profesional LG 75"" 75UL5Q, Tamaño de pantalla 75"", Resolución 3840x2160 UHD, Brillo 350 nit (típico), Paneles ADS, CR dinámico 1,000,000:1, 8 ms (G a G) tiempo de respuesta, 60Hz frecuencia de actualización, 30,000 horas tiempo de vida, Modo Retrato/Paisaje, 16:9 Relación de aspecto, 16/7 horas de operación, 200x200 VESA, Alto rendimiento LG webOS 6.1, Diseño con bisel uniforme, Sensor de brillo incorporado, Tecnología Enhanced Kernel Protection (EKP), Permite LG ConnectedCare, Garantía 3 años en centro de servicio LG autorizados en sitio.. Clave Oficial CT: MONLGE3360. Marca: CT.",ELECTRONICA DE CONSUMO,monitores,CT,18075.54,352473.0,563956.8,563956.8,475838.55,475838.55,440591.25,422967.6,assets/img/catalog/monitores/MONLGE3360.jpg,assets/img/catalog/monitores/MONLGE3360.jpg,https://static.ctonline.mx/imagenes/MONLGE3360/MONLGE3360_400.jpg
MONLGE3350,"Monitor Profesional LG 65"" 65UH5Q, Tamaño de pantalla 65"", Resolución 3840x2160 UHD, Brillo 500 nit (típico), Paneles ADS, Contraste 1200:1, CR dinámico 1,000,000:1, 60Hz frecuencia de actualización; 50,000 horas tiempo de vida, 16:9 Relación de aspecto, 24/7 horas de operación, 300x300 VESA, Alto rendimiento LG webOS 8.0, Diseño de bisel uniforme, Diseño delgado para aprovechamiento del espacio, Protección contra la sal, el polvo, el polvo de hierro y la humedad con IP5x y Shock Monitoring, Seguridad Integral con LG Shield, Altavoz integrado, Compatible con SuperSign, Garantía 3 años en centro de servicio LG autorizados en sitio.","Monitor Profesional LG 65"" 65UH5Q, Tamaño de pantalla 65"", Resolución 3840x2160 UHD, Brillo 500 nit (típico), Paneles ADS, Contraste 1200:1, CR dinámico 1,000,000:1, 60Hz frecuencia de actualización; 50,000 horas tiempo de vida, 16:9 Relación de aspecto, 24/7 horas de operación, 300x300 VESA, Alto rendimiento LG webOS 8.0, Diseño de bisel uniforme, Diseño delgado para aprovechamiento del espacio, Protección contra la sal, el polvo, el polvo de hierro y la humedad con IP5x y Shock Monitoring, Seguridad Integral con LG Shield, Altavoz integrado, Compatible con SuperSign, Garantía 3 años en centro de servicio LG autorizados en sitio.. Clave Oficial CT: MONLGE3350. Marca: CT.",ELECTRONICA DE CONSUMO,monitores,CT,18539.36,361517.57,578428.11,578428.11,488048.72,488048.72,451896.96,433821.09,assets/img/catalog/monitores/MONLGE3350.jpg,assets/img/catalog/monitores/MONLGE3350.jpg,https://static.ctonline.mx/imagenes/MONLGE3350/MONLGE3350_400.jpg
MONLGE3370,"Monitor Profesional LG 86"" 86UL5Q, Tamaño de pantalla 86"", Resolución 3840x2160 UHD, Brillo 500 nit (típico), Paneles ADS, Contraste 1200:1, 8 ms (G a G) tiempo de respuesta, 60Hz frecuencia de actualización, 30,000 horas tiempo de vida, 16:9 Relación de aspecto, 16/7 horas de operación, 600x400 VESA, Alto rendimiento LG webOS 6.1, Diseño con bisel uniforme, Funcion de inclinacion hacia arriba y abajo para mejor experiencia de visualizacion adaptativa hasta 15 grados, Sensor de brillo incorporado, Tecnología Enhanced Kernel Protection (EKP), Permite LG ConnectedCare, Compatible con SuperSign, Garantía 3 años en centro de servicio LG autorizados en sitio.","Monitor Profesional LG 86"" 86UL5Q, Tamaño de pantalla 86"", Resolución 3840x2160 UHD, Brillo 500 nit (típico), Paneles ADS, Contraste 1200:1, 8 ms (G a G) tiempo de respuesta, 60Hz frecuencia de actualización, 30,000 horas tiempo de vida, 16:9 Relación de aspecto, 16/7 horas de operación, 600x400 VESA, Alto rendimiento LG webOS 6.1, Diseño con bisel uniforme, Funcion de inclinacion hacia arriba y abajo para mejor experiencia de visualizacion adaptativa hasta 15 grados, Sensor de brillo incorporado, Tecnología Enhanced Kernel Protection (EKP), Permite LG ConnectedCare, Compatible con SuperSign, Garantía 3 años en centro de servicio LG autorizados en sitio.. Clave Oficial CT: MONLGE3370. Marca: CT.",ELECTRONICA DE CONSUMO,monitores,CT,25922.39,505486.63,808778.61,808778.61,682406.95,682406.95,631858.29,606583.96,assets/img/catalog/monitores/MONLGE3370.jpg,assets/img/catalog/monitores/MONLGE3370.jpg,https://static.ctonline.mx/imagenes/MONLGE3370/MONLGE3370_400.jpg
MONLGE3610,"Monitor Profesional 86"" LG 86BH5F. Resolución 3840x600 UHD, Relación de aspecto 58:9, Brillo 500 nits, Marco 4.4mm (izq/der) y 5.9mm (largo), Profundidad 81.7mm, Panel IPS, Vida útil 50,000 horas, Funcionamiento 24/7, Orientación Horizontal y Vertical, Tiempo de respuesta 8ms, VESA 600x200 mm, Compatible con SuperSign, HDMI (3), DP, DVI-D, Audio, USB 2.0(2), 3 años de garantía en centros de servicio LG autorizados en sitio.","Monitor Profesional 86"" LG 86BH5F. Resolución 3840x600 UHD, Relación de aspecto 58:9, Brillo 500 nits, Marco 4.4mm (izq/der) y 5.9mm (largo), Profundidad 81.7mm, Panel IPS, Vida útil 50,000 horas, Funcionamiento 24/7, Orientación Horizontal y Vertical, Tiempo de respuesta 8ms, VESA 600x200 mm, Compatible con SuperSign, HDMI (3), DP, DVI-D, Audio, USB 2.0(2), 3 años de garantía en centros de servicio LG autorizados en sitio.. Clave Oficial CT: MONLGE3610. Marca: CT.",ELECTRONICA DE CONSUMO,monitores,CT,51779.12,1009692.86,1615508.57,1615508.57,1363085.36,1363085.36,1262116.07,1211631.43,assets/img/catalog/monitores/MONLGE3610.jpg,assets/img/catalog/monitores/MONLGE3610.jpg,https://static.ctonline.mx/imagenes/MONLGE3610/MONLGE3610_400.jpg
MONLGE3380,"Monitor Profesional LG 86"" 86UH5N, Tamaño de pantalla 86"", Resolución 3840x2160 UHD, Brillo 500 nit (típico), Paneles IPS, Contraste 1200:1, CR dinamico 1,000,000:1, 8 ms (G a G) tiempo de respuesta, 120Hz frecuencia de actualización, 50,000 horas tiempo de vida, 16:9 Relación de aspecto, 24/7 horas de operación, 600x400 VESA, Alto rendimiento LG webOS 6.0, Diseño robusto con resistencia al fuego y la llama, Profundidad delgada con bisel uniforme, Funcionamiento verstail con multi-USB, Recubrimiento conformal y certificacion IP5x contra oxido, polvo y humedad, Tecnologia Enhanced Kernel Protection (EKP), Altavoz integrado, Compatible con SuperSign, Garantía 3 años en centro de servicio LG autorizados en sitio.","Monitor Profesional LG 86"" 86UH5N, Tamaño de pantalla 86"", Resolución 3840x2160 UHD, Brillo 500 nit (típico), Paneles IPS, Contraste 1200:1, CR dinamico 1,000,000:1, 8 ms (G a G) tiempo de respuesta, 120Hz frecuencia de actualización, 50,000 horas tiempo de vida, 16:9 Relación de aspecto, 24/7 horas de operación, 600x400 VESA, Alto rendimiento LG webOS 6.0, Diseño robusto con resistencia al fuego y la llama, Profundidad delgada con bisel uniforme, Funcionamiento verstail con multi-USB, Recubrimiento conformal y certificacion IP5x contra oxido, polvo y humedad, Tecnologia Enhanced Kernel Protection (EKP), Altavoz integrado, Compatible con SuperSign, Garantía 3 años en centro de servicio LG autorizados en sitio.. Clave Oficial CT: MONLGE3380. Marca: CT.",ELECTRONICA DE CONSUMO,monitores,CT,34246.15,667800.0,1068480.0,1068480.0,901530.0,901530.0,834750.0,801360.0,assets/img/catalog/monitores/MONLGE3380.jpg,assets/img/catalog/monitores/MONLGE3380.jpg,https://static.ctonline.mx/imagenes/MONLGE3380/MONLGE3380_400.jpg
MONLGE3540,"Monitor Profesional SIGNAGE WebOS 65"" LG 65UL5Q. Monitor Profesional Signage WebOS 65""; 3840x2160 (UHD); 8ms tiempo respuesta; Paneles IPS; Frecuencia 60Hz; 400nit; Vida útil 30,000 horas; Horas de operación 24/7; Diseño delgado en tamaño y grosor de bisel, Alto rendimiento con LG WebOS 6.0, Conexión de varios sensores como GPIO, NFC(RFID, sensores de temperatura, etc; Asistente de publicidad LG, Compatible con sistemas de control AV, Altavoz incorporado, Registro EPEAT, Garantía 3 años en centro de servicio LG autorizados en sitio.","Monitor Profesional SIGNAGE WebOS 65"" LG 65UL5Q. Monitor Profesional Signage WebOS 65""; 3840x2160 (UHD); 8ms tiempo respuesta; Paneles IPS; Frecuencia 60Hz; 400nit; Vida útil 30,000 horas; Horas de operación 24/7; Diseño delgado en tamaño y grosor de bisel, Alto rendimiento con LG WebOS 6.0, Conexión de varios sensores como GPIO, NFC(RFID, sensores de temperatura, etc; Asistente de publicidad LG, Compatible con sistemas de control AV, Altavoz incorporado, Registro EPEAT, Garantía 3 años en centro de servicio LG autorizados en sitio.. Clave Oficial CT: MONLGE3540. Marca: CT.",ELECTRONICA DE CONSUMO,monitores,CT,14077.42,274509.68,439215.48,439215.48,370588.06,370588.06,343137.1,329411.61,assets/img/catalog/monitores/MONLGE3540.jpg,assets/img/catalog/monitores/MONLGE3540.jpg,https://static.ctonline.mx/imagenes/MONLGE3540/MONLGE3540_400.jpg
MONLGE3410,"MONITOR LG CREATEBOARD 55"" LG 55TR3DQ. Monitor Createboard LG 55"" Resolución 3840x2160 (UHD); 6.5ms tiempo respuesta; Paneles VA; Frecuencia 60Hz; 400nit; 50,000 horas vida útil; 16/7 horas de operación; CreateBoard Multi-Táctil detecta hasta 50 puntos; Android 13; Bluetooth 5.0; Sistema Operativo Windows 10/8/7/Android; Altavoz integrado; Experiencia táctil realista; Permite compartir pantalla y contenido; Plantillas y herramientas educativas precargadas; Fácil de guardar / importar / exportar directamente desde y hacia Google Drive o OneDrive; Efecto de atención; Función de uso compartido de pantalla inalámbrica; Comparte hasta 9 pantallas en tiempo real; Modo seguro; Certificación de Google; Tienda Google Play; Bloqueo de pantalla; Bloqueo de USB; Conexión tipo C;  Diseño de conectividad frontal; Ranura OPS incorporada","MONITOR LG CREATEBOARD 55"" LG 55TR3DQ. Monitor Createboard LG 55"" Resolución 3840x2160 (UHD); 6.5ms tiempo respuesta; Paneles VA; Frecuencia 60Hz; 400nit; 50,000 horas vida útil; 16/7 horas de operación; CreateBoard Multi-Táctil detecta hasta 50 puntos; Android 13; Bluetooth 5.0; Sistema Operativo Windows 10/8/7/Android; Altavoz integrado; Experiencia táctil realista; Permite compartir pantalla y contenido; Plantillas y herramientas educativas precargadas; Fácil de guardar / importar / exportar directamente desde y hacia Google Drive o OneDrive; Efecto de atención; Función de uso compartido de pantalla inalámbrica; Comparte hasta 9 pantallas en tiempo real; Modo seguro; Certificación de Google; Tienda Google Play; Bloqueo de pantalla; Bloqueo de USB; Conexión tipo C;  Diseño de conectividad frontal; Ranura OPS incorporada. Clave Oficial CT: MONLGE3410. Marca: CT.",ELECTRONICA DE CONSUMO,monitores,CT,23684.78,461853.26,738965.22,738965.22,623501.9,623501.9,577316.58,554223.91,assets/img/catalog/monitores/MONLGE3410.jpg,assets/img/catalog/monitores/MONLGE3410.jpg,https://static.ctonline.mx/imagenes/MONLGE3410/MONLGE3410_400.jpg
MONLGE3420,"MONITOR LG CREATEBOARD 65"" LG 65TR3DQ. Monitor Createboard LG 65"" Resolución 3840x2160 (UHD); 6.5ms tiempo respuesta; Paneles IPS; Frecuencia 60Hz; 400nit; 50,000 horas vida útil; 16/7 horas de operación; CreateBoard Multi-Táctil detecta hasta 50 puntos; Android 13; Bluetooth 5.0; Sistema Operativo Windows 10/8/7/Android; Altavoz integrado; Experiencia táctil realista; Permite compartir pantalla y contenido; Plantillas y herramientas educativas precargadas; Fácil de guardar / importar / exportar directamente desde y hacia Google Drive o OneDrive; Efecto de atención; Función de uso compartido de pantalla inalámbrica; Comparte hasta 9 pantallas en tiempo real; Modo seguro; Certificación de Google; Tienda Google Play; Bloqueo de pantalla; Bloqueo de USB; Conexión tipo C;  Diseño de conectividad frontal; Ranura OPS incorporada","MONITOR LG CREATEBOARD 65"" LG 65TR3DQ. Monitor Createboard LG 65"" Resolución 3840x2160 (UHD); 6.5ms tiempo respuesta; Paneles IPS; Frecuencia 60Hz; 400nit; 50,000 horas vida útil; 16/7 horas de operación; CreateBoard Multi-Táctil detecta hasta 50 puntos; Android 13; Bluetooth 5.0; Sistema Operativo Windows 10/8/7/Android; Altavoz integrado; Experiencia táctil realista; Permite compartir pantalla y contenido; Plantillas y herramientas educativas precargadas; Fácil de guardar / importar / exportar directamente desde y hacia Google Drive o OneDrive; Efecto de atención; Función de uso compartido de pantalla inalámbrica; Comparte hasta 9 pantallas en tiempo real; Modo seguro; Certificación de Google; Tienda Google Play; Bloqueo de pantalla; Bloqueo de USB; Conexión tipo C;  Diseño de conectividad frontal; Ranura OPS incorporada. Clave Oficial CT: MONLGE3420. Marca: CT.",ELECTRONICA DE CONSUMO,monitores,CT,31012.9,604751.61,967602.58,967602.58,816414.68,816414.68,755939.52,725701.94,assets/img/catalog/monitores/MONLGE3420.jpg,assets/img/catalog/monitores/MONLGE3420.jpg,https://static.ctonline.mx/imagenes/MONLGE3420/MONLGE3420_400.jpg
MONLGE3430,"MONITOR LG CREATEBOARD 75"" LG 75TR3DQ. Monitor Createboard LG 75"" Resolución 3840x2160 (UHD); 6.5ms tiempo respuesta; Paneles IPS; Frecuencia 60Hz; 400nit; 50,000 horas vida útil; 16/7 horas de operación; CreateBoard Multi-Táctil detecta hasta 50 puntos; Android 13; Bluetooth 5.0; Sistema Operativo Windows 10/8/7/Android; Altavoz integrado; Experiencia táctil realista; Permite compartir pantalla y contenido; Plantillas y herramientas educativas precargadas; Fácil de guardar / importar / exportar directamente desde y hacia Google Drive o OneDrive; Efecto de atención; Función de uso compartido de pantalla inalámbrica; Comparte hasta 9 pantallas en tiempo real; Modo seguro; Certificación de Google; Tienda Google Play; Bloqueo de pantalla; Bloqueo de USB; Conexión tipo C;  Diseño de conectividad frontal; Ranura OPS incorporada","MONITOR LG CREATEBOARD 75"" LG 75TR3DQ. Monitor Createboard LG 75"" Resolución 3840x2160 (UHD); 6.5ms tiempo respuesta; Paneles IPS; Frecuencia 60Hz; 400nit; 50,000 horas vida útil; 16/7 horas de operación; CreateBoard Multi-Táctil detecta hasta 50 puntos; Android 13; Bluetooth 5.0; Sistema Operativo Windows 10/8/7/Android; Altavoz integrado; Experiencia táctil realista; Permite compartir pantalla y contenido; Plantillas y herramientas educativas precargadas; Fácil de guardar / importar / exportar directamente desde y hacia Google Drive o OneDrive; Efecto de atención; Función de uso compartido de pantalla inalámbrica; Comparte hasta 9 pantallas en tiempo real; Modo seguro; Certificación de Google; Tienda Google Play; Bloqueo de pantalla; Bloqueo de USB; Conexión tipo C;  Diseño de conectividad frontal; Ranura OPS incorporada. Clave Oficial CT: MONLGE3430. Marca: CT.",ELECTRONICA DE CONSUMO,monitores,CT,34478.87,672337.98,1075740.77,1075740.77,907656.28,907656.28,840422.48,806805.58,assets/img/catalog/monitores/MONLGE3430.jpg,assets/img/catalog/monitores/MONLGE3430.jpg,https://static.ctonline.mx/imagenes/MONLGE3430/MONLGE3430_400.jpg
MONLGE3630,"MONITOR LG CREATEBOARD 86"" LG 86TR3DQ. Monitor Createboard LG 86"" Resolución 3840x2160 (UHD); 6.5ms tiempo respuesta; Paneles IPS; Frecuencia 60Hz; 400nit; 50,000 horas vida útil; 16/7 horas de operación; CreateBoard Multi-Táctil detecta hasta 50 puntos; Android 13; Bluetooth 5.0; Sistema Operativo Windows 10/8/7/Android; Altavoz integrado; Experiencia táctil realista; Permite compartir pantalla y contenido; Plantillas y herramientas educativas precargadas; Fácil de guardar / importar / exportar directamente desde y hacia Google Drive o OneDrive; Efecto de atención; Función de uso compartido de pantalla inalámbrica; Comparte hasta 9 pantallas en tiempo real; Modo seguro; Certificación de Google; Tienda Google Play; Bloqueo de pantalla; Bloqueo de USB; Conexión tipo C;  Diseño de conectividad frontal; Ranura OPS incorporada","MONITOR LG CREATEBOARD 86"" LG 86TR3DQ. Monitor Createboard LG 86"" Resolución 3840x2160 (UHD); 6.5ms tiempo respuesta; Paneles IPS; Frecuencia 60Hz; 400nit; 50,000 horas vida útil; 16/7 horas de operación; CreateBoard Multi-Táctil detecta hasta 50 puntos; Android 13; Bluetooth 5.0; Sistema Operativo Windows 10/8/7/Android; Altavoz integrado; Experiencia táctil realista; Permite compartir pantalla y contenido; Plantillas y herramientas educativas precargadas; Fácil de guardar / importar / exportar directamente desde y hacia Google Drive o OneDrive; Efecto de atención; Función de uso compartido de pantalla inalámbrica; Comparte hasta 9 pantallas en tiempo real; Modo seguro; Certificación de Google; Tienda Google Play; Bloqueo de pantalla; Bloqueo de USB; Conexión tipo C;  Diseño de conectividad frontal; Ranura OPS incorporada. Clave Oficial CT: MONLGE3630. Marca: CT.",ELECTRONICA DE CONSUMO,monitores,CT,29797.08,581042.97,929668.75,929668.75,784408.01,784408.01,726303.71,697251.56,assets/img/catalog/monitores/MONLGE3630.jpg,assets/img/catalog/monitores/MONLGE3630.jpg,https://static.ctonline.mx/imagenes/MONLGE3630/MONLGE3630_400.jpg
MONLGE3640,"MONITOR LG CREATEBOARD 98"" LG 98TR3DQ. Monitor Createboard LG 98"" Resolución 3840x2160 (UHD); 6.5ms tiempo respuesta; Paneles IPS; Frecuencia 60Hz; 400nit; 50,000 horas vida útil; 16/7 horas de operación; CreateBoard Multi-Táctil detecta hasta 50 puntos; Android 13; Bluetooth 5.0; Sistema Operativo Windows 10/8/7/Android; Altavoz integrado; Experiencia táctil realista; Permite compartir pantalla y contenido; Plantillas y herramientas educativas precargadas; Fácil de guardar / importar / exportar directamente desde y hacia Google Drive o OneDrive; Efecto de atención; Función de uso compartido de pantalla inalámbrica; Comparte hasta 9 pantallas en tiempo real; Modo seguro; Certificación de Google; Tienda Google Play; Bloqueo de pantalla; Bloqueo de USB; Conexión tipo C;  Diseño de conectividad frontal; Ranura OPS incorporada","MONITOR LG CREATEBOARD 98"" LG 98TR3DQ. Monitor Createboard LG 98"" Resolución 3840x2160 (UHD); 6.5ms tiempo respuesta; Paneles IPS; Frecuencia 60Hz; 400nit; 50,000 horas vida útil; 16/7 horas de operación; CreateBoard Multi-Táctil detecta hasta 50 puntos; Android 13; Bluetooth 5.0; Sistema Operativo Windows 10/8/7/Android; Altavoz integrado; Experiencia táctil realista; Permite compartir pantalla y contenido; Plantillas y herramientas educativas precargadas; Fácil de guardar / importar / exportar directamente desde y hacia Google Drive o OneDrive; Efecto de atención; Función de uso compartido de pantalla inalámbrica; Comparte hasta 9 pantallas en tiempo real; Modo seguro; Certificación de Google; Tienda Google Play; Bloqueo de pantalla; Bloqueo de USB; Conexión tipo C;  Diseño de conectividad frontal; Ranura OPS incorporada. Clave Oficial CT: MONLGE3640. Marca: CT.",ELECTRONICA DE CONSUMO,monitores,CT,100079.91,1951558.32,3122493.32,3122493.32,2634603.74,2634603.74,2439447.9,2341869.99,assets/img/catalog/monitores/MONLGE3640.jpg,assets/img/catalog/monitores/MONLGE3640.jpg,https://static.ctonline.mx/imagenes/MONLGE3640/MONLGE3640_400.jpg
MONLGE2760,"Monitor Quirúrgico LG 4K de 27"" 27HQ710S, (3840x2160) con mini-LED, Relación de aspecto16:, Backlight Dimming Technology Local Dimming, Backlight Technology Mini LED, Color Bit 10 bit, Gama de Colores (Typ.) DCI-P3 98%, Índice de contraste (Typ.) 1,000:1, Brillo (Typ.)800cd/m2, Brillo máximo (Typ.) 2000, Pixel Pitch(H x V)0.1554mm x 0.1554mm, Tamaño (H x V) 596.74 x 335.66mm, Tiempo de respuesta (ms)14ms(apagado), 5ms(más veloz), Ángulo de Visión (CR≥10) 178º(R/L), 178º(U/D), Tratamiento de superficies Cristal de protección (1,3 t, antirreflectante, antihuellas), montaje en pared	200x100mm/100x100mm, Conectividad: 3G-SDI  (3G,INx1/OUTx1), DVI (1In / 1Out),RS-232  (1),Puerto ascendente USB (1/ver3.0),DisplayPort  (in 1/out 1),HDMI (1), Puerto descendente USB (1/ver3.0), garantía 3 años en centros de servicio LG autorizados en sitio.","Monitor Quirúrgico LG 4K de 27"" 27HQ710S, (3840x2160) con mini-LED, Relación de aspecto16:, Backlight Dimming Technology Local Dimming, Backlight Technology Mini LED, Color Bit 10 bit, Gama de Colores (Typ.) DCI-P3 98%, Índice de contraste (Typ.) 1,000:1, Brillo (Typ.)800cd/m2, Brillo máximo (Typ.) 2000, Pixel Pitch(H x V)0.1554mm x 0.1554mm, Tamaño (H x V) 596.74 x 335.66mm, Tiempo de respuesta (ms)14ms(apagado), 5ms(más veloz), Ángulo de Visión (CR≥10) 178º(R/L), 178º(U/D), Tratamiento de superficies Cristal de protección (1,3 t, antirreflectante, antihuellas), montaje en pared	200x100mm/100x100mm, Conectividad: 3G-SDI  (3G,INx1/OUTx1), DVI (1In / 1Out),RS-232  (1),Puerto ascendente USB (1/ver3.0),DisplayPort  (in 1/out 1),HDMI (1), Puerto descendente USB (1/ver3.0), garantía 3 años en centros de servicio LG autorizados en sitio.. Clave Oficial CT: MONLGE2760. Marca: CT.",ELECTRONICA DE CONSUMO,monitores,CT,51106.38,996574.47,1594519.15,1594519.15,1345375.53,1345375.53,1245718.09,1195889.36,assets/img/catalog/monitores/MONLGE2760.jpg,assets/img/catalog/monitores/MONLGE2760.jpg,https://static.ctonline.mx/imagenes/MONLGE2760/MONLGE2760_400.jpg
MONLGE2720,"Monitor Quirúrgico LG 55'' 55MH5K-W 4K (3840x2160) IPS, Relación de aspecto 16:9, Tecnología de atenuación de retroiluminación Oscurecimiento global, Tecnología de retroiluminación CONDUJO, Tipo de retroiluminación Borde, Brillo (mín.) 540cd, Brillo (típico)680 cd, Brillo (estabilización)400cd (Dicom_350cd), Bit de color 10 bits, Profundidad de color (cantidad de colores)1,07 mil millones, Gama de colores (típ.)DCI-P3 86% (CIE1976), Relación de contraste (mín.) 800:1, Relación de contraste (típ.)1100:1, Relación de contraste con DFCMega, Tipo de panel IPS, Brillo máximo (mín.)540 cd (pico),Brillo máximo (típico)680 cd (pico )Tamaño de píxel0,315 mm x 0,315 mm,Resolución3840x2160, Tiempo de respuesta5 ms (GtG a mayor velocidad),Ángulo de visión (CR≥10) 178º(R/L), 178º(U/D), Montaje en pared 200x200mm y 300x300mm, garantía 3 años en centros de servicio LG autorizados en sitio.","Monitor Quirúrgico LG 55'' 55MH5K-W 4K (3840x2160) IPS, Relación de aspecto 16:9, Tecnología de atenuación de retroiluminación Oscurecimiento global, Tecnología de retroiluminación CONDUJO, Tipo de retroiluminación Borde, Brillo (mín.) 540cd, Brillo (típico)680 cd, Brillo (estabilización)400cd (Dicom_350cd), Bit de color 10 bits, Profundidad de color (cantidad de colores)1,07 mil millones, Gama de colores (típ.)DCI-P3 86% (CIE1976), Relación de contraste (mín.) 800:1, Relación de contraste (típ.)1100:1, Relación de contraste con DFCMega, Tipo de panel IPS, Brillo máximo (mín.)540 cd (pico),Brillo máximo (típico)680 cd (pico )Tamaño de píxel0,315 mm x 0,315 mm,Resolución3840x2160, Tiempo de respuesta5 ms (GtG a mayor velocidad),Ángulo de visión (CR≥10) 178º(R/L), 178º(U/D), Montaje en pared 200x200mm y 300x300mm, garantía 3 años en centros de servicio LG autorizados en sitio.. Clave Oficial CT: MONLGE2720. Marca: CT.",ELECTRONICA DE CONSUMO,monitores,CT,127946.81,2494962.77,3991940.43,3991940.43,3368199.73,3368199.73,3118703.46,2993955.32,assets/img/catalog/monitores/MONLGE2720.jpg,assets/img/catalog/monitores/MONLGE2720.jpg,https://static.ctonline.mx/imagenes/MONLGE2720/MONLGE2720_400.jpg
MONLGE3600,"Monitor Video Wall LG  55"" 55VL5PJ, Tecnología del panel IPS,  Brillo: 500 nits, Resolución 1920X1080 FHD escalable a 4K UHD, Bisel: 3.5mm, CR dinamico 500,000:1, Tiempo de respuesta 8ms, Orientacion Retrato y Paisaje, Tasa de refresco 60Hz, Vida util 60,000 horas, Horario de funcionamiento 24/7, VESA 600x400 mm, Sistema Operativo webOS 4.1, Compatible con SuperSign, IP5x, Ajuste facil de color, Reduccion de brecha de imagen, 3 años de garantía en centros  de servicio  LG autorizados.","Monitor Video Wall LG  55"" 55VL5PJ, Tecnología del panel IPS,  Brillo: 500 nits, Resolución 1920X1080 FHD escalable a 4K UHD, Bisel: 3.5mm, CR dinamico 500,000:1, Tiempo de respuesta 8ms, Orientacion Retrato y Paisaje, Tasa de refresco 60Hz, Vida util 60,000 horas, Horario de funcionamiento 24/7, VESA 600x400 mm, Sistema Operativo webOS 4.1, Compatible con SuperSign, IP5x, Ajuste facil de color, Reduccion de brecha de imagen, 3 años de garantía en centros  de servicio  LG autorizados.. Clave Oficial CT: MONLGE3600. Marca: CT.",ELECTRONICA DE CONSUMO,monitores,CT,15684.78,305853.26,489365.22,489365.22,412901.9,412901.9,382316.58,367023.91,assets/img/catalog/monitores/MONLGE3600.jpg,assets/img/catalog/monitores/MONLGE3600.jpg,https://static.ctonline.mx/imagenes/MONLGE3600/MONLGE3600_400.jpg
MONLGE3170,"Monitor Video wall 49"" LG 49VL5PJ. Tecnología del panel IPS, Tipo de luz de fondo, Direct, Relación de Aspecto 16 : 9, Resolución natural Seguridad Ritmo de actualización 60Hz, Brillo 500 nit (típ.), Relación de contraste 1,000:1, Relación de contraste dinámico 500,000:1, Gama de colores NTSC 72%, Ángulo de visualización (H x V) 178 x 178, Profundidad del color, 10 bits, 1.07 mil millones de colores, Tiempo de respuesta 8 ms, (gris a gris)Tratamiento de la superficie (Niebla)3%, Vida útil 60,000 Hrs (típ.) / 50,000 Hrs, (Min.)Horas de funcionamiento (Horas/Día) 24/7, retratos/Paisajes, Bisel: 2,25 mm (parte superior izquierda), 1,25 mm (parte inferior derecha), Profundidad: 89,7 mm; Interfaz: HDMI/DP/DVI-D/USB/ RS232C/ RJ45/ Audio/ IR3, Interfaz de montaje estándar VESA™600 x 400, 3 años de garantía en centros  de servicio  LG autorizados.","Monitor Video wall 49"" LG 49VL5PJ. Tecnología del panel IPS, Tipo de luz de fondo, Direct, Relación de Aspecto 16 : 9, Resolución natural Seguridad Ritmo de actualización 60Hz, Brillo 500 nit (típ.), Relación de contraste 1,000:1, Relación de contraste dinámico 500,000:1, Gama de colores NTSC 72%, Ángulo de visualización (H x V) 178 x 178, Profundidad del color, 10 bits, 1.07 mil millones de colores, Tiempo de respuesta 8 ms, (gris a gris)Tratamiento de la superficie (Niebla)3%, Vida útil 60,000 Hrs (típ.) / 50,000 Hrs, (Min.)Horas de funcionamiento (Horas/Día) 24/7, retratos/Paisajes, Bisel: 2,25 mm (parte superior izquierda), 1,25 mm (parte inferior derecha), Profundidad: 89,7 mm; Interfaz: HDMI/DP/DVI-D/USB/ RS232C/ RJ45/ Audio/ IR3, Interfaz de montaje estándar VESA™600 x 400, 3 años de garantía en centros  de servicio  LG autorizados.. Clave Oficial CT: MONLGE3170. Marca: CT.",ELECTRONICA DE CONSUMO,monitores,CT,16118.28,314306.45,502890.32,502890.32,424313.71,424313.71,392883.06,377167.74,assets/img/catalog/monitores/MONLGE3170.jpg,assets/img/catalog/monitores/MONLGE3170.jpg,https://static.ctonline.mx/imagenes/MONLGE3170/MONLGE3170_400.jpg
PROEPS2330,"Proyector láser de tiro largo EPSON Powerlite L520W (V11HA31020) Sistema de proyección de cristal líquido RGB con obturador, Montaje frontal / trasero / techo, Número de píxeles 1.024.000 puntos (1280 x 800) x 3 Resolución nativa 1280 x 800 (WXGA) Redimensión 640 x480, 800 x 600, 1280 x1024, 1400 x 1050, Relación de aspecto Soporta 16:10 Disposición de píxeles Rayas cruzadas Brillo de color, Emisión de luz en color: 5200 lúmenes Brillo blanco Emisión de luz blanca: 5.200 lúmenes Relación de contraste 2.500.000: 1 Uniformidad de brillo (típica) 86% Reproducción de color Hasta 1.070 millones de colores Tamaño (distancia proyectada) 29""- 280"", Distancia proyectada Pantalla de 60"" 1,79 - 2,92 m Corrección trapezoidal vertical: ± 30 grados; horizontal: ± 30 grados, Tecnología de iluminación Diodo láser, Vida útil de la fuente de luz2 Normal: 20.000 horas; Silencioso: 20.000 horas; Extendido: 30.000 horas, Interfases HDMI x 2, VGA x 2, Salida de monitor: Mini D-Sub de 15 pines x 1, HDBaseT x 1, Entrada de audio: Mini estéreo x 2, Salida de audio variable: Mini estéreo x 1, Conector USB tipo B x 1, Conector USB tipo A x 1, Serial: RS-232c x 1, LAN con cable RJ-45 x 1, LAN inalámbrica accesorio opcional, Dimensiones (Ancho x Profundo x Alto) 43.9 x 30.4 x 12.1 cm, Peso 8.2 Kg, Garantía: 3 años limitada  en Centro de Servicio","Proyector láser de tiro largo EPSON Powerlite L520W (V11HA31020) Sistema de proyección de cristal líquido RGB con obturador, Montaje frontal / trasero / techo, Número de píxeles 1.024.000 puntos (1280 x 800) x 3 Resolución nativa 1280 x 800 (WXGA) Redimensión 640 x480, 800 x 600, 1280 x1024, 1400 x 1050, Relación de aspecto Soporta 16:10 Disposición de píxeles Rayas cruzadas Brillo de color, Emisión de luz en color: 5200 lúmenes Brillo blanco Emisión de luz blanca: 5.200 lúmenes Relación de contraste 2.500.000: 1 Uniformidad de brillo (típica) 86% Reproducción de color Hasta 1.070 millones de colores Tamaño (distancia proyectada) 29""- 280"", Distancia proyectada Pantalla de 60"" 1,79 - 2,92 m Corrección trapezoidal vertical: ± 30 grados; horizontal: ± 30 grados, Tecnología de iluminación Diodo láser, Vida útil de la fuente de luz2 Normal: 20.000 horas; Silencioso: 20.000 horas; Extendido: 30.000 horas, Interfases HDMI x 2, VGA x 2, Salida de monitor: Mini D-Sub de 15 pines x 1, HDBaseT x 1, Entrada de audio: Mini estéreo x 2, Salida de audio variable: Mini estéreo x 1, Conector USB tipo B x 1, Conector USB tipo A x 1, Serial: RS-232c x 1, LAN con cable RJ-45 x 1, LAN inalámbrica accesorio opcional, Dimensiones (Ancho x Profundo x Alto) 43.9 x 30.4 x 12.1 cm, Peso 8.2 Kg, Garantía: 3 años limitada  en Centro de Servicio. Clave Oficial CT: PROEPS2330. Marca: CT.",ELECTRONICA DE CONSUMO,monitores,CT,39722.22,774583.33,1239333.33,1239333.33,1045687.5,1045687.5,968229.17,929500.0,assets/img/catalog/monitores/PROEPS2330.jpg,assets/img/catalog/monitores/PROEPS2330.jpg,https://static.ctonline.mx/imagenes/PROEPS2330/PROEPS2330_400.jpg
PROEPS2510,"Proyector Epson BrightLink EB-770Fi INTERACTIVO (V11HA78021) NO INCLUYE SOPORTE Sistema de proyección Tecnología Epson de 3 chips 3LCD, Método de proyección Frontal/Trasero/Montaje en pared/Montaje en mesa, Método de conducción Matriz activa TFT de polisilicio,  Número de pixeles 2.073.600 pixeles (1920 x 1080) x 3, Luminosidad de Luz de Colores: 4.100 lúmenes, Luminosidad de Luz Blanca: 4.100 lúmenes, Relación de aspecto Nativa 16:9, Relaciones de Aspecto Admitidas: 4:3 - 16:10 - 21:9, Resolución nativa 1920 x 1080 (1080p HD), Fuente de iluminación Diodo Láser, Vida útil de la fuente de iluminación hasta 20.000 horas -modo extendido: Hasta 30.000 horas, Corrección de keystone (manual) Horizontal: ± 3 grados; Vertical: ± 3 grados, USB Plug'n Play Mac OS® 10.8 /10.9/10.10/10.11/10.12/ 10.13/10.14/Mac OS® 10.15.x, 11.0/12.0 USB Plug'n Play para Windows® Windows® 7/Windows® 8/ Windows® 10, Windows® 11, Relación de contraste Hasta 2.500.000:1,  Reproducción del color Hasta 1.070 mil millones de colores, Lente de proyección tipo Enfoque manual - Número F 1,6 - Distancia focal 3,7 mm - relación de tiro 0,25– 0,35 - relación de zoom Zoom digital 1,00 – 1,35x, Interfaces: HDMI®: 3x RCA Video In (Amarillo x 1) Stereo Mini Entrada de Audio: 3x Stereo Mini Salida de Audio: 1x Stereo Mini Micrófono Entrada: 1x Stereo Mini 1x Tipo USB-A (Fuente 5 V, 2 A) 2x Tipo USB-B (USB Display con audio e interactividad) Serial: 1x RS-232c Salida de Monitor/Computadora: 1x D-Sub 15 pin Computadora: 1x D-Sub 15 pin LAN Inalámbrica Integrada: 802,11b/g/n/ac Sync. Interactive Stereo Mini Entrada Sync. Interactive Stereo Mini Salida Puerto de Conexión de la Unidad Táctil, Soporte de Pared de Tiro Ultra Corto (V12HA06A05) no incluido, Garantía: 3 años limitada  en Centro de Servicio","Proyector Epson BrightLink EB-770Fi INTERACTIVO (V11HA78021) NO INCLUYE SOPORTE Sistema de proyección Tecnología Epson de 3 chips 3LCD, Método de proyección Frontal/Trasero/Montaje en pared/Montaje en mesa, Método de conducción Matriz activa TFT de polisilicio,  Número de pixeles 2.073.600 pixeles (1920 x 1080) x 3, Luminosidad de Luz de Colores: 4.100 lúmenes, Luminosidad de Luz Blanca: 4.100 lúmenes, Relación de aspecto Nativa 16:9, Relaciones de Aspecto Admitidas: 4:3 - 16:10 - 21:9, Resolución nativa 1920 x 1080 (1080p HD), Fuente de iluminación Diodo Láser, Vida útil de la fuente de iluminación hasta 20.000 horas -modo extendido: Hasta 30.000 horas, Corrección de keystone (manual) Horizontal: ± 3 grados; Vertical: ± 3 grados, USB Plug'n Play Mac OS® 10.8 /10.9/10.10/10.11/10.12/ 10.13/10.14/Mac OS® 10.15.x, 11.0/12.0 USB Plug'n Play para Windows® Windows® 7/Windows® 8/ Windows® 10, Windows® 11, Relación de contraste Hasta 2.500.000:1,  Reproducción del color Hasta 1.070 mil millones de colores, Lente de proyección tipo Enfoque manual - Número F 1,6 - Distancia focal 3,7 mm - relación de tiro 0,25– 0,35 - relación de zoom Zoom digital 1,00 – 1,35x, Interfaces: HDMI®: 3x RCA Video In (Amarillo x 1) Stereo Mini Entrada de Audio: 3x Stereo Mini Salida de Audio: 1x Stereo Mini Micrófono Entrada: 1x Stereo Mini 1x Tipo USB-A (Fuente 5 V, 2 A) 2x Tipo USB-B (USB Display con audio e interactividad) Serial: 1x RS-232c Salida de Monitor/Computadora: 1x D-Sub 15 pin Computadora: 1x D-Sub 15 pin LAN Inalámbrica Integrada: 802,11b/g/n/ac Sync. Interactive Stereo Mini Entrada Sync. Interactive Stereo Mini Salida Puerto de Conexión de la Unidad Táctil, Soporte de Pared de Tiro Ultra Corto (V12HA06A05) no incluido, Garantía: 3 años limitada  en Centro de Servicio. Clave Oficial CT: PROEPS2510. Marca: CT.",ELECTRONICA DE CONSUMO,monitores,CT,42814.1,834875.0,1335800.0,1335800.0,1127081.25,1127081.25,1043593.75,1001850.0,assets/img/catalog/monitores/PROEPS2510.jpg,assets/img/catalog/monitores/PROEPS2510.jpg,https://static.ctonline.mx/imagenes/PROEPS2510/PROEPS2510_400.jpg
PROEPS2520,"Proyector Epson BrightLink 760Wi  INTERACTIVO (V11HA80021) NO INCLUYE SOPORTE Sistema de proyección Tecnología Epson de 3 chips 3LCD, Método de proyección Frontal / Trasera / Montaje Techo Método de conducción Matriz activa TFT de polisilicio, Número de pixeles 1.024.000 píxeles (1280 x 800) x 3, Luminosidad de Luz de Colores: 4.100 lúmenes, Luminosidad de Luz Blanca: 4.100 lúmenes, Relación de aspecto Nativo: 16:10 (WXGA); Compatibilidad con 4:3 - 16:9 - Resolución nativa 1280 x 800 (WXGA), Fuente de iluminación Diodo Láser, Vida útil de la fuente de iluminación hasta 20.000 horas -modo extendido: Hasta 30.000 horas, Corrección de keystone (manual) Horizontal: ± 3 grados; Vertical: ± 3 grados, USB Plug'n Play Mac OS® 10.8 /10.9/10.10/10.11/10.12/ 10.13/10.14/Mac OS® 10.15.x, 11.0/12.0 USB Plug'n Play para Windows® Windows® 7/Windows® 8/ Windows® 10, Windows® 11, Relación de contraste Hasta 2.500.000:1,  Reproducción del color Hasta 1.070 mil millones de colores, Lente de proyección tipo Enfoque manual - Número F 1,6 - Distancia focal 3,7 mm - relación de tiro 0,25– 0,37 (16:10) - relación de zoom Zoom digital 1,00 – 1,35x, Interfaces: HDMI®: 3x RCA Video In (Amarillo x 1) Stereo Mini Entrada de Audio: 3x Stereo Mini Salida de Audio: 1x Stereo Mini Micrófono Entrada: 1x Stereo Mini 1x Tipo USB-A (Fuente 5 V, 2 A) 2x Tipo USB-B (USB Display con audio e interactividad)Serial: 1x RS-232c Salida de Monitor/Computadora: 1x D-Sub 15 pin Computadora: 1x D-Sub 15 pin LAN Inalámbrica Integrada: 802,11b/g/n/ac Sync. Interactive Stereo Mini Entrada Sync. Interactive Stereo Mini Salida Puerto de Conexión de la Unidad Táctil, Soporte de Pared de Tiro Ultra Corto (V12HA06A05) no incluido, Garantía: 3 años limitada  en Centro de Servicio","Proyector Epson BrightLink 760Wi  INTERACTIVO (V11HA80021) NO INCLUYE SOPORTE Sistema de proyección Tecnología Epson de 3 chips 3LCD, Método de proyección Frontal / Trasera / Montaje Techo Método de conducción Matriz activa TFT de polisilicio, Número de pixeles 1.024.000 píxeles (1280 x 800) x 3, Luminosidad de Luz de Colores: 4.100 lúmenes, Luminosidad de Luz Blanca: 4.100 lúmenes, Relación de aspecto Nativo: 16:10 (WXGA); Compatibilidad con 4:3 - 16:9 - Resolución nativa 1280 x 800 (WXGA), Fuente de iluminación Diodo Láser, Vida útil de la fuente de iluminación hasta 20.000 horas -modo extendido: Hasta 30.000 horas, Corrección de keystone (manual) Horizontal: ± 3 grados; Vertical: ± 3 grados, USB Plug'n Play Mac OS® 10.8 /10.9/10.10/10.11/10.12/ 10.13/10.14/Mac OS® 10.15.x, 11.0/12.0 USB Plug'n Play para Windows® Windows® 7/Windows® 8/ Windows® 10, Windows® 11, Relación de contraste Hasta 2.500.000:1,  Reproducción del color Hasta 1.070 mil millones de colores, Lente de proyección tipo Enfoque manual - Número F 1,6 - Distancia focal 3,7 mm - relación de tiro 0,25– 0,37 (16:10) - relación de zoom Zoom digital 1,00 – 1,35x, Interfaces: HDMI®: 3x RCA Video In (Amarillo x 1) Stereo Mini Entrada de Audio: 3x Stereo Mini Salida de Audio: 1x Stereo Mini Micrófono Entrada: 1x Stereo Mini 1x Tipo USB-A (Fuente 5 V, 2 A) 2x Tipo USB-B (USB Display con audio e interactividad)Serial: 1x RS-232c Salida de Monitor/Computadora: 1x D-Sub 15 pin Computadora: 1x D-Sub 15 pin LAN Inalámbrica Integrada: 802,11b/g/n/ac Sync. Interactive Stereo Mini Entrada Sync. Interactive Stereo Mini Salida Puerto de Conexión de la Unidad Táctil, Soporte de Pared de Tiro Ultra Corto (V12HA06A05) no incluido, Garantía: 3 años limitada  en Centro de Servicio. Clave Oficial CT: PROEPS2520. Marca: CT.",ELECTRONICA DE CONSUMO,monitores,CT,34719.02,677020.83,1083233.33,1083233.33,913978.13,913978.13,846276.04,812425.0,assets/img/catalog/monitores/PROEPS2520.jpg,assets/img/catalog/monitores/PROEPS2520.jpg,https://static.ctonline.mx/imagenes/PROEPS2520/PROEPS2520_400.jpg
PROEPS2430,"Proyector EPSON Video PowerLite L630SU (V11HA29020) Calidad de imagen 3LCD de 3 chips con hasta 6000 lúmenes de color y brillo blanco iguales1 para colores vibrantes y ricos; resolución WUXGA nativa de 1920 x 1200 para imágenes reales; Acepta señal 4K; Fuente de luz láser de 20.000 horas prácticamente libre de mantenimiento; Proyecte hasta 200"" desde un solo proyector; con una relación de contraste dinámico de hasta 2.500.000:1; Montaje frontal / trasero / techo; Relación de Aspecto soporta 16:10; Corrección de Trapecio: vertical: ± 30 grados; horizontal: ± 30 grados; Reproducción del Color: Hasta 1.070 millones de colores; Tipo de Láser: Laser de Diodo; Interfaces HDMI (HDCP 2.3) x 2, HDMI Out x 1, VGA x 2, Monitor Out: Mini D-Sub 15-pin x 1, HDBaseT™ x 1, Audio In: Mini Stereo x 2, Variable Audio Out: Mini Stereo x 1, USB Connector Type A x 1, USB Connector Type B x 1, Serial: RS-232c x 1, Wired LAN RJ-45 x 1, Wireless LAN Built-in Garantía: 3 años limitada  en Centro de Servicio","Proyector EPSON Video PowerLite L630SU (V11HA29020) Calidad de imagen 3LCD de 3 chips con hasta 6000 lúmenes de color y brillo blanco iguales1 para colores vibrantes y ricos; resolución WUXGA nativa de 1920 x 1200 para imágenes reales; Acepta señal 4K; Fuente de luz láser de 20.000 horas prácticamente libre de mantenimiento; Proyecte hasta 200"" desde un solo proyector; con una relación de contraste dinámico de hasta 2.500.000:1; Montaje frontal / trasero / techo; Relación de Aspecto soporta 16:10; Corrección de Trapecio: vertical: ± 30 grados; horizontal: ± 30 grados; Reproducción del Color: Hasta 1.070 millones de colores; Tipo de Láser: Laser de Diodo; Interfaces HDMI (HDCP 2.3) x 2, HDMI Out x 1, VGA x 2, Monitor Out: Mini D-Sub 15-pin x 1, HDBaseT™ x 1, Audio In: Mini Stereo x 2, Variable Audio Out: Mini Stereo x 1, USB Connector Type A x 1, USB Connector Type B x 1, Serial: RS-232c x 1, Wired LAN RJ-45 x 1, Wireless LAN Built-in Garantía: 3 años limitada  en Centro de Servicio. Clave Oficial CT: PROEPS2430. Marca: CT.",ELECTRONICA DE CONSUMO,monitores,CT,89666.67,1748500.0,2797600.0,2797600.0,2360475.0,2360475.0,2185625.0,2098200.0,assets/img/catalog/monitores/PROEPS2430.jpg,assets/img/catalog/monitores/PROEPS2430.jpg,https://static.ctonline.mx/imagenes/PROEPS2430/PROEPS2430_400.jpg
PROEPS2210,"Proyector Epson Powerlite 1485Fi+ (V11H919021) Tecnología 3LCD, Resolución: 1080p (1366 x 720 x 2), 5000 lúmenes, método de proyección: Montaje a pared frontal/trasera*/mesa frontal/mesa trasera. Conectividad: HDMI x 3, HDBaseT, HDMI out6 DS x 1, Computadora/Video componente 2 x D-sub 15 pin
Video compuesto: RCA (amarillo) x 1, Entrada audio: Mini estéreo x 3, Salida audio: Mini estéreo x 1
Entrada micrófono x 1 Conector USB Tipo B: USB display, audio, mouse, k/b, interactividad x 2 Conector USB Tipo A: Memoria USB/cámara de documento x 2 RJ45 (LAN) x 1 Serial: RS232 x 1 Salida monitor/computadora: D-Sub 15 pin x 1 Módulo inalámbrico integrado5 : 802.11 b/g/n/ac Sincronización de interactividad Mini estéreo In / Mini estéreo Out x 1 Modulo inalámbrico se vende por separado V12H005A02.  Garantía 2 años proyector, 90 días lámpara","Proyector Epson Powerlite 1485Fi+ (V11H919021) Tecnología 3LCD, Resolución: 1080p (1366 x 720 x 2), 5000 lúmenes, método de proyección: Montaje a pared frontal/trasera*/mesa frontal/mesa trasera. Conectividad: HDMI x 3, HDBaseT, HDMI out6 DS x 1, Computadora/Video componente 2 x D-sub 15 pin
Video compuesto: RCA (amarillo) x 1, Entrada audio: Mini estéreo x 3, Salida audio: Mini estéreo x 1
Entrada micrófono x 1 Conector USB Tipo B: USB display, audio, mouse, k/b, interactividad x 2 Conector USB Tipo A: Memoria USB/cámara de documento x 2 RJ45 (LAN) x 1 Serial: RS232 x 1 Salida monitor/computadora: D-Sub 15 pin x 1 Módulo inalámbrico integrado5 : 802.11 b/g/n/ac Sincronización de interactividad Mini estéreo In / Mini estéreo Out x 1 Modulo inalámbrico se vende por separado V12H005A02.  Garantía 2 años proyector, 90 días lámpara. Clave Oficial CT: PROEPS2210. Marca: CT.",ELECTRONICA DE CONSUMO,monitores,CT,57068.38,1112833.33,1780533.33,1780533.33,1502325.0,1502325.0,1391041.67,1335400.0,assets/img/catalog/monitores/PROEPS2210.jpg,assets/img/catalog/monitores/PROEPS2210.jpg,https://static.ctonline.mx/imagenes/PROEPS2210/PROEPS2210_400.jpg
ESDDSS070,"Licencia Electrónica DESS Punto de Venta 8, Vigencia 1 Año. PDV8-D12. Software para Punto de Venta, Inventarios y Administración. Diseñada en base a necesidades del usuario, es apto para prácticamente cualquier giro de negocio. MENU Y PANEL DE ATAJOS: Un menú dinámico con uso de TABS que puede tener varias ventanas abiertas a la vez y asignar un nombre a cada una, cambiar rápidamente de pantallas o ver varias pantallas abiertas a la vez ajustando el tamaño y con atajos para las funciones que más utilices a solo un clic. VENTAS: Tallas y colores, números de serie, Cobro con tarjeta bancaria, Notas de remisión, Cotizaciones, Monedero electrónico, Apartados, Crédito, Multi almacén, 5 tipos de precio, Lote de Caducidad, Ventas Gráficas para monitor touch, Conexión con básculas electrónicas, Generación de Códigos de barra, Funcionamiento en RED.  INVENTARIOS: Panel de avisos para conocer el estatus de la mercancía, Compras, Órdenes de compra, traspasos entre almacenes y clientes morosos. SERVICIOS: Facturación electrónica 4.0 y Carta Porte 2.0, Venta de Tiempo Aire para celular y Pago de Servicios, Control de sucursales por medio del Servicio Nube DESS (aplican cargos extra en el uso de servicios). FINANZAS: Gastos, bancos. REPORTES: Generación de más de 30 tipos de reporte de ventas, inventarios y finanzas.  (1 Licencia para 1 Equipo, licencia por 12 meses).","Licencia Electrónica DESS Punto de Venta 8, Vigencia 1 Año. PDV8-D12. Software para Punto de Venta, Inventarios y Administración. Diseñada en base a necesidades del usuario, es apto para prácticamente cualquier giro de negocio. MENU Y PANEL DE ATAJOS: Un menú dinámico con uso de TABS que puede tener varias ventanas abiertas a la vez y asignar un nombre a cada una, cambiar rápidamente de pantallas o ver varias pantallas abiertas a la vez ajustando el tamaño y con atajos para las funciones que más utilices a solo un clic. VENTAS: Tallas y colores, números de serie, Cobro con tarjeta bancaria, Notas de remisión, Cotizaciones, Monedero electrónico, Apartados, Crédito, Multi almacén, 5 tipos de precio, Lote de Caducidad, Ventas Gráficas para monitor touch, Conexión con básculas electrónicas, Generación de Códigos de barra, Funcionamiento en RED.  INVENTARIOS: Panel de avisos para conocer el estatus de la mercancía, Compras, Órdenes de compra, traspasos entre almacenes y clientes morosos. SERVICIOS: Facturación electrónica 4.0 y Carta Porte 2.0, Venta de Tiempo Aire para celular y Pago de Servicios, Control de sucursales por medio del Servicio Nube DESS (aplican cargos extra en el uso de servicios). FINANZAS: Gastos, bancos. REPORTES: Generación de más de 30 tipos de reporte de ventas, inventarios y finanzas.  (1 Licencia para 1 Equipo, licencia por 12 meses).. Clave Oficial CT: ESDDSS070. Marca: CT.",PUNTO DE VENTA,monitores,CT,1340.91,26147.73,41836.36,41836.36,35299.43,35299.43,32684.66,31377.27,assets/img/catalog/monitores/ESDDSS070.jpg,assets/img/catalog/monitores/ESDDSS070.jpg,https://static.ctonline.mx/imagenes/ESDDSS070/ESDDSS070_400.jpg
ESDDSS080,"Licencia Electrónica DESS Punto de Venta 8, Vigencia 6 meses. PDV8-D6. Software para Punto de Venta, Inventarios y Administración. Diseñada en base a necesidades del usuario, es apto para prácticamente cualquier giro de negocio. MENU Y PANEL DE ATAJOS: Un menú dinámico con uso de TABS que puede tener varias ventanas abiertas a la vez y asignar un nombre a cada una, cambiar rápidamente de pantallas o ver varias pantallas abiertas a la vez ajustando el tamaño y con atajos para las funciones que más utilices a solo un clic. VENTAS: Tallas y colores, números de serie, Cobro con tarjeta bancaria, Notas de remisión, Cotizaciones, Monedero electrónico, Apartados, Crédito, Multi almacén, 5 tipos de precio, Lote de Caducidad, Ventas Gráficas para monitor touch, Conexión con básculas electrónicas, Generación de Códigos de barra, Funcionamiento en RED.  INVENTARIOS: Panel de avisos para conocer el estatus de la mercancía, Compras, Órdenes de compra, traspasos entre almacenes y clientes morosos. SERVICIOS: Facturación electrónica 4.0 y Carta Porte 2.0, Venta de Tiempo Aire para celular y Pago de Servicios, Control de sucursales por medio del Servicio Nube DESS (aplican cargos extra en el uso de servicios). FINANZAS: Gastos, bancos. REPORTES: Generación de más de 30 tipos de reporte de ventas, inventarios y finanzas.  (1 Licencia para 1 Equipo, licencia por 6 meses).","Licencia Electrónica DESS Punto de Venta 8, Vigencia 6 meses. PDV8-D6. Software para Punto de Venta, Inventarios y Administración. Diseñada en base a necesidades del usuario, es apto para prácticamente cualquier giro de negocio. MENU Y PANEL DE ATAJOS: Un menú dinámico con uso de TABS que puede tener varias ventanas abiertas a la vez y asignar un nombre a cada una, cambiar rápidamente de pantallas o ver varias pantallas abiertas a la vez ajustando el tamaño y con atajos para las funciones que más utilices a solo un clic. VENTAS: Tallas y colores, números de serie, Cobro con tarjeta bancaria, Notas de remisión, Cotizaciones, Monedero electrónico, Apartados, Crédito, Multi almacén, 5 tipos de precio, Lote de Caducidad, Ventas Gráficas para monitor touch, Conexión con básculas electrónicas, Generación de Códigos de barra, Funcionamiento en RED.  INVENTARIOS: Panel de avisos para conocer el estatus de la mercancía, Compras, Órdenes de compra, traspasos entre almacenes y clientes morosos. SERVICIOS: Facturación electrónica 4.0 y Carta Porte 2.0, Venta de Tiempo Aire para celular y Pago de Servicios, Control de sucursales por medio del Servicio Nube DESS (aplican cargos extra en el uso de servicios). FINANZAS: Gastos, bancos. REPORTES: Generación de más de 30 tipos de reporte de ventas, inventarios y finanzas.  (1 Licencia para 1 Equipo, licencia por 6 meses).. Clave Oficial CT: ESDDSS080. Marca: CT.",PUNTO DE VENTA,monitores,CT,732.95,14292.61,22868.18,22868.18,19295.03,19295.03,17865.77,17151.14,assets/img/catalog/monitores/ESDDSS080.jpg,assets/img/catalog/monitores/ESDDSS080.jpg,https://static.ctonline.mx/imagenes/ESDDSS080/ESDDSS080_400.jpg
MONTSN830,"Monitor TouchScreen marca EloTouch táctil de 15.6 pulgadas con tecnología de pantalla ancha LED, utiliza tecnología capacitiva proyectada (PCAP) que permite hasta 10 toques simultáneos, resolución HD, Es lo suficientemente flexible para funcionar tanto como Desktop como para ser montado en pared. Protección IPX1 - IK07, Resolución nativa 1366 x 768, Entrada de video VGA analógica, color  Negro, N.P. E551755","Monitor TouchScreen marca EloTouch táctil de 15.6 pulgadas con tecnología de pantalla ancha LED, utiliza tecnología capacitiva proyectada (PCAP) que permite hasta 10 toques simultáneos, resolución HD, Es lo suficientemente flexible para funcionar tanto como Desktop como para ser montado en pared. Protección IPX1 - IK07, Resolución nativa 1366 x 768, Entrada de video VGA analógica, color  Negro, N.P. E551755. Clave Oficial CT: MONTSN830. Marca: CT.",PUNTO DE VENTA,monitores,CT,306.82,5982.95,9572.73,9572.73,8076.99,8076.99,7478.69,7179.55,assets/img/catalog/monitores/MONTSN830.jpg,assets/img/catalog/monitores/MONTSN830.jpg,https://static.ctonline.mx/imagenes/MONTSN830/MONTSN830_400.jpg
MONTSN600,"Monitor marca EloTouch de 7"" LCD, 0702L PCAP (TouchPro® Projected Capacitive) - 10 Touch, 7'' diagonal, Active matrix TFT LCD (LED), interfaz USB, Resolución 800 x 480, IP de protección IP54 and IP65, color NEGRO. N.P. E796382","Monitor marca EloTouch de 7"" LCD, 0702L PCAP (TouchPro® Projected Capacitive) - 10 Touch, 7'' diagonal, Active matrix TFT LCD (LED), interfaz USB, Resolución 800 x 480, IP de protección IP54 and IP65, color NEGRO. N.P. E796382. Clave Oficial CT: MONTSN600. Marca: CT.",PUNTO DE VENTA,monitores,CT,397.33,7747.93,12396.68,12396.68,10459.7,10459.7,9684.91,9297.51,assets/img/catalog/monitores/MONTSN600.jpg,assets/img/catalog/monitores/MONTSN600.jpg,https://static.ctonline.mx/imagenes/MONTSN600/MONTSN600_400.jpg
MONTSN380,"Monitor TouchScreen marca EloTouch de 17"" LCD, 1715L IntelliTouch, Tamaño de pantalla 17"" diagonal, Área activa 13,3"" x 10,6"" / 338 mm x 270 mm, Es lo suficientemente flexible para funcionar tanto como Desktop como para ser montado en pared; la pantalla está sellada a prueba de polvo y suciedad, Resolución 1280 x 1024, Entrada de video VGA analógica, Color Negro, N.P. E719160","Monitor TouchScreen marca EloTouch de 17"" LCD, 1715L IntelliTouch, Tamaño de pantalla 17"" diagonal, Área activa 13,3"" x 10,6"" / 338 mm x 270 mm, Es lo suficientemente flexible para funcionar tanto como Desktop como para ser montado en pared; la pantalla está sellada a prueba de polvo y suciedad, Resolución 1280 x 1024, Entrada de video VGA analógica, Color Negro, N.P. E719160. Clave Oficial CT: MONTSN380. Marca: CT.",PUNTO DE VENTA,monitores,CT,876.03,17082.66,27332.26,27332.26,23061.6,23061.6,21353.33,20499.2,assets/img/catalog/monitores/MONTSN380.jpg,assets/img/catalog/monitores/MONTSN380.jpg,https://static.ctonline.mx/imagenes/MONTSN380/MONTSN380_400.jpg
MONTSN750,"Monitor TouchScreen marca EloTouch de 17"" LCD, 1717L IntelliTouch, Tamaño de pantalla 17'' diagonal, Área activa 13,3"" x 10,64"" / 337,92 mm x 270,34 mm, Es lo suficientemente flexible para funcionar tanto como Desktop como para ser montado en pared, ecológico, liviano y utiliza menos energía gracias a la retroiluminación LED. Pantalla táctil sellada contra polvo, tierra y líquidos. Resolución nativa 1366 x 768, Entrada de video VGA analógica, Color Negro, Dimensiones de embalaje 20,12"" x 9,17"" x 20,08"" / 511 mm x 233 mm x 510 mm, N.P. E179069","Monitor TouchScreen marca EloTouch de 17"" LCD, 1717L IntelliTouch, Tamaño de pantalla 17'' diagonal, Área activa 13,3"" x 10,64"" / 337,92 mm x 270,34 mm, Es lo suficientemente flexible para funcionar tanto como Desktop como para ser montado en pared, ecológico, liviano y utiliza menos energía gracias a la retroiluminación LED. Pantalla táctil sellada contra polvo, tierra y líquidos. Resolución nativa 1366 x 768, Entrada de video VGA analógica, Color Negro, Dimensiones de embalaje 20,12"" x 9,17"" x 20,08"" / 511 mm x 233 mm x 510 mm, N.P. E179069. Clave Oficial CT: MONTSN750. Marca: CT.",PUNTO DE VENTA,monitores,CT,876.03,17082.66,27332.26,27332.26,23061.6,23061.6,21353.33,20499.2,assets/img/catalog/monitores/MONTSN750.jpg,assets/img/catalog/monitores/MONTSN750.jpg,https://static.ctonline.mx/imagenes/MONTSN750/MONTSN750_400.jpg
MONTSN500,"Monitor Touchscreen ELOTOUCH de 15'', Active matrix TFT LCD (LED), 1590L (E326738) Open Frame IntelliTouch, Resolución 1024 x 768, Brillo 225 nits, Interfaz de video HDMI, VGA y puerto de pantalla, La pantalla táctil está sellada contra la suciedad, polvo y líquidos, lo que simplifica la integración en el recinto final. . NO INCLUYE FUENTE DE PODER. Color NEGRO.","Monitor Touchscreen ELOTOUCH de 15'', Active matrix TFT LCD (LED), 1590L (E326738) Open Frame IntelliTouch, Resolución 1024 x 768, Brillo 225 nits, Interfaz de video HDMI, VGA y puerto de pantalla, La pantalla táctil está sellada contra la suciedad, polvo y líquidos, lo que simplifica la integración en el recinto final. . NO INCLUYE FUENTE DE PODER. Color NEGRO.. Clave Oficial CT: MONTSN500. Marca: CT.",PUNTO DE VENTA,monitores,CT,635.16,12385.6,19816.96,19816.96,16720.56,16720.56,15482.0,14862.72,assets/img/catalog/monitores/MONTSN500.jpg,assets/img/catalog/monitores/MONTSN500.jpg,https://static.ctonline.mx/imagenes/MONTSN500/MONTSN500_400.jpg
MONTSN680,"Monitor TouchScreen marca EloTouch de 22"" LCD, 2202L  PCAP, Tamaño de la diagonal 21.5'' matriz activa TFT LCD (LED), Área activa 18,74"" x 10,54"", Interfaz de video VGA y HDMI, reducción del bisel, 2 x altavoces internos de 2 W, Resistente a impactos según clasificación IK06, Resolución 1920 x 1080 a 50, 60Hz, Interfaz de montaje VESA, color  Negro, N.P. E351600","Monitor TouchScreen marca EloTouch de 22"" LCD, 2202L  PCAP, Tamaño de la diagonal 21.5'' matriz activa TFT LCD (LED), Área activa 18,74"" x 10,54"", Interfaz de video VGA y HDMI, reducción del bisel, 2 x altavoces internos de 2 W, Resistente a impactos según clasificación IK06, Resolución 1920 x 1080 a 50, 60Hz, Interfaz de montaje VESA, color  Negro, N.P. E351600. Clave Oficial CT: MONTSN680. Marca: CT.",PUNTO DE VENTA,monitores,CT,639.77,12475.57,19960.91,19960.91,16842.02,16842.02,15594.46,14970.68,assets/img/catalog/monitores/MONTSN680.jpg,assets/img/catalog/monitores/MONTSN680.jpg,https://static.ctonline.mx/imagenes/MONTSN680/MONTSN680_400.jpg
MONTSN520,"Monitor Touchscreen ELOTOUCH 19"", 1990L Open Frame Touchscreen (E328497), Tamaño 19'' diagonal Active matrix TFT LCD (LED), Tecnología IntelliTouch, brillo 225 nits, relación de contraste 1000:1, resolución 1280 x 1024, color Negro, múltiples opciones de montaje, Dual serial, conectividad USB, Interfaces de vídeo de puerto HDMI, VGA. No incluye Fuente de poder.","Monitor Touchscreen ELOTOUCH 19"", 1990L Open Frame Touchscreen (E328497), Tamaño 19'' diagonal Active matrix TFT LCD (LED), Tecnología IntelliTouch, brillo 225 nits, relación de contraste 1000:1, resolución 1280 x 1024, color Negro, múltiples opciones de montaje, Dual serial, conectividad USB, Interfaces de vídeo de puerto HDMI, VGA. No incluye Fuente de poder.. Clave Oficial CT: MONTSN520. Marca: CT.",PUNTO DE VENTA,monitores,CT,651.22,12698.71,20317.94,20317.94,17143.26,17143.26,15873.39,15238.45,assets/img/catalog/monitores/MONTSN520.jpg,assets/img/catalog/monitores/MONTSN520.jpg,https://static.ctonline.mx/imagenes/MONTSN520/MONTSN520_400.jpg
MONTSN010,"Monitor TouchScreen marca EloTouch de 15"" LCD, 1515L Es lo suficientemente flexible para funcionar tanto como Desktop como para ser montado en pared; la pantalla está sellada a prueba de polvo y suciedad; el equipo está totalmente diseñado para ser visto desde todos los ángulos NP. Resolucion de 1024 x 768. Entrada de video VGA analogica, color Gris. N.P. E700813","Monitor TouchScreen marca EloTouch de 15"" LCD, 1515L Es lo suficientemente flexible para funcionar tanto como Desktop como para ser montado en pared; la pantalla está sellada a prueba de polvo y suciedad; el equipo está totalmente diseñado para ser visto desde todos los ángulos NP. Resolucion de 1024 x 768. Entrada de video VGA analogica, color Gris. N.P. E700813. Clave Oficial CT: MONTSN010. Marca: CT.",PUNTO DE VENTA,monitores,CT,712.03,13884.66,22215.46,22215.46,18744.3,18744.3,17355.83,16661.6,assets/img/catalog/monitores/MONTSN010.jpg,assets/img/catalog/monitores/MONTSN010.jpg,https://static.ctonline.mx/imagenes/MONTSN010/MONTSN010_400.jpg
MONTSN800,"Monitor TouchScreen marca EloTouch de 22"" LCD, 2270L  PCAP, Tamaño de la diagonal 21.5'' matriz activa TFT LCD (LED), Área activa 18,74"" x 10,54"", funciona tanto como desktop como para ser montado en pared (compatibilidad VESA), 70% de reducción del bisel en comparación con modelos semejantes, ajuste de Angulo 20 - 70 grados, Resistente a impactos según clasificación IK07, Resolución 1920 x 1080 a 50, 60Hz, Entrada de VGA, HDMI, USB 2.0 tipo B, color  Negro, N.P. E510259","Monitor TouchScreen marca EloTouch de 22"" LCD, 2270L  PCAP, Tamaño de la diagonal 21.5'' matriz activa TFT LCD (LED), Área activa 18,74"" x 10,54"", funciona tanto como desktop como para ser montado en pared (compatibilidad VESA), 70% de reducción del bisel en comparación con modelos semejantes, ajuste de Angulo 20 - 70 grados, Resistente a impactos según clasificación IK07, Resolución 1920 x 1080 a 50, 60Hz, Entrada de VGA, HDMI, USB 2.0 tipo B, color  Negro, N.P. E510259. Clave Oficial CT: MONTSN800. Marca: CT.",PUNTO DE VENTA,monitores,CT,500.12,9752.44,15603.9,15603.9,13165.79,13165.79,12190.55,11702.92,assets/img/catalog/monitores/MONTSN800.jpg,assets/img/catalog/monitores/MONTSN800.jpg,https://static.ctonline.mx/imagenes/MONTSN800/MONTSN800_400.jpg
MONTSN810,"Monitor TouchScreen marca EloTouch de 24"" LCD, 2470L PCAP, Tamaño de la diagonal 23.8'' matriz activa TFT LCD (LED), Área activa 20,75"" x 11,67"", funciona tanto como desktop como para ser montado en pared (compatibilidad VESA), 70% de reducción del bisel en comparación con modelos semejantes, ajuste de Angulo 20 - 70 grados, Resistente a impactos según clasificación IK07, Resolución 1920 x 1080 a 50, 60Hz, Entrada de VGA, HDMI, USB 2.0 tipo B, color  Negro, N.P. E510459","Monitor TouchScreen marca EloTouch de 24"" LCD, 2470L PCAP, Tamaño de la diagonal 23.8'' matriz activa TFT LCD (LED), Área activa 20,75"" x 11,67"", funciona tanto como desktop como para ser montado en pared (compatibilidad VESA), 70% de reducción del bisel en comparación con modelos semejantes, ajuste de Angulo 20 - 70 grados, Resistente a impactos según clasificación IK07, Resolución 1920 x 1080 a 50, 60Hz, Entrada de VGA, HDMI, USB 2.0 tipo B, color  Negro, N.P. E510459. Clave Oficial CT: MONTSN810. Marca: CT.",PUNTO DE VENTA,monitores,CT,532.45,10382.86,16612.58,16612.58,14016.87,14016.87,12978.58,12459.44,assets/img/catalog/monitores/MONTSN810.jpg,assets/img/catalog/monitores/MONTSN810.jpg,https://static.ctonline.mx/imagenes/MONTSN810/MONTSN810_400.jpg
MONTSN820,"Monitor TouchScreen marca EloTouch de 27"" LCD, 2770L PCAP, Tamaño de la diagonal 27'' diagonal, matriz activa TFT LCD (LED), Área activa 23,54"" x 13,24"", funciona tanto como desktop como para ser montado en pared (compatibilidad VESA), 70% de reducción del bisel en comparación con modelos semejantes, ajuste de Angulo 20 - 70 grados, Resistente a impactos según clasificación IK07, Resolución 1920 x 1080 a 50, 60Hz, Entrada de VGA, HDMI, USB 2.0 tipo B, color  Negro, N.P. E510644","Monitor TouchScreen marca EloTouch de 27"" LCD, 2770L PCAP, Tamaño de la diagonal 27'' diagonal, matriz activa TFT LCD (LED), Área activa 23,54"" x 13,24"", funciona tanto como desktop como para ser montado en pared (compatibilidad VESA), 70% de reducción del bisel en comparación con modelos semejantes, ajuste de Angulo 20 - 70 grados, Resistente a impactos según clasificación IK07, Resolución 1920 x 1080 a 50, 60Hz, Entrada de VGA, HDMI, USB 2.0 tipo B, color  Negro, N.P. E510644. Clave Oficial CT: MONTSN820. Marca: CT.",PUNTO DE VENTA,monitores,CT,844.32,16464.2,26342.73,26342.73,22226.68,22226.68,20580.26,19757.05,assets/img/catalog/monitores/MONTSN820.jpg,assets/img/catalog/monitores/MONTSN820.jpg,https://static.ctonline.mx/imagenes/MONTSN820/MONTSN820_400.jpg
MONTSN240,"Monitor TouchScreen marca EloTouch de 15"" LCD, 1517L, Tamaño en diagonal 15 "" Area activa de la pantalla 11,97 ""x 8,98"" (304.13mm x 228.096mm), Tecnología LCD de matriz activa TFT LCD, Resolución Nativa 1024 x 768, Entrada de video VGA analogica, color  Negro, es un monitor Touch sin bisel, esta diseñado para el uso constante y ambientes publicos, este monitor ofrece estilo y rendimiento por su diseño atractivo y su funcionalidad industrial, enfocado principalmente para aplicaciones Punto de Venta, Puntos de Información, restaurantes, comercio detallista y entornos hoteleros, Dimensiones de embalaje 17,16 ""x 14,56"" x 7,67 ""(436mm x 370mm x 195mm), N.P. (E829550)","Monitor TouchScreen marca EloTouch de 15"" LCD, 1517L, Tamaño en diagonal 15 "" Area activa de la pantalla 11,97 ""x 8,98"" (304.13mm x 228.096mm), Tecnología LCD de matriz activa TFT LCD, Resolución Nativa 1024 x 768, Entrada de video VGA analogica, color  Negro, es un monitor Touch sin bisel, esta diseñado para el uso constante y ambientes publicos, este monitor ofrece estilo y rendimiento por su diseño atractivo y su funcionalidad industrial, enfocado principalmente para aplicaciones Punto de Venta, Puntos de Información, restaurantes, comercio detallista y entornos hoteleros, Dimensiones de embalaje 17,16 ""x 14,56"" x 7,67 ""(436mm x 370mm x 195mm), N.P. (E829550). Clave Oficial CT: MONTSN240. Marca: CT.",PUNTO DE VENTA,monitores,CT,717.05,13982.39,22371.82,22371.82,18876.22,18876.22,17477.98,16778.86,assets/img/catalog/monitores/MONTSN240.jpg,assets/img/catalog/monitores/MONTSN240.jpg,https://static.ctonline.mx/imagenes/MONTSN240/MONTSN240_400.jpg
MONTSN060,"Monitor TouchScreen marca EloTouch de 19"" LCD 1915L TFT, pantalla de cristal líquido, resolución máxima de SXGA 1280x1024, entrada analogica VGA. Color Gris N.P: E266835","Monitor TouchScreen marca EloTouch de 19"" LCD 1915L TFT, pantalla de cristal líquido, resolución máxima de SXGA 1280x1024, entrada analogica VGA. Color Gris N.P: E266835. Clave Oficial CT: MONTSN060. Marca: CT.",PUNTO DE VENTA,monitores,CT,974.17,18996.32,30394.12,30394.12,25645.04,25645.04,23745.4,22795.59,assets/img/catalog/monitores/MONTSN060.jpg,assets/img/catalog/monitores/MONTSN060.jpg,https://static.ctonline.mx/imagenes/MONTSN060/MONTSN060_400.jpg
MONTSN420,"Monitor táctil LCD  Elo 1715L de 17 pulgadas, serie/USB, soporte removible, Color Gris Oscuro. E603162","Monitor táctil LCD  Elo 1715L de 17 pulgadas, serie/USB, soporte removible, Color Gris Oscuro. E603162. Clave Oficial CT: MONTSN420. Marca: CT.",PUNTO DE VENTA,monitores,CT,1254.55,24463.64,39141.82,39141.82,33025.91,33025.91,30579.55,29356.36,assets/img/catalog/monitores/MONTSN420.jpg,assets/img/catalog/monitores/MONTSN420.jpg,https://static.ctonline.mx/imagenes/MONTSN420/MONTSN420_400.jpg
MONTSN720,"Monitor TouchScreen tecnología antirreflejo o antifricción marca EloTouch de 32"" LCD, 3263L Widescreen, Tamaño de pantalla 32"", Diseño elegante, Resolución nativa  1920 x 1080, El cristal de la pantalla táctil se prueba con fuertes requisitos de ""bola-drop"" el soporte de aplicaciones en entornos exigentes de acceso público, montaje estándar VESA 400 mm x 200 mm (no incluye base), Múltiples opciones de montaje N.P. E343671.","Monitor TouchScreen tecnología antirreflejo o antifricción marca EloTouch de 32"" LCD, 3263L Widescreen, Tamaño de pantalla 32"", Diseño elegante, Resolución nativa  1920 x 1080, El cristal de la pantalla táctil se prueba con fuertes requisitos de ""bola-drop"" el soporte de aplicaciones en entornos exigentes de acceso público, montaje estándar VESA 400 mm x 200 mm (no incluye base), Múltiples opciones de montaje N.P. E343671.. Clave Oficial CT: MONTSN720. Marca: CT.",PUNTO DE VENTA,monitores,CT,1745.51,34037.47,54459.95,54459.95,45950.59,45950.59,42546.84,40844.97,assets/img/catalog/monitores/MONTSN720.jpg,assets/img/catalog/monitores/MONTSN720.jpg,https://static.ctonline.mx/imagenes/MONTSN720/MONTSN720_400.jpg
MONECL070,"Display Monitor Touch 10.1"" (EC-NEXXT-2ND-TOUCH). Marca EC Line. Para Terminal (EC-NEXXT).","Display Monitor Touch 10.1"" (EC-NEXXT-2ND-TOUCH). Marca EC Line. Para Terminal (EC-NEXXT).. Clave Oficial CT: MONECL070. Marca: CT.",PUNTO DE VENTA,monitores,CT,212.84,4150.4,6640.64,6640.64,5603.04,5603.04,5188.0,4980.48,assets/img/catalog/monitores/MONECL070.jpg,assets/img/catalog/monitores/MONECL070.jpg,https://static.ctonline.mx/imagenes/MONECL070/MONECL070_400.jpg
MONECL080,"Display Monitor 10.1"" (EC-NEXXT-2ND). Marca EC Line. Para Terminal (EC-NEXXT).","Display Monitor 10.1"" (EC-NEXXT-2ND). Marca EC Line. Para Terminal (EC-NEXXT).. Clave Oficial CT: MONECL080. Marca: CT.",PUNTO DE VENTA,monitores,CT,170.27,3320.32,5312.51,5312.51,4482.43,4482.43,4150.4,3984.38,assets/img/catalog/monitores/MONECL080.jpg,assets/img/catalog/monitores/MONECL080.jpg,https://static.ctonline.mx/imagenes/MONECL080/MONECL080_400.jpg
MONECL060,"Monitor Touch Screen. EC LINE 1238. (EC-TS-1238). Pantalla: LED-LCD. Touch Screen: Capacitiva. Interfaz Touch: USB. Tamaño: 12 pulgadas. Tiempo de Respuesta: 2/10ms. Luminancia: 350 cd/m2. Colores: 16.7M. Resolución 1024 x 3 x768. Relación de contraste: 700 : 1 Área táctil de la pantalla: 304.128 (H)x 228.096 (V). Angulo de visión: Horizontal: +80-80° (H) + 70 - 70°(V);  Peso 4 kg, Peso bruto 5 kg, Garantía limitada 1 año.","Monitor Touch Screen. EC LINE 1238. (EC-TS-1238). Pantalla: LED-LCD. Touch Screen: Capacitiva. Interfaz Touch: USB. Tamaño: 12 pulgadas. Tiempo de Respuesta: 2/10ms. Luminancia: 350 cd/m2. Colores: 16.7M. Resolución 1024 x 3 x768. Relación de contraste: 700 : 1 Área táctil de la pantalla: 304.128 (H)x 228.096 (V). Angulo de visión: Horizontal: +80-80° (H) + 70 - 70°(V);  Peso 4 kg, Peso bruto 5 kg, Garantía limitada 1 año.. Clave Oficial CT: MONECL060. Marca: CT.",PUNTO DE VENTA,monitores,CT,292.91,5711.73,9138.76,9138.76,7710.83,7710.83,7139.66,6854.07,assets/img/catalog/monitores/MONECL060.jpg,assets/img/catalog/monitores/MONECL060.jpg,https://static.ctonline.mx/imagenes/MONECL060/MONECL060_400.jpg
MONECL050,"Monitor Touch Screen. EC LINE VP3100. (EC-VP-3100-TS). Pantalla: LED. Touch Screen: Capacitiva. Interfaz Touch: USB. Tamaño de pantalla: 15.6 pulgadas sin bisel. Tiempo de Respuesta: 12ms. Brillo: 220 cd/m2. Resolución 1366 x 768 / 1920 x 1080. Relación de contraste: 500 : 1 Área táctil de la pantalla: (Abajo/Arriba/Izquierda/Derecha) 80°/80°/70°/70°. Dimensiones 386.5 x 200 x 312.5mm. Peso 4.2 kg, Peso bruto 5.9kg. Garantía limitada: 1 año en todas sus partes.","Monitor Touch Screen. EC LINE VP3100. (EC-VP-3100-TS). Pantalla: LED. Touch Screen: Capacitiva. Interfaz Touch: USB. Tamaño de pantalla: 15.6 pulgadas sin bisel. Tiempo de Respuesta: 12ms. Brillo: 220 cd/m2. Resolución 1366 x 768 / 1920 x 1080. Relación de contraste: 500 : 1 Área táctil de la pantalla: (Abajo/Arriba/Izquierda/Derecha) 80°/80°/70°/70°. Dimensiones 386.5 x 200 x 312.5mm. Peso 4.2 kg, Peso bruto 5.9kg. Garantía limitada: 1 año en todas sus partes.. Clave Oficial CT: MONECL050. Marca: CT.",PUNTO DE VENTA,monitores,CT,294.32,5739.2,9182.73,9182.73,7747.93,7747.93,7174.01,6887.05,assets/img/catalog/monitores/MONECL050.jpg,assets/img/catalog/monitores/MONECL050.jpg,https://static.ctonline.mx/imagenes/MONECL050/MONECL050_400.jpg
MONECL040,"Monitor Touch Screen. EC LINE. 1538. (EC-TS-1538).LED-LCD. Touch Screen: Capacitiva. Interfaz Touch: USB. Tamaño: 15 pulgadas. Tiempo de Respuesta: 2/10ms. Luminancia: 350 cd/m2. Colores: 16.7M. Relación de contraste: 700 : 1 Área táctil de la pantalla: 304.128 (H)x 228.096 (V). Angulo de visión: Horizontal: +80-80° (H) + 70 - 70°(V); Garantía limitada: 1 año en todas sus partes. Peso 5 kg, Peso bruto 6.5 kg. Garantía 1 año.","Monitor Touch Screen. EC LINE. 1538. (EC-TS-1538).LED-LCD. Touch Screen: Capacitiva. Interfaz Touch: USB. Tamaño: 15 pulgadas. Tiempo de Respuesta: 2/10ms. Luminancia: 350 cd/m2. Colores: 16.7M. Relación de contraste: 700 : 1 Área táctil de la pantalla: 304.128 (H)x 228.096 (V). Angulo de visión: Horizontal: +80-80° (H) + 70 - 70°(V); Garantía limitada: 1 año en todas sus partes. Peso 5 kg, Peso bruto 6.5 kg. Garantía 1 año.. Clave Oficial CT: MONECL040. Marca: CT.",PUNTO DE VENTA,monitores,CT,294.32,5739.2,9182.73,9182.73,7747.93,7747.93,7174.01,6887.05,assets/img/catalog/monitores/MONECL040.jpg,assets/img/catalog/monitores/MONECL040.jpg,https://static.ctonline.mx/imagenes/MONECL040/MONECL040_400.jpg
MONHSE010,"Monitor Punto de Venta HISENSE ( MD15VC ), pantalla táctil 15"" (4:3) Base ultra estable, conexión USB, salida audio, puerto VGA","Monitor Punto de Venta HISENSE ( MD15VC ), pantalla táctil 15"" (4:3) Base ultra estable, conexión USB, salida audio, puerto VGA. Clave Oficial CT: MONHSE010. Marca: CT.",PUNTO DE VENTA,monitores,CT,334.09,6514.77,10423.64,10423.64,8794.94,8794.94,8143.47,7817.73,assets/img/catalog/monitores/MONHSE010.jpg,assets/img/catalog/monitores/MONHSE010.jpg,https://static.ctonline.mx/imagenes/MONHSE010/MONHSE010_400.jpg
TERTCH030,"Sistema de Punto de Venta All In One Techzone TZBEPOS-A con sistema operativo Android 11, diseño moderno y minimalista, Material: ABS y Metal Monitor: HD Capacitivo Multi Touch 10 puntos 15.6 pulgadas. Resolución: 1366 x 768 px, Procesador: Rockchip RK3566 Android ARM Cortex-A55 de cuatro núcleos Memoria RAM: 4 GB Almacenamiento: 64 GB Puertos: 1 HDMI 1 VGA 2 USB 3.0 2 USB 2.0 1 LAN 1 Audio 3.5mm 1 Micrófono 3.5mm 1 Entrada DC  , Angulo de inclinación 60°. Color: Negro. Garantía: 1 año.","Sistema de Punto de Venta All In One Techzone TZBEPOS-A con sistema operativo Android 11, diseño moderno y minimalista, Material: ABS y Metal Monitor: HD Capacitivo Multi Touch 10 puntos 15.6 pulgadas. Resolución: 1366 x 768 px, Procesador: Rockchip RK3566 Android ARM Cortex-A55 de cuatro núcleos Memoria RAM: 4 GB Almacenamiento: 64 GB Puertos: 1 HDMI 1 VGA 2 USB 3.0 2 USB 2.0 1 LAN 1 Audio 3.5mm 1 Micrófono 3.5mm 1 Entrada DC  , Angulo de inclinación 60°. Color: Negro. Garantía: 1 año.. Clave Oficial CT: TERTCH030. Marca: CT.",PUNTO DE VENTA,monitores,CT,7301.85,142386.12,227817.79,227817.79,192221.26,192221.26,177982.65,170863.34,assets/img/catalog/monitores/TERTCH030.jpg,assets/img/catalog/monitores/TERTCH030.jpg,https://static.ctonline.mx/imagenes/TERTCH030/TERTCH030_400.jpg
TERTCH080,"Sistema de Punto de Venta All In One  marca Techzone TZPOSA02 con sistema operativo Android 13, diseño moderno y minimalista, Material: ABS y Metal Monitor: HD Capacitivo Multi Touch 10 puntos 15.6 pulgadas. Resolución: 1920 x 1080 px, Procesador: Rockchip RK3568 Android ARM Cortex-A55 de cuatro núcleos Memoria RAM: 8 GB Almacenamiento: 128 GB Puertos: 1 HDMI 1 VGA 2 USB 3.0 2 USB 2.0 1 LAN 1 Audio 3.5mm 1 Micrófono 3.5mm 1 Entrada DC  , Angulo de inclinación 60°. Garantía del fabricante: 1 año.","Sistema de Punto de Venta All In One  marca Techzone TZPOSA02 con sistema operativo Android 13, diseño moderno y minimalista, Material: ABS y Metal Monitor: HD Capacitivo Multi Touch 10 puntos 15.6 pulgadas. Resolución: 1920 x 1080 px, Procesador: Rockchip RK3568 Android ARM Cortex-A55 de cuatro núcleos Memoria RAM: 8 GB Almacenamiento: 128 GB Puertos: 1 HDMI 1 VGA 2 USB 3.0 2 USB 2.0 1 LAN 1 Audio 3.5mm 1 Micrófono 3.5mm 1 Entrada DC  , Angulo de inclinación 60°. Garantía del fabricante: 1 año.. Clave Oficial CT: TERTCH080. Marca: CT.",PUNTO DE VENTA,monitores,CT,9443.18,184142.05,294627.27,294627.27,248591.76,248591.76,230177.56,220970.45,assets/img/catalog/monitores/TERTCH080.jpg,assets/img/catalog/monitores/TERTCH080.jpg,https://static.ctonline.mx/imagenes/TERTCH080/TERTCH080_400.jpg
MONTCH010,"Pantalla Touch Capacitiva para PUNTO DE VENTA Techzone TZBED17W de 17"" Relación 16:10 Pantalla plana, Color: Negro Angulo de visión: 45/45/15/35 (Typ.) Resolución: 1440*900  Interfaz de entrada: HDMI Y VGA Luminancia: 300cd/m2 Entrada de energía:  12V, 3.0A RELACIÓN DE CONTRASTE. Color: Negro. Garantía: 1 año.","Pantalla Touch Capacitiva para PUNTO DE VENTA Techzone TZBED17W de 17"" Relación 16:10 Pantalla plana, Color: Negro Angulo de visión: 45/45/15/35 (Typ.) Resolución: 1440*900  Interfaz de entrada: HDMI Y VGA Luminancia: 300cd/m2 Entrada de energía:  12V, 3.0A RELACIÓN DE CONTRASTE. Color: Negro. Garantía: 1 año.. Clave Oficial CT: MONTCH010. Marca: CT.",PUNTO DE VENTA,monitores,CT,4896.65,95484.63,152775.41,152775.41,128904.25,128904.25,119355.79,114581.56,assets/img/catalog/monitores/MONTCH010.jpg,assets/img/catalog/monitores/MONTCH010.jpg,https://static.ctonline.mx/imagenes/MONTCH010/MONTCH010_400.jpg
MONTCH020,Pantalla de Servicio Techzone TZPOSCS pantalla táctil de 10.1 pulgadas con resolución de 1024 x 600 px. Conexión HDMI; instalación mediante dos tornillos. Dimensiones de 25 x 17 x 3 cm. Color: Negro. Garantía: 1 año.,Pantalla de Servicio Techzone TZPOSCS pantalla táctil de 10.1 pulgadas con resolución de 1024 x 600 px. Conexión HDMI; instalación mediante dos tornillos. Dimensiones de 25 x 17 x 3 cm. Color: Negro. Garantía: 1 año.. Clave Oficial CT: MONTCH020. Marca: CT.,PUNTO DE VENTA,monitores,CT,1704.55,33238.64,53181.82,53181.82,44872.16,44872.16,41548.3,39886.36,assets/img/catalog/monitores/MONTCH020.jpg,assets/img/catalog/monitores/MONTCH020.jpg,https://static.ctonline.mx/imagenes/MONTCH020/MONTCH020_400.jpg
MONNTE070,"Monitor Nextep 15.6"" NE-520T Touch Screen Punto de Venta LCD 1366x768 Alto Brillo y Resolución con Base Interfaz HDMI +VGA+ USB-B Relación de Aspecto 16:9 Incluye Adaptador de corriente, cable de alimentación Cable táctil USB","Monitor Nextep 15.6"" NE-520T Touch Screen Punto de Venta LCD 1366x768 Alto Brillo y Resolución con Base Interfaz HDMI +VGA+ USB-B Relación de Aspecto 16:9 Incluye Adaptador de corriente, cable de alimentación Cable táctil USB. Clave Oficial CT: MONNTE070. Marca: CT.",PUNTO DE VENTA,monitores,CT,3945.45,76936.36,123098.18,123098.18,103864.09,103864.09,96170.45,92323.64,assets/img/catalog/monitores/MONNTE070.jpg,assets/img/catalog/monitores/MONNTE070.jpg,https://static.ctonline.mx/imagenes/MONNTE070/MONNTE070_400.jpg
MONNTE010,"Monitor Nextep Touch Screen Punto de Venta NE-520  15"" LCD con Base Touch Screen 15"" LCD 1024x768 Tiempo de respuesta 8MS Interfaz USB Incluye Fuente de poder, cable VGA, cable USB","Monitor Nextep Touch Screen Punto de Venta NE-520  15"" LCD con Base Touch Screen 15"" LCD 1024x768 Tiempo de respuesta 8MS Interfaz USB Incluye Fuente de poder, cable VGA, cable USB. Clave Oficial CT: MONNTE010. Marca: CT.",PUNTO DE VENTA,monitores,CT,3312.5,64593.75,103350.0,103350.0,87201.56,87201.56,80742.19,77512.5,assets/img/catalog/monitores/MONNTE010.jpg,assets/img/catalog/monitores/MONNTE010.jpg,https://static.ctonline.mx/imagenes/MONNTE010/MONNTE010_400.jpg
MONNTE030,Monitor Nextep NE-720 19.5 pulgadas HD Resolucion 1600x900 Panel TN HDMI/VGA,Monitor Nextep NE-720 19.5 pulgadas HD Resolucion 1600x900 Panel TN HDMI/VGA. Clave Oficial CT: MONNTE030. Marca: CT.,PUNTO DE VENTA,monitores,CT,877.16,17104.6,27367.36,27367.36,23091.21,23091.21,21380.75,20525.52,assets/img/catalog/monitores/MONNTE030.jpg,assets/img/catalog/monitores/MONNTE030.jpg,https://static.ctonline.mx/imagenes/MONNTE030/MONNTE030_400.jpg
MONNTE040,Monitor Nextep NE-722 21.5 pulgadas FHD Resolucion 1920x1080 Panel VA HDMI/VGA,Monitor Nextep NE-722 21.5 pulgadas FHD Resolucion 1920x1080 Panel VA HDMI/VGA. Clave Oficial CT: MONNTE040. Marca: CT.,PUNTO DE VENTA,monitores,CT,1003.98,19577.56,31324.09,31324.09,26429.7,26429.7,24471.95,23493.07,assets/img/catalog/monitores/MONNTE040.jpg,assets/img/catalog/monitores/MONNTE040.jpg,https://static.ctonline.mx/imagenes/MONNTE040/MONNTE040_400.jpg
MONNTE020,Monitor Nextep NE-723 23.8 pulgadas FHD Resolucion 1920x1080 Panel VA HDMI/VGA,Monitor Nextep NE-723 23.8 pulgadas FHD Resolucion 1920x1080 Panel VA HDMI/VGA. Clave Oficial CT: MONNTE020. Marca: CT.,PUNTO DE VENTA,monitores,CT,1415.45,27601.36,44162.18,44162.18,37261.84,37261.84,34501.7,33121.64,assets/img/catalog/monitores/MONNTE020.jpg,assets/img/catalog/monitores/MONNTE020.jpg,https://static.ctonline.mx/imagenes/MONNTE020/MONNTE020_400.jpg
MONHOS010,"Monitor Touch 18.5"" FHD Hostech HT-400","Monitor Touch 18.5"" FHD Hostech HT-400. Clave Oficial CT: MONHOS010. Marca: CT.",PUNTO DE VENTA,monitores,CT,2818.81,54966.82,87946.91,87946.91,74205.2,74205.2,68708.52,65960.18,assets/img/catalog/monitores/MONHOS010.jpg,assets/img/catalog/monitores/MONHOS010.jpg,https://static.ctonline.mx/imagenes/MONHOS010/MONHOS010_400.jpg
MONHOS020,"Monitor Portátil 15.6"" Hostech HT-500","Monitor Portátil 15.6"" Hostech HT-500. Clave Oficial CT: MONHOS020. Marca: CT.",PUNTO DE VENTA,monitores,CT,1135.37,22139.65,35423.44,35423.44,29888.53,29888.53,27674.56,26567.58,assets/img/catalog/monitores/MONHOS020.jpg,assets/img/catalog/monitores/MONHOS020.jpg,https://static.ctonline.mx/imagenes/MONHOS020/MONHOS020_400.jpg
MONHOS030,"Monitor Touch 18.5"" FHD Hostech HT400-1 HTMOTCH2B, resolución FHD, pantalla capacitiva, Montaje Vesa 100 x 100 mm, panel LED, resolución 1920*1080px, temperatura de operación -20°C~60°C, certificación del producto CE, FCC, tipo de panel IPS, sistemas operativos compatibles Windows 7, Windows 8, Windows 9, Adroid system, Raspberry Pi, Linux, modo táctil: Dedo o lápiz táctil dedicado, Industrias aplicables: Industria, comercio, Consumo de energía 40W","Monitor Touch 18.5"" FHD Hostech HT400-1 HTMOTCH2B, resolución FHD, pantalla capacitiva, Montaje Vesa 100 x 100 mm, panel LED, resolución 1920*1080px, temperatura de operación -20°C~60°C, certificación del producto CE, FCC, tipo de panel IPS, sistemas operativos compatibles Windows 7, Windows 8, Windows 9, Adroid system, Raspberry Pi, Linux, modo táctil: Dedo o lápiz táctil dedicado, Industrias aplicables: Industria, comercio, Consumo de energía 40W. Clave Oficial CT: MONHOS030. Marca: CT.",PUNTO DE VENTA,monitores,CT,2861.59,55800.98,89281.57,89281.57,75331.33,75331.33,69751.23,66961.18,assets/img/catalog/monitores/MONHOS030.jpg,assets/img/catalog/monitores/MONHOS030.jpg,https://static.ctonline.mx/imagenes/MONHOS030/MONHOS030_400.jpg
LICZKT020,"Licencia  ZKTimeNet 3.0 (ZKTN-3S) Administración de horarios nocturnos, descansos, etc. Configuración de turnos Economic. Hasta 500 Usuarios, Monitoreo en tiempo real del estado del empleado(si registró entrada, o no han tenido ningún registro).  Administración de horarios nocturnos, descansos, etc.,  Máximo 50 dispositivos. El software no es transferible de computadora, (de dañarse la computadora sera necesario adquirir otra licencia) ( La computadora se puede formatear  si se utiliza el mismo  disco de instalacion)","Licencia  ZKTimeNet 3.0 (ZKTN-3S) Administración de horarios nocturnos, descansos, etc. Configuración de turnos Economic. Hasta 500 Usuarios, Monitoreo en tiempo real del estado del empleado(si registró entrada, o no han tenido ningún registro).  Administración de horarios nocturnos, descansos, etc.,  Máximo 50 dispositivos. El software no es transferible de computadora, (de dañarse la computadora sera necesario adquirir otra licencia) ( La computadora se puede formatear  si se utiliza el mismo  disco de instalacion). Clave Oficial CT: LICZKT020. Marca: CT.",SOFTWARE,monitores,CT,82.33,1605.43,2568.68,2568.68,2167.33,2167.33,2006.78,1926.51,assets/img/catalog/monitores/LICZKT020.jpg,assets/img/catalog/monitores/LICZKT020.jpg,https://static.ctonline.mx/imagenes/LICZKT020/LICZKT020_400.jpg
CABNCB120,Cable VGA (Naceb) de CPU a Monitor HD15(M) /(M) 1.5 Mts. Para extender o conectar tu monitor. Modelo NA-588,Cable VGA (Naceb) de CPU a Monitor HD15(M) /(M) 1.5 Mts. Para extender o conectar tu monitor. Modelo NA-588. Clave Oficial CT: CABNCB120. Marca: CT.,ACCESORIOS,monitores,CT,38.46,750.0,1200.0,1200.0,1012.5,1012.5,937.5,900.0,assets/img/catalog/monitores/CABNCB120.jpg,assets/img/catalog/monitores/CABNCB120.jpg,https://static.ctonline.mx/imagenes/CABNCB120/CABNCB120_400.jpg
CABNCB010,Cable VGA (Naceb) de CPU a Monitor HD15(M) /(M) 3 Mts. Para extender o conectar tu monitor. Modelo NA-044,Cable VGA (Naceb) de CPU a Monitor HD15(M) /(M) 3 Mts. Para extender o conectar tu monitor. Modelo NA-044. Clave Oficial CT: CABNCB010. Marca: CT.,ACCESORIOS,monitores,CT,67.23,1311.0,2097.6,2097.6,1769.85,1769.85,1638.75,1573.2,assets/img/catalog/monitores/CABNCB010.jpg,assets/img/catalog/monitores/CABNCB010.jpg,https://static.ctonline.mx/imagenes/CABNCB010/CABNCB010_400.jpg
BATGET070,"Batería portátil con pantalla LED, Getttech, modelo GBN-M10CL-01 Carga rápida de 15W. Para dispositivos USD-a como tipo C. Monitoreo inteligente de la batería. Diseño compacto.","Batería portátil con pantalla LED, Getttech, modelo GBN-M10CL-01 Carga rápida de 15W. Para dispositivos USD-a como tipo C. Monitoreo inteligente de la batería. Diseño compacto.. Clave Oficial CT: BATGET070. Marca: CT.",ACCESORIOS,monitores,CT,11.83,230.75,369.2,369.2,311.51,311.51,288.44,276.9,assets/img/catalog/monitores/BATGET070.jpg,assets/img/catalog/monitores/BATGET070.jpg,https://static.ctonline.mx/imagenes/BATGET070/BATGET070_400.jpg
CABITL815,"Adaptador Mini DisplayPort a Displayport (324748) Conexiones mini DisplayPort de 20 pines macho a DisplayPort de 20 pines macho, ofrece un gran ancho de banda, para señales digitales de audio y vídeo en monitores y dispositivos con puerto DisplayPort - resoluciones de hasta 4K@60Hz, soporta transferencia de señales HDMI y DVI. Completamente blindado para reducir fuentes de interferencia tales como EMI, Plug and Play para aplicaciones box-to-box. Terminales moldeadas en PVC y a prueba de tensiones. Garantía de por vida. Longitud de cable 2m.","Adaptador Mini DisplayPort a Displayport (324748) Conexiones mini DisplayPort de 20 pines macho a DisplayPort de 20 pines macho, ofrece un gran ancho de banda, para señales digitales de audio y vídeo en monitores y dispositivos con puerto DisplayPort - resoluciones de hasta 4K@60Hz, soporta transferencia de señales HDMI y DVI. Completamente blindado para reducir fuentes de interferencia tales como EMI, Plug and Play para aplicaciones box-to-box. Terminales moldeadas en PVC y a prueba de tensiones. Garantía de por vida. Longitud de cable 2m.. Clave Oficial CT: CABITL815. Marca: CT.",ACCESORIOS,monitores,CT,11.68,227.79,364.46,364.46,307.51,307.51,284.73,273.34,assets/img/catalog/monitores/CABITL815.jpg,assets/img/catalog/monitores/CABITL815.jpg,https://static.ctonline.mx/imagenes/CABITL815/CABITL815_400.jpg
CABITL4190,"Cable USB-C3.1 a HDMI 1.0m (152235) Conecta fácilmente un dispositivo USB-C modo DP Alt a una pantalla HDMI, monitor o proyector, Brinda una resolución clara y nítida de hasta 3840x2160 @30Hz; soporta 4K Ultra HD aspecto de radio de vídeo de 21:9, Ideal para conectar pantallas HDMI a modo DP Alt smartphones-capaces, tabletas, Ultrabooks, computadoras portátiles y mas","Cable USB-C3.1 a HDMI 1.0m (152235) Conecta fácilmente un dispositivo USB-C modo DP Alt a una pantalla HDMI, monitor o proyector, Brinda una resolución clara y nítida de hasta 3840x2160 @30Hz; soporta 4K Ultra HD aspecto de radio de vídeo de 21:9, Ideal para conectar pantallas HDMI a modo DP Alt smartphones-capaces, tabletas, Ultrabooks, computadoras portátiles y mas. Clave Oficial CT: CABITL4190. Marca: CT.",ACCESORIOS,monitores,CT,12.62,246.0,393.6,393.6,332.1,332.1,307.5,295.2,assets/img/catalog/monitores/CABITL4190.jpg,assets/img/catalog/monitores/CABITL4190.jpg,https://static.ctonline.mx/imagenes/CABITL4190/CABITL4190_400.jpg
CABITL4240,"Cable USB-C3.1 a HDMI 2.0m (151764) Conecta fácilmente un dispositivo USB-C modo DP Alt a una pantalla HDMI, monitor o proyector, Brinda una resolución clara y nítida de hasta 3840x2160 @30Hz; soporta 4K Ultra HD aspecto de radio de vídeo de 21:9, Ideal para conectar pantallas HDMI a modo DP Alt smartphones-capaces, tabletas, Ultrabooks, computadoras portátiles y mas","Cable USB-C3.1 a HDMI 2.0m (151764) Conecta fácilmente un dispositivo USB-C modo DP Alt a una pantalla HDMI, monitor o proyector, Brinda una resolución clara y nítida de hasta 3840x2160 @30Hz; soporta 4K Ultra HD aspecto de radio de vídeo de 21:9, Ideal para conectar pantallas HDMI a modo DP Alt smartphones-capaces, tabletas, Ultrabooks, computadoras portátiles y mas. Clave Oficial CT: CABITL4240. Marca: CT.",ACCESORIOS,monitores,CT,14.48,282.43,451.89,451.89,381.28,381.28,353.04,338.91,assets/img/catalog/monitores/CABITL4240.jpg,assets/img/catalog/monitores/CABITL4240.jpg,https://static.ctonline.mx/imagenes/CABITL4240/CABITL4240_400.jpg
CABITL4690,"Cable Adaptador USB-C a DisplayPort 8K@60Hz 2 m. (354844) USB-C macho a DisplayPort macho, 2 m (6.56 pies), Soporta 4K@120Hz, Contactos chapados en oro, negro. Conecta fácilmente un dispositivo USB-C a una pantalla, monitor o proyector con entrada DisplayPort. Admite resoluciones 8K @ 60Hz, 4K @ 120Hz, 1440p @ 144Hz (UWQHD), 1440p @ 165Hz (WQHD) y 1080p @ 240Hz. Compatible con cualquier dispositivo USB-C que admita DP Alt Mode, incluidos teléfonos inteligentes, Apple® MacBooks®, Chromebooks ™, Pixels ™, tabletas y más.","Cable Adaptador USB-C a DisplayPort 8K@60Hz 2 m. (354844) USB-C macho a DisplayPort macho, 2 m (6.56 pies), Soporta 4K@120Hz, Contactos chapados en oro, negro. Conecta fácilmente un dispositivo USB-C a una pantalla, monitor o proyector con entrada DisplayPort. Admite resoluciones 8K @ 60Hz, 4K @ 120Hz, 1440p @ 144Hz (UWQHD), 1440p @ 165Hz (WQHD) y 1080p @ 240Hz. Compatible con cualquier dispositivo USB-C que admita DP Alt Mode, incluidos teléfonos inteligentes, Apple® MacBooks®, Chromebooks ™, Pixels ™, tabletas y más.. Clave Oficial CT: CABITL4690. Marca: CT.",ACCESORIOS,monitores,CT,15.88,309.64,495.43,495.43,418.02,418.02,387.05,371.57,assets/img/catalog/monitores/CABITL4690.jpg,assets/img/catalog/monitores/CABITL4690.jpg,https://static.ctonline.mx/imagenes/CABITL4690/CABITL4690_400.jpg
CABITL4700,"Cable Adaptador USB-C a DisplayPort 8K@60Hz 3 m. (354851) USB-C macho a DisplayPort macho, 3 m (9,84 pies), admite 4K @ 120 Hz, contactos bañados en oro, negro. Conecta fácilmente un dispositivo USB-C a una pantalla, monitor o proyector con entrada DisplayPort. Admite resoluciones 8K @ 60Hz, 4K @ 120Hz, 1440p @ 144Hz (UWQHD), 1440p @ 165Hz (WQHD) y 1080p @ 240Hz. Compatible con cualquier dispositivo USB-C que admita DP Alt Mode, incluidos teléfonos inteligentes, Apple® MacBooks®, Chromebooks ™, Pixels ™, tabletas y más.","Cable Adaptador USB-C a DisplayPort 8K@60Hz 3 m. (354851) USB-C macho a DisplayPort macho, 3 m (9,84 pies), admite 4K @ 120 Hz, contactos bañados en oro, negro. Conecta fácilmente un dispositivo USB-C a una pantalla, monitor o proyector con entrada DisplayPort. Admite resoluciones 8K @ 60Hz, 4K @ 120Hz, 1440p @ 144Hz (UWQHD), 1440p @ 165Hz (WQHD) y 1080p @ 240Hz. Compatible con cualquier dispositivo USB-C que admita DP Alt Mode, incluidos teléfonos inteligentes, Apple® MacBooks®, Chromebooks ™, Pixels ™, tabletas y más.. Clave Oficial CT: CABITL4700. Marca: CT.",ACCESORIOS,monitores,CT,15.42,300.64,481.03,481.03,405.87,405.87,375.8,360.77,assets/img/catalog/monitores/CABITL4700.jpg,assets/img/catalog/monitores/CABITL4700.jpg,https://static.ctonline.mx/imagenes/CABITL4700/CABITL4700_400.jpg
CABITL4770,"Cable adaptador de USB-C a HDMI de 4K@60Hz  (153591) Manhattan USB-C macho a HDMI macho, 1 m (3 pies), contactos chapados en oro, funciona con smartphones, tabletas, portátiles y más, negro. Conecta fácilmente un dispositivo USB-C a una pantalla, monitor o proyector HDMI sin necesidad de adaptadores adicionales, resoluciones de hasta Ultra Alta Definición (UHD) 4K@60Hz (3840 × 2160).","Cable adaptador de USB-C a HDMI de 4K@60Hz  (153591) Manhattan USB-C macho a HDMI macho, 1 m (3 pies), contactos chapados en oro, funciona con smartphones, tabletas, portátiles y más, negro. Conecta fácilmente un dispositivo USB-C a una pantalla, monitor o proyector HDMI sin necesidad de adaptadores adicionales, resoluciones de hasta Ultra Alta Definición (UHD) 4K@60Hz (3840 × 2160).. Clave Oficial CT: CABITL4770. Marca: CT.",ACCESORIOS,monitores,CT,14.01,273.21,437.14,437.14,368.84,368.84,341.52,327.86,assets/img/catalog/monitores/CABITL4770.jpg,assets/img/catalog/monitores/CABITL4770.jpg,https://static.ctonline.mx/imagenes/CABITL4770/CABITL4770_400.jpg
CABITL4780,"MH USB-C to HDMI adapter cable , 2M 4K@60Hz  (153607) Manhattan Conecta fácilmente un dispositivo USB-C a una pantalla, monitor o proyector HDMI sin necesidad de adaptadores adicionales. Resoluciones de hasta Ultra Alta Definición (UHD) 4K@60Hz (3840 × 2160). Compatible con cualquier dispositivo USB-C que admita DP Alt Mode, incluidos teléfonos inteligentes, Apple® MacBooks®, Chromebooks ™, Pixels ™, tabletas y más.","MH USB-C to HDMI adapter cable , 2M 4K@60Hz  (153607) Manhattan Conecta fácilmente un dispositivo USB-C a una pantalla, monitor o proyector HDMI sin necesidad de adaptadores adicionales. Resoluciones de hasta Ultra Alta Definición (UHD) 4K@60Hz (3840 × 2160). Compatible con cualquier dispositivo USB-C que admita DP Alt Mode, incluidos teléfonos inteligentes, Apple® MacBooks®, Chromebooks ™, Pixels ™, tabletas y más.. Clave Oficial CT: CABITL4780. Marca: CT.",ACCESORIOS,monitores,CT,15.88,309.64,495.43,495.43,418.02,418.02,387.05,371.57,assets/img/catalog/monitores/CABITL4780.jpg,assets/img/catalog/monitores/CABITL4780.jpg,https://static.ctonline.mx/imagenes/CABITL4780/CABITL4780_400.jpg
CABITL080,"Cable Monitor SVGA (311731) 8mm, HD15Macho a HD15 Macho 1.8M","Cable Monitor SVGA (311731) 8mm, HD15Macho a HD15 Macho 1.8M. Clave Oficial CT: CABITL080. Marca: CT.",ACCESORIOS,monitores,CT,3.46,67.5,108.0,108.0,91.12,91.12,84.38,81.0,assets/img/catalog/monitores/CABITL080.jpg,assets/img/catalog/monitores/CABITL080.jpg,https://static.ctonline.mx/imagenes/CABITL080/CABITL080_400.jpg
CABITL090,"Cable Monitor SVGA (311748) 8mm, HD15Macho a HD15 Macho 3.0M","Cable Monitor SVGA (311748) 8mm, HD15Macho a HD15 Macho 3.0M. Clave Oficial CT: CABITL090. Marca: CT.",ACCESORIOS,monitores,CT,5.33,103.93,166.29,166.29,140.3,140.3,129.91,124.71,assets/img/catalog/monitores/CABITL090.jpg,assets/img/catalog/monitores/CABITL090.jpg,https://static.ctonline.mx/imagenes/CABITL090/CABITL090_400.jpg
CABITL350,"Cable Monitor SVGA (312721) 8mm, HD15 Macho a HD15 Macho 4.5M","Cable Monitor SVGA (312721) 8mm, HD15 Macho a HD15 Macho 4.5M. Clave Oficial CT: CABITL350. Marca: CT.",ACCESORIOS,monitores,CT,7.2,140.36,224.57,224.57,189.48,189.48,175.45,168.43,assets/img/catalog/monitores/CABITL350.jpg,assets/img/catalog/monitores/CABITL350.jpg,https://static.ctonline.mx/imagenes/CABITL350/CABITL350_400.jpg
CABITL680,"Cable Monitor SVGA (372978) 8mm, HD15 Macho a HD15 Macho 7.5M","Cable Monitor SVGA (372978) 8mm, HD15 Macho a HD15 Macho 7.5M. Clave Oficial CT: CABITL680. Marca: CT.",ACCESORIOS,monitores,CT,11.02,214.93,343.89,343.89,290.15,290.15,268.66,257.91,assets/img/catalog/monitores/CABITL680.jpg,assets/img/catalog/monitores/CABITL680.jpg,https://static.ctonline.mx/imagenes/CABITL680/CABITL680_400.jpg
CABITL780,"Cable Monitor SVGA (371377) 8mm, HD15 Macho a HD15 Macho 11M","Cable Monitor SVGA (371377) 8mm, HD15 Macho a HD15 Macho 11M. Clave Oficial CT: CABITL780. Marca: CT.",ACCESORIOS,monitores,CT,15.13,295.07,472.11,472.11,398.35,398.35,368.84,354.09,assets/img/catalog/monitores/CABITL780.jpg,assets/img/catalog/monitores/CABITL780.jpg,https://static.ctonline.mx/imagenes/CABITL780/CABITL780_400.jpg
CABITL180,"Cable Monitor SVGA (313629) 8mm, HD15 Macho a HD15 Macho 15M","Cable Monitor SVGA (313629) 8mm, HD15 Macho a HD15 Macho 15M. Clave Oficial CT: CABITL180. Marca: CT.",ACCESORIOS,monitores,CT,21.02,409.93,655.89,655.89,553.4,553.4,512.41,491.91,assets/img/catalog/monitores/CABITL180.jpg,assets/img/catalog/monitores/CABITL180.jpg,https://static.ctonline.mx/imagenes/CABITL180/CABITL180_400.jpg
CABITL065,"Cable Monitor SVGA (371315) 5mm, HD15 Macho a HD15 Macho 1.8M","Cable Monitor SVGA (371315) 5mm, HD15 Macho a HD15 Macho 1.8M. Clave Oficial CT: CABITL065. Marca: CT.",ACCESORIOS,monitores,CT,3.46,67.5,108.0,108.0,91.12,91.12,84.38,81.0,assets/img/catalog/monitores/CABITL065.jpg,assets/img/catalog/monitores/CABITL065.jpg,https://static.ctonline.mx/imagenes/CABITL065/CABITL065_400.jpg
CABITL380,"Cable Monitor SVGA (309011) 8mm, HD15 Macho a HD15 Hembra 1.8M","Cable Monitor SVGA (309011) 8mm, HD15 Macho a HD15 Hembra 1.8M. Clave Oficial CT: CABITL380. Marca: CT.",ACCESORIOS,monitores,CT,3.74,72.86,116.57,116.57,98.36,98.36,91.07,87.43,assets/img/catalog/monitores/CABITL380.jpg,assets/img/catalog/monitores/CABITL380.jpg,https://static.ctonline.mx/imagenes/CABITL380/CABITL380_400.jpg
CABITL1850,"Cable para Monitor SVGA, MANHATTAN, HD15 Macho / HD15 Macho, 20 m, 335607, 2 HD15 macho, Calibre 28 AWG, Color: Negro","Cable para Monitor SVGA, MANHATTAN, HD15 Macho / HD15 Macho, 20 m, 335607, 2 HD15 macho, Calibre 28 AWG, Color: Negro. Clave Oficial CT: CABITL1850. Marca: CT.",ACCESORIOS,monitores,CT,26.15,510.0,816.0,816.0,688.5,688.5,637.5,612.0,assets/img/catalog/monitores/CABITL1850.jpg,assets/img/catalog/monitores/CABITL1850.jpg,https://static.ctonline.mx/imagenes/CABITL1850/CABITL1850_400.jpg
CABITL5300,"CABLE HDMI CL3 4K@60HZ (356947) Cable HDMI de alta velocidad con clasificación CL3 para instalación en pared, compatible con resolución 4K@60Hz y ancho de banda de 18 Gbps. Soporta HDR, Ethernet sobre HDMI (HEC) y Canal de Retorno de Audio (ARC) para una experiencia audiovisual de alta calidad. Cuenta con doble blindaje y conectores chapados en oro que garantizan una transmisión de señal estable y confiable. Ideal para televisores, proyectores, monitores, consolas de videojuegos, sistemas de cine en casa e instalaciones audiovisuales profesionales.","CABLE HDMI CL3 4K@60HZ (356947) Cable HDMI de alta velocidad con clasificación CL3 para instalación en pared, compatible con resolución 4K@60Hz y ancho de banda de 18 Gbps. Soporta HDR, Ethernet sobre HDMI (HEC) y Canal de Retorno de Audio (ARC) para una experiencia audiovisual de alta calidad. Cuenta con doble blindaje y conectores chapados en oro que garantizan una transmisión de señal estable y confiable. Ideal para televisores, proyectores, monitores, consolas de videojuegos, sistemas de cine en casa e instalaciones audiovisuales profesionales.. Clave Oficial CT: CABITL5300. Marca: CT.",ACCESORIOS,monitores,CT,4.2,81.96,131.14,131.14,110.65,110.65,102.46,98.36,assets/img/catalog/monitores/CABITL5300.jpg,assets/img/catalog/monitores/CABITL5300.jpg,https://static.ctonline.mx/imagenes/CABITL5300/CABITL5300_400.jpg
CABITL5310,"CABLE HDMI CL3 4K@60HZ (356954) Cable HDMI de alta velocidad con clasificación CL3 para instalación en pared, 2 m, compatible con resolución 4K@60Hz y ancho de banda de 18 Gbps. Soporta HDR, Ethernet sobre HDMI (HEC) y Canal de Retorno de Audio (ARC) para una experiencia audiovisual de alta calidad. Cuenta con doble blindaje y conectores chapados en oro que garantizan una transmisión de señal estable y confiable. Ideal para televisores, proyectores, monitores, consolas de videojuegos, sistemas de cine en casa e instalaciones audiovisuales profesionales.","CABLE HDMI CL3 4K@60HZ (356954) Cable HDMI de alta velocidad con clasificación CL3 para instalación en pared, 2 m, compatible con resolución 4K@60Hz y ancho de banda de 18 Gbps. Soporta HDR, Ethernet sobre HDMI (HEC) y Canal de Retorno de Audio (ARC) para una experiencia audiovisual de alta calidad. Cuenta con doble blindaje y conectores chapados en oro que garantizan una transmisión de señal estable y confiable. Ideal para televisores, proyectores, monitores, consolas de videojuegos, sistemas de cine en casa e instalaciones audiovisuales profesionales.. Clave Oficial CT: CABITL5310. Marca: CT.",ACCESORIOS,monitores,CT,5.6,109.29,174.86,174.86,147.54,147.54,136.61,131.14,assets/img/catalog/monitores/CABITL5310.jpg,assets/img/catalog/monitores/CABITL5310.jpg,https://static.ctonline.mx/imagenes/CABITL5310/CABITL5310_400.jpg
CABITL5320,"CABLE HDMI CL3 4K@60HZ (356961) Cable HDMI de alta velocidad con clasificación CL3 para instalación en pared, 3 m, compatible con resolución 4K@60Hz y ancho de banda de 18 Gbps. Soporta HDR, Ethernet sobre HDMI (HEC) y Canal de Retorno de Audio (ARC) para una experiencia audiovisual de alta calidad. Cuenta con doble blindaje y conectores chapados en oro que garantizan una transmisión de señal estable y confiable. Ideal para televisores, proyectores, monitores, consolas de videojuegos, sistemas de cine en casa e instalaciones audiovisuales profesionales.","CABLE HDMI CL3 4K@60HZ (356961) Cable HDMI de alta velocidad con clasificación CL3 para instalación en pared, 3 m, compatible con resolución 4K@60Hz y ancho de banda de 18 Gbps. Soporta HDR, Ethernet sobre HDMI (HEC) y Canal de Retorno de Audio (ARC) para una experiencia audiovisual de alta calidad. Cuenta con doble blindaje y conectores chapados en oro que garantizan una transmisión de señal estable y confiable. Ideal para televisores, proyectores, monitores, consolas de videojuegos, sistemas de cine en casa e instalaciones audiovisuales profesionales.. Clave Oficial CT: CABITL5320. Marca: CT.",ACCESORIOS,monitores,CT,7.1,138.43,221.49,221.49,186.88,186.88,173.04,166.11,assets/img/catalog/monitores/CABITL5320.jpg,assets/img/catalog/monitores/CABITL5320.jpg,https://static.ctonline.mx/imagenes/CABITL5320/CABITL5320_400.jpg
CABITL5330,"CABLE HDMI CL3 4K@60HZ (356978) Cable HDMI de alta velocidad con clasificación CL3 para instalación en pared, 5 m, compatible con resolución 4K@60Hz y ancho de banda de 18 Gbps. Soporta HDR, Ethernet sobre HDMI (HEC) y Canal de Retorno de Audio (ARC) para una experiencia audiovisual de alta calidad. Cuenta con doble blindaje y conectores chapados en oro que garantizan una transmisión de señal estable y confiable. Ideal para televisores, proyectores, monitores, consolas de videojuegos, sistemas de cine en casa e instalaciones audiovisuales profesionales","CABLE HDMI CL3 4K@60HZ (356978) Cable HDMI de alta velocidad con clasificación CL3 para instalación en pared, 5 m, compatible con resolución 4K@60Hz y ancho de banda de 18 Gbps. Soporta HDR, Ethernet sobre HDMI (HEC) y Canal de Retorno de Audio (ARC) para una experiencia audiovisual de alta calidad. Cuenta con doble blindaje y conectores chapados en oro que garantizan una transmisión de señal estable y confiable. Ideal para televisores, proyectores, monitores, consolas de videojuegos, sistemas de cine en casa e instalaciones audiovisuales profesionales. Clave Oficial CT: CABITL5330. Marca: CT.",ACCESORIOS,monitores,CT,12.89,251.36,402.17,402.17,339.33,339.33,314.2,301.63,assets/img/catalog/monitores/CABITL5330.jpg,assets/img/catalog/monitores/CABITL5330.jpg,https://static.ctonline.mx/imagenes/CABITL5330/CABITL5330_400.jpg
CABITL5340,"CABLE HDMI CL3 4K@60HZ (356985) Cable HDMI de alta velocidad con clasificación CL3 para instalación en pared, 8 m, compatible con resolución 4K@60Hz y ancho de banda de 18 Gbps. Soporta HDR, Ethernet sobre HDMI (HEC) y Canal de Retorno de Audio (ARC) para una experiencia audiovisual de alta calidad. Cuenta con doble blindaje y conectores chapados en oro que garantizan una transmisión de señal estable y confiable. Ideal para televisores, proyectores, monitores, consolas de videojuegos, sistemas de cine en casa e instalaciones audiovisuales profesionales.","CABLE HDMI CL3 4K@60HZ (356985) Cable HDMI de alta velocidad con clasificación CL3 para instalación en pared, 8 m, compatible con resolución 4K@60Hz y ancho de banda de 18 Gbps. Soporta HDR, Ethernet sobre HDMI (HEC) y Canal de Retorno de Audio (ARC) para una experiencia audiovisual de alta calidad. Cuenta con doble blindaje y conectores chapados en oro que garantizan una transmisión de señal estable y confiable. Ideal para televisores, proyectores, monitores, consolas de videojuegos, sistemas de cine en casa e instalaciones audiovisuales profesionales.. Clave Oficial CT: CABITL5340. Marca: CT.",ACCESORIOS,monitores,CT,20.08,391.61,626.57,626.57,528.67,528.67,489.51,469.93,assets/img/catalog/monitores/CABITL5340.jpg,assets/img/catalog/monitores/CABITL5340.jpg,https://static.ctonline.mx/imagenes/CABITL5340/CABITL5340_400.jpg
CABITL5350,"CABLE HDMI CL3 4K@60HZ (356992) Cable HDMI de alta velocidad con clasificación CL3 para instalación en pared, 10 m, compatible con resolución 4K@60Hz y ancho de banda de 18 Gbps. Soporta HDR, Ethernet sobre HDMI (HEC) y Canal de Retorno de Audio (ARC) para una experiencia audiovisual de alta calidad. Cuenta con doble blindaje y conectores chapados en oro que garantizan una transmisión de señal estable y confiable. Ideal para televisores, proyectores, monitores, consolas de videojuegos, sistemas de cine en casa e instalaciones audiovisuales profesionales.","CABLE HDMI CL3 4K@60HZ (356992) Cable HDMI de alta velocidad con clasificación CL3 para instalación en pared, 10 m, compatible con resolución 4K@60Hz y ancho de banda de 18 Gbps. Soporta HDR, Ethernet sobre HDMI (HEC) y Canal de Retorno de Audio (ARC) para una experiencia audiovisual de alta calidad. Cuenta con doble blindaje y conectores chapados en oro que garantizan una transmisión de señal estable y confiable. Ideal para televisores, proyectores, monitores, consolas de videojuegos, sistemas de cine en casa e instalaciones audiovisuales profesionales.. Clave Oficial CT: CABITL5350. Marca: CT.",ACCESORIOS,monitores,CT,25.22,491.79,786.86,786.86,663.91,663.91,614.73,590.14,assets/img/catalog/monitores/CABITL5350.jpg,assets/img/catalog/monitores/CABITL5350.jpg,https://static.ctonline.mx/imagenes/CABITL5350/CABITL5350_400.jpg
CABITL1255,"Cable para Monitor HDMI (306119) HDMI 1.3 macho a HDMI 1.3 macho, blindado, negro, 1.8M.","Cable para Monitor HDMI (306119) HDMI 1.3 macho a HDMI 1.3 macho, blindado, negro, 1.8M.. Clave Oficial CT: CABITL1255. Marca: CT.",ACCESORIOS,monitores,CT,1.78,34.71,55.54,55.54,46.86,46.86,43.39,41.66,assets/img/catalog/monitores/CABITL1255.jpg,assets/img/catalog/monitores/CABITL1255.jpg,https://static.ctonline.mx/imagenes/CABITL1255/CABITL1255_400.jpg
CABITL5290,"CABLE HDMI CERTIFICADO 8K@60HZ (356886) Cable HDMI Ultra High Speed certificado, 5 m, compatible con resolución 8K@60Hz y 4K@120Hz, soporte HDR dinámico, Dolby Vision™ y Dolby Atmos®. Cubierta trenzada de alta resistencia, doble blindaje y conectores chapados en oro para máxima calidad de señal. Ideal para gaming, home theater, consolas, proyectores, monitores y aplicaciones AV de alta gama.","CABLE HDMI CERTIFICADO 8K@60HZ (356886) Cable HDMI Ultra High Speed certificado, 5 m, compatible con resolución 8K@60Hz y 4K@120Hz, soporte HDR dinámico, Dolby Vision™ y Dolby Atmos®. Cubierta trenzada de alta resistencia, doble blindaje y conectores chapados en oro para máxima calidad de señal. Ideal para gaming, home theater, consolas, proyectores, monitores y aplicaciones AV de alta gama.. Clave Oficial CT: CABITL5290. Marca: CT.",ACCESORIOS,monitores,CT,14.48,282.43,451.89,451.89,381.28,381.28,353.04,338.91,assets/img/catalog/monitores/CABITL5290.jpg,assets/img/catalog/monitores/CABITL5290.jpg,https://static.ctonline.mx/imagenes/CABITL5290/CABITL5290_400.jpg
CABITL3860,"Cable DisplayPort M-M 3m Negro (307093) Los Cables DisplayPort MANHATTAN proporcionan una solución que entrega señales tanto audio como vídeo entre la computadora o la portátil y dispositivos que soporten este puerto. Con un ancho de banda de 17.28 Gbps (HBR2), Color intenso y audio con 8 canales de 24 bits sin compresión, el conector de 20 pines es pequeño, compacto e ideal para su uso con computadoras esquipadas con puerto DisplayPort, monitores de pantalla plana, dispositivos de perfil delgado y muchos otros electrónicos incluyendo reproductores de Blu-Ray y consolas de juegos.","Cable DisplayPort M-M 3m Negro (307093) Los Cables DisplayPort MANHATTAN proporcionan una solución que entrega señales tanto audio como vídeo entre la computadora o la portátil y dispositivos que soporten este puerto. Con un ancho de banda de 17.28 Gbps (HBR2), Color intenso y audio con 8 canales de 24 bits sin compresión, el conector de 20 pines es pequeño, compacto e ideal para su uso con computadoras esquipadas con puerto DisplayPort, monitores de pantalla plana, dispositivos de perfil delgado y muchos otros electrónicos incluyendo reproductores de Blu-Ray y consolas de juegos.. Clave Oficial CT: CABITL3860. Marca: CT.",ACCESORIOS,monitores,CT,5.79,112.93,180.69,180.69,152.45,152.45,141.16,135.51,assets/img/catalog/monitores/CABITL3860.jpg,assets/img/catalog/monitores/CABITL3860.jpg,https://static.ctonline.mx/imagenes/CABITL3860/CABITL3860_400.jpg
CABITL1320,"Adaptador Display port a VGA (151962) El Convertidor Manhattan de DisplayPort a VGA ayuda a establecer una conexión rápida, sencilla y cómoda entre computadoras de escritorio o notebook y otras fuentes de medios equipadas con DisplayPort con monitores VGA. Este convertidor es sencillo y rápido de instalar y no requiere complicadas configuraciones o instalaciones para ayudar a extender la vida útil y el valor de antiguas pantallas, proyectores y otros equipos con VGA. Esta solución de bajo consumo de energía, rentable y confiable, permite a los usuarios de PC la transición a anchos de banda, resoluciones, Color Profundo de DisplayPort sin grastar o actualizar a nuevos y costosos monitores y proyectores. Su diseño integrado todo en uno elimina cables innecesarios, enredos y todo el desorden para mantener instalaciones y lugares de trabajo limpios y ordenados.","Adaptador Display port a VGA (151962) El Convertidor Manhattan de DisplayPort a VGA ayuda a establecer una conexión rápida, sencilla y cómoda entre computadoras de escritorio o notebook y otras fuentes de medios equipadas con DisplayPort con monitores VGA. Este convertidor es sencillo y rápido de instalar y no requiere complicadas configuraciones o instalaciones para ayudar a extender la vida útil y el valor de antiguas pantallas, proyectores y otros equipos con VGA. Esta solución de bajo consumo de energía, rentable y confiable, permite a los usuarios de PC la transición a anchos de banda, resoluciones, Color Profundo de DisplayPort sin grastar o actualizar a nuevos y costosos monitores y proyectores. Su diseño integrado todo en uno elimina cables innecesarios, enredos y todo el desorden para mantener instalaciones y lugares de trabajo limpios y ordenados.. Clave Oficial CT: CABITL1320. Marca: CT.",ACCESORIOS,monitores,CT,7.85,153.0,244.8,244.8,206.55,206.55,191.25,183.6,assets/img/catalog/monitores/CABITL1320.jpg,assets/img/catalog/monitores/CABITL1320.jpg,https://static.ctonline.mx/imagenes/CABITL1320/CABITL1320_400.jpg
CABITL690,"Cable alimentación, MANHATTAN, Monitor a CPU, 1.8m, 301152, IEC 60320 C13, hembra, Potencia: 10 A / 250 V, Tipo de contacto: de tres bornes, Conductores: 24; 0.2 mm de diámetro, 1.8 m","Cable alimentación, MANHATTAN, Monitor a CPU, 1.8m, 301152, IEC 60320 C13, hembra, Potencia: 10 A / 250 V, Tipo de contacto: de tres bornes, Conductores: 24; 0.2 mm de diámetro, 1.8 m. Clave Oficial CT: CABITL690. Marca: CT.",ACCESORIOS,monitores,CT,3.65,71.14,113.83,113.83,96.04,96.04,88.93,85.37,assets/img/catalog/monitores/CABITL690.jpg,assets/img/catalog/monitores/CABITL690.jpg,https://static.ctonline.mx/imagenes/CABITL690/CABITL690_400.jpg
CABITL5250,"Power Cable IEC320C13-C14 Black 3ft/1m (352673) MANHATTAN Conecta dispositivos como un servidor, una computadora, monitor o impresora a un PDU, UPS u otra fuente de alimentación, ideal para aplicaciones de red en rack. Extiende un cable de alimentación de C13 a CA para un mayor alcance a una toma de pared. Alambre de cobre puro sin recubrimiento para máxima conductividad.","Power Cable IEC320C13-C14 Black 3ft/1m (352673) MANHATTAN Conecta dispositivos como un servidor, una computadora, monitor o impresora a un PDU, UPS u otra fuente de alimentación, ideal para aplicaciones de red en rack. Extiende un cable de alimentación de C13 a CA para un mayor alcance a una toma de pared. Alambre de cobre puro sin recubrimiento para máxima conductividad.. Clave Oficial CT: CABITL5250. Marca: CT.",ACCESORIOS,monitores,CT,2.9,56.57,90.51,90.51,76.37,76.37,70.71,67.89,assets/img/catalog/monitores/CABITL5250.jpg,assets/img/catalog/monitores/CABITL5250.jpg,https://static.ctonline.mx/imagenes/CABITL5250/CABITL5250_400.jpg
TARTRL120,"Tarjeta de administración de red, Tripp Lite,  Modelo WEBCARDLXE, Permite operar un sistema UPS compatible como un dispositivo administrado de red que usted puede monitorear y controlar en forma remota. Permite acceso total y administración remotos mediante SNMP, web, SSH o Telnet. Reinicia en forma remota los equipos que no responden sin la necesidad de una visita al sitio. Envía alertas configurables por el usuario a través de SNMP o correo electrónico. Los sensores EnviroSense2 opcionales permiten el monitoreo del estado ambiental en el sitio. La interfaz móvil basada en HTML5 no requiere Java para interacción. WEBCARDLXE está diseñado para adaptarse solo a sistemas UPS SmartPro y SmartOnline específicos. Antes de ordenar, verifique la compatibilidad con su modelo.","Tarjeta de administración de red, Tripp Lite,  Modelo WEBCARDLXE, Permite operar un sistema UPS compatible como un dispositivo administrado de red que usted puede monitorear y controlar en forma remota. Permite acceso total y administración remotos mediante SNMP, web, SSH o Telnet. Reinicia en forma remota los equipos que no responden sin la necesidad de una visita al sitio. Envía alertas configurables por el usuario a través de SNMP o correo electrónico. Los sensores EnviroSense2 opcionales permiten el monitoreo del estado ambiental en el sitio. La interfaz móvil basada en HTML5 no requiere Java para interacción. WEBCARDLXE está diseñado para adaptarse solo a sistemas UPS SmartPro y SmartOnline específicos. Antes de ordenar, verifique la compatibilidad con su modelo.. Clave Oficial CT: TARTRL120. Marca: CT.",ACCESORIOS,monitores,CT,4770.51,93024.92,148839.87,148839.87,125583.64,125583.64,116281.15,111629.9,assets/img/catalog/monitores/TARTRL120.jpg,assets/img/catalog/monitores/TARTRL120.jpg,https://static.ctonline.mx/imagenes/TARTRL120/TARTRL120_400.jpg
CABTRL710,"Cable VGA P502-006 Coaxial para Monitor. Cable de Alta Resolución con RGB coax (HD15 M/M), 1.83 m [6 pies]","Cable VGA P502-006 Coaxial para Monitor. Cable de Alta Resolución con RGB coax (HD15 M/M), 1.83 m [6 pies]. Clave Oficial CT: CABTRL710. Marca: CT.",ACCESORIOS,monitores,CT,119.08,2322.11,3715.38,3715.38,3134.85,3134.85,2902.64,2786.53,assets/img/catalog/monitores/CABTRL710.jpg,assets/img/catalog/monitores/CABTRL710.jpg,https://static.ctonline.mx/imagenes/CABTRL710/CABTRL710_400.jpg
CABTRL1580,Cable para Monitor VGA Marca TRIPP-LITE. P512-006  (HD15 M/M). Medida: 1.83 m.  6 pies,Cable para Monitor VGA Marca TRIPP-LITE. P512-006  (HD15 M/M). Medida: 1.83 m.  6 pies. Clave Oficial CT: CABTRL1580. Marca: CT.,ACCESORIOS,monitores,CT,94.94,1851.33,2962.14,2962.14,2499.3,2499.3,2314.17,2221.6,assets/img/catalog/monitores/CABTRL1580.jpg,assets/img/catalog/monitores/CABTRL1580.jpg,https://static.ctonline.mx/imagenes/CABTRL1580/CABTRL1580_400.jpg
CABTRL1600,"Cable DVI de Conexión Única. Marca TRIPP-LITE. P561-006. Cable para Monitor TMDS Digital (DVI-D M/M), 1.83m [6 pies]","Cable DVI de Conexión Única. Marca TRIPP-LITE. P561-006. Cable para Monitor TMDS Digital (DVI-D M/M), 1.83m [6 pies]. Clave Oficial CT: CABTRL1600. Marca: CT.",ACCESORIOS,monitores,CT,105.04,2048.28,3277.24,3277.24,2765.17,2765.17,2560.35,2457.93,assets/img/catalog/monitores/CABTRL1600.jpg,assets/img/catalog/monitores/CABTRL1600.jpg,https://static.ctonline.mx/imagenes/CABTRL1600/CABTRL1600_400.jpg
CABTRL1710,"Cable HDMI a DVI. Marca: TRIPP-LITE. P566-006. Cable adaptador para Monitor Digital (HDMI a DVI-D M/M), 1.83 m (6 pies).","Cable HDMI a DVI. Marca: TRIPP-LITE. P566-006. Cable adaptador para Monitor Digital (HDMI a DVI-D M/M), 1.83 m (6 pies).. Clave Oficial CT: CABTRL1710. Marca: CT.",ACCESORIOS,monitores,CT,93.24,1818.26,2909.21,2909.21,2454.65,2454.65,2272.82,2181.91,assets/img/catalog/monitores/CABTRL1710.jpg,assets/img/catalog/monitores/CABTRL1710.jpg,https://static.ctonline.mx/imagenes/CABTRL1710/CABTRL1710_400.jpg
CABTRL1720,"Cable HDMI a DVI. Marca: TRIPP-LITE. P566-010. Cable adaptador para Monitor Digital (HDMI a DVI-D M/M), 3.05 m (10 pies).","Cable HDMI a DVI. Marca: TRIPP-LITE. P566-010. Cable adaptador para Monitor Digital (HDMI a DVI-D M/M), 3.05 m (10 pies).. Clave Oficial CT: CABTRL1720. Marca: CT.",ACCESORIOS,monitores,CT,106.72,2081.14,3329.82,3329.82,2809.54,2809.54,2601.42,2497.36,assets/img/catalog/monitores/CABTRL1720.jpg,assets/img/catalog/monitores/CABTRL1720.jpg,https://static.ctonline.mx/imagenes/CABTRL1720/CABTRL1720_400.jpg
CABTRL1820,Cable VGA Coaxial para Monitor. Marca: TRIPP-LITE. P502-030. Cable de Alta Resolución con RGB coax (HD15 M/M) 9.14 m (30 pies.),Cable VGA Coaxial para Monitor. Marca: TRIPP-LITE. P502-030. Cable de Alta Resolución con RGB coax (HD15 M/M) 9.14 m (30 pies.). Clave Oficial CT: CABTRL1820. Marca: CT.,ACCESORIOS,monitores,CT,270.74,5279.52,8447.23,8447.23,7127.35,7127.35,6599.4,6335.42,assets/img/catalog/monitores/CABTRL1820.jpg,assets/img/catalog/monitores/CABTRL1820.jpg,https://static.ctonline.mx/imagenes/CABTRL1820/CABTRL1820_400.jpg
CABTRL1830,"Cable DVI de Conexión Única. Marca: TRIPP-LITE. P561-003. Cable para Monitor TMDS Digital (DVI-D M/M), 0.91 m (3 pies).","Cable DVI de Conexión Única. Marca: TRIPP-LITE. P561-003. Cable para Monitor TMDS Digital (DVI-D M/M), 0.91 m (3 pies).. Clave Oficial CT: CABTRL1830. Marca: CT.",ACCESORIOS,monitores,CT,80.32,1566.33,2506.13,2506.13,2114.55,2114.55,1957.91,1879.6,assets/img/catalog/monitores/CABTRL1830.jpg,assets/img/catalog/monitores/CABTRL1830.jpg,https://static.ctonline.mx/imagenes/CABTRL1830/CABTRL1830_400.jpg
CABTRL4450,"Cable DVI de Conexión Única, Cable para Monitor TMDS Digital P561-050  (DVI-D M/M), 15 m [50 pies], Incluye: Cable TMDS de Enlace Sencillo DVI (DVI-D M/M) de 15.24 m [50 pies], garantía de 1 año","Cable DVI de Conexión Única, Cable para Monitor TMDS Digital P561-050  (DVI-D M/M), 15 m [50 pies], Incluye: Cable TMDS de Enlace Sencillo DVI (DVI-D M/M) de 15.24 m [50 pies], garantía de 1 año. Clave Oficial CT: CABTRL4450. Marca: CT.",ACCESORIOS,monitores,CT,312.98,6103.07,9764.92,9764.92,8239.15,8239.15,7628.84,7323.69,assets/img/catalog/monitores/CABTRL4450.jpg,assets/img/catalog/monitores/CABTRL4450.jpg,https://static.ctonline.mx/imagenes/CABTRL4450/CABTRL4450_400.jpg
CABRBT3780,"CABLE HDMI A VGA V2.0 SOPORTA 2K4K 1.80 m (406344), Brobotix Con el cable HDMI a VGA BRobotix® podrás conectar la salida HDMI de tu laptop o computadora de escritorio a un monitor o proyector VGA. Cable de conversión de fuente HDMI a receptor VGA. No necesita fuente de alimentación externa. Soporta resolución superior a los 1080 dpis. Plug and play. Ligero y portátil. Especificaciones: Entrada HDMI macho, salida VGA macho. Material: PVC, cobre, latón niquelad.  Presentación en bolsa. Color: Negro","CABLE HDMI A VGA V2.0 SOPORTA 2K4K 1.80 m (406344), Brobotix Con el cable HDMI a VGA BRobotix® podrás conectar la salida HDMI de tu laptop o computadora de escritorio a un monitor o proyector VGA. Cable de conversión de fuente HDMI a receptor VGA. No necesita fuente de alimentación externa. Soporta resolución superior a los 1080 dpis. Plug and play. Ligero y portátil. Especificaciones: Entrada HDMI macho, salida VGA macho. Material: PVC, cobre, latón niquelad.  Presentación en bolsa. Color: Negro. Clave Oficial CT: CABRBT3780. Marca: CT.",ACCESORIOS,monitores,CT,6.97,135.85,217.36,217.36,183.4,183.4,169.81,163.02,assets/img/catalog/monitores/CABRBT3780.jpg,assets/img/catalog/monitores/CABRBT3780.jpg,https://static.ctonline.mx/imagenes/CABRBT3780/CABRBT3780_400.jpg
CABRBT3100,"CABLE DISPLAY PORT V1.2 A HDMI, 2.0 M (651732), Brobotix Conecta la salida de la portátil con salida DisplayPort a un monitor o pantalla con entrada HDMI para disfrutar de una calidad de imagen excepcional, con resoluciones de hasta 4K. Además también soporta audio con formatos DTS Digital, Dolby Digital (Incluyendo DTS-HD y Dolby True HD).-  Le permite conectar su DisplayPort a una Ultrabook, un ordenador portátil o de sobremesa a una pantalla o proyector o cualquier dispositivo HDMI sin necesidad de adaptadores adicionales o cables necesarios. El adaptador pasivo soporta resoluciones de hasta 4K Ultra HD. DisplayPort Versión 1.2, HDMI Versión 1.4, Audio 7.1 Sonido Surround. Resolución: 4K x 2K, 1920x1200, 1920x1080, 1280x720. Audio comprimido: DTS Digital, Dolby Digital (Incluyendo DTS-HD, Dolby True HD) Color: Negro","CABLE DISPLAY PORT V1.2 A HDMI, 2.0 M (651732), Brobotix Conecta la salida de la portátil con salida DisplayPort a un monitor o pantalla con entrada HDMI para disfrutar de una calidad de imagen excepcional, con resoluciones de hasta 4K. Además también soporta audio con formatos DTS Digital, Dolby Digital (Incluyendo DTS-HD y Dolby True HD).-  Le permite conectar su DisplayPort a una Ultrabook, un ordenador portátil o de sobremesa a una pantalla o proyector o cualquier dispositivo HDMI sin necesidad de adaptadores adicionales o cables necesarios. El adaptador pasivo soporta resoluciones de hasta 4K Ultra HD. DisplayPort Versión 1.2, HDMI Versión 1.4, Audio 7.1 Sonido Surround. Resolución: 4K x 2K, 1920x1200, 1920x1080, 1280x720. Audio comprimido: DTS Digital, Dolby Digital (Incluyendo DTS-HD, Dolby True HD) Color: Negro. Clave Oficial CT: CABRBT3100. Marca: CT.",ACCESORIOS,monitores,CT,11.62,226.52,362.42,362.42,305.8,305.8,283.14,271.82,assets/img/catalog/monitores/CABRBT3100.jpg,assets/img/catalog/monitores/CABRBT3100.jpg,https://static.ctonline.mx/imagenes/CABRBT3100/CABRBT3100_400.jpg
CABRBT1320,"Cable monitor SVGA HD15 Macho-Hembra con Ferrita 30 Mts. (309610), B-Robotix Extienden con facilidad las conexiones entre un monitor y la computadora o portátil. Ideales para su uso con vídeo splitters, switches KVM y cualquier monitor equipado con conector HD15, computadora o dispositivo. Incluye ferrita que evita basura e interferencias en la señal, filtrandola de forma perfecta. Están diseñados y construidos con materiales de calidad para entregar transmisiones en vídeo confiables. Color: Negro","Cable monitor SVGA HD15 Macho-Hembra con Ferrita 30 Mts. (309610), B-Robotix Extienden con facilidad las conexiones entre un monitor y la computadora o portátil. Ideales para su uso con vídeo splitters, switches KVM y cualquier monitor equipado con conector HD15, computadora o dispositivo. Incluye ferrita que evita basura e interferencias en la señal, filtrandola de forma perfecta. Están diseñados y construidos con materiales de calidad para entregar transmisiones en vídeo confiables. Color: Negro. Clave Oficial CT: CABRBT1320. Marca: CT.",ACCESORIOS,monitores,CT,49.87,972.4,1555.84,1555.84,1312.74,1312.74,1215.5,1166.88,assets/img/catalog/monitores/CABRBT1320.jpg,assets/img/catalog/monitores/CABRBT1320.jpg,https://static.ctonline.mx/imagenes/CABRBT1320/CABRBT1320_400.jpg
CABRBT1330,"Cable monitor SVGA HD15 Macho-Macho con Ferrita 30 Mts. (531031), B-Robotix Extienden con facilidad las conexiones entre un monitor y la computadora o portátil. Ideales para su uso con vídeo splitters, switches KVM y cualquier monitor equipado con conector HD15, computadora o dispositivo. Incluye ferrita que evita basura e interferencias en la señal, filtrandola de forma perfecta. Están diseñados y construidos con materiales de calidad para entregar transmisiones en vídeo confiables. Color: Negro","Cable monitor SVGA HD15 Macho-Macho con Ferrita 30 Mts. (531031), B-Robotix Extienden con facilidad las conexiones entre un monitor y la computadora o portátil. Ideales para su uso con vídeo splitters, switches KVM y cualquier monitor equipado con conector HD15, computadora o dispositivo. Incluye ferrita que evita basura e interferencias en la señal, filtrandola de forma perfecta. Están diseñados y construidos con materiales de calidad para entregar transmisiones en vídeo confiables. Color: Negro. Clave Oficial CT: CABRBT1330. Marca: CT.",ACCESORIOS,monitores,CT,49.87,972.4,1555.84,1555.84,1312.74,1312.74,1215.5,1166.88,assets/img/catalog/monitores/CABRBT1330.jpg,assets/img/catalog/monitores/CABRBT1330.jpg,https://static.ctonline.mx/imagenes/CABRBT1330/CABRBT1330_400.jpg
CABRBT2650,"CABLE DISPLAYPORT A HDMI VERSION 1.2 DE 1.8 MTS (014196), Brobotix Conecta la salida de la portátil con salida DisplayPort a un monitor o pantalla con entrada HDMI para disfrutar de una calidad de imagen excepcional, con resoluciones de hasta 4K. Además también soporta audio con formatos DTS Digital, Dolby Digital (Incluyendo DTS-HD y Dolby True HD). Le permite conectar su DisplayPort a una Ultrabook, un ordenador portátil o de sobremesa a una pantalla o proyector o cualquier dispositivo HDMI sin necesidad de adaptadores adicionales o cables necesarios. El adaptador pasivo soporta resoluciones de hasta 4K Ultra HD. Este cable asegura que puede mantener una calidad de imagen asombrosa, cuatro veces la resolución de 1080p, al convertir DisplayPort a HDMI. El adaptador también es compatible con pantallas de baja resolución y fuentes de vídeo. Con soporte para resoluciones de alta definición de 1080p y 720p. CONFIGURACIÓN. Para la instalación más sencilla y discreta, conecta directamente de la fuente de vídeo DisplayPort al puerto HDMI de su pantalla. No se necesita una fuente de energía, a diferencia de algunos dispositivos de seguridad que requieren convertidores de potencia activa y el cableado de video por separado. Versión:  DisplayPort v1.2, HDMI v1.4.  Audio:  7.1 Sonido Surround. Resolución: 4K X 2K, 1920X1200, 1920X1080, 1280X720. Audio comprimido: DTS Digital, Dolby Digital (Incluyendo DTS-HD, Dolby True HD). Diseño: Longitud: 1.8 mts. Presentación: En bolsa Color: Negro","CABLE DISPLAYPORT A HDMI VERSION 1.2 DE 1.8 MTS (014196), Brobotix Conecta la salida de la portátil con salida DisplayPort a un monitor o pantalla con entrada HDMI para disfrutar de una calidad de imagen excepcional, con resoluciones de hasta 4K. Además también soporta audio con formatos DTS Digital, Dolby Digital (Incluyendo DTS-HD y Dolby True HD). Le permite conectar su DisplayPort a una Ultrabook, un ordenador portátil o de sobremesa a una pantalla o proyector o cualquier dispositivo HDMI sin necesidad de adaptadores adicionales o cables necesarios. El adaptador pasivo soporta resoluciones de hasta 4K Ultra HD. Este cable asegura que puede mantener una calidad de imagen asombrosa, cuatro veces la resolución de 1080p, al convertir DisplayPort a HDMI. El adaptador también es compatible con pantallas de baja resolución y fuentes de vídeo. Con soporte para resoluciones de alta definición de 1080p y 720p. CONFIGURACIÓN. Para la instalación más sencilla y discreta, conecta directamente de la fuente de vídeo DisplayPort al puerto HDMI de su pantalla. No se necesita una fuente de energía, a diferencia de algunos dispositivos de seguridad que requieren convertidores de potencia activa y el cableado de video por separado. Versión:  DisplayPort v1.2, HDMI v1.4.  Audio:  7.1 Sonido Surround. Resolución: 4K X 2K, 1920X1200, 1920X1080, 1280X720. Audio comprimido: DTS Digital, Dolby Digital (Incluyendo DTS-HD, Dolby True HD). Diseño: Longitud: 1.8 mts. Presentación: En bolsa Color: Negro. Clave Oficial CT: CABRBT2650. Marca: CT.",ACCESORIOS,monitores,CT,8.61,167.92,268.67,268.67,226.69,226.69,209.9,201.5,assets/img/catalog/monitores/CABRBT2650.jpg,assets/img/catalog/monitores/CABRBT2650.jpg,https://static.ctonline.mx/imagenes/CABRBT2650/CABRBT2650_400.jpg
CABRBT1710,"Cable Monitor SVGA (311818) Brobotix, HD15 MACHO a MACHO, Tamaño: 1.8 metros de largo. Para conectar la salida VGA de una PC o portatil a una pantalla, proyector o monitor SVGA.","Cable Monitor SVGA (311818) Brobotix, HD15 MACHO a MACHO, Tamaño: 1.8 metros de largo. Para conectar la salida VGA de una PC o portatil a una pantalla, proyector o monitor SVGA.. Clave Oficial CT: CABRBT1710. Marca: CT.",ACCESORIOS,monitores,CT,3.18,61.97,99.15,99.15,83.66,83.66,77.46,74.36,assets/img/catalog/monitores/CABRBT1710.jpg,assets/img/catalog/monitores/CABRBT1710.jpg,https://static.ctonline.mx/imagenes/CABRBT1710/CABRBT1710_400.jpg
CABSTY070,"Cable HDMI 10m Stylos. STACHD12905018. Conecta tu pc a un monitor o proyector, usalo como quieras y según tu necesidad, disfruta de una mejor visualización gracias a su blindado de chapa de oro. Medida 10 metros, Color Negro, Garantia 1 año.","Cable HDMI 10m Stylos. STACHD12905018. Conecta tu pc a un monitor o proyector, usalo como quieras y según tu necesidad, disfruta de una mejor visualización gracias a su blindado de chapa de oro. Medida 10 metros, Color Negro, Garantia 1 año.. Clave Oficial CT: CABSTY070. Marca: CT.",ACCESORIOS,monitores,CT,107.63,2098.85,3358.16,3358.16,2833.45,2833.45,2623.56,2518.62,assets/img/catalog/monitores/CABSTY070.jpg,assets/img/catalog/monitores/CABSTY070.jpg,https://static.ctonline.mx/imagenes/CABSTY070/CABSTY070_400.jpg
CABSTY110,"Cable HDMI Stylos STACHD4B 8K 2m Negro, compatibilidad con consolas de nueva generación (PS5, XBOX Series X), Smart TVs 8K / 4K de última generación, Tarjetas gráficas avanzadas, Proyectores y monitores de alta gama, ancho de banda 48 Gbps (6 GB/s), HDMI 2.1 (nativo), Retrocompatible con HDMI 2.0b / 2.0a / 1.4 / 1.3 / 1.2 / 1.1, Transmisión estable sin pérdidas de imagen, sin interrupciones ni cuadros congelados Game Mode: Compatible con tasa de refresco variable (VRR) Optimiza el rendimiento de CPU y GPU para videojuegos Visualización ultra fluida y detallada en contenido de alto rendimiento.","Cable HDMI Stylos STACHD4B 8K 2m Negro, compatibilidad con consolas de nueva generación (PS5, XBOX Series X), Smart TVs 8K / 4K de última generación, Tarjetas gráficas avanzadas, Proyectores y monitores de alta gama, ancho de banda 48 Gbps (6 GB/s), HDMI 2.1 (nativo), Retrocompatible con HDMI 2.0b / 2.0a / 1.4 / 1.3 / 1.2 / 1.1, Transmisión estable sin pérdidas de imagen, sin interrupciones ni cuadros congelados Game Mode: Compatible con tasa de refresco variable (VRR) Optimiza el rendimiento de CPU y GPU para videojuegos Visualización ultra fluida y detallada en contenido de alto rendimiento.. Clave Oficial CT: CABSTY110. Marca: CT.",ACCESORIOS,monitores,CT,67.28,1311.92,2099.07,2099.07,1771.09,1771.09,1639.9,1574.3,assets/img/catalog/monitores/CABSTY110.jpg,assets/img/catalog/monitores/CABSTY110.jpg,https://static.ctonline.mx/imagenes/CABSTY110/CABSTY110_400.jpg
CABSTA1580,"Cable HDMI 1m alta velocidad con Ethernet de 4k HDMM1M - video UHD de 4k a 30Hz cable HDMI - para monitores, proyectores TV HDMI Ultra HD.","Cable HDMI 1m alta velocidad con Ethernet de 4k HDMM1M - video UHD de 4k a 30Hz cable HDMI - para monitores, proyectores TV HDMI Ultra HD.. Clave Oficial CT: CABSTA1580. Marca: CT.",ACCESORIOS,monitores,CT,100.0,1950.0,3120.0,3120.0,2632.5,2632.5,2437.5,2340.0,assets/img/catalog/monitores/CABSTA1580.jpg,assets/img/catalog/monitores/CABSTA1580.jpg,https://static.ctonline.mx/imagenes/CABSTA1580/CABSTA1580_400.jpg
CABSTA080,"Cable DisplayPort DISPLPORT6L ofrece una conexión segura y es capaz de proporcionar un rendimiento superior que HDMI o DVI de enlace dual. El cable DisplayPort es compatible con alta resolución de hasta 4K x 2K (4096 x 2160, 60Hz), con un ancho de banda HBR2 máximo de 21.6Gbps, además de ser compatible con audio opcional. El cable también es compatible con MST (""Multi-Stream Transport"", transmisión multipantalla) para la conexión en cadena de varios monitores. El cable de 1.8m tiene certificación DisplayPort (VESA), lo cual significa que es compatible con las especificaciones 1.2 sobre DisplayPort y garantiza una conexión confiable y de alta calidad en todos sus dispositivos DisplayPort. Garantía de por vida de StarTech.com.","Cable DisplayPort DISPLPORT6L ofrece una conexión segura y es capaz de proporcionar un rendimiento superior que HDMI o DVI de enlace dual. El cable DisplayPort es compatible con alta resolución de hasta 4K x 2K (4096 x 2160, 60Hz), con un ancho de banda HBR2 máximo de 21.6Gbps, además de ser compatible con audio opcional. El cable también es compatible con MST (""Multi-Stream Transport"", transmisión multipantalla) para la conexión en cadena de varios monitores. El cable de 1.8m tiene certificación DisplayPort (VESA), lo cual significa que es compatible con las especificaciones 1.2 sobre DisplayPort y garantiza una conexión confiable y de alta calidad en todos sus dispositivos DisplayPort. Garantía de por vida de StarTech.com.. Clave Oficial CT: CABSTA080. Marca: CT.",ACCESORIOS,monitores,CT,231.18,4508.06,7212.9,7212.9,6085.89,6085.89,5635.08,5409.68,assets/img/catalog/monitores/CABSTA080.jpg,assets/img/catalog/monitores/CABSTA080.jpg,https://static.ctonline.mx/imagenes/CABSTA080/CABSTA080_400.jpg
BATTRL580,"Batería SMARTPRO, Tripp Lite, Modelo SMART1500RMXL2U, Proporciona respaldo completo por batería y salida de energía de onda sinusoidal pura para servidores, switches y otros equipos de TI distribuidos de alta gama. Protege los equipos contra apagones, caídas de tensión, sobretensiones transientes y ruido en la línea. Mantiene el equipo funcionando durante apagones a fin de permitir tiempo para el guardado de archivos y apagado seguro. El factor de potencia unitario garantiza la máxima potencia posible con cada potencia nominal. certificación ENERGY STAR 2.0 para ahorrar electricidad, reducir costos y proteger el medioambiente. La pantalla LCD de 2 líneas del panel frontal con 10 pantallas seleccionables proporciona información detallada sobre el UPS y la alimentación del sitio. Para el monitoreo y control remotos, se requiere el WEBCARDLXE (vendido por separado). No compatible con WEBCARDLX.","Batería SMARTPRO, Tripp Lite, Modelo SMART1500RMXL2U, Proporciona respaldo completo por batería y salida de energía de onda sinusoidal pura para servidores, switches y otros equipos de TI distribuidos de alta gama. Protege los equipos contra apagones, caídas de tensión, sobretensiones transientes y ruido en la línea. Mantiene el equipo funcionando durante apagones a fin de permitir tiempo para el guardado de archivos y apagado seguro. El factor de potencia unitario garantiza la máxima potencia posible con cada potencia nominal. certificación ENERGY STAR 2.0 para ahorrar electricidad, reducir costos y proteger el medioambiente. La pantalla LCD de 2 líneas del panel frontal con 10 pantallas seleccionables proporciona información detallada sobre el UPS y la alimentación del sitio. Para el monitoreo y control remotos, se requiere el WEBCARDLXE (vendido por separado). No compatible con WEBCARDLX.. Clave Oficial CT: BATTRL580. Marca: CT.",ENERGIA,monitores,CT,14958.45,291689.75,466703.6,466703.6,393781.16,393781.16,364612.19,350027.7,assets/img/catalog/monitores/BATTRL580.jpg,assets/img/catalog/monitores/BATTRL580.jpg,https://static.ctonline.mx/imagenes/BATTRL580/BATTRL580_400.jpg
NBKTRL3020,"UPS Standby, Tripp Lite,  Modelo BC350RNC, El UPS conectado a la nube en modo de espera ofrece monitoreo remoto, alertas automatizadas y análisis de datos que pueden predecir y prevenir problemas antes de que ocurran. El panel de control basado en la nube permite el monitoreo remoto 24/7 a través del navegador o de una aplicación móvil. Conectado a la nube UPS se configura en cuestión de minutos para empezar a proteger sus dispositivos. Cree una cuenta con autenticación de dos factores para una capa adicional de seguridad. La tecnología NFC permite configurar fácilmente los ajustes de red desde su dispositivo móvil. Le permite controlar los tomacorrientes o apagar los dispositivos mediante su PC, tableta o smartphone.","UPS Standby, Tripp Lite,  Modelo BC350RNC, El UPS conectado a la nube en modo de espera ofrece monitoreo remoto, alertas automatizadas y análisis de datos que pueden predecir y prevenir problemas antes de que ocurran. El panel de control basado en la nube permite el monitoreo remoto 24/7 a través del navegador o de una aplicación móvil. Conectado a la nube UPS se configura en cuestión de minutos para empezar a proteger sus dispositivos. Cree una cuenta con autenticación de dos factores para una capa adicional de seguridad. La tecnología NFC permite configurar fácilmente los ajustes de red desde su dispositivo móvil. Le permite controlar los tomacorrientes o apagar los dispositivos mediante su PC, tableta o smartphone.. Clave Oficial CT: NBKTRL3020. Marca: CT.",ENERGIA,monitores,CT,2820.63,55002.24,88003.59,88003.59,74253.03,74253.03,68752.8,66002.69,assets/img/catalog/monitores/NBKTRL3020.jpg,assets/img/catalog/monitores/NBKTRL3020.jpg,https://static.ctonline.mx/imagenes/NBKTRL3020/NBKTRL3020_400.jpg
NBKTRL3030,"UPS Standby, Tripp Lite,  Modelo BC600RNC,  El UPS conectado a la nube en modo de espera ofrece monitoreo remoto, alertas automatizadas y análisis de datos que pueden predecir y prevenir problemas antes de que ocurran. El panel de control basado en la nube permite el monitoreo remoto 24/7 a través del navegador o de una aplicación móvil. Conectado a la nube UPS se configura en cuestión de minutos para empezar a proteger sus dispositivos. Cree una cuenta con autenticación de dos factores para una capa adicional de seguridad. La tecnología NFC permite configurar fácilmente los ajustes de red desde su dispositivo móvil. Le permite controlar los tomacorrientes o apagar los dispositivos mediante su PC, tableta o smartphone.","UPS Standby, Tripp Lite,  Modelo BC600RNC,  El UPS conectado a la nube en modo de espera ofrece monitoreo remoto, alertas automatizadas y análisis de datos que pueden predecir y prevenir problemas antes de que ocurran. El panel de control basado en la nube permite el monitoreo remoto 24/7 a través del navegador o de una aplicación móvil. Conectado a la nube UPS se configura en cuestión de minutos para empezar a proteger sus dispositivos. Cree una cuenta con autenticación de dos factores para una capa adicional de seguridad. La tecnología NFC permite configurar fácilmente los ajustes de red desde su dispositivo móvil. Le permite controlar los tomacorrientes o apagar los dispositivos mediante su PC, tableta o smartphone.. Clave Oficial CT: NBKTRL3030. Marca: CT.",ENERGIA,monitores,CT,2946.37,57454.24,91926.78,91926.78,77563.22,77563.22,71817.8,68945.08,assets/img/catalog/monitores/NBKTRL3030.jpg,assets/img/catalog/monitores/NBKTRL3030.jpg,https://static.ctonline.mx/imagenes/NBKTRL3030/NBKTRL3030_400.jpg
NBKTRL3040,"UPS Standby, Tripp Lite,  Modelo BC850RNC, El UPS conectado a la nube en modo de espera ofrece monitoreo remoto, alertas automatizadas y análisis de datos que pueden predecir y prevenir problemas antes de que ocurran. El panel de control basado en la nube permite el monitoreo remoto 24/7 a través del navegador o de una aplicación móvil. Conectado a la nube UPS se configura en cuestión de minutos para empezar a proteger sus dispositivos. Cree una cuenta con autenticación de dos factores para una capa adicional de seguridad. La tecnología NFC permite configurar fácilmente los ajustes de red desde su dispositivo móvil. Le permite controlar los tomacorrientes o apagar los dispositivos mediante su PC, tableta o smartphone","UPS Standby, Tripp Lite,  Modelo BC850RNC, El UPS conectado a la nube en modo de espera ofrece monitoreo remoto, alertas automatizadas y análisis de datos que pueden predecir y prevenir problemas antes de que ocurran. El panel de control basado en la nube permite el monitoreo remoto 24/7 a través del navegador o de una aplicación móvil. Conectado a la nube UPS se configura en cuestión de minutos para empezar a proteger sus dispositivos. Cree una cuenta con autenticación de dos factores para una capa adicional de seguridad. La tecnología NFC permite configurar fácilmente los ajustes de red desde su dispositivo móvil. Le permite controlar los tomacorrientes o apagar los dispositivos mediante su PC, tableta o smartphone. Clave Oficial CT: NBKTRL3040. Marca: CT.",ENERGIA,monitores,CT,3433.68,66956.7,107130.72,107130.72,90391.55,90391.55,83695.88,80348.04,assets/img/catalog/monitores/NBKTRL3040.jpg,assets/img/catalog/monitores/NBKTRL3040.jpg,https://static.ctonline.mx/imagenes/NBKTRL3040/NBKTRL3040_400.jpg
NBKTRL3050,"UPS Línea Interactiva, Tripp Lite,  Modelo AVR750UNC, El UPS interactivo conectado a la nube protege sus equipos mediante funciones avanzadas, como el monitoreo remoto, las alertas automatizadas y el análisis predictivo de datos. El panel de control basado en la nube permite monitoreo remoto 24/7 a través de un navegador o una aplicación móvil.  El UPS conectado a la nube se configura en minutos para empezar a proteger sus dispositivos. Cree una cuenta con autenticación de dos factores para disponer de una capa adicional de seguridad. La tecnología NFC permite configurar fácilmente los ajustes de red desde su dispositivo móvil. Le permite controlar los enchufes o apagar los dispositivos utilizando su PC, tableta o smartphone.","UPS Línea Interactiva, Tripp Lite,  Modelo AVR750UNC, El UPS interactivo conectado a la nube protege sus equipos mediante funciones avanzadas, como el monitoreo remoto, las alertas automatizadas y el análisis predictivo de datos. El panel de control basado en la nube permite monitoreo remoto 24/7 a través de un navegador o una aplicación móvil.  El UPS conectado a la nube se configura en minutos para empezar a proteger sus dispositivos. Cree una cuenta con autenticación de dos factores para disponer de una capa adicional de seguridad. La tecnología NFC permite configurar fácilmente los ajustes de red desde su dispositivo móvil. Le permite controlar los enchufes o apagar los dispositivos utilizando su PC, tableta o smartphone.. Clave Oficial CT: NBKTRL3050. Marca: CT.",ENERGIA,monitores,CT,3747.35,73073.38,116917.4,116917.4,98649.06,98649.06,91341.72,87688.05,assets/img/catalog/monitores/NBKTRL3050.jpg,assets/img/catalog/monitores/NBKTRL3050.jpg,https://static.ctonline.mx/imagenes/NBKTRL3050/NBKTRL3050_400.jpg
NBKTRL3010,"UPS Interactivo de 750VA, Tripp Lite,  Modelo SMART750LCDTNC, El UPS interactivo, con un elegante diseño de torre, ofrece protección confiable para sus dispositivos contra caídas de tensión, sobretensiones e interrupciones de energía. Su interfaz LCD fácil de usar, junto con capacidades avanzadas de monitoreo en la nube, garantiza un monitoreo conveniente de su fuente de alimentación, tanto en el sitio como de forma remota. El panel de control basado en la nube permite el monitoreo remoto 24/7 a través del navegador o la aplicación móvil. El UPS conectado a la nube se configura en cuestión de minutos para comenzar a proteger sus dispositivos. Cree una cuenta con autenticación de dos factores para contar con una capa adicional de seguridad. La tecnología NFC permite una fácil configuración de los ajustes de red desde su dispositivo móvil. Los bancos de carga controlable permiten apagar o reiniciar dispositivos mediante la aplicación móvil","UPS Interactivo de 750VA, Tripp Lite,  Modelo SMART750LCDTNC, El UPS interactivo, con un elegante diseño de torre, ofrece protección confiable para sus dispositivos contra caídas de tensión, sobretensiones e interrupciones de energía. Su interfaz LCD fácil de usar, junto con capacidades avanzadas de monitoreo en la nube, garantiza un monitoreo conveniente de su fuente de alimentación, tanto en el sitio como de forma remota. El panel de control basado en la nube permite el monitoreo remoto 24/7 a través del navegador o la aplicación móvil. El UPS conectado a la nube se configura en cuestión de minutos para comenzar a proteger sus dispositivos. Cree una cuenta con autenticación de dos factores para contar con una capa adicional de seguridad. La tecnología NFC permite una fácil configuración de los ajustes de red desde su dispositivo móvil. Los bancos de carga controlable permiten apagar o reiniciar dispositivos mediante la aplicación móvil. Clave Oficial CT: NBKTRL3010. Marca: CT.",ENERGIA,monitores,CT,4971.75,96949.09,155118.55,155118.55,130881.28,130881.28,121186.37,116338.91,assets/img/catalog/monitores/NBKTRL3010.jpg,assets/img/catalog/monitores/NBKTRL3010.jpg,https://static.ctonline.mx/imagenes/NBKTRL3010/NBKTRL3010_400.jpg
NBKTRL3060,"UPS Interactivo, Tripp Lite,  Modelo SMART1000LCDTNC, El UPS interactivo, con un elegante diseño de torre, ofrece protección confiable para sus dispositivos contra caídas de tensión, sobretensiones e interrupciones de energía. Su interfaz LCD fácil de usar, junto con capacidades avanzadas de monitoreo en la nube, garantiza un monitoreo conveniente de su fuente de alimentación, tanto en el sitio como de forma remota.  El panel de control basado en la nube permite el monitoreo remoto 24/7 a través del navegador o la aplicación móvil. El UPS conectado a la nube se configura en cuestión de minutos para comenzar a proteger sus dispositivos. Cree una cuenta con autenticación de dos factores para contar con una capa adicional de seguridad. La tecnología NFC permite una fácil configuración de los ajustes de red desde su dispositivo móvil. Los bancos de carga controlable permiten apagar o reiniciar dispositivos mediante la aplicación móvil.","UPS Interactivo, Tripp Lite,  Modelo SMART1000LCDTNC, El UPS interactivo, con un elegante diseño de torre, ofrece protección confiable para sus dispositivos contra caídas de tensión, sobretensiones e interrupciones de energía. Su interfaz LCD fácil de usar, junto con capacidades avanzadas de monitoreo en la nube, garantiza un monitoreo conveniente de su fuente de alimentación, tanto en el sitio como de forma remota.  El panel de control basado en la nube permite el monitoreo remoto 24/7 a través del navegador o la aplicación móvil. El UPS conectado a la nube se configura en cuestión de minutos para comenzar a proteger sus dispositivos. Cree una cuenta con autenticación de dos factores para contar con una capa adicional de seguridad. La tecnología NFC permite una fácil configuración de los ajustes de red desde su dispositivo móvil. Los bancos de carga controlable permiten apagar o reiniciar dispositivos mediante la aplicación móvil.. Clave Oficial CT: NBKTRL3060. Marca: CT.",ENERGIA,monitores,CT,5918.03,115401.54,184642.47,184642.47,155792.08,155792.08,144251.93,138481.85,assets/img/catalog/monitores/NBKTRL3060.jpg,assets/img/catalog/monitores/NBKTRL3060.jpg,https://static.ctonline.mx/imagenes/NBKTRL3060/NBKTRL3060_400.jpg
NBKDTS540,"NBK DATASHIELD KS-625 PRO LCD. NO-BREAK KS-625 PRO LCD 625VA/375W Línea interactiva con regulador de voltaje integrado. 6 Contactos NEMA 5-15 R (4 con respaldo y supresor de picos y ruido, 2 con supresor de picos y ruido) Tiempo de Respaldo de 45 Minutos (80 W ). Voltaje Monofásico 120 VCA ± 25% / 120 ± 5%. Software de monitoreo.","NBK DATASHIELD KS-625 PRO LCD. NO-BREAK KS-625 PRO LCD 625VA/375W Línea interactiva con regulador de voltaje integrado. 6 Contactos NEMA 5-15 R (4 con respaldo y supresor de picos y ruido, 2 con supresor de picos y ruido) Tiempo de Respaldo de 45 Minutos (80 W ). Voltaje Monofásico 120 VCA ± 25% / 120 ± 5%. Software de monitoreo.. Clave Oficial CT: NBKDTS540. Marca: CT.",ENERGIA,monitores,CT,1330.0,25935.0,41496.0,41496.0,35012.25,35012.25,32418.75,31122.0,assets/img/catalog/monitores/NBKDTS540.jpg,assets/img/catalog/monitores/NBKDTS540.jpg,https://static.ctonline.mx/imagenes/NBKDTS540/NBKDTS540_400.jpg
NBKDTS490,"NO-BREAK KS800 LCD 800VA/480W Línea interactiva con regulador de voltaje integrado. 6 Contactos NEMA 5-15 R (4 con respaldo y supresor de picos y ruido, 2 con supresor de picos y ruido) Tiempo de Respaldo de 60 Minutos (80 W ). Voltaje Monofásico 120 VCA ± 25% / 120 ± 5%. Software de monitoreo.","NO-BREAK KS800 LCD 800VA/480W Línea interactiva con regulador de voltaje integrado. 6 Contactos NEMA 5-15 R (4 con respaldo y supresor de picos y ruido, 2 con supresor de picos y ruido) Tiempo de Respaldo de 60 Minutos (80 W ). Voltaje Monofásico 120 VCA ± 25% / 120 ± 5%. Software de monitoreo.. Clave Oficial CT: NBKDTS490. Marca: CT.",ENERGIA,monitores,CT,1483.33,28925.0,46280.0,46280.0,39048.75,39048.75,36156.25,34710.0,assets/img/catalog/monitores/NBKDTS490.jpg,assets/img/catalog/monitores/NBKDTS490.jpg,https://static.ctonline.mx/imagenes/NBKDTS490/NBKDTS490_400.jpg
NBKDTS520,"NO-BREAK KS-1000 LCD 1000VA/600W Pantalla touch LCD, línea Interactiva con regulador de voltaje integrado. 8 Contactos NEMA 5-15 R (6 con respaldo y supresor de picos y ruido, 2 con supresor de picos y ruido) Tiempo de Respaldo de 80 Minutos (80 W). Voltaje Monofásico 120 VCA ± 25% / 120 ± 5%. Software de Monitoreo.","NO-BREAK KS-1000 LCD 1000VA/600W Pantalla touch LCD, línea Interactiva con regulador de voltaje integrado. 8 Contactos NEMA 5-15 R (6 con respaldo y supresor de picos y ruido, 2 con supresor de picos y ruido) Tiempo de Respaldo de 80 Minutos (80 W). Voltaje Monofásico 120 VCA ± 25% / 120 ± 5%. Software de Monitoreo.. Clave Oficial CT: NBKDTS520. Marca: CT.",ENERGIA,monitores,CT,1998.89,38978.33,62365.33,62365.33,52620.75,52620.75,48722.92,46774.0,assets/img/catalog/monitores/NBKDTS520.jpg,assets/img/catalog/monitores/NBKDTS520.jpg,https://static.ctonline.mx/imagenes/NBKDTS520/NBKDTS520_400.jpg
NBKDTS560,"NO-BREAK KS-1500 PRO Gamer. 1500VA/900W Línea Interactiva con regulador de voltaje integrado. 8 contactos NEMA 5-15 R (6 con respaldo y supresor de picos y ruido, 2 con supresor de picos y ruido) Tiempo de Respaldo de 100 Minutos (80 W). Voltaje Monofásico 120 VCA ± 25% / 120 ± 5%. Software de Monitoreo.","NO-BREAK KS-1500 PRO Gamer. 1500VA/900W Línea Interactiva con regulador de voltaje integrado. 8 contactos NEMA 5-15 R (6 con respaldo y supresor de picos y ruido, 2 con supresor de picos y ruido) Tiempo de Respaldo de 100 Minutos (80 W). Voltaje Monofásico 120 VCA ± 25% / 120 ± 5%. Software de Monitoreo.. Clave Oficial CT: NBKDTS560. Marca: CT.",ENERGIA,monitores,CT,3090.0,60255.0,96408.0,96408.0,81344.25,81344.25,75318.75,72306.0,assets/img/catalog/monitores/NBKDTS560.jpg,assets/img/catalog/monitores/NBKDTS560.jpg,https://static.ctonline.mx/imagenes/NBKDTS560/NBKDTS560_400.jpg
NBKDTS500,"NO-BREAK KS-1500 LCD 1500VA/900W Línea Interactiva con regulador de voltaje integrado. 8 Contactos NEMA 5-15 R (6 con respaldo y supresor de picos y ruido, 2 con supresor de picos y ruido) Tiempo de Respaldo de 100 Minutos (80 W). Voltaje Monofásico 120 VCA ± 25% / 120 ± 5%. Software de Monitoreo.","NO-BREAK KS-1500 LCD 1500VA/900W Línea Interactiva con regulador de voltaje integrado. 8 Contactos NEMA 5-15 R (6 con respaldo y supresor de picos y ruido, 2 con supresor de picos y ruido) Tiempo de Respaldo de 100 Minutos (80 W). Voltaje Monofásico 120 VCA ± 25% / 120 ± 5%. Software de Monitoreo.. Clave Oficial CT: NBKDTS500. Marca: CT.",ENERGIA,monitores,CT,3433.33,66950.0,107120.0,107120.0,90382.5,90382.5,83687.5,80340.0,assets/img/catalog/monitores/NBKDTS500.jpg,assets/img/catalog/monitores/NBKDTS500.jpg,https://static.ctonline.mx/imagenes/NBKDTS500/NBKDTS500_400.jpg
NBKDTS510,"NO-BREAK KS3000 LCD 3000VA/1800W Línea Interactiva con regulador de voltaje integrado. 6 Contactos NEMA 5-15R (con respaldo y supresor de picos y ruido), 2 Contactos NEMA 5-20R (regulado con supresor de picos y ruido) Clavija tipo NEMA L5–30 P. Tiempo de Respaldo de 300 Minutos (80W de carga). Voltaje Monofásico 120 VCA ± 25% / 120 ± 5%. Software de Monitoreo","NO-BREAK KS3000 LCD 3000VA/1800W Línea Interactiva con regulador de voltaje integrado. 6 Contactos NEMA 5-15R (con respaldo y supresor de picos y ruido), 2 Contactos NEMA 5-20R (regulado con supresor de picos y ruido) Clavija tipo NEMA L5–30 P. Tiempo de Respaldo de 300 Minutos (80W de carga). Voltaje Monofásico 120 VCA ± 25% / 120 ± 5%. Software de Monitoreo. Clave Oficial CT: NBKDTS510. Marca: CT.",ENERGIA,monitores,CT,9433.33,183950.0,294320.0,294320.0,248332.5,248332.5,229937.5,220740.0,assets/img/catalog/monitores/NBKDTS510.jpg,assets/img/catalog/monitores/NBKDTS510.jpg,https://static.ctonline.mx/imagenes/NBKDTS510/NBKDTS510_400.jpg
NBKDTS580,"UPS UT-2000 2000VA/1800W, Pantalla LCD Touch 8 Contactos (4 programables, 4 no programables). Tiempo Transferencia Cero. Onda Senoidal Pura en línea y batería. Tiempo de Respaldo de 3 minutos plena carga, 12 minutos a media carga. Conexión NEMA 5-20P (cable 1,8m) Voltaje Nominal Monofásico 120 VCA ± 25% / 120 ± 2%. Doble Conversión. Con Montaje en Rack o Torre. Protección contra sobrecargas, cortos, picos y ruido electrónico. Software de monitoreo.","UPS UT-2000 2000VA/1800W, Pantalla LCD Touch 8 Contactos (4 programables, 4 no programables). Tiempo Transferencia Cero. Onda Senoidal Pura en línea y batería. Tiempo de Respaldo de 3 minutos plena carga, 12 minutos a media carga. Conexión NEMA 5-20P (cable 1,8m) Voltaje Nominal Monofásico 120 VCA ± 25% / 120 ± 2%. Doble Conversión. Con Montaje en Rack o Torre. Protección contra sobrecargas, cortos, picos y ruido electrónico. Software de monitoreo.. Clave Oficial CT: NBKDTS580. Marca: CT.",ENERGIA,monitores,CT,12892.47,251403.23,402245.16,402245.16,339394.35,339394.35,314254.03,301683.87,assets/img/catalog/monitores/NBKDTS580.jpg,assets/img/catalog/monitores/NBKDTS580.jpg,https://static.ctonline.mx/imagenes/NBKDTS580/NBKDTS580_400.jpg
NBKDTS290,"UPS UT3000 RM 3000VA/2700W, 6 Contactos NEMA 5-15R Respaldados. Clavija tipo NEMA L5-30P. Onda Senoidal Pura. Tiempo de Respaldo de 6 minutos plena carga. Tiempo Transferencia Cero. Voltaje Nominal Monofásico 120 VCA ± 25% / 120 ± 2%. Doble Conversión. Con Montaje en Rack o Torre. Protección contra sobrecargas, cortos, picos y ruido electrónico. Puerto de comunicación bidireccional, Software de monitoreo.","UPS UT3000 RM 3000VA/2700W, 6 Contactos NEMA 5-15R Respaldados. Clavija tipo NEMA L5-30P. Onda Senoidal Pura. Tiempo de Respaldo de 6 minutos plena carga. Tiempo Transferencia Cero. Voltaje Nominal Monofásico 120 VCA ± 25% / 120 ± 2%. Doble Conversión. Con Montaje en Rack o Torre. Protección contra sobrecargas, cortos, picos y ruido electrónico. Puerto de comunicación bidireccional, Software de monitoreo.. Clave Oficial CT: NBKDTS290. Marca: CT.",ENERGIA,monitores,CT,17409.68,339488.71,543181.94,543181.94,458309.76,458309.76,424360.89,407386.45,assets/img/catalog/monitores/NBKDTS290.jpg,assets/img/catalog/monitores/NBKDTS290.jpg,https://static.ctonline.mx/imagenes/NBKDTS290/NBKDTS290_400.jpg
NBKDTS130,"UPS UT6000 6000VA/4800W, (BLOQUE DE TERMINALES). Onda Senoidal Pura. Tiempo de Respaldo de 7 minutos plena carga. Tiempo Transferencia Cero. Voltaje Nominal Bifásico 100/110/115/120/127 V~ (Fase a Neutro). Doble Conversión. Tipo Torre. Protección contra sobrecargas, cortos, picos y ruido electrónico. Puerto de comunicación bidireccional, Software de monitoreo. Accesorios disponibles por separado","UPS UT6000 6000VA/4800W, (BLOQUE DE TERMINALES). Onda Senoidal Pura. Tiempo de Respaldo de 7 minutos plena carga. Tiempo Transferencia Cero. Voltaje Nominal Bifásico 100/110/115/120/127 V~ (Fase a Neutro). Doble Conversión. Tipo Torre. Protección contra sobrecargas, cortos, picos y ruido electrónico. Puerto de comunicación bidireccional, Software de monitoreo. Accesorios disponibles por separado. Clave Oficial CT: NBKDTS130. Marca: CT.",ENERGIA,monitores,CT,46354.84,903919.35,1446270.97,1446270.97,1220291.13,1220291.13,1129899.19,1084703.23,assets/img/catalog/monitores/NBKDTS130.jpg,assets/img/catalog/monitores/NBKDTS130.jpg,https://static.ctonline.mx/imagenes/NBKDTS130/NBKDTS130_400.jpg
NBKDTS180,"UPS UT10 000 10 000VA/8000W, (BLOQUE DE TERMINALES). Onda Senoidal Pura. Tiempo de Respaldo de 6 minutos plena carga. Tiempo Transferencia Cero. Voltaje Nominal Bifásico 220 V (170V-276V)/ 120V-240V. Doble Conversión. Tipo Torre. Protección contra sobrecargas, cortos, picos y ruido electrónico. Puerto de comunicación bidireccional, Software de monitoreo.","UPS UT10 000 10 000VA/8000W, (BLOQUE DE TERMINALES). Onda Senoidal Pura. Tiempo de Respaldo de 6 minutos plena carga. Tiempo Transferencia Cero. Voltaje Nominal Bifásico 220 V (170V-276V)/ 120V-240V. Doble Conversión. Tipo Torre. Protección contra sobrecargas, cortos, picos y ruido electrónico. Puerto de comunicación bidireccional, Software de monitoreo.. Clave Oficial CT: NBKDTS180. Marca: CT.",ENERGIA,monitores,CT,64301.08,1253870.97,2006193.55,2006193.55,1692725.81,1692725.81,1567338.71,1504645.16,assets/img/catalog/monitores/NBKDTS180.jpg,assets/img/catalog/monitores/NBKDTS180.jpg,https://static.ctonline.mx/imagenes/NBKDTS180/NBKDTS180_400.jpg
NBKDTS460,"UPS OL-10 KVA 33 10KVA/9KW 3 Fases 4 Hilos y Tierra Bloque de Terminales, Frecuencia de entrada 40/70 Hz Tiempo de respaldo a plena carga 10 min, media carga 25 min. Software de monitoreo.","UPS OL-10 KVA 33 10KVA/9KW 3 Fases 4 Hilos y Tierra Bloque de Terminales, Frecuencia de entrada 40/70 Hz Tiempo de respaldo a plena carga 10 min, media carga 25 min. Software de monitoreo.. Clave Oficial CT: NBKDTS460. Marca: CT.",ENERGIA,monitores,CT,63795.7,1244016.13,1990425.81,1990425.81,1679421.77,1679421.77,1555020.16,1492819.35,assets/img/catalog/monitores/NBKDTS460.jpg,assets/img/catalog/monitores/NBKDTS460.jpg,https://static.ctonline.mx/imagenes/NBKDTS460/NBKDTS460_400.jpg
NBKDTS470,"UPS OL-15 KVA 33 15KVA/13.5KW 3 Fases 4 Hilos y Tierra Bloque de Terminales, Frecuencia de entrada 40/70 Hz Tiempo de respaldo a plena carga 10 min, media carga 25 min. Software de monitoreo","UPS OL-15 KVA 33 15KVA/13.5KW 3 Fases 4 Hilos y Tierra Bloque de Terminales, Frecuencia de entrada 40/70 Hz Tiempo de respaldo a plena carga 10 min, media carga 25 min. Software de monitoreo. Clave Oficial CT: NBKDTS470. Marca: CT.",ENERGIA,monitores,CT,96720.43,1886048.39,3017677.42,3017677.42,2546165.32,2546165.32,2357560.48,2263258.06,assets/img/catalog/monitores/NBKDTS470.jpg,assets/img/catalog/monitores/NBKDTS470.jpg,https://static.ctonline.mx/imagenes/NBKDTS470/NBKDTS470_400.jpg
NBKDTS480,"UPS OL-20 KVA 33 20KVA/18KW 3 Fases 4 Hilos y Tierra Bloque de Terminales, Frecuencia de entrada 40/70 Hz Tiempo de respaldo a plena carga 10 min, media carga 25 min. Software de monitoreo","UPS OL-20 KVA 33 20KVA/18KW 3 Fases 4 Hilos y Tierra Bloque de Terminales, Frecuencia de entrada 40/70 Hz Tiempo de respaldo a plena carga 10 min, media carga 25 min. Software de monitoreo. Clave Oficial CT: NBKDTS480. Marca: CT.",ENERGIA,monitores,CT,146053.76,2848048.39,4556877.42,4556877.42,3844865.32,3844865.32,3560060.48,3417658.06,assets/img/catalog/monitores/NBKDTS480.jpg,assets/img/catalog/monitores/NBKDTS480.jpg,https://static.ctonline.mx/imagenes/NBKDTS480/NBKDTS480_400.jpg
NBKDTS530,"UPS OL-40 KVA 33 40KVA/36KW 3 Fases 4 Hilos y Tierra, banco de baterías, Bloque de Terminales, Frecuencia de entrada 40/70 Hz Tiempo de respaldo a plena carga 10 min, media carga 20 min. Software de monitoreo","UPS OL-40 KVA 33 40KVA/36KW 3 Fases 4 Hilos y Tierra, banco de baterías, Bloque de Terminales, Frecuencia de entrada 40/70 Hz Tiempo de respaldo a plena carga 10 min, media carga 20 min. Software de monitoreo. Clave Oficial CT: NBKDTS530. Marca: CT.",ENERGIA,monitores,CT,203655.91,3971290.32,6354064.52,6354064.52,5361241.94,5361241.94,4964112.9,4765548.39,assets/img/catalog/monitores/NBKDTS530.jpg,assets/img/catalog/monitores/NBKDTS530.jpg,https://static.ctonline.mx/imagenes/NBKDTS530/NBKDTS530_400.jpg
NBKDTS570,"UPS OL-40 KVA 33 M 40000VA/36000Watts 3 Fases 4 Hilos y Tierra, Bloque de Terminales, Frecuencia de entrada 40/70 Hz Tiempo de respaldo a plena carga 5 min, media carga 15 min. Software de monitoreo","UPS OL-40 KVA 33 M 40000VA/36000Watts 3 Fases 4 Hilos y Tierra, Bloque de Terminales, Frecuencia de entrada 40/70 Hz Tiempo de respaldo a plena carga 5 min, media carga 15 min. Software de monitoreo. Clave Oficial CT: NBKDTS570. Marca: CT.",ENERGIA,monitores,CT,322311.83,6285080.65,10056129.03,10056129.03,8484858.87,8484858.87,7856350.81,7542096.77,assets/img/catalog/monitores/NBKDTS570.jpg,assets/img/catalog/monitores/NBKDTS570.jpg,https://static.ctonline.mx/imagenes/NBKDTS570/NBKDTS570_400.jpg
NBKDTS550,"UPS OL-60 KVA 33 60000VA/54000Watts. 3 Fases 4 Hilos y Tierra, Bloque de Terminales, Frecuencia de entrada 40/70 Hz Tiempo de respaldo a plena carga 5 min, media carga 15 min. Software de monitoreo","UPS OL-60 KVA 33 60000VA/54000Watts. 3 Fases 4 Hilos y Tierra, Bloque de Terminales, Frecuencia de entrada 40/70 Hz Tiempo de respaldo a plena carga 5 min, media carga 15 min. Software de monitoreo. Clave Oficial CT: NBKDTS550. Marca: CT.",ENERGIA,monitores,CT,375806.45,7328225.81,11725161.29,11725161.29,9893104.84,9893104.84,9160282.26,8793870.97,assets/img/catalog/monitores/NBKDTS550.jpg,assets/img/catalog/monitores/NBKDTS550.jpg,https://static.ctonline.mx/imagenes/NBKDTS550/NBKDTS550_400.jpg
NBKDTS270,"UPS UT1500 RM 1500VA/1350W, 8 Contactos NEMA 5-15R Respaldados. Onda Senoidal Pura. Tiempo de Respaldo de 7 minutos plena carga. Tiempo Transferencia Cero. Voltaje Nominal Monofásico 120 VCA ± 25% / 120 ± 2%. Doble Conversión. Con Montaje en Rack o Torre. Protección contra sobrecargas, cortos, picos y ruido electrónico. Puerto de comunicación bidireccional, Software de monitoreo.","UPS UT1500 RM 1500VA/1350W, 8 Contactos NEMA 5-15R Respaldados. Onda Senoidal Pura. Tiempo de Respaldo de 7 minutos plena carga. Tiempo Transferencia Cero. Voltaje Nominal Monofásico 120 VCA ± 25% / 120 ± 2%. Doble Conversión. Con Montaje en Rack o Torre. Protección contra sobrecargas, cortos, picos y ruido electrónico. Puerto de comunicación bidireccional, Software de monitoreo.. Clave Oficial CT: NBKDTS270. Marca: CT.",ENERGIA,monitores,CT,11817.2,230435.48,368696.77,368696.77,311087.9,311087.9,288044.35,276522.58,assets/img/catalog/monitores/NBKDTS270.jpg,assets/img/catalog/monitores/NBKDTS270.jpg,https://static.ctonline.mx/imagenes/NBKDTS270/NBKDTS270_400.jpg
INVDTS010,Inversor Cargador Solar IS-1000 1000VA/800W Pantalla LCD Onda Senoidal pura. Crecimiento en paralelo hasta 6 equipos Voltaje de entrada nominal 120 V (Red o Generador) Voltaje de salida nominal 110 120 VCA Software de Monitoreo.,Inversor Cargador Solar IS-1000 1000VA/800W Pantalla LCD Onda Senoidal pura. Crecimiento en paralelo hasta 6 equipos Voltaje de entrada nominal 120 V (Red o Generador) Voltaje de salida nominal 110 120 VCA Software de Monitoreo.. Clave Oficial CT: INVDTS010. Marca: CT.,ENERGIA,monitores,CT,6655.56,129783.33,207653.33,207653.33,175207.5,175207.5,162229.17,155740.0,assets/img/catalog/monitores/INVDTS010.jpg,assets/img/catalog/monitores/INVDTS010.jpg,https://static.ctonline.mx/imagenes/INVDTS010/INVDTS010_400.jpg
INVDTS020,Inversor Cargador Solar IS-3000 3000VA/2400W Pantalla LCD Onda Senoidal pura. Crecimiento en paralelo hasta 6 equipos Voltaje de entrada nominal 120 V (Red o Generador) Voltaje de salida nominal 110 120 VCA Software de Monitoreo.,Inversor Cargador Solar IS-3000 3000VA/2400W Pantalla LCD Onda Senoidal pura. Crecimiento en paralelo hasta 6 equipos Voltaje de entrada nominal 120 V (Red o Generador) Voltaje de salida nominal 110 120 VCA Software de Monitoreo.. Clave Oficial CT: INVDTS020. Marca: CT.,ENERGIA,monitores,CT,14980.0,292110.0,467376.0,467376.0,394348.5,394348.5,365137.5,350532.0,assets/img/catalog/monitores/INVDTS020.jpg,assets/img/catalog/monitores/INVDTS020.jpg,https://static.ctonline.mx/imagenes/INVDTS020/INVDTS020_400.jpg
INVDTS030,"Inversor Cargador Solar Híbrido IN-5000 5000VA/5000W Pantalla LCD Onda Senoidal pura, autoconsumo y alimentación a la red,. Crecimiento en paralelo hasta 6 equipos Voltaje de entrada nominal 220 VCA Monofásica (Red o Generador) Voltaje de salida nominal 220 VCA Monofásica Software de Monitoreo.","Inversor Cargador Solar Híbrido IN-5000 5000VA/5000W Pantalla LCD Onda Senoidal pura, autoconsumo y alimentación a la red,. Crecimiento en paralelo hasta 6 equipos Voltaje de entrada nominal 220 VCA Monofásica (Red o Generador) Voltaje de salida nominal 220 VCA Monofásica Software de Monitoreo.. Clave Oficial CT: INVDTS030. Marca: CT.",ENERGIA,monitores,CT,21944.44,427916.67,684666.67,684666.67,577687.5,577687.5,534895.83,513500.0,assets/img/catalog/monitores/INVDTS030.jpg,assets/img/catalog/monitores/INVDTS030.jpg,https://static.ctonline.mx/imagenes/INVDTS030/INVDTS030_400.jpg
INVDTS040,"Inversor Cargador Solar Híbrido IN-6000 6000VA/6000W Pantalla LCD táctil, Voltaje nominal de entrada y salida 110/220 VCA. Onda Senoidal pura, Crecimiento en paralelo hasta 6 equipos. autoconsumo y opción de alimentación a la red (ON GRID). Software de Monitoreo. Incluye kit paralelo y monitoreo por wifi","Inversor Cargador Solar Híbrido IN-6000 6000VA/6000W Pantalla LCD táctil, Voltaje nominal de entrada y salida 110/220 VCA. Onda Senoidal pura, Crecimiento en paralelo hasta 6 equipos. autoconsumo y opción de alimentación a la red (ON GRID). Software de Monitoreo. Incluye kit paralelo y monitoreo por wifi. Clave Oficial CT: INVDTS040. Marca: CT.",ENERGIA,monitores,CT,37768.33,736482.5,1178372.0,1178372.0,994251.38,994251.38,920603.12,883779.0,assets/img/catalog/monitores/INVDTS040.jpg,assets/img/catalog/monitores/INVDTS040.jpg,https://static.ctonline.mx/imagenes/INVDTS040/INVDTS040_400.jpg
NBKCDP1440,"No-Break RU-SMART 751, 750VA, 375 Watts, 10 contactos tipo NEMA5-15R (5 respaldados y 5 con solo supresión de pico), amplio rango de entrada, sensor de carga, protección contra sobrecarga rj11/45, filtro de ruido, pantalla LCD. Baterías sellada libre de mantenimiento. Tiempo de respaldo de 20 minutos. Software de monitoreo inteligente y puerto USB. Corriente Máxima entrada 8A/960W, Batería 12V/7AH. 4 Puertos USB (3 para celular, 1 para tableta)  Garantia: 3 años en partes electrónicas y 2 años en baterías.","No-Break RU-SMART 751, 750VA, 375 Watts, 10 contactos tipo NEMA5-15R (5 respaldados y 5 con solo supresión de pico), amplio rango de entrada, sensor de carga, protección contra sobrecarga rj11/45, filtro de ruido, pantalla LCD. Baterías sellada libre de mantenimiento. Tiempo de respaldo de 20 minutos. Software de monitoreo inteligente y puerto USB. Corriente Máxima entrada 8A/960W, Batería 12V/7AH. 4 Puertos USB (3 para celular, 1 para tableta)  Garantia: 3 años en partes electrónicas y 2 años en baterías.. Clave Oficial CT: NBKCDP1440. Marca: CT.",ENERGIA,monitores,CT,1750.0,34125.0,54600.0,54600.0,46068.75,46068.75,42656.25,40950.0,assets/img/catalog/monitores/NBKCDP1440.jpg,assets/img/catalog/monitores/NBKCDP1440.jpg,https://static.ctonline.mx/imagenes/NBKCDP1440/NBKCDP1440_400.jpg
NBKCDP1450,"No-Break R-SMART 751, 750VA, 375 Watts, 10 contactos tipo NEMA5-15R (5 respaldados y 5 con solo supresión de pico), amplio rango de entrada, sensor de carga, filtro de ruido, pantalla LCD. Baterías sellada libre de mantenimiento. Tiempo de respaldo de 20 minutos. Software de monitoreo inteligente y puerto USB. Corriente Máxima entrada 8A/960W, Batería 12V/7AH.  Garantia: 3 años en partes electrónicas y 2 años en baterías.","No-Break R-SMART 751, 750VA, 375 Watts, 10 contactos tipo NEMA5-15R (5 respaldados y 5 con solo supresión de pico), amplio rango de entrada, sensor de carga, filtro de ruido, pantalla LCD. Baterías sellada libre de mantenimiento. Tiempo de respaldo de 20 minutos. Software de monitoreo inteligente y puerto USB. Corriente Máxima entrada 8A/960W, Batería 12V/7AH.  Garantia: 3 años en partes electrónicas y 2 años en baterías.. Clave Oficial CT: NBKCDP1450. Marca: CT.",ENERGIA,monitores,CT,1645.65,32090.22,51344.35,51344.35,43321.79,43321.79,40112.77,38508.26,assets/img/catalog/monitores/NBKCDP1450.jpg,assets/img/catalog/monitores/NBKCDP1450.jpg,https://static.ctonline.mx/imagenes/NBKCDP1450/NBKCDP1450_400.jpg
NBKCDP1460,"No-Break R-SMART 1010, 1000 VA, 500 Watts, 10 contactos tipo NEMA5-15R (5 protegidos y 5 con solo supresión de picos), amplio rango de entrada, sensor de carga, filtro de ruido. Baterías selladas libre de mantenimiento. Tiempo de respaldo de 30 minutos. Software de monitoreo inteligente y puerto USB. Corriente Máxima entrada 10A/1200W, Batería 12V/9AH.  Garantia: 3 años en partes electrónicas y 2 años en baterías.","No-Break R-SMART 1010, 1000 VA, 500 Watts, 10 contactos tipo NEMA5-15R (5 protegidos y 5 con solo supresión de picos), amplio rango de entrada, sensor de carga, filtro de ruido. Baterías selladas libre de mantenimiento. Tiempo de respaldo de 30 minutos. Software de monitoreo inteligente y puerto USB. Corriente Máxima entrada 10A/1200W, Batería 12V/9AH.  Garantia: 3 años en partes electrónicas y 2 años en baterías.. Clave Oficial CT: NBKCDP1460. Marca: CT.",ENERGIA,monitores,CT,1692.39,33001.63,52802.61,52802.61,44552.2,44552.2,41252.04,39601.96,assets/img/catalog/monitores/NBKCDP1460.jpg,assets/img/catalog/monitores/NBKCDP1460.jpg,https://static.ctonline.mx/imagenes/NBKCDP1460/NBKCDP1460_400.jpg
NBKCDP1470,"No-Break RU-SMART 1010, 1000 VA, 500 Watts, 10 contactos tipo NEMA5-15R (5 protegidos y 5 con solo supresión de picos), amplio rango de entrada, sensor de carga, , filtro de ruido. Baterías selladas libre de mantenimiento. Tiempo de respaldo de 30 minutos. Software de monitoreo inteligente y puerto USB. Corriente Máxima entrada 10A/1200W, Batería 12V/9AH. 4 Puertos USB (3 para celular, 1 para tableta)  Garantia: 3 años en partes electrónicas y 2 años en baterías.","No-Break RU-SMART 1010, 1000 VA, 500 Watts, 10 contactos tipo NEMA5-15R (5 protegidos y 5 con solo supresión de picos), amplio rango de entrada, sensor de carga, , filtro de ruido. Baterías selladas libre de mantenimiento. Tiempo de respaldo de 30 minutos. Software de monitoreo inteligente y puerto USB. Corriente Máxima entrada 10A/1200W, Batería 12V/9AH. 4 Puertos USB (3 para celular, 1 para tableta)  Garantia: 3 años en partes electrónicas y 2 años en baterías.. Clave Oficial CT: NBKCDP1470. Marca: CT.",ENERGIA,monitores,CT,2107.61,41098.37,65757.39,65757.39,55482.8,55482.8,51372.96,49318.04,assets/img/catalog/monitores/NBKCDP1470.jpg,assets/img/catalog/monitores/NBKCDP1470.jpg,https://static.ctonline.mx/imagenes/NBKCDP1470/NBKCDP1470_400.jpg
NBKCDP1480,"No-Break R-SMART 1210, 1200 VA, 720 Watts, 10 contactos tipo NEMA5-15R (5 respaldados y 5 con solo supresión de picos), amplio rango de entrada, sensor de carga, protección contra sobrecarga rj11/45, filtro de ruido. Baterías selladas libre de mantenimiento, Pantalla LCD. Tiempo de respaldo de hasta 59* minutos. Software de monitoreo inteligente y puerto USB. Corriente Máxima entrada 13Amp/1560watts, Corriente salida 6A, Batería 12v,7ah * 2.  Garantia: 3 años en partes electrónicas y 2 años en baterías.","No-Break R-SMART 1210, 1200 VA, 720 Watts, 10 contactos tipo NEMA5-15R (5 respaldados y 5 con solo supresión de picos), amplio rango de entrada, sensor de carga, protección contra sobrecarga rj11/45, filtro de ruido. Baterías selladas libre de mantenimiento, Pantalla LCD. Tiempo de respaldo de hasta 59* minutos. Software de monitoreo inteligente y puerto USB. Corriente Máxima entrada 13Amp/1560watts, Corriente salida 6A, Batería 12v,7ah * 2.  Garantia: 3 años en partes electrónicas y 2 años en baterías.. Clave Oficial CT: NBKCDP1480. Marca: CT.",ENERGIA,monitores,CT,2663.04,51929.35,83086.96,83086.96,70104.62,70104.62,64911.68,62315.22,assets/img/catalog/monitores/NBKCDP1480.jpg,assets/img/catalog/monitores/NBKCDP1480.jpg,https://static.ctonline.mx/imagenes/NBKCDP1480/NBKCDP1480_400.jpg
NBKCDP1490,"No-Break R-SMART 1510, 1500 VA, 900 Watts, 10 contactos tipo NEMA5-15R (5 respaldados y 5 con solo supresión de picos), amplio rango de entrada, sensor de carga, protección contra sobrecarga rj11/45, filtro de ruido. Baterías selladas libre de mantenimiento, Pantalla LCD. Tiempo de respaldo de hasta 45* minutos. Software de monitoreo inteligente y puerto USB. Corriente Máxima entrada 15Amp/1800watts, Corriente salida 7.5A, Batería 12v,9ah * 2.  Garantia: 3 años en partes electrónicas y 2 años en baterías.","No-Break R-SMART 1510, 1500 VA, 900 Watts, 10 contactos tipo NEMA5-15R (5 respaldados y 5 con solo supresión de picos), amplio rango de entrada, sensor de carga, protección contra sobrecarga rj11/45, filtro de ruido. Baterías selladas libre de mantenimiento, Pantalla LCD. Tiempo de respaldo de hasta 45* minutos. Software de monitoreo inteligente y puerto USB. Corriente Máxima entrada 15Amp/1800watts, Corriente salida 7.5A, Batería 12v,9ah * 2.  Garantia: 3 años en partes electrónicas y 2 años en baterías.. Clave Oficial CT: NBKCDP1490. Marca: CT.",ENERGIA,monitores,CT,3569.57,69606.52,111370.43,111370.43,93968.8,93968.8,87008.15,83527.83,assets/img/catalog/monitores/NBKCDP1490.jpg,assets/img/catalog/monitores/NBKCDP1490.jpg,https://static.ctonline.mx/imagenes/NBKCDP1490/NBKCDP1490_400.jpg
NBKCDP1500,"No-Break R-SMART 2010, 2000 VA, 1200 Watts, 10 contactos tipo NEMA5-15R (5 respaldados y 5 con solo supresión de picos), amplio rango de entrada, sensor de carga, protección contra sobrecarga rj11/45, filtro de ruido. Baterías selladas libre de mantenimiento, Pantalla LCD. Tiempo de respaldo de hasta 45* minutos. Software de monitoreo inteligente y puerto USB. Corriente Máxima entrada 20Amp/2400watts, Corriente salida 10A, Baterías 12v,9ah * 2.  Garantia: 3 años en partes electrónicas y 2 años en baterías.","No-Break R-SMART 2010, 2000 VA, 1200 Watts, 10 contactos tipo NEMA5-15R (5 respaldados y 5 con solo supresión de picos), amplio rango de entrada, sensor de carga, protección contra sobrecarga rj11/45, filtro de ruido. Baterías selladas libre de mantenimiento, Pantalla LCD. Tiempo de respaldo de hasta 45* minutos. Software de monitoreo inteligente y puerto USB. Corriente Máxima entrada 20Amp/2400watts, Corriente salida 10A, Baterías 12v,9ah * 2.  Garantia: 3 años en partes electrónicas y 2 años en baterías.. Clave Oficial CT: NBKCDP1500. Marca: CT.",ENERGIA,monitores,CT,4840.22,94384.24,151014.78,151014.78,127418.72,127418.72,117980.3,113261.09,assets/img/catalog/monitores/NBKCDP1500.jpg,assets/img/catalog/monitores/NBKCDP1500.jpg,https://static.ctonline.mx/imagenes/NBKCDP1500/NBKCDP1500_400.jpg
NBKCDP1400,"No-Break UPRS 1508, 1500 VA, 1050 Watts, 8 contactos tipo NEMA5-15R (4 respaldados y 4 con solo supresión de picos), onda senoidal a la salida, amplio rango de entrada, protección contra sobrecarga rj11/45, filtro de ruido. Interface RS-232. HOT SWAP, Pantalla LCD. Tiempo de respaldo de 7 minutos. Software de monitoreo inteligente y puerto USB. Corriente entrada: 12.5A salida: 8.7A Batería 12v/9ah.  Garantia: 3 años en partes electrónicas y 2 años en baterías.","No-Break UPRS 1508, 1500 VA, 1050 Watts, 8 contactos tipo NEMA5-15R (4 respaldados y 4 con solo supresión de picos), onda senoidal a la salida, amplio rango de entrada, protección contra sobrecarga rj11/45, filtro de ruido. Interface RS-232. HOT SWAP, Pantalla LCD. Tiempo de respaldo de 7 minutos. Software de monitoreo inteligente y puerto USB. Corriente entrada: 12.5A salida: 8.7A Batería 12v/9ah.  Garantia: 3 años en partes electrónicas y 2 años en baterías.. Clave Oficial CT: NBKCDP1400. Marca: CT.",ENERGIA,monitores,CT,5181.52,101039.67,161663.48,161663.48,136403.56,136403.56,126299.59,121247.61,assets/img/catalog/monitores/NBKCDP1400.jpg,assets/img/catalog/monitores/NBKCDP1400.jpg,https://static.ctonline.mx/imagenes/NBKCDP1400/NBKCDP1400_400.jpg
NBKCDP1410,"No-Break UPRS 2008, 2000 VA, 1400 Watts, 8 contactos tipo NEMA5-15R (4 respaldados y 4 con solo supresión de picos), onda senoidal a la salida, amplio rango de entrada, protección contra sobrecarga rj11/45, filtro de ruido. Interface RS-232. HOT SWAP, Pantalla LCD. Tiempo de respaldo de 7 minutos. Software de monitoreo inteligente y puerto USB. Corriente entrada: 16.6A salida: 11.6A. Batería 12v/10ah.  Garantia: 3 años en partes electrónicas y 2 años en baterías.","No-Break UPRS 2008, 2000 VA, 1400 Watts, 8 contactos tipo NEMA5-15R (4 respaldados y 4 con solo supresión de picos), onda senoidal a la salida, amplio rango de entrada, protección contra sobrecarga rj11/45, filtro de ruido. Interface RS-232. HOT SWAP, Pantalla LCD. Tiempo de respaldo de 7 minutos. Software de monitoreo inteligente y puerto USB. Corriente entrada: 16.6A salida: 11.6A. Batería 12v/10ah.  Garantia: 3 años en partes electrónicas y 2 años en baterías.. Clave Oficial CT: NBKCDP1410. Marca: CT.",ENERGIA,monitores,CT,6503.26,126813.59,202901.74,202901.74,171198.34,171198.34,158516.98,152176.3,assets/img/catalog/monitores/NBKCDP1410.jpg,assets/img/catalog/monitores/NBKCDP1410.jpg,https://static.ctonline.mx/imagenes/NBKCDP1410/NBKCDP1410_400.jpg
NBKCDP320,"No-Break UPO33-20, 20000 VA, 18000 Watts, On Line, cero tiempo de transferencia, Onda Senoidal pura, factor de cresta 3:1, compatible con SNMP, software de monitoreo incluido, 3% THD, 5 hilos F, F, F, N, T, 208 VAC a la entrada. Voltaje de salida de 208v y 120 vac. Puerto de emergencia EPO, 4 HR tiempo de recarga al 90%, Bypass automático incluido PDU compatible, baterías tipo hotswap. IGBT a la salida. Tiempo de respaldo de 5 minutos al 100% de su capacidad. Requiere Servicios adicionales. ES NECESARIO COTIZAR DIRECTAMENTE CON EL PRODUCT MANAGER. Garantia: 3 años en partes electrónicas y 2 años en baterías. : Las unidades deben ser instaladas por un técnico capacitado y aprobado por CDP para hacer efectiva la garantía.","No-Break UPO33-20, 20000 VA, 18000 Watts, On Line, cero tiempo de transferencia, Onda Senoidal pura, factor de cresta 3:1, compatible con SNMP, software de monitoreo incluido, 3% THD, 5 hilos F, F, F, N, T, 208 VAC a la entrada. Voltaje de salida de 208v y 120 vac. Puerto de emergencia EPO, 4 HR tiempo de recarga al 90%, Bypass automático incluido PDU compatible, baterías tipo hotswap. IGBT a la salida. Tiempo de respaldo de 5 minutos al 100% de su capacidad. Requiere Servicios adicionales. ES NECESARIO COTIZAR DIRECTAMENTE CON EL PRODUCT MANAGER. Garantia: 3 años en partes electrónicas y 2 años en baterías. : Las unidades deben ser instaladas por un técnico capacitado y aprobado por CDP para hacer efectiva la garantía.. Clave Oficial CT: NBKCDP320. Marca: CT.",ENERGIA,monitores,CT,164898.52,3215521.17,5144833.88,5144833.88,4340953.58,4340953.58,4019401.47,3858625.41,assets/img/catalog/monitores/NBKCDP320.jpg,assets/img/catalog/monitores/NBKCDP320.jpg,https://static.ctonline.mx/imagenes/NBKCDP320/NBKCDP320_400.jpg
NBKCDP220,"No-Break UPO33-30, 30000 VA, 27000 Watts, On Line, cero tiempo de transferencia, Onda Senoidal pura, factor de cresta 3:1, compatible con SNMP, software de monitoreo incluido, 3% THD, 5 hilos F, F, F, N, T, 208 VAC a la entrada. Voltaje de salida de 208v y 120 vac. Puerto de emergencia EPO, 4 HR tiempo de recarga al 90%, modo ECO, Bypass automático incluido PDU compatible, baterías tipo hotswap. IGBT a la salida. Tiempo de respaldo de 5 minutos al 100% de su capacidad. Requiere Servicios adicionales. ES NECESARIO COTIZAR DIRECTAMENTE CON EL PRODUCT MANAGER. Garantia: 3 años en partes electrónicas y 2 años en baterías. : Las unidades deben ser instaladas por un técnico capacitado y aprobado por CDP para hacer efectiva la garantía.","No-Break UPO33-30, 30000 VA, 27000 Watts, On Line, cero tiempo de transferencia, Onda Senoidal pura, factor de cresta 3:1, compatible con SNMP, software de monitoreo incluido, 3% THD, 5 hilos F, F, F, N, T, 208 VAC a la entrada. Voltaje de salida de 208v y 120 vac. Puerto de emergencia EPO, 4 HR tiempo de recarga al 90%, modo ECO, Bypass automático incluido PDU compatible, baterías tipo hotswap. IGBT a la salida. Tiempo de respaldo de 5 minutos al 100% de su capacidad. Requiere Servicios adicionales. ES NECESARIO COTIZAR DIRECTAMENTE CON EL PRODUCT MANAGER. Garantia: 3 años en partes electrónicas y 2 años en baterías. : Las unidades deben ser instaladas por un técnico capacitado y aprobado por CDP para hacer efectiva la garantía.. Clave Oficial CT: NBKCDP220. Marca: CT.",ENERGIA,monitores,CT,223356.49,4355451.54,6968722.46,6968722.46,5879859.58,5879859.58,5444314.42,5226541.85,assets/img/catalog/monitores/NBKCDP220.jpg,assets/img/catalog/monitores/NBKCDP220.jpg,https://static.ctonline.mx/imagenes/NBKCDP220/NBKCDP220_400.jpg
NBKCDP230,"No-Break UPO33-40, 40000 VA, 36000 Watts, On Line, cero tiempo de transferencia, Onda Senoidal pura, factor de cresta 3:1, compatible con SNMP, software de monitoreo incluido, 3% THD, 5 hilos F, F, F, N, T, 208 VAC a la entrada. Voltaje de salida de 208v y 120 vac. Puerto de emergencia EPO, 4 HR tiempo de recarga al 90%, modo ECO, Bypass automático incluido PDU compatible, baterías tipo hotswap. IGBT a la salida. Tiempo de respaldo de 5 minutos al 100% de su capacidad. Requiere Servicios adicionales. ES NECESARIO COTIZAR DIRECTAMENTE CON EL PRODUCT MANAGER. Garantia: 3 años en partes electrónicas y 2 años en baterías. : Las unidades deben ser instaladas por un técnico capacitado y aprobado por CDP para hacer efectiva la garantía.","No-Break UPO33-40, 40000 VA, 36000 Watts, On Line, cero tiempo de transferencia, Onda Senoidal pura, factor de cresta 3:1, compatible con SNMP, software de monitoreo incluido, 3% THD, 5 hilos F, F, F, N, T, 208 VAC a la entrada. Voltaje de salida de 208v y 120 vac. Puerto de emergencia EPO, 4 HR tiempo de recarga al 90%, modo ECO, Bypass automático incluido PDU compatible, baterías tipo hotswap. IGBT a la salida. Tiempo de respaldo de 5 minutos al 100% de su capacidad. Requiere Servicios adicionales. ES NECESARIO COTIZAR DIRECTAMENTE CON EL PRODUCT MANAGER. Garantia: 3 años en partes electrónicas y 2 años en baterías. : Las unidades deben ser instaladas por un técnico capacitado y aprobado por CDP para hacer efectiva la garantía.. Clave Oficial CT: NBKCDP230. Marca: CT.",ENERGIA,monitores,CT,298683.16,5824321.68,9318914.69,9318914.69,7862834.27,7862834.27,7280402.1,6989186.02,assets/img/catalog/monitores/NBKCDP230.jpg,assets/img/catalog/monitores/NBKCDP230.jpg,https://static.ctonline.mx/imagenes/NBKCDP230/NBKCDP230_400.jpg
NBKCDP250,"No-Break UPO33-60, 60000 VA, 54000 Watts, On Line, cero tiempo de transferencia, Onda Senoidal pura, factor de cresta 3:1, compatible con SNMP, software de monitoreo incluido, 3% THD, 5 hilos F, F, F, N, T, 208 VAC a la entrada. Voltaje de salida de 208v y 120 vac, puerto de emergencia EPO, 4 HR tiempo de recarga al 90%, modo ECO, Bypass automático, incluido PDU compatible, baterías tipo hotswap. IGBT a la salida. Tiempo de respaldo de 5 minutos al 100% de su capacidad. Requiere Servicios adicionales. ES NECESARIO COTIZAR DIRECTAMENTE CON EL PRODUCT MANAGER. Garantia: 3 años en partes electrónicas y 2 años en baterías. : Las unidades deben ser instaladas por un técnico capacitado y aprobado por CDP para hacer efectiva la garantía.","No-Break UPO33-60, 60000 VA, 54000 Watts, On Line, cero tiempo de transferencia, Onda Senoidal pura, factor de cresta 3:1, compatible con SNMP, software de monitoreo incluido, 3% THD, 5 hilos F, F, F, N, T, 208 VAC a la entrada. Voltaje de salida de 208v y 120 vac, puerto de emergencia EPO, 4 HR tiempo de recarga al 90%, modo ECO, Bypass automático, incluido PDU compatible, baterías tipo hotswap. IGBT a la salida. Tiempo de respaldo de 5 minutos al 100% de su capacidad. Requiere Servicios adicionales. ES NECESARIO COTIZAR DIRECTAMENTE CON EL PRODUCT MANAGER. Garantia: 3 años en partes electrónicas y 2 años en baterías. : Las unidades deben ser instaladas por un técnico capacitado y aprobado por CDP para hacer efectiva la garantía.. Clave Oficial CT: NBKCDP250. Marca: CT.",ENERGIA,monitores,CT,375985.83,7331723.61,11730757.77,11730757.77,9897826.87,9897826.87,9164654.51,8798068.33,assets/img/catalog/monitores/NBKCDP250.jpg,assets/img/catalog/monitores/NBKCDP250.jpg,https://static.ctonline.mx/imagenes/NBKCDP250/NBKCDP250_400.jpg
NBKCDP260,"No-Break UPO33-80, 80000 VA, 72000 Watts, On Line, cero tiempo de transferencia, Onda Senoidal pura, factor de cresta 3:1, compatible con SNMP, software de monitoreo incluido, 3% THD, 5 hilos F, F, F, N, T, 208 VAC a la entrada. Voltaje de salida de 208v y 120 vac. Puerto de emergencia EPO, 4 HR tiempo de recarga al 90%, modo ECO, Bypass automático, incluido PDU compatible, baterías tipo hotswap. IGBT a la salida. Tiempo de respaldo de 5 minutos al 100% de su capacidad. Requiere Servicios adicionales. ES NECESARIO COTIZAR DIRECTAMENTE CON EL PRODUCT MANAGER. Garantia: 3 años en partes electrónicas y 2 años en baterías. : Las unidades deben ser instaladas por un técnico capacitado y aprobado por CDP para hacer efectiva la garantía.","No-Break UPO33-80, 80000 VA, 72000 Watts, On Line, cero tiempo de transferencia, Onda Senoidal pura, factor de cresta 3:1, compatible con SNMP, software de monitoreo incluido, 3% THD, 5 hilos F, F, F, N, T, 208 VAC a la entrada. Voltaje de salida de 208v y 120 vac. Puerto de emergencia EPO, 4 HR tiempo de recarga al 90%, modo ECO, Bypass automático, incluido PDU compatible, baterías tipo hotswap. IGBT a la salida. Tiempo de respaldo de 5 minutos al 100% de su capacidad. Requiere Servicios adicionales. ES NECESARIO COTIZAR DIRECTAMENTE CON EL PRODUCT MANAGER. Garantia: 3 años en partes electrónicas y 2 años en baterías. : Las unidades deben ser instaladas por un técnico capacitado y aprobado por CDP para hacer efectiva la garantía.. Clave Oficial CT: NBKCDP260. Marca: CT.",ENERGIA,monitores,CT,593118.78,11565816.26,18505306.02,18505306.02,15613851.95,15613851.95,14457270.33,13878979.51,assets/img/catalog/monitores/NBKCDP260.jpg,assets/img/catalog/monitores/NBKCDP260.jpg,https://static.ctonline.mx/imagenes/NBKCDP260/NBKCDP260_400.jpg
NBKCDP270,"No-Break UPO033-100 100,000 VA, 90,000 Watts. On Line, cero tiempo de transferencia, Onda Senoidal pura, incluye banco de batería para 5 min 100% a plena carga. Factor de cresta 3:1, compatible con SNMP, software de monitoreo incluido, 3% THD, 5 hilos F, F, F, N, T, 208 VAC a la entrada. Voltaje de salida de 208v y 120 vac. Puerto de emergencia EPO, 4 HR tiempo de recarga al 90%, modo ECO, Bypass automático incluido PDU compatible, baterías tipo hotswap. IGBT a la salida. Tiempo de respaldo de 5 minutos al 100% de su capacidad. Requiere Servicios adicionales. ES NECESARIO COTIZAR DIRECTAMENTE CON EL PRODUCT MANAGER. Garantia: 3 años en partes electrónicas y 2 años en baterías. : Las unidades deben ser instaladas por un técnico capacitado y aprobado por CDP para hacer efectiva la garantía.","No-Break UPO033-100 100,000 VA, 90,000 Watts. On Line, cero tiempo de transferencia, Onda Senoidal pura, incluye banco de batería para 5 min 100% a plena carga. Factor de cresta 3:1, compatible con SNMP, software de monitoreo incluido, 3% THD, 5 hilos F, F, F, N, T, 208 VAC a la entrada. Voltaje de salida de 208v y 120 vac. Puerto de emergencia EPO, 4 HR tiempo de recarga al 90%, modo ECO, Bypass automático incluido PDU compatible, baterías tipo hotswap. IGBT a la salida. Tiempo de respaldo de 5 minutos al 100% de su capacidad. Requiere Servicios adicionales. ES NECESARIO COTIZAR DIRECTAMENTE CON EL PRODUCT MANAGER. Garantia: 3 años en partes electrónicas y 2 años en baterías. : Las unidades deben ser instaladas por un técnico capacitado y aprobado por CDP para hacer efectiva la garantía.. Clave Oficial CT: NBKCDP270. Marca: CT.",ENERGIA,monitores,CT,703814.67,13724386.14,21959017.83,21959017.83,18527921.29,18527921.29,17155482.68,16469263.37,assets/img/catalog/monitores/NBKCDP270.jpg,assets/img/catalog/monitores/NBKCDP270.jpg,https://static.ctonline.mx/imagenes/NBKCDP270/NBKCDP270_400.jpg
NBKCDP280,"No-Break UPO033-120 120,000 VA, 108,000 Watt. On Line, cero tiempo de transferencia, Onda Senoidal pura, incluye banco de batería para 5 min 100% a plena carga. Factor de cresta 3:1, compatible con SNMP, software de monitoreo incluido, 3% THD, 5 hilos F, F, F, N, T, 208 VAC a la entrada. Voltaje de salida de 208v y 120 vac. Puerto de emergencia EPO, 4 HR tiempo de recarga al 90%, modo ECO, Bypass automático incluido PDU compatible, baterías tipo hotswap. IGBT a la salida. Tiempo de respaldo de 5 minutos al 100% de su capacidad. Requiere Servicios adicionales. ES NECESARIO COTIZAR DIRECTAMENTE CON EL PRODUCT MANAGER. Garantia: 3 años en partes electrónicas y 2 años en baterías. : Las unidades deben ser instaladas por un técnico capacitado y aprobado por CDP para hacer efectiva la garantía.","No-Break UPO033-120 120,000 VA, 108,000 Watt. On Line, cero tiempo de transferencia, Onda Senoidal pura, incluye banco de batería para 5 min 100% a plena carga. Factor de cresta 3:1, compatible con SNMP, software de monitoreo incluido, 3% THD, 5 hilos F, F, F, N, T, 208 VAC a la entrada. Voltaje de salida de 208v y 120 vac. Puerto de emergencia EPO, 4 HR tiempo de recarga al 90%, modo ECO, Bypass automático incluido PDU compatible, baterías tipo hotswap. IGBT a la salida. Tiempo de respaldo de 5 minutos al 100% de su capacidad. Requiere Servicios adicionales. ES NECESARIO COTIZAR DIRECTAMENTE CON EL PRODUCT MANAGER. Garantia: 3 años en partes electrónicas y 2 años en baterías. : Las unidades deben ser instaladas por un técnico capacitado y aprobado por CDP para hacer efectiva la garantía.. Clave Oficial CT: NBKCDP280. Marca: CT.",ENERGIA,monitores,CT,834829.33,16279171.86,26046674.97,26046674.97,21976882.01,21976882.01,20348964.82,19535006.23,assets/img/catalog/monitores/NBKCDP280.jpg,assets/img/catalog/monitores/NBKCDP280.jpg,https://static.ctonline.mx/imagenes/NBKCDP280/NBKCDP280_400.jpg
NBKCDP290,"No-Break UPO33-160 160,000 VA, 144,000 Watt. On Line, cero tiempo de transferencia, Onda Senoidal pura, incluye banco de batería para 5 min 100% a plena carga. Factor de cresta 3:1, compatible con SNMP, software de monitoreo incluido, 3% THD, 5 hilos F, F, F, N, T, 208 VAC a la entrada. Voltaje de salida de 208v y 120 vac. Puerto de emergencia EPO, 4 HR tiempo de recarga al 90%, modo ECO, Bypass automático incluido PDU compatible, baterías tipo hotswap. IGBT a la salida. Tiempo de respaldo de 5 minutos al 100% de su capacidad. Requiere Servicios adicionales. ES NECESARIO COTIZAR DIRECTAMENTE CON EL PRODUCT MANAGER. Garantia: 3 años en partes electrónicas y 2 años en baterías. : Las unidades deben ser instaladas por un técnico capacitado y aprobado por CDP para hacer efectiva la garantía.","No-Break UPO33-160 160,000 VA, 144,000 Watt. On Line, cero tiempo de transferencia, Onda Senoidal pura, incluye banco de batería para 5 min 100% a plena carga. Factor de cresta 3:1, compatible con SNMP, software de monitoreo incluido, 3% THD, 5 hilos F, F, F, N, T, 208 VAC a la entrada. Voltaje de salida de 208v y 120 vac. Puerto de emergencia EPO, 4 HR tiempo de recarga al 90%, modo ECO, Bypass automático incluido PDU compatible, baterías tipo hotswap. IGBT a la salida. Tiempo de respaldo de 5 minutos al 100% de su capacidad. Requiere Servicios adicionales. ES NECESARIO COTIZAR DIRECTAMENTE CON EL PRODUCT MANAGER. Garantia: 3 años en partes electrónicas y 2 años en baterías. : Las unidades deben ser instaladas por un técnico capacitado y aprobado por CDP para hacer efectiva la garantía.. Clave Oficial CT: NBKCDP290. Marca: CT.",ENERGIA,monitores,CT,1119305.48,21826456.83,34922330.92,34922330.92,29465716.72,29465716.72,27283071.03,26191748.19,assets/img/catalog/monitores/NBKCDP290.jpg,assets/img/catalog/monitores/NBKCDP290.jpg,https://static.ctonline.mx/imagenes/NBKCDP290/NBKCDP290_400.jpg
NBKCDP620,"UPS Trifásico Modular escalable CDP UPOXR-33 HM6, Gabinete con Capacidad de 6 Módulos de potencia de 20 KVA cada uno. Tecnología True Online doble conversión, cero tiempo de transferencia, Incluye Bypass mecánico, Onda Senoidal pura, factor de potencia >.99, Monitoreo vía, Wi-Fi, SNMP y contactos secos. Voltaje de entrada: 208/380/400, voltaje de salida 120/208/380 y 400 configurable, Frecuencia 50/60 (sensado automático), 5 Hilos; 3 fases, neutro y tierra. ES NECESARIO COTIZAR DIRECTAMENTE CON EL PRODUCT MANAGER. Garantia: 3 años en partes electrónicas y 2 años en baterías. : Las unidades deben ser instaladas por un técnico capacitado y aprobado por CDP para hacer efectiva la garantía.","UPS Trifásico Modular escalable CDP UPOXR-33 HM6, Gabinete con Capacidad de 6 Módulos de potencia de 20 KVA cada uno. Tecnología True Online doble conversión, cero tiempo de transferencia, Incluye Bypass mecánico, Onda Senoidal pura, factor de potencia >.99, Monitoreo vía, Wi-Fi, SNMP y contactos secos. Voltaje de entrada: 208/380/400, voltaje de salida 120/208/380 y 400 configurable, Frecuencia 50/60 (sensado automático), 5 Hilos; 3 fases, neutro y tierra. ES NECESARIO COTIZAR DIRECTAMENTE CON EL PRODUCT MANAGER. Garantia: 3 años en partes electrónicas y 2 años en baterías. : Las unidades deben ser instaladas por un técnico capacitado y aprobado por CDP para hacer efectiva la garantía.. Clave Oficial CT: NBKCDP620. Marca: CT.",ENERGIA,monitores,CT,200895.22,3917456.74,6267930.78,6267930.78,5288566.6,5288566.6,4896820.92,4700948.09,assets/img/catalog/monitores/NBKCDP620.jpg,assets/img/catalog/monitores/NBKCDP620.jpg,https://static.ctonline.mx/imagenes/NBKCDP620/NBKCDP620_400.jpg
NBKCDP630,"UPS Trifásico Modular escalable CDP UPOXR-33 HM10, Gabinete con Capacidad de 10 Módulos de potencia de 20 KVA cada uno. Tecnología True Online doble conversión, cero tiempo de transferencia, Incluye Bypass mecánico, Onda Senoidal pura, factor de potencia >.99, Monitoreo vía, Wi-Fi, SNMP y contactos secos. Voltaje de entrada: 208/380/400, voltaje de salida 120/208/380 y 400 configurable, Frecuencia 50/60 (sensado automático), 5 Hilos; 3 fases, neutro y tierra. ES NECESARIO COTIZAR DIRECTAMENTE CON EL PRODUCT MANAGER. Garantia: 3 años en partes electrónicas y 2 años en baterías. : Las unidades deben ser instaladas por un técnico capacitado y aprobado por CDP para hacer efectiva la garantía.","UPS Trifásico Modular escalable CDP UPOXR-33 HM10, Gabinete con Capacidad de 10 Módulos de potencia de 20 KVA cada uno. Tecnología True Online doble conversión, cero tiempo de transferencia, Incluye Bypass mecánico, Onda Senoidal pura, factor de potencia >.99, Monitoreo vía, Wi-Fi, SNMP y contactos secos. Voltaje de entrada: 208/380/400, voltaje de salida 120/208/380 y 400 configurable, Frecuencia 50/60 (sensado automático), 5 Hilos; 3 fases, neutro y tierra. ES NECESARIO COTIZAR DIRECTAMENTE CON EL PRODUCT MANAGER. Garantia: 3 años en partes electrónicas y 2 años en baterías. : Las unidades deben ser instaladas por un técnico capacitado y aprobado por CDP para hacer efectiva la garantía.. Clave Oficial CT: NBKCDP630. Marca: CT.",ENERGIA,monitores,CT,306706.26,5980772.09,9569235.34,9569235.34,8074042.32,8074042.32,7475965.11,7176926.5,assets/img/catalog/monitores/NBKCDP630.jpg,assets/img/catalog/monitores/NBKCDP630.jpg,https://static.ctonline.mx/imagenes/NBKCDP630/NBKCDP630_400.jpg
NBKCDP640,"UPS Trifásico Modular escalable CDP UPOXR-33 HM20, Gabinete con Capacidad de 20 Módulos de potencia de 20 KVA cada uno. Tecnología True Online doble conversión, cero tiempo de transferencia, Incluye Bypass mecánico, Onda Senoidal pura, factor de potencia >.99, Monitoreo vía, Wi-Fi, SNMP y contactos secos. Voltaje de entrada: 208/380/400, voltaje de salida 120/208/380 y 400 configurable, Frecuencia 50/60 (sensado automático), 5 Hilos; 3 fases, neutro y tierra. ES NECESARIO COTIZAR DIRECTAMENTE CON EL PRODUCT MANAGER. Garantia: 3 años en partes electrónicas y 2 años en baterías. : Las unidades deben ser instaladas por un técnico capacitado y aprobado por CDP para hacer efectiva la garantía.","UPS Trifásico Modular escalable CDP UPOXR-33 HM20, Gabinete con Capacidad de 20 Módulos de potencia de 20 KVA cada uno. Tecnología True Online doble conversión, cero tiempo de transferencia, Incluye Bypass mecánico, Onda Senoidal pura, factor de potencia >.99, Monitoreo vía, Wi-Fi, SNMP y contactos secos. Voltaje de entrada: 208/380/400, voltaje de salida 120/208/380 y 400 configurable, Frecuencia 50/60 (sensado automático), 5 Hilos; 3 fases, neutro y tierra. ES NECESARIO COTIZAR DIRECTAMENTE CON EL PRODUCT MANAGER. Garantia: 3 años en partes electrónicas y 2 años en baterías. : Las unidades deben ser instaladas por un técnico capacitado y aprobado por CDP para hacer efectiva la garantía.. Clave Oficial CT: NBKCDP640. Marca: CT.",ENERGIA,monitores,CT,777382.39,15158956.63,24254330.61,24254330.61,20464591.45,20464591.45,18948695.79,18190747.96,assets/img/catalog/monitores/NBKCDP640.jpg,assets/img/catalog/monitores/NBKCDP640.jpg,https://static.ctonline.mx/imagenes/NBKCDP640/NBKCDP640_400.jpg
NBKAPC1920,"No break APC SMT1000C, Capacidad 1000VA, 700watts, 120v, 8 tomacorrientes, 8 NEMA 5-15R (Respaldo de batería), Pantalla LCD, Software de monitoreo Powershure, Tiempo de respaldo de 18 minutos 1/2 carga. Tipo de onda: Senoidal, Tiempo de recarga típico 3 horas. Garantia 3 años directamente con APC.","No break APC SMT1000C, Capacidad 1000VA, 700watts, 120v, 8 tomacorrientes, 8 NEMA 5-15R (Respaldo de batería), Pantalla LCD, Software de monitoreo Powershure, Tiempo de respaldo de 18 minutos 1/2 carga. Tipo de onda: Senoidal, Tiempo de recarga típico 3 horas. Garantia 3 años directamente con APC.. Clave Oficial CT: NBKAPC1920. Marca: CT.",ENERGIA,monitores,CT,631.28,12309.89,19695.83,19695.83,16618.36,16618.36,15387.37,14771.87,assets/img/catalog/monitores/NBKAPC1920.jpg,assets/img/catalog/monitores/NBKAPC1920.jpg,https://static.ctonline.mx/imagenes/NBKAPC1920/NBKAPC1920_400.jpg
NBKAPC1910,"No break APC SMC1000C, Capacidad 1000VA, 600 watt, 120v, 8 tomacorrientes, 8 NEMA 5-15R (Respaldo de batería). Tiempo de respaldo de 16 minutos 1/2 carga. Pantalla LCD, Software de monitoreo Powershure, Tipo de onda: Senoidal, Tiempo de recarga típico 3 horas. Garantia 3 años directamente con APC.","No break APC SMC1000C, Capacidad 1000VA, 600 watt, 120v, 8 tomacorrientes, 8 NEMA 5-15R (Respaldo de batería). Tiempo de respaldo de 16 minutos 1/2 carga. Pantalla LCD, Software de monitoreo Powershure, Tipo de onda: Senoidal, Tiempo de recarga típico 3 horas. Garantia 3 años directamente con APC.. Clave Oficial CT: NBKAPC1910. Marca: CT.",ENERGIA,monitores,CT,423.46,8257.42,13211.87,13211.87,11147.52,11147.52,10321.78,9908.9,assets/img/catalog/monitores/NBKAPC1910.jpg,assets/img/catalog/monitores/NBKAPC1910.jpg,https://static.ctonline.mx/imagenes/NBKAPC1910/NBKAPC1910_400.jpg
NBKAPC1930,"No break APC SMC1500C, Capacidad 1440VA, 900 watts, 120v, 8 tomacorrientes, 8 NEMA 5-15R (Respaldo de batería). Tiempo de respaldo de 14 minutos 1/2 carga. Pantalla LCD, Software de monitoreo Powershure, Tipo de onda: Senoidal, Tiempo de recarga típico 3 horas. Garantia 3 años directamente con APC.","No break APC SMC1500C, Capacidad 1440VA, 900 watts, 120v, 8 tomacorrientes, 8 NEMA 5-15R (Respaldo de batería). Tiempo de respaldo de 14 minutos 1/2 carga. Pantalla LCD, Software de monitoreo Powershure, Tipo de onda: Senoidal, Tiempo de recarga típico 3 horas. Garantia 3 años directamente con APC.. Clave Oficial CT: NBKAPC1930. Marca: CT.",ENERGIA,monitores,CT,536.76,10466.73,16746.77,16746.77,14130.08,14130.08,13083.41,12560.07,assets/img/catalog/monitores/NBKAPC1930.jpg,assets/img/catalog/monitores/NBKAPC1930.jpg,https://static.ctonline.mx/imagenes/NBKAPC1930/NBKAPC1930_400.jpg
NBKAPC1650,"No break APC SRT2200RMXLA, Capacidad 2200va, 1800watts, 120v, 7 tomas corrientes, 6 NEMA 5-20R (Respaldo de batería), 1 NEMA 5-20R (Respaldo de batería), Tiempo de respaldo de 10 minutos 1/2 carga, Pantalla LCD, Software de monitoreo Powershure, Tipo de onda: Senoidal doble conversión, Tiempo de recarga típico 3 horas, Garantia 3 años directamente con APC.","No break APC SRT2200RMXLA, Capacidad 2200va, 1800watts, 120v, 7 tomas corrientes, 6 NEMA 5-20R (Respaldo de batería), 1 NEMA 5-20R (Respaldo de batería), Tiempo de respaldo de 10 minutos 1/2 carga, Pantalla LCD, Software de monitoreo Powershure, Tipo de onda: Senoidal doble conversión, Tiempo de recarga típico 3 horas, Garantia 3 años directamente con APC.. Clave Oficial CT: NBKAPC1650. Marca: CT.",ENERGIA,monitores,CT,1380.85,26926.6,43082.55,43082.55,36350.9,36350.9,33658.24,32311.91,assets/img/catalog/monitores/NBKAPC1650.jpg,assets/img/catalog/monitores/NBKAPC1650.jpg,https://static.ctonline.mx/imagenes/NBKAPC1650/NBKAPC1650_400.jpg
NBKAPC1520,"No break APC SRT3000XLT, Capacidad 3000va, 2700watts, 208v, 3 tomacorrientes, 1 NEMA 6-30R (Respaldo de batería), 2 NEMA 6-20R (Respaldo de batería), Tiempo de respaldo de 12 minutos 1/2 carga, Pantalla LCD, Software de monitoreo Powershur, Tipo de onda: Senoidal doble conversión, Tiempo de recarga típico 3horas, Garantia 3 años directamente con APC.","No break APC SRT3000XLT, Capacidad 3000va, 2700watts, 208v, 3 tomacorrientes, 1 NEMA 6-30R (Respaldo de batería), 2 NEMA 6-20R (Respaldo de batería), Tiempo de respaldo de 12 minutos 1/2 carga, Pantalla LCD, Software de monitoreo Powershur, Tipo de onda: Senoidal doble conversión, Tiempo de recarga típico 3horas, Garantia 3 años directamente con APC.. Clave Oficial CT: NBKAPC1520. Marca: CT.",ENERGIA,monitores,CT,1877.29,36607.1,58571.36,58571.36,49419.59,49419.59,45758.88,43928.52,assets/img/catalog/monitores/NBKAPC1520.jpg,assets/img/catalog/monitores/NBKAPC1520.jpg,https://static.ctonline.mx/imagenes/NBKAPC1520/NBKAPC1520_400.jpg
NBKAPC1430,"No break APC SRT3000RMXLT, Capacidad 3000va, 2700watts, 208v, 3 tomacorrientes, 1 NEMA 6-30R (Respaldo de batería), 2 NEMA 6-20R (Respaldo de batería), incluye rieles, Tiempo de respaldo de 12 minutos 1/2 carga, Pantalla LCD, Software de monitoreo Powershur, Tipo de onda: Senoidal doble conversión, Tiempo de recarga típico 3horas, Garantia 3 años directamente con APC.","No break APC SRT3000RMXLT, Capacidad 3000va, 2700watts, 208v, 3 tomacorrientes, 1 NEMA 6-30R (Respaldo de batería), 2 NEMA 6-20R (Respaldo de batería), incluye rieles, Tiempo de respaldo de 12 minutos 1/2 carga, Pantalla LCD, Software de monitoreo Powershur, Tipo de onda: Senoidal doble conversión, Tiempo de recarga típico 3horas, Garantia 3 años directamente con APC.. Clave Oficial CT: NBKAPC1430. Marca: CT.",ENERGIA,monitores,CT,1988.83,38782.18,62051.49,62051.49,52355.94,52355.94,48477.73,46538.62,assets/img/catalog/monitores/NBKAPC1430.jpg,assets/img/catalog/monitores/NBKAPC1430.jpg,https://static.ctonline.mx/imagenes/NBKAPC1430/NBKAPC1430_400.jpg
NBKVIC390,"No break con regulador integrado marca VICA modelo OPTIMA 500 500VA/240W, entrada voltaje 110/120 +/- 10%, Rango de Voltaje 81 - 145 VCA , Tipo de conexión NEMA 5 - 15 P, SALIDA Voltaje 120 +/- 10%, Regulación de voltaje de CA (modo de batería) +/- 10%, Tiempo de transferencia Típica 2 - 6 ms, Forma de onda (modo de batería) Cuasisenoidal, Factor de potencia 0.5, Tomas de salida 6 tomas reguladas y respaldadas NEMA 5 - 15 R, BATERÍA Tipo y número de batería 12 V/4.5Ahx1 (batería sellada libre de mantenimiento), Tiempo típico de recarga 4 - 6 horas de recuperación al 90% de capacidad, Protección de línea RJ11 y RJ45. Peso neto (Kg) 3.55, Dimensiones (mm.) (Largo x Ancho x Alto) 279x101x142 Normas aplicables NOM 001-SCFI-1993, Software inteligente de monitoreo a través de puerto USB.","No break con regulador integrado marca VICA modelo OPTIMA 500 500VA/240W, entrada voltaje 110/120 +/- 10%, Rango de Voltaje 81 - 145 VCA , Tipo de conexión NEMA 5 - 15 P, SALIDA Voltaje 120 +/- 10%, Regulación de voltaje de CA (modo de batería) +/- 10%, Tiempo de transferencia Típica 2 - 6 ms, Forma de onda (modo de batería) Cuasisenoidal, Factor de potencia 0.5, Tomas de salida 6 tomas reguladas y respaldadas NEMA 5 - 15 R, BATERÍA Tipo y número de batería 12 V/4.5Ahx1 (batería sellada libre de mantenimiento), Tiempo típico de recarga 4 - 6 horas de recuperación al 90% de capacidad, Protección de línea RJ11 y RJ45. Peso neto (Kg) 3.55, Dimensiones (mm.) (Largo x Ancho x Alto) 279x101x142 Normas aplicables NOM 001-SCFI-1993, Software inteligente de monitoreo a través de puerto USB.. Clave Oficial CT: NBKVIC390. Marca: CT.",ENERGIA,monitores,CT,944.44,18416.67,29466.67,29466.67,24862.5,24862.5,23020.83,22100.0,assets/img/catalog/monitores/NBKVIC390.jpg,assets/img/catalog/monitores/NBKVIC390.jpg,https://static.ctonline.mx/imagenes/NBKVIC390/NBKVIC390_400.jpg
NBKVIC370,"No break con regulador integrado marca VICA modelo OPTIMA 750 750VA/360W, Entrada Voltaje 110/120 +/- 10%, Rango de Voltaje 81 - 145 VCA, Tipo de conexión NEMA 5 - 15 P, Salida Voltaje 120 +/- 10%, Rango de Frecuencia (modo de batería) 60 Hz, Regulación de voltaje de CA (modo de batería) +/- 10%, Tiempo de transferencia Típica 2 - 6 ms, Forma de onda (modo de batería) Cuasisenoidal, Eficiencia 99 %, Factor de potencia 0.5, Tomas de salida 6 tomas reguladas y respaldadas NEMA 5-15 R, Tipo y número de batería 12 V/7Ahx1 (batería sellada libre de mantenimiento), Tiempo típico de recarga 4 - 6 horas de recuperación al 90% de capacidad, Protección de línea RJ11 y RJ45, Dimensiones (mm.) (Largo x Ancho x Alto) 279x101x142, Peso neto (Kg) 4.2, Normas aplicables NOM 001-SCFI-1993, Software inteligente de monitoreo a través de puerto USB.","No break con regulador integrado marca VICA modelo OPTIMA 750 750VA/360W, Entrada Voltaje 110/120 +/- 10%, Rango de Voltaje 81 - 145 VCA, Tipo de conexión NEMA 5 - 15 P, Salida Voltaje 120 +/- 10%, Rango de Frecuencia (modo de batería) 60 Hz, Regulación de voltaje de CA (modo de batería) +/- 10%, Tiempo de transferencia Típica 2 - 6 ms, Forma de onda (modo de batería) Cuasisenoidal, Eficiencia 99 %, Factor de potencia 0.5, Tomas de salida 6 tomas reguladas y respaldadas NEMA 5-15 R, Tipo y número de batería 12 V/7Ahx1 (batería sellada libre de mantenimiento), Tiempo típico de recarga 4 - 6 horas de recuperación al 90% de capacidad, Protección de línea RJ11 y RJ45, Dimensiones (mm.) (Largo x Ancho x Alto) 279x101x142, Peso neto (Kg) 4.2, Normas aplicables NOM 001-SCFI-1993, Software inteligente de monitoreo a través de puerto USB.. Clave Oficial CT: NBKVIC370. Marca: CT.",ENERGIA,monitores,CT,1143.33,22295.0,35672.0,35672.0,30098.25,30098.25,27868.75,26754.0,assets/img/catalog/monitores/NBKVIC370.jpg,assets/img/catalog/monitores/NBKVIC370.jpg,https://static.ctonline.mx/imagenes/NBKVIC370/NBKVIC370_400.jpg
NBKVIC960,"No break con regulador integrado marca VICA modelo OPTIMA 800 800VA/480W, excelente control por microprocesador que garantiza alta fiabilidad, reinicio automático mientras AC se recupera, tamaño compacto y función de arranque en frio. Entrada Voltaje 120/127 +/-5%, Rango de Voltaje 95-140 VCA, 50/60Hz (autosensible) Tipo de conexión NEMA 5-15P, Salida; Modo batería: Cuasisenoidal / Modo línea: Senoidal, Salida Voltaje 120 +/-5%, Rango de Frecuencia (modo de batería) 60Hz +/-1Hz, Tiempo de transferencia Típica 4 ms máximo, Forma de onda (modo de batería) Cuasisenoidal, Eficiencia 99 %, Factor de potencia 0.6, Tomas de salida 6 NEMA 5-15R, 2 reguladas y 4 respaldadas, Tipo y número de batería 12 V/9Ahx1 13.7 VCD (batería sellada libre de mantenimiento), Tiempo de respaldo; 25 minutos a una carga no mayor de 90W (típico), breaker térmico para protección completa contra sobre carga y descarga 3 indicadores LED´s indicadores que indican el estado del UPS, Tiempo típico de recarga 4-6 horas de recuperación al 90% de capacidad, Protección de línea RJ11/45, Dimensiones (mm.) (Largo x Ancho x Alto) 279x101x142, Peso neto (Kg) 4.9, Normas aplicables NOM 001-SCFI-2018, Software inteligente de monitoreo a través de puerto USB.","No break con regulador integrado marca VICA modelo OPTIMA 800 800VA/480W, excelente control por microprocesador que garantiza alta fiabilidad, reinicio automático mientras AC se recupera, tamaño compacto y función de arranque en frio. Entrada Voltaje 120/127 +/-5%, Rango de Voltaje 95-140 VCA, 50/60Hz (autosensible) Tipo de conexión NEMA 5-15P, Salida; Modo batería: Cuasisenoidal / Modo línea: Senoidal, Salida Voltaje 120 +/-5%, Rango de Frecuencia (modo de batería) 60Hz +/-1Hz, Tiempo de transferencia Típica 4 ms máximo, Forma de onda (modo de batería) Cuasisenoidal, Eficiencia 99 %, Factor de potencia 0.6, Tomas de salida 6 NEMA 5-15R, 2 reguladas y 4 respaldadas, Tipo y número de batería 12 V/9Ahx1 13.7 VCD (batería sellada libre de mantenimiento), Tiempo de respaldo; 25 minutos a una carga no mayor de 90W (típico), breaker térmico para protección completa contra sobre carga y descarga 3 indicadores LED´s indicadores que indican el estado del UPS, Tiempo típico de recarga 4-6 horas de recuperación al 90% de capacidad, Protección de línea RJ11/45, Dimensiones (mm.) (Largo x Ancho x Alto) 279x101x142, Peso neto (Kg) 4.9, Normas aplicables NOM 001-SCFI-2018, Software inteligente de monitoreo a través de puerto USB.. Clave Oficial CT: NBKVIC960. Marca: CT.",ENERGIA,monitores,CT,1200.0,23400.0,37440.0,37440.0,31590.0,31590.0,29250.0,28080.0,assets/img/catalog/monitores/NBKVIC960.jpg,assets/img/catalog/monitores/NBKVIC960.jpg,https://static.ctonline.mx/imagenes/NBKVIC960/NBKVIC960_400.jpg
NBKVIC360,"No break con regulador integrado marca VICA modelo OPTIMA K 1000VA/500W, Entrada Voltaje 110/120 +/- 10%, Rango de Frecuencia 60/50 Hz (Auto sensible), Rango de Voltaje 81 ~ 145 Vca, Voltaje de Salida 120 +/- 10%, Frecuencia de rango 60 Hz +/-1 Hz, Voltaje de regulación (modo batería) +/-10%, Tipo de onda Cuasisenoidal, Tiempo de transferencia 2 ~ 6 ms, Consumo 7 A, Tipo y número 12Vcc/9Ah, Tiempo de carga 4~6 horas para 90% de carga, Carga flotante de voltaje 13.7 Vcd, Protección completa Sobrecarga y protección de sobrecarga, Número de tomas 6 tipo NEMA 5-15R reguladas y respaldadas con supresión de picos, Protección de línea RJ11 y RJ45, Indicadores visuales LED, Software de monitoreo Sí, Protección contra sobrecarga Breaker Térmico, Dimensiones (mm.) 279x101x142, Peso (Kg) 4.9, Normas aplicables NOM 001-SCFI-1993, Software inteligente de monitoreo a través de puerto USB.","No break con regulador integrado marca VICA modelo OPTIMA K 1000VA/500W, Entrada Voltaje 110/120 +/- 10%, Rango de Frecuencia 60/50 Hz (Auto sensible), Rango de Voltaje 81 ~ 145 Vca, Voltaje de Salida 120 +/- 10%, Frecuencia de rango 60 Hz +/-1 Hz, Voltaje de regulación (modo batería) +/-10%, Tipo de onda Cuasisenoidal, Tiempo de transferencia 2 ~ 6 ms, Consumo 7 A, Tipo y número 12Vcc/9Ah, Tiempo de carga 4~6 horas para 90% de carga, Carga flotante de voltaje 13.7 Vcd, Protección completa Sobrecarga y protección de sobrecarga, Número de tomas 6 tipo NEMA 5-15R reguladas y respaldadas con supresión de picos, Protección de línea RJ11 y RJ45, Indicadores visuales LED, Software de monitoreo Sí, Protección contra sobrecarga Breaker Térmico, Dimensiones (mm.) 279x101x142, Peso (Kg) 4.9, Normas aplicables NOM 001-SCFI-1993, Software inteligente de monitoreo a través de puerto USB.. Clave Oficial CT: NBKVIC360. Marca: CT.",ENERGIA,monitores,CT,1477.78,28816.67,46106.67,46106.67,38902.5,38902.5,36020.83,34580.0,assets/img/catalog/monitores/NBKVIC360.jpg,assets/img/catalog/monitores/NBKVIC360.jpg,https://static.ctonline.mx/imagenes/NBKVIC360/NBKVIC360_400.jpg
NBKVIC400,"No break con regulador integrado marca VICA modelo OPTIMA 1250 1250VA/600W, Entrada Voltaje 110/120 +/- 10% Consumo de energía 10 A, Salida Tensión de salida en modo batería 120 +/- 10%, Tipo de onda (modo de batería) Cuasisenoidal, Tiempo de transferencia Típica 2 ~ 6 ms, batería Tipo y número 12Vcc/7Ahx2, Tiempo de carga 8 horas para 90% de carga, Número de tomas 6 tipo NEMA 5-15R reguladas y respaldadas con supresión de picos, Protección de línea RJ11 y RJ45, Indicadores visuales LED, Software de monitoreo Sí, Protección contra sobrecarga Breaker Térmico, Dimensiones (mm.) (Largo x Ancho x Alto) 320x120x180, Peso (Kg) 7,-Normas aplicables NOM 001-SCFI-1993, Software inteligente de monitoreo a través de puerto USB.","No break con regulador integrado marca VICA modelo OPTIMA 1250 1250VA/600W, Entrada Voltaje 110/120 +/- 10% Consumo de energía 10 A, Salida Tensión de salida en modo batería 120 +/- 10%, Tipo de onda (modo de batería) Cuasisenoidal, Tiempo de transferencia Típica 2 ~ 6 ms, batería Tipo y número 12Vcc/7Ahx2, Tiempo de carga 8 horas para 90% de carga, Número de tomas 6 tipo NEMA 5-15R reguladas y respaldadas con supresión de picos, Protección de línea RJ11 y RJ45, Indicadores visuales LED, Software de monitoreo Sí, Protección contra sobrecarga Breaker Térmico, Dimensiones (mm.) (Largo x Ancho x Alto) 320x120x180, Peso (Kg) 7,-Normas aplicables NOM 001-SCFI-1993, Software inteligente de monitoreo a través de puerto USB.. Clave Oficial CT: NBKVIC400. Marca: CT.",ENERGIA,monitores,CT,1888.89,36833.33,58933.33,58933.33,49725.0,49725.0,46041.67,44200.0,assets/img/catalog/monitores/NBKVIC400.jpg,assets/img/catalog/monitores/NBKVIC400.jpg,https://static.ctonline.mx/imagenes/NBKVIC400/NBKVIC400_400.jpg
NBKVIC700,"No break con regulador integrado marca VICA modelo OPTIMA 1500 1500VA/900W, Entrada Voltaje 110/120 +/- 10%, Rango de Frecuencia 60 Hz (Detección automática), Rango de Voltaje 81 ~ 145 VCA, Tipo de conexión NEMA 5 - 15 P, Salida Voltaje 120 +/- 10%, Rango de Frecuencia (modo batería) 60 Hz +/-1 Hz, Regulación de voltaje de CA (modo batería) +/-10%, Forma de onda (modo de batería) Cuasisenoidal, Tiempo de transferencia Típica 2 ~ 6 ms, Tomas de salida 8 tomas reguladas y respaldadas, Tipo y número 12 V/9Ahx2 (Batería sellada libre de mantenimiento.) Tiempo típico de recarga 4~6 horas de recuperación al 90% de capacidad, Protección de línea RJ11 y RJ45, Dimensión (mm.) 320x130x182, Peso neto (Kg) 10.4, Normas aplicables NOM 001-SCFI-1993, Software inteligente de monitoreo a través de puerto USB.","No break con regulador integrado marca VICA modelo OPTIMA 1500 1500VA/900W, Entrada Voltaje 110/120 +/- 10%, Rango de Frecuencia 60 Hz (Detección automática), Rango de Voltaje 81 ~ 145 VCA, Tipo de conexión NEMA 5 - 15 P, Salida Voltaje 120 +/- 10%, Rango de Frecuencia (modo batería) 60 Hz +/-1 Hz, Regulación de voltaje de CA (modo batería) +/-10%, Forma de onda (modo de batería) Cuasisenoidal, Tiempo de transferencia Típica 2 ~ 6 ms, Tomas de salida 8 tomas reguladas y respaldadas, Tipo y número 12 V/9Ahx2 (Batería sellada libre de mantenimiento.) Tiempo típico de recarga 4~6 horas de recuperación al 90% de capacidad, Protección de línea RJ11 y RJ45, Dimensión (mm.) 320x130x182, Peso neto (Kg) 10.4, Normas aplicables NOM 001-SCFI-1993, Software inteligente de monitoreo a través de puerto USB.. Clave Oficial CT: NBKVIC700. Marca: CT.",ENERGIA,monitores,CT,3087.78,60211.67,96338.67,96338.67,81285.75,81285.75,75264.58,72254.0,assets/img/catalog/monitores/NBKVIC700.jpg,assets/img/catalog/monitores/NBKVIC700.jpg,https://static.ctonline.mx/imagenes/NBKVIC700/NBKVIC700_400.jpg
NBKVIC690,"No break con regulador integrado marca VICA modelo OPTIMA 2000 2000VA/1200W, entrada voltaje 110/120 +/- 10%, Rango de Frecuencia 60 Hz, Rango de Voltaje 81 ~ 145 VCA, Tipo de conexión NEMA 5 - 15 P, Salida Voltaje 120 +/- 10%, Rango de Frecuencia (modo de batería) 60 +/-1 Hz, Regulación de voltaje de CA (modo batería) +/-10%, Forma de onda (modo de batería) Cuasisenoidal, Tiempo de transferencia Típica 2 ~ 6 ms, Tomas de salida 8 tomas reguladas y respaldadas, Tipo y número 12 V/9Ahx2 (Batería sellada libre de mantenimiento.) Tiempo típico de recarga 4~6 horas de recuperación al 90% de capacidad, Protección de línea RJ11 y RJ45, Dimensiones (mm.) 320x130x182, Peso neto (Kg) 11, Normas aplicables NOM 001-SCFI-1993, Software inteligente de monitoreo a través de puerto USB.","No break con regulador integrado marca VICA modelo OPTIMA 2000 2000VA/1200W, entrada voltaje 110/120 +/- 10%, Rango de Frecuencia 60 Hz, Rango de Voltaje 81 ~ 145 VCA, Tipo de conexión NEMA 5 - 15 P, Salida Voltaje 120 +/- 10%, Rango de Frecuencia (modo de batería) 60 +/-1 Hz, Regulación de voltaje de CA (modo batería) +/-10%, Forma de onda (modo de batería) Cuasisenoidal, Tiempo de transferencia Típica 2 ~ 6 ms, Tomas de salida 8 tomas reguladas y respaldadas, Tipo y número 12 V/9Ahx2 (Batería sellada libre de mantenimiento.) Tiempo típico de recarga 4~6 horas de recuperación al 90% de capacidad, Protección de línea RJ11 y RJ45, Dimensiones (mm.) 320x130x182, Peso neto (Kg) 11, Normas aplicables NOM 001-SCFI-1993, Software inteligente de monitoreo a través de puerto USB.. Clave Oficial CT: NBKVIC690. Marca: CT.",ENERGIA,monitores,CT,4222.22,82333.33,131733.33,131733.33,111150.0,111150.0,102916.67,98800.0,assets/img/catalog/monitores/NBKVIC690.jpg,assets/img/catalog/monitores/NBKVIC690.jpg,https://static.ctonline.mx/imagenes/NBKVIC690/NBKVIC690_400.jpg
NBKVIC970,"UPS Online interactivo VICA modelo BETA INTERACTIVE 1.5K 1500va/900w Forma de onda: Onda sinusoidal modificada, Voltaje de salida: 120 VCA  ± 10%, 8 tomas con batería de respaldo NEMA5-15P Batería 12V/9Ah, Protección de 175 Joules, Puerto RJ45, Frecuencia. 50/60Hz, Software de monitoreo, Pantalla LCD, diseño rackeable, Garantía: 2 años.","UPS Online interactivo VICA modelo BETA INTERACTIVE 1.5K 1500va/900w Forma de onda: Onda sinusoidal modificada, Voltaje de salida: 120 VCA  ± 10%, 8 tomas con batería de respaldo NEMA5-15P Batería 12V/9Ah, Protección de 175 Joules, Puerto RJ45, Frecuencia. 50/60Hz, Software de monitoreo, Pantalla LCD, diseño rackeable, Garantía: 2 años.. Clave Oficial CT: NBKVIC970. Marca: CT.",ENERGIA,monitores,CT,5444.44,106166.67,169866.67,169866.67,143325.0,143325.0,132708.33,127400.0,assets/img/catalog/monitores/NBKVIC970.jpg,assets/img/catalog/monitores/NBKVIC970.jpg,https://static.ctonline.mx/imagenes/NBKVIC970/NBKVIC970_400.jpg
NBKVIC850,"UPS Online con doble conversión torre marca VICA modelo GAMMA 3K-220V 1000 3000VA/2700W, 4 tomas 5-15/20R con supresor de picos, reguladas y respaldadas, Entrada CA; L5-30P, Entrada; Amplio rango de voltaje 120-300VCA a una carga del 50% y 180-300VCA a una carga del 100%, Rango de frecuencia 40Hz ~ 70 Hz, Factor de potencia, Salida; Voltaje de salida 208/220/230/240 VCA, Regulación de voltaje de CA ±1% (Modo batería), Rango de frecuencia (Modo batería) 50 Hz ± 0,5 Hz o 60 Hz ± 0,3 Hz, Rango de frecuencia 47 ~ 53 Hz o 57 ~ 63 Hz, Tiempo de Transferencia Modo AC (Modo batería) Cero. Baterías 12V/9amp*6, Tiempo de recarga 4 horas al 90%. Dimensiones UPS 421 x 190 x 318, peso UPS; 27.6kg, Puerto de comunicación RS-232/USB, Tarjeta SNMP (Se vende por separado), Software inteligente de monitoreo a través de puerto Normas aplicables NOM 001-SCFI-1993.","UPS Online con doble conversión torre marca VICA modelo GAMMA 3K-220V 1000 3000VA/2700W, 4 tomas 5-15/20R con supresor de picos, reguladas y respaldadas, Entrada CA; L5-30P, Entrada; Amplio rango de voltaje 120-300VCA a una carga del 50% y 180-300VCA a una carga del 100%, Rango de frecuencia 40Hz ~ 70 Hz, Factor de potencia, Salida; Voltaje de salida 208/220/230/240 VCA, Regulación de voltaje de CA ±1% (Modo batería), Rango de frecuencia (Modo batería) 50 Hz ± 0,5 Hz o 60 Hz ± 0,3 Hz, Rango de frecuencia 47 ~ 53 Hz o 57 ~ 63 Hz, Tiempo de Transferencia Modo AC (Modo batería) Cero. Baterías 12V/9amp*6, Tiempo de recarga 4 horas al 90%. Dimensiones UPS 421 x 190 x 318, peso UPS; 27.6kg, Puerto de comunicación RS-232/USB, Tarjeta SNMP (Se vende por separado), Software inteligente de monitoreo a través de puerto Normas aplicables NOM 001-SCFI-1993.. Clave Oficial CT: NBKVIC850. Marca: CT.",ENERGIA,monitores,CT,17555.56,342333.33,547733.33,547733.33,462150.0,462150.0,427916.67,410800.0,assets/img/catalog/monitores/NBKVIC850.jpg,assets/img/catalog/monitores/NBKVIC850.jpg,https://static.ctonline.mx/imagenes/NBKVIC850/NBKVIC850_400.jpg
NBKVIC900,"UPS Online con doble conversión Torre/Rack marca VICA modelo ALPHA 3K 3000VA/3000W, clavija de entrada NEMA L5-30P y 8 tomas de salida NEMA 5-20R y NEMA L5-30R con supresor de picos, reguladas y  respaldadas, Amplio rango de voltaje (55-150 VCA), Rango de frecuencia 40Hz-70Hz, Factor de Potencia- Voltaje 0.99 normal, Salida Tensión de Salida 100/110/115/120/127 Vca, AC Regulación de Voltaje +/- 1%, Rango de Frecuencia (Rango Sincronizado) 48-52Hz o 58-62Hz, Rango de Frecuencia (Modo Batería) 50 Hz +/- 0,1 Hz o 60 Hz +/- 0,1 Hz, Relación Actual de la Cresta (CF) 3 (máx.) 1, Distorsión Armónica < 2% (carga lineal) < 4% (carga no lineal), Tiempo de Transferencia cero, Forma de Onda Senoidal Pura, Tipo de Batería 12V/9Ah*6, Dimensiones (mm.) 600x438x85, peso 28 kg, software de monitoreo y Puertos de comunicación SNMP/USB/RS-232, SNMP Opcional, Normas aplicables NOM 001-SCFI-1993","UPS Online con doble conversión Torre/Rack marca VICA modelo ALPHA 3K 3000VA/3000W, clavija de entrada NEMA L5-30P y 8 tomas de salida NEMA 5-20R y NEMA L5-30R con supresor de picos, reguladas y  respaldadas, Amplio rango de voltaje (55-150 VCA), Rango de frecuencia 40Hz-70Hz, Factor de Potencia- Voltaje 0.99 normal, Salida Tensión de Salida 100/110/115/120/127 Vca, AC Regulación de Voltaje +/- 1%, Rango de Frecuencia (Rango Sincronizado) 48-52Hz o 58-62Hz, Rango de Frecuencia (Modo Batería) 50 Hz +/- 0,1 Hz o 60 Hz +/- 0,1 Hz, Relación Actual de la Cresta (CF) 3 (máx.) 1, Distorsión Armónica < 2% (carga lineal) < 4% (carga no lineal), Tiempo de Transferencia cero, Forma de Onda Senoidal Pura, Tipo de Batería 12V/9Ah*6, Dimensiones (mm.) 600x438x85, peso 28 kg, software de monitoreo y Puertos de comunicación SNMP/USB/RS-232, SNMP Opcional, Normas aplicables NOM 001-SCFI-1993. Clave Oficial CT: NBKVIC900. Marca: CT.",ENERGIA,monitores,CT,19888.89,387833.33,620533.33,620533.33,523575.0,523575.0,484791.67,465400.0,assets/img/catalog/monitores/NBKVIC900.jpg,assets/img/catalog/monitores/NBKVIC900.jpg,https://static.ctonline.mx/imagenes/NBKVIC900/NBKVIC900_400.jpg
NBKVIC990,"UPS doble conversión doble conversión VICA modelo ALPHA LITIO 3K 3000VA/2700 W Voltaje de Salida: 10*/110/115/120/125/127 VCA, Forma de Onda: Senoidal Pura, Factor potencia Salida: 0,99 Rango de frecuencia: 40Hz ~ 70Hz, Pantalla LED, Software de monitoreo, hasta 8 tomas con supresor de picos, reguladas y respaldadas, Tarjeta SNMP (Opcional) y Puerto RJ45, Garantía: 2 años de garantía en partes y 1 en batería.","UPS doble conversión doble conversión VICA modelo ALPHA LITIO 3K 3000VA/2700 W Voltaje de Salida: 10*/110/115/120/125/127 VCA, Forma de Onda: Senoidal Pura, Factor potencia Salida: 0,99 Rango de frecuencia: 40Hz ~ 70Hz, Pantalla LED, Software de monitoreo, hasta 8 tomas con supresor de picos, reguladas y respaldadas, Tarjeta SNMP (Opcional) y Puerto RJ45, Garantía: 2 años de garantía en partes y 1 en batería.. Clave Oficial CT: NBKVIC990. Marca: CT.",ENERGIA,monitores,CT,55611.11,1084416.67,1735066.67,1735066.67,1463962.5,1463962.5,1355520.83,1301300.0,assets/img/catalog/monitores/NBKVIC990.jpg,assets/img/catalog/monitores/NBKVIC990.jpg,https://static.ctonline.mx/imagenes/NBKVIC990/NBKVIC990_400.jpg
NBKVIC160,"No break con regulador integrado marca VICA modelo S 900 900VA/550W  Color Blanco, Entrada Voltaje 127 VCA 60 Hz, Consumo de energía 9 A, Salida Tensión de salida en modo batería 120 VCA +/- 10%, Tiempo de transferencia Típica 2-6 ms, Tipo de onda (modo de batería) Cuasisenoidal, Batería Tipo y número 12Vcc/9Ahx1, Tiempo de carga 8 horas para 90% de carga, Número de tomas 6 tipo NEMA 5-15R respaldadas y reguladas, Protección de línea RJ11, Software inteligente de monitoreo a través de puerto USB, Indicadores visuales en pantalla LCD, Protección contra sobrecarga Breaker Térmico, Peso (Kg) 4.9, Dimensión (mm.) (Largo x Ancho x Alto) 290x140x100, Normas aplicables NOM 001-SCFI-1993.","No break con regulador integrado marca VICA modelo S 900 900VA/550W  Color Blanco, Entrada Voltaje 127 VCA 60 Hz, Consumo de energía 9 A, Salida Tensión de salida en modo batería 120 VCA +/- 10%, Tiempo de transferencia Típica 2-6 ms, Tipo de onda (modo de batería) Cuasisenoidal, Batería Tipo y número 12Vcc/9Ahx1, Tiempo de carga 8 horas para 90% de carga, Número de tomas 6 tipo NEMA 5-15R respaldadas y reguladas, Protección de línea RJ11, Software inteligente de monitoreo a través de puerto USB, Indicadores visuales en pantalla LCD, Protección contra sobrecarga Breaker Térmico, Peso (Kg) 4.9, Dimensión (mm.) (Largo x Ancho x Alto) 290x140x100, Normas aplicables NOM 001-SCFI-1993.. Clave Oficial CT: NBKVIC160. Marca: CT.",ENERGIA,monitores,CT,1931.11,37656.67,60250.67,60250.67,50836.5,50836.5,47070.83,45188.0,assets/img/catalog/monitores/NBKVIC160.jpg,assets/img/catalog/monitores/NBKVIC160.jpg,https://static.ctonline.mx/imagenes/NBKVIC160/NBKVIC160_400.jpg
NBKVIC150,"No break con regulador integrado marca VICA modelo S 1600 1600VA/900W Entrada Voltaje 127 VCA 60 Hz, Consumo de energía 15 A, Salida Tensión de salida en modo batería 120 VCA +/- 10%, Tiempo de transferencia 2-6 ms, Tipo de onda (modo de batería) Cuasisenoidal, Tipo y número 12Vcc/9Ahx2, Tiempo de carga 8 horas para 90% de carga, 8 tomas tipo NEMA 5-15R (4 reguladas y respaldadas y 4 solo con supresión de picos), Indicadores visuales en pantalla LCD, Software inteligente de monitoreo a través de puerto USB. Protección contra sobrecarga Breaker Térmico, Dimensión (mm.) 390x150x210, Peso (Kg) 12, Normas aplicables NOM 001-SCFI-1993,","No break con regulador integrado marca VICA modelo S 1600 1600VA/900W Entrada Voltaje 127 VCA 60 Hz, Consumo de energía 15 A, Salida Tensión de salida en modo batería 120 VCA +/- 10%, Tiempo de transferencia 2-6 ms, Tipo de onda (modo de batería) Cuasisenoidal, Tipo y número 12Vcc/9Ahx2, Tiempo de carga 8 horas para 90% de carga, 8 tomas tipo NEMA 5-15R (4 reguladas y respaldadas y 4 solo con supresión de picos), Indicadores visuales en pantalla LCD, Software inteligente de monitoreo a través de puerto USB. Protección contra sobrecarga Breaker Térmico, Dimensión (mm.) 390x150x210, Peso (Kg) 12, Normas aplicables NOM 001-SCFI-1993,. Clave Oficial CT: NBKVIC150. Marca: CT.",ENERGIA,monitores,CT,4811.11,93816.67,150106.67,150106.67,126652.5,126652.5,117270.83,112580.0,assets/img/catalog/monitores/NBKVIC150.jpg,assets/img/catalog/monitores/NBKVIC150.jpg,https://static.ctonline.mx/imagenes/NBKVIC150/NBKVIC150_400.jpg
NBKVIC140,"No break con regulador integrado marca VICA modelo S 2200 2200VA/1200W  Entrada Voltaje 127 VCA 60 Hz, Consumo de energía 20 A, Salida Tensión de salida en modo batería 120 VCA +/- 10%, Tiempo de transferencia 2-6 ms, Tipo de onda (modo de batería) Cuasisenoidal, Tipo y número 12Vcc/9Ahx2, Tiempo de carga 8 horas para 90% de carga, Número de tomas 8 tipo NEMA 5-15R, Protección de línea RJ11/45, Software inteligente de monitoreo a través de puerto USB, Indicadores visuales en pantalla LCD, Protección contra sobrecarga Breaker Térmico, Dimensión (mm.) (Largo x Ancho x Alto) 293x150x200, Peso (Kg) 11.5, Normas aplicables NOM 001-SCFI-1993.","No break con regulador integrado marca VICA modelo S 2200 2200VA/1200W  Entrada Voltaje 127 VCA 60 Hz, Consumo de energía 20 A, Salida Tensión de salida en modo batería 120 VCA +/- 10%, Tiempo de transferencia 2-6 ms, Tipo de onda (modo de batería) Cuasisenoidal, Tipo y número 12Vcc/9Ahx2, Tiempo de carga 8 horas para 90% de carga, Número de tomas 8 tipo NEMA 5-15R, Protección de línea RJ11/45, Software inteligente de monitoreo a través de puerto USB, Indicadores visuales en pantalla LCD, Protección contra sobrecarga Breaker Térmico, Dimensión (mm.) (Largo x Ancho x Alto) 293x150x200, Peso (Kg) 11.5, Normas aplicables NOM 001-SCFI-1993.. Clave Oficial CT: NBKVIC140. Marca: CT.",ENERGIA,monitores,CT,5777.78,112666.67,180266.67,180266.67,152100.0,152100.0,140833.33,135200.0,assets/img/catalog/monitores/NBKVIC140.jpg,assets/img/catalog/monitores/NBKVIC140.jpg,https://static.ctonline.mx/imagenes/NBKVIC140/NBKVIC140_400.jpg
NBKVIC240,"No break con regulador integrado marca VICA modelo S 3000 3000VA/1800W Entrada Voltaje 127 VCA, Rango de Voltaje 85 - 145 VCA, Consumo de energía 15 A Rango de Frecuencia entrada 45 - 65 Hz, Salida Tensión de salida en modo batería 120 VCA +/- 10%, Tiempo de transferencia 2 - 6 ms, Rango de voltaje de salida 102 - 132 VCA, Voltaje de salida 120 VCA, batería Tipo y número 12Vcc/9Ahx4, Tiempo de carga 60 a 120 minutos/90% de carga, Forma de onda PWM (Modo batería), Número de tomas 8 tipo NEMA 5-15R, Protección de línea RJ45, Software inteligente de monitoreo a través de puerto USB, Indicadores visuales en pantalla LCD, Protección contra sobrecarga Breaker Térmico, Peso (Kg) 20, Dimensión (mm.) (Largo x Ancho x Alto) 380x144x210, Normas aplicables NOM 001-SCFI-1993.","No break con regulador integrado marca VICA modelo S 3000 3000VA/1800W Entrada Voltaje 127 VCA, Rango de Voltaje 85 - 145 VCA, Consumo de energía 15 A Rango de Frecuencia entrada 45 - 65 Hz, Salida Tensión de salida en modo batería 120 VCA +/- 10%, Tiempo de transferencia 2 - 6 ms, Rango de voltaje de salida 102 - 132 VCA, Voltaje de salida 120 VCA, batería Tipo y número 12Vcc/9Ahx4, Tiempo de carga 60 a 120 minutos/90% de carga, Forma de onda PWM (Modo batería), Número de tomas 8 tipo NEMA 5-15R, Protección de línea RJ45, Software inteligente de monitoreo a través de puerto USB, Indicadores visuales en pantalla LCD, Protección contra sobrecarga Breaker Térmico, Peso (Kg) 20, Dimensión (mm.) (Largo x Ancho x Alto) 380x144x210, Normas aplicables NOM 001-SCFI-1993.. Clave Oficial CT: NBKVIC240. Marca: CT.",ENERGIA,monitores,CT,8877.78,173116.67,276986.67,276986.67,233707.5,233707.5,216395.83,207740.0,assets/img/catalog/monitores/NBKVIC240.jpg,assets/img/catalog/monitores/NBKVIC240.jpg,https://static.ctonline.mx/imagenes/NBKVIC240/NBKVIC240_400.jpg
NBKVIC100,"No break con regulador integrado UP TEAM 3000 3000VA/1800W, 4 tomas NEMA 5-15R reguladas y respaldadas, indicadores visuales en pantalla LCD, Puerto RJ11/45, Software inteligente de monitoreo a través de puerto USB , entrada Voltaje 127 Vca 60 Hz, salida Tensión de salida (modo batería) 120 Vca +/-10%, Tiempo de transferencia 2-6 ms, Tipo de onda Cuasisenoidal, baterías UPS 12VCD/12Ahx4 (Banco de batería adicional Opcional 12 VCD/12Ahx4), Dimensiones mm. 450x300x200, peso Kg. 32, Normas aplicables NOM 001-SCFI-1993","No break con regulador integrado UP TEAM 3000 3000VA/1800W, 4 tomas NEMA 5-15R reguladas y respaldadas, indicadores visuales en pantalla LCD, Puerto RJ11/45, Software inteligente de monitoreo a través de puerto USB , entrada Voltaje 127 Vca 60 Hz, salida Tensión de salida (modo batería) 120 Vca +/-10%, Tiempo de transferencia 2-6 ms, Tipo de onda Cuasisenoidal, baterías UPS 12VCD/12Ahx4 (Banco de batería adicional Opcional 12 VCD/12Ahx4), Dimensiones mm. 450x300x200, peso Kg. 32, Normas aplicables NOM 001-SCFI-1993. Clave Oficial CT: NBKVIC100. Marca: CT.",ENERGIA,monitores,CT,15444.44,301166.67,481866.67,481866.67,406575.0,406575.0,376458.33,361400.0,assets/img/catalog/monitores/NBKVIC100.jpg,assets/img/catalog/monitores/NBKVIC100.jpg,https://static.ctonline.mx/imagenes/NBKVIC100/NBKVIC100_400.jpg
NBKVIC820,"UPS Online con doble conversión torre marca VICA modelo GAMMA 1K 1000 1000VA/900W, 3 tomas 5-15R con supresor de picos, reguladas y respaldadas, Entrada CA; 5-15P, Entrada; Amplio rango de voltaje (60-145 VCA) +/- 5%, Rango de frecuencia 40Hz ~ 70 Hz, Fase Monofásico (Fase + Neutro + Tierra), Factor de potencia ¬ 0.99 @ voltaje nominal (voltaje de entrada), Salida; Voltaje de salida 110/115/120/127 VCA, Regulación de voltaje de CA ±1% (Modo batería), Voltaje de salida 110/115/120/127 VCA, Rango de frecuencia (Modo batería) 50 Hz ± 0,25 Hz o 60 Hz ± 0,3 Hz, Rango de frecuencia 47 ~ 53 Hz o 57 ~ 63 Hz (rango sincronizado), Tiempo de Transferencia Modo AC (Modo batería) Cero. Baterías 12V/9amp*2, Tiempo de recarga 4 horas al 90%. Dimensiones UPS 397 x 145 x 220, peso UPS; 11.4kg, Puerto de comunicación RS-232/USB, Tarjeta SNMP (Se vende por separado), Software inteligente de monitoreo a través de puerto Normas aplicables NOM 001-SCFI-1993.","UPS Online con doble conversión torre marca VICA modelo GAMMA 1K 1000 1000VA/900W, 3 tomas 5-15R con supresor de picos, reguladas y respaldadas, Entrada CA; 5-15P, Entrada; Amplio rango de voltaje (60-145 VCA) +/- 5%, Rango de frecuencia 40Hz ~ 70 Hz, Fase Monofásico (Fase + Neutro + Tierra), Factor de potencia ¬ 0.99 @ voltaje nominal (voltaje de entrada), Salida; Voltaje de salida 110/115/120/127 VCA, Regulación de voltaje de CA ±1% (Modo batería), Voltaje de salida 110/115/120/127 VCA, Rango de frecuencia (Modo batería) 50 Hz ± 0,25 Hz o 60 Hz ± 0,3 Hz, Rango de frecuencia 47 ~ 53 Hz o 57 ~ 63 Hz (rango sincronizado), Tiempo de Transferencia Modo AC (Modo batería) Cero. Baterías 12V/9amp*2, Tiempo de recarga 4 horas al 90%. Dimensiones UPS 397 x 145 x 220, peso UPS; 11.4kg, Puerto de comunicación RS-232/USB, Tarjeta SNMP (Se vende por separado), Software inteligente de monitoreo a través de puerto Normas aplicables NOM 001-SCFI-1993.. Clave Oficial CT: NBKVIC820. Marca: CT.",ENERGIA,monitores,CT,8047.31,156922.58,251076.13,251076.13,211845.48,211845.48,196153.23,188307.1,assets/img/catalog/monitores/NBKVIC820.jpg,assets/img/catalog/monitores/NBKVIC820.jpg,https://static.ctonline.mx/imagenes/NBKVIC820/NBKVIC820_400.jpg
NBKVIC830,"UPS Online con doble conversión torre marca VICA modelo GAMMA 2K 1000 2000VA/1800W, 4 tomas 5-15/20R con supresor de picos, reguladas y respaldadas, Entrada CA; 5-20P, Entrada; Amplio rango de voltaje (60-145 VCA) +/- 5%, Rango de frecuencia 40Hz ~ 70 Hz, Fase Monofásico (Fase + Neutro + Tierra), Factor de potencia ¬ 0.99 @ voltaje nominal (voltaje de entrada), Salida; Voltaje de salida 110/115/120/127 VCA, Regulación de voltaje de CA ±1% (Modo batería), Voltaje de salida 110/115/120/127 VCA, Rango de frecuencia (Modo batería) 50 Hz ± 0,25 Hz o 60 Hz ± 0,3 Hz, Rango de frecuencia 47 ~ 53 Hz o 57 ~ 63 Hz (rango sincronizado), Tiempo de Transferencia Modo AC (Modo batería) Cero. Baterías 12V/9amp*4, Tiempo de recarga 4 horas al 90%. Dimensiones UPS 421 x 190 x 318, peso UPS; 26.2kg, Puerto de comunicación RS-232/USB, Tarjeta SNMP (Se vende por separado), Software inteligente de monitoreo a través de puerto Normas aplicables NOM 001-SCFI-1993.","UPS Online con doble conversión torre marca VICA modelo GAMMA 2K 1000 2000VA/1800W, 4 tomas 5-15/20R con supresor de picos, reguladas y respaldadas, Entrada CA; 5-20P, Entrada; Amplio rango de voltaje (60-145 VCA) +/- 5%, Rango de frecuencia 40Hz ~ 70 Hz, Fase Monofásico (Fase + Neutro + Tierra), Factor de potencia ¬ 0.99 @ voltaje nominal (voltaje de entrada), Salida; Voltaje de salida 110/115/120/127 VCA, Regulación de voltaje de CA ±1% (Modo batería), Voltaje de salida 110/115/120/127 VCA, Rango de frecuencia (Modo batería) 50 Hz ± 0,25 Hz o 60 Hz ± 0,3 Hz, Rango de frecuencia 47 ~ 53 Hz o 57 ~ 63 Hz (rango sincronizado), Tiempo de Transferencia Modo AC (Modo batería) Cero. Baterías 12V/9amp*4, Tiempo de recarga 4 horas al 90%. Dimensiones UPS 421 x 190 x 318, peso UPS; 26.2kg, Puerto de comunicación RS-232/USB, Tarjeta SNMP (Se vende por separado), Software inteligente de monitoreo a través de puerto Normas aplicables NOM 001-SCFI-1993.. Clave Oficial CT: NBKVIC830. Marca: CT.",ENERGIA,monitores,CT,12903.23,251612.9,402580.65,402580.65,339677.42,339677.42,314516.13,301935.48,assets/img/catalog/monitores/NBKVIC830.jpg,assets/img/catalog/monitores/NBKVIC830.jpg,https://static.ctonline.mx/imagenes/NBKVIC830/NBKVIC830_400.jpg
NBKVIC840,"UPS Online con doble conversión torre marca VICA modelo GAMMA 3K 1000 3000VA/2700W, 4 tomas 5-15/20R con supresor de picos, reguladas y respaldadas, Entrada CA; L5-30P, Entrada; Amplio rango de voltaje (60-145 VCA) +/- 5%, Rango de frecuencia 40Hz ~ 70 Hz, Fase Monofásico (Fase + Neutro + Tierra), Factor de potencia ¬ 0.99 @ voltaje nominal (voltaje de entrada), Salida; Voltaje de salida 110/115/120/127 VCA, Regulación de voltaje de CA ±1% (Modo batería), Voltaje de salida 110/115/120/127 VCA, Rango de frecuencia (Modo batería) 50 Hz ± 0,25 Hz o 60 Hz ± 0,3 Hz, Rango de frecuencia 47 ~ 53 Hz o 57 ~ 63 Hz (rango sincronizado), Tiempo de Transferencia Modo AC (Modo batería) Cero. Baterías 12V/9amp*6, Tiempo de recarga 4 horas al 90%. Dimensiones UPS 421 x 190 x 318, peso UPS; 26.2kg, Puerto de comunicación RS-232/USB, Tarjeta SNMP (Se vende por separado), Software inteligente de monitoreo a través de puerto Normas aplicables NOM 001-SCFI-1993.","UPS Online con doble conversión torre marca VICA modelo GAMMA 3K 1000 3000VA/2700W, 4 tomas 5-15/20R con supresor de picos, reguladas y respaldadas, Entrada CA; L5-30P, Entrada; Amplio rango de voltaje (60-145 VCA) +/- 5%, Rango de frecuencia 40Hz ~ 70 Hz, Fase Monofásico (Fase + Neutro + Tierra), Factor de potencia ¬ 0.99 @ voltaje nominal (voltaje de entrada), Salida; Voltaje de salida 110/115/120/127 VCA, Regulación de voltaje de CA ±1% (Modo batería), Voltaje de salida 110/115/120/127 VCA, Rango de frecuencia (Modo batería) 50 Hz ± 0,25 Hz o 60 Hz ± 0,3 Hz, Rango de frecuencia 47 ~ 53 Hz o 57 ~ 63 Hz (rango sincronizado), Tiempo de Transferencia Modo AC (Modo batería) Cero. Baterías 12V/9amp*6, Tiempo de recarga 4 horas al 90%. Dimensiones UPS 421 x 190 x 318, peso UPS; 26.2kg, Puerto de comunicación RS-232/USB, Tarjeta SNMP (Se vende por separado), Software inteligente de monitoreo a través de puerto Normas aplicables NOM 001-SCFI-1993.. Clave Oficial CT: NBKVIC840. Marca: CT.",ENERGIA,monitores,CT,16989.25,331290.32,530064.52,530064.52,447241.94,447241.94,414112.9,397548.39,assets/img/catalog/monitores/NBKVIC840.jpg,assets/img/catalog/monitores/NBKVIC840.jpg,https://static.ctonline.mx/imagenes/NBKVIC840/NBKVIC840_400.jpg
NBKVIC940,"UPS Online con doble conversión torre marca VICA modelo GAMMA 2K 2000VA/1800W, 4 tomas 5-15/20R con supresor de picos, reguladas y respaldadas, Entrada CA; 5-20P, Entrada; Amplio rango de voltaje (60-145 VCA) +/- 5%, Rango de frecuencia 40Hz ~ 70 Hz, Fase Monofásico (Fase + Neutro + Tierra), Factor de potencia ¬ 0.99 @ voltaje nominal (voltaje de entrada), Salida; Voltaje de salida 220 VCA, Regulación de voltaje de CA ±1% (Modo batería), Voltaje de salida 220 VCA, Rango de frecuencia (Modo batería) 50 Hz ± 0,25 Hz o 60 Hz ± 0,3 Hz, Rango de frecuencia 47 ~ 53 Hz o 57 ~ 63 Hz (rango sincronizado), Tiempo de Transferencia Modo AC (Modo batería) Cero. Baterías 12V/9amp*4, Tiempo de recarga 4 horas al 90%. Dimensiones UPS 421 x 190 x 318, peso UPS; 26.2kg, Puerto de comunicación RS-232/USB, Tarjeta SNMP (Se vende por separado), Software inteligente de monitoreo a través de puerto Normas aplicables NOM 001-SCFI-1993.","UPS Online con doble conversión torre marca VICA modelo GAMMA 2K 2000VA/1800W, 4 tomas 5-15/20R con supresor de picos, reguladas y respaldadas, Entrada CA; 5-20P, Entrada; Amplio rango de voltaje (60-145 VCA) +/- 5%, Rango de frecuencia 40Hz ~ 70 Hz, Fase Monofásico (Fase + Neutro + Tierra), Factor de potencia ¬ 0.99 @ voltaje nominal (voltaje de entrada), Salida; Voltaje de salida 220 VCA, Regulación de voltaje de CA ±1% (Modo batería), Voltaje de salida 220 VCA, Rango de frecuencia (Modo batería) 50 Hz ± 0,25 Hz o 60 Hz ± 0,3 Hz, Rango de frecuencia 47 ~ 53 Hz o 57 ~ 63 Hz (rango sincronizado), Tiempo de Transferencia Modo AC (Modo batería) Cero. Baterías 12V/9amp*4, Tiempo de recarga 4 horas al 90%. Dimensiones UPS 421 x 190 x 318, peso UPS; 26.2kg, Puerto de comunicación RS-232/USB, Tarjeta SNMP (Se vende por separado), Software inteligente de monitoreo a través de puerto Normas aplicables NOM 001-SCFI-1993.. Clave Oficial CT: NBKVIC940. Marca: CT.",ENERGIA,monitores,CT,12460.22,242974.19,388758.71,388758.71,328015.16,328015.16,303717.74,291569.03,assets/img/catalog/monitores/NBKVIC940.jpg,assets/img/catalog/monitores/NBKVIC940.jpg,https://static.ctonline.mx/imagenes/NBKVIC940/NBKVIC940_400.jpg
NBKVIC950,"UPS Online con doble conversión Torre/Rack marca VICA modelo ALPHA 2K 2000VA/2000W, clavija de entrada NEMA 5-20P y 8 tomas de salida NEMA 5-20R con supresor de picos, reguladas y  respaldadas, Amplio rango de voltaje (55-150 VCA), Rango de frecuencia 40Hz-70Hz, Factor de Potencia- Voltaje 0.99 normal, Salida Tensión de Salida 220 Vca, AC Regulación de Voltaje +/- 1%, Rango de Frecuencia (Rango Sincronizado) 48-52Hz o 58-62Hz, Rango de Frecuencia (Modo Batería) 50 Hz +/- 0,1 Hz o 60 Hz +/- 0,1 Hz, Relación Actual de la Cresta (CF) 3 (máx.) 1, Distorsión Armónica < 2% (carga lineal) < 4% (carga no lineal), Tiempo de Transferencia cero, Forma de Onda Senoidal Pura, Tipo de Batería 12V/9Ah*4, Dimensiones (mm.) 600x438x85, peso 19 kg, software de monitoreo y Puertos de comunicación SNMP/USB/RS-232, SNMP Opcional, Normas aplicables NOM 001-SCFI-1993","UPS Online con doble conversión Torre/Rack marca VICA modelo ALPHA 2K 2000VA/2000W, clavija de entrada NEMA 5-20P y 8 tomas de salida NEMA 5-20R con supresor de picos, reguladas y  respaldadas, Amplio rango de voltaje (55-150 VCA), Rango de frecuencia 40Hz-70Hz, Factor de Potencia- Voltaje 0.99 normal, Salida Tensión de Salida 220 Vca, AC Regulación de Voltaje +/- 1%, Rango de Frecuencia (Rango Sincronizado) 48-52Hz o 58-62Hz, Rango de Frecuencia (Modo Batería) 50 Hz +/- 0,1 Hz o 60 Hz +/- 0,1 Hz, Relación Actual de la Cresta (CF) 3 (máx.) 1, Distorsión Armónica < 2% (carga lineal) < 4% (carga no lineal), Tiempo de Transferencia cero, Forma de Onda Senoidal Pura, Tipo de Batería 12V/9Ah*4, Dimensiones (mm.) 600x438x85, peso 19 kg, software de monitoreo y Puertos de comunicación SNMP/USB/RS-232, SNMP Opcional, Normas aplicables NOM 001-SCFI-1993. Clave Oficial CT: NBKVIC950. Marca: CT.",ENERGIA,monitores,CT,16235.48,316591.94,506547.1,506547.1,427399.11,427399.11,395739.92,379910.32,assets/img/catalog/monitores/NBKVIC950.jpg,assets/img/catalog/monitores/NBKVIC950.jpg,https://static.ctonline.mx/imagenes/NBKVIC950/NBKVIC950_400.jpg
NBKVIC860,"UPS Online con doble conversión Torre/Rack marca VICA modelo ALPHA 1K, 1000VA/1000W, clavija de entrada NEMA 5-15P y 8 tomas de salida NEMA 5-15R con supresor de picos, reguladas y  respaldadas, Amplio rango de voltaje (55-150 VCA), Rango de frecuencia 40Hz-70Hz, Factor de Potencia- Voltaje 0.99 normal, Salida Tensión de Salida 100/110/115/120/127 Vca, AC Regulación de Voltaje +/- 1%, Rango de Frecuencia (Rango Sincronizado) 48-52Hz o 58-62Hz, Rango de Frecuencia (Modo Batería) 50Hz +/- 0,1 Hz o 60Hz +/- 0,1Hz, Relación Actual de la Cresta (CF) 3 (máx.) 1, Distorsión Armónica < 2% (carga lineal) < 4% (carga no lineal), Tiempo de Transferencia cero, Forma de Onda Senoidal Pura, Tipo de Batería 12V/9Ah*2, Dimensiones (mm.) 410x438x85, peso 11kg, software de monitoreo y Puertos de comunicación SNMP/USB/RS-232, SNMP Opcional, Normas aplicables NOM 001-SCFI-1993","UPS Online con doble conversión Torre/Rack marca VICA modelo ALPHA 1K, 1000VA/1000W, clavija de entrada NEMA 5-15P y 8 tomas de salida NEMA 5-15R con supresor de picos, reguladas y  respaldadas, Amplio rango de voltaje (55-150 VCA), Rango de frecuencia 40Hz-70Hz, Factor de Potencia- Voltaje 0.99 normal, Salida Tensión de Salida 100/110/115/120/127 Vca, AC Regulación de Voltaje +/- 1%, Rango de Frecuencia (Rango Sincronizado) 48-52Hz o 58-62Hz, Rango de Frecuencia (Modo Batería) 50Hz +/- 0,1 Hz o 60Hz +/- 0,1Hz, Relación Actual de la Cresta (CF) 3 (máx.) 1, Distorsión Armónica < 2% (carga lineal) < 4% (carga no lineal), Tiempo de Transferencia cero, Forma de Onda Senoidal Pura, Tipo de Batería 12V/9Ah*2, Dimensiones (mm.) 410x438x85, peso 11kg, software de monitoreo y Puertos de comunicación SNMP/USB/RS-232, SNMP Opcional, Normas aplicables NOM 001-SCFI-1993. Clave Oficial CT: NBKVIC860. Marca: CT.",ENERGIA,monitores,CT,9032.26,176129.03,281806.45,281806.45,237774.19,237774.19,220161.29,211354.84,assets/img/catalog/monitores/NBKVIC860.jpg,assets/img/catalog/monitores/NBKVIC860.jpg,https://static.ctonline.mx/imagenes/NBKVIC860/NBKVIC860_400.jpg
NBKVIC870,"UPS Online con doble conversión Torre/Rack marca VICA modelo ALPHA 1.5K 1500VA/1500W, clavija de entrada NEMA 5-15P y 8 tomas de salida NEMA 5-15R con supresor de picos, reguladas y  respaldadas, Amplio rango de voltaje (55-150 VCA), Rango de frecuencia 40Hz-70Hz, Factor de Potencia- Voltaje 0.99 normal, Salida Tensión de Salida 100/110/115/120/127 Vca, AC Regulación de Voltaje +/- 1%, Rango de Frecuencia (Rango Sincronizado) 48-52Hz o 58-62Hz, Rango de Frecuencia (Modo Batería) 50 Hz +/- 0,1 Hz o 60 Hz +/- 0,1 Hz, Relación Actual de la Cresta (CF) 3 (máx.) 1, Distorsión Armónica < 2% (carga lineal) < 4% (carga no lineal), Tiempo de Transferencia cero, Forma de Onda Senoidal Pura, Tipo de Batería 12V/9Ah*3, Dimensiones (mm.) 410x438x85, peso 15 kg, software de monitoreo y Puertos de comunicación SNMP/USB/RS-232, SNMP Opcional, Normas aplicables NOM 001-SCFI-1993","UPS Online con doble conversión Torre/Rack marca VICA modelo ALPHA 1.5K 1500VA/1500W, clavija de entrada NEMA 5-15P y 8 tomas de salida NEMA 5-15R con supresor de picos, reguladas y  respaldadas, Amplio rango de voltaje (55-150 VCA), Rango de frecuencia 40Hz-70Hz, Factor de Potencia- Voltaje 0.99 normal, Salida Tensión de Salida 100/110/115/120/127 Vca, AC Regulación de Voltaje +/- 1%, Rango de Frecuencia (Rango Sincronizado) 48-52Hz o 58-62Hz, Rango de Frecuencia (Modo Batería) 50 Hz +/- 0,1 Hz o 60 Hz +/- 0,1 Hz, Relación Actual de la Cresta (CF) 3 (máx.) 1, Distorsión Armónica < 2% (carga lineal) < 4% (carga no lineal), Tiempo de Transferencia cero, Forma de Onda Senoidal Pura, Tipo de Batería 12V/9Ah*3, Dimensiones (mm.) 410x438x85, peso 15 kg, software de monitoreo y Puertos de comunicación SNMP/USB/RS-232, SNMP Opcional, Normas aplicables NOM 001-SCFI-1993. Clave Oficial CT: NBKVIC870. Marca: CT.",ENERGIA,monitores,CT,10751.61,209656.45,335450.32,335450.32,283036.21,283036.21,262070.56,251587.74,assets/img/catalog/monitores/NBKVIC870.jpg,assets/img/catalog/monitores/NBKVIC870.jpg,https://static.ctonline.mx/imagenes/NBKVIC870/NBKVIC870_400.jpg
NBKVIC880,"UPS Online con doble conversión Torre/Rack marca VICA modelo ALPHA 2K 2000VA/2000W, clavija de entrada NEMA 5-20P y 8 tomas de salida NEMA 5-20R con supresor de picos, reguladas y  respaldadas, Amplio rango de voltaje (55-150 VCA), Rango de frecuencia 40Hz-70Hz, Factor de Potencia- Voltaje 0.99 normal, Salida Tensión de Salida 100/110/115/120/127 Vca, AC Regulación de Voltaje +/- 1%, Rango de Frecuencia (Rango Sincronizado) 48-52Hz o 58-62Hz, Rango de Frecuencia (Modo Batería) 50 Hz +/- 0,1 Hz o 60 Hz +/- 0,1 Hz, Relación Actual de la Cresta (CF) 3 (máx.) 1, Distorsión Armónica < 2% (carga lineal) < 4% (carga no lineal), Tiempo de Transferencia cero, Forma de Onda Senoidal Pura, Tipo de Batería 12V/9Ah*4, Dimensiones (mm.) 600x438x85, peso 19 kg, software de monitoreo y Puertos de comunicación SNMP/USB/RS-232, SNMP Opcional, Normas aplicables NOM 001-SCFI-1993","UPS Online con doble conversión Torre/Rack marca VICA modelo ALPHA 2K 2000VA/2000W, clavija de entrada NEMA 5-20P y 8 tomas de salida NEMA 5-20R con supresor de picos, reguladas y  respaldadas, Amplio rango de voltaje (55-150 VCA), Rango de frecuencia 40Hz-70Hz, Factor de Potencia- Voltaje 0.99 normal, Salida Tensión de Salida 100/110/115/120/127 Vca, AC Regulación de Voltaje +/- 1%, Rango de Frecuencia (Rango Sincronizado) 48-52Hz o 58-62Hz, Rango de Frecuencia (Modo Batería) 50 Hz +/- 0,1 Hz o 60 Hz +/- 0,1 Hz, Relación Actual de la Cresta (CF) 3 (máx.) 1, Distorsión Armónica < 2% (carga lineal) < 4% (carga no lineal), Tiempo de Transferencia cero, Forma de Onda Senoidal Pura, Tipo de Batería 12V/9Ah*4, Dimensiones (mm.) 600x438x85, peso 19 kg, software de monitoreo y Puertos de comunicación SNMP/USB/RS-232, SNMP Opcional, Normas aplicables NOM 001-SCFI-1993. Clave Oficial CT: NBKVIC880. Marca: CT.",ENERGIA,monitores,CT,15099.0,294430.5,471088.8,471088.8,397481.17,397481.17,368038.12,353316.6,assets/img/catalog/monitores/NBKVIC880.jpg,assets/img/catalog/monitores/NBKVIC880.jpg,https://static.ctonline.mx/imagenes/NBKVIC880/NBKVIC880_400.jpg
NBKVIC890,"UPS Online con doble conversión Torre/Rack marca VICA modelo ALPHA 3K 3000VA/3000W, clavija de entrada NEMA L5-30P y 8 tomas de salida NEMA 5-15/20R y NEMA L5-30R con supresor de picos, reguladas y  respaldadas, Amplio rango de voltaje (110-300 VCA), Rango de frecuencia 40Hz-70Hz, Factor de Potencia- Voltaje 0.99 normal, Salida; Tensión de Salida 200 / 208 / 220 / 230 / 240 VCA, AC Regulación de Voltaje +/- 1%, Rango de Frecuencia (Rango Sincronizado) 48 ~ 52 Hz o 58 ~ 62 Hz, Rango de Frecuencia 50 Hz ± 0,1 Hz o 60 Hz ± 0,1 Hz, Relación Actual de la Cresta (CF) 3 (máx.) 1, Distorsión Armónica < 2% (carga lineal) < 4% (carga no lineal), Tiempo de Transferencia cero, Forma de Onda Senoidal Pura, Tipo de Batería 12V/9Ah*6, Dimensiones (mm.) 630x438x85, peso 27.5 kg, software de monitoreo y Puertos de comunicación USB/RS-232, SNMP Opcional, Normas aplicables NOM 001-SCFI-1993","UPS Online con doble conversión Torre/Rack marca VICA modelo ALPHA 3K 3000VA/3000W, clavija de entrada NEMA L5-30P y 8 tomas de salida NEMA 5-15/20R y NEMA L5-30R con supresor de picos, reguladas y  respaldadas, Amplio rango de voltaje (110-300 VCA), Rango de frecuencia 40Hz-70Hz, Factor de Potencia- Voltaje 0.99 normal, Salida; Tensión de Salida 200 / 208 / 220 / 230 / 240 VCA, AC Regulación de Voltaje +/- 1%, Rango de Frecuencia (Rango Sincronizado) 48 ~ 52 Hz o 58 ~ 62 Hz, Rango de Frecuencia 50 Hz ± 0,1 Hz o 60 Hz ± 0,1 Hz, Relación Actual de la Cresta (CF) 3 (máx.) 1, Distorsión Armónica < 2% (carga lineal) < 4% (carga no lineal), Tiempo de Transferencia cero, Forma de Onda Senoidal Pura, Tipo de Batería 12V/9Ah*6, Dimensiones (mm.) 630x438x85, peso 27.5 kg, software de monitoreo y Puertos de comunicación USB/RS-232, SNMP Opcional, Normas aplicables NOM 001-SCFI-1993. Clave Oficial CT: NBKVIC890. Marca: CT.",ENERGIA,monitores,CT,19247.31,375322.58,600516.13,600516.13,506685.48,506685.48,469153.23,450387.1,assets/img/catalog/monitores/NBKVIC890.jpg,assets/img/catalog/monitores/NBKVIC890.jpg,https://static.ctonline.mx/imagenes/NBKVIC890/NBKVIC890_400.jpg
NBKBIT040,"No-Break SMARTBITT, Modelo SBNB1200 Capacidad de Voltaje 1200VA, 600 Watts, línea interactiva, 8 contactos, es 3 aparatos en 1, No Break (UPS), Regulador de Voltaje y Supresor de picos, amplio rango de entrada, sensor de carga, Lectura de Pantalla LCD, Rango de Voltaje 110 Vca- 120 Vca, Baterías sellada libre de mantenimiento. Tiempo de recuperación a 90% de capacidad: 4 - 6 Horas. Nivel de ruido menos de 40 dB. Software de monitoreo inteligente y puerto USB.","No-Break SMARTBITT, Modelo SBNB1200 Capacidad de Voltaje 1200VA, 600 Watts, línea interactiva, 8 contactos, es 3 aparatos en 1, No Break (UPS), Regulador de Voltaje y Supresor de picos, amplio rango de entrada, sensor de carga, Lectura de Pantalla LCD, Rango de Voltaje 110 Vca- 120 Vca, Baterías sellada libre de mantenimiento. Tiempo de recuperación a 90% de capacidad: 4 - 6 Horas. Nivel de ruido menos de 40 dB. Software de monitoreo inteligente y puerto USB.. Clave Oficial CT: NBKBIT040. Marca: CT.",ENERGIA,monitores,CT,1921.53,37469.9,59951.84,59951.84,50584.37,50584.37,46837.38,44963.88,assets/img/catalog/monitores/NBKBIT040.jpg,assets/img/catalog/monitores/NBKBIT040.jpg,https://static.ctonline.mx/imagenes/NBKBIT040/NBKBIT040_400.jpg
NBKBIT030,"No-Break SMARTBITT, Modelo SBNB900LCD Capacidad de Voltaje 900VA, 480 Watts, línea interactiva, 6 contactos, es 3 aparatos en 1, No Break (UPS), Regulador de Voltaje y Supresor de picos, amplio rango de entrada, sensor de carga, Lectura de Pantalla LCD, Rango de Voltaje 81 Vca- 145 Vca, Baterías sellada libre de mantenimiento. Tiempo de recuperación a 90% de capacidad: 4 - 6 Horas. Nivel de ruido menos de 40 dB. Software de monitoreo inteligente y puerto USB.","No-Break SMARTBITT, Modelo SBNB900LCD Capacidad de Voltaje 900VA, 480 Watts, línea interactiva, 6 contactos, es 3 aparatos en 1, No Break (UPS), Regulador de Voltaje y Supresor de picos, amplio rango de entrada, sensor de carga, Lectura de Pantalla LCD, Rango de Voltaje 81 Vca- 145 Vca, Baterías sellada libre de mantenimiento. Tiempo de recuperación a 90% de capacidad: 4 - 6 Horas. Nivel de ruido menos de 40 dB. Software de monitoreo inteligente y puerto USB.. Clave Oficial CT: NBKBIT030. Marca: CT.",ENERGIA,monitores,CT,1412.62,27546.13,44073.81,44073.81,37187.28,37187.28,34432.67,33055.36,assets/img/catalog/monitores/NBKBIT030.jpg,assets/img/catalog/monitores/NBKBIT030.jpg,https://static.ctonline.mx/imagenes/NBKBIT030/NBKBIT030_400.jpg
NBKKBZ310,"No Break Koblenz 10017 USB/R 1000VA/500 W, (00-4233-3), hasta 43 minutos de respaldo, 2-4ms transferencia, 8 contactos (4/4), 4 regulados y 4 con solo supresor de picos, batería 12V 9Ah, protección telefónica RJ-11, Puerto USB Monitoreo, silenciador de alarma audible, rango de reg. de 85-145V. Garantía de 3 años en equipo y 2 años en batería.","No Break Koblenz 10017 USB/R 1000VA/500 W, (00-4233-3), hasta 43 minutos de respaldo, 2-4ms transferencia, 8 contactos (4/4), 4 regulados y 4 con solo supresor de picos, batería 12V 9Ah, protección telefónica RJ-11, Puerto USB Monitoreo, silenciador de alarma audible, rango de reg. de 85-145V. Garantía de 3 años en equipo y 2 años en batería.. Clave Oficial CT: NBKKBZ310. Marca: CT.",ENERGIA,monitores,CT,1938.89,37808.33,60493.33,60493.33,51041.25,51041.25,47260.42,45370.0,assets/img/catalog/monitores/NBKKBZ310.jpg,assets/img/catalog/monitores/NBKKBZ310.jpg,https://static.ctonline.mx/imagenes/NBKKBZ310/NBKKBZ310_400.jpg
NBKKBZ130,"No Break Koblenz 20012-USB/R 2000VA/1200W, (00-4196-2), hasta 69 minutos de respaldo, 2-6ms tiempo de transferencia, regulador integrado, 8 contactos (6/2), Puerto USB Monitoreo, protección telefónica RJ-11/RJ-45,Software para cierre de aplicaciones, Rango de regulación 90-147V. Garantía de 3 años en equipo y 2 años en batería.","No Break Koblenz 20012-USB/R 2000VA/1200W, (00-4196-2), hasta 69 minutos de respaldo, 2-6ms tiempo de transferencia, regulador integrado, 8 contactos (6/2), Puerto USB Monitoreo, protección telefónica RJ-11/RJ-45,Software para cierre de aplicaciones, Rango de regulación 90-147V. Garantía de 3 años en equipo y 2 años en batería.. Clave Oficial CT: NBKKBZ130. Marca: CT.",ENERGIA,monitores,CT,4611.11,89916.67,143866.67,143866.67,121387.5,121387.5,112395.83,107900.0,assets/img/catalog/monitores/NBKKBZ130.jpg,assets/img/catalog/monitores/NBKKBZ130.jpg,https://static.ctonline.mx/imagenes/NBKKBZ130/NBKKBZ130_400.jpg
NBKFZA570,"UPS Inteligente 3000VA/2700W, FORZA, MODELO FSI-3011RUL. Experimente la máxima protección y e_x001F_ciencia energética de la innovadora serie de UPS inteligentes de onda sinusoidal interactivas que ofrece Forza, con una amplia diversidad de funciones para ahorro de energía, regulación automática de voltaje y operación ecológica, incluyendo un software intuitivo para la administración de baterías. Con un factor de potencia de salida de 0,9 y tomas programables, puede optimizar la distribución de energía, reduciendo los costos y su huella de carbono con el modo ecológico, que ajusta el consumo en función de las cargas conectadas. Nuestra avanzada tecnología AVR de refuerzo y reducción estabiliza el voltaje durante caídas de tensión, sobrevoltaje y otras _x001E_uctuaciones en el suministro de energía, con una función de apagado de emergencia para mantener su equipo crítico protegido contra daños. El diseño de batería intercambiable en caliente permite cambios rápidos de baterías sin apagar los dispositivos conectados, evitando costosos tiempos de inactividad. El software intuitivo ForzaTracker le permite monitorear el estatus y personalizar la con_x001F_guración del UPS para lograr la máxima duración de la batería.","UPS Inteligente 3000VA/2700W, FORZA, MODELO FSI-3011RUL. Experimente la máxima protección y e_x001F_ciencia energética de la innovadora serie de UPS inteligentes de onda sinusoidal interactivas que ofrece Forza, con una amplia diversidad de funciones para ahorro de energía, regulación automática de voltaje y operación ecológica, incluyendo un software intuitivo para la administración de baterías. Con un factor de potencia de salida de 0,9 y tomas programables, puede optimizar la distribución de energía, reduciendo los costos y su huella de carbono con el modo ecológico, que ajusta el consumo en función de las cargas conectadas. Nuestra avanzada tecnología AVR de refuerzo y reducción estabiliza el voltaje durante caídas de tensión, sobrevoltaje y otras _x001E_uctuaciones en el suministro de energía, con una función de apagado de emergencia para mantener su equipo crítico protegido contra daños. El diseño de batería intercambiable en caliente permite cambios rápidos de baterías sin apagar los dispositivos conectados, evitando costosos tiempos de inactividad. El software intuitivo ForzaTracker le permite monitorear el estatus y personalizar la con_x001F_guración del UPS para lograr la máxima duración de la batería.. Clave Oficial CT: NBKFZA570. Marca: CT.",ENERGIA,monitores,CT,501.68,9782.75,15652.4,15652.4,13206.71,13206.71,12228.44,11739.3,assets/img/catalog/monitores/NBKFZA570.jpg,assets/img/catalog/monitores/NBKFZA570.jpg,https://static.ctonline.mx/imagenes/NBKFZA570/NBKFZA570_400.jpg
NBKFZA070,"No-Break FX-2200LCD UPS Inteligente LCD 120V USB 2200VA, 2200VA/1200W, joules; 660, Entrada y salida de voltaje nominal: 110/120, Margen de Voltaje entrada: 89-145VAC, Entrada y salida de Frecuencia: 45/65Hz. Número de Tomas: 8, Tomas exclusivas sobretensión: 2, Tomas Bat/AVR/Sobretensión: 6. Batería: 2x12v/9AH, Tiempo de Respaldo: 45 minutos, Protección Línea de Datos: RJ-11/45/Coax. 5 Niveles de protección. Interfase USB y software de monitoreo inteligente.","No-Break FX-2200LCD UPS Inteligente LCD 120V USB 2200VA, 2200VA/1200W, joules; 660, Entrada y salida de voltaje nominal: 110/120, Margen de Voltaje entrada: 89-145VAC, Entrada y salida de Frecuencia: 45/65Hz. Número de Tomas: 8, Tomas exclusivas sobretensión: 2, Tomas Bat/AVR/Sobretensión: 6. Batería: 2x12v/9AH, Tiempo de Respaldo: 45 minutos, Protección Línea de Datos: RJ-11/45/Coax. 5 Niveles de protección. Interfase USB y software de monitoreo inteligente.. Clave Oficial CT: NBKFZA070. Marca: CT.",ENERGIA,monitores,CT,144.44,2816.67,4506.67,4506.67,3802.5,3802.5,3520.83,3380.0,assets/img/catalog/monitores/NBKFZA070.jpg,assets/img/catalog/monitores/NBKFZA070.jpg,https://static.ctonline.mx/imagenes/NBKFZA070/NBKFZA070_400.jpg
NBKFZA590,"UPS FDC-3012R-I 3000VA/3000W, Tecnología Online Doble Conversión. Factor de Potencia 1.0. Salida Senoidal Pura. Tiempo de Transferencia Cero. Voltaje Nominal Monofásico 120V CA ±1%. Rango de Entrada 80–150V CA. Frecuencia 50/60Hz (auto-detección). Tomas de salida NEMA 5-20R y L5-30R. Baterías selladas libres de mantenimiento. Puerto USB y RS-232 con software de monitoreo. Ranura para tarjeta SNMP. Protección contra sobrecarga, cortocircuito, picos y ruido eléctrico. convertible (cable 1,8m) Voltaje Nominal Monofásico 120 VCA ± 25% / 120 ± 2%. Doble Conversión. Con Montaje en Rack o Torre. Protección contra sobrecargas, cortos, picos y ruido electrónico. Software de monitoreo.","UPS FDC-3012R-I 3000VA/3000W, Tecnología Online Doble Conversión. Factor de Potencia 1.0. Salida Senoidal Pura. Tiempo de Transferencia Cero. Voltaje Nominal Monofásico 120V CA ±1%. Rango de Entrada 80–150V CA. Frecuencia 50/60Hz (auto-detección). Tomas de salida NEMA 5-20R y L5-30R. Baterías selladas libres de mantenimiento. Puerto USB y RS-232 con software de monitoreo. Ranura para tarjeta SNMP. Protección contra sobrecarga, cortocircuito, picos y ruido eléctrico. convertible (cable 1,8m) Voltaje Nominal Monofásico 120 VCA ± 25% / 120 ± 2%. Doble Conversión. Con Montaje en Rack o Torre. Protección contra sobrecargas, cortos, picos y ruido electrónico. Software de monitoreo.. Clave Oficial CT: NBKFZA590. Marca: CT.",ENERGIA,monitores,CT,725.37,14144.65,22631.44,22631.44,19095.28,19095.28,17680.81,16973.58,assets/img/catalog/monitores/NBKFZA590.jpg,assets/img/catalog/monitores/NBKFZA590.jpg,https://static.ctonline.mx/imagenes/NBKFZA590/NBKFZA590_400.jpg
NBKFZA160,"UPS FDC-1000T FORZA Onlne 1KVA 900W 120V, Tipo Torre a 120V/240V, Capacidad de Hasta 2 Baterías(FUB-1290), Doble conversión en línea, Onda Senoidal Pura, Tipo de Entrada NEMA 5-15P,Tipo de Salida 3 NEMA 5-15R, Comunicación por USB / SNMP / RS-232, Indicador LCD de Estado, Monitoreable por Software Forza Tracker. Cuenta con 3 Años de Garantía y 2 años en Baterías.","UPS FDC-1000T FORZA Onlne 1KVA 900W 120V, Tipo Torre a 120V/240V, Capacidad de Hasta 2 Baterías(FUB-1290), Doble conversión en línea, Onda Senoidal Pura, Tipo de Entrada NEMA 5-15P,Tipo de Salida 3 NEMA 5-15R, Comunicación por USB / SNMP / RS-232, Indicador LCD de Estado, Monitoreable por Software Forza Tracker. Cuenta con 3 Años de Garantía y 2 años en Baterías.. Clave Oficial CT: NBKFZA160. Marca: CT.",ENERGIA,monitores,CT,237.29,4627.13,7403.41,7403.41,6246.63,6246.63,5783.92,5552.56,assets/img/catalog/monitores/NBKFZA160.jpg,assets/img/catalog/monitores/NBKFZA160.jpg,https://static.ctonline.mx/imagenes/NBKFZA160/NBKFZA160_400.jpg
NBKFZA470,"UPS FDC-1511RUL FORZA OnL 1.5KVA 1500W, Capacidad de Hasta 3 Baterías(FUB-1290), Doble conversión en línea, Onda Senoidal Pura, Tipo de Entrada NEMA 5-15P, Tipo de Salida 8 NEMAS 5-15R, Comunicación por USB / SNMP / RS-232, Indicador LCD de Estado, Monitoreable por Software Forza Tracker, Cuenta con 2 Años de Garantía, La Instalación y Puesta en Marcha se Cotiza Aparte. Modelos Forza Compatibles  FDC-BT15KR-6B.","UPS FDC-1511RUL FORZA OnL 1.5KVA 1500W, Capacidad de Hasta 3 Baterías(FUB-1290), Doble conversión en línea, Onda Senoidal Pura, Tipo de Entrada NEMA 5-15P, Tipo de Salida 8 NEMAS 5-15R, Comunicación por USB / SNMP / RS-232, Indicador LCD de Estado, Monitoreable por Software Forza Tracker, Cuenta con 2 Años de Garantía, La Instalación y Puesta en Marcha se Cotiza Aparte. Modelos Forza Compatibles  FDC-BT15KR-6B.. Clave Oficial CT: NBKFZA470. Marca: CT.",ENERGIA,monitores,CT,427.54,8337.12,13339.39,13339.39,11255.11,11255.11,10421.4,10004.54,assets/img/catalog/monitores/NBKFZA470.jpg,assets/img/catalog/monitores/NBKFZA470.jpg,https://static.ctonline.mx/imagenes/NBKFZA470/NBKFZA470_400.jpg
NBKFZA420,"UPS Forza FDC-110K Online Doble Conversión 10KVA/10KW, Escalable, Tipo Torre a 120V/240V, Capacidad de Hasta 20 Baterías(FUB-1290), Onda Senoidal Pura, Tipo de Entrada y Salida Bloque Terminal, Comunicación por USB / SNMP / RS-232, Indicador LCD de Estado, Monitoreable por Software Forza Tracker. Cuenta con 2 Años de Garantía, La Instalación y Puesta en Marcha se Cotiza Aparte. Modelos Forza Compatibles FDC-BT10k-20B, FDC-BT10K-40B.","UPS Forza FDC-110K Online Doble Conversión 10KVA/10KW, Escalable, Tipo Torre a 120V/240V, Capacidad de Hasta 20 Baterías(FUB-1290), Onda Senoidal Pura, Tipo de Entrada y Salida Bloque Terminal, Comunicación por USB / SNMP / RS-232, Indicador LCD de Estado, Monitoreable por Software Forza Tracker. Cuenta con 2 Años de Garantía, La Instalación y Puesta en Marcha se Cotiza Aparte. Modelos Forza Compatibles FDC-BT10k-20B, FDC-BT10K-40B.. Clave Oficial CT: NBKFZA420. Marca: CT.",ENERGIA,monitores,CT,2711.11,52866.67,84586.67,84586.67,71370.0,71370.0,66083.33,63440.0,assets/img/catalog/monitores/NBKFZA420.jpg,assets/img/catalog/monitores/NBKFZA420.jpg,https://static.ctonline.mx/imagenes/NBKFZA420/NBKFZA420_400.jpg
NBKFZA460,"UPS Forza Online Doble Conversion 10KVA/10KW (FDC-110KMR-ISO), Capacidad de Hasta 20 Baterias(FUB-1290), Onda Senoidal Pura, Tipo de Entrada y Salida Bloque Terminal, Comunicación por USB / SNMP / RS-232, Indicador LCD de Estado, Monitoreable por Software Forza Tracker, Conformado por UPS, Paquete de Baterias y Transformador Reductor de Aislamiento. Cuenta con 2 Años de Garantia, La Instalacion y Puesta en Marcha se Cotiza Aparte. Modelos Forza Compatibles FDC-BT10KMR-20B.","UPS Forza Online Doble Conversion 10KVA/10KW (FDC-110KMR-ISO), Capacidad de Hasta 20 Baterias(FUB-1290), Onda Senoidal Pura, Tipo de Entrada y Salida Bloque Terminal, Comunicación por USB / SNMP / RS-232, Indicador LCD de Estado, Monitoreable por Software Forza Tracker, Conformado por UPS, Paquete de Baterias y Transformador Reductor de Aislamiento. Cuenta con 2 Años de Garantia, La Instalacion y Puesta en Marcha se Cotiza Aparte. Modelos Forza Compatibles FDC-BT10KMR-20B.. Clave Oficial CT: NBKFZA460. Marca: CT.",ENERGIA,monitores,CT,1654.44,32261.67,51618.67,51618.67,43553.25,43553.25,40327.08,38714.0,assets/img/catalog/monitores/NBKFZA460.jpg,assets/img/catalog/monitores/NBKFZA460.jpg,https://static.ctonline.mx/imagenes/NBKFZA460/NBKFZA460_400.jpg
NBKHKV110,"UPS de 2000 VA/ 1200 W Hikvision DS-UPS2000-X, Pantalla LCD, Protección Contra Sobrecarga y Descarga, Entrada y Salida 120 VCA, 4 Tomas NEMA 5-15R, Batería 12V/9 Ah, Puerto USB para control y monitoreo de estado del equipo. Autonomía 100W 70 min, 300W 17 min, 600W 5 min. Dimensiones: 274 x 95 x 139 mm, peso: 5.4 Kg.","UPS de 2000 VA/ 1200 W Hikvision DS-UPS2000-X, Pantalla LCD, Protección Contra Sobrecarga y Descarga, Entrada y Salida 120 VCA, 4 Tomas NEMA 5-15R, Batería 12V/9 Ah, Puerto USB para control y monitoreo de estado del equipo. Autonomía 100W 70 min, 300W 17 min, 600W 5 min. Dimensiones: 274 x 95 x 139 mm, peso: 5.4 Kg.. Clave Oficial CT: NBKHKV110. Marca: CT.",ENERGIA,monitores,CT,166.5,3246.75,5194.8,5194.8,4383.11,4383.11,4058.44,3896.1,assets/img/catalog/monitores/NBKHKV110.jpg,assets/img/catalog/monitores/NBKHKV110.jpg,https://static.ctonline.mx/imagenes/NBKHKV110/NBKHKV110_400.jpg
