sku,clave,nombre,descripcion_completa,marca,moneda_origen,costo_origen,costo_base_mxn,costo_base_usd,precio,precio_mxn,precio_original,precio_mayoreo_10pzs,precio_piso_minimo_20,categoria_clasificada,img,cdn_url,placeholder,garantia,disponibilidad_gdl
CPUINT4720,CPUINT4720,"Procesador Intel® Core™ Ultra 9 285K, LGA 1851. INCLUYE GRAFICOS DE PROCESADOR. Con compatibili","Procesador Intel® Core™ Ultra 9 285K, LGA 1851. INCLUYE GRAFICOS DE PROCESADOR. Con compatibilidad con PCIe 5.0 y 4.0 y compatibilidad con DDR5, los procesadores de escritorio Intel® Core™ Ultra 9 (serie 2) desbloqueados están optimizados para jugadores entusiastas y creadores serios y ayudan a ofrecer un alto rendimiento. Compatible con placas base chipset serie 800. Potencia base del procesador de 125 W. NO INCLUYE DISIPADOR.",PC CUSTOM,d,572.2777777777777,11159.42,572.28,13391.3,13391.3,17855.07,12833.33,13391.3,procesadores,./assets/img/catalog/procesadores/CPUINT4720.jpg,https://static.ctonline.mx/imagenes/CPUINT4720/CPUINT4720_400.jpg,./assets/img/placeholders/cpu_placeholder.jpg,48h Directa / 1 Año Fabricante,Pedro Moreno 501 A (Entrega Inmediata)
CPUINT4730,CPUINT4730,"Procesador Intel® Core™ Ultra 7 265K, LGA 1851. INCLUYE GRAFICOS DE PROCESADOR. Con compatibili","Procesador Intel® Core™ Ultra 7 265K, LGA 1851. INCLUYE GRAFICOS DE PROCESADOR. Con compatibilidad con PCIe 5.0 y 4.0 y compatibilidad con DDR5, los procesadores de escritorio Intel® Core™ Ultra 7 (serie 2) desbloqueados están optimizados para los jugadores y la productividad y ayudan a ofrecer un alto rendimiento. Compatible con placas base chipset serie 800. Potencia base del procesador de 125 W. NO INCLUYE DISIPADOR.",PC CUSTOM,d,338.4555555555556,6599.88,338.46,7919.86,7919.86,10559.81,7589.86,7919.86,procesadores,./assets/img/catalog/procesadores/CPUINT4730.jpg,https://static.ctonline.mx/imagenes/CPUINT4730/CPUINT4730_400.jpg,./assets/img/placeholders/cpu_placeholder.jpg,48h Directa / 1 Año Fabricante,Pedro Moreno 501 A (Entrega Inmediata)
CPUINT4740,CPUINT4740,"Procesador Intel® Core™ Ultra 7 265KF, LGA 1851. SIN GRAFICOS DE PROCESADOR. Con compatibilidad","Procesador Intel® Core™ Ultra 7 265KF, LGA 1851. SIN GRAFICOS DE PROCESADOR. Con compatibilidad con PCIe 5.0 y 4.0 y compatibilidad con DDR5, los procesadores de escritorio Intel® Core™ Ultra 7 (serie 2) desbloqueados están optimizados para los jugadores y la productividad y ayudan a ofrecer un alto rendimiento. Se requieren gráficos discretos. Compatible con placas base chipset serie 800. Potencia base del procesador de 125 W. NO INCLUYE DISIPADOR.",PC CUSTOM,d,284.44444444444446,5546.67,284.44,6656.0,6656.0,8874.67,6378.67,6656.0,procesadores,./assets/img/catalog/procesadores/CPUINT4740.jpg,https://static.ctonline.mx/imagenes/CPUINT4740/CPUINT4740_400.jpg,./assets/img/placeholders/cpu_placeholder.jpg,48h Directa / 1 Año Fabricante,Pedro Moreno 501 A (Entrega Inmediata)
CPUINT4750,CPUINT4750,"Procesador Intel® Core™ Ultra 5 245K, LGA 1851. INCLUYE GRAFICOS DE PROCESADOR. Con compatibili","Procesador Intel® Core™ Ultra 5 245K, LGA 1851. INCLUYE GRAFICOS DE PROCESADOR. Con compatibilidad con PCIe 5.0 y 4.0 y compatibilidad con DDR5, los procesadores de escritorio Intel® Core™ Ultra 5 (serie 2) desbloqueados están optimizados para los jugadores y la productividad y ayudan a ofrecer un alto rendimiento. Compatible con placas base chipset serie 800. Potencia base del procesador de 125 W. NO INCLUYE DISIPADOR.",PC CUSTOM,d,213.85555555555555,4170.18,213.86,5004.22,5004.22,6672.29,4795.71,5004.22,procesadores,./assets/img/catalog/procesadores/CPUINT4750.jpg,https://static.ctonline.mx/imagenes/CPUINT4750/CPUINT4750_400.jpg,./assets/img/placeholders/cpu_placeholder.jpg,48h Directa / 1 Año Fabricante,Pedro Moreno 501 A (Entrega Inmediata)
CPUINT4760,CPUINT4760,"Procesador Intel® Core™ Ultra 5 245KF, LGA 1851. SIN GRAFICOS DE PROCESADOR. Con compatibilidad","Procesador Intel® Core™ Ultra 5 245KF, LGA 1851. SIN GRAFICOS DE PROCESADOR. Con compatibilidad con PCIe 5.0 y 4.0 y compatibilidad con DDR5, los procesadores de escritorio Intel® Core™ Ultra 5 (serie 2) desbloqueados están optimizados para los jugadores y la productividad y ayudan a ofrecer un alto rendimiento. Se requieren gráficos discretos. Compatible con placas base chipset serie 800. Potencia base del procesador de 125 W. NO INCLUYE DISIPADOR.",PC CUSTOM,d,202.38888888888889,3946.58,202.39,4735.9,4735.9,6314.53,4538.57,4735.9,procesadores,./assets/img/catalog/procesadores/CPUINT4760.jpg,https://static.ctonline.mx/imagenes/CPUINT4760/CPUINT4760_400.jpg,./assets/img/placeholders/cpu_placeholder.jpg,48h Directa / 1 Año Fabricante,Pedro Moreno 501 A (Entrega Inmediata)
CPUINT4770,CPUINT4770,"Procesador Intel® Core™ Ultra 9 para escritorio 285 LGA 1851, 24 cores (8P + 16E) Hasta 5.4 GHz","Procesador Intel® Core™ Ultra 9 para escritorio 285 LGA 1851, 24 cores (8P + 16E) Hasta 5.4 GHz. Compatible con PCIe 5.0 y 4.0, así como con DDR5-6400, caché total 40 MB. Los procesadores Intel® Core™ Ultra 9 para escritorio (serie 2) están optimizados para jugadores entusiastas y creadores profesionales, y ofrecen un alto rendimiento. Compatible con placas base serie 800. Potencia base del procesador: 65 W. Intel® RH2 incluido. INCLUYE GRAFICOS.",PC CUSTOM,d,558.8888888888889,10898.33,558.89,13078.0,13078.0,17437.33,12533.08,13078.0,procesadores,./assets/img/catalog/procesadores/CPUINT4770.jpg,https://static.ctonline.mx/imagenes/CPUINT4770/CPUINT4770_400.jpg,./assets/img/placeholders/cpu_placeholder.jpg,48h Directa / 1 Año Fabricante,Pedro Moreno 501 A (Entrega Inmediata)
CPUINT4780,CPUINT4780,"Procesador Intel® Core™ Ultra 7 para escritorio 265 LGA 1851, 20 cores (8P + 12E) Hasta 5.3 GHz","Procesador Intel® Core™ Ultra 7 para escritorio 265 LGA 1851, 20 cores (8P + 12E) Hasta 5.3 GHz. Compatible con PCIe 5.0 y 4.0, así como con DDR5-6400, caché total 36 MB. Los procesadores Intel® Core™ Ultra 7 para escritorio (serie 2) están optimizados para jugadores y productividad, y ofrecen un alto rendimiento. Compatible con placas base serie 800. Potencia base del procesador: 65 W. Intel® RM2 incluido. INCLUYE GRAFICOS.",PC CUSTOM,d,387.77777777777777,7561.67,387.78,9074.0,9074.0,12098.67,8695.92,9074.0,procesadores,./assets/img/catalog/procesadores/CPUINT4780.jpg,https://static.ctonline.mx/imagenes/CPUINT4780/CPUINT4780_400.jpg,./assets/img/placeholders/cpu_placeholder.jpg,48h Directa / 1 Año Fabricante,Pedro Moreno 501 A (Entrega Inmediata)
CPUINT4790,CPUINT4790,"Procesador Intel® Core™ Ultra 7 para escritorio 265F LGA 1851, 20 cores (8P + 12E) Hasta 5.3 GH","Procesador Intel® Core™ Ultra 7 para escritorio 265F LGA 1851, 20 cores (8P + 12E) Hasta 5.3 GHz. Compatible con PCIe 5.0 y 4.0, así como con DDR5-6400, caché total 36 MB. Los procesadores Intel® Core™ Ultra 7 para escritorio (serie 2) están optimizados para jugadores y productividad, y ofrecen un alto rendimiento. Compatible con placas base serie 800. Potencia base del procesador: 65 W. Intel® RM2 incluido. NECESITA GRAFICOS.",PC CUSTOM,d,347.8333333333333,6782.75,347.83,8139.3,8139.3,10852.4,7800.16,8139.3,procesadores,./assets/img/catalog/procesadores/CPUINT4790.jpg,https://static.ctonline.mx/imagenes/CPUINT4790/CPUINT4790_400.jpg,./assets/img/placeholders/cpu_placeholder.jpg,48h Directa / 1 Año Fabricante,Pedro Moreno 501 A (Entrega Inmediata)
CPUINT4800,CPUINT4800,"Procesador Intel® Core™ Ultra 5 para escritorio 225 LGA 1851, 10 cores (6P + 4E) Hasta 4.9 GHz.","Procesador Intel® Core™ Ultra 5 para escritorio 225 LGA 1851, 10 cores (6P + 4E) Hasta 4.9 GHz. Compatible con PCIe 5.0 y 4.0, así como con DDR5-6400, caché total 22 MB. Los procesadores Intel® Core™ Ultra 5 para escritorio (serie 2) están optimizados para jugadores y productividad, y ofrecen un alto rendimiento. Compatible con placas base serie 800. Potencia base del procesador: 65 W. Intel® RM2 incluido. INCLUYE GRAFICOS.",PC CUSTOM,d,178.88888888888889,3488.33,178.89,4186.0,4186.0,5581.33,4011.58,4186.0,procesadores,./assets/img/catalog/procesadores/CPUINT4800.jpg,https://static.ctonline.mx/imagenes/CPUINT4800/CPUINT4800_400.jpg,./assets/img/placeholders/cpu_placeholder.jpg,48h Directa / 1 Año Fabricante,Pedro Moreno 501 A (Entrega Inmediata)
CPUINT4810,CPUINT4810,"Procesador Intel® Core™ Ultra 5 para escritorio 225F LGA 1851, 10 cores (6P + 4E) Hasta 4.9 GHz","Procesador Intel® Core™ Ultra 5 para escritorio 225F LGA 1851, 10 cores (6P + 4E) Hasta 4.9 GHz. Compatible con PCIe 5.0 y 4.0, así como con DDR5-6400, caché total 22 MB. Los procesadores Intel® Core™ Ultra 5 para escritorio (serie 2) están optimizados para jugadores y productividad, y ofrecen un alto rendimiento. Compatible con placas base serie 800. Potencia base del procesador: 65 W. Intel® RM2 incluido. NECESITA GRAFICOS.",PC CUSTOM,d,143.7222222222222,2802.58,143.72,3363.1,3363.1,4484.13,3222.97,3363.1,procesadores,./assets/img/catalog/procesadores/CPUINT4810.jpg,https://static.ctonline.mx/imagenes/CPUINT4810/CPUINT4810_400.jpg,./assets/img/placeholders/cpu_placeholder.jpg,48h Directa / 1 Año Fabricante,Pedro Moreno 501 A (Entrega Inmediata)
CPUINT5030,CPUINT5030,"Procesador Intel Core Ultra 7 270K Plus BX80768270K, 36 TOPS - 24 núcleos (8+16), 3.2 Ghz base,","Procesador Intel Core Ultra 7 270K Plus BX80768270K, 36 TOPS - 24 núcleos (8+16), 3.2 Ghz base, 5.5 Ghz turbo, 36 MB Caché, 125 W base, tecnologías de IA (OpenVINO™, WindowsML, DirectML, ONNX RT, WebNN). Tamaño de memoria máximo 256 GB / hasta DDR5-7200 MTs (2 canales de memoria). INCLUYE GRAFICOS - LGA 1851 - Compatible con chipset serie 800. NECESITA DISIPADOR.",PC CUSTOM,d,306.6666666666667,5980.0,306.67,7176.0,7176.0,9568.0,6877.0,7176.0,procesadores,./assets/img/catalog/procesadores/CPUINT5030.jpg,https://static.ctonline.mx/imagenes/CPUINT5030/CPUINT5030_400.jpg,./assets/img/placeholders/cpu_placeholder.jpg,48h Directa / 1 Año Fabricante,Pedro Moreno 501 A (Entrega Inmediata)
CPUINT5040,CPUINT5040,"Procesador Intel Core Ultra 5 250K Plus BX80768250K, 30 TOPS - 18 núcleos (6+12), 3.3 Ghz base,","Procesador Intel Core Ultra 5 250K Plus BX80768250K, 30 TOPS - 18 núcleos (6+12), 3.3 Ghz base, 5.3 Ghz turbo, 30 MB Caché, 125 W base, tecnologías de IA (OpenVINO™, WindowsML, DirectML, ONNX RT, WebNN). Tamaño de memoria máximo 256 GB / hasta DDR5-7200 MTs (2 canales de memoria). INCLUYE GRAFICOS - LGA 1851 - Compatible con chipset serie 800. NECESITA DISIPADOR.",PC CUSTOM,d,233.08888888888887,4545.23,233.09,5454.28,5454.28,7272.37,5227.01,5454.28,procesadores,./assets/img/catalog/procesadores/CPUINT5040.jpg,https://static.ctonline.mx/imagenes/CPUINT5040/CPUINT5040_400.jpg,./assets/img/placeholders/cpu_placeholder.jpg,48h Directa / 1 Año Fabricante,Pedro Moreno 501 A (Entrega Inmediata)
CPUINT5050,CPUINT5050,"Procesador Intel Core Ultra 5 250KF Plus BX80768250KF, 22 TOPS - 18 núcleos (6+12), 3.3 Ghz bas","Procesador Intel Core Ultra 5 250KF Plus BX80768250KF, 22 TOPS - 18 núcleos (6+12), 3.3 Ghz base, 5.3 Ghz turbo, 30 MB Caché, 125 W base, tecnologías de IA (OpenVINO™, WindowsML, DirectML, ONNX RT, WebNN). Tamaño de memoria máximo 256 GB / hasta DDR5-7200 MTs (2 canales de memoria) - LGA 1851 - Compatible con chipset serie 800. NECESITA GRAFICOS. NECESITA DISIPADOR.",PC CUSTOM,d,214.95555555555555,4191.63,214.96,5029.96,5029.96,6706.61,4820.37,5029.96,procesadores,./assets/img/catalog/procesadores/CPUINT5050.jpg,https://static.ctonline.mx/imagenes/CPUINT5050/CPUINT5050_400.jpg,./assets/img/placeholders/cpu_placeholder.jpg,48h Directa / 1 Año Fabricante,Pedro Moreno 501 A (Entrega Inmediata)
CPUINT4440,CPUINT4440,"Procesador Intel® Core™ i7-14700KF (14.a generación), LGA1700, sin gráficos de procesador. 33 M","Procesador Intel® Core™ i7-14700KF (14.a generación), LGA1700, sin gráficos de procesador. 33 MB caché, 28 hilos. Con tecnología Intel® Turbo Boost Max 3.0 y compatibilidad con PCIe 5.0 y 4.0, compatibilidad con DDR5 5600 y DDR4 3200, los procesadores de escritorio Intel® Core™ i7 de 14.ª generación desbloqueados están optimizados para los jugadores y la productividad y ayudan a ofrecer un alto rendimiento. SE REQUIEREN GRÁFICOS. Compatible con placas base serie 700 y serie 600. Potencia base del procesador de 125 W. DESBLOQUEADO, NECESITA DISIPADOR, NECESITA GRAFICOS, NECESITA ACTUALIZAR BIOS.",PC CUSTOM,d,378.88888888888886,7388.33,378.89,8866.0,8866.0,11821.33,8496.58,8866.0,procesadores,./assets/img/catalog/procesadores/CPUINT4440.jpg,https://static.ctonline.mx/imagenes/CPUINT4440/CPUINT4440_400.jpg,./assets/img/placeholders/cpu_placeholder.jpg,48h Directa / 1 Año Fabricante,Pedro Moreno 501 A (Entrega Inmediata)
CPUINT4550,CPUINT4550,"Procesador Intel® Core™ i7-14700F (14.ª generación), sin procesador gráfico. Con tecnología Int","Procesador Intel® Core™ i7-14700F (14.ª generación), sin procesador gráfico. Con tecnología Intel® Turbo Boost Max 3.0, compatibilidad con PCIe 5.0 y 4.0, compatibilidad con DDR5 y DDR4, los procesadores de escritorio Intel® Core™ i7 (14.ª generación) están optimizados para los jugadores y la productividad y ayudan a ofrecer un alto rendimiento. Se requieren gráficos discretos. Compatible con placas base chipsets serie 700 y serie 600. Potencia base del procesador de 65 W. NECESITA VIDEO.",PC CUSTOM,d,317.77777777777777,6196.67,317.78,7436.0,7436.0,9914.67,7126.17,7436.0,procesadores,./assets/img/catalog/procesadores/CPUINT4550.jpg,https://static.ctonline.mx/imagenes/CPUINT4550/CPUINT4550_400.jpg,./assets/img/placeholders/cpu_placeholder.jpg,48h Directa / 1 Año Fabricante,Pedro Moreno 501 A (Entrega Inmediata)
CPUINT4430,CPUINT4430,"Procesador Intel® Core™ i7-14700K (14.ª generación), LGA1700, 33 MB caché, 28 hilos. Con tecnol","Procesador Intel® Core™ i7-14700K (14.ª generación), LGA1700, 33 MB caché, 28 hilos. Con tecnología Intel® Turbo Boost Max 3.0 y compatibilidad con PCIe 5.0 y 4.0, compatibilidad con DDR5 5600 y DDR4 3200, los procesadores de escritorio Intel® Core™ i7 de 14.ª generación desbloqueados están optimizados para los jugadores y la productividad y ayudan a ofrecer un alto rendimiento. Compatible con placas base serie 700 y serie 600. Potencia base del procesador de 125 W. DESBLOQUEADO, NECESITA DISIPADOR, INCLUYE GRAFICOS, NECESITA ACTUALIZAR BIOS.",PC CUSTOM,d,371.27777777777777,7239.92,371.28,8687.9,8687.9,11583.87,8325.91,8687.9,procesadores,./assets/img/catalog/procesadores/CPUINT4430.jpg,https://static.ctonline.mx/imagenes/CPUINT4430/CPUINT4430_400.jpg,./assets/img/placeholders/cpu_placeholder.jpg,48h Directa / 1 Año Fabricante,Pedro Moreno 501 A (Entrega Inmediata)
CPUINT4540,CPUINT4540,"Procesador Intel® Core™ i7-14700 (14.ª generación). Con tecnología Intel® Turbo Boost Max 3.0, ","Procesador Intel® Core™ i7-14700 (14.ª generación). Con tecnología Intel® Turbo Boost Max 3.0, compatibilidad con PCIe 5.0 y 4.0, compatibilidad con DDR5 y DDR4, los procesadores de escritorio Intel® Core™ i7 (14.ª generación) están optimizados para los jugadores y la productividad y ayudan a ofrecer un alto rendimiento. Compatible con placas base chipsets serie 700 y serie 600. Potencia base del procesador de 65 W.",PC CUSTOM,d,385.2,7511.4,385.2,9013.68,9013.68,12018.24,8638.11,9013.68,procesadores,./assets/img/catalog/procesadores/CPUINT4540.jpg,https://static.ctonline.mx/imagenes/CPUINT4540/CPUINT4540_400.jpg,./assets/img/placeholders/cpu_placeholder.jpg,48h Directa / 1 Año Fabricante,Pedro Moreno 501 A (Entrega Inmediata)
CPUINT4460,CPUINT4460,"Procesador Intel® Core™ i9-14900KF (14.a generación), LGA1700, sin gráficos de procesador. 36 M","Procesador Intel® Core™ i9-14900KF (14.a generación), LGA1700, sin gráficos de procesador. 36 MB caché, 32 hilos. Con Intel® Thermal Velocity Boost, Intel® Turbo Boost Max Technology 3.0 y compatibilidad con PCIe 5.0 y 4.0, compatibilidad con DDR5 5600 y DDR4 3200, los procesadores de escritorio Intel® Core™ i9 de 14.ª generación desbloqueados están optimizados para jugadores entusiastas y creadores serios y ayudan a ofrecer un alto rendimiento. SE REQUIEREN GRÁFICOS. Compatible con placas base serie 700 y serie 600. Potencia base del procesador de 125 W. DESBLOQUEADO, NECESITA DISIPADOR, NECESITA GRAFICOS, NECESITA ACTUALIZAR BIOS.",PC CUSTOM,d,448.97777777777776,8755.07,448.98,10506.08,10506.08,14008.11,10068.33,10506.08,procesadores,./assets/img/catalog/procesadores/CPUINT4460.jpg,https://static.ctonline.mx/imagenes/CPUINT4460/CPUINT4460_400.jpg,./assets/img/placeholders/cpu_placeholder.jpg,48h Directa / 1 Año Fabricante,Pedro Moreno 501 A (Entrega Inmediata)
CPUINT4450,CPUINT4450,"Procesador Intel® Core™ i9-14900K (14.ª generación), LGA 1700, 36 MB caché, 32 hilos. Con Intel","Procesador Intel® Core™ i9-14900K (14.ª generación), LGA 1700, 36 MB caché, 32 hilos. Con Intel® Thermal Velocity Boost, Intel® Turbo Boost Max Technology 3.0 y compatibilidad con PCIe 5.0 y 4.0, compatibilidad con DDR5 5600 y DDR4 3200, los procesadores de escritorio Intel® Core™ i9 de 14.ª generación desbloqueados están optimizados para jugadores entusiastas y creadores serios y ayudan a ofrecer un alto rendimiento. Compatible con placas base serie 700 y serie 600. Potencia base del procesador de 125 W. DESBLOQUEADO, NECESITA DISIPADOR, INCLUYE GRAFICOS, NECESITA ACTUALIZAR BIOS.",PC CUSTOM,d,479.5,9350.25,479.5,11220.3,11220.3,14960.4,10752.79,11220.3,procesadores,./assets/img/catalog/procesadores/CPUINT4450.jpg,https://static.ctonline.mx/imagenes/CPUINT4450/CPUINT4450_400.jpg,./assets/img/placeholders/cpu_placeholder.jpg,48h Directa / 1 Año Fabricante,Pedro Moreno 501 A (Entrega Inmediata)
CPUINT4570,CPUINT4570,"Procesador Intel® Core™ i9-14900F (14.ª generación), sin procesador gráfico. Con Intel® Thermal","Procesador Intel® Core™ i9-14900F (14.ª generación), sin procesador gráfico. Con Intel® Thermal Velocity Boost, Intel® Turbo Boost Max Technology 3.0, compatibilidad con PCIe 5.0 y 4.0, compatibilidad con DDR5 y DDR4, los procesadores de escritorio Intel® Core™ i9 (14.ª generación) están optimizados para jugadores entusiastas y creadores serios y ayudan a ofrecer un alto rendimiento. . Se requieren gráficos discretos. Compatible con placas base chipsets serie 700 y serie 600. Potencia base del procesador de 65 W. NECESITA VIDEO.",PC CUSTOM,d,534.8333333333334,10429.25,534.83,12515.1,12515.1,16686.8,11993.64,12515.1,procesadores,./assets/img/catalog/procesadores/CPUINT4570.jpg,https://static.ctonline.mx/imagenes/CPUINT4570/CPUINT4570_400.jpg,./assets/img/placeholders/cpu_placeholder.jpg,48h Directa / 1 Año Fabricante,Pedro Moreno 501 A (Entrega Inmediata)
CPUINT4560,CPUINT4560,"Procesador Intel® Core™ i9-14900 (14.ª generación). Con Intel® Thermal Velocity Boost, Intel® T","Procesador Intel® Core™ i9-14900 (14.ª generación). Con Intel® Thermal Velocity Boost, Intel® Turbo Boost Max Technology 3.0, compatibilidad con PCIe 5.0 y 4.0, compatibilidad con DDR5 y DDR4, los procesadores de escritorio Intel® Core™ i9 (14.ª generación) están optimizados para jugadores entusiastas y creadores serios y ayudan a ofrecer un alto rendimiento. Compatible con placas base chipsets serie 700 y serie 600. Potencia base del procesador de 65 W.",PC CUSTOM,d,560.5555555555555,10930.83,560.56,13117.0,13117.0,17489.33,12570.45,13117.0,procesadores,./assets/img/catalog/procesadores/CPUINT4560.jpg,https://static.ctonline.mx/imagenes/CPUINT4560/CPUINT4560_400.jpg,./assets/img/placeholders/cpu_placeholder.jpg,48h Directa / 1 Año Fabricante,Pedro Moreno 501 A (Entrega Inmediata)
CPUINT5080,CPUINT5080,"Procesador Intel i7-14700 CM8071504820817 VERSION TRAY - SIN DISIPADOR, SIN CAJA,  20 núcleos, ","Procesador Intel i7-14700 CM8071504820817 VERSION TRAY - SIN DISIPADOR, SIN CAJA,  20 núcleos, 28 subprocesos, 2.1 GHz base y 5.4 GHz en turbo. 33 MB caché, TDP 65W, memoria ram máxima soportada DDR4-3200 / DDR5-5600 (máximo 2). Con Intel gráficos UHD Graphics 770, LGA 1700. Compatible con placa base serie 600 y 700. 
Para ensamble - procesador OEM - SIN CAJA.
Presentación TRAY:
SIN disipador, SIN caja, procesador OEM para ensambladores
IMPORTANTE:
Esta versión NO incluye disipador térmico. Disipador Compatible VENINT060 (BXTSRM1)",CM8071504820817,d,338.88888888888886,6608.33,338.89,7930.0,7930.0,10573.33,7599.58,7930.0,procesadores,./assets/img/catalog/procesadores/CPUINT5080.jpg,https://static.ctonline.mx/imagenes/CPUINT5080/CPUINT5080_400.jpg,./assets/img/placeholders/cpu_placeholder.jpg,48h Directa / 1 Año Fabricante,Pedro Moreno 501 A (Entrega Inmediata)
CPUINT4490,CPUINT4490,"Procesador Intel® Core™ i5-14600K (14.a generación), LGA1700, 24 MB caché, 20 hilos. Con compat","Procesador Intel® Core™ i5-14600K (14.a generación), LGA1700, 24 MB caché, 20 hilos. Con compatibilidad con PCIe 5.0 y 4.0, compatibilidad con DDR5 5600 y DDR4 3200, los procesadores de escritorio Intel® Core™ i5 de 14.ª generación desbloqueados están optimizados para los jugadores y la productividad y ayudan a ofrecer un alto rendimiento. Compatible con placas base serie 700 y serie 600. Potencia base del procesador de 125 W. Intel® UHD Graphics 770. DESBLOQUEADO, NECESITA DISIPADOR, INCLUYE GRAFICOS, NECESITA ACTUALIZAR BIOS.",PC CUSTOM,d,255.55555555555554,4983.33,255.56,5980.0,5980.0,7973.33,5730.83,5980.0,procesadores,./assets/img/catalog/procesadores/CPUINT4490.jpg,https://static.ctonline.mx/imagenes/CPUINT4490/CPUINT4490_400.jpg,./assets/img/placeholders/cpu_placeholder.jpg,48h Directa / 1 Año Fabricante,Pedro Moreno 501 A (Entrega Inmediata)
CPUINT4420,CPUINT4420,"Procesador Intel® Core™ i5-14600KF (14.a generación), LGA1700 sin gráficos de procesador. 24 MB","Procesador Intel® Core™ i5-14600KF (14.a generación), LGA1700 sin gráficos de procesador. 24 MB caché, 20 hilos. Con compatibilidad con PCIe 5.0 y 4.0, compatibilidad con DDR5 5600 y DDR4 3200, los procesadores de escritorio Intel® Core™ i5 de 14.ª generación desbloqueados están optimizados para los jugadores y la productividad y ayudan a ofrecer un alto rendimiento. SE REQUIEREN GRÁFICOS. Compatible con placas base serie 700 y serie 600. Potencia base del procesador de 125 W. DESBLOQUEADO, NECESITA DISIPADOR, NECESITA GRAFICOS, NECESITA ACTUALIZAR BIOS.",PC CUSTOM,d,242.88888888888889,4736.33,242.89,5683.6,5683.6,7578.13,5446.78,5683.6,procesadores,./assets/img/catalog/procesadores/CPUINT4420.jpg,https://static.ctonline.mx/imagenes/CPUINT4420/CPUINT4420_400.jpg,./assets/img/placeholders/cpu_placeholder.jpg,48h Directa / 1 Año Fabricante,Pedro Moreno 501 A (Entrega Inmediata)
CPUINT4520,CPUINT4520,"Procesador Intel® Core™ i5-14400 (14.ª generación). Con compatibilidad con PCIe 5.0 y 4.0, comp","Procesador Intel® Core™ i5-14400 (14.ª generación). Con compatibilidad con PCIe 5.0 y 4.0, compatibilidad con DDR5 y DDR4, los procesadores de escritorio Intel® Core™ i5 (14.ª generación) están optimizados para los jugadores y la productividad y ayudan a ofrecer un alto rendimiento. Compatible con placas base chipsets serie 700 y serie 600. Potencia base del procesador de 65 W.",PC CUSTOM,d,198.88888888888889,3878.33,198.89,4654.0,4654.0,6205.33,4460.08,4654.0,procesadores,./assets/img/catalog/procesadores/CPUINT4520.jpg,https://static.ctonline.mx/imagenes/CPUINT4520/CPUINT4520_400.jpg,./assets/img/placeholders/cpu_placeholder.jpg,48h Directa / 1 Año Fabricante,Pedro Moreno 501 A (Entrega Inmediata)
CPUINT4530,CPUINT4530,"Procesador Intel® Core™ i5-14400F (14.ª generación), sin procesador gráfico. Con compatibilidad","Procesador Intel® Core™ i5-14400F (14.ª generación), sin procesador gráfico. Con compatibilidad con PCIe 5.0 y 4.0, compatibilidad con DDR5 y DDR4, los procesadores de escritorio Intel® Core™ i5 (14.ª generación) están optimizados para los jugadores y la productividad y ayudan a ofrecer. un alto rendimiento. Se requieren gráficos discretos. Compatible con placas base chipsets serie 700 y serie 600. Potencia base del procesador de 65 W. NECESITA VIDEO.",PC CUSTOM,d,174.0,3393.0,174.0,4071.6,4071.6,5428.8,3901.95,4071.6,procesadores,./assets/img/catalog/procesadores/CPUINT4530.jpg,https://static.ctonline.mx/imagenes/CPUINT4530/CPUINT4530_400.jpg,./assets/img/placeholders/cpu_placeholder.jpg,48h Directa / 1 Año Fabricante,Pedro Moreno 501 A (Entrega Inmediata)
CPUINT5070,CPUINT5070,"Procesador Intel i5-14400F CM8071505093011, VERSION TRAY - SIN DISIPADOR, SIN CAJA, SIN GRAFICO","Procesador Intel i5-14400F CM8071505093011, VERSION TRAY - SIN DISIPADOR, SIN CAJA, SIN GRAFICOS  10 núcleos, 16 subprocesos, 2.5 Ghz base y 4.7 Ghz en turbo. 20 MB caché, TDP 65W, memoria ram máxima 192GB soportada DDR4-3200 / DDR5-4800 (máximo 2). LGA 1700. Compatible con placa base serie 600 y 700. 
Para ensamble - procesador OEM - SIN CAJA.
Presentación TRAY:
SIN disipador, SIN caja, procesador OEM para ensambladores
IMPORTANTE:
Esta versión NO incluye disipador térmico. NO INCLUYE VIDEO. Disipador Compatible VENINT060 (BXTSRM1)","CM8071505093011,",d,157.2777777777778,3066.92,157.28,3680.3,3680.3,4907.07,3526.96,3680.3,procesadores,./assets/img/catalog/procesadores/CPUINT5070.jpg,https://static.ctonline.mx/imagenes/CPUINT5070/CPUINT5070_400.jpg,./assets/img/placeholders/cpu_placeholder.jpg,48h Directa / 1 Año Fabricante,Pedro Moreno 501 A (Entrega Inmediata)
CPUINT5090,CPUINT5090,"Procesador Intel i5-14400 CM8071504821112, VERSION TRAY - SIN DISIPADOR, SIN CAJA,  10 núcleos,","Procesador Intel i5-14400 CM8071504821112, VERSION TRAY - SIN DISIPADOR, SIN CAJA,  10 núcleos, 16 subprocesos, 2.5 GHz base y 4.7 GHz en turbo. 20 MB caché, TDP 65W, memoria ram máxima soportada DDR4-3200 / DDR5-4800 (máximo 2). Con Intel gráficos UHD Graphics 730, LGA 1700. Compatible con placa base serie 600 y 700. 
Para ensamble - procesador OEM - SIN CAJA.
Presentación TRAY:
SIN disipador, SIN caja, procesador OEM para ensambladores
IMPORTANTE:
Esta versión NO incluye disipador térmico. Disipador Compatible VENINT060 (BXTSRM1)","CM8071504821112,",d,175.66666666666666,3425.5,175.67,4110.6,4110.6,5480.8,3939.32,4110.6,procesadores,./assets/img/catalog/procesadores/CPUINT5090.jpg,https://static.ctonline.mx/imagenes/CPUINT5090/CPUINT5090_400.jpg,./assets/img/placeholders/cpu_placeholder.jpg,48h Directa / 1 Año Fabricante,Pedro Moreno 501 A (Entrega Inmediata)
CPUINT4510,CPUINT4510,"Procesador Intel® Core™ i3-14100 (14.ª generación). Con compatibilidad con PCIe 5.0 y 4.0, DDR5","Procesador Intel® Core™ i3-14100 (14.ª generación). Con compatibilidad con PCIe 5.0 y 4.0, DDR5 y DDR4, los procesadores de escritorio Intel® Core™ i3 (14.ª generación) están optimizados para la productividad. Compatible con placas base serie 700 y serie 600. Potencia base del procesador de 60 W.",PC CUSTOM,d,136.67777777777778,2665.22,136.68,3198.26,3198.26,4264.35,3065.0,3198.26,procesadores,./assets/img/catalog/procesadores/CPUINT4510.jpg,https://static.ctonline.mx/imagenes/CPUINT4510/CPUINT4510_400.jpg,./assets/img/placeholders/cpu_placeholder.jpg,48h Directa / 1 Año Fabricante,Pedro Moreno 501 A (Entrega Inmediata)
CPUINT5020,CPUINT5020,"Procesador Intel i9-12900F BX8071512900F, SIN GRAFICOS - INCLUYE DISIPADOR, 16 núcleos, 24 subp","Procesador Intel i9-12900F BX8071512900F, SIN GRAFICOS - INCLUYE DISIPADOR, 16 núcleos, 24 subprocesos, 2.40 GHz base y 5.10 GHz en turbo. 30 MB caché, TDP 65W, memoria máxima ram soportada DDR4-3200 / DDR5-4800 (máximo 2). LGA 1700. Compatible con placa base serie 600 y 700.","BX8071512900F,",d,365.55555555555554,7128.33,365.56,8554.0,8554.0,11405.33,8197.58,8554.0,procesadores,./assets/img/catalog/procesadores/CPUINT5020.jpg,https://static.ctonline.mx/imagenes/CPUINT5020/CPUINT5020_400.jpg,./assets/img/placeholders/cpu_placeholder.jpg,48h Directa / 1 Año Fabricante,Pedro Moreno 501 A (Entrega Inmediata)
CPUINT4010,CPUINT4010,"Intel Core I9-12900K Alder Lake 3.20GHz (5.20GHz Turbo) LGA 1700 30 MB Intel Smart Cache, Gráfi","Intel Core I9-12900K Alder Lake 3.20GHz (5.20GHz Turbo) LGA 1700 30 MB Intel Smart Cache, Gráficos : Intel® UHD Graphics 770. 16 Núcleos y 24 subprocesos. COMPATIBLE SOLO CON MOTHERBOARDS CHIPSET SERIE 600. NO INCLUYE DISIPADOR.",I9-12900K,d,368.05555555555554,7177.08,368.06,8612.5,8612.5,11483.33,8253.64,8612.5,procesadores,./assets/img/catalog/procesadores/CPUINT4010.jpg,https://static.ctonline.mx/imagenes/CPUINT4010/CPUINT4010_400.jpg,./assets/img/placeholders/cpu_placeholder.jpg,48h Directa / 1 Año Fabricante,Pedro Moreno 501 A (Entrega Inmediata)
CPUINT4020,CPUINT4020,"Intel Core i9-12900KF Alder Lake 3.20GHz (5.20GHz Turbo) LGA 1700 30 MB Intel Smart Cache, 8 Nú","Intel Core i9-12900KF Alder Lake 3.20GHz (5.20GHz Turbo) LGA 1700 30 MB Intel Smart Cache, 8 Núcleos y 8 subprocesos. COMPATIBLE SOLO CON MOTHERBOARDS CHIPSET SERIE  600. NO INCLUYE VENTILADOR. NECESITA TARJETA DE VIDEO INDEPENDIENTE.",PC CUSTOM,d,427.22222222222223,8330.83,427.22,9997.0,9997.0,13329.33,9580.45,9997.0,procesadores,./assets/img/catalog/procesadores/CPUINT4020.jpg,https://static.ctonline.mx/imagenes/CPUINT4020/CPUINT4020_400.jpg,./assets/img/placeholders/cpu_placeholder.jpg,48h Directa / 1 Año Fabricante,Pedro Moreno 501 A (Entrega Inmediata)
CPUINT4210,CPUINT4210,"Intel Core i9-12900 Alder Lake 2.40GHz (5.10GHz Turbo) LGA 1700 30 MB Intel Smart Cache, 16 Núc","Intel Core i9-12900 Alder Lake 2.40GHz (5.10GHz Turbo) LGA 1700 30 MB Intel Smart Cache, 16 Núcleos. COMPATIBLE SOLO CON MOTHERBOARDS CHIPSET SERIE  600.",PC CUSTOM,d,446.87777777777774,8714.12,446.88,10456.94,10456.94,13942.59,10021.24,10456.94,procesadores,./assets/img/catalog/procesadores/CPUINT4210.jpg,https://static.ctonline.mx/imagenes/CPUINT4210/CPUINT4210_400.jpg,./assets/img/placeholders/cpu_placeholder.jpg,48h Directa / 1 Año Fabricante,Pedro Moreno 501 A (Entrega Inmediata)
CPUINT4160,CPUINT4160,"Intel Core i7-12700 Alder Lake 2.10GHz (4.90GHz Turbo) LGA 1700 25 MB Intel Smart Cache, 8 Núcl","Intel Core i7-12700 Alder Lake 2.10GHz (4.90GHz Turbo) LGA 1700 25 MB Intel Smart Cache, 8 Núcleos y 4 subprocesos. COMPATIBLE SOLO CON MOTHERBOARDS CHIPSET SERIE  600.",PC CUSTOM,d,328.05555555555554,6397.08,328.06,7676.5,7676.5,10235.33,7356.64,7676.5,procesadores,./assets/img/catalog/procesadores/CPUINT4160.jpg,https://static.ctonline.mx/imagenes/CPUINT4160/CPUINT4160_400.jpg,./assets/img/placeholders/cpu_placeholder.jpg,48h Directa / 1 Año Fabricante,Pedro Moreno 501 A (Entrega Inmediata)
CPUINT3990,CPUINT3990,"Intel Core I7-12700K Alder Lake 3.60GHz (5.00GHz Turbo) LGA 1700 25 MB Intel Smart  Cache, Gráf","Intel Core I7-12700K Alder Lake 3.60GHz (5.00GHz Turbo) LGA 1700 25 MB Intel Smart  Cache, Gráficos : Intel® UHD Graphics 770.12 Núcleos y 20 subprocesos. COMPATIBLE SOLO CON MOTHERBOARDS CHIPSET SERIE 600. NO INCLUYE DISIPADOR.",I7-12700K,d,334.44444444444446,6521.67,334.44,7826.0,7826.0,10434.67,7499.92,7826.0,procesadores,./assets/img/catalog/procesadores/CPUINT3990.jpg,https://static.ctonline.mx/imagenes/CPUINT3990/CPUINT3990_400.jpg,./assets/img/placeholders/cpu_placeholder.jpg,48h Directa / 1 Año Fabricante,Pedro Moreno 501 A (Entrega Inmediata)
CPUINT4000,CPUINT4000,"Intel Core I7-12700KF Alder Lake 3.60GHz (5.00GHz Turbo) LGA 1700 25 MB Intel Smart Cache, Gráf","Intel Core I7-12700KF Alder Lake 3.60GHz (5.00GHz Turbo) LGA 1700 25 MB Intel Smart Cache, Gráficos : Intel® UHD Graphics 770.12 Núcleos y 20 subprocesos. COMPATIBLE SOLO CON MOTHERBOARDS CHIPSET SERIE 600. NO INCLUYE GRAFICOS NI DISIPADOR.",I7-12700KF,d,294.44444444444446,5741.67,294.44,6890.0,6890.0,9186.67,6602.92,6890.0,procesadores,./assets/img/catalog/procesadores/CPUINT4000.jpg,https://static.ctonline.mx/imagenes/CPUINT4000/CPUINT4000_400.jpg,./assets/img/placeholders/cpu_placeholder.jpg,48h Directa / 1 Año Fabricante,Pedro Moreno 501 A (Entrega Inmediata)
CPUINT4090,CPUINT4090,"Intel Core i7-12700F Alder Lake 2.10GHz (4.90GHz Turbo) LGA 1700 25 MB Intel Smart Cache, 8 Núc","Intel Core i7-12700F Alder Lake 2.10GHz (4.90GHz Turbo) LGA 1700 25 MB Intel Smart Cache, 8 Núcleos y 4 subprocesos. COMPATIBLE SOLO CON MOTHERBOARDS CHIPSET SERIE  600. REQUIERE TARJETA DE VIDEO INDEPENDIENTE",PC CUSTOM,d,232.16666666666666,4527.25,232.17,5432.7,5432.7,7243.6,5206.34,5432.7,procesadores,./assets/img/catalog/procesadores/CPUINT4090.jpg,https://static.ctonline.mx/imagenes/CPUINT4090/CPUINT4090_400.jpg,./assets/img/placeholders/cpu_placeholder.jpg,48h Directa / 1 Año Fabricante,Pedro Moreno 501 A (Entrega Inmediata)
CPUINT3970,CPUINT3970,"Intel Core I5-12600K Alder Lake 3.70GHz (4.90GHz Turbo) LGA 1700 20 MB Intel Smart Cache, Gráfi","Intel Core I5-12600K Alder Lake 3.70GHz (4.90GHz Turbo) LGA 1700 20 MB Intel Smart Cache, Gráficos : Intel® UHD Graphics 770 . 10 Núcleos y 16 subprocesos. COMPATIBLE SOLO CON MOTHERBOARDS CHIPSET SERIE 600. NO INCLUYE DISIPADOR.",I5-12600K,d,197.22222222222223,3845.83,197.22,4615.0,4615.0,6153.33,4422.7,4615.0,procesadores,./assets/img/catalog/procesadores/CPUINT3970.jpg,https://static.ctonline.mx/imagenes/CPUINT3970/CPUINT3970_400.jpg,./assets/img/placeholders/cpu_placeholder.jpg,48h Directa / 1 Año Fabricante,Pedro Moreno 501 A (Entrega Inmediata)
CPUINT3980,CPUINT3980,"Intel Core i5-12600KF Alder Lake 3.70GHz (4.90GHz Turbo) LGA 1700 20 MB Intel Smart Cache, 10 N","Intel Core i5-12600KF Alder Lake 3.70GHz (4.90GHz Turbo) LGA 1700 20 MB Intel Smart Cache, 10 Núcleos. COMPATIBLE SOLO CON MOTHERBOARDS CHIPSET SERIE 600. REQUIERE TARJETA DE VIDEO Y VENTILADOR/ENFRIAMIENTO)",PC CUSTOM,d,169.27777777777777,3300.92,169.28,3961.1,3961.1,5281.47,3796.06,3961.1,procesadores,./assets/img/catalog/procesadores/CPUINT3980.jpg,https://static.ctonline.mx/imagenes/CPUINT3980/CPUINT3980_400.jpg,./assets/img/placeholders/cpu_placeholder.jpg,48h Directa / 1 Año Fabricante,Pedro Moreno 501 A (Entrega Inmediata)
CPUINT4070,CPUINT4070,"Intel Core i5-12400 Alder Lake 2.50GHz (4.40GHz Turbo) LGA 1700 18 MB Intel Smart Cache, 6 Núcl","Intel Core i5-12400 Alder Lake 2.50GHz (4.40GHz Turbo) LGA 1700 18 MB Intel Smart Cache, 6 Núcleos. COMPATIBLE SOLO CON MOTHERBOARDS CHIPSET SERIE  600.",PC CUSTOM,d,171.11111111111111,3336.67,171.11,4004.0,4004.0,5338.67,3837.17,4004.0,procesadores,./assets/img/catalog/procesadores/CPUINT4070.jpg,https://static.ctonline.mx/imagenes/CPUINT4070/CPUINT4070_400.jpg,./assets/img/placeholders/cpu_placeholder.jpg,48h Directa / 1 Año Fabricante,Pedro Moreno 501 A (Entrega Inmediata)
CPUINT4910,CPUINT4910,"Procesador Intel® Core™ i5-12400 VERSION TRAY - SIN DISIPADOR LGA 1700, 18MB caché, hasta 4.40 ","Procesador Intel® Core™ i5-12400 VERSION TRAY - SIN DISIPADOR LGA 1700, 18MB caché, hasta 4.40 Ghz. 6 núcleos, compatible con memorias DDR4 y DDR5, hasta 128GB. Compatible con placas base serie 600. Potencia base del procesador: 65 W. Para ensamble - Procesador OEM - SIN CAJA",PC CUSTOM,d,161.53333333333333,3149.9,161.53,3779.88,3779.88,5039.84,3622.38,3779.88,procesadores,./assets/img/catalog/procesadores/CPUINT4910.jpg,https://static.ctonline.mx/imagenes/CPUINT4910/CPUINT4910_400.jpg,./assets/img/placeholders/cpu_placeholder.jpg,48h Directa / 1 Año Fabricante,Pedro Moreno 501 A (Entrega Inmediata)
CPUINT4080,CPUINT4080,"Intel Core i5-12400F Alder Lake 2.50GHz (4.40GHz Turbo) LGA 1700 18 MB Intel Smart Cache, 6 Núc","Intel Core i5-12400F Alder Lake 2.50GHz (4.40GHz Turbo) LGA 1700 18 MB Intel Smart Cache, 6 Núcleos. COMPATIBLE SOLO CON MOTHERBOARDS CHIPSET SERIE  600. REQUIERE TARJETA DE VIDEO INDEPENDIENTE",PC CUSTOM,d,147.77777777777777,2881.67,147.78,3458.0,3458.0,4610.67,3313.92,3458.0,procesadores,./assets/img/catalog/procesadores/CPUINT4080.jpg,https://static.ctonline.mx/imagenes/CPUINT4080/CPUINT4080_400.jpg,./assets/img/placeholders/cpu_placeholder.jpg,48h Directa / 1 Año Fabricante,Pedro Moreno 501 A (Entrega Inmediata)
CPUINT4170,CPUINT4170,"Intel Core i3-12100 Alder Lake 3.20GHz (4.30GHz Turbo) LGA 1700 12 MB Intel Smart Cache, 4 Núcl","Intel Core i3-12100 Alder Lake 3.20GHz (4.30GHz Turbo) LGA 1700 12 MB Intel Smart Cache, 4 Núcleos y 4 subprocesos. COMPATIBLE SOLO CON MOTHERBOARDS CHIPSET SERIE  600.",PC CUSTOM,d,127.77777777777777,2491.67,127.78,2990.0,2990.0,3986.67,2865.42,2990.0,procesadores,./assets/img/catalog/procesadores/CPUINT4170.jpg,https://static.ctonline.mx/imagenes/CPUINT4170/CPUINT4170_400.jpg,./assets/img/placeholders/cpu_placeholder.jpg,48h Directa / 1 Año Fabricante,Pedro Moreno 501 A (Entrega Inmediata)
CPUINT4060,CPUINT4060,"Procesador Intel BX8071512100F, 4 núcleos, LGA 1700, 64-bit, 3.3 GHz frecuencia base, 4.3 GHz f","Procesador Intel BX8071512100F, 4 núcleos, LGA 1700, 64-bit, 3.3 GHz frecuencia base, 4.3 GHz frecuencia Turbo, 12 MB caché, INCLUYE DISIPADOR, potencia base 58W, máxima potencia 89W, ancho de banda de memoria soportada 76.8 GB/s, Máxima memoria interna soportada por el procesador 128 GB DDR4-SDRAM, DDR5-SDRAM, doble canal, SIN GRAFICOS, Versión de entradas de PCI Express 4.0 y 5.0. Configuraciones PCI Express 1x16+1x4, 2x8+1x4.","BX8071512100F,",d,93.75555555555555,1828.23,93.76,2193.88,2193.88,2925.17,2102.46,2193.88,procesadores,./assets/img/catalog/procesadores/CPUINT4060.jpg,https://static.ctonline.mx/imagenes/CPUINT4060/CPUINT4060_400.jpg,./assets/img/placeholders/cpu_placeholder.jpg,48h Directa / 1 Año Fabricante,Pedro Moreno 501 A (Entrega Inmediata)
CPUINT4140,CPUINT4140,"Procesador Intel BX80715G6900, 2 núcleos, LGA 1700, 64-bit, frecuencia base 3.4 GHz, 4MB caché,","Procesador Intel BX80715G6900, 2 núcleos, LGA 1700, 64-bit, frecuencia base 3.4 GHz, 4MB caché, potencia base 46W, Ancho de banda de memoria soportada por el procesador (max) 76.8 GB/s. Máxima memoria interna soportada por el procesador 128 MB DDR4-SDRAM,DDR5-SDRAM, doble canal. INCLUYE GRAFICOS Intel UHD Graphics 710.","BX80715G6900,",d,64.38888888888889,1255.58,64.39,1506.7,1506.7,2008.93,1443.92,1506.7,procesadores,./assets/img/catalog/procesadores/CPUINT4140.jpg,https://static.ctonline.mx/imagenes/CPUINT4140/CPUINT4140_400.jpg,./assets/img/placeholders/cpu_placeholder.jpg,48h Directa / 1 Año Fabricante,Pedro Moreno 501 A (Entrega Inmediata)
CPUINT4180,CPUINT4180,Intel Pentium Gold G7400 Alder Lake 3.70GHz LGA 1700 6 MB Intel Smart  Cache. Gráficos UHD Inte,"Intel Pentium Gold G7400 Alder Lake 3.70GHz LGA 1700 6 MB Intel Smart  Cache. Gráficos UHD Intel 710, 2 Núcleos y 4 subprocesos. COMPATIBLE SOLO CON MOTHERBOARDS CHIPSET SERIE  600.",G7400,d,92.66666666666667,1807.0,92.67,2168.4,2168.4,2891.2,2078.05,2168.4,procesadores,./assets/img/catalog/procesadores/CPUINT4180.jpg,https://static.ctonline.mx/imagenes/CPUINT4180/CPUINT4180_400.jpg,./assets/img/placeholders/cpu_placeholder.jpg,48h Directa / 1 Año Fabricante,Pedro Moreno 501 A (Entrega Inmediata)
CPUINT5010,CPUINT5010,"Procesador Intel i5-10400T CM8070104290806, VERSION TRAY - SIN DISIPADOR, SIN CAJA,  6 núcleos,","Procesador Intel i5-10400T CM8070104290806, VERSION TRAY - SIN DISIPADOR, SIN CAJA,  6 núcleos, 12 subprocesos, 2.00 Ghz base y 3.60 Ghz en turbo. 12 MB caché, velocidad del bus 8 GT/s. TDP 35W, memoria ram soportada DDR4-2666 (máximo 2). Con Intel gráficos UHD Graphics 630, LGA 1200. Compatible con placa base serie 500. 
Para ensamble - procesador OEM - SIN CAJA
Presentación TRAY:
SIN disipador, SIN caja, procesador OEM para ensambladores
IMPORTANTE:
Esta versión NO incluye disipador térmico. Disipador Compatible VENINT070 (BXTS10A)","CM8070104290806,",d,80.0,1560.0,80.0,1872.0,1872.0,2496.0,1794.0,1872.0,procesadores,./assets/img/catalog/procesadores/CPUINT5010.jpg,https://static.ctonline.mx/imagenes/CPUINT5010/CPUINT5010_400.jpg,./assets/img/placeholders/cpu_placeholder.jpg,48h Directa / 1 Año Fabricante,Pedro Moreno 501 A (Entrega Inmediata)
CPUAMD2050,CPUAMD2050,Procesador AMD ATHLON 3000G RADEON VEGA Procesadores AMD Athlon Línea de productos Procesadores,"Procesador AMD ATHLON 3000G RADEON VEGA Procesadores AMD Athlon Línea de productos Procesadores de escritorio AMD Athlon con gráficos Radeon N.° de núcleos de CPU 2 N.° de subprocesos 4 Reloj base 3,5 GHz Caché L1 total 192KB Caché L2 total 1 MB Caché L3 total 4MB TDP/TDP predeterminado 35W Tecnología de procesador para núcleos de CPU 14nm desbloqueado Sí Paquete AM4 Temp. máx. 95ºC *Compatible con SO Windows 11 - edición de 64 bits Windows 10 edición de 64 bits RHEL x86 edición de 64·bits Ubuntu x86 edición de 64·bits El soporte del sistema operativo (SO) variará según el fabricante. Conectividad Versión de PCI Express PCIe 3.0 Canales de memoria 2 Velocidad máxima de memoria Hasta 2667MT/s Capacidades gráficas Modelo de gráficos  Radeon™ Vega 3 N.° de núcleos de GPU 3 Frecuencia de gráficos 1100MHz",AMD,d,32.22222222222222,628.33,32.22,754.0,754.0,1005.33,722.58,754.0,procesadores,./assets/img/catalog/procesadores/CPUAMD2050.jpg,https://static.ctonline.mx/imagenes/CPUAMD2050/CPUAMD2050_400.jpg,./assets/img/placeholders/cpu_placeholder.jpg,48h Directa / 1 Año Fabricante,Pedro Moreno 501 A (Entrega Inmediata)
CPUAMD2540,CPUAMD2540,Procesador RYZEN 3 4100 4 CORE 4GHZ RETAIL Plataforma Computadora de escritorio Familia de prod,"Procesador RYZEN 3 4100 4 CORE 4GHZ RETAIL Plataforma Computadora de escritorio Familia de productos Procesadores AMD Ryzen Línea de productos Procesadores de escritorio AMD Ryzen 3 # de núcleos de CPU 4 # de hilos 8 Reloj de aumento máx. Hasta 4.0GHz Reloj base 3,8 GHz Caché L1 total 256 KB Caché L2 total 2MB Caché L3 total 4 MB TDP/TDP predeterminado 65W Tecnología de procesador para núcleos de CPU FinFET de 7nm de TSMC desbloqueado Sí Zócalo de la CPU AM4 Número de sockets 1P Solución térmica (PIB) AMD Wraith sigilo Temp. máx. 95°C Fecha de lanzamiento 4/4/2022 *Compatible con SO Windows 11 - edición de 64 bits Edición de Windows 10 de 64 bits RHEL x86 edición de 64·bits Ubuntu x86 edición de 64·bits *El soporte del sistema operativo (SO) variará según el fabricante. Conectividad Versión de PCI Express PCIe 3.0 Tipo de memoria DDR4 Canales de memoria 2 Velocidad máxima de memoria Hasta 3200MHz Velocidad máxima de memoria 2x1R DDR4-3200 2x2R DDR4-3200 4x1R DDR4-2933 4x2R DDR4-2667 ID de producto Número de modelo de caja 100-100000510CAJA Número de modelo de procesador 100-000000510 Características clave Tecnologías compatibles Tecnología AMD StoreMI Arquitectura central AMD ""Zen 2"" AMD Ryzen VR-Ready Premium",RYZEN,d,57.666666666666664,1124.5,57.67,1349.4,1349.4,1799.2,1293.17,1349.4,procesadores,./assets/img/catalog/procesadores/CPUAMD2540.jpg,https://static.ctonline.mx/imagenes/CPUAMD2540/CPUAMD2540_400.jpg,./assets/img/placeholders/cpu_placeholder.jpg,48h Directa / 1 Año Fabricante,Pedro Moreno 501 A (Entrega Inmediata)
CPUAMD2000,CPUAMD2000,Procesador AMD RYZEN 3 3200G SPIRE COOLER RADEON Procesador en caja Familia de productos Proces,"Procesador AMD RYZEN 3 3200G SPIRE COOLER RADEON Procesador en caja Familia de productos Procesadores AMD Ryzen Línea de producto Procesadores de escritorio AMD Ryzen 3 con gráficos Radeon Vega # de núcleos de CPU 4 # de los hilos 4 máx. Reloj de impulso Hasta 4,0 GHz Reloj básico 3,6 GHz Caché L1 384KB Caché L2 2 MB Caché L3 4MB TDP predeterminado 65W TDP configurable de AMD (cTDP) 45-65W Tecnología de procesador para núcleos de CPU FinFET de 12 nm Desbloqueado para Overclocking Sí Zócalo de la CPU AM4 Solución Térmica (PIB) Sigilo de espectro Solución Térmica (MPK) Sigilo de espectro máx. Temperatura de funcionamiento (Tjmáx) 95°C Fecha de lanzamiento 7/7/2019 *Soporte de sistema operativo Windows 11 - Edición de 64 bits Windows 10 - Edición de 64 bits RHEL x86 de 64 bits Ubuntu x86 de 64 bits *La compatibilidad con el sistema operativo (SO) variará según el fabricante. Conectividad Versión PCI Express PCIe 3.0 x8 Tipo de memoria del sistema DDR4 Canales de memoria 2 Especificación de la memoria del sistema Hasta 2933 MHz Capacidades gráficas Modelo de gráficos  Radeon Vega 8 Recuento de núcleos de gráficos 8 Frecuencia de gráficos 1250 MHz",AMD,d,63.33333333333333,1235.0,63.33,1482.0,1482.0,1976.0,1420.25,1482.0,procesadores,./assets/img/catalog/procesadores/CPUAMD2000.jpg,https://static.ctonline.mx/imagenes/CPUAMD2000/CPUAMD2000_400.jpg,./assets/img/placeholders/cpu_placeholder.jpg,48h Directa / 1 Año Fabricante,Pedro Moreno 501 A (Entrega Inmediata)
CPUAMD2820,CPUAMD2820,"Procesador AMD RYZEN 3 5300G, familia de productos Ryzen, serie Ryzen 5000 Series, arquitectura","Procesador AMD RYZEN 3 5300G, familia de productos Ryzen, serie Ryzen 5000 Series, arquitectura Zen 3, 4 núcleos de CPU y 8 subprocesos, reloj base 4 GHz, reloj turbo máximo hasta 4.23 GHz, TDP 65W, socket AM4, temperatura de funcionamiento máxima 95°C, PCIe® 3.0, tipo de memoria del sistema DDR4, incluye gráficos Radeon™ Graphics, frecuencia de tarjeta gráfica 1700 MHz, Incluye ventilador.",AMD,d,89.65555555555555,1748.28,89.66,2097.94,2097.94,2797.25,2010.52,2097.94,procesadores,./assets/img/catalog/procesadores/CPUAMD2820.jpg,https://static.ctonline.mx/imagenes/CPUAMD2820/CPUAMD2820_400.jpg,./assets/img/placeholders/cpu_placeholder.jpg,48h Directa / 1 Año Fabricante,Pedro Moreno 501 A (Entrega Inmediata)
CPUAMD2140,CPUAMD2140,"Procesador AMD Ryzen 5 5600X, with Wraith Spire cooler Socket AM4. 6 núcleos de CPU, 12 hilos, ","Procesador AMD Ryzen 5 5600X, with Wraith Spire cooler Socket AM4. 6 núcleos de CPU, 12 hilos, Reloj base 3.7GHz, Reloj de aumento máx. Hasta 4.6GHz, Caché L1 total, 32mb, Caché L2 total 3MB, Caché L3 total, 16MB, Desbloqueados  Sí, CMOS TSMC 7nm FinFET Package AM4 Versión de PCI Express PCIe 4.0, TDP/TDP Solución térmica (PIB), Wraith Stealth, predeterminado 65W, Velocidad máxima de memoria 3200MHz,Tipo de memoria DDR,  AMD ""Zen 3"" Core Architecture, Tecnología AMD StoreMI, Utilidad AMD Ryzen™ Master, 4 (No incluye gráficos)",AMD,d,114.61111111111111,2234.92,114.61,2681.9,2681.9,3575.87,2570.16,2681.9,procesadores,./assets/img/catalog/procesadores/CPUAMD2140.jpg,https://static.ctonline.mx/imagenes/CPUAMD2140/CPUAMD2140_400.jpg,./assets/img/placeholders/cpu_placeholder.jpg,48h Directa / 1 Año Fabricante,Pedro Moreno 501 A (Entrega Inmediata)
CPUAMD2350,CPUAMD2350,Procesador RYZEN AMD 5 4500 BOX  Procesadores AMD Ryzen Línea de productos Procesadores de escr,"Procesador RYZEN AMD 5 4500 BOX  Procesadores AMD Ryzen Línea de productos Procesadores de escritorio AMD Ryzen 5 # de núcleos de CPU 6 # de hilos 12 Reloj de aumento máx. Hasta 4.1GHz Reloj base 3,6 GHz Caché L1 total 384KB Caché L2 total 3 MB Caché L3 total 8MB TDP/TDP predeterminado 65W Tecnología de procesador para núcleos de CPU FinFET de 7nm de TSMC desbloqueado Sí Zócalo de la CPU AM4 Número de sockets 1P Solución térmica (PIB) AMD Wraith sigilo Temp. máx. 95°C Fecha de lanzamiento 4/4/2022 *Compatible con SO Windows 11 - Edición de 64 bits Edición de Windows 10 de 64 bits RHEL x86 edición de 64·bits Ubuntu x86 edición de 64 bits *El soporte del sistema operativo (SO) variará según el fabricante. Conectividad Versión de PCI Express PCIe 3.0 Tipo de memoria DDR4 Canales de memoria 2 Velocidad máxima de memoria Hasta 3200MHz Velocidad máxima de memoria 2x1R DDR4-3200 2x2R DDR4-3200 4x1R DDR4-2933 4x2R DDR4-2667 Tecnologías compatibles Tecnología AMD StoreMI Arquitectura central AMD ""Zen 2"" AMD Ryzen™ VR-Ready Premium",RYZEN,d,115.83333333333333,2258.75,115.83,2710.5,2710.5,3614.0,2597.56,2710.5,procesadores,./assets/img/catalog/procesadores/CPUAMD2350.jpg,https://static.ctonline.mx/imagenes/CPUAMD2350/CPUAMD2350_400.jpg,./assets/img/placeholders/cpu_placeholder.jpg,48h Directa / 1 Año Fabricante,Pedro Moreno 501 A (Entrega Inmediata)
CPUAMD2270,CPUAMD2270,"Procesador AMD RYZEN 5 5600G RADEON VEGA núcleos de CPU 6 hilos 12 núcleos de GPU 7, Reloj base","Procesador AMD RYZEN 5 5600G RADEON VEGA núcleos de CPU 6 hilos 12 núcleos de GPU 7, Reloj base 3.9GHz, Reloj de aumento máx. Hasta 4.4GHz,Caché L2 total 3MB, Caché L3 total 16MB, Desbloqueados  SI, CEMOS: TSMC 7nm FinFET Package AM4, Versión de PCI Express, PCIe 3.0, Solución térmica (MPK) Wraith Stealth, TDP/TDP predeterminado 65W, Temp. máx. 95°C, Compatible con SO Windows 10 edición de 64·bits, RHEL x86 edición de 64·bits, Ubuntu x86 edición de 64·bits, El soporte del sistema operativo (SO) variará según el fabricante. Memoria Velocidad máxima de memoria Up to 3200MHz, Tipo de memoria DDR4, Canales de memoria 2, Especificaciones de gráficos Frecuencia de gráficos 1900 MHz, Modelo de gráficos Radeon™ Graphics, Cant. de núcleos de los gráficos 7, Funcionalidades principales Display Port Sí, HDMI S.(incluye gráficos)",AMD,d,117.77777777777777,2296.67,117.78,2756.0,2756.0,3674.67,2641.17,2756.0,procesadores,./assets/img/catalog/procesadores/CPUAMD2270.jpg,https://static.ctonline.mx/imagenes/CPUAMD2270/CPUAMD2270_400.jpg,./assets/img/placeholders/cpu_placeholder.jpg,48h Directa / 1 Año Fabricante,Pedro Moreno 501 A (Entrega Inmediata)
CPUAMD2680,CPUAMD2680,"AMD RYZEN 5 8500G, familia de producto Ryzen, línea de producto Ryzen 8000, reloj base de 3,5 G","AMD RYZEN 5 8500G, familia de producto Ryzen, línea de producto Ryzen 8000, reloj base de 3,5 GHz máximo hasta 5GHz, TDP 65W, socket AM5, compatible con los SO Windows 11 - Edición de 64 bits, Windows 10 - Edición de 64 bits, RHEL x86 de 64 bits, Ubuntu x86 de 64 bits, Versión PCI Express® PCIe® 4.0, memoria DDR5, 2 canales de memoria, gráficos AMD Radeon™ 740M, 6 núcleos del CPU, 12 hilos, memoria cache total 22MB.",AMD,d,126.22222222222221,2461.33,126.22,2953.6,2953.6,3938.13,2830.53,2953.6,procesadores,./assets/img/catalog/procesadores/CPUAMD2680.jpg,https://static.ctonline.mx/imagenes/CPUAMD2680/CPUAMD2680_400.jpg,./assets/img/placeholders/cpu_placeholder.jpg,48h Directa / 1 Año Fabricante,Pedro Moreno 501 A (Entrega Inmediata)
CPUAMD2660,CPUAMD2660,"AMD RYZEN 7 5700, familia de productos AMD Ryzen™, línea de productos AMD Ryzen™ 7, cuenta con ","AMD RYZEN 7 5700, familia de productos AMD Ryzen™, línea de productos AMD Ryzen™ 7, cuenta con 8 núcleos, 16 hilos, reloj base de 3,7 GHz máximo 4,6 GHz, memoria cache total 20MB, TDP 65W, socket 
AM4, compatible con las tarjetas madre X570, X470, X370, B550, B450, B350, A520, cuenta con enfriador 
AMD Wraith Stealth, compatible con los SO Windows 10 - Edición de 64 bits, RHEL x86 de 64 bits, Ubuntu x86 de 64 bits, Versión PCI Express® PCIe 3.0, memoria DDR4, 2 canales de memoria, se requiere tarjeta gráfica discreta.",AMD,d,129.55555555555554,2526.33,129.56,3031.6,3031.6,4042.13,2905.28,3031.6,procesadores,./assets/img/catalog/procesadores/CPUAMD2660.jpg,https://static.ctonline.mx/imagenes/CPUAMD2660/CPUAMD2660_400.jpg,./assets/img/placeholders/cpu_placeholder.jpg,48h Directa / 1 Año Fabricante,Pedro Moreno 501 A (Entrega Inmediata)
CPUAMD2570,CPUAMD2570,Procesador AMD RYZEN 5 5600GT AM4 Procesadores AMD Ryzen Línea de productos Procesadores de esc,"Procesador AMD RYZEN 5 5600GT AM4 Procesadores AMD Ryzen Línea de productos Procesadores de escritorio AMD Ryzen™ 5 5000 serie G con gráficos Radeon™ N.° de núcleos de CPU 6 N.° de subprocesos 12 Reloj de aumento máx. Hasta 4.6GHz Reloj base 3,6 GHz Caché L1 total 384KB Caché L2 total 3MB Caché L3 total 16MB TDP/TDP predeterminado 65W TDP configurable de AMD (cTDP) 45-65W Tecnología de procesador para núcleos de CPU TSMC FinFET de 7 nm desbloqueado Sí Paquete AM4 Solución térmica AMD Wraith sigiloso Solución térmica (MPK) AMD Wraith sigiloso Temp. máx. 95ºC Fecha de lanzamiento 8/1/2024 *Compatible con SO Windows 11 - edición de 64 bits Windows 10 edición de 64 bits RHEL x86 edición de 64·bits Ubuntu x86 edición de 64·bits *El soporte del sistema operativo (SO) variará según el fabricante. Conectividad Versión de PCI Express PCIe® 3.0 Tipo de memoria DDR4 Canales de memoria 2 Velocidad máxima de memoria Hasta 3200MT/s Velocidad máxima de memoria 2x1R DDR4-3200 2x2R DDR4-3200 4x1R DDR4-2933 4x2R DDR4-2667 Capacidades gráficas Modelo de gráficos  Radeon™ N.° de núcleos de GPU 7 Frecuencia de gráficos 1900MHz",AMD,d,137.0,2671.5,137.0,3205.8,3205.8,4274.4,3072.22,3205.8,procesadores,./assets/img/catalog/procesadores/CPUAMD2570.jpg,https://static.ctonline.mx/imagenes/CPUAMD2570/CPUAMD2570_400.jpg,./assets/img/placeholders/cpu_placeholder.jpg,48h Directa / 1 Año Fabricante,Pedro Moreno 501 A (Entrega Inmediata)
CPUAMD2800,CPUAMD2800,"Procesador AMD RYZEN 5 8400F, familia de productos Ryzen, Serie Ryzen 8000 Series, arquitectura","Procesador AMD RYZEN 5 8400F, familia de productos Ryzen, Serie Ryzen 8000 Series, arquitectura Zen 4, 6 núcleos de CPU y 12 subprocesos, reloj base 4.2 GHz, reloj turbo máximo hasta 4.7 GHz. TDP 45-65W, socket AM5, tarjetas madre compatibles A620, X670E, X670, B650E, B650, X870E, X870, B840, B850, temperatura de funcionamiento máxima 95°C, PCIe® 4.0, memoria del sistema DDR5, memoria máxima 256GB, Se requiere una tarjeta gráfica independiente, incluye ventilador",AMD,d,141.11111111111111,2751.67,141.11,3302.0,3302.0,4402.67,3164.42,3302.0,procesadores,./assets/img/catalog/procesadores/CPUAMD2800.jpg,https://static.ctonline.mx/imagenes/CPUAMD2800/CPUAMD2800_400.jpg,./assets/img/placeholders/cpu_placeholder.jpg,48h Directa / 1 Año Fabricante,Pedro Moreno 501 A (Entrega Inmediata)
CPUAMD2520,CPUAMD2520,Procesador RYZEN 5 5500 6 CORE 4.2GHZ RETAIL Plataforma Computadora de escritorio Familia de pr,"Procesador RYZEN 5 5500 6 CORE 4.2GHZ RETAIL Plataforma Computadora de escritorio Familia de productos Procesadores AMD Ryzen Línea de productos Procesadores de escritorio AMD Ryzen 5 # de núcleos de CPU 6 # de hilos 12 Reloj de aumento máx. Hasta 4.2GHz Reloj base 3,6 GHz Caché L1 total 384KB Caché L2 total 3MB Caché L3 total 16 MB TDP/TDP predeterminado 65W Tecnología de procesador para núcleos de CPU FinFET de 7nm de TSMC desbloqueado Sí Zócalo de la CPU AM4 Número de sockets 1P Solución térmica (PIB) AMD Wraith sigilo Temp. máx. 90°C Fecha de lanzamiento 4/4/2022 *Compatible con SO Windows 11 - edición de 64 bits Edición de Windows 8.1 de 64 bits RHEL x86 edición de 64·bits Ubuntu x86 edición de 64·bits *El soporte del sistema operativo (SO) variará según el fabricante. Conectividad Versión de PCI Express PCIe 3.0 Tipo de memoria DDR4 Canales de memoria 2 Velocidad máxima de memoria Hasta 3200MHz Velocidad máxima de memoria 2x1R DDR4-3200 2x2R DDR4-3200 4x1R DDR4-2933 4x2R DDR4-2667 ID de producto Número de modelo de caja 100-100000457CAJA Número de modelo de procesador 100-000000457 Características clave Tecnologías compatibles Tecnología AMD StoreMI AMD Ryzen VR-Ready Premium",RYZEN,d,115.22222222222223,2246.83,115.22,2696.2,2696.2,3594.93,2583.85,2696.2,procesadores,./assets/img/catalog/procesadores/CPUAMD2520.jpg,https://static.ctonline.mx/imagenes/CPUAMD2520/CPUAMD2520_400.jpg,./assets/img/placeholders/cpu_placeholder.jpg,48h Directa / 1 Año Fabricante,Pedro Moreno 501 A (Entrega Inmediata)
CPUAMD2670,CPUAMD2670,"AMD RYZEN 5 8600G, familia de productos Ryzen, línea de productos Serie Ryzen 8000, cuenta con ","AMD RYZEN 5 8600G, familia de productos Ryzen, línea de productos Serie Ryzen 8000, cuenta con 6 núcleos, 12 hilos, reloj base de 4,3 GHz máximo hasta 5GHz, memoria cache total de 22MB, TDP 65W, socket AM5, compatible con los SO Windows 11 - Edición de 64 bits, Windows 10 - Edición de 64 bits, RHEL x86 de 64 bits, Ubuntu x86 de 64 bits, Versión PCI Express® PCIe® 4.0, memoria DDR5, 2 canales de memoria, gráficos AMD Radeon™ 760M.",AMD,d,157.85555555555555,3078.18,157.86,3693.82,3693.82,4925.09,3539.91,3693.82,procesadores,./assets/img/catalog/procesadores/CPUAMD2670.jpg,https://static.ctonline.mx/imagenes/CPUAMD2670/CPUAMD2670_400.jpg,./assets/img/placeholders/cpu_placeholder.jpg,48h Directa / 1 Año Fabricante,Pedro Moreno 501 A (Entrega Inmediata)
CPUAMD2890,CPUAMD2890,"AMD Ryzen 5 5500X3D, familia Ryzen, serie Ryzen 5000 series, 6 núcleos, 12 hilos, arquitectura ","AMD Ryzen 5 5500X3D, familia Ryzen, serie Ryzen 5000 series, 6 núcleos, 12 hilos, arquitectura Zen 3, reloj base 3 GHz, reloj máximo hasta 4GHz, memoria cache 96 MB, TDP predeterminado 105 W, socket AM4, compatible con las tarjetas madre X570, X470, X370, B550, B450, B350, A520, no incluye disipador, Temperatura máxima de funcionamiento 90°C, SO soportado Windows 11 - Edición de 64 bits, Windows 10 - Edición de 64 bits, RHEL x86 de 64 bits, Ubuntu x86 de 64 bits, PCIe® 4.0, Tipo de memoria del sistema Tipo de memoria del sistema DDR4, memoria máxima 128 GB, memoria del sistema UDIMM, Hasta 3200 MT/s, Se requiere tarjeta gráfica discreta, Tecnología AMD StoreMI, Utilidad maestra AMD Ryzen™, AMD Ryzen™ VR-Ready Premium.",AMD,d,160.49999999999997,3129.75,160.5,3755.7,3755.7,5007.6,3599.21,3755.7,procesadores,./assets/img/catalog/procesadores/CPUAMD2890.jpg,https://static.ctonline.mx/imagenes/CPUAMD2890/CPUAMD2890_400.jpg,./assets/img/placeholders/cpu_placeholder.jpg,48h Directa / 1 Año Fabricante,Pedro Moreno 501 A (Entrega Inmediata)
CPUAMD2930,CPUAMD2930,"Procesador AMD RYZEN 5 5600XT Series 5000 series Zen 3 Socket-AM4, cpu 6 Nucleos reloj base 3.7","Procesador AMD RYZEN 5 5600XT Series 5000 series Zen 3 Socket-AM4, cpu 6 Nucleos reloj base 3.7 GHZ, reloj turbo maximo Hasta 4.7 ghz tdp 65W, Enfriamiento Incluye ventilador, Graficos se requiere una tarjeta grafica independiente compatibilidad Windows 11 - 64-Bit Edition , Windows 10 - 64-Bit Edition , RHEL x86 64-Bit , Ubuntu x86 64-Bit",AMD,d,168.88888888888889,3293.33,168.89,3952.0,3952.0,5269.33,3787.33,3952.0,procesadores,./assets/img/catalog/procesadores/CPUAMD2930.jpg,https://static.ctonline.mx/imagenes/CPUAMD2930/CPUAMD2930_400.jpg,./assets/img/placeholders/cpu_placeholder.jpg,48h Directa / 1 Año Fabricante,Pedro Moreno 501 A (Entrega Inmediata)
CPUAMD2530,CPUAMD2530,Procesador RYZEN 5 7600 6 CORE 65W RETAIL Plataforma Computadora de escritorio Familia de produ,"Procesador RYZEN 5 7600 6 CORE 65W RETAIL Plataforma Computadora de escritorio Familia de productos Procesadores AMD Ryzen Línea de productos Procesadores AMD Ryzen 5 N.° de núcleos de CPU 6 N.° de subprocesos 12 Reloj de aumento máx. Hasta 5.1GHz Reloj base 3,8 GHz Caché L1 total 384KB Caché L2 total 6MB Caché L3 total 32MB TDP/TDP predeterminado 65W Tecnología de procesador para núcleos de CPU FinFET de 5nm de TSMC desbloqueado Sí Paquete AM5 Solución térmica AMD Wraith sigilo Temp. máx. 95°C Fecha de lanzamiento 14/1/2023 *Compatible con SO Windows 11 - edición de 64 bits Edición de Windows 10 de 64 bits RHEL x86 edición de 64·bits Ubuntu x86 edición de 64·bits *El soporte del sistema operativo (SO) variará según el fabricante. Conectividad Versión de PCI Express PCIe® 5.0 Tipo de memoria DDR5 Canales de memoria 2 Velocidad máxima de memoria 2x1R DDR5-5200 2x2R DDR5-5200 4x1R DDR5-3600 4x2R DDR5-3600 Capacidades gráficas Modelo de gráficos  AMD Radeon N.° de núcleos de GPU 2 Frecuencia de gráficos 2200 MHz ID de producto ID de producto en caja 100-100001015CAJA Bandeja OPN 100-000001015 Características clave Tecnologías compatibles Tecnología AMD EXPO Tecnologías AMD Ryzen",RYZEN,d,171.38888888888889,3342.08,171.39,4010.5,4010.5,5347.33,3843.39,4010.5,procesadores,./assets/img/catalog/procesadores/CPUAMD2530.jpg,https://static.ctonline.mx/imagenes/CPUAMD2530/CPUAMD2530_400.jpg,./assets/img/placeholders/cpu_placeholder.jpg,48h Directa / 1 Año Fabricante,Pedro Moreno 501 A (Entrega Inmediata)
CPUAMD2290,CPUAMD2290,"Procesador AMD RYZEN 7 5700G núcleos de CPU 8, hilos 16, Reloj base 3.8GHz, Reloj de aumento má","Procesador AMD RYZEN 7 5700G núcleos de CPU 8, hilos 16, Reloj base 3.8GHz, Reloj de aumento máx. Hasta 4.6GHz,Caché L2 total 4MB, Caché L3 total 16MB, Desbloqueados  No, CMOS 7nm Package AM4, Versión de PCI Express, PCIe 3.0, Solución térmica (MPK) Wraith Spire, TDP/TDP predeterminado 65W, Temp. máx. 95°C, Compatible con SO Windows 10 edición de 64·bits, RHEL x86 edición de 64·bits, Ubuntu x86 edición de 64·bits, El soporte del sistema operativo (SO) variará según el fabricante. Memoria Velocidad máxima de memoria Up to 3200MHz, Tipo de memoria DDR4, Canales de memoria 2, Especificaciones de gráficos Frecuencia de gráficos 2000 MHz, Modelo de gráficos Radeon™ Graphics, Cant. de núcleos de los gráficos 8, Funcionalidades principales Display Port Sí, HDMI S.(incluye gráficos)",AMD,d,188.33333333333334,3672.5,188.33,4407.0,4407.0,5876.0,4223.38,4407.0,procesadores,./assets/img/catalog/procesadores/CPUAMD2290.jpg,https://static.ctonline.mx/imagenes/CPUAMD2290/CPUAMD2290_400.jpg,./assets/img/placeholders/cpu_placeholder.jpg,48h Directa / 1 Año Fabricante,Pedro Moreno 501 A (Entrega Inmediata)
CPUAMD2370,CPUAMD2370,Procesador RYZEN AMD 5 5600 BOX Línea de productos Procesadores de escritorio AMD Ryzen 5  núcl,"Procesador RYZEN AMD 5 5600 BOX Línea de productos Procesadores de escritorio AMD Ryzen 5  núcleos de CPU 6  de hilos 12 Reloj de aumento máx. Hasta 4.4GHz Reloj base 3,5 GHz Caché L1 total 384KB Caché L2 total 3 MB Caché L3 total 32MB TDP/TDP predeterminado 65W Tecnología de procesador para núcleos de CPU FinFET de 7nm de TSMC desbloqueado Sí Zócalo de la CPU AM4 Número de sockets 1P Solución térmica (PIB) AMD Wraith sigilo Temp. máx. 90°C Fecha de lanzamiento 4/4/2022 *Compatible con SO Windows 11 - Edición de 64 bits Edición de Windows 10 de 64 bits RHEL x86 edición de 64·bits Ubuntu x86 edición de 64 bits *El soporte del sistema operativo (SO) variará según el fabricante. Conectividad Versión de PCI Express PCIe 4.0 Tipo de memoria DDR4 Canales de memoria 2 Velocidad máxima de memoria Hasta 3200MHz Velocidad máxima de memoria 2x1R DDR4-3200 2x2R DDR4-3200 4x1R DDR4-2933 4x2R DDR4-2667 Tecnologías compatibles Tecnología AMD StoreMI Arquitectura de núcleo ""Zen 3"" de AMD  Ryzen™ VR-Ready Premium",RYZEN,d,175.12222222222223,3414.88,175.12,4097.86,4097.86,5463.81,3927.11,4097.86,procesadores,./assets/img/catalog/procesadores/CPUAMD2370.jpg,https://static.ctonline.mx/imagenes/CPUAMD2370/CPUAMD2370_400.jpg,./assets/img/placeholders/cpu_placeholder.jpg,48h Directa / 1 Año Fabricante,Pedro Moreno 501 A (Entrega Inmediata)
CPUAMD2500,CPUAMD2500,Procesador RYZEN 7 5700X 8 CORE 4.6GHZ RETAIL Plataforma Computadora de escritorio Familia de p,"Procesador RYZEN 7 5700X 8 CORE 4.6GHZ RETAIL Plataforma Computadora de escritorio Familia de productos Procesadores AMD Ryzen Línea de productos Procesadores de escritorio AMD Ryzen 7 # de núcleos de CPU 8 # de hilos 16 Reloj de aumento máx. Hasta 4.6GHz Reloj base 3,4 GHz Caché L1 total 512 KB Caché L2 total 4 MB Caché L3 total 32MB TDP/TDP predeterminado 65W Tecnología de procesador para núcleos de CPU FinFET de 7nm de TSMC desbloqueado Sí Zócalo de la CPU AM4 Número de sockets 1P Solución térmica (PIB) No incluido Temp. máx. 90°C Fecha de lanzamiento 4/4/2022 *Compatible con SO Windows 11 - edición de 64 bits Edición de Windows 10 de 64 bits RHEL x86 edición de 64·bits Ubuntu x86 edición de 64·bits *El soporte del sistema operativo (SO) variará según el fabricante. Conectividad Versión de PCI Express PCIe 4.0 Tipo de memoria DDR4 Canales de memoria 2 Velocidad máxima de memoria Hasta 3200MHz Velocidad máxima de memoria 2x1R DDR4-3200 2x2R DDR4-3200 4x1R DDR4-2933 4x2R DDR4-2667 ID de producto Número de modelo de caja 100-100000926WOF Número de modelo de procesador 100-000000926 Características clave Tecnologías compatibles Tecnología AMD StoreMI AMD Ryzen VR-Ready Premium",RYZEN,d,195.64444444444445,3815.07,195.64,4578.08,4578.08,6104.11,4387.33,4578.08,procesadores,./assets/img/catalog/procesadores/CPUAMD2500.jpg,https://static.ctonline.mx/imagenes/CPUAMD2500/CPUAMD2500_400.jpg,./assets/img/placeholders/cpu_placeholder.jpg,48h Directa / 1 Año Fabricante,Pedro Moreno 501 A (Entrega Inmediata)
CPUAMD2810,CPUAMD2810,"Procesador AMD RYZEN 7 8700F, familia de productos Ryzen, serie Ryzen 8000 Series, arquitectura","Procesador AMD RYZEN 7 8700F, familia de productos Ryzen, serie Ryzen 8000 Series, arquitectura Zen 4, 8 núcleos de CPU y 16 subprocesos, reloj base 4.1 GHz, reloj turbo máximo hasta 5 GHz, TDP 65W, socket AM5, tarjeta madre compatibles A620 , X670E , X670 , B650E , B650 , X870E , X870 , B840 , B850, temperatura de funcionamiento máxima 95°C, PCIe® 4.0, tipo de memoria del sistema DDR5, memoria máxima hasta 256GB, se requiere una tarjeta gráfica independiente, incluye ventilador",AMD,d,206.94444444444443,4035.42,206.94,4842.5,4842.5,6456.67,4640.73,4842.5,procesadores,./assets/img/catalog/procesadores/CPUAMD2810.jpg,https://static.ctonline.mx/imagenes/CPUAMD2810/CPUAMD2810_400.jpg,./assets/img/placeholders/cpu_placeholder.jpg,48h Directa / 1 Año Fabricante,Pedro Moreno 501 A (Entrega Inmediata)
CPUAMD2880,CPUAMD2880,"AMD RYZEN 5 9600, familia Ryzen, serie Ryzen 9000 Series, Zen 5, 6 núcleos del CPU y 12 subproc","AMD RYZEN 5 9600, familia Ryzen, serie Ryzen 9000 Series, Zen 5, 6 núcleos del CPU y 12 subprocesos, reloj base 3.8 GHz, reloj turbo máximo hasta 5.2 GHz, TDP predeterminada 65W, socket AM5, tarjeta madre compatible A620 , X670E , X670 , B650E , B650 , X870E , X870, incluye disipador AMD Wraith Stealth, temperatura de funcionamiento máxima 95°C, PCIe® 5.0, tipo de memoria del sistema DDR5, memoria máxima 192GB, incluye Gráficos AMD Radeon™ Graphics, frecuencia de tarjeta gráfica 2200 MHz.",AMD,d,212.5,4143.75,212.5,4972.5,4972.5,6630.0,4765.31,4972.5,procesadores,./assets/img/catalog/procesadores/CPUAMD2880.jpg,https://static.ctonline.mx/imagenes/CPUAMD2880/CPUAMD2880_400.jpg,./assets/img/placeholders/cpu_placeholder.jpg,48h Directa / 1 Año Fabricante,Pedro Moreno 501 A (Entrega Inmediata)
CPUAMD2420,CPUAMD2420,Procesador AMD RYZEN 5 7600X 6 CORE RETAIL Especificaciones generales Plataforma Escritorio Fam,"Procesador AMD RYZEN 5 7600X 6 CORE RETAIL Especificaciones generales Plataforma Escritorio Familia de productos Procesadores AMD Ryzen Línea de producto Procesadores de escritorio AMD Ryzen 5 # de núcleos de CPU 6 # de los hilos 12 máx. Reloj de impulso Hasta 5,3 GHz Reloj básico 4,7 GHz Caché L1 384KB Caché L2 6MB Caché L3 32 MB TDP predeterminado 105W Tecnología de procesador para núcleos de CPU FinFET de 5nm de TSMC Desbloqueado para Overclocking Sí Zócalo de la CPU AM5 Solución Térmica (PIB) No incluido máx. Temperatura de funcionamiento (Tjmáx) 95°C Fecha de lanzamiento 27/09/2022 *Soporte de sistema operativo Windows 11 - Edición de 64 bits Windows 10 - Edición de 64 bits RHEL x86 de 64 bits Ubuntu x86 de 64 bits *La compatibilidad con el sistema operativo (SO) variará según el fabricante. Conectividad Tipo de memoria del sistema DDR5 Canales de memoria 2 Velocidad máxima de memoria 2x1R DDR5-5200 Capacidades gráficas Modelo de gráficos  AMD Radeon Recuento de núcleos de gráficos 2 Frecuencia de gráficos 2200 MHz Base de la GPU 400 MHz ID de producto ID de producto en caja 100-100000593WOF Bandeja de identificación del producto 100-000000593 Características clave Tecnologías compatibles Tecnología AMD EXPO Tecnologías AMD Ryzen",AMD,d,213.7222222222222,4167.58,213.72,5001.1,5001.1,6668.13,4792.72,5001.1,procesadores,./assets/img/catalog/procesadores/CPUAMD2420.jpg,https://static.ctonline.mx/imagenes/CPUAMD2420/CPUAMD2420_400.jpg,./assets/img/placeholders/cpu_placeholder.jpg,48h Directa / 1 Año Fabricante,Pedro Moreno 501 A (Entrega Inmediata)
CPUAMD2730,CPUAMD2730,"AMD RYZEN 5 9600X, familia de procesadores Ryzen, serie Ryzen 9000 Series, arquitectura Zen 5, ","AMD RYZEN 5 9600X, familia de procesadores Ryzen, serie Ryzen 9000 Series, arquitectura Zen 5, núcleos del CPU 6, número de subprocesos 12, reloj base 3.9 GHz, reloj turbo máximo hasta 5.4 GHz, TDP predeterminada 65W, socket de CPU AM5, chipsets soportados A620, X670E, X670, B650E, B650, X870E, X870, no incluye ventilador, se recomienda un enfriador de aire premium para un rendimiento óptimo, temperatura de funcionamiento máxima 95°C, compatible con los SO Windows 11 - Edición de 64 bits, Windows 10 - Edición de 64 bits, RHEL x86 de 64 bits, Ubuntu x86 de 64 bits, memoria del sistema DDR5, memoria máxima 192 GB, cuenta con Gráficos AMD Radeon™.",AMD,d,220.0,4290.0,220.0,5148.0,5148.0,6864.0,4933.5,5148.0,procesadores,./assets/img/catalog/procesadores/CPUAMD2730.jpg,https://static.ctonline.mx/imagenes/CPUAMD2730/CPUAMD2730_400.jpg,./assets/img/placeholders/cpu_placeholder.jpg,48h Directa / 1 Año Fabricante,Pedro Moreno 501 A (Entrega Inmediata)
CPUAMD2720,CPUAMD2720,"AMD RYZEN 7 5800XT, familia de procesadores Ryzen, serie Ryzen 5000 Series, arquitectura Zen 3,","AMD RYZEN 7 5800XT, familia de procesadores Ryzen, serie Ryzen 5000 Series, arquitectura Zen 3, 8 núcleos de CPU, 16 subprocesos, reloj base 3.8 GHz, reloj turbo máximo hasta 4.8 GHz, TDP predeterminada 105W, socket de CPU AM4, chipsets soportados X570 , B550 , A520 , X470 , B450, incluye ventilador AMD Wraith Prism, temperatura de funcionamiento máxima 90°C, compatible con los SO Windows 11 - 64-Bit Edition , Windows 10 - 64-Bit Edition , RHEL x86 64-Bit , Ubuntu x86 64-Bit, memoria de sistema DDR4, memoria máxima 128 GB, se requiere una tarjeta gráfica independiente, tecnologías compatibles AMD Zen 3 Core Architecture , AMD StoreMI Technology , AMD Ryzen™ Master Utility , AMD Ryzen™ VR-Ready Premium.",AMD,d,222.66666666666666,4342.0,222.67,5210.4,5210.4,6947.2,4993.3,5210.4,procesadores,./assets/img/catalog/procesadores/CPUAMD2720.jpg,https://static.ctonline.mx/imagenes/CPUAMD2720/CPUAMD2720_400.jpg,./assets/img/placeholders/cpu_placeholder.jpg,48h Directa / 1 Año Fabricante,Pedro Moreno 501 A (Entrega Inmediata)
CPUAMD2650,CPUAMD2650,"AMD RYZEN 7 5700X3D, familia de productos AMD Ryzen™, línea de productos AMD Ryzen™ 7, 8 núcleo","AMD RYZEN 7 5700X3D, familia de productos AMD Ryzen™, línea de productos AMD Ryzen™ 7, 8 núcleos de CPU , 16 hilos, reloj base de 3,0 GHz máximo hasta 4,1 GHz, memoria cache total de 100MB, TDP 105W, socket AM4, compatible con las tarjetas madre X570, X470, B550, B450, A520, compatible con los SO Windows 11 - Edición de 64 bits, Windows 10 - Edición de 64 bits, RHEL x86 de 64 bits, Ubuntu x86 de 64 bits, Versión PCI Express®, PCIe 4.0, memoria DDR4, 2 canales de memoria, se requiere tarjeta gráfica discreta.",AMD,d,229.0,4465.5,229.0,5358.6,5358.6,7144.8,5135.32,5358.6,procesadores,./assets/img/catalog/procesadores/CPUAMD2650.jpg,https://static.ctonline.mx/imagenes/CPUAMD2650/CPUAMD2650_400.jpg,./assets/img/placeholders/cpu_placeholder.jpg,48h Directa / 1 Año Fabricante,Pedro Moreno 501 A (Entrega Inmediata)
CPUAMD2950,CPUAMD2950,Procesador AMD RYZEN 5 5600GE Series 5000 Reloj base 3.4 GHZ Reloj turbo (hasta 4.4GHZ) núcleos,"Procesador AMD RYZEN 5 5600GE Series 5000 Reloj base 3.4 GHZ Reloj turbo (hasta 4.4GHZ) núcleos 6 socket AM4 solución térmica  AMD wraith stealth   Compatibilidad Windows 11 - 64-Bit Edition , RHEL x86 64-Bit , Ubuntu x86 64-Bit , Windows 10 - 64-Bit Edition TDP 35w ZEN 3",AMD,d,259.2444444444444,5055.27,259.24,6066.32,6066.32,8088.43,5813.56,6066.32,procesadores,./assets/img/catalog/procesadores/CPUAMD2950.jpg,https://static.ctonline.mx/imagenes/CPUAMD2950/CPUAMD2950_400.jpg,./assets/img/placeholders/cpu_placeholder.jpg,48h Directa / 1 Año Fabricante,Pedro Moreno 501 A (Entrega Inmediata)
CPUAMD2510,CPUAMD2510,Procesador RYZEN 7 7700 8 CORE RETAIL Plataforma Computadora de escritorio Familia de productos,"Procesador RYZEN 7 7700 8 CORE RETAIL Plataforma Computadora de escritorio Familia de productos Procesadores AMD Ryzen Línea de productos Procesadores AMD Ryzen 7 N.° de núcleos de CPU 8 N.° de subprocesos 16 Reloj de aumento máx. Hasta 5.3GHz Reloj base 3,8 GHz Caché L1 total 512 KB Caché L2 total 8MB Caché L3 total 32MB TDP/TDP predeterminado 65W Tecnología de procesador para núcleos de CPU FinFET de 5nm de TSMC desbloqueado Sí Paquete AM5 Solución térmica Prisma fantasma de AMD Temp. máx. 95°C Fecha de lanzamiento 14/1/2023 *Compatible con SO Windows 11 - edición de 64 bits Edición de Windows 10 de 64 bits RHEL x86 edición de 64·bits Ubuntu x86 edición de 64·bits *El soporte del sistema operativo (SO) variará según el fabricante. Conectividad Versión de PCI Express PCIe® 5.0 Tipo de memoria DDR5 Canales de memoria 2 Velocidad máxima de memoria 2x1R DDR5-5200 2x2R DDR5-5200 4x1R DDR5-3600 4x2R DDR5-3600 Capacidades gráficas Modelo de gráficos  AMD Radeon N.° de núcleos de GPU 2 Frecuencia de gráficos 2200 MHz ID de producto ID de producto en caja 100-100000592CAJA Bandeja OPN 100-000000592 Características clave Tecnologías compatibles Tecnología AMD EXPO Tecnologías AMD Ryzen",RYZEN,d,281.35555555555555,5486.43,281.36,6583.72,6583.72,8778.29,6309.39,6583.72,procesadores,./assets/img/catalog/procesadores/CPUAMD2510.jpg,https://static.ctonline.mx/imagenes/CPUAMD2510/CPUAMD2510_400.jpg,./assets/img/placeholders/cpu_placeholder.jpg,48h Directa / 1 Año Fabricante,Pedro Moreno 501 A (Entrega Inmediata)
CPUAMD2410,CPUAMD2410,Procesador AMD RYZEN 7 7700X 8CORE RETAIL Especificaciones generales Plataforma Computadora de ,"Procesador AMD RYZEN 7 7700X 8CORE RETAIL Especificaciones generales Plataforma Computadora de escritorio Familia de productos Procesadores AMD Ryzen Línea de productos Procesadores de escritorio AMD Ryzen 7 N.° de núcleos de CPU 8 N.° de subprocesos 16 Reloj de aumento máx. Hasta 5.4GHz Reloj base 4,5 GHz Caché L1 total 512 KB Caché L2 total 8MB Caché L3 total 32MB TDP/TDP predeterminado 105W desbloqueado Sí Paquete AM5 Solución térmica No incluido Temp. máx. 95°C Fecha de lanzamiento 27/9/2022 *Compatible con SO Windows 11 - edición de 64 bits Edición de Windows 10 de 64 bits RHEL x86 edición de 64·bits Ubuntu x86 edición de 64·bits *El soporte del sistema operativo (SO) variará según el fabricante. Conectividad Tipo de memoria DDR5 Canales de memoria 2 Velocidad máxima de memoria 2x1R DDR5-5200 2x2R DDR5-5200 4x1R DDR5-3600 4x2R DDR5-3600 Capacidades gráficas Modelo de gráficos  AMD Radeon™ N.° de núcleos de GPU 2 Frecuencia de gráficos 2200 MHz GPU básica 400 MHz ID de producto ID de producto en caja 100-100000591WOF Bandeja OPN 100-000000591",AMD,d,296.44444444444446,5780.67,296.44,6936.8,6936.8,9249.07,6647.77,6936.8,procesadores,./assets/img/catalog/procesadores/CPUAMD2410.jpg,https://static.ctonline.mx/imagenes/CPUAMD2410/CPUAMD2410_400.jpg,./assets/img/placeholders/cpu_placeholder.jpg,48h Directa / 1 Año Fabricante,Pedro Moreno 501 A (Entrega Inmediata)
CPUAMD2900,CPUAMD2900,"Procesador AMD Ryzen 7 8700G con AMD Radeon Graphics, Socket AM5, 5.10GHz, 8 Núcleos, 24MB Cach","Procesador AMD Ryzen 7 8700G con AMD Radeon Graphics, Socket AM5, 5.10GHz, 8 Núcleos, 24MB Caché - Incluye Disipador 100-100001236SBX",AMD,d,302.22222222222223,5893.33,302.22,7072.0,7072.0,9429.33,6777.33,7072.0,procesadores,./assets/img/catalog/procesadores/CPUAMD2900.jpg,https://static.ctonline.mx/imagenes/CPUAMD2900/CPUAMD2900_400.jpg,./assets/img/placeholders/cpu_placeholder.jpg,48h Directa / 1 Año Fabricante,Pedro Moreno 501 A (Entrega Inmediata)
CPUAMD2580,CPUAMD2580,Procesador AMD RYZEN 7 8700G AM5 Línea de productos Procesadores de escritorio AMD Ryzen 7 8000,"Procesador AMD RYZEN 7 8700G AM5 Línea de productos Procesadores de escritorio AMD Ryzen 7 8000 serie G con gráficos Radeon N.° de núcleos de CPU 8 N.° de subprocesos 16 Reloj de aumento máx. Hasta 5.1GHz Reloj base 4,2 GHz Caché L2 total 8MB Caché L3 total 16MB TDP/TDP predeterminado 65W TDP configurable de AMD (cTDP) 45-65W Tecnología de procesador para núcleos de CPU TSMC FinFET de 4 nm desbloqueado Sí Paquete AM5 Temp. máx. 95ºC Fecha de lanzamiento 31/1/2024 Compatible con SO Windows 11 - edición de 64 bits Windows 10 edición de 64 bits RHEL x86 edición de 64·bits Ubuntu x86 edición de 64·bits El soporte del sistema operativo (SO) variará según el fabricante. Conectividad Versión de PCI Express PCIe® 4.0 Tipo de memoria DDR5 Canales de memoria 2 Velocidad máxima de memoria 2x1R DDR5-5200 2x2R DDR5-5200 4X1R DDR5-3600 4x2R DDR5-3600 Capacidades gráficas Modelo de gráficos AMD Radeon 780M N.° de núcleos de GPU 12 Frecuencia de gráficos 2900MHz Capacidades del motor de IA Nombre de la marca IA AMD Ryzen™ IA AMD Ryzen Disponible Actuación Hasta 16 TOPS",AMD,d,313.3333333333333,6110.0,313.33,7332.0,7332.0,9776.0,7026.5,7332.0,procesadores,./assets/img/catalog/procesadores/CPUAMD2580.jpg,https://static.ctonline.mx/imagenes/CPUAMD2580/CPUAMD2580_400.jpg,./assets/img/placeholders/cpu_placeholder.jpg,48h Directa / 1 Año Fabricante,Pedro Moreno 501 A (Entrega Inmediata)
CPUAMD2480,CPUAMD2480,Procesador AMD RYZEN 9 7900 12 CORE RETAIL Plataforma Computadora de escritorio Familia de prod,"Procesador AMD RYZEN 9 7900 12 CORE RETAIL Plataforma Computadora de escritorio Familia de productos Procesadores AMD Ryzen Línea de productos Procesadores AMD Ryzen 9 N.° de núcleos de CPU 12 N.° de subprocesos 24 Reloj de aumento máx. Hasta 5.6GHz Reloj base 4,7 GHz Caché L1 total 768 KB Caché L2 total 12 MB Caché L3 total 64MB TDP/TDP predeterminado 170W Tecnología de procesador para núcleos de CPU FinFET de 5nm de TSMC desbloqueado Sí Paquete AM5 Solución térmica No incluido Temp. máx. 95°C Fecha de lanzamiento 27/9/2022 *Compatible con SO Windows 11 - edición de 64 bits Edición de Windows 10 de 64 bits RHEL x86 edición de 64·bits Ubuntu x86 edición de 64·bits *El soporte del sistema operativo (SO) variará según el fabricante. Conectividad Tipo de memoria DDR5 Canales de memoria 2 Velocidad máxima de memoria 2x1R DDR5-5200 2x2R DDR5-5200 4x1R DDR5-3600 4x2R DDR5-3600 Capacidades gráficas Modelo de gráficos  AMD Radeon N.° de núcleos de GPU 2 Frecuencia de gráficos 2200 MHz ID de producto ID de producto en caja 100-100000589WOF Bandeja OPN 100-000000589 Características clave Tecnologías compatibles Tecnología AMD EXPO Tecnologías AMD Ryzen",AMD,d,320.0,6240.0,320.0,7488.0,7488.0,9984.0,7176.0,7488.0,procesadores,./assets/img/catalog/procesadores/CPUAMD2480.jpg,https://static.ctonline.mx/imagenes/CPUAMD2480/CPUAMD2480_400.jpg,./assets/img/placeholders/cpu_placeholder.jpg,48h Directa / 1 Año Fabricante,Pedro Moreno 501 A (Entrega Inmediata)
CPUAMD2740,CPUAMD2740,"AMD RYZEN 7 9700X, familia de procesadores Ryzen , serie Ryzen 9000 Series, arquitectura Zen 5,","AMD RYZEN 7 9700X, familia de procesadores Ryzen , serie Ryzen 9000 Series, arquitectura Zen 5, núcleos de CPU 8, numero de subprocesos 16, reloj base 3.8 GHz, reloj turbo máximo hasta 5.5 GHz, TDP predeterminada 65W, socket de CPU AM5, chipsets soportados A620, X670E, X670, B650E, B650, X870E, X870, no incluye ventilador, temperatura de funcionamiento máxima 95°C, compatible con los SO Windows 11 - 64-Bit Edition , Windows 10 - 64-Bit Edition, RHEL x86 64-Bit , Ubuntu x86 64-Bit, memoria del sistema DDR5, memoria máxima 129 GB, cuenta con gráficos AMD Radeon™ Graphics.",AMD,d,337.55555555555554,6582.33,337.56,7898.8,7898.8,10531.73,7569.68,7898.8,procesadores,./assets/img/catalog/procesadores/CPUAMD2740.jpg,https://static.ctonline.mx/imagenes/CPUAMD2740/CPUAMD2740_400.jpg,./assets/img/placeholders/cpu_placeholder.jpg,48h Directa / 1 Año Fabricante,Pedro Moreno 501 A (Entrega Inmediata)
CPUAMD2710,CPUAMD2710,"AMD RYZEN 9 5900XT, familia de procesadores Ryzen, serie Ryzen 5000 Series, arquitectura Zen 3,","AMD RYZEN 9 5900XT, familia de procesadores Ryzen, serie Ryzen 5000 Series, arquitectura Zen 3, 16 núcleos de CPU, 32 subprocesos, reloj base 3.3 GHz, reloj turbo máximo de hasta 4.8 GHz, TDP predeterminada 105W, socket de CPU AM4, no incluye ventilador, temperatura de funcionamiento máxima 90°C, Compatibilidad con SO Windows 11 - 64-Bit Edition , Windows 10 - 64-Bit Edition , RHEL x86 64-Bit , Ubuntu x86 64-Bit, memoria de sistema DDR4, memoria máxima 128 GB, se requiere una tarjeta gráfica independiente, tecnologías compatibles AMD Zen 3 Core Architecture , AMD StoreMI Technology , AMD Ryzen™ Master Utility , AMD Ryzen™ VR-Ready Premium, chipsets soportados X570 , B550 , A520 , X470 , B450.",AMD,d,365.55555555555554,7128.33,365.56,8554.0,8554.0,11405.33,8197.58,8554.0,procesadores,./assets/img/catalog/procesadores/CPUAMD2710.jpg,https://static.ctonline.mx/imagenes/CPUAMD2710/CPUAMD2710_400.jpg,./assets/img/placeholders/cpu_placeholder.jpg,48h Directa / 1 Año Fabricante,Pedro Moreno 501 A (Entrega Inmediata)
CPUAMD2640,CPUAMD2640,"AMD RYZEN 7 7800X3D 8 CORE RETAIL, familia de productos Ryzen, línea de productos Ryzen 7000 Se","AMD RYZEN 7 7800X3D 8 CORE RETAIL, familia de productos Ryzen, línea de productos Ryzen 7000 Series, socket AM5, 8 núcleos de CPU, 16 hilos, memoria cache total 104MB, TDP 120W, compatible con las tarjetas madre A620, X670E, X670, B650E, B650, se recomienda enfriador liquido para un rendimiento óptimo, compatible con los SO Windows 11 - Edición de 64 bits, Windows 10 - Edición de 64 bits, RHEL x86 de 64 bits, Ubuntu x86 de 64 bits, Versión PCI Express® PCIe® 5.0, memoria DDR5, 2 canales de memoria, cuenta con Gráficos AMD Radeon™, 2 núcleos de gráficos.",AMD,d,388.6111111111111,7577.92,388.61,9093.5,9093.5,12124.67,8714.61,9093.5,procesadores,./assets/img/catalog/procesadores/CPUAMD2640.jpg,https://static.ctonline.mx/imagenes/CPUAMD2640/CPUAMD2640_400.jpg,./assets/img/placeholders/cpu_placeholder.jpg,48h Directa / 1 Año Fabricante,Pedro Moreno 501 A (Entrega Inmediata)
CPUAMD2750,CPUAMD2750,"AMD RYZEN 9 9900X, familia de procesadores Ryzen, serie Ryzen 9000 Series, arquitectura Zen 5, ","AMD RYZEN 9 9900X, familia de procesadores Ryzen, serie Ryzen 9000 Series, arquitectura Zen 5, 12 núcleos de CPU, 24 subprocesos, reloj base 4.4 GHz, reloj turbo máximo hasta 5.6 GHz, socket del CPU AM5, chipsets soportados A620 , X670E, X670, B650E, B650, X870E, X870, no incluye ventilador, temperatura de funcionamiento máxima 95°C, compatible con los SO Windows 11 - 64-Bit Edition , Windows 10 - 64-Bit Edition , RHEL x86 64-Bit , Ubuntu x86 64-Bit, memoria del sistema DDR5, memoria máxima 192 GB, cuenta con gráficos AMD Radeon™ Graphics.",AMD,d,394.44444444444446,7691.67,394.44,9230.0,9230.0,12306.67,8845.42,9230.0,procesadores,./assets/img/catalog/procesadores/CPUAMD2750.jpg,https://static.ctonline.mx/imagenes/CPUAMD2750/CPUAMD2750_400.jpg,./assets/img/placeholders/cpu_placeholder.jpg,48h Directa / 1 Año Fabricante,Pedro Moreno 501 A (Entrega Inmediata)
CPUAMD2170,CPUAMD2170,"Procesador AMD Ryzen 9 5950X AMD zen 3core architecture, Socket AM4, 3.4GHz, 16 Núcleos, 8MB Ca","Procesador AMD Ryzen 9 5950X AMD zen 3core architecture, Socket AM4, 3.4GHz, 16 Núcleos, 8MB Caché -NO Incluye Disipador-No incluy graficos 100-100000059WOF",AMD,d,416.66666666666663,8125.0,416.67,9750.0,9750.0,13000.0,9343.75,9750.0,procesadores,./assets/img/catalog/procesadores/CPUAMD2170.jpg,https://static.ctonline.mx/imagenes/CPUAMD2170/CPUAMD2170_400.jpg,./assets/img/placeholders/cpu_placeholder.jpg,48h Directa / 1 Año Fabricante,Pedro Moreno 501 A (Entrega Inmediata)
CPUAMD2830,CPUAMD2830,"Procesador AMD RYZEN 7 9800X3D, familia Ryzen, serie Ryzen 9000 Series, Zen 5, 8 núcleos del CP","Procesador AMD RYZEN 7 9800X3D, familia Ryzen, serie Ryzen 9000 Series, Zen 5, 8 núcleos del CPU y 16 subprocesos, reloj base 4.7 GHz, reloj turbo máximo hasta 5.2 GHz, TDP predeterminada 120W, socket AM5, tarjeta madre compatible A620 , X670E , X670 , B650E , B650 , X870E , X870 , B840 , B850, no incluye ventilador, se recomienda enfriador líquido para un rendimiento óptimo, temperatura de funcionamiento máxima 95°C, PCIe® 5.0, tipo de memoria del sistema DDR5, memoria máxima 192GB, incluye Gráficos AMD Radeon™, frecuencia de tarjeta gráfica 2200 MHz.",AMD,d,451.1111111111111,8796.67,451.11,10556.0,10556.0,14074.67,10116.17,10556.0,procesadores,./assets/img/catalog/procesadores/CPUAMD2830.jpg,https://static.ctonline.mx/imagenes/CPUAMD2830/CPUAMD2830_400.jpg,./assets/img/placeholders/cpu_placeholder.jpg,48h Directa / 1 Año Fabricante,Pedro Moreno 501 A (Entrega Inmediata)
CPUAMD2460,CPUAMD2460,Procesador AMD RYZEN 7 5800X3D Especificaciones generales Plataforma Computadora de escritorio ,"Procesador AMD RYZEN 7 5800X3D Especificaciones generales Plataforma Computadora de escritorio Familia de productos Procesadores AMD Ryzen Línea de productos Procesadores de escritorio AMD Ryzen 7 # de núcleos de CPU 8 # de hilos 16 Reloj de aumento máx. Hasta 4.5GHz Reloj base 3,4 GHz Caché L1 total 512 KB Caché L2 total 4MB Caché L3 total 96MB TDP/TDP predeterminado 105W Tecnología de procesador para núcleos de CPU FinFET de 7nm de TSMC Zócalo de la CPU AM4 Número de sockets 1P Solución térmica (PIB) No incluido Temp. máx. 90°C *Compatible con SO Windows 11 - edición de 64 bits Edición de Windows 10 de 64 bits RHEL x86 edición de 64·bits Ubuntu x86 edición de 64·bits *El soporte del sistema operativo (SO) variará según el fabricante. Conectividad Versión de PCI Express PCIe 4.0 Tipo de memoria DDR4 Canales de memoria 2 Velocidad máxima de memoria 2x1R DDR4-3200 2x2R DDR4-3200 4x1R DDR4-2933 4x2R DDR4-2667 Características clave Tecnologías compatibles Tecnología AMD 3D V-Cache Juega en Windows 11 AMD Ryzen VR-Ready Premium",AMD,d,334.5,6522.75,334.5,7827.3,7827.3,10436.4,7501.16,7827.3,procesadores,./assets/img/catalog/procesadores/CPUAMD2460.jpg,https://static.ctonline.mx/imagenes/CPUAMD2460/CPUAMD2460_400.jpg,./assets/img/placeholders/cpu_placeholder.jpg,48h Directa / 1 Año Fabricante,Pedro Moreno 501 A (Entrega Inmediata)
CPUAMD2390,CPUAMD2390,Procesador AMD RYZEN 9 7950X 16CORE RETAIL Especificaciones generales Plataforma Computadora de,"Procesador AMD RYZEN 9 7950X 16CORE RETAIL Especificaciones generales Plataforma Computadora de escritorio Familia de productos Procesadores AMD Ryzen Línea de productos Procesadores de escritorio AMD Ryzen 9 N.° de núcleos de CPU 16 N.° de subprocesos 32 Reloj de aumento máx. Hasta 5.7GHz Reloj base 4,5 GHz Caché L1 total 1MB Caché L2 total 16 MB Caché L3 total 64MB TDP/TDP predeterminado 170W Tecnología de procesador para núcleos de CPU FinFET de 5nm de TSMC desbloqueado Sí Paquete AM5 Solución térmica No incluido Temp. máx. 95°C Fecha de lanzamiento 27/9/2022 *Compatible con SO Windows 11 - edición de 64 bits Edición de Windows 10 de 64 bits RHEL x86 edición de 64·bits Ubuntu x86 edición de 64·bits *El soporte del sistema operativo (SO) variará según el fabricante. Conectividad Tipo de memoria DDR5 Canales de memoria 2 Velocidad máxima de memoria 2x1R DDR5-5200 2x2R DDR5-5200 4x1R DDR5-3600 4x2R DDR5-3600 Capacidades gráficas Modelo de gráficos  AMD Radeon N.° de núcleos de GPU 2 Frecuencia de gráficos 2200 MHz GPU básica 400 MHz ID de producto ID de producto en caja 100-100000514WOF Bandeja OPN 100-000000514",AMD,d,481.3333333333333,9386.0,481.33,11263.2,11263.2,15017.6,10793.9,11263.2,procesadores,./assets/img/catalog/procesadores/CPUAMD2390.jpg,https://static.ctonline.mx/imagenes/CPUAMD2390/CPUAMD2390_400.jpg,./assets/img/placeholders/cpu_placeholder.jpg,48h Directa / 1 Año Fabricante,Pedro Moreno 501 A (Entrega Inmediata)
CPUAMD2400,CPUAMD2400,Procesador AMD RYZEN 9 7900X 12CORE RETAIL Especificaciones generales Plataforma Computadora de,"Procesador AMD RYZEN 9 7900X 12CORE RETAIL Especificaciones generales Plataforma Computadora de escritorio Familia de productos Procesadores AMD Ryzen™ Línea de productos Procesadores de escritorio AMD Ryzen™ 9 N.° de núcleos de CPU 12 N.° de subprocesos 24 Reloj de aumento máx. Hasta 5.6GHz Reloj base 4,7 GHz Caché L1 total 768 KB Caché L2 total 12 MB Caché L3 total 64MB TDP/TDP predeterminado 170W Tecnología de procesador para núcleos de CPU FinFET de 5nm de TSMC desbloqueado Sí Paquete AM5 Solución térmica No incluido Temp. máx. 95°C Fecha de lanzamiento 27/9/2022 *Compatible con SO Windows 11 - edición de 64 bits Edición de Windows 10 de 64 bits RHEL x86 edición de 64·bits Ubuntu x86 edición de 64·bits *El soporte del sistema operativo (SO) variará según el fabricante. Conectividad Tipo de memoria DDR5 Canales de memoria 2 Velocidad máxima de memoria 2x1R DDR5-5200 2x2R DDR5-5200 4x1R DDR5-3600 4x2R DDR5-3600 Capacidades gráficas Modelo de gráficos  AMD Radeon™ N.° de núcleos de GPU 2 Frecuencia de gráficos 2200 MHz GPU básica 400 MHz ID de producto ID de producto en caja 100-100000589WOF Bandeja OPN 100-000000589",AMD,d,522.8777777777777,10196.12,522.88,12235.34,12235.34,16313.79,11725.54,12235.34,procesadores,./assets/img/catalog/procesadores/CPUAMD2400.jpg,https://static.ctonline.mx/imagenes/CPUAMD2400/CPUAMD2400_400.jpg,./assets/img/placeholders/cpu_placeholder.jpg,48h Directa / 1 Año Fabricante,Pedro Moreno 501 A (Entrega Inmediata)
CPUAMD2760,CPUAMD2760,"AMD RYZEN 9 9950X, familia de procesadores Ryzen, serie Ryzen 9000 Series, arquitectura Zen 5, ","AMD RYZEN 9 9950X, familia de procesadores Ryzen, serie Ryzen 9000 Series, arquitectura Zen 5, 16 núcleos de CPU, 32 subprocesos, reloj base 4.3 GHz, reloj turbo máximo hasta 5.7 GHz, socket del CPU AM5, chipsets soportados A620, X670E, X670, B650E, B650, X870E, X870, no incluye ventilador, temperatura de funcionamiento máxima 95°C, compatible con SO Windows 11 - 64-Bit Edition , Windows 10 - 64-Bit Edition , RHEL x86 64-Bit , Ubuntu x86 64-Bit, memoria de sistema DDR5, memoria máxima 192 GB, cuenta con gráficos AMD Radeon™ Graphics.",AMD,d,552.8666666666667,10780.9,552.87,12937.08,12937.08,17249.44,12398.03,12937.08,procesadores,./assets/img/catalog/procesadores/CPUAMD2760.jpg,https://static.ctonline.mx/imagenes/CPUAMD2760/CPUAMD2760_400.jpg,./assets/img/placeholders/cpu_placeholder.jpg,48h Directa / 1 Año Fabricante,Pedro Moreno 501 A (Entrega Inmediata)
CPUAMD2850,CPUAMD2850,"AMD RYZEN 9 9900X3D, familia ryzen, serie Ryzen 9000 serie, 12 núcleos de CPU, 24 subprocesos, ","AMD RYZEN 9 9900X3D, familia ryzen, serie Ryzen 9000 serie, 12 núcleos de CPU, 24 subprocesos, socket AM5, tarjetas madres compatibles A620 , X670E , X670 , B650E , B650 , X870E , X870 , B840 , B850, no incluye ventilador, con AMD Radeon™ Graphics. arquitectura Zen 5, reloj base 4.4 GHz, reloj turbo máximo hasta 5.5 GHz, temperatura de funcionamiento máxima 95°C, PCIe® 5.0, memoria del sistema DDR5, se recomienda enfriador líquido para un rendimiento óptimo, TDP predeterminada 120W.",AMD,d,565.8888888888889,11034.83,565.89,13241.8,13241.8,17655.73,12690.05,13241.8,procesadores,./assets/img/catalog/procesadores/CPUAMD2850.jpg,https://static.ctonline.mx/imagenes/CPUAMD2850/CPUAMD2850_400.jpg,./assets/img/placeholders/cpu_placeholder.jpg,48h Directa / 1 Año Fabricante,Pedro Moreno 501 A (Entrega Inmediata)
CPUAMD2450,CPUAMD2450,Procesador AMD RYZEN 9 7900X3D Plataforma Computadora de escritorio Familia de productos Proces,"Procesador AMD RYZEN 9 7900X3D Plataforma Computadora de escritorio Familia de productos Procesadores AMD Ryzen Línea de productos Procesadores AMD Ryzen 9 N.° de núcleos de CPU 12 N.° de subprocesos 24 Reloj de aumento máx. Hasta 5.6GHz Reloj base 4,4 GHz Caché L1 total 768 KB Caché L2 total 12 MB Caché L3 total 128 MB TDP/TDP predeterminado 120W Tecnología de procesador para núcleos de CPU FinFET de 5nm de TSMC Paquete AM5 Solución térmica No incluido Temp. máx. 89°C Compatible con SO Windows 11 - edición de 64 bits Edición de Windows 10 de 64 bits RHEL x86 edición de 64·bits Ubuntu x86 edición de 64·bits *El soporte del sistema operativo (SO) variará según el fabricante. Conectividad Versión de PCI Express PCIe 5.0 Tipo de memoria DDR5 Canales de memoria 2 Velocidad máxima de memoria 2x1R DDR5-5200 2x2R DDR5-5200 4x1R DDR5-3600 4x2R DDR5-3600 Capacidades gráficas Modelo de gráficos  AMD Radeon N.° de núcleos de GPU 2 Frecuencia de gráficos 2200 MHz GPU básica 400 MHz ID de producto ID de producto en caja 100-100000909WOF Bandeja OPN 100-000000909 Características clave Tecnologías compatibles Tecnología AMD EXPO Tecnologías AMD Ryzen",AMD,d,625.5555555555555,12198.33,625.56,14638.0,14638.0,19517.33,14028.08,14638.0,procesadores,./assets/img/catalog/procesadores/CPUAMD2450.jpg,https://static.ctonline.mx/imagenes/CPUAMD2450/CPUAMD2450_400.jpg,./assets/img/placeholders/cpu_placeholder.jpg,48h Directa / 1 Año Fabricante,Pedro Moreno 501 A (Entrega Inmediata)
CPUAMD2860,CPUAMD2860,"AMD RYZEN 9 9950X3D, familia ryzen, serie Ryzen 9000 serie, 16 núcleos de CPU, 32 subprocesos, ","AMD RYZEN 9 9950X3D, familia ryzen, serie Ryzen 9000 serie, 16 núcleos de CPU, 32 subprocesos, socket AM5, arquitectura Zen 5, tarjetas madre compatibles A620, X670E , X670 , B650E , B650 , X870E , X870 , B840 , B850, reloj base 4.3 GHz, reloj turbo máximo hasta 5.7 GHz, no incluye ventilador, cuenta con AMD Radeon™ Graphics, PCIe® 5.0, memoria del sistema DDR5, temperatura de funcionamiento máximo 95°C, TDP predeterminada 170W, se recomienda enfriador líquido para un rendimiento óptimo.",AMD,d,661.1111111111111,12891.67,661.11,15470.0,15470.0,20626.67,14825.42,15470.0,procesadores,./assets/img/catalog/procesadores/CPUAMD2860.jpg,https://static.ctonline.mx/imagenes/CPUAMD2860/CPUAMD2860_400.jpg,./assets/img/placeholders/cpu_placeholder.jpg,48h Directa / 1 Año Fabricante,Pedro Moreno 501 A (Entrega Inmediata)
CPUAMD2490,CPUAMD2490,Procesador RYZEN 9 7950X3D 16 CORE RETAIL Plataforma Computadora de escritorio Familia de produ,"Procesador RYZEN 9 7950X3D 16 CORE RETAIL Plataforma Computadora de escritorio Familia de productos Procesadores AMD Ryzen Línea de productos Procesadores AMD Ryzen 9 N.° de núcleos de CPU 16 N.° de subprocesos 32 Reloj de aumento máx. Hasta 5.7GHz Reloj base 4,2 GHz Caché L1 total 1MB Caché L2 total 16 MB Caché L3 total 128 MB TDP/TDP predeterminado 120W Tecnología de procesador para núcleos de CPU FinFET de 5nm de TSMC Paquete AM5 Solución térmica No incluido Temp. máx. 89°C Fecha de lanzamiento 28/2/2023 *Compatible con SO Windows 11 - edición de 64 bits Edición de Windows 10 de 64 bits RHEL x86 edición de 64·bits Ubuntu x86 edición de 64·bits *El soporte del sistema operativo (SO) variará según el fabricante. Conectividad Versión de PCI Express PCIe® 5.0 Tipo de memoria DDR5 Canales de memoria 2 Velocidad máxima de memoria 2x1R DDR5-5200 2x2R DDR5-5200 4x1R DDR5-3600 4x2R DDR5-3600 Capacidades gráficas Modelo de gráficos  AMD Radeon N.° de núcleos de GPU 2 Frecuencia de gráficos 2200 MHz ID de producto ID de producto en caja 100-100000908WOF Bandeja OPN 100-000000908 Características clave Tecnologías compatibles Tecnología AMD EXPO Tecnologías AMD Ryzen",RYZEN,d,737.7777777777777,14386.67,737.78,17264.0,17264.0,23018.67,16544.67,17264.0,procesadores,./assets/img/catalog/procesadores/CPUAMD2490.jpg,https://static.ctonline.mx/imagenes/CPUAMD2490/CPUAMD2490_400.jpg,./assets/img/placeholders/cpu_placeholder.jpg,48h Directa / 1 Año Fabricante,Pedro Moreno 501 A (Entrega Inmediata)
CPUAMD2940,CPUAMD2940,"Procesador AMD RYZEN 9 9950X3D2 Series 9000 series Zen 5 Socket-AM5, cpu 16 Núcleos reloj base ","Procesador AMD RYZEN 9 9950X3D2 Series 9000 series Zen 5 Socket-AM5, cpu 16 Núcleos reloj base 4.3 GHZ, reloj turbo máximo Hasta 5.6 GHz tdp 200W, Enfriamiento no Incluye ventilador, Gráficos incluye una tarjeta grafica radeon compatibilidad Windows 11 - 64-Bit Edition , Windows 10 - 64-Bit Edition , RHEL x86 64-Bit , Ubuntu x86 64-Bit",AMD,d,886.7333333333332,17291.3,886.73,20749.56,20749.56,27666.08,19884.99,20749.56,procesadores,./assets/img/catalog/procesadores/CPUAMD2940.jpg,https://static.ctonline.mx/imagenes/CPUAMD2940/CPUAMD2940_400.jpg,./assets/img/placeholders/cpu_placeholder.jpg,48h Directa / 1 Año Fabricante,Pedro Moreno 501 A (Entrega Inmediata)
CPUAMD2690,CPUAMD2690,"AMD RYZEN Threadripper 7960X, Familia de productos AMD Ryzen™, línea de productos AMD Ryzen™ Th","AMD RYZEN Threadripper 7960X, Familia de productos AMD Ryzen™, línea de productos AMD Ryzen™ Threadripper™, 24 núcleos de CPU, 48 hilos, reloj base de 4,2 GHz máximo hasta 5,3 GHz, memoria cache total 153.5MB, TDP 350W, socket sTR5, compatible con la tarjeta madre TRX50, compatible con los SO Windows 11 - Edición de 64 bits, RHEL x86 de 64 bits, Ubuntu x86 de 64 bits, Versión PCI Express® PCIe 5.0, memoria DDR5, 4 canales de memoria, se requiere tarjeta gráfica discreta.",AMD,d,1554.4444444444443,30311.67,1554.44,36374.0,36374.0,48498.67,34858.42,36374.0,procesadores,./assets/img/catalog/procesadores/CPUAMD2690.jpg,https://static.ctonline.mx/imagenes/CPUAMD2690/CPUAMD2690_400.jpg,./assets/img/placeholders/cpu_placeholder.jpg,48h Directa / 1 Año Fabricante,Pedro Moreno 501 A (Entrega Inmediata)
CPUAMD2620,CPUAMD2620,"AMD RYZEN THREDRIPPER PRO 7970X, familia de productos Procesadores AMD Ryzen™, línea de product","AMD RYZEN THREDRIPPER PRO 7970X, familia de productos Procesadores AMD Ryzen™, línea de productos Procesadores AMD Ryzen™ Threadripper™, núcleos del CPU 32, 64 hilos, reloj base de 4,0 GHz máximo hasta 5,3 GHz, memoria cache total 162MB, TDP 350W, compatible con la tarjeta madre TRX50, compatible con los SO Windows 11 - Edición de 64 bits, RHEL x86 de 64 bits, Ubuntu x86 de 64 bits, Versión PCI Express® PCIe 5.0, memoria DDR5, 4 canales de memoria, se requiere tarjeta gráfica discreta, socket sTR5.",AMD,d,2610.0,50895.0,2610.0,61074.0,61074.0,81432.0,58529.25,61074.0,procesadores,./assets/img/catalog/procesadores/CPUAMD2620.jpg,https://static.ctonline.mx/imagenes/CPUAMD2620/CPUAMD2620_400.jpg,./assets/img/placeholders/cpu_placeholder.jpg,48h Directa / 1 Año Fabricante,Pedro Moreno 501 A (Entrega Inmediata)
CPUAMD2600,CPUAMD2600,"AMD RYZEN THREDRIPPER PRO 7965WX, familia de productos Procesadores AMD Ryzen™ PRO, línea de pr","AMD RYZEN THREDRIPPER PRO 7965WX, familia de productos Procesadores AMD Ryzen™ PRO, línea de producto AMD Ryzen™ Threadripper™ PRO Serie 7000 WX, núcleos del CPU 24, hilos 48, reloj base de 
4,2 GHz máximo hasta  5,3 GHz, memoria cache total 153.5MB, TDP 350W, compatible con los SO Windows 11 - Edición de 64 bits, RHEL x86 de 64 bits, Ubuntu x86 de 64 bits, compatible con las tarjetas madre WRX90, TRX50, Pro 695, memoria DDR5, Versión PCI Express® PCIe 5.0, 8 canales de memoria, se requiere tarjeta gráfica discreta, socket sTR5.",AMD,d,2776.6666666666665,54145.0,2776.67,64974.0,64974.0,86632.0,62266.75,64974.0,procesadores,./assets/img/catalog/procesadores/CPUAMD2600.jpg,https://static.ctonline.mx/imagenes/CPUAMD2600/CPUAMD2600_400.jpg,./assets/img/placeholders/cpu_placeholder.jpg,48h Directa / 1 Año Fabricante,Pedro Moreno 501 A (Entrega Inmediata)
CPUAMD2610,CPUAMD2610,"AMD RYZEN THREDRIPPER PRO 7980X, familia de productos Procesadores AMD Ryzen™, línea de product","AMD RYZEN THREDRIPPER PRO 7980X, familia de productos Procesadores AMD Ryzen™, línea de productos Procesadores AMD Ryzen™ Threadripper™, núcleos del CPU 64, 128 hilos, reloj base de 3,2 GHz máximo hasta 5,1 GHz, memoria cache total 324MB, TDP 350W, tarjeta madre compatibleTRX50, compatible con los SO Windows 11 - Edición de 64 bits, RHEL x86 de 64 bits, Ubuntu x86 de 64 bits, Versión PCI Express®  PCIe 5.0, memoria DDR5, 4 canales de memoria, se requiere tarjeta gráfica discreta, socket sTR5.",AMD,d,5221.111111111111,101811.67,5221.11,122174.0,122174.0,162898.67,117083.42,122174.0,procesadores,./assets/img/catalog/procesadores/CPUAMD2610.jpg,https://static.ctonline.mx/imagenes/CPUAMD2610/CPUAMD2610_400.jpg,./assets/img/placeholders/cpu_placeholder.jpg,48h Directa / 1 Año Fabricante,Pedro Moreno 501 A (Entrega Inmediata)
CPUAMD2590,CPUAMD2590,"AMD RYZEN THREDRIPPER PRO 7995WX, familia de productos Procesadores AMD Ryzen™ PRO, línea de pr","AMD RYZEN THREDRIPPER PRO 7995WX, familia de productos Procesadores AMD Ryzen™ PRO, línea de producto AMD Ryzen™ Threadripper™ PRO Serie 7000 WX, núcleos del CPU 96, numero de hilos 192, reloj base de 2.5 GHz máximo hasta 5.1GHz, TDP 350W, temperatura máxima de 95ºC, socket str5, compatible con los SO Windows 11 - edición de 64 bits, RHEL x86 edición de 64·bits, Ubuntu x86 edición de 64 bits, versión de PCI Express PCIe 5.0, tipo de memoria DDR5, 8 canales de memoria, se requiere tarjeta gráfica discreta, compatible con las tarjetas madre WRX90, TRX50, Pro 695. memoria cache total 486MB.",AMD,d,10721.111111111111,209061.67,10721.11,250874.0,250874.0,334498.67,240420.92,250874.0,procesadores,./assets/img/catalog/procesadores/CPUAMD2590.jpg,https://static.ctonline.mx/imagenes/CPUAMD2590/CPUAMD2590_400.jpg,./assets/img/placeholders/cpu_placeholder.jpg,48h Directa / 1 Año Fabricante,Pedro Moreno 501 A (Entrega Inmediata)
CPUASS1160,CPUASS1160,"Asus Intel NUC 11 Essential BNUC11ATKC20001, SKU: 90AB1ATK-MB2110, Intel® Celeron® Processor N4","Asus Intel NUC 11 Essential BNUC11ATKC20001, SKU: 90AB1ATK-MB2110, Intel® Celeron® Processor N4505 (4M Cache | up to 2.90 GHz), NUC11ATBC2, Soporte SO: Windows 11* | Windows 10* | Linux*, CPU Total Cores, 2, CPU Total Threads, 2. Frecuencia de operación: 2.00 GHz, Almacenamiento incluído: Opcional 64GB Emmc, Máximo tamaño de Memoria (dependiente del tipo de memoria): 32 GB, # Slots de Memoria: 2, Tipo de Memoria: DDR4-2933 1.2V SO-DIMM, Máximo # de canales de memoria: 2, ECC Memory Supported: No, Tamaño de bahía interna: M.2 SSD, # de unidades soportadas: 1, Slote de M.2 (almacenamiento): 1, Puerto Salida Gráfica: DP++/HDMI, Pantalla Soportadas: 2, Puertos USB: 6, USB Configuración: 2x front USB 3.2 Gen 1 and 2x rear USB 3.2 Gen 2; 2x USB 2.0, USB Revision: 3.2 Gen 2 / 3.2 Gen 1 / 2.0, Audio (back channel + front channel): 1x 3.5mm stereo out jack | 1x 3.5mm microphone Jack. Integrated LAN: 10/100/1000, Wireless Included: Intel® Wireless-AC 9462, Bluetooth Version: 5.1, M.2 Card Slot (wireless): 1, Expansion Options PCIE Revision: Gen 3, Thermal Design Power: 10 W, DC Input: 19VDC, Dimensiones: 135x115x36mm, Intel® HD Audio Technology: Yes, Intel® Platform Trust Technology (Intel® PTT): Yes, Intel® AES New Instructions: Yes, VESA Screws / AC Power Adapter / Power Cord, US Cable, Cable Incluido",NUC,d,128.97727272727272,2515.06,128.98,3018.07,3018.07,4024.1,2892.32,3018.07,procesadores,./assets/img/catalog/procesadores/CPUASS1160.jpg,https://static.ctonline.mx/imagenes/CPUASS1160/CPUASS1160_400.jpg,./assets/img/placeholders/cpu_placeholder.jpg,48h Directa / 1 Año Fabricante,Pedro Moreno 501 A (Entrega Inmediata)
CPUASS1360,CPUASS1360,"NUC ASUS RNUC13ANHI500001I Modelo RNUC13ANHI500001I CPU Intel® Core™ i5-1340P (12MB Cache, 12 C","NUC ASUS RNUC13ANHI500001I Modelo RNUC13ANHI500001I CPU Intel® Core™ i5-1340P (12MB Cache, 12 Cores (4 Performance , 8 Efficient) 16 threads. Gráficos Integrated - Intel® Iris® Xe Graphics. WI-Fi Intel® AX211 (Gig+), Wi-Fi 6E, 2x2 , Bluetooth 5.3. LAN 1 x Intel® I225V, 2.5GbE LAN. Entradas Frontales 2 x USB 3.2 Gen2 Type-A (5V/0.9A, 10Gbps) 1 x Audio Jack (Line out/Mic in/Headphone out). Entradas Laterales 1 x Ranura Kensington para candado. Entradas Posteriores 2 x Thunderbolt™ 4 (with DP1.4 | 5V/3A, 40Gbps), 1 x USB 3.2 Gen2 Type-A (5V/0.9A, 10Gbps), 1 x USB 2.0 Type-A (5V/0.5A, 480Mbps), 2 x HDMI 2.0b (up to 4K@60Hz), 1 x Intel® 2.5G LAN (RJ45), 1 x Cable Locking Arm, 1 x DC-in. TPM fTPM 2.0 (Intel® PTT). Sistema Operativo SIN SISTEMA OPERATIVO / Soporta Windows 11 Home | Windows 11 Pro | Windows 10 Home | Windows 10 IoT Enterprise | Windows 10 Pro | Red Hat Linux | Ubuntu 20.04 LTS. Memoria SIN RAM Soporta hasta 64GB, 2 x SO-DIMM DDR4-3200MHz. Almacenamiento SIN ALMACENAMIENTO soporta | 1 x M.2 2280 NVMe™ PCIe® G4x4 SSD | 1 x M.2 2242 for SATA or PCIe® G3x1 SSD | 1 x 6 Gb/s SATA for 2.5"" HDD.",NUC,d,410.22727272727275,7999.43,410.23,9599.32,9599.32,12799.09,9199.34,9599.32,procesadores,./assets/img/catalog/procesadores/CPUASS1360.jpg,https://static.ctonline.mx/imagenes/CPUASS1360/CPUASS1360_400.jpg,./assets/img/placeholders/cpu_placeholder.jpg,48h Directa / 1 Año Fabricante,Pedro Moreno 501 A (Entrega Inmediata)
