sku,nombre,descripcion_completa,categoria_ct,categoria_clasificada,marca,base_cost_usd,costo_proveedor_mxn,precio_original,original,precio,precio_mxn,precio_mayoreo_10pzs,precio_piso_minimo_20,img,local_img
MEMDAT7300,"Micro Secure Digital ADATA microSDXC, 256GB SD7.1 Express UHS-I U3 V30, Clase 10 (A2), PCIe Gen3 x1, Velocidades de lectura y escritura de hasta 800/700 MB por segundo. UD256GEX3L1-C","Micro Secure Digital ADATA microSDXC, 256GB SD7.1 Express UHS-I U3 V30, Clase 10 (A2), PCIe Gen3 x1, Velocidades de lectura y escritura de hasta 800/700 MB por segundo. UD256GEX3L1-C. Clave Oficial CT: MEMDAT7300. Marca: CT.",COMPONENTES DE ENSAMBLE,tarjetas_madre,CT,67.76,1321.23,2113.97,2113.97,1783.66,1783.66,1651.54,1585.48,https://static.ctonline.mx/imagenes/MEMDAT7300/MEMDAT7300_400.jpg,assets/img/catalog/MEMDAT7300.jpg
MEMDAT7310,"Micro Secure Digital ADATA microSDXC, 512GB SD7.1 Express UHS-I U3 V30, Clase 10 (A2), PCIe Gen3 x1, Velocidades de lectura y escritura de hasta 800/700 MB por segundo. UD512GEX3L1-C","Micro Secure Digital ADATA microSDXC, 512GB SD7.1 Express UHS-I U3 V30, Clase 10 (A2), PCIe Gen3 x1, Velocidades de lectura y escritura de hasta 800/700 MB por segundo. UD512GEX3L1-C. Clave Oficial CT: MEMDAT7310. Marca: CT.",COMPONENTES DE ENSAMBLE,tarjetas_madre,CT,117.78,2296.67,3674.67,3674.67,3100.5,3100.5,2870.83,2756.0,https://static.ctonline.mx/imagenes/MEMDAT7310/MEMDAT7310_400.jpg,assets/img/catalog/MEMDAT7310.jpg
DDUXPG080,"Unidad de Estado Sólido XPG GAMMIX S60 512GB PCIe Gen4 x4 M.2 2280, velocidades de lectura/escritura secuenciales de hasta 5.000/4.200 MB por segundo, AGAMMIXS60-512G-CS","Unidad de Estado Sólido XPG GAMMIX S60 512GB PCIe Gen4 x4 M.2 2280, velocidades de lectura/escritura secuenciales de hasta 5.000/4.200 MB por segundo, AGAMMIXS60-512G-CS. Clave Oficial CT: DDUXPG080. Marca: CT.",COMPONENTES DE ENSAMBLE,tarjetas_madre,CT,92.22,1798.33,2877.33,2877.33,2427.75,2427.75,2247.92,2158.0,https://static.ctonline.mx/imagenes/DDUXPG080/DDUXPG080_400.jpg,assets/img/catalog/DDUXPG080.jpg
DDUXPG090,"Unidad de Estado Sólido XPG GAMMIX S60 1TB PCIe Gen4 x4 M.2 2280, velocidades de lectura/escritura secuenciales de hasta 5.000/4.200 MB por segundo, AGAMMIXS60-1T-CS","Unidad de Estado Sólido XPG GAMMIX S60 1TB PCIe Gen4 x4 M.2 2280, velocidades de lectura/escritura secuenciales de hasta 5.000/4.200 MB por segundo, AGAMMIXS60-1T-CS. Clave Oficial CT: DDUXPG090. Marca: CT.",COMPONENTES DE ENSAMBLE,tarjetas_madre,CT,173.22,3377.83,5404.53,5404.53,4560.08,4560.08,4222.29,4053.4,https://static.ctonline.mx/imagenes/DDUXPG090/DDUXPG090_400.jpg,assets/img/catalog/DDUXPG090.jpg
DDUXPG100,"Unidad de Estado Sólido XPG GAMMIX S60 2TB PCIe Gen4 x4 M.2 2280, velocidades de lectura/escritura secuenciales de hasta 5.000/4.200 MB por segundo, AGAMMIXS60-2T-CS","Unidad de Estado Sólido XPG GAMMIX S60 2TB PCIe Gen4 x4 M.2 2280, velocidades de lectura/escritura secuenciales de hasta 5.000/4.200 MB por segundo, AGAMMIXS60-2T-CS. Clave Oficial CT: DDUXPG100. Marca: CT.",COMPONENTES DE ENSAMBLE,tarjetas_madre,CT,320.89,6257.33,10011.73,10011.73,8447.4,8447.4,7821.67,7508.8,https://static.ctonline.mx/imagenes/DDUXPG100/DDUXPG100_400.jpg,assets/img/catalog/DDUXPG100.jpg
DDUWSD1760,Disco Duro WD GOLD Modelo WD102KRYZ de 10TB. 256MB Cache,Disco Duro WD GOLD Modelo WD102KRYZ de 10TB. 256MB Cache. Clave Oficial CT: DDUWSD1760. Marca: CT.,COMPONENTES DE ENSAMBLE,tarjetas_madre,CT,511.36,9971.59,15954.55,15954.55,13461.65,13461.65,12464.49,11965.91,https://static.ctonline.mx/imagenes/DDUWSD1760/DDUWSD1760_400.jpg,assets/img/catalog/DDUWSD1760.jpg
DDUSAT250,"Disco Duro ""New Pull"" (Sin usar, extraídos de equipos nuevos), de 500 GB S-ATA 7200 RPM, 16 MB de Cache","Disco Duro ""New Pull"" (Sin usar, extraídos de equipos nuevos), de 500 GB S-ATA 7200 RPM, 16 MB de Cache. Clave Oficial CT: DDUSAT250. Marca: CT.",COMPONENTES DE ENSAMBLE,tarjetas_madre,CT,21.94,427.92,684.67,684.67,577.69,577.69,534.9,513.5,https://static.ctonline.mx/imagenes/DDUSAT250/DDUSAT250_400.jpg,assets/img/catalog/DDUSAT250.jpg
DDUSAT180,Disco Duro S-ATA 32 MB 3 TB 32 MB de caché de unidades de disco duro interno 3 TB de capacidad de almacenamiento Modelo: S-ATA 32 MB 3 TB,Disco Duro S-ATA 32 MB 3 TB 32 MB de caché de unidades de disco duro interno 3 TB de capacidad de almacenamiento Modelo: S-ATA 32 MB 3 TB. Clave Oficial CT: DDUSAT180. Marca: CT.,COMPONENTES DE ENSAMBLE,tarjetas_madre,CT,27.78,541.67,866.67,866.67,731.25,731.25,677.08,650.0,https://static.ctonline.mx/imagenes/DDUSAT180/DDUSAT180_400.jpg,assets/img/catalog/DDUSAT180.jpg
DDUHTC020,"Disco duro ""New Pull"" 500GB 5400RPM SATA III 6Gb/s 32MB CACHE 3.5""7MM SURVEILLANCE  HCC545050A7E630","Disco duro ""New Pull"" 500GB 5400RPM SATA III 6Gb/s 32MB CACHE 3.5""7MM SURVEILLANCE  HCC545050A7E630. Clave Oficial CT: DDUHTC020. Marca: CT.",COMPONENTES DE ENSAMBLE,tarjetas_madre,CT,28.33,552.5,884.0,884.0,745.88,745.88,690.62,663.0,https://static.ctonline.mx/imagenes/DDUHTC020/DDUHTC020_400.jpg,assets/img/catalog/DDUHTC020.jpg
DDUSAT260,"Disco Duro ""New Pull"" (Sin usar, extraídos de equipos nuevos), de 1 TB S-ATA 7200 RPM, 16 MB de Cache","Disco Duro ""New Pull"" (Sin usar, extraídos de equipos nuevos), de 1 TB S-ATA 7200 RPM, 16 MB de Cache. Clave Oficial CT: DDUSAT260. Marca: CT.",COMPONENTES DE ENSAMBLE,tarjetas_madre,CT,59.44,1159.17,1854.67,1854.67,1564.88,1564.88,1448.96,1391.0,https://static.ctonline.mx/imagenes/DDUSAT260/DDUSAT260_400.jpg,assets/img/catalog/DDUSAT260.jpg
DDUSAT570,"Disco Duro ""New Pull"" (Sin usar, extraídos de equipos nuevos), de 2 TB S-ATA 7200 RPM, 16 MB de Cache","Disco Duro ""New Pull"" (Sin usar, extraídos de equipos nuevos), de 2 TB S-ATA 7200 RPM, 16 MB de Cache. Clave Oficial CT: DDUSAT570. Marca: CT.",COMPONENTES DE ENSAMBLE,tarjetas_madre,CT,53.33,1040.0,1664.0,1664.0,1404.0,1404.0,1300.0,1248.0,https://static.ctonline.mx/imagenes/DDUSAT570/DDUSAT570_400.jpg,assets/img/catalog/DDUSAT570.jpg
DDUWSD2130,"Disco Duro WD RED Plus Modelo WD40EFPX de 4TB, 256MB Cache","Disco Duro WD RED Plus Modelo WD40EFPX de 4TB, 256MB Cache. Clave Oficial CT: DDUWSD2130. Marca: CT.",COMPONENTES DE ENSAMBLE,tarjetas_madre,CT,126.67,2470.0,3952.0,3952.0,3334.5,3334.5,3087.5,2964.0,https://static.ctonline.mx/imagenes/DDUWSD2130/DDUWSD2130_400.jpg,assets/img/catalog/DDUWSD2130.jpg
DDUWSD2310,"Disco Duro WD RED PLUS Modelo WD60EFPX de 6TB, 256MB Cache","Disco Duro WD RED PLUS Modelo WD60EFPX de 6TB, 256MB Cache. Clave Oficial CT: DDUWSD2310. Marca: CT.",COMPONENTES DE ENSAMBLE,tarjetas_madre,CT,163.33,3185.0,5096.0,5096.0,4299.75,4299.75,3981.25,3822.0,https://static.ctonline.mx/imagenes/DDUWSD2310/DDUWSD2310_400.jpg,assets/img/catalog/DDUWSD2310.jpg
DDUWSD2290,"Disco Duro WD RED Plus Modelo WD80EFPX de 8TB, 5640 RPM, 256MB Cache","Disco Duro WD RED Plus Modelo WD80EFPX de 8TB, 5640 RPM, 256MB Cache. Clave Oficial CT: DDUWSD2290. Marca: CT.",COMPONENTES DE ENSAMBLE,tarjetas_madre,CT,218.32,4257.28,6811.65,6811.65,5747.33,5747.33,5321.6,5108.74,https://static.ctonline.mx/imagenes/DDUWSD2290/DDUWSD2290_400.jpg,assets/img/catalog/DDUWSD2290.jpg
DDUWSD1820,"Disco Duro WD RED Modelo WD101EFBX de 10TB, 256MB Cache","Disco Duro WD RED Modelo WD101EFBX de 10TB, 256MB Cache. Clave Oficial CT: DDUWSD1820. Marca: CT.",COMPONENTES DE ENSAMBLE,tarjetas_madre,CT,181.94,3547.92,5676.67,5676.67,4789.69,4789.69,4434.9,4257.5,https://static.ctonline.mx/imagenes/DDUWSD1820/DDUWSD1820_400.jpg,assets/img/catalog/DDUWSD1820.jpg
DDUWSD2040,"Disco Duro WD RED PLUS Modelo WD120EFBX de 12TB, 256MB Cache","Disco Duro WD RED PLUS Modelo WD120EFBX de 12TB, 256MB Cache. Clave Oficial CT: DDUWSD2040. Marca: CT.",COMPONENTES DE ENSAMBLE,tarjetas_madre,CT,299.5,5840.25,9344.4,9344.4,7884.34,7884.34,7300.31,7008.3,https://static.ctonline.mx/imagenes/DDUWSD2040/DDUWSD2040_400.jpg,assets/img/catalog/DDUWSD2040.jpg
DDUWSD2300,"Disco Duro WD PURPLE Modelo WD8002PURP de 8TB, 256MB Cache.","Disco Duro WD PURPLE Modelo WD8002PURP de 8TB, 256MB Cache.. Clave Oficial CT: DDUWSD2300. Marca: CT.",COMPONENTES DE ENSAMBLE,tarjetas_madre,CT,349.01,6805.72,10889.15,10889.15,9187.72,9187.72,8507.15,8166.86,https://static.ctonline.mx/imagenes/DDUWSD2300/DDUWSD2300_400.jpg,assets/img/catalog/DDUWSD2300.jpg
DDUWSD2360,"Disco Duro Western Digital PURPLE PRO WD102PURP 10TB, 3.5'', SATA, 6 Gbit/s, 512MB Caché, Modelo: WD102PURP","Disco Duro Western Digital PURPLE PRO WD102PURP 10TB, 3.5'', SATA, 6 Gbit/s, 512MB Caché, Modelo: WD102PURP. Clave Oficial CT: DDUWSD2360. Marca: CT.",COMPONENTES DE ENSAMBLE,tarjetas_madre,CT,429.23,8370.05,13392.08,13392.08,11299.57,11299.57,10462.56,10044.06,https://static.ctonline.mx/imagenes/DDUWSD2360/DDUWSD2360_400.jpg,assets/img/catalog/DDUWSD2360.jpg
MBDECS2310,Motherboard ECS H810H8-M2 - SOCKET Intel® LGA 1851 MEMORIA DDR5 SOPORTA 6400/5600 MHZ  EXPANSION SLOT 1 X PCI Express X16 Gen 5.0 slot(s) 1 X PCI Express X1 Gen 4.0 slot(s 2 X M.2 slot for SSD STORAGE COMPATIBLE CON CHIPS EXPRESS H810 AUDIO HD DE 6 CANALES REALTEK ALC897 COMPATIBLE WINDOWS 11 64 BIT,Motherboard ECS H810H8-M2 - SOCKET Intel® LGA 1851 MEMORIA DDR5 SOPORTA 6400/5600 MHZ  EXPANSION SLOT 1 X PCI Express X16 Gen 5.0 slot(s) 1 X PCI Express X1 Gen 4.0 slot(s 2 X M.2 slot for SSD STORAGE COMPATIBLE CON CHIPS EXPRESS H810 AUDIO HD DE 6 CANALES REALTEK ALC897 COMPATIBLE WINDOWS 11 64 BIT. Clave Oficial CT: MBDECS2310. Marca: CT.,COMPONENTES DE ENSAMBLE,tarjetas_madre,CT,76.76,1496.85,2394.95,2394.95,2020.74,2020.74,1871.06,1796.22,https://static.ctonline.mx/imagenes/MBDECS2310/MBDECS2310_400.jpg,assets/img/catalog/MBDECS2310.jpg
GABEVO560,"Gabinete Mini Torre Toledo (EV-1026), Gabinete Mini Torre Toledo / Mini Torre / MB Micro ATX, ITX / 1x USB A + 1x USB 3.0 + 1x Audio / Micrófono / Incluye Fuente de poder TFX 500 W / Negro Modelo: EV-1026","Gabinete Mini Torre Toledo (EV-1026), Gabinete Mini Torre Toledo / Mini Torre / MB Micro ATX, ITX / 1x USB A + 1x USB 3.0 + 1x Audio / Micrófono / Incluye Fuente de poder TFX 500 W / Negro Modelo: EV-1026. Clave Oficial CT: GABEVO560. Marca: CT.",COMPONENTES DE ENSAMBLE,tarjetas_madre,CT,558.82,10897.06,17435.29,17435.29,14711.03,14711.03,13621.32,13076.47,https://static.ctonline.mx/imagenes/GABEVO560/GABEVO560_400.jpg,assets/img/catalog/GABEVO560.jpg
GABEVO570,"Gabinete Mini Torre Toledo (EV-1027), Gabinete Mini Torre Toledo / Mini Torre / MB Micro ATX, ITX / 1x USB A + 1x USB 3.0 + 1x Audio / Micrófono / Incluye Fuente de poder TFX 500 W / Negro Modelo: EV-1027","Gabinete Mini Torre Toledo (EV-1027), Gabinete Mini Torre Toledo / Mini Torre / MB Micro ATX, ITX / 1x USB A + 1x USB 3.0 + 1x Audio / Micrófono / Incluye Fuente de poder TFX 500 W / Negro Modelo: EV-1027. Clave Oficial CT: GABEVO570. Marca: CT.",COMPONENTES DE ENSAMBLE,tarjetas_madre,CT,558.82,10897.06,17435.29,17435.29,14711.03,14711.03,13621.32,13076.47,https://static.ctonline.mx/imagenes/GABEVO570/GABEVO570_400.jpg,assets/img/catalog/GABEVO570.jpg
GABEVO350,"Gabinete Evotec Aruba Slim, Compartimiento: 1 Bahia HDD 3.5"", 1 Bahia SSD 2.5"", Había 5.25"",Conector 2*USB 2.0, 1*entrada/salida de audio HD, Compatibilidad: M-ATX Tarjeta Madre (380*103*305mm), Incluye fuente de 600, Modelo: EV-1010","Gabinete Evotec Aruba Slim, Compartimiento: 1 Bahia HDD 3.5"", 1 Bahia SSD 2.5"", Había 5.25"",Conector 2*USB 2.0, 1*entrada/salida de audio HD, Compatibilidad: M-ATX Tarjeta Madre (380*103*305mm), Incluye fuente de 600, Modelo: EV-1010. Clave Oficial CT: GABEVO350. Marca: CT.",COMPONENTES DE ENSAMBLE,tarjetas_madre,CT,661.18,12892.94,20628.71,20628.71,17405.47,17405.47,16116.18,15471.53,https://static.ctonline.mx/imagenes/GABEVO350/GABEVO350_400.jpg,assets/img/catalog/GABEVO350.jpg
GABEVO360,"Gabinete Evotec Viena Slim, Compartimiento: 1 Bahia HDD 3.5"", 1 Bahia SSD 2.5"", Había 5.25"",Conector 2*USB 2.0, 1*entrada/salida de audio HD, Compatibilidad: M-ATX Tarjeta Madre (380*103*305mm), Incluye fuente de 600, Modelo: EV-1011","Gabinete Evotec Viena Slim, Compartimiento: 1 Bahia HDD 3.5"", 1 Bahia SSD 2.5"", Había 5.25"",Conector 2*USB 2.0, 1*entrada/salida de audio HD, Compatibilidad: M-ATX Tarjeta Madre (380*103*305mm), Incluye fuente de 600, Modelo: EV-1011. Clave Oficial CT: GABEVO360. Marca: CT.",COMPONENTES DE ENSAMBLE,tarjetas_madre,CT,661.18,12892.94,20628.71,20628.71,17405.47,17405.47,16116.18,15471.53,https://static.ctonline.mx/imagenes/GABEVO360/GABEVO360_400.jpg,assets/img/catalog/GABEVO360.jpg
GABEVO460,"Gabinete Evotec Lisboa Slim EV-1017, Compartimiento: 1 Bahia HDD 3.5"", 1 Bahia SSD 2.5"", 5 pci-e, Conector 2*USB 3.0, 1*entrada/salida de audio HD, Compatibilidad: M-ATX Tarjeta Madre (380*103*305mm), Incluye fuente de 500 y 1 ventilador lateral.","Gabinete Evotec Lisboa Slim EV-1017, Compartimiento: 1 Bahia HDD 3.5"", 1 Bahia SSD 2.5"", 5 pci-e, Conector 2*USB 3.0, 1*entrada/salida de audio HD, Compatibilidad: M-ATX Tarjeta Madre (380*103*305mm), Incluye fuente de 500 y 1 ventilador lateral.. Clave Oficial CT: GABEVO460. Marca: CT.",COMPONENTES DE ENSAMBLE,tarjetas_madre,CT,682.35,13305.88,21289.41,21289.41,17962.94,17962.94,16632.35,15967.06,https://static.ctonline.mx/imagenes/GABEVO460/GABEVO460_400.jpg,assets/img/catalog/GABEVO460.jpg
GABEVO510,"Gabinete Evotec Valencia Slim EV-1022, Compartimiento: 1 Bahía HDD 3.5"", 1 Bahía SSD 2.5"", 1 Bahía ODD 5.25"", 5 pci-e, Conector 2*USB 3.0 2 USB 2.0, Espacio para 2x6cm ventiladores lateral / 1x6cm superior, 1*entrada/salida de audio HD, Compatibilidad: M-ATX / ITX Tarjeta Madre (380*103*305mm), Incluye fuente de 600 y 1 ventilador lateral.","Gabinete Evotec Valencia Slim EV-1022, Compartimiento: 1 Bahía HDD 3.5"", 1 Bahía SSD 2.5"", 1 Bahía ODD 5.25"", 5 pci-e, Conector 2*USB 3.0 2 USB 2.0, Espacio para 2x6cm ventiladores lateral / 1x6cm superior, 1*entrada/salida de audio HD, Compatibilidad: M-ATX / ITX Tarjeta Madre (380*103*305mm), Incluye fuente de 600 y 1 ventilador lateral.. Clave Oficial CT: GABEVO510. Marca: CT.",COMPONENTES DE ENSAMBLE,tarjetas_madre,CT,729.41,14223.53,22757.65,22757.65,19201.76,19201.76,17779.41,17068.24,https://static.ctonline.mx/imagenes/GABEVO510/GABEVO510_400.jpg,assets/img/catalog/GABEVO510.jpg
GABACT120,"Gabinete BERN GS461 MISMO DISEÑO QUE GABINETE BROKK (GABGEN2660) Acteck Fuente de 500w. Chasis de acero. 1 bahía para SSD 2.5""+ 1 para HDD 3,5"", 1 puerto USB 3.0 + 2 puertos USB 2.0, Lector SD, Motherboards soportadas: Micro ATX, Mini ITX, 4 Puertos PCI, 1 bahía externa 5.25"", Fuente de poder ES-05002 AC-922760.","Gabinete BERN GS461 MISMO DISEÑO QUE GABINETE BROKK (GABGEN2660) Acteck Fuente de 500w. Chasis de acero. 1 bahía para SSD 2.5""+ 1 para HDD 3,5"", 1 puerto USB 3.0 + 2 puertos USB 2.0, Lector SD, Motherboards soportadas: Micro ATX, Mini ITX, 4 Puertos PCI, 1 bahía externa 5.25"", Fuente de poder ES-05002 AC-922760.. Clave Oficial CT: GABACT120. Marca: CT.",COMPONENTES DE ENSAMBLE,tarjetas_madre,CT,870.59,16976.47,27162.35,27162.35,22918.24,22918.24,21220.59,20371.76,https://static.ctonline.mx/imagenes/GABACT120/GABACT120_400.jpg,assets/img/catalog/GABACT120.jpg
GABNCB150,"Gabinete Gamer, White Nova Material: Lamina de metal 1.5 y 0.8mm, Panel Lateral: Cristal Templado, Factor de la tarjeta madre: MicroATX / MiniATX y ATX, Disco Duro: 2, SSD: 2, Ranuras de Expansión: 7 PCI, Ventiladores 3 laterales 1 trasero RGB, Tamaño del Ventilador: 12x12cm, Entrada Frontal: USB 3.0 x 1 , Tipo C x 1 , Audífono Micrófono, Medidas: Altura 29cm Ancho 27.2cm Profundidad 42cm Peso: 9.47 kg, Modelo: NA-0633","Gabinete Gamer, White Nova Material: Lamina de metal 1.5 y 0.8mm, Panel Lateral: Cristal Templado, Factor de la tarjeta madre: MicroATX / MiniATX y ATX, Disco Duro: 2, SSD: 2, Ranuras de Expansión: 7 PCI, Ventiladores 3 laterales 1 trasero RGB, Tamaño del Ventilador: 12x12cm, Entrada Frontal: USB 3.0 x 1 , Tipo C x 1 , Audífono Micrófono, Medidas: Altura 29cm Ancho 27.2cm Profundidad 42cm Peso: 9.47 kg, Modelo: NA-0633. Clave Oficial CT: GABNCB150. Marca: CT.",COMPONENTES DE ENSAMBLE,tarjetas_madre,CT,1200.0,23400.0,37440.0,37440.0,31590.0,31590.0,29250.0,28080.0,https://static.ctonline.mx/imagenes/GABNCB150/GABNCB150_400.jpg,assets/img/catalog/GABNCB150.jpg
GABSTY100,"Gabinete Micro ATX Stylos STPGAC5B. Gabinete para PC. Fuente de poder de 500w incluida. Puerto para tarjeta madre Micro ATX/ITX. Puerto para ventilador de 8 cm. Puertos USB 1x3.0, 1x1.1, 1x3.5mm. Espacio para disco duro 1x2.5 SSD - 2xODD, 1x3.5 SSD - 3x3.5 HDD. 4 espacios PCI.","Gabinete Micro ATX Stylos STPGAC5B. Gabinete para PC. Fuente de poder de 500w incluida. Puerto para tarjeta madre Micro ATX/ITX. Puerto para ventilador de 8 cm. Puertos USB 1x3.0, 1x1.1, 1x3.5mm. Espacio para disco duro 1x2.5 SSD - 2xODD, 1x3.5 SSD - 3x3.5 HDD. 4 espacios PCI.. Clave Oficial CT: GABSTY100. Marca: CT.",COMPONENTES DE ENSAMBLE,tarjetas_madre,CT,353.83,6899.75,11039.6,11039.6,9314.66,9314.66,8624.69,8279.7,https://static.ctonline.mx/imagenes/GABSTY100/GABSTY100_400.jpg,assets/img/catalog/GABSTY100.jpg
GABSTY060,Gabinete MICRO ATX Stylos STPGAC4B. Gabinete para pc modelo 2 con fuente de poder incluida. Diseño ergonómico de aluminio+plastico ABS. Puerto para Tarjeta Madre ATX/Micro ATX/Mini ATX. Puertos USB 1x3.0 / 1x2.0 / 1x3.5. Fuente de poder 1x500w. Puerto para ventilador de 8 cm Liquid cooling: 240mm max. Espacio para disco duro 2x3.5 HHD / 2x2.5 SSD. 7 espacios PCI.,Gabinete MICRO ATX Stylos STPGAC4B. Gabinete para pc modelo 2 con fuente de poder incluida. Diseño ergonómico de aluminio+plastico ABS. Puerto para Tarjeta Madre ATX/Micro ATX/Mini ATX. Puertos USB 1x3.0 / 1x2.0 / 1x3.5. Fuente de poder 1x500w. Puerto para ventilador de 8 cm Liquid cooling: 240mm max. Espacio para disco duro 2x3.5 HHD / 2x2.5 SSD. 7 espacios PCI.. Clave Oficial CT: GABSTY060. Marca: CT.,COMPONENTES DE ENSAMBLE,tarjetas_madre,CT,416.22,8116.33,12986.13,12986.13,10957.05,10957.05,10145.42,9739.6,https://static.ctonline.mx/imagenes/GABSTY060/GABSTY060_400.jpg,assets/img/catalog/GABSTY060.jpg
GABSTY330,"Gabinete XST-100 Xzeal Starter XSXGB00B. Puerto para ventilador 1x8 cm trasero (incluido), 2x12 cm frontal; Puerto para Tarjeta Madre Micro ATX/Mini ITX; Espacio para Disco Duro 2x2.5 SSD - 2x3.5 HHD; RGB Seleccionables; Puerto USB 1x3.0 - 1x2.0 - 2x3.5 audio; 4 espacio PCI","Gabinete XST-100 Xzeal Starter XSXGB00B. Puerto para ventilador 1x8 cm trasero (incluido), 2x12 cm frontal; Puerto para Tarjeta Madre Micro ATX/Mini ITX; Espacio para Disco Duro 2x2.5 SSD - 2x3.5 HHD; RGB Seleccionables; Puerto USB 1x3.0 - 1x2.0 - 2x3.5 audio; 4 espacio PCI. Clave Oficial CT: GABSTY330. Marca: CT.",COMPONENTES DE ENSAMBLE,tarjetas_madre,CT,422.54,8239.62,13183.39,13183.39,11123.48,11123.48,10299.52,9887.54,https://static.ctonline.mx/imagenes/GABSTY330/GABSTY330_400.jpg,assets/img/catalog/GABSTY330.jpg
GABSTY210,"Gabinete XST-100 Xzeal Starter XSXGB00B. Puerto para ventilador 1x8 cm trasero (incluido), 2x12 cm frontal; Puerto para Tarjeta Madre Micro ATX/Mini ITX; Espacio para Disco Duro 2x2.5 SSD - 2x3.5 HHD; RGB Seleccionables; Puerto USB 1x3.0 - 1x2.0 - 2x3.5 audio; 4 espacio PCI","Gabinete XST-100 Xzeal Starter XSXGB00B. Puerto para ventilador 1x8 cm trasero (incluido), 2x12 cm frontal; Puerto para Tarjeta Madre Micro ATX/Mini ITX; Espacio para Disco Duro 2x2.5 SSD - 2x3.5 HHD; RGB Seleccionables; Puerto USB 1x3.0 - 1x2.0 - 2x3.5 audio; 4 espacio PCI. Clave Oficial CT: GABSTY210. Marca: CT.",COMPONENTES DE ENSAMBLE,tarjetas_madre,CT,450.07,8776.3,14042.08,14042.08,11848.0,11848.0,10970.38,10531.56,https://static.ctonline.mx/imagenes/GABSTY210/GABSTY210_400.jpg,assets/img/catalog/GABSTY210.jpg
GABSTY190,"Gabinete XST-100 XSCGXT0P. Gabinete CST-100, color Rosa; Puerto para tarjeta madre Micro ATX/Mini ITX; Puerto para ventilador 1x8cm trasero (incluido), 2x12cm frontal; Espacio para disco duro 2x2.5 SSD - 2x3.5 HHD; RGB seleccionables, 4 espacio PCI; Puertos USB 1x3-0 - 1x2.0 - 2x3.5 audio","Gabinete XST-100 XSCGXT0P. Gabinete CST-100, color Rosa; Puerto para tarjeta madre Micro ATX/Mini ITX; Puerto para ventilador 1x8cm trasero (incluido), 2x12cm frontal; Espacio para disco duro 2x2.5 SSD - 2x3.5 HHD; RGB seleccionables, 4 espacio PCI; Puertos USB 1x3-0 - 1x2.0 - 2x3.5 audio. Clave Oficial CT: GABSTY190. Marca: CT.",COMPONENTES DE ENSAMBLE,tarjetas_madre,CT,478.27,9326.2,14921.92,14921.92,12590.37,12590.37,11657.75,11191.44,https://static.ctonline.mx/imagenes/GABSTY190/GABSTY190_400.jpg,assets/img/catalog/GABSTY190.jpg
GABSTY200,"Gabinete XST-100 XSCGXT0W. Gabinete CST-100, color Blanco; Puerto para tarjeta madre Micro ATX/Mini ITX; Puerto para ventilador 1x8cm trasero (incluido), 2x12cm frontal; Espacio para disco duro 2x2.5 SSD - 2x3.5 HHD; RGB seleccionables, 4 espacio PCI; Puertos USB 1x3-0 - 1x2.0 - 2x3.5 audio","Gabinete XST-100 XSCGXT0W. Gabinete CST-100, color Blanco; Puerto para tarjeta madre Micro ATX/Mini ITX; Puerto para ventilador 1x8cm trasero (incluido), 2x12cm frontal; Espacio para disco duro 2x2.5 SSD - 2x3.5 HHD; RGB seleccionables, 4 espacio PCI; Puertos USB 1x3-0 - 1x2.0 - 2x3.5 audio. Clave Oficial CT: GABSTY200. Marca: CT.",COMPONENTES DE ENSAMBLE,tarjetas_madre,CT,478.27,9326.2,14921.92,14921.92,12590.37,12590.37,11657.75,11191.44,https://static.ctonline.mx/imagenes/GABSTY200/GABSTY200_400.jpg,assets/img/catalog/GABSTY200.jpg
GABSTY340,"Gabinete XST-100 XSCGXT0P. Gabinete CST-100, color Rosa; Puerto para tarjeta madre Micro ATX/Mini ITX; Puerto para ventilador 1x8cm trasero (incluido), 2x12cm frontal; Espacio para disco duro 2x2.5 SSD - 2x3.5 HHD; RGB seleccionables, 4 espacio PCI; Puertos USB 1x3-0 - 1x2.0 - 2x3.5 audio","Gabinete XST-100 XSCGXT0P. Gabinete CST-100, color Rosa; Puerto para tarjeta madre Micro ATX/Mini ITX; Puerto para ventilador 1x8cm trasero (incluido), 2x12cm frontal; Espacio para disco duro 2x2.5 SSD - 2x3.5 HHD; RGB seleccionables, 4 espacio PCI; Puertos USB 1x3-0 - 1x2.0 - 2x3.5 audio. Clave Oficial CT: GABSTY340. Marca: CT.",COMPONENTES DE ENSAMBLE,tarjetas_madre,CT,515.29,10048.13,16077.01,16077.01,13564.98,13564.98,12560.17,12057.76,https://static.ctonline.mx/imagenes/GABSTY340/GABSTY340_400.jpg,assets/img/catalog/GABSTY340.jpg
GABSTY090,"Gabinete Stylos XZ115 Xzeal XZCGB03B. Puerto para tarjeta madre, ATX/Micro ATX/Mini ITX. Puerto para ventilador 3x12cm frontales, 2x12 cm arriba (incluidos con RGB), 1x12 cm trasero (incluido con RGB). Puertos USB 1x3.0, 1x2.0, 1x3.5 audio. Espacio para disco duro 3x2.5 SSD, 2x3.5 HHD. Espacio Liquid Cooling 240/280 mm. RGB seleccionables. 7 espacios PCI.","Gabinete Stylos XZ115 Xzeal XZCGB03B. Puerto para tarjeta madre, ATX/Micro ATX/Mini ITX. Puerto para ventilador 3x12cm frontales, 2x12 cm arriba (incluidos con RGB), 1x12 cm trasero (incluido con RGB). Puertos USB 1x3.0, 1x2.0, 1x3.5 audio. Espacio para disco duro 3x2.5 SSD, 2x3.5 HHD. Espacio Liquid Cooling 240/280 mm. RGB seleccionables. 7 espacios PCI.. Clave Oficial CT: GABSTY090. Marca: CT.",COMPONENTES DE ENSAMBLE,tarjetas_madre,CT,617.2,12035.4,19256.64,19256.64,16247.79,16247.79,15044.25,14442.48,https://static.ctonline.mx/imagenes/GABSTY090/GABSTY090_400.jpg,assets/img/catalog/GABSTY090.jpg
GABSTY350,"Gabinete XST-100 XSCGXT0W. Gabinete CST-100, color Blanco; Puerto para tarjeta madre Micro ATX/Mini ITX; Puerto para ventilador 1x8cm trasero (incluido), 2x12cm frontal; Espacio para disco duro 2x2.5 SSD - 2x3.5 HHD; RGB seleccionables, 4 espacio PCI; Puertos USB 1x3-0 - 1x2.0 - 2x3.5 audio","Gabinete XST-100 XSCGXT0W. Gabinete CST-100, color Blanco; Puerto para tarjeta madre Micro ATX/Mini ITX; Puerto para ventilador 1x8cm trasero (incluido), 2x12cm frontal; Espacio para disco duro 2x2.5 SSD - 2x3.5 HHD; RGB seleccionables, 4 espacio PCI; Puertos USB 1x3-0 - 1x2.0 - 2x3.5 audio. Clave Oficial CT: GABSTY350. Marca: CT.",COMPONENTES DE ENSAMBLE,tarjetas_madre,CT,652.71,12727.87,20364.59,20364.59,17182.62,17182.62,15909.83,15273.44,https://static.ctonline.mx/imagenes/GABSTY350/GABSTY350_400.jpg,assets/img/catalog/GABSTY350.jpg
GABSTY250,"Gabinete CUBO GAMER CXi1 Negro. XZGAMC1B. Gabinete Cubo Gamer CXi1 Negro; Tarjeta madre Micro ATX / Mini ITX; Bahías para discos HDD 3.5"" x 2, SSD 2.5"" x 2; Puertos USB3.0*1 y USB1.1*2; Espacios para ventiladores: Frontal 2x12cm, Trasero 1x12cm(soporta un enfriamiento liquido de 120mm), Superior 2x12cm (soporta un enfriamiento liquido de 240 mm), Inferior 2x12cm; Iluminación ARGB (incluye 3 ventiladores ARGB)","Gabinete CUBO GAMER CXi1 Negro. XZGAMC1B. Gabinete Cubo Gamer CXi1 Negro; Tarjeta madre Micro ATX / Mini ITX; Bahías para discos HDD 3.5"" x 2, SSD 2.5"" x 2; Puertos USB3.0*1 y USB1.1*2; Espacios para ventiladores: Frontal 2x12cm, Trasero 1x12cm(soporta un enfriamiento liquido de 120mm), Superior 2x12cm (soporta un enfriamiento liquido de 240 mm), Inferior 2x12cm; Iluminación ARGB (incluye 3 ventiladores ARGB). Clave Oficial CT: GABSTY250. Marca: CT.",COMPONENTES DE ENSAMBLE,tarjetas_madre,CT,708.89,13823.33,22117.33,22117.33,18661.5,18661.5,17279.17,16588.0,https://static.ctonline.mx/imagenes/GABSTY250/GABSTY250_400.jpg,assets/img/catalog/GABSTY250.jpg
GABSTY360,"Gabinete Xzeal Panzer II Cubo M-ATX/ITX XZGAMC2B 2xUSB1.0 + 1x USB3.0 + 3.5 mm + 3 Fans ARGB , Espacio para Disco Duro 1 x 3.5 HDD, 2 x 2.5 SSD, Espacios PCI 4 espacios de expansión, Espacios para Enfriamiento líquido, 1 x 240mm tapa superior, 1 x 120mm parte trasera, 1 x 240mm placa tarjeta madre","Gabinete Xzeal Panzer II Cubo M-ATX/ITX XZGAMC2B 2xUSB1.0 + 1x USB3.0 + 3.5 mm + 3 Fans ARGB , Espacio para Disco Duro 1 x 3.5 HDD, 2 x 2.5 SSD, Espacios PCI 4 espacios de expansión, Espacios para Enfriamiento líquido, 1 x 240mm tapa superior, 1 x 120mm parte trasera, 1 x 240mm placa tarjeta madre. Clave Oficial CT: GABSTY360. Marca: CT.",COMPONENTES DE ENSAMBLE,tarjetas_madre,CT,705.56,13758.33,22013.33,22013.33,18573.75,18573.75,17197.92,16510.0,https://static.ctonline.mx/imagenes/GABSTY360/GABSTY360_400.jpg,assets/img/catalog/GABSTY360.jpg
GABSTY260,"Gabinete CUBO GAMER CXi1 Blanco. XZGAMC1W. Gabinete Cubo Gamer CXi1 Blanco; Tarjeta madre Micro ATX / Mini ITX; Bahías para discos HDD 3.5"" x 2, SSD 2.5"" x 2; Puertos USB3.0*1 y USB1.1*2; Espacios para ventiladores: Frontal 2x12cm, Trasero 1x12cm(soporta un enfriamiento liquido de 120mm), Superior 2x12cm (soporta un enfriamiento liquido de 240 mm), Inferior 2x12cm; Iluminación ARGB (incluye 3 ventiladores ARGB)","Gabinete CUBO GAMER CXi1 Blanco. XZGAMC1W. Gabinete Cubo Gamer CXi1 Blanco; Tarjeta madre Micro ATX / Mini ITX; Bahías para discos HDD 3.5"" x 2, SSD 2.5"" x 2; Puertos USB3.0*1 y USB1.1*2; Espacios para ventiladores: Frontal 2x12cm, Trasero 1x12cm(soporta un enfriamiento liquido de 120mm), Superior 2x12cm (soporta un enfriamiento liquido de 240 mm), Inferior 2x12cm; Iluminación ARGB (incluye 3 ventiladores ARGB). Clave Oficial CT: GABSTY260. Marca: CT.",COMPONENTES DE ENSAMBLE,tarjetas_madre,CT,743.33,14495.0,23192.0,23192.0,19568.25,19568.25,18118.75,17394.0,https://static.ctonline.mx/imagenes/GABSTY260/GABSTY260_400.jpg,assets/img/catalog/GABSTY260.jpg
GABSTY370,"Gabinete Xzeal Panzer II Cubo M-ATX/ITX XZGAMC2W 2xUSB1.0 + 1x USB3.0 + 3.5 mm + 3 Fans ARGB,  Espacio para Disco Duro 1 x 3.5 HDD, 2 x 2.5 SSD, Espacios PCI 4 espacios de expansión, Espacios para Enfriamiento líquido, 1 x 240mm tapa superior, 1 x 120mm parte trasera, 1 x 240mm placa tarjeta madre","Gabinete Xzeal Panzer II Cubo M-ATX/ITX XZGAMC2W 2xUSB1.0 + 1x USB3.0 + 3.5 mm + 3 Fans ARGB,  Espacio para Disco Duro 1 x 3.5 HDD, 2 x 2.5 SSD, Espacios PCI 4 espacios de expansión, Espacios para Enfriamiento líquido, 1 x 240mm tapa superior, 1 x 120mm parte trasera, 1 x 240mm placa tarjeta madre. Clave Oficial CT: GABSTY370. Marca: CT.",COMPONENTES DE ENSAMBLE,tarjetas_madre,CT,743.33,14495.0,23192.0,23192.0,19568.25,19568.25,18118.75,17394.0,https://static.ctonline.mx/imagenes/GABSTY370/GABSTY370_400.jpg,assets/img/catalog/GABSTY370.jpg
GABSTY140,"Gabinete gamer Xzeal XZ110-1 XZCGB12B. Puerto para tarjeta madre ATX/Micro ATX/Mini ITX. Puerto para ventilador: 3x12 cm frontales (incluido con RGB), 2x12 cm arriba, 1x12 cm trasero (incluido con RGB). Puertos USB: 1x3.0, 2x2.0, 1x3.5 audio. Panel frontal y lateral de cristal templado. Espacio para disco duro 3x2.5 SSD, 2x3.5 HHD. Espacio liquid cooling 240/280mm. RGB seleccionables. 7 espacios PCI.","Gabinete gamer Xzeal XZ110-1 XZCGB12B. Puerto para tarjeta madre ATX/Micro ATX/Mini ITX. Puerto para ventilador: 3x12 cm frontales (incluido con RGB), 2x12 cm arriba, 1x12 cm trasero (incluido con RGB). Puertos USB: 1x3.0, 2x2.0, 1x3.5 audio. Panel frontal y lateral de cristal templado. Espacio para disco duro 3x2.5 SSD, 2x3.5 HHD. Espacio liquid cooling 240/280mm. RGB seleccionables. 7 espacios PCI.. Clave Oficial CT: GABSTY140. Marca: CT.",COMPONENTES DE ENSAMBLE,tarjetas_madre,CT,766.07,14938.3,23901.28,23901.28,20166.71,20166.71,18672.88,17925.96,https://static.ctonline.mx/imagenes/GABSTY140/GABSTY140_400.jpg,assets/img/catalog/GABSTY140.jpg
GABSTY380,"Gabinete Gamer Xzeal X-Tron Mid Tower ATX XZGAXT1B Panel Der. Vidrio + Metal 2xUSB1.0 + 1xUSD3.0 + 3.5 mm + 4 ARGB Fans Puerto para Ventilador 1 x 12 cm trasero (incluido con ARGB) 3 x 12 cm tapa superior 3 x 12 cm placa base de la tarjeta madre (incluido con ARGB) 3 x 12 cm tapa inferior, Espacios PCI,  NEGRO 7 espacios de expansión","Gabinete Gamer Xzeal X-Tron Mid Tower ATX XZGAXT1B Panel Der. Vidrio + Metal 2xUSB1.0 + 1xUSD3.0 + 3.5 mm + 4 ARGB Fans Puerto para Ventilador 1 x 12 cm trasero (incluido con ARGB) 3 x 12 cm tapa superior 3 x 12 cm placa base de la tarjeta madre (incluido con ARGB) 3 x 12 cm tapa inferior, Espacios PCI,  NEGRO 7 espacios de expansión. Clave Oficial CT: GABSTY380. Marca: CT.",COMPONENTES DE ENSAMBLE,tarjetas_madre,CT,1062.22,20713.33,33141.33,33141.33,27963.0,27963.0,25891.67,24856.0,https://static.ctonline.mx/imagenes/GABSTY380/GABSTY380_400.jpg,assets/img/catalog/GABSTY380.jpg
GABSTY390,"Gabinete Gamer X-Tron Mid Tower Xzeal ATX XZGAXT1W Panel Der. Vidrio + Metal 2xUSB1.0 + 1xUSD3.0 + 3.5 mm + 4 ARGB Fans, Puerto para Ventilador 1 x 12 cm trasero (incluido con ARGB) 3 x 12 cm tapa superior 3 x 12 cm placa base de la tarjeta madre (incluido con ARGB) 3 x 12 cm tapa inferior, Espacios PCI, BLANCO","Gabinete Gamer X-Tron Mid Tower Xzeal ATX XZGAXT1W Panel Der. Vidrio + Metal 2xUSB1.0 + 1xUSD3.0 + 3.5 mm + 4 ARGB Fans, Puerto para Ventilador 1 x 12 cm trasero (incluido con ARGB) 3 x 12 cm tapa superior 3 x 12 cm placa base de la tarjeta madre (incluido con ARGB) 3 x 12 cm tapa inferior, Espacios PCI, BLANCO. Clave Oficial CT: GABSTY390. Marca: CT.",COMPONENTES DE ENSAMBLE,tarjetas_madre,CT,1097.22,21395.83,34233.33,34233.33,28884.38,28884.38,26744.79,25675.0,https://static.ctonline.mx/imagenes/GABSTY390/GABSTY390_400.jpg,assets/img/catalog/GABSTY390.jpg
GABSTY300,"Gabinete Gamer Micro ATX/Mini ITX IR02 XZGAIRRGBW Blanco. Puerto para tarjeta madre Micro ATX / Mini ITX. Espacio para ventiladores: 2x120 mm frontal, 2x120 mm parte superior, 2x120 mm trasero. USB Port 2x3.0 - 2x3.5mm para audio y micrófono. Espacio para disco duro: 2x3.5 HDD - 2x2.5 SDD.  4 espacios PCI. Incluye 4 ventiladores ARGB + 1 control remoto + 1 hub ARGB + 3 piezas ARGB para ensamblar","Gabinete Gamer Micro ATX/Mini ITX IR02 XZGAIRRGBW Blanco. Puerto para tarjeta madre Micro ATX / Mini ITX. Espacio para ventiladores: 2x120 mm frontal, 2x120 mm parte superior, 2x120 mm trasero. USB Port 2x3.0 - 2x3.5mm para audio y micrófono. Espacio para disco duro: 2x3.5 HDD - 2x2.5 SDD.  4 espacios PCI. Incluye 4 ventiladores ARGB + 1 control remoto + 1 hub ARGB + 3 piezas ARGB para ensamblar. Clave Oficial CT: GABSTY300. Marca: CT.",COMPONENTES DE ENSAMBLE,tarjetas_madre,CT,1430.22,27889.33,44622.93,44622.93,37650.6,37650.6,34861.67,33467.2,https://static.ctonline.mx/imagenes/GABSTY300/GABSTY300_400.jpg,assets/img/catalog/GABSTY300.jpg
GABSTY240,"Gabinete Gamer Micro ATX/Mini ITX IR02 XZGAIRRGBB. Puerto para tarjeta madre Micro ATX / Mini ITX. Espacio para ventiladores: 2x120 mm frontal, 2x120 mm parte superior, 2x120 mm trasero. USB Port 2x3.0 - 2x3.5mm para audio y micrófono. Espacio para disco duro: 2x3.5 HDD - 2x2.5 SDD.  4 espacios PCI. Incluye 4 ventiladores ARGB + 1 control remoto + 1 hub ARGB + 3 piezas ARGB para ensamblar","Gabinete Gamer Micro ATX/Mini ITX IR02 XZGAIRRGBB. Puerto para tarjeta madre Micro ATX / Mini ITX. Espacio para ventiladores: 2x120 mm frontal, 2x120 mm parte superior, 2x120 mm trasero. USB Port 2x3.0 - 2x3.5mm para audio y micrófono. Espacio para disco duro: 2x3.5 HDD - 2x2.5 SDD.  4 espacios PCI. Incluye 4 ventiladores ARGB + 1 control remoto + 1 hub ARGB + 3 piezas ARGB para ensamblar. Clave Oficial CT: GABSTY240. Marca: CT.",COMPONENTES DE ENSAMBLE,tarjetas_madre,CT,1430.22,27889.33,44622.93,44622.93,37650.6,37650.6,34861.67,33467.2,https://static.ctonline.mx/imagenes/GABSTY240/GABSTY240_400.jpg,assets/img/catalog/GABSTY240.jpg
GABSTY270,"Fuente de poder XZ650M ATX 650W NEGRO. XZPS650M1B. Fuente de poder Xzeal XZ650, Conector para tarjeta madre ATX (20+4P), Conector tipo SATA (5xSATA), Conector tipo IDE (3xIDE), Conector tipo PCI-E (3xPCI-E (6+2P)), Conector para tarjeta madre (2xATX 12V2 (4+4P), Potencia real de 650W, Control inteligente de ventilador, Protección contra un cortocircuito, sobrecorriente o sobretensión, PFC Activo, MODULAR, Certificado 80 PLUS BRONZE","Fuente de poder XZ650M ATX 650W NEGRO. XZPS650M1B. Fuente de poder Xzeal XZ650, Conector para tarjeta madre ATX (20+4P), Conector tipo SATA (5xSATA), Conector tipo IDE (3xIDE), Conector tipo PCI-E (3xPCI-E (6+2P)), Conector para tarjeta madre (2xATX 12V2 (4+4P), Potencia real de 650W, Control inteligente de ventilador, Protección contra un cortocircuito, sobrecorriente o sobretensión, PFC Activo, MODULAR, Certificado 80 PLUS BRONZE. Clave Oficial CT: GABSTY270. Marca: CT.",COMPONENTES DE ENSAMBLE,tarjetas_madre,CT,788.97,15384.85,24615.76,24615.76,20769.55,20769.55,19231.06,18461.82,https://static.ctonline.mx/imagenes/GABSTY270/GABSTY270_400.jpg,assets/img/catalog/GABSTY270.jpg
GABSTY290,"Fuente de poder XZ850M ATX 850W NEGRO. XZPS850MB. Fuente de poder Xzeal XZ850, Conector para tarjeta madre ATX (20+4P), Conector tipo SATA (6xSATA), Conector tipo IDE (4xIDE), Conector tipo PCI-E (3xPCI-E (6+2P)), Conector para tarjeta madre (2xATX 12V2 (4+4P), Potencia real de 850W, Control inteligente de ventilador, Protección contra un cortocircuito, sobrecorriente o sobretensión, PFC Activo, Certificado 80 PLUS GOLD","Fuente de poder XZ850M ATX 850W NEGRO. XZPS850MB. Fuente de poder Xzeal XZ850, Conector para tarjeta madre ATX (20+4P), Conector tipo SATA (6xSATA), Conector tipo IDE (4xIDE), Conector tipo PCI-E (3xPCI-E (6+2P)), Conector para tarjeta madre (2xATX 12V2 (4+4P), Potencia real de 850W, Control inteligente de ventilador, Protección contra un cortocircuito, sobrecorriente o sobretensión, PFC Activo, Certificado 80 PLUS GOLD. Clave Oficial CT: GABSTY290. Marca: CT.",COMPONENTES DE ENSAMBLE,tarjetas_madre,CT,1029.44,20074.17,32118.67,32118.67,27100.12,27100.12,25092.71,24089.0,https://static.ctonline.mx/imagenes/GABSTY290/GABSTY290_400.jpg,assets/img/catalog/GABSTY290.jpg
GABYEY250,"Gabinete Gamer YEYIAN Hussar YCM-ATXAW-01, tarjeta madre micro-ATX, DTX, mini ITX, mini torre, color negro, panel frontal metálico, panel lateral derecho cristal templado ahumado, panel lateral izquierdo cristal templado, tamaño de tarjeta gráfica longitud máxima 350mm, factor de forma micro ATX, 1 ventilador de 120mm en la parte trasera, puertos frontales 1x USB 3.2 Gen 1 (USB 3.0) Tipo-A, 1x USB 3.2 Gen 1 (USB 3.0) Tipo-C, 1x Combo Audio (2 en 1), botón de encendido, filtros de polvo.","Gabinete Gamer YEYIAN Hussar YCM-ATXAW-01, tarjeta madre micro-ATX, DTX, mini ITX, mini torre, color negro, panel frontal metálico, panel lateral derecho cristal templado ahumado, panel lateral izquierdo cristal templado, tamaño de tarjeta gráfica longitud máxima 350mm, factor de forma micro ATX, 1 ventilador de 120mm en la parte trasera, puertos frontales 1x USB 3.2 Gen 1 (USB 3.0) Tipo-A, 1x USB 3.2 Gen 1 (USB 3.0) Tipo-C, 1x Combo Audio (2 en 1), botón de encendido, filtros de polvo.. Clave Oficial CT: GABYEY250. Marca: CT.",COMPONENTES DE ENSAMBLE,tarjetas_madre,CT,53.89,1050.83,1681.33,1681.33,1418.62,1418.62,1313.54,1261.0,https://static.ctonline.mx/imagenes/GABYEY250/GABYEY250_400.jpg,assets/img/catalog/GABYEY250.jpg
GABYEY280,"YEYIAN Gabinete YCH-LAR7-01BK • Tarjeta madre: Micro ATX, ATX, Mini ITX. Panel lateral de cristal templado, panel frontal con luz RGB, Ventiladores: 2 en cubierta inferior de la fuente de alimentación de 120mm y 1 en panel trasero de 120mm.,Controlador ARGB para tarjeta madre y control remoto. Longitud TARJETA GPU 325mm.,Admite tarjeta gráfica de 3 ranuras, en panel frontal de 120mm, 2 en cubierta de fuente de alimentación de 120mm y 1 en panel trasero de 120mm. Dimensiones 360 x 183 x 417mm PESO 4.5Kg Manual, Garantía, control remoto.","YEYIAN Gabinete YCH-LAR7-01BK • Tarjeta madre: Micro ATX, ATX, Mini ITX. Panel lateral de cristal templado, panel frontal con luz RGB, Ventiladores: 2 en cubierta inferior de la fuente de alimentación de 120mm y 1 en panel trasero de 120mm.,Controlador ARGB para tarjeta madre y control remoto. Longitud TARJETA GPU 325mm.,Admite tarjeta gráfica de 3 ranuras, en panel frontal de 120mm, 2 en cubierta de fuente de alimentación de 120mm y 1 en panel trasero de 120mm. Dimensiones 360 x 183 x 417mm PESO 4.5Kg Manual, Garantía, control remoto.. Clave Oficial CT: GABYEY280. Marca: CT.",COMPONENTES DE ENSAMBLE,tarjetas_madre,CT,51.93,1012.7,1620.32,1620.32,1367.15,1367.15,1265.88,1215.24,https://static.ctonline.mx/imagenes/GABYEY280/GABYEY280_400.jpg,assets/img/catalog/GABYEY280.jpg
GABQIA010,"Gabinete gaming YEYIAN YCH-ATAB-01BK, tarjeta madre micro ATX, ATX, panel lateral de cristal templado, número de ventiladores, panel frontal 3 de 120mm ó 2 de 140mm, panel superior 2 de 120mm, panel trasero 1 de 120mm, compatibilidad fuente de alimentación ATX, puertos frontales HD Audio, USB 3.0 * 3, enfriamiento líquido compatible con enfriamientos de 280mm y 360mm al frente.","Gabinete gaming YEYIAN YCH-ATAB-01BK, tarjeta madre micro ATX, ATX, panel lateral de cristal templado, número de ventiladores, panel frontal 3 de 120mm ó 2 de 140mm, panel superior 2 de 120mm, panel trasero 1 de 120mm, compatibilidad fuente de alimentación ATX, puertos frontales HD Audio, USB 3.0 * 3, enfriamiento líquido compatible con enfriamientos de 280mm y 360mm al frente.. Clave Oficial CT: GABQIA010. Marca: CT.",COMPONENTES DE ENSAMBLE,tarjetas_madre,CT,58.5,1140.75,1825.2,1825.2,1540.01,1540.01,1425.94,1368.9,https://static.ctonline.mx/imagenes/GABQIA010/GABQIA010_400.jpg,assets/img/catalog/GABQIA010.jpg
GABTMK2720,"Gabinete THERMALTAKE CA-1Y3-00M6WN-00, CTE E600 MX Snow Mid Tower, se pueden instalar hasta catorce ventiladores de 120 mm o doce ventiladores de 140 mm, panel de vidrio templado de 4 mm preinstalado en el lado izquierdo, cable elevador PCI-e 4.0 de 400 mm incluido, cuenta con filtros extraíbles en la parte superior, delantera, inferior, trasera y en el lado derecho para brindar una excelente protección contra el polvo, y son fácilmente extraíbles para su limpieza, tarjeta madre compatibles Mini ITX, Micro ATX, ATX, E-ATX.","Gabinete THERMALTAKE CA-1Y3-00M6WN-00, CTE E600 MX Snow Mid Tower, se pueden instalar hasta catorce ventiladores de 120 mm o doce ventiladores de 140 mm, panel de vidrio templado de 4 mm preinstalado en el lado izquierdo, cable elevador PCI-e 4.0 de 400 mm incluido, cuenta con filtros extraíbles en la parte superior, delantera, inferior, trasera y en el lado derecho para brindar una excelente protección contra el polvo, y son fácilmente extraíbles para su limpieza, tarjeta madre compatibles Mini ITX, Micro ATX, ATX, E-ATX.. Clave Oficial CT: GABTMK2720. Marca: CT.",COMPONENTES DE ENSAMBLE,tarjetas_madre,CT,179.41,3498.53,5597.65,5597.65,4723.01,4723.01,4373.16,4198.24,https://static.ctonline.mx/imagenes/GABTMK2720/GABTMK2720_400.jpg,assets/img/catalog/GABTMK2720.jpg
WKSLEV230,"ThinkPad P1 Gen8, 21Q9S00700. Intel Core Ultra 9 285H (16C / 16T / 5.4GHz, 24MB ), 64GB LPCAMM2 LPDDR5x-7467, 2TB SSD M.2 2280 PCIe 5.0x4 Rendimiento NVMe Opal 2.0,NVIDIA RTX PRO 2000 Blackwell Generación 8GB GPU GDDR7 para portátil, Windows 11 Pro, Spanish,  , garantía 3 años en sitio.","ThinkPad P1 Gen8, 21Q9S00700. Intel Core Ultra 9 285H (16C / 16T / 5.4GHz, 24MB ), 64GB LPCAMM2 LPDDR5x-7467, 2TB SSD M.2 2280 PCIe 5.0x4 Rendimiento NVMe Opal 2.0,NVIDIA RTX PRO 2000 Blackwell Generación 8GB GPU GDDR7 para portátil, Windows 11 Pro, Spanish,  , garantía 3 años en sitio.. Clave Oficial CT: WKSLEV230. Marca: CT.",EQUIPOS DE MARCA,tarjetas_madre,CT,89252.63,1740426.32,2784682.11,2784682.11,2349575.53,2349575.53,2175532.89,2088511.58,https://static.ctonline.mx/imagenes/WKSLEV230/WKSLEV230_400.jpg,assets/img/catalog/WKSLEV230.jpg
WKSLEV240,"ThinkPad P1 Gen8, 21Q9S00800. Intel Core Ultra 7 255H (16C / 16T / 5.1GHz, 24MB ), 32GB LPCAMM2 LPDDR5x-7467, SSD de 1TB M.2 2280 PCIe 5.0x4 Rendimiento NVMe Opal 2.0, NVIDIA RTX PRO 1000 Blackwell Generación 8GB GPU GDDR7 para portátil, Windows 11 Pro, Spanish,  , garantía 3 años en sitio.","ThinkPad P1 Gen8, 21Q9S00800. Intel Core Ultra 7 255H (16C / 16T / 5.1GHz, 24MB ), 32GB LPCAMM2 LPDDR5x-7467, SSD de 1TB M.2 2280 PCIe 5.0x4 Rendimiento NVMe Opal 2.0, NVIDIA RTX PRO 1000 Blackwell Generación 8GB GPU GDDR7 para portátil, Windows 11 Pro, Spanish,  , garantía 3 años en sitio.. Clave Oficial CT: WKSLEV240. Marca: CT.",EQUIPOS DE MARCA,tarjetas_madre,CT,68831.58,1342215.79,2147545.26,2147545.26,1811991.32,1811991.32,1677769.74,1610658.95,https://static.ctonline.mx/imagenes/WKSLEV240/WKSLEV240_400.jpg,assets/img/catalog/WKSLEV240.jpg
AIOLEN1820,"Lenovo ThinkCentre neo 50a 24 Gen 5, 12SD00AMLS, Tamaño 23.8""  FHD (1920x1080) IPS Anti-glare 250nits, 99% sRGB, Intel Core 5 210H, 8C (4P + 4E) / 12T, P-core 2.2 / 4.8GHz, E-core 1.6 / 3.6GHz, 12MB Intel Smart Cache, Memoria RAM 1x 16GB SODIMM DDR5-5200, Almacenamiento 512GB SSD M.2 2280 PCIe 4.0x4 NVMe, luna gris, Teclado y Mouse USB español(LA) Garantía 1 año en sitio, Sistema operativo Windows® 11 pro.","Lenovo ThinkCentre neo 50a 24 Gen 5, 12SD00AMLS, Tamaño 23.8""  FHD (1920x1080) IPS Anti-glare 250nits, 99% sRGB, Intel Core 5 210H, 8C (4P + 4E) / 12T, P-core 2.2 / 4.8GHz, E-core 1.6 / 3.6GHz, 12MB Intel Smart Cache, Memoria RAM 1x 16GB SODIMM DDR5-5200, Almacenamiento 512GB SSD M.2 2280 PCIe 4.0x4 NVMe, luna gris, Teclado y Mouse USB español(LA) Garantía 1 año en sitio, Sistema operativo Windows® 11 pro.. Clave Oficial CT: AIOLEN1820. Marca: LENOVO.",EQUIPOS DE MARCA,tarjetas_madre,LENOVO,17591.0,343024.5,548839.2,548839.2,463083.08,463083.08,428780.62,411629.4,https://static.ctonline.mx/imagenes/AIOLEN1820/AIOLEN1820_400.jpg,assets/img/catalog/AIOLEN1820.jpg
AIOLEN1860,"Lenovo ThinkCentre neo 50a 27 Gen 5, 12SB0075LS, Tamaño 27"" FHD (1920x1080) IPS Anti-glare 300nits, 99% sRGB, Intel Core™ 5 210H, 8C (4P + 4E) / 12T, P-core 2.2 / 4.8GHz, E-core 1.6 / 3.6GHz, 12MB Intel® Smart Cache, Memoria RAM 1x 16GB SODIMM DDR5-5200, Almacenamiento 512GB SSD M.2 2280 PCIe 4.0x4 NVMe, luna gris, Teclado y Mouse USB español(LA) Garantía 1 año en sitio, Sistema operativo Windows 11 pro.","Lenovo ThinkCentre neo 50a 27 Gen 5, 12SB0075LS, Tamaño 27"" FHD (1920x1080) IPS Anti-glare 300nits, 99% sRGB, Intel Core™ 5 210H, 8C (4P + 4E) / 12T, P-core 2.2 / 4.8GHz, E-core 1.6 / 3.6GHz, 12MB Intel® Smart Cache, Memoria RAM 1x 16GB SODIMM DDR5-5200, Almacenamiento 512GB SSD M.2 2280 PCIe 4.0x4 NVMe, luna gris, Teclado y Mouse USB español(LA) Garantía 1 año en sitio, Sistema operativo Windows 11 pro.. Clave Oficial CT: AIOLEN1860. Marca: LENOVO.",EQUIPOS DE MARCA,tarjetas_madre,LENOVO,18491.58,360585.79,576937.26,576937.26,486790.82,486790.82,450732.24,432702.95,https://static.ctonline.mx/imagenes/AIOLEN1860/AIOLEN1860_400.jpg,assets/img/catalog/AIOLEN1860.jpg
COMLEV7110,"Lenovo TP E14 G7 ULT5, 21U3000LLM. Intel Core Ultra 5 226V, 8C (4P + 4LPE) / 8T, Max Turbo hasta 4,5GHz, 8MB Intel Smart Cache, 16GB soldado LPDDR5X-8533, memoria MoP, 512GB SSD M.2 2242 PCIe 4.0x4 NVMe Opal 2.0 Intel Arc Graphics Integrada 130V, Windows 11 Pro, Español, garantía 1 año en sitio.","Lenovo TP E14 G7 ULT5, 21U3000LLM. Intel Core Ultra 5 226V, 8C (4P + 4LPE) / 8T, Max Turbo hasta 4,5GHz, 8MB Intel Smart Cache, 16GB soldado LPDDR5X-8533, memoria MoP, 512GB SSD M.2 2242 PCIe 4.0x4 NVMe Opal 2.0 Intel Arc Graphics Integrada 130V, Windows 11 Pro, Español, garantía 1 año en sitio.. Clave Oficial CT: COMLEV7110. Marca: LENOVO.",EQUIPOS DE MARCA,tarjetas_madre,LENOVO,19989.47,389794.74,623671.58,623671.58,526222.89,526222.89,487243.42,467753.68,https://static.ctonline.mx/imagenes/COMLEV7110/COMLEV7110_400.jpg,assets/img/catalog/COMLEV7110.jpg
COMLEV7130,"Lenovo TB 14 G8 C5, 21SG009MLM. Intel Core 5 210H, 8C (4P + 4E) / 12T, P-core 2.2 / 4.8GHz, E-core 1.6 / 3.6GHz, 12MB Intel Smart Cache, 1x 16GB SODIMM DDR5-5600, SSD M.2 2242 PCIe 4.0x4 512GB NVMe Gráficos Intel Integrados, Windows 11 Pro, Español, garantía 1 año en sitio.","Lenovo TB 14 G8 C5, 21SG009MLM. Intel Core 5 210H, 8C (4P + 4E) / 12T, P-core 2.2 / 4.8GHz, E-core 1.6 / 3.6GHz, 12MB Intel Smart Cache, 1x 16GB SODIMM DDR5-5600, SSD M.2 2242 PCIe 4.0x4 512GB NVMe Gráficos Intel Integrados, Windows 11 Pro, Español, garantía 1 año en sitio.. Clave Oficial CT: COMLEV7130. Marca: LENOVO.",EQUIPOS DE MARCA,tarjetas_madre,LENOVO,978.95,19089.47,30543.16,30543.16,25770.79,25770.79,23861.84,22907.37,https://static.ctonline.mx/imagenes/COMLEV7130/COMLEV7130_400.jpg,assets/img/catalog/COMLEV7130.jpg
COMLEV7050,"Lenovo TP X9-15 G1 U7, 21Q7S01400. Intel Core Ultra 7 268V, 8C (4P + 4LPE) / 8T, Max Turbo up to 5.0GHz, 12MB Intel Smart Cache, 32GB Soldered LPDDR5X-8533, MoP Memory, 1TB SSD M.2 2242 PCIe 4.0x4 NVMe Opal 2.0 Integrated Intel Arc Graphics 140V, Windows 11 Pro, Español, garantía 1 año en sitio.","Lenovo TP X9-15 G1 U7, 21Q7S01400. Intel Core Ultra 7 268V, 8C (4P + 4LPE) / 8T, Max Turbo up to 5.0GHz, 12MB Intel Smart Cache, 32GB Soldered LPDDR5X-8533, MoP Memory, 1TB SSD M.2 2242 PCIe 4.0x4 NVMe Opal 2.0 Integrated Intel Arc Graphics 140V, Windows 11 Pro, Español, garantía 1 año en sitio.. Clave Oficial CT: COMLEV7050. Marca: LENOVO.",EQUIPOS DE MARCA,tarjetas_madre,LENOVO,1684.21,32842.11,52547.37,52547.37,44336.84,44336.84,41052.63,39410.53,https://static.ctonline.mx/imagenes/COMLEV7050/COMLEV7050_400.jpg,assets/img/catalog/COMLEV7050.jpg
COMLEV7060,"Lenovo TP P14s G6 U7, 21QUS05X00 . Intel Core Ultra 7 255H, 16C (6P + 8E + 2LPE) / 16T, Max Turbo up to 5.1GHz, 24MB Intel Smart Cache, 1x 16GB SODIMM DDR5-5600 Non-ECC, 512GB SSD M.2 2280 PCIe 4.0x4 NVMe Opal 2.0 NVIDIA RTX PRO 500 Blackwell Generation 6GB GDDR7 Laptop GPU, Windows 11 Pro, Español, garantía 1 año en sitio.","Lenovo TP P14s G6 U7, 21QUS05X00 . Intel Core Ultra 7 255H, 16C (6P + 8E + 2LPE) / 16T, Max Turbo up to 5.1GHz, 24MB Intel Smart Cache, 1x 16GB SODIMM DDR5-5600 Non-ECC, 512GB SSD M.2 2280 PCIe 4.0x4 NVMe Opal 2.0 NVIDIA RTX PRO 500 Blackwell Generation 6GB GDDR7 Laptop GPU, Windows 11 Pro, Español, garantía 1 año en sitio.. Clave Oficial CT: COMLEV7060. Marca: LENOVO.",EQUIPOS DE MARCA,tarjetas_madre,LENOVO,1610.53,31405.26,50248.42,50248.42,42397.11,42397.11,39256.58,37686.32,https://static.ctonline.mx/imagenes/COMLEV7060/COMLEV7060_400.jpg,assets/img/catalog/COMLEV7060.jpg
COMLEV6140,"Lenovo TP X9-15 G1 U7, 21Q7S01500. Intel Core Ultra 7 255U, 12C (2P + 8E + 2LPE) / 14T, Max Turbo up to 5.2GHz, 12MB Intel Smart Cache, 32GB Soldered LPDDR5X-8533, MoP Memory, 1TB SSD M.2 2242 PCIe 4.0x4 NVMe Opal 2.0 Integrated Intel Arc Graphics 140V, Windows 11 Pro, Español, garantía 1 año en sitio.","Lenovo TP X9-15 G1 U7, 21Q7S01500. Intel Core Ultra 7 255U, 12C (2P + 8E + 2LPE) / 14T, Max Turbo up to 5.2GHz, 12MB Intel Smart Cache, 32GB Soldered LPDDR5X-8533, MoP Memory, 1TB SSD M.2 2242 PCIe 4.0x4 NVMe Opal 2.0 Integrated Intel Arc Graphics 140V, Windows 11 Pro, Español, garantía 1 año en sitio.. Clave Oficial CT: COMLEV6140. Marca: LENOVO.",EQUIPOS DE MARCA,tarjetas_madre,LENOVO,41357.89,806478.95,1290366.32,1290366.32,1088746.58,1088746.58,1008098.68,967774.74,https://static.ctonline.mx/imagenes/COMLEV6140/COMLEV6140_400.jpg,assets/img/catalog/COMLEV6140.jpg
COMLEV6760,"Lenovo TP T16 G4 U7, 21QF001CLM. Intel Core Ultra 7 255U, 12C (2P + 8E + 2LPE) / 14T, Max Turbo up to 5.2GHz, 12MB Intel Smart Cache, 1x 32GB SODIMM DDR5-5600, 1TB SSD M.2 2280 PCIe 4.0x4 NVMe Opal 2.0 Integrated Intel Graphics, Windows 11 Pro, Español, garantía 1 año en sitio.","Lenovo TP T16 G4 U7, 21QF001CLM. Intel Core Ultra 7 255U, 12C (2P + 8E + 2LPE) / 14T, Max Turbo up to 5.2GHz, 12MB Intel Smart Cache, 1x 32GB SODIMM DDR5-5600, 1TB SSD M.2 2280 PCIe 4.0x4 NVMe Opal 2.0 Integrated Intel Graphics, Windows 11 Pro, Español, garantía 1 año en sitio.. Clave Oficial CT: COMLEV6760. Marca: LENOVO.",EQUIPOS DE MARCA,tarjetas_madre,LENOVO,32410.53,632005.26,1011208.42,1011208.42,853207.11,853207.11,790006.58,758406.32,https://static.ctonline.mx/imagenes/COMLEV6760/COMLEV6760_400.jpg,assets/img/catalog/COMLEV6760.jpg
COMLEV6700,"Lenovo TP E16 G3 U7, 21SS0011LM. Intel Core Ultra 7 255H, 16C (6P + 8E + 2LPE) / 16T, Max Turbo hasta 5,1GHz, 24MB Intel Smart Cache, 1x 16GB SODIMM DDR5-5600, 512GB SSD M.2 2242 PCIe 4.0x4 NVMe Opal 2.0 La GPU integrada Intel Arc 140T funciona como Intel Graphics, Windows 11 Pro, Español, garantía 1 año en sitio.","Lenovo TP E16 G3 U7, 21SS0011LM. Intel Core Ultra 7 255H, 16C (6P + 8E + 2LPE) / 16T, Max Turbo hasta 5,1GHz, 24MB Intel Smart Cache, 1x 16GB SODIMM DDR5-5600, 512GB SSD M.2 2242 PCIe 4.0x4 NVMe Opal 2.0 La GPU integrada Intel Arc 140T funciona como Intel Graphics, Windows 11 Pro, Español, garantía 1 año en sitio.. Clave Oficial CT: COMLEV6700. Marca: LENOVO.",EQUIPOS DE MARCA,tarjetas_madre,LENOVO,24515.79,478057.89,764892.63,764892.63,645378.16,645378.16,597572.37,573669.47,https://static.ctonline.mx/imagenes/COMLEV6700/COMLEV6700_400.jpg,assets/img/catalog/COMLEV6700.jpg
COMLEV7120,"Lenovo TP14 G6 ULT7, 21QH000JLM. Intel Core Ultra 7 258V, 8C (4P + 4LPE) / 8T, Max Turbo hasta 4,8GHz, 12MB de Intel Smart Cache, 32GB soldado LPDDR5X-8533, memoria MoP, SSD de 1TB M.2 2280 PCIe 5.0x4 Rendimiento NVMe Opal 2.0 Intel Arc Graphics Integrado 140V, Windows 11 Pro, Español, garantía 1 año en sitio.","Lenovo TP14 G6 ULT7, 21QH000JLM. Intel Core Ultra 7 258V, 8C (4P + 4LPE) / 8T, Max Turbo hasta 4,8GHz, 12MB de Intel Smart Cache, 32GB soldado LPDDR5X-8533, memoria MoP, SSD de 1TB M.2 2280 PCIe 5.0x4 Rendimiento NVMe Opal 2.0 Intel Arc Graphics Integrado 140V, Windows 11 Pro, Español, garantía 1 año en sitio.. Clave Oficial CT: COMLEV7120. Marca: LENOVO.",EQUIPOS DE MARCA,tarjetas_madre,LENOVO,33884.21,660742.11,1057187.37,1057187.37,892001.84,892001.84,825927.63,792890.53,https://static.ctonline.mx/imagenes/COMLEV7120/COMLEV7120_400.jpg,assets/img/catalog/COMLEV7120.jpg
COMLEV6790,"ThinkPad E14 G7, 21TA000FLM. Intel Core 5 210H, 8 núcleos (4P + 4E) / 12 hilos, núcleo P de 2,2 / 4,8 GHz, núcleo E de 1,6 / 3,6 GHz, 12 MB de caché inteligente Intel, 1x 16GB SODIMM DDR5-5600, SSD M.2 2242 PCIe 4.0x4 NVMe Opal 2.0 de 512 GB, Gráficos integrados Intel, Windows 11 Pro, Español / Español mexicano / Inglés, Color de la caja: negro, garantía 1 año fabricante.","ThinkPad E14 G7, 21TA000FLM. Intel Core 5 210H, 8 núcleos (4P + 4E) / 12 hilos, núcleo P de 2,2 / 4,8 GHz, núcleo E de 1,6 / 3,6 GHz, 12 MB de caché inteligente Intel, 1x 16GB SODIMM DDR5-5600, SSD M.2 2242 PCIe 4.0x4 NVMe Opal 2.0 de 512 GB, Gráficos integrados Intel, Windows 11 Pro, Español / Español mexicano / Inglés, Color de la caja: negro, garantía 1 año fabricante.. Clave Oficial CT: COMLEV6790. Marca: CT.",EQUIPOS DE MARCA,tarjetas_madre,CT,1154.64,22515.52,36024.83,36024.83,30395.95,30395.95,28144.4,27018.63,https://static.ctonline.mx/imagenes/COMLEV6790/COMLEV6790_400.jpg,assets/img/catalog/COMLEV6790.jpg
COMLEV6680,"ThinkPad E16 G3, 21SS0010LM. Intel Core Ultra 5 225U, 12 núcleos (2P + 8E + 2LPE) / 14 hilos, Turbo máximo de hasta 4,8 GHz, 12 MB de caché inteligente Intel, 1x 16GB SODIMM DDR5-5600, SSD M.2 2242 PCIe 4.0x4 NVMe Opal 2.0 de 512 GB, Gráficos integrados Intel, Windows 11 Pro, Español / Español mexicano / Inglés, Color de la caja: negro, garantía 1 año fabricante.","ThinkPad E16 G3, 21SS0010LM. Intel Core Ultra 5 225U, 12 núcleos (2P + 8E + 2LPE) / 14 hilos, Turbo máximo de hasta 4,8 GHz, 12 MB de caché inteligente Intel, 1x 16GB SODIMM DDR5-5600, SSD M.2 2242 PCIe 4.0x4 NVMe Opal 2.0 de 512 GB, Gráficos integrados Intel, Windows 11 Pro, Español / Español mexicano / Inglés, Color de la caja: negro, garantía 1 año fabricante.. Clave Oficial CT: COMLEV6680. Marca: CT.",EQUIPOS DE MARCA,tarjetas_madre,CT,19294.74,376247.37,601995.79,601995.79,507933.95,507933.95,470309.21,451496.84,https://static.ctonline.mx/imagenes/COMLEV6680/COMLEV6680_400.jpg,assets/img/catalog/COMLEV6680.jpg
COMLEV7140,"Lenovo TP L14 G6 U5, 21S7001DLM. Intel Core Ultra 5 225U, 12C (2P + 8E + 2LPE) / 14T, Max Turbo hasta 4,8GHz, 12MB Intel Smart Cache, 1x 16GB SODIMM DDR5-5600, SSD M.2 2280 PCIe 4.0x4 512GB NVMe Opal 2.0 Gráficos Intel Integrados, Windows 11 Pro, Español, garantía 1 año en sitio.","Lenovo TP L14 G6 U5, 21S7001DLM. Intel Core Ultra 5 225U, 12C (2P + 8E + 2LPE) / 14T, Max Turbo hasta 4,8GHz, 12MB Intel Smart Cache, 1x 16GB SODIMM DDR5-5600, SSD M.2 2280 PCIe 4.0x4 512GB NVMe Opal 2.0 Gráficos Intel Integrados, Windows 11 Pro, Español, garantía 1 año en sitio.. Clave Oficial CT: COMLEV7140. Marca: LENOVO.",EQUIPOS DE MARCA,tarjetas_madre,LENOVO,26515.79,517057.89,827292.63,827292.63,698028.16,698028.16,646322.37,620469.47,https://static.ctonline.mx/imagenes/COMLEV7140/COMLEV7140_400.jpg,assets/img/catalog/COMLEV7140.jpg
COMLEV6710,"ThinkPad L16 G2, 21SB0010LM. Intel Core Ultra 7 255U, 12 núcleos (2P + 8E + 2LPE) / 14 hilos, Turbo máximo de hasta 5,2 GHz, 12 MB de caché inteligente Intel, 1x 16GB SODIMM DDR5-5600, SSD M.2 2280 PCIe 4.0x4 NVMe Opal 2.0 de 512 GB, Gráficos integrados Intel, Windows 11 Pro, Español / Español mexicano / Inglés, Color de la caja: negro, garantía 1 año fabricante.","ThinkPad L16 G2, 21SB0010LM. Intel Core Ultra 7 255U, 12 núcleos (2P + 8E + 2LPE) / 14 hilos, Turbo máximo de hasta 5,2 GHz, 12 MB de caché inteligente Intel, 1x 16GB SODIMM DDR5-5600, SSD M.2 2280 PCIe 4.0x4 NVMe Opal 2.0 de 512 GB, Gráficos integrados Intel, Windows 11 Pro, Español / Español mexicano / Inglés, Color de la caja: negro, garantía 1 año fabricante.. Clave Oficial CT: COMLEV6710. Marca: CT.",EQUIPOS DE MARCA,tarjetas_madre,CT,27884.21,543742.11,869987.37,869987.37,734051.84,734051.84,679677.63,652490.53,https://static.ctonline.mx/imagenes/COMLEV6710/COMLEV6710_400.jpg,assets/img/catalog/COMLEV6710.jpg
COMACR9790,"Aspire Lite 14 AL14-32P-39TB, NX.D22AL.001, 14“ Relación de aspecto 16:10; Gama de color NTSC 45%; Amplio ángulo de visión 170°; Libre de Mercurio, amigable con el ambiente; Intel® CoreTM3 N355 (6 MB Smart Cache, 1.9 GHz con Intel® Turbo Boost Technology 2.0 hasta 3.9 GHz); 8 GB LPDDR5 hasta 4800 MT/s (soldados a la MotherBoard)  No expandible*; 512GB PCIeGen38Gb/shasta 2líneas,NVME No expandible* 1 año en centro de servicio, 1 año de garantía en centro de servicio + Garantia contra  robo por  un año","Aspire Lite 14 AL14-32P-39TB, NX.D22AL.001, 14“ Relación de aspecto 16:10; Gama de color NTSC 45%; Amplio ángulo de visión 170°; Libre de Mercurio, amigable con el ambiente; Intel® CoreTM3 N355 (6 MB Smart Cache, 1.9 GHz con Intel® Turbo Boost Technology 2.0 hasta 3.9 GHz); 8 GB LPDDR5 hasta 4800 MT/s (soldados a la MotherBoard)  No expandible*; 512GB PCIeGen38Gb/shasta 2líneas,NVME No expandible* 1 año en centro de servicio, 1 año de garantía en centro de servicio + Garantia contra  robo por  un año. Clave Oficial CT: COMACR9790. Marca: CT.",EQUIPOS DE MARCA,tarjetas_madre,CT,7280.03,141960.56,227136.89,227136.89,191646.75,191646.75,177450.7,170352.67,https://static.ctonline.mx/imagenes/COMACR9790/COMACR9790_400.jpg,assets/img/catalog/COMACR9790.jpg
COMACR9900,"Computadora portátil TravelMate Modelo TMP214-76-G2-51B9, NX.BLWAL.002, Intel® Core Ultra 5 125H (18 MB Smart Cache, 1.2 GHz en Performance-core con Tecnología Intel® Turbo Boost 3.0 hasta 4.8 GHz, Compatible con Intel® AI Boost), admite arquitectura híbrida de núcleos con Performance-core y Efficient-core, 2 puertos USB Tipo-C , con soporte para: USB 4® 40 Gbps, DisplayPort sobre USB-C, ThunderboltTM 4, carga USB 5 V; 3 A; Entrada de corriente DC-in 20 V; 65 W; 1 puerto Tipo A USB 3.2 Gen 1; 1 puerto Tipo A USB 3.2 Gen 1 incluye carga USB con el equipo apagado; Lector microSDTM; HDMI® 2.1 con soporte HDCP; Conector 3.5 mm para audífonos/micrófono, compatible con auriculares con micrófono integrado; Ethernet (RJ-45), 1 año en centro de servicio","Computadora portátil TravelMate Modelo TMP214-76-G2-51B9, NX.BLWAL.002, Intel® Core Ultra 5 125H (18 MB Smart Cache, 1.2 GHz en Performance-core con Tecnología Intel® Turbo Boost 3.0 hasta 4.8 GHz, Compatible con Intel® AI Boost), admite arquitectura híbrida de núcleos con Performance-core y Efficient-core, 2 puertos USB Tipo-C , con soporte para: USB 4® 40 Gbps, DisplayPort sobre USB-C, ThunderboltTM 4, carga USB 5 V; 3 A; Entrada de corriente DC-in 20 V; 65 W; 1 puerto Tipo A USB 3.2 Gen 1; 1 puerto Tipo A USB 3.2 Gen 1 incluye carga USB con el equipo apagado; Lector microSDTM; HDMI® 2.1 con soporte HDCP; Conector 3.5 mm para audífonos/micrófono, compatible con auriculares con micrófono integrado; Ethernet (RJ-45), 1 año en centro de servicio. Clave Oficial CT: COMACR9900. Marca: CT.",EQUIPOS DE MARCA,tarjetas_madre,CT,17998.95,350979.47,561567.16,561567.16,473822.29,473822.29,438724.34,421175.37,https://static.ctonline.mx/imagenes/COMACR9900/COMACR9900_400.jpg,assets/img/catalog/COMACR9900.jpg
COMACR9890,"Computadora portátil TravelMate Modelo TMP214-56-G2-56G4, NX.BN1AL.002, Intel® Core Ultra 5 225U (12 MB SmartCache, 1.5 GHz en Performance-core con Tecnología Intel® Turbo Boost 2.0 hasta 4.8 GHz, Compatible con Intel® AI Boost hasta 12 TOPS), arquitectura híbrida de núcleos con Performance-core y Efficient-core, 2 puertos USB Tipo-C , con soporte para: USB 4® 40 Gbps, DisplayPort sobre USB-C, ThunderboltTM 4, carga USB 5 V; 3 A; Entrada de corriente DC-in 20 V; 65 W; 1 puerto Tipo A USB 3.2 Gen 1; 1 puerto Tipo A USB 3.2 Gen 1 incluye carga USB con el equipo apagado; Lector microSDTM; HDMI® 2.1con soporte HDCP; Conector 3.5 mm para audífonos/micrófono, compatible con auriculares con micrófono integrado; Ethernet (RJ-45), 1 año en centro de servicio","Computadora portátil TravelMate Modelo TMP214-56-G2-56G4, NX.BN1AL.002, Intel® Core Ultra 5 225U (12 MB SmartCache, 1.5 GHz en Performance-core con Tecnología Intel® Turbo Boost 2.0 hasta 4.8 GHz, Compatible con Intel® AI Boost hasta 12 TOPS), arquitectura híbrida de núcleos con Performance-core y Efficient-core, 2 puertos USB Tipo-C , con soporte para: USB 4® 40 Gbps, DisplayPort sobre USB-C, ThunderboltTM 4, carga USB 5 V; 3 A; Entrada de corriente DC-in 20 V; 65 W; 1 puerto Tipo A USB 3.2 Gen 1; 1 puerto Tipo A USB 3.2 Gen 1 incluye carga USB con el equipo apagado; Lector microSDTM; HDMI® 2.1con soporte HDCP; Conector 3.5 mm para audífonos/micrófono, compatible con auriculares con micrófono integrado; Ethernet (RJ-45), 1 año en centro de servicio. Clave Oficial CT: COMACR9890. Marca: CT.",EQUIPOS DE MARCA,tarjetas_madre,CT,17354.05,338404.03,541446.44,541446.44,456845.44,456845.44,423005.03,406084.83,https://static.ctonline.mx/imagenes/COMACR9890/COMACR9890_400.jpg,assets/img/catalog/COMACR9890.jpg
COMASS9390,"Computadora Portatil  Gaming ASUS ROG STRIX G18 (2025) G815. Victoria, acelerada., Número de parte 90NR0LT1-M000R0 Modelo G815LR-S8018W Sistema operativo Windows 11 Home Intel® Core™ Ultra 9 Processor 275HX 2.7 GHz (36MB Cache, up to 5.4 GHz, 24 cores, 24 Threads); Intel® AI Boost NPU up to 13TOPS, 16GB DDR5-5600 SO-DIMM (Hasta 64gb), 1TB PCIe® 4.0 NVMe™ M.2 SSD, NVIDIA® GeForce RTX™ 5070 Ti Laptop GPU ROG Boost: 1565MHz* at 140W (1515MHz Boost Clock+50MHz OC, 115W+25W Dynamic Boost) 12GB GDDR7  Intel® AI Boost NPU up to 13TOPS; 18-inch, FHD+ 16:10 (1920 x 1200, WUXGA)  Wi-Fi 7(802.11be) (Triple band) 2*2 + Bluetooth® 5.4 Wireless Card, Ranuras de Expansion: 2x DDR5 SO-DIMM slots, 2x M.2 PCIe Puertos: 1x 3.5mm Combo Audio Jack, 1x HDMI 2.1 FRL, 3x USB 3.2 Gen 2 Type-A (data speed up to 10Gbps), 1x 2.5G LAN port, 2x Thunderbolt™ 5 with support for DisplayPort™ / power delivery / G-SYNC (data speed up to 120Gbps) Teclado chiclet retroiluminado por tecla RGB con tecla Copilot. Camara: 1080P FHD IR Camera for Windows Hello; Audio: Tecnología Smart Amp, Audio por Dolby Atmos, AI noise-canceling, technology, Hi-Res certification (for headphone), Micrófono incorporado, 2-speaker system with Smart Amplifier Technology; Durabilidad de grado militar estadounidense según norma MIL-STD 810H Aura Sync: Si; Iluminacion del dispositivo: Barra de iluminación Aura Sync;  Bateria: Ion-litio de 4 celdas, 90Wh, 4S1P  *Este equipo incluye 1 año de garantía estándar directo con fabricante. Consulte características y ficha técnica para validar que cubra sus necesidades antes de adquirir el producto. Precio y disponibilidad sujetos a cambios sin previo aviso.*","Computadora Portatil  Gaming ASUS ROG STRIX G18 (2025) G815. Victoria, acelerada., Número de parte 90NR0LT1-M000R0 Modelo G815LR-S8018W Sistema operativo Windows 11 Home Intel® Core™ Ultra 9 Processor 275HX 2.7 GHz (36MB Cache, up to 5.4 GHz, 24 cores, 24 Threads); Intel® AI Boost NPU up to 13TOPS, 16GB DDR5-5600 SO-DIMM (Hasta 64gb), 1TB PCIe® 4.0 NVMe™ M.2 SSD, NVIDIA® GeForce RTX™ 5070 Ti Laptop GPU ROG Boost: 1565MHz* at 140W (1515MHz Boost Clock+50MHz OC, 115W+25W Dynamic Boost) 12GB GDDR7  Intel® AI Boost NPU up to 13TOPS; 18-inch, FHD+ 16:10 (1920 x 1200, WUXGA)  Wi-Fi 7(802.11be) (Triple band) 2*2 + Bluetooth® 5.4 Wireless Card, Ranuras de Expansion: 2x DDR5 SO-DIMM slots, 2x M.2 PCIe Puertos: 1x 3.5mm Combo Audio Jack, 1x HDMI 2.1 FRL, 3x USB 3.2 Gen 2 Type-A (data speed up to 10Gbps), 1x 2.5G LAN port, 2x Thunderbolt™ 5 with support for DisplayPort™ / power delivery / G-SYNC (data speed up to 120Gbps) Teclado chiclet retroiluminado por tecla RGB con tecla Copilot. Camara: 1080P FHD IR Camera for Windows Hello; Audio: Tecnología Smart Amp, Audio por Dolby Atmos, AI noise-canceling, technology, Hi-Res certification (for headphone), Micrófono incorporado, 2-speaker system with Smart Amplifier Technology; Durabilidad de grado militar estadounidense según norma MIL-STD 810H Aura Sync: Si; Iluminacion del dispositivo: Barra de iluminación Aura Sync;  Bateria: Ion-litio de 4 celdas, 90Wh, 4S1P  *Este equipo incluye 1 año de garantía estándar directo con fabricante. Consulte características y ficha técnica para validar que cubra sus necesidades antes de adquirir el producto. Precio y disponibilidad sujetos a cambios sin previo aviso.*. Clave Oficial CT: COMASS9390. Marca: CT.",EQUIPOS DE MARCA,tarjetas_madre,CT,62000.0,1209000.0,1934400.0,1934400.0,1632150.0,1632150.0,1511250.0,1450800.0,https://static.ctonline.mx/imagenes/COMASS9390/COMASS9390_400.jpg,assets/img/catalog/COMASS9390.jpg
MTFHPI1325,"Impresora multifunción HP LaserJet Enterprise M528dn (1PV64A). Impresión, copia , escaneado. Velocidad de impresión: Hasta 45 ppm Negro; Ciclo de trabajo (mensual, A4): Hasta 150,000 páginas. Calidad de impresión en negro (óptima) Hasta 1200 x 1200 ppp; Capacidad de impresión móvil: HP ePrint, AppApple AirPrint™; Google Cloud Print™; HP ePrint; Certificado por Mopria™; Roam activado para imprimir con facilidad; Conectividad, estándar: 1 dispositivo USB 2.0 de alta velocidad ; 2 host USB 2.0 de alta velocidad; 1 Ethernet Gigabit; 1 compartimento de integración de hardware; Memoria, estándar: 1,25 GB (impresora), 500 MB (escáner); Doble cara automático; Tipo de escáner: Escáner plano, ADF (doble cara, una pasada); Resolución; Hasta 600 dpi, Tamaño de escaneo cama plana/ADF (máximo): 8.5 x 14 pulg; Configuración de reducción/ampliación de copias: 25 to 400%;  Cartuchos de repuesto: Tóner 89A negro (~5.000 páginas) CF289A, Tóner negro (~10.000 páginas) CF289X. Sustituye a M527dn, M527c.","Impresora multifunción HP LaserJet Enterprise M528dn (1PV64A). Impresión, copia , escaneado. Velocidad de impresión: Hasta 45 ppm Negro; Ciclo de trabajo (mensual, A4): Hasta 150,000 páginas. Calidad de impresión en negro (óptima) Hasta 1200 x 1200 ppp; Capacidad de impresión móvil: HP ePrint, AppApple AirPrint™; Google Cloud Print™; HP ePrint; Certificado por Mopria™; Roam activado para imprimir con facilidad; Conectividad, estándar: 1 dispositivo USB 2.0 de alta velocidad ; 2 host USB 2.0 de alta velocidad; 1 Ethernet Gigabit; 1 compartimento de integración de hardware; Memoria, estándar: 1,25 GB (impresora), 500 MB (escáner); Doble cara automático; Tipo de escáner: Escáner plano, ADF (doble cara, una pasada); Resolución; Hasta 600 dpi, Tamaño de escaneo cama plana/ADF (máximo): 8.5 x 14 pulg; Configuración de reducción/ampliación de copias: 25 to 400%;  Cartuchos de repuesto: Tóner 89A negro (~5.000 páginas) CF289A, Tóner negro (~10.000 páginas) CF289X. Sustituye a M527dn, M527c.. Clave Oficial CT: MTFHPI1325. Marca: CT.","IMPRESION, DIG. DE IMAGENES",tarjetas_madre,CT,31058.41,605639.01,969022.41,969022.41,817612.66,817612.66,757048.76,726766.81,https://static.ctonline.mx/imagenes/MTFHPI1325/MTFHPI1325_400.jpg,assets/img/catalog/MTFHPI1325.jpg
IMPKYC360,"Impresora Láser Monocromática KYOCERA P2235d ECOSYS®, Páginas por Minuto: Carta: 37 ppm; Legal: 30 ppm, Panel: LCD, Resolución: 600 x 600 dpi, 300 x 300 dpi, Fine 1200 (1200 dpi equivalente x 1200 dpi equivalente), Memoria: Est/Máx.: 256 MB / 256 MB, Dúplex: Estándar Dúplex sin Apilar. Soporta Media Carta a Legal (5.5” x 8.5” - 8.5” x 14”), 60-163g/m2, Volumen Máximo Mensual: 20,000 Páginas por Mes, Interfaces: Estándar con: 10/100/1000BaseTX, USB de Alta Velocidad 2.0, 1 Host USB, Capacidad de Papel Estándar/Máxima: 350 Hojas / 850 Hojas, Tamaño de Papel Estándar / Opcional / Multipropósito: Media Carta a Legal (5.5” x 8.5”- 8.5” x 14”), Densidad del Papel Estándar / Bandeja Opcional: 60 - 163g/m2; MPT: 60-220g/m2, Kit de Mantenimiento (MK-1152): 100.000 páginas, Consumibles: Tóner Negro TK-1152 para 3,000 páginas* Rendimiento del tóner inicial 1,000 páginas, basado en ISO19752 para P2235dw y P2235dn","Impresora Láser Monocromática KYOCERA P2235d ECOSYS®, Páginas por Minuto: Carta: 37 ppm; Legal: 30 ppm, Panel: LCD, Resolución: 600 x 600 dpi, 300 x 300 dpi, Fine 1200 (1200 dpi equivalente x 1200 dpi equivalente), Memoria: Est/Máx.: 256 MB / 256 MB, Dúplex: Estándar Dúplex sin Apilar. Soporta Media Carta a Legal (5.5” x 8.5” - 8.5” x 14”), 60-163g/m2, Volumen Máximo Mensual: 20,000 Páginas por Mes, Interfaces: Estándar con: 10/100/1000BaseTX, USB de Alta Velocidad 2.0, 1 Host USB, Capacidad de Papel Estándar/Máxima: 350 Hojas / 850 Hojas, Tamaño de Papel Estándar / Opcional / Multipropósito: Media Carta a Legal (5.5” x 8.5”- 8.5” x 14”), Densidad del Papel Estándar / Bandeja Opcional: 60 - 163g/m2; MPT: 60-220g/m2, Kit de Mantenimiento (MK-1152): 100.000 páginas, Consumibles: Tóner Negro TK-1152 para 3,000 páginas* Rendimiento del tóner inicial 1,000 páginas, basado en ISO19752 para P2235dw y P2235dn. Clave Oficial CT: IMPKYC360. Marca: CT.","IMPRESION, DIG. DE IMAGENES",tarjetas_madre,CT,208.7,4069.57,6511.3,6511.3,5493.91,5493.91,5086.96,4883.48,https://static.ctonline.mx/imagenes/IMPKYC360/IMPKYC360_400.jpg,assets/img/catalog/IMPKYC360.jpg
IMPKYC370,"Impresora Láser Monocromática KYOCERA P2235dw ECOSYS®, Páginas por Minuto: Carta: 37 ppm; Legal: 30 ppm, Estándar Wi-Fi y Wi-Fi Direct Panel: LCD 2 Líneas, Resolución: 600 x 600 dpi, 300 x 300 dpi, Fine 1200 (1200 dpi equivalente x 1200 dpi equivalente), Memoria: Est/Máx.: 256 MB / 256 MB, 8.5” x 14” Dúplex: Estándar Dúplex sin Apilar. Soporta Media Carta a Legal (5.5” x 8.5” - 8.5” x 14”),60 - 163g/m2, Dimensiones / Peso: 37.6cm An. x 39.4cm Pr. x 27.2cm Al. / 14 kg Volumen Máximo Mensual: 20,000 Páginas por Mes, Capacidad de Papel: de hasta 850 hojas Impresión Móvil: Google Cloud Print™, KYOCERA Mobile Print, Mopria®, Utilitarios: KYOCERA Net Direct Print, Utilitario de Administración de Archivos, KYOCERA Mobile Print, KYOCERA Print Center, KYOCERA Net Admin, KYOCERA Net Viewer, Instalación Rápida, Registro de Identificación, Herramienta de Configuración de Wifi, Herramienta de Configuración, Tamaño de Papel Máximo: 8.5” x 14”, Densidad del Papel Estándar / Bandeja Opcional: 60 - 163g/m2; MPT: 60 - 220g/m2, MPT: Papel Común, Etiquetas, Papel Bond, Papel Reciclado, Velum, Membretado, OHP, Sobres. Kit de Mantenimiento (MK-152): 100.000 páginas Consumibles: Tóner Negro TK-1152 para 3,000 páginas* Rendimiento del tóner inicial 1,000 páginas, basado en ISO19752 para P2235dw y P2235dn","Impresora Láser Monocromática KYOCERA P2235dw ECOSYS®, Páginas por Minuto: Carta: 37 ppm; Legal: 30 ppm, Estándar Wi-Fi y Wi-Fi Direct Panel: LCD 2 Líneas, Resolución: 600 x 600 dpi, 300 x 300 dpi, Fine 1200 (1200 dpi equivalente x 1200 dpi equivalente), Memoria: Est/Máx.: 256 MB / 256 MB, 8.5” x 14” Dúplex: Estándar Dúplex sin Apilar. Soporta Media Carta a Legal (5.5” x 8.5” - 8.5” x 14”),60 - 163g/m2, Dimensiones / Peso: 37.6cm An. x 39.4cm Pr. x 27.2cm Al. / 14 kg Volumen Máximo Mensual: 20,000 Páginas por Mes, Capacidad de Papel: de hasta 850 hojas Impresión Móvil: Google Cloud Print™, KYOCERA Mobile Print, Mopria®, Utilitarios: KYOCERA Net Direct Print, Utilitario de Administración de Archivos, KYOCERA Mobile Print, KYOCERA Print Center, KYOCERA Net Admin, KYOCERA Net Viewer, Instalación Rápida, Registro de Identificación, Herramienta de Configuración de Wifi, Herramienta de Configuración, Tamaño de Papel Máximo: 8.5” x 14”, Densidad del Papel Estándar / Bandeja Opcional: 60 - 163g/m2; MPT: 60 - 220g/m2, MPT: Papel Común, Etiquetas, Papel Bond, Papel Reciclado, Velum, Membretado, OHP, Sobres. Kit de Mantenimiento (MK-152): 100.000 páginas Consumibles: Tóner Negro TK-1152 para 3,000 páginas* Rendimiento del tóner inicial 1,000 páginas, basado en ISO19752 para P2235dw y P2235dn. Clave Oficial CT: IMPKYC370. Marca: CT.","IMPRESION, DIG. DE IMAGENES",tarjetas_madre,CT,214.13,4175.54,6680.87,6680.87,5636.98,5636.98,5219.43,5010.65,https://static.ctonline.mx/imagenes/IMPKYC370/IMPKYC370_400.jpg,assets/img/catalog/IMPKYC370.jpg
IMPBRT860,"Impresora de etiquetas de alta velocidad BROTHER TD4420TN. Tecnología de impresión:  térmica directa y transferencia térmica. Velocidad de impresión: hasta 6 pulgadas por segundo / 152.4 mm por segundo. Ancho de impresión: 4.25 pulgadas / 108 mm. Longitud máxima de impresión: 1,000 pulgadas / 25,400 mm. Resolución de impresión: hasta 203 dpi / 8 puntos por mm. Software: Aplicación de software para diseño/impresión Seagull BarTender UltraLite. Lenguaje de impresión: FBPL II, ZPL II®, EPL2, DPL. Memoria: 64 MB de SDRAM, 128 MB de memoria Flash. Interfaz estándar: LAN Ethernet (10/100Base-TX), USB 2.0, host USB dual, puerto serial RS232C opcional. Compatibilidad con sistemas operativos: Windows Server 2019/2016/2012 R2/2012, Windows 10/8.1/7 (64 bits y 32 bits), Mac® OS X® 10.11.x, macOS® 10.12.x o superior, Linux®. En caja: TD4420TN, adaptador de CA, cable de electricidad, cable USB, núcleo de ajuste de cinta de 25,4 mm (1 in), eje de la cinta (2 piezas).","Impresora de etiquetas de alta velocidad BROTHER TD4420TN. Tecnología de impresión:  térmica directa y transferencia térmica. Velocidad de impresión: hasta 6 pulgadas por segundo / 152.4 mm por segundo. Ancho de impresión: 4.25 pulgadas / 108 mm. Longitud máxima de impresión: 1,000 pulgadas / 25,400 mm. Resolución de impresión: hasta 203 dpi / 8 puntos por mm. Software: Aplicación de software para diseño/impresión Seagull BarTender UltraLite. Lenguaje de impresión: FBPL II, ZPL II®, EPL2, DPL. Memoria: 64 MB de SDRAM, 128 MB de memoria Flash. Interfaz estándar: LAN Ethernet (10/100Base-TX), USB 2.0, host USB dual, puerto serial RS232C opcional. Compatibilidad con sistemas operativos: Windows Server 2019/2016/2012 R2/2012, Windows 10/8.1/7 (64 bits y 32 bits), Mac® OS X® 10.11.x, macOS® 10.12.x o superior, Linux®. En caja: TD4420TN, adaptador de CA, cable de electricidad, cable USB, núcleo de ajuste de cinta de 25,4 mm (1 in), eje de la cinta (2 piezas).. Clave Oficial CT: IMPBRT860. Marca: CT.","IMPRESION, DIG. DE IMAGENES",tarjetas_madre,CT,7653.01,149233.61,238773.78,238773.78,201465.38,201465.38,186542.02,179080.34,https://static.ctonline.mx/imagenes/IMPBRT860/IMPBRT860_400.jpg,assets/img/catalog/IMPBRT860.jpg
IMPBRT850,"Impresora de etiquetas de alta velocidad BROTHER TJ4420TN. Tecnología de impresión: térmica directa y transferencia térmica. Velocidad de impresión: hasta 14.01 pulgadas por segundo / 356 mm por segundo. Ancho de impresión: 4.1 pulgadas / 104.1 mm. Longitud máxima de impresión: 1,000 pulgadas / 25,400 mm. Resolución de impresión: hasta 203 dpi / 8 puntos por mm. Software: Aplicación de software para diseño/impresión Seagull BarTender UltraLite, herramienta de software para manejo de la impresora Brother. Lenguaje de impresión: FBPL II, ZPL II®, EPL2, DPL. Memoria: 256 MB de SDRAM, 512 MB de memoria Flash, tarjeta MicroSD de 32 GB opcional. Interfaz estándar: LAN Ethernet (10/100Base-TX), USB 2.0, host USB dual, puerto serial RS232C opcional. Compatibilidad con sistemas operativos: Windows Server 2019/2016/2012 R2/2012, Windows 10/8.1/7 (64 bits y 32 bits), Mac® OS X® 10.11.x, macOS® 10.12.x o superior, Linux®. En caja: TJ4420TN, adaptador AC, cable USB. Garantía limitada de 2 años.","Impresora de etiquetas de alta velocidad BROTHER TJ4420TN. Tecnología de impresión: térmica directa y transferencia térmica. Velocidad de impresión: hasta 14.01 pulgadas por segundo / 356 mm por segundo. Ancho de impresión: 4.1 pulgadas / 104.1 mm. Longitud máxima de impresión: 1,000 pulgadas / 25,400 mm. Resolución de impresión: hasta 203 dpi / 8 puntos por mm. Software: Aplicación de software para diseño/impresión Seagull BarTender UltraLite, herramienta de software para manejo de la impresora Brother. Lenguaje de impresión: FBPL II, ZPL II®, EPL2, DPL. Memoria: 256 MB de SDRAM, 512 MB de memoria Flash, tarjeta MicroSD de 32 GB opcional. Interfaz estándar: LAN Ethernet (10/100Base-TX), USB 2.0, host USB dual, puerto serial RS232C opcional. Compatibilidad con sistemas operativos: Windows Server 2019/2016/2012 R2/2012, Windows 10/8.1/7 (64 bits y 32 bits), Mac® OS X® 10.11.x, macOS® 10.12.x o superior, Linux®. En caja: TJ4420TN, adaptador AC, cable USB. Garantía limitada de 2 años.. Clave Oficial CT: IMPBRT850. Marca: CT.","IMPRESION, DIG. DE IMAGENES",tarjetas_madre,CT,24436.36,476508.99,762414.38,762414.38,643287.13,643287.13,595636.24,571810.79,https://static.ctonline.mx/imagenes/IMPBRT850/IMPBRT850_400.jpg,assets/img/catalog/IMPBRT850.jpg
IMPBRT870,"Impresora de etiquetas de alta velocidad BROTHER TD4410D. Tecnología de impresión: térmica directa. Velocidad de impresión: hasta 14.01 pulgadas por segundo / 356 mm por segundo. Resolución de impresión: hasta 203 dpi / 8 puntos por mm. Ancho máximo de etiqueta: 4.7 pulgadas / 118.0 mm. Ancho de impresión: 4.3 pulgadas / 108.4 mm. Longitud máxima de impresión: 118.1 pulgadas / 3,000 mm. Consumibles: Etiquetas continuas, recibos continuos, rótulos y brazaletes en rollo RD o en zigzag o troquelados de Brother. Tamaño del rollo de consumibles: hasta 12.7 mm de diámetro externo y diámetro interno entre 12.7 y 38.1 mm. Software: P-Touch Editor. Lenguaje de impresión: ZPL II, EPL, DPL, CPCL, gráficos de cuadrícula, texto (plantilla), ESC/P. Memoria: 256 MB de SDRAM, 64 MB de memoria Flash. Interfaz estándar: USB 2.0, puerto serial RS232C. Compatibilidad con sistemas operativos: Windows 11/10/8.1/7. En caja: TD4410D, adaptador AC, cable USB. Garantía limitada de 2 años.","Impresora de etiquetas de alta velocidad BROTHER TD4410D. Tecnología de impresión: térmica directa. Velocidad de impresión: hasta 14.01 pulgadas por segundo / 356 mm por segundo. Resolución de impresión: hasta 203 dpi / 8 puntos por mm. Ancho máximo de etiqueta: 4.7 pulgadas / 118.0 mm. Ancho de impresión: 4.3 pulgadas / 108.4 mm. Longitud máxima de impresión: 118.1 pulgadas / 3,000 mm. Consumibles: Etiquetas continuas, recibos continuos, rótulos y brazaletes en rollo RD o en zigzag o troquelados de Brother. Tamaño del rollo de consumibles: hasta 12.7 mm de diámetro externo y diámetro interno entre 12.7 y 38.1 mm. Software: P-Touch Editor. Lenguaje de impresión: ZPL II, EPL, DPL, CPCL, gráficos de cuadrícula, texto (plantilla), ESC/P. Memoria: 256 MB de SDRAM, 64 MB de memoria Flash. Interfaz estándar: USB 2.0, puerto serial RS232C. Compatibilidad con sistemas operativos: Windows 11/10/8.1/7. En caja: TD4410D, adaptador AC, cable USB. Garantía limitada de 2 años.. Clave Oficial CT: IMPBRT870. Marca: CT.","IMPRESION, DIG. DE IMAGENES",tarjetas_madre,CT,5971.94,116452.79,186324.47,186324.47,157211.27,157211.27,145565.99,139743.35,https://static.ctonline.mx/imagenes/IMPBRT870/IMPBRT870_400.jpg,assets/img/catalog/IMPBRT870.jpg
IMPBRT890,"Impresora de etiquetas y recibos portátil BROTHER RJ4230BL. Tecnología de impresión: térmica directa. Velocidad de impresión: hasta 6 pulgadas por segundo / 152.4 mm por segundo. Resolución de impresión: hasta 203 dpi / 5 puntos por mm. Ancho de impresión: 4.09 pulgadas / 104.0 mm. Longitud máxima de impresión: 118.1 pulgadas / 3,000 mm. Consumibles: Papel y recibos sintéticos, etiquetas, rótulos. Aplicaciones: Print Service Plugin Support Center, PJ-673 Print, Print SDK Demo, RJ-4040 Print, Mobile Deploy, Mobile Transfer Express. Software: P-Touch Editor, P-Touch Transfer Express, Printer Setting Tool. Lenguaje de impresión: Plantilla P-touch2.0, Raster, ESC/P. Memoria: 256 MB de SDRAM, 64 MB de memoria Flash. Interfaz estándar: USB, MFi, Bluetooth, NFC. Compatibilidad con sistemas operativos: Windows. En caja: RJ4250BL, clip para cinturón, tope de soporte de rollos, batería inteligente de iones de litio. Garantía limitada de 2 años. Adaptador de corriente se vende aparte.","Impresora de etiquetas y recibos portátil BROTHER RJ4230BL. Tecnología de impresión: térmica directa. Velocidad de impresión: hasta 6 pulgadas por segundo / 152.4 mm por segundo. Resolución de impresión: hasta 203 dpi / 5 puntos por mm. Ancho de impresión: 4.09 pulgadas / 104.0 mm. Longitud máxima de impresión: 118.1 pulgadas / 3,000 mm. Consumibles: Papel y recibos sintéticos, etiquetas, rótulos. Aplicaciones: Print Service Plugin Support Center, PJ-673 Print, Print SDK Demo, RJ-4040 Print, Mobile Deploy, Mobile Transfer Express. Software: P-Touch Editor, P-Touch Transfer Express, Printer Setting Tool. Lenguaje de impresión: Plantilla P-touch2.0, Raster, ESC/P. Memoria: 256 MB de SDRAM, 64 MB de memoria Flash. Interfaz estándar: USB, MFi, Bluetooth, NFC. Compatibilidad con sistemas operativos: Windows. En caja: RJ4250BL, clip para cinturón, tope de soporte de rollos, batería inteligente de iones de litio. Garantía limitada de 2 años. Adaptador de corriente se vende aparte.. Clave Oficial CT: IMPBRT890. Marca: CT.","IMPRESION, DIG. DE IMAGENES",tarjetas_madre,CT,12131.85,236571.07,378513.71,378513.71,319370.94,319370.94,295713.84,283885.28,https://static.ctonline.mx/imagenes/IMPBRT890/IMPBRT890_400.jpg,assets/img/catalog/IMPBRT890.jpg
IMPBRT880,"Impresora de etiquetas y recibos portátil BROTHER RJ4250WBL. Tecnología de impresión: térmica directa. Velocidad de impresión: hasta 6 pulgadas por segundo / 152.4 mm por segundo. Resolución de impresión: hasta 203 dpi / 5 puntos por mm. Ancho de impresión: 4.09 pulgadas / 104.0 mm. Longitud máxima de impresión: 118.1 pulgadas / 3,000 mm. Consumibles: Papel y recibos sintéticos, etiquetas, rótulos. Aplicaciones: Print Service Plugin Support Center, PJ-673 Print, Print SDK Demo, RJ-4040 Print, Mobile Deploy, Mobile Transfer Express. Software: P-Touch Editor, P-Touch Transfer Express, Printer Setting Tool, BRAdmin Professional 4, BRAdmin Light, BRAgent. Lenguaje de impresión: Plantilla P-touch2.0, Raster, ESC/P. Memoria: 256 MB de SDRAM, 64 MB de memoria Flash. Interfaz estándar: USB, MFi, Bluetooth, NFC, Wi-Fi. Compatibilidad con sistemas operativos: Windows. En caja: RJ4250WBL, clip para cinturón, tope de soporte de rollos, batería inteligente de iones de litio. Garantía limitada de 2 años. Adaptador de corriente se vende aparte.","Impresora de etiquetas y recibos portátil BROTHER RJ4250WBL. Tecnología de impresión: térmica directa. Velocidad de impresión: hasta 6 pulgadas por segundo / 152.4 mm por segundo. Resolución de impresión: hasta 203 dpi / 5 puntos por mm. Ancho de impresión: 4.09 pulgadas / 104.0 mm. Longitud máxima de impresión: 118.1 pulgadas / 3,000 mm. Consumibles: Papel y recibos sintéticos, etiquetas, rótulos. Aplicaciones: Print Service Plugin Support Center, PJ-673 Print, Print SDK Demo, RJ-4040 Print, Mobile Deploy, Mobile Transfer Express. Software: P-Touch Editor, P-Touch Transfer Express, Printer Setting Tool, BRAdmin Professional 4, BRAdmin Light, BRAgent. Lenguaje de impresión: Plantilla P-touch2.0, Raster, ESC/P. Memoria: 256 MB de SDRAM, 64 MB de memoria Flash. Interfaz estándar: USB, MFi, Bluetooth, NFC, Wi-Fi. Compatibilidad con sistemas operativos: Windows. En caja: RJ4250WBL, clip para cinturón, tope de soporte de rollos, batería inteligente de iones de litio. Garantía limitada de 2 años. Adaptador de corriente se vende aparte.. Clave Oficial CT: IMPBRT880. Marca: CT.","IMPRESION, DIG. DE IMAGENES",tarjetas_madre,CT,13892.2,270897.83,433436.53,433436.53,365712.07,365712.07,338622.29,325077.4,https://static.ctonline.mx/imagenes/IMPBRT880/IMPBRT880_400.jpg,assets/img/catalog/IMPBRT880.jpg
IMPBRT900,"Impresora de etiquetas y recibos portátil BROTHER RJ3250WBL. Tecnología de impresión: térmica directa. Velocidad de impresión: hasta 5 pulgadas por segundo / 127.0 mm por segundo. Resolución de impresión: hasta 203 dpi / 5 puntos por mm. Ancho de impresión: 2.8 pulgadas / 72.0 mm. Longitud máxima de impresión: 118.1 pulgadas / 3,000 mm. Consumibles: Recibos, etiquetas con separación/marca negra, etiquetas, continua. Aplicaciones: Centro de soporte, PJ-673 Print, RJ-4040 Print, Mobile Deploy, Mobile Transfer Express. Software: P-Touch Editor, P-Touch Transfer Express, Printer Setting Tool, BRAdmin Light, BRAgent, BRAdmin Professional 4. Lenguaje de impresión: BPL (plantilla P-touch 2.0), ESC/P adicional. Memoria: 256 MB de SDRAM, 128 MB de memoria Flash. Interfaz estándar: USB (tipo C), Bluetooth, Wi-Fi, Ethernet (cuando está en la base). Compatibilidad con sistemas operativos: Microsoft® Windows® 7/8.1/10, Microsoft® Windows Server® 2012/2012, R2/2016/2019. En caja: RJ3250WBL, clip para cinturón, tope para soporte del rollo, soporte del rollo (para un diámetro de núcleo de 1.375""), batería inteligente de iones de litio. Garantía limitada de 2 años. Adaptador de corriente se vende aparte.","Impresora de etiquetas y recibos portátil BROTHER RJ3250WBL. Tecnología de impresión: térmica directa. Velocidad de impresión: hasta 5 pulgadas por segundo / 127.0 mm por segundo. Resolución de impresión: hasta 203 dpi / 5 puntos por mm. Ancho de impresión: 2.8 pulgadas / 72.0 mm. Longitud máxima de impresión: 118.1 pulgadas / 3,000 mm. Consumibles: Recibos, etiquetas con separación/marca negra, etiquetas, continua. Aplicaciones: Centro de soporte, PJ-673 Print, RJ-4040 Print, Mobile Deploy, Mobile Transfer Express. Software: P-Touch Editor, P-Touch Transfer Express, Printer Setting Tool, BRAdmin Light, BRAgent, BRAdmin Professional 4. Lenguaje de impresión: BPL (plantilla P-touch 2.0), ESC/P adicional. Memoria: 256 MB de SDRAM, 128 MB de memoria Flash. Interfaz estándar: USB (tipo C), Bluetooth, Wi-Fi, Ethernet (cuando está en la base). Compatibilidad con sistemas operativos: Microsoft® Windows® 7/8.1/10, Microsoft® Windows Server® 2012/2012, R2/2016/2019. En caja: RJ3250WBL, clip para cinturón, tope para soporte del rollo, soporte del rollo (para un diámetro de núcleo de 1.375""), batería inteligente de iones de litio. Garantía limitada de 2 años. Adaptador de corriente se vende aparte.. Clave Oficial CT: IMPBRT900. Marca: CT.","IMPRESION, DIG. DE IMAGENES",tarjetas_madre,CT,11463.35,223535.38,357656.6,357656.6,301772.76,301772.76,279419.22,268242.45,https://static.ctonline.mx/imagenes/IMPBRT900/IMPBRT900_400.jpg,assets/img/catalog/IMPBRT900.jpg
CAREPS4890,Cartucho Tanque de Mantenimiento EPSON (C33S020580) Compatible con Impresora EPSON TM-C3500 SJMB 3500,Cartucho Tanque de Mantenimiento EPSON (C33S020580) Compatible con Impresora EPSON TM-C3500 SJMB 3500. Clave Oficial CT: CAREPS4890. Marca: CT.,CONSUMIBLES,tarjetas_madre,CT,587.61,11458.33,18333.33,18333.33,15468.75,15468.75,14322.92,13750.0,https://static.ctonline.mx/imagenes/CAREPS4890/CAREPS4890_400.jpg,assets/img/catalog/CAREPS4890.jpg
ROUTPL1070,"Router Omada VPN 10G (ER8411), 2 puertos 10GE SFP + Puertos (1 WAN, 1 WAN/LAN),1 puerto WAN/LAN SFP de 1 GE,8 puertos WAN/LAN 1GE RJ45,1 puerto de consola RJ45,2 puertos USB (conexión de módem 4G/3G como respaldo WAN), Flash 4MB SPI NOR + 256 MB NAND,DRAM 4 GB DDR4,Sesiones Concurrentes 2,300,000,Requisitos del sistema Microsoft Windows 98SE, NT, 2000, XP, Vista™ o Windows 7/8/8.1/10/11, MAC OS, NetWare, UNIX o Linux.","Router Omada VPN 10G (ER8411), 2 puertos 10GE SFP + Puertos (1 WAN, 1 WAN/LAN),1 puerto WAN/LAN SFP de 1 GE,8 puertos WAN/LAN 1GE RJ45,1 puerto de consola RJ45,2 puertos USB (conexión de módem 4G/3G como respaldo WAN), Flash 4MB SPI NOR + 256 MB NAND,DRAM 4 GB DDR4,Sesiones Concurrentes 2,300,000,Requisitos del sistema Microsoft Windows 98SE, NT, 2000, XP, Vista™ o Windows 7/8/8.1/10/11, MAC OS, NetWare, UNIX o Linux.. Clave Oficial CT: ROUTPL1070. Marca: CT.",CONECTIVIDAD,tarjetas_madre,CT,487.5,9506.25,15210.0,15210.0,12833.44,12833.44,11882.81,11407.5,https://static.ctonline.mx/imagenes/ROUTPL1070/ROUTPL1070_400.jpg,assets/img/catalog/ROUTPL1070.jpg
ROUCIS940,"Router ISR1100-6G Cisco, Router ISR1100 Series con 4 puertos WAN/LAN GE y 2 puertos SFP (para habilitarlos con fibra óptica o cobre),  Características: 4 puertos WAN/LAN GE + 2 puertos SFP, 16 MB de memoria flash, 4 GB DRAM, Dimensiones: 259mm x 28mm x 178mm, Peso: 1.22 kgs,","Router ISR1100-6G Cisco, Router ISR1100 Series con 4 puertos WAN/LAN GE y 2 puertos SFP (para habilitarlos con fibra óptica o cobre),  Características: 4 puertos WAN/LAN GE + 2 puertos SFP, 16 MB de memoria flash, 4 GB DRAM, Dimensiones: 259mm x 28mm x 178mm, Peso: 1.22 kgs,. Clave Oficial CT: ROUCIS940. Marca: CT.",CONECTIVIDAD,tarjetas_madre,CT,60980.91,1189127.77,1902604.43,1902604.43,1605322.49,1605322.49,1486409.71,1426953.32,https://static.ctonline.mx/imagenes/ROUCIS940/ROUCIS940_400.jpg,assets/img/catalog/ROUCIS940.jpg
ROUASS260,"Router ASUS RT-AC1200 V2 Estándar de red IEEE 802.11a IEEE 802.11b IEEE 802.11g WiFi 4 (802.11n) WiFi 5 (802.11ac) IPv4 IPv6 IEEE 802.11e IEEE 802.11i Segmento de producto Rendimiento de CA mejorado AC1200: 300+867 Mbps Velocidad de datos 802.11a: hasta 54 Mbps 802.11b: hasta 11 Mbps 802.11g: hasta 54 Mbps 802.11n: hasta 300 Mbps 802.11ac: hasta 867 Mbps Antena Antena externa x 4 Transmitir / Recibir Tecnología MIMO 2,4 GHz 2 × 2 5 GHz 2 × 2 Memoria Memoria flash de 16 MB Memoria RAM de 64 MB Frecuencias 2,4 GHz 5 GHz Puertos RJ45 para 10/100 Mbps BaseT para WAN x 1 RJ45 para 10/100 Mbps BaseT para LAN x 4 Botónes Botón WPS, Botón de reinicio, Botón de encendido Fuente de poder Entrada de CA: 110 V ~ 240 V (50 ~ 60 Hz) Salida de CC: 12 V con máx. corriente de 0,5 A Contenido del paquete 1 enrutador Wi-Fi RT-AC1200 V2 1 adaptador de corriente 1 QSG 1 tarjeta de garantía Peso del producto (g) 271 gramos APLICACIÓN de enrutador Sí control parental Sí Control de trafico Regla de limitador de ancho de banda máximo: 32 QoS tradicional Regla de QoS tradicional máximo: 32 Sí Periodo de análisis de tráfico: Diario, Semanal, Mensual Inalámbrico Cifrado Wi-Fi: Sistema abierto, WPA/WPA2-Personal, WPA/WPA2-Enterprise Regla máxima de red para invitados: 2,4 GHz x3, 5 GHz x3 Límite de tiempo de conexión de red para invitados Cifrado de red para invitados: Sistema abierto, WPA/WPA2-Personal Filtros MAC máximos : 64 Si CAMIONETA Tipo de conexión a Internet: PPPoE, PPTP, L2TP, IP automática, IP estática Regla máxima de reenvío de puertos: 64 Regla máxima de activación de puertos: 32 Sí NAT Passthrough: PPTP, L2TP, IPSec, RTSP, H.323, SIP Passthrough, PPPoE relay Y Sí Máximo regla de asignación manual de direcciones IP: 64 Aplicación USB Sistema de archivos: FAT16, FAT32, NT3G Administración Modo de funcionamiento: Punto de acceso, enrutador Sistema operativo: ASUSWRT Sí","Router ASUS RT-AC1200 V2 Estándar de red IEEE 802.11a IEEE 802.11b IEEE 802.11g WiFi 4 (802.11n) WiFi 5 (802.11ac) IPv4 IPv6 IEEE 802.11e IEEE 802.11i Segmento de producto Rendimiento de CA mejorado AC1200: 300+867 Mbps Velocidad de datos 802.11a: hasta 54 Mbps 802.11b: hasta 11 Mbps 802.11g: hasta 54 Mbps 802.11n: hasta 300 Mbps 802.11ac: hasta 867 Mbps Antena Antena externa x 4 Transmitir / Recibir Tecnología MIMO 2,4 GHz 2 × 2 5 GHz 2 × 2 Memoria Memoria flash de 16 MB Memoria RAM de 64 MB Frecuencias 2,4 GHz 5 GHz Puertos RJ45 para 10/100 Mbps BaseT para WAN x 1 RJ45 para 10/100 Mbps BaseT para LAN x 4 Botónes Botón WPS, Botón de reinicio, Botón de encendido Fuente de poder Entrada de CA: 110 V ~ 240 V (50 ~ 60 Hz) Salida de CC: 12 V con máx. corriente de 0,5 A Contenido del paquete 1 enrutador Wi-Fi RT-AC1200 V2 1 adaptador de corriente 1 QSG 1 tarjeta de garantía Peso del producto (g) 271 gramos APLICACIÓN de enrutador Sí control parental Sí Control de trafico Regla de limitador de ancho de banda máximo: 32 QoS tradicional Regla de QoS tradicional máximo: 32 Sí Periodo de análisis de tráfico: Diario, Semanal, Mensual Inalámbrico Cifrado Wi-Fi: Sistema abierto, WPA/WPA2-Personal, WPA/WPA2-Enterprise Regla máxima de red para invitados: 2,4 GHz x3, 5 GHz x3 Límite de tiempo de conexión de red para invitados Cifrado de red para invitados: Sistema abierto, WPA/WPA2-Personal Filtros MAC máximos : 64 Si CAMIONETA Tipo de conexión a Internet: PPPoE, PPTP, L2TP, IP automática, IP estática Regla máxima de reenvío de puertos: 64 Regla máxima de activación de puertos: 32 Sí NAT Passthrough: PPTP, L2TP, IPSec, RTSP, H.323, SIP Passthrough, PPPoE relay Y Sí Máximo regla de asignación manual de direcciones IP: 64 Aplicación USB Sistema de archivos: FAT16, FAT32, NT3G Administración Modo de funcionamiento: Punto de acceso, enrutador Sistema operativo: ASUSWRT Sí. Clave Oficial CT: ROUASS260. Marca: CT.",CONECTIVIDAD,tarjetas_madre,CT,24.44,476.67,762.67,762.67,643.5,643.5,595.83,572.0,https://static.ctonline.mx/imagenes/ROUASS260/ROUASS260_400.jpg,assets/img/catalog/ROUASS260.jpg
ROUASS230,"Router ASUS RT-N300/B1 Multiple 3-en-1 con modos Router / Repetidor / Access Point inalámbrico, Diseñado Especialmente para Redes de Hogar y de Pequeños Negocios, Dos antenas externas de alto rendimiento para mayor cobertura, 300 Mbps de velocidad.Network Standard IEEE 802.11b, IEEE 802.11g, IEEE 802.11n, IPv4, IPv6. 802.11n : up to 300 Mbps, Fixed antenna x 2, 8 MB Flash, 32 MB RAM, 2.4 GHz. 64-bit WEP, 128-bit WEP, WPA2-PSK, WPA-PSK, WPA-Enterprise , WPA2-Enterprise , WPS support. UPnP, DLNA, IGMP v1/v2/v3, DNS Proxy, NTP Client, DDNS, Port Trigger, DMZ. Internet connection type : Automatic IP, Static IP, PPPoE(MPPE supported), PPTP, L2TP. RJ45 for 10/100 BaseT for WAN x 1, RJ45 for 10/100 BaseT for LAN x 4. Parental Control, Guest Network :,VPN server :, IPTV support, Power x 1, Wi-Fi x 1, WAN x 1, LAN x 1. Soporte OS Windows® 10, Windows® 8.1, Windows® 8,Windows® 7, Windows® XP, Mac OS X 10.1, Mac OS X 10.4, Mac OS X 10.4, Mac OS X 10.5, Mac OS X 10.6, Mac OS X 10.7, Mac OS X 10.8, Mac OS X, Linux.","Router ASUS RT-N300/B1 Multiple 3-en-1 con modos Router / Repetidor / Access Point inalámbrico, Diseñado Especialmente para Redes de Hogar y de Pequeños Negocios, Dos antenas externas de alto rendimiento para mayor cobertura, 300 Mbps de velocidad.Network Standard IEEE 802.11b, IEEE 802.11g, IEEE 802.11n, IPv4, IPv6. 802.11n : up to 300 Mbps, Fixed antenna x 2, 8 MB Flash, 32 MB RAM, 2.4 GHz. 64-bit WEP, 128-bit WEP, WPA2-PSK, WPA-PSK, WPA-Enterprise , WPA2-Enterprise , WPS support. UPnP, DLNA, IGMP v1/v2/v3, DNS Proxy, NTP Client, DDNS, Port Trigger, DMZ. Internet connection type : Automatic IP, Static IP, PPPoE(MPPE supported), PPTP, L2TP. RJ45 for 10/100 BaseT for WAN x 1, RJ45 for 10/100 BaseT for LAN x 4. Parental Control, Guest Network :,VPN server :, IPTV support, Power x 1, Wi-Fi x 1, WAN x 1, LAN x 1. Soporte OS Windows® 10, Windows® 8.1, Windows® 8,Windows® 7, Windows® XP, Mac OS X 10.1, Mac OS X 10.4, Mac OS X 10.4, Mac OS X 10.5, Mac OS X 10.6, Mac OS X 10.7, Mac OS X 10.8, Mac OS X, Linux.. Clave Oficial CT: ROUASS230. Marca: CT.",CONECTIVIDAD,tarjetas_madre,CT,13.64,266.07,425.71,425.71,359.19,359.19,332.58,319.28,https://static.ctonline.mx/imagenes/ROUASS230/ROUASS230_400.jpg,assets/img/catalog/ROUASS230.jpg
DDUTRD080,"Disco Duro Synology modelo HAT3320- 8T SATA de 3.5"" Serie Plus capacidades de 8TB tecnología CMR velocidad de Rotación 7200 rpm caché de 512 MB MTBF de 1.2 Millón de Horas carga de Trabajo de 180 TB","Disco Duro Synology modelo HAT3320- 8T SATA de 3.5"" Serie Plus capacidades de 8TB tecnología CMR velocidad de Rotación 7200 rpm caché de 512 MB MTBF de 1.2 Millón de Horas carga de Trabajo de 180 TB. Clave Oficial CT: DDUTRD080. Marca: CT.",CONECTIVIDAD,tarjetas_madre,CT,438.17,8544.25,13670.8,13670.8,11534.74,11534.74,10680.31,10253.1,https://static.ctonline.mx/imagenes/DDUTRD080/DDUTRD080_400.jpg,assets/img/catalog/DDUTRD080.jpg
IMPZBR2950,"Impresoras de Etiquetas ZEBRA ZD421D (ZD4A042-D01M00EZ). Térmica Directa. Velocidad de 6 ""/ 152 mm por segundo como máximo. Interfaz: USB. Lenguajes de programación: ZPL y EPL. Ancho de impresión 4.09 ""/ 104 mm. Color: Negro. memoria 512 MB de memoria Flash, 256 MB de SDRAM (estándar). Resolución: 203 dpi / 8 puntos por mm. Longitud de impresión, 39,0""/ 991 mm. Ideal para imprimir códigos de barras, QR, texto y gráficos. Accesorios Incluidos: fuente de poder. Garantía con fabricante por 2 años.","Impresoras de Etiquetas ZEBRA ZD421D (ZD4A042-D01M00EZ). Térmica Directa. Velocidad de 6 ""/ 152 mm por segundo como máximo. Interfaz: USB. Lenguajes de programación: ZPL y EPL. Ancho de impresión 4.09 ""/ 104 mm. Color: Negro. memoria 512 MB de memoria Flash, 256 MB de SDRAM (estándar). Resolución: 203 dpi / 8 puntos por mm. Longitud de impresión, 39,0""/ 991 mm. Ideal para imprimir códigos de barras, QR, texto y gráficos. Accesorios Incluidos: fuente de poder. Garantía con fabricante por 2 años.. Clave Oficial CT: IMPZBR2950. Marca: CT.",PUNTO DE VENTA,tarjetas_madre,CT,322.86,6295.84,10073.35,10073.35,8499.39,8499.39,7869.8,7555.01,https://static.ctonline.mx/imagenes/IMPZBR2950/IMPZBR2950_400.jpg,assets/img/catalog/IMPZBR2950.jpg
IMPZBR2940,"Impresoras de Etiquetas ZEBRA ZD421T (ZD4A042-301M00EZ). Transferencia térmica y Térmica Directa. Velocidad de 6 ""/ 152 mm por segundo como máximo. Interfaz: USB. Lenguajes de programación: ZPL y EPL. Ancho de impresión 4.09 ""/ 104 mm. Color: Negro. memoria 512 MB de memoria Flash, 256 MB de SDRAM (estándar). Resolución: 203 dpi / 8 puntos por mm. Longitud de impresión, 39,0""/ 991 mm. Ideal para imprimir códigos de barras, QR, texto y gráficos. Accesorios Incluidos: fuente de poder. Garantía con fabricante por 2 años.","Impresoras de Etiquetas ZEBRA ZD421T (ZD4A042-301M00EZ). Transferencia térmica y Térmica Directa. Velocidad de 6 ""/ 152 mm por segundo como máximo. Interfaz: USB. Lenguajes de programación: ZPL y EPL. Ancho de impresión 4.09 ""/ 104 mm. Color: Negro. memoria 512 MB de memoria Flash, 256 MB de SDRAM (estándar). Resolución: 203 dpi / 8 puntos por mm. Longitud de impresión, 39,0""/ 991 mm. Ideal para imprimir códigos de barras, QR, texto y gráficos. Accesorios Incluidos: fuente de poder. Garantía con fabricante por 2 años.. Clave Oficial CT: IMPZBR2940. Marca: CT.",PUNTO DE VENTA,tarjetas_madre,CT,365.91,7135.23,11416.36,11416.36,9632.56,9632.56,8919.03,8562.27,https://static.ctonline.mx/imagenes/IMPZBR2940/IMPZBR2940_400.jpg,assets/img/catalog/IMPZBR2940.jpg
IMPZBR2960,"Impresoras de Etiquetas ZEBRA ZD421T ( ZD4A042-301E00EZ ). Transferencia térmica y Térmica Directa. Velocidad de 6 ""/ 152 mm por segundo como máximo. Interfaz: Ethernet 10/100, USB. Lenguajes de programación: ZPL y EPL. Ancho de impresión 4.09 ""/ 104 mm. Color: Negro. memoria 512 MB de memoria Flash, 256 MB de SDRAM (estándar). Resolución: 203 dpi / 8 puntos por mm. Longitud de impresión, 39,0""/ 991 mm. Ideal para imprimir códigos de barras, QR, texto y gráficos. Accesorios Incluidos: fuente de poder. Garantía con fabricante por 2 años.","Impresoras de Etiquetas ZEBRA ZD421T ( ZD4A042-301E00EZ ). Transferencia térmica y Térmica Directa. Velocidad de 6 ""/ 152 mm por segundo como máximo. Interfaz: Ethernet 10/100, USB. Lenguajes de programación: ZPL y EPL. Ancho de impresión 4.09 ""/ 104 mm. Color: Negro. memoria 512 MB de memoria Flash, 256 MB de SDRAM (estándar). Resolución: 203 dpi / 8 puntos por mm. Longitud de impresión, 39,0""/ 991 mm. Ideal para imprimir códigos de barras, QR, texto y gráficos. Accesorios Incluidos: fuente de poder. Garantía con fabricante por 2 años.. Clave Oficial CT: IMPZBR2960. Marca: CT.",PUNTO DE VENTA,tarjetas_madre,CT,502.27,9794.32,15670.91,15670.91,13222.33,13222.33,12242.9,11753.18,https://static.ctonline.mx/imagenes/IMPZBR2960/IMPZBR2960_400.jpg,assets/img/catalog/IMPZBR2960.jpg
IMPZBR2970,"Impresoras de Etiquetas ZEBRA ZD421T ( ZD4A043-301M00EZ ). Transferencia térmica y Térmica Directa. Velocidad de 4 ""/ 102 mm por segundo como máximo. Interfaz: USB, BTLE5. Lenguajes de programación: ZPL y EPL. Ancho de impresión 4.27 ""/ 108 mm. Color: Negro. memoria 512 MB de memoria Flash, 256 MB de SDRAM (estándar). Resolución: 300 dpi / 12 puntos por mm. Longitud de impresión, 39,0""/ 991 mm. Ideal para imprimir códigos de barras, QR, texto y gráficos. Accesorios Incluidos: fuente de poder. Garantía con fabricante por 2 años.","Impresoras de Etiquetas ZEBRA ZD421T ( ZD4A043-301M00EZ ). Transferencia térmica y Térmica Directa. Velocidad de 4 ""/ 102 mm por segundo como máximo. Interfaz: USB, BTLE5. Lenguajes de programación: ZPL y EPL. Ancho de impresión 4.27 ""/ 108 mm. Color: Negro. memoria 512 MB de memoria Flash, 256 MB de SDRAM (estándar). Resolución: 300 dpi / 12 puntos por mm. Longitud de impresión, 39,0""/ 991 mm. Ideal para imprimir códigos de barras, QR, texto y gráficos. Accesorios Incluidos: fuente de poder. Garantía con fabricante por 2 años.. Clave Oficial CT: IMPZBR2970. Marca: CT.",PUNTO DE VENTA,tarjetas_madre,CT,496.76,9686.79,15498.87,15498.87,13077.17,13077.17,12108.49,11624.15,https://static.ctonline.mx/imagenes/IMPZBR2970/IMPZBR2970_400.jpg,assets/img/catalog/IMPZBR2970.jpg
IMPZBR2980,"Impresoras de Etiquetas ZEBRA ZD421T ( ZD4A043-301E00EZ ). Transferencia térmica y Térmica Directa. Velocidad de 4 ""/ 102 mm por segundo como máximo. Interfaz: Ethernet 10/100, USB, BTLE5. Lenguajes de programación: ZPL y EPL. Ancho de impresión 4.27 ""/ 108 mm. Color: Negro. memoria 512 MB de memoria Flash, 256 MB de SDRAM (estándar). Resolución: 300 dpi / 12 puntos por mm. Longitud de impresión, 39,0""/ 991 mm. Ideal para imprimir códigos de barras, QR, texto y gráficos. Accesorios Incluidos: fuente de poder. Garantía con fabricante por 2 años.","Impresoras de Etiquetas ZEBRA ZD421T ( ZD4A043-301E00EZ ). Transferencia térmica y Térmica Directa. Velocidad de 4 ""/ 102 mm por segundo como máximo. Interfaz: Ethernet 10/100, USB, BTLE5. Lenguajes de programación: ZPL y EPL. Ancho de impresión 4.27 ""/ 108 mm. Color: Negro. memoria 512 MB de memoria Flash, 256 MB de SDRAM (estándar). Resolución: 300 dpi / 12 puntos por mm. Longitud de impresión, 39,0""/ 991 mm. Ideal para imprimir códigos de barras, QR, texto y gráficos. Accesorios Incluidos: fuente de poder. Garantía con fabricante por 2 años.. Clave Oficial CT: IMPZBR2980. Marca: CT.",PUNTO DE VENTA,tarjetas_madre,CT,600.04,11700.73,18721.17,18721.17,15795.99,15795.99,14625.92,14040.88,https://static.ctonline.mx/imagenes/IMPZBR2980/IMPZBR2980_400.jpg,assets/img/catalog/IMPZBR2980.jpg
IMPZBR2990,"Impresoras de Etiquetas ZEBRA ZD421D ( ZD4A042-D01E00EZ ). Térmica Directa. Velocidad de 6 ""/ 152 mm por segundo como máximo. Interfaz: Ethernet 10/100, USB, BTLE5. Lenguajes de programación: ZPL y EPL. Ancho de impresión 4.09 ""/ 104 mm. Color: Negro. memoria 512 MB de memoria Flash, 256 MB de SDRAM (estándar). Resolución: 203 dpi / 8 puntos por mm. Longitud de impresión, 39,0""/ 991 mm. Ideal para imprimir códigos de barras, QR, texto y gráficos. Accesorios Incluidos: fuente de poder. Garantía con fabricante por 2 años.","Impresoras de Etiquetas ZEBRA ZD421D ( ZD4A042-D01E00EZ ). Térmica Directa. Velocidad de 6 ""/ 152 mm por segundo como máximo. Interfaz: Ethernet 10/100, USB, BTLE5. Lenguajes de programación: ZPL y EPL. Ancho de impresión 4.09 ""/ 104 mm. Color: Negro. memoria 512 MB de memoria Flash, 256 MB de SDRAM (estándar). Resolución: 203 dpi / 8 puntos por mm. Longitud de impresión, 39,0""/ 991 mm. Ideal para imprimir códigos de barras, QR, texto y gráficos. Accesorios Incluidos: fuente de poder. Garantía con fabricante por 2 años.. Clave Oficial CT: IMPZBR2990. Marca: CT.",PUNTO DE VENTA,tarjetas_madre,CT,459.39,8958.03,14332.85,14332.85,12093.35,12093.35,11197.54,10749.64,https://static.ctonline.mx/imagenes/IMPZBR2990/IMPZBR2990_400.jpg,assets/img/catalog/IMPZBR2990.jpg
IMPZBR3000,"Impresoras de Etiquetas ZEBRA ZD421D ( ZD4A043-D01M00EZ ). Térmica Directa. Velocidad de 6 ""/ 152 mm por segundo como máximo. Interfaz: USB, BTLE5. Lenguajes de programación: ZPL y EPL. Ancho de impresión 4.27 ""/ 108 mm. Color: Negro. memoria 512 MB de memoria Flash, 256 MB de SDRAM (estándar). Resolución: 300 dpi / 12 puntos por mm. Longitud de impresión, 39,0""/ 991 mm. Ideal para imprimir códigos de barras, QR, texto y gráficos. Accesorios Incluidos: fuente de poder. Garantía con fabricante por 2 años.","Impresoras de Etiquetas ZEBRA ZD421D ( ZD4A043-D01M00EZ ). Térmica Directa. Velocidad de 6 ""/ 152 mm por segundo como máximo. Interfaz: USB, BTLE5. Lenguajes de programación: ZPL y EPL. Ancho de impresión 4.27 ""/ 108 mm. Color: Negro. memoria 512 MB de memoria Flash, 256 MB de SDRAM (estándar). Resolución: 300 dpi / 12 puntos por mm. Longitud de impresión, 39,0""/ 991 mm. Ideal para imprimir códigos de barras, QR, texto y gráficos. Accesorios Incluidos: fuente de poder. Garantía con fabricante por 2 años.. Clave Oficial CT: IMPZBR3000. Marca: CT.",PUNTO DE VENTA,tarjetas_madre,CT,443.36,8645.59,13832.95,13832.95,11671.55,11671.55,10806.99,10374.71,https://static.ctonline.mx/imagenes/IMPZBR3000/IMPZBR3000_400.jpg,assets/img/catalog/IMPZBR3000.jpg
IMPZBR3010,"Impresoras de Etiquetas ZEBRA ZD421D ( ZD4A043-D01E00EZ ). Térmica Directa. Velocidad de 6 ""/ 152 mm por segundo como máximo. Interfaz: Ethernet 10/100, USB, BTLE5. Lenguajes de programación: ZPL y EPL. Ancho de impresión 4.27 ""/ 108 mm. Color: Negro. memoria 512 MB de memoria Flash, 256 MB de SDRAM (estándar). Resolución: 300 dpi / 12 puntos por mm. Longitud de impresión, 39,0""/ 991 mm. Ideal para imprimir códigos de barras, QR, texto y gráficos. Accesorios Incluidos: fuente de poder. Garantía con fabricante por 2 años.","Impresoras de Etiquetas ZEBRA ZD421D ( ZD4A043-D01E00EZ ). Térmica Directa. Velocidad de 6 ""/ 152 mm por segundo como máximo. Interfaz: Ethernet 10/100, USB, BTLE5. Lenguajes de programación: ZPL y EPL. Ancho de impresión 4.27 ""/ 108 mm. Color: Negro. memoria 512 MB de memoria Flash, 256 MB de SDRAM (estándar). Resolución: 300 dpi / 12 puntos por mm. Longitud de impresión, 39,0""/ 991 mm. Ideal para imprimir códigos de barras, QR, texto y gráficos. Accesorios Incluidos: fuente de poder. Garantía con fabricante por 2 años.. Clave Oficial CT: IMPZBR3010. Marca: CT.",PUNTO DE VENTA,tarjetas_madre,CT,537.94,10489.89,16783.82,16783.82,14161.34,14161.34,13112.36,12587.86,https://static.ctonline.mx/imagenes/IMPZBR3010/IMPZBR3010_400.jpg,assets/img/catalog/IMPZBR3010.jpg
IMPZBR3020,"Impresoras de Etiquetas ZEBRA ZD621T ( ZD6A042-301F00EZ ). Transferencia térmica y Térmica Directa. Velocidad de 8 ""/ 203 mm por segundo como máximo. Interfaz: USB, Ethernet, BTLE5, Serial. Lenguajes de programación: ZPL y EPL. Ancho  de impresión 4.09 ""/ 104 mm. Color: Negro. memoria 512 MB de memoria Flash, 256 MB de SDRAM. Resolución: 203 dpi / 8 puntos por mm. Longitud de impresión, 39,0""/ 991 mm. Ideal para imprimir códigos de barras, QR, texto y gráficos. Sistema operativo Link-OS. Accesorios Incluidos: fuente de poder. Garantía con fabricante por 2 años.","Impresoras de Etiquetas ZEBRA ZD621T ( ZD6A042-301F00EZ ). Transferencia térmica y Térmica Directa. Velocidad de 8 ""/ 203 mm por segundo como máximo. Interfaz: USB, Ethernet, BTLE5, Serial. Lenguajes de programación: ZPL y EPL. Ancho  de impresión 4.09 ""/ 104 mm. Color: Negro. memoria 512 MB de memoria Flash, 256 MB de SDRAM. Resolución: 203 dpi / 8 puntos por mm. Longitud de impresión, 39,0""/ 991 mm. Ideal para imprimir códigos de barras, QR, texto y gráficos. Sistema operativo Link-OS. Accesorios Incluidos: fuente de poder. Garantía con fabricante por 2 años.. Clave Oficial CT: IMPZBR3020. Marca: CT.",PUNTO DE VENTA,tarjetas_madre,CT,578.56,11281.86,18050.97,18050.97,15230.51,15230.51,14102.32,13538.23,https://static.ctonline.mx/imagenes/IMPZBR3020/IMPZBR3020_400.jpg,assets/img/catalog/IMPZBR3020.jpg
IMPZBR3030,"Impresoras de Etiquetas ZEBRA ZD621T ( ZD6A043-301F00EZ ). Transferencia Térmica y Térmica Directa. Velocidad de 8 ""/ 203 mm por segundo como máximo. Interfaz: USB, Ethernet, BTLE5, Serial. Lenguajes de programación: ZPL y EPL. Ancho  de impresión 4.27 ""/ 108 mm. Color: Negro. memoria 512 MB de memoria Flash, 256 MB de SDRAM. Resolución: 300 dpi / 12 puntos por mm. Longitud de impresión, 39,0""/ 991 mm. Ideal para imprimir códigos de barras, QR, texto y gráficos. Sistema operativo Link-OS. Accesorios Incluidos: fuente de poder. Garantía con fabricante por 2 años.","Impresoras de Etiquetas ZEBRA ZD621T ( ZD6A043-301F00EZ ). Transferencia Térmica y Térmica Directa. Velocidad de 8 ""/ 203 mm por segundo como máximo. Interfaz: USB, Ethernet, BTLE5, Serial. Lenguajes de programación: ZPL y EPL. Ancho  de impresión 4.27 ""/ 108 mm. Color: Negro. memoria 512 MB de memoria Flash, 256 MB de SDRAM. Resolución: 300 dpi / 12 puntos por mm. Longitud de impresión, 39,0""/ 991 mm. Ideal para imprimir códigos de barras, QR, texto y gráficos. Sistema operativo Link-OS. Accesorios Incluidos: fuente de poder. Garantía con fabricante por 2 años.. Clave Oficial CT: IMPZBR3030. Marca: CT.",PUNTO DE VENTA,tarjetas_madre,CT,630.68,12298.3,19677.27,19677.27,16602.7,16602.7,15372.87,14757.95,https://static.ctonline.mx/imagenes/IMPZBR3030/IMPZBR3030_400.jpg,assets/img/catalog/IMPZBR3030.jpg
IMPZBR3040,"Impresoras de Etiquetas ZEBRA ZD621D ( ZD6A042-D01F00EZ ). Térmica Directa. Velocidad de 8 ""/ 203 mm por segundo como máximo. Interfaz: USB, Ethernet, BTLE5, Serial. Lenguajes de programación: ZPL y EPL. Ancho  de impresión 4.09 ""/ 104 mm. Color: Negro. memoria 512 MB de memoria Flash, 256 MB de SDRAM. Resolución: 203 dpi / 8 puntos por mm. Longitud de impresión, 39,0""/ 991 mm. Ideal para imprimir códigos de barras, QR, texto y gráficos. Sistema operativo Link-OS. Accesorios Incluidos: fuente de poder. Garantía con fabricante por 2 años.","Impresoras de Etiquetas ZEBRA ZD621D ( ZD6A042-D01F00EZ ). Térmica Directa. Velocidad de 8 ""/ 203 mm por segundo como máximo. Interfaz: USB, Ethernet, BTLE5, Serial. Lenguajes de programación: ZPL y EPL. Ancho  de impresión 4.09 ""/ 104 mm. Color: Negro. memoria 512 MB de memoria Flash, 256 MB de SDRAM. Resolución: 203 dpi / 8 puntos por mm. Longitud de impresión, 39,0""/ 991 mm. Ideal para imprimir códigos de barras, QR, texto y gráficos. Sistema operativo Link-OS. Accesorios Incluidos: fuente de poder. Garantía con fabricante por 2 años.. Clave Oficial CT: IMPZBR3040. Marca: CT.",PUNTO DE VENTA,tarjetas_madre,CT,495.81,9668.23,15469.17,15469.17,13052.11,13052.11,12085.29,11601.88,https://static.ctonline.mx/imagenes/IMPZBR3040/IMPZBR3040_400.jpg,assets/img/catalog/IMPZBR3040.jpg
IMPZBR3050,"Impresoras de Etiquetas ZEBRA ZD621D ( ZD6A043-D01F00EZ ). Térmica Directa. Velocidad de 8 ""/ 203 mm por segundo como máximo. Interfaz: USB, Ethernet, BTLE5, Serial. Lenguajes de programación: ZPL y EPL. Ancho  de impresión 4.27 ""/ 108 mm. Color: Negro. memoria 512 MB de memoria Flash, 256 MB de SDRAM. Resolución: 300 dpi / 12 puntos por mm. Longitud de impresión, 39,0""/ 991 mm. Ideal para imprimir códigos de barras, QR, texto y gráficos. Sistema operativo Link-OS. Accesorios Incluidos: fuente de poder. Garantía con fabricante por 2 años.","Impresoras de Etiquetas ZEBRA ZD621D ( ZD6A043-D01F00EZ ). Térmica Directa. Velocidad de 8 ""/ 203 mm por segundo como máximo. Interfaz: USB, Ethernet, BTLE5, Serial. Lenguajes de programación: ZPL y EPL. Ancho  de impresión 4.27 ""/ 108 mm. Color: Negro. memoria 512 MB de memoria Flash, 256 MB de SDRAM. Resolución: 300 dpi / 12 puntos por mm. Longitud de impresión, 39,0""/ 991 mm. Ideal para imprimir códigos de barras, QR, texto y gráficos. Sistema operativo Link-OS. Accesorios Incluidos: fuente de poder. Garantía con fabricante por 2 años.. Clave Oficial CT: IMPZBR3050. Marca: CT.",PUNTO DE VENTA,tarjetas_madre,CT,574.8,11208.51,17933.62,17933.62,15131.49,15131.49,14010.64,13450.21,https://static.ctonline.mx/imagenes/IMPZBR3050/IMPZBR3050_400.jpg,assets/img/catalog/IMPZBR3050.jpg
IMPZBR3170,"Impresoras de Etiquetas ZEBRA ZT231T ( ZT23142-T01000FZ ) Transferencia térmica y Térmica Directa. Velocidad de impresión máxima 12 pulgadas por segundo / 304.80 milímetros por segundo. Resolución: 203 dpi / 8 puntos por mm. Interfaz: USB, Serial, Ethernet, BTLE. Lenguajes de programación: ZPL y EPL. Ancho  de impresión 4.09 ""/ 104 mm. Memoria 256 MB de memoria Flash, 256 MB de SDRAM. Longitud de impresión, 157.0""/ 3,988 mm. Ideal para imprimir códigos de barras, QR, texto y gráficos. Accesorios Incluidos: fuente de poder. Garantía por fabricante 1 año.","Impresoras de Etiquetas ZEBRA ZT231T ( ZT23142-T01000FZ ) Transferencia térmica y Térmica Directa. Velocidad de impresión máxima 12 pulgadas por segundo / 304.80 milímetros por segundo. Resolución: 203 dpi / 8 puntos por mm. Interfaz: USB, Serial, Ethernet, BTLE. Lenguajes de programación: ZPL y EPL. Ancho  de impresión 4.09 ""/ 104 mm. Memoria 256 MB de memoria Flash, 256 MB de SDRAM. Longitud de impresión, 157.0""/ 3,988 mm. Ideal para imprimir códigos de barras, QR, texto y gráficos. Accesorios Incluidos: fuente de poder. Garantía por fabricante 1 año.. Clave Oficial CT: IMPZBR3170. Marca: CT.",PUNTO DE VENTA,tarjetas_madre,CT,964.77,18813.07,30100.91,30100.91,25397.64,25397.64,23516.34,22575.68,https://static.ctonline.mx/imagenes/IMPZBR3170/IMPZBR3170_400.jpg,assets/img/catalog/IMPZBR3170.jpg
IMPZBR2700,"Impresoras de Etiquetas ZEBRA ZD220D ( ZD22042-D01G00EZ ). Térmica Directa. Indicador LED.  Velocidad de 4 ""/ 102 mm por segundo como máximo. Interfaz: USB. Lenguajes de programación: EZPL (ZPL, ZPL II y EPL2). Ancho  de impresion 4.09 ""/ 104 mm. Color: Negro. Memoria 256 MB de memoria Flash, 128 MB de SDRAM, Resolución: 203 dpi / 8 puntos por mm. Longitud de impresión, 39""/ 991 mm., ideal para imprimir códigos de barras, QR, texto y gráficos. Accesorios Incluidos: fuente de poder.","Impresoras de Etiquetas ZEBRA ZD220D ( ZD22042-D01G00EZ ). Térmica Directa. Indicador LED.  Velocidad de 4 ""/ 102 mm por segundo como máximo. Interfaz: USB. Lenguajes de programación: EZPL (ZPL, ZPL II y EPL2). Ancho  de impresion 4.09 ""/ 104 mm. Color: Negro. Memoria 256 MB de memoria Flash, 128 MB de SDRAM, Resolución: 203 dpi / 8 puntos por mm. Longitud de impresión, 39""/ 991 mm., ideal para imprimir códigos de barras, QR, texto y gráficos. Accesorios Incluidos: fuente de poder.. Clave Oficial CT: IMPZBR2700. Marca: CT.",PUNTO DE VENTA,tarjetas_madre,CT,228.01,4446.22,7113.95,7113.95,6002.4,6002.4,5557.78,5335.47,https://static.ctonline.mx/imagenes/IMPZBR2700/IMPZBR2700_400.jpg,assets/img/catalog/IMPZBR2700.jpg
IMPZBR2600,"Impresoras de Etiquetas ZEBRA ZD220T ( ZD22042-T01G00EZ ). Transferencia térmica y Térmica Directa. Velocidad de 4 ""/ 102 mm por segundo como máximo. Interfaz: USB. Lenguajes de programación: EZPL (ZPL, ZPL II y EPL2). Ancho  de impresion 4.09 ""/ 104 mm. Longitud máxima de cinta 74 mts. Color: Negro. Memoria 256 MB de memoria Flash, 128 MB de SDRAM, Resolución: 203 dpi / 8 puntos por mm. Longitud de impresión, 39 ""/ 991 mm., ideal para imprimir códigos de barras, texto y gráficos. Accesorios Incluidos: fuente de poder.","Impresoras de Etiquetas ZEBRA ZD220T ( ZD22042-T01G00EZ ). Transferencia térmica y Térmica Directa. Velocidad de 4 ""/ 102 mm por segundo como máximo. Interfaz: USB. Lenguajes de programación: EZPL (ZPL, ZPL II y EPL2). Ancho  de impresion 4.09 ""/ 104 mm. Longitud máxima de cinta 74 mts. Color: Negro. Memoria 256 MB de memoria Flash, 128 MB de SDRAM, Resolución: 203 dpi / 8 puntos por mm. Longitud de impresión, 39 ""/ 991 mm., ideal para imprimir códigos de barras, texto y gráficos. Accesorios Incluidos: fuente de poder.. Clave Oficial CT: IMPZBR2600. Marca: CT.",PUNTO DE VENTA,tarjetas_madre,CT,272.73,5318.18,8509.09,8509.09,7179.55,7179.55,6647.73,6381.82,https://static.ctonline.mx/imagenes/IMPZBR2600/IMPZBR2600_400.jpg,assets/img/catalog/IMPZBR2600.jpg
IMPZBR060,"Impresoras de Etiquetas ZEBRA 220Xi4 (220-801-00000). Térmica Directa y Transferencia Térmica. Velocidad 10 pulgadas por segundo. Interfaz: paralelo, serial, USB, Zebranet. Ancho 8.5"". 203 DPI. Memoria 16 MB y 8 MB Flash. ideal para imprimir códigos de barras. tamaño máximo de ribbons 8.6''. Accesorios Incluidos: fuente de poder. Garantía limitada de 1 año.","Impresoras de Etiquetas ZEBRA 220Xi4 (220-801-00000). Térmica Directa y Transferencia Térmica. Velocidad 10 pulgadas por segundo. Interfaz: paralelo, serial, USB, Zebranet. Ancho 8.5"". 203 DPI. Memoria 16 MB y 8 MB Flash. ideal para imprimir códigos de barras. tamaño máximo de ribbons 8.6''. Accesorios Incluidos: fuente de poder. Garantía limitada de 1 año.. Clave Oficial CT: IMPZBR060. Marca: CT.",PUNTO DE VENTA,tarjetas_madre,CT,6569.45,128104.34,204966.94,204966.94,172940.85,172940.85,160130.42,153725.2,https://static.ctonline.mx/imagenes/IMPZBR060/IMPZBR060_400.jpg,assets/img/catalog/IMPZBR060.jpg
IMPZBR2430,"Impresora de Brazaletes ZEBRA ZD510-HC (ZD51013-D01E00FZ). Térmica Directa. Velocidad de impresión 2"" (51 mm) / seg. Interfaz: USB, Ethernet, Bluetooth. Resolución 300 dpi (12 puntos / mm). Lenguajes de programación XML, ZPL, ZPL II-I / ZPL II , ZPL. Memoria RAM 256 MB y 512 MB Flash. Garantía limitada de 1 año","Impresora de Brazaletes ZEBRA ZD510-HC (ZD51013-D01E00FZ). Térmica Directa. Velocidad de impresión 2"" (51 mm) / seg. Interfaz: USB, Ethernet, Bluetooth. Resolución 300 dpi (12 puntos / mm). Lenguajes de programación XML, ZPL, ZPL II-I / ZPL II , ZPL. Memoria RAM 256 MB y 512 MB Flash. Garantía limitada de 1 año. Clave Oficial CT: IMPZBR2430. Marca: CT.",PUNTO DE VENTA,tarjetas_madre,CT,511.66,9977.27,15963.64,15963.64,13469.32,13469.32,12471.59,11972.73,https://static.ctonline.mx/imagenes/IMPZBR2430/IMPZBR2430_400.jpg,assets/img/catalog/IMPZBR2430.jpg
IMPCTZ220,"Impresora de Etiquetas CITIZEN CT-E321 ( CL-E321XUBNNA ) Triple interface USB 2.0, RS-232 y 10/100 Ethernet, Tecnología de impresión: Transferencia térmica + térmica directa, Velocidad de impresión (máxima) 8 pulgadas por segundo (200 mm/s), Resolución 203 ppp. Ancho de impresión (máximo) 4 pulgadas (104 mm), Emulaciones (idiomas) : Datamax® DMX, Cross-Emulation™ para el tratamiento automático de Zebra® y Datamax®, Zebra® ZPL2® , CBI™ BASIC Interpreter, Eltron® EPL2®. Flash (memoria no volátil) 16 MB total, 4MB disponibles para el usuario, Dimensiones (An x F x Al) y peso 178 x 266 x 173 mm, 2.6 kg. Garantía de 2 años en la impresora y 6 meses o 50 KM en el cabezal de impresión. Color: Negra","Impresora de Etiquetas CITIZEN CT-E321 ( CL-E321XUBNNA ) Triple interface USB 2.0, RS-232 y 10/100 Ethernet, Tecnología de impresión: Transferencia térmica + térmica directa, Velocidad de impresión (máxima) 8 pulgadas por segundo (200 mm/s), Resolución 203 ppp. Ancho de impresión (máximo) 4 pulgadas (104 mm), Emulaciones (idiomas) : Datamax® DMX, Cross-Emulation™ para el tratamiento automático de Zebra® y Datamax®, Zebra® ZPL2® , CBI™ BASIC Interpreter, Eltron® EPL2®. Flash (memoria no volátil) 16 MB total, 4MB disponibles para el usuario, Dimensiones (An x F x Al) y peso 178 x 266 x 173 mm, 2.6 kg. Garantía de 2 años en la impresora y 6 meses o 50 KM en el cabezal de impresión. Color: Negra. Clave Oficial CT: IMPCTZ220. Marca: CT.",PUNTO DE VENTA,tarjetas_madre,CT,300.0,5850.0,9360.0,9360.0,7897.5,7897.5,7312.5,7020.0,https://static.ctonline.mx/imagenes/IMPCTZ220/IMPCTZ220_400.jpg,assets/img/catalog/IMPCTZ220.jpg
IMPCTZ230,"Impresora de Etiquetas CITIZEN CT-E300 ( CL-E300XUBNNA ) Triple interface USB 2.0, RS-232 y 10/100 Ethernet, Tecnología de impresión Térmica directa, Velocidad de impresión (máxima) 8 pulgadas por segundo (200 mm/s), Resolución 203 ppp. Ancho de impresión (máximo) 4 pulgadas (104 mm), Emulaciones (idiomas) : Datamax® DMX, Cross-Emulation™ para el tratamiento automático de Zebra® y Datamax®, Zebra® ZPL2® , CBI™ BASIC Interpreter, Eltron® EPL2®. Flash (memoria no volátil) 16 MB total, 4MB disponibles para el usuario, Garantía de 2 años, 30 KM o 6 meses en cabezal. Color: Negra","Impresora de Etiquetas CITIZEN CT-E300 ( CL-E300XUBNNA ) Triple interface USB 2.0, RS-232 y 10/100 Ethernet, Tecnología de impresión Térmica directa, Velocidad de impresión (máxima) 8 pulgadas por segundo (200 mm/s), Resolución 203 ppp. Ancho de impresión (máximo) 4 pulgadas (104 mm), Emulaciones (idiomas) : Datamax® DMX, Cross-Emulation™ para el tratamiento automático de Zebra® y Datamax®, Zebra® ZPL2® , CBI™ BASIC Interpreter, Eltron® EPL2®. Flash (memoria no volátil) 16 MB total, 4MB disponibles para el usuario, Garantía de 2 años, 30 KM o 6 meses en cabezal. Color: Negra. Clave Oficial CT: IMPCTZ230. Marca: CT.",PUNTO DE VENTA,tarjetas_madre,CT,265.91,5185.23,8296.36,8296.36,7000.06,7000.06,6481.53,6222.27,https://static.ctonline.mx/imagenes/IMPCTZ230/IMPCTZ230_400.jpg,assets/img/catalog/IMPCTZ230.jpg
IMPCTZ120,"Impresora de Etiquetas CITIZEN CL-S400DT ( CL-S400DTU-R ) Interfaz serie (RS-232C), USB (versión 2.0, alta velocidad), Tecnología de impresión Térmica directa, Velocidad de impresión (máxima) 6 pulgadas por segundo (150 mm/s), Resolución 203 ppp. Ancho de impresión (máximo) 4 pulgadas (104 mm), Emulaciones (idiomas) Comandos originales de Citizen, Datamax® I-Class™ y DMX400™, Cross-Emulation™ para el tratamiento automático de Zebra® ZPLII® y Datamax® IClass ®, DMX400, Zebra® PL-II®, BASIC Interpreter para el procesamiento de flujos de datos, EPL-2®. Flash (memoria no volátil) 8 MB total, 1 MB disponible para el usuario, Garantía de 2 años, 30 KM o 6 meses en cabezal. Color: Negra","Impresora de Etiquetas CITIZEN CL-S400DT ( CL-S400DTU-R ) Interfaz serie (RS-232C), USB (versión 2.0, alta velocidad), Tecnología de impresión Térmica directa, Velocidad de impresión (máxima) 6 pulgadas por segundo (150 mm/s), Resolución 203 ppp. Ancho de impresión (máximo) 4 pulgadas (104 mm), Emulaciones (idiomas) Comandos originales de Citizen, Datamax® I-Class™ y DMX400™, Cross-Emulation™ para el tratamiento automático de Zebra® ZPLII® y Datamax® IClass ®, DMX400, Zebra® PL-II®, BASIC Interpreter para el procesamiento de flujos de datos, EPL-2®. Flash (memoria no volátil) 8 MB total, 1 MB disponible para el usuario, Garantía de 2 años, 30 KM o 6 meses en cabezal. Color: Negra. Clave Oficial CT: IMPCTZ120. Marca: CT.",PUNTO DE VENTA,tarjetas_madre,CT,369.72,7209.46,11535.14,11535.14,9732.77,9732.77,9011.83,8651.35,https://static.ctonline.mx/imagenes/IMPCTZ120/IMPCTZ120_400.jpg,assets/img/catalog/IMPCTZ120.jpg
IMPMTR580,"Impresora de Etiquetas Intermec by Honeywell PX65 (PX65A01000000201). Térmica Directa y Transferencia Térmica. Interfaz:  USB, Ethernet. Ancho Máximo de Impresión 6"". Resolución 203 dpi. Memoria 512 MB Flash y 256 MB. ideal para imprimir códigos de barras. Incluye cable de alimentación.","Impresora de Etiquetas Intermec by Honeywell PX65 (PX65A01000000201). Térmica Directa y Transferencia Térmica. Interfaz:  USB, Ethernet. Ancho Máximo de Impresión 6"". Resolución 203 dpi. Memoria 512 MB Flash y 256 MB. ideal para imprimir códigos de barras. Incluye cable de alimentación.. Clave Oficial CT: IMPMTR580. Marca: CT.",PUNTO DE VENTA,tarjetas_madre,CT,2375.0,46312.5,74100.0,74100.0,62521.88,62521.88,57890.62,55575.0,https://static.ctonline.mx/imagenes/IMPMTR580/IMPMTR580_400.jpg,assets/img/catalog/IMPMTR580.jpg
IMPHWL010,"Impresora Portátil de Tickets y Etiquetas. YUSHI by Honeywell MPD31D (MPD31D112).Térmica Directa,  Ancho Máximo de Impresión 3"",  Interfaz: USB , Velocidad de impresión 90 mm/s, Batería: 7.4V 2100mAh, Sellado Ambiental IP54, Memoria RAM: 64 MB FLASH y 64 MB., Compatibilidad de software de diseño de etiquetas: BarTender, NiceLabel. Garantía limitada de 1 año.","Impresora Portátil de Tickets y Etiquetas. YUSHI by Honeywell MPD31D (MPD31D112).Térmica Directa,  Ancho Máximo de Impresión 3"",  Interfaz: USB , Velocidad de impresión 90 mm/s, Batería: 7.4V 2100mAh, Sellado Ambiental IP54, Memoria RAM: 64 MB FLASH y 64 MB., Compatibilidad de software de diseño de etiquetas: BarTender, NiceLabel. Garantía limitada de 1 año.. Clave Oficial CT: IMPHWL010. Marca: CT.",PUNTO DE VENTA,tarjetas_madre,CT,147.73,2880.68,4609.09,4609.09,3888.92,3888.92,3600.85,3456.82,https://static.ctonline.mx/imagenes/IMPHWL010/IMPHWL010_400.jpg,assets/img/catalog/IMPHWL010.jpg
ACCACT4890,"Base para Laptop EFREZZE BOOK PRIME BE220 Acteck Essential Series Base para Laptop 15.5"", Supereficie Antideslizante, Soporta hasta 15kg, Inclinacion 35°, Color Negro. AC-933476","Base para Laptop EFREZZE BOOK PRIME BE220 Acteck Essential Series Base para Laptop 15.5"", Supereficie Antideslizante, Soporta hasta 15kg, Inclinacion 35°, Color Negro. AC-933476. Clave Oficial CT: ACCACT4890. Marca: CT.",ACCESORIOS,tarjetas_madre,CT,92.04,1794.69,2871.5,2871.5,2422.83,2422.83,2243.36,2153.63,https://static.ctonline.mx/imagenes/ACCACT4890/ACCACT4890_400.jpg,assets/img/catalog/ACCACT4890.jpg
ACCACT4970,"Base Enfriadora para Laptop FROOST PRIME BE225 Acteck Essential Series Base Endriadora para Laptop 16"", 8 Niveles de Inclinacion, Base Giratoria Ajustable, Incluye Porta Celular, Color Negro. AC-936170","Base Enfriadora para Laptop FROOST PRIME BE225 Acteck Essential Series Base Endriadora para Laptop 16"", 8 Niveles de Inclinacion, Base Giratoria Ajustable, Incluye Porta Celular, Color Negro. AC-936170. Clave Oficial CT: ACCACT4970. Marca: CT.",ACCESORIOS,tarjetas_madre,CT,85.86,1674.21,2678.73,2678.73,2260.18,2260.18,2092.76,2009.05,https://static.ctonline.mx/imagenes/ACCACT4970/ACCACT4970_400.jpg,assets/img/catalog/ACCACT4970.jpg
MOUMST1710,"Mouse inalámbrico Azul-Mamey THUMB PC-045120 Thumb tiene un diseño ergonómico que permite que tu pulgar repose mientras trabajas. Cuenta con conector USB inalámbrico plug & play y botón dedicado para cambio de resolución a 800, 1200 y 1600 DPIs. Además cuenta con 6 botones para aumentar su funcionalidad en tareas más especializadas. Alimentación: 1.5 Vcc 30mA (2 baterías AAA) •Resolución DPI: 800,1200 y1600 ajustable •Transmisión: Inalámbrica 2.4Ghz RF •Alcance: 10 metros•Dimensiones: 110*73*40mm •Peso: 68g","Mouse inalámbrico Azul-Mamey THUMB PC-045120 Thumb tiene un diseño ergonómico que permite que tu pulgar repose mientras trabajas. Cuenta con conector USB inalámbrico plug & play y botón dedicado para cambio de resolución a 800, 1200 y 1600 DPIs. Además cuenta con 6 botones para aumentar su funcionalidad en tareas más especializadas. Alimentación: 1.5 Vcc 30mA (2 baterías AAA) •Resolución DPI: 800,1200 y1600 ajustable •Transmisión: Inalámbrica 2.4Ghz RF •Alcance: 10 metros•Dimensiones: 110*73*40mm •Peso: 68g. Clave Oficial CT: MOUMST1710. Marca: CT.",ACCESORIOS,tarjetas_madre,CT,107.61,2098.37,3357.39,3357.39,2832.8,2832.8,2622.96,2518.04,https://static.ctonline.mx/imagenes/MOUMST1710/MOUMST1710_400.jpg,assets/img/catalog/MOUMST1710.jpg
KITRBT160,"KIT DE HERRAMIENTAS BÁSICO PARA COMPUTADORA, 12 PIEZAS (651930), Brobotix ¡Descubre el Nuevo Kit de herramientas básico para computadora, 12 piezas BRobotix! Ideal para la reparación o mantenimiento de computadoras, especialmente para Tarjeta madre. Incluye 7 destornilladores y herramientas de inserción/extracción de CI.  Kit de herramientas básico para computadora, con 12 piezas. Estuche color negro y herramientas con colores varios. Contenido: 7 destornilladores. Herramientas de inserción/extracción de CI. Herramientas básicas para computadora. Especificaciones: Contenido: 12 piezas. Precaución: Puede contener piezas punzocortantes. Dimensiones del estuche: 19 x 19 x 3.8 cm  Color: Estuche Negro","KIT DE HERRAMIENTAS BÁSICO PARA COMPUTADORA, 12 PIEZAS (651930), Brobotix ¡Descubre el Nuevo Kit de herramientas básico para computadora, 12 piezas BRobotix! Ideal para la reparación o mantenimiento de computadoras, especialmente para Tarjeta madre. Incluye 7 destornilladores y herramientas de inserción/extracción de CI.  Kit de herramientas básico para computadora, con 12 piezas. Estuche color negro y herramientas con colores varios. Contenido: 7 destornilladores. Herramientas de inserción/extracción de CI. Herramientas básicas para computadora. Especificaciones: Contenido: 12 piezas. Precaución: Puede contener piezas punzocortantes. Dimensiones del estuche: 19 x 19 x 3.8 cm  Color: Estuche Negro. Clave Oficial CT: KITRBT160. Marca: CT.",ACCESORIOS,tarjetas_madre,CT,13.76,268.23,429.17,429.17,362.12,362.12,335.29,321.88,https://static.ctonline.mx/imagenes/KITRBT160/KITRBT160_400.jpg,assets/img/catalog/KITRBT160.jpg
ACCSTY580,"HUB Controlador para ventiladores Xzeal XZ1116 XZHUB01B ARGB con cable adaptador de 3 y 4 pines, incluye control,  Cable de alimentación SATA, Interfaz para botón de luz,  Cable de sincronización de iluminación con la tarjeta madre,  Conexión a otros productos ARGB","HUB Controlador para ventiladores Xzeal XZ1116 XZHUB01B ARGB con cable adaptador de 3 y 4 pines, incluye control,  Cable de alimentación SATA, Interfaz para botón de luz,  Cable de sincronización de iluminación con la tarjeta madre,  Conexión a otros productos ARGB. Clave Oficial CT: ACCSTY580. Marca: CT.",ACCESORIOS,tarjetas_madre,CT,112.8,2199.6,3519.36,3519.36,2969.46,2969.46,2749.5,2639.52,https://static.ctonline.mx/imagenes/ACCSTY580/ACCSTY580_400.jpg,assets/img/catalog/ACCSTY580.jpg
MEMRAM080,DDR 400MHZ PC3200 128MB marca Super Talent,DDR 400MHZ PC3200 128MB marca Super Talent. Clave Oficial CT: MEMRAM080. Marca: CT.,OUTLET,tarjetas_madre,CT,2.0,39.0,62.4,62.4,52.65,52.65,48.75,46.8,https://static.ctonline.mx/imagenes/MEMRAM080/MEMRAM080_400.jpg,assets/img/catalog/MEMRAM080.jpg
MEMRAM720,MEMORIA DDR 512MB PC2100 DE 266 ECC REG,MEMORIA DDR 512MB PC2100 DE 266 ECC REG. Clave Oficial CT: MEMRAM720. Marca: CT.,OUTLET,tarjetas_madre,CT,3.0,58.5,93.6,93.6,78.98,78.98,73.12,70.2,https://static.ctonline.mx/imagenes/MEMRAM720/MEMRAM720_400.jpg,assets/img/catalog/MEMRAM720.jpg
