sku,nombre,descripcion_completa,categoria_ct,categoria_clasificada,marca,base_cost_usd,costo_proveedor_mxn,precio_original,original,precio,precio_mxn,precio_mayoreo_10pzs,precio_piso_minimo_20,img,local_img
CAMPVS3190,"Cámara Bala AHD PROVISION ISR ISR I2-320AB-28 (2MP), Lente Fijo 2.8mm ( 90.3°), compatible con TVI /CVI /CVBS, cubre hasta 20 Metros Visión Nocturna, D-WDR, Polímero, 2 años de garantia","Cámara Bala AHD PROVISION ISR ISR I2-320AB-28 (2MP), Lente Fijo 2.8mm ( 90.3°), compatible con TVI /CVI /CVBS, cubre hasta 20 Metros Visión Nocturna, D-WDR, Polímero, 2 años de garantia. Clave Oficial CT: CAMPVS3190. Marca: CT.",TELEFONIA Y VIDEO VIGILANCIA,telefonia_seguridad,CT,11.36,221.59,354.55,354.55,299.15,299.15,276.99,265.91,https://static.ctonline.mx/imagenes/CAMPVS3190/CAMPVS3190_400.jpg,assets/img/catalog/CAMPVS3190.jpg
CAMPVS2580,"Cámara Domo AHD PROVISION ISR (DI-320A-28), (2 MP), Lente fijo 2.8 (88°) mm, compatible con CVI/TVI, CVBS, cubre hasta 20 metros en vision nocturna, CoC, 3D-DNR, IP67, Exterior / Interior, Metalica de color Blanco, 2 años de garantía.","Cámara Domo AHD PROVISION ISR (DI-320A-28), (2 MP), Lente fijo 2.8 (88°) mm, compatible con CVI/TVI, CVBS, cubre hasta 20 metros en vision nocturna, CoC, 3D-DNR, IP67, Exterior / Interior, Metalica de color Blanco, 2 años de garantía.. Clave Oficial CT: CAMPVS2580. Marca: CT.",TELEFONIA Y VIDEO VIGILANCIA,telefonia_seguridad,CT,22.89,446.28,714.05,714.05,602.48,602.48,557.86,535.54,https://static.ctonline.mx/imagenes/CAMPVS2580/CAMPVS2580_400.jpg,assets/img/catalog/CAMPVS2580.jpg
CAMPVS2590,"Cámara Domo AHD PROVISION ISR (DI-320A-VF), (2 MP) Lente VF  2.8-12 (88°-33°) mm, compatible CVI/TVI, CVBS, cubre hasta 40 metros en vision nocturna, CoC, 3D-DNR, IP67, Exterior / Interior, Metalica de color Blanco, 2 años de garantía.","Cámara Domo AHD PROVISION ISR (DI-320A-VF), (2 MP) Lente VF  2.8-12 (88°-33°) mm, compatible CVI/TVI, CVBS, cubre hasta 40 metros en vision nocturna, CoC, 3D-DNR, IP67, Exterior / Interior, Metalica de color Blanco, 2 años de garantía.. Clave Oficial CT: CAMPVS2590. Marca: CT.",TELEFONIA Y VIDEO VIGILANCIA,telefonia_seguridad,CT,45.0,877.5,1404.0,1404.0,1184.62,1184.62,1096.88,1053.0,https://static.ctonline.mx/imagenes/CAMPVS2590/CAMPVS2590_400.jpg,assets/img/catalog/CAMPVS2590.jpg
CAMPVS3460,"Cámara Domo PROVISION ISR DH-320IPBN-28 2MP, Turret/Domo , Lente 2,8mm (93°), IR 20M , Micrófono incorporado, Analítico DDA,  Reconocimiento de personas y vehículos: área estéril, cruce de línea cruce de línea *Solo para humanos, Detecta 41 mts, Reconoce 8 mt, Reconoce 4 mts, PoE, D-WDR, HLC,BLC, ROI, IP67.","Cámara Domo PROVISION ISR DH-320IPBN-28 2MP, Turret/Domo , Lente 2,8mm (93°), IR 20M , Micrófono incorporado, Analítico DDA,  Reconocimiento de personas y vehículos: área estéril, cruce de línea cruce de línea *Solo para humanos, Detecta 41 mts, Reconoce 8 mt, Reconoce 4 mts, PoE, D-WDR, HLC,BLC, ROI, IP67.. Clave Oficial CT: CAMPVS3460. Marca: CT.",TELEFONIA Y VIDEO VIGILANCIA,telefonia_seguridad,CT,39.58,771.8,1234.88,1234.88,1041.93,1041.93,964.75,926.16,https://static.ctonline.mx/imagenes/CAMPVS3460/CAMPVS3460_400.jpg,assets/img/catalog/CAMPVS3460.jpg
CAMPVS3660,"Cámara Domo DDA PROVISION ISR (DH-320IPSN-28) 2MP, Lente ICR 2.8mm (104°), de día detecta hasta 40 metros, reconoce hasta 8 metros, identifica hasta 4 metros y cubre hasta 20M de visión nocturna, Analíticos Human & Vehicle Recogition: Sterile Área, Line Crossing *Human only, Micrófono incorporado, Soporta MicroSD (Hasta 256 GB), PoE, D-WDR, HLC,BLC, ROI, IP67, 2 años de garantía.","Cámara Domo DDA PROVISION ISR (DH-320IPSN-28) 2MP, Lente ICR 2.8mm (104°), de día detecta hasta 40 metros, reconoce hasta 8 metros, identifica hasta 4 metros y cubre hasta 20M de visión nocturna, Analíticos Human & Vehicle Recogition: Sterile Área, Line Crossing *Human only, Micrófono incorporado, Soporta MicroSD (Hasta 256 GB), PoE, D-WDR, HLC,BLC, ROI, IP67, 2 años de garantía.. Clave Oficial CT: CAMPVS3660. Marca: CT.",TELEFONIA Y VIDEO VIGILANCIA,telefonia_seguridad,CT,58.59,1142.52,1828.04,1828.04,1542.41,1542.41,1428.15,1371.03,https://static.ctonline.mx/imagenes/CAMPVS3660/CAMPVS3660_400.jpg,assets/img/catalog/CAMPVS3660.jpg
CAMPVS3600,"Cámara Bala PROVISION ISR I4-33K0AP-MVF HD-3K Básica, Bala , IR 40M (1 LED Array), lente 2.8-12 mm (103°-38°) , WDR/HLC/BLC digital, 4 en 1 compatible con todas las tecnologías, Polímero.","Cámara Bala PROVISION ISR I4-33K0AP-MVF HD-3K Básica, Bala , IR 40M (1 LED Array), lente 2.8-12 mm (103°-38°) , WDR/HLC/BLC digital, 4 en 1 compatible con todas las tecnologías, Polímero.. Clave Oficial CT: CAMPVS3600. Marca: CT.",TELEFONIA Y VIDEO VIGILANCIA,telefonia_seguridad,CT,62.34,1215.65,1945.04,1945.04,1641.12,1641.12,1519.56,1458.78,https://static.ctonline.mx/imagenes/CAMPVS3600/CAMPVS3600_400.jpg,assets/img/catalog/CAMPVS3600.jpg
CAMPVS3710,"Cámara Bala PROVISION ISR I2-33K0AP-28 HD-3K Básica, IR 20M (1 LED Array), Micrófono incorporado, lente 2.8mm, D-WDR, BLC, HLC , 4 en 1 compatible con todas las tecnologías, IP67.","Cámara Bala PROVISION ISR I2-33K0AP-28 HD-3K Básica, IR 20M (1 LED Array), Micrófono incorporado, lente 2.8mm, D-WDR, BLC, HLC , 4 en 1 compatible con todas las tecnologías, IP67.. Clave Oficial CT: CAMPVS3710. Marca: CT.",TELEFONIA Y VIDEO VIGILANCIA,telefonia_seguridad,CT,38.93,759.17,1214.67,1214.67,1024.88,1024.88,948.96,911.0,https://static.ctonline.mx/imagenes/CAMPVS3710/CAMPVS3710_400.jpg,assets/img/catalog/CAMPVS3710.jpg
CAMPVS3680,"Cámara Bala IP DDA PROVISION ISR (BSH-340IPBN-28) 4 MP, Lente fijo 2.8 mm (93°) , cubre hasta 20 metros en visión nocturno, Reconocimiento de personas y vehículos: área estéril, cruce de línea, Micrófono incorporado POE , WWDR, BLC, HLC, ROI, IP67, Detecta 57 mts, Reconoce 11 mts, Identifica 6 mts ,Exterior / Interior, color Blanco, 2 años de garantía.","Cámara Bala IP DDA PROVISION ISR (BSH-340IPBN-28) 4 MP, Lente fijo 2.8 mm (93°) , cubre hasta 20 metros en visión nocturno, Reconocimiento de personas y vehículos: área estéril, cruce de línea, Micrófono incorporado POE , WWDR, BLC, HLC, ROI, IP67, Detecta 57 mts, Reconoce 11 mts, Identifica 6 mts ,Exterior / Interior, color Blanco, 2 años de garantía.. Clave Oficial CT: CAMPVS3680. Marca: CT.",TELEFONIA Y VIDEO VIGILANCIA,telefonia_seguridad,CT,57.95,1130.11,1808.18,1808.18,1525.65,1525.65,1412.64,1356.14,https://static.ctonline.mx/imagenes/CAMPVS3680/CAMPVS3680_400.jpg,assets/img/catalog/CAMPVS3680.jpg
CAMPVS2670,"Cámara Bala AHD PROVISION ISR (I2-320A-28) (2MP), Lente fijo de 2.8 (88°) mm, compatible CVI / TVI / CVBS, cubre hasta 20 metros en vision nocturna, 3D-DNR, CoC, IP67, Exterior / Interior, Metalica de color Blanco, 2 años de garantía.","Cámara Bala AHD PROVISION ISR (I2-320A-28) (2MP), Lente fijo de 2.8 (88°) mm, compatible CVI / TVI / CVBS, cubre hasta 20 metros en vision nocturna, 3D-DNR, CoC, IP67, Exterior / Interior, Metalica de color Blanco, 2 años de garantía.. Clave Oficial CT: CAMPVS2670. Marca: CT.",TELEFONIA Y VIDEO VIGILANCIA,telefonia_seguridad,CT,14.77,288.07,460.91,460.91,388.89,388.89,360.09,345.68,https://static.ctonline.mx/imagenes/CAMPVS2670/CAMPVS2670_400.jpg,assets/img/catalog/CAMPVS2670.jpg
CAMPVS2610,"Cámara Bala AHD PROVISION ISR (I4-320A-28) (2MP), Lente fijo 2.8 (88°) mm, compatible CVI/TVI /CVBS, cubre hasta 40 metros en vision nocturna, CoC,3D-DNR,IP67, Exterior / Interior, Metalica de color Blanco, 2 años de garantía.","Cámara Bala AHD PROVISION ISR (I4-320A-28) (2MP), Lente fijo 2.8 (88°) mm, compatible CVI/TVI /CVBS, cubre hasta 40 metros en vision nocturna, CoC,3D-DNR,IP67, Exterior / Interior, Metalica de color Blanco, 2 años de garantía.. Clave Oficial CT: CAMPVS2610. Marca: CT.",TELEFONIA Y VIDEO VIGILANCIA,telefonia_seguridad,CT,35.16,685.6,1096.96,1096.96,925.56,925.56,857.0,822.72,https://static.ctonline.mx/imagenes/CAMPVS2610/CAMPVS2610_400.jpg,assets/img/catalog/CAMPVS2610.jpg
CAMPVS3130,"Cámara Bala AHD FULL COLOR PROVISION ISR (BSV-320AR-36) (2MP), Lente fijo de 3.6 mm, compatible con CVI/TVI/CVBS, cubre hasta 25m en vision nocturna, Rainbow, Digital WDR, BLC, HLC, CoC, IP67, Exterior / interior, metalica, blanco, 2 años de garantia.","Cámara Bala AHD FULL COLOR PROVISION ISR (BSV-320AR-36) (2MP), Lente fijo de 3.6 mm, compatible con CVI/TVI/CVBS, cubre hasta 25m en vision nocturna, Rainbow, Digital WDR, BLC, HLC, CoC, IP67, Exterior / interior, metalica, blanco, 2 años de garantia.. Clave Oficial CT: CAMPVS3130. Marca: CT.",TELEFONIA Y VIDEO VIGILANCIA,telefonia_seguridad,CT,29.95,584.11,934.58,934.58,788.55,788.55,730.14,700.94,https://static.ctonline.mx/imagenes/CAMPVS3130/CAMPVS3130_400.jpg,assets/img/catalog/CAMPVS3130.jpg
CAMPVS2620,"Cámara Bala AHD PROVISION ISR (I4-320A-VF),(2MP)  Lente fijo 2.8 - 12 (88°-33°) mm, compatible CVI/TVI /Analogo, cubre hasta 40 metros en vision nocturna, CoC,3D-DNR,IP67, Exterior / Interior, Metalica de color Blanco, 2 años de garantía.","Cámara Bala AHD PROVISION ISR (I4-320A-VF),(2MP)  Lente fijo 2.8 - 12 (88°-33°) mm, compatible CVI/TVI /Analogo, cubre hasta 40 metros en vision nocturna, CoC,3D-DNR,IP67, Exterior / Interior, Metalica de color Blanco, 2 años de garantía.. Clave Oficial CT: CAMPVS2620. Marca: CT.",TELEFONIA Y VIDEO VIGILANCIA,telefonia_seguridad,CT,44.57,869.08,1390.53,1390.53,1173.26,1173.26,1086.35,1042.9,https://static.ctonline.mx/imagenes/CAMPVS2620/CAMPVS2620_400.jpg,assets/img/catalog/CAMPVS2620.jpg
CAMPVS3360,"Cámara Bala PROVISION ISR I2-33K0AB-28 HD-3K Basica, Bala , IR 20M (1 LED Array), Microfono incorporado, lente 2.8mm, 1080P, D-WDR, HLC, 4 en 1 compatible con todas las tecnologías, Polimero.","Cámara Bala PROVISION ISR I2-33K0AB-28 HD-3K Basica, Bala , IR 20M (1 LED Array), Microfono incorporado, lente 2.8mm, 1080P, D-WDR, HLC, 4 en 1 compatible con todas las tecnologías, Polimero.. Clave Oficial CT: CAMPVS3360. Marca: CT.",TELEFONIA Y VIDEO VIGILANCIA,telefonia_seguridad,CT,30.11,587.22,939.55,939.55,792.74,792.74,734.02,704.66,https://static.ctonline.mx/imagenes/CAMPVS3360/CAMPVS3360_400.jpg,assets/img/catalog/CAMPVS3360.jpg
CAMPVS3640,"Cámara Bala IP DDA1 FULL COLOR PROVISION ISR BMH-380IPSN-28  (8 MP) Lente ICR 2.8 mm (104°), cubre hasta 40 m (2 LED IR de alta potencia) 30 m (1 LED blanco de alta potencia) , soporta microSD(256GB) Micrófono Incorporado, Reconocimiento de personas y vehículos: área estéril, cruce de línea , IP67,  Analítico básico, WDR, BLC, HLC, ROI, PoE, ONVIF, 2 años de garantía.","Cámara Bala IP DDA1 FULL COLOR PROVISION ISR BMH-380IPSN-28  (8 MP) Lente ICR 2.8 mm (104°), cubre hasta 40 m (2 LED IR de alta potencia) 30 m (1 LED blanco de alta potencia) , soporta microSD(256GB) Micrófono Incorporado, Reconocimiento de personas y vehículos: área estéril, cruce de línea , IP67,  Analítico básico, WDR, BLC, HLC, ROI, PoE, ONVIF, 2 años de garantía.. Clave Oficial CT: CAMPVS3640. Marca: CT.",TELEFONIA Y VIDEO VIGILANCIA,telefonia_seguridad,CT,153.82,2999.45,4799.13,4799.13,4049.26,4049.26,3749.32,3599.35,https://static.ctonline.mx/imagenes/CAMPVS3640/CAMPVS3640_400.jpg,assets/img/catalog/CAMPVS3640.jpg
CAMPVS3610,"Camara Bala PANORAMICA FULL COLOR PROVISION ISR (BPAN2-340ADRN), (8 MP), Lente fijo 2,8 mm (180°), cubre 30 metros de vision nocturno, RAINBOW + luz estroboscópica roja / azul, análisis DDA2 (detección, distinción, alerta), que pueden realizar reconocimiento de personas y vehículos, mapa de calor, WDR, BLC, HLC, ROI digital , soporta MicroSD (hasta 256 GB), 2X micrófono incorporad, Entrada/Salida de audio, Alarm IN/OUT, IP66 , Exterior / Interior , color Blanco, Check Point,  2 años de garantía.","Camara Bala PANORAMICA FULL COLOR PROVISION ISR (BPAN2-340ADRN), (8 MP), Lente fijo 2,8 mm (180°), cubre 30 metros de vision nocturno, RAINBOW + luz estroboscópica roja / azul, análisis DDA2 (detección, distinción, alerta), que pueden realizar reconocimiento de personas y vehículos, mapa de calor, WDR, BLC, HLC, ROI digital , soporta MicroSD (hasta 256 GB), 2X micrófono incorporad, Entrada/Salida de audio, Alarm IN/OUT, IP66 , Exterior / Interior , color Blanco, Check Point,  2 años de garantía.. Clave Oficial CT: CAMPVS3610. Marca: CT.",TELEFONIA Y VIDEO VIGILANCIA,telefonia_seguridad,CT,256.36,4999.09,7998.55,7998.55,6748.77,6748.77,6248.86,5998.91,https://static.ctonline.mx/imagenes/CAMPVS3610/CAMPVS3610_400.jpg,assets/img/catalog/CAMPVS3610.jpg
CAMPVS1220,"Cámara AHD Oculta PROVISION ISR (IV-390A37_2) (2MP), Lente fijo 3.7 mm, cubre hasta 10 metros en vision nocturna, Compatible con TVI / CVI CVBS, HLC, BLC, 3D-DNR, Detección de movimiento, Interior, carcasa de plastico color Beige, 2 años de garantía.","Cámara AHD Oculta PROVISION ISR (IV-390A37_2) (2MP), Lente fijo 3.7 mm, cubre hasta 10 metros en vision nocturna, Compatible con TVI / CVI CVBS, HLC, BLC, 3D-DNR, Detección de movimiento, Interior, carcasa de plastico color Beige, 2 años de garantía.. Clave Oficial CT: CAMPVS1220. Marca: CT.",TELEFONIA Y VIDEO VIGILANCIA,telefonia_seguridad,CT,40.56,790.86,1265.37,1265.37,1067.66,1067.66,988.57,949.03,https://static.ctonline.mx/imagenes/CAMPVS1220/CAMPVS1220_400.jpg,assets/img/catalog/CAMPVS1220.jpg
CAMPVS3090,"Cámara tipo domo WIFI Provision ISR (PT-848) (4MP), Plug & View, Lente fijo 4 mm (84°), Cubre hasta 10 metros en vision nocturna y gira en PT (Pan:348° - Til: 70°), Audio 2 vías, Detección de Movimiento, Soporta Micro SD 256GB, Interior, color blanco","Cámara tipo domo WIFI Provision ISR (PT-848) (4MP), Plug & View, Lente fijo 4 mm (84°), Cubre hasta 10 metros en vision nocturna y gira en PT (Pan:348° - Til: 70°), Audio 2 vías, Detección de Movimiento, Soporta Micro SD 256GB, Interior, color blanco. Clave Oficial CT: CAMPVS3090. Marca: CT.",TELEFONIA Y VIDEO VIGILANCIA,telefonia_seguridad,CT,46.48,906.31,1450.09,1450.09,1223.51,1223.51,1132.88,1087.57,https://static.ctonline.mx/imagenes/CAMPVS3090/CAMPVS3090_400.jpg,assets/img/catalog/CAMPVS3090.jpg
CAMPVS2870,"Cámara bala WiFi PROVISION ISR (WP-919-V2) (2MP), Lente fijo 3.6 mm, cubre hasta 10 metros en vision nocturna, soporta microSD (128GB), Plug & View, Analitico Detección de humanos, audio de 2 vias, Exterior / Interior, Metalica, color blanco, 2 años de garantía.","Cámara bala WiFi PROVISION ISR (WP-919-V2) (2MP), Lente fijo 3.6 mm, cubre hasta 10 metros en vision nocturna, soporta microSD (128GB), Plug & View, Analitico Detección de humanos, audio de 2 vias, Exterior / Interior, Metalica, color blanco, 2 años de garantía.. Clave Oficial CT: CAMPVS2870. Marca: CT.",TELEFONIA Y VIDEO VIGILANCIA,telefonia_seguridad,CT,44.53,868.41,1389.46,1389.46,1172.36,1172.36,1085.52,1042.1,https://static.ctonline.mx/imagenes/CAMPVS2870/CAMPVS2870_400.jpg,assets/img/catalog/CAMPVS2870.jpg
CAMPVS2850,"Cámara Mini PTZ Ultra Marca Provision (MZ-20IPM-2(IR)), Cámara PTZ Resolucion IP 2 MP, Zoom Optico 20x,  Sensor 1/2.8"", cubre 80 metros en vision nocturno, gira 360° Horizontal y 180° Vertical, ONVIF, D-WDR, 3D-DNR, IP66, 256 Preset, 4 patrullajes y 8 tour programable por horario, dual video, Exterior / Interior, color blanco, WB/BLC/AGC, 2 años de garantía.","Cámara Mini PTZ Ultra Marca Provision (MZ-20IPM-2(IR)), Cámara PTZ Resolucion IP 2 MP, Zoom Optico 20x,  Sensor 1/2.8"", cubre 80 metros en vision nocturno, gira 360° Horizontal y 180° Vertical, ONVIF, D-WDR, 3D-DNR, IP66, 256 Preset, 4 patrullajes y 8 tour programable por horario, dual video, Exterior / Interior, color blanco, WB/BLC/AGC, 2 años de garantía.. Clave Oficial CT: CAMPVS2850. Marca: CT.",TELEFONIA Y VIDEO VIGILANCIA,telefonia_seguridad,CT,210.94,4113.39,6581.43,6581.43,5553.08,5553.08,5141.74,4936.07,https://static.ctonline.mx/imagenes/CAMPVS2850/CAMPVS2850_400.jpg,assets/img/catalog/CAMPVS2850.jpg
CAMPVS3080,"Cámara  PTZ Marca Provisión (Z5-25IPE-2(IR)), Cámara PTZ Resolución IP 2 MP, Zoom Óptico 25x,  Sensor 1/2.8"", cubre 150 metros en visión nocturno, gira 360° Horizontal y 183° Vertical, Reconocimiento de personas y vehículos: área estéril, cruce de línea,  WDR TRUE (120dB)/HLC/BLC/3D-DNR , IP66, 300 Preset, 4 patrullajes y 8 tour, Audio bidireccional, Soporta MicroSD (hasta 256 gb)Exterior / Interior, color blanco, PoE, 2 años de garantía.","Cámara  PTZ Marca Provisión (Z5-25IPE-2(IR)), Cámara PTZ Resolución IP 2 MP, Zoom Óptico 25x,  Sensor 1/2.8"", cubre 150 metros en visión nocturno, gira 360° Horizontal y 183° Vertical, Reconocimiento de personas y vehículos: área estéril, cruce de línea,  WDR TRUE (120dB)/HLC/BLC/3D-DNR , IP66, 300 Preset, 4 patrullajes y 8 tour, Audio bidireccional, Soporta MicroSD (hasta 256 gb)Exterior / Interior, color blanco, PoE, 2 años de garantía.. Clave Oficial CT: CAMPVS3080. Marca: CT.",TELEFONIA Y VIDEO VIGILANCIA,telefonia_seguridad,CT,604.18,11781.55,18850.47,18850.47,15905.09,15905.09,14726.93,14137.85,https://static.ctonline.mx/imagenes/CAMPVS3080/CAMPVS3080_400.jpg,assets/img/catalog/CAMPVS3080.jpg
CAMPVS3500,"Cámara  PTZ Marca Provisión (Z4-25IPEN-4(IR)), Cámara PTZ Resolución IP 4 MP, Zoom Óptico 25x,  Sensor 1/2,5"", cubre 160 metros en visión nocturno, gira 360° Horizontal y 185° Vertical, Reconocimiento de personas y vehículos: área estéril, cruce de línea,  WDR TRUE (120dB)/HLC/BLC/3D-DNR , IP66, 300 Preset, 4 patrullajes y 8 tour, Audio bidireccional, Soporta MicroSD (hasta 256 gb)Exterior / Interior, color blanco, PoE, 2 años de garantía.","Cámara  PTZ Marca Provisión (Z4-25IPEN-4(IR)), Cámara PTZ Resolución IP 4 MP, Zoom Óptico 25x,  Sensor 1/2,5"", cubre 160 metros en visión nocturno, gira 360° Horizontal y 185° Vertical, Reconocimiento de personas y vehículos: área estéril, cruce de línea,  WDR TRUE (120dB)/HLC/BLC/3D-DNR , IP66, 300 Preset, 4 patrullajes y 8 tour, Audio bidireccional, Soporta MicroSD (hasta 256 gb)Exterior / Interior, color blanco, PoE, 2 años de garantía.. Clave Oficial CT: CAMPVS3500. Marca: CT.",TELEFONIA Y VIDEO VIGILANCIA,telefonia_seguridad,CT,429.41,8373.48,13397.56,13397.56,11304.19,11304.19,10466.85,10048.17,https://static.ctonline.mx/imagenes/CAMPVS3500/CAMPVS3500_400.jpg,assets/img/catalog/CAMPVS3500.jpg
CAMPVS3720,"Cámara  PTZ Marca Provisión (Z4-25IPEN-2(IR)), Cámara PTZ Resolución IP 2 MP, Zoom Óptico 25x,  Sensor 1/2.8"", cubre 300 metros en visión nocturno, gira 360° Horizontal y 185° Vertical, Reconocimiento de personas y vehículos: área estéril, cruce de línea,  WDR TRUE (120dB)/HLC/BLC/3D-DNR , IP66, 300 Preset, 4 patrullajes y 8 tour, Audio bidireccional, Exterior / Interior, color blanco, PoE, 2 años de garantía.","Cámara  PTZ Marca Provisión (Z4-25IPEN-2(IR)), Cámara PTZ Resolución IP 2 MP, Zoom Óptico 25x,  Sensor 1/2.8"", cubre 300 metros en visión nocturno, gira 360° Horizontal y 185° Vertical, Reconocimiento de personas y vehículos: área estéril, cruce de línea,  WDR TRUE (120dB)/HLC/BLC/3D-DNR , IP66, 300 Preset, 4 patrullajes y 8 tour, Audio bidireccional, Exterior / Interior, color blanco, PoE, 2 años de garantía.. Clave Oficial CT: CAMPVS3720. Marca: CT.",TELEFONIA Y VIDEO VIGILANCIA,telefonia_seguridad,CT,376.7,7345.74,11753.18,11753.18,9916.75,9916.75,9182.17,8814.89,https://static.ctonline.mx/imagenes/CAMPVS3720/CAMPVS3720_400.jpg,assets/img/catalog/CAMPVS3720.jpg
CAMPVS3350,"Cámara Domo PROVISION ISR DI-33K0AB-28 HD-3K Basica, Turret/Domo , IR 20M (1 LED Array), Microfono incorporado, lente 2.8mm, 1080P, D-WDR, HLC, 4 en 1 compatible con todas las tecnologías, Polimero.","Cámara Domo PROVISION ISR DI-33K0AB-28 HD-3K Basica, Turret/Domo , IR 20M (1 LED Array), Microfono incorporado, lente 2.8mm, 1080P, D-WDR, HLC, 4 en 1 compatible con todas las tecnologías, Polimero.. Clave Oficial CT: CAMPVS3350. Marca: CT.",TELEFONIA Y VIDEO VIGILANCIA,telefonia_seguridad,CT,28.41,553.98,886.36,886.36,747.87,747.87,692.47,664.77,https://static.ctonline.mx/imagenes/CAMPVS3350/CAMPVS3350_400.jpg,assets/img/catalog/CAMPVS3350.jpg
CAMPVS3370,"Cámara Domo PROVISION ISR DI-33K0AP-28  HD-3K PRO, Turret/Domo , IR 20M (1 LED Array), Microfono incorporado, lente 2.8mm, 1080P, D-WDR, , 4 en 1 compatible con todas las tecnologías, Metal.","Cámara Domo PROVISION ISR DI-33K0AP-28  HD-3K PRO, Turret/Domo , IR 20M (1 LED Array), Microfono incorporado, lente 2.8mm, 1080P, D-WDR, , 4 en 1 compatible con todas las tecnologías, Metal.. Clave Oficial CT: CAMPVS3370. Marca: CT.",TELEFONIA Y VIDEO VIGILANCIA,telefonia_seguridad,CT,37.17,724.82,1159.72,1159.72,978.51,978.51,906.03,869.79,https://static.ctonline.mx/imagenes/CAMPVS3370/CAMPVS3370_400.jpg,assets/img/catalog/CAMPVS3370.jpg
CAMPVS3650,"Cámara Domo IP DDA1 PROVISION ISR (DH-340IPSN-28) (4 MP), Lente ICR 2.8 mm (93°), cubre hasta 20 metros, modo diurno a todo color 24 horas del dia , reconoce hasta 12 metros, identifica hasta 6 metros y detecta hasta 62 metros, soporta microSD(256GB), micrófono incluido, Reconocimiento de personas y vehículos: área estéril, cruce de línea, True WDR (120dB) , IP67, BLC, HLC, ROI, PoE, ONVIF, 2 años de garantía","Cámara Domo IP DDA1 PROVISION ISR (DH-340IPSN-28) (4 MP), Lente ICR 2.8 mm (93°), cubre hasta 20 metros, modo diurno a todo color 24 horas del dia , reconoce hasta 12 metros, identifica hasta 6 metros y detecta hasta 62 metros, soporta microSD(256GB), micrófono incluido, Reconocimiento de personas y vehículos: área estéril, cruce de línea, True WDR (120dB) , IP67, BLC, HLC, ROI, PoE, ONVIF, 2 años de garantía. Clave Oficial CT: CAMPVS3650. Marca: CT.",TELEFONIA Y VIDEO VIGILANCIA,telefonia_seguridad,CT,72.41,1411.98,2259.16,2259.16,1906.17,1906.17,1764.97,1694.37,https://static.ctonline.mx/imagenes/CAMPVS3650/CAMPVS3650_400.jpg,assets/img/catalog/CAMPVS3650.jpg
CAMPVS3240,"Cámara Domo IP DDA FULL COLOR PROVISION ISR (DH-340SRN-MVF), (4 MP), Lente MVF 2.8-12  (105.4° - 34°) mm, Reconocimiento de personas y vehículos: área estéril, cruce de línea, cubre hasta 40 metros en vision nocturna, Rainbow, WDR, BLC, HLC, ROI, IP67, Microfono Integrado, Exterior / interior, blanco, 2 años de garantia.","Cámara Domo IP DDA FULL COLOR PROVISION ISR (DH-340SRN-MVF), (4 MP), Lente MVF 2.8-12  (105.4° - 34°) mm, Reconocimiento de personas y vehículos: área estéril, cruce de línea, cubre hasta 40 metros en vision nocturna, Rainbow, WDR, BLC, HLC, ROI, IP67, Microfono Integrado, Exterior / interior, blanco, 2 años de garantia.. Clave Oficial CT: CAMPVS3240. Marca: CT.",TELEFONIA Y VIDEO VIGILANCIA,telefonia_seguridad,CT,135.77,2647.57,4236.11,4236.11,3574.22,3574.22,3309.46,3177.08,https://static.ctonline.mx/imagenes/CAMPVS3240/CAMPVS3240_400.jpg,assets/img/catalog/CAMPVS3240.jpg
CAMPVS3620,"Camara Domo PANORAMICA FULL COLOR PROVISION ISR (DPAN2-340ADRN), (8 MP), Lente fijo 2,8 mm (180°), cubre 30 metros de vision nocturno, RAINBOW + luz estroboscópica roja / azul, análisis DDA2 (detección, distinción, alerta), que pueden realizar reconocimiento de personas y vehículos, mapa de calor, WDR, BLC, HLC, ROI digital , soporta MicroSD (hasta 256 GB), 2X micrófono incorporad, Entrada/Salida de audio, Alarm IN/OUT, IP66 , Exterior / Interior , color Blanco, Check Point,  2 años de garantía.","Camara Domo PANORAMICA FULL COLOR PROVISION ISR (DPAN2-340ADRN), (8 MP), Lente fijo 2,8 mm (180°), cubre 30 metros de vision nocturno, RAINBOW + luz estroboscópica roja / azul, análisis DDA2 (detección, distinción, alerta), que pueden realizar reconocimiento de personas y vehículos, mapa de calor, WDR, BLC, HLC, ROI digital , soporta MicroSD (hasta 256 GB), 2X micrófono incorporad, Entrada/Salida de audio, Alarm IN/OUT, IP66 , Exterior / Interior , color Blanco, Check Point,  2 años de garantía.. Clave Oficial CT: CAMPVS3620. Marca: CT.",TELEFONIA Y VIDEO VIGILANCIA,telefonia_seguridad,CT,322.58,6290.3,10064.48,10064.48,8491.91,8491.91,7862.88,7548.36,https://static.ctonline.mx/imagenes/CAMPVS3620/CAMPVS3620_400.jpg,assets/img/catalog/CAMPVS3620.jpg
CAMPVS3630,"Cámara Domo AHD FULL COLOR PROVISION ISR (DV-320AR-36), (2 MP), Lente fijo 3,6 (85°) mm, compatible con CVI/TVI, CVBS, cubre hasta 20 metros en vision nocturna, Rainbow, Digital WDR, BLC, HLC, CoC, IP67, Exterior / interior, blanco, 2 años de garantia.","Cámara Domo AHD FULL COLOR PROVISION ISR (DV-320AR-36), (2 MP), Lente fijo 3,6 (85°) mm, compatible con CVI/TVI, CVBS, cubre hasta 20 metros en vision nocturna, Rainbow, Digital WDR, BLC, HLC, CoC, IP67, Exterior / interior, blanco, 2 años de garantia.. Clave Oficial CT: CAMPVS3630. Marca: CT.",TELEFONIA Y VIDEO VIGILANCIA,telefonia_seguridad,CT,30.06,586.11,937.77,937.77,791.25,791.25,732.63,703.33,https://static.ctonline.mx/imagenes/CAMPVS3630/CAMPVS3630_400.jpg,assets/img/catalog/CAMPVS3630.jpg
CAMPVS3590,"Cámara IP FishEye Provision ISR FEI-360IPN-V3 (6 MP), Lente 1,65 mm (360° for Ceiling Mount / 180° For Wall Mount), cubre hasta 15 metros en vision nocturno, Soporta microSD (256 GB), WDR / BLC / HLC / ROI, PoE, IP67,Microfono Incorporado, Entrada/Salida de alarma, ONVIF, 2 años de garantia.","Cámara IP FishEye Provision ISR FEI-360IPN-V3 (6 MP), Lente 1,65 mm (360° for Ceiling Mount / 180° For Wall Mount), cubre hasta 15 metros en vision nocturno, Soporta microSD (256 GB), WDR / BLC / HLC / ROI, PoE, IP67,Microfono Incorporado, Entrada/Salida de alarma, ONVIF, 2 años de garantia.. Clave Oficial CT: CAMPVS3590. Marca: CT.",TELEFONIA Y VIDEO VIGILANCIA,telefonia_seguridad,CT,307.01,5986.72,9578.75,9578.75,8082.07,8082.07,7483.4,7184.07,https://static.ctonline.mx/imagenes/CAMPVS3590/CAMPVS3590_400.jpg,assets/img/catalog/CAMPVS3590.jpg
CAMPVS3400,"Cámara Domo PROVISION ISR DI-340IPEN-28-V4 4MP, H.265, Lente 2.8mm (96°), de dia detecta hasta 60 metros, reconoce hasta 12 metros, identifica hasta 6 metros y cubre hasta 20 metros de vision nocturna, Analiticos Generales, Deteccion de movimiento, metadata, AI Reconocimiento facial, AI Heatmap, SD, microfono incorporado,  CHECKPOINT, 2 años de garantia","Cámara Domo PROVISION ISR DI-340IPEN-28-V4 4MP, H.265, Lente 2.8mm (96°), de dia detecta hasta 60 metros, reconoce hasta 12 metros, identifica hasta 6 metros y cubre hasta 20 metros de vision nocturna, Analiticos Generales, Deteccion de movimiento, metadata, AI Reconocimiento facial, AI Heatmap, SD, microfono incorporado,  CHECKPOINT, 2 años de garantia. Clave Oficial CT: CAMPVS3400. Marca: CT.",TELEFONIA Y VIDEO VIGILANCIA,telefonia_seguridad,CT,104.2,2031.99,3251.18,3251.18,2743.18,2743.18,2539.99,2438.39,https://static.ctonline.mx/imagenes/CAMPVS3400/CAMPVS3400_400.jpg,assets/img/catalog/CAMPVS3400.jpg
CAMPVS3260,"Cámara mini Domo Antivandalica IP PROVISION ISR DMA-320IPEN-28-V4 (2 MP) Lente fijo 2.8mm (103°), de dia detecta hasta 40 metros, reconoce hasta 8 metros, identifica hasta 4 metros y cubre hasta 10 mts de vision nocturna, General Analytics, deteccion de movimiento, metadata, Soporta  microSD(128GB), microfono incluido, True WDR, PoE, ONVIF, CHECKPOINT, 2 años de garantia","Cámara mini Domo Antivandalica IP PROVISION ISR DMA-320IPEN-28-V4 (2 MP) Lente fijo 2.8mm (103°), de dia detecta hasta 40 metros, reconoce hasta 8 metros, identifica hasta 4 metros y cubre hasta 10 mts de vision nocturna, General Analytics, deteccion de movimiento, metadata, Soporta  microSD(128GB), microfono incluido, True WDR, PoE, ONVIF, CHECKPOINT, 2 años de garantia. Clave Oficial CT: CAMPVS3260. Marca: CT.",TELEFONIA Y VIDEO VIGILANCIA,telefonia_seguridad,CT,94.83,1849.18,2958.68,2958.68,2496.39,2496.39,2311.47,2219.01,https://static.ctonline.mx/imagenes/CAMPVS3260/CAMPVS3260_400.jpg,assets/img/catalog/CAMPVS3260.jpg
CAMPVS3580,"Cámara Domo IP DDA PROVISION ISR DI-340IPEN-28-V5 (4 MP), Lente fijo 2.8 mm (96°), cubre hasta 20 metros en visión nocturno, soporta microSD(256GB), micrófono incluido, Object Recognition, Face Detection y Heatmap, True WDR (120dB) , IP67, BLC, HLC, ROI, PoE, ONVIF, 2 años de garantía","Cámara Domo IP DDA PROVISION ISR DI-340IPEN-28-V5 (4 MP), Lente fijo 2.8 mm (96°), cubre hasta 20 metros en visión nocturno, soporta microSD(256GB), micrófono incluido, Object Recognition, Face Detection y Heatmap, True WDR (120dB) , IP67, BLC, HLC, ROI, PoE, ONVIF, 2 años de garantía. Clave Oficial CT: CAMPVS3580. Marca: CT.",TELEFONIA Y VIDEO VIGILANCIA,telefonia_seguridad,CT,74.08,1444.55,2311.28,2311.28,1950.14,1950.14,1805.69,1733.46,https://static.ctonline.mx/imagenes/CAMPVS3580/CAMPVS3580_400.jpg,assets/img/catalog/CAMPVS3580.jpg
CAMPVS3170,"Cámara Domo IP DDA PROVISION ISR (DI-380IPSN-MVF-V3), (8 MP), Lente fijo 2.8-12 mm (102-32.1°)  Reconocimiento de personas y vehículos: área estéril, cruce de línea, cubre hasta 40 metros en vision nocturna, , WDR, BLC, HLC, ROI, IP67, Soporta microSD (hasta 256 GB), Microfono Integrado, Exterior / interior, blanco, 2 años de garantia.","Cámara Domo IP DDA PROVISION ISR (DI-380IPSN-MVF-V3), (8 MP), Lente fijo 2.8-12 mm (102-32.1°)  Reconocimiento de personas y vehículos: área estéril, cruce de línea, cubre hasta 40 metros en vision nocturna, , WDR, BLC, HLC, ROI, IP67, Soporta microSD (hasta 256 GB), Microfono Integrado, Exterior / interior, blanco, 2 años de garantia.. Clave Oficial CT: CAMPVS3170. Marca: CT.",TELEFONIA Y VIDEO VIGILANCIA,telefonia_seguridad,CT,177.01,3451.72,5522.75,5522.75,4659.82,4659.82,4314.65,4142.07,https://static.ctonline.mx/imagenes/CAMPVS3170/CAMPVS3170_400.jpg,assets/img/catalog/CAMPVS3170.jpg
CAMPVS3770,"Cámara Bala IP DDA PROVISION ISR (BSH-320IPSN-28) 2 MP, Lente fijo 2.8 mm (105°) ICR + Modo Día a Color 24/7 , cubre hasta 20 metros en visión nocturno, Reconocimiento de personas y vehículos: área estéril, cruce de línea, Micrófono incorporado POE , WDR verdadero (120dB), BLC, HLC, ROI, Detecta 41 mts, Reconoce 8 mts, Identifica 4 mts ,Exterior / Interior, color Blanco, 2 años de garantía.","Cámara Bala IP DDA PROVISION ISR (BSH-320IPSN-28) 2 MP, Lente fijo 2.8 mm (105°) ICR + Modo Día a Color 24/7 , cubre hasta 20 metros en visión nocturno, Reconocimiento de personas y vehículos: área estéril, cruce de línea, Micrófono incorporado POE , WDR verdadero (120dB), BLC, HLC, ROI, Detecta 41 mts, Reconoce 8 mts, Identifica 4 mts ,Exterior / Interior, color Blanco, 2 años de garantía.. Clave Oficial CT: CAMPVS3770. Marca: CT.",TELEFONIA Y VIDEO VIGILANCIA,telefonia_seguridad,CT,50.85,991.62,1586.59,1586.59,1338.69,1338.69,1239.52,1189.94,https://static.ctonline.mx/imagenes/CAMPVS3770/CAMPVS3770_400.jpg,assets/img/catalog/CAMPVS3770.jpg
CAMPVS3540,"Cámara Bala IP Provisión ISR (I2-320IPSN-28-V4) 2MP, H.265+ Lente fijo de 2.8mm (105°), De dia detecta hasta 40 Metros, Reconoce a 8 metros, identifica hasta 4 metros y soporta hasta 20 metros en visión nocturna, analíticos Camera Tampering Human & Vehicle Recogition: Sterile Area, Line CrossingArea, Line Crossin, Soporta Micro SD (256GB), WDR, IP67, CHECKPOINT, 2 años de garantía.","Cámara Bala IP Provisión ISR (I2-320IPSN-28-V4) 2MP, H.265+ Lente fijo de 2.8mm (105°), De dia detecta hasta 40 Metros, Reconoce a 8 metros, identifica hasta 4 metros y soporta hasta 20 metros en visión nocturna, analíticos Camera Tampering Human & Vehicle Recogition: Sterile Area, Line CrossingArea, Line Crossin, Soporta Micro SD (256GB), WDR, IP67, CHECKPOINT, 2 años de garantía.. Clave Oficial CT: CAMPVS3540. Marca: CT.",TELEFONIA Y VIDEO VIGILANCIA,telefonia_seguridad,CT,55.83,1088.68,1741.88,1741.88,1469.71,1469.71,1360.85,1306.41,https://static.ctonline.mx/imagenes/CAMPVS3540/CAMPVS3540_400.jpg,assets/img/catalog/CAMPVS3540.jpg
CAMPVS3470,"Cámara Bala IP PROVISION ISR (BSH-320IPBN-28) 2MP, H.265+, Lente fijo 2.8 mm (93°), De dia detecta hasta 40 metros, Reconoce hasta 8 metros, identifica hasta 4 metros y soporta hasta 20 metros en visión nocturno, ONVIF, Analíticos Human & Vehicle Recogition: Sterile Area, Line Crossing *Human only, POE ,Micrófono incorporado, IP67, Exterior / Interior, color Blanco, 2 años de garantía.","Cámara Bala IP PROVISION ISR (BSH-320IPBN-28) 2MP, H.265+, Lente fijo 2.8 mm (93°), De dia detecta hasta 40 metros, Reconoce hasta 8 metros, identifica hasta 4 metros y soporta hasta 20 metros en visión nocturno, ONVIF, Analíticos Human & Vehicle Recogition: Sterile Area, Line Crossing *Human only, POE ,Micrófono incorporado, IP67, Exterior / Interior, color Blanco, 2 años de garantía.. Clave Oficial CT: CAMPVS3470. Marca: CT.",TELEFONIA Y VIDEO VIGILANCIA,telefonia_seguridad,CT,37.27,726.82,1162.91,1162.91,981.2,981.2,908.52,872.18,https://static.ctonline.mx/imagenes/CAMPVS3470/CAMPVS3470_400.jpg,assets/img/catalog/CAMPVS3470.jpg
CAMPVS2970,"Cámara Bala IP FULL COLOR PROVISION ISR TL-320IPSR-36 (2 MP) Lente fijo 3.6 (84.8°), cubre hasta 25 metros en visión nocturna, soporta microSD(128GB), IP67,  Analítico básico, DWDR, BLC, HLC, ROI, PoE, ONVIF, 2 años de garantía.","Cámara Bala IP FULL COLOR PROVISION ISR TL-320IPSR-36 (2 MP) Lente fijo 3.6 (84.8°), cubre hasta 25 metros en visión nocturna, soporta microSD(128GB), IP67,  Analítico básico, DWDR, BLC, HLC, ROI, PoE, ONVIF, 2 años de garantía.. Clave Oficial CT: CAMPVS2970. Marca: CT.",TELEFONIA Y VIDEO VIGILANCIA,telefonia_seguridad,CT,50.97,993.84,1590.14,1590.14,1341.68,1341.68,1242.29,1192.6,https://static.ctonline.mx/imagenes/CAMPVS2970/CAMPVS2970_400.jpg,assets/img/catalog/CAMPVS2970.jpg
CAMPVS3560,"Cámara Bala IP PROVISION ISR (I6-380IPEN-MVF-V3-V5) 8MP, H.265+ Lente fijo 2.8-12 mm (96°- 32°), De dia detecta de 80 a 250 metros, reconoce de 16 a 55 metros, identifica de 8 a 27 metros y cubre hasta 60 metros en visión nocturno, ONVIF, Analytics, Motion Detection, Metadata, cruce de líneas , IP67, Soporta microSD (Hasta 256 GB),  Exterior / Interior, color Blanco, CHECKPOINT 2 años de garantía.","Cámara Bala IP PROVISION ISR (I6-380IPEN-MVF-V3-V5) 8MP, H.265+ Lente fijo 2.8-12 mm (96°- 32°), De dia detecta de 80 a 250 metros, reconoce de 16 a 55 metros, identifica de 8 a 27 metros y cubre hasta 60 metros en visión nocturno, ONVIF, Analytics, Motion Detection, Metadata, cruce de líneas , IP67, Soporta microSD (Hasta 256 GB),  Exterior / Interior, color Blanco, CHECKPOINT 2 años de garantía.. Clave Oficial CT: CAMPVS3560. Marca: CT.",TELEFONIA Y VIDEO VIGILANCIA,telefonia_seguridad,CT,294.43,5741.42,9186.27,9186.27,7750.92,7750.92,7176.78,6889.7,https://static.ctonline.mx/imagenes/CAMPVS3560/CAMPVS3560_400.jpg,assets/img/catalog/CAMPVS3560.jpg
CAMPVS3520,"Cámara solar IP PROVISION ISR  (SOL1-240ADSRN-36) 4PM, cámara solar tipo bala, Lente fija 3.6 mm (92°), cubre 20 metros en Visión nocturna + luces estroboscópicas  rojas / Azules, ONVIF con compresión inteligente H.265, Inteligencia Artificial (IA) incorporada con reconociendo de objetos, cruce de líneas, micro SIM,LTE-TDD: Banda 38/39/40/41, micro SD (hasta 256 gb), micrófono incorporado , IP67, color blanco","Cámara solar IP PROVISION ISR  (SOL1-240ADSRN-36) 4PM, cámara solar tipo bala, Lente fija 3.6 mm (92°), cubre 20 metros en Visión nocturna + luces estroboscópicas  rojas / Azules, ONVIF con compresión inteligente H.265, Inteligencia Artificial (IA) incorporada con reconociendo de objetos, cruce de líneas, micro SIM,LTE-TDD: Banda 38/39/40/41, micro SD (hasta 256 gb), micrófono incorporado , IP67, color blanco. Clave Oficial CT: CAMPVS3520. Marca: CT.",TELEFONIA Y VIDEO VIGILANCIA,telefonia_seguridad,CT,852.27,16619.32,26590.91,26590.91,22436.08,22436.08,20774.15,19943.18,https://static.ctonline.mx/imagenes/CAMPVS3520/CAMPVS3520_400.jpg,assets/img/catalog/CAMPVS3520.jpg
GRDPVS870,"DVR 8 CANALES PROVISION ISR SH-8100A5N-5L-V2 8+4 IP, 5MP, 4 EN 1, H.265.","DVR 8 CANALES PROVISION ISR SH-8100A5N-5L-V2 8+4 IP, 5MP, 4 EN 1, H.265.. Clave Oficial CT: GRDPVS870. Marca: CT.",TELEFONIA Y VIDEO VIGILANCIA,telefonia_seguridad,CT,116.02,2262.44,3619.91,3619.91,3054.3,3054.3,2828.05,2714.93,https://static.ctonline.mx/imagenes/GRDPVS870/GRDPVS870_400.jpg,assets/img/catalog/GRDPVS870.jpg
GRDPVS950,"DVR PROVISION ISR SH-32400A5N-5L(1.5U)-V2 DVR-5MP Lite, H.265 All In 1 Hybrid Stand Alone, 32CH Video Inputs. 1.5 unidad de Rack","DVR PROVISION ISR SH-32400A5N-5L(1.5U)-V2 DVR-5MP Lite, H.265 All In 1 Hybrid Stand Alone, 32CH Video Inputs. 1.5 unidad de Rack. Clave Oficial CT: GRDPVS950. Marca: CT.",TELEFONIA Y VIDEO VIGILANCIA,telefonia_seguridad,CT,562.61,10970.97,17553.55,17553.55,14810.8,14810.8,13713.71,13165.16,https://static.ctonline.mx/imagenes/GRDPVS950/GRDPVS950_400.jpg,assets/img/catalog/GRDPVS950.jpg
NVRPVS420,"NVR PROVISION ISR NVR12-32800FAN(1U) NVR De 32 Canales 12 MP, Analítica DDA Reconocimiento Facial y Reconocimiento De Placas, 8 entradas De Alarma/4 Salidas De Alarma.","NVR PROVISION ISR NVR12-32800FAN(1U) NVR De 32 Canales 12 MP, Analítica DDA Reconocimiento Facial y Reconocimiento De Placas, 8 entradas De Alarma/4 Salidas De Alarma.. Clave Oficial CT: NVRPVS420. Marca: CT.",TELEFONIA Y VIDEO VIGILANCIA,telefonia_seguridad,CT,320.7,6253.74,10005.98,10005.98,8442.55,8442.55,7817.17,7504.49,https://static.ctonline.mx/imagenes/NVRPVS420/NVRPVS420_400.jpg,assets/img/catalog/NVRPVS420.jpg
ACCPVS430,"Cable siames Marca Provision (PR-CA20), Cable siames incluye conectores de video y energía para DVR/CAMARA (BNC), 20 mts de largo y se requiere un cable por camara, 2 años de garantía","Cable siames Marca Provision (PR-CA20), Cable siames incluye conectores de video y energía para DVR/CAMARA (BNC), 20 mts de largo y se requiere un cable por camara, 2 años de garantía. Clave Oficial CT: ACCPVS430. Marca: CT.",TELEFONIA Y VIDEO VIGILANCIA,telefonia_seguridad,CT,6.81,132.73,212.37,212.37,179.19,179.19,165.92,159.28,https://static.ctonline.mx/imagenes/ACCPVS430/ACCPVS430_400.jpg,assets/img/catalog/ACCPVS430.jpg
VIDPVS010,"Video Portero PROVISION ISR DB-320WIPN con IR /LED blanco, camara de 2mp microfono y altavoz integrados, wiFi, IP65, Control de acceso Mifare y RFID,  Deteccion facial.","Video Portero PROVISION ISR DB-320WIPN con IR /LED blanco, camara de 2mp microfono y altavoz integrados, wiFi, IP65, Control de acceso Mifare y RFID,  Deteccion facial.. Clave Oficial CT: VIDPVS010. Marca: CT.",TELEFONIA Y VIDEO VIGILANCIA,telefonia_seguridad,CT,117.05,2282.39,3651.82,3651.82,3081.22,3081.22,2852.98,2738.86,https://static.ctonline.mx/imagenes/VIDPVS010/VIDPVS010_400.jpg,assets/img/catalog/VIDPVS010.jpg
ACCPVS530,"Video Balum Pasivo para cámaras Marca Provision (PTR-101V-HD+), Video Balum AHD 8/5/4MP- 4 en 1 soporta: AHD / CVI /TVI / CVBS, balum para conectar al DVR y la cámara, Soporta transmisión de video (AHD / CVBS - 200M / CVI / TVI - 150M), Diseño Anti estatica, Diseño filtro de ondas. 2 años de garantía.","Video Balum Pasivo para cámaras Marca Provision (PTR-101V-HD+), Video Balum AHD 8/5/4MP- 4 en 1 soporta: AHD / CVI /TVI / CVBS, balum para conectar al DVR y la cámara, Soporta transmisión de video (AHD / CVBS - 200M / CVI / TVI - 150M), Diseño Anti estatica, Diseño filtro de ondas. 2 años de garantía.. Clave Oficial CT: ACCPVS530. Marca: CT.",TELEFONIA Y VIDEO VIGILANCIA,telefonia_seguridad,CT,3.69,72.02,115.23,115.23,97.22,97.22,90.02,86.42,https://static.ctonline.mx/imagenes/ACCPVS530/ACCPVS530_400.jpg,assets/img/catalog/ACCPVS530.jpg
ACCPVS890,"Soporte de pared para Cámaras (PR-WB-A ), Con Lente Fijo, compatible con cámaras IP/HD.","Soporte de pared para Cámaras (PR-WB-A ), Con Lente Fijo, compatible con cámaras IP/HD.. Clave Oficial CT: ACCPVS890. Marca: CT.",TELEFONIA Y VIDEO VIGILANCIA,telefonia_seguridad,CT,27.89,543.94,870.3,870.3,734.31,734.31,679.92,652.72,https://static.ctonline.mx/imagenes/ACCPVS890/ACCPVS890_400.jpg,assets/img/catalog/ACCPVS890.jpg
ACCPVS760,"Caja de Conexiones para Cámaras (PR-JB12IP66-G), Con Lente Fijo, Cámaras Modelo I4-/I2-/DI, compatible con cámaras AHD/IP, IP66.","Caja de Conexiones para Cámaras (PR-JB12IP66-G), Con Lente Fijo, Cámaras Modelo I4-/I2-/DI, compatible con cámaras AHD/IP, IP66.. Clave Oficial CT: ACCPVS760. Marca: CT.",TELEFONIA Y VIDEO VIGILANCIA,telefonia_seguridad,CT,14.79,288.37,461.39,461.39,389.3,389.3,360.46,346.04,https://static.ctonline.mx/imagenes/ACCPVS760/ACCPVS760_400.jpg,assets/img/catalog/ACCPVS760.jpg
ACCPVS720,Caja de Conexión PROVISION ISR PR-JB14IP66 para cámaras.,Caja de Conexión PROVISION ISR PR-JB14IP66 para cámaras.. Clave Oficial CT: ACCPVS720. Marca: CT.,TELEFONIA Y VIDEO VIGILANCIA,telefonia_seguridad,CT,14.67,286.08,457.72,457.72,386.2,386.2,357.6,343.29,https://static.ctonline.mx/imagenes/ACCPVS720/ACCPVS720_400.jpg,assets/img/catalog/ACCPVS720.jpg
ACCPVS840,"Soporte de Pared PROVISION ISR PR-B50PB para brackets PR-B45JB, PR-B55JB","Soporte de Pared PROVISION ISR PR-B50PB para brackets PR-B45JB, PR-B55JB. Clave Oficial CT: ACCPVS840. Marca: CT.",TELEFONIA Y VIDEO VIGILANCIA,telefonia_seguridad,CT,24.4,475.8,761.28,761.28,642.33,642.33,594.75,570.96,https://static.ctonline.mx/imagenes/ACCPVS840/ACCPVS840_400.jpg,assets/img/catalog/ACCPVS840.jpg
ACCPVS620,"Paquete de Adaptador de energía para cámaras DC macho Marca Provision (PR-C08X10), 10 piezas","Paquete de Adaptador de energía para cámaras DC macho Marca Provision (PR-C08X10), 10 piezas. Clave Oficial CT: ACCPVS620. Marca: CT.",TELEFONIA Y VIDEO VIGILANCIA,telefonia_seguridad,CT,2.84,55.4,88.64,88.64,74.79,74.79,69.25,66.48,https://static.ctonline.mx/imagenes/ACCPVS620/ACCPVS620_400.jpg,assets/img/catalog/ACCPVS620.jpg
ACCPVS440,"Micrófono de alta definición, Entrada RCA y voltaje de operación 12v, Marca Provision (ACC-MIC4)","Micrófono de alta definición, Entrada RCA y voltaje de operación 12v, Marca Provision (ACC-MIC4). Clave Oficial CT: ACCPVS440. Marca: CT.",TELEFONIA Y VIDEO VIGILANCIA,telefonia_seguridad,CT,2.66,51.85,82.96,82.96,70.0,70.0,64.82,62.22,https://static.ctonline.mx/imagenes/ACCPVS440/ACCPVS440_400.jpg,assets/img/catalog/ACCPVS440.jpg
ACCPVS740,"Caja De Conexiones Provision Isr PR-JB12IP64 I4-/I2-/Di-Fix, Ip64","Caja De Conexiones Provision Isr PR-JB12IP64 I4-/I2-/Di-Fix, Ip64. Clave Oficial CT: ACCPVS740. Marca: CT.",TELEFONIA Y VIDEO VIGILANCIA,telefonia_seguridad,CT,15.41,300.48,480.76,480.76,405.64,405.64,375.6,360.57,https://static.ctonline.mx/imagenes/ACCPVS740/ACCPVS740_400.jpg,assets/img/catalog/ACCPVS740.jpg
ACCPVS770,"Caja De Conexiones Provision Isr PR-JB12IP66 I4-/I2-/Di-Fix, Ip66","Caja De Conexiones Provision Isr PR-JB12IP66 I4-/I2-/Di-Fix, Ip66. Clave Oficial CT: ACCPVS770. Marca: CT.",TELEFONIA Y VIDEO VIGILANCIA,telefonia_seguridad,CT,14.67,286.07,457.72,457.72,386.2,386.2,357.59,343.29,https://static.ctonline.mx/imagenes/ACCPVS770/ACCPVS770_400.jpg,assets/img/catalog/ACCPVS770.jpg
ACCPVS730,"Caja de conexiones Modelo PR-JB14IP64, Compatible para Cámaras Tipo, I6-/DI-VF, IP64","Caja de conexiones Modelo PR-JB14IP64, Compatible para Cámaras Tipo, I6-/DI-VF, IP64. Clave Oficial CT: ACCPVS730. Marca: CT.",TELEFONIA Y VIDEO VIGILANCIA,telefonia_seguridad,CT,8.56,166.86,266.97,266.97,225.26,225.26,208.57,200.23,https://static.ctonline.mx/imagenes/ACCPVS730/ACCPVS730_400.jpg,assets/img/catalog/ACCPVS730.jpg
CONGDM150,"GRANDSTREAM (GCC6010) es un equipo todo en uno para empresas que integra firewall, router VPN, switch PoE y PBX IP, permitiendo administrar la red y la telefonía desde un solo dispositivo, Firewall de nueva generación con IDS/IPS, antivirus y DPI, Router VPN con hasta 2.5 Gbps, PBX IP integrada para telefonía VoIP, Switch Gigabit de 5 puertos, 4 puertos PoE para alimentar teléfonos IP y Aps.","GRANDSTREAM (GCC6010) es un equipo todo en uno para empresas que integra firewall, router VPN, switch PoE y PBX IP, permitiendo administrar la red y la telefonía desde un solo dispositivo, Firewall de nueva generación con IDS/IPS, antivirus y DPI, Router VPN con hasta 2.5 Gbps, PBX IP integrada para telefonía VoIP, Switch Gigabit de 5 puertos, 4 puertos PoE para alimentar teléfonos IP y Aps.. Clave Oficial CT: CONGDM150. Marca: CT.",TELEFONIA Y VIDEO VIGILANCIA,telefonia_seguridad,CT,162.76,3173.73,5077.97,5077.97,4284.54,4284.54,3967.17,3808.48,https://static.ctonline.mx/imagenes/CONGDM150/CONGDM150_400.jpg,assets/img/catalog/CONGDM150.jpg
TELGDM540,"Teléfono Hotelero IP GRANDSTREAM GHP610 2 Cuentas SIP, 2 líneas, Gestión y aprovisionamiento, de dispositivos en línea GDMS, Conferencias de audio de 3 vías para llamadas de conferencia, Incluye un puerto de red de 100 Mbps con PoE, Etiqueta de marcación rápida y placa frontal intercambiable para permitir una fácil personalización, Compatibilidad con audífonos (HAC), Protección de nivel empresarial que incluye arranque seguro, color BLANCO.","Teléfono Hotelero IP GRANDSTREAM GHP610 2 Cuentas SIP, 2 líneas, Gestión y aprovisionamiento, de dispositivos en línea GDMS, Conferencias de audio de 3 vías para llamadas de conferencia, Incluye un puerto de red de 100 Mbps con PoE, Etiqueta de marcación rápida y placa frontal intercambiable para permitir una fácil personalización, Compatibilidad con audífonos (HAC), Protección de nivel empresarial que incluye arranque seguro, color BLANCO.. Clave Oficial CT: TELGDM540. Marca: CT.",TELEFONIA Y VIDEO VIGILANCIA,telefonia_seguridad,CT,27.62,538.69,861.9,861.9,727.23,727.23,673.36,646.42,https://static.ctonline.mx/imagenes/TELGDM540/TELGDM540_400.jpg,assets/img/catalog/TELGDM540.jpg
TELGDM340,"Teléfono IP GRANDSTREAM GRP2603 Grado Operador, 3 líneas SIP con 6 cuentas, puertos Gigabit, codec Opus, IPV4/IPV6 con gestión en la nube GDMS. el GRP2603 es un modelo esencial de 3 líneas diseñado con aprovisionamiento sin intervención para implementación masiva y fácil administración. Cuenta con conferencias de voz de 5 vías para maximizar la productividad, PoE integrado (GRP2603P) y es compatible con el sistema de administración de dispositivos (GDMS) de Grandstream. Diseñado para las necesidades básicas de los trabajadores en el sitio o de escritorio remoto, el GRP2603 ofrece un punto final de voz fácil de usar y de implementar.","Teléfono IP GRANDSTREAM GRP2603 Grado Operador, 3 líneas SIP con 6 cuentas, puertos Gigabit, codec Opus, IPV4/IPV6 con gestión en la nube GDMS. el GRP2603 es un modelo esencial de 3 líneas diseñado con aprovisionamiento sin intervención para implementación masiva y fácil administración. Cuenta con conferencias de voz de 5 vías para maximizar la productividad, PoE integrado (GRP2603P) y es compatible con el sistema de administración de dispositivos (GDMS) de Grandstream. Diseñado para las necesidades básicas de los trabajadores en el sitio o de escritorio remoto, el GRP2603 ofrece un punto final de voz fácil de usar y de implementar.. Clave Oficial CT: TELGDM340. Marca: CT.",TELEFONIA Y VIDEO VIGILANCIA,telefonia_seguridad,CT,48.41,943.98,1510.36,1510.36,1274.37,1274.37,1179.97,1132.77,https://static.ctonline.mx/imagenes/TELGDM340/TELGDM340_400.jpg,assets/img/catalog/TELGDM340.jpg
TELGDM580,"Teléfono IP Marca GRANDSTREAM (WP816) Teléfono inalámbrico, de 2 líneas, 2 cuentas SIP, Hasta 6 horas de conversación y 120 horas en espera, batería recargable de 1500mAh, bluethoot integrado para conectar auriculares, puerto USB tipo C, conector 3.5 mm","Teléfono IP Marca GRANDSTREAM (WP816) Teléfono inalámbrico, de 2 líneas, 2 cuentas SIP, Hasta 6 horas de conversación y 120 horas en espera, batería recargable de 1500mAh, bluethoot integrado para conectar auriculares, puerto USB tipo C, conector 3.5 mm. Clave Oficial CT: TELGDM580. Marca: CT.",TELEFONIA Y VIDEO VIGILANCIA,telefonia_seguridad,CT,61.5,1199.25,1918.8,1918.8,1618.99,1618.99,1499.06,1439.1,https://static.ctonline.mx/imagenes/TELGDM580/TELGDM580_400.jpg,assets/img/catalog/TELGDM580.jpg
TELGDM130,"Teléfono IP Marca GRANDSTREAM (GXP2140) Teléfono Empresarial a Color de 4 Líneas y 4 cuentas SIP, Conferencia de 5 vías, Audio HD, Bluetooth, Incluye adaptador universal y soporta PoE.","Teléfono IP Marca GRANDSTREAM (GXP2140) Teléfono Empresarial a Color de 4 Líneas y 4 cuentas SIP, Conferencia de 5 vías, Audio HD, Bluetooth, Incluye adaptador universal y soporta PoE.. Clave Oficial CT: TELGDM130. Marca: CT.",TELEFONIA Y VIDEO VIGILANCIA,telefonia_seguridad,CT,99.09,1932.27,3091.64,3091.64,2608.57,2608.57,2415.34,2318.73,https://static.ctonline.mx/imagenes/TELGDM130/TELGDM130_400.jpg,assets/img/catalog/TELGDM130.jpg
VIDGDM010,"Video portero IP Marca GRANDSTREAM GDS3710 Sistema de Videoportero IP HD SIP, apertura por código, anti vandálico, teclado retro-iluminado, lector RFID, micrófono y altavoz, POE.","Video portero IP Marca GRANDSTREAM GDS3710 Sistema de Videoportero IP HD SIP, apertura por código, anti vandálico, teclado retro-iluminado, lector RFID, micrófono y altavoz, POE.. Clave Oficial CT: VIDGDM010. Marca: CT.",TELEFONIA Y VIDEO VIGILANCIA,telefonia_seguridad,CT,190.92,3722.95,5956.72,5956.72,5025.98,5025.98,4653.69,4467.54,https://static.ctonline.mx/imagenes/VIDGDM010/VIDGDM010_400.jpg,assets/img/catalog/VIDGDM010.jpg
VIDGDM020,"Módulo de expansión Marca GRANDSTREAM GXP2200EXT Módulo de expansión  Cuenta con 20 teclas y 40 registros BLF para teléfonos modelo GXP2140, GXP2170 y GXV3240.","Módulo de expansión Marca GRANDSTREAM GXP2200EXT Módulo de expansión  Cuenta con 20 teclas y 40 registros BLF para teléfonos modelo GXP2140, GXP2170 y GXV3240.. Clave Oficial CT: VIDGDM020. Marca: CT.",TELEFONIA Y VIDEO VIGILANCIA,telefonia_seguridad,CT,87.98,1715.56,2744.89,2744.89,2316.0,2316.0,2144.45,2058.67,https://static.ctonline.mx/imagenes/VIDGDM020/VIDGDM020_400.jpg,assets/img/catalog/VIDGDM020.jpg
ACCGDM140,Inyector Poe Marca GRANDSTREAM GEN-POE-INJECTOR2 para series GWN GXP GDS Y GXV 15w 2 puertos RJ45 48v blanco,Inyector Poe Marca GRANDSTREAM GEN-POE-INJECTOR2 para series GWN GXP GDS Y GXV 15w 2 puertos RJ45 48v blanco. Clave Oficial CT: ACCGDM140. Marca: CT.,TELEFONIA Y VIDEO VIGILANCIA,telefonia_seguridad,CT,12.36,241.09,385.75,385.75,325.47,325.47,301.36,289.31,https://static.ctonline.mx/imagenes/ACCGDM140/ACCGDM140_400.jpg,assets/img/catalog/ACCGDM140.jpg
ACCGDM170,"Inyector Poe Marca GRANDSTREAM GS-POE30W-MG Inyector PoE+ de 30 W con puertos RJ45 de 2.5 Gbps, diseñado para alimentar y conectar dispositivos de red compatibles con los estándares IEEE 802.3af/at mediante un solo cable Ethernet.","Inyector Poe Marca GRANDSTREAM GS-POE30W-MG Inyector PoE+ de 30 W con puertos RJ45 de 2.5 Gbps, diseñado para alimentar y conectar dispositivos de red compatibles con los estándares IEEE 802.3af/at mediante un solo cable Ethernet.. Clave Oficial CT: ACCGDM170. Marca: CT.",TELEFONIA Y VIDEO VIGILANCIA,telefonia_seguridad,CT,17.91,349.23,558.76,558.76,471.46,471.46,436.53,419.07,https://static.ctonline.mx/imagenes/ACCGDM170/ACCGDM170_400.jpg,assets/img/catalog/ACCGDM170.jpg
RCKWAM010,"Rack WAM WAM-RACK719 42UR Acero Calibre 10, Alto:  2133.6 mm Ancho Exterior 512 mm, Ancho Interior: 482.6 mm (19""), rosca para tornillos de 12-24 en ambas caras para fijación de equipamiento, espesor de acero de 3.4 mm. , diseñado para alojar equipos de telecomunicaciones con medida estándar de 19"".","Rack WAM WAM-RACK719 42UR Acero Calibre 10, Alto:  2133.6 mm Ancho Exterior 512 mm, Ancho Interior: 482.6 mm (19""), rosca para tornillos de 12-24 en ambas caras para fijación de equipamiento, espesor de acero de 3.4 mm. , diseñado para alojar equipos de telecomunicaciones con medida estándar de 19"".. Clave Oficial CT: RCKWAM010. Marca: CT.",TELEFONIA Y VIDEO VIGILANCIA,telefonia_seguridad,CT,100.0,1950.0,3120.0,3120.0,2632.5,2632.5,2437.5,2340.0,https://static.ctonline.mx/imagenes/RCKWAM010/RCKWAM010_400.jpg,assets/img/catalog/RCKWAM010.jpg
RCKWAM020,"Rack WAM WAM-RACK419 25UR Acero Calibre 14, Alto:  1219.2 mm Ancho Exterior 515 mm, Ancho Interior: 482.6 mm (19""), rosca para tornillos de 12-24 en ambas caras para fijación de equipamiento, espesor de acero de 3.4 mm. , diseñado para alojar equipos de telecomunicaciones con medida estándar de 19"".","Rack WAM WAM-RACK419 25UR Acero Calibre 14, Alto:  1219.2 mm Ancho Exterior 515 mm, Ancho Interior: 482.6 mm (19""), rosca para tornillos de 12-24 en ambas caras para fijación de equipamiento, espesor de acero de 3.4 mm. , diseñado para alojar equipos de telecomunicaciones con medida estándar de 19"".. Clave Oficial CT: RCKWAM020. Marca: CT.",TELEFONIA Y VIDEO VIGILANCIA,telefonia_seguridad,CT,86.61,1688.97,2702.35,2702.35,2280.1,2280.1,2111.21,2026.76,https://static.ctonline.mx/imagenes/RCKWAM020/RCKWAM020_400.jpg,assets/img/catalog/RCKWAM020.jpg
ACCDAH790,"Control de tiempo y asistencia DAHUA ASA1222E-S control de asistencia capacidad 2000 huellas puerto de red y USB, Capacidad de registros: 100,000, Múltiples métodos de verificación (FP / PWD, solo FP, solo PWD, Firmware de actualización flash USB, 6 tipos de eventos de asistencia: check in / out, break in / out, over time in / out, Horario de verano, T9 entrada de texto, dos roles de usuario: administrador y usuario normal, Todos los usuarios pueden consultar sus registros de asistencia, 175 mm * 120 mm * 23 mm","Control de tiempo y asistencia DAHUA ASA1222E-S control de asistencia capacidad 2000 huellas puerto de red y USB, Capacidad de registros: 100,000, Múltiples métodos de verificación (FP / PWD, solo FP, solo PWD, Firmware de actualización flash USB, 6 tipos de eventos de asistencia: check in / out, break in / out, over time in / out, Horario de verano, T9 entrada de texto, dos roles de usuario: administrador y usuario normal, Todos los usuarios pueden consultar sus registros de asistencia, 175 mm * 120 mm * 23 mm. Clave Oficial CT: ACCDAH790. Marca: CT.",TELEFONIA Y VIDEO VIGILANCIA,telefonia_seguridad,CT,45.34,884.15,1414.64,1414.64,1193.6,1193.6,1105.18,1060.98,https://static.ctonline.mx/imagenes/ACCDAH790/ACCDAH790_400.jpg,assets/img/catalog/ACCDAH790.jpg
ACCDAH2860,"Control de asistencia Stand AloneDAHUA DHI-ASA2212GL / WiFi / 3,000 Usuarios / 3,000 Tarjetas / 3,000 Huellas / 100,000 Registros / Validación de tarjetas IC & ID, contraseña y huella / Batería de Litio recargable / TCP/IP P2P y DHCP #ASE","Control de asistencia Stand AloneDAHUA DHI-ASA2212GL / WiFi / 3,000 Usuarios / 3,000 Tarjetas / 3,000 Huellas / 100,000 Registros / Validación de tarjetas IC & ID, contraseña y huella / Batería de Litio recargable / TCP/IP P2P y DHCP #ASE. Clave Oficial CT: ACCDAH2860. Marca: CT.",TELEFONIA Y VIDEO VIGILANCIA,telefonia_seguridad,CT,40.18,783.55,1253.67,1253.67,1057.79,1057.79,979.43,940.25,https://static.ctonline.mx/imagenes/ACCDAH2860/ACCDAH2860_400.jpg,assets/img/catalog/ACCDAH2860.jpg
KITDAH770,SAXXON By dahua SUA-KIT/XVR1E04-I/4-B10P-0280B - Kit de 4 Canales HDCVI/ Cámaras B10P de 1MP 720P/ Lente de 2.8mm Con Apertura de Hasta 100°/ Grabador de 4 Canales con Detección de Movimiento Inteligente/ Entradas y Salidas de Audio,SAXXON By dahua SUA-KIT/XVR1E04-I/4-B10P-0280B - Kit de 4 Canales HDCVI/ Cámaras B10P de 1MP 720P/ Lente de 2.8mm Con Apertura de Hasta 100°/ Grabador de 4 Canales con Detección de Movimiento Inteligente/ Entradas y Salidas de Audio. Clave Oficial CT: KITDAH770. Marca: CT.,TELEFONIA Y VIDEO VIGILANCIA,telefonia_seguridad,CT,61.88,1206.56,1930.5,1930.5,1628.86,1628.86,1508.2,1447.88,https://static.ctonline.mx/imagenes/KITDAH770/KITDAH770_400.jpg,assets/img/catalog/KITDAH770.jpg
KITDAH750,"Kit DAHUA KITXVR1B04H-I4B2A51-U - Kit de 4 Cámaras metálicas 5 MP Lente de 2.8mm y un DVR Cooper-I WizSense, 4 Canales + 1 IP o Hasta 5 Canales IP. Soporta Con IA, H.265+, SMD Plus y Búsqueda de Humanos y Vehículos.","Kit DAHUA KITXVR1B04H-I4B2A51-U - Kit de 4 Cámaras metálicas 5 MP Lente de 2.8mm y un DVR Cooper-I WizSense, 4 Canales + 1 IP o Hasta 5 Canales IP. Soporta Con IA, H.265+, SMD Plus y Búsqueda de Humanos y Vehículos.. Clave Oficial CT: KITDAH750. Marca: CT.",TELEFONIA Y VIDEO VIGILANCIA,telefonia_seguridad,CT,152.56,2974.86,4759.77,4759.77,4016.06,4016.06,3718.57,3569.83,https://static.ctonline.mx/imagenes/KITDAH750/KITDAH750_400.jpg,assets/img/catalog/KITDAH750.jpg
KITDAH740,"Kit DAHUA KIT/XVR1B08-I/4-B1A21N-U - Kit de Videovigilancia con DVR Cooper-I WizSense, IA, 8 canales +2 IP o Hasta 10 Canales IP y 4 cámaras B1A21-U de 2MP. Graba en H.265+ y permite búsqueda de humanos y vehículos con SMD Plus","Kit DAHUA KIT/XVR1B08-I/4-B1A21N-U - Kit de Videovigilancia con DVR Cooper-I WizSense, IA, 8 canales +2 IP o Hasta 10 Canales IP y 4 cámaras B1A21-U de 2MP. Graba en H.265+ y permite búsqueda de humanos y vehículos con SMD Plus. Clave Oficial CT: KITDAH740. Marca: CT.",TELEFONIA Y VIDEO VIGILANCIA,telefonia_seguridad,CT,107.95,2105.11,3368.18,3368.18,2841.9,2841.9,2631.39,2526.14,https://static.ctonline.mx/imagenes/KITDAH740/KITDAH740_400.jpg,assets/img/catalog/KITDAH740.jpg
GRDDAH1290,DVR de 16 canales DAHUA DH-XVR1B16-I/T 1080p Lite WizSense y Cooper-I/ Audio Bidireccional en los 16 Canales/ H.265+,DVR de 16 canales DAHUA DH-XVR1B16-I/T 1080p Lite WizSense y Cooper-I/ Audio Bidireccional en los 16 Canales/ H.265+. Clave Oficial CT: GRDDAH1290. Marca: CT.,TELEFONIA Y VIDEO VIGILANCIA,telefonia_seguridad,CT,78.12,1523.44,2437.5,2437.5,2056.64,2056.64,1904.3,1828.12,https://static.ctonline.mx/imagenes/GRDDAH1290/GRDDAH1290_400.jpg,assets/img/catalog/GRDDAH1290.jpg
GRDDAH1240,DAHUA DH-XVR1B16-I/T -DVR de 16 canales 1080p Lite WizSense y Cooper-I/ Audio Bidireccional en los 16 Canales/ H.265+/ Soporta Hasta 18 canales IP y 8 canales con SMD Plus/ Búsqueda Inteligente Personas y Vehículos/ Compatible con Dolink Care,DAHUA DH-XVR1B16-I/T -DVR de 16 canales 1080p Lite WizSense y Cooper-I/ Audio Bidireccional en los 16 Canales/ H.265+/ Soporta Hasta 18 canales IP y 8 canales con SMD Plus/ Búsqueda Inteligente Personas y Vehículos/ Compatible con Dolink Care. Clave Oficial CT: GRDDAH1240. Marca: DAHUA.,TELEFONIA Y VIDEO VIGILANCIA,telefonia_seguridad,DAHUA,72.61,1415.97,2265.55,2265.55,1911.55,1911.55,1769.96,1699.16,https://static.ctonline.mx/imagenes/GRDDAH1240/GRDDAH1240_400.jpg,assets/img/catalog/GRDDAH1240.jpg
GRDDAH1140,"DVR 32 CANALES 5MP DH-XVR5832S-I3 DVR 32 canales de 5MP y 1080p con WizSense, H.265+, codificación IA. Incluye 2 canales de reconocimiento facial y soporte para hasta 32 canales IP (32 totales). SMD Plus y protección perimetral","DVR 32 CANALES 5MP DH-XVR5832S-I3 DVR 32 canales de 5MP y 1080p con WizSense, H.265+, codificación IA. Incluye 2 canales de reconocimiento facial y soporte para hasta 32 canales IP (32 totales). SMD Plus y protección perimetral. Clave Oficial CT: GRDDAH1140. Marca: CT.",TELEFONIA Y VIDEO VIGILANCIA,telefonia_seguridad,CT,521.59,10171.02,16273.64,16273.64,13730.88,13730.88,12713.78,12205.23,https://static.ctonline.mx/imagenes/GRDDAH1140/GRDDAH1140_400.jpg,assets/img/catalog/GRDDAH1140.jpg
GRDDAH1070,"XVR DAHUA 8 Canales HDCVI DH-XVR5108HS-4KL-I3, Pentahibrido 4K, WizSense, 8 Canales HDCVI + 8 Canales IP, hasta 16 canales IP, codificación con IA, 2 Canales de Reconocimiento Facial, SDM Plus, Protección Perimetral, 1 Sata hasta 16TB, 1 Año de garantía","XVR DAHUA 8 Canales HDCVI DH-XVR5108HS-4KL-I3, Pentahibrido 4K, WizSense, 8 Canales HDCVI + 8 Canales IP, hasta 16 canales IP, codificación con IA, 2 Canales de Reconocimiento Facial, SDM Plus, Protección Perimetral, 1 Sata hasta 16TB, 1 Año de garantía. Clave Oficial CT: GRDDAH1070. Marca: CT.",TELEFONIA Y VIDEO VIGILANCIA,telefonia_seguridad,CT,145.01,2827.72,4524.35,4524.35,3817.42,3817.42,3534.65,3393.27,https://static.ctonline.mx/imagenes/GRDDAH1070/GRDDAH1070_400.jpg,assets/img/catalog/GRDDAH1070.jpg
GRDDAH1010,"XVR Dahua 16 Canales 5MP Lite DH-XVR5116HE-I3, 16 canales HDCVI + 8 canales IP hasta 6MP, hasta 24 canales IP, compresión H.265+, WizSense, Inteligencia Artificial, SMD Plus, 2 canales de Reconocimiento Facial, Funciones IoT&POS, 16/3 E/S de alarma, 16 entradas de audio, 1 puerto RS485 para control PTZ, 1 puerto Sata hasta 16TB, 1 año de Garantia.","XVR Dahua 16 Canales 5MP Lite DH-XVR5116HE-I3, 16 canales HDCVI + 8 canales IP hasta 6MP, hasta 24 canales IP, compresión H.265+, WizSense, Inteligencia Artificial, SMD Plus, 2 canales de Reconocimiento Facial, Funciones IoT&POS, 16/3 E/S de alarma, 16 entradas de audio, 1 puerto RS485 para control PTZ, 1 puerto Sata hasta 16TB, 1 año de Garantia.. Clave Oficial CT: GRDDAH1010. Marca: CT.",TELEFONIA Y VIDEO VIGILANCIA,telefonia_seguridad,CT,171.14,3337.16,5339.45,5339.45,4505.16,4505.16,4171.45,4004.59,https://static.ctonline.mx/imagenes/GRDDAH1010/GRDDAH1010_400.jpg,assets/img/catalog/GRDDAH1010.jpg
GRDDAH850,"XVR Dahua 32 Canales 5MP lite DH-XVR5232AN-I3, WizSense, compresión H.265+, 2 canales de Reconocimiento facial, hasta 32 canales IP máximo 6MP, SMD Plus, codificación IA, Onvif, Funciones IoT&POS, Protección perimetral, 1 E/S de audio, 1 interfaz RS485, 2 puertos Sata hasta 16 TB, 1 año de Garantía.","XVR Dahua 32 Canales 5MP lite DH-XVR5232AN-I3, WizSense, compresión H.265+, 2 canales de Reconocimiento facial, hasta 32 canales IP máximo 6MP, SMD Plus, codificación IA, Onvif, Funciones IoT&POS, Protección perimetral, 1 E/S de audio, 1 interfaz RS485, 2 puertos Sata hasta 16 TB, 1 año de Garantía.. Clave Oficial CT: GRDDAH850. Marca: CT.",TELEFONIA Y VIDEO VIGILANCIA,telefonia_seguridad,CT,308.14,6008.66,9613.85,9613.85,8111.69,8111.69,7510.82,7210.39,https://static.ctonline.mx/imagenes/GRDDAH850/GRDDAH850_400.jpg,assets/img/catalog/GRDDAH850.jpg
GRDDAH1200,"XVR DAHUA DH-XVR1B04-I/T- DVR de 4 Canales 1080P LiteWizSense, HDCVI X Plus, 4 Canales HDCVI +1 Canal IP, Audio Bidireccional en los 4 Canales, Detección de Movimiento Inteligente, Conversión de Hasta 5 Canales IP, Decodificación de Video Hasta 1080P Lite.","XVR DAHUA DH-XVR1B04-I/T- DVR de 4 Canales 1080P LiteWizSense, HDCVI X Plus, 4 Canales HDCVI +1 Canal IP, Audio Bidireccional en los 4 Canales, Detección de Movimiento Inteligente, Conversión de Hasta 5 Canales IP, Decodificación de Video Hasta 1080P Lite.. Clave Oficial CT: GRDDAH1200. Marca: CT.",TELEFONIA Y VIDEO VIGILANCIA,telefonia_seguridad,CT,29.26,570.6,912.95,912.95,770.31,770.31,713.25,684.72,https://static.ctonline.mx/imagenes/GRDDAH1200/GRDDAH1200_400.jpg,assets/img/catalog/GRDDAH1200.jpg
GRDDAH1210,"XVR DAHUA DH-XVR1B08-I/T- DVR de 8 Canales 1080P LiteWizSense, HDCVI X Plus, 8 Canales HDCVI +2 Canal IP, Audio Bidireccional en los 8 Canales, Detección de Movimiento Inteligente, Conversión de Hasta 10 Canales IP, Decodificación de Video Hasta 1080P Lite.","XVR DAHUA DH-XVR1B08-I/T- DVR de 8 Canales 1080P LiteWizSense, HDCVI X Plus, 8 Canales HDCVI +2 Canal IP, Audio Bidireccional en los 8 Canales, Detección de Movimiento Inteligente, Conversión de Hasta 10 Canales IP, Decodificación de Video Hasta 1080P Lite.. Clave Oficial CT: GRDDAH1210. Marca: CT.",TELEFONIA Y VIDEO VIGILANCIA,telefonia_seguridad,CT,44.84,874.4,1399.04,1399.04,1180.44,1180.44,1093.0,1049.28,https://static.ctonline.mx/imagenes/GRDDAH1210/GRDDAH1210_400.jpg,assets/img/catalog/GRDDAH1210.jpg
GRDDAH1000,"XVR DAHUA 4 Canales XVR5104HS-4KL-I2 (I3), 4k, WizSense, Compresión H.265+, 4 Canales HDCVI + 4 IP, Hasta 8 Ch IP, 1 canal de Reconocimiento Facial, SDM Plus, 1 canal Proteccion Perimetral, 1 puerto SATA de hasta 10TB, 1 puerto RS485 para control PTZ, Soporta HDCVI/AHD/TVI/CVBS.","XVR DAHUA 4 Canales XVR5104HS-4KL-I2 (I3), 4k, WizSense, Compresión H.265+, 4 Canales HDCVI + 4 IP, Hasta 8 Ch IP, 1 canal de Reconocimiento Facial, SDM Plus, 1 canal Proteccion Perimetral, 1 puerto SATA de hasta 10TB, 1 puerto RS485 para control PTZ, Soporta HDCVI/AHD/TVI/CVBS.. Clave Oficial CT: GRDDAH1000. Marca: CT.",TELEFONIA Y VIDEO VIGILANCIA,telefonia_seguridad,CT,81.0,1579.5,2527.2,2527.2,2132.33,2132.33,1974.38,1895.4,https://static.ctonline.mx/imagenes/GRDDAH1000/GRDDAH1000_400.jpg,assets/img/catalog/GRDDAH1000.jpg
GRDDAH820,"XVR Dahua 8 Canales 5MP lite DH-XVR5108HS-I2, WizSense, compresión H.265+, 8 Canales HDCVI + 4 Canales IP, Hasta 12 Canales IP, 2 Canales de Reconocimiento Facial, hasta 8 canales SMD plus, Protección Perimetral, 1 puerto RS485 para control PTZ, 1 puerto Sata hasta 10TB, 1 año de Garantía","XVR Dahua 8 Canales 5MP lite DH-XVR5108HS-I2, WizSense, compresión H.265+, 8 Canales HDCVI + 4 Canales IP, Hasta 12 Canales IP, 2 Canales de Reconocimiento Facial, hasta 8 canales SMD plus, Protección Perimetral, 1 puerto RS485 para control PTZ, 1 puerto Sata hasta 10TB, 1 año de Garantía. Clave Oficial CT: GRDDAH820. Marca: CT.",TELEFONIA Y VIDEO VIGILANCIA,telefonia_seguridad,CT,76.31,1487.98,2380.77,2380.77,2008.78,2008.78,1859.98,1785.58,https://static.ctonline.mx/imagenes/GRDDAH820/GRDDAH820_400.jpg,assets/img/catalog/GRDDAH820.jpg
GRDDAH870,"XVR Dahua 4 Canales 4K DH-XVR5104HE-4KL-I3, WizSense, codificación inteligente, 4 Canales HDCVI + 4 Canales IP, Hasta 8 Canales IP, 4 canales SMD plus, 1 canal de reconocimiento facial, 1 canal de protección perimetral, 4/1 entrada/salida de audio, 8/3 entradas/salidas de alarma, Compresión H.265+, 1 puerto Sata hasta 10TB, 1 puerto RS485 para control PTZ, 1 año de Garantía","XVR Dahua 4 Canales 4K DH-XVR5104HE-4KL-I3, WizSense, codificación inteligente, 4 Canales HDCVI + 4 Canales IP, Hasta 8 Canales IP, 4 canales SMD plus, 1 canal de reconocimiento facial, 1 canal de protección perimetral, 4/1 entrada/salida de audio, 8/3 entradas/salidas de alarma, Compresión H.265+, 1 puerto Sata hasta 10TB, 1 puerto RS485 para control PTZ, 1 año de Garantía. Clave Oficial CT: GRDDAH870. Marca: CT.",TELEFONIA Y VIDEO VIGILANCIA,telefonia_seguridad,CT,97.78,1906.79,3050.86,3050.86,2574.17,2574.17,2383.49,2288.15,https://static.ctonline.mx/imagenes/GRDDAH870/GRDDAH870_400.jpg,assets/img/catalog/GRDDAH870.jpg
GRDDAH830,"XVR Dahua 16 Canales 4K DH-XVR5116H-4KL-I2, WizSense, Compresión H.265+, 16 canales HDCVI 4K SMD Plus + 16 Canales IP 8MP, hasta 32 canales IP, 1 entrada / 1 salida RCA de audio, 1 interfaz RS485, Protección perimetral, Reconocimiento humano/vehículo, funciones IoT y POS, 1 puerto Sata hasta 10TB, 1 año de Garantía","XVR Dahua 16 Canales 4K DH-XVR5116H-4KL-I2, WizSense, Compresión H.265+, 16 canales HDCVI 4K SMD Plus + 16 Canales IP 8MP, hasta 32 canales IP, 1 entrada / 1 salida RCA de audio, 1 interfaz RS485, Protección perimetral, Reconocimiento humano/vehículo, funciones IoT y POS, 1 puerto Sata hasta 10TB, 1 año de Garantía. Clave Oficial CT: GRDDAH830. Marca: CT.",TELEFONIA Y VIDEO VIGILANCIA,telefonia_seguridad,CT,226.55,4417.64,7068.22,7068.22,5963.81,5963.81,5522.05,5301.16,https://static.ctonline.mx/imagenes/GRDDAH830/GRDDAH830_400.jpg,assets/img/catalog/GRDDAH830.jpg
GRDDAH1100,"DVR 16 CANALES 4K DH-XVR5116HE-4KL-I3 DVR 16 Canales 4K con IA, WizSense, H.265+, 16 Canales HDCVI+IP (32 Ch máx.), Reconocimiento Facial, SMD Plus, Protección Perimetral, 16&3 E&S Alarma, 1 Puerto SATA","DVR 16 CANALES 4K DH-XVR5116HE-4KL-I3 DVR 16 Canales 4K con IA, WizSense, H.265+, 16 Canales HDCVI+IP (32 Ch máx.), Reconocimiento Facial, SMD Plus, Protección Perimetral, 16&3 E&S Alarma, 1 Puerto SATA. Clave Oficial CT: GRDDAH1100. Marca: CT.",TELEFONIA Y VIDEO VIGILANCIA,telefonia_seguridad,CT,255.98,4991.56,7986.49,7986.49,6738.6,6738.6,6239.45,5989.87,https://static.ctonline.mx/imagenes/GRDDAH1100/GRDDAH1100_400.jpg,assets/img/catalog/GRDDAH1100.jpg
GRDDAH1150,"DVR 16 CANALES 4K DH-XVR5216A-4KL-I3 DVR de 16 Canales 4K, WizSense, H.265+, 16 Canales HDCVI+16 IP, Hasta 32 Ch IP, 2 Ch de Reconocimiento Facial, SDM Plus, Protección Perimetral, 2 SATA de hasta 10TB, 16&3 E&S de Alarmas, 4 Canales de Audio, IoT, POS","DVR 16 CANALES 4K DH-XVR5216A-4KL-I3 DVR de 16 Canales 4K, WizSense, H.265+, 16 Canales HDCVI+16 IP, Hasta 32 Ch IP, 2 Ch de Reconocimiento Facial, SDM Plus, Protección Perimetral, 2 SATA de hasta 10TB, 16&3 E&S de Alarmas, 4 Canales de Audio, IoT, POS. Clave Oficial CT: GRDDAH1150. Marca: CT.",TELEFONIA Y VIDEO VIGILANCIA,telefonia_seguridad,CT,300.48,5859.31,9374.89,9374.89,7910.06,7910.06,7324.13,7031.17,https://static.ctonline.mx/imagenes/GRDDAH1150/GRDDAH1150_400.jpg,assets/img/catalog/GRDDAH1150.jpg
NVRDAH430,"NVR 16 CANALES 8MP DHI-NVR2116HS-I2 NVR de 8 Megapíxeles, 4K, 16 Canales IP, WizSense, Con IA, Rendimiento de 144 Mbps, Smart H.265+, 1 Ch de Reconocimiento Facial o 1 Canal de Protección Perimetral o 4 Canales de SMD, 1 Puerto SATA 10 TB, HDMI&VGA, Onvif","NVR 16 CANALES 8MP DHI-NVR2116HS-I2 NVR de 8 Megapíxeles, 4K, 16 Canales IP, WizSense, Con IA, Rendimiento de 144 Mbps, Smart H.265+, 1 Ch de Reconocimiento Facial o 1 Canal de Protección Perimetral o 4 Canales de SMD, 1 Puerto SATA 10 TB, HDMI&VGA, Onvif. Clave Oficial CT: NVRDAH430. Marca: CT.",TELEFONIA Y VIDEO VIGILANCIA,telefonia_seguridad,CT,110.6,2156.74,3450.79,3450.79,2911.6,2911.6,2695.93,2588.09,https://static.ctonline.mx/imagenes/NVRDAH430/NVRDAH430_400.jpg,assets/img/catalog/NVRDAH430.jpg
NVRDAH410,"NVR Dahua 4 Canales IP DHI-NVR1104HS-P-S3/H, Compresión H.265+, 4 puertos PoE, Rendimiento 80 Mbps, 1 Puerto HDMI, 1 puerto VGA, 1 Puerto SATA hasta 8TB, 1 año de Garantía","NVR Dahua 4 Canales IP DHI-NVR1104HS-P-S3/H, Compresión H.265+, 4 puertos PoE, Rendimiento 80 Mbps, 1 Puerto HDMI, 1 puerto VGA, 1 Puerto SATA hasta 8TB, 1 año de Garantía. Clave Oficial CT: NVRDAH410. Marca: CT.",TELEFONIA Y VIDEO VIGILANCIA,telefonia_seguridad,CT,69.2,1349.49,2159.18,2159.18,1821.81,1821.81,1686.86,1619.39,https://static.ctonline.mx/imagenes/NVRDAH410/NVRDAH410_400.jpg,assets/img/catalog/NVRDAH410.jpg
NVRDAH420,"NVR Dahua 8 Canales IP DHI-NVR1108HS-8P-S3/H, Compresión H.265+, 8 puertos PoE, Rendimiento 80 Mbps, 1 Puerto HDMI, 1 puerto VGA, 1 Puerto SATA hasta 8TB, 1 año de Garantía","NVR Dahua 8 Canales IP DHI-NVR1108HS-8P-S3/H, Compresión H.265+, 8 puertos PoE, Rendimiento 80 Mbps, 1 Puerto HDMI, 1 puerto VGA, 1 Puerto SATA hasta 8TB, 1 año de Garantía. Clave Oficial CT: NVRDAH420. Marca: CT.",TELEFONIA Y VIDEO VIGILANCIA,telefonia_seguridad,CT,92.43,1802.42,2883.87,2883.87,2433.27,2433.27,2253.03,2162.9,https://static.ctonline.mx/imagenes/NVRDAH420/NVRDAH420_400.jpg,assets/img/catalog/NVRDAH420.jpg
NVRDAH320,"NVR Dahua 32 Canales DHI-NVR5832-16P4KS2E, 16 puertos PoE, Serie Pro, Detección de rostros, Intrusión, Conteo de Personas, Cruce de linea, Compresión de video H.265+, resolución hasta 12 MP, ancho de banda máximo 320Mbps,1 puerto RS485, 8 Sata hasta 10TB, 16/6 E/S de alarma, 2 HDMI, 2 VGA.","NVR Dahua 32 Canales DHI-NVR5832-16P4KS2E, 16 puertos PoE, Serie Pro, Detección de rostros, Intrusión, Conteo de Personas, Cruce de linea, Compresión de video H.265+, resolución hasta 12 MP, ancho de banda máximo 320Mbps,1 puerto RS485, 8 Sata hasta 10TB, 16/6 E/S de alarma, 2 HDMI, 2 VGA.. Clave Oficial CT: NVRDAH320. Marca: CT.",TELEFONIA Y VIDEO VIGILANCIA,telefonia_seguridad,CT,1068.81,20841.73,33346.77,33346.77,28136.34,28136.34,26052.17,25010.08,https://static.ctonline.mx/imagenes/NVRDAH320/NVRDAH320_400.jpg,assets/img/catalog/NVRDAH320.jpg
NVRDAH620,NVR DHI-NVR5864-16P-EI /NVR de 64 Canales IP4K/ 16 Puertos Poe/Raid0/1/5/6/10/ 384 Mbps/ IA por grabador: detección y reconocimiento de rostros/ Protección perimetral /SMD Plus de 8 canales/ IA por cámara,NVR DHI-NVR5864-16P-EI /NVR de 64 Canales IP4K/ 16 Puertos Poe/Raid0/1/5/6/10/ 384 Mbps/ IA por grabador: detección y reconocimiento de rostros/ Protección perimetral /SMD Plus de 8 canales/ IA por cámara. Clave Oficial CT: NVRDAH620. Marca: CT.,TELEFONIA Y VIDEO VIGILANCIA,telefonia_seguridad,CT,1235.23,24086.93,38539.09,38539.09,32517.36,32517.36,30108.66,28904.32,https://static.ctonline.mx/imagenes/NVRDAH620/NVRDAH620_400.jpg,assets/img/catalog/NVRDAH620.jpg
CAMDAH6690,Cámara Dahua IPC-HFW2549TL-S-PV Cámara IP Bullet de 5 Megapíxeles/ Iluminador Dual y Disuasión Activa/ Sirena y Estrobo/ Lente de 2.8 mm,Cámara Dahua IPC-HFW2549TL-S-PV Cámara IP Bullet de 5 Megapíxeles/ Iluminador Dual y Disuasión Activa/ Sirena y Estrobo/ Lente de 2.8 mm. Clave Oficial CT: CAMDAH6690. Marca: CT.,TELEFONIA Y VIDEO VIGILANCIA,telefonia_seguridad,CT,78.78,1536.29,2458.06,2458.06,2073.99,2073.99,1920.36,1843.55,https://static.ctonline.mx/imagenes/CAMDAH6690/CAMDAH6690_400.jpg,assets/img/catalog/CAMDAH6690.jpg
CAMDAH3450,"Cámara Dahua HAC-B2A51N-028, Cámara bullet de 5 MP con lente de 2.8 mm y ángulo de visión de 106°. Incorpora IR de 20 m","Cámara Dahua HAC-B2A51N-028, Cámara bullet de 5 MP con lente de 2.8 mm y ángulo de visión de 106°. Incorpora IR de 20 m. Clave Oficial CT: CAMDAH3450. Marca: CT.",TELEFONIA Y VIDEO VIGILANCIA,telefonia_seguridad,CT,20.11,392.22,627.55,627.55,529.49,529.49,490.27,470.66,https://static.ctonline.mx/imagenes/CAMDAH3450/CAMDAH3450_400.jpg,assets/img/catalog/CAMDAH3450.jpg
CAMDAH6890,Cámara Dahua HAC-PT1509AN-A-LED Cámara PT de 5 Megapíxeles Full Color HDCVI X PLUS Lente de 2.8 mm Visión Nocturna de 40 m con LEDs Micrófono Integrado Ángulo de Visión de Hasta106° IP66,Cámara Dahua HAC-PT1509AN-A-LED Cámara PT de 5 Megapíxeles Full Color HDCVI X PLUS Lente de 2.8 mm Visión Nocturna de 40 m con LEDs Micrófono Integrado Ángulo de Visión de Hasta106° IP66. Clave Oficial CT: CAMDAH6890. Marca: CT.,TELEFONIA Y VIDEO VIGILANCIA,telefonia_seguridad,CT,43.58,849.8,1359.68,1359.68,1147.23,1147.23,1062.25,1019.76,https://static.ctonline.mx/imagenes/CAMDAH6890/CAMDAH6890_400.jpg,assets/img/catalog/CAMDAH6890.jpg
CAMDAH6350,"Cámara DAHUA IPC-HFW1431S1-A-S6, cámara IP Bullet de 4MP cuenta con micrófono integrado, 102° de visión, H.265, lente de 2.8mm,poe","Cámara DAHUA IPC-HFW1431S1-A-S6, cámara IP Bullet de 4MP cuenta con micrófono integrado, 102° de visión, H.265, lente de 2.8mm,poe. Clave Oficial CT: CAMDAH6350. Marca: CT.",TELEFONIA Y VIDEO VIGILANCIA,telefonia_seguridad,CT,52.05,1014.89,1623.82,1623.82,1370.1,1370.1,1268.61,1217.86,https://static.ctonline.mx/imagenes/CAMDAH6350/CAMDAH6350_400.jpg,assets/img/catalog/CAMDAH6350.jpg
CAMDAH6570,"Cámara DAHUA DH-IPC-HFW2249TL-S-PRO, cámara bala de 2 mp, Wizcolor, Wizsense, SMD plus, lente de 2.8mm, luz cálida de 50 m, Micrófono","Cámara DAHUA DH-IPC-HFW2249TL-S-PRO, cámara bala de 2 mp, Wizcolor, Wizsense, SMD plus, lente de 2.8mm, luz cálida de 50 m, Micrófono. Clave Oficial CT: CAMDAH6570. Marca: CT.",TELEFONIA Y VIDEO VIGILANCIA,telefonia_seguridad,CT,71.52,1394.69,2231.51,2231.51,1882.84,1882.84,1743.37,1673.63,https://static.ctonline.mx/imagenes/CAMDAH6570/CAMDAH6570_400.jpg,assets/img/catalog/CAMDAH6570.jpg
CAMDAH5850,"Cámara DAHUA DH-HPT1539DD-STW-5E2-IL, Cámara IP PT Wifi Dual de 10 Megapíxeles, Hero, Dos lentes de 3 K cada uno, Luz visible, IR 30m, Micrófono y Altavoz Integrados, Botón de Llamada, Autotracking, Disuasión activa, Ranura MicroSD, Detección de Humanos y Mascotas, H5D-5F.","Cámara DAHUA DH-HPT1539DD-STW-5E2-IL, Cámara IP PT Wifi Dual de 10 Megapíxeles, Hero, Dos lentes de 3 K cada uno, Luz visible, IR 30m, Micrófono y Altavoz Integrados, Botón de Llamada, Autotracking, Disuasión activa, Ranura MicroSD, Detección de Humanos y Mascotas, H5D-5F.. Clave Oficial CT: CAMDAH5850. Marca: CT.",TELEFONIA Y VIDEO VIGILANCIA,telefonia_seguridad,CT,39.38,767.81,1228.5,1228.5,1036.55,1036.55,959.77,921.38,https://static.ctonline.mx/imagenes/CAMDAH5850/CAMDAH5850_400.jpg,assets/img/catalog/CAMDAH5850.jpg
CAMDAH1430,"Cámara IP PTZ 2MP DH-SD40212TN-HN-S2 Cámara IP PTZ Antivandálica de 2 MP; ofrece 12x de zoom óptico, compresión H.265+ y WDR real de 120 dB para imágenes claras. Con protección IP66 e IK10, video analíticos IVS, enfoque predictivo y soporte PoE Plus","Cámara IP PTZ 2MP DH-SD40212TN-HN-S2 Cámara IP PTZ Antivandálica de 2 MP; ofrece 12x de zoom óptico, compresión H.265+ y WDR real de 120 dB para imágenes claras. Con protección IP66 e IK10, video analíticos IVS, enfoque predictivo y soporte PoE Plus. Clave Oficial CT: CAMDAH1430. Marca: CT.",TELEFONIA Y VIDEO VIGILANCIA,telefonia_seguridad,CT,253.1,4935.49,7896.79,7896.79,6662.92,6662.92,6169.37,5922.59,https://static.ctonline.mx/imagenes/CAMDAH1430/CAMDAH1430_400.jpg,assets/img/catalog/CAMDAH1430.jpg
CAMDAH6000,Camara DAHUA IPC-HFW1839TC-A-IL Cámara IP Bullet 4k Full Color + Iluminador Dual Inteligente/ 8 Megapíxeles/ Dual Light/ Lente de 2.8 mm/ 110 Grados de Apertura/ Micrófono Integrado/ H.265/ IR de 30 Metros/ IP67/ PoE/ DWDR,Camara DAHUA IPC-HFW1839TC-A-IL Cámara IP Bullet 4k Full Color + Iluminador Dual Inteligente/ 8 Megapíxeles/ Dual Light/ Lente de 2.8 mm/ 110 Grados de Apertura/ Micrófono Integrado/ H.265/ IR de 30 Metros/ IP67/ PoE/ DWDR. Clave Oficial CT: CAMDAH6000. Marca: CT.,TELEFONIA Y VIDEO VIGILANCIA,telefonia_seguridad,CT,90.91,1772.73,2836.36,2836.36,2393.18,2393.18,2215.91,2127.27,https://static.ctonline.mx/imagenes/CAMDAH6000/CAMDAH6000_400.jpg,assets/img/catalog/CAMDAH6000.jpg
CAMDAH4530,"Cámara IP PTZ 2MP DH-SD49216DB-HNY Cámara IP PTZ de 2 Megapíxeles, 16x de Zoom Óptico, 100 Metros de IR, WizSense con SMD Plus, Detección de Rostros Hasta 8 Rostros al Mismo Tiempo, Protección Perimetral, H.265, WDR Real de 120 Db, Ranura para MicroSD","Cámara IP PTZ 2MP DH-SD49216DB-HNY Cámara IP PTZ de 2 Megapíxeles, 16x de Zoom Óptico, 100 Metros de IR, WizSense con SMD Plus, Detección de Rostros Hasta 8 Rostros al Mismo Tiempo, Protección Perimetral, H.265, WDR Real de 120 Db, Ranura para MicroSD. Clave Oficial CT: CAMDAH4530. Marca: CT.",TELEFONIA Y VIDEO VIGILANCIA,telefonia_seguridad,CT,232.49,4533.53,7253.65,7253.65,6120.26,6120.26,5666.91,5440.23,https://static.ctonline.mx/imagenes/CAMDAH4530/CAMDAH4530_400.jpg,assets/img/catalog/CAMDAH4530.jpg
CAMDAH4560,"Cámara DOMO EYEBALL 4K DH-HAC-HDW1809TLMN-A-LED Cámara Domo Eyeball 4k Full Color, 8MP, Lente de 2.8mm, 106 Grados de Apertura, Micrófono Integrado, 20 Metros de Iluminación, Imagen a Todo Color 27/7, Super Adapt, WDR de 120 Db, Soporta CVI/CVBS/AHD/TVI","Cámara DOMO EYEBALL 4K DH-HAC-HDW1809TLMN-A-LED Cámara Domo Eyeball 4k Full Color, 8MP, Lente de 2.8mm, 106 Grados de Apertura, Micrófono Integrado, 20 Metros de Iluminación, Imagen a Todo Color 27/7, Super Adapt, WDR de 120 Db, Soporta CVI/CVBS/AHD/TVI. Clave Oficial CT: CAMDAH4560. Marca: CT.",TELEFONIA Y VIDEO VIGILANCIA,telefonia_seguridad,CT,58.5,1140.75,1825.2,1825.2,1540.01,1540.01,1425.94,1368.9,https://static.ctonline.mx/imagenes/CAMDAH4560/CAMDAH4560_400.jpg,assets/img/catalog/CAMDAH4560.jpg
CAMDAH4690,"Cámara IP BALA 4MP DH-IPC-HFW2441T-ZS Cámara IP Bullet de 4 Megapíxeles, Lente Motorizado de 2.7 a 13.5 mm, WizSense, IR de 60 Metros, SMD Plus, Protección Perimetral, Ranura para MicroSD, IP67/IK10","Cámara IP BALA 4MP DH-IPC-HFW2441T-ZS Cámara IP Bullet de 4 Megapíxeles, Lente Motorizado de 2.7 a 13.5 mm, WizSense, IR de 60 Metros, SMD Plus, Protección Perimetral, Ranura para MicroSD, IP67/IK10. Clave Oficial CT: CAMDAH4690. Marca: CT.",TELEFONIA Y VIDEO VIGILANCIA,telefonia_seguridad,CT,128.43,2504.42,4007.07,4007.07,3380.97,3380.97,3130.53,3005.3,https://static.ctonline.mx/imagenes/CAMDAH4690/CAMDAH4690_400.jpg,assets/img/catalog/CAMDAH4690.jpg
CAMDAH4800,"Cámara ANALOGA BALA TIOC 5MP DH-HAC-ME1509THN-A-PV-0280B-S2 Cámara Bullet TioC de 5 Megapíxeles, Iluminador Dual Inteligente+Disuasión Activa con Luz Roja y Azul, Lente de 2.8mm, 111 Grados, 40 Metros de Iluminación IR y Visible, Micrófono Integrado, WDR Real de 120 dB","Cámara ANALOGA BALA TIOC 5MP DH-HAC-ME1509THN-A-PV-0280B-S2 Cámara Bullet TioC de 5 Megapíxeles, Iluminador Dual Inteligente+Disuasión Activa con Luz Roja y Azul, Lente de 2.8mm, 111 Grados, 40 Metros de Iluminación IR y Visible, Micrófono Integrado, WDR Real de 120 dB. Clave Oficial CT: CAMDAH4800. Marca: CT.",TELEFONIA Y VIDEO VIGILANCIA,telefonia_seguridad,CT,55.75,1087.12,1739.4,1739.4,1467.62,1467.62,1358.91,1304.55,https://static.ctonline.mx/imagenes/CAMDAH4800/CAMDAH4800_400.jpg,assets/img/catalog/CAMDAH4800.jpg
CAMDAH4900,"Cámara IP BALA 2MP DH-IPC-HFW2241S-S Cámara IP Bullet de 2 Megapíxeles, Lente de 2.8 mm, WizSense, 107 Grados de Apertura, IR de 30 Metros, SMD Plus, Micrófono Integrado, PoE, Ranura para MicroSD, IP67, WDR Real de 120 dB","Cámara IP BALA 2MP DH-IPC-HFW2241S-S Cámara IP Bullet de 2 Megapíxeles, Lente de 2.8 mm, WizSense, 107 Grados de Apertura, IR de 30 Metros, SMD Plus, Micrófono Integrado, PoE, Ranura para MicroSD, IP67, WDR Real de 120 dB. Clave Oficial CT: CAMDAH4900. Marca: CT.",TELEFONIA Y VIDEO VIGILANCIA,telefonia_seguridad,CT,55.62,1084.69,1735.5,1735.5,1464.33,1464.33,1355.86,1301.62,https://static.ctonline.mx/imagenes/CAMDAH4900/CAMDAH4900_400.jpg,assets/img/catalog/CAMDAH4900.jpg
CAMDAH4920,"Cámara IP PTZ 2MP ANTIVANDALICA DH-SD22204DB-GNY Cámara IP PTZ de 2 MP, WizSense, 4x de Zoom óptico, Starlight, Detección facial, SMD 3.0, Antivandálica IK10, Exterior IP66, Protección perimetral, Ranura para MicroSD, PoE","Cámara IP PTZ 2MP ANTIVANDALICA DH-SD22204DB-GNY Cámara IP PTZ de 2 MP, WizSense, 4x de Zoom óptico, Starlight, Detección facial, SMD 3.0, Antivandálica IK10, Exterior IP66, Protección perimetral, Ranura para MicroSD, PoE. Clave Oficial CT: CAMDAH4920. Marca: CT.",TELEFONIA Y VIDEO VIGILANCIA,telefonia_seguridad,CT,100.68,1963.3,3141.27,3141.27,2650.45,2650.45,2454.12,2355.95,https://static.ctonline.mx/imagenes/CAMDAH4920/CAMDAH4920_400.jpg,assets/img/catalog/CAMDAH4920.jpg
CAMDAH4930,"Cámara ANALOGA BALA 4K DH-HAC-HFW1801TLMN-IL-A Cámara Bullet 4K, Iluminador Dual Inteligente + Full Color, Lente de 2.8 mm, 106 Grados de Apertura, Micrófono Integrado, 40 Metros de Iluminación IR y Visible, WDR Real de 120dB, IP67","Cámara ANALOGA BALA 4K DH-HAC-HFW1801TLMN-IL-A Cámara Bullet 4K, Iluminador Dual Inteligente + Full Color, Lente de 2.8 mm, 106 Grados de Apertura, Micrófono Integrado, 40 Metros de Iluminación IR y Visible, WDR Real de 120dB, IP67. Clave Oficial CT: CAMDAH4930. Marca: CT.",TELEFONIA Y VIDEO VIGILANCIA,telefonia_seguridad,CT,65.34,1274.15,2038.64,2038.64,1720.1,1720.1,1592.68,1528.98,https://static.ctonline.mx/imagenes/CAMDAH4930/CAMDAH4930_400.jpg,assets/img/catalog/CAMDAH4930.jpg
CAMDAH4950,"Cámara ANALOGA DOMO TIOC 4K DH-HAC-ME1809HN-A-PV Cámara Domo TiOC 4K, Disuasión Activa, Iluminador Dual Inteligente + FullColor, Estrobo con Luz Roja y Azul, Lente de 2.8mm, 106 Grados de Apertura, 40 Metros de IR y Luz Visible, Micrófono Integrado, IP67","Cámara ANALOGA DOMO TIOC 4K DH-HAC-ME1809HN-A-PV Cámara Domo TiOC 4K, Disuasión Activa, Iluminador Dual Inteligente + FullColor, Estrobo con Luz Roja y Azul, Lente de 2.8mm, 106 Grados de Apertura, 40 Metros de IR y Luz Visible, Micrófono Integrado, IP67. Clave Oficial CT: CAMDAH4950. Marca: CT.",TELEFONIA Y VIDEO VIGILANCIA,telefonia_seguridad,CT,73.9,1441.01,2305.61,2305.61,1945.36,1945.36,1801.26,1729.21,https://static.ctonline.mx/imagenes/CAMDAH4950/CAMDAH4950_400.jpg,assets/img/catalog/CAMDAH4950.jpg
CAMDAH6190,"Camara DAHUA IPC-HDW2449T-S-PRO - Cámara IP Domo de 4 MP ofrece tecnología WizColor y WizSense con IA, SMD Plus, lente de 3.6 mm, micrófono integrado, WDR 120 dB, ranura MicroSD, PoE, y protección IP67","Camara DAHUA IPC-HDW2449T-S-PRO - Cámara IP Domo de 4 MP ofrece tecnología WizColor y WizSense con IA, SMD Plus, lente de 3.6 mm, micrófono integrado, WDR 120 dB, ranura MicroSD, PoE, y protección IP67. Clave Oficial CT: CAMDAH6190. Marca: CT.",TELEFONIA Y VIDEO VIGILANCIA,telefonia_seguridad,CT,71.88,1401.56,2242.5,2242.5,1892.11,1892.11,1751.95,1681.88,https://static.ctonline.mx/imagenes/CAMDAH6190/CAMDAH6190_400.jpg,assets/img/catalog/CAMDAH6190.jpg
CAMDAH6860,Cámara Dahua IPC-HFW2449TL-S-PRO Cámara IP Bullet de 4MP  WizColor  WizSense Lente 2.8mm SMD Plus Protección perimetral  IP67  PoE  Ranura MicroSD,Cámara Dahua IPC-HFW2449TL-S-PRO Cámara IP Bullet de 4MP  WizColor  WizSense Lente 2.8mm SMD Plus Protección perimetral  IP67  PoE  Ranura MicroSD. Clave Oficial CT: CAMDAH6860. Marca: CT.,TELEFONIA Y VIDEO VIGILANCIA,telefonia_seguridad,CT,81.94,1597.89,2556.63,2556.63,2157.15,2157.15,1997.37,1917.47,https://static.ctonline.mx/imagenes/CAMDAH6860/CAMDAH6860_400.jpg,assets/img/catalog/CAMDAH6860.jpg
CAMDAH6870,Camara Dahua DH-KIT/BP4A-4G/M0508 Kit cámara PT 4G 4MP panel solar Batería  SMD  Sirena y luz de disuasión activa Audio bidireccional  Iluminador dual inteligente IR 30 m luz cálida 20m  Modo AOV (vídeo siempre activo) Ranura para Micro SD IP66,Camara Dahua DH-KIT/BP4A-4G/M0508 Kit cámara PT 4G 4MP panel solar Batería  SMD  Sirena y luz de disuasión activa Audio bidireccional  Iluminador dual inteligente IR 30 m luz cálida 20m  Modo AOV (vídeo siempre activo) Ranura para Micro SD IP66. Clave Oficial CT: CAMDAH6870. Marca: CT.,TELEFONIA Y VIDEO VIGILANCIA,telefonia_seguridad,CT,137.36,2678.59,4285.75,4285.75,3616.1,3616.1,3348.24,3214.31,https://static.ctonline.mx/imagenes/CAMDAH6870/CAMDAH6870_400.jpg,assets/img/catalog/CAMDAH6870.jpg
CAMDAH6880,Camara Dahua HAC-HFW1500TN-0280B  Camara Bullet de 5 Megapixeles Lente de 2.8 mm 111 Grados de Apertura Metalica IR de 30 Metros IP67,Camara Dahua HAC-HFW1500TN-0280B  Camara Bullet de 5 Megapixeles Lente de 2.8 mm 111 Grados de Apertura Metalica IR de 30 Metros IP67. Clave Oficial CT: CAMDAH6880. Marca: CT.,TELEFONIA Y VIDEO VIGILANCIA,telefonia_seguridad,CT,26.64,519.41,831.05,831.05,701.2,701.2,649.26,623.29,https://static.ctonline.mx/imagenes/CAMDAH6880/CAMDAH6880_400.jpg,assets/img/catalog/CAMDAH6880.jpg
CAMDAH6020,Cámara DAHUA DH-IPC-HDW1439T1-LED-S6 - Cámara IP Domo de 4 Megapíxeles/ Full Color/ H.265+/ Lente de 2.8mm/ 95 Grados de Apertura/ Detección de movimiento/15 Metros de Iluminación con Luz Visible/ Inversión de imagen/WDR de 120 dB,Cámara DAHUA DH-IPC-HDW1439T1-LED-S6 - Cámara IP Domo de 4 Megapíxeles/ Full Color/ H.265+/ Lente de 2.8mm/ 95 Grados de Apertura/ Detección de movimiento/15 Metros de Iluminación con Luz Visible/ Inversión de imagen/WDR de 120 dB. Clave Oficial CT: CAMDAH6020. Marca: CT.,TELEFONIA Y VIDEO VIGILANCIA,telefonia_seguridad,CT,57.39,1119.03,1790.45,1790.45,1510.7,1510.7,1398.79,1342.84,https://static.ctonline.mx/imagenes/CAMDAH6020/CAMDAH6020_400.jpg,assets/img/catalog/CAMDAH6020.jpg
CAMDAH4990,"Cámara ANALOGA MINIDOMO 2MP DH-HAC-HDW3200LN Cámara bullet de 5 MP con lente de 2.8 mm y ángulo de visión de 106°. Incorpora IR de 20 m para visión nocturna, resistente IP67, y materiales metálicos. Compatible con CVI, CVBS, AHD y TVI","Cámara ANALOGA MINIDOMO 2MP DH-HAC-HDW3200LN Cámara bullet de 5 MP con lente de 2.8 mm y ángulo de visión de 106°. Incorpora IR de 20 m para visión nocturna, resistente IP67, y materiales metálicos. Compatible con CVI, CVBS, AHD y TVI. Clave Oficial CT: CAMDAH4990. Marca: CT.",TELEFONIA Y VIDEO VIGILANCIA,telefonia_seguridad,CT,21.25,414.38,663.0,663.0,559.41,559.41,517.97,497.25,https://static.ctonline.mx/imagenes/CAMDAH4990/CAMDAH4990_400.jpg,assets/img/catalog/CAMDAH4990.jpg
CAMDAH5010,"Cámara IP DOMO 4K ANTIV DH-IPC-HDBW2841E-S Cámara IP Domo Antivandálica 4K, 8 Megapíxeles, Lente de 2.8mm, 106 Grados de Apertura, H.265+, WDR Real de 120 Db, IR de 30 Mts, Video analíticos con IVS, IP67/IK10, PoE, Ranura para MicroSD","Cámara IP DOMO 4K ANTIV DH-IPC-HDBW2841E-S Cámara IP Domo Antivandálica 4K, 8 Megapíxeles, Lente de 2.8mm, 106 Grados de Apertura, H.265+, WDR Real de 120 Db, IR de 30 Mts, Video analíticos con IVS, IP67/IK10, PoE, Ranura para MicroSD. Clave Oficial CT: CAMDAH5010. Marca: CT.",TELEFONIA Y VIDEO VIGILANCIA,telefonia_seguridad,CT,98.85,1927.62,3084.19,3084.19,2602.29,2602.29,2409.52,2313.14,https://static.ctonline.mx/imagenes/CAMDAH5010/CAMDAH5010_400.jpg,assets/img/catalog/CAMDAH5010.jpg
CAMDAH5020,"Cámara IP DOMO 2MP ANTIV DH-IPC-HDBW3241F-AS-S2 Cámara IP Domo Antivandálica de 2MP con lente de 2.8mm y 107° de apertura. Cuenta con WizSense, visión nocturna de 30m, micrófono integrado, SMD 4.0, AI SSA, IP67, PoE, IK10, WDR real, y E/S de alarmas y audio","Cámara IP DOMO 2MP ANTIV DH-IPC-HDBW3241F-AS-S2 Cámara IP Domo Antivandálica de 2MP con lente de 2.8mm y 107° de apertura. Cuenta con WizSense, visión nocturna de 30m, micrófono integrado, SMD 4.0, AI SSA, IP67, PoE, IK10, WDR real, y E/S de alarmas y audio. Clave Oficial CT: CAMDAH5020. Marca: CT.",TELEFONIA Y VIDEO VIGILANCIA,telefonia_seguridad,CT,81.6,1591.24,2545.99,2545.99,2148.18,2148.18,1989.06,1909.49,https://static.ctonline.mx/imagenes/CAMDAH5020/CAMDAH5020_400.jpg,assets/img/catalog/CAMDAH5020.jpg
CAMDAH5030,"Cámara IP DOMO 5MP DH-IPC-HDBW2541R-ZAS Cámara IP Domo Antivandálico de 5 Megapíxeles, Lente Motorizado de 2.7-13.5, WizSense, IR de 40 Metros, Ranura MicroSD, E&S de Alarma, IK10, PoE, SMD Plus","Cámara IP DOMO 5MP DH-IPC-HDBW2541R-ZAS Cámara IP Domo Antivandálico de 5 Megapíxeles, Lente Motorizado de 2.7-13.5, WizSense, IR de 40 Metros, Ranura MicroSD, E&S de Alarma, IK10, PoE, SMD Plus. Clave Oficial CT: CAMDAH5030. Marca: CT.",TELEFONIA Y VIDEO VIGILANCIA,telefonia_seguridad,CT,214.2,4176.99,6683.18,6683.18,5638.93,5638.93,5221.24,5012.39,https://static.ctonline.mx/imagenes/CAMDAH5030/CAMDAH5030_400.jpg,assets/img/catalog/CAMDAH5030.jpg
CAMDAH5210,"Cámara IP BALA TIOC 4K DH-IPC-HFW3849T1-AS-PV Cámara IP Bullet TiOC 4K, 8 Megapíxeles, Acupick, WizSense, 2.8mm, Iluminador Dual, 30 Metros de Luz Visible e IR, Sirena y Estrobo con Luz Roja y Azul, SMD 4.0, Micrófono Integrado, Ranura MicroSD, PoE","Cámara IP BALA TIOC 4K DH-IPC-HFW3849T1-AS-PV Cámara IP Bullet TiOC 4K, 8 Megapíxeles, Acupick, WizSense, 2.8mm, Iluminador Dual, 30 Metros de Luz Visible e IR, Sirena y Estrobo con Luz Roja y Azul, SMD 4.0, Micrófono Integrado, Ranura MicroSD, PoE. Clave Oficial CT: CAMDAH5210. Marca: CT.",TELEFONIA Y VIDEO VIGILANCIA,telefonia_seguridad,CT,244.49,4767.53,7628.05,7628.05,6436.16,6436.16,5959.41,5721.03,https://static.ctonline.mx/imagenes/CAMDAH5210/CAMDAH5210_400.jpg,assets/img/catalog/CAMDAH5210.jpg
CAMDAH5570,"Cámara IP BALA 4MP DH-IPC-HFW1431T1N-ZS-2812-S4 Cámara IP Bullet de 4 Megapíxeles, Lente Motorizado de 2.8 a 12mm, H.265, IR de 50 Metros, WDR Real, 3D DNR, Ranura para MicroSD,  IP67, PoE","Cámara IP BALA 4MP DH-IPC-HFW1431T1N-ZS-2812-S4 Cámara IP Bullet de 4 Megapíxeles, Lente Motorizado de 2.8 a 12mm, H.265, IR de 50 Metros, WDR Real, 3D DNR, Ranura para MicroSD,  IP67, PoE. Clave Oficial CT: CAMDAH5570. Marca: CT.",TELEFONIA Y VIDEO VIGILANCIA,telefonia_seguridad,CT,91.11,1776.72,2842.75,2842.75,2398.57,2398.57,2220.89,2132.06,https://static.ctonline.mx/imagenes/CAMDAH5570/CAMDAH5570_400.jpg,assets/img/catalog/CAMDAH5570.jpg
CAMDAH5700,"Cámara ANALOGA DOMO 2MP DH-HAC-HDW1200TN-IL-A-0280B-S6 Cámara Domo de 2 MP, Iluminador Dual Inteligente + Full Color, Lente de 2.8 mm, 102 Grados de Apertura, Micrófono Integrado, 40 Metros de Iluminación IR y Visible, Dwdr, IP67, Super Adapt","Cámara ANALOGA DOMO 2MP DH-HAC-HDW1200TN-IL-A-0280B-S6 Cámara Domo de 2 MP, Iluminador Dual Inteligente + Full Color, Lente de 2.8 mm, 102 Grados de Apertura, Micrófono Integrado, 40 Metros de Iluminación IR y Visible, Dwdr, IP67, Super Adapt. Clave Oficial CT: CAMDAH5700. Marca: CT.",TELEFONIA Y VIDEO VIGILANCIA,telefonia_seguridad,CT,28.3,551.76,882.82,882.82,744.88,744.88,689.7,662.11,https://static.ctonline.mx/imagenes/CAMDAH5700/CAMDAH5700_400.jpg,assets/img/catalog/CAMDAH5700.jpg
CAMDAH5710,"Cámara IP BALA 2MP DH-IPC-B1E20 Cámara IP Bullet de 2 MP, lente 2.8 mm, 99° de visión, IR 30 m, IP67 y PoE. Incluye DWDR, 3D NR, HLC, BLC y compresión H.265+ para videovigilancia eficiente.","Cámara IP BALA 2MP DH-IPC-B1E20 Cámara IP Bullet de 2 MP, lente 2.8 mm, 99° de visión, IR 30 m, IP67 y PoE. Incluye DWDR, 3D NR, HLC, BLC y compresión H.265+ para videovigilancia eficiente.. Clave Oficial CT: CAMDAH5710. Marca: CT.",TELEFONIA Y VIDEO VIGILANCIA,telefonia_seguridad,CT,25.51,497.47,795.95,795.95,671.59,671.59,621.84,596.97,https://static.ctonline.mx/imagenes/CAMDAH5710/CAMDAH5710_400.jpg,assets/img/catalog/CAMDAH5710.jpg
CAMDAH5740,"Cámara IP BALA 4MP DH-IPC-B1E40 Cámara IP Bala de 4 Megapíxeles, Lente de 2.8mm, 90 Grados de Apertura, IR de 30 Metros, PoE, 30 FPS, H.265+, DWDR, IP67","Cámara IP BALA 4MP DH-IPC-B1E40 Cámara IP Bala de 4 Megapíxeles, Lente de 2.8mm, 90 Grados de Apertura, IR de 30 Metros, PoE, 30 FPS, H.265+, DWDR, IP67. Clave Oficial CT: CAMDAH5740. Marca: CT.",TELEFONIA Y VIDEO VIGILANCIA,telefonia_seguridad,CT,35.17,685.82,1097.32,1097.32,925.86,925.86,857.28,822.99,https://static.ctonline.mx/imagenes/CAMDAH5740/CAMDAH5740_400.jpg,assets/img/catalog/CAMDAH5740.jpg
CAMDAH4780,"Cámara IP BALA 5MP FULLCOLOR DH-IPC-HFW2549S-S-IL Cámara Bullet IP 5 Megapíxeles, Iluminador Dual Inteligente+Full Color, WizSense, Lente de 2.8mm, 111 Grados de Apertura, Micrófono Integrado, 30 Mts de IR y Luz Visible, Metal, Ranura MicroSD, SMD Plus, PoE","Cámara IP BALA 5MP FULLCOLOR DH-IPC-HFW2549S-S-IL Cámara Bullet IP 5 Megapíxeles, Iluminador Dual Inteligente+Full Color, WizSense, Lente de 2.8mm, 111 Grados de Apertura, Micrófono Integrado, 30 Mts de IR y Luz Visible, Metal, Ranura MicroSD, SMD Plus, PoE. Clave Oficial CT: CAMDAH4780. Marca: CT.",TELEFONIA Y VIDEO VIGILANCIA,telefonia_seguridad,CT,82.22,1603.21,2565.14,2565.14,2164.33,2164.33,2004.01,1923.85,https://static.ctonline.mx/imagenes/CAMDAH4780/CAMDAH4780_400.jpg,assets/img/catalog/CAMDAH4780.jpg
CAMDAH5790,"CAMARA IP EYEBALL 4MP DH-IPC-HDW1439V-A-IL Cámara IP Eyeball 4 MP, Micrófono integrado, POE, Iluminador dual inteligente, Detección Humana, IR LED30m, 2.8mm, H.265+, 94 grados, WDR, 3D NR, HLC, BLC, IP67","CAMARA IP EYEBALL 4MP DH-IPC-HDW1439V-A-IL Cámara IP Eyeball 4 MP, Micrófono integrado, POE, Iluminador dual inteligente, Detección Humana, IR LED30m, 2.8mm, H.265+, 94 grados, WDR, 3D NR, HLC, BLC, IP67. Clave Oficial CT: CAMDAH5790. Marca: CT.",TELEFONIA Y VIDEO VIGILANCIA,telefonia_seguridad,CT,62.44,1217.64,1948.23,1948.23,1643.82,1643.82,1522.05,1461.17,https://static.ctonline.mx/imagenes/CAMDAH5790/CAMDAH5790_400.jpg,assets/img/catalog/CAMDAH5790.jpg
CAMDAH5660,"Cámara IP PINHOLE 2MP DH-IPC-HUM4231S-L4 Cámara IP Pinhole de 2 Megapíxeles, Lente de 2.8mm, 96 Grados de Apertura, Micrófono Integrado, H.265, 1 E&S de Audio, WDR Real de 120 Db, Video analíticos con IVS","Cámara IP PINHOLE 2MP DH-IPC-HUM4231S-L4 Cámara IP Pinhole de 2 Megapíxeles, Lente de 2.8mm, 96 Grados de Apertura, Micrófono Integrado, H.265, 1 E&S de Audio, WDR Real de 120 Db, Video analíticos con IVS. Clave Oficial CT: CAMDAH5660. Marca: CT.",TELEFONIA Y VIDEO VIGILANCIA,telefonia_seguridad,CT,80.99,1579.28,2526.85,2526.85,2132.03,2132.03,1974.1,1895.13,https://static.ctonline.mx/imagenes/CAMDAH5660/CAMDAH5660_400.jpg,assets/img/catalog/CAMDAH5660.jpg
CAMDAH4550,"Cámara ANALOGA BALA 4K DH-HAC-HFW1801TN Camara Bullet 4k Metalica, 8 Megapixeles, Lente de 2.8 mm, 106 Grados de Apertura, IR de 30 Metros, WDR Real, Metalica, Soporta: CVI/TVI/AHD/CVBS","Cámara ANALOGA BALA 4K DH-HAC-HFW1801TN Camara Bullet 4k Metalica, 8 Megapixeles, Lente de 2.8 mm, 106 Grados de Apertura, IR de 30 Metros, WDR Real, Metalica, Soporta: CVI/TVI/AHD/CVBS. Clave Oficial CT: CAMDAH4550. Marca: CT.",TELEFONIA Y VIDEO VIGILANCIA,telefonia_seguridad,CT,36.9,719.51,1151.21,1151.21,971.33,971.33,899.38,863.41,https://static.ctonline.mx/imagenes/CAMDAH4550/CAMDAH4550_400.jpg,assets/img/catalog/CAMDAH4550.jpg
CAMDAH1330,"Cámara BALA VF 2MP DH-HAC-B4A21N-VF-2712 Cámara Bala Varifocal de 2MP, Lente de 2.7 a 12mm, Angulo Ajustable de 102 a 32 Grados, IR de 40 Mts, DWDR, IP67, Menu OSD, Soporta: HDCVI/AHD/TVI y CBVS","Cámara BALA VF 2MP DH-HAC-B4A21N-VF-2712 Cámara Bala Varifocal de 2MP, Lente de 2.7 a 12mm, Angulo Ajustable de 102 a 32 Grados, IR de 40 Mts, DWDR, IP67, Menu OSD, Soporta: HDCVI/AHD/TVI y CBVS. Clave Oficial CT: CAMDAH1330. Marca: CT.",TELEFONIA Y VIDEO VIGILANCIA,telefonia_seguridad,CT,31.34,611.15,977.84,977.84,825.05,825.05,763.93,733.38,https://static.ctonline.mx/imagenes/CAMDAH1330/CAMDAH1330_400.jpg,assets/img/catalog/CAMDAH1330.jpg
CAMDAH5750,"Cámara ANALOGA BALA 4K DH-HAC-HFW1801TN-A-0280B Cámara Bullet 4K lente de 2.8 mm, WDR real, IR de 30 m, soporta CVI/CVBS/AHD/TVI, carcasa metálica, IP67 resistente al clima","Cámara ANALOGA BALA 4K DH-HAC-HFW1801TN-A-0280B Cámara Bullet 4K lente de 2.8 mm, WDR real, IR de 30 m, soporta CVI/CVBS/AHD/TVI, carcasa metálica, IP67 resistente al clima. Clave Oficial CT: CAMDAH5750. Marca: CT.",TELEFONIA Y VIDEO VIGILANCIA,telefonia_seguridad,CT,39.23,764.93,1223.89,1223.89,1032.66,1032.66,956.16,917.92,https://static.ctonline.mx/imagenes/CAMDAH5750/CAMDAH5750_400.jpg,assets/img/catalog/CAMDAH5750.jpg
CAMDAH4660,"Cámara OCULTA EN SENSOR DE MOVIMIENTO DH-HAC-HUM3200AN Cámara Oculta en Sensor de Movimiento, 2 MP, Super Adapt, Lente de 2.8mm, 105 Grados de Apertura, IR de 10 Metros, DWDR, Soporta: CVI/CVBS/AHD/TVI","Cámara OCULTA EN SENSOR DE MOVIMIENTO DH-HAC-HUM3200AN Cámara Oculta en Sensor de Movimiento, 2 MP, Super Adapt, Lente de 2.8mm, 105 Grados de Apertura, IR de 10 Metros, DWDR, Soporta: CVI/CVBS/AHD/TVI. Clave Oficial CT: CAMDAH4660. Marca: CT.",TELEFONIA Y VIDEO VIGILANCIA,telefonia_seguridad,CT,24.33,474.43,759.08,759.08,640.48,640.48,593.03,569.31,https://static.ctonline.mx/imagenes/CAMDAH4660/CAMDAH4660_400.jpg,assets/img/catalog/CAMDAH4660.jpg
CAMDAH4830,"Cámara ANALOGA BALA 5MP DH-HAC-HFW1509TN-A-LED-0360B Cámara Bullet Full Color de 5 Megapixeles, Lente de 3.6 mm, Micrófono Integrado, Leds para 20 Metros, Metalica, WDR de 120 Db, IP67","Cámara ANALOGA BALA 5MP DH-HAC-HFW1509TN-A-LED-0360B Cámara Bullet Full Color de 5 Megapixeles, Lente de 3.6 mm, Micrófono Integrado, Leds para 20 Metros, Metalica, WDR de 120 Db, IP67. Clave Oficial CT: CAMDAH4830. Marca: CT.",TELEFONIA Y VIDEO VIGILANCIA,telefonia_seguridad,CT,33.32,649.7,1039.53,1039.53,877.1,877.1,812.13,779.65,https://static.ctonline.mx/imagenes/CAMDAH4830/CAMDAH4830_400.jpg,assets/img/catalog/CAMDAH4830.jpg
CAMDAH5480,"Cámara IP BALA 4K DH-IPC-HFW2841T-ZS Cámara IP Bullet de 8 Megapíxeles, Motorizado, IR de 60 Mts, 113°, H.265+, SMD+, Protección Perimetral, Ranura para MicroSD, WDR, 3D NR, HLC, BLC, E&S de Alarma y Audio, IP67","Cámara IP BALA 4K DH-IPC-HFW2841T-ZS Cámara IP Bullet de 8 Megapíxeles, Motorizado, IR de 60 Mts, 113°, H.265+, SMD+, Protección Perimetral, Ranura para MicroSD, WDR, 3D NR, HLC, BLC, E&S de Alarma y Audio, IP67. Clave Oficial CT: CAMDAH5480. Marca: CT.",TELEFONIA Y VIDEO VIGILANCIA,telefonia_seguridad,CT,150.85,2941.62,4706.59,4706.59,3971.19,3971.19,3677.02,3529.94,https://static.ctonline.mx/imagenes/CAMDAH5480/CAMDAH5480_400.jpg,assets/img/catalog/CAMDAH5480.jpg
CAMDAH5630,"Cámara IP PT WIFI 5MP DH-P5B-PV Cámara IP PT Wifi de 5 Megapíxeles con audio bidireccional (micrófono y altavoz), sirena de 110dB, WiFi 6, detección de personas y vehículos, IP65 y ranura MicroSD","Cámara IP PT WIFI 5MP DH-P5B-PV Cámara IP PT Wifi de 5 Megapíxeles con audio bidireccional (micrófono y altavoz), sirena de 110dB, WiFi 6, detección de personas y vehículos, IP65 y ranura MicroSD. Clave Oficial CT: CAMDAH5630. Marca: CT.",TELEFONIA Y VIDEO VIGILANCIA,telefonia_seguridad,CT,45.0,877.5,1404.0,1404.0,1184.62,1184.62,1096.88,1053.0,https://static.ctonline.mx/imagenes/CAMDAH5630/CAMDAH5630_400.jpg,assets/img/catalog/CAMDAH5630.jpg
CAMDAH5830,"Cámara DAHUA IPC-WPT1339DD-SW-3E2-PV, Cámara IP PT Wifi Dual de 6 Megapíxeles, Dos lentes de 3 MP cada uno (fijo y PT), Iluminador Dual Inteligente, IR 50m, Micrófono y Altavoz Integrados, IA, Autotracking, Disuasión activa, Ranura MicroSD, IP6.","Cámara DAHUA IPC-WPT1339DD-SW-3E2-PV, Cámara IP PT Wifi Dual de 6 Megapíxeles, Dos lentes de 3 MP cada uno (fijo y PT), Iluminador Dual Inteligente, IR 50m, Micrófono y Altavoz Integrados, IA, Autotracking, Disuasión activa, Ranura MicroSD, IP6.. Clave Oficial CT: CAMDAH5830. Marca: CT.",TELEFONIA Y VIDEO VIGILANCIA,telefonia_seguridad,CT,49.94,973.89,1558.23,1558.23,1314.75,1314.75,1217.37,1168.67,https://static.ctonline.mx/imagenes/CAMDAH5830/CAMDAH5830_400.jpg,assets/img/catalog/CAMDAH5830.jpg
CAMDAH5650,"Cámara ANALOGA BALA 5MP DH-HAC-B1A51N-U-0280B Cámara Bullet de 5 Megapíxeles, Lente 2.8 mm, 106 Grados de Apertura, IR de 30 Mts, IP67, Soporta: CVI/CVBS/AHD/TVI","Cámara ANALOGA BALA 5MP DH-HAC-B1A51N-U-0280B Cámara Bullet de 5 Megapíxeles, Lente 2.8 mm, 106 Grados de Apertura, IR de 30 Mts, IP67, Soporta: CVI/CVBS/AHD/TVI. Clave Oficial CT: CAMDAH5650. Marca: CT.",TELEFONIA Y VIDEO VIGILANCIA,telefonia_seguridad,CT,18.84,367.4,587.84,587.84,495.99,495.99,459.25,440.88,https://static.ctonline.mx/imagenes/CAMDAH5650/CAMDAH5650_400.jpg,assets/img/catalog/CAMDAH5650.jpg
CAMDAH5610,"Cámara ANALOGA BALA 5MP DH-HAC-B2A51N-0280B-S2 Cámara bullet de 5 MP con lente de 2.8 mm y ángulo de visión de 106°. Incorpora IR de 20 m para visión nocturna, resistente IP67, y materiales metálicos. Compatible con CVI, CVBS, AHD y TVI","Cámara ANALOGA BALA 5MP DH-HAC-B2A51N-0280B-S2 Cámara bullet de 5 MP con lente de 2.8 mm y ángulo de visión de 106°. Incorpora IR de 20 m para visión nocturna, resistente IP67, y materiales metálicos. Compatible con CVI, CVBS, AHD y TVI. Clave Oficial CT: CAMDAH5610. Marca: CT.",TELEFONIA Y VIDEO VIGILANCIA,telefonia_seguridad,CT,20.32,396.2,633.93,633.93,534.88,534.88,495.26,475.45,https://static.ctonline.mx/imagenes/CAMDAH5610/CAMDAH5610_400.jpg,assets/img/catalog/CAMDAH5610.jpg
CAMDAH4480,Cámara Bala Alta definición HFW1809TLM-A-LED /Cámara Bullet 4k Full Color/ 8 Megapíxeles/ Lente de 2.8mm/ 106 Grados de Apertura/ Micrófono Integrado/ 40 Metros de Iluminación/ Super Adapt/ WDR de 120 dB/ IP67/ Soporta: CVI/CVBS/AHD/TVI,Cámara Bala Alta definición HFW1809TLM-A-LED /Cámara Bullet 4k Full Color/ 8 Megapíxeles/ Lente de 2.8mm/ 106 Grados de Apertura/ Micrófono Integrado/ 40 Metros de Iluminación/ Super Adapt/ WDR de 120 dB/ IP67/ Soporta: CVI/CVBS/AHD/TVI. Clave Oficial CT: CAMDAH4480. Marca: CT.,TELEFONIA Y VIDEO VIGILANCIA,telefonia_seguridad,CT,62.36,1216.09,1945.75,1945.75,1641.72,1641.72,1520.11,1459.31,https://static.ctonline.mx/imagenes/CAMDAH4480/CAMDAH4480_400.jpg,assets/img/catalog/CAMDAH4480.jpg
CAMDAH3890,"Camara HDCVI DAHUA Bala HAC-HFW1200CMN-A-0280B-S5, 2 Megapixeles, Lente de 2.8 mm, Microfono Integrado, Apertura de 101°, Carcasa Metalica, IR de 30 Mts, Protección IP67, 1 año de garantia.","Camara HDCVI DAHUA Bala HAC-HFW1200CMN-A-0280B-S5, 2 Megapixeles, Lente de 2.8 mm, Microfono Integrado, Apertura de 101°, Carcasa Metalica, IR de 30 Mts, Protección IP67, 1 año de garantia.. Clave Oficial CT: CAMDAH3890. Marca: CT.",TELEFONIA Y VIDEO VIGILANCIA,telefonia_seguridad,CT,18.77,365.96,585.53,585.53,494.04,494.04,457.45,439.15,https://static.ctonline.mx/imagenes/CAMDAH3890/CAMDAH3890_400.jpg,assets/img/catalog/CAMDAH3890.jpg
CAMDAH3030,"Cámara IP IMOU Smart IPC-C22CN-imou, Wifi de 2 Megapixeles, Alarma de Eventos, Lente fijo de 3.6mm, 10 Mts de IR, Compresión H.265, Microfono Integrado, función de intercominicaciión, Deteccion de Humanos, Sirena incorporada, Alarma de sonido Anormal, Ranura para MicroSD hasta 256 GB, adaptador de corriente incluido. (Existencias Limitadas)","Cámara IP IMOU Smart IPC-C22CN-imou, Wifi de 2 Megapixeles, Alarma de Eventos, Lente fijo de 3.6mm, 10 Mts de IR, Compresión H.265, Microfono Integrado, función de intercominicaciión, Deteccion de Humanos, Sirena incorporada, Alarma de sonido Anormal, Ranura para MicroSD hasta 256 GB, adaptador de corriente incluido. (Existencias Limitadas). Clave Oficial CT: CAMDAH3030. Marca: CT.",TELEFONIA Y VIDEO VIGILANCIA,telefonia_seguridad,CT,18.18,354.55,567.27,567.27,478.64,478.64,443.18,425.45,https://static.ctonline.mx/imagenes/CAMDAH3030/CAMDAH3030_400.jpg,assets/img/catalog/CAMDAH3030.jpg
CAMDAH3900,"Camara HDCVI DAHUA Bala DH-HAC-HFW1500TN-0280B, 5 Megapixeles, Lente de 2.8 mm, Apertura de 111°, Carcasa Metalica, IR de 30 Metros, Protección IP67, Soporta CVI/CVBS/AHD/TVI/.","Camara HDCVI DAHUA Bala DH-HAC-HFW1500TN-0280B, 5 Megapixeles, Lente de 2.8 mm, Apertura de 111°, Carcasa Metalica, IR de 30 Metros, Protección IP67, Soporta CVI/CVBS/AHD/TVI/.. Clave Oficial CT: CAMDAH3900. Marca: CT.",TELEFONIA Y VIDEO VIGILANCIA,telefonia_seguridad,CT,26.32,513.2,821.13,821.13,692.83,692.83,641.51,615.85,https://static.ctonline.mx/imagenes/CAMDAH3900/CAMDAH3900_400.jpg,assets/img/catalog/CAMDAH3900.jpg
CAMDAH3910,"Camara HDCVI DAHUA Bala DH-HAC-HFW1500THN-I8-0360B, 5 Megapixeles, Lente de 3.6 mm, Apertura de 92°, IR de 80 Mts, Protección IP67, Soporta: CVI/CVBS/AHD/TVI, carcasa de Metal + Plastico, 1 año de garantia","Camara HDCVI DAHUA Bala DH-HAC-HFW1500THN-I8-0360B, 5 Megapixeles, Lente de 3.6 mm, Apertura de 92°, IR de 80 Mts, Protección IP67, Soporta: CVI/CVBS/AHD/TVI, carcasa de Metal + Plastico, 1 año de garantia. Clave Oficial CT: CAMDAH3910. Marca: CT.",TELEFONIA Y VIDEO VIGILANCIA,telefonia_seguridad,CT,29.91,583.23,933.16,933.16,787.36,787.36,729.03,699.87,https://static.ctonline.mx/imagenes/CAMDAH3910/CAMDAH3910_400.jpg,assets/img/catalog/CAMDAH3910.jpg
CAMDAH2320,"Cámara Bala IP exterior marca DAHUA modelo DH-IPC-HFW1230S1N-0280B-S5 / HFW1230S1-S4, resolución 2 Megapíxeles, Protección IP67, con visión nocturna (SMART IR alcance30 mts), incluye lente fijo de 2.8 mm, POE y soporta 12 VCD, DWDR, Compresión H.265+ 1 año de garantía","Cámara Bala IP exterior marca DAHUA modelo DH-IPC-HFW1230S1N-0280B-S5 / HFW1230S1-S4, resolución 2 Megapíxeles, Protección IP67, con visión nocturna (SMART IR alcance30 mts), incluye lente fijo de 2.8 mm, POE y soporta 12 VCD, DWDR, Compresión H.265+ 1 año de garantía. Clave Oficial CT: CAMDAH2320. Marca: CT.",TELEFONIA Y VIDEO VIGILANCIA,telefonia_seguridad,CT,34.16,666.1,1065.76,1065.76,899.24,899.24,832.63,799.32,https://static.ctonline.mx/imagenes/CAMDAH2320/CAMDAH2320_400.jpg,assets/img/catalog/CAMDAH2320.jpg
CAMDAH4080,"Cámara Bala IP exterior marca DAHUA modelo DH-IPC-HFW1230S1-A-S5, resolución 2 Megapíxeles, Protección IP67, Smart IR de 30 mts, Lente fijo de 2.8 mm, Micrófono integrado, PoE y soporta 12 VCD, DWDR, Compresión H.265+, 1 año de garantía.","Cámara Bala IP exterior marca DAHUA modelo DH-IPC-HFW1230S1-A-S5, resolución 2 Megapíxeles, Protección IP67, Smart IR de 30 mts, Lente fijo de 2.8 mm, Micrófono integrado, PoE y soporta 12 VCD, DWDR, Compresión H.265+, 1 año de garantía.. Clave Oficial CT: CAMDAH4080. Marca: CT.",TELEFONIA Y VIDEO VIGILANCIA,telefonia_seguridad,CT,36.78,717.29,1147.66,1147.66,968.34,968.34,896.61,860.75,https://static.ctonline.mx/imagenes/CAMDAH4080/CAMDAH4080_400.jpg,assets/img/catalog/CAMDAH4080.jpg
CAMDAH4370,"Cámara IP DAHUA Bala DH-IPC-HFW1430DS-SAW, Wifi de 4 Megapíxeles, lente de 2.8mm, 90° de apertura, Compresión H.265+, Micrófono Integrado, Detección de movimiento, IR Led hasta 30 mts, Ranura para MicroSD hasta 256 GB, Protección IP67, DWDR, adaptador de corriente incluido.","Cámara IP DAHUA Bala DH-IPC-HFW1430DS-SAW, Wifi de 4 Megapíxeles, lente de 2.8mm, 90° de apertura, Compresión H.265+, Micrófono Integrado, Detección de movimiento, IR Led hasta 30 mts, Ranura para MicroSD hasta 256 GB, Protección IP67, DWDR, adaptador de corriente incluido.. Clave Oficial CT: CAMDAH4370. Marca: CT.",TELEFONIA Y VIDEO VIGILANCIA,telefonia_seguridad,CT,53.41,1041.48,1666.36,1666.36,1405.99,1405.99,1301.85,1249.77,https://static.ctonline.mx/imagenes/CAMDAH4370/CAMDAH4370_400.jpg,assets/img/catalog/CAMDAH4370.jpg
CAMDAH2840,"Cámara IP Turret Dahua 4 MP DH-IPC-HDW1431SN-0280B-S4,  Lente de 2.8mm, Visión nocturna IR 30 Mts, Funciones IVS, Compresión H.265, WDR, Protección IP67, PoE + 12VCD, ONVIF, Metal + plástico, 1 año de Garantia","Cámara IP Turret Dahua 4 MP DH-IPC-HDW1431SN-0280B-S4,  Lente de 2.8mm, Visión nocturna IR 30 Mts, Funciones IVS, Compresión H.265, WDR, Protección IP67, PoE + 12VCD, ONVIF, Metal + plástico, 1 año de Garantia. Clave Oficial CT: CAMDAH2840. Marca: CT.",TELEFONIA Y VIDEO VIGILANCIA,telefonia_seguridad,CT,50.4,982.76,1572.41,1572.41,1326.72,1326.72,1228.44,1179.31,https://static.ctonline.mx/imagenes/CAMDAH2840/CAMDAH2840_400.jpg,assets/img/catalog/CAMDAH2840.jpg
CAMDAH4740,Cámara Domo IP 4MP DH-IPC-HDW2449T-S-IL Cámara Domo IP de 4 Megapíxeles/ Con Iluminador Dual Inteligente+Full Color/ WizSense/ Lente de 2.8mm/ 95 Grados/ Micrófono Integrado/30 Mts de IR y Luz Visible/Metálica/Ranura MicroSD/WDR de 120 dB/SMD Plus/PoE,Cámara Domo IP 4MP DH-IPC-HDW2449T-S-IL Cámara Domo IP de 4 Megapíxeles/ Con Iluminador Dual Inteligente+Full Color/ WizSense/ Lente de 2.8mm/ 95 Grados/ Micrófono Integrado/30 Mts de IR y Luz Visible/Metálica/Ranura MicroSD/WDR de 120 dB/SMD Plus/PoE. Clave Oficial CT: CAMDAH4740. Marca: CT.,TELEFONIA Y VIDEO VIGILANCIA,telefonia_seguridad,CT,69.32,1351.7,2162.73,2162.73,1824.8,1824.8,1689.63,1622.05,https://static.ctonline.mx/imagenes/CAMDAH4740/CAMDAH4740_400.jpg,assets/img/catalog/CAMDAH4740.jpg
CAMDAH4770,Cámara IP BULLET 4MP DH-IPC-HFW3441E-S-S2 Cámara IP Bullet de 4 Megapíxeles con IA/ WizSense/ Lente de 2.8mm/ 107 Grados de Apertura/ Micrófono Integrado/ IR de 50 Metros/ SMD 4.0/ Quick Pick/ AI SSA/ WDR Real/ IP67/ Ranura para MicroSD/ PoE,Cámara IP BULLET 4MP DH-IPC-HFW3441E-S-S2 Cámara IP Bullet de 4 Megapíxeles con IA/ WizSense/ Lente de 2.8mm/ 107 Grados de Apertura/ Micrófono Integrado/ IR de 50 Metros/ SMD 4.0/ Quick Pick/ AI SSA/ WDR Real/ IP67/ Ranura para MicroSD/ PoE. Clave Oficial CT: CAMDAH4770. Marca: CT.,TELEFONIA Y VIDEO VIGILANCIA,telefonia_seguridad,CT,90.41,1762.98,2820.76,2820.76,2380.02,2380.02,2203.72,2115.57,https://static.ctonline.mx/imagenes/CAMDAH4770/CAMDAH4770_400.jpg,assets/img/catalog/CAMDAH4770.jpg
CAMDAH5060,Cámara PTZ Mini Domo Antivandalica 2MP DH-SD22204DBN-GC Cámara PTZ Mini Domo Antivandálica de 2 Megapíxeles/ analógica / 4X de Zoom Óptico/ IP66/ IK10/ Starlight/ HLC/ 30FPS/ 3DNR,Cámara PTZ Mini Domo Antivandalica 2MP DH-SD22204DBN-GC Cámara PTZ Mini Domo Antivandálica de 2 Megapíxeles/ analógica / 4X de Zoom Óptico/ IP66/ IK10/ Starlight/ HLC/ 30FPS/ 3DNR. Clave Oficial CT: CAMDAH5060. Marca: CT.,TELEFONIA Y VIDEO VIGILANCIA,telefonia_seguridad,CT,101.25,1974.38,3159.0,3159.0,2665.41,2665.41,2467.97,2369.25,https://static.ctonline.mx/imagenes/CAMDAH5060/CAMDAH5060_400.jpg,assets/img/catalog/CAMDAH5060.jpg
CAMDAH3730,"Cámara IP PT DAHUA DH-SD2A200-GN-HI-A-PV-0400, 2 Megapixeles, Full-Color, Disuasión Activa, Lente Fijo, Luz Blanca de 30 Metros, IR de 30 Mts, Compresión H.265, Ranura para MicroSD, Audio Bidireccional con Altavoz Integrado, Protección IP66, PoE, TiOC 2.0","Cámara IP PT DAHUA DH-SD2A200-GN-HI-A-PV-0400, 2 Megapixeles, Full-Color, Disuasión Activa, Lente Fijo, Luz Blanca de 30 Metros, IR de 30 Mts, Compresión H.265, Ranura para MicroSD, Audio Bidireccional con Altavoz Integrado, Protección IP66, PoE, TiOC 2.0. Clave Oficial CT: CAMDAH3730. Marca: CT.",TELEFONIA Y VIDEO VIGILANCIA,telefonia_seguridad,CT,76.31,1487.98,2380.77,2380.77,2008.78,2008.78,1859.98,1785.58,https://static.ctonline.mx/imagenes/CAMDAH3730/CAMDAH3730_400.jpg,assets/img/catalog/CAMDAH3730.jpg
CAMDAH5450,Cámara IP PT DAHUA 5MP DH-SD2A500HB-GN-A-PV-S2 Cámara IP PT de 5 Megapíxeles/ Full Color+ Disuasión Activa/ Iluminador Dual Inteligente/ Lente Fijo/ 30 Metros de Iluminación IR y Luz Visible/ Audio 2 Vías/ IP66/ PoE/ Detección de Humanos/ Ranura MicroSD,Cámara IP PT DAHUA 5MP DH-SD2A500HB-GN-A-PV-S2 Cámara IP PT de 5 Megapíxeles/ Full Color+ Disuasión Activa/ Iluminador Dual Inteligente/ Lente Fijo/ 30 Metros de Iluminación IR y Luz Visible/ Audio 2 Vías/ IP66/ PoE/ Detección de Humanos/ Ranura MicroSD. Clave Oficial CT: CAMDAH5450. Marca: CT.,TELEFONIA Y VIDEO VIGILANCIA,telefonia_seguridad,CT,86.31,1682.98,2692.77,2692.77,2272.03,2272.03,2103.73,2019.58,https://static.ctonline.mx/imagenes/CAMDAH5450/CAMDAH5450_400.jpg,assets/img/catalog/CAMDAH5450.jpg
CAMDAH5590,Cámara IP BALA 4K DH-IPC-HFW2841T-AS Cámara IP Bullet 4k/ 8 Megapíxeles/ Lente de 3.6 mm/ WizSense/ H.265+/ WDR Real/ 104°/ IR 80 Mts/ IP67/ E&S de Alarma/ Ranura MicroSD/ PoE/ SMD Plus,Cámara IP BALA 4K DH-IPC-HFW2841T-AS Cámara IP Bullet 4k/ 8 Megapíxeles/ Lente de 3.6 mm/ WizSense/ H.265+/ WDR Real/ 104°/ IR 80 Mts/ IP67/ E&S de Alarma/ Ranura MicroSD/ PoE/ SMD Plus. Clave Oficial CT: CAMDAH5590. Marca: CT.,TELEFONIA Y VIDEO VIGILANCIA,telefonia_seguridad,CT,109.26,2130.6,3408.95,3408.95,2876.31,2876.31,2663.25,2556.72,https://static.ctonline.mx/imagenes/CAMDAH5590/CAMDAH5590_400.jpg,assets/img/catalog/CAMDAH5590.jpg
CAMDAH5550,Camara DAHUA PTZ  DH-SD49218DBN-HC PTZ Domo de 2 Megapixeles/ 18X de Zoom Optico/ IP66/ Starlight/ WDR Real 120dB/ IR de 100m/ HLC/ 3DNR/ 12V 3A,Camara DAHUA PTZ  DH-SD49218DBN-HC PTZ Domo de 2 Megapixeles/ 18X de Zoom Optico/ IP66/ Starlight/ WDR Real 120dB/ IR de 100m/ HLC/ 3DNR/ 12V 3A. Clave Oficial CT: CAMDAH5550. Marca: CT.,TELEFONIA Y VIDEO VIGILANCIA,telefonia_seguridad,CT,168.12,3278.44,5245.5,5245.5,4425.89,4425.89,4098.05,3934.12,https://static.ctonline.mx/imagenes/CAMDAH5550/CAMDAH5550_400.jpg,assets/img/catalog/CAMDAH5550.jpg
CAMDAH5640,"Cámara IP PTZ 4MP TIOC DH-SD3E405DB-GNY-A-PV1 Cámara IP PTZ 4MP TiOC Zoom Óptico 5X, Iluminación Dual Inteligente, Disuasión Activa, IR 50 Metros, Audio 2 vías, Ranura MicroSD, IP66, PoE","Cámara IP PTZ 4MP TIOC DH-SD3E405DB-GNY-A-PV1 Cámara IP PTZ 4MP TiOC Zoom Óptico 5X, Iluminación Dual Inteligente, Disuasión Activa, IR 50 Metros, Audio 2 vías, Ranura MicroSD, IP66, PoE. Clave Oficial CT: CAMDAH5640. Marca: CT.",TELEFONIA Y VIDEO VIGILANCIA,telefonia_seguridad,CT,136.24,2656.65,4250.65,4250.65,3586.48,3586.48,3320.82,3187.98,https://static.ctonline.mx/imagenes/CAMDAH5640/CAMDAH5640_400.jpg,assets/img/catalog/CAMDAH5640.jpg
CAMDAH5520,Cámara IP PTZ 4MP DH-SD49425GB-HNR DAHUA SD49425GB-HNR - Cámara IP PTZ de 4 Megapíxeles/ WizSense/ 25x de Zoom Óptico/ IR de 100 Metros/ Detección facial/ QuickPick/ Protección Perimetral/ SMD 4.0/ IP66/ WDR Real/ E&S de Alarmas y Audio/ Ranura para MicroSD,Cámara IP PTZ 4MP DH-SD49425GB-HNR DAHUA SD49425GB-HNR - Cámara IP PTZ de 4 Megapíxeles/ WizSense/ 25x de Zoom Óptico/ IR de 100 Metros/ Detección facial/ QuickPick/ Protección Perimetral/ SMD 4.0/ IP66/ WDR Real/ E&S de Alarmas y Audio/ Ranura para MicroSD. Clave Oficial CT: CAMDAH5520. Marca: CT.,TELEFONIA Y VIDEO VIGILANCIA,telefonia_seguridad,CT,340.17,6633.32,10613.32,10613.32,8954.99,8954.99,8291.65,7959.99,https://static.ctonline.mx/imagenes/CAMDAH5520/CAMDAH5520_400.jpg,assets/img/catalog/CAMDAH5520.jpg
CAMDAH5580,Cámara DAHUA IP PTZ 8MP DH-SD49825GB-HNR / WizSense/ 25x de Zoom óptico/ IR de 100 m/ H.265+/ WDR Real de 120 dB/ Protección perimetral/ Detección de rostros / SMD 4.0/ Ranura para MicroSD/ IP66/ E&S de Alarma y Audio,Cámara DAHUA IP PTZ 8MP DH-SD49825GB-HNR / WizSense/ 25x de Zoom óptico/ IR de 100 m/ H.265+/ WDR Real de 120 dB/ Protección perimetral/ Detección de rostros / SMD 4.0/ Ranura para MicroSD/ IP66/ E&S de Alarma y Audio. Clave Oficial CT: CAMDAH5580. Marca: CT.,TELEFONIA Y VIDEO VIGILANCIA,telefonia_seguridad,CT,424.92,8285.95,13257.52,13257.52,11186.03,11186.03,10357.44,9943.14,https://static.ctonline.mx/imagenes/CAMDAH5580/CAMDAH5580_400.jpg,assets/img/catalog/CAMDAH5580.jpg
CAMDAH5530,"Cámara IP BALA 4MP DH-IPC-HFW5442EN-ZE DAHUA IPC-HFW5442EN-ZE-Cámara IP Bullet Resolución de 4 MP, lente motorizado 2.7-12 mm (ángulo 114°-47°), IR 50 m, IA WizMind, detección facial, protección perimetral, conteo de personas, Starlight, ePoE, WDR 140 dB, H.265, IP67, IK10, y E/S alarma/audio","Cámara IP BALA 4MP DH-IPC-HFW5442EN-ZE DAHUA IPC-HFW5442EN-ZE-Cámara IP Bullet Resolución de 4 MP, lente motorizado 2.7-12 mm (ángulo 114°-47°), IR 50 m, IA WizMind, detección facial, protección perimetral, conteo de personas, Starlight, ePoE, WDR 140 dB, H.265, IP67, IK10, y E/S alarma/audio. Clave Oficial CT: CAMDAH5530. Marca: CT.",TELEFONIA Y VIDEO VIGILANCIA,telefonia_seguridad,CT,303.58,5919.8,9471.68,9471.68,7991.73,7991.73,7399.75,7103.76,https://static.ctonline.mx/imagenes/CAMDAH5530/CAMDAH5530_400.jpg,assets/img/catalog/CAMDAH5530.jpg
CAMDAH5410,Cámara PT 2MP DH-HAC-PT1239A-A-LED Cámara PT de 2 Megapíxeles HDCVI/ Full Color/ Lente de 2.8 mm/ 106 Grados de Apertura/ Micrófono Integrado/ 40 Metros de Iluminación LED/ Super Adapt/ WDR Real de 130 dB/ IP66/,Cámara PT 2MP DH-HAC-PT1239A-A-LED Cámara PT de 2 Megapíxeles HDCVI/ Full Color/ Lente de 2.8 mm/ 106 Grados de Apertura/ Micrófono Integrado/ 40 Metros de Iluminación LED/ Super Adapt/ WDR Real de 130 dB/ IP66/. Clave Oficial CT: CAMDAH5410. Marca: CT.,TELEFONIA Y VIDEO VIGILANCIA,telefonia_seguridad,CT,35.51,692.47,1107.95,1107.95,934.84,934.84,865.59,830.97,https://static.ctonline.mx/imagenes/CAMDAH5410/CAMDAH5410_400.jpg,assets/img/catalog/CAMDAH5410.jpg
CAMDAH3930,"Cámara IP DAHUA PT DH-SD3A200-GN-A-PV-0400, 2 Megapíxeles Full Color, Disuasión Activa, Lente Fijo 4mm, Luz Blanca de 30 Metros, IR de 30 Metros, Compresión H.265+, Ranura para MicroSD hasta 256 GB, Audio Bidireccional con Altavoz Integrado, Protección IP66, PoE, TiOC 2.0","Cámara IP DAHUA PT DH-SD3A200-GN-A-PV-0400, 2 Megapíxeles Full Color, Disuasión Activa, Lente Fijo 4mm, Luz Blanca de 30 Metros, IR de 30 Metros, Compresión H.265+, Ranura para MicroSD hasta 256 GB, Audio Bidireccional con Altavoz Integrado, Protección IP66, PoE, TiOC 2.0. Clave Oficial CT: CAMDAH3930. Marca: CT.",TELEFONIA Y VIDEO VIGILANCIA,telefonia_seguridad,CT,93.35,1820.37,2912.59,2912.59,2457.5,2457.5,2275.46,2184.44,https://static.ctonline.mx/imagenes/CAMDAH3930/CAMDAH3930_400.jpg,assets/img/catalog/CAMDAH3930.jpg
CAMDAH3100,"Cámara IP DAHUA Bala DH-IPC-HFW3441EN-SA-0280B, Inteligencia Artificial, 4 Megapixeles, Lente de 2.8mm, Microfono Integrado, Protección Perimetral, IVS, WDR, IR 50 Mts, SMD, compresión H.265+, Protección IP67, carcasa de Metal","Cámara IP DAHUA Bala DH-IPC-HFW3441EN-SA-0280B, Inteligencia Artificial, 4 Megapixeles, Lente de 2.8mm, Microfono Integrado, Protección Perimetral, IVS, WDR, IR 50 Mts, SMD, compresión H.265+, Protección IP67, carcasa de Metal. Clave Oficial CT: CAMDAH3100. Marca: CT.",TELEFONIA Y VIDEO VIGILANCIA,telefonia_seguridad,CT,99.88,1947.56,3116.1,3116.1,2629.21,2629.21,2434.45,2337.07,https://static.ctonline.mx/imagenes/CAMDAH3100/CAMDAH3100_400.jpg,assets/img/catalog/CAMDAH3100.jpg
CAMDAH3920,"Camara IP DAHUA PT SD3A400-GN-A-PV, 4 Megapixeles Full Color, Disuasión Activa, Lente Fijo 4mm,  Luz Blanca de 30 Metros, IR de 30 Metros, Compresión H.265+, Ranura para MicroSD hasta 256 GB, Audio Bidireccional con Altavoz Integrado, Protección IP66, PoE, TiOC 2.0","Camara IP DAHUA PT SD3A400-GN-A-PV, 4 Megapixeles Full Color, Disuasión Activa, Lente Fijo 4mm,  Luz Blanca de 30 Metros, IR de 30 Metros, Compresión H.265+, Ranura para MicroSD hasta 256 GB, Audio Bidireccional con Altavoz Integrado, Protección IP66, PoE, TiOC 2.0. Clave Oficial CT: CAMDAH3920. Marca: CT.",TELEFONIA Y VIDEO VIGILANCIA,telefonia_seguridad,CT,100.45,1958.86,3134.18,3134.18,2644.47,2644.47,2448.58,2350.64,https://static.ctonline.mx/imagenes/CAMDAH3920/CAMDAH3920_400.jpg,assets/img/catalog/CAMDAH3920.jpg
CAMDAH4270,"Cámara Bala IP Panorámica DAHUA modelo DH-IPC-HFW3441T-AS-P, resolución 4 Megapíxeles, Protección IP67, Smart IR de 30 mts, Lente fijo de 2.1 mm, 180° de apertura, Micrófono integrado, E/S alarma, IA WizSense, Detección de movimiento inteligente, Protección perimetral, starlight, PoE, WDR, Compresión H.265+, 1 año de garantía.","Cámara Bala IP Panorámica DAHUA modelo DH-IPC-HFW3441T-AS-P, resolución 4 Megapíxeles, Protección IP67, Smart IR de 30 mts, Lente fijo de 2.1 mm, 180° de apertura, Micrófono integrado, E/S alarma, IA WizSense, Detección de movimiento inteligente, Protección perimetral, starlight, PoE, WDR, Compresión H.265+, 1 año de garantía.. Clave Oficial CT: CAMDAH4270. Marca: CT.",TELEFONIA Y VIDEO VIGILANCIA,telefonia_seguridad,CT,193.52,3773.69,6037.91,6037.91,5094.49,5094.49,4717.12,4528.43,https://static.ctonline.mx/imagenes/CAMDAH4270/CAMDAH4270_400.jpg,assets/img/catalog/CAMDAH4270.jpg
CAMDAH3350,DAHUA HAC-HUM3201B-P - Cámara HDCVI Pinhole 1080p/2 Megapíxeles/ Lente de 2.8 MM/ 103 Grados de Apertura/ 1 Entrada de Audio/ WDR/ BLC/ HLC/ Starlight,DAHUA HAC-HUM3201B-P - Cámara HDCVI Pinhole 1080p/2 Megapíxeles/ Lente de 2.8 MM/ 103 Grados de Apertura/ 1 Entrada de Audio/ WDR/ BLC/ HLC/ Starlight. Clave Oficial CT: CAMDAH3350. Marca: DAHUA.,TELEFONIA Y VIDEO VIGILANCIA,telefonia_seguridad,DAHUA,36.94,720.39,1152.63,1152.63,972.53,972.53,900.49,864.47,https://static.ctonline.mx/imagenes/CAMDAH3350/CAMDAH3350_400.jpg,assets/img/catalog/CAMDAH3350.jpg
CAMDAH3660,DAHUA HAC-ME1809TH-A-PV - Cámara Bullet TiOC 4k/ Disuasión Activa/ Full Color/ Estrobo Azul y Rojo/ Lente de 3.6mm/ Luz de 40 Mts/ Micrófono Integrado/ 1 Salida de Alarma/ Soporta: CVI/TVI/AHD/ IP67,DAHUA HAC-ME1809TH-A-PV - Cámara Bullet TiOC 4k/ Disuasión Activa/ Full Color/ Estrobo Azul y Rojo/ Lente de 3.6mm/ Luz de 40 Mts/ Micrófono Integrado/ 1 Salida de Alarma/ Soporta: CVI/TVI/AHD/ IP67. Clave Oficial CT: CAMDAH3660. Marca: DAHUA.,TELEFONIA Y VIDEO VIGILANCIA,telefonia_seguridad,DAHUA,72.73,1418.18,2269.09,2269.09,1914.55,1914.55,1772.73,1701.82,https://static.ctonline.mx/imagenes/CAMDAH3660/CAMDAH3660_400.jpg,assets/img/catalog/CAMDAH3660.jpg
CAMDAH4230,DAHUA HAC-HFW1500TL-A-28 - Cámara Bullet de 5 Megapíxeles/ Micrófono Integrado/ Lente de 2.8mm/ IR de 80 Mts/ IP67/ Starlight/ CVI/CVBS/AHD/TVI/,DAHUA HAC-HFW1500TL-A-28 - Cámara Bullet de 5 Megapíxeles/ Micrófono Integrado/ Lente de 2.8mm/ IR de 80 Mts/ IP67/ Starlight/ CVI/CVBS/AHD/TVI/. Clave Oficial CT: CAMDAH4230. Marca: DAHUA.,TELEFONIA Y VIDEO VIGILANCIA,telefonia_seguridad,DAHUA,33.31,649.48,1039.17,1039.17,876.8,876.8,811.85,779.38,https://static.ctonline.mx/imagenes/CAMDAH4230/CAMDAH4230_400.jpg,assets/img/catalog/CAMDAH4230.jpg
CAMDAH4630,DAHUA HAC-HFW1801TM-I8 - Cámara Bullet 4k/ 8 Megapíxeles/ Super Adapt/ Lente de 2.8 mm/ 106 Grados de Apertura/ IR de 80 Metros/ WDR Real de 120 dB/ Metálica/ Soporta: CVI/TVI/AHD/CVBS/ IP67,DAHUA HAC-HFW1801TM-I8 - Cámara Bullet 4k/ 8 Megapíxeles/ Super Adapt/ Lente de 2.8 mm/ 106 Grados de Apertura/ IR de 80 Metros/ WDR Real de 120 dB/ Metálica/ Soporta: CVI/TVI/AHD/CVBS/ IP67. Clave Oficial CT: CAMDAH4630. Marca: DAHUA.,TELEFONIA Y VIDEO VIGILANCIA,telefonia_seguridad,DAHUA,45.26,882.6,1412.15,1412.15,1191.51,1191.51,1103.25,1059.12,https://static.ctonline.mx/imagenes/CAMDAH4630/CAMDAH4630_400.jpg,assets/img/catalog/CAMDAH4630.jpg
CAMDAH4680,DAHUA SD49225DB-HNY - Cámara IP PTZ de 2 Megapíxeles/ WizSense/ 25x de Zoom Óptico/ IR de 100 Metros/ H.265/ WDR Real de 120 dB/ Protección Perimetral y Face Detection/ SMD Plus/ Ranura para MicroSD/ IP66/ E&S de Alarma y Audio/,DAHUA SD49225DB-HNY - Cámara IP PTZ de 2 Megapíxeles/ WizSense/ 25x de Zoom Óptico/ IR de 100 Metros/ H.265/ WDR Real de 120 dB/ Protección Perimetral y Face Detection/ SMD Plus/ Ranura para MicroSD/ IP66/ E&S de Alarma y Audio/. Clave Oficial CT: CAMDAH4680. Marca: DAHUA.,TELEFONIA Y VIDEO VIGILANCIA,telefonia_seguridad,DAHUA,257.39,5019.03,8030.45,8030.45,6775.7,6775.7,6273.79,6022.84,https://static.ctonline.mx/imagenes/CAMDAH4680/CAMDAH4680_400.jpg,assets/img/catalog/CAMDAH4680.jpg
CAMDAH5220,"Cámara DAHUA IPC-HFW1239S1-LED-S4 - Cámara IP Bullet Full Color 2 Megapíxeles, Lente de 2.8mm, Luz Blanca de 15 Mts, H.265, IP67, PoE, DWDR.","Cámara DAHUA IPC-HFW1239S1-LED-S4 - Cámara IP Bullet Full Color 2 Megapíxeles, Lente de 2.8mm, Luz Blanca de 15 Mts, H.265, IP67, PoE, DWDR.. Clave Oficial CT: CAMDAH5220. Marca: CT.",TELEFONIA Y VIDEO VIGILANCIA,telefonia_seguridad,CT,39.94,778.89,1246.23,1246.23,1051.5,1051.5,973.62,934.67,https://static.ctonline.mx/imagenes/CAMDAH5220/CAMDAH5220_400.jpg,assets/img/catalog/CAMDAH5220.jpg
CAMDAH6210,"CAMARA DAHUA DH-IPC-HFW3449T1-ZAS-PV Cámara IP Bullet de 4 MP, WizSense, Lente Varifocal, TIOC 2.01, disuasión activa de luz dual inteligente, IR 50 m, Luz cálida 40 m, SMD 4.0, Disuasión Activa, Audio bidireccional, PoE, IP67, E&S de Alarma.","CAMARA DAHUA DH-IPC-HFW3449T1-ZAS-PV Cámara IP Bullet de 4 MP, WizSense, Lente Varifocal, TIOC 2.01, disuasión activa de luz dual inteligente, IR 50 m, Luz cálida 40 m, SMD 4.0, Disuasión Activa, Audio bidireccional, PoE, IP67, E&S de Alarma.. Clave Oficial CT: CAMDAH6210. Marca: CT.",TELEFONIA Y VIDEO VIGILANCIA,telefonia_seguridad,CT,276.28,5387.54,8620.06,8620.06,7273.18,7273.18,6734.42,6465.05,https://static.ctonline.mx/imagenes/CAMDAH6210/CAMDAH6210_400.jpg,assets/img/catalog/CAMDAH6210.jpg
CAMDAH6270,"Cámara DAHUA HMW3200N - Cámara Cubo para DVR Móvil de 2 Megapíxeles, Lente de 2.8 mm, 106 Grados de Apertura, IR para 20 Mts, A prueba de Choques, IP67/ Micrófono Integrado.","Cámara DAHUA HMW3200N - Cámara Cubo para DVR Móvil de 2 Megapíxeles, Lente de 2.8 mm, 106 Grados de Apertura, IR para 20 Mts, A prueba de Choques, IP67/ Micrófono Integrado.. Clave Oficial CT: CAMDAH6270. Marca: CT.",TELEFONIA Y VIDEO VIGILANCIA,telefonia_seguridad,CT,56.67,1105.07,1768.12,1768.12,1491.85,1491.85,1381.34,1326.09,https://static.ctonline.mx/imagenes/CAMDAH6270/CAMDAH6270_400.jpg,assets/img/catalog/CAMDAH6270.jpg
CAMDAH6320,"Cámara DAHUA DH-HAC-B1A51N-U-IL-A -Cámara Bullet de 5 Megapíxeles, HDCVI X Plus, Lente 2.8 mm Apertura Hasta 106°, Iluminación Dual Inteligente, Iluminación Hasta 30Mts con IR +20Mts Luz Cálida, Micrófono Incorporado, Plástico, Para Exterior IP67","Cámara DAHUA DH-HAC-B1A51N-U-IL-A -Cámara Bullet de 5 Megapíxeles, HDCVI X Plus, Lente 2.8 mm Apertura Hasta 106°, Iluminación Dual Inteligente, Iluminación Hasta 30Mts con IR +20Mts Luz Cálida, Micrófono Incorporado, Plástico, Para Exterior IP67. Clave Oficial CT: CAMDAH6320. Marca: CT.",TELEFONIA Y VIDEO VIGILANCIA,telefonia_seguridad,CT,23.47,457.59,732.14,732.14,617.74,617.74,571.98,549.1,https://static.ctonline.mx/imagenes/CAMDAH6320/CAMDAH6320_400.jpg,assets/img/catalog/CAMDAH6320.jpg
CAMDAH5980,"Cámara DAHUA HAC-HFW1209CM-A-LED-0280B-S3 - Cámara Bullet Full Color 1080p lente de 2.8 mm y ángulo de 108°. Micrófono integrado, WDR digital y 20 m de iluminación. Carcasa metálica, IP67 para máxima resistencia, Compatible con CVI, CVBS, AHD y TV.","Cámara DAHUA HAC-HFW1209CM-A-LED-0280B-S3 - Cámara Bullet Full Color 1080p lente de 2.8 mm y ángulo de 108°. Micrófono integrado, WDR digital y 20 m de iluminación. Carcasa metálica, IP67 para máxima resistencia, Compatible con CVI, CVBS, AHD y TV.. Clave Oficial CT: CAMDAH5980. Marca: CT.",TELEFONIA Y VIDEO VIGILANCIA,telefonia_seguridad,CT,20.3,395.76,633.22,633.22,534.28,534.28,494.7,474.91,https://static.ctonline.mx/imagenes/CAMDAH5980/CAMDAH5980_400.jpg,assets/img/catalog/CAMDAH5980.jpg
CAMDAH6330,"Cámara DAHUA IPC-PFW3849S-A180-AS-PV Cámara IP Bullet WizSense 2x4MP con visión de 180°, MultiVision, LED IR 25m y luz cálida 20m. Disuasión activa con micrófono dual y altavoz integrado, EPTZ, SMD 4.0, PoE, IP67, y ranura MicroSD. Ideal para seguridad avanzada.","Cámara DAHUA IPC-PFW3849S-A180-AS-PV Cámara IP Bullet WizSense 2x4MP con visión de 180°, MultiVision, LED IR 25m y luz cálida 20m. Disuasión activa con micrófono dual y altavoz integrado, EPTZ, SMD 4.0, PoE, IP67, y ranura MicroSD. Ideal para seguridad avanzada.. Clave Oficial CT: CAMDAH6330. Marca: CT.",TELEFONIA Y VIDEO VIGILANCIA,telefonia_seguridad,CT,173.86,3390.34,5424.55,5424.55,4576.96,4576.96,4237.93,4068.41,https://static.ctonline.mx/imagenes/CAMDAH6330/CAMDAH6330_400.jpg,assets/img/catalog/CAMDAH6330.jpg
CAMDAH5970,Cámara DAHUA HAC-B2A51N-U-28-S2 - Cámara Bullet de 5 Megapíxeles/ Lente de 2.8mm/ Angulo de visión 106 grados/ IR de 30 Mts/ IP67/ Metálica/ CVI/CVBS/AHD/TVI,Cámara DAHUA HAC-B2A51N-U-28-S2 - Cámara Bullet de 5 Megapíxeles/ Lente de 2.8mm/ Angulo de visión 106 grados/ IR de 30 Mts/ IP67/ Metálica/ CVI/CVBS/AHD/TVI. Clave Oficial CT: CAMDAH5970. Marca: CT.,TELEFONIA Y VIDEO VIGILANCIA,telefonia_seguridad,CT,18.18,354.55,567.27,567.27,478.64,478.64,443.18,425.45,https://static.ctonline.mx/imagenes/CAMDAH5970/CAMDAH5970_400.jpg,assets/img/catalog/CAMDAH5970.jpg
CAMDAH5250,Cámara DAHUA IPC-HFW2249S-S-IL - Cámara Bullet IP 2 Megapíxeles/ Iluminador Dual Inteligente+Full Color/ WizSense/ Lente de 2.8mm/ 107 Grados/ Micrófono Integrado/ 30 Mts de IR y Luz Visible/ Metálica/ Ranura MicroSD/ WDR 120dB/ SMD Plus/ PoE,Cámara DAHUA IPC-HFW2249S-S-IL - Cámara Bullet IP 2 Megapíxeles/ Iluminador Dual Inteligente+Full Color/ WizSense/ Lente de 2.8mm/ 107 Grados/ Micrófono Integrado/ 30 Mts de IR y Luz Visible/ Metálica/ Ranura MicroSD/ WDR 120dB/ SMD Plus/ PoE. Clave Oficial CT: CAMDAH5250. Marca: CT.,TELEFONIA Y VIDEO VIGILANCIA,telefonia_seguridad,CT,54.55,1063.64,1701.82,1701.82,1435.91,1435.91,1329.55,1276.36,https://static.ctonline.mx/imagenes/CAMDAH5250/CAMDAH5250_400.jpg,assets/img/catalog/CAMDAH5250.jpg
CAMDAH4620,DAHUA IPC-HDW3849HN-AS-PV-0280B - Cámara IP Domo 4K Resolución de 8 MP/ Lente 2.8 mm/ ∢ 107°/ LED 30mts/ IA WizSense/ Det. de Mov. Inteligente/ Prot. Perimetral/ FullColor/ TiOC/ PoE/ WDR/ H.265/ IP67/ Micrófono/ Sirena/ Estrobos/ E&S Alarma/ E&S Audio,DAHUA IPC-HDW3849HN-AS-PV-0280B - Cámara IP Domo 4K Resolución de 8 MP/ Lente 2.8 mm/ ∢ 107°/ LED 30mts/ IA WizSense/ Det. de Mov. Inteligente/ Prot. Perimetral/ FullColor/ TiOC/ PoE/ WDR/ H.265/ IP67/ Micrófono/ Sirena/ Estrobos/ E&S Alarma/ E&S Audio. Clave Oficial CT: CAMDAH4620. Marca: DAHUA.,TELEFONIA Y VIDEO VIGILANCIA,telefonia_seguridad,DAHUA,207.33,4042.93,6468.68,6468.68,5457.95,5457.95,5053.66,4851.51,https://static.ctonline.mx/imagenes/CAMDAH4620/CAMDAH4620_400.jpg,assets/img/catalog/CAMDAH4620.jpg
CAMDAH6030,"Camara DAHUA DH-IPC-HDW1230T1P-A-0280B-S6 - Cámara IP Domo 2MP con lente de 2.8 mm y ángulo de visión de 102 grados, micrófono integrado, IR de 30m, IP67, PoE, DWDR","Camara DAHUA DH-IPC-HDW1230T1P-A-0280B-S6 - Cámara IP Domo 2MP con lente de 2.8 mm y ángulo de visión de 102 grados, micrófono integrado, IR de 30m, IP67, PoE, DWDR. Clave Oficial CT: CAMDAH6030. Marca: CT.",TELEFONIA Y VIDEO VIGILANCIA,telefonia_seguridad,CT,38.86,757.84,1212.55,1212.55,1023.09,1023.09,947.3,909.41,https://static.ctonline.mx/imagenes/CAMDAH6030/CAMDAH6030_400.jpg,assets/img/catalog/CAMDAH6030.jpg
CAMDAH5170,"Cámara ANALOGA DOMO 4K DH-HAC-HDW1801TN Cámara Domo 4K, 8 Megapíxeles, Lente de 2.8mm, 106 Grados de Apertura, IR de 60 Metros, Metálica, WDR Real de 120dB, IP67, Soporta: CVI/CVBS/AHD/TVI","Cámara ANALOGA DOMO 4K DH-HAC-HDW1801TN Cámara Domo 4K, 8 Megapíxeles, Lente de 2.8mm, 106 Grados de Apertura, IR de 60 Metros, Metálica, WDR Real de 120dB, IP67, Soporta: CVI/CVBS/AHD/TVI. Clave Oficial CT: CAMDAH5170. Marca: CT.",TELEFONIA Y VIDEO VIGILANCIA,telefonia_seguridad,CT,39.93,778.67,1245.87,1245.87,1051.21,1051.21,973.34,934.4,https://static.ctonline.mx/imagenes/CAMDAH5170/CAMDAH5170_400.jpg,assets/img/catalog/CAMDAH5170.jpg
CAMDAH5200,"Cámara ANALOGA DOMO 2MP DH-HAC-HDW1200CLQN-IL-A Cámara Domo de 2 Megapíxeles, Iluminación Dual Inteligente + FullColor, Lente de 2.8 mm, 102 Grados de Apertura, 20 Metros de IR y Luz Visible, Micrófono Integrado, IP67, Soporta: CVI/CVBS/AHD/TVI","Cámara ANALOGA DOMO 2MP DH-HAC-HDW1200CLQN-IL-A Cámara Domo de 2 Megapíxeles, Iluminación Dual Inteligente + FullColor, Lente de 2.8 mm, 102 Grados de Apertura, 20 Metros de IR y Luz Visible, Micrófono Integrado, IP67, Soporta: CVI/CVBS/AHD/TVI. Clave Oficial CT: CAMDAH5200. Marca: CT.",TELEFONIA Y VIDEO VIGILANCIA,telefonia_seguridad,CT,22.69,442.52,708.03,708.03,597.4,597.4,553.15,531.02,https://static.ctonline.mx/imagenes/CAMDAH5200/CAMDAH5200_400.jpg,assets/img/catalog/CAMDAH5200.jpg
CAMDAH2470,"Cámara IP DOMO 2MP DH-IPC-HDBW1230EN-0280B-S4 Cámara IP Domo Antivandálica de 2 Megapíxeles, Lente de 2.8 mm, 104 Grados de Apertura, Metálica, IR de 30 Mts, IP67/IK10, PoE, DWDR","Cámara IP DOMO 2MP DH-IPC-HDBW1230EN-0280B-S4 Cámara IP Domo Antivandálica de 2 Megapíxeles, Lente de 2.8 mm, 104 Grados de Apertura, Metálica, IR de 30 Mts, IP67/IK10, PoE, DWDR. Clave Oficial CT: CAMDAH2470. Marca: CT.",TELEFONIA Y VIDEO VIGILANCIA,telefonia_seguridad,CT,47.4,924.26,1478.81,1478.81,1247.75,1247.75,1155.32,1109.11,https://static.ctonline.mx/imagenes/CAMDAH2470/CAMDAH2470_400.jpg,assets/img/catalog/CAMDAH2470.jpg
CAMDAH1900,Cámara ANALOGA BALA 2MP DH-HAC-HFW1200TN-0360B-S4 Cámara Bullet de 2 Megapíxeles/ Lente Fijo de 3.6mm/ 83 Grados de Apertura/ Smart IR 30 Metros/ IP67/ Metálica/ BLC/ HLC/ DWDR/ TVI AHD y CBVS,Cámara ANALOGA BALA 2MP DH-HAC-HFW1200TN-0360B-S4 Cámara Bullet de 2 Megapíxeles/ Lente Fijo de 3.6mm/ 83 Grados de Apertura/ Smart IR 30 Metros/ IP67/ Metálica/ BLC/ HLC/ DWDR/ TVI AHD y CBVS. Clave Oficial CT: CAMDAH1900. Marca: CT.,TELEFONIA Y VIDEO VIGILANCIA,telefonia_seguridad,CT,17.41,339.48,543.16,543.16,458.29,458.29,424.35,407.37,https://static.ctonline.mx/imagenes/CAMDAH1900/CAMDAH1900_400.jpg,assets/img/catalog/CAMDAH1900.jpg
CAMDAH5720,"Cámara IP DOMO 2MP DH-IPC-T1E20 Cámara IP Domo de 2 MP, lente de 2.8 mm y 99° de visión. Alcance IR de 30 m, protección IP67 y alimentación PoE. Funciones avanzadas: DWDR, 3D NR, HLC, BLC y compresión H.265+ Ideal para videovigilancia confiable","Cámara IP DOMO 2MP DH-IPC-T1E20 Cámara IP Domo de 2 MP, lente de 2.8 mm y 99° de visión. Alcance IR de 30 m, protección IP67 y alimentación PoE. Funciones avanzadas: DWDR, 3D NR, HLC, BLC y compresión H.265+ Ideal para videovigilancia confiable. Clave Oficial CT: CAMDAH5720. Marca: CT.",TELEFONIA Y VIDEO VIGILANCIA,telefonia_seguridad,CT,25.22,491.71,786.74,786.74,663.81,663.81,614.64,590.05,https://static.ctonline.mx/imagenes/CAMDAH5720/CAMDAH5720_400.jpg,assets/img/catalog/CAMDAH5720.jpg
CAMDAH5730,"Cámara IP DOMO 2MP ANTIVANDALICA DH-IPC-HDBW1230DE-SW Cámara IP Domo Wifi de 2 MP Lente de 2.8 mm, 100 Grados Apertura, IR 30 Metros, Ranura para MicroSD, IP67, Antivandálica, Detección de Humanos SMD, Hasta 80 Metros de Alcance en Área Abierta","Cámara IP DOMO 2MP ANTIVANDALICA DH-IPC-HDBW1230DE-SW Cámara IP Domo Wifi de 2 MP Lente de 2.8 mm, 100 Grados Apertura, IR 30 Metros, Ranura para MicroSD, IP67, Antivandálica, Detección de Humanos SMD, Hasta 80 Metros de Alcance en Área Abierta. Clave Oficial CT: CAMDAH5730. Marca: CT.",TELEFONIA Y VIDEO VIGILANCIA,telefonia_seguridad,CT,51.67,1007.57,1612.12,1612.12,1360.22,1360.22,1259.47,1209.09,https://static.ctonline.mx/imagenes/CAMDAH5730/CAMDAH5730_400.jpg,assets/img/catalog/CAMDAH5730.jpg
CAMDAH6300,"CAMARA DAHUA HDBW3200F-M - Cámara Domo de 2 Mp, Especial para DVR Movil , Lente de 2.8mm, 106 Grados de Apertura, IR de 20 Metros, Tetra-híbrida, Micrófono Integrado, IP67, IK10.","CAMARA DAHUA HDBW3200F-M - Cámara Domo de 2 Mp, Especial para DVR Movil , Lente de 2.8mm, 106 Grados de Apertura, IR de 20 Metros, Tetra-híbrida, Micrófono Integrado, IP67, IK10.. Clave Oficial CT: CAMDAH6300. Marca: CT.",TELEFONIA Y VIDEO VIGILANCIA,telefonia_seguridad,CT,54.26,1058.1,1692.95,1692.95,1428.43,1428.43,1322.62,1269.72,https://static.ctonline.mx/imagenes/CAMDAH6300/CAMDAH6300_400.jpg,assets/img/catalog/CAMDAH6300.jpg
CAMDAH5690,"Cámara IP DOMO 4MP DH-IPC-T1E40 Cámara IP Domo de 4 Megapíxeles, Lente de 2.8 mm, 93 Grados de Apertura, H.265+, WDR Real de 120 Db, IR de 30 Metros, IP67, PoE","Cámara IP DOMO 4MP DH-IPC-T1E40 Cámara IP Domo de 4 Megapíxeles, Lente de 2.8 mm, 93 Grados de Apertura, H.265+, WDR Real de 120 Db, IR de 30 Metros, IP67, PoE. Clave Oficial CT: CAMDAH5690. Marca: CT.",TELEFONIA Y VIDEO VIGILANCIA,telefonia_seguridad,CT,39.34,767.15,1227.44,1227.44,1035.65,1035.65,958.93,920.58,https://static.ctonline.mx/imagenes/CAMDAH5690/CAMDAH5690_400.jpg,assets/img/catalog/CAMDAH5690.jpg
CAMDAH5070,Cámara ANALOGA DOMO 5MP HAC-HDW1500CLQ-IL-A Cámara Domo de 5 Megapíxeles/ Iluminación Dual Inteligente + FullColor/ Lente de 2.8 mm/ 106 Grados de Apertura/ 20 Metros de IR y Luz Visible/ Micrófono Integrado/ IP67/ Soporta: CVI/CVBS/AHD/TVI,Cámara ANALOGA DOMO 5MP HAC-HDW1500CLQ-IL-A Cámara Domo de 5 Megapíxeles/ Iluminación Dual Inteligente + FullColor/ Lente de 2.8 mm/ 106 Grados de Apertura/ 20 Metros de IR y Luz Visible/ Micrófono Integrado/ IP67/ Soporta: CVI/CVBS/AHD/TVI. Clave Oficial CT: CAMDAH5070. Marca: CT.,TELEFONIA Y VIDEO VIGILANCIA,telefonia_seguridad,CT,26.76,521.85,834.95,834.95,704.49,704.49,652.31,626.22,https://static.ctonline.mx/imagenes/CAMDAH5070/CAMDAH5070_400.jpg,assets/img/catalog/CAMDAH5070.jpg
CAMDAH4160,DAHUA HAC-ME1239HN-A-PV - Cámara Domo TiOC de 2 Megapíxeles/ Disuasión Activa Luz Roja y Azul/ Lente de 3.6 mm/ Super Adapt/ Micrófono y Altavoz Integrados/ 40 Metros de Iluminación (IR y Cálida)/ Metálica/ IP67,DAHUA HAC-ME1239HN-A-PV - Cámara Domo TiOC de 2 Megapíxeles/ Disuasión Activa Luz Roja y Azul/ Lente de 3.6 mm/ Super Adapt/ Micrófono y Altavoz Integrados/ 40 Metros de Iluminación (IR y Cálida)/ Metálica/ IP67. Clave Oficial CT: CAMDAH4160. Marca: DAHUA.,TELEFONIA Y VIDEO VIGILANCIA,telefonia_seguridad,DAHUA,49.15,958.38,1533.41,1533.41,1293.81,1293.81,1197.98,1150.06,https://static.ctonline.mx/imagenes/CAMDAH4160/CAMDAH4160_400.jpg,assets/img/catalog/CAMDAH4160.jpg
CAMDAH4190,DAHUA IPC-HDBW3441R-AS-P - Cámara IP Domo Antivandálica Resolución de 4 MP/ Lente 2.1 mm/ ∢ 180°/ IR 15 mts/ IA WizSense/ Det. de Mov. Inteligente/ Protección Perimetral / Starlight / PoE / WDR / H.265+ / IP67 / IK10 / Micrófono / E&S Alarma (Existencias Limitadas),DAHUA IPC-HDBW3441R-AS-P - Cámara IP Domo Antivandálica Resolución de 4 MP/ Lente 2.1 mm/ ∢ 180°/ IR 15 mts/ IA WizSense/ Det. de Mov. Inteligente/ Protección Perimetral / Starlight / PoE / WDR / H.265+ / IP67 / IK10 / Micrófono / E&S Alarma (Existencias Limitadas). Clave Oficial CT: CAMDAH4190. Marca: DAHUA.,TELEFONIA Y VIDEO VIGILANCIA,telefonia_seguridad,DAHUA,130.68,2548.3,4077.27,4077.27,3440.2,3440.2,3185.37,3057.95,https://static.ctonline.mx/imagenes/CAMDAH4190/CAMDAH4190_400.jpg,assets/img/catalog/CAMDAH4190.jpg
CAMDAH5960,Cámara DAHUA DH-HAC-HDBW1200RAN-Z - Cámara Domo Antivandálica de 2 Megapíxeles/ Lente Motorizado de 2.7mm a 12mm/ Super Adapt/ IR de 60 Metros/ IP67/ IK10,Cámara DAHUA DH-HAC-HDBW1200RAN-Z - Cámara Domo Antivandálica de 2 Megapíxeles/ Lente Motorizado de 2.7mm a 12mm/ Super Adapt/ IR de 60 Metros/ IP67/ IK10. Clave Oficial CT: CAMDAH5960. Marca: CT.,TELEFONIA Y VIDEO VIGILANCIA,telefonia_seguridad,CT,33.4,651.26,1042.01,1042.01,879.2,879.2,814.07,781.51,https://static.ctonline.mx/imagenes/CAMDAH5960/CAMDAH5960_400.jpg,assets/img/catalog/CAMDAH5960.jpg
CAMDAH5940,"Cámara DAHUA DH-IPC-HDBW2241E-S, Cámara IP, Domo Antivandálica de 2 Megapíxeles. Lente de 2.8 mm, micrófono integrado, analíticos IVS, 106° de visión, IR de 30 m, WDR real 120 dB, compresión H.265+, ranura MicroSD, carcasa metálica, IP67 e IK10.","Cámara DAHUA DH-IPC-HDBW2241E-S, Cámara IP, Domo Antivandálica de 2 Megapíxeles. Lente de 2.8 mm, micrófono integrado, analíticos IVS, 106° de visión, IR de 30 m, WDR real 120 dB, compresión H.265+, ranura MicroSD, carcasa metálica, IP67 e IK10.. Clave Oficial CT: CAMDAH5940. Marca: CT.",TELEFONIA Y VIDEO VIGILANCIA,telefonia_seguridad,CT,53.86,1050.34,1680.55,1680.55,1417.96,1417.96,1312.93,1260.41,https://static.ctonline.mx/imagenes/CAMDAH5940/CAMDAH5940_400.jpg,assets/img/catalog/CAMDAH5940.jpg
CAMDAH5440,"Cámara ANALOGA DOMO 4K DH-HAC-HDBW1801RAN-Z-A Cámara Domo 4k Antivandalica, 8 Megapixeles, Lente Motorizado de 2.7 a 13.5 mm, 60 Mts de IR, Metalica, Microfono Integrado, WDR Real de 120 Db, IP67/ IK10","Cámara ANALOGA DOMO 4K DH-HAC-HDBW1801RAN-Z-A Cámara Domo 4k Antivandalica, 8 Megapixeles, Lente Motorizado de 2.7 a 13.5 mm, 60 Mts de IR, Metalica, Microfono Integrado, WDR Real de 120 Db, IP67/ IK10. Clave Oficial CT: CAMDAH5440. Marca: CT.",TELEFONIA Y VIDEO VIGILANCIA,telefonia_seguridad,CT,65.84,1283.9,2054.24,2054.24,1733.26,1733.26,1604.87,1540.68,https://static.ctonline.mx/imagenes/CAMDAH5440/CAMDAH5440_400.jpg,assets/img/catalog/CAMDAH5440.jpg
CAMDAH4040,"Cámara Domo DAHUA COOPER D1A2128 - HDCVI 1080p, Apertura de 103°, Lente de 2.8 mm, IR 20 Mts, Uso Interior, TVI AHD Y CVBS","Cámara Domo DAHUA COOPER D1A2128 - HDCVI 1080p, Apertura de 103°, Lente de 2.8 mm, IR 20 Mts, Uso Interior, TVI AHD Y CVBS. Clave Oficial CT: CAMDAH4040. Marca: CT.",TELEFONIA Y VIDEO VIGILANCIA,telefonia_seguridad,CT,12.41,242.09,387.34,387.34,326.82,326.82,302.61,290.5,https://static.ctonline.mx/imagenes/CAMDAH4040/CAMDAH4040_400.jpg,assets/img/catalog/CAMDAH4040.jpg
CAMDAH4030,"Cámara HDCVI DAHUA Bala DH-HAC-HFW1200TN-A-0280B-S4, 1080p, 2 Megapixeles, Microfono Integrado, Apertura de 103°, Lente 2.8 mm, IR 30 Mts, Protección IP67, carcasa Metalica, DWDR, BLC, HLC.","Cámara HDCVI DAHUA Bala DH-HAC-HFW1200TN-A-0280B-S4, 1080p, 2 Megapixeles, Microfono Integrado, Apertura de 103°, Lente 2.8 mm, IR 30 Mts, Protección IP67, carcasa Metalica, DWDR, BLC, HLC.. Clave Oficial CT: CAMDAH4030. Marca: CT.",TELEFONIA Y VIDEO VIGILANCIA,telefonia_seguridad,CT,18.88,368.06,588.9,588.9,496.88,496.88,460.08,441.68,https://static.ctonline.mx/imagenes/CAMDAH4030/CAMDAH4030_400.jpg,assets/img/catalog/CAMDAH4030.jpg
CAMDAH2550,"Cámara IP Dahua 2 MP tipo Domo HDW1230T1-S4, compresión de video H265+, lente 2.8mm, 105° de apertura, IP Led 30 Mts, protección IP67, compensación de contraluz BLC, HLC, DWDR.","Cámara IP Dahua 2 MP tipo Domo HDW1230T1-S4, compresión de video H265+, lente 2.8mm, 105° de apertura, IP Led 30 Mts, protección IP67, compensación de contraluz BLC, HLC, DWDR.. Clave Oficial CT: CAMDAH2550. Marca: CT.",TELEFONIA Y VIDEO VIGILANCIA,telefonia_seguridad,CT,34.86,679.84,1087.75,1087.75,917.79,917.79,849.8,815.81,https://static.ctonline.mx/imagenes/CAMDAH2550/CAMDAH2550_400.jpg,assets/img/catalog/CAMDAH2550.jpg
CAMDAH4450,Cámara Domo IP Full Color 2mp IPC-HDW1239T1-A-LED-S5/ lente de 2.8mm/ 110 grados de apertura/ micrófono integrado/ luz blanca 15 mts/ H.265/ ip67/ POE/ DWDR/,Cámara Domo IP Full Color 2mp IPC-HDW1239T1-A-LED-S5/ lente de 2.8mm/ 110 grados de apertura/ micrófono integrado/ luz blanca 15 mts/ H.265/ ip67/ POE/ DWDR/. Clave Oficial CT: CAMDAH4450. Marca: CT.,TELEFONIA Y VIDEO VIGILANCIA,telefonia_seguridad,CT,45.48,886.81,1418.89,1418.89,1197.19,1197.19,1108.51,1064.17,https://static.ctonline.mx/imagenes/CAMDAH4450/CAMDAH4450_400.jpg,assets/img/catalog/CAMDAH4450.jpg
CAMDAH3950,"Cámara HDCVI DAHUA Domo DH-HAC-HDW1509TLQN-A-LED-0360B-S2, 5 Megapíxeles, Full Color, lente de 3.6mm, super adaptable, imagen a color 24/7, Micrófono Integrado, IR Led hasta 20 mts, Protección IP67, DWD Real 120dB, metal+plastico, 1 año de garantía","Cámara HDCVI DAHUA Domo DH-HAC-HDW1509TLQN-A-LED-0360B-S2, 5 Megapíxeles, Full Color, lente de 3.6mm, super adaptable, imagen a color 24/7, Micrófono Integrado, IR Led hasta 20 mts, Protección IP67, DWD Real 120dB, metal+plastico, 1 año de garantía. Clave Oficial CT: CAMDAH3950. Marca: CT.",TELEFONIA Y VIDEO VIGILANCIA,telefonia_seguridad,CT,34.78,678.29,1085.26,1085.26,915.69,915.69,847.86,813.95,https://static.ctonline.mx/imagenes/CAMDAH3950/CAMDAH3950_400.jpg,assets/img/catalog/CAMDAH3950.jpg
CAMDAH4010,"Cámara HDCVI DAHUA Bala DH-HAC-HFW1509MHN-A-LED-0360B-S2, Full Color de 5 Megapixeles, Lente de 3.6mm, Microfono Integrado, Luz Blanca de 50 Mts, WDR Real de 120 dB, Color 24/7, Protección IP67, Starlight, Carcasa de Metal + Plastico.","Cámara HDCVI DAHUA Bala DH-HAC-HFW1509MHN-A-LED-0360B-S2, Full Color de 5 Megapixeles, Lente de 3.6mm, Microfono Integrado, Luz Blanca de 50 Mts, WDR Real de 120 dB, Color 24/7, Protección IP67, Starlight, Carcasa de Metal + Plastico.. Clave Oficial CT: CAMDAH4010. Marca: CT.",TELEFONIA Y VIDEO VIGILANCIA,telefonia_seguridad,CT,44.91,875.73,1401.16,1401.16,1182.23,1182.23,1094.66,1050.87,https://static.ctonline.mx/imagenes/CAMDAH4010/CAMDAH4010_400.jpg,assets/img/catalog/CAMDAH4010.jpg
CAMDAH3070,"Cámara Dahua IP Domo DH-IPC-HDPW1431R1N-0280B-S4, 4 Megapíxeles, Lente de 2.8mm, IR Led de 40 Mts, compresión de video H.265, WDR Real, Protección IP67, PoE, policarbonato.","Cámara Dahua IP Domo DH-IPC-HDPW1431R1N-0280B-S4, 4 Megapíxeles, Lente de 2.8mm, IR Led de 40 Mts, compresión de video H.265, WDR Real, Protección IP67, PoE, policarbonato.. Clave Oficial CT: CAMDAH3070. Marca: CT.",TELEFONIA Y VIDEO VIGILANCIA,telefonia_seguridad,CT,56.47,1101.09,1761.74,1761.74,1486.47,1486.47,1376.36,1321.3,https://static.ctonline.mx/imagenes/CAMDAH3070/CAMDAH3070_400.jpg,assets/img/catalog/CAMDAH3070.jpg
CAMDAH2820,"Cámara IP Domo Dahua 2MP Antivandálica DH-IPC-HDBW2231EN-S-0280B-S2, Lente de 2.8mm, 106° de apertura, visión nocturna de 30mts, WDR Real, Ranura Micro SD, PoE + 12VCD, protección IP67, IK10, Metal, 1 año de Garantía","Cámara IP Domo Dahua 2MP Antivandálica DH-IPC-HDBW2231EN-S-0280B-S2, Lente de 2.8mm, 106° de apertura, visión nocturna de 30mts, WDR Real, Ranura Micro SD, PoE + 12VCD, protección IP67, IK10, Metal, 1 año de Garantía. Clave Oficial CT: CAMDAH2820. Marca: CT.",TELEFONIA Y VIDEO VIGILANCIA,telefonia_seguridad,CT,52.28,1019.54,1631.26,1631.26,1376.38,1376.38,1274.42,1223.45,https://static.ctonline.mx/imagenes/CAMDAH2820/CAMDAH2820_400.jpg,assets/img/catalog/CAMDAH2820.jpg
CAMDAH4910,Cámara Bullet DH-HAC-HFW2802TN-A-I8 /Cámara Bullet 4k/ Lente de 3.6mm/ IR de 80 Metros/ Micrófono Integrado + 1 Entrada de Audio/ Metálica/ IP67/ WDR Real de 120 dB,Cámara Bullet DH-HAC-HFW2802TN-A-I8 /Cámara Bullet 4k/ Lente de 3.6mm/ IR de 80 Metros/ Micrófono Integrado + 1 Entrada de Audio/ Metálica/ IP67/ WDR Real de 120 dB. Clave Oficial CT: CAMDAH4910. Marca: CT.,TELEFONIA Y VIDEO VIGILANCIA,telefonia_seguridad,CT,81.99,1598.78,2558.05,2558.05,2158.35,2158.35,1998.47,1918.53,https://static.ctonline.mx/imagenes/CAMDAH4910/CAMDAH4910_400.jpg,assets/img/catalog/CAMDAH4910.jpg
CAMDAH4970,Cámara domo HAC-HDW1801TLM-IL-A /Cámara Domo 4k/ Iluminador Dual Inteligente + Full Color/ Lente de 2.8mm/ 106 Grados de Apertura/ 20 Metros de Iluminación IR y Visible/ Super Adapt/ Micrófono Integrado/ WDR Real de 120 dB/ IP67,Cámara domo HAC-HDW1801TLM-IL-A /Cámara Domo 4k/ Iluminador Dual Inteligente + Full Color/ Lente de 2.8mm/ 106 Grados de Apertura/ 20 Metros de Iluminación IR y Visible/ Super Adapt/ Micrófono Integrado/ WDR Real de 120 dB/ IP67. Clave Oficial CT: CAMDAH4970. Marca: CT.,TELEFONIA Y VIDEO VIGILANCIA,telefonia_seguridad,CT,59.47,1159.59,1855.34,1855.34,1565.44,1565.44,1449.48,1391.5,https://static.ctonline.mx/imagenes/CAMDAH4970/CAMDAH4970_400.jpg,assets/img/catalog/CAMDAH4970.jpg
CAMDAH6360,"Cámara DAHUA DH-HAC-HDW1249XN-A-PRO - Cámara Domo HDCVI 2MP 1080P WizColor, Video 24 Horas a Color, Corrección de Distorsión de Imagen mediante IA, Iluminador Inteligente, Hasta 50m de Dist de Ilumin, Doble Mic Incorp, Campo de Visión de Hasta 101°.","Cámara DAHUA DH-HAC-HDW1249XN-A-PRO - Cámara Domo HDCVI 2MP 1080P WizColor, Video 24 Horas a Color, Corrección de Distorsión de Imagen mediante IA, Iluminador Inteligente, Hasta 50m de Dist de Ilumin, Doble Mic Incorp, Campo de Visión de Hasta 101°.. Clave Oficial CT: CAMDAH6360. Marca: CT.",TELEFONIA Y VIDEO VIGILANCIA,telefonia_seguridad,CT,34.66,675.85,1081.36,1081.36,912.4,912.4,844.82,811.02,https://static.ctonline.mx/imagenes/CAMDAH6360/CAMDAH6360_400.jpg,assets/img/catalog/CAMDAH6360.jpg
CAMDAH6370,"Cámara DAHUA DH-HAC-HFW1249XN-A-PRO - Cámara Bullet HDCVI 2MP 1080P WizColor, Video 24 Horas a Color, Corrección de Distorsión de Imagen mediante IA, Iluminador Inteligente, Hasta 50m de Dist de Ilumin, Doble Mic Incorp, Campo de Visión de Hasta 101°.","Cámara DAHUA DH-HAC-HFW1249XN-A-PRO - Cámara Bullet HDCVI 2MP 1080P WizColor, Video 24 Horas a Color, Corrección de Distorsión de Imagen mediante IA, Iluminador Inteligente, Hasta 50m de Dist de Ilumin, Doble Mic Incorp, Campo de Visión de Hasta 101°.. Clave Oficial CT: CAMDAH6370. Marca: CT.",TELEFONIA Y VIDEO VIGILANCIA,telefonia_seguridad,CT,40.16,783.1,1252.96,1252.96,1057.19,1057.19,978.88,939.72,https://static.ctonline.mx/imagenes/CAMDAH6370/CAMDAH6370_400.jpg,assets/img/catalog/CAMDAH6370.jpg
CAMDAH6380,"Cámara DAHUA DH-HAC-HFW1249XN-IL-A-PRO - Cámara Bullet HDCVI 2MP WizColor, Imagen 24 Horas a Color, Corrección de Distorsión de Imagen mediante IA, Iluminador Dual Inteligente, Hasta 50m de Dist de Ilumin, Doble Mic Incorp, Campo de Visión de Hasta 101°.","Cámara DAHUA DH-HAC-HFW1249XN-IL-A-PRO - Cámara Bullet HDCVI 2MP WizColor, Imagen 24 Horas a Color, Corrección de Distorsión de Imagen mediante IA, Iluminador Dual Inteligente, Hasta 50m de Dist de Ilumin, Doble Mic Incorp, Campo de Visión de Hasta 101°.. Clave Oficial CT: CAMDAH6380. Marca: CT.",TELEFONIA Y VIDEO VIGILANCIA,telefonia_seguridad,CT,47.49,926.03,1481.65,1481.65,1250.14,1250.14,1157.54,1111.23,https://static.ctonline.mx/imagenes/CAMDAH6380/CAMDAH6380_400.jpg,assets/img/catalog/CAMDAH6380.jpg
CAMDAH6390,"Cámara DAHUA DH-HAC-HFW1200RLN-IL-T- Cámara Bullet de 2 Megapíxeles, Audio Bidireccional, Iluminación Dual Inteligente Hasta 30m, Lente de 2.8mm Apertura de 111 grados.","Cámara DAHUA DH-HAC-HFW1200RLN-IL-T- Cámara Bullet de 2 Megapíxeles, Audio Bidireccional, Iluminación Dual Inteligente Hasta 30m, Lente de 2.8mm Apertura de 111 grados.. Clave Oficial CT: CAMDAH6390. Marca: CT.",TELEFONIA Y VIDEO VIGILANCIA,telefonia_seguridad,CT,23.7,462.24,739.58,739.58,624.02,624.02,577.8,554.69,https://static.ctonline.mx/imagenes/CAMDAH6390/CAMDAH6390_400.jpg,assets/img/catalog/CAMDAH6390.jpg
CAMDAH6400,"Cámara DAHUA DH-HAC-HFW1200TLMN-IL-T- Cámara Bullet de 2 Megapíxeles, Lente de 2.8 mm Apertura de Hasta 111°, Audio Bidireccional, Iluminador Dual Inteligente Hasta 40m, Metal + Plástico.","Cámara DAHUA DH-HAC-HFW1200TLMN-IL-T- Cámara Bullet de 2 Megapíxeles, Lente de 2.8 mm Apertura de Hasta 111°, Audio Bidireccional, Iluminador Dual Inteligente Hasta 40m, Metal + Plástico.. Clave Oficial CT: CAMDAH6400. Marca: CT.",TELEFONIA Y VIDEO VIGILANCIA,telefonia_seguridad,CT,27.73,540.68,865.09,865.09,729.92,729.92,675.85,648.82,https://static.ctonline.mx/imagenes/CAMDAH6400/CAMDAH6400_400.jpg,assets/img/catalog/CAMDAH6400.jpg
CAMDAH6410,"Cámara DAHUA DH-HAC-PTS1500CN-E2-IL-A - Cámara PT de Doble Lente 2+2 Megapíxeles HDCVI, HDCVI X PLUS, Iluminador Dual Inteligente, Micrófono Incorporado, Iluminación de Hasta 50m de Distancia, Campo de Visión de Hasta 111 Grados, Policarbonato.","Cámara DAHUA DH-HAC-PTS1500CN-E2-IL-A - Cámara PT de Doble Lente 2+2 Megapíxeles HDCVI, HDCVI X PLUS, Iluminador Dual Inteligente, Micrófono Incorporado, Iluminación de Hasta 50m de Distancia, Campo de Visión de Hasta 111 Grados, Policarbonato.. Clave Oficial CT: CAMDAH6410. Marca: CT.",TELEFONIA Y VIDEO VIGILANCIA,telefonia_seguridad,CT,58.61,1142.97,1828.75,1828.75,1543.0,1543.0,1428.71,1371.56,https://static.ctonline.mx/imagenes/CAMDAH6410/CAMDAH6410_400.jpg,assets/img/catalog/CAMDAH6410.jpg
CAMDAH6420,"Cámara DAHUA DH-HAC-PT1200BN-IL-A-E2Z- Cámara PT Dual de 2 Megapíxeles, HDCVI X PLUS, 6x Zoom Hibrido 2 Lentes, Lentes de 2.8mm y 6mm, Angulo de 109 y 47.2 mm, Iluminador Dual Inteligente 50 Mts, Micrófono Integrado, Super Adapt, IP66.","Cámara DAHUA DH-HAC-PT1200BN-IL-A-E2Z- Cámara PT Dual de 2 Megapíxeles, HDCVI X PLUS, 6x Zoom Hibrido 2 Lentes, Lentes de 2.8mm y 6mm, Angulo de 109 y 47.2 mm, Iluminador Dual Inteligente 50 Mts, Micrófono Integrado, Super Adapt, IP66.. Clave Oficial CT: CAMDAH6420. Marca: CT.",TELEFONIA Y VIDEO VIGILANCIA,telefonia_seguridad,CT,52.84,1030.4,1648.64,1648.64,1391.04,1391.04,1288.0,1236.48,https://static.ctonline.mx/imagenes/CAMDAH6420/CAMDAH6420_400.jpg,assets/img/catalog/CAMDAH6420.jpg
CAMDAH6440,"Cámara DAHUA DH-IPC-HDW1239VP-A-IL-0280B- Cámara IP Domo de 2MP, Iluminador dual, Detección humana, SMD, Micrófono incorporado, Lente 2.8 mm, Led 30m, IR 30m, IP67, PoE.","Cámara DAHUA DH-IPC-HDW1239VP-A-IL-0280B- Cámara IP Domo de 2MP, Iluminador dual, Detección humana, SMD, Micrófono incorporado, Lente 2.8 mm, Led 30m, IR 30m, IP67, PoE.. Clave Oficial CT: CAMDAH6440. Marca: CT.",TELEFONIA Y VIDEO VIGILANCIA,telefonia_seguridad,CT,49.3,961.26,1538.02,1538.02,1297.7,1297.7,1201.58,1153.51,https://static.ctonline.mx/imagenes/CAMDAH6440/CAMDAH6440_400.jpg,assets/img/catalog/CAMDAH6440.jpg
CAMDAH4020,"Cámara HDCVI DAHUA Bala DH-HAC-HFW2501EN-A-0280B-S2, 5 Megapixeles, Starlight, Lente de 2.8mm, IR de 40 Mts, WDR Real, Microfono Integrado + 1 Entrada de Audio, WDR 120dB, Protección IP67, Carcasa de Aluminio. (Existencias Limitadas)","Cámara HDCVI DAHUA Bala DH-HAC-HFW2501EN-A-0280B-S2, 5 Megapixeles, Starlight, Lente de 2.8mm, IR de 40 Mts, WDR Real, Microfono Integrado + 1 Entrada de Audio, WDR 120dB, Protección IP67, Carcasa de Aluminio. (Existencias Limitadas). Clave Oficial CT: CAMDAH4020. Marca: CT.",TELEFONIA Y VIDEO VIGILANCIA,telefonia_seguridad,CT,47.73,930.68,1489.09,1489.09,1256.42,1256.42,1163.35,1116.82,https://static.ctonline.mx/imagenes/CAMDAH4020/CAMDAH4020_400.jpg,assets/img/catalog/CAMDAH4020.jpg
CAMDAH2570,"Cámara Domo Dahua 8 MP HDW2802TN-A-0280B, lente de 2.8mm, LED's IR 50 Mts, Starlight WDR 120 dB, Audio Integrado, Protección IP67","Cámara Domo Dahua 8 MP HDW2802TN-A-0280B, lente de 2.8mm, LED's IR 50 Mts, Starlight WDR 120 dB, Audio Integrado, Protección IP67. Clave Oficial CT: CAMDAH2570. Marca: CT.",TELEFONIA Y VIDEO VIGILANCIA,telefonia_seguridad,CT,59.67,1163.57,1861.72,1861.72,1570.82,1570.82,1454.47,1396.29,https://static.ctonline.mx/imagenes/CAMDAH2570/CAMDAH2570_400.jpg,assets/img/catalog/CAMDAH2570.jpg
CAMDAH3710,"Cámara IP DAHUA Bala DH-IPC-HFW1230T1N-ZS, 2 Megapixeles, Lente Motorizado de 2.8 a 12mm, Compresión H.265+, IR de 50 Mts, Protección IP67, PoE, Ranura para MicroSD hasta 256 GB, DWDR, 3D DR, HLC, BLC, carcasa de metal + plastico","Cámara IP DAHUA Bala DH-IPC-HFW1230T1N-ZS, 2 Megapixeles, Lente Motorizado de 2.8 a 12mm, Compresión H.265+, IR de 50 Mts, Protección IP67, PoE, Ranura para MicroSD hasta 256 GB, DWDR, 3D DR, HLC, BLC, carcasa de metal + plastico. Clave Oficial CT: CAMDAH3710. Marca: CT.",TELEFONIA Y VIDEO VIGILANCIA,telefonia_seguridad,CT,76.33,1488.43,2381.48,2381.48,2009.38,2009.38,1860.53,1786.11,https://static.ctonline.mx/imagenes/CAMDAH3710/CAMDAH3710_400.jpg,assets/img/catalog/CAMDAH3710.jpg
CAMDAH4170,"Cámara Domo IP marca DAHUA modelo DH-IPC-HDW1830T-S6, resolución 8 Megapíxeles, Protección IP67, Smart IR de 30 mts, Lente fijo de 2.8 mm, 105° de apertura, Micrófono integrado, PoE, DWDR, Compresión H.265+, Metálica, 1 año de garantía.","Cámara Domo IP marca DAHUA modelo DH-IPC-HDW1830T-S6, resolución 8 Megapíxeles, Protección IP67, Smart IR de 30 mts, Lente fijo de 2.8 mm, 105° de apertura, Micrófono integrado, PoE, DWDR, Compresión H.265+, Metálica, 1 año de garantía.. Clave Oficial CT: CAMDAH4170. Marca: CT.",TELEFONIA Y VIDEO VIGILANCIA,telefonia_seguridad,CT,89.89,1752.78,2804.45,2804.45,2366.26,2366.26,2190.98,2103.34,https://static.ctonline.mx/imagenes/CAMDAH4170/CAMDAH4170_400.jpg,assets/img/catalog/CAMDAH4170.jpg
CAMDAH3300,"Cámara IP DAHUA Bala DH-IPC-HFW1431T1N-ZS-2812-S4, 4 Megapixeles, Lente Motorizado de 2.8 a 12mm, Compresión H.265, IR de 50 Metros, WDR Real, 3D DNR, Ranura para MicroSD hasta 256 GB, Protección IP67, alimentación 12V/PoE, carcasa de Metal + Plastico.","Cámara IP DAHUA Bala DH-IPC-HFW1431T1N-ZS-2812-S4, 4 Megapixeles, Lente Motorizado de 2.8 a 12mm, Compresión H.265, IR de 50 Metros, WDR Real, 3D DNR, Ranura para MicroSD hasta 256 GB, Protección IP67, alimentación 12V/PoE, carcasa de Metal + Plastico.. Clave Oficial CT: CAMDAH3300. Marca: CT.",TELEFONIA Y VIDEO VIGILANCIA,telefonia_seguridad,CT,92.61,1805.97,2889.55,2889.55,2438.05,2438.05,2257.46,2167.16,https://static.ctonline.mx/imagenes/CAMDAH3300/CAMDAH3300_400.jpg,assets/img/catalog/CAMDAH3300.jpg
CAMDAH2180,"Camara IP DAHUA Domo DH-IPC-HDBW3441EN-AS-0280B, 4 Megapixeles, Inteligencia Artificial WizSense, Lente de 2.8mm, 103° de apertura, 1 E/S de Alarma y Audio, WDR, Ir 50 Mts, SMD, Protección IP67, IK10, Ranura para Micro .","Camara IP DAHUA Domo DH-IPC-HDBW3441EN-AS-0280B, 4 Megapixeles, Inteligencia Artificial WizSense, Lente de 2.8mm, 103° de apertura, 1 E/S de Alarma y Audio, WDR, Ir 50 Mts, SMD, Protección IP67, IK10, Ranura para Micro .. Clave Oficial CT: CAMDAH2180. Marca: CT.",TELEFONIA Y VIDEO VIGILANCIA,telefonia_seguridad,CT,88.38,1723.31,2757.3,2757.3,2326.47,2326.47,2154.14,2067.97,https://static.ctonline.mx/imagenes/CAMDAH2180/CAMDAH2180_400.jpg,assets/img/catalog/CAMDAH2180.jpg
CAMDAH2970,"Camara IP DAHUA Domo DH-IPC-HDBW2831EN-S-0280B-S2, Antivandalica 8 Megapixeles, Lente de 2.8mm, Apertura de 105°, Compresión H.265+, WDR Real de 120 dB, IR de 30 Mts, Videoanaliticos con IVS, Protección IP67, IK10, PoE, Ranura para MicroSD hasta 256 GB, carcasa de Metal.","Camara IP DAHUA Domo DH-IPC-HDBW2831EN-S-0280B-S2, Antivandalica 8 Megapixeles, Lente de 2.8mm, Apertura de 105°, Compresión H.265+, WDR Real de 120 dB, IR de 30 Mts, Videoanaliticos con IVS, Protección IP67, IK10, PoE, Ranura para MicroSD hasta 256 GB, carcasa de Metal.. Clave Oficial CT: CAMDAH2970. Marca: CT.",TELEFONIA Y VIDEO VIGILANCIA,telefonia_seguridad,CT,98.86,1927.84,3084.55,3084.55,2602.59,2602.59,2409.8,2313.41,https://static.ctonline.mx/imagenes/CAMDAH2970/CAMDAH2970_400.jpg,assets/img/catalog/CAMDAH2970.jpg
CAMDAH2040,"Cámara IP mini Domo PTZ Dahua 2MP Zoom Óptico 4X 1080P DH-SD22204UEN-GN, Antivandálica, compresión H.265, Starlight, WDR Real, IVS, Protección IP66, IK10, PoE","Cámara IP mini Domo PTZ Dahua 2MP Zoom Óptico 4X 1080P DH-SD22204UEN-GN, Antivandálica, compresión H.265, Starlight, WDR Real, IVS, Protección IP66, IK10, PoE. Clave Oficial CT: CAMDAH2040. Marca: CT.",TELEFONIA Y VIDEO VIGILANCIA,telefonia_seguridad,CT,97.16,1894.6,3031.36,3031.36,2557.71,2557.71,2368.25,2273.52,https://static.ctonline.mx/imagenes/CAMDAH2040/CAMDAH2040_400.jpg,assets/img/catalog/CAMDAH2040.jpg
CAMDAH2870,"Cámara IP DAHUA Domo DH-IPC-HDBW5241RN-ASE-0280B, Full Color de 2 Megapixeles, con IA, Lente de 3.6mm, IR de 50 mts, Compresión H.265, Detección de rostro, Protección  IP67, IK10, Ranura MicroSD hasta 256 GB, 1 E&S de Alarma y Audio, Metal.","Cámara IP DAHUA Domo DH-IPC-HDBW5241RN-ASE-0280B, Full Color de 2 Megapixeles, con IA, Lente de 3.6mm, IR de 50 mts, Compresión H.265, Detección de rostro, Protección  IP67, IK10, Ranura MicroSD hasta 256 GB, 1 E&S de Alarma y Audio, Metal.. Clave Oficial CT: CAMDAH2870. Marca: CT.",TELEFONIA Y VIDEO VIGILANCIA,telefonia_seguridad,CT,128.41,2503.98,4006.36,4006.36,3380.37,3380.37,3129.97,3004.77,https://static.ctonline.mx/imagenes/CAMDAH2870/CAMDAH2870_400.jpg,assets/img/catalog/CAMDAH2870.jpg
CAMDAH5600,"Cámara IP DOMO 4K DH-IPC-HDBW2841R-ZS Cámara IP Domo Antivandálica de 8MP con lente motorizado 2.7-13.5mm, IR 40m, IA WizSense, detección de movimiento inteligente, protección perimetral, Starlight, PoE, WDR, H.265+, IP67, IK10","Cámara IP DOMO 4K DH-IPC-HDBW2841R-ZS Cámara IP Domo Antivandálica de 8MP con lente motorizado 2.7-13.5mm, IR 40m, IA WizSense, detección de movimiento inteligente, protección perimetral, Starlight, PoE, WDR, H.265+, IP67, IK10. Clave Oficial CT: CAMDAH5600. Marca: CT.",TELEFONIA Y VIDEO VIGILANCIA,telefonia_seguridad,CT,180.59,3521.52,5634.44,5634.44,4754.06,4754.06,4401.9,4225.83,https://static.ctonline.mx/imagenes/CAMDAH5600/CAMDAH5600_400.jpg,assets/img/catalog/CAMDAH5600.jpg
CAMDAH6010,"Camara DAHUA DH-SD2C400NA-B-PV-0400-S2-PRO Cámara IP PT de 4MP ofrece visión WizColor/ SMD3.0/ Protección perimetral/ audio bidireccional, detección de humanos, ranura MicroSD, IP66 y PoE","Camara DAHUA DH-SD2C400NA-B-PV-0400-S2-PRO Cámara IP PT de 4MP ofrece visión WizColor/ SMD3.0/ Protección perimetral/ audio bidireccional, detección de humanos, ranura MicroSD, IP66 y PoE. Clave Oficial CT: CAMDAH6010. Marca: CT.",TELEFONIA Y VIDEO VIGILANCIA,telefonia_seguridad,CT,81.48,1588.81,2542.09,2542.09,2144.89,2144.89,1986.01,1906.57,https://static.ctonline.mx/imagenes/CAMDAH6010/CAMDAH6010_400.jpg,assets/img/catalog/CAMDAH6010.jpg
CAMDAH6340,"Cámara DAHUA IPC-HDW2849T-S-PRO Cámara IP domo de 8MP, WizColor, WizSense, IA, SMD Plus, Protección perimetral, Lente de 2.8 mm, Micrófono integrado, WDR 120 dB, Ranura MicroSD, PoE, IP67.","Cámara DAHUA IPC-HDW2849T-S-PRO Cámara IP domo de 8MP, WizColor, WizSense, IA, SMD Plus, Protección perimetral, Lente de 2.8 mm, Micrófono integrado, WDR 120 dB, Ranura MicroSD, PoE, IP67.. Clave Oficial CT: CAMDAH6340. Marca: CT.",TELEFONIA Y VIDEO VIGILANCIA,telefonia_seguridad,CT,99.68,1943.8,3110.07,3110.07,2624.12,2624.12,2429.74,2332.55,https://static.ctonline.mx/imagenes/CAMDAH6340/CAMDAH6340_400.jpg,assets/img/catalog/CAMDAH6340.jpg
CAMDAH5910,"Cámara DAHUA HAC-T2A51N-U-28-S2 cámara domo de 5 megapíxeles, 106 grados, metálica, lente 2.8mm, 30 metros","Cámara DAHUA HAC-T2A51N-U-28-S2 cámara domo de 5 megapíxeles, 106 grados, metálica, lente 2.8mm, 30 metros. Clave Oficial CT: CAMDAH5910. Marca: CT.",TELEFONIA Y VIDEO VIGILANCIA,telefonia_seguridad,CT,24.23,472.43,755.89,755.89,637.78,637.78,590.54,566.92,https://static.ctonline.mx/imagenes/CAMDAH5910/CAMDAH5910_400.jpg,assets/img/catalog/CAMDAH5910.jpg
CAMDAH6460,"Cámara DAHUA  HAC-HDW1200TQ-IL-T, cámara domo de 2 megapíxeles, HDCVI Xplus, iluminador dual inteligente, audio bidireccional, apertura de 111°, iluminación de 40m","Cámara DAHUA  HAC-HDW1200TQ-IL-T, cámara domo de 2 megapíxeles, HDCVI Xplus, iluminador dual inteligente, audio bidireccional, apertura de 111°, iluminación de 40m. Clave Oficial CT: CAMDAH6460. Marca: CT.",TELEFONIA Y VIDEO VIGILANCIA,telefonia_seguridad,CT,30.55,595.64,953.02,953.02,804.11,804.11,744.55,714.76,https://static.ctonline.mx/imagenes/CAMDAH6460/CAMDAH6460_400.jpg,assets/img/catalog/CAMDAH6460.jpg
CAMDAH6580,"Cámara DAHUA HDW1500CLQN-IL-A-S3-DIP, cámara domo de 5 mp, iluminación dual + full color, lente de 2.8mm, 106°, 30 mts de ir, micrófono integrado, ip67","Cámara DAHUA HDW1500CLQN-IL-A-S3-DIP, cámara domo de 5 mp, iluminación dual + full color, lente de 2.8mm, 106°, 30 mts de ir, micrófono integrado, ip67. Clave Oficial CT: CAMDAH6580. Marca: CT.",TELEFONIA Y VIDEO VIGILANCIA,telefonia_seguridad,CT,26.76,521.85,834.95,834.95,704.49,704.49,652.31,626.22,https://static.ctonline.mx/imagenes/CAMDAH6580/CAMDAH6580_400.jpg,assets/img/catalog/CAMDAH6580.jpg
CAMDAH6640,"Cámara DAHUA DH-HAC-T1A51N-U-IL-A, cámara domo de 5mp, lente de 2.8mm, 106°, iluminación dual, Micrófono, ir de 25 metros","Cámara DAHUA DH-HAC-T1A51N-U-IL-A, cámara domo de 5mp, lente de 2.8mm, 106°, iluminación dual, Micrófono, ir de 25 metros. Clave Oficial CT: CAMDAH6640. Marca: CT.",TELEFONIA Y VIDEO VIGILANCIA,telefonia_seguridad,CT,25.41,495.48,792.76,792.76,668.89,668.89,619.35,594.57,https://static.ctonline.mx/imagenes/CAMDAH6640/CAMDAH6640_400.jpg,assets/img/catalog/CAMDAH6640.jpg
CAMDAH6530,"Cámara DAHUA HDW1239T1P-A-LED-0280B-S6, cámara domo de 2mp, lente de 2.8mm, 100°, micrófono integrado, luz blanca 15 m","Cámara DAHUA HDW1239T1P-A-LED-0280B-S6, cámara domo de 2mp, lente de 2.8mm, 100°, micrófono integrado, luz blanca 15 m. Clave Oficial CT: CAMDAH6530. Marca: CT.",TELEFONIA Y VIDEO VIGILANCIA,telefonia_seguridad,CT,43.64,850.91,1361.45,1361.45,1148.73,1148.73,1063.64,1021.09,https://static.ctonline.mx/imagenes/CAMDAH6530/CAMDAH6530_400.jpg,assets/img/catalog/CAMDAH6530.jpg
CAMDAH6610,DAHUA DH-IPC-HFW1239S1P-LED-0280B-Cámara IP Bullet Full Color 2 Megapíxeles/ Lente de 2.8mm/ 106°/ Luz Blanca de 10 Mts/ Detección de movimiento/ H.265/ IP67/ PoE/ DWDR,DAHUA DH-IPC-HFW1239S1P-LED-0280B-Cámara IP Bullet Full Color 2 Megapíxeles/ Lente de 2.8mm/ 106°/ Luz Blanca de 10 Mts/ Detección de movimiento/ H.265/ IP67/ PoE/ DWDR. Clave Oficial CT: CAMDAH6610. Marca: DAHUA.,TELEFONIA Y VIDEO VIGILANCIA,telefonia_seguridad,DAHUA,39.77,775.57,1240.91,1240.91,1047.02,1047.02,969.46,930.68,https://static.ctonline.mx/imagenes/CAMDAH6610/CAMDAH6610_400.jpg,assets/img/catalog/CAMDAH6610.jpg
CAMDAH5280,Cámara DAHUA IPC-HFW2449S-S-IL - Cámara Bullet IP 4 Megapíxeles/ Iluminador Dual Inteligente+Full Color/ WizSense/ Lente de 2.8mm/ 95 Grados/ Micrófono Integrado/ 30 Mts de IR y Luz Visible/ Metal/ Ranura MicroSD/ WDR 120dB/ SMD Plus/ PoE,Cámara DAHUA IPC-HFW2449S-S-IL - Cámara Bullet IP 4 Megapíxeles/ Iluminador Dual Inteligente+Full Color/ WizSense/ Lente de 2.8mm/ 95 Grados/ Micrófono Integrado/ 30 Mts de IR y Luz Visible/ Metal/ Ranura MicroSD/ WDR 120dB/ SMD Plus/ PoE. Clave Oficial CT: CAMDAH5280. Marca: CT.,TELEFONIA Y VIDEO VIGILANCIA,telefonia_seguridad,CT,69.8,1361.01,2177.62,2177.62,1837.37,1837.37,1701.26,1633.21,https://static.ctonline.mx/imagenes/CAMDAH5280/CAMDAH5280_400.jpg,assets/img/catalog/CAMDAH5280.jpg
CAMDAH6620,DAHUA DH-HAC-B2A21N-U-IL-A- Cámara Bullet de 2 MP Serie Cooper/ Lente de 2.8 mm Apertura de Hasta 100°/ Micrófono Integrado/ Iluminador Dual Inteligente de Hasta 30Mts de IR y 20Mts Luz Cálida/ Para Exterior IP67/ Metálica/,DAHUA DH-HAC-B2A21N-U-IL-A- Cámara Bullet de 2 MP Serie Cooper/ Lente de 2.8 mm Apertura de Hasta 100°/ Micrófono Integrado/ Iluminador Dual Inteligente de Hasta 30Mts de IR y 20Mts Luz Cálida/ Para Exterior IP67/ Metálica/. Clave Oficial CT: CAMDAH6620. Marca: DAHUA.,TELEFONIA Y VIDEO VIGILANCIA,telefonia_seguridad,DAHUA,16.95,330.61,528.98,528.98,446.33,446.33,413.27,396.74,https://static.ctonline.mx/imagenes/CAMDAH6620/CAMDAH6620_400.jpg,assets/img/catalog/CAMDAH6620.jpg
CAMDAH6650,DAHUA DH-HAC-B2A51N-U-IL-A- Cámara Bullet 5 MP Serie Cooper/ Lente 2.8 mm Apertura Hasta 106°/ Iluminación Dual Inteligente/ Iluminación Hasta 30Mts IR + 20Mts Luz Cálida/ Micrófono Incorporado/ Metal/ Para Exterior IP67,DAHUA DH-HAC-B2A51N-U-IL-A- Cámara Bullet 5 MP Serie Cooper/ Lente 2.8 mm Apertura Hasta 106°/ Iluminación Dual Inteligente/ Iluminación Hasta 30Mts IR + 20Mts Luz Cálida/ Micrófono Incorporado/ Metal/ Para Exterior IP67. Clave Oficial CT: CAMDAH6650. Marca: DAHUA.,TELEFONIA Y VIDEO VIGILANCIA,telefonia_seguridad,DAHUA,26.05,507.89,812.62,812.62,685.65,685.65,634.86,609.46,https://static.ctonline.mx/imagenes/CAMDAH6650/CAMDAH6650_400.jpg,assets/img/catalog/CAMDAH6650.jpg
CAMDAH7030,"Cámara Bullet DAHUA DH-HAC-HFW1500RLN-IL-T, 5MP, tecnología Full Color y Smart Dual Light (IR + luz blanca), audio bidireccional integrado (micrófono y bocina), lente fijo 2.8mm, WDR real 120dB, compatible con HDCVI/AHD/TVI/CVBS, carcasa metálica IP67, alcance de iluminación hasta 20-30m, acceso remoto mediante DMSS.","Cámara Bullet DAHUA DH-HAC-HFW1500RLN-IL-T, 5MP, tecnología Full Color y Smart Dual Light (IR + luz blanca), audio bidireccional integrado (micrófono y bocina), lente fijo 2.8mm, WDR real 120dB, compatible con HDCVI/AHD/TVI/CVBS, carcasa metálica IP67, alcance de iluminación hasta 20-30m, acceso remoto mediante DMSS.. Clave Oficial CT: CAMDAH7030. Marca: CT.",TELEFONIA Y VIDEO VIGILANCIA,telefonia_seguridad,CT,32.97,642.84,1028.54,1028.54,867.83,867.83,803.54,771.4,https://static.ctonline.mx/imagenes/CAMDAH7030/CAMDAH7030_400.jpg,assets/img/catalog/CAMDAH7030.jpg
CAMDAH7020,"Cámara Bullet DAHUA DH-HAC-HFW1200CN-A-0280B-S5, 2MP (1080P), lente fijo 2.8mm, micrófono integrado, iluminación IR inteligente hasta 30m, compatible con HDCVI/TVI/AHD/CVBS, carcasa de policarbonato IP67, función DWDR para escenas de alto contraste.","Cámara Bullet DAHUA DH-HAC-HFW1200CN-A-0280B-S5, 2MP (1080P), lente fijo 2.8mm, micrófono integrado, iluminación IR inteligente hasta 30m, compatible con HDCVI/TVI/AHD/CVBS, carcasa de policarbonato IP67, función DWDR para escenas de alto contraste.. Clave Oficial CT: CAMDAH7020. Marca: CT.",TELEFONIA Y VIDEO VIGILANCIA,telefonia_seguridad,CT,16.51,321.97,515.15,515.15,434.66,434.66,402.46,386.37,https://static.ctonline.mx/imagenes/CAMDAH7020/CAMDAH7020_400.jpg,assets/img/catalog/CAMDAH7020.jpg
CAMDAH6560,SAXXON by DAHUA SUA-HAC-B20P-0280B- Cámara Tipo Bala de 2 Megapíxeles & 1080P/ Lente de 2.8 mm Apertura de Hasta 100°/ Iluminación IR de Hasta 20m/ Para Exterior IP67/Material Plástico de Alta Duración,SAXXON by DAHUA SUA-HAC-B20P-0280B- Cámara Tipo Bala de 2 Megapíxeles & 1080P/ Lente de 2.8 mm Apertura de Hasta 100°/ Iluminación IR de Hasta 20m/ Para Exterior IP67/Material Plástico de Alta Duración. Clave Oficial CT: CAMDAH6560. Marca: CT.,TELEFONIA Y VIDEO VIGILANCIA,telefonia_seguridad,CT,10.61,206.97,331.15,331.15,279.4,279.4,258.71,248.36,https://static.ctonline.mx/imagenes/CAMDAH6560/CAMDAH6560_400.jpg,assets/img/catalog/CAMDAH6560.jpg
CAMDAH6250,"Cámara DAHUA HAC-B1A21N-U-IL-A- Cámara Bullet de 2 Megapíxeles, Lente de 2.8 mm Apertura de Hasta 100°, Iluminación Dual Inteligente 30 Mts IR y 20 Mts Luz Visible, Micrófono Integrado, Para Exterior IP67.","Cámara DAHUA HAC-B1A21N-U-IL-A- Cámara Bullet de 2 Megapíxeles, Lente de 2.8 mm Apertura de Hasta 100°, Iluminación Dual Inteligente 30 Mts IR y 20 Mts Luz Visible, Micrófono Integrado, Para Exterior IP67.. Clave Oficial CT: CAMDAH6250. Marca: CT.",TELEFONIA Y VIDEO VIGILANCIA,telefonia_seguridad,CT,15.14,295.16,472.25,472.25,398.46,398.46,368.95,354.19,https://static.ctonline.mx/imagenes/CAMDAH6250/CAMDAH6250_400.jpg,assets/img/catalog/CAMDAH6250.jpg
CAMDAH7100,Camara Bullet DAHUA DH-HAC-B1A21N-U-0280B de 2 Megapixeles,Camara Bullet DAHUA DH-HAC-B1A21N-U-0280B de 2 Megapixeles. Clave Oficial CT: CAMDAH7100. Marca: CT.,TELEFONIA Y VIDEO VIGILANCIA,telefonia_seguridad,CT,10.9,212.51,340.01,340.01,286.88,286.88,265.63,255.01,https://static.ctonline.mx/imagenes/CAMDAH7100/CAMDAH7100_400.jpg,assets/img/catalog/CAMDAH7100.jpg
CAMDAH3180,"Cámara Dahua HDCVI Bala DH-HAC-HFW1200CN-A-0280B-S5, 2 Megapíxeles, Micrófono integrado , Lente de 2.8mm, 119° de apertura horizontal, IR LEDs de 30 mts, DWDR, IP67, Policarbonato, 1 año de garantía.","Cámara Dahua HDCVI Bala DH-HAC-HFW1200CN-A-0280B-S5, 2 Megapíxeles, Micrófono integrado , Lente de 2.8mm, 119° de apertura horizontal, IR LEDs de 30 mts, DWDR, IP67, Policarbonato, 1 año de garantía.. Clave Oficial CT: CAMDAH3180. Marca: CT.",TELEFONIA Y VIDEO VIGILANCIA,telefonia_seguridad,CT,15.77,307.57,492.11,492.11,415.22,415.22,384.46,369.08,https://static.ctonline.mx/imagenes/CAMDAH3180/CAMDAH3180_400.jpg,assets/img/catalog/CAMDAH3180.jpg
CAMDAH1910,"Cámara bullet DAHUA COOPER DH-HAC-B1A51N-0280B HDCVI 5 MP / TVI / A HD / CVBS / Lente 2.8 mm / Smart ir 20 Mts / IP67, 1 año de garantía.","Cámara bullet DAHUA COOPER DH-HAC-B1A51N-0280B HDCVI 5 MP / TVI / A HD / CVBS / Lente 2.8 mm / Smart ir 20 Mts / IP67, 1 año de garantía.. Clave Oficial CT: CAMDAH1910. Marca: CT.",TELEFONIA Y VIDEO VIGILANCIA,telefonia_seguridad,CT,19.09,372.27,595.64,595.64,502.57,502.57,465.34,446.73,https://static.ctonline.mx/imagenes/CAMDAH1910/CAMDAH1910_400.jpg,assets/img/catalog/CAMDAH1910.jpg
CAMDAH6220,"Cámara DAHUA HAC-HFW1239TLMN-IL-A - Cámara Bullet de 2 Megapíxeles, Iluminador Dual Inteligente + Full Color, Lente de 2.8 mm, 107 Grados de Apertura, Micrófono Integrado, 40 Metros de Iluminación IR y Visible, WDR Real de 130 dB/ IP67","Cámara DAHUA HAC-HFW1239TLMN-IL-A - Cámara Bullet de 2 Megapíxeles, Iluminador Dual Inteligente + Full Color, Lente de 2.8 mm, 107 Grados de Apertura, Micrófono Integrado, 40 Metros de Iluminación IR y Visible, WDR Real de 130 dB/ IP67. Clave Oficial CT: CAMDAH6220. Marca: CT.",TELEFONIA Y VIDEO VIGILANCIA,telefonia_seguridad,CT,25.91,505.23,808.36,808.36,682.06,682.06,631.53,606.27,https://static.ctonline.mx/imagenes/CAMDAH6220/CAMDAH6220_400.jpg,assets/img/catalog/CAMDAH6220.jpg
CAMDAH5870,"Cámara DAHUA HFW1209CN-A-LED-S3, DAHUA HAC-HFW1209CN-A-LED-S3 - Cámara Bullet Full Color 1080p/ Lente de 2.8 mm/ 107.8° de Apertura/ Micrófono Integrado/ 30 Metros de Luz Visible/ DWDR/ Starlight/ IP67/ Compatible con CVI/AHD/CVBS","Cámara DAHUA HFW1209CN-A-LED-S3, DAHUA HAC-HFW1209CN-A-LED-S3 - Cámara Bullet Full Color 1080p/ Lente de 2.8 mm/ 107.8° de Apertura/ Micrófono Integrado/ 30 Metros de Luz Visible/ DWDR/ Starlight/ IP67/ Compatible con CVI/AHD/CVBS. Clave Oficial CT: CAMDAH5870. Marca: CT.",TELEFONIA Y VIDEO VIGILANCIA,telefonia_seguridad,CT,17.93,349.67,559.47,559.47,472.06,472.06,437.09,419.6,https://static.ctonline.mx/imagenes/CAMDAH5870/CAMDAH5870_400.jpg,assets/img/catalog/CAMDAH5870.jpg
CAMDAH5880,"Cámara DAHUA HFW2449M-S-B-PRO, DAHUA DH-IPC-HFW2449M-S-B-PRO - Cámara IP Bullet de 4MP / WizColor /WizSense/ equipada con IA/ SMD Plus/ Lente de 3.6 mm/ micrófono integrado/ Protección perimetral/ Ranura MicroSD, WDR real de 120 dB y PoE. Certificación IP67","Cámara DAHUA HFW2449M-S-B-PRO, DAHUA DH-IPC-HFW2449M-S-B-PRO - Cámara IP Bullet de 4MP / WizColor /WizSense/ equipada con IA/ SMD Plus/ Lente de 3.6 mm/ micrófono integrado/ Protección perimetral/ Ranura MicroSD, WDR real de 120 dB y PoE. Certificación IP67. Clave Oficial CT: CAMDAH5880. Marca: CT.",TELEFONIA Y VIDEO VIGILANCIA,telefonia_seguridad,CT,82.02,1599.48,2559.17,2559.17,2159.3,2159.3,1999.35,1919.38,https://static.ctonline.mx/imagenes/CAMDAH5880/CAMDAH5880_400.jpg,assets/img/catalog/CAMDAH5880.jpg
CAMDAH5900,"Cámara DAHUA HDW1209TLQN-A-LED-0280B-S3, DAHUA DH-HAC-HDW1209TLQN-A-LED-0280B-S3 -Cámara Domo Full Color de 2 MP con lente de 2.8mm y ángulo de 103° Micrófono integrado, iluminación de 20m, tecnología Starlight y DWDR. Resistente con IP67, visión clara en baja luz","Cámara DAHUA HDW1209TLQN-A-LED-0280B-S3, DAHUA DH-HAC-HDW1209TLQN-A-LED-0280B-S3 -Cámara Domo Full Color de 2 MP con lente de 2.8mm y ángulo de 103° Micrófono integrado, iluminación de 20m, tecnología Starlight y DWDR. Resistente con IP67, visión clara en baja luz. Clave Oficial CT: CAMDAH5900. Marca: CT.",TELEFONIA Y VIDEO VIGILANCIA,telefonia_seguridad,CT,17.56,342.36,547.77,547.77,462.18,462.18,427.95,410.83,https://static.ctonline.mx/imagenes/CAMDAH5900/CAMDAH5900_400.jpg,assets/img/catalog/CAMDAH5900.jpg
CAMDAH5930,"Cámara DAHUA DH-HAC-HDW1209TLQN-A-LED-0280B-S3 -Cámara Domo Full Color de 2 MP con lente de 2.8mm y ángulo de 103° Micrófono integrado, iluminación de 30 m, tecnología Starlight y DWDR. Resistente con IP67, visión clara en baja luz","Cámara DAHUA DH-HAC-HDW1209TLQN-A-LED-0280B-S3 -Cámara Domo Full Color de 2 MP con lente de 2.8mm y ángulo de 103° Micrófono integrado, iluminación de 30 m, tecnología Starlight y DWDR. Resistente con IP67, visión clara en baja luz. Clave Oficial CT: CAMDAH5930. Marca: CT.",TELEFONIA Y VIDEO VIGILANCIA,telefonia_seguridad,CT,17.45,340.25,544.4,544.4,459.34,459.34,425.32,408.3,https://static.ctonline.mx/imagenes/CAMDAH5930/CAMDAH5930_400.jpg,assets/img/catalog/CAMDAH5930.jpg
CAMDAH5490,Cámara BALA 2MP HAC-HFW1200CLN-IL-A Cámara Bullet de 2 Megapíxeles/ Iluminación Dual Inteligente + FullColor/ Lente de 2.8mm/ 102 Grados de Apertura/ 20 Metros de IR y Luz Visible/ Micrófono Integrado/ IP67/ Soporta: CVI/CVBS/AHD/TVI,Cámara BALA 2MP HAC-HFW1200CLN-IL-A Cámara Bullet de 2 Megapíxeles/ Iluminación Dual Inteligente + FullColor/ Lente de 2.8mm/ 102 Grados de Apertura/ 20 Metros de IR y Luz Visible/ Micrófono Integrado/ IP67/ Soporta: CVI/CVBS/AHD/TVI. Clave Oficial CT: CAMDAH5490. Marca: CT.,TELEFONIA Y VIDEO VIGILANCIA,telefonia_seguridad,CT,20.35,396.87,634.99,634.99,535.77,535.77,496.09,476.24,https://static.ctonline.mx/imagenes/CAMDAH5490/CAMDAH5490_400.jpg,assets/img/catalog/CAMDAH5490.jpg
CAMDAH3310,"Cámara Bala Dahua HDCVI DH-HAC-HFW1500TLN-0280B-S2, 5MP, lente 2.8mm, IR 40 mts, IP67, Starlight, Plástico, un año de garantia","Cámara Bala Dahua HDCVI DH-HAC-HFW1500TLN-0280B-S2, 5MP, lente 2.8mm, IR 40 mts, IP67, Starlight, Plástico, un año de garantia. Clave Oficial CT: CAMDAH3310. Marca: CT.",TELEFONIA Y VIDEO VIGILANCIA,telefonia_seguridad,CT,27.78,541.79,866.86,866.86,731.42,731.42,677.24,650.15,https://static.ctonline.mx/imagenes/CAMDAH3310/CAMDAH3310_400.jpg,assets/img/catalog/CAMDAH3310.jpg
CAMDAH3390,"Cámara Dahua HDCVI Bala DH-HAC-HFW1500CN-A-0280B, 5 Megapíxeles, Micrófono Integrado, Lente de 2.8mm, 111° de apertura, IR de 30 mts, Starlight, IP67, Policarbonato, 1 año de garantía.","Cámara Dahua HDCVI Bala DH-HAC-HFW1500CN-A-0280B, 5 Megapíxeles, Micrófono Integrado, Lente de 2.8mm, 111° de apertura, IR de 30 mts, Starlight, IP67, Policarbonato, 1 año de garantía.. Clave Oficial CT: CAMDAH3390. Marca: CT.",TELEFONIA Y VIDEO VIGILANCIA,telefonia_seguridad,CT,26.53,517.41,827.86,827.86,698.51,698.51,646.77,620.9,https://static.ctonline.mx/imagenes/CAMDAH3390/CAMDAH3390_400.jpg,assets/img/catalog/CAMDAH3390.jpg
CAMDAH2060,"Cámara Bullet HDCVI Dahua 8 MP 4K DH-HAC-HFW1801TN-A, Lente fijo de 2.8mm, Led´s IR de 30 mts, WDR Real, Zoom digital 4X, Micrófono Integrado, Protección IP67, Metal, 12VCD, 1 año de Garantía.","Cámara Bullet HDCVI Dahua 8 MP 4K DH-HAC-HFW1801TN-A, Lente fijo de 2.8mm, Led´s IR de 30 mts, WDR Real, Zoom digital 4X, Micrófono Integrado, Protección IP67, Metal, 12VCD, 1 año de Garantía.. Clave Oficial CT: CAMDAH2060. Marca: CT.",TELEFONIA Y VIDEO VIGILANCIA,telefonia_seguridad,CT,39.11,762.72,1220.35,1220.35,1029.67,1029.67,953.39,915.26,https://static.ctonline.mx/imagenes/CAMDAH2060/CAMDAH2060_400.jpg,assets/img/catalog/CAMDAH2060.jpg
CAMDAH3560,"Cámara Bullet Dahua de 5MP, DH-HAC-HFW1509TN-A-LED-0360B, Full Color, Lente de 3.6mm, Micrófono integrado, Leds para 20 Mts, Starlight, Protección IP67, metálica","Cámara Bullet Dahua de 5MP, DH-HAC-HFW1509TN-A-LED-0360B, Full Color, Lente de 3.6mm, Micrófono integrado, Leds para 20 Mts, Starlight, Protección IP67, metálica. Clave Oficial CT: CAMDAH3560. Marca: CT.",TELEFONIA Y VIDEO VIGILANCIA,telefonia_seguridad,CT,35.91,700.23,1120.36,1120.36,945.31,945.31,875.28,840.27,https://static.ctonline.mx/imagenes/CAMDAH3560/CAMDAH3560_400.jpg,assets/img/catalog/CAMDAH3560.jpg
CAMDAH3510,"Cámara Dahua HDCVI Bala DH-HAC-HFW1500DN-0360B-S2, 5 Megapíxeles, Lente de 3.6mm, 92° de apertura, IR de 80 mts, Tecnología Starlight, Protección IP67, metal, 1 año de garantía.","Cámara Dahua HDCVI Bala DH-HAC-HFW1500DN-0360B-S2, 5 Megapíxeles, Lente de 3.6mm, 92° de apertura, IR de 80 mts, Tecnología Starlight, Protección IP67, metal, 1 año de garantía.. Clave Oficial CT: CAMDAH3510. Marca: CT.",TELEFONIA Y VIDEO VIGILANCIA,telefonia_seguridad,CT,36.98,721.06,1153.69,1153.69,973.43,973.43,901.32,865.27,https://static.ctonline.mx/imagenes/CAMDAH3510/CAMDAH3510_400.jpg,assets/img/catalog/CAMDAH3510.jpg
CAMDAH3480,"Cámara Dahua HDCVI Bala DH-HAC-HFW1231TLMN-I6-0280B, 2 Megapíxeles, Lente de 2.8mm, 107° de apertura, IR de 60 mts, Super Adaptable, Tecnología Full Color y Starlight, WDR Real de 130 dB, Protección IP67, metal + plástico, 1 año de garantía.","Cámara Dahua HDCVI Bala DH-HAC-HFW1231TLMN-I6-0280B, 2 Megapíxeles, Lente de 2.8mm, 107° de apertura, IR de 60 mts, Super Adaptable, Tecnología Full Color y Starlight, WDR Real de 130 dB, Protección IP67, metal + plástico, 1 año de garantía.. Clave Oficial CT: CAMDAH3480. Marca: CT.",TELEFONIA Y VIDEO VIGILANCIA,telefonia_seguridad,CT,25.74,501.9,803.05,803.05,677.57,677.57,627.38,602.28,https://static.ctonline.mx/imagenes/CAMDAH3480/CAMDAH3480_400.jpg,assets/img/catalog/CAMDAH3480.jpg
CAMDAH3820,"Cámara IP DAHUA Bala IPC-HFW1431S1-A-S4, 4 Megapixeles, Compresión H.265+, Lente de 2.8 mm, apertura 104°, IR de 30 Mts, Micrófono Integrado, PoE, WDR Real, Protección IP67, 1 año de garantia","Cámara IP DAHUA Bala IPC-HFW1431S1-A-S4, 4 Megapixeles, Compresión H.265+, Lente de 2.8 mm, apertura 104°, IR de 30 Mts, Micrófono Integrado, PoE, WDR Real, Protección IP67, 1 año de garantia. Clave Oficial CT: CAMDAH3820. Marca: CT.",TELEFONIA Y VIDEO VIGILANCIA,telefonia_seguridad,CT,57.85,1128.12,1804.99,1804.99,1522.96,1522.96,1410.15,1353.74,https://static.ctonline.mx/imagenes/CAMDAH3820/CAMDAH3820_400.jpg,assets/img/catalog/CAMDAH3820.jpg
CAMDAH3340,"Cámara IP DAHUA Bala IPC-HFW2231S-S-S2 - de 2 Megapíxeles, Lente de 2.8mm, Apertura de 106°, IR de 30 Mts, Starlight, WDR Real 120dB, Ranura MicroSD, Protección IP67, PoE, Videoanaliticos con IVS, Metálica, 1 año de garantía (Existencias Limitadas)","Cámara IP DAHUA Bala IPC-HFW2231S-S-S2 - de 2 Megapíxeles, Lente de 2.8mm, Apertura de 106°, IR de 30 Mts, Starlight, WDR Real 120dB, Ranura MicroSD, Protección IP67, PoE, Videoanaliticos con IVS, Metálica, 1 año de garantía (Existencias Limitadas). Clave Oficial CT: CAMDAH3340. Marca: CT.",TELEFONIA Y VIDEO VIGILANCIA,telefonia_seguridad,CT,51.14,997.16,1595.45,1595.45,1346.16,1346.16,1246.45,1196.59,https://static.ctonline.mx/imagenes/CAMDAH3340/CAMDAH3340_400.jpg,assets/img/catalog/CAMDAH3340.jpg
CAMDAH3590,"Cámara HDCVI DAHUA Bala HAC-HFW1500RN-Z-IRE6-2712-S2, 5 Megapixeles, Lente Motorizado de 2.7 a 12 mm, Angulo de vision de 107°-34°, IR de 60 Mts, Metalica, Protección IP67, Soporta: CVI/CVBS/AHD/TVI, 1 año de garantia","Cámara HDCVI DAHUA Bala HAC-HFW1500RN-Z-IRE6-2712-S2, 5 Megapixeles, Lente Motorizado de 2.7 a 12 mm, Angulo de vision de 107°-34°, IR de 60 Mts, Metalica, Protección IP67, Soporta: CVI/CVBS/AHD/TVI, 1 año de garantia. Clave Oficial CT: CAMDAH3590. Marca: CT.",TELEFONIA Y VIDEO VIGILANCIA,telefonia_seguridad,CT,54.28,1058.54,1693.66,1693.66,1429.03,1429.03,1323.17,1270.25,https://static.ctonline.mx/imagenes/CAMDAH3590/CAMDAH3590_400.jpg,assets/img/catalog/CAMDAH3590.jpg
CAMDAH3780,"Cámara HDCVI DAHUA Bala DH-HAC-HFW1509CN-LED-0280B, Full Color de 5 Megapixeles, Lente de 2.8 mm, Apertura 112°, Leds para 20 Mts, WDR de 120 dB, Starlight, Protección IP67","Cámara HDCVI DAHUA Bala DH-HAC-HFW1509CN-LED-0280B, Full Color de 5 Megapixeles, Lente de 2.8 mm, Apertura 112°, Leds para 20 Mts, WDR de 120 dB, Starlight, Protección IP67. Clave Oficial CT: CAMDAH3780. Marca: CT.",TELEFONIA Y VIDEO VIGILANCIA,telefonia_seguridad,CT,27.0,526.5,842.4,842.4,710.78,710.78,658.12,631.8,https://static.ctonline.mx/imagenes/CAMDAH3780/CAMDAH3780_400.jpg,assets/img/catalog/CAMDAH3780.jpg
CAMDAH2150,"Cámara HDCVI DAHUA Bala DH-HAC-HFW1239TLMN-A-LED-0360B, Full Color de 2 Megapixeles, 1080P, Microfono Integrado, Lente de 3.6mm,  ángulo de visión 86°, WDR Real de 130 dB, IR Leds para 40 mts, Protección IP67, Starlight, 1 año de Garantia","Cámara HDCVI DAHUA Bala DH-HAC-HFW1239TLMN-A-LED-0360B, Full Color de 2 Megapixeles, 1080P, Microfono Integrado, Lente de 3.6mm,  ángulo de visión 86°, WDR Real de 130 dB, IR Leds para 40 mts, Protección IP67, Starlight, 1 año de Garantia. Clave Oficial CT: CAMDAH2150. Marca: CT.",TELEFONIA Y VIDEO VIGILANCIA,telefonia_seguridad,CT,31.89,621.78,994.85,994.85,839.41,839.41,777.23,746.14,https://static.ctonline.mx/imagenes/CAMDAH2150/CAMDAH2150_400.jpg,assets/img/catalog/CAMDAH2150.jpg
CAMDAH3160,"Cámara HDCVI DAHUA Bala DH-HAC-HFW1239TN-A-LED-0360B- Full Color de 2 Megapixeles, Microfono Integrado, Lente de 3.6mm, WDR Real de 130 dB, Leds para 20 mts, Protección IP67, Starlight, carcasa de Metal.","Cámara HDCVI DAHUA Bala DH-HAC-HFW1239TN-A-LED-0360B- Full Color de 2 Megapixeles, Microfono Integrado, Lente de 3.6mm, WDR Real de 130 dB, Leds para 20 mts, Protección IP67, Starlight, carcasa de Metal.. Clave Oficial CT: CAMDAH3160. Marca: CT.",TELEFONIA Y VIDEO VIGILANCIA,telefonia_seguridad,CT,26.92,524.95,839.92,839.92,708.68,708.68,656.19,629.94,https://static.ctonline.mx/imagenes/CAMDAH3160/CAMDAH3160_400.jpg,assets/img/catalog/CAMDAH3160.jpg
CAMDAH3880,"Camara HDCVI DAHUA Bala HAC-HFW1231CMN-0280B, 2 Megapixeles, Super Adaptable, Metalica, Lente de 2.8mm, WDR Real de 130 dB, Apertura de 107°, Starlight, 30 Mts de IR, Protección IP67, Soporta CVI/AHD/TVI y CBVS/ Ideal para Contrastes de Luz.","Camara HDCVI DAHUA Bala HAC-HFW1231CMN-0280B, 2 Megapixeles, Super Adaptable, Metalica, Lente de 2.8mm, WDR Real de 130 dB, Apertura de 107°, Starlight, 30 Mts de IR, Protección IP67, Soporta CVI/AHD/TVI y CBVS/ Ideal para Contrastes de Luz.. Clave Oficial CT: CAMDAH3880. Marca: CT.",TELEFONIA Y VIDEO VIGILANCIA,telefonia_seguridad,CT,22.9,446.51,714.41,714.41,602.78,602.78,558.13,535.81,https://static.ctonline.mx/imagenes/CAMDAH3880/CAMDAH3880_400.jpg,assets/img/catalog/CAMDAH3880.jpg
CAMDAH4360,"Cámara Dahua HDCVI Bala DH-HAC-HFW1209CMN-A-LED, 2 megapixeles, Full Color, lente 2.8mm, 108° de apertura, 20 mts de Iluminación, Microfono integrado, carcasa metalica, WDR Digital,  protección IP67, 1 año de garantia","Cámara Dahua HDCVI Bala DH-HAC-HFW1209CMN-A-LED, 2 megapixeles, Full Color, lente 2.8mm, 108° de apertura, 20 mts de Iluminación, Microfono integrado, carcasa metalica, WDR Digital,  protección IP67, 1 año de garantia. Clave Oficial CT: CAMDAH4360. Marca: CT.",TELEFONIA Y VIDEO VIGILANCIA,telefonia_seguridad,CT,22.1,430.99,689.59,689.59,581.84,581.84,538.74,517.19,https://static.ctonline.mx/imagenes/CAMDAH4360/CAMDAH4360_400.jpg,assets/img/catalog/CAMDAH4360.jpg
CAMDAH7040,"Cámara Domo DAHUA DH-HAC-D1A21N-U, 2MP (1080P), serie Cooper, lente fijo 2.8mm, iluminación Smart IR hasta 25m, compatible con HDCVI/TVI/AHD/CVBS, carcasa plástica para uso en interior, alimentación 12V DC.","Cámara Domo DAHUA DH-HAC-D1A21N-U, 2MP (1080P), serie Cooper, lente fijo 2.8mm, iluminación Smart IR hasta 25m, compatible con HDCVI/TVI/AHD/CVBS, carcasa plástica para uso en interior, alimentación 12V DC.. Clave Oficial CT: CAMDAH7040. Marca: CT.",TELEFONIA Y VIDEO VIGILANCIA,telefonia_seguridad,CT,13.59,265.02,424.04,424.04,357.78,357.78,331.28,318.03,https://static.ctonline.mx/imagenes/CAMDAH7040/CAMDAH7040_400.jpg,assets/img/catalog/CAMDAH7040.jpg
CAMDAH5890,"Camara DAHUA HAC-T1A21N-U-28 - Cámara Domo de 2 Megapixeles, Lente 2.8 mm, 100 Grados de Apertura, Smart ir 25 Mts, Uso Interior, CVI,TVI,AHD,CBVS.","Camara DAHUA HAC-T1A21N-U-28 - Cámara Domo de 2 Megapixeles, Lente 2.8 mm, 100 Grados de Apertura, Smart ir 25 Mts, Uso Interior, CVI,TVI,AHD,CBVS.. Clave Oficial CT: CAMDAH5890. Marca: CT.",TELEFONIA Y VIDEO VIGILANCIA,telefonia_seguridad,CT,10.9,212.51,340.01,340.01,286.88,286.88,265.63,255.01,https://static.ctonline.mx/imagenes/CAMDAH5890/CAMDAH5890_400.jpg,assets/img/catalog/CAMDAH5890.jpg
CAMDAH5500,Cámara Domo 2MP DH-HAC-T2A21N-U Cámara Domo de 2 Megapíxeles/ 1080p/ Lente 2.8 mm/ 100 Grados de Apertura/ IR de 30 Metros/ Metálica/ IP67/ Soporta: CVI/TVI/AHD/CVBS,Cámara Domo 2MP DH-HAC-T2A21N-U Cámara Domo de 2 Megapíxeles/ 1080p/ Lente 2.8 mm/ 100 Grados de Apertura/ IR de 30 Metros/ Metálica/ IP67/ Soporta: CVI/TVI/AHD/CVBS. Clave Oficial CT: CAMDAH5500. Marca: CT.,TELEFONIA Y VIDEO VIGILANCIA,telefonia_seguridad,CT,12.75,248.62,397.8,397.8,335.64,335.64,310.78,298.35,https://static.ctonline.mx/imagenes/CAMDAH5500/CAMDAH5500_400.jpg,assets/img/catalog/CAMDAH5500.jpg
CAMDAH6960,Cámara Domo DAHUA HAC-T2A21N-U-IL-A 2 MP Serie Cooper/ Lente de 2.8 mm con Apertura Hasta 100°/ Iluminación Inteligente,Cámara Domo DAHUA HAC-T2A21N-U-IL-A 2 MP Serie Cooper/ Lente de 2.8 mm con Apertura Hasta 100°/ Iluminación Inteligente. Clave Oficial CT: CAMDAH6960. Marca: CT.,TELEFONIA Y VIDEO VIGILANCIA,telefonia_seguridad,CT,18.47,360.09,576.14,576.14,486.12,486.12,450.11,432.1,https://static.ctonline.mx/imagenes/CAMDAH6960/CAMDAH6960_400.jpg,assets/img/catalog/CAMDAH6960.jpg
CAMDAH6970,Cámara Domo Full Color DAHUA DH-HAC-HDW1209TLQN-A-LED-0280B-S3 2 MP con lente de 2.8mm y ángulo de 103°,Cámara Domo Full Color DAHUA DH-HAC-HDW1209TLQN-A-LED-0280B-S3 2 MP con lente de 2.8mm y ángulo de 103°. Clave Oficial CT: CAMDAH6970. Marca: CT.,TELEFONIA Y VIDEO VIGILANCIA,telefonia_seguridad,CT,17.56,342.36,547.77,547.77,462.18,462.18,427.95,410.83,https://static.ctonline.mx/imagenes/CAMDAH6970/CAMDAH6970_400.jpg,assets/img/catalog/CAMDAH6970.jpg
CAMDAH6230,"Cámara DAHUA HAC-T1A21N-U-IL-A Cámara Domo de 2 Megapíxeles, Lente de 2.8 mm Apertura Hasta 100°, Iluminación Dual Inteligente Hasta 25Mts con IR & 20Mts Luz Cálida, Micrófono Integrado, Policarbonato.","Cámara DAHUA HAC-T1A21N-U-IL-A Cámara Domo de 2 Megapíxeles, Lente de 2.8 mm Apertura Hasta 100°, Iluminación Dual Inteligente Hasta 25Mts con IR & 20Mts Luz Cálida, Micrófono Integrado, Policarbonato.. Clave Oficial CT: CAMDAH6230. Marca: CT.",TELEFONIA Y VIDEO VIGILANCIA,telefonia_seguridad,CT,14.9,290.51,464.81,464.81,392.18,392.18,363.13,348.61,https://static.ctonline.mx/imagenes/CAMDAH6230/CAMDAH6230_400.jpg,assets/img/catalog/CAMDAH6230.jpg
CAMDAH6240,"Cámara DAHUA HAC-T2A21N-U-IL-A Cámara Domo de 2 Megapíxeles, Lente de 2.8 mm con Apertura Hasta 100°, Iluminación Inteligente Hasta 30Mts con IR + 20Mts Luz Cálida, Con Micrófono Incorporado, Para Exterior IP67, Meta.","Cámara DAHUA HAC-T2A21N-U-IL-A Cámara Domo de 2 Megapíxeles, Lente de 2.8 mm con Apertura Hasta 100°, Iluminación Inteligente Hasta 30Mts con IR + 20Mts Luz Cálida, Con Micrófono Incorporado, Para Exterior IP67, Meta.. Clave Oficial CT: CAMDAH6240. Marca: CT.",TELEFONIA Y VIDEO VIGILANCIA,telefonia_seguridad,CT,18.44,359.64,575.43,575.43,485.52,485.52,449.55,431.57,https://static.ctonline.mx/imagenes/CAMDAH6240/CAMDAH6240_400.jpg,assets/img/catalog/CAMDAH6240.jpg
CAMDAH2620,"Cámara Domo HDCVI Dahua 2MP HDW1200MN-0280B-S5, lente fijo de 2.8mm, ángulo de visión 103° luz IR 30 Mts, Protección IP67, aluminio","Cámara Domo HDCVI Dahua 2MP HDW1200MN-0280B-S5, lente fijo de 2.8mm, ángulo de visión 103° luz IR 30 Mts, Protección IP67, aluminio. Clave Oficial CT: CAMDAH2620. Marca: CT.",TELEFONIA Y VIDEO VIGILANCIA,telefonia_seguridad,CT,17.73,345.68,553.09,553.09,466.67,466.67,432.1,414.82,https://static.ctonline.mx/imagenes/CAMDAH2620/CAMDAH2620_400.jpg,assets/img/catalog/CAMDAH2620.jpg
CAMDAH2610,"Cámara Domo HDCVI Dahua 2MP HDBW1200EN-0280B-S5, lente fijo de 2.8mm, ángulo de visión 115° LED's IR 30 Mts, Protección IP67, Antivandálica IK10, aluminio.","Cámara Domo HDCVI Dahua 2MP HDBW1200EN-0280B-S5, lente fijo de 2.8mm, ángulo de visión 115° LED's IR 30 Mts, Protección IP67, Antivandálica IK10, aluminio.. Clave Oficial CT: CAMDAH2610. Marca: CT.",TELEFONIA Y VIDEO VIGILANCIA,telefonia_seguridad,CT,22.68,442.3,707.67,707.67,597.1,597.1,552.87,530.75,https://static.ctonline.mx/imagenes/CAMDAH2610/CAMDAH2610_400.jpg,assets/img/catalog/CAMDAH2610.jpg
CAMDAH5400,Cámara Domo Antivandálica 2MP HAC-HDBW1200EAN Cámara Domo de 2 Megapíxeles Antivandálica/ 1080p/ Lente 2.8 mm/ 115 Grados de Apertura/ IR de 40 Metros/ Super Adapt/ Protección IK10/ Uso Exterior IP67/ Soporta: HDCVI/TVI/AHD y CVBS,Cámara Domo Antivandálica 2MP HAC-HDBW1200EAN Cámara Domo de 2 Megapíxeles Antivandálica/ 1080p/ Lente 2.8 mm/ 115 Grados de Apertura/ IR de 40 Metros/ Super Adapt/ Protección IK10/ Uso Exterior IP67/ Soporta: HDCVI/TVI/AHD y CVBS. Clave Oficial CT: CAMDAH5400. Marca: CT.,TELEFONIA Y VIDEO VIGILANCIA,telefonia_seguridad,CT,23.52,458.69,733.91,733.91,619.24,619.24,573.37,550.43,https://static.ctonline.mx/imagenes/CAMDAH5400/CAMDAH5400_400.jpg,assets/img/catalog/CAMDAH5400.jpg
CAMDAH2660,"Cámara Domo Dahua 5 MP Cooper T2A51N-0280B, lente de 2.8mm, Ángulo de visión de 93°, LED's Smart IR 20 Mts, Protección IP67, Metal.","Cámara Domo Dahua 5 MP Cooper T2A51N-0280B, lente de 2.8mm, Ángulo de visión de 93°, LED's Smart IR 20 Mts, Protección IP67, Metal.. Clave Oficial CT: CAMDAH2660. Marca: CT.",TELEFONIA Y VIDEO VIGILANCIA,telefonia_seguridad,CT,22.18,432.55,692.07,692.07,583.94,583.94,540.68,519.05,https://static.ctonline.mx/imagenes/CAMDAH2660/CAMDAH2660_400.jpg,assets/img/catalog/CAMDAH2660.jpg
CAMDAH1810,"Cámara domo Alta definición HDCVI 2MP para interior/exterior marca DAHUA (HDBW1200RZS4), resolución 2 Megapíxel, IP67, con visión nocturna (SMART IR alcance 30 mts), incluye lente motorizado de 2.7 a 12 mm, soporta 12VCD, menu OSD, IK10, METAL, 2 AÑO DE GARANTIA","Cámara domo Alta definición HDCVI 2MP para interior/exterior marca DAHUA (HDBW1200RZS4), resolución 2 Megapíxel, IP67, con visión nocturna (SMART IR alcance 30 mts), incluye lente motorizado de 2.7 a 12 mm, soporta 12VCD, menu OSD, IK10, METAL, 2 AÑO DE GARANTIA. Clave Oficial CT: CAMDAH1810. Marca: CT.",TELEFONIA Y VIDEO VIGILANCIA,telefonia_seguridad,CT,35.91,700.23,1120.36,1120.36,945.31,945.31,875.28,840.27,https://static.ctonline.mx/imagenes/CAMDAH1810/CAMDAH1810_400.jpg,assets/img/catalog/CAMDAH1810.jpg
CAMDAH3490,"Cámara Dahua HDCVI Domo DH-HAC-T1A51N-0280B-S2, 5 Megapíxeles, Lente de 2.8mm, 106° de apertura, IR de 20 mts, DWDR, policarbonato, 1 año de garantía.","Cámara Dahua HDCVI Domo DH-HAC-T1A51N-0280B-S2, 5 Megapíxeles, Lente de 2.8mm, 106° de apertura, IR de 20 mts, DWDR, policarbonato, 1 año de garantía.. Clave Oficial CT: CAMDAH3490. Marca: CT.",TELEFONIA Y VIDEO VIGILANCIA,telefonia_seguridad,CT,17.81,347.23,555.57,555.57,468.76,468.76,434.04,416.68,https://static.ctonline.mx/imagenes/CAMDAH3490/CAMDAH3490_400.jpg,assets/img/catalog/CAMDAH3490.jpg
CAMDAH7110,Cámara Domo DH-HAC-HDW1200TQN-IL-T de 2 Megapíxeles 1080P/ HDCVI X Plus,Cámara Domo DH-HAC-HDW1200TQN-IL-T de 2 Megapíxeles 1080P/ HDCVI X Plus. Clave Oficial CT: CAMDAH7110. Marca: CT.,TELEFONIA Y VIDEO VIGILANCIA,telefonia_seguridad,CT,30.53,595.41,952.66,952.66,803.81,803.81,744.27,714.5,https://static.ctonline.mx/imagenes/CAMDAH7110/CAMDAH7110_400.jpg,assets/img/catalog/CAMDAH7110.jpg
CAMDAH6510,Cámara Domo Dahua modelo DH-HAC-HDW1249XN-IL-A-PRO HDCVI 2MP WizColor/ HDCVI X PLUS/ Imagen 24 Horas a Color/ Corrección de Distorsión de Imagen mediante IA/ Iluminador Dual Inteligente/ Hasta 50m de Iluminación/ Doble Mic Incorp/ Campo de Visión de Hasta 101°,Cámara Domo Dahua modelo DH-HAC-HDW1249XN-IL-A-PRO HDCVI 2MP WizColor/ HDCVI X PLUS/ Imagen 24 Horas a Color/ Corrección de Distorsión de Imagen mediante IA/ Iluminador Dual Inteligente/ Hasta 50m de Iluminación/ Doble Mic Incorp/ Campo de Visión de Hasta 101°. Clave Oficial CT: CAMDAH6510. Marca: CT.,TELEFONIA Y VIDEO VIGILANCIA,telefonia_seguridad,CT,34.77,678.07,1084.91,1084.91,915.39,915.39,847.59,813.68,https://static.ctonline.mx/imagenes/CAMDAH6510/CAMDAH6510_400.jpg,assets/img/catalog/CAMDAH6510.jpg
CAMDAH6260,"Camara DAHUA HAC-HDBW1801EAN - Camara Domo Antivandalica 4k, 8 Megapixeles, Lente de 2.8mm, 106 Grados de Apertura, Metalica, Super Adapt, WDR Real de 120 dB, IR de 40 Metros, ip67, IK10.","Camara DAHUA HAC-HDBW1801EAN - Camara Domo Antivandalica 4k, 8 Megapixeles, Lente de 2.8mm, 106 Grados de Apertura, Metalica, Super Adapt, WDR Real de 120 dB, IR de 40 Metros, ip67, IK10.. Clave Oficial CT: CAMDAH6260. Marca: CT.",TELEFONIA Y VIDEO VIGILANCIA,telefonia_seguridad,CT,46.57,908.08,1452.93,1452.93,1225.91,1225.91,1135.1,1089.7,https://static.ctonline.mx/imagenes/CAMDAH6260/CAMDAH6260_400.jpg,assets/img/catalog/CAMDAH6260.jpg
CAMDAH5360,Cámara IP Domo Eyeball 4K DH-HAC-HDW1809TN-A-LED Cámara Domo Eyeball 4k Full Color/ 8 Megapíxeles/ Lente de 2.8 mm/ 106 Grados de Apertura/ Micrófono Integrado/ 40 Metros de Iluminación/ Imagen a Color 24/7/ Super Adapt/ WDR de 120 dB,Cámara IP Domo Eyeball 4K DH-HAC-HDW1809TN-A-LED Cámara Domo Eyeball 4k Full Color/ 8 Megapíxeles/ Lente de 2.8 mm/ 106 Grados de Apertura/ Micrófono Integrado/ 40 Metros de Iluminación/ Imagen a Color 24/7/ Super Adapt/ WDR de 120 dB. Clave Oficial CT: CAMDAH5360. Marca: CT.,TELEFONIA Y VIDEO VIGILANCIA,telefonia_seguridad,CT,62.43,1217.42,1947.87,1947.87,1643.52,1643.52,1521.78,1460.9,https://static.ctonline.mx/imagenes/CAMDAH5360/CAMDAH5360_400.jpg,assets/img/catalog/CAMDAH5360.jpg
CAMDAH5370,Cámara Domo 4K HAC-HDW1801TQN-A Cámara Domo 4k/ 8 Megapíxeles con Micrófono Integrado/ Lente de 2.8mm/ 106 Grados de Apertura/ IR de 40 Metros/ Super Adapt/ Instalación Rápida/ WDR Real de 120 dB/ IP67/ Soporta: CVI/CVBS/AHD/TVI,Cámara Domo 4K HAC-HDW1801TQN-A Cámara Domo 4k/ 8 Megapíxeles con Micrófono Integrado/ Lente de 2.8mm/ 106 Grados de Apertura/ IR de 40 Metros/ Super Adapt/ Instalación Rápida/ WDR Real de 120 dB/ IP67/ Soporta: CVI/CVBS/AHD/TVI. Clave Oficial CT: CAMDAH5370. Marca: CT.,TELEFONIA Y VIDEO VIGILANCIA,telefonia_seguridad,CT,43.83,854.68,1367.48,1367.48,1153.81,1153.81,1068.35,1025.61,https://static.ctonline.mx/imagenes/CAMDAH5370/CAMDAH5370_400.jpg,assets/img/catalog/CAMDAH5370.jpg
CAMDAH3840,"Cámara IP DAHUA Domo DH-IPC-HDW2439TN-AS-LED-0280B-S2, 4 Megapixeles, Full Color, Lente de 2.8 mm, Microfono Integrado, 107 Grados de Apertura, Compresión H.265, Luz Led para 30 Mts, WDR Real, Ranura para MicroSD hasta 256 GB, Protección IP67, PoE, carcasa de Metal + Plastico. (Existencias Limitadas)","Cámara IP DAHUA Domo DH-IPC-HDW2439TN-AS-LED-0280B-S2, 4 Megapixeles, Full Color, Lente de 2.8 mm, Microfono Integrado, 107 Grados de Apertura, Compresión H.265, Luz Led para 30 Mts, WDR Real, Ranura para MicroSD hasta 256 GB, Protección IP67, PoE, carcasa de Metal + Plastico. (Existencias Limitadas). Clave Oficial CT: CAMDAH3840. Marca: CT.",TELEFONIA Y VIDEO VIGILANCIA,telefonia_seguridad,CT,73.86,1440.34,2304.55,2304.55,1944.46,1944.46,1800.43,1728.41,https://static.ctonline.mx/imagenes/CAMDAH3840/CAMDAH3840_400.jpg,assets/img/catalog/CAMDAH3840.jpg
CAMDAH2070,"Camara HDCVI DAHUA Domo DH-HAC-HDW1801MN-0280B, 4K, 8 Megapixeles, Lente de 2.8 mm, Apertura de 105°, IR de 30 Mts, Metalica, WDR Real de 120 dB, Soporta: HDCVI, TVI, AHD Y CBVS , Protección IP67, carcasa de Metal (Existencias Limitadas)","Camara HDCVI DAHUA Domo DH-HAC-HDW1801MN-0280B, 4K, 8 Megapixeles, Lente de 2.8 mm, Apertura de 105°, IR de 30 Mts, Metalica, WDR Real de 120 dB, Soporta: HDCVI, TVI, AHD Y CBVS , Protección IP67, carcasa de Metal (Existencias Limitadas). Clave Oficial CT: CAMDAH2070. Marca: CT.",TELEFONIA Y VIDEO VIGILANCIA,telefonia_seguridad,CT,34.09,664.77,1063.64,1063.64,897.44,897.44,830.97,797.73,https://static.ctonline.mx/imagenes/CAMDAH2070/CAMDAH2070_400.jpg,assets/img/catalog/CAMDAH2070.jpg
CAMDAH3860,"Cámara HDCVI DAHUA Domo DH-HAC-HDBW1500EN-0280B, 5 Megapixeles, Antivandalica, Lente de 2.8mm, Apertura de 111°, IR de 30 Mts, Protección IP67, IK10, Soporta: CVI,CVBS,AHD,TVI, carcasa de Metal","Cámara HDCVI DAHUA Domo DH-HAC-HDBW1500EN-0280B, 5 Megapixeles, Antivandalica, Lente de 2.8mm, Apertura de 111°, IR de 30 Mts, Protección IP67, IK10, Soporta: CVI,CVBS,AHD,TVI, carcasa de Metal. Clave Oficial CT: CAMDAH3860. Marca: CT.",TELEFONIA Y VIDEO VIGILANCIA,telefonia_seguridad,CT,34.06,664.11,1062.57,1062.57,896.55,896.55,830.13,796.93,https://static.ctonline.mx/imagenes/CAMDAH3860/CAMDAH3860_400.jpg,assets/img/catalog/CAMDAH3860.jpg
CAMDAH3870,"Cámara HDCVI DAHUA Mini Domo DH-HAC-HDW1231GN-A-0280B, 2 Megapixeles, Super Adaptable, Diseño Compacto, Lente de 2.8mm, Apertura de 102°, Starlight, Microfono Integrado, WDR Real de 130 dB, IR de 20 Mts, Protección IP67, carcasa de Metal.","Cámara HDCVI DAHUA Mini Domo DH-HAC-HDW1231GN-A-0280B, 2 Megapixeles, Super Adaptable, Diseño Compacto, Lente de 2.8mm, Apertura de 102°, Starlight, Microfono Integrado, WDR Real de 130 dB, IR de 20 Mts, Protección IP67, carcasa de Metal.. Clave Oficial CT: CAMDAH3870. Marca: CT.",TELEFONIA Y VIDEO VIGILANCIA,telefonia_seguridad,CT,29.39,573.03,916.85,916.85,773.6,773.6,716.29,687.64,https://static.ctonline.mx/imagenes/CAMDAH3870/CAMDAH3870_400.jpg,assets/img/catalog/CAMDAH3870.jpg
CAMDAH5800,"Cámara IP DOMO 5MP DH-IPC-HDW2549T-S-PV Cámara Domo IP de 5 MP, 30 Metros de Iluminador Dual Inteligente, Disuasión activa, Lente 2.8mm, SMD Plus, Protección perimetral, Micrófono y Bocina integrados, Audio dos Vías, IP67, Ranura MicroSD","Cámara IP DOMO 5MP DH-IPC-HDW2549T-S-PV Cámara Domo IP de 5 MP, 30 Metros de Iluminador Dual Inteligente, Disuasión activa, Lente 2.8mm, SMD Plus, Protección perimetral, Micrófono y Bocina integrados, Audio dos Vías, IP67, Ranura MicroSD. Clave Oficial CT: CAMDAH5800. Marca: CT.",TELEFONIA Y VIDEO VIGILANCIA,telefonia_seguridad,CT,79.8,1556.01,2489.62,2489.62,2100.62,2100.62,1945.01,1867.21,https://static.ctonline.mx/imagenes/CAMDAH5800/CAMDAH5800_400.jpg,assets/img/catalog/CAMDAH5800.jpg
CAMDAH6630,DAHUA DH-HAC-T2A51N-U-IL-A- Cámara Domo 5 MP Serie Cooper/ Lente 2.8 mm con Apertura de Hasta 100°/ Iluminación Dual Inteligente/ Micrófono Integrado/Iluminación de Hasta 30Mts IR + 20Mts Luz Cálida/Metal/IP67/Para Exterior,DAHUA DH-HAC-T2A51N-U-IL-A- Cámara Domo 5 MP Serie Cooper/ Lente 2.8 mm con Apertura de Hasta 100°/ Iluminación Dual Inteligente/ Micrófono Integrado/Iluminación de Hasta 30Mts IR + 20Mts Luz Cálida/Metal/IP67/Para Exterior. Clave Oficial CT: CAMDAH6630. Marca: DAHUA.,TELEFONIA Y VIDEO VIGILANCIA,telefonia_seguridad,DAHUA,28.0,546.0,873.6,873.6,737.1,737.1,682.5,655.2,https://static.ctonline.mx/imagenes/CAMDAH6630/CAMDAH6630_400.jpg,assets/img/catalog/CAMDAH6630.jpg
CAMDAH6600,DAHUA IPC-HDBW2449E-S-IL- Cámara IP Domo Antivandálica de 4 Megapíxeles/ WizSense/ Iluminadores Duales Inteligentes/ Lente de 2.8mm/ 101 Grados de Apertura/ 30 Metros de Luz IR y Luz Visible/ WDR Real/ SMD Plus/ Ranura para Micro SD/ PoE/ IP67/ IK10,DAHUA IPC-HDBW2449E-S-IL- Cámara IP Domo Antivandálica de 4 Megapíxeles/ WizSense/ Iluminadores Duales Inteligentes/ Lente de 2.8mm/ 101 Grados de Apertura/ 30 Metros de Luz IR y Luz Visible/ WDR Real/ SMD Plus/ Ranura para Micro SD/ PoE/ IP67/ IK10. Clave Oficial CT: CAMDAH6600. Marca: DAHUA.,TELEFONIA Y VIDEO VIGILANCIA,telefonia_seguridad,DAHUA,72.64,1416.41,2266.25,2266.25,1912.15,1912.15,1770.51,1699.69,https://static.ctonline.mx/imagenes/CAMDAH6600/CAMDAH6600_400.jpg,assets/img/catalog/CAMDAH6600.jpg
CAMDAH6850,Cámara Dahua IPC-HDBW2649EP-S-IL IP Domo Antivandálica de 6 Megapíxeles Lente de 2.8mm 30 Metros de Iluminador Dual Inteligente+Full Color SMD Plus Protección Perimetral avanzada Micrófono Integrado IP67 IK10 Ranura para MicroSD,Cámara Dahua IPC-HDBW2649EP-S-IL IP Domo Antivandálica de 6 Megapíxeles Lente de 2.8mm 30 Metros de Iluminador Dual Inteligente+Full Color SMD Plus Protección Perimetral avanzada Micrófono Integrado IP67 IK10 Ranura para MicroSD. Clave Oficial CT: CAMDAH6850. Marca: CT.,TELEFONIA Y VIDEO VIGILANCIA,telefonia_seguridad,CT,76.93,1500.17,2400.27,2400.27,2025.23,2025.23,1875.21,1800.2,https://static.ctonline.mx/imagenes/CAMDAH6850/CAMDAH6850_400.jpg,assets/img/catalog/CAMDAH6850.jpg
CAMDAH5300,Cámara Bullet 5MP DH-HAC-HFW1500DN-0360B Cámara Bullet de 5 Megapíxeles/ Metálica/ Lente de 3.6 mm/ 92 Grados de Apertura/ IR de 80 Mts/ IP67/ Soporta: CVI/CVBS/AHD/TVI,Cámara Bullet 5MP DH-HAC-HFW1500DN-0360B Cámara Bullet de 5 Megapíxeles/ Metálica/ Lente de 3.6 mm/ 92 Grados de Apertura/ IR de 80 Mts/ IP67/ Soporta: CVI/CVBS/AHD/TVI. Clave Oficial CT: CAMDAH5300. Marca: CT.,TELEFONIA Y VIDEO VIGILANCIA,telefonia_seguridad,CT,36.65,714.63,1143.41,1143.41,964.75,964.75,893.29,857.56,https://static.ctonline.mx/imagenes/CAMDAH5300/CAMDAH5300_400.jpg,assets/img/catalog/CAMDAH5300.jpg
CAMDAH5310,Cámara Bullet 5MP HAC-HFW1500CL-IL-A Cámara Bullet de 5 Megapíxeles/ Iluminación Dual Inteligente + FullColor/ Lente de 2.8mm/ 106 Grados de Apertura/ 20 Metros de IR y Luz Visible/ Micrófono Integrado/ IP67/ Soporta: CVI/CVBS/AHD/TVI,Cámara Bullet 5MP HAC-HFW1500CL-IL-A Cámara Bullet de 5 Megapíxeles/ Iluminación Dual Inteligente + FullColor/ Lente de 2.8mm/ 106 Grados de Apertura/ 20 Metros de IR y Luz Visible/ Micrófono Integrado/ IP67/ Soporta: CVI/CVBS/AHD/TVI. Clave Oficial CT: CAMDAH5310. Marca: CT.,TELEFONIA Y VIDEO VIGILANCIA,telefonia_seguridad,CT,28.41,553.98,886.36,886.36,747.87,747.87,692.47,664.77,https://static.ctonline.mx/imagenes/CAMDAH5310/CAMDAH5310_400.jpg,assets/img/catalog/CAMDAH5310.jpg
CAMDAH5320,Cámara Bullet TiOC 4K HAC-ME1809TH-A-PV-S2 Cámara Bullet TiOC 4k/ Disuasión Activa/ Full Color/ Estrobo Azul y Rojo/ Lente de 3.6mm/ Luz de 40 Mts/ Micrófono Integrado/ 1 Salida de Alarma/ Soporta: CVI/TVI/AHD/ IP67,Cámara Bullet TiOC 4K HAC-ME1809TH-A-PV-S2 Cámara Bullet TiOC 4k/ Disuasión Activa/ Full Color/ Estrobo Azul y Rojo/ Lente de 3.6mm/ Luz de 40 Mts/ Micrófono Integrado/ 1 Salida de Alarma/ Soporta: CVI/TVI/AHD/ IP67. Clave Oficial CT: CAMDAH5320. Marca: CT.,TELEFONIA Y VIDEO VIGILANCIA,telefonia_seguridad,CT,72.25,1408.88,2254.2,2254.2,1901.98,1901.98,1761.09,1690.65,https://static.ctonline.mx/imagenes/CAMDAH5320/CAMDAH5320_400.jpg,assets/img/catalog/CAMDAH5320.jpg
CAMDAH5330,Cámara IP Bullet 2MP IPC-HFW5241EN-ZE Cámara IP Bullet Resolución de 2 MP/ Lente Mot. 2.7 a 13.5mm/ ∢ 109°-30°/ IR 60 mts/ IA WizMind/ Detección Facial/ Protección Perimetral/ Conteo de Personas/ Starlight/ PoE/ WDR/ H.265+/ IP67/ IK10/ E&S Alarma/ E&S Audio,Cámara IP Bullet 2MP IPC-HFW5241EN-ZE Cámara IP Bullet Resolución de 2 MP/ Lente Mot. 2.7 a 13.5mm/ ∢ 109°-30°/ IR 60 mts/ IA WizMind/ Detección Facial/ Protección Perimetral/ Conteo de Personas/ Starlight/ PoE/ WDR/ H.265+/ IP67/ IK10/ E&S Alarma/ E&S Audio. Clave Oficial CT: CAMDAH5330. Marca: CT.,TELEFONIA Y VIDEO VIGILANCIA,telefonia_seguridad,CT,311.7,6078.24,9725.18,9725.18,8205.62,8205.62,7597.8,7293.89,https://static.ctonline.mx/imagenes/CAMDAH5330/CAMDAH5330_400.jpg,assets/img/catalog/CAMDAH5330.jpg
CAMDAH4850,Cámara Bullet de 5 Megapíxeles HFW1509TMN/ Iluminador Dual Inteligente + Full Color/ Lente de 2.8 mm/ 111 Grados de Apertura/ Micrófono Integrado/ 40 Mts de Iluminación IR y Visible/WDR Real de 130 dB/Metálica/IP67,Cámara Bullet de 5 Megapíxeles HFW1509TMN/ Iluminador Dual Inteligente + Full Color/ Lente de 2.8 mm/ 111 Grados de Apertura/ Micrófono Integrado/ 40 Mts de Iluminación IR y Visible/WDR Real de 130 dB/Metálica/IP67. Clave Oficial CT: CAMDAH4850. Marca: CT.,TELEFONIA Y VIDEO VIGILANCIA,telefonia_seguridad,CT,38.64,753.41,1205.45,1205.45,1017.1,1017.1,941.76,904.09,https://static.ctonline.mx/imagenes/CAMDAH4850/CAMDAH4850_400.jpg,assets/img/catalog/CAMDAH4850.jpg
CAMDAH4860,Cámara Bullet Full Color 1080p/HAC-HFW1209TLMN-LED-CAM/ Lente de 2.8 mm/ 106 Grados de Apertura/ Micrófono Integrado/ Luz Blanca de 20 Mts/ DWDR/ Starlight/ IP67/ Soporta CVI/AHD y CVBS/ #FullColor,Cámara Bullet Full Color 1080p/HAC-HFW1209TLMN-LED-CAM/ Lente de 2.8 mm/ 106 Grados de Apertura/ Micrófono Integrado/ Luz Blanca de 20 Mts/ DWDR/ Starlight/ IP67/ Soporta CVI/AHD y CVBS/ #FullColor. Clave Oficial CT: CAMDAH4860. Marca: CT.,TELEFONIA Y VIDEO VIGILANCIA,telefonia_seguridad,CT,24.33,474.43,759.08,759.08,640.48,640.48,593.03,569.31,https://static.ctonline.mx/imagenes/CAMDAH4860/CAMDAH4860_400.jpg,assets/img/catalog/CAMDAH4860.jpg
CAMDAH2630,"Cámara Bullet Dahua 2 MP, HAC-HFW1209CN-LED-0280B, Full Color 1080p, lente de 2.8mm, 106° de Apertura, Luz blanca de 20Mts, Starlight, protección IP67, soporta CVI, AHD y CVBS.","Cámara Bullet Dahua 2 MP, HAC-HFW1209CN-LED-0280B, Full Color 1080p, lente de 2.8mm, 106° de Apertura, Luz blanca de 20Mts, Starlight, protección IP67, soporta CVI, AHD y CVBS.. Clave Oficial CT: CAMDAH2630. Marca: CT.",TELEFONIA Y VIDEO VIGILANCIA,telefonia_seguridad,CT,17.57,342.58,548.13,548.13,462.48,462.48,428.22,411.1,https://static.ctonline.mx/imagenes/CAMDAH2630/CAMDAH2630_400.jpg,assets/img/catalog/CAMDAH2630.jpg
CAMDAH3170,"Cámara Domo HDCVI Dahua 2 MP Full Color HAC-HDW1239TLQN-A-LED-0360B, Lente de 3.6mm, Micrófono integrado, IR Leds de 20 Mts, Protección IP67, Metal + Plástico","Cámara Domo HDCVI Dahua 2 MP Full Color HAC-HDW1239TLQN-A-LED-0360B, Lente de 3.6mm, Micrófono integrado, IR Leds de 20 Mts, Protección IP67, Metal + Plástico. Clave Oficial CT: CAMDAH3170. Marca: CT.",TELEFONIA Y VIDEO VIGILANCIA,telefonia_seguridad,CT,26.86,523.84,838.15,838.15,707.19,707.19,654.8,628.61,https://static.ctonline.mx/imagenes/CAMDAH3170/CAMDAH3170_400.jpg,assets/img/catalog/CAMDAH3170.jpg
CAMDAH3550,"Cámara Dahua HDCVI Domo DH-HAC-HDW1239TN-A-LED-0360B, 2 Megapíxeles, Full Color, Micrófono Integrado. Lente de 3.6mm, 103° de apertura, IR de 40 mts, IP67, Metálica, 1 año de garantía.","Cámara Dahua HDCVI Domo DH-HAC-HDW1239TN-A-LED-0360B, 2 Megapíxeles, Full Color, Micrófono Integrado. Lente de 3.6mm, 103° de apertura, IR de 40 mts, IP67, Metálica, 1 año de garantía.. Clave Oficial CT: CAMDAH3550. Marca: CT.",TELEFONIA Y VIDEO VIGILANCIA,telefonia_seguridad,CT,31.59,616.02,985.64,985.64,831.63,831.63,770.03,739.23,https://static.ctonline.mx/imagenes/CAMDAH3550/CAMDAH3550_400.jpg,assets/img/catalog/CAMDAH3550.jpg
CAMDAH3190,"Cámara Dahua IP Bala DH-IPC-HFW1239S1N-LED-0280B-S4, 2 Megapíxeles, Full Color , Lente de 2.8mm, 110° de apertura, Luz Blanca de 15 mts, H.265, IP67, PoE, 1 año de garantía.","Cámara Dahua IP Bala DH-IPC-HFW1239S1N-LED-0280B-S4, 2 Megapíxeles, Full Color , Lente de 2.8mm, 110° de apertura, Luz Blanca de 15 mts, H.265, IP67, PoE, 1 año de garantía.. Clave Oficial CT: CAMDAH3190. Marca: CT.",TELEFONIA Y VIDEO VIGILANCIA,telefonia_seguridad,CT,41.16,802.6,1284.16,1284.16,1083.51,1083.51,1003.25,963.12,https://static.ctonline.mx/imagenes/CAMDAH3190/CAMDAH3190_400.jpg,assets/img/catalog/CAMDAH3190.jpg
CAMDAH5390,Cámara Domo 2MP DH-HAC-HDW1239TN-IL-AB Cámara Domo de 2 Megapíxeles/ Iluminador Dual Inteligente+Full Color/ Lente de 2.8 mm/ 107 Grados/ Micrófono Integrado/ WDR Real de 130 dB/ 40 Metros de Iluminación IR y Visible/ IP67,Cámara Domo 2MP DH-HAC-HDW1239TN-IL-AB Cámara Domo de 2 Megapíxeles/ Iluminador Dual Inteligente+Full Color/ Lente de 2.8 mm/ 107 Grados/ Micrófono Integrado/ WDR Real de 130 dB/ 40 Metros de Iluminación IR y Visible/ IP67. Clave Oficial CT: CAMDAH5390. Marca: CT.,TELEFONIA Y VIDEO VIGILANCIA,telefonia_seguridad,CT,31.82,620.45,992.73,992.73,837.61,837.61,775.57,744.55,https://static.ctonline.mx/imagenes/CAMDAH5390/CAMDAH5390_400.jpg,assets/img/catalog/CAMDAH5390.jpg
CAMDAH3200,"Cámara Dahua IP Domo DH-IPC-HDW1239T1-LED-S5, 2 Megapíxeles, Full Color, Lente de 2.8mm, 110° de apertura, Luz blanca de 15 mts, H.265, IP67, PoE, DWDR,  1 año de garantía.","Cámara Dahua IP Domo DH-IPC-HDW1239T1-LED-S5, 2 Megapíxeles, Full Color, Lente de 2.8mm, 110° de apertura, Luz blanca de 15 mts, H.265, IP67, PoE, DWDR,  1 año de garantía.. Clave Oficial CT: CAMDAH3200. Marca: CT.",TELEFONIA Y VIDEO VIGILANCIA,telefonia_seguridad,CT,45.48,886.81,1418.89,1418.89,1197.19,1197.19,1108.51,1064.17,https://static.ctonline.mx/imagenes/CAMDAH3200/CAMDAH3200_400.jpg,assets/img/catalog/CAMDAH3200.jpg
CAMDAH2810,"Cámara Domo HDCVI Dahua 5 MP Full Color HAC-HDW1509TN-A-LED-0360B, Lente de 3.6mm, Micófono integrado, IR Leds de 40 Mts, protección IP67, Metal, 1 año de Garantía.","Cámara Domo HDCVI Dahua 5 MP Full Color HAC-HDW1509TN-A-LED-0360B, Lente de 3.6mm, Micófono integrado, IR Leds de 40 Mts, protección IP67, Metal, 1 año de Garantía.. Clave Oficial CT: CAMDAH2810. Marca: CT.",TELEFONIA Y VIDEO VIGILANCIA,telefonia_seguridad,CT,37.73,735.68,1177.09,1177.09,993.17,993.17,919.6,882.82,https://static.ctonline.mx/imagenes/CAMDAH2810/CAMDAH2810_400.jpg,assets/img/catalog/CAMDAH2810.jpg
CAMDAH6770,Cámara Dahua modelo DH-IPC-HFW2849M-S-B-PRO Cámara IP Bullet de 8MP  WizColor  WizSense equipada con IA SMD Plus Lente de 3.6 mm,Cámara Dahua modelo DH-IPC-HFW2849M-S-B-PRO Cámara IP Bullet de 8MP  WizColor  WizSense equipada con IA SMD Plus Lente de 3.6 mm. Clave Oficial CT: CAMDAH6770. Marca: CT.,TELEFONIA Y VIDEO VIGILANCIA,telefonia_seguridad,CT,120.97,2358.84,3774.14,3774.14,3184.43,3184.43,2948.54,2830.6,https://static.ctonline.mx/imagenes/CAMDAH6770/CAMDAH6770_400.jpg,assets/img/catalog/CAMDAH6770.jpg
CAMDAH6180,Cámara DAHUA DH-PSDW81642M-A360-D440-S3 Cámara IP Hubble WizMind PTZ panorámica de 360° y multisensor de 16 MP/ 8 sensores / 40x/ 400 m/ Protección perimetral/ Metadatos de vídeo/ Reconocimiento facial / Smart tracking/ H265+/H264+/ Ranura para Micro SD,Cámara DAHUA DH-PSDW81642M-A360-D440-S3 Cámara IP Hubble WizMind PTZ panorámica de 360° y multisensor de 16 MP/ 8 sensores / 40x/ 400 m/ Protección perimetral/ Metadatos de vídeo/ Reconocimiento facial / Smart tracking/ H265+/H264+/ Ranura para Micro SD. Clave Oficial CT: CAMDAH6180. Marca: CT.,TELEFONIA Y VIDEO VIGILANCIA,telefonia_seguridad,CT,5043.28,98344.04,157350.46,157350.46,132764.45,132764.45,122930.05,118012.85,https://static.ctonline.mx/imagenes/CAMDAH6180/CAMDAH6180_400.jpg,assets/img/catalog/CAMDAH6180.jpg
CAMDAH6170,"Cámara DAHUA IPC-PFW81642-A180 - Cámara IP Panorámica de 16 MP ofreciendo multivisión y 4 lentes de 4 MP cada uno. Ofrece análisis avanzado de densidad de vehículos y multitudes, ranura MicroSD, E/S de alarmas y audio, y clasificación IP67/IK10","Cámara DAHUA IPC-PFW81642-A180 - Cámara IP Panorámica de 16 MP ofreciendo multivisión y 4 lentes de 4 MP cada uno. Ofrece análisis avanzado de densidad de vehículos y multitudes, ranura MicroSD, E/S de alarmas y audio, y clasificación IP67/IK10. Clave Oficial CT: CAMDAH6170. Marca: CT.",TELEFONIA Y VIDEO VIGILANCIA,telefonia_seguridad,CT,1053.82,20549.45,32879.13,32879.13,27741.76,27741.76,25686.82,24659.35,https://static.ctonline.mx/imagenes/CAMDAH6170/CAMDAH6170_400.jpg,assets/img/catalog/CAMDAH6170.jpg
CAMDAH5340,Cámara Mini PTZ SD22204IGCPAK Camara mini PTZ de 2 MP HDCVI / 4X Zoom óptico con brazo de pared PFB203W incluido,Cámara Mini PTZ SD22204IGCPAK Camara mini PTZ de 2 MP HDCVI / 4X Zoom óptico con brazo de pared PFB203W incluido. Clave Oficial CT: CAMDAH5340. Marca: CT.,TELEFONIA Y VIDEO VIGILANCIA,telefonia_seguridad,CT,114.03,2223.66,3557.86,3557.86,3001.95,3001.95,2779.58,2668.4,https://static.ctonline.mx/imagenes/CAMDAH5340/CAMDAH5340_400.jpg,assets/img/catalog/CAMDAH5340.jpg
CAMDAH5460,Cámara HDCVI PTZ DAHUA 2MP DH-SD49225DB-HC Cámara HDCVI PTZ de 2 Megapíxeles/ 25x de Zoom Óptico/ Starlight/ WDR Real de 120 dB/ IR de 100 Mts/ IP66/ E de Alarma/ 1 Canal de Audio/,Cámara HDCVI PTZ DAHUA 2MP DH-SD49225DB-HC Cámara HDCVI PTZ de 2 Megapíxeles/ 25x de Zoom Óptico/ Starlight/ WDR Real de 120 dB/ IR de 100 Mts/ IP66/ E de Alarma/ 1 Canal de Audio/. Clave Oficial CT: CAMDAH5460. Marca: CT.,TELEFONIA Y VIDEO VIGILANCIA,telefonia_seguridad,CT,221.02,4309.94,6895.91,6895.91,5818.42,5818.42,5387.43,5171.93,https://static.ctonline.mx/imagenes/CAMDAH5460/CAMDAH5460_400.jpg,assets/img/catalog/CAMDAH5460.jpg
CAMDAH5510,"Camara IP PTZ 2MP DH-SD6CE245GB-HNR Cámara IP PTZ 2MP con WizSense, zoom óptico 45x, Starlight, IR 250m, Autotracking 3.0, SMD 4.0, detección de rostros, protección perimetral, PoE+, IP67, IK10","Camara IP PTZ 2MP DH-SD6CE245GB-HNR Cámara IP PTZ 2MP con WizSense, zoom óptico 45x, Starlight, IR 250m, Autotracking 3.0, SMD 4.0, detección de rostros, protección perimetral, PoE+, IP67, IK10. Clave Oficial CT: CAMDAH5510. Marca: CT.",TELEFONIA Y VIDEO VIGILANCIA,telefonia_seguridad,CT,812.5,15843.75,25350.0,25350.0,21389.06,21389.06,19804.69,19012.5,https://static.ctonline.mx/imagenes/CAMDAH5510/CAMDAH5510_400.jpg,assets/img/catalog/CAMDAH5510.jpg
CAMDAH6830,Camara Dahua modelo DH-SD4D825MB-HNR - Cámara IP PTZ de 8 MP  WizSense 25x de Zoom óptico IR de 100 m Luz cálida 50m H.265+ WDR Real de 120 dB Protección perimetral  Detección facial  SMD 4.0 Ranura para MicroSD IP67 E&S de Alarma y Audio,Camara Dahua modelo DH-SD4D825MB-HNR - Cámara IP PTZ de 8 MP  WizSense 25x de Zoom óptico IR de 100 m Luz cálida 50m H.265+ WDR Real de 120 dB Protección perimetral  Detección facial  SMD 4.0 Ranura para MicroSD IP67 E&S de Alarma y Audio. Clave Oficial CT: CAMDAH6830. Marca: CT.,TELEFONIA Y VIDEO VIGILANCIA,telefonia_seguridad,CT,413.94,8071.89,12915.03,12915.03,10897.05,10897.05,10089.87,9686.27,https://static.ctonline.mx/imagenes/CAMDAH6830/CAMDAH6830_400.jpg,assets/img/catalog/CAMDAH6830.jpg
CAMDAH4440,"Cámara IP PTZ 2MP DH-SD5A225GB-HNR-SL Cámara IP PTZ de 2 Megapíxeles Anticorrosión, 25x de Zoom Óptico, IR de 150 Mts, Antivandálica, H.265+, Auto Tracking, PoE+, 60 FPS, Función anti-niebla, WDR Real de 120 Db, Detección de Rostros, IP67","Cámara IP PTZ 2MP DH-SD5A225GB-HNR-SL Cámara IP PTZ de 2 Megapíxeles Anticorrosión, 25x de Zoom Óptico, IR de 150 Mts, Antivandálica, H.265+, Auto Tracking, PoE+, 60 FPS, Función anti-niebla, WDR Real de 120 Db, Detección de Rostros, IP67. Clave Oficial CT: CAMDAH4440. Marca: CT.",TELEFONIA Y VIDEO VIGILANCIA,telefonia_seguridad,CT,811.76,15829.35,25326.95,25326.95,21369.62,21369.62,19786.68,18995.22,https://static.ctonline.mx/imagenes/CAMDAH4440/CAMDAH4440_400.jpg,assets/img/catalog/CAMDAH4440.jpg
CAMDAH5810,"CAMARA IP PT WIFI 10MP DH-IPC-WPT1539DD-SW-5E2-PV Cámara IP PT Wifi Dual de 10 MP, 2 Lentes de 5 MP cada uno (Fijo y PT), Iluminador Dual Inteligente/ IR de 50m, Microfono y Altavoz Integrados, IA, Autotracking, Disuación activa, Ranura MicroSD, IP66","CAMARA IP PT WIFI 10MP DH-IPC-WPT1539DD-SW-5E2-PV Cámara IP PT Wifi Dual de 10 MP, 2 Lentes de 5 MP cada uno (Fijo y PT), Iluminador Dual Inteligente/ IR de 50m, Microfono y Altavoz Integrados, IA, Autotracking, Disuación activa, Ranura MicroSD, IP66. Clave Oficial CT: CAMDAH5810. Marca: CT.",TELEFONIA Y VIDEO VIGILANCIA,telefonia_seguridad,CT,55.92,1090.45,1744.72,1744.72,1472.11,1472.11,1363.06,1308.54,https://static.ctonline.mx/imagenes/CAMDAH5810/CAMDAH5810_400.jpg,assets/img/catalog/CAMDAH5810.jpg
CAMDAH5430,"Cámara IP DOMO WIFI 4MP IPC-TA42N-B-imou Cámara IP Domo Motorizado Wifi de 4MP, H.265, Autotracking, Detección de Humanos, Modo Privacidad, Micrófono & Bocina Integradas, Sirena, Lente de 3.6mm, Audio dos vías, Ranura MicroSD","Cámara IP DOMO WIFI 4MP IPC-TA42N-B-imou Cámara IP Domo Motorizado Wifi de 4MP, H.265, Autotracking, Detección de Humanos, Modo Privacidad, Micrófono & Bocina Integradas, Sirena, Lente de 3.6mm, Audio dos vías, Ranura MicroSD. Clave Oficial CT: CAMDAH5430. Marca: CT.",TELEFONIA Y VIDEO VIGILANCIA,telefonia_seguridad,CT,30.56,595.86,953.37,953.37,804.41,804.41,744.82,715.03,https://static.ctonline.mx/imagenes/CAMDAH5430/CAMDAH5430_400.jpg,assets/img/catalog/CAMDAH5430.jpg
CAMDAH5150,Cámara Wifi focal fija 3MP Pico A-39T-DA,Cámara Wifi focal fija 3MP Pico A-39T-DA. Clave Oficial CT: CAMDAH5150. Marca: CT.,TELEFONIA Y VIDEO VIGILANCIA,telefonia_seguridad,CT,33.62,655.69,1049.1,1049.1,885.18,885.18,819.61,786.82,https://static.ctonline.mx/imagenes/CAMDAH5150/CAMDAH5150_400.jpg,assets/img/catalog/CAMDAH5150.jpg
CAMDAH5160,Cámara Wifi Bala 4MP FARO-B49S-DA Cámara Wifi Bala 4MP IP67 H265,Cámara Wifi Bala 4MP FARO-B49S-DA Cámara Wifi Bala 4MP IP67 H265. Clave Oficial CT: CAMDAH5160. Marca: CT.,TELEFONIA Y VIDEO VIGILANCIA,telefonia_seguridad,CT,36.36,709.09,1134.55,1134.55,957.27,957.27,886.36,850.91,https://static.ctonline.mx/imagenes/CAMDAH5160/CAMDAH5160_400.jpg,assets/img/catalog/CAMDAH5160.jpg
CAMDAH5470,Cámara Ip Wifi local fija HERO-K51H,Cámara Ip Wifi local fija HERO-K51H. Clave Oficial CT: CAMDAH5470. Marca: CT.,TELEFONIA Y VIDEO VIGILANCIA,telefonia_seguridad,CT,25.28,493.04,788.86,788.86,665.6,665.6,616.3,591.65,https://static.ctonline.mx/imagenes/CAMDAH5470/CAMDAH5470_400.jpg,assets/img/catalog/CAMDAH5470.jpg
CAMDAH5140,"Cámara WiFi 3MP HERO-K31F Cámara WiFi/ Paneo 0- 350 grados, Inclinación -5 a 80 grados","Cámara WiFi 3MP HERO-K31F Cámara WiFi/ Paneo 0- 350 grados, Inclinación -5 a 80 grados. Clave Oficial CT: CAMDAH5140. Marca: CT.",TELEFONIA Y VIDEO VIGILANCIA,telefonia_seguridad,CT,23.18,452.05,723.27,723.27,610.26,610.26,565.06,542.45,https://static.ctonline.mx/imagenes/CAMDAH5140/CAMDAH5140_400.jpg,assets/img/catalog/CAMDAH5140.jpg
CAMDAH5380,"Cámara IP PT Wifi 4MP DH-H4AB Cámara IP PT Wifi de 4 Megapíxeles, Serie Hero, con lente de 3.6 mm, IR de 10 m, audio bidireccional (micrófono y altavoz), autotracking, detección de humanos y ranura MicroSD","Cámara IP PT Wifi 4MP DH-H4AB Cámara IP PT Wifi de 4 Megapíxeles, Serie Hero, con lente de 3.6 mm, IR de 10 m, audio bidireccional (micrófono y altavoz), autotracking, detección de humanos y ranura MicroSD. Clave Oficial CT: CAMDAH5380. Marca: CT.",TELEFONIA Y VIDEO VIGILANCIA,telefonia_seguridad,CT,33.74,657.9,1052.65,1052.65,888.17,888.17,822.38,789.48,https://static.ctonline.mx/imagenes/CAMDAH5380/CAMDAH5380_400.jpg,assets/img/catalog/CAMDAH5380.jpg
CAMDAH5620,"Cámara Dahua ANALOGA FISHEYE 5MP DH-HAC-EW2501N Cámara Fisheye HDCVI 5 MP, visión 360°, IR 10 m, WDR real 120dB, micrófono integrado. Ideal para uso interior con tecnología Starlight para baja luz y reducción de ruido 2D/3D. Ofrece vigilancia detallada y nítida en todas condiciones","Cámara Dahua ANALOGA FISHEYE 5MP DH-HAC-EW2501N Cámara Fisheye HDCVI 5 MP, visión 360°, IR 10 m, WDR real 120dB, micrófono integrado. Ideal para uso interior con tecnología Starlight para baja luz y reducción de ruido 2D/3D. Ofrece vigilancia detallada y nítida en todas condiciones. Clave Oficial CT: CAMDAH5620. Marca: CT.",TELEFONIA Y VIDEO VIGILANCIA,telefonia_seguridad,CT,85.48,1666.81,2666.89,2666.89,2250.19,2250.19,2083.51,2000.17,https://static.ctonline.mx/imagenes/CAMDAH5620/CAMDAH5620_400.jpg,assets/img/catalog/CAMDAH5620.jpg
CAMDAH3720,"Cámara Dahua IP Fisheye DH-IPC-EW5541N-AS, 5 Megapíxeles, WinzMind, IR de 10 mts, compresión H.265+, WDR Real, Micrófono integrado, Mapa de calor para conteo de personas, Detección inteligente, PoE, ranura para micro SD hasta 256GB, E/S de alarma y audio, uso interior, 1 año de garantía.","Cámara Dahua IP Fisheye DH-IPC-EW5541N-AS, 5 Megapíxeles, WinzMind, IR de 10 mts, compresión H.265+, WDR Real, Micrófono integrado, Mapa de calor para conteo de personas, Detección inteligente, PoE, ranura para micro SD hasta 256GB, E/S de alarma y audio, uso interior, 1 año de garantía.. Clave Oficial CT: CAMDAH3720. Marca: CT.",TELEFONIA Y VIDEO VIGILANCIA,telefonia_seguridad,CT,132.67,2587.07,4139.32,4139.32,3492.55,3492.55,3233.84,3104.49,https://static.ctonline.mx/imagenes/CAMDAH3720/CAMDAH3720_400.jpg,assets/img/catalog/CAMDAH3720.jpg
CAMDAH5350,Cámara EyeBall 2X4MP DH-IPC-PDW3849-A180-AS-PV Cámara IP WizSense Eyeball fija TiOC Dual de 2x4MP/ Angulo 180°/IR es de 25 m/ LED 20 m/ Ranura para Micro SD/ Micrófono y Altavoz integrado/ IP67/ Disuasión Activa/ SMD 4.0./ EPTZ/ E&S de Alarma y Audio,Cámara EyeBall 2X4MP DH-IPC-PDW3849-A180-AS-PV Cámara IP WizSense Eyeball fija TiOC Dual de 2x4MP/ Angulo 180°/IR es de 25 m/ LED 20 m/ Ranura para Micro SD/ Micrófono y Altavoz integrado/ IP67/ Disuasión Activa/ SMD 4.0./ EPTZ/ E&S de Alarma y Audio. Clave Oficial CT: CAMDAH5350. Marca: CT.,TELEFONIA Y VIDEO VIGILANCIA,telefonia_seguridad,CT,179.76,3505.35,5608.55,5608.55,4732.22,4732.22,4381.68,4206.42,https://static.ctonline.mx/imagenes/CAMDAH5350/CAMDAH5350_400.jpg,assets/img/catalog/CAMDAH5350.jpg
CAMDAH5090,Cámara Dash cam 2160P 4K H10 Dash cam 4k H10 WDR,Cámara Dash cam 2160P 4K H10 Dash cam 4k H10 WDR. Clave Oficial CT: CAMDAH5090. Marca: CT.,TELEFONIA Y VIDEO VIGILANCIA,telefonia_seguridad,CT,65.51,1277.47,2043.95,2043.95,1724.59,1724.59,1596.84,1532.97,https://static.ctonline.mx/imagenes/CAMDAH5090/CAMDAH5090_400.jpg,assets/img/catalog/CAMDAH5090.jpg
CAMDAH6490,"Cámara Dashcam DAHUA S5PRO cámara dual 4k+1080p claridad en su cámara frontal capturando videos 4k, nitidez a 3840*2160p/30 fps, lente gran angular de 123°,camara trasera que captura imágenes en 1080p y un angular de 180°, wifi integrado, con visión nocturna, modo de aparcamiento cuando el coche esta detenido.","Cámara Dashcam DAHUA S5PRO cámara dual 4k+1080p claridad en su cámara frontal capturando videos 4k, nitidez a 3840*2160p/30 fps, lente gran angular de 123°,camara trasera que captura imágenes en 1080p y un angular de 180°, wifi integrado, con visión nocturna, modo de aparcamiento cuando el coche esta detenido.. Clave Oficial CT: CAMDAH6490. Marca: CT.",TELEFONIA Y VIDEO VIGILANCIA,telefonia_seguridad,CT,68.89,1343.28,2149.25,2149.25,1813.43,1813.43,1679.11,1611.94,https://static.ctonline.mx/imagenes/CAMDAH6490/CAMDAH6490_400.jpg,assets/img/catalog/CAMDAH6490.jpg
CAMDAH5130,Cámara Webcam 2MP HTI-UC300V1-N Webcam 2MP/ USB 2.0/Micrófono Integrado/,Cámara Webcam 2MP HTI-UC300V1-N Webcam 2MP/ USB 2.0/Micrófono Integrado/. Clave Oficial CT: CAMDAH5130. Marca: CT.,TELEFONIA Y VIDEO VIGILANCIA,telefonia_seguridad,CT,12.56,244.86,391.77,391.77,330.56,330.56,306.07,293.83,https://static.ctonline.mx/imagenes/CAMDAH5130/CAMDAH5130_400.jpg,assets/img/catalog/CAMDAH5130.jpg
ACCDAH2820,DAHUA DH-PFB2203W - Brazo de pared para cámaras domo DAHUA / HDW2120 / 2220 / 2221RZ / HDW1000 / 1100R / HDW1120 / 1220 / 1320S / HDW2120,DAHUA DH-PFB2203W - Brazo de pared para cámaras domo DAHUA / HDW2120 / 2220 / 2221RZ / HDW1000 / 1100R / HDW1120 / 1220 / 1320S / HDW2120. Clave Oficial CT: ACCDAH2820. Marca: DAHUA.,TELEFONIA Y VIDEO VIGILANCIA,telefonia_seguridad,DAHUA,9.09,177.27,283.64,283.64,239.32,239.32,221.59,212.73,https://static.ctonline.mx/imagenes/ACCDAH2820/ACCDAH2820_400.jpg,assets/img/catalog/ACCDAH2820.jpg
ACCDAH2570,"Caja de conexiones de plástico, PFA12C, montaje en cámara con temperatura de funcionamiento de –40 °C a +60 °C (–40 °F a +140 °F) y humedad relativa inferior al 90 %, Peso, 0,2 kg (0,44 libras), Color Blanco. Peso 0,2 kg (0,44 libras),  Salidas inferiores y laterales.","Caja de conexiones de plástico, PFA12C, montaje en cámara con temperatura de funcionamiento de –40 °C a +60 °C (–40 °F a +140 °F) y humedad relativa inferior al 90 %, Peso, 0,2 kg (0,44 libras), Color Blanco. Peso 0,2 kg (0,44 libras),  Salidas inferiores y laterales.. Clave Oficial CT: ACCDAH2570. Marca: CT.",TELEFONIA Y VIDEO VIGILANCIA,telefonia_seguridad,CT,1.85,36.12,57.79,57.79,48.76,48.76,45.15,43.34,https://static.ctonline.mx/imagenes/ACCDAH2570/ACCDAH2570_400.jpg,assets/img/catalog/ACCDAH2570.jpg
ACCDAH2580,"Dahua Conectores Hembra DH-PFM979-DCS, Para Alimentación de Camaras, Terminales Tipo Tornillo Positivo y Negativo, Resistente a la Oxidación, Cumple con los estándares RoHS y REACH","Dahua Conectores Hembra DH-PFM979-DCS, Para Alimentación de Camaras, Terminales Tipo Tornillo Positivo y Negativo, Resistente a la Oxidación, Cumple con los estándares RoHS y REACH. Clave Oficial CT: ACCDAH2580. Marca: DAHUA.",TELEFONIA Y VIDEO VIGILANCIA,telefonia_seguridad,DAHUA,2.84,55.4,88.64,88.64,74.79,74.79,69.25,66.48,https://static.ctonline.mx/imagenes/ACCDAH2580/ACCDAH2580_400.jpg,assets/img/catalog/ACCDAH2580.jpg
ACCDAH2590,"Dahua Conectores Macho DH-PFM979-DCP, Para Alimentación de Camaras, Terminales Tipo Tornillo Positivo y Negativo, Resistente a la Oxidación, Ecológico, Cumple con los estándares RoHS y REACH","Dahua Conectores Macho DH-PFM979-DCP, Para Alimentación de Camaras, Terminales Tipo Tornillo Positivo y Negativo, Resistente a la Oxidación, Ecológico, Cumple con los estándares RoHS y REACH. Clave Oficial CT: ACCDAH2590. Marca: DAHUA.",TELEFONIA Y VIDEO VIGILANCIA,telefonia_seguridad,DAHUA,4.92,95.95,153.52,153.52,129.53,129.53,119.94,115.14,https://static.ctonline.mx/imagenes/ACCDAH2590/ACCDAH2590_400.jpg,assets/img/catalog/ACCDAH2590.jpg
ACCDAH2600,"Dahua Cable Divisor de alimentación, PFM979-1S4P, de CC de 1 a 4, 5,5 mm × 2,1 mm, Diámetro exterior 3,5 mm (0,14""), Operación DC 12 V, 5 A, Conductor (Diámetro y Material), Cables de cobre de 30/0,15 mm, Alambre de cobre estañado de 42/0,12 mm.","Dahua Cable Divisor de alimentación, PFM979-1S4P, de CC de 1 a 4, 5,5 mm × 2,1 mm, Diámetro exterior 3,5 mm (0,14""), Operación DC 12 V, 5 A, Conductor (Diámetro y Material), Cables de cobre de 30/0,15 mm, Alambre de cobre estañado de 42/0,12 mm.. Clave Oficial CT: ACCDAH2600. Marca: DAHUA.",TELEFONIA Y VIDEO VIGILANCIA,telefonia_seguridad,DAHUA,0.91,17.73,28.36,28.36,23.93,23.93,22.16,21.27,https://static.ctonline.mx/imagenes/ACCDAH2600/ACCDAH2600_400.jpg,assets/img/catalog/ACCDAH2600.jpg
ACCDAH2560,"CAJA DE CONEXIONES DOMO/BALA DH-PFA13G Caja de Conexiones Metálica/ Compatible con Domo y Bala/ Consulte la Selección de Accesorios/ Series: HAC-HDW1200/1230/1500/1220SL, IPC-T1B20/40/ IPC-T1B20-L / HAC-HDW1801TL-A/ HAC-HDW1200TL-A/Entre Otras/ Uso Interior","CAJA DE CONEXIONES DOMO/BALA DH-PFA13G Caja de Conexiones Metálica/ Compatible con Domo y Bala/ Consulte la Selección de Accesorios/ Series: HAC-HDW1200/1230/1500/1220SL, IPC-T1B20/40/ IPC-T1B20-L / HAC-HDW1801TL-A/ HAC-HDW1200TL-A/Entre Otras/ Uso Interior. Clave Oficial CT: ACCDAH2560. Marca: CT.",TELEFONIA Y VIDEO VIGILANCIA,telefonia_seguridad,CT,7.3,142.26,227.62,227.62,192.05,192.05,177.83,170.71,https://static.ctonline.mx/imagenes/ACCDAH2560/ACCDAH2560_400.jpg,assets/img/catalog/ACCDAH2560.jpg
ACCDAH1460,CAJA CONEXIÓN CAMARA DOMO DDH-PFA13A-E Caja de conexiones para cámaras domo DAHUA serie HDW1000 / 1100 / 1200 / 1220 / 1400 / 2231 / 2401M / HDW1100RVF / 1200 / 1220 / 1400,CAJA CONEXIÓN CAMARA DOMO DDH-PFA13A-E Caja de conexiones para cámaras domo DAHUA serie HDW1000 / 1100 / 1200 / 1220 / 1400 / 2231 / 2401M / HDW1100RVF / 1200 / 1220 / 1400. Clave Oficial CT: ACCDAH1460. Marca: CT.,TELEFONIA Y VIDEO VIGILANCIA,telefonia_seguridad,CT,6.26,122.1,195.35,195.35,164.83,164.83,152.62,146.52,https://static.ctonline.mx/imagenes/ACCDAH1460/ACCDAH1460_400.jpg,assets/img/catalog/ACCDAH1460.jpg
ACCDAH2150,"TRANSCEPTOR PASIVO 4K DH-PFM800B-4K Transceptores pasivos 4K que transmiten video de hasta 8MP a 200 metros. Compatibles con resoluciones 720P, 1080P, 4MP, 5MP y 4K en formatos HDCVI, TVI, AHD y CVBS. Ideales para vigilancia en alta resolución y largas distancias","TRANSCEPTOR PASIVO 4K DH-PFM800B-4K Transceptores pasivos 4K que transmiten video de hasta 8MP a 200 metros. Compatibles con resoluciones 720P, 1080P, 4MP, 5MP y 4K en formatos HDCVI, TVI, AHD y CVBS. Ideales para vigilancia en alta resolución y largas distancias. Clave Oficial CT: ACCDAH2150. Marca: CT.",TELEFONIA Y VIDEO VIGILANCIA,telefonia_seguridad,CT,2.17,42.32,67.72,67.72,57.14,57.14,52.9,50.79,https://static.ctonline.mx/imagenes/ACCDAH2150/ACCDAH2150_400.jpg,assets/img/catalog/ACCDAH2150.jpg
ACCDAH2540,"TRANSCEPTOR 4MP PFM802 Par de Transceptores Pasivos de Hasta 4 Megapíxeles para Video y Energía, Distancia de Hasta 150 Metros, Voltaje de Entrada de 12-15V DC, Cableado por RJ-45, Conectores BNC y de Energía, Soporta: HDCVI/TVI/AHD/CVBS","TRANSCEPTOR 4MP PFM802 Par de Transceptores Pasivos de Hasta 4 Megapíxeles para Video y Energía, Distancia de Hasta 150 Metros, Voltaje de Entrada de 12-15V DC, Cableado por RJ-45, Conectores BNC y de Energía, Soporta: HDCVI/TVI/AHD/CVBS. Clave Oficial CT: ACCDAH2540. Marca: CT.",TELEFONIA Y VIDEO VIGILANCIA,telefonia_seguridad,CT,6.05,117.89,188.62,188.62,159.15,159.15,147.36,141.46,https://static.ctonline.mx/imagenes/ACCDAH2540/ACCDAH2540_400.jpg,assets/img/catalog/ACCDAH2540.jpg
ACCDAH2170,"Expansor WIFI ALARMA DHI-ARM310-W2 Expansor Inalámbrico de 1 Zona, Conecta 1 Dispositivo Alámbrico, Seis tipos de Alarma, Alarma de Batería Baja, Salto de Frecuencia","Expansor WIFI ALARMA DHI-ARM310-W2 Expansor Inalámbrico de 1 Zona, Conecta 1 Dispositivo Alámbrico, Seis tipos de Alarma, Alarma de Batería Baja, Salto de Frecuencia. Clave Oficial CT: ACCDAH2170. Marca: CT.",TELEFONIA Y VIDEO VIGILANCIA,telefonia_seguridad,CT,19.74,384.9,615.85,615.85,519.62,519.62,481.13,461.88,https://static.ctonline.mx/imagenes/ACCDAH2170/ACCDAH2170_400.jpg,assets/img/catalog/ACCDAH2170.jpg
ACCDAH1150,"Sensor Movimiento WIFI IMOU ARD1231-SW-imou Sensor de Movimiento Inalámbrico con frecuencia de 433 MHz, cobertura de 12 metros y sistema anti manipulación ""Tamper"" (Existencias Limitadas)","Sensor Movimiento WIFI IMOU ARD1231-SW-imou Sensor de Movimiento Inalámbrico con frecuencia de 433 MHz, cobertura de 12 metros y sistema anti manipulación ""Tamper"" (Existencias Limitadas). Clave Oficial CT: ACCDAH1150. Marca: CT.",TELEFONIA Y VIDEO VIGILANCIA,telefonia_seguridad,CT,19.32,376.7,602.73,602.73,508.55,508.55,470.88,452.05,https://static.ctonline.mx/imagenes/ACCDAH1150/ACCDAH1150_400.jpg,assets/img/catalog/ACCDAH1150.jpg
ACCDAH2160,"Repetidor WIFI ALARMA DHI-ARA43-W2 Repetidor Inalámbrico de Alarma, Puede Conectar hasta 32 Dispositivos Inalámbricos, Indicador de Estado con Luz Led","Repetidor WIFI ALARMA DHI-ARA43-W2 Repetidor Inalámbrico de Alarma, Puede Conectar hasta 32 Dispositivos Inalámbricos, Indicador de Estado con Luz Led. Clave Oficial CT: ACCDAH2160. Marca: CT.",TELEFONIA Y VIDEO VIGILANCIA,telefonia_seguridad,CT,57.58,1122.8,1796.48,1796.48,1515.78,1515.78,1403.5,1347.36,https://static.ctonline.mx/imagenes/ACCDAH2160/ACCDAH2160_400.jpg,assets/img/catalog/ACCDAH2160.jpg
ACCDAH540,"Bolsa 10 CONECTORES ALIMENTACION PSUBR12H Bolsa de 10 Conectores Macho Para Alimentación de Cámaras, Terminales Tipo Tornillo Positivo y Negativo, Resistente a la Oxidación","Bolsa 10 CONECTORES ALIMENTACION PSUBR12H Bolsa de 10 Conectores Macho Para Alimentación de Cámaras, Terminales Tipo Tornillo Positivo y Negativo, Resistente a la Oxidación. Clave Oficial CT: ACCDAH540. Marca: CT.",TELEFONIA Y VIDEO VIGILANCIA,telefonia_seguridad,CT,4.15,80.88,129.41,129.41,109.19,109.19,101.1,97.06,https://static.ctonline.mx/imagenes/ACCDAH540/ACCDAH540_400.jpg,assets/img/catalog/ACCDAH540.jpg
ACCDAH740,"Extensor POE/EPOEPFT1300 DH-PFT1300 Extensor PoE & PoE plus pasivo, 2 Puertos, Conexión en cascada hasta 300 Mts, 2 Puertos Fast Ethernet","Extensor POE/EPOEPFT1300 DH-PFT1300 Extensor PoE & PoE plus pasivo, 2 Puertos, Conexión en cascada hasta 300 Mts, 2 Puertos Fast Ethernet. Clave Oficial CT: ACCDAH740. Marca: CT.",TELEFONIA Y VIDEO VIGILANCIA,telefonia_seguridad,CT,30.28,590.54,944.86,944.86,797.23,797.23,738.17,708.65,https://static.ctonline.mx/imagenes/ACCDAH740/ACCDAH740_400.jpg,assets/img/catalog/ACCDAH740.jpg
ACCDAH2180,Sirena Inalámbrica Dahua DHI-ARA13-W2 Sirena Inalámbrica para Exterior con Estrobo Rojo/ 110dB / Múltiples sonidos de Alarma/ IP65/ Alarma de Batería Baja/,Sirena Inalámbrica Dahua DHI-ARA13-W2 Sirena Inalámbrica para Exterior con Estrobo Rojo/ 110dB / Múltiples sonidos de Alarma/ IP65/ Alarma de Batería Baja/. Clave Oficial CT: ACCDAH2180. Marca: CT.,TELEFONIA Y VIDEO VIGILANCIA,telefonia_seguridad,CT,67.05,1307.39,2091.82,2091.82,1764.97,1764.97,1634.23,1568.86,https://static.ctonline.mx/imagenes/ACCDAH2180/ACCDAH2180_400.jpg,assets/img/catalog/ACCDAH2180.jpg
ACCDAH2450,"Cerradura Magnética  DHI-ASF280A-V1 Cerradura Magnética de 600 Lbs/ 280 Kg/ Indicador de Estado LED / Material Antidesgaste y Magnetismo Anti-residual/ Aplicaciones en Puerta de Metal, Madera, Etc/ Ideal para Controles de Acceso y Videoporteros","Cerradura Magnética  DHI-ASF280A-V1 Cerradura Magnética de 600 Lbs/ 280 Kg/ Indicador de Estado LED / Material Antidesgaste y Magnetismo Anti-residual/ Aplicaciones en Puerta de Metal, Madera, Etc/ Ideal para Controles de Acceso y Videoporteros. Clave Oficial CT: ACCDAH2450. Marca: CT.",TELEFONIA Y VIDEO VIGILANCIA,telefonia_seguridad,CT,16.8,327.51,524.02,524.02,442.14,442.14,409.39,393.01,https://static.ctonline.mx/imagenes/ACCDAH2450/ACCDAH2450_400.jpg,assets/img/catalog/ACCDAH2450.jpg
ACCDAH2360,Cerradura Magnética DHI-ASF180B-V1 Cerradura Magnética,Cerradura Magnética DHI-ASF180B-V1 Cerradura Magnética. Clave Oficial CT: ACCDAH2360. Marca: CT.,TELEFONIA Y VIDEO VIGILANCIA,telefonia_seguridad,CT,26.4,514.76,823.61,823.61,694.92,694.92,643.44,617.71,https://static.ctonline.mx/imagenes/ACCDAH2360/ACCDAH2360_400.jpg,assets/img/catalog/ACCDAH2360.jpg
ACCDAH2370,Cerradura Magnética DHI-ASF180A-V1 Cerradura Magnética,Cerradura Magnética DHI-ASF180A-V1 Cerradura Magnética. Clave Oficial CT: ACCDAH2370. Marca: CT.,TELEFONIA Y VIDEO VIGILANCIA,telefonia_seguridad,CT,13.2,257.49,411.98,411.98,347.61,347.61,321.86,308.99,https://static.ctonline.mx/imagenes/ACCDAH2370/ACCDAH2370_400.jpg,assets/img/catalog/ACCDAH2370.jpg
ACCDAH2380,Relevador Inalámbrico DHI-ARM7011-W2 Relevador Inalámbrico/ 1 Entrada NO/NC de 7-24 Vcd/ 1 Salida de Relevador de 0–36 Vcd de Max 5A/ Comunicación Estable/ Detección de Interferencias/ 1 Entrada de Tamper/ Indicador de Estatus,Relevador Inalámbrico DHI-ARM7011-W2 Relevador Inalámbrico/ 1 Entrada NO/NC de 7-24 Vcd/ 1 Salida de Relevador de 0–36 Vcd de Max 5A/ Comunicación Estable/ Detección de Interferencias/ 1 Entrada de Tamper/ Indicador de Estatus. Clave Oficial CT: ACCDAH2380. Marca: CT.,TELEFONIA Y VIDEO VIGILANCIA,telefonia_seguridad,CT,18.53,361.41,578.26,578.26,487.91,487.91,451.77,433.7,https://static.ctonline.mx/imagenes/ACCDAH2380/ACCDAH2380_400.jpg,assets/img/catalog/ACCDAH2380.jpg
ACCDAH2390,Interruptor Inalámbrico DHI-ARM7012-W2 Interruptor Inalámbrico/ 1 Salida de Relevador NO/NC de 100–240 VAC Max 13 A/ Entrada de 100-240 Vca 50/60 Hz/ Comunicación Estable/ Detector de Interferencias/ Indicador de Estatus/,Interruptor Inalámbrico DHI-ARM7012-W2 Interruptor Inalámbrico/ 1 Salida de Relevador NO/NC de 100–240 VAC Max 13 A/ Entrada de 100-240 Vca 50/60 Hz/ Comunicación Estable/ Detector de Interferencias/ Indicador de Estatus/. Clave Oficial CT: ACCDAH2390. Marca: CT.,TELEFONIA Y VIDEO VIGILANCIA,telefonia_seguridad,CT,17.3,337.26,539.62,539.62,455.3,455.3,421.58,404.71,https://static.ctonline.mx/imagenes/ACCDAH2390/ACCDAH2390_400.jpg,assets/img/catalog/ACCDAH2390.jpg
ACCDAH2400,Botón de Salida Infrarrojo/ Sin contacto para acceso ASF908,Botón de Salida Infrarrojo/ Sin contacto para acceso ASF908. Clave Oficial CT: ACCDAH2400. Marca: CT.,TELEFONIA Y VIDEO VIGILANCIA,telefonia_seguridad,CT,11.4,222.26,355.61,355.61,300.05,300.05,277.82,266.71,https://static.ctonline.mx/imagenes/ACCDAH2400/ACCDAH2400_400.jpg,assets/img/catalog/ACCDAH2400.jpg
ACCDAH2410,Botón de Salida /plástico NO/NC ASF900,Botón de Salida /plástico NO/NC ASF900. Clave Oficial CT: ACCDAH2410. Marca: CT.,TELEFONIA Y VIDEO VIGILANCIA,telefonia_seguridad,CT,1.2,23.49,37.58,37.58,31.71,31.71,29.36,28.19,https://static.ctonline.mx/imagenes/ACCDAH2410/ACCDAH2410_400.jpg,assets/img/catalog/ACCDAH2410.jpg
ACCDAH2420,Detector de Ruptura de Cristal Inalámbrico DHI-ARD512-W2 Detector de rotura de cristal inalámbrico/ Detección de frecuencias altas y bajas simultaneas / Funciona con cristal templado/ Laminado / Doble hoja / Armado / Indicador Led / #AlarmasDahua,Detector de Ruptura de Cristal Inalámbrico DHI-ARD512-W2 Detector de rotura de cristal inalámbrico/ Detección de frecuencias altas y bajas simultaneas / Funciona con cristal templado/ Laminado / Doble hoja / Armado / Indicador Led / #AlarmasDahua. Clave Oficial CT: ACCDAH2420. Marca: CT.,TELEFONIA Y VIDEO VIGILANCIA,telefonia_seguridad,CT,23.99,467.78,748.45,748.45,631.5,631.5,584.72,561.33,https://static.ctonline.mx/imagenes/ACCDAH2420/ACCDAH2420_400.jpg,assets/img/catalog/ACCDAH2420.jpg
ACCDAH2430,Botón de salida Acero Inoxidable ASF905,Botón de salida Acero Inoxidable ASF905. Clave Oficial CT: ACCDAH2430. Marca: CT.,TELEFONIA Y VIDEO VIGILANCIA,telefonia_seguridad,CT,6.73,131.18,209.89,209.89,177.1,177.1,163.98,157.42,https://static.ctonline.mx/imagenes/ACCDAH2430/ACCDAH2430_400.jpg,assets/img/catalog/ACCDAH2430.jpg
ACCDAH1070,"Adaptador Dahua PFA111 para brazo de Pared PFB300W o montaje en techo PFB300C compatible con PTZ SD63, SD65, SD6A, rosca G1 1/2"", color blanco.","Adaptador Dahua PFA111 para brazo de Pared PFB300W o montaje en techo PFB300C compatible con PTZ SD63, SD65, SD6A, rosca G1 1/2"", color blanco.. Clave Oficial CT: ACCDAH1070. Marca: CT.",TELEFONIA Y VIDEO VIGILANCIA,telefonia_seguridad,CT,8.41,163.98,262.36,262.36,221.37,221.37,204.97,196.77,https://static.ctonline.mx/imagenes/ACCDAH1070/ACCDAH1070_400.jpg,assets/img/catalog/ACCDAH1070.jpg
ACCDAH420,"Brazo de Pared Dahua para cámaras Domo DH-PFB204W, construido de aluminio el cual soporta hasta 1 kg, apto para uso exterior, compatible con la serie de cámaras Dahua HDAW1100M, HDABW2120F, HDABW2220FM , HDAW1200EMA, Color blanco","Brazo de Pared Dahua para cámaras Domo DH-PFB204W, construido de aluminio el cual soporta hasta 1 kg, apto para uso exterior, compatible con la serie de cámaras Dahua HDAW1100M, HDABW2120F, HDABW2220FM , HDAW1200EMA, Color blanco. Clave Oficial CT: ACCDAH420. Marca: CT.",TELEFONIA Y VIDEO VIGILANCIA,telefonia_seguridad,CT,9.32,181.7,290.73,290.73,245.3,245.3,227.13,218.05,https://static.ctonline.mx/imagenes/ACCDAH420/ACCDAH420_400.jpg,assets/img/catalog/ACCDAH420.jpg
ACCDAH1020,Caja de conexiones DAHUA para cámaras bala PFA134 - HFAW1000R / HFAW1100S / HFAW1200RM / HFAW2401S / HFW1120S / HFW1320S / HFW1320SW,Caja de conexiones DAHUA para cámaras bala PFA134 - HFAW1000R / HFAW1100S / HFAW1200RM / HFAW2401S / HFW1120S / HFW1320S / HFW1320SW. Clave Oficial CT: ACCDAH1020. Marca: CT.,TELEFONIA Y VIDEO VIGILANCIA,telefonia_seguridad,CT,7.01,136.72,218.75,218.75,184.57,184.57,170.9,164.07,https://static.ctonline.mx/imagenes/ACCDAH1020/ACCDAH1020_400.jpg,assets/img/catalog/ACCDAH1020.jpg
ACCDAH1470,Caja de conexiones DAHUA para cámaras PFA130E - compatible con series HFW6 / HFW10 / HFW4 / HFW5 / HFW9 / HDW9 / HDW8 / HDW7 / HDW6 / T3A / HDW10 / HDPW / T2A / HDW2 / T1A / HDW4,Caja de conexiones DAHUA para cámaras PFA130E - compatible con series HFW6 / HFW10 / HFW4 / HFW5 / HFW9 / HDW9 / HDW8 / HDW7 / HDW6 / T3A / HDW10 / HDPW / T2A / HDW2 / T1A / HDW4. Clave Oficial CT: ACCDAH1470. Marca: CT.,TELEFONIA Y VIDEO VIGILANCIA,telefonia_seguridad,CT,13.07,254.83,407.73,407.73,344.02,344.02,318.54,305.8,https://static.ctonline.mx/imagenes/ACCDAH1470/ACCDAH1470_400.jpg,assets/img/catalog/ACCDAH1470.jpg
ACCDAH600,"Caja de Conexiones DAHUA para Exterior PFA121, IP66, Diseño Estético y Profesional, Aluminio, Compatible con Cámaras Profesionales: HFW5XXXE-Z/ IPC-HFW3XXXE-Z/ entre otras","Caja de Conexiones DAHUA para Exterior PFA121, IP66, Diseño Estético y Profesional, Aluminio, Compatible con Cámaras Profesionales: HFW5XXXE-Z/ IPC-HFW3XXXE-Z/ entre otras. Clave Oficial CT: ACCDAH600. Marca: CT.",TELEFONIA Y VIDEO VIGILANCIA,telefonia_seguridad,CT,7.61,148.47,237.55,237.55,200.43,200.43,185.58,178.16,https://static.ctonline.mx/imagenes/ACCDAH600/ACCDAH600_400.jpg,assets/img/catalog/ACCDAH600.jpg
ACCDAH1030,"Caja de Conexiones para Camaras Dahua DH-PFA12A, Compatible con Camaras Bullet y Domo, Montaje en Pared, Color blanco, Policarbonato","Caja de Conexiones para Camaras Dahua DH-PFA12A, Compatible con Camaras Bullet y Domo, Montaje en Pared, Color blanco, Policarbonato. Clave Oficial CT: ACCDAH1030. Marca: CT.",TELEFONIA Y VIDEO VIGILANCIA,telefonia_seguridad,CT,2.08,40.55,64.88,64.88,54.74,54.74,50.69,48.66,https://static.ctonline.mx/imagenes/ACCDAH1030/ACCDAH1030_400.jpg,assets/img/catalog/ACCDAH1030.jpg
ACCDAH1120,Caja de Conexiones PFA120 /Caja de conexiones para cámaras PTZ compatible con PFB303W / PFB300S / PFB310W / PFB306W / PFB305W / PFW1,Caja de Conexiones PFA120 /Caja de conexiones para cámaras PTZ compatible con PFB303W / PFB300S / PFB310W / PFB306W / PFB305W / PFW1. Clave Oficial CT: ACCDAH1120. Marca: CT.,TELEFONIA Y VIDEO VIGILANCIA,telefonia_seguridad,CT,8.58,167.3,267.68,267.68,225.86,225.86,209.13,200.76,https://static.ctonline.mx/imagenes/ACCDAH1120/ACCDAH1120_400.jpg,assets/img/catalog/ACCDAH1120.jpg
ACCDAH1250,Caja de Conexiones PFA136 /Caja de conexiones para cámaras domo DAHUA,Caja de Conexiones PFA136 /Caja de conexiones para cámaras domo DAHUA. Clave Oficial CT: ACCDAH1250. Marca: CT.,TELEFONIA Y VIDEO VIGILANCIA,telefonia_seguridad,CT,7.98,155.56,248.89,248.89,210.0,210.0,194.45,186.67,https://static.ctonline.mx/imagenes/ACCDAH1250/ACCDAH1250_400.jpg,assets/img/catalog/ACCDAH1250.jpg
ACCDAH2320,"Cerradura Eléctrica Inteligente DHI-ASF601A Cerradura Eléctrica Inteligente con Cierre Automático/ 12 VDC/ Bidireccional (Izquierda o Derecha)/ Aplicaciones en Puerta de Madera, Metal, Emergencia, Etc/ Compatible con Videoporteros y Controles de Acceso/","Cerradura Eléctrica Inteligente DHI-ASF601A Cerradura Eléctrica Inteligente con Cierre Automático/ 12 VDC/ Bidireccional (Izquierda o Derecha)/ Aplicaciones en Puerta de Madera, Metal, Emergencia, Etc/ Compatible con Videoporteros y Controles de Acceso/. Clave Oficial CT: ACCDAH2320. Marca: CT.",TELEFONIA Y VIDEO VIGILANCIA,telefonia_seguridad,CT,28.0,546.0,873.6,873.6,737.1,737.1,682.5,655.2,https://static.ctonline.mx/imagenes/ACCDAH2320/ACCDAH2320_400.jpg,assets/img/catalog/ACCDAH2320.jpg
LECDAH010,"DAHUA ASR1102A-D(V3) - Lectora de Huella y Tarjetas ID/ 125 kHz/ 3,000 Huellas/ Comunicación RS-485/ Reconocimiento de Huella de 360 Grados/ Tiempo de Respuesta <0.5 s/ Indicador de Luz y Sonido/ Luz de Fondo Azul","DAHUA ASR1102A-D(V3) - Lectora de Huella y Tarjetas ID/ 125 kHz/ 3,000 Huellas/ Comunicación RS-485/ Reconocimiento de Huella de 360 Grados/ Tiempo de Respuesta <0.5 s/ Indicador de Luz y Sonido/ Luz de Fondo Azul. Clave Oficial CT: LECDAH010. Marca: DAHUA.",TELEFONIA Y VIDEO VIGILANCIA,telefonia_seguridad,DAHUA,53.65,1046.13,1673.81,1673.81,1412.28,1412.28,1307.66,1255.36,https://static.ctonline.mx/imagenes/LECDAH010/LECDAH010_400.jpg,assets/img/catalog/LECDAH010.jpg
ACCDAH1840,DAHUA ASR1200E-D - Lectora de tarjetas ID 125 Khz / Para exteriores / IP66 / Conexión Wiegand o RS485 / Indicador de luz y sonido,DAHUA ASR1200E-D - Lectora de tarjetas ID 125 Khz / Para exteriores / IP66 / Conexión Wiegand o RS485 / Indicador de luz y sonido. Clave Oficial CT: ACCDAH1840. Marca: DAHUA.,TELEFONIA Y VIDEO VIGILANCIA,telefonia_seguridad,DAHUA,10.28,200.54,320.86,320.86,270.73,270.73,250.67,240.65,https://static.ctonline.mx/imagenes/ACCDAH1840/ACCDAH1840_400.jpg,assets/img/catalog/ACCDAH1840.jpg
ACCDAH2050,DAHUA ASR2101A-D - Lectora de Tarjetas ID con Teclado para Panel de Control de Acceso/ Uso Exterior/ Soporta Comunicación Wiegand y RS-485/ Modos de desbloqueo: Tarjeta y Código/ Alarma Anti-manipulación/ IP66/ Zumbador e Indicador de Aviso,DAHUA ASR2101A-D - Lectora de Tarjetas ID con Teclado para Panel de Control de Acceso/ Uso Exterior/ Soporta Comunicación Wiegand y RS-485/ Modos de desbloqueo: Tarjeta y Código/ Alarma Anti-manipulación/ IP66/ Zumbador e Indicador de Aviso. Clave Oficial CT: ACCDAH2050. Marca: DAHUA.,TELEFONIA Y VIDEO VIGILANCIA,telefonia_seguridad,DAHUA,19.74,384.9,615.85,615.85,519.62,519.62,481.13,461.88,https://static.ctonline.mx/imagenes/ACCDAH2050/ACCDAH2050_400.jpg,assets/img/catalog/ACCDAH2050.jpg
ACCDAH1620,DAHUA DHI-ARA12-W2 -Sirena Inalámbrica Interior / 105 dB +- 3 / 3 Niveles de Volumen / Led Indicador / Alarma de Batería Baja / Medición de Temperatura / Función de Salto de Frecuencia,DAHUA DHI-ARA12-W2 -Sirena Inalámbrica Interior / 105 dB +- 3 / 3 Niveles de Volumen / Led Indicador / Alarma de Batería Baja / Medición de Temperatura / Función de Salto de Frecuencia. Clave Oficial CT: ACCDAH1620. Marca: DAHUA.,TELEFONIA Y VIDEO VIGILANCIA,telefonia_seguridad,DAHUA,32.55,634.64,1015.42,1015.42,856.76,856.76,793.3,761.56,https://static.ctonline.mx/imagenes/ACCDAH1620/ACCDAH1620_400.jpg,assets/img/catalog/ACCDAH1620.jpg
ACCDAH1570,DAHUA DHI-ARA24-W2 - Control Remoto Tipo Llavero de 4 Botones / Armado - Desarmado - En Casa - Emergencia / Función de Salto de Frecuencia / Led Indicador de Estado Color Rojo o Verde,DAHUA DHI-ARA24-W2 - Control Remoto Tipo Llavero de 4 Botones / Armado - Desarmado - En Casa - Emergencia / Función de Salto de Frecuencia / Led Indicador de Estado Color Rojo o Verde. Clave Oficial CT: ACCDAH1570. Marca: DAHUA.,TELEFONIA Y VIDEO VIGILANCIA,telefonia_seguridad,DAHUA,12.22,238.21,381.14,381.14,321.58,321.58,297.76,285.85,https://static.ctonline.mx/imagenes/ACCDAH1570/ACCDAH1570_400.jpg,assets/img/catalog/ACCDAH1570.jpg
ACCDAH1580,DAHUA DHI-ARD1233-W2 - Detector PIR Inalámbrico Interior/ Inmunidad de Mascotas/ Led Indicador/ 3 Niveles de Sensibilidad/ Compensación Automática de Temperatura/ Alarma de Batería Baja,DAHUA DHI-ARD1233-W2 - Detector PIR Inalámbrico Interior/ Inmunidad de Mascotas/ Led Indicador/ 3 Niveles de Sensibilidad/ Compensación Automática de Temperatura/ Alarma de Batería Baja. Clave Oficial CT: ACCDAH1580. Marca: DAHUA.,TELEFONIA Y VIDEO VIGILANCIA,telefonia_seguridad,DAHUA,28.02,546.44,874.31,874.31,737.7,737.7,683.05,655.73,https://static.ctonline.mx/imagenes/ACCDAH1580/ACCDAH1580_400.jpg,assets/img/catalog/ACCDAH1580.jpg
ACCDAH1960,DAHUA DHI-ARD323-W2(S) - Contacto Magnético Inalámbrico Interior/ Diseño Compacto/ 1 Entrada de Contacto Seco / Led Indicador / Alarma de Batería Baja / Detección de Intensidad de Señal / Función de Salto de Frecuencia,DAHUA DHI-ARD323-W2(S) - Contacto Magnético Inalámbrico Interior/ Diseño Compacto/ 1 Entrada de Contacto Seco / Led Indicador / Alarma de Batería Baja / Detección de Intensidad de Señal / Función de Salto de Frecuencia. Clave Oficial CT: ACCDAH1960. Marca: DAHUA.,TELEFONIA Y VIDEO VIGILANCIA,telefonia_seguridad,DAHUA,17.65,344.13,550.61,550.61,464.58,464.58,430.16,412.96,https://static.ctonline.mx/imagenes/ACCDAH1960/ACCDAH1960_400.jpg,assets/img/catalog/ACCDAH1960.jpg
ACCDAH2490,"DAHUA DHI-ARD324-W2(S) Contacto Magnético Inalámbrico Interior, Diseño Compacto, 1 Entrada de Contacto Seco, Led Indicador, Alarma de Batería Baja, Detección de Intensidad de Señal, Función de Salto de Frecuencia.","DAHUA DHI-ARD324-W2(S) Contacto Magnético Inalámbrico Interior, Diseño Compacto, 1 Entrada de Contacto Seco, Led Indicador, Alarma de Batería Baja, Detección de Intensidad de Señal, Función de Salto de Frecuencia.. Clave Oficial CT: ACCDAH2490. Marca: DAHUA.",TELEFONIA Y VIDEO VIGILANCIA,telefonia_seguridad,DAHUA,26.53,517.41,827.86,827.86,698.51,698.51,646.77,620.9,https://static.ctonline.mx/imagenes/ACCDAH2490/ACCDAH2490_400.jpg,assets/img/catalog/ACCDAH2490.jpg
ACCDAH1560,DAHUA DHI-ARD821-W2 - Botón de Pánico Inalámbrico/ Indicador de Estado con Luz Led / IP54 / Alarma de Batería Baja,DAHUA DHI-ARD821-W2 - Botón de Pánico Inalámbrico/ Indicador de Estado con Luz Led / IP54 / Alarma de Batería Baja. Clave Oficial CT: ACCDAH1560. Marca: DAHUA.,TELEFONIA Y VIDEO VIGILANCIA,telefonia_seguridad,DAHUA,12.82,249.95,399.93,399.93,337.44,337.44,312.44,299.95,https://static.ctonline.mx/imagenes/ACCDAH1560/ACCDAH1560_400.jpg,assets/img/catalog/ACCDAH1560.jpg
ACCDAH1920,"DAHUA DHI-ASM101A - Enrolador USB / Soporta Huellas digitales, tarjetas ID (125 Khz.) y Mifare (13.56 MHz.)/ Plug and Play/ Para SmartPSS y DSS Pro","DAHUA DHI-ASM101A - Enrolador USB / Soporta Huellas digitales, tarjetas ID (125 Khz.) y Mifare (13.56 MHz.)/ Plug and Play/ Para SmartPSS y DSS Pro. Clave Oficial CT: ACCDAH1920. Marca: DAHUA.",TELEFONIA Y VIDEO VIGILANCIA,telefonia_seguridad,DAHUA,57.58,1122.8,1796.48,1796.48,1515.78,1515.78,1403.5,1347.36,https://static.ctonline.mx/imagenes/ACCDAH1920/ACCDAH1920_400.jpg,assets/img/catalog/ACCDAH1920.jpg
ACCDAH2060,DAHUA DHI-ASR2101A - Lectora de Tarjetas MiFare con Teclado Touch/ para Password/ Conexión RS-485 y Wiegand/ Leds Rojo y Verde/ Fondo de Luz Azul/,DAHUA DHI-ASR2101A - Lectora de Tarjetas MiFare con Teclado Touch/ para Password/ Conexión RS-485 y Wiegand/ Leds Rojo y Verde/ Fondo de Luz Azul/. Clave Oficial CT: ACCDAH2060. Marca: DAHUA.,TELEFONIA Y VIDEO VIGILANCIA,telefonia_seguridad,DAHUA,28.41,553.98,886.36,886.36,747.87,747.87,692.47,664.77,https://static.ctonline.mx/imagenes/ACCDAH2060/ACCDAH2060_400.jpg,assets/img/catalog/ACCDAH2060.jpg
SOFDAH020,DAHUA DHI-DSSPro8-Door-Channel-License - 1 licencia de control de acceso para DSS Professional V8,DAHUA DHI-DSSPro8-Door-Channel-License - 1 licencia de control de acceso para DSS Professional V8. Clave Oficial CT: SOFDAH020. Marca: DAHUA.,TELEFONIA Y VIDEO VIGILANCIA,telefonia_seguridad,DAHUA,55.23,1076.93,1723.09,1723.09,1453.86,1453.86,1346.16,1292.32,https://static.ctonline.mx/imagenes/SOFDAH020/SOFDAH020_400.jpg,assets/img/catalog/SOFDAH020.jpg
ACCDAH970,DAHUA PFA137 - Caja de conexiones compatible con series / T3A / HDW8 / HDW7 / H dBW4 / SD22 / D3A / H dBW6,DAHUA PFA137 - Caja de conexiones compatible con series / T3A / HDW8 / HDW7 / H dBW4 / SD22 / D3A / H dBW6. Clave Oficial CT: ACCDAH970. Marca: DAHUA.,TELEFONIA Y VIDEO VIGILANCIA,telefonia_seguridad,DAHUA,7.98,155.56,248.89,248.89,210.0,210.0,194.45,186.67,https://static.ctonline.mx/imagenes/ACCDAH970/ACCDAH970_400.jpg,assets/img/catalog/ACCDAH970.jpg
ACCDAH1600,Detector humo Dahua DHI-HY-SA21A-W2 /Detector de Humo Inalámbrico / Sensor Fotoeléctrico de Doble Cámara / Sirena Interna de 85dB / Función de Prueba y Silenciar / Alarma Visual y Sonora / Indicador Led,Detector humo Dahua DHI-HY-SA21A-W2 /Detector de Humo Inalámbrico / Sensor Fotoeléctrico de Doble Cámara / Sirena Interna de 85dB / Función de Prueba y Silenciar / Alarma Visual y Sonora / Indicador Led. Clave Oficial CT: ACCDAH1600. Marca: CT.,TELEFONIA Y VIDEO VIGILANCIA,telefonia_seguridad,CT,46.03,897.66,1436.26,1436.26,1211.85,1211.85,1122.08,1077.2,https://static.ctonline.mx/imagenes/ACCDAH1600/ACCDAH1600_400.jpg,assets/img/catalog/ACCDAH1600.jpg
ACCDAH2610,"DAHUA  HY-SA2FA - Detector Inteligente de Humo WiFi 2.4 GHz, Sensor Fotoeléctrico, Sonido de Alarma de 85dB, Alarma Visual y Audible, Envía Notificaciones en Tiempo Real a APP","DAHUA  HY-SA2FA - Detector Inteligente de Humo WiFi 2.4 GHz, Sensor Fotoeléctrico, Sonido de Alarma de 85dB, Alarma Visual y Audible, Envía Notificaciones en Tiempo Real a APP. Clave Oficial CT: ACCDAH2610. Marca: DAHUA.",TELEFONIA Y VIDEO VIGILANCIA,telefonia_seguridad,DAHUA,17.22,335.71,537.14,537.14,453.21,453.21,419.64,402.85,https://static.ctonline.mx/imagenes/ACCDAH2610/ACCDAH2610_400.jpg,assets/img/catalog/ACCDAH2610.jpg
ACCDAH220,"Inyector PoE Dahua Gigabit DH-PFT1200, HI PoE, Indicador de corriente, soporta conexión en cascada hasta 300 mts, 1 puerto RJ45 10/100/1000 Base-T, 1 puerto RJ45 10/100/1000 Base-T para alimentación de cámaras IP","Inyector PoE Dahua Gigabit DH-PFT1200, HI PoE, Indicador de corriente, soporta conexión en cascada hasta 300 mts, 1 puerto RJ45 10/100/1000 Base-T, 1 puerto RJ45 10/100/1000 Base-T para alimentación de cámaras IP. Clave Oficial CT: ACCDAH220. Marca: CT.",TELEFONIA Y VIDEO VIGILANCIA,telefonia_seguridad,CT,29.09,567.27,907.64,907.64,765.82,765.82,709.09,680.73,https://static.ctonline.mx/imagenes/ACCDAH220/ACCDAH220_400.jpg,assets/img/catalog/ACCDAH220.jpg
ACCDAH620,"Micrófono mini de alta calidad con cancelación de ruido, voltaje de operación DC9V-12V, rango de frecuencia : 200-10 Khz, frecuencia de respuesta: 2.5Db, salida de audio RAC, dimensiones 10 mm, peso de 20 gr. ANXBA09.","Micrófono mini de alta calidad con cancelación de ruido, voltaje de operación DC9V-12V, rango de frecuencia : 200-10 Khz, frecuencia de respuesta: 2.5Db, salida de audio RAC, dimensiones 10 mm, peso de 20 gr. ANXBA09.. Clave Oficial CT: ACCDAH620. Marca: CT.",TELEFONIA Y VIDEO VIGILANCIA,telefonia_seguridad,CT,2.87,56.06,89.7,89.7,75.68,75.68,70.08,67.27,https://static.ctonline.mx/imagenes/ACCDAH620/ACCDAH620_400.jpg,assets/img/catalog/ACCDAH620.jpg
ACCDAH460,"Montaje de Aluminio DH-PFA152-E /Montaje para Poste/ Compatible con Montajes: PFA121, PFA130-E y PFA135","Montaje de Aluminio DH-PFA152-E /Montaje para Poste/ Compatible con Montajes: PFA121, PFA130-E y PFA135. Clave Oficial CT: ACCDAH460. Marca: CT.",TELEFONIA Y VIDEO VIGILANCIA,telefonia_seguridad,CT,10.38,202.31,323.7,323.7,273.12,273.12,252.89,242.77,https://static.ctonline.mx/imagenes/ACCDAH460/ACCDAH460_400.jpg,assets/img/catalog/ACCDAH460.jpg
ACCDAH330,"Montaje de Pared Dahua DH-PFB203W, especial para Cámaras Domo y PTZ,  carga hasta 1KG, Color Blanco, Aluminio.","Montaje de Pared Dahua DH-PFB203W, especial para Cámaras Domo y PTZ,  carga hasta 1KG, Color Blanco, Aluminio.. Clave Oficial CT: ACCDAH330. Marca: CT.",TELEFONIA Y VIDEO VIGILANCIA,telefonia_seguridad,CT,9.24,180.15,288.25,288.25,243.21,243.21,225.19,216.18,https://static.ctonline.mx/imagenes/ACCDAH330/ACCDAH330_400.jpg,assets/img/catalog/ACCDAH330.jpg
ACCDAH1330,Montaje Parapeto DH-PFB303S /Soporte para Montaje en Parapeto/ Giratorio/ Diseño Estético/ Compatible con Cámaras PTZ Dahua de las Series SD59/ SD50/ SD40,Montaje Parapeto DH-PFB303S /Soporte para Montaje en Parapeto/ Giratorio/ Diseño Estético/ Compatible con Cámaras PTZ Dahua de las Series SD59/ SD50/ SD40. Clave Oficial CT: ACCDAH1330. Marca: CT.,TELEFONIA Y VIDEO VIGILANCIA,telefonia_seguridad,CT,95.06,1853.61,2965.77,2965.77,2502.37,2502.37,2317.01,2224.33,https://static.ctonline.mx/imagenes/ACCDAH1330/ACCDAH1330_400.jpg,assets/img/catalog/ACCDAH1330.jpg
ACCDAH1890,Panel de Alarma DHI-ARC3000H-W2 /Panel de Alarma Inalámbrico con Comunicación Wifi y Ethernet/ Soporta Hasta 150 Dispositivos (6 Sirenas y 64 Controles)/ Batería de Litio y Zumbador Integrado/ Luz Indicadora de Estado/ Enlace Por App,Panel de Alarma DHI-ARC3000H-W2 /Panel de Alarma Inalámbrico con Comunicación Wifi y Ethernet/ Soporta Hasta 150 Dispositivos (6 Sirenas y 64 Controles)/ Batería de Litio y Zumbador Integrado/ Luz Indicadora de Estado/ Enlace Por App. Clave Oficial CT: ACCDAH1890. Marca: CT.,TELEFONIA Y VIDEO VIGILANCIA,telefonia_seguridad,CT,73.01,1423.72,2277.95,2277.95,1922.02,1922.02,1779.65,1708.47,https://static.ctonline.mx/imagenes/ACCDAH1890/ACCDAH1890_400.jpg,assets/img/catalog/ACCDAH1890.jpg
ACCDAH650,"Par de transceptores pasivo 4 en 1 compatible con cámaras de seguridad 960H, 720p, 1080P,4 mp,   transmisión UTP cat 5, cat 6, distancia de trasmisión 300 mts, no requiere alimentación (PFM800-E)","Par de transceptores pasivo 4 en 1 compatible con cámaras de seguridad 960H, 720p, 1080P,4 mp,   transmisión UTP cat 5, cat 6, distancia de trasmisión 300 mts, no requiere alimentación (PFM800-E). Clave Oficial CT: ACCDAH650. Marca: CT.",TELEFONIA Y VIDEO VIGILANCIA,telefonia_seguridad,CT,1.73,33.68,53.89,53.89,45.47,45.47,42.1,40.42,https://static.ctonline.mx/imagenes/ACCDAH650/ACCDAH650_400.jpg,assets/img/catalog/ACCDAH650.jpg
ACCDAH2620,DAHUA PFM900-E - Probador de Video IP y HDCVI/ Soporta H.264 y H.265/ Soporta Control PTZ & Probador de Audio/ Soporta Prueba de Cable de Red/ Multimetro Digital/ Salida Poe 802.3at y Salida de 12v 2Amp,DAHUA PFM900-E - Probador de Video IP y HDCVI/ Soporta H.264 y H.265/ Soporta Control PTZ & Probador de Audio/ Soporta Prueba de Cable de Red/ Multimetro Digital/ Salida Poe 802.3at y Salida de 12v 2Amp. Clave Oficial CT: ACCDAH2620. Marca: DAHUA.,TELEFONIA Y VIDEO VIGILANCIA,telefonia_seguridad,DAHUA,421.17,8212.82,13140.52,13140.52,11087.31,11087.31,10266.03,9855.39,https://static.ctonline.mx/imagenes/ACCDAH2620/ACCDAH2620_400.jpg,assets/img/catalog/ACCDAH2620.jpg
ACCDAH1850,"Tarjeta MIFARE IC-S50 Tarjeta MIFARE 13.56 MHz/ S50/ PVC Imprimible por Ambos Lados/ 0,88mm de Grosor/ 1 KByte/ Para Control de Acceso, Identificaciones Corporativas, Transporte Urbano/ Lectura/Escritura","Tarjeta MIFARE IC-S50 Tarjeta MIFARE 13.56 MHz/ S50/ PVC Imprimible por Ambos Lados/ 0,88mm de Grosor/ 1 KByte/ Para Control de Acceso, Identificaciones Corporativas, Transporte Urbano/ Lectura/Escritura. Clave Oficial CT: ACCDAH1850. Marca: CT.",TELEFONIA Y VIDEO VIGILANCIA,telefonia_seguridad,CT,0.82,15.95,25.53,25.53,21.54,21.54,19.94,19.15,https://static.ctonline.mx/imagenes/ACCDAH1850/ACCDAH1850_400.jpg,assets/img/catalog/ACCDAH1850.jpg
ACCDAH2460,Teclado Inalámbrico DHI-ARK30T-W2 Teclado Inalámbrico Interior Touch para Armado y Desarmado / Soporta hasta 32 usuarios con Pin o Tarjetas Mifare / Indicadores Led de Status del Panel / Alarma de Batería Baja,Teclado Inalámbrico DHI-ARK30T-W2 Teclado Inalámbrico Interior Touch para Armado y Desarmado / Soporta hasta 32 usuarios con Pin o Tarjetas Mifare / Indicadores Led de Status del Panel / Alarma de Batería Baja. Clave Oficial CT: ACCDAH2460. Marca: CT.,TELEFONIA Y VIDEO VIGILANCIA,telefonia_seguridad,CT,42.64,831.41,1330.25,1330.25,1122.4,1122.4,1039.26,997.69,https://static.ctonline.mx/imagenes/ACCDAH2460/ACCDAH2460_400.jpg,assets/img/catalog/ACCDAH2460.jpg
ACCDAH1610,Teclado Numérico Inalámbrico DHI-ARK30T-W2 /teclado Inalámbrico Interior Touch para Armado y Desarmado / Soporta hasta 32 usuarios con Pin o Tarjetas Mifare / Indicadores Led de Status del Panel / Alarma de Batería Baja,Teclado Numérico Inalámbrico DHI-ARK30T-W2 /teclado Inalámbrico Interior Touch para Armado y Desarmado / Soporta hasta 32 usuarios con Pin o Tarjetas Mifare / Indicadores Led de Status del Panel / Alarma de Batería Baja. Clave Oficial CT: ACCDAH1610. Marca: CT.,TELEFONIA Y VIDEO VIGILANCIA,telefonia_seguridad,CT,42.64,831.41,1330.25,1330.25,1122.4,1122.4,1039.26,997.69,https://static.ctonline.mx/imagenes/ACCDAH1610/ACCDAH1610_400.jpg,assets/img/catalog/ACCDAH1610.jpg
ACCDAH560,Transceptor pasivo saxxon para HDCVI (UTP101PVHD12) transceptor pasivo corriente y video HDCVI/ TVI/ AHD/ CVBS/ TRANSMISION DE ENERGIA/ 300 M A 720P/ 150 M A 1080P/ 150 M A 4MP,Transceptor pasivo saxxon para HDCVI (UTP101PVHD12) transceptor pasivo corriente y video HDCVI/ TVI/ AHD/ CVBS/ TRANSMISION DE ENERGIA/ 300 M A 720P/ 150 M A 1080P/ 150 M A 4MP. Clave Oficial CT: ACCDAH560. Marca: CT.,TELEFONIA Y VIDEO VIGILANCIA,telefonia_seguridad,CT,6.27,122.32,195.71,195.71,165.13,165.13,152.9,146.78,https://static.ctonline.mx/imagenes/ACCDAH560/ACCDAH560_400.jpg,assets/img/catalog/ACCDAH560.jpg
ACCDAH820,"VIDEO BALUN DAHUA PFM8004K - Par de transceptores pasivos HDCVI 4K / 6 MP / 4 MP / Transmision de video 200 metros / 250 Metros 1080p / 400 Metros 720p, 1 año de garantia.","VIDEO BALUN DAHUA PFM8004K - Par de transceptores pasivos HDCVI 4K / 6 MP / 4 MP / Transmision de video 200 metros / 250 Metros 1080p / 400 Metros 720p, 1 año de garantia.. Clave Oficial CT: ACCDAH820. Marca: CT.",TELEFONIA Y VIDEO VIGILANCIA,telefonia_seguridad,CT,2.48,48.31,77.29,77.29,65.21,65.21,60.38,57.97,https://static.ctonline.mx/imagenes/ACCDAH820/ACCDAH820_400.jpg,assets/img/catalog/ACCDAH820.jpg
ACCDAH2810,"Torniquete bidireccional DAHUA DHI-ASGG120T desbloqueo ajustable y capacidad de 20-30 personas/minuto. Ideal para interior y exterior protegido, con durabilidad de 1 millón de ciclos para un control de acceso confiable.","Torniquete bidireccional DAHUA DHI-ASGG120T desbloqueo ajustable y capacidad de 20-30 personas/minuto. Ideal para interior y exterior protegido, con durabilidad de 1 millón de ciclos para un control de acceso confiable.. Clave Oficial CT: ACCDAH2810. Marca: CT.",TELEFONIA Y VIDEO VIGILANCIA,telefonia_seguridad,CT,364.01,7098.22,11357.15,11357.15,9582.6,9582.6,8872.78,8517.87,https://static.ctonline.mx/imagenes/ACCDAH2810/ACCDAH2810_400.jpg,assets/img/catalog/ACCDAH2810.jpg
ACCDAH2510,PROBADOR VIDEO IP/HDCVI DH-PFM907-E Probador de Video IP y HDCVI/ Soporta Compresión de Video H.265 y H.264/ Control PTZ/ Soporta Audio/ Multímetro Integrado/ Probador de Red/ Probador de Señal Wifi/ Soporta Protocolo Onvif/ Salida de 12V 2 Amp para Cámara/ Basado en Linux,PROBADOR VIDEO IP/HDCVI DH-PFM907-E Probador de Video IP y HDCVI/ Soporta Compresión de Video H.265 y H.264/ Control PTZ/ Soporta Audio/ Multímetro Integrado/ Probador de Red/ Probador de Señal Wifi/ Soporta Protocolo Onvif/ Salida de 12V 2 Amp para Cámara/ Basado en Linux. Clave Oficial CT: ACCDAH2510. Marca: CT.,TELEFONIA Y VIDEO VIGILANCIA,telefonia_seguridad,CT,738.64,14403.41,23045.45,23045.45,19444.6,19444.6,18004.26,17284.09,https://static.ctonline.mx/imagenes/ACCDAH2510/ACCDAH2510_400.jpg,assets/img/catalog/ACCDAH2510.jpg
ACCDAH2440,"Control de Asistencia Stand Alone DHI-ASA1222GL Control de Asistencia Stand Alone / 1000 Usuarios, Passwords y Tarjetas ID/ 2000 Huellas/ 100,000 Registros de Asistencias/ Protocolos TCP/IP/UDP/IPv4/ USB p/Exportar Registros/ Horarios","Control de Asistencia Stand Alone DHI-ASA1222GL Control de Asistencia Stand Alone / 1000 Usuarios, Passwords y Tarjetas ID/ 2000 Huellas/ 100,000 Registros de Asistencias/ Protocolos TCP/IP/UDP/IPv4/ USB p/Exportar Registros/ Horarios. Clave Oficial CT: ACCDAH2440. Marca: CT.",TELEFONIA Y VIDEO VIGILANCIA,telefonia_seguridad,CT,39.6,772.24,1235.59,1235.59,1042.53,1042.53,965.31,926.69,https://static.ctonline.mx/imagenes/ACCDAH2440/ACCDAH2440_400.jpg,assets/img/catalog/ACCDAH2440.jpg
PANDAH050,"DAHUA DHI-ASC2202B(T) - Panel de Control de Acceso para 2 Puertas 2 Lectoras/ Compatible con Torniquetes Dahua/ TCP/IP/ Comunicación RS-458 y Wiegand/ 100,000 Usuarios y 500,000 Registros/ Soporta Interlock, Anti-passback, Desbloqueo Remoto","DAHUA DHI-ASC2202B(T) - Panel de Control de Acceso para 2 Puertas 2 Lectoras/ Compatible con Torniquetes Dahua/ TCP/IP/ Comunicación RS-458 y Wiegand/ 100,000 Usuarios y 500,000 Registros/ Soporta Interlock, Anti-passback, Desbloqueo Remoto. Clave Oficial CT: PANDAH050. Marca: DAHUA.",TELEFONIA Y VIDEO VIGILANCIA,telefonia_seguridad,DAHUA,67.51,1316.47,2106.35,2106.35,1777.24,1777.24,1645.59,1579.77,https://static.ctonline.mx/imagenes/PANDAH050/PANDAH050_400.jpg,assets/img/catalog/PANDAH050.jpg
ACCDAH2020,"DAHUA ASA1222G - Control de Asistencia StandAlone con Batería Incluida/ 1,000 Usuarios, Passwords y Tarjetas Mifare (IC Card)/ 2,000 Huellas/100,000 Registros/ 24 Periodos de Asistencia y 20 Departamentos/ Comunicación TCP/IP/ Puerto USB/","DAHUA ASA1222G - Control de Asistencia StandAlone con Batería Incluida/ 1,000 Usuarios, Passwords y Tarjetas Mifare (IC Card)/ 2,000 Huellas/100,000 Registros/ 24 Periodos de Asistencia y 20 Departamentos/ Comunicación TCP/IP/ Puerto USB/. Clave Oficial CT: ACCDAH2020. Marca: DAHUA.",TELEFONIA Y VIDEO VIGILANCIA,telefonia_seguridad,DAHUA,75.92,1480.45,2368.72,2368.72,1998.61,1998.61,1850.56,1776.54,https://static.ctonline.mx/imagenes/ACCDAH2020/ACCDAH2020_400.jpg,assets/img/catalog/ACCDAH2020.jpg
ACCDAH2520,"Control de Acceso Antivandálico Dahua para Exterior, DHI-ASI1202M-D, 3,000 Huellas, 30,000 Tarjetas ID, 150,000 Registros, Metálico, TCP, IP, Protección IK10 e IP65, E&S de Alarma, RS-485 y Wiegand, Soporta Lectora Adicional.","Control de Acceso Antivandálico Dahua para Exterior, DHI-ASI1202M-D, 3,000 Huellas, 30,000 Tarjetas ID, 150,000 Registros, Metálico, TCP, IP, Protección IK10 e IP65, E&S de Alarma, RS-485 y Wiegand, Soporta Lectora Adicional.. Clave Oficial CT: ACCDAH2520. Marca: CT.",TELEFONIA Y VIDEO VIGILANCIA,telefonia_seguridad,CT,79.28,1546.04,2473.66,2473.66,2087.15,2087.15,1932.55,1855.25,https://static.ctonline.mx/imagenes/ACCDAH2520/ACCDAH2520_400.jpg,assets/img/catalog/ACCDAH2520.jpg
ACCDAH2010,"DAHUA ASA1222GL-D - Control de Asistencia Stand Alone con Batería Incluida/ 1000 Usuarios, Passwords y Tarjetas ID/ 2000 Huellas/ 100,000 Registros de Asistencias/ Protocolos TCP/IP/UDP/IPv4/ USB p/Exportar Registros/ Horarios","DAHUA ASA1222GL-D - Control de Asistencia Stand Alone con Batería Incluida/ 1000 Usuarios, Passwords y Tarjetas ID/ 2000 Huellas/ 100,000 Registros de Asistencias/ Protocolos TCP/IP/UDP/IPv4/ USB p/Exportar Registros/ Horarios. Clave Oficial CT: ACCDAH2010. Marca: DAHUA.",TELEFONIA Y VIDEO VIGILANCIA,telefonia_seguridad,DAHUA,48.24,940.65,1505.05,1505.05,1269.88,1269.88,1175.82,1128.78,https://static.ctonline.mx/imagenes/ACCDAH2010/ACCDAH2010_400.jpg,assets/img/catalog/ACCDAH2010.jpg
ACCDAH2070,"DAHUA ASI1201E-D - Control de Acceso Independiente con Teclado Touch y Tarjetas ID/ 30,000 Usuarios, 60,000 Registros/ TCP/IP/ Soporta Lectora Esclavo por Wiegand y RS-485/ Uso Exterior IP66/ Desbloqueo con Tarjeta, Pasword o Combinación/","DAHUA ASI1201E-D - Control de Acceso Independiente con Teclado Touch y Tarjetas ID/ 30,000 Usuarios, 60,000 Registros/ TCP/IP/ Soporta Lectora Esclavo por Wiegand y RS-485/ Uso Exterior IP66/ Desbloqueo con Tarjeta, Pasword o Combinación/. Clave Oficial CT: ACCDAH2070. Marca: DAHUA.",TELEFONIA Y VIDEO VIGILANCIA,telefonia_seguridad,DAHUA,38.01,741.22,1185.95,1185.95,1000.65,1000.65,926.53,889.47,https://static.ctonline.mx/imagenes/ACCDAH2070/ACCDAH2070_400.jpg,assets/img/catalog/ACCDAH2070.jpg
ACCDAH1830,"DAHUA ASI1212F-D - Control de Acceso Touch/ 3,000 Huellas/ 30,000 Tarjetas ID/ 30,000 Passwords/ 150,000 Registros/ Apertura Remota desde APP/ Tiempo de lectura de 1.5 s/ TCP/IP/ E&S de Alarma/ Botón de Apertura","DAHUA ASI1212F-D - Control de Acceso Touch/ 3,000 Huellas/ 30,000 Tarjetas ID/ 30,000 Passwords/ 150,000 Registros/ Apertura Remota desde APP/ Tiempo de lectura de 1.5 s/ TCP/IP/ E&S de Alarma/ Botón de Apertura. Clave Oficial CT: ACCDAH1830. Marca: DAHUA.",TELEFONIA Y VIDEO VIGILANCIA,telefonia_seguridad,DAHUA,101.25,1974.38,3159.0,3159.0,2665.41,2665.41,2467.97,2369.25,https://static.ctonline.mx/imagenes/ACCDAH1830/ACCDAH1830_400.jpg,assets/img/catalog/ACCDAH1830.jpg
CONDAH010,"DAHUA ASI2212H-W - Control de Acceso Exterior IP65/ 3,000 Huellas/ 30,000 Tarjetas Mifare y Passwords/ 150,000 Eventos/ Diseño Delgado y Elegante/ Desbloqueo Remoto/ TCP/IP/ AutoRegistro/ P2P/ Función de Timbre","DAHUA ASI2212H-W - Control de Acceso Exterior IP65/ 3,000 Huellas/ 30,000 Tarjetas Mifare y Passwords/ 150,000 Eventos/ Diseño Delgado y Elegante/ Desbloqueo Remoto/ TCP/IP/ AutoRegistro/ P2P/ Función de Timbre. Clave Oficial CT: CONDAH010. Marca: DAHUA.",TELEFONIA Y VIDEO VIGILANCIA,telefonia_seguridad,DAHUA,124.68,2431.3,3890.07,3890.07,3282.25,3282.25,3039.12,2917.55,https://static.ctonline.mx/imagenes/CONDAH010/CONDAH010_400.jpg,assets/img/catalog/CONDAH010.jpg
ACCDAH2470,"Maleta de Demostración, DHI-ESL Sample-A1, Etiquetas, Poe,","Maleta de Demostración, DHI-ESL Sample-A1, Etiquetas, Poe,. Clave Oficial CT: ACCDAH2470. Marca: CT.",TELEFONIA Y VIDEO VIGILANCIA,telefonia_seguridad,CT,332.45,6482.86,10372.58,10372.58,8751.87,8751.87,8103.58,7779.44,https://static.ctonline.mx/imagenes/ACCDAH2470/ACCDAH2470_400.jpg,assets/img/catalog/ACCDAH2470.jpg
ACCDAH2480,"Maleta de Demostración, DHI-ESL Sample-B2, Soportes, Rieles para Etiquetas.","Maleta de Demostración, DHI-ESL Sample-B2, Soportes, Rieles para Etiquetas.. Clave Oficial CT: ACCDAH2480. Marca: CT.",TELEFONIA Y VIDEO VIGILANCIA,telefonia_seguridad,CT,37.64,733.91,1174.25,1174.25,990.78,990.78,917.39,880.69,https://static.ctonline.mx/imagenes/ACCDAH2480/ACCDAH2480_400.jpg,assets/img/catalog/ACCDAH2480.jpg
CABDAH130,"Cable DAHUA MCNU-GXF4-GXM4-12 - Cable extensor tipo aviación de 12 Metros, Para transmisión de video y audio analogico,Conectores M12 hembra a M12 macho, 4 Pines, Especial para DVR Movil.","Cable DAHUA MCNU-GXF4-GXM4-12 - Cable extensor tipo aviación de 12 Metros, Para transmisión de video y audio analogico,Conectores M12 hembra a M12 macho, 4 Pines, Especial para DVR Movil.. Clave Oficial CT: CABDAH130. Marca: CT.",TELEFONIA Y VIDEO VIGILANCIA,telefonia_seguridad,CT,9.33,181.93,291.08,291.08,245.6,245.6,227.41,218.31,https://static.ctonline.mx/imagenes/CABDAH130/CABDAH130_400.jpg,assets/img/catalog/CABDAH130.jpg
CABDAH220,Cable 10 Metros 8GB DH-PFM942I-10-5 Cable de 10 Metros Armado para Video y Energía/ Para Cámaras Hasta 4k/ con Conectores BNC y de Energía/ Uso Exterior e Interior/ Cobre de Alta Pureza/ Soporta: AHD/CVI/TVI/CVBS,Cable 10 Metros 8GB DH-PFM942I-10-5 Cable de 10 Metros Armado para Video y Energía/ Para Cámaras Hasta 4k/ con Conectores BNC y de Energía/ Uso Exterior e Interior/ Cobre de Alta Pureza/ Soporta: AHD/CVI/TVI/CVBS. Clave Oficial CT: CABDAH220. Marca: CT.,TELEFONIA Y VIDEO VIGILANCIA,telefonia_seguridad,CT,3.73,72.68,116.29,116.29,98.12,98.12,90.85,87.22,https://static.ctonline.mx/imagenes/CABDAH220/CABDAH220_400.jpg,assets/img/catalog/CABDAH220.jpg
CABDAH200,DAHUA PFM920I-6UN-C-100 - Bobina de 100 Mts de Cable UTP Cat6/ 100% Cobre/ Color Blanco/ Cubierta Retardante de Flama con Certificación CE CPR Eca/ Ideal para Video y Redes,DAHUA PFM920I-6UN-C-100 - Bobina de 100 Mts de Cable UTP Cat6/ 100% Cobre/ Color Blanco/ Cubierta Retardante de Flama con Certificación CE CPR Eca/ Ideal para Video y Redes. Clave Oficial CT: CABDAH200. Marca: DAHUA.,TELEFONIA Y VIDEO VIGILANCIA,telefonia_seguridad,DAHUA,36.28,707.54,1132.06,1132.06,955.18,955.18,884.42,849.05,https://static.ctonline.mx/imagenes/CABDAH200/CABDAH200_400.jpg,assets/img/catalog/CABDAH200.jpg
CABDAH210,DAHUA PFM920-6U - Bobina de Cable UTP para Exterior Cat6/ 100% Cobre/ 305 metros/ Color Negro/ Cubierta Exterior MDPE/ Cumple con Estándares ANSI/TIA 568-C.2/ RoSH/ Retardante de Flama,DAHUA PFM920-6U - Bobina de Cable UTP para Exterior Cat6/ 100% Cobre/ 305 metros/ Color Negro/ Cubierta Exterior MDPE/ Cumple con Estándares ANSI/TIA 568-C.2/ RoSH/ Retardante de Flama. Clave Oficial CT: CABDAH210. Marca: DAHUA.,TELEFONIA Y VIDEO VIGILANCIA,telefonia_seguridad,DAHUA,135.51,2642.47,4227.95,4227.95,3567.34,3567.34,3303.09,3170.97,https://static.ctonline.mx/imagenes/CABDAH210/CABDAH210_400.jpg,assets/img/catalog/CABDAH210.jpg
CABDAH180,PFM920-5EU Bobina de Cable UTP para Exterior Cat5e/ 100% Cobre/ 305 Metros/ Color Negro/ Cubierta Exterior MDPE/ Cumple con Estándares ANSI/TIA 568-C.2/ Retardante de Llama/ RoHS,PFM920-5EU Bobina de Cable UTP para Exterior Cat5e/ 100% Cobre/ 305 Metros/ Color Negro/ Cubierta Exterior MDPE/ Cumple con Estándares ANSI/TIA 568-C.2/ Retardante de Llama/ RoHS. Clave Oficial CT: CABDAH180. Marca: CT.,TELEFONIA Y VIDEO VIGILANCIA,telefonia_seguridad,CT,98.32,1917.2,3067.53,3067.53,2588.23,2588.23,2396.51,2300.65,https://static.ctonline.mx/imagenes/CABDAH180/CABDAH180_400.jpg,assets/img/catalog/CABDAH180.jpg
CABDAH020,"Cable de Video y Energía Dahua 20 Mts, DH-PFM942I-20-5, conectores BNC Macho, 1 conector macho y 1 conector hembra de energía, forro de PVC, Para cámaras análogas hasta 5.6W","Cable de Video y Energía Dahua 20 Mts, DH-PFM942I-20-5, conectores BNC Macho, 1 conector macho y 1 conector hembra de energía, forro de PVC, Para cámaras análogas hasta 5.6W. Clave Oficial CT: CABDAH020. Marca: CT.",TELEFONIA Y VIDEO VIGILANCIA,telefonia_seguridad,CT,3.94,76.89,123.03,123.03,103.8,103.8,96.12,92.27,https://static.ctonline.mx/imagenes/CABDAH020/CABDAH020_400.jpg,assets/img/catalog/CABDAH020.jpg
CABDAH090,"Cable DAHUA 50 mts DH-PFM942I-50-5, Armado para Video y Energía, con Conectores BNC y de Energía, Para Camaras Hasta 4k, Soporta: AHD/CVI/TVI/CVBS/ Uso Exterior e Interior con cobre de Alta Pureza","Cable DAHUA 50 mts DH-PFM942I-50-5, Armado para Video y Energía, con Conectores BNC y de Energía, Para Camaras Hasta 4k, Soporta: AHD/CVI/TVI/CVBS/ Uso Exterior e Interior con cobre de Alta Pureza. Clave Oficial CT: CABDAH090. Marca: CT.",TELEFONIA Y VIDEO VIGILANCIA,telefonia_seguridad,CT,9.72,189.46,303.14,303.14,255.77,255.77,236.83,227.35,https://static.ctonline.mx/imagenes/CABDAH090/CABDAH090_400.jpg,assets/img/catalog/CABDAH090.jpg
ACCDAH1630,"Bobina de cable UTP Saxxon Categoría 6 OUTPCAT6GCOPEXT, 305 metros, 100% cobre con Gel, color Negro, Uso Exterior, Ideal para cableado de redes y video.","Bobina de cable UTP Saxxon Categoría 6 OUTPCAT6GCOPEXT, 305 metros, 100% cobre con Gel, color Negro, Uso Exterior, Ideal para cableado de redes y video.. Clave Oficial CT: ACCDAH1630. Marca: CT.",TELEFONIA Y VIDEO VIGILANCIA,telefonia_seguridad,CT,147.06,2867.61,4588.17,4588.17,3871.27,3871.27,3584.51,3441.13,https://static.ctonline.mx/imagenes/ACCDAH1630/ACCDAH1630_400.jpg,assets/img/catalog/ACCDAH1630.jpg
CAMDAH5990,"Cámara IMOU IPC-K9DCN-3T0WE/FSP12-T IP PT de 3MP con WiFi, con batería, panel solar incluido, lente de 2.8mm, audio bidireccional","Cámara IMOU IPC-K9DCN-3T0WE/FSP12-T IP PT de 3MP con WiFi, con batería, panel solar incluido, lente de 2.8mm, audio bidireccional. Clave Oficial CT: CAMDAH5990. Marca: CT.",TELEFONIA Y VIDEO VIGILANCIA,telefonia_seguridad,CT,71.6,1396.24,2233.99,2233.99,1884.93,1884.93,1745.31,1675.49,https://static.ctonline.mx/imagenes/CAMDAH5990/CAMDAH5990_400.jpg,assets/img/catalog/CAMDAH5990.jpg
CAMIMO010,"Cámara IMOU modelo PT IPC-K7CN-3H1WE, IP PT de 3MP con WiFi ofrece Full Color, audio bidireccional, 30m, micrófono y altavoz","Cámara IMOU modelo PT IPC-K7CN-3H1WE, IP PT de 3MP con WiFi ofrece Full Color, audio bidireccional, 30m, micrófono y altavoz. Clave Oficial CT: CAMIMO010. Marca: CT.",TELEFONIA Y VIDEO VIGILANCIA,telefonia_seguridad,CT,32.85,640.62,1024.99,1024.99,864.84,864.84,800.77,768.74,https://static.ctonline.mx/imagenes/CAMIMO010/CAMIMO010_400.jpg,assets/img/catalog/CAMIMO010.jpg
CAMIMO020,"Cámara IMOU BALA 3MP modelo IPC-K3DN-3H0WF, IP Bullet WiFi de 3MP cuenta con micrófono integrado, 102° de visión, H.265, lente de 2.8mm, detección de humanos, IR 30m, IP67 y ranura MicroSD","Cámara IMOU BALA 3MP modelo IPC-K3DN-3H0WF, IP Bullet WiFi de 3MP cuenta con micrófono integrado, 102° de visión, H.265, lente de 2.8mm, detección de humanos, IR 30m, IP67 y ranura MicroSD. Clave Oficial CT: CAMIMO020. Marca: CT.",TELEFONIA Y VIDEO VIGILANCIA,telefonia_seguridad,CT,24.19,471.77,754.83,754.83,636.89,636.89,589.71,566.12,https://static.ctonline.mx/imagenes/CAMIMO020/CAMIMO020_400.jpg,assets/img/catalog/CAMIMO020.jpg
CAMIMO030,"Cámara IMOU PT DUAL PT modelo IPC-S7XN-8M0WED P PT Wifi Dual de 8MP con lente fijo y PT de 3MP, visión nocturna de 30m, micrófono y altavoz integrados, audio bidireccional y inteligencia artificial","Cámara IMOU PT DUAL PT modelo IPC-S7XN-8M0WED P PT Wifi Dual de 8MP con lente fijo y PT de 3MP, visión nocturna de 30m, micrófono y altavoz integrados, audio bidireccional y inteligencia artificial. Clave Oficial CT: CAMIMO030. Marca: CT.",TELEFONIA Y VIDEO VIGILANCIA,telefonia_seguridad,CT,53.35,1040.37,1664.59,1664.59,1404.5,1404.5,1300.46,1248.44,https://static.ctonline.mx/imagenes/CAMIMO030/CAMIMO030_400.jpg,assets/img/catalog/CAMIMO030.jpg
CAMIMO040,"Cámara IMOU PT 3MP modelo IPC-GS7EN-3M0WE, IP PT WiFi de 3MP, Full Color, con IMOU SENSE, audio bidireccional, sirena de 110dB, seguimiento inteligente, detección avanzada, IP66 y ranura MicroSD","Cámara IMOU PT 3MP modelo IPC-GS7EN-3M0WE, IP PT WiFi de 3MP, Full Color, con IMOU SENSE, audio bidireccional, sirena de 110dB, seguimiento inteligente, detección avanzada, IP66 y ranura MicroSD. Clave Oficial CT: CAMIMO040. Marca: CT.",TELEFONIA Y VIDEO VIGILANCIA,telefonia_seguridad,CT,45.92,895.45,1432.72,1432.72,1208.86,1208.86,1119.31,1074.54,https://static.ctonline.mx/imagenes/CAMIMO040/CAMIMO040_400.jpg,assets/img/catalog/CAMIMO040.jpg
CAMIMO050,"Cámara IMOU PT  5MP modelo IPC-S2VN-5M0WR, IP PT Wifi de 5 Megapíxeles Modo de privacidad Videollamada con un solo toque Disuasión activa Alarmas de reloj detección de personas y mascotas Audio bidireccional","Cámara IMOU PT  5MP modelo IPC-S2VN-5M0WR, IP PT Wifi de 5 Megapíxeles Modo de privacidad Videollamada con un solo toque Disuasión activa Alarmas de reloj detección de personas y mascotas Audio bidireccional. Clave Oficial CT: CAMIMO050. Marca: CT.",TELEFONIA Y VIDEO VIGILANCIA,telefonia_seguridad,CT,49.42,963.7,1541.92,1541.92,1300.99,1300.99,1204.62,1156.44,https://static.ctonline.mx/imagenes/CAMIMO050/CAMIMO050_400.jpg,assets/img/catalog/CAMIMO050.jpg
CAMIMO060,"Cámara IMOU BULLET 3 MP modelo IPC-S3EN-3M0WE, IP Bullet WiFi de 3MP, Full Color, con IMOU Sense, visión nocturna inteligente, audio bidireccional, disuasión activa, 108° de visión, IR 30m, H.265, IP67 y ranura MicroSD.","Cámara IMOU BULLET 3 MP modelo IPC-S3EN-3M0WE, IP Bullet WiFi de 3MP, Full Color, con IMOU Sense, visión nocturna inteligente, audio bidireccional, disuasión activa, 108° de visión, IR 30m, H.265, IP67 y ranura MicroSD.. Clave Oficial CT: CAMIMO060. Marca: CT.",TELEFONIA Y VIDEO VIGILANCIA,telefonia_seguridad,CT,44.83,874.18,1398.68,1398.68,1180.14,1180.14,1092.72,1049.01,https://static.ctonline.mx/imagenes/CAMIMO060/CAMIMO060_400.jpg,assets/img/catalog/CAMIMO060.jpg
CAMIMO080,"Cámara IMOU IPC-S2CN-3R1S - Ranger 2C Pro 3MP, Detección de sonidos humanos, de mascotas y anormales Llamada con un solo toque con sonido más alto Visión nocturna inteligente a todo color Wi-Fi 6 de doble banda","Cámara IMOU IPC-S2CN-3R1S - Ranger 2C Pro 3MP, Detección de sonidos humanos, de mascotas y anormales Llamada con un solo toque con sonido más alto Visión nocturna inteligente a todo color Wi-Fi 6 de doble banda. Clave Oficial CT: CAMIMO080. Marca: CT.",TELEFONIA Y VIDEO VIGILANCIA,telefonia_seguridad,CT,20.78,405.29,648.46,648.46,547.14,547.14,506.61,486.35,https://static.ctonline.mx/imagenes/CAMIMO080/CAMIMO080_400.jpg,assets/img/catalog/CAMIMO080.jpg
CAMIMO090,"Cámara IMOU IPC-S2CN-5R1S - Ranger 2C Pro 5MP - Detección de sonidos humanos, de mascotas y anormales Llamada con un solo toque con sonido más alto Visión nocturna inteligente a todo color Wi-Fi 6 de doble banda","Cámara IMOU IPC-S2CN-5R1S - Ranger 2C Pro 5MP - Detección de sonidos humanos, de mascotas y anormales Llamada con un solo toque con sonido más alto Visión nocturna inteligente a todo color Wi-Fi 6 de doble banda. Clave Oficial CT: CAMIMO090. Marca: CT.",TELEFONIA Y VIDEO VIGILANCIA,telefonia_seguridad,CT,23.5,458.25,733.2,733.2,618.64,618.64,572.81,549.9,https://static.ctonline.mx/imagenes/CAMIMO090/CAMIMO090_400.jpg,assets/img/catalog/CAMIMO090.jpg
CAMIMO100,"Cámara IMOU Cruiser SE+ 5MP (IPC-K7CN-5H1WE) - Cámara IP PT de 5MP con WiFi Full Color, audio bidireccional, IR 30m, micrófono y altavoz integrados, disuasión activa sirena 110dB, autotracking, ranura MicroSD e IP66","Cámara IMOU Cruiser SE+ 5MP (IPC-K7CN-5H1WE) - Cámara IP PT de 5MP con WiFi Full Color, audio bidireccional, IR 30m, micrófono y altavoz integrados, disuasión activa sirena 110dB, autotracking, ranura MicroSD e IP66. Clave Oficial CT: CAMIMO100. Marca: CT.",TELEFONIA Y VIDEO VIGILANCIA,telefonia_seguridad,CT,42.28,824.54,1319.26,1319.26,1113.13,1113.13,1030.67,989.45,https://static.ctonline.mx/imagenes/CAMIMO100/CAMIMO100_400.jpg,assets/img/catalog/CAMIMO100.jpg
CAMIMO110,"Cámara IMOU IPC-U7LN-6V0NE - Titan Pro 6MP P, WIFI, LENTE DE 3.6MM, NIGHT VISI脫N: 30 MTS SD 512GB, ALGO PLAY, 2 LUCES DE ADVERTENCIA ROJAS Y AZUL, AUDIO EN DOBLE VIA, SIRENA DE 125DB DOBLE BANDA 2.4/5G, AURORA","Cámara IMOU IPC-U7LN-6V0NE - Titan Pro 6MP P, WIFI, LENTE DE 3.6MM, NIGHT VISI脫N: 30 MTS SD 512GB, ALGO PLAY, 2 LUCES DE ADVERTENCIA ROJAS Y AZUL, AUDIO EN DOBLE VIA, SIRENA DE 125DB DOBLE BANDA 2.4/5G, AURORA. Clave Oficial CT: CAMIMO110. Marca: CT.",TELEFONIA Y VIDEO VIGILANCIA,telefonia_seguridad,CT,58.52,1141.19,1825.91,1825.91,1540.61,1540.61,1426.49,1369.43,https://static.ctonline.mx/imagenes/CAMIMO110/CAMIMO110_400.jpg,assets/img/catalog/CAMIMO110.jpg
CAMIMO120,Cámara IMOU Cruiser Dual 10MP (IPC-S7XN-10M0WED ) - Cámara IP PT Dual Wifi Full Color con lente Fijo de 5 Megapíxeles + Lente PT 5 Megapíxeles. Cuenta con 30 m de Iluminación Nocturna y Audio Bidireccional con micrófono y tecnología IMOU Sense,Cámara IMOU Cruiser Dual 10MP (IPC-S7XN-10M0WED ) - Cámara IP PT Dual Wifi Full Color con lente Fijo de 5 Megapíxeles + Lente PT 5 Megapíxeles. Cuenta con 30 m de Iluminación Nocturna y Audio Bidireccional con micrófono y tecnología IMOU Sense. Clave Oficial CT: CAMIMO120. Marca: CT.,TELEFONIA Y VIDEO VIGILANCIA,telefonia_seguridad,CT,53.58,1044.8,1671.68,1671.68,1410.48,1410.48,1306.0,1253.76,https://static.ctonline.mx/imagenes/CAMIMO120/CAMIMO120_400.jpg,assets/img/catalog/CAMIMO120.jpg
CAMIMO130,"Cámara IPC-C22FN-C IMOU, Cámara de 2 MP IMOU Versa, Características: Compresión H.265, audio bidireccional, alarma de detección de sonidos anormales, notificación de alarma, sirena de seguridad, visión nocturna de 20 m en color inteligente, ranura MicroSD, detección de humanos, certificación IP65,  Dimensiones: 72mm x 51mm x 52mm, Peso: 120 grs.","Cámara IPC-C22FN-C IMOU, Cámara de 2 MP IMOU Versa, Características: Compresión H.265, audio bidireccional, alarma de detección de sonidos anormales, notificación de alarma, sirena de seguridad, visión nocturna de 20 m en color inteligente, ranura MicroSD, detección de humanos, certificación IP65,  Dimensiones: 72mm x 51mm x 52mm, Peso: 120 grs.. Clave Oficial CT: CAMIMO130. Marca: CT.",TELEFONIA Y VIDEO VIGILANCIA,telefonia_seguridad,CT,28.08,547.55,876.08,876.08,739.19,739.19,684.44,657.06,https://static.ctonline.mx/imagenes/CAMIMO130/CAMIMO130_400.jpg,assets/img/catalog/CAMIMO130.jpg
CAMIMO140,"Cámara IPC-B7ED-5M0TEA-AM/FSP14 IMOU, cámara IP PT de 5 megapíxeles, Características: conexión dual 4G+WiFi, grabación continua 365 días (AOV-AlwaysOnVideo), batería de alta duración, ranura para micro SD 512GB. incluye panel solar, detección humana y de vehículos, visión nocturna inteligente, sirena y luces de advertencia rojas y azules, modo privacidad, Dimensiones: 177mm x 110mm x 142mm, Peso: 610 grs.","Cámara IPC-B7ED-5M0TEA-AM/FSP14 IMOU, cámara IP PT de 5 megapíxeles, Características: conexión dual 4G+WiFi, grabación continua 365 días (AOV-AlwaysOnVideo), batería de alta duración, ranura para micro SD 512GB. incluye panel solar, detección humana y de vehículos, visión nocturna inteligente, sirena y luces de advertencia rojas y azules, modo privacidad, Dimensiones: 177mm x 110mm x 142mm, Peso: 610 grs.. Clave Oficial CT: CAMIMO140. Marca: CT.",TELEFONIA Y VIDEO VIGILANCIA,telefonia_seguridad,CT,103.73,2022.68,3236.29,3236.29,2730.62,2730.62,2528.35,2427.22,https://static.ctonline.mx/imagenes/CAMIMO140/CAMIMO140_400.jpg,assets/img/catalog/CAMIMO140.jpg
CAMIMO150,"Cámara IPC-K2MN-3H1WE-IMOU, Cámara IP domo motorizado WiFi de 3 MP, Características: cámara IP de alta resolución, visión de 360 grados y tecnología de IA, capacidad de autotracking, incluye una sirena y micrófono para alertar posibles intrusiones,  Dimensiones: 95mm x 109mm x 96mm, Peso: 200  grs.","Cámara IPC-K2MN-3H1WE-IMOU, Cámara IP domo motorizado WiFi de 3 MP, Características: cámara IP de alta resolución, visión de 360 grados y tecnología de IA, capacidad de autotracking, incluye una sirena y micrófono para alertar posibles intrusiones,  Dimensiones: 95mm x 109mm x 96mm, Peso: 200  grs.. Clave Oficial CT: CAMIMO150. Marca: CT.",TELEFONIA Y VIDEO VIGILANCIA,telefonia_seguridad,CT,18.1,352.99,564.79,564.79,476.54,476.54,441.24,423.59,https://static.ctonline.mx/imagenes/CAMIMO150/CAMIMO150_400.jpg,assets/img/catalog/CAMIMO150.jpg
CAMIMO160,"Cámara IPC-K6C-3H1WEB-E27 IMOU, Cámara tipo bulbo de 3 MP la cual combina alta resolución y diseño discreto, Características: Resolución de 3 MP, disuasión activa, modo privacidad, detección de humanos y vehículos, audio bidireccional, full color y smart tracking, Dimensiones: No aplica, Peso: 305 grs.","Cámara IPC-K6C-3H1WEB-E27 IMOU, Cámara tipo bulbo de 3 MP la cual combina alta resolución y diseño discreto, Características: Resolución de 3 MP, disuasión activa, modo privacidad, detección de humanos y vehículos, audio bidireccional, full color y smart tracking, Dimensiones: No aplica, Peso: 305 grs.. Clave Oficial CT: CAMIMO160. Marca: CT.",TELEFONIA Y VIDEO VIGILANCIA,telefonia_seguridad,CT,18.26,356.1,569.75,569.75,480.73,480.73,445.12,427.32,https://static.ctonline.mx/imagenes/CAMIMO160/CAMIMO160_400.jpg,assets/img/catalog/CAMIMO160.jpg
CAMIMO170,"Cámara IPC-S2XEN-10M0S IMOU, Cámara de 10 MP ranger dual pro, Características: Visión nocturna, conectividad WiFi 6 de doble banda para transmisión más rápida, audio bidireccional integrado, soporte para almacenamiento local y vía APP móvil, diseño para interior y zonas semi protegidas, botón de llamada con sonido elevado para respuesta inmediata, Dimensiones: 822mm x 822mm x 1154mm, Peso: 230 grs.","Cámara IPC-S2XEN-10M0S IMOU, Cámara de 10 MP ranger dual pro, Características: Visión nocturna, conectividad WiFi 6 de doble banda para transmisión más rápida, audio bidireccional integrado, soporte para almacenamiento local y vía APP móvil, diseño para interior y zonas semi protegidas, botón de llamada con sonido elevado para respuesta inmediata, Dimensiones: 822mm x 822mm x 1154mm, Peso: 230 grs.. Clave Oficial CT: CAMIMO170. Marca: CT.",TELEFONIA Y VIDEO VIGILANCIA,telefonia_seguridad,CT,41.76,814.35,1302.95,1302.95,1099.37,1099.37,1017.93,977.22,https://static.ctonline.mx/imagenes/CAMIMO170/CAMIMO170_400.jpg,assets/img/catalog/CAMIMO170.jpg
CAMDAH6780,"Cámara BALA  IMOU MODELO: IPC-PS3D-3M0, 3MP, PoE, IP67, H.265, Smart Color (Color 24/7), Detección de Humanos y Vehículos, Micrófono, Soporta Micro SD 512GB, AOR MODE, COMPATIBILIDAD CON EXTERNOS ONVIF","Cámara BALA  IMOU MODELO: IPC-PS3D-3M0, 3MP, PoE, IP67, H.265, Smart Color (Color 24/7), Detección de Humanos y Vehículos, Micrófono, Soporta Micro SD 512GB, AOR MODE, COMPATIBILIDAD CON EXTERNOS ONVIF. Clave Oficial CT: CAMDAH6780. Marca: CT.",TELEFONIA Y VIDEO VIGILANCIA,telefonia_seguridad,CT,25.85,504.12,806.59,806.59,680.56,680.56,630.15,604.94,https://static.ctonline.mx/imagenes/CAMDAH6780/CAMDAH6780_400.jpg,assets/img/catalog/CAMDAH6780.jpg
CAMDAH6790,"Cámara DOMO  IMOU MODELO: IPC-PS8D-3V0, 3MP Cámara Domo, 3MP, PoE, IP67, H.265, Smart Color, disuasión activa, Detección de Humanos y Vehículos, Micrófono, Soporta Micro SD 512GB, AOR MODE, COMPATIBILIDAD CON EXTERNOS ONVIF","Cámara DOMO  IMOU MODELO: IPC-PS8D-3V0, 3MP Cámara Domo, 3MP, PoE, IP67, H.265, Smart Color, disuasión activa, Detección de Humanos y Vehículos, Micrófono, Soporta Micro SD 512GB, AOR MODE, COMPATIBILIDAD CON EXTERNOS ONVIF. Clave Oficial CT: CAMDAH6790. Marca: CT.",TELEFONIA Y VIDEO VIGILANCIA,telefonia_seguridad,CT,26.16,510.1,816.16,816.16,688.64,688.64,637.63,612.12,https://static.ctonline.mx/imagenes/CAMDAH6790/CAMDAH6790_400.jpg,assets/img/catalog/CAMDAH6790.jpg
CAMDAH6800,"Cámara BALA  IMOU MODELO: IPC-PS3D-5M0, 5MP Cámara Bullet, 5MP, PoE, IP67, H.265, Smart Color (Color 24/7), Detección de Humanos y Vehículos, Micrófono, Soporta Micro SD 512GB, AOR MODE, COMPATIBILIDAD CON EXTERNOS ONVIF","Cámara BALA  IMOU MODELO: IPC-PS3D-5M0, 5MP Cámara Bullet, 5MP, PoE, IP67, H.265, Smart Color (Color 24/7), Detección de Humanos y Vehículos, Micrófono, Soporta Micro SD 512GB, AOR MODE, COMPATIBILIDAD CON EXTERNOS ONVIF. Clave Oficial CT: CAMDAH6800. Marca: CT.",TELEFONIA Y VIDEO VIGILANCIA,telefonia_seguridad,CT,30.34,591.65,946.64,946.64,798.72,798.72,739.56,709.98,https://static.ctonline.mx/imagenes/CAMDAH6800/CAMDAH6800_400.jpg,assets/img/catalog/CAMDAH6800.jpg
CAMDAH6810,"Cámara DOMO  IMOU MODELO: IPC-PS8D-5V0, 5 MP, PoE, IP67, H.265, Smart Color, disuasión activa, Detección de Humanos y Vehículos, Micrófono, Soporta Micro SD 512GB, AOR MODE, COMPATIBILIDAD CON EXTERNOS ONVIF","Cámara DOMO  IMOU MODELO: IPC-PS8D-5V0, 5 MP, PoE, IP67, H.265, Smart Color, disuasión activa, Detección de Humanos y Vehículos, Micrófono, Soporta Micro SD 512GB, AOR MODE, COMPATIBILIDAD CON EXTERNOS ONVIF. Clave Oficial CT: CAMDAH6810. Marca: CT.",TELEFONIA Y VIDEO VIGILANCIA,telefonia_seguridad,CT,30.45,593.86,950.18,950.18,801.72,801.72,742.33,712.64,https://static.ctonline.mx/imagenes/CAMDAH6810/CAMDAH6810_400.jpg,assets/img/catalog/CAMDAH6810.jpg
CAMDAH6820,"Cámara PT  IMOU MODELO: IPC-PS70FN-10M0, 10MP - Cámara PT, Doble Lente, 10 MP, PoE, IP67, H.265, Smart Color, disuasión activa, Detección de Humanos y Vehículos, Audio 2 vías, Soporta Micro SD 512GB,Weatherproof, Smart Tracking, COMPATIBILIDAD CON EXTERNOS ONVIF","Cámara PT  IMOU MODELO: IPC-PS70FN-10M0, 10MP - Cámara PT, Doble Lente, 10 MP, PoE, IP67, H.265, Smart Color, disuasión activa, Detección de Humanos y Vehículos, Audio 2 vías, Soporta Micro SD 512GB,Weatherproof, Smart Tracking, COMPATIBILIDAD CON EXTERNOS ONVIF. Clave Oficial CT: CAMDAH6820. Marca: CT.",TELEFONIA Y VIDEO VIGILANCIA,telefonia_seguridad,CT,51.82,1010.45,1616.73,1616.73,1364.11,1364.11,1263.07,1212.55,https://static.ctonline.mx/imagenes/CAMDAH6820/CAMDAH6820_400.jpg,assets/img/catalog/CAMDAH6820.jpg
CAMDAH6040,"Cámara IMOU Bullet 2E 5Mp IPC-K3DN-5H0WF - Cámara IP Bullet WiFi de 5MP tiene micrófono integrado, 102°,H.265, 2.8mm,IR 30m, IP67 y ranura MicroSD","Cámara IMOU Bullet 2E 5Mp IPC-K3DN-5H0WF - Cámara IP Bullet WiFi de 5MP tiene micrófono integrado, 102°,H.265, 2.8mm,IR 30m, IP67 y ranura MicroSD. Clave Oficial CT: CAMDAH6040. Marca: CT.",TELEFONIA Y VIDEO VIGILANCIA,telefonia_seguridad,CT,24.21,472.12,755.39,755.39,637.36,637.36,590.15,566.55,https://static.ctonline.mx/imagenes/CAMDAH6040/CAMDAH6040_400.jpg,assets/img/catalog/CAMDAH6040.jpg
CAMDAH6050,Cámara IMOU Cruiser SC 3MP IPC-K7FN-3H0WE - IP PT de 3 MP/ Wifi/Full C/luces Rojo-Azul/Audio 2 Vías/30M IR/Sirena/ Smart tracking/Ranura MicroSD/IP66,Cámara IMOU Cruiser SC 3MP IPC-K7FN-3H0WE - IP PT de 3 MP/ Wifi/Full C/luces Rojo-Azul/Audio 2 Vías/30M IR/Sirena/ Smart tracking/Ranura MicroSD/IP66. Clave Oficial CT: CAMDAH6050. Marca: CT.,TELEFONIA Y VIDEO VIGILANCIA,telefonia_seguridad,CT,36.42,710.2,1136.32,1136.32,958.77,958.77,887.75,852.24,https://static.ctonline.mx/imagenes/CAMDAH6050/CAMDAH6050_400.jpg,assets/img/catalog/CAMDAH6050.jpg
CAMDAH6060,"Cámara IMOU Ranger 2 5MP IPC-K2EN-5H2W - Cámara IP Domo Motorizado WiFi de 5M, autotracking, audio 2 vias, sirena, micrófono, IR 10m, ranura MicroSD","Cámara IMOU Ranger 2 5MP IPC-K2EN-5H2W - Cámara IP Domo Motorizado WiFi de 5M, autotracking, audio 2 vias, sirena, micrófono, IR 10m, ranura MicroSD. Clave Oficial CT: CAMDAH6060. Marca: CT.",TELEFONIA Y VIDEO VIGILANCIA,telefonia_seguridad,CT,25.24,492.09,787.34,787.34,664.32,664.32,615.11,590.5,https://static.ctonline.mx/imagenes/CAMDAH6060/CAMDAH6060_400.jpg,assets/img/catalog/CAMDAH6060.jpg
CAMDAH6070,Cámara IMOU Cruiser SC 5MP IPC-K7FN-5H0WE - IP PT de 5 MP/Wifi/Full C/luces Rojo-Azul/Audio 2 Vías/30 M IR/Sirena de 110 dB/Ranura para MicroSD/ IP66,Cámara IMOU Cruiser SC 5MP IPC-K7FN-5H0WE - IP PT de 5 MP/Wifi/Full C/luces Rojo-Azul/Audio 2 Vías/30 M IR/Sirena de 110 dB/Ranura para MicroSD/ IP66. Clave Oficial CT: CAMDAH6070. Marca: CT.,TELEFONIA Y VIDEO VIGILANCIA,telefonia_seguridad,CT,41.68,812.8,1300.47,1300.47,1097.27,1097.27,1015.99,975.35,https://static.ctonline.mx/imagenes/CAMDAH6070/CAMDAH6070_400.jpg,assets/img/catalog/CAMDAH6070.jpg
CAMDAH6080,Cámara IMOU Cruiser Dual 6MP IPC-S7XN-6M0WED IP PT Wifi Dual de 6 MP/Lente Fijo de 3 MP y Lente PT de 3 MP/30M IR/Micro y Altavoz Integrado/con IA,Cámara IMOU Cruiser Dual 6MP IPC-S7XN-6M0WED IP PT Wifi Dual de 6 MP/Lente Fijo de 3 MP y Lente PT de 3 MP/30M IR/Micro y Altavoz Integrado/con IA. Clave Oficial CT: CAMDAH6080. Marca: CT.,TELEFONIA Y VIDEO VIGILANCIA,telefonia_seguridad,CT,44.71,871.9,1395.04,1395.04,1177.06,1177.06,1089.87,1046.28,https://static.ctonline.mx/imagenes/CAMDAH6080/CAMDAH6080_400.jpg,assets/img/catalog/CAMDAH6080.jpg
CAMDAH6090,"Cámara IMOU Ranger Dual IPC-S2XN-10M0WED Cámara IP WiFi Dual de 10 MP Full C; Lente Fijo de 5 MP + Lente PT de 5 MP, Audio 2 via, ranura MicroSD, IR15m","Cámara IMOU Ranger Dual IPC-S2XN-10M0WED Cámara IP WiFi Dual de 10 MP Full C; Lente Fijo de 5 MP + Lente PT de 5 MP, Audio 2 via, ranura MicroSD, IR15m. Clave Oficial CT: CAMDAH6090. Marca: CT.",TELEFONIA Y VIDEO VIGILANCIA,telefonia_seguridad,CT,38.88,758.06,1212.9,1212.9,1023.38,1023.38,947.58,909.67,https://static.ctonline.mx/imagenes/CAMDAH6090/CAMDAH6090_400.jpg,assets/img/catalog/CAMDAH6090.jpg
CAMDAH6100,"Cámara IMOU Ranger Mini 5MP IPC-K2MN-5H1WE-imou Cámara IP Domo Motorizado WiFi de 5MP con IA, autotracking, audio bidireccional, sirena y micrófono","Cámara IMOU Ranger Mini 5MP IPC-K2MN-5H1WE-imou Cámara IP Domo Motorizado WiFi de 5MP con IA, autotracking, audio bidireccional, sirena y micrófono. Clave Oficial CT: CAMDAH6100. Marca: CT.",TELEFONIA Y VIDEO VIGILANCIA,telefonia_seguridad,CT,22.69,442.52,708.03,708.03,597.4,597.4,553.15,531.02,https://static.ctonline.mx/imagenes/CAMDAH6100/CAMDAH6100_400.jpg,assets/img/catalog/CAMDAH6100.jpg
CAMDAH6110,"Cámara IMOU IPC-S3EN-5M0WE Bullet 3 5MP Cámara IP Bullet WiFi de 5MP, Full C, visión nocturna inteligente, audio bidireccional, 108°, IR 30m, IP6 MicroSD","Cámara IMOU IPC-S3EN-5M0WE Bullet 3 5MP Cámara IP Bullet WiFi de 5MP, Full C, visión nocturna inteligente, audio bidireccional, 108°, IR 30m, IP6 MicroSD. Clave Oficial CT: CAMDAH6110. Marca: CT.",TELEFONIA Y VIDEO VIGILANCIA,telefonia_seguridad,CT,50.08,976.55,1562.48,1562.48,1318.34,1318.34,1220.69,1171.86,https://static.ctonline.mx/imagenes/CAMDAH6110/CAMDAH6110_400.jpg,assets/img/catalog/CAMDAH6110.jpg
CAMDAH6120,"Cámara IMOU CELL PT LITE Kit IPC-K9EN-3T0TE-AM/FSP12, Kit  Cámara WiFi Cell PT LITE de 3MP  panel solar, lente  2.8mm y 88° apertura audio bidireccional y sens PIR integrado detección precisa","Cámara IMOU CELL PT LITE Kit IPC-K9EN-3T0TE-AM/FSP12, Kit  Cámara WiFi Cell PT LITE de 3MP  panel solar, lente  2.8mm y 88° apertura audio bidireccional y sens PIR integrado detección precisa. Clave Oficial CT: CAMDAH6120. Marca: CT.",TELEFONIA Y VIDEO VIGILANCIA,telefonia_seguridad,CT,111.84,2180.92,3489.47,3489.47,2944.24,2944.24,2726.15,2617.1,https://static.ctonline.mx/imagenes/CAMDAH6120/CAMDAH6120_400.jpg,assets/img/catalog/CAMDAH6120.jpg
CAMDAH6130,"Cámara IMOU Cruiser Dual Pro 8MP IPC-S7XFN-8U0WED-imou, Cámara IP PT Dual Wifi Aurora Full Color de 8MP Lente Fijo de 4 MP + y Lente PT 4 MP, 30 Mts de Iluminación Nocturna Micrófono y Altavoz Integrados Audio Bidireccional","Cámara IMOU Cruiser Dual Pro 8MP IPC-S7XFN-8U0WED-imou, Cámara IP PT Dual Wifi Aurora Full Color de 8MP Lente Fijo de 4 MP + y Lente PT 4 MP, 30 Mts de Iluminación Nocturna Micrófono y Altavoz Integrados Audio Bidireccional. Clave Oficial CT: CAMDAH6130. Marca: CT.",TELEFONIA Y VIDEO VIGILANCIA,telefonia_seguridad,CT,63.64,1240.91,1985.45,1985.45,1675.23,1675.23,1551.14,1489.09,https://static.ctonline.mx/imagenes/CAMDAH6130/CAMDAH6130_400.jpg,assets/img/catalog/CAMDAH6130.jpg
CAMDAH6140,Cámara IMOU Cruiser Z IPC-S7DN-5M0WEZ-imou Cámara IP PT Dual Wifi Full Color de 5MP/ Lente Fijo de 5 Megapíxeles/ IMOU Sense/ 56 Metros de Iluminación Nocturna/ Micrófono y Altavoz Integrados/ Audio Bidireccional / 12X Zoom / IP66,Cámara IMOU Cruiser Z IPC-S7DN-5M0WEZ-imou Cámara IP PT Dual Wifi Full Color de 5MP/ Lente Fijo de 5 Megapíxeles/ IMOU Sense/ 56 Metros de Iluminación Nocturna/ Micrófono y Altavoz Integrados/ Audio Bidireccional / 12X Zoom / IP66. Clave Oficial CT: CAMDAH6140. Marca: CT.,TELEFONIA Y VIDEO VIGILANCIA,telefonia_seguridad,CT,60.28,1175.54,1880.86,1880.86,1586.98,1586.98,1469.42,1410.65,https://static.ctonline.mx/imagenes/CAMDAH6140/CAMDAH6140_400.jpg,assets/img/catalog/CAMDAH6140.jpg
CAMDAH6150,Cámara IMOU BulbCam 5MP IPC-K6C-5H1WEB-E27-imou Cámara de 5Megapixeles/ Disuasión activa/ Modo privacidad/ Detección de humanos & Vehículos/ Audio bidireccional/ Full Color/ Smart tracking (No incluye Foco),Cámara IMOU BulbCam 5MP IPC-K6C-5H1WEB-E27-imou Cámara de 5Megapixeles/ Disuasión activa/ Modo privacidad/ Detección de humanos & Vehículos/ Audio bidireccional/ Full Color/ Smart tracking (No incluye Foco). Clave Oficial CT: CAMDAH6150. Marca: CT.,TELEFONIA Y VIDEO VIGILANCIA,telefonia_seguridad,CT,20.82,405.95,649.53,649.53,548.04,548.04,507.44,487.15,https://static.ctonline.mx/imagenes/CAMDAH6150/CAMDAH6150_400.jpg,assets/img/catalog/CAMDAH6150.jpg
CAMDAH6160,"Cámara IMOU Ranger 2 3MP IPC-K2EN-3H1W Cámara IP Domo Motorizado WiFi de 3MP con IA, autotracking, audio bidireccional, sirena y micrófono integrados, IR 10m, ranura MicroSD, detección de humanos y modo privacidad","Cámara IMOU Ranger 2 3MP IPC-K2EN-3H1W Cámara IP Domo Motorizado WiFi de 3MP con IA, autotracking, audio bidireccional, sirena y micrófono integrados, IR 10m, ranura MicroSD, detección de humanos y modo privacidad. Clave Oficial CT: CAMDAH6160. Marca: CT.",TELEFONIA Y VIDEO VIGILANCIA,telefonia_seguridad,CT,24.27,473.3,757.27,757.27,638.95,638.95,591.62,567.96,https://static.ctonline.mx/imagenes/CAMDAH6160/CAMDAH6160_400.jpg,assets/img/catalog/CAMDAH6160.jpg
CAMDAH6290,Cámara IMOU Cruiser Triple 11MP IPC-S7UN-11M0WED - Cámara IP PT Triple Wifi Smart Color 11MP con 2 lentes Fijos de 3 Megapíxeles + Lente PT 5 Megapíxeles / Dual SD 512GB c/u / Disuasión Activa / Audio Bidireccional,Cámara IMOU Cruiser Triple 11MP IPC-S7UN-11M0WED - Cámara IP PT Triple Wifi Smart Color 11MP con 2 lentes Fijos de 3 Megapíxeles + Lente PT 5 Megapíxeles / Dual SD 512GB c/u / Disuasión Activa / Audio Bidireccional. Clave Oficial CT: CAMDAH6290. Marca: CT.,TELEFONIA Y VIDEO VIGILANCIA,telefonia_seguridad,CT,67.61,1318.47,2109.55,2109.55,1779.93,1779.93,1648.08,1582.16,https://static.ctonline.mx/imagenes/CAMDAH6290/CAMDAH6290_400.jpg,assets/img/catalog/CAMDAH6290.jpg
ACCIMO020,"Cerradura ASL-CUBO1 IMOU, Cerradura inteligente IMOU con chapa digital, Características: Registro de 50 huellas, WiFi, diseño compacto y resistente para exterior, tarjeta Mifare, opción de contraseña temporal para visitante, gestión remota mediante la APP de IMOU, Dimensiones: No aplica, Peso: 840 grs.","Cerradura ASL-CUBO1 IMOU, Cerradura inteligente IMOU con chapa digital, Características: Registro de 50 huellas, WiFi, diseño compacto y resistente para exterior, tarjeta Mifare, opción de contraseña temporal para visitante, gestión remota mediante la APP de IMOU, Dimensiones: No aplica, Peso: 840 grs.. Clave Oficial CT: ACCIMO020. Marca: CT.",TELEFONIA Y VIDEO VIGILANCIA,telefonia_seguridad,CT,67.12,1308.94,2094.3,2094.3,1767.07,1767.07,1636.17,1570.72,https://static.ctonline.mx/imagenes/ACCIMO020/ACCIMO020_400.jpg,assets/img/catalog/ACCIMO020.jpg
GRDSAX010,SAXXON SUA-XVR1E16-I - Video Grabador Dígital HDCVI/ Capacidad 16 Canales HDCVI + 2 Canales IP/ Conversión Hasta 18 Canales IP/ Codificación Hasta 1080N/ Entradas & Salidas de Audio/ Onvif,SAXXON SUA-XVR1E16-I - Video Grabador Dígital HDCVI/ Capacidad 16 Canales HDCVI + 2 Canales IP/ Conversión Hasta 18 Canales IP/ Codificación Hasta 1080N/ Entradas & Salidas de Audio/ Onvif. Clave Oficial CT: GRDSAX010. Marca: CT.,TELEFONIA Y VIDEO VIGILANCIA,telefonia_seguridad,CT,48.86,952.84,1524.55,1524.55,1286.34,1286.34,1191.05,1143.41,https://static.ctonline.mx/imagenes/GRDSAX010/GRDSAX010_400.jpg,assets/img/catalog/GRDSAX010.jpg
GRDDAH1220,SAXXON By dahua SUA-XVR1E08-I - Video Grabador Dígital HDCVI/ Capacidad 8 Canales HDCVI + 2 Canales IP/ Conversión Hasta 10 Canales IP/ Codificación Hasta 1080N/ Entradas & Salidas de Audio/ Onvif,SAXXON By dahua SUA-XVR1E08-I - Video Grabador Dígital HDCVI/ Capacidad 8 Canales HDCVI + 2 Canales IP/ Conversión Hasta 10 Canales IP/ Codificación Hasta 1080N/ Entradas & Salidas de Audio/ Onvif. Clave Oficial CT: GRDDAH1220. Marca: CT.,TELEFONIA Y VIDEO VIGILANCIA,telefonia_seguridad,CT,26.14,509.66,815.45,815.45,688.04,688.04,637.07,611.59,https://static.ctonline.mx/imagenes/GRDDAH1220/GRDDAH1220_400.jpg,assets/img/catalog/GRDDAH1220.jpg
GRDDAH1230,SAXXON By dahua SUA-XVR1E04-I- Video Grabador Dígital HDCVI/ Capacidad de 4 Canales HDCVI + 1 Canal IP/ Conversión Hasta 5 Canales IP/ Codificación Hasta 1080N/ Entradas & Salidas de Audio/ Onvif,SAXXON By dahua SUA-XVR1E04-I- Video Grabador Dígital HDCVI/ Capacidad de 4 Canales HDCVI + 1 Canal IP/ Conversión Hasta 5 Canales IP/ Codificación Hasta 1080N/ Entradas & Salidas de Audio/ Onvif. Clave Oficial CT: GRDDAH1230. Marca: CT.,TELEFONIA Y VIDEO VIGILANCIA,telefonia_seguridad,CT,20.68,403.3,645.27,645.27,544.45,544.45,504.12,483.95,https://static.ctonline.mx/imagenes/GRDDAH1230/GRDDAH1230_400.jpg,assets/img/catalog/GRDDAH1230.jpg
KITSAX010,SAXXON SUA-KIT/XVR1E04-I/4-B10P-0280B - Kit de 4 Canales HDCVI/ Cámaras B10P de 1MP 720P/ Lente de 2.8mm Con Apertura de Hasta 100°/ Grabador de 4 Canales con Detección de Movimiento Inteligente/ Entradas y Salidas de Audio/,SAXXON SUA-KIT/XVR1E04-I/4-B10P-0280B - Kit de 4 Canales HDCVI/ Cámaras B10P de 1MP 720P/ Lente de 2.8mm Con Apertura de Hasta 100°/ Grabador de 4 Canales con Detección de Movimiento Inteligente/ Entradas y Salidas de Audio/. Clave Oficial CT: KITSAX010. Marca: CT.,TELEFONIA Y VIDEO VIGILANCIA,telefonia_seguridad,CT,63.12,1230.94,1969.5,1969.5,1661.77,1661.77,1538.67,1477.12,https://static.ctonline.mx/imagenes/KITSAX010/KITSAX010_400.jpg,assets/img/catalog/KITSAX010.jpg
KITSAX030,SAXXON SUA-KIT/XVR1E04-I/4-B20M-0280B-Kit de 4Canales HDCVI 1080P/4 Cámaras B20M de 2.8mm con Campo de Visión de Hasta 100°/Grabador Soporta Hasta 5 Canales IP yDetección de Movimiento Inteligente/Cámaras Fabricadas en Metal deAlta Duración,SAXXON SUA-KIT/XVR1E04-I/4-B20M-0280B-Kit de 4Canales HDCVI 1080P/4 Cámaras B20M de 2.8mm con Campo de Visión de Hasta 100°/Grabador Soporta Hasta 5 Canales IP yDetección de Movimiento Inteligente/Cámaras Fabricadas en Metal deAlta Duración. Clave Oficial CT: KITSAX030. Marca: CT.,TELEFONIA Y VIDEO VIGILANCIA,telefonia_seguridad,CT,77.81,1517.23,2427.57,2427.57,2048.26,2048.26,1896.54,1820.68,https://static.ctonline.mx/imagenes/KITSAX030/KITSAX030_400.jpg,assets/img/catalog/KITSAX030.jpg
KITSAX020,SAXXON SUA-KIT/XVR1E04-I/4-B20P-0280B - Kit 4 Canales HDCVI 1080P/ 4 Cámaras B20P 2.8mm Apertura Hasta 100°/ Grabador Soporta Hasta 5 Canales IP y Detección de Movimiento Inteligente/ Policarbonato/,SAXXON SUA-KIT/XVR1E04-I/4-B20P-0280B - Kit 4 Canales HDCVI 1080P/ 4 Cámaras B20P 2.8mm Apertura Hasta 100°/ Grabador Soporta Hasta 5 Canales IP y Detección de Movimiento Inteligente/ Policarbonato/. Clave Oficial CT: KITSAX020. Marca: CT.,TELEFONIA Y VIDEO VIGILANCIA,telefonia_seguridad,CT,72.16,1407.1,2251.36,2251.36,1899.59,1899.59,1758.88,1688.52,https://static.ctonline.mx/imagenes/KITSAX020/KITSAX020_400.jpg,assets/img/catalog/KITSAX020.jpg
ACCDAH850,Divisor Saxxon modelo PSUWB07  4 Cámaras 1 Conector Hembra + 4 Conectores Macho 2.1 mm,Divisor Saxxon modelo PSUWB07  4 Cámaras 1 Conector Hembra + 4 Conectores Macho 2.1 mm. Clave Oficial CT: ACCDAH850. Marca: CT.,TELEFONIA Y VIDEO VIGILANCIA,telefonia_seguridad,CT,1.82,35.45,56.73,56.73,47.86,47.86,44.32,42.55,https://static.ctonline.mx/imagenes/ACCDAH850/ACCDAH850_400.jpg,assets/img/catalog/ACCDAH850.jpg
ACCSAX050,SAXXON PSUBR12H - Bolsa de 10 Conectores Macho Para Alimentación de Camaras/ Terminales Tipo Tornillo Positivo y Negativo/ Resistente a la Oxidación,SAXXON PSUBR12H - Bolsa de 10 Conectores Macho Para Alimentación de Camaras/ Terminales Tipo Tornillo Positivo y Negativo/ Resistente a la Oxidación. Clave Oficial CT: ACCSAX050. Marca: CT.,TELEFONIA Y VIDEO VIGILANCIA,telefonia_seguridad,CT,2.73,53.18,85.09,85.09,71.8,71.8,66.48,63.82,https://static.ctonline.mx/imagenes/ACCSAX050/ACCSAX050_400.jpg,assets/img/catalog/ACCSAX050.jpg
ACCSAX060,SAXXON WB0120C - Cable de 20 Metros Armado para Video y Energia/ Para Camaras Hasta 8 Megapixeles/ con Conectores BNC y de Energía/ Uso Interior/ Cable de Video 100% Cobre/ 7.3W/ Soporta: AHD/CVI/TVI/CVBS/,SAXXON WB0120C - Cable de 20 Metros Armado para Video y Energia/ Para Camaras Hasta 8 Megapixeles/ con Conectores BNC y de Energía/ Uso Interior/ Cable de Video 100% Cobre/ 7.3W/ Soporta: AHD/CVI/TVI/CVBS/. Clave Oficial CT: ACCSAX060. Marca: CT.,TELEFONIA Y VIDEO VIGILANCIA,telefonia_seguridad,CT,4.62,90.19,144.3,144.3,121.75,121.75,112.73,108.22,https://static.ctonline.mx/imagenes/ACCSAX060/ACCSAX060_400.jpg,assets/img/catalog/ACCSAX060.jpg
ACCSAX070,SAXXON S901A - Conector plug RJ45 para cable UTP / CAT5E / Paquete 100 piezas/ 15 Micras,SAXXON S901A - Conector plug RJ45 para cable UTP / CAT5E / Paquete 100 piezas/ 15 Micras. Clave Oficial CT: ACCSAX070. Marca: CT.,TELEFONIA Y VIDEO VIGILANCIA,telefonia_seguridad,CT,6.38,124.31,198.9,198.9,167.82,167.82,155.39,149.17,https://static.ctonline.mx/imagenes/ACCSAX070/ACCSAX070_400.jpg,assets/img/catalog/ACCSAX070.jpg
ACCSAX080,SAXXON S901B - Conector plug RJ45 para cable UTP/FTP /CAT 5E / Blindado / Paquete 100 piezas,SAXXON S901B - Conector plug RJ45 para cable UTP/FTP /CAT 5E / Blindado / Paquete 100 piezas. Clave Oficial CT: ACCSAX080. Marca: CT.,TELEFONIA Y VIDEO VIGILANCIA,telefonia_seguridad,CT,10.52,205.19,328.31,328.31,277.01,277.01,256.49,246.23,https://static.ctonline.mx/imagenes/ACCSAX080/ACCSAX080_400.jpg,assets/img/catalog/ACCSAX080.jpg
ACCSAX090,SAXXON LKV312HDR-V2.0 - Divisor de Video HDMI 4K de 1 Entrada y 2 salidas/ Soporta Resolución 4Kx2K @30Hz/ 1080P Full HD/ Distancia de 10 Metros en Entrada y Salidas/ Switch EDID para Autoajuste de Resolución,SAXXON LKV312HDR-V2.0 - Divisor de Video HDMI 4K de 1 Entrada y 2 salidas/ Soporta Resolución 4Kx2K @30Hz/ 1080P Full HD/ Distancia de 10 Metros en Entrada y Salidas/ Switch EDID para Autoajuste de Resolución. Clave Oficial CT: ACCSAX090. Marca: CT.,TELEFONIA Y VIDEO VIGILANCIA,telefonia_seguridad,CT,27.86,543.34,869.35,869.35,733.51,733.51,679.18,652.01,https://static.ctonline.mx/imagenes/ACCSAX090/ACCSAX090_400.jpg,assets/img/catalog/ACCSAX090.jpg
ACCSAX100,SAXXON LKV372PRO-4.0 - Kit extensor de video HDMI/ Resolucion 4K/ CAT 6/ 6A Cobre / PoC/ Hasta 50 metros/ Loop HDMI en transmisor/ Transmisor IR/ Plug and play/ Solo se Energiza el Transmisor,SAXXON LKV372PRO-4.0 - Kit extensor de video HDMI/ Resolucion 4K/ CAT 6/ 6A Cobre / PoC/ Hasta 50 metros/ Loop HDMI en transmisor/ Transmisor IR/ Plug and play/ Solo se Energiza el Transmisor. Clave Oficial CT: ACCSAX100. Marca: CT.,TELEFONIA Y VIDEO VIGILANCIA,telefonia_seguridad,CT,45.19,881.27,1410.03,1410.03,1189.71,1189.71,1101.58,1057.52,https://static.ctonline.mx/imagenes/ACCSAX100/ACCSAX100_400.jpg,assets/img/catalog/ACCSAX100.jpg
ACCDAH550,"Cable UTP. SAXXON. CAT6E-BLANCO. Cable U/UTP CAT 6e, a pares, Calibre 24 AWG CCA. Bobina de 305 mts (1,000 ft) Cubierta de PVC color Blanco. Medidas: 35cm x 35cm x 32 cm. (OUTP6CCA305BC)","Cable UTP. SAXXON. CAT6E-BLANCO. Cable U/UTP CAT 6e, a pares, Calibre 24 AWG CCA. Bobina de 305 mts (1,000 ft) Cubierta de PVC color Blanco. Medidas: 35cm x 35cm x 32 cm. (OUTP6CCA305BC). Clave Oficial CT: ACCDAH550. Marca: CT.",TELEFONIA Y VIDEO VIGILANCIA,telefonia_seguridad,CT,42.85,835.62,1336.99,1336.99,1128.09,1128.09,1044.52,1002.74,https://static.ctonline.mx/imagenes/ACCDAH550/ACCDAH550_400.jpg,assets/img/catalog/ACCDAH550.jpg
ACCDAH670,"Bobina de cable UTP CCA Saxxon Categoría 5E OUTP5ECCAEXT, 305 metros, aleación de cobre, color Negro,  para uso Exterior, Doble Forro, 4 Pares.","Bobina de cable UTP CCA Saxxon Categoría 5E OUTP5ECCAEXT, 305 metros, aleación de cobre, color Negro,  para uso Exterior, Doble Forro, 4 Pares.. Clave Oficial CT: ACCDAH670. Marca: CT.",TELEFONIA Y VIDEO VIGILANCIA,telefonia_seguridad,CT,47.2,920.49,1472.78,1472.78,1242.66,1242.66,1150.61,1104.59,https://static.ctonline.mx/imagenes/ACCDAH670/ACCDAH670_400.jpg,assets/img/catalog/ACCDAH670.jpg
ACCDAH890,"Bobina de cable UTP Saxxon Categoría 6 OUTP6COP100B, 100 metros, 100% cobre, color Azul, Uso Interior, Ideal para cableado de redes y video, soporta pruebas Fluke Test","Bobina de cable UTP Saxxon Categoría 6 OUTP6COP100B, 100 metros, 100% cobre, color Azul, Uso Interior, Ideal para cableado de redes y video, soporta pruebas Fluke Test. Clave Oficial CT: ACCDAH890. Marca: CT.",TELEFONIA Y VIDEO VIGILANCIA,telefonia_seguridad,CT,44.9,875.51,1400.81,1400.81,1181.93,1181.93,1094.38,1050.61,https://static.ctonline.mx/imagenes/ACCDAH890/ACCDAH890_400.jpg,assets/img/catalog/ACCDAH890.jpg
ACCDAH520,"Cable UTP. SAXXON. CAT5E-BLANCO. Cable U/UTP CAT 5e, a pares, Calibre 24 AWG CCA. Bobina de 305 mts (1,000 ft) Cubierta de PVC color Blanco. Medidas: 35cm x 35cm x 32 cm. Peso neto: 6.3 kg.","Cable UTP. SAXXON. CAT5E-BLANCO. Cable U/UTP CAT 5e, a pares, Calibre 24 AWG CCA. Bobina de 305 mts (1,000 ft) Cubierta de PVC color Blanco. Medidas: 35cm x 35cm x 32 cm. Peso neto: 6.3 kg.. Clave Oficial CT: ACCDAH520. Marca: CT.",TELEFONIA Y VIDEO VIGILANCIA,telefonia_seguridad,CT,31.81,620.23,992.37,992.37,837.31,837.31,775.29,744.28,https://static.ctonline.mx/imagenes/ACCDAH520/ACCDAH520_400.jpg,assets/img/catalog/ACCDAH520.jpg
CABSAX010,SAXXON OUTP5ECCA100G- Bobina de Cable UTP Cat5e/ 100 Metros/ CCA/ Color Gris/ Uso Interior/ Cert ISO9001/ UL 444/ RoSH/ ANSI/ TIA/ EI-568B,SAXXON OUTP5ECCA100G- Bobina de Cable UTP Cat5e/ 100 Metros/ CCA/ Color Gris/ Uso Interior/ Cert ISO9001/ UL 444/ RoSH/ ANSI/ TIA/ EI-568B. Clave Oficial CT: CABSAX010. Marca: CT.,TELEFONIA Y VIDEO VIGILANCIA,telefonia_seguridad,CT,12.95,252.61,404.18,404.18,341.03,341.03,315.77,303.14,https://static.ctonline.mx/imagenes/CABSAX010/CABSAX010_400.jpg,assets/img/catalog/CABSAX010.jpg
CABSAX050,SAXXON OUTPCAT5ECOPEXT100 - Bobina de 100 Metros de Cable UTP Cat5e 100% Cobre/ Exterior con Doble Forro/ Color Negro/ Ideal para Cableado de Redes de Datos y Video,SAXXON OUTPCAT5ECOPEXT100 - Bobina de 100 Metros de Cable UTP Cat5e 100% Cobre/ Exterior con Doble Forro/ Color Negro/ Ideal para Cableado de Redes de Datos y Video. Clave Oficial CT: CABSAX050. Marca: CT.,TELEFONIA Y VIDEO VIGILANCIA,telefonia_seguridad,CT,46.89,914.28,1462.85,1462.85,1234.28,1234.28,1142.86,1097.14,https://static.ctonline.mx/imagenes/CABSAX050/CABSAX050_400.jpg,assets/img/catalog/CABSAX050.jpg
CABSAX030,SAXXON OUTPCAT5E100M - Bobina de Cable UTP Cat5e 100% Cobre/ 100 Metros/ Color Gris/ Uso Interior/ 4 Pares/ Soporta Pruebas de Rendimiento/ Ideal para Cableado de Redes y Video/,SAXXON OUTPCAT5E100M - Bobina de Cable UTP Cat5e 100% Cobre/ 100 Metros/ Color Gris/ Uso Interior/ 4 Pares/ Soporta Pruebas de Rendimiento/ Ideal para Cableado de Redes y Video/. Clave Oficial CT: CABSAX030. Marca: CT.,TELEFONIA Y VIDEO VIGILANCIA,telefonia_seguridad,CT,31.51,614.47,983.15,983.15,829.54,829.54,768.09,737.37,https://static.ctonline.mx/imagenes/CABSAX030/CABSAX030_400.jpg,assets/img/catalog/CABSAX030.jpg
CABSAX040,SAXXON OUTP5ECOP100BC - Bobina de Cable UTP Cat5e 100% Cobre/ 100 Metros/ Color Blanco/ Uso Interior/ 4 Pares/ Soporta Pruebas de Rendimiento/ Ideal para Cableado de Redes y Video/,SAXXON OUTP5ECOP100BC - Bobina de Cable UTP Cat5e 100% Cobre/ 100 Metros/ Color Blanco/ Uso Interior/ 4 Pares/ Soporta Pruebas de Rendimiento/ Ideal para Cableado de Redes y Video/. Clave Oficial CT: CABSAX040. Marca: CT.,TELEFONIA Y VIDEO VIGILANCIA,telefonia_seguridad,CT,32.83,640.18,1024.28,1024.28,864.24,864.24,800.22,768.21,https://static.ctonline.mx/imagenes/CABSAX040/CABSAX040_400.jpg,assets/img/catalog/CABSAX040.jpg
CABSAX080,SAXXON OUTPCAT5ECOPEXT - Bobina de Cable UTP Cat5e 100% Cobre/ 305 Metros/ Exterior con Doble Forro/ Color Negro/ Ideal para Cableado de Redes de Datos y Video/,SAXXON OUTPCAT5ECOPEXT - Bobina de Cable UTP Cat5e 100% Cobre/ 305 Metros/ Exterior con Doble Forro/ Color Negro/ Ideal para Cableado de Redes de Datos y Video/. Clave Oficial CT: CABSAX080. Marca: CT.,TELEFONIA Y VIDEO VIGILANCIA,telefonia_seguridad,CT,109.7,2139.24,3422.78,3422.78,2887.97,2887.97,2674.05,2567.09,https://static.ctonline.mx/imagenes/CABSAX080/CABSAX080_400.jpg,assets/img/catalog/CABSAX080.jpg
CABSAX020,SAXXON OUTP5ECCA305G - Bobina de Cable UTP Cat5e/ 305 Metros/ CCA/ Color Gris/ Uso Interior/ Cert ISO9001/ UL 444/ RoSH/ ANSI/ TIA/ EI-568B,SAXXON OUTP5ECCA305G - Bobina de Cable UTP Cat5e/ 305 Metros/ CCA/ Color Gris/ Uso Interior/ Cert ISO9001/ UL 444/ RoSH/ ANSI/ TIA/ EI-568B. Clave Oficial CT: CABSAX020. Marca: CT.,TELEFONIA Y VIDEO VIGILANCIA,telefonia_seguridad,CT,31.57,615.58,984.93,984.93,831.03,831.03,769.47,738.7,https://static.ctonline.mx/imagenes/CABSAX020/CABSAX020_400.jpg,assets/img/catalog/CABSAX020.jpg
CABSAX100,SAXXON OUTP5ECCAEXT2E - Bobina de Cable UTP Cat5e Siames/ 305 Metros/ Uso Exterior/ CCA/ UTP+Cables de Energía Cal. 18 AWG/ Doble Forro en Cable UTP/ Ideal para Cableado de Video,SAXXON OUTP5ECCAEXT2E - Bobina de Cable UTP Cat5e Siames/ 305 Metros/ Uso Exterior/ CCA/ UTP+Cables de Energía Cal. 18 AWG/ Doble Forro en Cable UTP/ Ideal para Cableado de Video. Clave Oficial CT: CABSAX100. Marca: CT.,TELEFONIA Y VIDEO VIGILANCIA,telefonia_seguridad,CT,80.98,1579.06,2526.49,2526.49,2131.73,2131.73,1973.82,1894.87,https://static.ctonline.mx/imagenes/CABSAX100/CABSAX100_400.jpg,assets/img/catalog/CABSAX100.jpg
CABSAX060,"SAXXON OUTPCAT6CCAEXT- Cable UTP CCA de 305m, categoría 6 para exteriores, con doble forro y color negro.","SAXXON OUTPCAT6CCAEXT- Cable UTP CCA de 305m, categoría 6 para exteriores, con doble forro y color negro.. Clave Oficial CT: CABSAX060. Marca: CT.",TELEFONIA Y VIDEO VIGILANCIA,telefonia_seguridad,CT,49.69,969.02,1550.43,1550.43,1308.17,1308.17,1211.27,1162.82,https://static.ctonline.mx/imagenes/CABSAX060/CABSAX060_400.jpg,assets/img/catalog/CABSAX060.jpg
CABSAX090,"SAXXON OUTP6COP305NE - Bobina de cable UTP Cat6 100% cobre, 305 metros, exterior, con cubierta LDPE, 4 pares, cumple con ISO/IEC 11801 Ed2, EIA/TIA568B y UL. Ideal para redes y video","SAXXON OUTP6COP305NE - Bobina de cable UTP Cat6 100% cobre, 305 metros, exterior, con cubierta LDPE, 4 pares, cumple con ISO/IEC 11801 Ed2, EIA/TIA568B y UL. Ideal para redes y video. Clave Oficial CT: CABSAX090. Marca: CT.",TELEFONIA Y VIDEO VIGILANCIA,telefonia_seguridad,CT,138.16,2694.1,4310.56,4310.56,3637.04,3637.04,3367.63,3232.92,https://static.ctonline.mx/imagenes/CABSAX090/CABSAX090_400.jpg,assets/img/catalog/CABSAX090.jpg
ACCSAX230,SAXXON WB0110C- Cable de 10 Metros Armado para Video y Energia/ Para Camaras Hasta 8 Megapixeles/ con Conectores BNC y de Energía/ Uso Interior/ Cable de Video 100% Cobre/ 12W/ Soporta: AHD/CVI/TVI/CVBS/,SAXXON WB0110C- Cable de 10 Metros Armado para Video y Energia/ Para Camaras Hasta 8 Megapixeles/ con Conectores BNC y de Energía/ Uso Interior/ Cable de Video 100% Cobre/ 12W/ Soporta: AHD/CVI/TVI/CVBS/. Clave Oficial CT: ACCSAX230. Marca: CT.,TELEFONIA Y VIDEO VIGILANCIA,telefonia_seguridad,CT,3.16,61.6,98.56,98.56,83.16,83.16,77.0,73.92,https://static.ctonline.mx/imagenes/ACCSAX230/ACCSAX230_400.jpg,assets/img/catalog/ACCSAX230.jpg
ACCSAX200,SAXXON SX015HDC - Cable HDMI de 1.5 metros de alta velocidad / Versión 2.0 / Resolución 4K / Canal de retorno de audio (ARC) / Video 3D / Blindado para reducir interferencias / Chapado en oro / Alta resistencia y durabilidad,SAXXON SX015HDC - Cable HDMI de 1.5 metros de alta velocidad / Versión 2.0 / Resolución 4K / Canal de retorno de audio (ARC) / Video 3D / Blindado para reducir interferencias / Chapado en oro / Alta resistencia y durabilidad. Clave Oficial CT: ACCSAX200. Marca: CT.,TELEFONIA Y VIDEO VIGILANCIA,telefonia_seguridad,CT,2.01,39.22,62.75,62.75,52.95,52.95,49.03,47.07,https://static.ctonline.mx/imagenes/ACCSAX200/ACCSAX200_400.jpg,assets/img/catalog/ACCSAX200.jpg
ACCSAX180,SAXXON HDMI-10 - Cable HDMI de 1 metro de alta velocidad / Versión 2.0 / Resolución 4K / Canal de retorno de audio (ARC) / Video 3D / Blindado para reducir interferencias / Chapado en oro / Alta resistencia y durabilidad,SAXXON HDMI-10 - Cable HDMI de 1 metro de alta velocidad / Versión 2.0 / Resolución 4K / Canal de retorno de audio (ARC) / Video 3D / Blindado para reducir interferencias / Chapado en oro / Alta resistencia y durabilidad. Clave Oficial CT: ACCSAX180. Marca: CT.,TELEFONIA Y VIDEO VIGILANCIA,telefonia_seguridad,CT,1.7,33.24,53.18,53.18,44.87,44.87,41.55,39.89,https://static.ctonline.mx/imagenes/ACCSAX180/ACCSAX180_400.jpg,assets/img/catalog/ACCSAX180.jpg
ACCSAX190,SAXXON PB100 - Caja de conexiones con 7 entradas / PVC libre de halógenos / Compatible con cámaras Bullet / Domo / Dimensiones 100 x 100 x 70 mm (Ancho x Alto x Fondo) / IP55,SAXXON PB100 - Caja de conexiones con 7 entradas / PVC libre de halógenos / Compatible con cámaras Bullet / Domo / Dimensiones 100 x 100 x 70 mm (Ancho x Alto x Fondo) / IP55. Clave Oficial CT: ACCSAX190. Marca: CT.,TELEFONIA Y VIDEO VIGILANCIA,telefonia_seguridad,CT,1.72,33.46,53.54,53.54,45.17,45.17,41.83,40.15,https://static.ctonline.mx/imagenes/ACCSAX190/ACCSAX190_400.jpg,assets/img/catalog/ACCSAX190.jpg
CAMSAX010,SAXXON SUA-HAC-B20M-0280B- Cámara Tipo Bala de 2 Megapíxeles & 1080P/ Lente de 2.8 mm Con Apertura de Hasta 100°/ Iluminación IR Inteligente de Hasta 30m/ Para Exterior IP67/ Cámara Metálica/ Funcionamiento en Modos CVI & AHD & TVI,SAXXON SUA-HAC-B20M-0280B- Cámara Tipo Bala de 2 Megapíxeles & 1080P/ Lente de 2.8 mm Con Apertura de Hasta 100°/ Iluminación IR Inteligente de Hasta 30m/ Para Exterior IP67/ Cámara Metálica/ Funcionamiento en Modos CVI & AHD & TVI. Clave Oficial CT: CAMSAX010. Marca: CT.,TELEFONIA Y VIDEO VIGILANCIA,telefonia_seguridad,CT,12.01,234.22,374.75,374.75,316.2,316.2,292.78,281.07,https://static.ctonline.mx/imagenes/CAMSAX010/CAMSAX010_400.jpg,assets/img/catalog/CAMSAX010.jpg
CAMSAX030,SAXXON SUA-HAC-T20M-0280B- Cámara DOMO de 2 Megapíxeles 1080P/ Lente de 2.8 mm con Apertura de Hasta 100°/ Cámara Metálica,SAXXON SUA-HAC-T20M-0280B- Cámara DOMO de 2 Megapíxeles 1080P/ Lente de 2.8 mm con Apertura de Hasta 100°/ Cámara Metálica. Clave Oficial CT: CAMSAX030. Marca: CT.,TELEFONIA Y VIDEO VIGILANCIA,telefonia_seguridad,CT,12.14,236.66,378.65,378.65,319.49,319.49,295.82,283.99,https://static.ctonline.mx/imagenes/CAMSAX030/CAMSAX030_400.jpg,assets/img/catalog/CAMSAX030.jpg
CAMSAX020,SAXXON SUA-HAC-T20P-0280B- Cámara DOMO de 2 Megapíxeles/ Lente de 2.8 mm con Visión de Apertura de Hasta 100°/ Policarbonato/ IR de Hasta 20m / Fácil Instalación/ Ideal para Interiores,SAXXON SUA-HAC-T20P-0280B- Cámara DOMO de 2 Megapíxeles/ Lente de 2.8 mm con Visión de Apertura de Hasta 100°/ Policarbonato/ IR de Hasta 20m / Fácil Instalación/ Ideal para Interiores. Clave Oficial CT: CAMSAX020. Marca: CT.,TELEFONIA Y VIDEO VIGILANCIA,telefonia_seguridad,CT,10.02,195.44,312.71,312.71,263.85,263.85,244.3,234.53,https://static.ctonline.mx/imagenes/CAMSAX020/CAMSAX020_400.jpg,assets/img/catalog/CAMSAX020.jpg
ACCSAX170,SAXXON PSUWB07 - Divisor de Energía para 4 Cámaras/ 1 Conector Hembra + 4 Conectores Macho/ 2.1 mm,SAXXON PSUWB07 - Divisor de Energía para 4 Cámaras/ 1 Conector Hembra + 4 Conectores Macho/ 2.1 mm. Clave Oficial CT: ACCSAX170. Marca: CT.,TELEFONIA Y VIDEO VIGILANCIA,telefonia_seguridad,CT,1.27,24.82,39.71,39.71,33.5,33.5,31.02,29.78,https://static.ctonline.mx/imagenes/ACCSAX170/ACCSAX170_400.jpg,assets/img/catalog/ACCSAX170.jpg
ACCSAX130,"Par de Transceptores Pasivos 4K 8MP (Video Baluns) SAXXON MODELO:VB - 01 , Botón Push Superior, Empalmes Ordenados, 4K hasta 150m, 4MP a 200m, 1080p hasta 250m, Soporta HDCVI/HDTVI/AHD/CVBS compatible con todas las marcas","Par de Transceptores Pasivos 4K 8MP (Video Baluns) SAXXON MODELO:VB - 01 , Botón Push Superior, Empalmes Ordenados, 4K hasta 150m, 4MP a 200m, 1080p hasta 250m, Soporta HDCVI/HDTVI/AHD/CVBS compatible con todas las marcas. Clave Oficial CT: ACCSAX130. Marca: CT.",TELEFONIA Y VIDEO VIGILANCIA,telefonia_seguridad,CT,1.51,29.47,47.15,47.15,39.79,39.79,36.84,35.37,https://static.ctonline.mx/imagenes/ACCSAX130/ACCSAX130_400.jpg,assets/img/catalog/ACCSAX130.jpg
ACCSAX120,"Par de transceptores pasivos (Video Baluns) SAXXON MODELO:VB-03 soporta 8MP 4k a 150m, 4MP a 200m, 1080p a 250m, 720p a 300m en CVI. Compatible con HDCVI, TVI, AHD y CVBS. Incluye 2 terminales Push para fácil conexión compatible con todas las marcas","Par de transceptores pasivos (Video Baluns) SAXXON MODELO:VB-03 soporta 8MP 4k a 150m, 4MP a 200m, 1080p a 250m, 720p a 300m en CVI. Compatible con HDCVI, TVI, AHD y CVBS. Incluye 2 terminales Push para fácil conexión compatible con todas las marcas. Clave Oficial CT: ACCSAX120. Marca: CT.",TELEFONIA Y VIDEO VIGILANCIA,telefonia_seguridad,CT,1.38,26.81,42.9,42.9,36.2,36.2,33.52,32.17,https://static.ctonline.mx/imagenes/ACCSAX120/ACCSAX120_400.jpg,assets/img/catalog/ACCSAX120.jpg
ACCSAX140,"Par de transceptores 4K para video y energía SAXXON MODELO: VB-04 - , con entradas RJ45, 4K hasta 150m con CVI, 4MP y 2MP hasta 250m compatible con todas las marcas","Par de transceptores 4K para video y energía SAXXON MODELO: VB-04 - , con entradas RJ45, 4K hasta 150m con CVI, 4MP y 2MP hasta 250m compatible con todas las marcas. Clave Oficial CT: ACCSAX140. Marca: CT.",TELEFONIA Y VIDEO VIGILANCIA,telefonia_seguridad,CT,6.51,126.97,203.15,203.15,171.41,171.41,158.71,152.37,https://static.ctonline.mx/imagenes/ACCSAX140/ACCSAX140_400.jpg,assets/img/catalog/ACCSAX140.jpg
CAMQIA030,"Cámara, Qian, Modelo QCMPD1701, Visión nocturna 20 Metros, Formato de captura de vídeo AVI, 
Protocolo de Conectividad Celular, Tecnología inalámbrica Bluetooth, Resolución de grabación de vídeo 1080p, Tipo de Material Metal, Detector de movimiento, Visión nocturna, Resolución HD","Cámara, Qian, Modelo QCMPD1701, Visión nocturna 20 Metros, Formato de captura de vídeo AVI, 
Protocolo de Conectividad Celular, Tecnología inalámbrica Bluetooth, Resolución de grabación de vídeo 1080p, Tipo de Material Metal, Detector de movimiento, Visión nocturna, Resolución HD. Clave Oficial CT: CAMQIA030. Marca: CT.",TELEFONIA Y VIDEO VIGILANCIA,telefonia_seguridad,CT,27.62,538.66,861.86,861.86,727.19,727.19,673.33,646.39,https://static.ctonline.mx/imagenes/CAMQIA030/CAMQIA030_400.jpg,assets/img/catalog/CAMQIA030.jpg
ACCQIA140,"Detector de Movimiento, Qian, Blanco - Modelo PA-96R, lnfrarojo color del LED es rojo, La distancia máxima a la cual puede detectar movimientos es de aproximadamente 12 metros, con un ángulo efectivo máximo de detección horizontalmente hacia ambos lados hasta los 110°. En cuanto a la interfaz utilizada por este sensor, se trata del estándar RF (radiofrecuencia). Esto permite una comunicación inalámbrica eficiente entre el sensor y otros dispositivos compatibles.  Tiene una frecuencia operativa de 433 MHz y consume aproximadamente 30 mA de energía. Además, cuenta con indicadores LED que muestran el estado del dispositivo.","Detector de Movimiento, Qian, Blanco - Modelo PA-96R, lnfrarojo color del LED es rojo, La distancia máxima a la cual puede detectar movimientos es de aproximadamente 12 metros, con un ángulo efectivo máximo de detección horizontalmente hacia ambos lados hasta los 110°. En cuanto a la interfaz utilizada por este sensor, se trata del estándar RF (radiofrecuencia). Esto permite una comunicación inalámbrica eficiente entre el sensor y otros dispositivos compatibles.  Tiene una frecuencia operativa de 433 MHz y consume aproximadamente 30 mA de energía. Además, cuenta con indicadores LED que muestran el estado del dispositivo.. Clave Oficial CT: ACCQIA140. Marca: CT.",TELEFONIA Y VIDEO VIGILANCIA,telefonia_seguridad,CT,6.02,117.42,187.87,187.87,158.52,158.52,146.77,140.9,https://static.ctonline.mx/imagenes/ACCQIA140/ACCQIA140_400.jpg,assets/img/catalog/ACCQIA140.jpg
ACCQIA130,"Sensor de puerta, Qian, Blanco - Modelo PB-67, Sensor de Puerta y Ventana Inalámbrico SS5008 Qufu, FORMATO DEL CÓDIGO	1527, FRECUENCIA 315/433/868MHz, DISTANCIA DE EMISIÓN 100m en espacio abierto, DISTANCIA DE ACTIVACIÓN 20-25mm (0.78""- 0.98"" Pulgadas)","Sensor de puerta, Qian, Blanco - Modelo PB-67, Sensor de Puerta y Ventana Inalámbrico SS5008 Qufu, FORMATO DEL CÓDIGO	1527, FRECUENCIA 315/433/868MHz, DISTANCIA DE EMISIÓN 100m en espacio abierto, DISTANCIA DE ACTIVACIÓN 20-25mm (0.78""- 0.98"" Pulgadas). Clave Oficial CT: ACCQIA130. Marca: CT.",TELEFONIA Y VIDEO VIGILANCIA,telefonia_seguridad,CT,3.66,71.29,114.06,114.06,96.24,96.24,89.11,85.55,https://static.ctonline.mx/imagenes/ACCQIA130/ACCQIA130_400.jpg,assets/img/catalog/ACCQIA130.jpg
ACCQIA100,Conector Red RJ45. QIAN NW6100. Conector modular macho de red RJ45 Cat6 para cable trenzado UTP o FTP. Transmite hasta 10Gps. Fabricada en policarbonato de alta calidad. 8 contactos de baño de oro de 50 micras. Ideal para interior. Cable Cat6.,Conector Red RJ45. QIAN NW6100. Conector modular macho de red RJ45 Cat6 para cable trenzado UTP o FTP. Transmite hasta 10Gps. Fabricada en policarbonato de alta calidad. 8 contactos de baño de oro de 50 micras. Ideal para interior. Cable Cat6.. Clave Oficial CT: ACCQIA100. Marca: CT.,TELEFONIA Y VIDEO VIGILANCIA,telefonia_seguridad,CT,8.92,174.03,278.45,278.45,234.94,234.94,217.54,208.84,https://static.ctonline.mx/imagenes/ACCQIA100/ACCQIA100_400.jpg,assets/img/catalog/ACCQIA100.jpg
TELCIS280,"CP-7811-3PCC-K9= Cisco IP Phone 7811 shipped with Multiplatform Phone firmware, 1 line (SIP registration)","CP-7811-3PCC-K9= Cisco IP Phone 7811 shipped with Multiplatform Phone firmware, 1 line (SIP registration). Clave Oficial CT: TELCIS280. Marca: CT.",TELEFONIA Y VIDEO VIGILANCIA,telefonia_seguridad,CT,2195.12,42804.88,68487.81,68487.81,57786.59,57786.59,53506.1,51365.86,https://static.ctonline.mx/imagenes/TELCIS280/TELCIS280_400.jpg,assets/img/catalog/TELCIS280.jpg
TELCIS220,Teléfono IP Cisco 5 líneas CP-8845-K9=,Teléfono IP Cisco 5 líneas CP-8845-K9=. Clave Oficial CT: TELCIS220. Marca: CT.,TELEFONIA Y VIDEO VIGILANCIA,telefonia_seguridad,CT,10333.33,201500.0,322400.0,322400.0,272025.0,272025.0,251875.0,241800.0,https://static.ctonline.mx/imagenes/TELCIS220/TELCIS220_400.jpg,assets/img/catalog/TELCIS220.jpg
CAMTPL190,"Cámara (Tapo C100) Inalámbrica DIA/NOCHE, permite almacenamiento en tarjeta Micro SD (Hasta 128GB). Incluye software de administración. Con E-mail o FTP puedes activar notificaciones por detección de movimiento. Configura y visualiza con tp Camera App en iOS o Android. Resolución Full HD 1080p.","Cámara (Tapo C100) Inalámbrica DIA/NOCHE, permite almacenamiento en tarjeta Micro SD (Hasta 128GB). Incluye software de administración. Con E-mail o FTP puedes activar notificaciones por detección de movimiento. Configura y visualiza con tp Camera App en iOS o Android. Resolución Full HD 1080p.. Clave Oficial CT: CAMTPL190. Marca: CT.",TELEFONIA Y VIDEO VIGILANCIA,telefonia_seguridad,CT,20.45,398.86,638.18,638.18,538.47,538.47,498.58,478.64,https://static.ctonline.mx/imagenes/CAMTPL190/CAMTPL190_400.jpg,assets/img/catalog/CAMTPL190.jpg
CAMTPL410,"Cámara Wi-Fi de seguridad para el hogar Pan/Tilt (Tapo C200C) 1/2.8'' CMOS de escaneo progresivo, no sensor Starlight, Campo de visión: 93° (Diagonal), 83° (Horizontal), 40° (Vertical). Visión nocturna LED infrarrojo de 850 nm ((40 pies/12 m), Detección de movimiento ,detección de personas, detección de llanto de bebé, Audio dos , compatible con Google Assistant y Amazon Alexa, ofreciendo control manos libres para los usuarios.","Cámara Wi-Fi de seguridad para el hogar Pan/Tilt (Tapo C200C) 1/2.8'' CMOS de escaneo progresivo, no sensor Starlight, Campo de visión: 93° (Diagonal), 83° (Horizontal), 40° (Vertical). Visión nocturna LED infrarrojo de 850 nm ((40 pies/12 m), Detección de movimiento ,detección de personas, detección de llanto de bebé, Audio dos , compatible con Google Assistant y Amazon Alexa, ofreciendo control manos libres para los usuarios.. Clave Oficial CT: CAMTPL410. Marca: CT.",TELEFONIA Y VIDEO VIGILANCIA,telefonia_seguridad,CT,19.32,376.7,602.73,602.73,508.55,508.55,470.88,452.05,https://static.ctonline.mx/imagenes/CAMTPL410/CAMTPL410_400.jpg,assets/img/catalog/CAMTPL410.jpg
CAMTPL540,"Cámara Wi-Fi de seguridad para interiores y exteriores (Tapo C216) Sensor CMOS Starlight de 1/3"" con escaneo progresivo, Campo de visión: 98° (Diagonal), 83° (Horizontal), 47° (Vertical)  LED IR de 850 nm (12 m), Visión nocturna a color, Micrófono y altavoz integrados, Audio bidireccional con cancelación de ruido, Ranura para tarjeta microSD en la cámara (hasta 512 GB), Servicios de almacenamiento en la nube de Tapo Care (requiere suscripción), IP65 , Detección de IA.","Cámara Wi-Fi de seguridad para interiores y exteriores (Tapo C216) Sensor CMOS Starlight de 1/3"" con escaneo progresivo, Campo de visión: 98° (Diagonal), 83° (Horizontal), 47° (Vertical)  LED IR de 850 nm (12 m), Visión nocturna a color, Micrófono y altavoz integrados, Audio bidireccional con cancelación de ruido, Ranura para tarjeta microSD en la cámara (hasta 512 GB), Servicios de almacenamiento en la nube de Tapo Care (requiere suscripción), IP65 , Detección de IA.. Clave Oficial CT: CAMTPL540. Marca: CT.",TELEFONIA Y VIDEO VIGILANCIA,telefonia_seguridad,CT,23.86,465.34,744.55,744.55,628.21,628.21,581.68,558.41,https://static.ctonline.mx/imagenes/CAMTPL540/CAMTPL540_400.jpg,assets/img/catalog/CAMTPL540.jpg
CAMTPL550,"Cámara Wi-Fi de seguridad para interiores y exteriores (Tapo C206) Sensor Starlight CMOS de barrido progresivo de 1/3"", LED IR de 850 nm (12 m / 40 pies), visión nocturna en color,1× Ranura para tarjetas microSD (hasta 512 GB),1920 × 1080 px, Micrófono y altavoz integrados, Audio bidireccional con cancelación de ruido, IP65 , Detección de IA.","Cámara Wi-Fi de seguridad para interiores y exteriores (Tapo C206) Sensor Starlight CMOS de barrido progresivo de 1/3"", LED IR de 850 nm (12 m / 40 pies), visión nocturna en color,1× Ranura para tarjetas microSD (hasta 512 GB),1920 × 1080 px, Micrófono y altavoz integrados, Audio bidireccional con cancelación de ruido, IP65 , Detección de IA.. Clave Oficial CT: CAMTPL550. Marca: CT.",TELEFONIA Y VIDEO VIGILANCIA,telefonia_seguridad,CT,22.73,443.18,709.09,709.09,598.3,598.3,553.98,531.82,https://static.ctonline.mx/imagenes/CAMTPL550/CAMTPL550_400.jpg,assets/img/catalog/CAMTPL550.jpg
CAMTPL560,"Cámara de seguridad Wi-Fi horizontal y vertical (Tapo C201) Sensor CMOS 1/3"" de Escaneo Progresivo (No Starlight), LED IR de 850 nm (12 m), 1080P HD (1920 x 1080 px), 4 Micrófono y Altavoz Integrados, Audio Bidireccional con Cancelación de Ruido, Detección de IA.","Cámara de seguridad Wi-Fi horizontal y vertical (Tapo C201) Sensor CMOS 1/3"" de Escaneo Progresivo (No Starlight), LED IR de 850 nm (12 m), 1080P HD (1920 x 1080 px), 4 Micrófono y Altavoz Integrados, Audio Bidireccional con Cancelación de Ruido, Detección de IA.. Clave Oficial CT: CAMTPL560. Marca: CT.",TELEFONIA Y VIDEO VIGILANCIA,telefonia_seguridad,CT,20.45,398.86,638.18,638.18,538.47,538.47,498.58,478.64,https://static.ctonline.mx/imagenes/CAMTPL560/CAMTPL560_400.jpg,assets/img/catalog/CAMTPL560.jpg
CAMTPL260,"Cámara Wi-Fi de seguridad para el hogar (TAPO C110) 3MP,distancia visual de hasta 30 pies, audio bidireccional. Detección de movimiento, envío de notificación, control por voz, alarma de luz y sonido, almacena localmente hasta 256 GB en una tarjeta microSD, compresión de video H.264,requisitos del sistema iOS 9+, Android 4.4+.","Cámara Wi-Fi de seguridad para el hogar (TAPO C110) 3MP,distancia visual de hasta 30 pies, audio bidireccional. Detección de movimiento, envío de notificación, control por voz, alarma de luz y sonido, almacena localmente hasta 256 GB en una tarjeta microSD, compresión de video H.264,requisitos del sistema iOS 9+, Android 4.4+.. Clave Oficial CT: CAMTPL260. Marca: CT.",TELEFONIA Y VIDEO VIGILANCIA,telefonia_seguridad,CT,23.3,454.26,726.82,726.82,613.25,613.25,567.83,545.11,https://static.ctonline.mx/imagenes/CAMTPL260/CAMTPL260_400.jpg,assets/img/catalog/CAMTPL260.jpg
CAMTPL180,"Cámara (Tapo C200) Inalámbrica de Vista Panorámica e Inclinable DIA/NOCHE, permite almacenamiento en tarjeta Micro SD (Hasta 128GB). Incluye software de administración. Con E-mail o FTP puedes activar notificaciones por detección de movimiento. Configura y visualiza con  App en iOS o Android. Resolución Full HD 1080p.","Cámara (Tapo C200) Inalámbrica de Vista Panorámica e Inclinable DIA/NOCHE, permite almacenamiento en tarjeta Micro SD (Hasta 128GB). Incluye software de administración. Con E-mail o FTP puedes activar notificaciones por detección de movimiento. Configura y visualiza con  App en iOS o Android. Resolución Full HD 1080p.. Clave Oficial CT: CAMTPL180. Marca: CT.",TELEFONIA Y VIDEO VIGILANCIA,telefonia_seguridad,CT,20.45,398.86,638.18,638.18,538.47,538.47,498.58,478.64,https://static.ctonline.mx/imagenes/CAMTPL180/CAMTPL180_400.jpg,assets/img/catalog/CAMTPL180.jpg
CAMTPL250,"Cámara Wi-Fi de seguridad para el hogar (TAPO C210) 3MP, rango horizontal de 360 ​​°, Audio bidireccional, Micrófono y Altavoz integrados. Detección de movimiento, envío de notificación, control por voz, alarma de luz y sonido, almacena localmente hasta 256 GB en una tarjeta microSD, funciona con el Asistente de Google y Amazon Alexa. (Google Assistant y Amazon Alexa no están disponibles en todos los idiomas y países).","Cámara Wi-Fi de seguridad para el hogar (TAPO C210) 3MP, rango horizontal de 360 ​​°, Audio bidireccional, Micrófono y Altavoz integrados. Detección de movimiento, envío de notificación, control por voz, alarma de luz y sonido, almacena localmente hasta 256 GB en una tarjeta microSD, funciona con el Asistente de Google y Amazon Alexa. (Google Assistant y Amazon Alexa no están disponibles en todos los idiomas y países).. Clave Oficial CT: CAMTPL250. Marca: CT.",TELEFONIA Y VIDEO VIGILANCIA,telefonia_seguridad,CT,22.73,443.18,709.09,709.09,598.3,598.3,553.98,531.82,https://static.ctonline.mx/imagenes/CAMTPL250/CAMTPL250_400.jpg,assets/img/catalog/CAMTPL250.jpg
CAMTPL340,"Cámara  Wi-Fi de seguridad Pan/Tilt para el hogar  (TAPO C211) alta definición 2K, 360° horizontal y 114° vertical.  Detección y notificación instantánea, Visión nocturna de hasta 30 pies, Audio bidireccional, funciona con el Asistente de Google y Amazon Alexa . Requisitos del sistema Aplicación Tapo: iOS 9.0 o superior, Andriod 4.4 o superior","Cámara  Wi-Fi de seguridad Pan/Tilt para el hogar  (TAPO C211) alta definición 2K, 360° horizontal y 114° vertical.  Detección y notificación instantánea, Visión nocturna de hasta 30 pies, Audio bidireccional, funciona con el Asistente de Google y Amazon Alexa . Requisitos del sistema Aplicación Tapo: iOS 9.0 o superior, Andriod 4.4 o superior. Clave Oficial CT: CAMTPL340. Marca: CT.",TELEFONIA Y VIDEO VIGILANCIA,telefonia_seguridad,CT,22.73,443.18,709.09,709.09,598.3,598.3,553.98,531.82,https://static.ctonline.mx/imagenes/CAMTPL340/CAMTPL340_400.jpg,assets/img/catalog/CAMTPL340.jpg
CAMTPL420,"Cámara Wi-Fi de seguridad para el hogar Pan/Tilt (Tapo C212) Sensor CMOS de escaneo progresivo de 1/2,8''.Audio bidireccional con cancelación deruido, proporciona una distancia visual de hasta 30 pies, notificaciones, almacena localmente hasta 512 GB en una tarjeta microSD, funciona con el Asistente de Google y Amazon Alexa. (El Asistente de Google y Amazon Alexa no están disponibles en todos los idiomas y países).","Cámara Wi-Fi de seguridad para el hogar Pan/Tilt (Tapo C212) Sensor CMOS de escaneo progresivo de 1/2,8''.Audio bidireccional con cancelación deruido, proporciona una distancia visual de hasta 30 pies, notificaciones, almacena localmente hasta 512 GB en una tarjeta microSD, funciona con el Asistente de Google y Amazon Alexa. (El Asistente de Google y Amazon Alexa no están disponibles en todos los idiomas y países).. Clave Oficial CT: CAMTPL420. Marca: CT.",TELEFONIA Y VIDEO VIGILANCIA,telefonia_seguridad,CT,26.14,509.66,815.45,815.45,688.04,688.04,637.07,611.59,https://static.ctonline.mx/imagenes/CAMTPL420/CAMTPL420_400.jpg,assets/img/catalog/CAMTPL420.jpg
CAMTPL240,"Cámara tipo Turret 3 MP LEN 2.8  (VIGI C400HP-2.8) H.265 +: sin utilizar ningún ancho de banda adicional, PoE / 12V DC,Aplicación VIGI, WDR: ajusta el contraste de la iluminación para minimizar los efectos de sombras y hace que las imágenes sean reales. Material plastico","Cámara tipo Turret 3 MP LEN 2.8  (VIGI C400HP-2.8) H.265 +: sin utilizar ningún ancho de banda adicional, PoE / 12V DC,Aplicación VIGI, WDR: ajusta el contraste de la iluminación para minimizar los efectos de sombras y hace que las imágenes sean reales. Material plastico. Clave Oficial CT: CAMTPL240. Marca: CT.",TELEFONIA Y VIDEO VIGILANCIA,telefonia_seguridad,CT,28.41,553.98,886.36,886.36,747.87,747.87,692.47,664.77,https://static.ctonline.mx/imagenes/CAMTPL240/CAMTPL240_400.jpg,assets/img/catalog/CAMTPL240.jpg
CAMTPL200,"Cámara inalámbrica para exterior (Tapo C310), 3 MP, 2.4 GHz, detección de movimiento, alarma de luz y sonido, audio bidireccional, visión nocturna hasta 30 metros almacena localmente hasta 128 GB de video de 3 MP en un tarjeta microSD. Funciona con asistente Google y Amazon Alexa . IP66","Cámara inalámbrica para exterior (Tapo C310), 3 MP, 2.4 GHz, detección de movimiento, alarma de luz y sonido, audio bidireccional, visión nocturna hasta 30 metros almacena localmente hasta 128 GB de video de 3 MP en un tarjeta microSD. Funciona con asistente Google y Amazon Alexa . IP66. Clave Oficial CT: CAMTPL200. Marca: CT.",TELEFONIA Y VIDEO VIGILANCIA,telefonia_seguridad,CT,29.55,576.14,921.82,921.82,777.78,777.78,720.17,691.36,https://static.ctonline.mx/imagenes/CAMTPL200/CAMTPL200_400.jpg,assets/img/catalog/CAMTPL200.jpg
CAMTPL300,"Cámara Wi-Fi exterior Pan/Tilt de seguridad (Tapo C500), Sensor de imagen 1/3"", Full HD de 1080P, Rango de vista 360° horizontal and 130° vertical, Compresión de Video H.264 Detección  de personas y seguimiento de movimiento , IP65, audio bidireccdional. Estándares y Protocolos IEEE 802.11b/g/n, 2.4 GHz","Cámara Wi-Fi exterior Pan/Tilt de seguridad (Tapo C500), Sensor de imagen 1/3"", Full HD de 1080P, Rango de vista 360° horizontal and 130° vertical, Compresión de Video H.264 Detección  de personas y seguimiento de movimiento , IP65, audio bidireccdional. Estándares y Protocolos IEEE 802.11b/g/n, 2.4 GHz. Clave Oficial CT: CAMTPL300. Marca: CT.",TELEFONIA Y VIDEO VIGILANCIA,telefonia_seguridad,CT,31.25,609.38,975.0,975.0,822.66,822.66,761.72,731.25,https://static.ctonline.mx/imagenes/CAMTPL300/CAMTPL300_400.jpg,assets/img/catalog/CAMTPL300.jpg
CAMTPL270,"Cámara Wi-Fi de seguridad para el hogar (TAPO C320WS) 3MP, lente F/NO: 2.2; Focal Length: 3.89mm, Resolución 4 MP (2560 × 1440), vision nocturna 850 nm IR LED up to 98 ft (30m), audio bidireccional , almacena localmente hasta 128 GB de video de 3MP en una tarjeta microSD, lo que ofrece un acceso conveniente a sus secuencias de video, active los efectos de luz y sonido para ahuyentar a los visitantes no deseados.","Cámara Wi-Fi de seguridad para el hogar (TAPO C320WS) 3MP, lente F/NO: 2.2; Focal Length: 3.89mm, Resolución 4 MP (2560 × 1440), vision nocturna 850 nm IR LED up to 98 ft (30m), audio bidireccional , almacena localmente hasta 128 GB de video de 3MP en una tarjeta microSD, lo que ofrece un acceso conveniente a sus secuencias de video, active los efectos de luz y sonido para ahuyentar a los visitantes no deseados.. Clave Oficial CT: CAMTPL270. Marca: CT.",TELEFONIA Y VIDEO VIGILANCIA,telefonia_seguridad,CT,34.67,676.07,1081.72,1081.72,912.7,912.7,845.09,811.29,https://static.ctonline.mx/imagenes/CAMTPL270/CAMTPL270_400.jpg,assets/img/catalog/CAMTPL270.jpg
CAMTPL380,"Cámara inteligente Wi-Fi de seguridad para el hogar con movimiento horizontal y vertical(Tapo C225) Rango de vista 360° Horizontal, 149° Vertical, Resolución: 2K QHD (2560 × 1440 px), Vision nocturna, Detecta y sigue con precisión a una persona dentro del campo de visión de la cámara, Permite la comunicación a través del micrófono y altavoz integrados en la cámara, Alarma con luz y sonido. Interfaz y botón:","Cámara inteligente Wi-Fi de seguridad para el hogar con movimiento horizontal y vertical(Tapo C225) Rango de vista 360° Horizontal, 149° Vertical, Resolución: 2K QHD (2560 × 1440 px), Vision nocturna, Detecta y sigue con precisión a una persona dentro del campo de visión de la cámara, Permite la comunicación a través del micrófono y altavoz integrados en la cámara, Alarma con luz y sonido. Interfaz y botón:. Clave Oficial CT: CAMTPL380. Marca: CT.",TELEFONIA Y VIDEO VIGILANCIA,telefonia_seguridad,CT,40.91,797.73,1276.36,1276.36,1076.93,1076.93,997.16,957.27,https://static.ctonline.mx/imagenes/CAMTPL380/CAMTPL380_400.jpg,assets/img/catalog/CAMTPL380.jpg
CAMTPL320,"Cámara inteligente de vigilancia Wi-Fi 360º  (Tapo C510W) Compresión de Vídeo H.264, Sensor de Imagen: CMOS DE 1/2,8, Resolución: 2K 3MP (2304 × 1296 px),Lentes: 2,0±5%; Distancia focal: 3,9 mm±5%., 360° horizontal y 130° vertical,LED IR (hasta 98 pies), visión nocturna a todo color,IP65.Streaming de Vídeo: 2K,Audio bidireccional, Micrófono y altavoz integrados.","Cámara inteligente de vigilancia Wi-Fi 360º  (Tapo C510W) Compresión de Vídeo H.264, Sensor de Imagen: CMOS DE 1/2,8, Resolución: 2K 3MP (2304 × 1296 px),Lentes: 2,0±5%; Distancia focal: 3,9 mm±5%., 360° horizontal y 130° vertical,LED IR (hasta 98 pies), visión nocturna a todo color,IP65.Streaming de Vídeo: 2K,Audio bidireccional, Micrófono y altavoz integrados.. Clave Oficial CT: CAMTPL320. Marca: CT.",TELEFONIA Y VIDEO VIGILANCIA,telefonia_seguridad,CT,36.93,720.17,1152.27,1152.27,972.23,972.23,900.21,864.2,https://static.ctonline.mx/imagenes/CAMTPL320/CAMTPL320_400.jpg,assets/img/catalog/CAMTPL320.jpg
CAMTPL360,"Cámara Wi-Fi de seguridad para el hogar con IA (Tapo C125) Sensor de luz estelar CMOS de escaneo progresivo de 1/2,9”USB, Lente  apertura 2.0 , Campo de visión: 140°(Diagonal), 120°(Horizontal), 67°(Vertical),Visión nocturna 850 nm IR LED (30 ft / 9 m), 940 nm IR LED (30 ft / 9 m), Interfaz y botón: 1 × botón de reinicio 1 × Ranura para tarjeta MicroSD (hasta 512 GB) (no incluida), Comunicación de Audio:
Audio bidireccional con cancelación de ruido","Cámara Wi-Fi de seguridad para el hogar con IA (Tapo C125) Sensor de luz estelar CMOS de escaneo progresivo de 1/2,9”USB, Lente  apertura 2.0 , Campo de visión: 140°(Diagonal), 120°(Horizontal), 67°(Vertical),Visión nocturna 850 nm IR LED (30 ft / 9 m), 940 nm IR LED (30 ft / 9 m), Interfaz y botón: 1 × botón de reinicio 1 × Ranura para tarjeta MicroSD (hasta 512 GB) (no incluida), Comunicación de Audio:
Audio bidireccional con cancelación de ruido. Clave Oficial CT: CAMTPL360. Marca: CT.",TELEFONIA Y VIDEO VIGILANCIA,telefonia_seguridad,CT,43.18,842.05,1347.27,1347.27,1136.76,1136.76,1052.56,1010.45,https://static.ctonline.mx/imagenes/CAMTPL360/CAMTPL360_400.jpg,assets/img/catalog/CAMTPL360.jpg
CAMTPL450,"Cámara de Vigilancia Wi-Fi para Exterior con Batería Recargable y Detección IA (Tapo C410) Resolución 2K 3MP (2304 × 1296 px), Sensor Starlight CMOS de barrido progresivo de 1/2,8”, Distancia focal: 3,17 mm, Campo de visión 125° (Diagonal), 111°(Horizontal), 56°(Vertical), Visión nocturna a todo color IEEE 802.11b/g/n, Wi-Fi 2,4 GHz, Detección de movimiento, Detección de personas, Audio bidireccional con cancelación de ruido.","Cámara de Vigilancia Wi-Fi para Exterior con Batería Recargable y Detección IA (Tapo C410) Resolución 2K 3MP (2304 × 1296 px), Sensor Starlight CMOS de barrido progresivo de 1/2,8”, Distancia focal: 3,17 mm, Campo de visión 125° (Diagonal), 111°(Horizontal), 56°(Vertical), Visión nocturna a todo color IEEE 802.11b/g/n, Wi-Fi 2,4 GHz, Detección de movimiento, Detección de personas, Audio bidireccional con cancelación de ruido.. Clave Oficial CT: CAMTPL450. Marca: CT.",TELEFONIA Y VIDEO VIGILANCIA,telefonia_seguridad,CT,53.41,1041.48,1666.36,1666.36,1405.99,1405.99,1301.85,1249.77,https://static.ctonline.mx/imagenes/CAMTPL450/CAMTPL450_400.jpg,assets/img/catalog/CAMTPL450.jpg
CAMTPL330,"Cámara Outdoor Pan/Tilt , WIFI (Tapo C520WS) 2K QHD, Visión nocturna, detección de personas, mascotas, vehículos, Antenas externas duales, Seguimiento de movimiento inteligente de 360°, IP 66.","Cámara Outdoor Pan/Tilt , WIFI (Tapo C520WS) 2K QHD, Visión nocturna, detección de personas, mascotas, vehículos, Antenas externas duales, Seguimiento de movimiento inteligente de 360°, IP 66.. Clave Oficial CT: CAMTPL330. Marca: CT.",TELEFONIA Y VIDEO VIGILANCIA,telefonia_seguridad,CT,45.45,886.36,1418.18,1418.18,1196.59,1196.59,1107.95,1063.64,https://static.ctonline.mx/imagenes/CAMTPL330/CAMTPL330_400.jpg,assets/img/catalog/CAMTPL330.jpg
CAMTPL480,"Cámara de seguridad solar con IA mejorada de Tapo Ultra (Tapo C425 KIT) Sensor de imagen Sensor Starlight CMOS de escaneo progresivo de 1/2,7” Distancia focal del objetivo: 3,17 mm, Apertura: F1,65, Modo infrarrojo de visión nocturna/modo a todo color, Iluminación: 2 focos integrados Activados por movimiento, controlados por app, crea alarmas de luz y sonido personalizadas, IP65 garantiza una protección confiable contra la lluvia, la nieve, el polvo y el calor extremo. Selecciona el almacenamiento local en el dispositivo mediante una tarjeta microSD (hasta 512 GB, se vende por separado) u opta por el almacenamiento en la nube con Tapo Care.*","Cámara de seguridad solar con IA mejorada de Tapo Ultra (Tapo C425 KIT) Sensor de imagen Sensor Starlight CMOS de escaneo progresivo de 1/2,7” Distancia focal del objetivo: 3,17 mm, Apertura: F1,65, Modo infrarrojo de visión nocturna/modo a todo color, Iluminación: 2 focos integrados Activados por movimiento, controlados por app, crea alarmas de luz y sonido personalizadas, IP65 garantiza una protección confiable contra la lluvia, la nieve, el polvo y el calor extremo. Selecciona el almacenamiento local en el dispositivo mediante una tarjeta microSD (hasta 512 GB, se vende por separado) u opta por el almacenamiento en la nube con Tapo Care.*. Clave Oficial CT: CAMTPL480. Marca: CT.",TELEFONIA Y VIDEO VIGILANCIA,telefonia_seguridad,CT,88.07,1717.33,2747.73,2747.73,2318.39,2318.39,2146.66,2060.8,https://static.ctonline.mx/imagenes/CAMTPL480/CAMTPL480_400.jpg,assets/img/catalog/CAMTPL480.jpg
CAMTPL490,"Kit de cámara de seguridad con energía solar (Tapo C410 KIT) Sensor de imagen Sensor Starlight CMOS de escaneo progresivo de 1/2,”, Distancia focal del objetivo: 3,17 mm ,Apertura: F1.65 ,Campo de visión: 125° (diagonal), 111° (horizontal), 56° (vertical), Visión nocturna LED IR de 850 nm (9,1 m/30 pies), Visión nocturna a todo color, Iluminación 2× Focos, Panel solar puerto de salida tipo C. Recibe alertas al detectar a una persona, lo que reduce las falsas alertas y las notificaciones innecesarias.","Kit de cámara de seguridad con energía solar (Tapo C410 KIT) Sensor de imagen Sensor Starlight CMOS de escaneo progresivo de 1/2,”, Distancia focal del objetivo: 3,17 mm ,Apertura: F1.65 ,Campo de visión: 125° (diagonal), 111° (horizontal), 56° (vertical), Visión nocturna LED IR de 850 nm (9,1 m/30 pies), Visión nocturna a todo color, Iluminación 2× Focos, Panel solar puerto de salida tipo C. Recibe alertas al detectar a una persona, lo que reduce las falsas alertas y las notificaciones innecesarias.. Clave Oficial CT: CAMTPL490. Marca: CT.",TELEFONIA Y VIDEO VIGILANCIA,telefonia_seguridad,CT,62.5,1218.75,1950.0,1950.0,1645.31,1645.31,1523.44,1462.5,https://static.ctonline.mx/imagenes/CAMTPL490/CAMTPL490_400.jpg,assets/img/catalog/CAMTPL490.jpg
CAMTPL470,"Cámara Wi-Fi con inteligencia artificial y movimiento horizontal y vertical (Tapo C230) rango completo de movimiento horizontal de 360º y vertical de 114º para panorámica e inclinación, visión nocturna ofrece una visibilidad de hasta 12 metros, Alarma de sonido y luz, Audio bidireccional: permite la comunicación a través de un micrófono y un altavoz integrados.","Cámara Wi-Fi con inteligencia artificial y movimiento horizontal y vertical (Tapo C230) rango completo de movimiento horizontal de 360º y vertical de 114º para panorámica e inclinación, visión nocturna ofrece una visibilidad de hasta 12 metros, Alarma de sonido y luz, Audio bidireccional: permite la comunicación a través de un micrófono y un altavoz integrados.. Clave Oficial CT: CAMTPL470. Marca: CT.",TELEFONIA Y VIDEO VIGILANCIA,telefonia_seguridad,CT,34.09,664.77,1063.64,1063.64,897.44,897.44,830.97,797.73,https://static.ctonline.mx/imagenes/CAMTPL470/CAMTPL470_400.jpg,assets/img/catalog/CAMTPL470.jpg
CAMTPL460,Cámara de Vigilancia Wi-Fi de 360° Grados para Exteriores con Vista 3K y Detección IA Avanzada  (Tapo C530WS) Vista en Vivo 3K 5MP: Adoptando una resolución de 2880 × 1620. Visión Nocturna en Color Starlight. Protección Integral de 360°. Detección IA Integral. Conexiones Flexibles y Red Confiable. Resistencia a la Intemperie IP66. Alarma de Luz y Sonido Personalizable. Almacenamiento Seguro Local y en la Nube. Audio Bidireccional.,Cámara de Vigilancia Wi-Fi de 360° Grados para Exteriores con Vista 3K y Detección IA Avanzada  (Tapo C530WS) Vista en Vivo 3K 5MP: Adoptando una resolución de 2880 × 1620. Visión Nocturna en Color Starlight. Protección Integral de 360°. Detección IA Integral. Conexiones Flexibles y Red Confiable. Resistencia a la Intemperie IP66. Alarma de Luz y Sonido Personalizable. Almacenamiento Seguro Local y en la Nube. Audio Bidireccional.. Clave Oficial CT: CAMTPL460. Marca: CT.,TELEFONIA Y VIDEO VIGILANCIA,telefonia_seguridad,CT,50.0,975.0,1560.0,1560.0,1316.25,1316.25,1218.75,1170.0,https://static.ctonline.mx/imagenes/CAMTPL460/CAMTPL460_400.jpg,assets/img/catalog/CAMTPL460.jpg
CAMTPL310,"Cámara de seguridad inteligente sin cables (Tapo C420) Resolución 2K QHD (2560 × 1440 px), sensor de imagen 1/3“ ,Lente F/NO: 1.61±10%; Focal Length: 3.18mm±5%, Ángulo de visión 113°, Vision nocturna 850 nm IR LED up to 49 ft/15m. Protocolo Wi-Fi IEEE 802.11b/g/n, 2.4 GHz, Detección de movimiento, Detección de mascotas, Detección de vehículos, audio bidireccional.","Cámara de seguridad inteligente sin cables (Tapo C420) Resolución 2K QHD (2560 × 1440 px), sensor de imagen 1/3“ ,Lente F/NO: 1.61±10%; Focal Length: 3.18mm±5%, Ángulo de visión 113°, Vision nocturna 850 nm IR LED up to 49 ft/15m. Protocolo Wi-Fi IEEE 802.11b/g/n, 2.4 GHz, Detección de movimiento, Detección de mascotas, Detección de vehículos, audio bidireccional.. Clave Oficial CT: CAMTPL310. Marca: CT.",TELEFONIA Y VIDEO VIGILANCIA,telefonia_seguridad,CT,62.5,1218.75,1950.0,1950.0,1645.31,1645.31,1523.44,1462.5,https://static.ctonline.mx/imagenes/CAMTPL310/CAMTPL310_400.jpg,assets/img/catalog/CAMTPL310.jpg
CAMTPL390,"Cámara de Vigilancia Wi-Fi con Batería(Tapo C425) Sensor Starlight CMOS de barrido progresivo de 1/3 ,LED IR de 850 nm (15 m), 4× Focos incorporados, Campo de visión 150° (Diagonal), 134°(Horizontal), 77°(Vertical), máxima resolución 2K QHD 4MP (2560 × 1440 px) Controla cualquier ángulo con la base magnética ajustable, Batería de larga duración 300 días, Visión nocturna a todo color, IP66, Mantén tu cámara en funcionamiento las 24 horas del día con el panel solar Tapo A200.*","Cámara de Vigilancia Wi-Fi con Batería(Tapo C425) Sensor Starlight CMOS de barrido progresivo de 1/3 ,LED IR de 850 nm (15 m), 4× Focos incorporados, Campo de visión 150° (Diagonal), 134°(Horizontal), 77°(Vertical), máxima resolución 2K QHD 4MP (2560 × 1440 px) Controla cualquier ángulo con la base magnética ajustable, Batería de larga duración 300 días, Visión nocturna a todo color, IP66, Mantén tu cámara en funcionamiento las 24 horas del día con el panel solar Tapo A200.*. Clave Oficial CT: CAMTPL390. Marca: CT.",TELEFONIA Y VIDEO VIGILANCIA,telefonia_seguridad,CT,79.55,1551.14,2481.82,2481.82,2094.03,2094.03,1938.92,1861.36,https://static.ctonline.mx/imagenes/CAMTPL390/CAMTPL390_400.jpg,assets/img/catalog/CAMTPL390.jpg
CAMTPL350,"Cámara Vigilancia Exterior (TAPO C325WB),Lente Super Apertura F1.0 y Sensor Grande de 1/1.79'', resolución de 2688×1520, 1× 10/100 Mbps RJ45, Vista en Vivo 2K QHD. Detección de Persona/Animal/Vehículo Persona/Animal/Vehículo, IP66 Resistente a la Intemperie, Conexión Inalámbrica/Cableada, Un amplio FOV de hasta 127° proporciona un rango de detección más grande que abarca más espacio, permitiéndote enfocarte en áreas más vitales. Visión nocturna ColorPro, Audio bidireccional, IEEE 802.11b/g/n, 2.4 GHz Wi-Fi.","Cámara Vigilancia Exterior (TAPO C325WB),Lente Super Apertura F1.0 y Sensor Grande de 1/1.79'', resolución de 2688×1520, 1× 10/100 Mbps RJ45, Vista en Vivo 2K QHD. Detección de Persona/Animal/Vehículo Persona/Animal/Vehículo, IP66 Resistente a la Intemperie, Conexión Inalámbrica/Cableada, Un amplio FOV de hasta 127° proporciona un rango de detección más grande que abarca más espacio, permitiéndote enfocarte en áreas más vitales. Visión nocturna ColorPro, Audio bidireccional, IEEE 802.11b/g/n, 2.4 GHz Wi-Fi.. Clave Oficial CT: CAMTPL350. Marca: CT.",TELEFONIA Y VIDEO VIGILANCIA,telefonia_seguridad,CT,73.86,1440.34,2304.55,2304.55,1944.46,1944.46,1800.43,1728.41,https://static.ctonline.mx/imagenes/CAMTPL350/CAMTPL350_400.jpg,assets/img/catalog/CAMTPL350.jpg
CAMTPL290,"Sistema de Cámaras Wi-Fi (Tapo C420S1), Sensor de imagen 1/3"", resolucón 2K QHD (2560 × 1440 px, lente F/NO: 1,61±10%; Distancia focal: 3,18 mm ± 5%, Ángulo de visión 113°,H.264. Vision nocturna LED IR de 850 nm hasta 49 pies/15 m. Frecuencia 2.4 GHz,Protocolo TCP/IP, ICMP, DNS, HTTPS, TCP, UDP. Detección de movimiento, detección de personas, Detección de mascotas, Detección de vehículos. Cámaras Tapo C420 (batería incluida), Audio bidireccional, Micrófono y altavoz integrados. Batería de larga duración 180 días.","Sistema de Cámaras Wi-Fi (Tapo C420S1), Sensor de imagen 1/3"", resolucón 2K QHD (2560 × 1440 px, lente F/NO: 1,61±10%; Distancia focal: 3,18 mm ± 5%, Ángulo de visión 113°,H.264. Vision nocturna LED IR de 850 nm hasta 49 pies/15 m. Frecuencia 2.4 GHz,Protocolo TCP/IP, ICMP, DNS, HTTPS, TCP, UDP. Detección de movimiento, detección de personas, Detección de mascotas, Detección de vehículos. Cámaras Tapo C420 (batería incluida), Audio bidireccional, Micrófono y altavoz integrados. Batería de larga duración 180 días.. Clave Oficial CT: CAMTPL290. Marca: CT.",TELEFONIA Y VIDEO VIGILANCIA,telefonia_seguridad,CT,90.91,1772.73,2836.36,2836.36,2393.18,2393.18,2215.91,2127.27,https://static.ctonline.mx/imagenes/CAMTPL290/CAMTPL290_400.jpg,assets/img/catalog/CAMTPL290.jpg
CAMTPL400,"Cámara reflectora inteligente(Tapo C720) Sensor de luz estelar CMOS de escaneo progresivo de 1/3"" ,Longitud focal: 2,1 mm , Apertura: F2.1 , Campo de visión: 153° (Diagonal), 134°(Horizontal), 77,6°(Vertical) , 2 × reflectores, Vista en vivo 2K QHD,  Almacenamiento local o en la nube: guarde y almacene imágenes localmente en una tarjeta microSD* (hasta 512 GB) o acceda a las grabaciones en cualquier momento y en cualquier lugar con el almacenamiento en la nube de Tapo Care.**, IP65","Cámara reflectora inteligente(Tapo C720) Sensor de luz estelar CMOS de escaneo progresivo de 1/3"" ,Longitud focal: 2,1 mm , Apertura: F2.1 , Campo de visión: 153° (Diagonal), 134°(Horizontal), 77,6°(Vertical) , 2 × reflectores, Vista en vivo 2K QHD,  Almacenamiento local o en la nube: guarde y almacene imágenes localmente en una tarjeta microSD* (hasta 512 GB) o acceda a las grabaciones en cualquier momento y en cualquier lugar con el almacenamiento en la nube de Tapo Care.**, IP65. Clave Oficial CT: CAMTPL400. Marca: CT.",TELEFONIA Y VIDEO VIGILANCIA,telefonia_seguridad,CT,107.95,2105.11,3368.18,3368.18,2841.9,2841.9,2631.39,2526.14,https://static.ctonline.mx/imagenes/CAMTPL400/CAMTPL400_400.jpg,assets/img/catalog/CAMTPL400.jpg
CAMTPL280,"Sistema de Cámaras Wi-Fi (Tapo C420S2), Sensor de imagen 1/3"" , resolución 2K QHD (2560 × 1440 px, lente F/NO: 1,61±10%; Distancia focal: 3,18 mm ± 5%, Ángulo de visión 113°,H.264. Visión nocturna LED IR de 850 nm hasta 49 pies/15 m. Frecuencia 2.4 GHz, Protocolo TCP/IP, ICMP, DNS, HTTPS, TCP, UDP. Detección de movimiento, Persona detección, Detección de mascotas, Detección de vehículos. Cámaras Tapo C420 (batería incluida),Audio bidireccional, Micrófono y altavoz integrados.","Sistema de Cámaras Wi-Fi (Tapo C420S2), Sensor de imagen 1/3"" , resolución 2K QHD (2560 × 1440 px, lente F/NO: 1,61±10%; Distancia focal: 3,18 mm ± 5%, Ángulo de visión 113°,H.264. Visión nocturna LED IR de 850 nm hasta 49 pies/15 m. Frecuencia 2.4 GHz, Protocolo TCP/IP, ICMP, DNS, HTTPS, TCP, UDP. Detección de movimiento, Persona detección, Detección de mascotas, Detección de vehículos. Cámaras Tapo C420 (batería incluida),Audio bidireccional, Micrófono y altavoz integrados.. Clave Oficial CT: CAMTPL280. Marca: CT.",TELEFONIA Y VIDEO VIGILANCIA,telefonia_seguridad,CT,147.73,2880.68,4609.09,4609.09,3888.92,3888.92,3600.85,3456.82,https://static.ctonline.mx/imagenes/CAMTPL280/CAMTPL280_400.jpg,assets/img/catalog/CAMTPL280.jpg
CAMTPL570,"Camara vigilancia 360º Interior / Exterior (Tapo C246D) Doble Lente 2K 3MP, Apertura: F1,6,Distancia focal: 2,8 mm, Campo de visión: 125,5° (diagonal), 107,8° (horizontal), 57,8° (vertical),LED IR de 850 nm (12 m), visión nocturna en color.Selecciona un área en la vista gran angular y la cámara panorámica/inclinable se enfocará en ella al instante. Selecciona un área en la vista gran angular y la cámara panorámica/inclinable se enfocará en ella al instante. Elige entre almacenamiento local microSD de hasta 512 GB o el servicio en la nube Tapo Care. Sonido Bidireccional","Camara vigilancia 360º Interior / Exterior (Tapo C246D) Doble Lente 2K 3MP, Apertura: F1,6,Distancia focal: 2,8 mm, Campo de visión: 125,5° (diagonal), 107,8° (horizontal), 57,8° (vertical),LED IR de 850 nm (12 m), visión nocturna en color.Selecciona un área en la vista gran angular y la cámara panorámica/inclinable se enfocará en ella al instante. Selecciona un área en la vista gran angular y la cámara panorámica/inclinable se enfocará en ella al instante. Elige entre almacenamiento local microSD de hasta 512 GB o el servicio en la nube Tapo Care. Sonido Bidireccional. Clave Oficial CT: CAMTPL570. Marca: CT.",TELEFONIA Y VIDEO VIGILANCIA,telefonia_seguridad,CT,60.23,1174.43,1879.09,1879.09,1585.48,1585.48,1468.04,1409.32,https://static.ctonline.mx/imagenes/CAMTPL570/CAMTPL570_400.jpg,assets/img/catalog/CAMTPL570.jpg
CAMTPL580,"Cámara Wi-Fi de 360 Grado Vista 2K 4MP y Detección IA Avanzada (Tapo C220)Longitud focal: 4,0 mm ± 5%, Apertura, F/NO: 2,0 ± 10%, Rango de Giro/Inclinación: 360° Horizontal, 114° Vertical. Resolución 2K 4MP QHD （2560 * 1440 px), Tecnología de IA inteligente que detecta eventos relevantes y te envía notificaciones instantáneas.Controla el dispositivo usando tu voz gracias a la compatibilidad con Google Assistant y Amazon Alexa, liberando tus manos para otras tareas. (La disponibilidad de Google Assistant y Amazon Alexa puede variar según el idioma y el país","Cámara Wi-Fi de 360 Grado Vista 2K 4MP y Detección IA Avanzada (Tapo C220)Longitud focal: 4,0 mm ± 5%, Apertura, F/NO: 2,0 ± 10%, Rango de Giro/Inclinación: 360° Horizontal, 114° Vertical. Resolución 2K 4MP QHD （2560 * 1440 px), Tecnología de IA inteligente que detecta eventos relevantes y te envía notificaciones instantáneas.Controla el dispositivo usando tu voz gracias a la compatibilidad con Google Assistant y Amazon Alexa, liberando tus manos para otras tareas. (La disponibilidad de Google Assistant y Amazon Alexa puede variar según el idioma y el país. Clave Oficial CT: CAMTPL580. Marca: CT.",TELEFONIA Y VIDEO VIGILANCIA,telefonia_seguridad,CT,31.82,620.45,992.73,992.73,837.61,837.61,775.57,744.55,https://static.ctonline.mx/imagenes/CAMTPL580/CAMTPL580_400.jpg,assets/img/catalog/CAMTPL580.jpg
CAMTPL600,"Cámara de seguridad con doble lente Pan/Tilt (Tapo C245D) Definición 2K, angular de 122° de campo de visión y una lente teleobjetivo de 6 mm. Detección y notificación inteligente dual con IA gratuita, totalmente compatible con Amazon Alexa y Google Assistant, usa comandos de voz para ver la transmisión en vivo de la cámara de seguridad Wi-Fi Tapo para interiores y exteriores. Visión nocturna de hasta 12 metros, Guarda las grabaciones continuamente en una tarjeta microSD de hasta 512 GB (no incluida) o suscríbete a Tapo Care para almacenamiento en la nube con 30 días de video. Audio bidireccional","Cámara de seguridad con doble lente Pan/Tilt (Tapo C245D) Definición 2K, angular de 122° de campo de visión y una lente teleobjetivo de 6 mm. Detección y notificación inteligente dual con IA gratuita, totalmente compatible con Amazon Alexa y Google Assistant, usa comandos de voz para ver la transmisión en vivo de la cámara de seguridad Wi-Fi Tapo para interiores y exteriores. Visión nocturna de hasta 12 metros, Guarda las grabaciones continuamente en una tarjeta microSD de hasta 512 GB (no incluida) o suscríbete a Tapo Care para almacenamiento en la nube con 30 días de video. Audio bidireccional. Clave Oficial CT: CAMTPL600. Marca: CT.",TELEFONIA Y VIDEO VIGILANCIA,telefonia_seguridad,CT,51.14,997.16,1595.45,1595.45,1346.16,1346.16,1246.45,1196.59,https://static.ctonline.mx/imagenes/CAMTPL600/CAMTPL600_400.jpg,assets/img/catalog/CAMTPL600.jpg
CAMTPL610,"Cámara de seguridad exterior alimentada por batería (Tapo C400) Resolución de video: 1080p Full HD (2 Megapíxeles) a 15 fps. Alimentación: Batería recargable integrada de 5200 mAh (Autonomía de hasta 180 días por carga). Conectividad: Wi-Fi de 2.4 GHz (IEEE 802.11b/g/n), Campo de visión (FOV): 116.7° Diagonal / 99.7° Horizontal / 53.8° Vertical. Visión nocturna: LED IR de 850 nm (hasta 10-15 metros de alcance),Campo de visión (FOV): 116.7° Diagonal / 99.7° Horizontal / 53.8° Vertical, Audio bidireccional, Almacenamiento local: Ranura para tarjeta microSD de hasta 512 GB , IP 65.","Cámara de seguridad exterior alimentada por batería (Tapo C400) Resolución de video: 1080p Full HD (2 Megapíxeles) a 15 fps. Alimentación: Batería recargable integrada de 5200 mAh (Autonomía de hasta 180 días por carga). Conectividad: Wi-Fi de 2.4 GHz (IEEE 802.11b/g/n), Campo de visión (FOV): 116.7° Diagonal / 99.7° Horizontal / 53.8° Vertical. Visión nocturna: LED IR de 850 nm (hasta 10-15 metros de alcance),Campo de visión (FOV): 116.7° Diagonal / 99.7° Horizontal / 53.8° Vertical, Audio bidireccional, Almacenamiento local: Ranura para tarjeta microSD de hasta 512 GB , IP 65.. Clave Oficial CT: CAMTPL610. Marca: CT.",TELEFONIA Y VIDEO VIGILANCIA,telefonia_seguridad,CT,37.5,731.25,1170.0,1170.0,987.19,987.19,914.06,877.5,https://static.ctonline.mx/imagenes/CAMTPL610/CAMTPL610_400.jpg,assets/img/catalog/CAMTPL610.jpg
CAMTPL620,"Kit de cámara de seguridad Tapo con energía solar (Tapo C400 KIT) visualización en vivo Full HD 1080p nítida y detallada La batería integrada proporciona hasta 180 días de energía de respaldo en días sin sol. Con tan solo 45 minutos de luz solar al día, obtendrá energía continua, eliminando la necesidad de recargas. Kit de sistema de seguridad inalámbrico inteligente para exterior/interior con batería recargable y Hub de gestión. LED infrarrojo de 850 nm (hasta 15 metros) + soporte de visión nocturna a color mediante focos LED integrado, detección inteligente por IA, Ranura para tarjeta microSD de hasta 256 GB / 512 GB, IP65.","Kit de cámara de seguridad Tapo con energía solar (Tapo C400 KIT) visualización en vivo Full HD 1080p nítida y detallada La batería integrada proporciona hasta 180 días de energía de respaldo en días sin sol. Con tan solo 45 minutos de luz solar al día, obtendrá energía continua, eliminando la necesidad de recargas. Kit de sistema de seguridad inalámbrico inteligente para exterior/interior con batería recargable y Hub de gestión. LED infrarrojo de 850 nm (hasta 15 metros) + soporte de visión nocturna a color mediante focos LED integrado, detección inteligente por IA, Ranura para tarjeta microSD de hasta 256 GB / 512 GB, IP65.. Clave Oficial CT: CAMTPL620. Marca: CT.",TELEFONIA Y VIDEO VIGILANCIA,telefonia_seguridad,CT,43.18,842.05,1347.27,1347.27,1136.76,1136.76,1052.56,1010.45,https://static.ctonline.mx/imagenes/CAMTPL620/CAMTPL620_400.jpg,assets/img/catalog/CAMTPL620.jpg
CAMTPL640,"Kit de cámara de seguridad con movimiento horizontal y vertical alimentado por energía solar (Tapo C610 KIT)  Resolución de video: Claridad 2K HD (3 Megapíxeles / 2304 × 1296 px) a 15 fps. Alimentación dual: Batería recargable integrada de 6700 mAh + Panel solar incluido. Bastan 45 minutos de sol directo al día para obtener energía infinita. Visión nocturna: Rango IR de hasta 10 metros. Cuenta con visión nocturna a color mediante focos LED (Spotlights) integrados, Detección inteligente por IA","Kit de cámara de seguridad con movimiento horizontal y vertical alimentado por energía solar (Tapo C610 KIT)  Resolución de video: Claridad 2K HD (3 Megapíxeles / 2304 × 1296 px) a 15 fps. Alimentación dual: Batería recargable integrada de 6700 mAh + Panel solar incluido. Bastan 45 minutos de sol directo al día para obtener energía infinita. Visión nocturna: Rango IR de hasta 10 metros. Cuenta con visión nocturna a color mediante focos LED (Spotlights) integrados, Detección inteligente por IA. Clave Oficial CT: CAMTPL640. Marca: CT.",TELEFONIA Y VIDEO VIGILANCIA,telefonia_seguridad,CT,68.18,1329.55,2127.27,2127.27,1794.89,1794.89,1661.93,1595.45,https://static.ctonline.mx/imagenes/CAMTPL640/CAMTPL640_400.jpg,assets/img/catalog/CAMTPL640.jpg
CAMTPL650,"Kit de cámara de seguridad inalámbrica para exterior con doble lente batería y panel solar  (Tapo C645D KIT) lente 2K (Fija + Pan/Tilt), Resolución de video: Doble resolución 2K HD (3 Megapíxeles / 2304 × 1296 px por cada lente) Batería de respaldo recargable de alta capacidad (10,000 mAh / hasta 4 meses de autonomía autónoma) + Carga solar continua. Basta 1 hora de luz solar directa al día para un funcionamiento ininterrumpido, Lente Superior (Gran Angular Fija): Ultra gran angular de 2.8 mm con un campo de visión (FOV) panorámico de 165°,Lente Inferior (Teleobjetivo Robótico PTZ): Lente de 6 mm que captura 4.9 veces más detalles (Zoom digital hasta 10.8x) con giro motorizado de 360° horizontal y 120° vertical","Kit de cámara de seguridad inalámbrica para exterior con doble lente batería y panel solar  (Tapo C645D KIT) lente 2K (Fija + Pan/Tilt), Resolución de video: Doble resolución 2K HD (3 Megapíxeles / 2304 × 1296 px por cada lente) Batería de respaldo recargable de alta capacidad (10,000 mAh / hasta 4 meses de autonomía autónoma) + Carga solar continua. Basta 1 hora de luz solar directa al día para un funcionamiento ininterrumpido, Lente Superior (Gran Angular Fija): Ultra gran angular de 2.8 mm con un campo de visión (FOV) panorámico de 165°,Lente Inferior (Teleobjetivo Robótico PTZ): Lente de 6 mm que captura 4.9 veces más detalles (Zoom digital hasta 10.8x) con giro motorizado de 360° horizontal y 120° vertical. Clave Oficial CT: CAMTPL650. Marca: CT.",TELEFONIA Y VIDEO VIGILANCIA,telefonia_seguridad,CT,131.25,2559.38,4095.0,4095.0,3455.16,3455.16,3199.22,3071.25,https://static.ctonline.mx/imagenes/CAMTPL650/CAMTPL650_400.jpg,assets/img/catalog/CAMTPL650.jpg
CAMTPL670,"Cámara VIGI 2MP IR Turret (VIGI C420I(2.8mm) Tipo de lente fija Longitud focal: 2.8. 2MP Full Alta Definición y Visión. Clasificación de Personas y Vehículos, Micrófono Integrado, Tecnología de Compresión H.265+","Cámara VIGI 2MP IR Turret (VIGI C420I(2.8mm) Tipo de lente fija Longitud focal: 2.8. 2MP Full Alta Definición y Visión. Clasificación de Personas y Vehículos, Micrófono Integrado, Tecnología de Compresión H.265+. Clave Oficial CT: CAMTPL670. Marca: CT.",TELEFONIA Y VIDEO VIGILANCIA,telefonia_seguridad,CT,23.86,465.34,744.55,744.55,628.21,628.21,581.68,558.41,https://static.ctonline.mx/imagenes/CAMTPL670/CAMTPL670_400.jpg,assets/img/catalog/CAMTPL670.jpg
CAMTPL680,"Cámara Bala Exterior IR VIGI 2MP (VIGI C320I(2.8mm)Sensor de imagen CMOS de escaneo progresivo de 1/3” . Cámara Full HD de 2 MP y visión infrarroja, Clasificación de personas y vehículos, detección inteligente, Micrófono integrado, resistencia al agua IP67, compresión H.265+.","Cámara Bala Exterior IR VIGI 2MP (VIGI C320I(2.8mm)Sensor de imagen CMOS de escaneo progresivo de 1/3” . Cámara Full HD de 2 MP y visión infrarroja, Clasificación de personas y vehículos, detección inteligente, Micrófono integrado, resistencia al agua IP67, compresión H.265+.. Clave Oficial CT: CAMTPL680. Marca: CT.",TELEFONIA Y VIDEO VIGILANCIA,telefonia_seguridad,CT,30.68,598.3,957.27,957.27,807.7,807.7,747.87,717.95,https://static.ctonline.mx/imagenes/CAMTPL680/CAMTPL680_400.jpg,assets/img/catalog/CAMTPL680.jpg
CAMTPL690,Cámara tipo bala para exteriores VIGI de 4 MP (VIGI C340I(2.8mm) Gran Angular Lente 2.8mm (106°) de visión diagonal  . Visión Nocturna IR 30m | Inteligencia Artificial(Filtro Humanos/Vehículos  Ranura MicroSD | Protección IP67 para Intemperie | Alimentación PoE / 12V CC. Visión Nocturna: Infrarrojo (IR) inteligente con alcance de hasta 30 metros.,Cámara tipo bala para exteriores VIGI de 4 MP (VIGI C340I(2.8mm) Gran Angular Lente 2.8mm (106°) de visión diagonal  . Visión Nocturna IR 30m | Inteligencia Artificial(Filtro Humanos/Vehículos  Ranura MicroSD | Protección IP67 para Intemperie | Alimentación PoE / 12V CC. Visión Nocturna: Infrarrojo (IR) inteligente con alcance de hasta 30 metros.. Clave Oficial CT: CAMTPL690. Marca: CT.,TELEFONIA Y VIDEO VIGILANCIA,telefonia_seguridad,CT,36.36,709.09,1134.55,1134.55,957.27,957.27,886.36,850.91,https://static.ctonline.mx/imagenes/CAMTPL690/CAMTPL690_400.jpg,assets/img/catalog/CAMTPL690.jpg
CAMTPL700,"Cámara tipo Domo  (VIGI C240I(2.8mm) Cámara IP Tipo Domo Fijo 4MP | Gran Angular Lente 2.8mm (106°)  Visión Nocturna IR 30m | Antivandálica IK10 e Intemperie IP67 |Inteligencia Artificial (Humanos/Vehículos, Micrófono Integrado, Alimentación PoE / 12V CC","Cámara tipo Domo  (VIGI C240I(2.8mm) Cámara IP Tipo Domo Fijo 4MP | Gran Angular Lente 2.8mm (106°)  Visión Nocturna IR 30m | Antivandálica IK10 e Intemperie IP67 |Inteligencia Artificial (Humanos/Vehículos, Micrófono Integrado, Alimentación PoE / 12V CC. Clave Oficial CT: CAMTPL700. Marca: CT.",TELEFONIA Y VIDEO VIGILANCIA,telefonia_seguridad,CT,40.91,797.73,1276.36,1276.36,1076.93,1076.93,997.16,957.27,https://static.ctonline.mx/imagenes/CAMTPL700/CAMTPL700_400.jpg,assets/img/catalog/CAMTPL700.jpg
CAMTPL710,"Cámara IP tipo Bala  Ext.  (VIGI C340(2.8mm) 4MP,Tecnología Full-Color 24/7  Visión Nocturna FULL-COLOR 24/7 | Gran Angular Lente 2.8mm , Audio Bidireccional (Micrófono y Altavoz) , Alarma con Luz y Sonido , IA (Filtro Humanos/Vehículos) ,Ranura MicroSD , IP66 Intemperie , PoE / 12V CC.","Cámara IP tipo Bala  Ext.  (VIGI C340(2.8mm) 4MP,Tecnología Full-Color 24/7  Visión Nocturna FULL-COLOR 24/7 | Gran Angular Lente 2.8mm , Audio Bidireccional (Micrófono y Altavoz) , Alarma con Luz y Sonido , IA (Filtro Humanos/Vehículos) ,Ranura MicroSD , IP66 Intemperie , PoE / 12V CC.. Clave Oficial CT: CAMTPL710. Marca: CT.",TELEFONIA Y VIDEO VIGILANCIA,telefonia_seguridad,CT,47.73,930.68,1489.09,1489.09,1256.42,1256.42,1163.35,1116.82,https://static.ctonline.mx/imagenes/CAMTPL710/CAMTPL710_400.jpg,assets/img/catalog/CAMTPL710.jpg
CAMTPL720,"Cámara IP Tipo Domo 5MP (3K) (VIGI C250(2.8mm) Visión Nocturna FULL-COLOR 24/7 | WDR Real (120dB)  Antivandálica IK10 e Intemperie IP67 , IA Avanzada (Clasificación e Historial de Atributos) , Micrófono Integrado , Soporta MicroSD 512GB | PoE / 12V CC.","Cámara IP Tipo Domo 5MP (3K) (VIGI C250(2.8mm) Visión Nocturna FULL-COLOR 24/7 | WDR Real (120dB)  Antivandálica IK10 e Intemperie IP67 , IA Avanzada (Clasificación e Historial de Atributos) , Micrófono Integrado , Soporta MicroSD 512GB | PoE / 12V CC.. Clave Oficial CT: CAMTPL720. Marca: CT.",TELEFONIA Y VIDEO VIGILANCIA,telefonia_seguridad,CT,47.73,930.68,1489.09,1489.09,1256.42,1256.42,1163.35,1116.82,https://static.ctonline.mx/imagenes/CAMTPL720/CAMTPL720_400.jpg,assets/img/catalog/CAMTPL720.jpg
CAMTPL730,"Cámara IP Tipo Bala Exterior 4MP Wi-Fi (VIGI C340-W(4mm) Lente de Largo Alcance 4mm (79°) | Visión Nocturna FULL-COLOR 24/7.  Conexión Inalámbrica Estable (2 Antenas) , Audio Bidireccional | Alarma de Defensa Activa , IP66 Intemperie , Ranura MicroSD ,Alimentación 12V CC.","Cámara IP Tipo Bala Exterior 4MP Wi-Fi (VIGI C340-W(4mm) Lente de Largo Alcance 4mm (79°) | Visión Nocturna FULL-COLOR 24/7.  Conexión Inalámbrica Estable (2 Antenas) , Audio Bidireccional | Alarma de Defensa Activa , IP66 Intemperie , Ranura MicroSD ,Alimentación 12V CC.. Clave Oficial CT: CAMTPL730. Marca: CT.",TELEFONIA Y VIDEO VIGILANCIA,telefonia_seguridad,CT,51.14,997.16,1595.45,1595.45,1346.16,1346.16,1246.45,1196.59,https://static.ctonline.mx/imagenes/CAMTPL730/CAMTPL730_400.jpg,assets/img/catalog/CAMTPL730.jpg
CAMTPL740,"Cámara Bala IP Exterior 5MP(VIGI C350(2.8mm) Lente 2.8mm (109°) | Full-Color 24/7.  IA Humano, Vehículo , Audio Dos Vías , IP67. Soporta PoE (Power over Ethernet) mediante cable de red o corriente directa de 12V DC.","Cámara Bala IP Exterior 5MP(VIGI C350(2.8mm) Lente 2.8mm (109°) | Full-Color 24/7.  IA Humano, Vehículo , Audio Dos Vías , IP67. Soporta PoE (Power over Ethernet) mediante cable de red o corriente directa de 12V DC.. Clave Oficial CT: CAMTPL740. Marca: CT.",TELEFONIA Y VIDEO VIGILANCIA,telefonia_seguridad,CT,53.41,1041.48,1666.36,1666.36,1405.99,1405.99,1301.85,1249.77,https://static.ctonline.mx/imagenes/CAMTPL740/CAMTPL740_400.jpg,assets/img/catalog/CAMTPL740.jpg
CAMTPL750,"Cámara Bala IP Exterior 5MP(VIGI C350(4mm) Mayor Alcance | Full-Color 24/7 . IA Humano/Vehículo | Audio Bidireccional | IP67 | PoE/12V.Permite energizarse a través del mismo cable de red (PoE) o mediante un eliminador estándar, Compresión Inteligente H.265+.","Cámara Bala IP Exterior 5MP(VIGI C350(4mm) Mayor Alcance | Full-Color 24/7 . IA Humano/Vehículo | Audio Bidireccional | IP67 | PoE/12V.Permite energizarse a través del mismo cable de red (PoE) o mediante un eliminador estándar, Compresión Inteligente H.265+.. Clave Oficial CT: CAMTPL750. Marca: CT.",TELEFONIA Y VIDEO VIGILANCIA,telefonia_seguridad,CT,53.41,1041.48,1666.36,1666.36,1405.99,1405.99,1301.85,1249.77,https://static.ctonline.mx/imagenes/CAMTPL750/CAMTPL750_400.jpg,assets/img/catalog/CAMTPL750.jpg
CAMTPL760,"Cámara tipo bala  VIGI de 4 MP para exterior (VIGI C350(4MM) Resolución: 4 Megapíxeles (Ultra HD), Lente: 2.8 mm (Gran angular, apertura de 100°). Visión Nocturna: Full-Color 24/7 (Imagen a color toda la noche), Inteligencia Artificial: Detección y clasificación de humanos y vehículos, Audio: Bidireccional (Micrófono y altavoz integrados) + Defensa activa (Sirena/Luz), IP 67.","Cámara tipo bala  VIGI de 4 MP para exterior (VIGI C350(4MM) Resolución: 4 Megapíxeles (Ultra HD), Lente: 2.8 mm (Gran angular, apertura de 100°). Visión Nocturna: Full-Color 24/7 (Imagen a color toda la noche), Inteligencia Artificial: Detección y clasificación de humanos y vehículos, Audio: Bidireccional (Micrófono y altavoz integrados) + Defensa activa (Sirena/Luz), IP 67.. Clave Oficial CT: CAMTPL760. Marca: CT.",TELEFONIA Y VIDEO VIGILANCIA,telefonia_seguridad,CT,71.59,1396.02,2233.64,2233.64,1884.63,1884.63,1745.03,1675.23,https://static.ctonline.mx/imagenes/CAMTPL760/CAMTPL760_400.jpg,assets/img/catalog/CAMTPL760.jpg
CAMTPL770,"Cámara tipo Turret VIGI de 5 MP para exterior (InSight S455(2.8mm) Resolución: 5 Megapíxeles (Calidad 3K Ultra HD de súper alta definición), Lente: 2.8 mm (Ultra gran angular, apertura de 111.4° para mayor cobertura). Visión Nocturna: Full-Color 24/7 y LED IR hasta 30 metros, Inteligencia Artificial: Análisis y clasificación avanzada de personas/vehículos, Audio y Alarma: Audio bidireccional + Defensa activa (Sirena y luz estroboscópica), Protección y Almacenamiento: IP67 Intemperie + Ranura para MicroSD de hasta 512 GB.","Cámara tipo Turret VIGI de 5 MP para exterior (InSight S455(2.8mm) Resolución: 5 Megapíxeles (Calidad 3K Ultra HD de súper alta definición), Lente: 2.8 mm (Ultra gran angular, apertura de 111.4° para mayor cobertura). Visión Nocturna: Full-Color 24/7 y LED IR hasta 30 metros, Inteligencia Artificial: Análisis y clasificación avanzada de personas/vehículos, Audio y Alarma: Audio bidireccional + Defensa activa (Sirena y luz estroboscópica), Protección y Almacenamiento: IP67 Intemperie + Ranura para MicroSD de hasta 512 GB.. Clave Oficial CT: CAMTPL770. Marca: CT.",TELEFONIA Y VIDEO VIGILANCIA,telefonia_seguridad,CT,71.59,1396.02,2233.64,2233.64,1884.63,1884.63,1745.03,1675.23,https://static.ctonline.mx/imagenes/CAMTPL770/CAMTPL770_400.jpg,assets/img/catalog/CAMTPL770.jpg
CAMTPL790,"Cámara IP tipo Bala para exterior (InSight S385(2.8mm) Calidad de Imagen Ultra HD: Resolución 4K de 8 Megapíxeles (3840 x 2160). Lente Gran Angular de 2.8mm: Ideal para cubrir espacios amplios exteriores e interiores gracias a su apertura de campo diagonal de 134°, Defensa Activa y Audio Bidireccional: Cuenta con micrófono y altavoz integrados, Mejora de Video Inteligente: Tecnología True WDR de 120 dB y 3D DNR para compensar zonas muy oscuras o con exceso de luz solar directa. Almacenamiento Local: Incluye ranura para tarjeta MicroSD de hasta 512 GB.","Cámara IP tipo Bala para exterior (InSight S385(2.8mm) Calidad de Imagen Ultra HD: Resolución 4K de 8 Megapíxeles (3840 x 2160). Lente Gran Angular de 2.8mm: Ideal para cubrir espacios amplios exteriores e interiores gracias a su apertura de campo diagonal de 134°, Defensa Activa y Audio Bidireccional: Cuenta con micrófono y altavoz integrados, Mejora de Video Inteligente: Tecnología True WDR de 120 dB y 3D DNR para compensar zonas muy oscuras o con exceso de luz solar directa. Almacenamiento Local: Incluye ranura para tarjeta MicroSD de hasta 512 GB.. Clave Oficial CT: CAMTPL790. Marca: CT.",TELEFONIA Y VIDEO VIGILANCIA,telefonia_seguridad,CT,92.05,1794.89,2871.82,2871.82,2423.1,2423.1,2243.61,2153.86,https://static.ctonline.mx/imagenes/CAMTPL790/CAMTPL790_400.jpg,assets/img/catalog/CAMTPL790.jpg
CAMTPL800,"Cámara IP tipo Bala para exterior (VIGI C340S(4mm)  4MP con Visión Nocturna ColorPro, Lente: Fijo de 4 mm (Enfoque equilibrado, ideal para identificar rostros u objetivos a media distancia).Visión Nocturna: Tecnología ColorPro (Imágenes ultra nítidas a color con iluminación mínima de hasta 0.0005 Lux). IP67,  Cuenta con ranura para tarjeta MicroSD integrada (soporta hasta 256GB para grabación local autónoma).","Cámara IP tipo Bala para exterior (VIGI C340S(4mm)  4MP con Visión Nocturna ColorPro, Lente: Fijo de 4 mm (Enfoque equilibrado, ideal para identificar rostros u objetivos a media distancia).Visión Nocturna: Tecnología ColorPro (Imágenes ultra nítidas a color con iluminación mínima de hasta 0.0005 Lux). IP67,  Cuenta con ranura para tarjeta MicroSD integrada (soporta hasta 256GB para grabación local autónoma).. Clave Oficial CT: CAMTPL800. Marca: CT.",TELEFONIA Y VIDEO VIGILANCIA,telefonia_seguridad,CT,81.82,1595.45,2552.73,2552.73,2153.86,2153.86,1994.32,1914.55,https://static.ctonline.mx/imagenes/CAMTPL800/CAMTPL800_400.jpg,assets/img/catalog/CAMTPL800.jpg
CAMTPL830,"Cámara IP Fisheye infrarroja VIGI de 5 MP (Insight S655I) Resolución Máxima: 5 Megapíxeles , ángulo de visión completo de 180° (horizontal, vertical y diagonal), logrando la cobertura total de 360° en techos. Audio Bidireccional, Visión Nocturna IR, Detección Inteligente, Compresión H.265+, Protección IK10,  IP67.","Cámara IP Fisheye infrarroja VIGI de 5 MP (Insight S655I) Resolución Máxima: 5 Megapíxeles , ángulo de visión completo de 180° (horizontal, vertical y diagonal), logrando la cobertura total de 360° en techos. Audio Bidireccional, Visión Nocturna IR, Detección Inteligente, Compresión H.265+, Protección IK10,  IP67.. Clave Oficial CT: CAMTPL830. Marca: CT.",TELEFONIA Y VIDEO VIGILANCIA,telefonia_seguridad,CT,134.09,2614.77,4183.64,4183.64,3529.94,3529.94,3268.47,3137.73,https://static.ctonline.mx/imagenes/CAMTPL830/CAMTPL830_400.jpg,assets/img/catalog/CAMTPL830.jpg
CAMTPL840,"Cámara IP VIGI tipo bala Varifocal Motorizada exterior (InSight S345ZI) Zoom óptico 5X, definición de 4MP y alcance de infrarrojos de hasta 60m . Clasificación de personas y vehículos, Detección inteligente, Interfaz de audio y alarma , IP67 y a prueba de vandalismo IK10, compresión H.265+.","Cámara IP VIGI tipo bala Varifocal Motorizada exterior (InSight S345ZI) Zoom óptico 5X, definición de 4MP y alcance de infrarrojos de hasta 60m . Clasificación de personas y vehículos, Detección inteligente, Interfaz de audio y alarma , IP67 y a prueba de vandalismo IK10, compresión H.265+.. Clave Oficial CT: CAMTPL840. Marca: CT.",TELEFONIA Y VIDEO VIGILANCIA,telefonia_seguridad,CT,155.68,3035.8,4857.27,4857.27,4098.32,4098.32,3794.74,3642.95,https://static.ctonline.mx/imagenes/CAMTPL840/CAMTPL840_400.jpg,assets/img/catalog/CAMTPL840.jpg
CAMTPL850,"Cámara IP VIGI bala Panorámica de 8MP (InSight S385PII) Visión panorámica de 180° con Huge Vision, Ultra HD 4K (8MP) y alcance de infrarrojos de hasta 20m*1 . Análisis de personas y vehículos, Detección inteligente, Interfaz de audio y alarma, IP67 , compresión H.265+.","Cámara IP VIGI bala Panorámica de 8MP (InSight S385PII) Visión panorámica de 180° con Huge Vision, Ultra HD 4K (8MP) y alcance de infrarrojos de hasta 20m*1 . Análisis de personas y vehículos, Detección inteligente, Interfaz de audio y alarma, IP67 , compresión H.265+.. Clave Oficial CT: CAMTPL850. Marca: CT.",TELEFONIA Y VIDEO VIGILANCIA,telefonia_seguridad,CT,157.95,3080.11,4928.18,4928.18,4158.15,4158.15,3850.14,3696.14,https://static.ctonline.mx/imagenes/CAMTPL850/CAMTPL850_400.jpg,assets/img/catalog/CAMTPL850.jpg
CAMTPL860,"Cámara IP VIGI tipo turret Panorámica de 8MP (InSight S485PI) Visión panorámica de 180° con Huge Vision, Ultra HD 4K (8MP) y alcance de infrarrojos de hasta 20m*1 . Análisis de personas y vehículos, Detección inteligente, Interfaz de audio y alarma, IP67 , IK10, compresión H.265+.","Cámara IP VIGI tipo turret Panorámica de 8MP (InSight S485PI) Visión panorámica de 180° con Huge Vision, Ultra HD 4K (8MP) y alcance de infrarrojos de hasta 20m*1 . Análisis de personas y vehículos, Detección inteligente, Interfaz de audio y alarma, IP67 , IK10, compresión H.265+.. Clave Oficial CT: CAMTPL860. Marca: CT.",TELEFONIA Y VIDEO VIGILANCIA,telefonia_seguridad,CT,168.18,3279.55,5247.27,5247.27,4427.39,4427.39,4099.43,3935.45,https://static.ctonline.mx/imagenes/CAMTPL860/CAMTPL860_400.jpg,assets/img/catalog/CAMTPL860.jpg
CAMTPL440,"Cámara IP  Bullet para Exterior  VIGI de 5MP(VIGI C355(2.8MM) 5 Megapíxeles (3K Super HD). LGran Angular Ampliado (134° diagonal), Full-Color a 30 metros (Luces duales IR/LED), PoE (802.3af) o 12V DC.","Cámara IP  Bullet para Exterior  VIGI de 5MP(VIGI C355(2.8MM) 5 Megapíxeles (3K Super HD). LGran Angular Ampliado (134° diagonal), Full-Color a 30 metros (Luces duales IR/LED), PoE (802.3af) o 12V DC.. Clave Oficial CT: CAMTPL440. Marca: CT.",TELEFONIA Y VIDEO VIGILANCIA,telefonia_seguridad,CT,62.5,1218.75,1950.0,1950.0,1645.31,1645.31,1523.44,1462.5,https://static.ctonline.mx/imagenes/CAMTPL440/CAMTPL440_400.jpg,assets/img/catalog/CAMTPL440.jpg
CAMTPL510,"Cámara IP Domo 2MP (VIGI C220I(2.8MM) Grabación en alta definición Full HD (1920 × 1080 píxeles). Lente de 2.8 mm , Alimentación PoE y 12V DC , Detección Inteligente con IA, Smart IR Integrado ,Analítica de Video Avanzada , Compresión H.265+ Compatibilidad ONVIF.","Cámara IP Domo 2MP (VIGI C220I(2.8MM) Grabación en alta definición Full HD (1920 × 1080 píxeles). Lente de 2.8 mm , Alimentación PoE y 12V DC , Detección Inteligente con IA, Smart IR Integrado ,Analítica de Video Avanzada , Compresión H.265+ Compatibilidad ONVIF.. Clave Oficial CT: CAMTPL510. Marca: CT.",TELEFONIA Y VIDEO VIGILANCIA,telefonia_seguridad,CT,26.14,509.66,815.45,815.45,688.04,688.04,637.07,611.59,https://static.ctonline.mx/imagenes/CAMTPL510/CAMTPL510_400.jpg,assets/img/catalog/CAMTPL510.jpg
CAMTPL530,"Cámara IP PTZ Exterior VIGI de 4MP(VIGI C540V) Doble Lente Varifocal (4-12 mm. Zoom 3× Instantáneo, Visión Nocturna Full-Color 24/7, Protección IP66, Auto-Seguimiento IA y Alimentación PoE/12V, Audio Bidirecciona.","Cámara IP PTZ Exterior VIGI de 4MP(VIGI C540V) Doble Lente Varifocal (4-12 mm. Zoom 3× Instantáneo, Visión Nocturna Full-Color 24/7, Protección IP66, Auto-Seguimiento IA y Alimentación PoE/12V, Audio Bidirecciona.. Clave Oficial CT: CAMTPL530. Marca: CT.",TELEFONIA Y VIDEO VIGILANCIA,telefonia_seguridad,CT,62.5,1218.75,1950.0,1950.0,1645.31,1645.31,1523.44,1462.5,https://static.ctonline.mx/imagenes/CAMTPL530/CAMTPL530_400.jpg,assets/img/catalog/CAMTPL530.jpg
CAMTPL870,"Cámara IP Robótica Premium para Exterior VIGI de 4MP (VIGI C540S(4mm) Grabación en alta definición con una resolución máxima de 2688 × 1520 píxeles a 30 fps. Tecnología ColorPro (Visión Nocturna Ultra Baja Luz sin LED), Lente de 4mm (F1.0), Rotación 360°, Analítica AI Pro, IP66 y Alimentación PoE/12V, Audio Bidireccional Integrado.","Cámara IP Robótica Premium para Exterior VIGI de 4MP (VIGI C540S(4mm) Grabación en alta definición con una resolución máxima de 2688 × 1520 píxeles a 30 fps. Tecnología ColorPro (Visión Nocturna Ultra Baja Luz sin LED), Lente de 4mm (F1.0), Rotación 360°, Analítica AI Pro, IP66 y Alimentación PoE/12V, Audio Bidireccional Integrado.. Clave Oficial CT: CAMTPL870. Marca: CT.",TELEFONIA Y VIDEO VIGILANCIA,telefonia_seguridad,CT,89.77,1750.57,2800.91,2800.91,2363.27,2363.27,2188.21,2100.68,https://static.ctonline.mx/imagenes/CAMTPL870/CAMTPL870_400.jpg,assets/img/catalog/CAMTPL870.jpg
CAMTPL880,"Cámara IP Mini Domo para Interior/Exterior  3MP (VIGI C230I MINI(2.8MM) Captura imágenes nítidas en resolución de 2304 × 1296 píxeles. Lente de 2.8mm (Ultra Gran Angular), Protección IP67, Resistencia Antivandálica IK08, Alimentación PoE/12V y Audio Bidireccional.","Cámara IP Mini Domo para Interior/Exterior  3MP (VIGI C230I MINI(2.8MM) Captura imágenes nítidas en resolución de 2304 × 1296 píxeles. Lente de 2.8mm (Ultra Gran Angular), Protección IP67, Resistencia Antivandálica IK08, Alimentación PoE/12V y Audio Bidireccional.. Clave Oficial CT: CAMTPL880. Marca: CT.",TELEFONIA Y VIDEO VIGILANCIA,telefonia_seguridad,CT,45.45,886.36,1418.18,1418.18,1196.59,1196.59,1107.95,1063.64,https://static.ctonline.mx/imagenes/CAMTPL880/CAMTPL880_400.jpg,assets/img/catalog/CAMTPL880.jpg
CAMTPL890,"Cámara IP Domo para Exterior/Interior  VIGI de 4MP(VIGI C240 (2.8MM) Resolución máxima de 2560 × 1440 píxeles a 30 fps.  Lente de 2.8mm (Gran Angular), Visión Nocturna Full-Color 24/7, Protección IP67, Resistencia IK10 Antivandálica y Alimentación PoE/12V, Micrófono Integrado.","Cámara IP Domo para Exterior/Interior  VIGI de 4MP(VIGI C240 (2.8MM) Resolución máxima de 2560 × 1440 píxeles a 30 fps.  Lente de 2.8mm (Gran Angular), Visión Nocturna Full-Color 24/7, Protección IP67, Resistencia IK10 Antivandálica y Alimentación PoE/12V, Micrófono Integrado.. Clave Oficial CT: CAMTPL890. Marca: CT.",TELEFONIA Y VIDEO VIGILANCIA,telefonia_seguridad,CT,45.45,886.36,1418.18,1418.18,1196.59,1196.59,1107.95,1063.64,https://static.ctonline.mx/imagenes/CAMTPL890/CAMTPL890_400.jpg,assets/img/catalog/CAMTPL890.jpg
CAMTPL900,"Cámara IP Turret  Interior VIGI de 5MP (VIGI C450(2.8mm) Captura imágenes de ultra alta definición en 2880 × 1620 píxeles (resolución 3K) . Ofrece una apertura diagonal sumamente amplia de 107°, idónea para vigilar habitaciones completas o recepciones amplias desde una esquina sin perder cobertura, Tecnología Full-Color 24/7, True WDR de 120 dB, Detección Inteligente IA, Audio Bidireccional Integrado, Cuenta con ranura MicroSD para tarjetas de hasta 512 GB, Alimentación PoE y 12V DC , Compresión Eficiente H.265+","Cámara IP Turret  Interior VIGI de 5MP (VIGI C450(2.8mm) Captura imágenes de ultra alta definición en 2880 × 1620 píxeles (resolución 3K) . Ofrece una apertura diagonal sumamente amplia de 107°, idónea para vigilar habitaciones completas o recepciones amplias desde una esquina sin perder cobertura, Tecnología Full-Color 24/7, True WDR de 120 dB, Detección Inteligente IA, Audio Bidireccional Integrado, Cuenta con ranura MicroSD para tarjetas de hasta 512 GB, Alimentación PoE y 12V DC , Compresión Eficiente H.265+. Clave Oficial CT: CAMTPL900. Marca: CT.",TELEFONIA Y VIDEO VIGILANCIA,telefonia_seguridad,CT,52.27,1019.32,1630.91,1630.91,1376.08,1376.08,1274.15,1223.18,https://static.ctonline.mx/imagenes/CAMTPL900/CAMTPL900_400.jpg,assets/img/catalog/CAMTPL900.jpg
CAMTPL910,"Cámara VIGI de 4 MP exterior Pan Tilt (VIGI C540(4mm) Resolución Ultra-HD 4MP: Graba imágenes de alta claridad en 2560 × 1440 píxeles para distinguir rostros . Giro horizontal motorizado de 0° a 348° y vertical de 0° a 120° para una cobertura total de 360 grados sin puntos ciegos, Seguimiento Automático (Auto Tracking), Tecnología Full-Color 24/7, Audio Bidireccional, Ranura para tarjeta MicroSD integrada que admite hasta 256 GB de grabación directa sin depender de la red, Compresión H.265+.","Cámara VIGI de 4 MP exterior Pan Tilt (VIGI C540(4mm) Resolución Ultra-HD 4MP: Graba imágenes de alta claridad en 2560 × 1440 píxeles para distinguir rostros . Giro horizontal motorizado de 0° a 348° y vertical de 0° a 120° para una cobertura total de 360 grados sin puntos ciegos, Seguimiento Automático (Auto Tracking), Tecnología Full-Color 24/7, Audio Bidireccional, Ranura para tarjeta MicroSD integrada que admite hasta 256 GB de grabación directa sin depender de la red, Compresión H.265+.. Clave Oficial CT: CAMTPL910. Marca: CT.",TELEFONIA Y VIDEO VIGILANCIA,telefonia_seguridad,CT,50.0,975.0,1560.0,1560.0,1316.25,1316.25,1218.75,1170.0,https://static.ctonline.mx/imagenes/CAMTPL910/CAMTPL910_400.jpg,assets/img/catalog/CAMTPL910.jpg
CAMTPL920,"Cámara IP Turret Wi-Fi 4MP (VIGI C440I(2.8MM) Resolución Ultra-HD 4MP: Captura imágenes en alta definición con resolución de hasta 2560 × 1440 píxeles. tecnología Full-Color 24/7, Conexión Inalámbrica Wi-Fi , Detección Inteligente con IA , Audio Bidireccional, Detección Inteligente con IA , Compatibilidad ONVIF, Compresión de Video H.265+, Ranura para tarjeta MicroSD con soporte de hasta 256 GB (algunas revisiones soportan hasta 512 GB).","Cámara IP Turret Wi-Fi 4MP (VIGI C440I(2.8MM) Resolución Ultra-HD 4MP: Captura imágenes en alta definición con resolución de hasta 2560 × 1440 píxeles. tecnología Full-Color 24/7, Conexión Inalámbrica Wi-Fi , Detección Inteligente con IA , Audio Bidireccional, Detección Inteligente con IA , Compatibilidad ONVIF, Compresión de Video H.265+, Ranura para tarjeta MicroSD con soporte de hasta 256 GB (algunas revisiones soportan hasta 512 GB).. Clave Oficial CT: CAMTPL920. Marca: CT.",TELEFONIA Y VIDEO VIGILANCIA,telefonia_seguridad,CT,34.09,664.77,1063.64,1063.64,897.44,897.44,830.97,797.73,https://static.ctonline.mx/imagenes/CAMTPL920/CAMTPL920_400.jpg,assets/img/catalog/CAMTPL920.jpg
CAMTPL960,"Cámara IP Turret Wi-Fi para Interior/Exterior VIGI de 4MP(VIGI C440-W(4mm) Captura imágenes en alta definición con una resolución máxima de 2560 × 1440. Visión Nocturna Full-Color 24/7, Audio Bidireccional, Detección Inteligente IA y Defensa Activa.","Cámara IP Turret Wi-Fi para Interior/Exterior VIGI de 4MP(VIGI C440-W(4mm) Captura imágenes en alta definición con una resolución máxima de 2560 × 1440. Visión Nocturna Full-Color 24/7, Audio Bidireccional, Detección Inteligente IA y Defensa Activa.. Clave Oficial CT: CAMTPL960. Marca: CT.",TELEFONIA Y VIDEO VIGILANCIA,telefonia_seguridad,CT,50.25,979.88,1567.8,1567.8,1322.83,1322.83,1224.84,1175.85,https://static.ctonline.mx/imagenes/CAMTPL960/CAMTPL960_400.jpg,assets/img/catalog/CAMTPL960.jpg
CAMMER050,"Cámara de seguridad Wi-Fi para el hogar con IA (MC230) Resolución: 3K 5MP (2880 x 1620 píxeles) a 30 cuadros por segundo, Lente fijo de 4 mm con un ángulo de visión diagonal de 103° y un zoom digital de 13.5x. Visión nocturna, Giro Horizontal (Pan): Rango de 340°,Inclinación Vertical (Tilt): Movimiento de 70°. Alertas inteligentes con IA, Control y alertas en tiempo real desde la app, Almacenamiento local y en la nube: Admite tarjetas microSD de hasta 512 GB y almacenamiento en la nube para una copia de seguridad de vídeo segura y flexible. Compatible con Google Assistant y Amazon Alexa.","Cámara de seguridad Wi-Fi para el hogar con IA (MC230) Resolución: 3K 5MP (2880 x 1620 píxeles) a 30 cuadros por segundo, Lente fijo de 4 mm con un ángulo de visión diagonal de 103° y un zoom digital de 13.5x. Visión nocturna, Giro Horizontal (Pan): Rango de 340°,Inclinación Vertical (Tilt): Movimiento de 70°. Alertas inteligentes con IA, Control y alertas en tiempo real desde la app, Almacenamiento local y en la nube: Admite tarjetas microSD de hasta 512 GB y almacenamiento en la nube para una copia de seguridad de vídeo segura y flexible. Compatible con Google Assistant y Amazon Alexa.. Clave Oficial CT: CAMMER050. Marca: CT.",TELEFONIA Y VIDEO VIGILANCIA,telefonia_seguridad,CT,21.59,421.02,673.64,673.64,568.38,568.38,526.28,505.23,https://static.ctonline.mx/imagenes/CAMMER050/CAMMER050_400.jpg,assets/img/catalog/CAMMER050.jpg
CAMMER010,"Cámara Wi-Fi de seguridad del hogar Pan/Tilt (MC200) Sensor CMOS de escaneo progresivo de 1/3,2'' (no Starlight) . Visión nocturna avanzada de hasta 12 metros, Audio bidireccional, visión horizontal de 360°, lo que permite una cobertura completa del área. Compatible con el Asistente de Google y Amazon Alexa, ofrece control manos libres, Admite tarjetas microSD de hasta 512 GB para almacenamiento local.","Cámara Wi-Fi de seguridad del hogar Pan/Tilt (MC200) Sensor CMOS de escaneo progresivo de 1/3,2'' (no Starlight) . Visión nocturna avanzada de hasta 12 metros, Audio bidireccional, visión horizontal de 360°, lo que permite una cobertura completa del área. Compatible con el Asistente de Google y Amazon Alexa, ofrece control manos libres, Admite tarjetas microSD de hasta 512 GB para almacenamiento local.. Clave Oficial CT: CAMMER010. Marca: CT.",TELEFONIA Y VIDEO VIGILANCIA,telefonia_seguridad,CT,13.07,254.83,407.73,407.73,344.02,344.02,318.54,305.8,https://static.ctonline.mx/imagenes/CAMMER010/CAMMER010_400.jpg,assets/img/catalog/CAMMER010.jpg
CAMMER020,"Cámara Wi-Fi de seguridad del hogar Pan/Tilt (MC210) video de alta definición 2K de 3 MP) .Panorámica e inclinación horizontal de 360°, Visión nocturna  hasta 12 metros , Audio bidireccional. Compatible con el Asistente de Google y Amazon Alexa, ofrece control manos libres.","Cámara Wi-Fi de seguridad del hogar Pan/Tilt (MC210) video de alta definición 2K de 3 MP) .Panorámica e inclinación horizontal de 360°, Visión nocturna  hasta 12 metros , Audio bidireccional. Compatible con el Asistente de Google y Amazon Alexa, ofrece control manos libres.. Clave Oficial CT: CAMMER020. Marca: CT.",TELEFONIA Y VIDEO VIGILANCIA,telefonia_seguridad,CT,14.2,276.99,443.18,443.18,373.93,373.93,346.24,332.39,https://static.ctonline.mx/imagenes/CAMMER020/CAMMER020_400.jpg,assets/img/catalog/CAMMER020.jpg
CAMMER030,"Cámara de seguridad Wi-Fi panorámica exterior Pan/Tilt (MC510) Sensor de imagen
CMOS de barrido progresivo de 1/3'' (no sensor Starlight), Lente Distancia focal: 4 mm 2K QHD con vista de 360°: Ofrece video nítido de 2K de 3 MP y una cobertura horizontal completa de 360° para ver cada ángulo y cada detalle, Seguimiento inteligente de movimiento y personas: Detecta y rastrea automáticamente el movimiento o las personas, asegurando que la actividad clave se mantenga enfocada., Visión nocturna a color, Clasificación IP65","Cámara de seguridad Wi-Fi panorámica exterior Pan/Tilt (MC510) Sensor de imagen
CMOS de barrido progresivo de 1/3'' (no sensor Starlight), Lente Distancia focal: 4 mm 2K QHD con vista de 360°: Ofrece video nítido de 2K de 3 MP y una cobertura horizontal completa de 360° para ver cada ángulo y cada detalle, Seguimiento inteligente de movimiento y personas: Detecta y rastrea automáticamente el movimiento o las personas, asegurando que la actividad clave se mantenga enfocada., Visión nocturna a color, Clasificación IP65. Clave Oficial CT: CAMMER030. Marca: CT.",TELEFONIA Y VIDEO VIGILANCIA,telefonia_seguridad,CT,23.3,454.26,726.82,726.82,613.25,613.25,567.83,545.11,https://static.ctonline.mx/imagenes/CAMMER030/CAMMER030_400.jpg,assets/img/catalog/CAMMER030.jpg
CAMMER040,"Cámara de seguridad Wi-Fi panorámica exterior Pan/Tilt (MC500) Full HD de 1080p con vista de 360°, Detecta y rastrea automáticamente el movimiento o las personas, asegurando que la actividad clave se mantenga enfocada.
Visión nocturna a color: Ofrece imágenes vívidas y detalladas incluso de noche para protección 24/7.","Cámara de seguridad Wi-Fi panorámica exterior Pan/Tilt (MC500) Full HD de 1080p con vista de 360°, Detecta y rastrea automáticamente el movimiento o las personas, asegurando que la actividad clave se mantenga enfocada.
Visión nocturna a color: Ofrece imágenes vívidas y detalladas incluso de noche para protección 24/7.. Clave Oficial CT: CAMMER040. Marca: CT.",TELEFONIA Y VIDEO VIGILANCIA,telefonia_seguridad,CT,21.59,421.02,673.64,673.64,568.38,568.38,526.28,505.23,https://static.ctonline.mx/imagenes/CAMMER040/CAMMER040_400.jpg,assets/img/catalog/CAMMER040.jpg
NVRTPL030,"Grabador NVR 4 Canales (VIGI NVR1004H) Soporta cámaras de hasta 8 Megapíxeles (4K), asegurando capturas con máximo nivel de detalle Salida de Video HDMI 4K, Soporta hasta 8MP, Compresión H.265+ ,1 Ranura SATA hasta 10TB | Alimentación y Datos por un Solo Cable.","Grabador NVR 4 Canales (VIGI NVR1004H) Soporta cámaras de hasta 8 Megapíxeles (4K), asegurando capturas con máximo nivel de detalle Salida de Video HDMI 4K, Soporta hasta 8MP, Compresión H.265+ ,1 Ranura SATA hasta 10TB | Alimentación y Datos por un Solo Cable.. Clave Oficial CT: NVRTPL030. Marca: CT.",TELEFONIA Y VIDEO VIGILANCIA,telefonia_seguridad,CT,51.14,997.16,1595.45,1595.45,1346.16,1346.16,1246.45,1196.59,https://static.ctonline.mx/imagenes/NVRTPL030/NVRTPL030_400.jpg,assets/img/catalog/NVRTPL030.jpg
NVRTPL060,"Grabador NVR IP de 4 canales (VIGI NVR1104H-4P) Puertos PoE+: 4 puertos RJ45 10/100 Mbps , Capacidad de Decodificación: Soporta 16MP en total (2 canales a 8MP o 4 canales a 4MP en tiempo real). Formatos de Compresión: H.265+, H.265, H.264+ y H.264 para optimizar almacenamiento, Audio Integrado: Altavoz incorporado en el NVR + 1 entrada RCA y 1 salida RCA para audio bidireccional, Compatibilidad Abierta: Protocolo ONVIF","Grabador NVR IP de 4 canales (VIGI NVR1104H-4P) Puertos PoE+: 4 puertos RJ45 10/100 Mbps , Capacidad de Decodificación: Soporta 16MP en total (2 canales a 8MP o 4 canales a 4MP en tiempo real). Formatos de Compresión: H.265+, H.265, H.264+ y H.264 para optimizar almacenamiento, Audio Integrado: Altavoz incorporado en el NVR + 1 entrada RCA y 1 salida RCA para audio bidireccional, Compatibilidad Abierta: Protocolo ONVIF. Clave Oficial CT: NVRTPL060. Marca: CT.",TELEFONIA Y VIDEO VIGILANCIA,telefonia_seguridad,CT,62.5,1218.75,1950.0,1950.0,1645.31,1645.31,1523.44,1462.5,https://static.ctonline.mx/imagenes/NVRTPL060/NVRTPL060_400.jpg,assets/img/catalog/NVRTPL060.jpg
NVRTPL100,"Cámara IP VIGI bala Panorámica de 8MP (VIGI NVR2008H-8MP) Visión panorámica de 180° con Huge Vision, Ultra HD 4K (8MP) y alcance de infrarrojos de hasta 20m*1 . Análisis de personas y vehículos, Detección inteligente, Interfaz de audio y alarma, IP67 , compresión H.265+.","Cámara IP VIGI bala Panorámica de 8MP (VIGI NVR2008H-8MP) Visión panorámica de 180° con Huge Vision, Ultra HD 4K (8MP) y alcance de infrarrojos de hasta 20m*1 . Análisis de personas y vehículos, Detección inteligente, Interfaz de audio y alarma, IP67 , compresión H.265+.. Clave Oficial CT: NVRTPL100. Marca: CT.",TELEFONIA Y VIDEO VIGILANCIA,telefonia_seguridad,CT,144.32,2814.2,4502.73,4502.73,3799.18,3799.18,3517.76,3377.05,https://static.ctonline.mx/imagenes/NVRTPL100/NVRTPL100_400.jpg,assets/img/catalog/NVRTPL100.jpg
CAMHKV5440,Camara Turret TURBOHD 2 megapíxel HIKVISION modelo THC-T127-LMS  30 mts IR + 20 mts luz blanca/ Lente 2.8 (100° de Visión) / Exterior IP66 / Audio por Coaxitron / TVI-AHD-CVI-CVBS / Metal / Smart-Hybrid Light,Camara Turret TURBOHD 2 megapíxel HIKVISION modelo THC-T127-LMS  30 mts IR + 20 mts luz blanca/ Lente 2.8 (100° de Visión) / Exterior IP66 / Audio por Coaxitron / TVI-AHD-CVI-CVBS / Metal / Smart-Hybrid Light. Clave Oficial CT: CAMHKV5440. Marca: CT.,TELEFONIA Y VIDEO VIGILANCIA,telefonia_seguridad,CT,18.11,353.12,564.99,564.99,476.71,476.71,441.4,423.74,https://static.ctonline.mx/imagenes/CAMHKV5440/CAMHKV5440_400.jpg,assets/img/catalog/CAMHKV5440.jpg
CAMHKV5360,Cámara Cubo IP de 2 Megapíxel / Lente 2.8 mm / Wifi DS-2CD2423G2-IW(W) / H.265+ / 10 mts IR EXIR / Micrófono y Bocina Integrada (Audio de Dos Vías) / ACUSENSE Lite / Interior / Se Conecta Directo a la App Hik-Connect / Micro SD / dWDR / PoE,Cámara Cubo IP de 2 Megapíxel / Lente 2.8 mm / Wifi DS-2CD2423G2-IW(W) / H.265+ / 10 mts IR EXIR / Micrófono y Bocina Integrada (Audio de Dos Vías) / ACUSENSE Lite / Interior / Se Conecta Directo a la App Hik-Connect / Micro SD / dWDR / PoE. Clave Oficial CT: CAMHKV5360. Marca: CT.,TELEFONIA Y VIDEO VIGILANCIA,telefonia_seguridad,CT,30.97,603.86,966.18,966.18,815.22,815.22,754.83,724.64,https://static.ctonline.mx/imagenes/CAMHKV5360/CAMHKV5360_400.jpg,assets/img/catalog/CAMHKV5360.jpg
CAMHKV5400,Camara Bala IP 2 Megapíxel HIKVISION modelo DS-2CFW02 Wi-Fi 6 / ACUSENSE / Audio Bidireccional (Micrófono y Bocina) / IP66 / dWDR,Camara Bala IP 2 Megapíxel HIKVISION modelo DS-2CFW02 Wi-Fi 6 / ACUSENSE / Audio Bidireccional (Micrófono y Bocina) / IP66 / dWDR. Clave Oficial CT: CAMHKV5400. Marca: CT.,TELEFONIA Y VIDEO VIGILANCIA,telefonia_seguridad,CT,35.82,698.4,1117.43,1117.43,942.84,942.84,873.0,838.08,https://static.ctonline.mx/imagenes/CAMHKV5400/CAMHKV5400_400.jpg,assets/img/catalog/CAMHKV5400.jpg
CAMHKV5310,"Cámara Bala TURBOHD 3K, Hikvision DS-2CE12KF3TP-DLS, 5 Megapíxel, con Micrófono Integrado, Lente fijo: 2.8 mm, visión panorámica 180, ColorVu Imagen a Color 24/7, dual light 40 mts Luz Blanca + 40 mts IR, Exterior IP67, WDR.","Cámara Bala TURBOHD 3K, Hikvision DS-2CE12KF3TP-DLS, 5 Megapíxel, con Micrófono Integrado, Lente fijo: 2.8 mm, visión panorámica 180, ColorVu Imagen a Color 24/7, dual light 40 mts Luz Blanca + 40 mts IR, Exterior IP67, WDR.. Clave Oficial CT: CAMHKV5310. Marca: CT.",TELEFONIA Y VIDEO VIGILANCIA,telefonia_seguridad,CT,84.84,1654.43,2647.08,2647.08,2233.48,2233.48,2068.03,1985.31,https://static.ctonline.mx/imagenes/CAMHKV5310/CAMHKV5310_400.jpg,assets/img/catalog/CAMHKV5310.jpg
CAMHKV3940,"Cámara Domo TURBOHD 5 Megapíxel, Hikvision DS-2CE5AH0T-AVPIT3ZF(C), Lente Motorizado 2.7 - 13.5 mm, IR EXIR 40 mts, TVI-AHD-CVI-CVBS, IK10, IP67, dWDR, 12 Vcc, 24 VCA, metal, Dimensiones 145 x 111.3 mm. Peso 837 grs.","Cámara Domo TURBOHD 5 Megapíxel, Hikvision DS-2CE5AH0T-AVPIT3ZF(C), Lente Motorizado 2.7 - 13.5 mm, IR EXIR 40 mts, TVI-AHD-CVI-CVBS, IK10, IP67, dWDR, 12 Vcc, 24 VCA, metal, Dimensiones 145 x 111.3 mm. Peso 837 grs.. Clave Oficial CT: CAMHKV3940. Marca: CT.",TELEFONIA Y VIDEO VIGILANCIA,telefonia_seguridad,CT,57.77,1126.55,1802.48,1802.48,1520.84,1520.84,1408.19,1351.86,https://static.ctonline.mx/imagenes/CAMHKV3940/CAMHKV3940_400.jpg,assets/img/catalog/CAMHKV3940.jpg
CAMHKV4430,"Cámara Domo IP 8 Megapíxel (4K) Hikvision DS-2CD2183G2-LIS2U, Lente 2.8mm, 30m luz blanca. + 30m IR, ACUSENSE, Exterior IP67, IK10, WDR 120 dB, PoE, ONVIF, Micro SD, Metal, ACUSEARCH, Micrófono, Detección de Rostros, Intrusión de área, cruce de línea.","Cámara Domo IP 8 Megapíxel (4K) Hikvision DS-2CD2183G2-LIS2U, Lente 2.8mm, 30m luz blanca. + 30m IR, ACUSENSE, Exterior IP67, IK10, WDR 120 dB, PoE, ONVIF, Micro SD, Metal, ACUSEARCH, Micrófono, Detección de Rostros, Intrusión de área, cruce de línea.. Clave Oficial CT: CAMHKV4430. Marca: CT.",TELEFONIA Y VIDEO VIGILANCIA,telefonia_seguridad,CT,128.64,2508.51,4013.61,4013.61,3386.48,3386.48,3135.63,3010.21,https://static.ctonline.mx/imagenes/CAMHKV4430/CAMHKV4430_400.jpg,assets/img/catalog/CAMHKV4430.jpg
CAMHKV4500,"Cámara Bala IP 6 Megapíxel Hikvision DS-2CD2663G2-LIZS2U, Lente Motorizado. 2.8 a 12mm, 60m Luz blanca, 60m IR, IP67, IK10, WDR 120 dB, PoE+, ACUSENSE, Alarmas IO, Micro SD, ONVIF, Metal, ACUSEARCH, Detección de Rostros, Intrusión de área, cruce de línea.","Cámara Bala IP 6 Megapíxel Hikvision DS-2CD2663G2-LIZS2U, Lente Motorizado. 2.8 a 12mm, 60m Luz blanca, 60m IR, IP67, IK10, WDR 120 dB, PoE+, ACUSENSE, Alarmas IO, Micro SD, ONVIF, Metal, ACUSEARCH, Detección de Rostros, Intrusión de área, cruce de línea.. Clave Oficial CT: CAMHKV4500. Marca: CT.",TELEFONIA Y VIDEO VIGILANCIA,telefonia_seguridad,CT,181.39,3537.13,5659.41,5659.41,4775.13,4775.13,4421.41,4244.56,https://static.ctonline.mx/imagenes/CAMHKV4500/CAMHKV4500_400.jpg,assets/img/catalog/CAMHKV4500.jpg
CAMHKV4510,"Cámara Turret IP 6 Megapíxel Hikvision DS-2CD1367G2H-LIUF, Lente 2.8mm, 30m IR, 30m Luz blanca, Micrófono Integrado, ACUSENSE Lite, IP67, WDR 120 dB, PoE, Soporta micro SD de 512 GB (no incluida).","Cámara Turret IP 6 Megapíxel Hikvision DS-2CD1367G2H-LIUF, Lente 2.8mm, 30m IR, 30m Luz blanca, Micrófono Integrado, ACUSENSE Lite, IP67, WDR 120 dB, PoE, Soporta micro SD de 512 GB (no incluida).. Clave Oficial CT: CAMHKV4510. Marca: CT.",TELEFONIA Y VIDEO VIGILANCIA,telefonia_seguridad,CT,85.04,1658.35,2653.36,2653.36,2238.77,2238.77,2072.93,1990.02,https://static.ctonline.mx/imagenes/CAMHKV4510/CAMHKV4510_400.jpg,assets/img/catalog/CAMHKV4510.jpg
CAMHKV4790,"Cámara TandemVu PTZ IP 4 megapíxel con Panorámica 4 megapíxel Hikvision DS-2SE3C404MWG-E/14, 4X Zoom y digital 16x, Dual Light 40m IR + 30m Luz blanca, ACUSENSE, IP66, PoE+, DARKFIGHTER, Micro SD, Incluye Base Techo o Pared, Compatible con la plataforma de Hik-Connect. Dimensiones 311.5 × 223.5 x 156 mm, Peso 1.37 Kg.","Cámara TandemVu PTZ IP 4 megapíxel con Panorámica 4 megapíxel Hikvision DS-2SE3C404MWG-E/14, 4X Zoom y digital 16x, Dual Light 40m IR + 30m Luz blanca, ACUSENSE, IP66, PoE+, DARKFIGHTER, Micro SD, Incluye Base Techo o Pared, Compatible con la plataforma de Hik-Connect. Dimensiones 311.5 × 223.5 x 156 mm, Peso 1.37 Kg.. Clave Oficial CT: CAMHKV4790. Marca: CT.",TELEFONIA Y VIDEO VIGILANCIA,telefonia_seguridad,CT,185.57,3618.52,5789.63,5789.63,4885.0,4885.0,4523.15,4342.23,https://static.ctonline.mx/imagenes/CAMHKV4790/CAMHKV4790_400.jpg,assets/img/catalog/CAMHKV4790.jpg
CAMHKV4830,"Cámara Domo IP de 4 Megapíxel HiLook by HIKVISION IPC-D140HA-U, Lente 2.8 mm, 30 mts IR, Micrófono Integrado, Exterior IP67, PoE, WDR 120, H.265+, ONVIF, metal/plástico, Compatible con Hik-Connect/ Hilos (P2P), Dimensiones 121.4 x 97.7 mm, Peso: 550 grs.","Cámara Domo IP de 4 Megapíxel HiLook by HIKVISION IPC-D140HA-U, Lente 2.8 mm, 30 mts IR, Micrófono Integrado, Exterior IP67, PoE, WDR 120, H.265+, ONVIF, metal/plástico, Compatible con Hik-Connect/ Hilos (P2P), Dimensiones 121.4 x 97.7 mm, Peso: 550 grs.. Clave Oficial CT: CAMHKV4830. Marca: CT.",TELEFONIA Y VIDEO VIGILANCIA,telefonia_seguridad,CT,53.32,1039.65,1663.43,1663.43,1403.52,1403.52,1299.56,1247.58,https://static.ctonline.mx/imagenes/CAMHKV4830/CAMHKV4830_400.jpg,assets/img/catalog/CAMHKV4830.jpg
CAMHKV4880,"Cámara FlexVu Domo PT IP 4 Megapíxel Hikvision DS-2DE2C400MWG-E, Lente 4mm, Dual Light 30m IR, 30m Luz Blanca, Autoseguimiento Humanos, PoE, IP66, Audio Dos Vías, Micro SD, plástico, Montaje Pared o Techo, Uso en Exterior IP66, Protección contra sobretensiones y protección contra voltajes transitorios, Dimensiones: 163.9 × 185.8  × 131.9 mm, Peso: 600 g.","Cámara FlexVu Domo PT IP 4 Megapíxel Hikvision DS-2DE2C400MWG-E, Lente 4mm, Dual Light 30m IR, 30m Luz Blanca, Autoseguimiento Humanos, PoE, IP66, Audio Dos Vías, Micro SD, plástico, Montaje Pared o Techo, Uso en Exterior IP66, Protección contra sobretensiones y protección contra voltajes transitorios, Dimensiones: 163.9 × 185.8  × 131.9 mm, Peso: 600 g.. Clave Oficial CT: CAMHKV4880. Marca: CT.",TELEFONIA Y VIDEO VIGILANCIA,telefonia_seguridad,CT,59.02,1150.92,1841.48,1841.48,1553.75,1553.75,1438.65,1381.11,https://static.ctonline.mx/imagenes/CAMHKV4880/CAMHKV4880_400.jpg,assets/img/catalog/CAMHKV4880.jpg
CAMHKV5070,"Cámara PT IP 2 Megapíxel Hikvision DS-2DE2C200IWG/W(W), Lente 4mm, 30m IR, IP66, Wifi-Fi, dWDR , ACUSENSE L, Autoseguimiento, H.265+, Micrófono y Bocina Inter construido, Micro SD 512 GB (no incluido), se integra directo a la App de Hik-Connect sin necesidad de un DVR / NVR, Dimensiones 175.6 x 73.0 x 89.1mm, Peso: 450 gramos.","Cámara PT IP 2 Megapíxel Hikvision DS-2DE2C200IWG/W(W), Lente 4mm, 30m IR, IP66, Wifi-Fi, dWDR , ACUSENSE L, Autoseguimiento, H.265+, Micrófono y Bocina Inter construido, Micro SD 512 GB (no incluido), se integra directo a la App de Hik-Connect sin necesidad de un DVR / NVR, Dimensiones 175.6 x 73.0 x 89.1mm, Peso: 450 gramos.. Clave Oficial CT: CAMHKV5070. Marca: CT.",TELEFONIA Y VIDEO VIGILANCIA,telefonia_seguridad,CT,53.08,1034.98,1655.97,1655.97,1397.23,1397.23,1293.73,1241.98,https://static.ctonline.mx/imagenes/CAMHKV5070/CAMHKV5070_400.jpg,assets/img/catalog/CAMHKV5070.jpg
CAMHKV5100,"Cámara Domo IP 4 Megapíxel Hikvision DS-2CV2141G2-IDW(E), Lente 2.8 mm, 30 mts IR, Exterior IP66, Wifi-Fi, WDR 120 dB , Soporta Micro SD, H.265+, Micrófono y Bocina Inter construido, soporta micro SD de hasta 256 GB (no incluida). Dimensiones 126.0 x 96.1 mm, Peso: 590 gramos.","Cámara Domo IP 4 Megapíxel Hikvision DS-2CV2141G2-IDW(E), Lente 2.8 mm, 30 mts IR, Exterior IP66, Wifi-Fi, WDR 120 dB , Soporta Micro SD, H.265+, Micrófono y Bocina Inter construido, soporta micro SD de hasta 256 GB (no incluida). Dimensiones 126.0 x 96.1 mm, Peso: 590 gramos.. Clave Oficial CT: CAMHKV5100. Marca: CT.",TELEFONIA Y VIDEO VIGILANCIA,telefonia_seguridad,CT,63.12,1230.83,1969.33,1969.33,1661.62,1661.62,1538.54,1477.0,https://static.ctonline.mx/imagenes/CAMHKV5100/CAMHKV5100_400.jpg,assets/img/catalog/CAMHKV5100.jpg
CAMHKV5110,"Cámara Bala IP 2 Megapíxel Hikvision DS-2CV1023G2-LIDWF(B), Lente 2.8mm, Dual Light 30m IR + 30m Luz Blanca, Wifi-Fi, ACUSENSE, Audio Bidireccional, IP66, dWDR, soporta micro SD de hasta 512 GB (no incluida), Dimensiones 175.6 x 73.0 x 89.1mm. Peso 450g.","Cámara Bala IP 2 Megapíxel Hikvision DS-2CV1023G2-LIDWF(B), Lente 2.8mm, Dual Light 30m IR + 30m Luz Blanca, Wifi-Fi, ACUSENSE, Audio Bidireccional, IP66, dWDR, soporta micro SD de hasta 512 GB (no incluida), Dimensiones 175.6 x 73.0 x 89.1mm. Peso 450g.. Clave Oficial CT: CAMHKV5110. Marca: CT.",TELEFONIA Y VIDEO VIGILANCIA,telefonia_seguridad,CT,31.84,620.82,993.31,993.31,838.11,838.11,776.03,744.98,https://static.ctonline.mx/imagenes/CAMHKV5110/CAMHKV5110_400.jpg,assets/img/catalog/CAMHKV5110.jpg
CAMHKV5120,"Cámara Turret PT IP 4 Megapíxel Hikvision DS-2CV1F43G2-LIDWF(B), Lente 2.8mm , Dual Light 20m IR + 15m Luz Blanca, Wifi-Fi, IP54, dWDR, H.265, Audio Bidireccional (Micrófono y Bocina), soporta micro SD de hasta 512 GB (no incluida), Dimensiones 175.6 x 73.0 x 89.1mm. Peso: 450 gramos.","Cámara Turret PT IP 4 Megapíxel Hikvision DS-2CV1F43G2-LIDWF(B), Lente 2.8mm , Dual Light 20m IR + 15m Luz Blanca, Wifi-Fi, IP54, dWDR, H.265, Audio Bidireccional (Micrófono y Bocina), soporta micro SD de hasta 512 GB (no incluida), Dimensiones 175.6 x 73.0 x 89.1mm. Peso: 450 gramos.. Clave Oficial CT: CAMHKV5120. Marca: CT.",TELEFONIA Y VIDEO VIGILANCIA,telefonia_seguridad,CT,42.11,821.12,1313.79,1313.79,1108.51,1108.51,1026.4,985.34,https://static.ctonline.mx/imagenes/CAMHKV5120/CAMHKV5120_400.jpg,assets/img/catalog/CAMHKV5120.jpg
CAMHKV5140,"Cámara Bala IP 2 Megapíxel (1080p) HiLook by HIKVISION IPC-B120HA-LUC, Lente 2.8mm, Ángulo de visión 101, 20m IR, 15m Luz Blanca, Micrófono Integrado, ACUSENSE Lite, protección IP67 para uso en exteriores, PoE, dWDR, H.265+, ONVIF, detección de movimiento con filtro humano, Peso total 251 g.","Cámara Bala IP 2 Megapíxel (1080p) HiLook by HIKVISION IPC-B120HA-LUC, Lente 2.8mm, Ángulo de visión 101, 20m IR, 15m Luz Blanca, Micrófono Integrado, ACUSENSE Lite, protección IP67 para uso en exteriores, PoE, dWDR, H.265+, ONVIF, detección de movimiento con filtro humano, Peso total 251 g.. Clave Oficial CT: CAMHKV5140. Marca: CT.",TELEFONIA Y VIDEO VIGILANCIA,telefonia_seguridad,CT,39.46,769.39,1231.03,1231.03,1038.68,1038.68,961.74,923.27,https://static.ctonline.mx/imagenes/CAMHKV5140/CAMHKV5140_400.jpg,assets/img/catalog/CAMHKV5140.jpg
CAMHKV5150,"Cámara Turret IP de 2 Megapíxel HiLook by HIKVISION IPC-T220HA-LUC, Lente 2.8mm, Ángulo de visión 101, 20m IR, 15m Luz Blanca, Micrófono Integrado, ACUSENSE Lite, protección IP67 para uso en exteriores, PoE, dWDR, H.265+, ONVIF, detección de movimiento con filtro humano, Peso total 175 g.","Cámara Turret IP de 2 Megapíxel HiLook by HIKVISION IPC-T220HA-LUC, Lente 2.8mm, Ángulo de visión 101, 20m IR, 15m Luz Blanca, Micrófono Integrado, ACUSENSE Lite, protección IP67 para uso en exteriores, PoE, dWDR, H.265+, ONVIF, detección de movimiento con filtro humano, Peso total 175 g.. Clave Oficial CT: CAMHKV5150. Marca: CT.",TELEFONIA Y VIDEO VIGILANCIA,telefonia_seguridad,CT,42.68,832.35,1331.77,1331.77,1123.68,1123.68,1040.44,998.82,https://static.ctonline.mx/imagenes/CAMHKV5150/CAMHKV5150_400.jpg,assets/img/catalog/CAMHKV5150.jpg
CAMHKV5160,"Cámara Turret IP 4 Megapíxel HiLook by HIKVISION IPC-T240HA-LUC, Lente 2.8 mm , 20 mts IR + 20 mts Luz Blanca , Micrófono Integrado , ACUSENSE Lite,  protección IP67 para uso en exteriores, PoE, dWDR, H.265+, ONVIF, detección de movimiento con filtro humano, Notificaciones push en app HiLook Visión, Peso total 345 g.","Cámara Turret IP 4 Megapíxel HiLook by HIKVISION IPC-T240HA-LUC, Lente 2.8 mm , 20 mts IR + 20 mts Luz Blanca , Micrófono Integrado , ACUSENSE Lite,  protección IP67 para uso en exteriores, PoE, dWDR, H.265+, ONVIF, detección de movimiento con filtro humano, Notificaciones push en app HiLook Visión, Peso total 345 g.. Clave Oficial CT: CAMHKV5160. Marca: CT.",TELEFONIA Y VIDEO VIGILANCIA,telefonia_seguridad,CT,52.18,1017.48,1627.96,1627.96,1373.59,1373.59,1271.85,1220.97,https://static.ctonline.mx/imagenes/CAMHKV5160/CAMHKV5160_400.jpg,assets/img/catalog/CAMHKV5160.jpg
CAMHKV5170,"Cámara Domo IP de 2 Megapíxel (1080p) HiLook by HIKVISION IPC-D120HA-LUC, Lente 2.8 mm, 20 mts IR + 15 mts Luz Blanca, Micrófono Integrado, ACUSENSE Lite, Uso en interior, PoE, dWDR, H.265+, ONVIF, detección de movimiento con filtro humano, Notificaciones push en app HiLook Visión, Peso total 662 g.","Cámara Domo IP de 2 Megapíxel (1080p) HiLook by HIKVISION IPC-D120HA-LUC, Lente 2.8 mm, 20 mts IR + 15 mts Luz Blanca, Micrófono Integrado, ACUSENSE Lite, Uso en interior, PoE, dWDR, H.265+, ONVIF, detección de movimiento con filtro humano, Notificaciones push en app HiLook Visión, Peso total 662 g.. Clave Oficial CT: CAMHKV5170. Marca: CT.",TELEFONIA Y VIDEO VIGILANCIA,telefonia_seguridad,CT,35.58,693.82,1110.11,1110.11,936.65,936.65,867.27,832.58,https://static.ctonline.mx/imagenes/CAMHKV5170/CAMHKV5170_400.jpg,assets/img/catalog/CAMHKV5170.jpg
CAMHKV5180,"Cámara Domo IP de 4 Megapíxel HiLook by HIKVISION IPC-D140HA-LUC, Uso en interior, Lente 2.8 mm, 20 mts IR + 20 mts Luz Blanca, Micrófono Integrado, ACUSENSE Lite, PoE, dWDR, H.265+, ONVIF, detección de movimiento con filtro humano, Notificaciones push en app HiLook Visión, Peso total 251 g.","Cámara Domo IP de 4 Megapíxel HiLook by HIKVISION IPC-D140HA-LUC, Uso en interior, Lente 2.8 mm, 20 mts IR + 20 mts Luz Blanca, Micrófono Integrado, ACUSENSE Lite, PoE, dWDR, H.265+, ONVIF, detección de movimiento con filtro humano, Notificaciones push en app HiLook Visión, Peso total 251 g.. Clave Oficial CT: CAMHKV5180. Marca: CT.",TELEFONIA Y VIDEO VIGILANCIA,telefonia_seguridad,CT,43.32,844.77,1351.64,1351.64,1140.44,1140.44,1055.97,1013.73,https://static.ctonline.mx/imagenes/CAMHKV5180/CAMHKV5180_400.jpg,assets/img/catalog/CAMHKV5180.jpg
CAMHKV5190,"Cámara Turret PT TURBOHD 2 Megapíxel (1080p) HiLook by HIKVISION THC-T127-PTLTS, Lente 2.8 mm, 25 mts IR EXIR + 20 mts Luz Blanca, Micrófono y Bocina Integrado, dWDR, Dual Light, ColorVu, Peso total 340 g.","Cámara Turret PT TURBOHD 2 Megapíxel (1080p) HiLook by HIKVISION THC-T127-PTLTS, Lente 2.8 mm, 25 mts IR EXIR + 20 mts Luz Blanca, Micrófono y Bocina Integrado, dWDR, Dual Light, ColorVu, Peso total 340 g.. Clave Oficial CT: CAMHKV5190. Marca: CT.",TELEFONIA Y VIDEO VIGILANCIA,telefonia_seguridad,CT,28.11,548.12,876.99,876.99,739.96,739.96,685.15,657.74,https://static.ctonline.mx/imagenes/CAMHKV5190/CAMHKV5190_400.jpg,assets/img/catalog/CAMHKV5190.jpg
CAMHKV5200,"Cámara Turret TURBOHD 2 Megapíxel (1080p) HiLook by HIKVISION THC-T227-LTS, Lente 2.8 mm, 40 mts IR EXIR + 40 mts Luz Blanca, Micrófono y Bocina Integrado, dWDR, protección IP67 interior/exterior, cuerpo principal Metal, Peso total 292 gramos.","Cámara Turret TURBOHD 2 Megapíxel (1080p) HiLook by HIKVISION THC-T227-LTS, Lente 2.8 mm, 40 mts IR EXIR + 40 mts Luz Blanca, Micrófono y Bocina Integrado, dWDR, protección IP67 interior/exterior, cuerpo principal Metal, Peso total 292 gramos.. Clave Oficial CT: CAMHKV5200. Marca: CT.",TELEFONIA Y VIDEO VIGILANCIA,telefonia_seguridad,CT,28.32,552.15,883.43,883.43,745.4,745.4,690.18,662.58,https://static.ctonline.mx/imagenes/CAMHKV5200/CAMHKV5200_400.jpg,assets/img/catalog/CAMHKV5200.jpg
CAMHKV5220,"Cámara Turret TURBOHD 3K (5 Megapíxel) Hikvision DS-2CE72KF3TP-DLS, Micrófono Integrado, Visión 180° panorámica, Imagen a Color 24/7, 40 mts Luz Blanca + 40 mts IR, WDR, Protección IP67 interior/exterior, metal/ y policarbonato, Peso 570 gramos","Cámara Turret TURBOHD 3K (5 Megapíxel) Hikvision DS-2CE72KF3TP-DLS, Micrófono Integrado, Visión 180° panorámica, Imagen a Color 24/7, 40 mts Luz Blanca + 40 mts IR, WDR, Protección IP67 interior/exterior, metal/ y policarbonato, Peso 570 gramos. Clave Oficial CT: CAMHKV5220. Marca: CT.",TELEFONIA Y VIDEO VIGILANCIA,telefonia_seguridad,CT,78.74,1535.41,2456.66,2456.66,2072.81,2072.81,1919.27,1842.5,https://static.ctonline.mx/imagenes/CAMHKV5220/CAMHKV5220_400.jpg,assets/img/catalog/CAMHKV5220.jpg
CAMHKV5230,"Cámara Turret TURBOHD 4K (8 Megapíxel) Hikvision DS-2CE78U0T-LXTS, Lente 2.8mm, 40m IR EXIR, 40m Luz Blanca, Sirena y estrobo, Audio Bidireccional, dWDR, Dual Light, ColorVu, protección IP67 interior/exterior, metal, peso 390 gramos","Cámara Turret TURBOHD 4K (8 Megapíxel) Hikvision DS-2CE78U0T-LXTS, Lente 2.8mm, 40m IR EXIR, 40m Luz Blanca, Sirena y estrobo, Audio Bidireccional, dWDR, Dual Light, ColorVu, protección IP67 interior/exterior, metal, peso 390 gramos. Clave Oficial CT: CAMHKV5230. Marca: CT.",TELEFONIA Y VIDEO VIGILANCIA,telefonia_seguridad,CT,43.43,846.98,1355.17,1355.17,1143.42,1143.42,1058.72,1016.37,https://static.ctonline.mx/imagenes/CAMHKV5230/CAMHKV5230_400.jpg,assets/img/catalog/CAMHKV5230.jpg
CAMHKV5240,"Cámara Bala TURBOHD 4K (8 Megapíxel) Hikvision DS-2CE16U0T-LXTS, Lente 2.8mm, 30m IR EXIR + 20m Luz Blanca, dWDR, Audio Bidireccional, Sirena y Estrobo, Dual Light, ColorVu, protección IP67 interior/exterior, fabricada en metal, peso 445 gramos","Cámara Bala TURBOHD 4K (8 Megapíxel) Hikvision DS-2CE16U0T-LXTS, Lente 2.8mm, 30m IR EXIR + 20m Luz Blanca, dWDR, Audio Bidireccional, Sirena y Estrobo, Dual Light, ColorVu, protección IP67 interior/exterior, fabricada en metal, peso 445 gramos. Clave Oficial CT: CAMHKV5240. Marca: CT.",TELEFONIA Y VIDEO VIGILANCIA,telefonia_seguridad,CT,41.52,809.67,1295.48,1295.48,1093.06,1093.06,1012.09,971.61,https://static.ctonline.mx/imagenes/CAMHKV5240/CAMHKV5240_400.jpg,assets/img/catalog/CAMHKV5240.jpg
CAMHKV5270,"Cámara Turret IP 2 Megapíxel HiLook by HIKVISION IPC-T221H-C, Lente 2.8 mm, 20 mts IR, PoE , dWDR , H.265+ , ONVIF, protección IP67 interior/exterior, fabricada en metal, Dimensiones 70 x 181.6 mm, peso 445 gramos.","Cámara Turret IP 2 Megapíxel HiLook by HIKVISION IPC-T221H-C, Lente 2.8 mm, 20 mts IR, PoE , dWDR , H.265+ , ONVIF, protección IP67 interior/exterior, fabricada en metal, Dimensiones 70 x 181.6 mm, peso 445 gramos.. Clave Oficial CT: CAMHKV5270. Marca: CT.",TELEFONIA Y VIDEO VIGILANCIA,telefonia_seguridad,CT,26.68,520.35,832.57,832.57,702.48,702.48,650.44,624.42,https://static.ctonline.mx/imagenes/CAMHKV5270/CAMHKV5270_400.jpg,assets/img/catalog/CAMHKV5270.jpg
CAMHKV4320,Camara Turret IP 6 Megapíxel DS-2CD1363G2-LIU(F) / Lente 2.8 mm / 30 mts IR + 30 mts Luz Blanca / Micrófono Integrado / ACUSENSE Lite / Exterior IP67 / H.265 / PoE / ONVIF / Micro SD,Camara Turret IP 6 Megapíxel DS-2CD1363G2-LIU(F) / Lente 2.8 mm / 30 mts IR + 30 mts Luz Blanca / Micrófono Integrado / ACUSENSE Lite / Exterior IP67 / H.265 / PoE / ONVIF / Micro SD. Clave Oficial CT: CAMHKV4320. Marca: CT.,TELEFONIA Y VIDEO VIGILANCIA,telefonia_seguridad,CT,88.01,1716.21,2745.94,2745.94,2316.89,2316.89,2145.26,2059.45,https://static.ctonline.mx/imagenes/CAMHKV4320/CAMHKV4320_400.jpg,assets/img/catalog/CAMHKV4320.jpg
CAMHKV4820,Cámara Mini Fisheye IP 5 Megapíxel DS-2CD3956G2-IS(U) / Panorámica 180° - 360° / 8 mts IR / Interior / PoE / HEOP / ACUSENSE / Detección Facial / Micrófono Integrado,Cámara Mini Fisheye IP 5 Megapíxel DS-2CD3956G2-IS(U) / Panorámica 180° - 360° / 8 mts IR / Interior / PoE / HEOP / ACUSENSE / Detección Facial / Micrófono Integrado. Clave Oficial CT: CAMHKV4820. Marca: CT.,TELEFONIA Y VIDEO VIGILANCIA,telefonia_seguridad,CT,249.8,4871.18,7793.9,7793.9,6576.1,6576.1,6088.98,5845.42,https://static.ctonline.mx/imagenes/CAMHKV4820/CAMHKV4820_400.jpg,assets/img/catalog/CAMHKV4820.jpg
CAMHKV4010,Cámara Bala IP 4 Megapíxel DS-2CD1043G2-LIU(F) / Lente 2.8 mm / 30 mts IR + 30 mts Luz Blanca / Micrófono Integrado / ACUSENSE Lite / Exterior IP67 / H.265 / PoE / Micro SD,Cámara Bala IP 4 Megapíxel DS-2CD1043G2-LIU(F) / Lente 2.8 mm / 30 mts IR + 30 mts Luz Blanca / Micrófono Integrado / ACUSENSE Lite / Exterior IP67 / H.265 / PoE / Micro SD. Clave Oficial CT: CAMHKV4010. Marca: CT.,TELEFONIA Y VIDEO VIGILANCIA,telefonia_seguridad,CT,85.82,1673.4,2677.43,2677.43,2259.09,2259.09,2091.75,2008.08,https://static.ctonline.mx/imagenes/CAMHKV4010/CAMHKV4010_400.jpg,assets/img/catalog/CAMHKV4010.jpg
CAMHKV4960,Cámara Bala IP 8 Megapíxel DS-2CD2T87G3-LIS2UY/SL / Lente 4 mm / 60 mts IR + Luz Blanca / Exterior IP67 / Estrobo Luz Blanca / WDR 130 dB / ACUSENSE 3.0 / Metal / NEMA 4X / ACUSEARCH,Cámara Bala IP 8 Megapíxel DS-2CD2T87G3-LIS2UY/SL / Lente 4 mm / 60 mts IR + Luz Blanca / Exterior IP67 / Estrobo Luz Blanca / WDR 130 dB / ACUSENSE 3.0 / Metal / NEMA 4X / ACUSEARCH. Clave Oficial CT: CAMHKV4960. Marca: CT.,TELEFONIA Y VIDEO VIGILANCIA,telefonia_seguridad,CT,230.54,4495.6,7192.96,7192.96,6069.06,6069.06,5619.5,5394.72,https://static.ctonline.mx/imagenes/CAMHKV4960/CAMHKV4960_400.jpg,assets/img/catalog/CAMHKV4960.jpg
CAMHKV4640,Cámara Turret IP 4 Megapíxel DS-2CD1343G2-LIUF / Lente 2.8 mm / 30 mts IR + 30 mts Luz Blanca / Micrófono Integrado / ACUSENSE Lite / Exterior IP67 / H.265 / PoE / ONVIF / Micro SD,Cámara Turret IP 4 Megapíxel DS-2CD1343G2-LIUF / Lente 2.8 mm / 30 mts IR + 30 mts Luz Blanca / Micrófono Integrado / ACUSENSE Lite / Exterior IP67 / H.265 / PoE / ONVIF / Micro SD. Clave Oficial CT: CAMHKV4640. Marca: CT.,TELEFONIA Y VIDEO VIGILANCIA,telefonia_seguridad,CT,75.2,1466.33,2346.13,2346.13,1979.55,1979.55,1832.92,1759.6,https://static.ctonline.mx/imagenes/CAMHKV4640/CAMHKV4640_400.jpg,assets/img/catalog/CAMHKV4640.jpg
CAMHKV4220,Cámara [Dual Light] Bala IP 4 Megapíxel DS-2CD1T43G2-LIUF / Lente 4 mm / 50 Mts IR + 50 mts Luz Blanca / ACUSENSE Lite (Detección de Humanos y Vehículos) / Exterior IP67 / WDR 120 dB / PoE / ONVIF,Cámara [Dual Light] Bala IP 4 Megapíxel DS-2CD1T43G2-LIUF / Lente 4 mm / 50 Mts IR + 50 mts Luz Blanca / ACUSENSE Lite (Detección de Humanos y Vehículos) / Exterior IP67 / WDR 120 dB / PoE / ONVIF. Clave Oficial CT: CAMHKV4220. Marca: CT.,TELEFONIA Y VIDEO VIGILANCIA,telefonia_seguridad,CT,88.36,1722.99,2756.79,2756.79,2326.04,2326.04,2153.74,2067.59,https://static.ctonline.mx/imagenes/CAMHKV4220/CAMHKV4220_400.jpg,assets/img/catalog/CAMHKV4220.jpg
CAMHKV4550,Cámara HiLook Series / Domo IP de 2 Megapíxel (1080p) IPC-D120HA-U / Lente 2.8 mm / 30 mts IR / Micrófono Integrado / Exterior IP67 / PoE / dWDR / H.265+ / ONVIF,Cámara HiLook Series / Domo IP de 2 Megapíxel (1080p) IPC-D120HA-U / Lente 2.8 mm / 30 mts IR / Micrófono Integrado / Exterior IP67 / PoE / dWDR / H.265+ / ONVIF. Clave Oficial CT: CAMHKV4550. Marca: CT.,TELEFONIA Y VIDEO VIGILANCIA,telefonia_seguridad,CT,32.93,642.23,1027.57,1027.57,867.01,867.01,802.79,770.67,https://static.ctonline.mx/imagenes/CAMHKV4550/CAMHKV4550_400.jpg,assets/img/catalog/CAMHKV4550.jpg
CAMHKV4560,Cámara HiLook Series / Domo IP de 2 Megapíxel (1080p) IPC-B120HA-U / Lente 2.8 mm / 30 mts IR / Micrófono Integrado / Exterior IP67 / PoE / dWDR / H.265+ / ONVIF,Cámara HiLook Series / Domo IP de 2 Megapíxel (1080p) IPC-B120HA-U / Lente 2.8 mm / 30 mts IR / Micrófono Integrado / Exterior IP67 / PoE / dWDR / H.265+ / ONVIF. Clave Oficial CT: CAMHKV4560. Marca: CT.,TELEFONIA Y VIDEO VIGILANCIA,telefonia_seguridad,CT,37.35,728.28,1165.25,1165.25,983.18,983.18,910.35,873.94,https://static.ctonline.mx/imagenes/CAMHKV4560/CAMHKV4560_400.jpg,assets/img/catalog/CAMHKV4560.jpg
CAMHKV4570,Cámara Mini Domo PTZ IP 2 Megapíxel PTZ-N2204I-DE3(F) / 4X Zoom / H.265+ / 20 mts IR EXIR / WDR 120dB / PoE / IK10 / Exterior IP66 / Ultra Baja Iluminación / Micrófono Integrado / PoE,Cámara Mini Domo PTZ IP 2 Megapíxel PTZ-N2204I-DE3(F) / 4X Zoom / H.265+ / 20 mts IR EXIR / WDR 120dB / PoE / IK10 / Exterior IP66 / Ultra Baja Iluminación / Micrófono Integrado / PoE. Clave Oficial CT: CAMHKV4570. Marca: CT.,TELEFONIA Y VIDEO VIGILANCIA,telefonia_seguridad,CT,119.36,2327.49,3723.99,3723.99,3142.12,3142.12,2909.37,2792.99,https://static.ctonline.mx/imagenes/CAMHKV4570/CAMHKV4570_400.jpg,assets/img/catalog/CAMHKV4570.jpg
CAMHKV4600,Cámara [Dual Light + 2 Micrófonos Integrados] Bala IP 4 Megapíxel DS-2CD2043G2-LI2U / Lente 2.8 mm / 40 mts Luz Blanca + 40 mts IR / ACUSENSE / Exterior IP67 / WDR 120 dB / PoE / ONVIF / Micro SD / Metal / ACUSEARCH,Cámara [Dual Light + 2 Micrófonos Integrados] Bala IP 4 Megapíxel DS-2CD2043G2-LI2U / Lente 2.8 mm / 40 mts Luz Blanca + 40 mts IR / ACUSENSE / Exterior IP67 / WDR 120 dB / PoE / ONVIF / Micro SD / Metal / ACUSEARCH. Clave Oficial CT: CAMHKV4600. Marca: CT.,TELEFONIA Y VIDEO VIGILANCIA,telefonia_seguridad,CT,103.3,2014.43,3223.1,3223.1,2719.49,2719.49,2518.04,2417.32,https://static.ctonline.mx/imagenes/CAMHKV4600/CAMHKV4600_400.jpg,assets/img/catalog/CAMHKV4600.jpg
CAMHKV3580,Cámara Turret TURBOHD 2 Megapíxeles (1080p) THC-T120-M / Lente 2.8 mm / 20 mts IR EXIR / TVI-AHD-CVI-CVBS / IP66,Cámara Turret TURBOHD 2 Megapíxeles (1080p) THC-T120-M / Lente 2.8 mm / 20 mts IR EXIR / TVI-AHD-CVI-CVBS / IP66. Clave Oficial CT: CAMHKV3580. Marca: CT.,TELEFONIA Y VIDEO VIGILANCIA,telefonia_seguridad,CT,12.52,244.17,390.68,390.68,329.63,329.63,305.22,293.01,https://static.ctonline.mx/imagenes/CAMHKV3580/CAMHKV3580_400.jpg,assets/img/catalog/CAMHKV3580.jpg
CAMHKV3830,Cámara Turret TURBOHD 2 Megapíxeles (1080p) THC-B129-PS / Lente 2.8 mm / 20 mts IR EXIR / TVI-AHD-CVI-CVBS / IP66,Cámara Turret TURBOHD 2 Megapíxeles (1080p) THC-B129-PS / Lente 2.8 mm / 20 mts IR EXIR / TVI-AHD-CVI-CVBS / IP66. Clave Oficial CT: CAMHKV3830. Marca: CT.,TELEFONIA Y VIDEO VIGILANCIA,telefonia_seguridad,CT,17.95,349.94,559.9,559.9,472.42,472.42,437.43,419.93,https://static.ctonline.mx/imagenes/CAMHKV3830/CAMHKV3830_400.jpg,assets/img/catalog/CAMHKV3830.jpg
CAMHKV3840,Cámara AUDIO POR COAXITRON / Turret TURBOHD 1080p THC-T129-PS / Imagen a Color 24/7 / Lente 2.8 mm / ColorVu Lite / Luz Blanca 20 mts / Uso Interior / Policarbonato,Cámara AUDIO POR COAXITRON / Turret TURBOHD 1080p THC-T129-PS / Imagen a Color 24/7 / Lente 2.8 mm / ColorVu Lite / Luz Blanca 20 mts / Uso Interior / Policarbonato. Clave Oficial CT: CAMHKV3840. Marca: CT.,TELEFONIA Y VIDEO VIGILANCIA,telefonia_seguridad,CT,19.78,385.76,617.22,617.22,520.78,520.78,482.2,462.91,https://static.ctonline.mx/imagenes/CAMHKV3840/CAMHKV3840_400.jpg,assets/img/catalog/CAMHKV3840.jpg
CAMHKV1690,"Camara Turret Hilook (THC-T120-PC), 1080p TURBOHD, 103°, lente 2.8 mm, Smart IR EXIR 20 mts, dWDR,  Tecnologias TVI/AHD/CVI/CVBS, Policarbonato.","Camara Turret Hilook (THC-T120-PC), 1080p TURBOHD, 103°, lente 2.8 mm, Smart IR EXIR 20 mts, dWDR,  Tecnologias TVI/AHD/CVI/CVBS, Policarbonato.. Clave Oficial CT: CAMHKV1690. Marca: CT.",TELEFONIA Y VIDEO VIGILANCIA,telefonia_seguridad,CT,10.6,206.66,330.65,330.65,278.99,278.99,258.32,247.99,https://static.ctonline.mx/imagenes/CAMHKV1690/CAMHKV1690_400.jpg,assets/img/catalog/CAMHKV1690.jpg
CAMHKV2120,Cámara Bala TURBOHD 5 Megapíxel DS-2CE16H0T-ITF(C) / Lente 2.8 mm / 4 Tecnologías (TVI / AHD / CVI / CVBS) / 30 mts SMART IR EXIR / Exterior IP67 / dWDR,Cámara Bala TURBOHD 5 Megapíxel DS-2CE16H0T-ITF(C) / Lente 2.8 mm / 4 Tecnologías (TVI / AHD / CVI / CVBS) / 30 mts SMART IR EXIR / Exterior IP67 / dWDR. Clave Oficial CT: CAMHKV2120. Marca: CT.,TELEFONIA Y VIDEO VIGILANCIA,telefonia_seguridad,CT,27.93,544.73,871.57,871.57,735.38,735.38,680.91,653.67,https://static.ctonline.mx/imagenes/CAMHKV2120/CAMHKV2120_400.jpg,assets/img/catalog/CAMHKV2120.jpg
CAMHKV3970,Camara HiLook Series / Bala IP 2 Megapixel IPC-B121H-C / 30 mts IR / Exterior IP67 / PoE / dWDR / Lente 2.8 mm / H.265+ / ONVIF,Camara HiLook Series / Bala IP 2 Megapixel IPC-B121H-C / 30 mts IR / Exterior IP67 / PoE / dWDR / Lente 2.8 mm / H.265+ / ONVIF. Clave Oficial CT: CAMHKV3970. Marca: CT.,TELEFONIA Y VIDEO VIGILANCIA,telefonia_seguridad,CT,24.9,485.59,776.95,776.95,655.55,655.55,606.99,582.71,https://static.ctonline.mx/imagenes/CAMHKV3970/CAMHKV3970_400.jpg,assets/img/catalog/CAMHKV3970.jpg
CAMHKV3910,Cámara Bala TURBOHD 3K (5 Megapíxel) DS-2CE16K0T-LFS / Lente 2.8 mm / Dual Light (30 mts IR + 20 mts Luz Blanca) / Exterior IP67 / Micrófono Integrado / dWDR / 4 Tecnologías,Cámara Bala TURBOHD 3K (5 Megapíxel) DS-2CE16K0T-LFS / Lente 2.8 mm / Dual Light (30 mts IR + 20 mts Luz Blanca) / Exterior IP67 / Micrófono Integrado / dWDR / 4 Tecnologías. Clave Oficial CT: CAMHKV3910. Marca: CT.,TELEFONIA Y VIDEO VIGILANCIA,telefonia_seguridad,CT,30.96,603.65,965.84,965.84,814.93,814.93,754.57,724.38,https://static.ctonline.mx/imagenes/CAMHKV3910/CAMHKV3910_400.jpg,assets/img/catalog/CAMHKV3910.jpg
CAMHKV2750,Cámara Domo TURBOHD 2 Megapíxel DS-2CE76D0T-ITMF(C) (1080p) / Gran Angular 101° / Lente 2.8 mm / 30 mts IR EXIR / Exterior IP67 / 4 Tecnologías / dWDR,Cámara Domo TURBOHD 2 Megapíxel DS-2CE76D0T-ITMF(C) (1080p) / Gran Angular 101° / Lente 2.8 mm / 30 mts IR EXIR / Exterior IP67 / 4 Tecnologías / dWDR. Clave Oficial CT: CAMHKV2750. Marca: CT.,TELEFONIA Y VIDEO VIGILANCIA,telefonia_seguridad,CT,23.3,454.43,727.1,727.1,613.49,613.49,568.04,545.32,https://static.ctonline.mx/imagenes/CAMHKV2750/CAMHKV2750_400.jpg,assets/img/catalog/CAMHKV2750.jpg
CAMHKV2950,Cámara Bala TURBOHD 4K DS-2CE10UF3T-E / Imagen a color 24/7 / Lente 2.8 mm / METAL / Luz Blanca 20 mts / Exterior IP67 / WDR 130 dB,Cámara Bala TURBOHD 4K DS-2CE10UF3T-E / Imagen a color 24/7 / Lente 2.8 mm / METAL / Luz Blanca 20 mts / Exterior IP67 / WDR 130 dB. Clave Oficial CT: CAMHKV2950. Marca: CT.,TELEFONIA Y VIDEO VIGILANCIA,telefonia_seguridad,CT,70.44,1373.53,2197.65,2197.65,1854.26,1854.26,1716.91,1648.23,https://static.ctonline.mx/imagenes/CAMHKV2950/CAMHKV2950_400.jpg,assets/img/catalog/CAMHKV2950.jpg
CAMHKV3960,Cámara Domo IP 2 Megapíxel DS-2CD1123G2-LIU / Lente 2.8 mm / Dual Light (30 mts IR + 20 mts Luz Blanca) / Micrófono Integrado / Antivandálico IK08 / ACUSENSE Lite / Exterior IP67 / H.265 / PoE / ONVIF,Cámara Domo IP 2 Megapíxel DS-2CD1123G2-LIU / Lente 2.8 mm / Dual Light (30 mts IR + 20 mts Luz Blanca) / Micrófono Integrado / Antivandálico IK08 / ACUSENSE Lite / Exterior IP67 / H.265 / PoE / ONVIF. Clave Oficial CT: CAMHKV3960. Marca: CT.,TELEFONIA Y VIDEO VIGILANCIA,telefonia_seguridad,CT,56.76,1106.8,1770.88,1770.88,1494.18,1494.18,1383.5,1328.16,https://static.ctonline.mx/imagenes/CAMHKV3960/CAMHKV3960_400.jpg,assets/img/catalog/CAMHKV3960.jpg
CAMHKV2960,Cámara Bala TURBOHD 2 Megapíxel (1080p) DS-2CE12DF3T-PIRXOS / Imagen a Color 24/7 / Lente 2.8 mm / Luz Blanca 40 mts / Exterior IP67 / WDR 130 dB / Sensor PIR / Sirena y Salida de Audio Integrada / Estrobo ROJO - AZUL / Micrófono Integrado,Cámara Bala TURBOHD 2 Megapíxel (1080p) DS-2CE12DF3T-PIRXOS / Imagen a Color 24/7 / Lente 2.8 mm / Luz Blanca 40 mts / Exterior IP67 / WDR 130 dB / Sensor PIR / Sirena y Salida de Audio Integrada / Estrobo ROJO - AZUL / Micrófono Integrado. Clave Oficial CT: CAMHKV2960. Marca: CT.,TELEFONIA Y VIDEO VIGILANCIA,telefonia_seguridad,CT,60.79,1185.5,1896.8,1896.8,1600.42,1600.42,1481.87,1422.6,https://static.ctonline.mx/imagenes/CAMHKV2960/CAMHKV2960_400.jpg,assets/img/catalog/CAMHKV2960.jpg
CAMHKV2710,Cámara Bala TURBOHD 2 Megapíxel (1080p) (B8-TURBO-G2P/A) / Gran Angular 106° / Lente 2.8 mm / 25 mts IR EXIR / Exterior IP66 / 4 Tecnologías / dWDR,Cámara Bala TURBOHD 2 Megapíxel (1080p) (B8-TURBO-G2P/A) / Gran Angular 106° / Lente 2.8 mm / 25 mts IR EXIR / Exterior IP66 / 4 Tecnologías / dWDR. Clave Oficial CT: CAMHKV2710. Marca: CT.,TELEFONIA Y VIDEO VIGILANCIA,telefonia_seguridad,CT,16.69,325.36,520.58,520.58,439.24,439.24,406.7,390.43,https://static.ctonline.mx/imagenes/CAMHKV2710/CAMHKV2710_400.jpg,assets/img/catalog/CAMHKV2710.jpg
CAMHKV2160,Cámara Bala TURBOHD 1080p (1920 x 1080) (B8-TURBO-XG2W) / METÁLICA / Gran Angular 103° / Lente 2.8 mm / IR EXIR 40 mts / Exterior IP66 / TVI-AHD-CVI-CVBS. HIKVISION,Cámara Bala TURBOHD 1080p (1920 x 1080) (B8-TURBO-XG2W) / METÁLICA / Gran Angular 103° / Lente 2.8 mm / IR EXIR 40 mts / Exterior IP66 / TVI-AHD-CVI-CVBS. HIKVISION. Clave Oficial CT: CAMHKV2160. Marca: CT.,TELEFONIA Y VIDEO VIGILANCIA,telefonia_seguridad,CT,19.78,385.76,617.22,617.22,520.78,520.78,482.2,462.91,https://static.ctonline.mx/imagenes/CAMHKV2160/CAMHKV2160_400.jpg,assets/img/catalog/CAMHKV2160.jpg
CAMHKV3620,Cámara Bala TURBOHD 2 Megapíxel (1080p) DS-2CE16D0T-ITF(C) / Gran Angular 99° / Lente 2.8 mm / 30 mts IR EXIR / Exterior IP67 / 4 Tecnologías / dWDR,Cámara Bala TURBOHD 2 Megapíxel (1080p) DS-2CE16D0T-ITF(C) / Gran Angular 99° / Lente 2.8 mm / 30 mts IR EXIR / Exterior IP67 / 4 Tecnologías / dWDR. Clave Oficial CT: CAMHKV3620. Marca: CT.,TELEFONIA Y VIDEO VIGILANCIA,telefonia_seguridad,CT,21.99,428.79,686.06,686.06,578.86,578.86,535.99,514.55,https://static.ctonline.mx/imagenes/CAMHKV3620/CAMHKV3620_400.jpg,assets/img/catalog/CAMHKV3620.jpg
CAMHKV2550,Cámara Bala TURBOHD 2 Megapíxel (1920 x 1080) (THC-B120-MS) / Gran Angular 106° / Lente 2.8 mm / Audio por Coaxitron / 30 mts IR EXIR / Exterior IP66 / Soporta las 4 tecnologías del mercado (TVI / AHD / CVI / CVBS) / dWDR / Dimensiones: 58 x 61 x 158.6 mm. HIKVISION,Cámara Bala TURBOHD 2 Megapíxel (1920 x 1080) (THC-B120-MS) / Gran Angular 106° / Lente 2.8 mm / Audio por Coaxitron / 30 mts IR EXIR / Exterior IP66 / Soporta las 4 tecnologías del mercado (TVI / AHD / CVI / CVBS) / dWDR / Dimensiones: 58 x 61 x 158.6 mm. HIKVISION. Clave Oficial CT: CAMHKV2550. Marca: CT.,TELEFONIA Y VIDEO VIGILANCIA,telefonia_seguridad,CT,18.87,367.91,588.65,588.65,496.67,496.67,459.88,441.49,https://static.ctonline.mx/imagenes/CAMHKV2550/CAMHKV2550_400.jpg,assets/img/catalog/CAMHKV2550.jpg
CAMHKV2540,Cámara Turret TURBOHD 2 Megapíxel (1920 x 1080) (THC-T120-MS) / Gran Angular 106° / Lente 2.8 mm / Audio por Coaxitron / 30 mts IR EXIR / Exterior IP66 / Soporta las 4 tecnologías del mercado (TVI / AHD / CVI / CVBS) / dWDR / Dimensiones: 82.6 x 90 x 79.37 mm. HIKVISION,Cámara Turret TURBOHD 2 Megapíxel (1920 x 1080) (THC-T120-MS) / Gran Angular 106° / Lente 2.8 mm / Audio por Coaxitron / 30 mts IR EXIR / Exterior IP66 / Soporta las 4 tecnologías del mercado (TVI / AHD / CVI / CVBS) / dWDR / Dimensiones: 82.6 x 90 x 79.37 mm. HIKVISION. Clave Oficial CT: CAMHKV2540. Marca: CT.,TELEFONIA Y VIDEO VIGILANCIA,telefonia_seguridad,CT,17.24,336.16,537.86,537.86,453.82,453.82,420.2,403.4,https://static.ctonline.mx/imagenes/CAMHKV2540/CAMHKV2540_400.jpg,assets/img/catalog/CAMHKV2540.jpg
CAMHKV2330,"Cámara Bala TURBOHD 2 Megapíxel (1920 x 1080) (DS-2CE10DF0T-F) / Imagen a color 24/7 / Lente 2.8 mm / METAL / Luz Blanca 20 mts / Exterior IP67 / TVI-AHD-CVI-CVBS / dWDR / Dimensiones: 161.1 x 70 x 70 mm / Iluminación mínima: 0.001 Lux @ (F1.0, AGC ON). HIKVISION","Cámara Bala TURBOHD 2 Megapíxel (1920 x 1080) (DS-2CE10DF0T-F) / Imagen a color 24/7 / Lente 2.8 mm / METAL / Luz Blanca 20 mts / Exterior IP67 / TVI-AHD-CVI-CVBS / dWDR / Dimensiones: 161.1 x 70 x 70 mm / Iluminación mínima: 0.001 Lux @ (F1.0, AGC ON). HIKVISION. Clave Oficial CT: CAMHKV2330. Marca: CT.",TELEFONIA Y VIDEO VIGILANCIA,telefonia_seguridad,CT,24.41,475.92,761.47,761.47,642.49,642.49,594.9,571.1,https://static.ctonline.mx/imagenes/CAMHKV2330/CAMHKV2330_400.jpg,assets/img/catalog/CAMHKV2330.jpg
CAMHKV2340,"Cámara Turret TURBOHD 2 Megapíxel (1920 x 1080) (DS-2CE70DF0T-MF) / Imagen a color 24/7 / Lente 2.8 mm / METAL / Luz Blanca 20 mts / Exterior IP67 / TVI-AHD-CVI-CVBS / dWDR / Iluminación mínima: 0.001 Lux @ (F1.0, AGC ON) / Dimensiones: 85.4 x 77.62 mm. HIKVISION","Cámara Turret TURBOHD 2 Megapíxel (1920 x 1080) (DS-2CE70DF0T-MF) / Imagen a color 24/7 / Lente 2.8 mm / METAL / Luz Blanca 20 mts / Exterior IP67 / TVI-AHD-CVI-CVBS / dWDR / Iluminación mínima: 0.001 Lux @ (F1.0, AGC ON) / Dimensiones: 85.4 x 77.62 mm. HIKVISION. Clave Oficial CT: CAMHKV2340. Marca: CT.",TELEFONIA Y VIDEO VIGILANCIA,telefonia_seguridad,CT,24.58,479.23,766.77,766.77,646.97,646.97,599.04,575.08,https://static.ctonline.mx/imagenes/CAMHKV2340/CAMHKV2340_400.jpg,assets/img/catalog/CAMHKV2340.jpg
CAMHKV4310,Audio Bidireccional + Dual Light + ColorVu] Bala TURBOHD 2 Megapixel (1080p) DS-2CE16D0T-LTS / Lente 2.8 mm / 30 mts IR EXIR + 20 mts Luz Blanca / Micrófono y Bocina Integrado / Exterior IP67 / Metal / dWDR,Audio Bidireccional + Dual Light + ColorVu] Bala TURBOHD 2 Megapixel (1080p) DS-2CE16D0T-LTS / Lente 2.8 mm / 30 mts IR EXIR + 20 mts Luz Blanca / Micrófono y Bocina Integrado / Exterior IP67 / Metal / dWDR. Clave Oficial CT: CAMHKV4310. Marca: CT.,TELEFONIA Y VIDEO VIGILANCIA,telefonia_seguridad,CT,28.45,554.69,887.5,887.5,748.83,748.83,693.36,665.63,https://static.ctonline.mx/imagenes/CAMHKV4310/CAMHKV4310_400.jpg,assets/img/catalog/CAMHKV4310.jpg
CAMHKV3630,Cámara LUZ DUAL (IR + LUZ BLANCA) / Domo TurboHD 2 Megapíxel (1080p) DS-2CE76D0T-LMFS / Luz Blanca 20 mts / Gran Angular 106° / Lente 2.8 mm / 30 mts IR EXIR / Exterior IP67 / 4 Tecnologías / Micrófono Integrado,Cámara LUZ DUAL (IR + LUZ BLANCA) / Domo TurboHD 2 Megapíxel (1080p) DS-2CE76D0T-LMFS / Luz Blanca 20 mts / Gran Angular 106° / Lente 2.8 mm / 30 mts IR EXIR / Exterior IP67 / 4 Tecnologías / Micrófono Integrado. Clave Oficial CT: CAMHKV3630. Marca: CT.,TELEFONIA Y VIDEO VIGILANCIA,telefonia_seguridad,CT,28.21,550.03,880.04,880.04,742.54,742.54,687.53,660.03,https://static.ctonline.mx/imagenes/CAMHKV3630/CAMHKV3630_400.jpg,assets/img/catalog/CAMHKV3630.jpg
CAMHKV3710,Camara Bala TURBOHD 2 Megapíxel (1080p) DS-2CE16D0T-LFS / Lente 2.8 mm / Dual Light (30 mts IR EXIR + 20 mts Luz Blanca) / Micrófono Integrado / Gran Angular 101° / Exterior IP67 / 4 Tecnologías,Camara Bala TURBOHD 2 Megapíxel (1080p) DS-2CE16D0T-LFS / Lente 2.8 mm / Dual Light (30 mts IR EXIR + 20 mts Luz Blanca) / Micrófono Integrado / Gran Angular 101° / Exterior IP67 / 4 Tecnologías. Clave Oficial CT: CAMHKV3710. Marca: CT.,TELEFONIA Y VIDEO VIGILANCIA,telefonia_seguridad,CT,26.51,516.96,827.14,827.14,697.9,697.9,646.2,620.35,https://static.ctonline.mx/imagenes/CAMHKV3710/CAMHKV3710_400.jpg,assets/img/catalog/CAMHKV3710.jpg
CAMHKV2190,Camara Turret TURBOHD 5 Megapixel DS-2CE76H0T-ITMF(C) / Lente 2.8 mm / 30 mts IR EXIR / Exterior IP67 / Metal / 4 en 1 / Dwdr,Camara Turret TURBOHD 5 Megapixel DS-2CE76H0T-ITMF(C) / Lente 2.8 mm / 30 mts IR EXIR / Exterior IP67 / Metal / 4 en 1 / Dwdr. Clave Oficial CT: CAMHKV2190. Marca: CT.,TELEFONIA Y VIDEO VIGILANCIA,telefonia_seguridad,CT,26.87,523.96,838.33,838.33,707.34,707.34,654.95,628.75,https://static.ctonline.mx/imagenes/CAMHKV2190/CAMHKV2190_400.jpg,assets/img/catalog/CAMHKV2190.jpg
CAMHKV4020,Cámara Turret TURBOHD 3K (5 Megapíxel) DS-2CE72KF0T-FS / Micrófono Integrado / Lente 3.6 mm / Imagen a Color 24/7 (ColorVu) / 40 mts Luz Blanca / Exterior IP67 / dWDR / 4 Tecnologías,Cámara Turret TURBOHD 3K (5 Megapíxel) DS-2CE72KF0T-FS / Micrófono Integrado / Lente 3.6 mm / Imagen a Color 24/7 (ColorVu) / 40 mts Luz Blanca / Exterior IP67 / dWDR / 4 Tecnologías. Clave Oficial CT: CAMHKV4020. Marca: CT.,TELEFONIA Y VIDEO VIGILANCIA,telefonia_seguridad,CT,44.86,874.74,1399.59,1399.59,1180.91,1180.91,1093.43,1049.69,https://static.ctonline.mx/imagenes/CAMHKV4020/CAMHKV4020_400.jpg,assets/img/catalog/CAMHKV4020.jpg
CAMHKV2970,Cámara Turret TURBOHD 5 Megapíxel E50-TURBO-G2 / Lente 2.8 mm / 30 mts IR EXIR / Exterior IP67 / Metal / 4 en 1 / dWDR,Cámara Turret TURBOHD 5 Megapíxel E50-TURBO-G2 / Lente 2.8 mm / 30 mts IR EXIR / Exterior IP67 / Metal / 4 en 1 / dWDR. Clave Oficial CT: CAMHKV2970. Marca: CT.,TELEFONIA Y VIDEO VIGILANCIA,telefonia_seguridad,CT,26.37,514.21,822.73,822.73,694.18,694.18,642.76,617.05,https://static.ctonline.mx/imagenes/CAMHKV2970/CAMHKV2970_400.jpg,assets/img/catalog/CAMHKV2970.jpg
CAMHKV3950,Cámara Eyeball TURBOHD 4K (8Megapixeles) DS-2CE76U0T-ITMF / Gran Angular 102.9° / Lente 2.8 mm / Exterior IP67/ IR EXIR 30 mts / dWDR / TVI-AHD-CVI-CVBS,Cámara Eyeball TURBOHD 4K (8Megapixeles) DS-2CE76U0T-ITMF / Gran Angular 102.9° / Lente 2.8 mm / Exterior IP67/ IR EXIR 30 mts / dWDR / TVI-AHD-CVI-CVBS. Clave Oficial CT: CAMHKV3950. Marca: CT.,TELEFONIA Y VIDEO VIGILANCIA,telefonia_seguridad,CT,36.03,702.53,1124.04,1124.04,948.41,948.41,878.16,843.03,https://static.ctonline.mx/imagenes/CAMHKV3950/CAMHKV3950_400.jpg,assets/img/catalog/CAMHKV3950.jpg
CAMHKV2590,Cámara Bala TURBOHD 3K (5MP) (DS-2CE12KF0T-FS) / Lente 3.6 mm / Micrófono Integrado / Imagen a color 24/7 / Luz Blanca 40 mts / Exterior IP67 / dWDR / 4 Tecnologías,Cámara Bala TURBOHD 3K (5MP) (DS-2CE12KF0T-FS) / Lente 3.6 mm / Micrófono Integrado / Imagen a color 24/7 / Luz Blanca 40 mts / Exterior IP67 / dWDR / 4 Tecnologías. Clave Oficial CT: CAMHKV2590. Marca: CT.,TELEFONIA Y VIDEO VIGILANCIA,telefonia_seguridad,CT,46.85,913.48,1461.57,1461.57,1233.2,1233.2,1141.85,1096.18,https://static.ctonline.mx/imagenes/CAMHKV2590/CAMHKV2590_400.jpg,assets/img/catalog/CAMHKV2590.jpg
CAMHKV1840,Cámara Domo EyeBall Hikvision (DS-2CE78U1T-IT3F) 4k(8MP)  Multiformato (HDTVI/AHD/CVI/CVBS/IP) 2.8mm (102°.2) Metal IR: 60m Exterior IP67  (Existencias Limitadas),Cámara Domo EyeBall Hikvision (DS-2CE78U1T-IT3F) 4k(8MP)  Multiformato (HDTVI/AHD/CVI/CVBS/IP) 2.8mm (102°.2) Metal IR: 60m Exterior IP67  (Existencias Limitadas). Clave Oficial CT: CAMHKV1840. Marca: CT.,TELEFONIA Y VIDEO VIGILANCIA,telefonia_seguridad,CT,48.91,953.8,1526.09,1526.09,1287.64,1287.64,1192.26,1144.57,https://static.ctonline.mx/imagenes/CAMHKV1840/CAMHKV1840_400.jpg,assets/img/catalog/CAMHKV1840.jpg
CAMHKV2830,(Cámara Móvil (Dash Cam) AE-DC5013-F6 para Vehículos / ADAS / Micrófono y Bocina Integrado / Wi-Fi / Micro SD / Conector USB / G - Sensor,(Cámara Móvil (Dash Cam) AE-DC5013-F6 para Vehículos / ADAS / Micrófono y Bocina Integrado / Wi-Fi / Micro SD / Conector USB / G - Sensor. Clave Oficial CT: CAMHKV2830. Marca: CT.,TELEFONIA Y VIDEO VIGILANCIA,telefonia_seguridad,CT,61.92,1207.52,1932.03,1932.03,1630.15,1630.15,1509.4,1449.02,https://static.ctonline.mx/imagenes/CAMHKV2830/CAMHKV2830_400.jpg,assets/img/catalog/CAMHKV2830.jpg
CAMHKV3680,Cámara Bala TURBOHD 4K (8 Megapíxel) DS-2CE16U0T-ITF / Gran Angular 102° / Lente 2.8 mm / Exterior IP67 / IR EXIR 30 mts / dWDR / Metal,Cámara Bala TURBOHD 4K (8 Megapíxel) DS-2CE16U0T-ITF / Gran Angular 102° / Lente 2.8 mm / Exterior IP67 / IR EXIR 30 mts / dWDR / Metal. Clave Oficial CT: CAMHKV3680. Marca: CT.,TELEFONIA Y VIDEO VIGILANCIA,telefonia_seguridad,CT,36.39,709.58,1135.33,1135.33,957.93,957.93,886.97,851.5,https://static.ctonline.mx/imagenes/CAMHKV3680/CAMHKV3680_400.jpg,assets/img/catalog/CAMHKV3680.jpg
CAMHKV4110,Cámara Domo TURBOHD 4K (8 Megapíxel) DS-2CE57U0T-VPITF / Gran Angular 102º / Lente 2.8 mm / Exterior IP67 / IK10 / IR EXIR 30 metros / TVI-AHD-CVI-CVBS / dWDR,Cámara Domo TURBOHD 4K (8 Megapíxel) DS-2CE57U0T-VPITF / Gran Angular 102º / Lente 2.8 mm / Exterior IP67 / IK10 / IR EXIR 30 metros / TVI-AHD-CVI-CVBS / dWDR. Clave Oficial CT: CAMHKV4110. Marca: CT.,TELEFONIA Y VIDEO VIGILANCIA,telefonia_seguridad,CT,49.82,971.46,1554.33,1554.33,1311.47,1311.47,1214.32,1165.75,https://static.ctonline.mx/imagenes/CAMHKV4110/CAMHKV4110_400.jpg,assets/img/catalog/CAMHKV4110.jpg
CAMHKV2720,Cámara Bala IP 4 Megapíxel (DS-2CD1043G0-I(C)) / Lente 2.8 mm / 30 mts IR / WDR 120 dB / Exterior IP67 / Hik-Connect P2P / H.265+ / PoE,Cámara Bala IP 4 Megapíxel (DS-2CD1043G0-I(C)) / Lente 2.8 mm / 30 mts IR / WDR 120 dB / Exterior IP67 / Hik-Connect P2P / H.265+ / PoE. Clave Oficial CT: CAMHKV2720. Marca: CT.,TELEFONIA Y VIDEO VIGILANCIA,telefonia_seguridad,CT,78.39,1528.63,2445.81,2445.81,2063.65,2063.65,1910.79,1834.36,https://static.ctonline.mx/imagenes/CAMHKV2720/CAMHKV2720_400.jpg,assets/img/catalog/CAMHKV2720.jpg
CAMHKV2580,Cámara Turret TURBOHD 4K (DS-2CE72UF3T-E) / Imagen a color 24/7 / Lente 2.8 mm / Luz Blanca 40 mts / Exterior IP67,Cámara Turret TURBOHD 4K (DS-2CE72UF3T-E) / Imagen a color 24/7 / Lente 2.8 mm / Luz Blanca 40 mts / Exterior IP67. Clave Oficial CT: CAMHKV2580. Marca: CT.,TELEFONIA Y VIDEO VIGILANCIA,telefonia_seguridad,CT,75.92,1480.44,2368.7,2368.7,1998.59,1998.59,1850.55,1776.53,https://static.ctonline.mx/imagenes/CAMHKV2580/CAMHKV2580_400.jpg,assets/img/catalog/CAMHKV2580.jpg
CAMHKV4190,Cámara Domo IP 4 Megapíxel DS-2CD1143G2-LIUF / Lente 2.8 mm / Dual Light (30 mts IR + 30 mts Luz Blanca) / Micrófono Integrado / Antivandálico IK08 / ACUSENSE Lite / Exterior IP67 / H.265 / PoE / ONVIF / Micro SD,Cámara Domo IP 4 Megapíxel DS-2CD1143G2-LIUF / Lente 2.8 mm / Dual Light (30 mts IR + 30 mts Luz Blanca) / Micrófono Integrado / Antivandálico IK08 / ACUSENSE Lite / Exterior IP67 / H.265 / PoE / ONVIF / Micro SD. Clave Oficial CT: CAMHKV4190. Marca: CT.,TELEFONIA Y VIDEO VIGILANCIA,telefonia_seguridad,CT,86.12,1679.27,2686.84,2686.84,2267.02,2267.02,2099.09,2015.13,https://static.ctonline.mx/imagenes/CAMHKV4190/CAMHKV4190_400.jpg,assets/img/catalog/CAMHKV4190.jpg
CAMHKV1880,Cámara Domo Zoom Hikvision(DS-2CE79U1T-IT3ZF) 4K(8MP) Multiformato(HDTVI/AHD/CVI/CVBS) [2.7~13.5] Mot. Metal IR:60mEXIR Exterior IP67 dWDR (-40ºC a 60ºC) [9-15]VCD/0.72A/8.6W,Cámara Domo Zoom Hikvision(DS-2CE79U1T-IT3ZF) 4K(8MP) Multiformato(HDTVI/AHD/CVI/CVBS) [2.7~13.5] Mot. Metal IR:60mEXIR Exterior IP67 dWDR (-40ºC a 60ºC) [9-15]VCD/0.72A/8.6W. Clave Oficial CT: CAMHKV1880. Marca: CT.,TELEFONIA Y VIDEO VIGILANCIA,telefonia_seguridad,CT,101.73,1983.69,3173.91,3173.91,2677.99,2677.99,2479.62,2380.43,https://static.ctonline.mx/imagenes/CAMHKV1880/CAMHKV1880_400.jpg,assets/img/catalog/CAMHKV1880.jpg
CAMHKV5470,[Dual Light + 2 Micrófonos Integrados] Domo IP 2 Megapíxel  HIKVISION modelo DS-2CD2123G2-LIS2U Lente 2.8 mm / 30 mts Luz Blanca + 30 mts IR / ACUSENSE / Exterior IP67 / IK10 / WDR 120 dB / PoE / ONVIF / Micro SD / Metal / ACUSEEK,[Dual Light + 2 Micrófonos Integrados] Domo IP 2 Megapíxel  HIKVISION modelo DS-2CD2123G2-LIS2U Lente 2.8 mm / 30 mts Luz Blanca + 30 mts IR / ACUSENSE / Exterior IP67 / IK10 / WDR 120 dB / PoE / ONVIF / Micro SD / Metal / ACUSEEK. Clave Oficial CT: CAMHKV5470. Marca: CT.,TELEFONIA Y VIDEO VIGILANCIA,telefonia_seguridad,CT,83.18,1621.96,2595.13,2595.13,2189.64,2189.64,2027.45,1946.35,https://static.ctonline.mx/imagenes/CAMHKV5470/CAMHKV5470_400.jpg,assets/img/catalog/CAMHKV5470.jpg
CAMHKV930,"Cámara Bala 4K TURBOHD (DS-2CE19U1T-AIT3ZF) Resolución máxima: 8.29 Megapíxel (3840 x 2160)/ Lente Mot. 2.7 a 13.5 mm / 80 mts IR EXIR / IP67 / 12 VCD / 24 VCA / 4 Tecnologías (TVI / AHD / CVI / CVBS), Permite seleccionar la resolución entre 8 Megapíxel / 5 Megapíxel / 4 Megapíxel / 2 Megapíxel.","Cámara Bala 4K TURBOHD (DS-2CE19U1T-AIT3ZF) Resolución máxima: 8.29 Megapíxel (3840 x 2160)/ Lente Mot. 2.7 a 13.5 mm / 80 mts IR EXIR / IP67 / 12 VCD / 24 VCA / 4 Tecnologías (TVI / AHD / CVI / CVBS), Permite seleccionar la resolución entre 8 Megapíxel / 5 Megapíxel / 4 Megapíxel / 2 Megapíxel.. Clave Oficial CT: CAMHKV930. Marca: CT.",TELEFONIA Y VIDEO VIGILANCIA,telefonia_seguridad,CT,83.18,1621.96,2595.13,2595.13,2189.64,2189.64,2027.45,1946.35,https://static.ctonline.mx/imagenes/CAMHKV930/CAMHKV930_400.jpg,assets/img/catalog/CAMHKV930.jpg
CAMHKV4340,Cámara Dual Light Bala IP 8 Megapíxel (4K) DS-2CD1T83G2-LIU(F) / Lente 4 mm / 50 mts IR + 50 mts Luz Blanca / Micrófono Integrado / ACUSENSE Lite / Exterior IP67 / H.265 / PoE / ONVIF / Micro SD,Cámara Dual Light Bala IP 8 Megapíxel (4K) DS-2CD1T83G2-LIU(F) / Lente 4 mm / 50 mts IR + 50 mts Luz Blanca / Micrófono Integrado / ACUSENSE Lite / Exterior IP67 / H.265 / PoE / ONVIF / Micro SD. Clave Oficial CT: CAMHKV4340. Marca: CT.,TELEFONIA Y VIDEO VIGILANCIA,telefonia_seguridad,CT,111.2,2168.32,3469.3,3469.3,2927.23,2927.23,2710.39,2601.98,https://static.ctonline.mx/imagenes/CAMHKV4340/CAMHKV4340_400.jpg,assets/img/catalog/CAMHKV4340.jpg
CAMHKV2760,Cámara Turret TURBOHD 3K (5MP) DS-2CE70KF0T-MFS / Micrófono Integrado / Lente 2.8 mm / Imagen a color 24/7 / 20 mts Luz Blanca / Exterior IP67 / dWDR / 4 Tecnologías,Cámara Turret TURBOHD 3K (5MP) DS-2CE70KF0T-MFS / Micrófono Integrado / Lente 2.8 mm / Imagen a color 24/7 / 20 mts Luz Blanca / Exterior IP67 / dWDR / 4 Tecnologías. Clave Oficial CT: CAMHKV2760. Marca: CT.,TELEFONIA Y VIDEO VIGILANCIA,telefonia_seguridad,CT,42.5,828.75,1326.0,1326.0,1118.81,1118.81,1035.94,994.5,https://static.ctonline.mx/imagenes/CAMHKV2760/CAMHKV2760_400.jpg,assets/img/catalog/CAMHKV2760.jpg
CAMHKV3110,Cámara Domo IP 4 Megapíxel DS-2CD1143G0-I(C) / Lente 2.8 mm / 30 mts IR / WDR 120 dB / Exterior IP67 / Hik-Connect P2P / H.265+ / PoE,Cámara Domo IP 4 Megapíxel DS-2CD1143G0-I(C) / Lente 2.8 mm / 30 mts IR / WDR 120 dB / Exterior IP67 / Hik-Connect P2P / H.265+ / PoE. Clave Oficial CT: CAMHKV3110. Marca: CT.,TELEFONIA Y VIDEO VIGILANCIA,telefonia_seguridad,CT,71.2,1388.32,2221.3,2221.3,1874.23,1874.23,1735.39,1665.98,https://static.ctonline.mx/imagenes/CAMHKV3110/CAMHKV3110_400.jpg,assets/img/catalog/CAMHKV3110.jpg
CAMHKV3120,Cámara Bala IP 4 Megapíxel DS-2CD2T47G2-L(C) / Imagen a Color 24/7 / PoE / Lente 4 mm / Luz Blanca 60 mts / Exterior IP67 / WDR 130 dB / Captura Facial / Videoanaliticos (Filtro de Falsas Alarmas) (Existencias Limitadas),Cámara Bala IP 4 Megapíxel DS-2CD2T47G2-L(C) / Imagen a Color 24/7 / PoE / Lente 4 mm / Luz Blanca 60 mts / Exterior IP67 / WDR 130 dB / Captura Facial / Videoanaliticos (Filtro de Falsas Alarmas) (Existencias Limitadas). Clave Oficial CT: CAMHKV3120. Marca: CT.,TELEFONIA Y VIDEO VIGILANCIA,telefonia_seguridad,CT,152.17,2967.39,4747.83,4747.83,4005.98,4005.98,3709.24,3560.87,https://static.ctonline.mx/imagenes/CAMHKV3120/CAMHKV3120_400.jpg,assets/img/catalog/CAMHKV3120.jpg
CAMHKV5480,Cámara Bala IP 4 Megapíxel / Lente Mot. 2.8 a 12 mm / Dual Light HIKVISION modelo DS-2CD1643G2-LIZSU/SL 50 mts IR + 50 mts Luz Blanca) / ACUSENSE Lite / Audio de Dos Vías / Luz Intermitente y Alerta de Audio / Exterior IP67 / WDR 120 dB / PoE / Micro SD,Cámara Bala IP 4 Megapíxel / Lente Mot. 2.8 a 12 mm / Dual Light HIKVISION modelo DS-2CD1643G2-LIZSU/SL 50 mts IR + 50 mts Luz Blanca) / ACUSENSE Lite / Audio de Dos Vías / Luz Intermitente y Alerta de Audio / Exterior IP67 / WDR 120 dB / PoE / Micro SD. Clave Oficial CT: CAMHKV5480. Marca: CT.,TELEFONIA Y VIDEO VIGILANCIA,telefonia_seguridad,CT,133.7,2607.07,4171.3,4171.3,3519.54,3519.54,3258.83,3128.48,https://static.ctonline.mx/imagenes/CAMHKV5480/CAMHKV5480_400.jpg,assets/img/catalog/CAMHKV5480.jpg
CAMHKV3510,Cámara Domo PTZ TURBOHD 2 Megapíxel (1080P) DS-2AE5232TI-A(E) / 32X Zoom / 150 mts IR / Exterior IP66 / WDR 120 dB / Ultra Baja Iluminación / Entrada y Salida de Alarmas,Cámara Domo PTZ TURBOHD 2 Megapíxel (1080P) DS-2AE5232TI-A(E) / 32X Zoom / 150 mts IR / Exterior IP66 / WDR 120 dB / Ultra Baja Iluminación / Entrada y Salida de Alarmas. Clave Oficial CT: CAMHKV3510. Marca: CT.,TELEFONIA Y VIDEO VIGILANCIA,telefonia_seguridad,CT,401.94,7837.78,12540.45,12540.45,10581.0,10581.0,9797.22,9405.33,https://static.ctonline.mx/imagenes/CAMHKV3510/CAMHKV3510_400.jpg,assets/img/catalog/CAMHKV3510.jpg
CAMHKV3280,Camara Domo PTZ IP 4 Megapíxel DS-2DE7A432IW-AEB(T5) / 32X Zoom / 200 mts IR / ACUSENSE (Evita Falsas Alarmas) / IP66 / Alerta Audible y Luz Estroboscópica / Autoseguimiento 2.0 / Hi-PoE / DARKFIGHTER / Rapid Focus / MicroSD,Camara Domo PTZ IP 4 Megapíxel DS-2DE7A432IW-AEB(T5) / 32X Zoom / 200 mts IR / ACUSENSE (Evita Falsas Alarmas) / IP66 / Alerta Audible y Luz Estroboscópica / Autoseguimiento 2.0 / Hi-PoE / DARKFIGHTER / Rapid Focus / MicroSD. Clave Oficial CT: CAMHKV3280. Marca: CT.,TELEFONIA Y VIDEO VIGILANCIA,telefonia_seguridad,CT,619.69,12084.01,19334.42,19334.42,16313.42,16313.42,15105.02,14500.82,https://static.ctonline.mx/imagenes/CAMHKV3280/CAMHKV3280_400.jpg,assets/img/catalog/CAMHKV3280.jpg
CAMHKV3290,Camara Domo PTZ IP 4 Megapíxel DS-2DE7A425IW-AEB(T5) / 25X Zoom / 200 mts IR / ACUSENSE (Evita Falsas Alarmas) / IP66 / Alerta Audible y Luz Estroboscópica / Autoseguimiento 2.0 / Hi-PoE / DARKFIGHTER / Rapid Focus/ microSD,Camara Domo PTZ IP 4 Megapíxel DS-2DE7A425IW-AEB(T5) / 25X Zoom / 200 mts IR / ACUSENSE (Evita Falsas Alarmas) / IP66 / Alerta Audible y Luz Estroboscópica / Autoseguimiento 2.0 / Hi-PoE / DARKFIGHTER / Rapid Focus/ microSD. Clave Oficial CT: CAMHKV3290. Marca: CT.,TELEFONIA Y VIDEO VIGILANCIA,telefonia_seguridad,CT,509.14,9928.16,15885.06,15885.06,13403.02,13403.02,12410.2,11913.79,https://static.ctonline.mx/imagenes/CAMHKV3290/CAMHKV3290_400.jpg,assets/img/catalog/CAMHKV3290.jpg
CAMHKV3740,Cámara Bala IP 2 Megapíxel DS-2CD3A26G2T-IZS / Lente Mot. 4.7 a 71 mm (15X Zoom) / 150 mts IR EXIR / IP67 / IK10 / WDR 120 dB / PoE + / AcuSense / Videoanaliticos Integrados / MicroSD,Cámara Bala IP 2 Megapíxel DS-2CD3A26G2T-IZS / Lente Mot. 4.7 a 71 mm (15X Zoom) / 150 mts IR EXIR / IP67 / IK10 / WDR 120 dB / PoE + / AcuSense / Videoanaliticos Integrados / MicroSD. Clave Oficial CT: CAMHKV3740. Marca: CT.,TELEFONIA Y VIDEO VIGILANCIA,telefonia_seguridad,CT,460.65,8982.72,14372.35,14372.35,12126.67,12126.67,11228.4,10779.26,https://static.ctonline.mx/imagenes/CAMHKV3740/CAMHKV3740_400.jpg,assets/img/catalog/CAMHKV3740.jpg
CAMHKV3850,Cámara Bala IP 4 Megapíxel DS-2XE6045G0-I(B) / Anti explosión / Lente 6 mm / H.265+ / 30 mts IR / WDR 120 dB / PoE / IP68 / Entrada-Salida audio y alarma / MicroSD,Cámara Bala IP 4 Megapíxel DS-2XE6045G0-I(B) / Anti explosión / Lente 6 mm / H.265+ / 30 mts IR / WDR 120 dB / PoE / IP68 / Entrada-Salida audio y alarma / MicroSD. Clave Oficial CT: CAMHKV3850. Marca: CT.,TELEFONIA Y VIDEO VIGILANCIA,telefonia_seguridad,CT,524.45,10226.85,16362.96,16362.96,13806.25,13806.25,12783.56,12272.22,https://static.ctonline.mx/imagenes/CAMHKV3850/CAMHKV3850_400.jpg,assets/img/catalog/CAMHKV3850.jpg
CAMHKV3390,Cámara Turret IP Panorámica 4 Megapíxel DS-2CD2347G2P-LSU/SL(C) / 2 Lentes 2.8 mm (180°) / Imagen a Color 24/7 (ColorVu) / PoE / WDR 130° / IP67 / ACUSENSE / Luz Estroboscópica y Alarma Audible / 30 mts Luz Blanca / Micro SD,Cámara Turret IP Panorámica 4 Megapíxel DS-2CD2347G2P-LSU/SL(C) / 2 Lentes 2.8 mm (180°) / Imagen a Color 24/7 (ColorVu) / PoE / WDR 130° / IP67 / ACUSENSE / Luz Estroboscópica y Alarma Audible / 30 mts Luz Blanca / Micro SD. Clave Oficial CT: CAMHKV3390. Marca: CT.,TELEFONIA Y VIDEO VIGILANCIA,telefonia_seguridad,CT,183.4,3576.33,5722.13,5722.13,4828.05,4828.05,4470.42,4291.6,https://static.ctonline.mx/imagenes/CAMHKV3390/CAMHKV3390_400.jpg,assets/img/catalog/CAMHKV3390.jpg
CAMHKV3530,Cámara Turret IP 4 Megapíxel DS-2CD1343G0-I(C) / Lente 2.8 mm / 30 mts IR / WDR 120 dB / Exterior IP67 / Hik-Connect P2P / H.265+ / PoE / ONVIF,Cámara Turret IP 4 Megapíxel DS-2CD1343G0-I(C) / Lente 2.8 mm / 30 mts IR / WDR 120 dB / Exterior IP67 / Hik-Connect P2P / H.265+ / PoE / ONVIF. Clave Oficial CT: CAMHKV3530. Marca: CT.,TELEFONIA Y VIDEO VIGILANCIA,telefonia_seguridad,CT,74.42,1451.12,2321.8,2321.8,1959.01,1959.01,1813.9,1741.35,https://static.ctonline.mx/imagenes/CAMHKV3530/CAMHKV3530_400.jpg,assets/img/catalog/CAMHKV3530.jpg
CAMHKV3870,Domo PTZ TurboHD 1080P PTZ-T4225I-D(E) / 25X Zoom / 100 mts IR EXIR / Exterior IP66 / WDR 120 dB / TVI / RS-485 / Ultra Baja Iluminación,Domo PTZ TurboHD 1080P PTZ-T4225I-D(E) / 25X Zoom / 100 mts IR EXIR / Exterior IP66 / WDR 120 dB / TVI / RS-485 / Ultra Baja Iluminación. Clave Oficial CT: CAMHKV3870. Marca: CT.,TELEFONIA Y VIDEO VIGILANCIA,telefonia_seguridad,CT,219.36,4277.54,6844.06,6844.06,5774.67,5774.67,5346.92,5133.04,https://static.ctonline.mx/imagenes/CAMHKV3870/CAMHKV3870_400.jpg,assets/img/catalog/CAMHKV3870.jpg
CAMHKV4360,Cámara Dual Light + 2 Micrófonos Integrados] Bala IP 2 Megapíxel DS-2CD2623G2-LIZS2U / Lente Mot. 2.8 a 12 mm / 60 mts Luz Blanca + 60 mts IR / ACUSENSE / Exterior IP67 / IK10 / WDR 120 dB / PoE+ / ONVIF / Alarmas I/O / Micro SD / Metal / ACUSEARCH,Cámara Dual Light + 2 Micrófonos Integrados] Bala IP 2 Megapíxel DS-2CD2623G2-LIZS2U / Lente Mot. 2.8 a 12 mm / 60 mts Luz Blanca + 60 mts IR / ACUSENSE / Exterior IP67 / IK10 / WDR 120 dB / PoE+ / ONVIF / Alarmas I/O / Micro SD / Metal / ACUSEARCH. Clave Oficial CT: CAMHKV4360. Marca: CT.,TELEFONIA Y VIDEO VIGILANCIA,telefonia_seguridad,CT,153.33,2989.98,4783.96,4783.96,4036.47,4036.47,3737.47,3587.97,https://static.ctonline.mx/imagenes/CAMHKV4360/CAMHKV4360_400.jpg,assets/img/catalog/CAMHKV4360.jpg
CAMHKV4350,Cámara Bala IP Dual DS-2TD2617-6/QA / Térmica 6.2 mm (160 x 120) / Óptico 8 mm (4 Megapíxel) / DETECCIÓN DE PERSONAS 182 m /40 mts IR / Exterior IP67 / PoE / Termométrica / Detección de Temperatura / Sirena y Luz Inte / Micro SD 32 GB Incluida,Cámara Bala IP Dual DS-2TD2617-6/QA / Térmica 6.2 mm (160 x 120) / Óptico 8 mm (4 Megapíxel) / DETECCIÓN DE PERSONAS 182 m /40 mts IR / Exterior IP67 / PoE / Termométrica / Detección de Temperatura / Sirena y Luz Inte / Micro SD 32 GB Incluida. Clave Oficial CT: CAMHKV4350. Marca: CT.,TELEFONIA Y VIDEO VIGILANCIA,telefonia_seguridad,CT,342.08,6670.58,10672.92,10672.92,9005.28,9005.28,8338.22,8004.69,https://static.ctonline.mx/imagenes/CAMHKV4350/CAMHKV4350_400.jpg,assets/img/catalog/CAMHKV4350.jpg
CAMHKV5390,Cámara Inteligente HIKVISION modelo DS-2DE4215IWG1-E PTZ IP 2 Megapíxel POE Micrófonos y 1 Bocina Integrados,Cámara Inteligente HIKVISION modelo DS-2DE4215IWG1-E PTZ IP 2 Megapíxel POE Micrófonos y 1 Bocina Integrados. Clave Oficial CT: CAMHKV5390. Marca: CT.,TELEFONIA Y VIDEO VIGILANCIA,telefonia_seguridad,CT,268.22,5230.26,8368.41,8368.41,7060.85,7060.85,6537.82,6276.31,https://static.ctonline.mx/imagenes/CAMHKV5390/CAMHKV5390_400.jpg,assets/img/catalog/CAMHKV5390.jpg
CAMHKV4490,"Cámara Hikvision modelo DS-2CD3T86G2H-LISU Bala IP 8 Megapíxel Lente 4 mm  Dual Light (60 mts IR + 60 mts Luz Blanca ) Darkfighter S Exterior IP67 WDR 130 dB  4 Analíticos: AcuSense, Detección Facial, Conteo de Personas por Cruce y Zona","Cámara Hikvision modelo DS-2CD3T86G2H-LISU Bala IP 8 Megapíxel Lente 4 mm  Dual Light (60 mts IR + 60 mts Luz Blanca ) Darkfighter S Exterior IP67 WDR 130 dB  4 Analíticos: AcuSense, Detección Facial, Conteo de Personas por Cruce y Zona. Clave Oficial CT: CAMHKV4490. Marca: CT.",TELEFONIA Y VIDEO VIGILANCIA,telefonia_seguridad,CT,370.16,7218.18,11549.09,11549.09,9744.54,9744.54,9022.72,8661.82,https://static.ctonline.mx/imagenes/CAMHKV4490/CAMHKV4490_400.jpg,assets/img/catalog/CAMHKV4490.jpg
CAMHKV5380,Cámara Inteligente HIKVISION modelo IDS-UVC-X28-B Para Conferencias de 4K/USB/Plug and Play/Autoenfoque,Cámara Inteligente HIKVISION modelo IDS-UVC-X28-B Para Conferencias de 4K/USB/Plug and Play/Autoenfoque. Clave Oficial CT: CAMHKV5380. Marca: CT.,TELEFONIA Y VIDEO VIGILANCIA,telefonia_seguridad,CT,656.85,12808.53,20493.65,20493.65,17291.52,17291.52,16010.67,15370.24,https://static.ctonline.mx/imagenes/CAMHKV5380/CAMHKV5380_400.jpg,assets/img/catalog/CAMHKV5380.jpg
CAMHKV5450,Cámara IP Turret HIKVISION modelo HF-VT343 Detección Térmica de Incendios / Detección de Llamas y Temperaturas Anormales / 4 Megapíxel (Lente Óptico) + 1 Megapíxel (Lente Térmico) / Compatible con Hik-Connect,Cámara IP Turret HIKVISION modelo HF-VT343 Detección Térmica de Incendios / Detección de Llamas y Temperaturas Anormales / 4 Megapíxel (Lente Óptico) + 1 Megapíxel (Lente Térmico) / Compatible con Hik-Connect. Clave Oficial CT: CAMHKV5450. Marca: CT.,TELEFONIA Y VIDEO VIGILANCIA,telefonia_seguridad,CT,656.85,12808.53,20493.65,20493.65,17291.52,17291.52,16010.67,15370.24,https://static.ctonline.mx/imagenes/CAMHKV5450/CAMHKV5450_400.jpg,assets/img/catalog/CAMHKV5450.jpg
CAMHKV5490,[Dual Light + 2 Micrófonos Integrados] Bala IP 6 Megapixel HIKVISION modelo DS-2CD2063G2-LI2U Lente 2.8 mm / 40 mts Luz Blanca + 40 mts IR / ACUSENSE / Exterior IP67 / WDR 120 dB / PoE / ONVIF / Micro SD / Metal / ACUSEEK,[Dual Light + 2 Micrófonos Integrados] Bala IP 6 Megapixel HIKVISION modelo DS-2CD2063G2-LI2U Lente 2.8 mm / 40 mts Luz Blanca + 40 mts IR / ACUSENSE / Exterior IP67 / WDR 120 dB / PoE / ONVIF / Micro SD / Metal / ACUSEEK. Clave Oficial CT: CAMHKV5490. Marca: CT.,TELEFONIA Y VIDEO VIGILANCIA,telefonia_seguridad,CT,111.64,2177.01,3483.21,3483.21,2938.96,2938.96,2721.26,2612.41,https://static.ctonline.mx/imagenes/CAMHKV5490/CAMHKV5490_400.jpg,assets/img/catalog/CAMHKV5490.jpg
CAMHKV3130,Cámara Mini Domo PTZ IP 4 Megapíxel PTZ-N2404I-DE3(F) / 4X Zoom / H.265+ / 20 mts IR EXIR / WDR / PoE / IK10 / Exterior IP66 / Ultra Baja Iluminación / Micrófono Integrado / PoE,Cámara Mini Domo PTZ IP 4 Megapíxel PTZ-N2404I-DE3(F) / 4X Zoom / H.265+ / 20 mts IR EXIR / WDR / PoE / IK10 / Exterior IP66 / Ultra Baja Iluminación / Micrófono Integrado / PoE. Clave Oficial CT: CAMHKV3130. Marca: CT.,TELEFONIA Y VIDEO VIGILANCIA,telefonia_seguridad,CT,126.43,2465.48,3944.77,3944.77,3328.4,3328.4,3081.85,2958.57,https://static.ctonline.mx/imagenes/CAMHKV3130/CAMHKV3130_400.jpg,assets/img/catalog/CAMHKV3130.jpg
CAMHKV1590,Cámara Bala IP 8 MP (4K) (3840 x 2160) (DS-2CD2085G1-I) / 30 metros IR EXIR / Lente 2.8 mm / Ultra Baja Iluminación / WDR 120 dB / PoE / IP67 / IK10 / Videoanaliticos / Detección de Rostros / Dia/Noche Real con filtro ICR / Compatible con Hik-Connect / Soporta MicroSD hasta 128GB.  HIKVISION (Existencias Limitadas),Cámara Bala IP 8 MP (4K) (3840 x 2160) (DS-2CD2085G1-I) / 30 metros IR EXIR / Lente 2.8 mm / Ultra Baja Iluminación / WDR 120 dB / PoE / IP67 / IK10 / Videoanaliticos / Detección de Rostros / Dia/Noche Real con filtro ICR / Compatible con Hik-Connect / Soporta MicroSD hasta 128GB.  HIKVISION (Existencias Limitadas). Clave Oficial CT: CAMHKV1590. Marca: CT.,TELEFONIA Y VIDEO VIGILANCIA,telefonia_seguridad,CT,130.43,2543.48,4069.57,4069.57,3433.7,3433.7,3179.35,3052.17,https://static.ctonline.mx/imagenes/CAMHKV1590/CAMHKV1590_400.jpg,assets/img/catalog/CAMHKV1590.jpg
CAMHKV3300,Cámara Domo PTZ TurboHD 2 Megapíxel (1080P) DS-2AE4215TI-D(E)  / 15X Zoom / 100 mts IR EXIR / Exterior IP66 / WDR 120 dB / RS-485 / Ultra Baja Iluminación,Cámara Domo PTZ TurboHD 2 Megapíxel (1080P) DS-2AE4215TI-D(E)  / 15X Zoom / 100 mts IR EXIR / Exterior IP66 / WDR 120 dB / RS-485 / Ultra Baja Iluminación. Clave Oficial CT: CAMHKV3300. Marca: CT.,TELEFONIA Y VIDEO VIGILANCIA,telefonia_seguridad,CT,184.75,3602.57,5764.11,5764.11,4863.46,4863.46,4503.21,4323.08,https://static.ctonline.mx/imagenes/CAMHKV3300/CAMHKV3300_400.jpg,assets/img/catalog/CAMHKV3300.jpg
CAMHKV3310,Cámara Domo PTZ TurboHD 2 Megapíxel (1080P) DS-2AE4225TI-D(E)  / 25X Zoom / 100 mts IR EXIR / Exterior IP66 / WDR 120 dB / RS-485 / Ultra Baja Iluminación,Cámara Domo PTZ TurboHD 2 Megapíxel (1080P) DS-2AE4225TI-D(E)  / 25X Zoom / 100 mts IR EXIR / Exterior IP66 / WDR 120 dB / RS-485 / Ultra Baja Iluminación. Clave Oficial CT: CAMHKV3310. Marca: CT.,TELEFONIA Y VIDEO VIGILANCIA,telefonia_seguridad,CT,225.56,4398.34,7037.34,7037.34,5937.75,5937.75,5497.92,5278.0,https://static.ctonline.mx/imagenes/CAMHKV3310/CAMHKV3310_400.jpg,assets/img/catalog/CAMHKV3310.jpg
CAMHKV3190,Cámara Turret IP Panorámica 8 Megapíxel DS-2CD2387G2P-LSU/SL(C) / 180° / Imagen a Color 24/7 / PoE / WDR 130° / IP67 / ACUSENSE / Protección Activa (Luz Estroboscópica y Alarma Audible) / MicroSD,Cámara Turret IP Panorámica 8 Megapíxel DS-2CD2387G2P-LSU/SL(C) / 180° / Imagen a Color 24/7 / PoE / WDR 130° / IP67 / ACUSENSE / Protección Activa (Luz Estroboscópica y Alarma Audible) / MicroSD. Clave Oficial CT: CAMHKV3190. Marca: CT.,TELEFONIA Y VIDEO VIGILANCIA,telefonia_seguridad,CT,260.05,5071.06,8113.7,8113.7,6845.93,6845.93,6338.82,6085.27,https://static.ctonline.mx/imagenes/CAMHKV3190/CAMHKV3190_400.jpg,assets/img/catalog/CAMHKV3190.jpg
CAMHKV3260,Cámara Domo PTZ IP 2 Megapíxel DS-2DE7A225IW-AEB(T5) / 25X Zoom / 200 mts IR / ACUSENSE (Evita Falsas Alarmas) / IP66 / Alerta Audible y Luz Estroboscópica / Autoseguimiento 2.0 / Hi-PoE / DARKFIGHTER / Rapid Focus / MicroSD,Cámara Domo PTZ IP 2 Megapíxel DS-2DE7A225IW-AEB(T5) / 25X Zoom / 200 mts IR / ACUSENSE (Evita Falsas Alarmas) / IP66 / Alerta Audible y Luz Estroboscópica / Autoseguimiento 2.0 / Hi-PoE / DARKFIGHTER / Rapid Focus / MicroSD. Clave Oficial CT: CAMHKV3260. Marca: CT.,TELEFONIA Y VIDEO VIGILANCIA,telefonia_seguridad,CT,472.16,9207.12,14731.39,14731.39,12429.61,12429.61,11508.9,11048.54,https://static.ctonline.mx/imagenes/CAMHKV3260/CAMHKV3260_400.jpg,assets/img/catalog/CAMHKV3260.jpg
CAMHKV2510,Cámara PTZ IP 8 Megapíxel DS-2DE7A825IW-AEB(T5) / 25X Zoom / 200 mts IR / ACUSENSE (Evita Falsas Alarmas) / IP66 / Alerta Audible y Luz Estroboscópica / Autoseguimiento 2.0 / Hi-PoE / DARKFIGHTER / Rapid Focus,Cámara PTZ IP 8 Megapíxel DS-2DE7A825IW-AEB(T5) / 25X Zoom / 200 mts IR / ACUSENSE (Evita Falsas Alarmas) / IP66 / Alerta Audible y Luz Estroboscópica / Autoseguimiento 2.0 / Hi-PoE / DARKFIGHTER / Rapid Focus. Clave Oficial CT: CAMHKV2510. Marca: CT.,TELEFONIA Y VIDEO VIGILANCIA,telefonia_seguridad,CT,964.95,18816.53,30106.45,30106.45,25402.32,25402.32,23520.67,22579.84,https://static.ctonline.mx/imagenes/CAMHKV2510/CAMHKV2510_400.jpg,assets/img/catalog/CAMHKV2510.jpg
KITHKV820,Kit Solar IP All in One  HIKVISION modelo DS-2CFS04/4G/LA AOV / Bala IP 4 Megapixel / Lente 2.8 mm / Panel Solar + Batería de Litio 9000 mAh / 4G LTE / Audio Bidireccional / Dual Light 30 m / IP67 / Micro SD,Kit Solar IP All in One  HIKVISION modelo DS-2CFS04/4G/LA AOV / Bala IP 4 Megapixel / Lente 2.8 mm / Panel Solar + Batería de Litio 9000 mAh / 4G LTE / Audio Bidireccional / Dual Light 30 m / IP67 / Micro SD. Clave Oficial CT: KITHKV820. Marca: CT.,TELEFONIA Y VIDEO VIGILANCIA,telefonia_seguridad,CT,85.14,1660.26,2656.41,2656.41,2241.34,2241.34,2075.32,1992.31,https://static.ctonline.mx/imagenes/KITHKV820/KITHKV820_400.jpg,assets/img/catalog/KITHKV820.jpg
KITHKV640,(MICRÓFONO Integrado) Kit TurboHD 1080p Lite HL1080PS(C) / DVR 4 canales / Audio por Coaxitron / 4 Cámaras Bala de Policarbonato con Micrófono Integrado,(MICRÓFONO Integrado) Kit TurboHD 1080p Lite HL1080PS(C) / DVR 4 canales / Audio por Coaxitron / 4 Cámaras Bala de Policarbonato con Micrófono Integrado. Clave Oficial CT: KITHKV640. Marca: CT.,TELEFONIA Y VIDEO VIGILANCIA,telefonia_seguridad,CT,92.5,1803.75,2886.0,2886.0,2435.06,2435.06,2254.69,2164.5,https://static.ctonline.mx/imagenes/KITHKV640/KITHKV640_400.jpg,assets/img/catalog/KITHKV640.jpg
KITHKV560,(MICRÓFONO Integrado) Kit TurboHD 1080p Lite B8-KIT-MIC / DVR 4 canales / Audio por Coaxitron / 4 Cámaras Bala de Metal con Micrófono Integrado,(MICRÓFONO Integrado) Kit TurboHD 1080p Lite B8-KIT-MIC / DVR 4 canales / Audio por Coaxitron / 4 Cámaras Bala de Metal con Micrófono Integrado. Clave Oficial CT: KITHKV560. Marca: CT.,TELEFONIA Y VIDEO VIGILANCIA,telefonia_seguridad,CT,91.79,1789.97,2863.96,2863.96,2416.46,2416.46,2237.47,2147.97,https://static.ctonline.mx/imagenes/KITHKV560/KITHKV560_400.jpg,assets/img/catalog/KITHKV560.jpg
KITHKV200,(AX PRO) KIT de Alarma AX PRO (DS-PWA48-K) / Incluye: 1 Hub / 1 Sensor PIR / 1 Contacto Magnético / 1 Control Remoto / WiFi / Compatible con Hik-Connect P2P / 48 Zonas o Salidas de Alarma. HIKVISION,(AX PRO) KIT de Alarma AX PRO (DS-PWA48-K) / Incluye: 1 Hub / 1 Sensor PIR / 1 Contacto Magnético / 1 Control Remoto / WiFi / Compatible con Hik-Connect P2P / 48 Zonas o Salidas de Alarma. HIKVISION. Clave Oficial CT: KITHKV200. Marca: CT.,TELEFONIA Y VIDEO VIGILANCIA,telefonia_seguridad,CT,164.13,3200.54,5120.87,5120.87,4320.73,4320.73,4000.68,3840.65,https://static.ctonline.mx/imagenes/KITHKV200/KITHKV200_400.jpg,assets/img/catalog/KITHKV200.jpg
KITHKV350,Kit IP 1080p KIPCV2M/8B / NVR de 8 Canales / 8 Cámaras IP Bala ColorVu,Kit IP 1080p KIPCV2M/8B / NVR de 8 Canales / 8 Cámaras IP Bala ColorVu. Clave Oficial CT: KITHKV350. Marca: CT.,TELEFONIA Y VIDEO VIGILANCIA,telefonia_seguridad,CT,531.28,10359.99,16575.99,16575.99,13985.99,13985.99,12949.99,12431.99,https://static.ctonline.mx/imagenes/KITHKV350/KITHKV350_400.jpg,assets/img/catalog/KITHKV350.jpg
KITHKV390,KIT IP 1080p KIP2MP/4B / NVR de 4 Canales / 4 Cámaras IP Bala,KIT IP 1080p KIP2MP/4B / NVR de 4 Canales / 4 Cámaras IP Bala. Clave Oficial CT: KITHKV390. Marca: CT.,TELEFONIA Y VIDEO VIGILANCIA,telefonia_seguridad,CT,290.44,5663.63,9061.81,9061.81,7645.9,7645.9,7079.54,6796.36,https://static.ctonline.mx/imagenes/KITHKV390/KITHKV390_400.jpg,assets/img/catalog/KITHKV390.jpg
ACCHKV3090,Kit de Videoportero IP Poe Estándar con llamada a App de Smartphone (HikConnect) DS-KIS604-P(C) / Apertura con tarjeta MIFARE / Frente de calle IK08 & IP65 / Soporta 2 puertas,Kit de Videoportero IP Poe Estándar con llamada a App de Smartphone (HikConnect) DS-KIS604-P(C) / Apertura con tarjeta MIFARE / Frente de calle IK08 & IP65 / Soporta 2 puertas. Clave Oficial CT: ACCHKV3090. Marca: CT.,TELEFONIA Y VIDEO VIGILANCIA,telefonia_seguridad,CT,202.29,3944.72,6311.56,6311.56,5325.38,5325.38,4930.9,4733.67,https://static.ctonline.mx/imagenes/ACCHKV3090/ACCHKV3090_400.jpg,assets/img/catalog/ACCHKV3090.jpg
KITHKV760,"Kit de Videovigilancia Hikvision NKS422W02H, IP Inalámbrico 2 Megapíxel, NVS Wifi 4 canales video hasta 4MP, 1 cámara Bala Exterior + 1 cámara Turret Interior, Lente 2.8 mm y Dual Light, Audio Bidireccional, Iluminación IR + ColorVu hasta 30 metros, Soporta Micro SD de 512 GB, Configuración desde HikConnect (LAN).","Kit de Videovigilancia Hikvision NKS422W02H, IP Inalámbrico 2 Megapíxel, NVS Wifi 4 canales video hasta 4MP, 1 cámara Bala Exterior + 1 cámara Turret Interior, Lente 2.8 mm y Dual Light, Audio Bidireccional, Iluminación IR + ColorVu hasta 30 metros, Soporta Micro SD de 512 GB, Configuración desde HikConnect (LAN).. Clave Oficial CT: KITHKV760. Marca: CT.",TELEFONIA Y VIDEO VIGILANCIA,telefonia_seguridad,CT,83.45,1627.19,2603.5,2603.5,2196.71,2196.71,2033.99,1952.63,https://static.ctonline.mx/imagenes/KITHKV760/KITHKV760_400.jpg,assets/img/catalog/KITHKV760.jpg
KITHKV770,"Kit de Videovigilancia Hikvision NKS422W0H, IP Inalámbrico 2 Megapíxel, NVS Wifi 4 canales video, 2 cámaras Bala Exterior, Lente 2.8 mm y Dual Light, Iluminación IR + ColorVu hasta 30 metros, Audio Bidireccional (Micrófono y Bocina), Soporta Micro SD de 512 GB, Configuración desde HikConnect (LAN).","Kit de Videovigilancia Hikvision NKS422W0H, IP Inalámbrico 2 Megapíxel, NVS Wifi 4 canales video, 2 cámaras Bala Exterior, Lente 2.8 mm y Dual Light, Iluminación IR + ColorVu hasta 30 metros, Audio Bidireccional (Micrófono y Bocina), Soporta Micro SD de 512 GB, Configuración desde HikConnect (LAN).. Clave Oficial CT: KITHKV770. Marca: CT.",TELEFONIA Y VIDEO VIGILANCIA,telefonia_seguridad,CT,79.32,1546.65,2474.63,2474.63,2087.97,2087.97,1933.31,1855.98,https://static.ctonline.mx/imagenes/KITHKV770/KITHKV770_400.jpg,assets/img/catalog/KITHKV770.jpg
KITHKV410,KIT de Alarma AX PRO con GSM (3G/4G) DS-PWA48-KS / Incluye: 1 Hub con bateria de respaldo / 1 Sensor PIR / 1 Contacto Magnético / 1 Control Remoto / Wi-Fi / Compatible con Hik-Connect P2P,KIT de Alarma AX PRO con GSM (3G/4G) DS-PWA48-KS / Incluye: 1 Hub con bateria de respaldo / 1 Sensor PIR / 1 Contacto Magnético / 1 Control Remoto / Wi-Fi / Compatible con Hik-Connect P2P. Clave Oficial CT: KITHKV410. Marca: CT.,TELEFONIA Y VIDEO VIGILANCIA,telefonia_seguridad,CT,207.99,4055.79,6489.26,6489.26,5475.31,5475.31,5069.74,4866.95,https://static.ctonline.mx/imagenes/KITHKV410/KITHKV410_400.jpg,assets/img/catalog/KITHKV410.jpg
KITHKV420,KIT de Alarma AX PRO con GSM (3G/4G) DS-PWA48-KS-CAM / Incluye: 1 Hub / 1 Sensor PIR con Cámara / 1 Contacto Magnético / 1 Control Remoto / WiFi / Compatible con Hik-Connect P2P,KIT de Alarma AX PRO con GSM (3G/4G) DS-PWA48-KS-CAM / Incluye: 1 Hub / 1 Sensor PIR con Cámara / 1 Contacto Magnético / 1 Control Remoto / WiFi / Compatible con Hik-Connect P2P. Clave Oficial CT: KITHKV420. Marca: CT.,TELEFONIA Y VIDEO VIGILANCIA,telefonia_seguridad,CT,276.11,5384.12,8614.59,8614.59,7268.56,7268.56,6730.15,6460.94,https://static.ctonline.mx/imagenes/KITHKV420/KITHKV420_400.jpg,assets/img/catalog/KITHKV420.jpg
KITHKV270,KIT de Alarma AX PRO (DS-PWA48-KV2) / Incluye: 1 Hub / 2 Sensores PIR / 3 Contactos Magnéticos mini / 1 Control Remoto / 1 Sirena Inalámbrica Exterior / WiFi / Compatible con Hik-Connect P2P,KIT de Alarma AX PRO (DS-PWA48-KV2) / Incluye: 1 Hub / 2 Sensores PIR / 3 Contactos Magnéticos mini / 1 Control Remoto / 1 Sirena Inalámbrica Exterior / WiFi / Compatible con Hik-Connect P2P. Clave Oficial CT: KITHKV270. Marca: CT.,TELEFONIA Y VIDEO VIGILANCIA,telefonia_seguridad,CT,301.68,5882.74,9412.39,9412.39,7941.7,7941.7,7353.43,7059.29,https://static.ctonline.mx/imagenes/KITHKV270/KITHKV270_400.jpg,assets/img/catalog/KITHKV270.jpg
KITHKV280,KIT de Alarma AX PRO SLIM (DS-PWA48-KSLIM) / Incluye: 1 Hub / 1 Sensor PIR / 1 Contacto Magnético slim / 1 Control Remoto / WiFi / Compatible con Hik-Connect P2P,KIT de Alarma AX PRO SLIM (DS-PWA48-KSLIM) / Incluye: 1 Hub / 1 Sensor PIR / 1 Contacto Magnético slim / 1 Control Remoto / WiFi / Compatible con Hik-Connect P2P. Clave Oficial CT: KITHKV280. Marca: CT.,TELEFONIA Y VIDEO VIGILANCIA,telefonia_seguridad,CT,165.78,3232.68,5172.28,5172.28,4364.11,4364.11,4040.85,3879.21,https://static.ctonline.mx/imagenes/KITHKV280/KITHKV280_400.jpg,assets/img/catalog/KITHKV280.jpg
KITHKV290,KIT de Alarma AX PRO con GSM (3G/4G) (DS-PWA48-KS) / Incluye: 1 Hub / 1 Sensor PIR / 1 Contacto Magnético / 1 Control Remoto / Wi-Fi / Compatible con Hik-Connect P2P,KIT de Alarma AX PRO con GSM (3G/4G) (DS-PWA48-KS) / Incluye: 1 Hub / 1 Sensor PIR / 1 Contacto Magnético / 1 Control Remoto / Wi-Fi / Compatible con Hik-Connect P2P. Clave Oficial CT: KITHKV290. Marca: CT.,TELEFONIA Y VIDEO VIGILANCIA,telefonia_seguridad,CT,236.39,4609.51,7375.22,7375.22,6222.84,6222.84,5761.89,5531.41,https://static.ctonline.mx/imagenes/KITHKV290/KITHKV290_400.jpg,assets/img/catalog/KITHKV290.jpg
KITHKV300,KIT de Alarma AX PRO con GSM (3G/4G) (DS-PWA48-KSV2) / Incluye: 1 Hub / 2 Sensores PIR / 3 Contactos Magnéticos mini / 1 Control Remoto / 1 Sirena Inalámbrica Exterior / WiFi / Compatible con Hik-Connect P2P,KIT de Alarma AX PRO con GSM (3G/4G) (DS-PWA48-KSV2) / Incluye: 1 Hub / 2 Sensores PIR / 3 Contactos Magnéticos mini / 1 Control Remoto / 1 Sirena Inalámbrica Exterior / WiFi / Compatible con Hik-Connect P2P. Clave Oficial CT: KITHKV300. Marca: CT.,TELEFONIA Y VIDEO VIGILANCIA,telefonia_seguridad,CT,373.78,7288.68,11661.88,11661.88,9839.71,9839.71,9110.85,8746.41,https://static.ctonline.mx/imagenes/KITHKV300/KITHKV300_400.jpg,assets/img/catalog/KITHKV300.jpg
KITHKV360,"Kit de Control de Acceso TODO INCLUIDO (DS-KAS343) con Lector de Rostros, QRs y Tarjetas compatible con App HIKConnect / 1,500 rostros / Incluye Electroimán Botón de Salida y Montajes Z y L para imán","Kit de Control de Acceso TODO INCLUIDO (DS-KAS343) con Lector de Rostros, QRs y Tarjetas compatible con App HIKConnect / 1,500 rostros / Incluye Electroimán Botón de Salida y Montajes Z y L para imán. Clave Oficial CT: KITHKV360. Marca: CT.",TELEFONIA Y VIDEO VIGILANCIA,telefonia_seguridad,CT,119.08,2321.98,3715.17,3715.17,3134.68,3134.68,2902.48,2786.38,https://static.ctonline.mx/imagenes/KITHKV360/KITHKV360_400.jpg,assets/img/catalog/KITHKV360.jpg
CAMEPC010,"MINI PTZ EPCOM (EPMD4X-V2) Resolución 1080p(2MP), Zoom 4X[2.8~12]mm Multiformato (TVI/AHD/CVI/CVBS) Lux Color 0.005/B&N 0.001, IR:20m ,220 presets, Coaxitron, Paneo 355° Tildeo 80°, 12v/2A(24W).","MINI PTZ EPCOM (EPMD4X-V2) Resolución 1080p(2MP), Zoom 4X[2.8~12]mm Multiformato (TVI/AHD/CVI/CVBS) Lux Color 0.005/B&N 0.001, IR:20m ,220 presets, Coaxitron, Paneo 355° Tildeo 80°, 12v/2A(24W).. Clave Oficial CT: CAMEPC010. Marca: CT.",TELEFONIA Y VIDEO VIGILANCIA,telefonia_seguridad,CT,94.02,1833.42,2933.48,2933.48,2475.12,2475.12,2291.78,2200.11,https://static.ctonline.mx/imagenes/CAMEPC010/CAMEPC010_400.jpg,assets/img/catalog/CAMEPC010.jpg
CAMEPC020,"Epcom (B40-TURBO-X), Cámara Bala 4MP Multiplataforma, 0.01 Lux IR 40m EXIR, Operación[40ºC-60ºC], 12Vcd/0.3A/4W, IP66, Exterior.","Epcom (B40-TURBO-X), Cámara Bala 4MP Multiplataforma, 0.01 Lux IR 40m EXIR, Operación[40ºC-60ºC], 12Vcd/0.3A/4W, IP66, Exterior.. Clave Oficial CT: CAMEPC020. Marca: CT.",TELEFONIA Y VIDEO VIGILANCIA,telefonia_seguridad,CT,28.84,562.32,899.71,899.71,759.13,759.13,702.9,674.78,https://static.ctonline.mx/imagenes/CAMEPC020/CAMEPC020_400.jpg,assets/img/catalog/CAMEPC020.jpg
CAMEPC030,"Epcom (E8-TURBO-G2W), Cámara Domo 1080p(2MP) 2.8mm Multiplataforma, 0.01 Lux IR 20m EXIR, Operación[40ºC-60ºC], 12Vcd/0.3A/4W, IP66, METAL Exterior.","Epcom (E8-TURBO-G2W), Cámara Domo 1080p(2MP) 2.8mm Multiplataforma, 0.01 Lux IR 20m EXIR, Operación[40ºC-60ºC], 12Vcd/0.3A/4W, IP66, METAL Exterior.. Clave Oficial CT: CAMEPC030. Marca: CT.",TELEFONIA Y VIDEO VIGILANCIA,telefonia_seguridad,CT,14.84,289.32,462.91,462.91,390.58,390.58,361.65,347.18,https://static.ctonline.mx/imagenes/CAMEPC030/CAMEPC030_400.jpg,assets/img/catalog/CAMEPC030.jpg
DVRHLK220,"DVR 8 Canales TurboHD + 2 Canales IP HiLook by HIKVISION DVR-208G-M1(C), 2 megapíxel 1080P Lite, Acusense evita falsas alarmas, audio por Coaxitron, 1 Bahía de DD, H.265+, 1 Canal de Audio, Salida Full HD, visualización en vivo desde dispositivos móviles Hik-Connect.","DVR 8 Canales TurboHD + 2 Canales IP HiLook by HIKVISION DVR-208G-M1(C), 2 megapíxel 1080P Lite, Acusense evita falsas alarmas, audio por Coaxitron, 1 Bahía de DD, H.265+, 1 Canal de Audio, Salida Full HD, visualización en vivo desde dispositivos móviles Hik-Connect.. Clave Oficial CT: DVRHLK220. Marca: CT.",TELEFONIA Y VIDEO VIGILANCIA,telefonia_seguridad,CT,26.63,519.29,830.87,830.87,701.05,701.05,649.12,623.15,https://static.ctonline.mx/imagenes/DVRHLK220/DVRHLK220_400.jpg,assets/img/catalog/DVRHLK220.jpg
ACCHKV4360,"Cable Cat6+ Calibre 23 Linked Pro PRO-CAT-6-PLUS/100M, 100 por ciento cobre para máximo rendimiento, ETL, UL, color azul, 100 metros, super flexible, para aplicaciones de CCTV, video HD, y redes de datos.","Cable Cat6+ Calibre 23 Linked Pro PRO-CAT-6-PLUS/100M, 100 por ciento cobre para máximo rendimiento, ETL, UL, color azul, 100 metros, super flexible, para aplicaciones de CCTV, video HD, y redes de datos.. Clave Oficial CT: ACCHKV4360. Marca: CT.",TELEFONIA Y VIDEO VIGILANCIA,telefonia_seguridad,CT,54.08,1054.48,1687.17,1687.17,1423.55,1423.55,1318.1,1265.38,https://static.ctonline.mx/imagenes/ACCHKV4360/ACCHKV4360_400.jpg,assets/img/catalog/ACCHKV4360.jpg
CABHKV210,"Cable de Parcheo (Patch Cord) Hikvision DS-1NP6UEC0-100-B, UTP 100 por ciento cobre, Cat. 6 24 AWG, 1 Metro, Color Azul, Ideal para PoE+, Interior, ideal para CCTV IP.","Cable de Parcheo (Patch Cord) Hikvision DS-1NP6UEC0-100-B, UTP 100 por ciento cobre, Cat. 6 24 AWG, 1 Metro, Color Azul, Ideal para PoE+, Interior, ideal para CCTV IP.. Clave Oficial CT: CABHKV210. Marca: CT.",TELEFONIA Y VIDEO VIGILANCIA,telefonia_seguridad,CT,1.78,34.76,55.62,55.62,46.93,46.93,43.45,41.71,https://static.ctonline.mx/imagenes/CABHKV210/CABHKV210_400.jpg,assets/img/catalog/CABHKV210.jpg
CABHKV220,"Cable de Parcheo (Patch Cord) Hikvision DS-1NP6UEC0-050-B, UTP 100 por ciento cobre, Cat. 6 24 AWG, 0.50 metros, Color Azul, Ideal para PoE+, Interior, ideal para CCTV IP.","Cable de Parcheo (Patch Cord) Hikvision DS-1NP6UEC0-050-B, UTP 100 por ciento cobre, Cat. 6 24 AWG, 0.50 metros, Color Azul, Ideal para PoE+, Interior, ideal para CCTV IP.. Clave Oficial CT: CABHKV220. Marca: CT.",TELEFONIA Y VIDEO VIGILANCIA,telefonia_seguridad,CT,1.39,27.13,43.41,43.41,36.63,36.63,33.91,32.56,https://static.ctonline.mx/imagenes/CABHKV220/CABHKV220_400.jpg,assets/img/catalog/CABHKV220.jpg
CABHKV230,"Cable de Parcheo (Patch Cord) Hikvision DS-1NP6UEC0-200-B, UTP 100 por ciento cobre, Cat. 6 24 AWG, 2 metros, Color Azul, Ideal para PoE+, Interior, ideal para CCTV IP.","Cable de Parcheo (Patch Cord) Hikvision DS-1NP6UEC0-200-B, UTP 100 por ciento cobre, Cat. 6 24 AWG, 2 metros, Color Azul, Ideal para PoE+, Interior, ideal para CCTV IP.. Clave Oficial CT: CABHKV230. Marca: CT.",TELEFONIA Y VIDEO VIGILANCIA,telefonia_seguridad,CT,2.8,54.58,87.33,87.33,73.68,73.68,68.22,65.49,https://static.ctonline.mx/imagenes/CABHKV230/CABHKV230_400.jpg,assets/img/catalog/CABHKV230.jpg
CABHKV240,"Cable de Parcheo (Patch Cord) Hikvision DS-1NP6UEC0-200-W, UTP 100 por ciento cobre, Cat. 6 24 AWG, 2 metros, color blanco, Ideal para PoE+, Interior, ideal para CCTV IP.","Cable de Parcheo (Patch Cord) Hikvision DS-1NP6UEC0-200-W, UTP 100 por ciento cobre, Cat. 6 24 AWG, 2 metros, color blanco, Ideal para PoE+, Interior, ideal para CCTV IP.. Clave Oficial CT: CABHKV240. Marca: CT.",TELEFONIA Y VIDEO VIGILANCIA,telefonia_seguridad,CT,2.02,39.42,63.08,63.08,53.22,53.22,49.28,47.31,https://static.ctonline.mx/imagenes/CABHKV240/CABHKV240_400.jpg,assets/img/catalog/CABHKV240.jpg
CABHKV120,Cable Extensor de Vídeo y Audio de 14 Metros AE-MC0201-14 / Conector Tipo Aviación / Compatible con Cámara TURBO Móvil HIKVISION,Cable Extensor de Vídeo y Audio de 14 Metros AE-MC0201-14 / Conector Tipo Aviación / Compatible con Cámara TURBO Móvil HIKVISION. Clave Oficial CT: CABHKV120. Marca: CT.,TELEFONIA Y VIDEO VIGILANCIA,telefonia_seguridad,CT,16.21,316.03,505.64,505.64,426.64,426.64,395.03,379.23,https://static.ctonline.mx/imagenes/CABHKV120/CABHKV120_400.jpg,assets/img/catalog/CABHKV120.jpg
CABHKV020,"Bobina de cable de 305 m (PRO-CAT-5E-W), Cat5e, alto rendimiento, color blanco, UL, uso en interior","Bobina de cable de 305 m (PRO-CAT-5E-W), Cat5e, alto rendimiento, color blanco, UL, uso en interior. Clave Oficial CT: CABHKV020. Marca: CT.",TELEFONIA Y VIDEO VIGILANCIA,telefonia_seguridad,CT,109.27,2130.72,3409.16,3409.16,2876.48,2876.48,2663.4,2556.87,https://static.ctonline.mx/imagenes/CABHKV020/CABHKV020_400.jpg,assets/img/catalog/CABHKV020.jpg
ACCHKV2130,Cable Coaxial Armado con Conector BNC (Video) TT-BNC-BNC-0.6M / Longitud de 0.6 mts / Optimizado para Cámaras 4K / Uso en Interior,Cable Coaxial Armado con Conector BNC (Video) TT-BNC-BNC-0.6M / Longitud de 0.6 mts / Optimizado para Cámaras 4K / Uso en Interior. Clave Oficial CT: ACCHKV2130. Marca: CT.,TELEFONIA Y VIDEO VIGILANCIA,telefonia_seguridad,CT,1.55,30.31,48.5,48.5,40.92,40.92,37.89,36.37,https://static.ctonline.mx/imagenes/ACCHKV2130/ACCHKV2130_400.jpg,assets/img/catalog/ACCHKV2130.jpg
CABHKV030,"Cable Coaxial Armado (DIY-5M-HD) con Conector BNC (Video) y Alimentación / Longitud de 5 mts /, Optimizado para Cámaras 4K / Uso en Interior","Cable Coaxial Armado (DIY-5M-HD) con Conector BNC (Video) y Alimentación / Longitud de 5 mts /, Optimizado para Cámaras 4K / Uso en Interior. Clave Oficial CT: CABHKV030. Marca: CT.",TELEFONIA Y VIDEO VIGILANCIA,telefonia_seguridad,CT,2.83,55.11,88.17,88.17,74.4,74.4,68.89,66.13,https://static.ctonline.mx/imagenes/CABHKV030/CABHKV030_400.jpg,assets/img/catalog/CABHKV030.jpg
CABHKV040,"Cable Coaxial Armado (DIY-10M-HD) con Conector BNC (Video) y Alimentación / Longitud de 10 mts /, Optimizado para Cámaras 4K / Uso en Interior","Cable Coaxial Armado (DIY-10M-HD) con Conector BNC (Video) y Alimentación / Longitud de 10 mts /, Optimizado para Cámaras 4K / Uso en Interior. Clave Oficial CT: CABHKV040. Marca: CT.",TELEFONIA Y VIDEO VIGILANCIA,telefonia_seguridad,CT,3.9,76.05,121.68,121.68,102.67,102.67,95.06,91.26,https://static.ctonline.mx/imagenes/CABHKV040/CABHKV040_400.jpg,assets/img/catalog/CABHKV040.jpg
CABHKV050,"Cable Coaxial Armado (DIY-20M-HD) con Conector BNC (Video) y Alimentación / Longitud de 20 mts /, Optimizado para Cámaras 4K / Uso en Interior","Cable Coaxial Armado (DIY-20M-HD) con Conector BNC (Video) y Alimentación / Longitud de 20 mts /, Optimizado para Cámaras 4K / Uso en Interior. Clave Oficial CT: CABHKV050. Marca: CT.",TELEFONIA Y VIDEO VIGILANCIA,telefonia_seguridad,CT,6.09,118.81,190.1,190.1,160.4,160.4,148.52,142.58,https://static.ctonline.mx/imagenes/CABHKV050/CABHKV050_400.jpg,assets/img/catalog/CABHKV050.jpg
ACCHKV2590,"Bobina de cable UTP 305 m., (DS-1LN5EO-UU/E) Cat5E (24 AWG), Color Negro, PE, uso en Exterior, 100% Cobre, Para aplicaciones de CCTV, Redes de datos y Enlaces inalámbricos","Bobina de cable UTP 305 m., (DS-1LN5EO-UU/E) Cat5E (24 AWG), Color Negro, PE, uso en Exterior, 100% Cobre, Para aplicaciones de CCTV, Redes de datos y Enlaces inalámbricos. Clave Oficial CT: ACCHKV2590. Marca: CT.",TELEFONIA Y VIDEO VIGILANCIA,telefonia_seguridad,CT,111.88,2181.67,3490.67,3490.67,2945.25,2945.25,2727.09,2618.0,https://static.ctonline.mx/imagenes/ACCHKV2590/ACCHKV2590_400.jpg,assets/img/catalog/ACCHKV2590.jpg
ACCHKV1620,"Bobina de cable Linked Pro PRO-CAT-6-PLUS de 305 metros CAT6, CALIBRE 23 ALTO RENDIMIENTO, ETL,UL, color azul, super flexible, para aplicaciones de video vigilancia, video HD, y redes de datos. Uso interior.","Bobina de cable Linked Pro PRO-CAT-6-PLUS de 305 metros CAT6, CALIBRE 23 ALTO RENDIMIENTO, ETL,UL, color azul, super flexible, para aplicaciones de video vigilancia, video HD, y redes de datos. Uso interior.. Clave Oficial CT: ACCHKV1620. Marca: CT.",TELEFONIA Y VIDEO VIGILANCIA,telefonia_seguridad,CT,158.88,3098.21,4957.14,4957.14,4182.58,4182.58,3872.76,3717.85,https://static.ctonline.mx/imagenes/ACCHKV1620/ACCHKV1620_400.jpg,assets/img/catalog/ACCHKV1620.jpg
ACCHKV4950,Bocina (Altavoz IP ) | Tipo Trompeta HIKVISION modelo DS-QAZ1307G1T-E(C) 7 Watts | PoE+ | Exterior IP67 | Metal | Voceo en tiempo real | Calendarización de audios | Síntesis de Voz (TTS) | Entrada de alarma,Bocina (Altavoz IP ) | Tipo Trompeta HIKVISION modelo DS-QAZ1307G1T-E(C) 7 Watts | PoE+ | Exterior IP67 | Metal | Voceo en tiempo real | Calendarización de audios | Síntesis de Voz (TTS) | Entrada de alarma. Clave Oficial CT: ACCHKV4950. Marca: CT.,TELEFONIA Y VIDEO VIGILANCIA,telefonia_seguridad,CT,269.39,5253.13,8405.01,8405.01,7091.73,7091.73,6566.41,6303.76,https://static.ctonline.mx/imagenes/ACCHKV4950/ACCHKV4950_400.jpg,assets/img/catalog/ACCHKV4950.jpg
ACCHKV3070,"Cable Cat6+ Calibre 23 LINKEDPRO modelo PRO-CAT-6-GELX UTP, Intemperie con Gel Doble Chaqueta, ETL, UL, Color Negro de 305 Metros (1000 Pies), para Climas Extremos","Cable Cat6+ Calibre 23 LINKEDPRO modelo PRO-CAT-6-GELX UTP, Intemperie con Gel Doble Chaqueta, ETL, UL, Color Negro de 305 Metros (1000 Pies), para Climas Extremos. Clave Oficial CT: ACCHKV3070. Marca: CT.",TELEFONIA Y VIDEO VIGILANCIA,telefonia_seguridad,CT,192.75,3758.62,6013.8,6013.8,5074.14,5074.14,4698.28,4510.35,https://static.ctonline.mx/imagenes/ACCHKV3070/ACCHKV3070_400.jpg,assets/img/catalog/ACCHKV3070.jpg
ACCHKV5170,"Bobina de Cable 305 Metros LINKEDPRO modelo PRO-CAT-6-EXT-LITE Cat6+ Calibre 23, Climas Extremos, Color Negro, Sin Blindar, para Intemperie.","Bobina de Cable 305 Metros LINKEDPRO modelo PRO-CAT-6-EXT-LITE Cat6+ Calibre 23, Climas Extremos, Color Negro, Sin Blindar, para Intemperie.. Clave Oficial CT: ACCHKV5170. Marca: CT.",TELEFONIA Y VIDEO VIGILANCIA,telefonia_seguridad,CT,164.42,3206.27,5130.03,5130.03,4328.46,4328.46,4007.83,3847.52,https://static.ctonline.mx/imagenes/ACCHKV5170/ACCHKV5170_400.jpg,assets/img/catalog/ACCHKV5170.jpg
LCTHKV110,Lector RFID HIKVISION modelo PRO-12RF Largo Alcance para Control de Acceso Vehicular / Distancia Regulable 3 - 12 m Lineales de Cobertura / UHF 902-928MHz,Lector RFID HIKVISION modelo PRO-12RF Largo Alcance para Control de Acceso Vehicular / Distancia Regulable 3 - 12 m Lineales de Cobertura / UHF 902-928MHz. Clave Oficial CT: LCTHKV110. Marca: CT.,TELEFONIA Y VIDEO VIGILANCIA,telefonia_seguridad,CT,260.39,5077.63,8124.21,8124.21,6854.8,6854.8,6347.04,6093.16,https://static.ctonline.mx/imagenes/LCTHKV110/LCTHKV110_400.jpg,assets/img/catalog/LCTHKV110.jpg
ACCHKV5220,UHF TAG Adherible  HIKVISION modelo ACCESSTAGV2 Parabrisas EPC GEN 2 - Compatible con PRO12RF/PRO6RF,UHF TAG Adherible  HIKVISION modelo ACCESSTAGV2 Parabrisas EPC GEN 2 - Compatible con PRO12RF/PRO6RF. Clave Oficial CT: ACCHKV5220. Marca: CT.,TELEFONIA Y VIDEO VIGILANCIA,telefonia_seguridad,CT,1.73,33.7,53.92,53.92,45.5,45.5,42.13,40.44,https://static.ctonline.mx/imagenes/ACCHKV5220/ACCHKV5220_400.jpg,assets/img/catalog/ACCHKV5220.jpg
ACCHKV5230,Clip de Metal  HIKVISION modelo DS-MH1710-N1-S para Body Cam / Compatible con DS-MH2311 - DS-MCW407,Clip de Metal  HIKVISION modelo DS-MH1710-N1-S para Body Cam / Compatible con DS-MH2311 - DS-MCW407. Clave Oficial CT: ACCHKV5230. Marca: CT.,TELEFONIA Y VIDEO VIGILANCIA,telefonia_seguridad,CT,21.46,418.4,669.44,669.44,564.84,564.84,523.0,502.08,https://static.ctonline.mx/imagenes/ACCHKV5230/ACCHKV5230_400.jpg,assets/img/catalog/ACCHKV5230.jpg
ACCHKV5240,Kit de 3 Ventilador 110 Vca LINKEDPRO modelo LP-VENT-03X3U (12 x 12 cm) con Clavija 5-15P. Para instalación en Postes Rack,Kit de 3 Ventilador 110 Vca LINKEDPRO modelo LP-VENT-03X3U (12 x 12 cm) con Clavija 5-15P. Para instalación en Postes Rack. Clave Oficial CT: ACCHKV5240. Marca: CT.,TELEFONIA Y VIDEO VIGILANCIA,telefonia_seguridad,CT,62.42,1217.27,1947.63,1947.63,1643.31,1643.31,1521.58,1460.72,https://static.ctonline.mx/imagenes/ACCHKV5240/ACCHKV5240_400.jpg,assets/img/catalog/ACCHKV5240.jpg
ACCHKV4990,Sensor de Presencia  HIKVISION modelo DS-TMG035(ANTIFALLRADAR) Acceso Vehicular / Radar de Entrada y Salida / Evita que Baje la Barrera Vehicular / Salida COM y NO,Sensor de Presencia  HIKVISION modelo DS-TMG035(ANTIFALLRADAR) Acceso Vehicular / Radar de Entrada y Salida / Evita que Baje la Barrera Vehicular / Salida COM y NO. Clave Oficial CT: ACCHKV4990. Marca: CT.,TELEFONIA Y VIDEO VIGILANCIA,telefonia_seguridad,CT,81.91,1597.3,2555.69,2555.69,2156.36,2156.36,1996.63,1916.77,https://static.ctonline.mx/imagenes/ACCHKV4990/ACCHKV4990_400.jpg,assets/img/catalog/ACCHKV4990.jpg
ACCHKV4930,Splitter HDMI 1x8 HIKVISION modelo EPC-SP918C70  Extensor HDMI | 4K@30Hz 40m | 1080p@60Hz 70m | Función PoC | 4:4:4,Splitter HDMI 1x8 HIKVISION modelo EPC-SP918C70  Extensor HDMI | 4K@30Hz 40m | 1080p@60Hz 70m | Función PoC | 4:4:4. Clave Oficial CT: ACCHKV4930. Marca: CT.,TELEFONIA Y VIDEO VIGILANCIA,telefonia_seguridad,CT,191.9,3742.09,5987.35,5987.35,5051.82,5051.82,4677.62,4490.51,https://static.ctonline.mx/imagenes/ACCHKV4930/ACCHKV4930_400.jpg,assets/img/catalog/ACCHKV4930.jpg
ACCHKV5160,(AX PRO) Detector PIR Inalámbrico HIKVISION modelo DS-PDP15P-EG2-WB(B) Interior serie AX PRO / Inmunidad a Mascotas / Rango de Detección de 15 mts / Angulo de 85.9° de Cobertura and Play/Autoenfoque,(AX PRO) Detector PIR Inalámbrico HIKVISION modelo DS-PDP15P-EG2-WB(B) Interior serie AX PRO / Inmunidad a Mascotas / Rango de Detección de 15 mts / Angulo de 85.9° de Cobertura and Play/Autoenfoque. Clave Oficial CT: ACCHKV5160. Marca: CT.,TELEFONIA Y VIDEO VIGILANCIA,telefonia_seguridad,CT,33.03,644.14,1030.62,1030.62,869.58,869.58,805.17,772.96,https://static.ctonline.mx/imagenes/ACCHKV5160/ACCHKV5160_400.jpg,assets/img/catalog/ACCHKV5160.jpg
ACCHKV4940,Transceptor Mini-GBIC SFP  HIKVISION modelo HK-SFP-1.25G-20-1310-DF Distancia 20 KM / Conector LC / Duplex / Monomodo,Transceptor Mini-GBIC SFP  HIKVISION modelo HK-SFP-1.25G-20-1310-DF Distancia 20 KM / Conector LC / Duplex / Monomodo. Clave Oficial CT: ACCHKV4940. Marca: CT.,TELEFONIA Y VIDEO VIGILANCIA,telefonia_seguridad,CT,15.92,310.52,496.83,496.83,419.2,419.2,388.15,372.62,https://static.ctonline.mx/imagenes/ACCHKV4940/ACCHKV4940_400.jpg,assets/img/catalog/ACCHKV4940.jpg
ACCHKV5000,Panel de Alarma HIKVISION modelo HF-C104 Contra Incendios / Convencional de 4 Zonas,Panel de Alarma HIKVISION modelo HF-C104 Contra Incendios / Convencional de 4 Zonas. Clave Oficial CT: ACCHKV5000. Marca: CT.,TELEFONIA Y VIDEO VIGILANCIA,telefonia_seguridad,CT,250.04,4875.85,7801.36,7801.36,6582.39,6582.39,6094.81,5851.02,https://static.ctonline.mx/imagenes/ACCHKV5000/ACCHKV5000_400.jpg,assets/img/catalog/ACCHKV5000.jpg
ACCHKV5010,Detector de Humo Óptico  HIKVISION modelo HF-S2E Tecnología Avanzada de Detección de Incendios / Alarma Temprana y Fiabilidad Certificada,Detector de Humo Óptico  HIKVISION modelo HF-S2E Tecnología Avanzada de Detección de Incendios / Alarma Temprana y Fiabilidad Certificada. Clave Oficial CT: ACCHKV5010. Marca: CT.,TELEFONIA Y VIDEO VIGILANCIA,telefonia_seguridad,CT,12.24,238.66,381.86,381.86,322.2,322.2,298.33,286.4,https://static.ctonline.mx/imagenes/ACCHKV5010/ACCHKV5010_400.jpg,assets/img/catalog/ACCHKV5010.jpg
ACCHKV5020,Botón Manual de Alarma contra Incendios   HIKVISION modelo J-SAP-HK1104 Comunicación LoRa / Indicador Multicolor / Reseteo con Llave / Instalación en Pared,Botón Manual de Alarma contra Incendios   HIKVISION modelo J-SAP-HK1104 Comunicación LoRa / Indicador Multicolor / Reseteo con Llave / Instalación en Pared. Clave Oficial CT: ACCHKV5020. Marca: CT.,TELEFONIA Y VIDEO VIGILANCIA,telefonia_seguridad,CT,74.15,1445.97,2313.55,2313.55,1952.06,1952.06,1807.46,1735.16,https://static.ctonline.mx/imagenes/ACCHKV5020/ACCHKV5020_400.jpg,assets/img/catalog/ACCHKV5020.jpg
ACCHKV5030,Detector de Humo Fotoeléctrico    HIKVISION modelo NP-FY200 Tecnología Dual de Luz /  Batería de Litio / Instalación en Techo,Detector de Humo Fotoeléctrico    HIKVISION modelo NP-FY200 Tecnología Dual de Luz /  Batería de Litio / Instalación en Techo. Clave Oficial CT: ACCHKV5030. Marca: CT.,TELEFONIA Y VIDEO VIGILANCIA,telefonia_seguridad,CT,39.82,776.4,1242.23,1242.23,1048.14,1048.14,970.5,931.68,https://static.ctonline.mx/imagenes/ACCHKV5030/ACCHKV5030_400.jpg,assets/img/catalog/ACCHKV5030.jpg
ACCHKV5050,Detector de Monóxido de Carbono  HIKVISION modelo HF-GM100 Sensor Electroquímico Avanzado / Alarma Visual y Audible,Detector de Monóxido de Carbono  HIKVISION modelo HF-GM100 Sensor Electroquímico Avanzado / Alarma Visual y Audible. Clave Oficial CT: ACCHKV5050. Marca: CT.,TELEFONIA Y VIDEO VIGILANCIA,telefonia_seguridad,CT,34.13,665.54,1064.87,1064.87,898.48,898.48,831.93,798.65,https://static.ctonline.mx/imagenes/ACCHKV5050/ACCHKV5050_400.jpg,assets/img/catalog/ACCHKV5050.jpg
ACCHKV5060,Detector de Gas LP Propano C3H8 HIKVISION modelo HF-GP110 Alarma Temprana / Salida para cierre de Válvula y/o activación de Ventilador / Protección IP30 / Alarma de 70dB a 115dB a 1 metro de distancia,Detector de Gas LP Propano C3H8 HIKVISION modelo HF-GP110 Alarma Temprana / Salida para cierre de Válvula y/o activación de Ventilador / Protección IP30 / Alarma de 70dB a 115dB a 1 metro de distancia. Clave Oficial CT: ACCHKV5060. Marca: CT.,TELEFONIA Y VIDEO VIGILANCIA,telefonia_seguridad,CT,30.48,594.33,950.92,950.92,802.34,802.34,742.91,713.19,https://static.ctonline.mx/imagenes/ACCHKV5060/ACCHKV5060_400.jpg,assets/img/catalog/ACCHKV5060.jpg
ACCHKV4920,"Charola para Soportar Equipos en Rack LINKEDPRO modelo SCH-342U de 19 in, Profundidad de 34 cm, Color Negro, 2U","Charola para Soportar Equipos en Rack LINKEDPRO modelo SCH-342U de 19 in, Profundidad de 34 cm, Color Negro, 2U. Clave Oficial CT: ACCHKV4920. Marca: CT.",TELEFONIA Y VIDEO VIGILANCIA,telefonia_seguridad,CT,24.1,469.91,751.85,751.85,634.38,634.38,587.38,563.89,https://static.ctonline.mx/imagenes/ACCHKV4920/ACCHKV4920_400.jpg,assets/img/catalog/ACCHKV4920.jpg
ACCLKP190,"Charola Deslizable  LINKEDPRO modelo SCH-19X12A para Rack de 19"", 30 cm de Profundidad, 1U","Charola Deslizable  LINKEDPRO modelo SCH-19X12A para Rack de 19"", 30 cm de Profundidad, 1U. Clave Oficial CT: ACCLKP190. Marca: CT.",TELEFONIA Y VIDEO VIGILANCIA,telefonia_seguridad,CT,44.96,876.65,1402.64,1402.64,1183.48,1183.48,1095.82,1051.98,https://static.ctonline.mx/imagenes/ACCLKP190/ACCLKP190_400.jpg,assets/img/catalog/ACCLKP190.jpg
ACCHKV4860,"Adaptador Epcom modelo LP-DVR-RA20-31    Universal para rack 19"" para Videograbadoras de Ancho de 20 a 31 cm.","Adaptador Epcom modelo LP-DVR-RA20-31    Universal para rack 19"" para Videograbadoras de Ancho de 20 a 31 cm.. Clave Oficial CT: ACCHKV4860. Marca: CT.",TELEFONIA Y VIDEO VIGILANCIA,telefonia_seguridad,CT,12.34,240.57,384.91,384.91,324.77,324.77,300.71,288.68,https://static.ctonline.mx/imagenes/ACCHKV4860/ACCHKV4860_400.jpg,assets/img/catalog/ACCHKV4860.jpg
ACCHKV4830,Caja de Conexiones de Exterior con Tapa para Cámaras Tipo Eyeball y Turret / IP66 DS-1280ZJ-M,Caja de Conexiones de Exterior con Tapa para Cámaras Tipo Eyeball y Turret / IP66 DS-1280ZJ-M. Clave Oficial CT: ACCHKV4830. Marca: CT.,TELEFONIA Y VIDEO VIGILANCIA,telefonia_seguridad,CT,14.73,287.2,459.52,459.52,387.72,387.72,359.0,344.64,https://static.ctonline.mx/imagenes/ACCHKV4830/ACCHKV4830_400.jpg,assets/img/catalog/ACCHKV4830.jpg
ACCHKV960,Caja de Conexión para Cámaras HIKVISION modelo DS-1280ZJ-DM46 Compatible con DS-2CD25XX / DS-2CD25XX3,Caja de Conexión para Cámaras HIKVISION modelo DS-1280ZJ-DM46 Compatible con DS-2CD25XX / DS-2CD25XX3. Clave Oficial CT: ACCHKV960. Marca: CT.,TELEFONIA Y VIDEO VIGILANCIA,telefonia_seguridad,CT,10.45,203.69,325.9,325.9,274.98,274.98,254.61,244.43,https://static.ctonline.mx/imagenes/ACCHKV960/ACCHKV960_400.jpg,assets/img/catalog/ACCHKV960.jpg
ACCHKV4850,ACCESSRIMMOTOR Cerradura Eléctrica Motorizada / Con Lector de Tarjetas de Proximidad (EM 125Khz) / Exterior,ACCESSRIMMOTOR Cerradura Eléctrica Motorizada / Con Lector de Tarjetas de Proximidad (EM 125Khz) / Exterior. Clave Oficial CT: ACCHKV4850. Marca: CT.,TELEFONIA Y VIDEO VIGILANCIA,telefonia_seguridad,CT,49.29,961.22,1537.96,1537.96,1297.65,1297.65,1201.53,1153.47,https://static.ctonline.mx/imagenes/ACCHKV4850/ACCHKV4850_400.jpg,assets/img/catalog/ACCHKV4850.jpg
ACCHKV850,Montaje de Techo Tipo Tubo de 20 cm de Largo para Domos PTZ epcom y HIKVISION DS-1661ZJ,Montaje de Techo Tipo Tubo de 20 cm de Largo para Domos PTZ epcom y HIKVISION DS-1661ZJ. Clave Oficial CT: ACCHKV850. Marca: CT.,TELEFONIA Y VIDEO VIGILANCIA,telefonia_seguridad,CT,17.39,339.13,542.61,542.61,457.83,457.83,423.91,406.96,https://static.ctonline.mx/imagenes/ACCHKV850/ACCHKV850_400.jpg,assets/img/catalog/ACCHKV850.jpg
ACCHKV5210,Montaje de Pared HIKVISION modelo DS-1272ZJ-120B con Caja de Conexión para Cámaras Domo IP,Montaje de Pared HIKVISION modelo DS-1272ZJ-120B con Caja de Conexión para Cámaras Domo IP. Clave Oficial CT: ACCHKV5210. Marca: CT.,TELEFONIA Y VIDEO VIGILANCIA,telefonia_seguridad,CT,26.6,518.66,829.85,829.85,700.19,700.19,648.32,622.39,https://static.ctonline.mx/imagenes/ACCHKV5210/ACCHKV5210_400.jpg,assets/img/catalog/ACCHKV5210.jpg
ACCHKV4630,"Bote con 100 Piezas de Plug Modular RJ45 Cat 5e, Hikvision DS-1M5EUA-30U, Chapado en Oro a 30 Micras, Sin Blindaje, fácil Instalación, Uso Interior, Soporta Norma TIA-568B, Cumple con RoHS 2.0","Bote con 100 Piezas de Plug Modular RJ45 Cat 5e, Hikvision DS-1M5EUA-30U, Chapado en Oro a 30 Micras, Sin Blindaje, fácil Instalación, Uso Interior, Soporta Norma TIA-568B, Cumple con RoHS 2.0. Clave Oficial CT: ACCHKV4630. Marca: CT.",TELEFONIA Y VIDEO VIGILANCIA,telefonia_seguridad,CT,11.16,217.68,348.29,348.29,293.87,293.87,272.1,261.22,https://static.ctonline.mx/imagenes/ACCHKV4630/ACCHKV4630_400.jpg,assets/img/catalog/ACCHKV4630.jpg
ACCHKV4440,"Orejas para ensamble en Rack Hikvision 190157623, compatible con DVR y NVR HIKVISION Serie DS-7600/ IDS-7600, 1 unidad en Rack, diseño compacto, Integración fácil con redes de seguridad Hikvision","Orejas para ensamble en Rack Hikvision 190157623, compatible con DVR y NVR HIKVISION Serie DS-7600/ IDS-7600, 1 unidad en Rack, diseño compacto, Integración fácil con redes de seguridad Hikvision. Clave Oficial CT: ACCHKV4440. Marca: CT.",TELEFONIA Y VIDEO VIGILANCIA,telefonia_seguridad,CT,3.75,73.12,117.0,117.0,98.72,98.72,91.41,87.75,https://static.ctonline.mx/imagenes/ACCHKV4440/ACCHKV4440_400.jpg,assets/img/catalog/ACCHKV4440.jpg
ACCHKV4530,"Transceptor Óptico Industrial Linked Pro LP-IND-SFP-10G-SM-10, SFP+Mini-Gbic, monomodo 1310 nm, 10 Gbps, conectores LC, UPC Dúplex, DDM Hasta 10 km, Diseñados para alto desempeño en fibra óptica, Optimización para alta demanda de transmisión de datos.","Transceptor Óptico Industrial Linked Pro LP-IND-SFP-10G-SM-10, SFP+Mini-Gbic, monomodo 1310 nm, 10 Gbps, conectores LC, UPC Dúplex, DDM Hasta 10 km, Diseñados para alto desempeño en fibra óptica, Optimización para alta demanda de transmisión de datos.. Clave Oficial CT: ACCHKV4530. Marca: CT.",TELEFONIA Y VIDEO VIGILANCIA,telefonia_seguridad,CT,44.64,870.51,1392.81,1392.81,1175.18,1175.18,1088.13,1044.61,https://static.ctonline.mx/imagenes/ACCHKV4530/ACCHKV4530_400.jpg,assets/img/catalog/ACCHKV4530.jpg
ACPHKV020,"Extensor Wifi Hikvision DS-3WRE12C, hasta 1200 Mbps, doble banda AC 2.4 GHz y 5GHz, 1 Puertos 10/100 Mbps, 2 antenas omnidireccional de 3 dBi, Interior, dimensiones 80 × 58 × 48 mm.","Extensor Wifi Hikvision DS-3WRE12C, hasta 1200 Mbps, doble banda AC 2.4 GHz y 5GHz, 1 Puertos 10/100 Mbps, 2 antenas omnidireccional de 3 dBi, Interior, dimensiones 80 × 58 × 48 mm.. Clave Oficial CT: ACPHKV020. Marca: CT.",TELEFONIA Y VIDEO VIGILANCIA,telefonia_seguridad,CT,21.59,420.95,673.51,673.51,568.28,568.28,526.18,505.13,https://static.ctonline.mx/imagenes/ACPHKV020/ACPHKV020_400.jpg,assets/img/catalog/ACPHKV020.jpg
ACCHKV4050,Montaje metálico de pared para exterior DS-1272ZJ-110-TRS,Montaje metálico de pared para exterior DS-1272ZJ-110-TRS. Clave Oficial CT: ACCHKV4050. Marca: CT.,TELEFONIA Y VIDEO VIGILANCIA,telefonia_seguridad,CT,13.97,272.36,435.78,435.78,367.69,367.69,340.46,326.84,https://static.ctonline.mx/imagenes/ACCHKV4050/ACCHKV4050_400.jpg,assets/img/catalog/ACCHKV4050.jpg
ACCHKV4500,Terminal de Control de Acceso y Asistencia compatible con APP Hik-Connect (P2P) DS-K1T8003EF / Lectura de Huella y de Tarjetas EM / Soporta hasta 1000 Huellas / Relevador para Chapa / Software iVMS4200,Terminal de Control de Acceso y Asistencia compatible con APP Hik-Connect (P2P) DS-K1T8003EF / Lectura de Huella y de Tarjetas EM / Soporta hasta 1000 Huellas / Relevador para Chapa / Software iVMS4200. Clave Oficial CT: ACCHKV4500. Marca: CT.,TELEFONIA Y VIDEO VIGILANCIA,telefonia_seguridad,CT,59.88,1167.67,1868.27,1868.27,1576.35,1576.35,1459.59,1401.2,https://static.ctonline.mx/imagenes/ACCHKV4500/ACCHKV4500_400.jpg,assets/img/catalog/ACCHKV4500.jpg
ACCHKV1750,Montaje de Pared para Interior DS-1294ZJ-PT / Exterior / Compatible con DS-2DE2A204IW-DE3(C) / PTZ-N2204I-DE3(C) / PTZ-N2404I-DE3(C),Montaje de Pared para Interior DS-1294ZJ-PT / Exterior / Compatible con DS-2DE2A204IW-DE3(C) / PTZ-N2204I-DE3(C) / PTZ-N2404I-DE3(C). Clave Oficial CT: ACCHKV1750. Marca: CT.,TELEFONIA Y VIDEO VIGILANCIA,telefonia_seguridad,CT,11.89,231.88,371.01,371.01,313.04,313.04,289.85,278.26,https://static.ctonline.mx/imagenes/ACCHKV1750/ACCHKV1750_400.jpg,assets/img/catalog/ACCHKV1750.jpg
ACCHKV030,Montaje de Pared para Exterior DS-1602ZJ  / Compatible con PTZ HIKVISION / epcom / HiLook,Montaje de Pared para Exterior DS-1602ZJ  / Compatible con PTZ HIKVISION / epcom / HiLook. Clave Oficial CT: ACCHKV030. Marca: CT.,TELEFONIA Y VIDEO VIGILANCIA,telefonia_seguridad,CT,13.96,272.15,435.44,435.44,367.41,367.41,340.19,326.58,https://static.ctonline.mx/imagenes/ACCHKV030/ACCHKV030_400.jpg,assets/img/catalog/ACCHKV030.jpg
ACCHKV5150,Montaje de Poste para Domos HIKVISION modelo DS-1604ZJ-POLE Color Blanco / Uso en Exterior,Montaje de Poste para Domos HIKVISION modelo DS-1604ZJ-POLE Color Blanco / Uso en Exterior. Clave Oficial CT: ACCHKV5150. Marca: CT.,TELEFONIA Y VIDEO VIGILANCIA,telefonia_seguridad,CT,52.83,1030.11,1648.17,1648.17,1390.65,1390.65,1287.64,1236.13,https://static.ctonline.mx/imagenes/ACCHKV5150/ACCHKV5150_400.jpg,assets/img/catalog/ACCHKV5150.jpg
ACCHKV4260,"Relevador inalámbrico inteligente SHELLYPLUS1PM 16A, 110-230 V, medición de consumo, compatible con asistente de voz Alexa, Google Home","Relevador inalámbrico inteligente SHELLYPLUS1PM 16A, 110-230 V, medición de consumo, compatible con asistente de voz Alexa, Google Home. Clave Oficial CT: ACCHKV4260. Marca: CT.",TELEFONIA Y VIDEO VIGILANCIA,telefonia_seguridad,CT,16.3,317.93,508.7,508.7,429.21,429.21,397.42,381.52,https://static.ctonline.mx/imagenes/ACCHKV4260/ACCHKV4260_400.jpg,assets/img/catalog/ACCHKV4260.jpg
KITHKV550,(AX PRO) KIT de Alarma AXP RO DS-PWA48-FULL-K / Incluye: 1 Hub con batería de respaldo/ 2 Sensores PIR / 3 Contactos Magnéticos mini / 1 Control Remoto / 1 Sirena Inalámbrica Exterior /1 Teclado Inalámbrico / Wifi / Compatible con Hik-Connect P2P,(AX PRO) KIT de Alarma AXP RO DS-PWA48-FULL-K / Incluye: 1 Hub con batería de respaldo/ 2 Sensores PIR / 3 Contactos Magnéticos mini / 1 Control Remoto / 1 Sirena Inalámbrica Exterior /1 Teclado Inalámbrico / Wifi / Compatible con Hik-Connect P2P. Clave Oficial CT: KITHKV550. Marca: CT.,TELEFONIA Y VIDEO VIGILANCIA,telefonia_seguridad,CT,366.07,7138.27,11421.23,11421.23,9636.67,9636.67,8922.84,8565.93,https://static.ctonline.mx/imagenes/KITHKV550/KITHKV550_400.jpg,assets/img/catalog/KITHKV550.jpg
ACCHKV1790,Inyector Super Hi-PoE LAS30-57CN-RJ45 / 56 Vcc / 30 Watts / Para Domos HIKVISION PTZ / IP (-AE / DE) / Soporta 802.3 af /at / Para Aplicaciones de CCTV,Inyector Super Hi-PoE LAS30-57CN-RJ45 / 56 Vcc / 30 Watts / Para Domos HIKVISION PTZ / IP (-AE / DE) / Soporta 802.3 af /at / Para Aplicaciones de CCTV. Clave Oficial CT: ACCHKV1790. Marca: CT.,TELEFONIA Y VIDEO VIGILANCIA,telefonia_seguridad,CT,44.77,873.05,1396.88,1396.88,1178.62,1178.62,1091.31,1047.66,https://static.ctonline.mx/imagenes/ACCHKV1790/ACCHKV1790_400.jpg,assets/img/catalog/ACCHKV1790.jpg
ACCHKV2650,Detector de Humo Fotoeléctrico No Direccionable de 4 Hilos DS-PDSMK-4BAR / Soporta Funcionalidad Autónoma (Buzzer Integrado) / Indicadores LED,Detector de Humo Fotoeléctrico No Direccionable de 4 Hilos DS-PDSMK-4BAR / Soporta Funcionalidad Autónoma (Buzzer Integrado) / Indicadores LED. Clave Oficial CT: ACCHKV2650. Marca: CT.,TELEFONIA Y VIDEO VIGILANCIA,telefonia_seguridad,CT,8.13,158.54,253.67,253.67,214.03,214.03,198.18,190.25,https://static.ctonline.mx/imagenes/ACCHKV2650/ACCHKV2650_400.jpg,assets/img/catalog/ACCHKV2650.jpg
ACCHKV2740,"(AX PRO) Detector de Temperatura y Detector de Humedad Inalámbrico DS-PDTPH-E-WB / 2.7"" de Tamaño / Uso en Interior / Rango de Detección desde -35°C hasta 99°C","(AX PRO) Detector de Temperatura y Detector de Humedad Inalámbrico DS-PDTPH-E-WB / 2.7"" de Tamaño / Uso en Interior / Rango de Detección desde -35°C hasta 99°C. Clave Oficial CT: ACCHKV2740. Marca: CT.",TELEFONIA Y VIDEO VIGILANCIA,telefonia_seguridad,CT,40.3,785.93,1257.5,1257.5,1061.01,1061.01,982.42,943.12,https://static.ctonline.mx/imagenes/ACCHKV2740/ACCHKV2740_400.jpg,assets/img/catalog/ACCHKV2740.jpg
ACCHKV3100,"(AX PRO) Panel de Alarma Inalámbrico de Hikvision DS-PWA96-M-WB / Soporta 96 Zonas / GSM 3G/4G, Wi-Fi y Ethernet / Incluye Batería de respaldo / Compatible con los Accesorios AX PRO.","(AX PRO) Panel de Alarma Inalámbrico de Hikvision DS-PWA96-M-WB / Soporta 96 Zonas / GSM 3G/4G, Wi-Fi y Ethernet / Incluye Batería de respaldo / Compatible con los Accesorios AX PRO.. Clave Oficial CT: ACCHKV3100. Marca: CT.",TELEFONIA Y VIDEO VIGILANCIA,telefonia_seguridad,CT,200.6,3911.66,6258.65,6258.65,5280.74,5280.74,4889.57,4693.99,https://static.ctonline.mx/imagenes/ACCHKV3100/ACCHKV3100_400.jpg,assets/img/catalog/ACCHKV3100.jpg
ACCHKV3270,(AX PRO) Contacto Magnético Inalámbrico + 2 ZONAS PARA AGREGAR SENSORES CABLEADOS DS-PDMC-EG2-WB(B) / 3 en 1 / Soporta 2 Zonas Cableadas,(AX PRO) Contacto Magnético Inalámbrico + 2 ZONAS PARA AGREGAR SENSORES CABLEADOS DS-PDMC-EG2-WB(B) / 3 en 1 / Soporta 2 Zonas Cableadas. Clave Oficial CT: ACCHKV3270. Marca: CT.,TELEFONIA Y VIDEO VIGILANCIA,telefonia_seguridad,CT,21.11,411.62,658.59,658.59,555.69,555.69,514.52,493.94,https://static.ctonline.mx/imagenes/ACCHKV3270/ACCHKV3270_400.jpg,assets/img/catalog/ACCHKV3270.jpg
ACCHKV2240,Kit de Transceptor (Balluns) DS-1H18S/E(C) TURBOHD con Botón Push / Hasta 8 MP (4K) / 100% Cobre / Soporta HD-TVI / AHD / CVI / CVBS / Audio por Coaxitron / Datos para Menu de Configurar de Cámaras,Kit de Transceptor (Balluns) DS-1H18S/E(C) TURBOHD con Botón Push / Hasta 8 MP (4K) / 100% Cobre / Soporta HD-TVI / AHD / CVI / CVBS / Audio por Coaxitron / Datos para Menu de Configurar de Cámaras. Clave Oficial CT: ACCHKV2240. Marca: CT.,TELEFONIA Y VIDEO VIGILANCIA,telefonia_seguridad,CT,2.48,48.33,77.32,77.32,65.24,65.24,60.41,57.99,https://static.ctonline.mx/imagenes/ACCHKV2240/ACCHKV2240_400.jpg,assets/img/catalog/ACCHKV2240.jpg
ACCHKV3000,(AX PRO) Repetidor de Señal Hikvision DS-PR1-WB / LED Indicador / Batería de Respaldo/ No compatible con el panel DS-PHA64-LP,(AX PRO) Repetidor de Señal Hikvision DS-PR1-WB / LED Indicador / Batería de Respaldo/ No compatible con el panel DS-PHA64-LP. Clave Oficial CT: ACCHKV3000. Marca: CT.,TELEFONIA Y VIDEO VIGILANCIA,telefonia_seguridad,CT,70.02,1365.42,2184.68,2184.68,1843.32,1843.32,1706.78,1638.51,https://static.ctonline.mx/imagenes/ACCHKV3000/ACCHKV3000_400.jpg,assets/img/catalog/ACCHKV3000.jpg
ACCHKV2610,Montaje para Sensores PIR HIKVISION DS-PDB-IN-U / Montaje en Pared o Techo / Ajuste Rotativo / Compatible con el PIR Cableado o Inalambrico (AXPRO) / Facil de Instalar (En Segundos).,Montaje para Sensores PIR HIKVISION DS-PDB-IN-U / Montaje en Pared o Techo / Ajuste Rotativo / Compatible con el PIR Cableado o Inalambrico (AXPRO) / Facil de Instalar (En Segundos).. Clave Oficial CT: ACCHKV2610. Marca: CT.,TELEFONIA Y VIDEO VIGILANCIA,telefonia_seguridad,CT,1.45,28.19,45.1,45.1,38.06,38.06,35.24,33.83,https://static.ctonline.mx/imagenes/ACCHKV2610/ACCHKV2610_400.jpg,assets/img/catalog/ACCHKV2610.jpg
ACCHKV2600,Panel de Alarma Inalámbrico de Hikvision DS-PWA48-E-WB / Soporta 48 Zonas / Wi-Fi y Ethernet / Incluye Bateria de respaldo/Compatible con los Accesorios AX PRO.,Panel de Alarma Inalámbrico de Hikvision DS-PWA48-E-WB / Soporta 48 Zonas / Wi-Fi y Ethernet / Incluye Bateria de respaldo/Compatible con los Accesorios AX PRO.. Clave Oficial CT: ACCHKV2600. Marca: CT.,TELEFONIA Y VIDEO VIGILANCIA,telefonia_seguridad,CT,98.07,1912.27,3059.63,3059.63,2581.57,2581.57,2390.34,2294.73,https://static.ctonline.mx/imagenes/ACCHKV2600/ACCHKV2600_400.jpg,assets/img/catalog/ACCHKV2600.jpg
ACCHKV750,Inyector Super Hi-PoE LAS30-57CN-RJ45 / 56 Vcc / 30 Watts / Para Domos HIKVISION PTZ / IP (-AE / DE) / Soporta 802.3 af /at,Inyector Super Hi-PoE LAS30-57CN-RJ45 / 56 Vcc / 30 Watts / Para Domos HIKVISION PTZ / IP (-AE / DE) / Soporta 802.3 af /at. Clave Oficial CT: ACCHKV750. Marca: CT.,TELEFONIA Y VIDEO VIGILANCIA,telefonia_seguridad,CT,40.47,789.16,1262.65,1262.65,1065.36,1065.36,986.45,946.99,https://static.ctonline.mx/imagenes/ACCHKV750/ACCHKV750_400.jpg,assets/img/catalog/ACCHKV750.jpg
ACCHKV2560,"Checador de Huella DS-K1A8503EF-B con Batería de Respaldo / Reportes por USB / 1,000 Usuarios / Lector de Tarjetas EM / Uso con iVMS-4200","Checador de Huella DS-K1A8503EF-B con Batería de Respaldo / Reportes por USB / 1,000 Usuarios / Lector de Tarjetas EM / Uso con iVMS-4200. Clave Oficial CT: ACCHKV2560. Marca: CT.",TELEFONIA Y VIDEO VIGILANCIA,telefonia_seguridad,CT,46.62,909.08,1454.53,1454.53,1227.26,1227.26,1136.35,1090.9,https://static.ctonline.mx/imagenes/ACCHKV2560/ACCHKV2560_400.jpg,assets/img/catalog/ACCHKV2560.jpg
ACCHKV2250,"(AX PRO) Panel de Alarma Inalámbrico de Hikvision DS-PWA48-M-WB / Soporta 48 Zonas / GSM 3G/4G, Wi-Fi y Ethernet / Incluye Bateria de respaldo/Compatible con los Accesorios AX PRO","(AX PRO) Panel de Alarma Inalámbrico de Hikvision DS-PWA48-M-WB / Soporta 48 Zonas / GSM 3G/4G, Wi-Fi y Ethernet / Incluye Bateria de respaldo/Compatible con los Accesorios AX PRO. Clave Oficial CT: ACCHKV2250. Marca: CT.",TELEFONIA Y VIDEO VIGILANCIA,telefonia_seguridad,CT,172.38,3361.42,5378.27,5378.27,4537.91,4537.91,4201.77,4033.7,https://static.ctonline.mx/imagenes/ACCHKV2250/ACCHKV2250_400.jpg,assets/img/catalog/ACCHKV2250.jpg
ACCHKV2370,Kit organizador de redes KIT-ORG-45 de 45 unidades con accesorios,Kit organizador de redes KIT-ORG-45 de 45 unidades con accesorios. Clave Oficial CT: ACCHKV2370. Marca: CT.,TELEFONIA Y VIDEO VIGILANCIA,telefonia_seguridad,CT,309.4,6033.34,9653.35,9653.35,8145.01,8145.01,7541.68,7240.01,https://static.ctonline.mx/imagenes/ACCHKV2370/ACCHKV2370_400.jpg,assets/img/catalog/ACCHKV2370.jpg
ACCHKV1660,Cerradura Eléctrica con Botón de Salida ACCESSRIMBL / Incluye Llave / Exterior / Izquierda,Cerradura Eléctrica con Botón de Salida ACCESSRIMBL / Incluye Llave / Exterior / Izquierda. Clave Oficial CT: ACCHKV1660. Marca: CT.,TELEFONIA Y VIDEO VIGILANCIA,telefonia_seguridad,CT,25.74,501.93,803.09,803.09,677.61,677.61,627.41,602.32,https://static.ctonline.mx/imagenes/ACCHKV1660/ACCHKV1660_400.jpg,assets/img/catalog/ACCHKV1660.jpg
ACCHKV2150,"Bote con 50 Plugs Pass through RJ45 Cat6 TC6-PASSR sin blindaje, con alivio de tensión incluido, chapado de oro a 30 micras para durabilidad extrema","Bote con 50 Plugs Pass through RJ45 Cat6 TC6-PASSR sin blindaje, con alivio de tensión incluido, chapado de oro a 30 micras para durabilidad extrema. Clave Oficial CT: ACCHKV2150. Marca: CT.",TELEFONIA Y VIDEO VIGILANCIA,telefonia_seguridad,CT,11.54,225.1,360.16,360.16,303.88,303.88,281.37,270.12,https://static.ctonline.mx/imagenes/ACCHKV2150/ACCHKV2150_400.jpg,assets/img/catalog/ACCHKV2150.jpg
ACCHKV2160,Caja de Conexiones de Exterior DS-1280ZJ-DM18 para Cámaras Tipo Mini Domo / IP66,Caja de Conexiones de Exterior DS-1280ZJ-DM18 para Cámaras Tipo Mini Domo / IP66. Clave Oficial CT: ACCHKV2160. Marca: CT.,TELEFONIA Y VIDEO VIGILANCIA,telefonia_seguridad,CT,8.2,159.82,255.7,255.7,215.75,215.75,199.77,191.78,https://static.ctonline.mx/imagenes/ACCHKV2160/ACCHKV2160_400.jpg,assets/img/catalog/ACCHKV2160.jpg
ACCHKV3260,Frente de calle IP 2 Megapíxel para Videoportero Modular DS-KD8003-IME1(B) / PoE / Angulo 146° / Ultra Baja Iluminación / Exterior IP65 / WDR 120 dB,Frente de calle IP 2 Megapíxel para Videoportero Modular DS-KD8003-IME1(B) / PoE / Angulo 146° / Ultra Baja Iluminación / Exterior IP65 / WDR 120 dB. Clave Oficial CT: ACCHKV3260. Marca: CT.,TELEFONIA Y VIDEO VIGILANCIA,telefonia_seguridad,CT,97.66,1904.43,3047.09,3047.09,2570.98,2570.98,2380.54,2285.32,https://static.ctonline.mx/imagenes/ACCHKV3260/ACCHKV3260_400.jpg,assets/img/catalog/ACCHKV3260.jpg
ACCHKV2020,"Bote TC6S-100 con 100 Piezas de Plug Modular RJ45 Cat6 blindado, chapado de oro a 30 micras para durabilidad extrema SIN PIN DE TIERRA","Bote TC6S-100 con 100 Piezas de Plug Modular RJ45 Cat6 blindado, chapado de oro a 30 micras para durabilidad extrema SIN PIN DE TIERRA. Clave Oficial CT: ACCHKV2020. Marca: CT.",TELEFONIA Y VIDEO VIGILANCIA,telefonia_seguridad,CT,19.33,376.86,602.97,602.97,508.76,508.76,471.07,452.23,https://static.ctonline.mx/imagenes/ACCHKV2020/ACCHKV2020_400.jpg,assets/img/catalog/ACCHKV2020.jpg
ACCHKV2010,(AX PRO) Control Remoto DS-PKF1-WB para Armado y Desarmado / Teclas con Funciones Programables,(AX PRO) Control Remoto DS-PKF1-WB para Armado y Desarmado / Teclas con Funciones Programables. Clave Oficial CT: ACCHKV2010. Marca: CT.,TELEFONIA Y VIDEO VIGILANCIA,telefonia_seguridad,CT,13.97,272.36,435.78,435.78,367.69,367.69,340.46,326.84,https://static.ctonline.mx/imagenes/ACCHKV2010/ACCHKV2010_400.jpg,assets/img/catalog/ACCHKV2010.jpg
ACCHKV2000,Soporte telescópico universal para cámaras Domo y Bala (XBRT2210),Soporte telescópico universal para cámaras Domo y Bala (XBRT2210). Clave Oficial CT: ACCHKV2000. Marca: CT.,TELEFONIA Y VIDEO VIGILANCIA,telefonia_seguridad,CT,29.35,572.28,915.65,915.65,772.58,772.58,715.35,686.74,https://static.ctonline.mx/imagenes/ACCHKV2000/ACCHKV2000_400.jpg,assets/img/catalog/ACCHKV2000.jpg
ACCHKV4910,Soporte Epcom modelo EM502M400 para pared ajustable de 32 -75 IN,Soporte Epcom modelo EM502M400 para pared ajustable de 32 -75 IN. Clave Oficial CT: ACCHKV4910. Marca: CT.,TELEFONIA Y VIDEO VIGILANCIA,telefonia_seguridad,CT,55.88,1089.67,1743.47,1743.47,1471.05,1471.05,1362.09,1307.6,https://static.ctonline.mx/imagenes/ACCHKV4910/ACCHKV4910_400.jpg,assets/img/catalog/ACCHKV4910.jpg
ACCHKV1270,Caja de Conexiones de Exterior para Cámaras (DS1260ZJAX) Tipo Bala / IP66,Caja de Conexiones de Exterior para Cámaras (DS1260ZJAX) Tipo Bala / IP66. Clave Oficial CT: ACCHKV1270. Marca: CT.,TELEFONIA Y VIDEO VIGILANCIA,telefonia_seguridad,CT,8.23,160.45,256.72,256.72,216.61,216.61,200.56,192.54,https://static.ctonline.mx/imagenes/ACCHKV1270/ACCHKV1270_400.jpg,assets/img/catalog/ACCHKV1270.jpg
ACCHKV1990,"Caja de Conexiones de Metal (DS-1280ZJ-XS-AX) / Compatible con DS-2CD20XX, B8-TURBOXX, E8-TURBOXX**, LE7-TURBOXX, LB7-TURBOXX","Caja de Conexiones de Metal (DS-1280ZJ-XS-AX) / Compatible con DS-2CD20XX, B8-TURBOXX, E8-TURBOXX**, LE7-TURBOXX, LB7-TURBOXX. Clave Oficial CT: ACCHKV1990. Marca: CT.",TELEFONIA Y VIDEO VIGILANCIA,telefonia_seguridad,CT,11.39,222.13,355.41,355.41,299.88,299.88,277.66,266.56,https://static.ctonline.mx/imagenes/ACCHKV1990/ACCHKV1990_400.jpg,assets/img/catalog/ACCHKV1990.jpg
ACCHKV270,Adaptador tipo jack de 3.5 mm macho (JR-52) polarizado de 12 vcd con terminales de tornillo.,Adaptador tipo jack de 3.5 mm macho (JR-52) polarizado de 12 vcd con terminales de tornillo.. Clave Oficial CT: ACCHKV270. Marca: CT.,TELEFONIA Y VIDEO VIGILANCIA,telefonia_seguridad,CT,1.18,23.1,36.97,36.97,31.19,31.19,28.88,27.72,https://static.ctonline.mx/imagenes/ACCHKV270/ACCHKV270_400.jpg,assets/img/catalog/ACCHKV270.jpg
ACCHKV1350,Montaje de pared (DS-1273ZJ-130TRL) para exterior compatible con cámara tipo torre DS-2CD23XX,Montaje de pared (DS-1273ZJ-130TRL) para exterior compatible con cámara tipo torre DS-2CD23XX. Clave Oficial CT: ACCHKV1350. Marca: CT.,TELEFONIA Y VIDEO VIGILANCIA,telefonia_seguridad,CT,16.33,318.36,509.37,509.37,429.78,429.78,397.95,382.03,https://static.ctonline.mx/imagenes/ACCHKV1350/ACCHKV1350_400.jpg,assets/img/catalog/ACCHKV1350.jpg
ACCHKV4810,"DS-K1T320MFWX-B/S Terminal Min Moe WiFi con Batería de Respaldo / Administrable por Smartphone o Nube / Acceso y Asistencia / Huella, Facial y Tarjetas MIFARE / 500 rostros y 1,000 Huellas y Tarjetas / Detección de Cubrebocas / HikConnect / HIK-IA","DS-K1T320MFWX-B/S Terminal Min Moe WiFi con Batería de Respaldo / Administrable por Smartphone o Nube / Acceso y Asistencia / Huella, Facial y Tarjetas MIFARE / 500 rostros y 1,000 Huellas y Tarjetas / Detección de Cubrebocas / HikConnect / HIK-IA. Clave Oficial CT: ACCHKV4810. Marca: CT.",TELEFONIA Y VIDEO VIGILANCIA,telefonia_seguridad,CT,71.74,1398.91,2238.26,2238.26,1888.53,1888.53,1748.64,1678.7,https://static.ctonline.mx/imagenes/ACCHKV4810/ACCHKV4810_400.jpg,assets/img/catalog/ACCHKV4810.jpg
ACCHKV1960,"Bobina de cable UTP 305 m. (DS-1LN5E-SW), Cat5E (24 AWG), Color Blanco, PVC (CM), uso en Interior, 100% Cobre","Bobina de cable UTP 305 m. (DS-1LN5E-SW), Cat5E (24 AWG), Color Blanco, PVC (CM), uso en Interior, 100% Cobre. Clave Oficial CT: ACCHKV1960. Marca: CT.",TELEFONIA Y VIDEO VIGILANCIA,telefonia_seguridad,CT,102.1,1990.97,3185.55,3185.55,2687.81,2687.81,2488.71,2389.16,https://static.ctonline.mx/imagenes/ACCHKV1960/ACCHKV1960_400.jpg,assets/img/catalog/ACCHKV1960.jpg
ACCHKV1890,"Bobina de cable de 305 m, (1000 ft) (PRO-CAT-5E) / Cat5e, alto desempeño, de color Gris, UL, para aplicaciones en CCTV, redes de datos. Uso Interior / Calibre 24 / Aislamiento: PVC / Blindaje: No. HIKVISION","Bobina de cable de 305 m, (1000 ft) (PRO-CAT-5E) / Cat5e, alto desempeño, de color Gris, UL, para aplicaciones en CCTV, redes de datos. Uso Interior / Calibre 24 / Aislamiento: PVC / Blindaje: No. HIKVISION. Clave Oficial CT: ACCHKV1890. Marca: CT.",TELEFONIA Y VIDEO VIGILANCIA,telefonia_seguridad,CT,85.83,1673.61,2677.77,2677.77,2259.37,2259.37,2092.01,2008.33,https://static.ctonline.mx/imagenes/ACCHKV1890/ACCHKV1890_400.jpg,assets/img/catalog/ACCHKV1890.jpg
ACCHKV1710,Caja de Conexiones (Φ137 X 42mm) (DS-1280ZJ-DM21) / Exterior para Cámaras Tipo Domo / IP66 / Color blanco / Diseño a prueba de agua / Peso: 250g. HIKVISION,Caja de Conexiones (Φ137 X 42mm) (DS-1280ZJ-DM21) / Exterior para Cámaras Tipo Domo / IP66 / Color blanco / Diseño a prueba de agua / Peso: 250g. HIKVISION. Clave Oficial CT: ACCHKV1710. Marca: CT.,TELEFONIA Y VIDEO VIGILANCIA,telefonia_seguridad,CT,8.66,168.85,270.16,270.16,227.95,227.95,211.07,202.62,https://static.ctonline.mx/imagenes/ACCHKV1710/ACCHKV1710_400.jpg,assets/img/catalog/ACCHKV1710.jpg
ACCHKV020,Caja HIKVISION (DS-1260ZJ) de conexiones IP66 para cámaras tipo bala,Caja HIKVISION (DS-1260ZJ) de conexiones IP66 para cámaras tipo bala. Clave Oficial CT: ACCHKV020. Marca: CT.,TELEFONIA Y VIDEO VIGILANCIA,telefonia_seguridad,CT,9.19,179.21,286.74,286.74,241.94,241.94,224.02,215.06,https://static.ctonline.mx/imagenes/ACCHKV020/ACCHKV020_400.jpg,assets/img/catalog/ACCHKV020.jpg
ACCHKV050,"Caja de Conexiones de Metal para DS2CD20**, HRB900, HRB900X, B8**, HRE**, E8**, LE7**, LB7**DS-1280ZJ-XS","Caja de Conexiones de Metal para DS2CD20**, HRB900, HRB900X, B8**, HRE**, E8**, LE7**, LB7**DS-1280ZJ-XS. Clave Oficial CT: ACCHKV050. Marca: CT.",TELEFONIA Y VIDEO VIGILANCIA,telefonia_seguridad,CT,10.25,199.93,319.89,319.89,269.91,269.91,249.92,239.92,https://static.ctonline.mx/imagenes/ACCHKV050/ACCHKV050_400.jpg,assets/img/catalog/ACCHKV050.jpg
ACCHKV550,"Accesorio para cámara. HIKVISION (DS-1280ZJ-S), Caja de conexión para cámaras domo (Aluminio).","Accesorio para cámara. HIKVISION (DS-1280ZJ-S), Caja de conexión para cámaras domo (Aluminio).. Clave Oficial CT: ACCHKV550. Marca: CT.",TELEFONIA Y VIDEO VIGILANCIA,telefonia_seguridad,CT,15.15,295.47,472.75,472.75,398.88,398.88,369.33,354.56,https://static.ctonline.mx/imagenes/ACCHKV550/ACCHKV550_400.jpg,assets/img/catalog/ACCHKV550.jpg
ACCHKV890,Inyector Super Hi-PoE / 56 Vcd / 60 Watts / Para Domos HIKVISION PTZ / IP (-AE) / Soporta 802.3 af / at / (LAS60-57CN-RJ45),Inyector Super Hi-PoE / 56 Vcd / 60 Watts / Para Domos HIKVISION PTZ / IP (-AE) / Soporta 802.3 af / at / (LAS60-57CN-RJ45). Clave Oficial CT: ACCHKV890. Marca: CT.,TELEFONIA Y VIDEO VIGILANCIA,telefonia_seguridad,CT,70.66,1377.94,2204.7,2204.7,1860.22,1860.22,1722.42,1653.53,https://static.ctonline.mx/imagenes/ACCHKV890/ACCHKV890_400.jpg,assets/img/catalog/ACCHKV890.jpg
ACCHKV1100,"MONTAJE HIKVISION (DS-1275ZJ) de POSTE Para PTZ EPCOM O HIKVISION, Peso maximo soportado 10Kg., Para camaras Bala y Domos.","MONTAJE HIKVISION (DS-1275ZJ) de POSTE Para PTZ EPCOM O HIKVISION, Peso maximo soportado 10Kg., Para camaras Bala y Domos.. Clave Oficial CT: ACCHKV1100. Marca: CT.",TELEFONIA Y VIDEO VIGILANCIA,telefonia_seguridad,CT,15.57,303.54,485.66,485.66,409.78,409.78,379.42,364.25,https://static.ctonline.mx/imagenes/ACCHKV1100/ACCHKV1100_400.jpg,assets/img/catalog/ACCHKV1100.jpg
ACCHKV1120,"Montaje HIKVISION (DS-1660ZJ) Parapeto sobre Pared, color Blanco","Montaje HIKVISION (DS-1660ZJ) Parapeto sobre Pared, color Blanco. Clave Oficial CT: ACCHKV1120. Marca: CT.",TELEFONIA Y VIDEO VIGILANCIA,telefonia_seguridad,CT,48.71,949.85,1519.77,1519.77,1282.3,1282.3,1187.32,1139.82,https://static.ctonline.mx/imagenes/ACCHKV1120/ACCHKV1120_400.jpg,assets/img/catalog/ACCHKV1120.jpg
ACCHKV1130,Montaje HIKVISION (DS-1275ZJ-S-SUS) Montaje de Poste para Cámaras DS-2CD26X3G1-IZS,Montaje HIKVISION (DS-1275ZJ-S-SUS) Montaje de Poste para Cámaras DS-2CD26X3G1-IZS. Clave Oficial CT: ACCHKV1130. Marca: CT.,TELEFONIA Y VIDEO VIGILANCIA,telefonia_seguridad,CT,18.79,366.36,586.18,586.18,494.59,494.59,457.95,439.64,https://static.ctonline.mx/imagenes/ACCHKV1130/ACCHKV1130_400.jpg,assets/img/catalog/ACCHKV1130.jpg
ACCHKV1080,"Caja de derivación (GW-44-024) En PVC Auto-extinguible con 6 entradas, tapa y tornillo de media vuelta de 1/4"", 100x100x50 MM, Para exterior (IP55) Temperatura(-24 a 60°C) IK08","Caja de derivación (GW-44-024) En PVC Auto-extinguible con 6 entradas, tapa y tornillo de media vuelta de 1/4"", 100x100x50 MM, Para exterior (IP55) Temperatura(-24 a 60°C) IK08. Clave Oficial CT: ACCHKV1080. Marca: CT.",TELEFONIA Y VIDEO VIGILANCIA,telefonia_seguridad,CT,3.82,74.51,119.21,119.21,100.58,100.58,93.13,89.41,https://static.ctonline.mx/imagenes/ACCHKV1080/ACCHKV1080_400.jpg,assets/img/catalog/ACCHKV1080.jpg
ACCHKV1210,Hikvision (DS-KAB671-B) Totem en pedestal para DS-K1T671TM-3XF Material: SPCC,Hikvision (DS-KAB671-B) Totem en pedestal para DS-K1T671TM-3XF Material: SPCC. Clave Oficial CT: ACCHKV1210. Marca: HIKVISION.,TELEFONIA Y VIDEO VIGILANCIA,telefonia_seguridad,HIKVISION,116.48,2271.36,3634.18,3634.18,3066.34,3066.34,2839.2,2725.63,https://static.ctonline.mx/imagenes/ACCHKV1210/ACCHKV1210_400.jpg,assets/img/catalog/ACCHKV1210.jpg
ACCHKV1000,Montaje metálico de pared (DS-1272ZJ-110) / Exterior / Compatible con domo DS-2CD21XX / Aleacion de aluminio / Blanco. HIKVISION,Montaje metálico de pared (DS-1272ZJ-110) / Exterior / Compatible con domo DS-2CD21XX / Aleacion de aluminio / Blanco. HIKVISION. Clave Oficial CT: ACCHKV1000. Marca: CT.,TELEFONIA Y VIDEO VIGILANCIA,telefonia_seguridad,CT,12.57,245.02,392.03,392.03,330.78,330.78,306.28,294.03,https://static.ctonline.mx/imagenes/ACCHKV1000/ACCHKV1000_400.jpg,assets/img/catalog/ACCHKV1000.jpg
ACCHKV350,Conector BNC Hembra (40.20 mm.) (RFB1722) roscable para cable coaxial RG-59/U en 75 Ohm. RF CONECTORS,Conector BNC Hembra (40.20 mm.) (RFB1722) roscable para cable coaxial RG-59/U en 75 Ohm. RF CONECTORS. Clave Oficial CT: ACCHKV350. Marca: CT.,TELEFONIA Y VIDEO VIGILANCIA,telefonia_seguridad,CT,4.75,92.62,148.2,148.2,125.04,125.04,115.78,111.15,https://static.ctonline.mx/imagenes/ACCHKV350/ACCHKV350_400.jpg,assets/img/catalog/ACCHKV350.jpg
ACCHKV790,"Detector PIR Inalámbrico (DS-PD2-P10P-W) para panel de alarma / Inmunidad a mascotas de hasta 24kg. Alarma de intrusión, Indicador de intensidad de señal. Rango de detección de 10m. Angulo de detección 85°. Tecnología inalámbrica de dos vias. HIKVISION","Detector PIR Inalámbrico (DS-PD2-P10P-W) para panel de alarma / Inmunidad a mascotas de hasta 24kg. Alarma de intrusión, Indicador de intensidad de señal. Rango de detección de 10m. Angulo de detección 85°. Tecnología inalámbrica de dos vias. HIKVISION. Clave Oficial CT: ACCHKV790. Marca: CT.",TELEFONIA Y VIDEO VIGILANCIA,telefonia_seguridad,CT,8.79,171.5,274.4,274.4,231.52,231.52,214.37,205.8,https://static.ctonline.mx/imagenes/ACCHKV790/ACCHKV790_400.jpg,assets/img/catalog/ACCHKV790.jpg
ACCHKV4900,Splitter HDMI 1x2  EPCOM modelo EPC-SPB12E70  Cable Cat6| EDID | HDCP 2.2 | Salida Loop,Splitter HDMI 1x2  EPCOM modelo EPC-SPB12E70  Cable Cat6| EDID | HDCP 2.2 | Salida Loop. Clave Oficial CT: ACCHKV4900. Marca: CT.,TELEFONIA Y VIDEO VIGILANCIA,telefonia_seguridad,CT,79.87,1557.46,2491.93,2491.93,2102.57,2102.57,1946.82,1868.95,https://static.ctonline.mx/imagenes/ACCHKV4900/ACCHKV4900_400.jpg,assets/img/catalog/ACCHKV4900.jpg
ACCHKV2420,"Terminal Min Moe WiFi DS-K1T343MWX /Touch de Reconocimiento Facial Ultra Rápido para ASISTENCIA y Control de ACCESO / 1500 Rostros y 3,000 tarjetas / Lee códigos QR / Videoportero / Detección de Cubrebocas","Terminal Min Moe WiFi DS-K1T343MWX /Touch de Reconocimiento Facial Ultra Rápido para ASISTENCIA y Control de ACCESO / 1500 Rostros y 3,000 tarjetas / Lee códigos QR / Videoportero / Detección de Cubrebocas. Clave Oficial CT: ACCHKV2420. Marca: CT.",TELEFONIA Y VIDEO VIGILANCIA,telefonia_seguridad,CT,102.77,2004.05,3206.48,3206.48,2705.47,2705.47,2505.06,2404.86,https://static.ctonline.mx/imagenes/ACCHKV2420/ACCHKV2420_400.jpg,assets/img/catalog/ACCHKV2420.jpg
ACCHKV3080,"Terminal Min Moe WiFi de Reconocimiento Facial ULTRA RÁPIDO (Exterior IP65) DS-K1T341CMFW / Hasta 1.5 mts en lectura / Soporta P2P Hik-Connect / 3,000 Usuarios /QR y Videoportero (ambientes de bajo ruido)","Terminal Min Moe WiFi de Reconocimiento Facial ULTRA RÁPIDO (Exterior IP65) DS-K1T341CMFW / Hasta 1.5 mts en lectura / Soporta P2P Hik-Connect / 3,000 Usuarios /QR y Videoportero (ambientes de bajo ruido). Clave Oficial CT: ACCHKV3080. Marca: CT.",TELEFONIA Y VIDEO VIGILANCIA,telefonia_seguridad,CT,134.62,2625.08,4200.13,4200.13,3543.86,3543.86,3281.35,3150.1,https://static.ctonline.mx/imagenes/ACCHKV3080/ACCHKV3080_400.jpg,assets/img/catalog/ACCHKV3080.jpg
ACCHKV2460,Kit de Torre Arriostrada KTZ-30E-015 de Piso de 15 m Altura con Tramo STZ30 Galvanizado Electrolítico (No incluye retenida).,Kit de Torre Arriostrada KTZ-30E-015 de Piso de 15 m Altura con Tramo STZ30 Galvanizado Electrolítico (No incluye retenida).. Clave Oficial CT: ACCHKV2460. Marca: CT.,TELEFONIA Y VIDEO VIGILANCIA,telefonia_seguridad,CT,555.76,10837.34,17339.74,17339.74,14630.4,14630.4,13546.67,13004.8,https://static.ctonline.mx/imagenes/ACCHKV2460/ACCHKV2460_400.jpg,assets/img/catalog/ACCHKV2460.jpg
ACCHKV2430,Mesa Profesional de Trabajo para Uso Rudo S7-D-219,Mesa Profesional de Trabajo para Uso Rudo S7-D-219. Clave Oficial CT: ACCHKV2430. Marca: CT.,TELEFONIA Y VIDEO VIGILANCIA,telefonia_seguridad,CT,914.87,17839.96,28543.93,28543.93,24083.94,24083.94,22299.95,21407.95,https://static.ctonline.mx/imagenes/ACCHKV2430/ACCHKV2430_400.jpg,assets/img/catalog/ACCHKV2430.jpg
SWTHKV460,Switch Industrial No Administrable Gigabit DS-3T0510HP-E/HS / 6 Puertos Gigabit PoE+ (30 W) + 2 Puertos Gigabit PoE++ (60 W) / 2 Puertos SFP / 120 W Total / 48 a 57 VCD / Ideal para Proyectos / 300 Metros de Distancia,Switch Industrial No Administrable Gigabit DS-3T0510HP-E/HS / 6 Puertos Gigabit PoE+ (30 W) + 2 Puertos Gigabit PoE++ (60 W) / 2 Puertos SFP / 120 W Total / 48 a 57 VCD / Ideal para Proyectos / 300 Metros de Distancia. Clave Oficial CT: SWTHKV460. Marca: CT.,TELEFONIA Y VIDEO VIGILANCIA,telefonia_seguridad,CT,144.62,2820.08,4512.13,4512.13,3807.11,3807.11,3525.1,3384.1,https://static.ctonline.mx/imagenes/SWTHKV460/SWTHKV460_400.jpg,assets/img/catalog/SWTHKV460.jpg
SWTHKV300,"Switch Gigabit PoE+ Administrable Hikvision DS-3E1518P-SI, 16 Puertos 1000 Mbps PoE+, 2 Puertos SFP, Administración máxima por puerto 30 W, Configuración Nube desde Hik-PartnerPro, Modo extendido hasta 300 metros, 225 Watts, Dimensiones 440 mm × 44 mm × 220.8 mm. Peso: 3.31 Kg.","Switch Gigabit PoE+ Administrable Hikvision DS-3E1518P-SI, 16 Puertos 1000 Mbps PoE+, 2 Puertos SFP, Administración máxima por puerto 30 W, Configuración Nube desde Hik-PartnerPro, Modo extendido hasta 300 metros, 225 Watts, Dimensiones 440 mm × 44 mm × 220.8 mm. Peso: 3.31 Kg.. Clave Oficial CT: SWTHKV300. Marca: CT.",TELEFONIA Y VIDEO VIGILANCIA,telefonia_seguridad,CT,254.08,4954.48,7927.17,7927.17,6688.55,6688.55,6193.1,5945.38,https://static.ctonline.mx/imagenes/SWTHKV300/SWTHKV300_400.jpg,assets/img/catalog/SWTHKV300.jpg
SWTHKV420,Switch PoE+ NS-0105P-35(B) / 4 Puertos 10/100 Mbps PoE+ (af / at) / 1 Puerto 10/100 Mbps Uplink / Modo Extendido hasta 250 Metros / 35 Watts,Switch PoE+ NS-0105P-35(B) / 4 Puertos 10/100 Mbps PoE+ (af / at) / 1 Puerto 10/100 Mbps Uplink / Modo Extendido hasta 250 Metros / 35 Watts. Clave Oficial CT: SWTHKV420. Marca: CT.,TELEFONIA Y VIDEO VIGILANCIA,telefonia_seguridad,CT,25.16,490.68,785.09,785.09,662.42,662.42,613.35,588.82,https://static.ctonline.mx/imagenes/SWTHKV420/SWTHKV420_400.jpg,assets/img/catalog/SWTHKV420.jpg
SWTHKV250,Switch Gigabit PoE+ DS-3E1510P-SI / Administrable / 8 puertos 10/100/1000 Mbps PoE+ / 2 puertos SFP / configuración remota desde Hik-PartnerPro / PoE hasta 250 metros / 110 W,Switch Gigabit PoE+ DS-3E1510P-SI / Administrable / 8 puertos 10/100/1000 Mbps PoE+ / 2 puertos SFP / configuración remota desde Hik-PartnerPro / PoE hasta 250 metros / 110 W. Clave Oficial CT: SWTHKV250. Marca: CT.,TELEFONIA Y VIDEO VIGILANCIA,telefonia_seguridad,CT,162.39,3166.63,5066.61,5066.61,4274.95,4274.95,3958.29,3799.96,https://static.ctonline.mx/imagenes/SWTHKV250/SWTHKV250_400.jpg,assets/img/catalog/SWTHKV250.jpg
SWTHKV040,Switch administrable de 24 puertos (FGSW-2624HPS) 10/100TX PoE+ y 2 puertos combo TP/SFP Gigabit,Switch administrable de 24 puertos (FGSW-2624HPS) 10/100TX PoE+ y 2 puertos combo TP/SFP Gigabit. Clave Oficial CT: SWTHKV040. Marca: CT.,TELEFONIA Y VIDEO VIGILANCIA,telefonia_seguridad,CT,245.73,4791.7,7666.72,7666.72,6468.8,6468.8,5989.63,5750.04,https://static.ctonline.mx/imagenes/SWTHKV040/SWTHKV040_400.jpg,assets/img/catalog/SWTHKV040.jpg
SWTHKV360,Switch PoE+  HIKVISION modelo DS-3E1552P-SI Administrable / 48 Puertos 1000 Mbps 470W,Switch PoE+  HIKVISION modelo DS-3E1552P-SI Administrable / 48 Puertos 1000 Mbps 470W. Clave Oficial CT: SWTHKV360. Marca: CT.,TELEFONIA Y VIDEO VIGILANCIA,telefonia_seguridad,CT,587.08,11447.98,18316.77,18316.77,15454.78,15454.78,14309.98,13737.58,https://static.ctonline.mx/imagenes/SWTHKV360/SWTHKV360_400.jpg,assets/img/catalog/SWTHKV360.jpg
SWTHKV130,Switch PoE+ (DS-3E0106HP-E) / No Administrable / 3 Puertos 10/100 Mbps 802.3 af/at (30 W) + 1 Puerto 100 Mbps Hi-PoE (60 W) / 2 Puertos 10/100 Mbps Uplink,Switch PoE+ (DS-3E0106HP-E) / No Administrable / 3 Puertos 10/100 Mbps 802.3 af/at (30 W) + 1 Puerto 100 Mbps Hi-PoE (60 W) / 2 Puertos 10/100 Mbps Uplink. Clave Oficial CT: SWTHKV130. Marca: CT.,TELEFONIA Y VIDEO VIGILANCIA,telefonia_seguridad,CT,40.22,784.24,1254.78,1254.78,1058.72,1058.72,980.3,941.09,https://static.ctonline.mx/imagenes/SWTHKV130/SWTHKV130_400.jpg,assets/img/catalog/SWTHKV130.jpg
BOCHKV010,Bocina IP / PoE / 12 Vcc DS-PA0103-A / Para integración con Hik-Central / Reproducción de Audio vía Red,Bocina IP / PoE / 12 Vcc DS-PA0103-A / Para integración con Hik-Central / Reproducción de Audio vía Red. Clave Oficial CT: BOCHKV010. Marca: CT.,TELEFONIA Y VIDEO VIGILANCIA,telefonia_seguridad,CT,400.24,7804.66,12487.46,12487.46,10536.3,10536.3,9755.83,9365.6,https://static.ctonline.mx/imagenes/BOCHKV010/BOCHKV010_400.jpg,assets/img/catalog/BOCHKV010.jpg
CAMHLK070,"Cámara bala (THC-B140-M) 4MP CMOS Sensor, 18fps at 2688*1520 resolución, 20m IR, Outdoor EXIR Bullet, ICR, 0.01 Lux/F1.2, 12 VDC, Smart IR, DNR, OSD Menú, IP67, lente 2.8 mm, Metálica. (Existencias Limitadas)","Cámara bala (THC-B140-M) 4MP CMOS Sensor, 18fps at 2688*1520 resolución, 20m IR, Outdoor EXIR Bullet, ICR, 0.01 Lux/F1.2, 12 VDC, Smart IR, DNR, OSD Menú, IP67, lente 2.8 mm, Metálica. (Existencias Limitadas). Clave Oficial CT: CAMHLK070. Marca: CT.",TELEFONIA Y VIDEO VIGILANCIA,telefonia_seguridad,CT,18.48,360.33,576.52,576.52,486.44,486.44,450.41,432.39,https://static.ctonline.mx/imagenes/CAMHLK070/CAMHLK070_400.jpg,assets/img/catalog/CAMHLK070.jpg
CAMHLK790,Camara HiLook Series / Bala IP 4 Megapíxel IPC-B140HA-U / Lente 2.8 mm / 30 mts IR / Micrófono Integrado / Exterior IP67 / PoE / dWDR / H.265+ / ONVIF,Camara HiLook Series / Bala IP 4 Megapíxel IPC-B140HA-U / Lente 2.8 mm / 30 mts IR / Micrófono Integrado / Exterior IP67 / PoE / dWDR / H.265+ / ONVIF. Clave Oficial CT: CAMHLK790. Marca: CT.,TELEFONIA Y VIDEO VIGILANCIA,telefonia_seguridad,CT,56.78,1107.26,1771.62,1771.62,1494.8,1494.8,1384.08,1328.71,https://static.ctonline.mx/imagenes/CAMHLK790/CAMHLK790_400.jpg,assets/img/catalog/CAMHLK790.jpg
CAMHLK800,Cámara Bala IP 4 Megapíxel IPC-B140HA-LUC / Lente 2.8 mm / Ángulo de visión 104° / 20 mts IR + 15 mts Luz Blanca / Micrófono Integrado / ACUSENSE Lite / Exterior IP67 / H.265+ / PoE / ONVIF / dWDR,Cámara Bala IP 4 Megapíxel IPC-B140HA-LUC / Lente 2.8 mm / Ángulo de visión 104° / 20 mts IR + 15 mts Luz Blanca / Micrófono Integrado / ACUSENSE Lite / Exterior IP67 / H.265+ / PoE / ONVIF / dWDR. Clave Oficial CT: CAMHLK800. Marca: CT.,TELEFONIA Y VIDEO VIGILANCIA,telefonia_seguridad,CT,60.35,1176.78,1882.85,1882.85,1588.66,1588.66,1470.98,1412.14,https://static.ctonline.mx/imagenes/CAMHLK800/CAMHLK800_400.jpg,assets/img/catalog/CAMHLK800.jpg
CAMHLK530,"Camara Bala Hilook (THC-B120-PC), 1080p TURBOHD, 103°, lente 2.8 mm, Smart IR EXIR 20 mts, exterior IP66, Dwdr, Tecnologias TVI/AHD/CVI/CVBS, Policarbonato.","Camara Bala Hilook (THC-B120-PC), 1080p TURBOHD, 103°, lente 2.8 mm, Smart IR EXIR 20 mts, exterior IP66, Dwdr, Tecnologias TVI/AHD/CVI/CVBS, Policarbonato.. Clave Oficial CT: CAMHLK530. Marca: CT.",TELEFONIA Y VIDEO VIGILANCIA,telefonia_seguridad,CT,10.6,206.66,330.65,330.65,278.99,278.99,258.32,247.99,https://static.ctonline.mx/imagenes/CAMHLK530/CAMHLK530_400.jpg,assets/img/catalog/CAMHLK530.jpg
CAMHLK410,Cámara Bala Hilook (THC-B120-MC) 1080p (2MP) Multiformato (HDTVI/AHD/CVI/CVBS/IP) 2.8mm (103°) Metal IR: 20m Exterior,Cámara Bala Hilook (THC-B120-MC) 1080p (2MP) Multiformato (HDTVI/AHD/CVI/CVBS/IP) 2.8mm (103°) Metal IR: 20m Exterior. Clave Oficial CT: CAMHLK410. Marca: CT.,TELEFONIA Y VIDEO VIGILANCIA,telefonia_seguridad,CT,12.75,248.62,397.8,397.8,335.64,335.64,310.78,298.35,https://static.ctonline.mx/imagenes/CAMHLK410/CAMHLK410_400.jpg,assets/img/catalog/CAMHLK410.jpg
CAMHLK650,Cámara Domo EyeBall HiLook (THC-T140-P) 4MP Multiformato(HDTVI/AHD/CVI/CVBS) 12V/0.34A/4W 2.8mm(100.2°) IR:20mEXIR 0.01Lux -40 °C to 60 °C IP66 Plastico Interior (Existencias Limitadas),Cámara Domo EyeBall HiLook (THC-T140-P) 4MP Multiformato(HDTVI/AHD/CVI/CVBS) 12V/0.34A/4W 2.8mm(100.2°) IR:20mEXIR 0.01Lux -40 °C to 60 °C IP66 Plastico Interior (Existencias Limitadas). Clave Oficial CT: CAMHLK650. Marca: CT.,TELEFONIA Y VIDEO VIGILANCIA,telefonia_seguridad,CT,15.22,296.74,474.78,474.78,400.6,400.6,370.92,356.09,https://static.ctonline.mx/imagenes/CAMHLK650/CAMHLK650_400.jpg,assets/img/catalog/CAMHLK650.jpg
CAMHLK400,Cámara HiLook Series / Bala IP 2 Megapíxel (1920 x 1080) (IPC-B121H(C)) / 30 mts IR / Exterior IP67 / PoE / dWDR / Lente 2.8 mm / H.265+ / Dimensiones: 70 x 181.6 mm / Fabricado en material de metal y policarbonato / Temperatura de operación: -30°C a 60°C / Humedad al 95% máximo. HIKVISION,Cámara HiLook Series / Bala IP 2 Megapíxel (1920 x 1080) (IPC-B121H(C)) / 30 mts IR / Exterior IP67 / PoE / dWDR / Lente 2.8 mm / H.265+ / Dimensiones: 70 x 181.6 mm / Fabricado en material de metal y policarbonato / Temperatura de operación: -30°C a 60°C / Humedad al 95% máximo. HIKVISION. Clave Oficial CT: CAMHLK400. Marca: CT.,TELEFONIA Y VIDEO VIGILANCIA,telefonia_seguridad,CT,26.09,508.7,813.91,813.91,686.74,686.74,635.87,610.43,https://static.ctonline.mx/imagenes/CAMHLK400/CAMHLK400_400.jpg,assets/img/catalog/CAMHLK400.jpg
CAMHLK670,Cámara HiLook Series / Domo IP 2 Megapíxel (1920 x 1080) IPC-D121H(C)  / 30 mts IR / Exterior IP67 / IK10 / dWDR / PoE / Lente 2.8 mm / Iluminación mínima: B/N 0.028 Lux con IR / Dimensiones: 111 x 82.4 mm / Protección contra sobretensiones y protección contra voltajes transitorios. HIKVISION,Cámara HiLook Series / Domo IP 2 Megapíxel (1920 x 1080) IPC-D121H(C)  / 30 mts IR / Exterior IP67 / IK10 / dWDR / PoE / Lente 2.8 mm / Iluminación mínima: B/N 0.028 Lux con IR / Dimensiones: 111 x 82.4 mm / Protección contra sobretensiones y protección contra voltajes transitorios. HIKVISION. Clave Oficial CT: CAMHLK670. Marca: CT.,TELEFONIA Y VIDEO VIGILANCIA,telefonia_seguridad,CT,33.7,657.07,1051.3,1051.3,887.04,887.04,821.33,788.48,https://static.ctonline.mx/imagenes/CAMHLK670/CAMHLK670_400.jpg,assets/img/catalog/CAMHLK670.jpg
CAMHLK710,Cámara Bala IP 4 Megapíxel (IPC-B140(C)) / 30 mts IR / Exterior IP67 / PoE / WDR 120 dB / Lente 2.8 mm / H.265+,Cámara Bala IP 4 Megapíxel (IPC-B140(C)) / 30 mts IR / Exterior IP67 / PoE / WDR 120 dB / Lente 2.8 mm / H.265+. Clave Oficial CT: CAMHLK710. Marca: CT.,TELEFONIA Y VIDEO VIGILANCIA,telefonia_seguridad,CT,52.45,1022.69,1636.3,1636.3,1380.63,1380.63,1278.36,1227.23,https://static.ctonline.mx/imagenes/CAMHLK710/CAMHLK710_400.jpg,assets/img/catalog/CAMHLK710.jpg
BOCPAN350,"Audífonos Bluetooth Marca PANASONIC B110 (RZ-B110WDE-K) Audífonos con micrófono, ideales para diversas actividades como llamadas, música y deportes,  hasta 26 Horas de uso con la base de carga , control táctil, bluetooth 5.3, compatibilidad con Google Assistant y Siri, con tecnología XBS (extra Bass System), USB-C, IPX4, Negro.","Audífonos Bluetooth Marca PANASONIC B110 (RZ-B110WDE-K) Audífonos con micrófono, ideales para diversas actividades como llamadas, música y deportes,  hasta 26 Horas de uso con la base de carga , control táctil, bluetooth 5.3, compatibilidad con Google Assistant y Siri, con tecnología XBS (extra Bass System), USB-C, IPX4, Negro.. Clave Oficial CT: BOCPAN350. Marca: CT.",TELEFONIA Y VIDEO VIGILANCIA,telefonia_seguridad,CT,390.38,7612.5,12180.0,12180.0,10276.88,10276.88,9515.62,9135.0,https://static.ctonline.mx/imagenes/BOCPAN350/BOCPAN350_400.jpg,assets/img/catalog/BOCPAN350.jpg
BOCPAN360,"Audífonos Bluetooth Marca PANASONIC B110 ( RZ-B110WDE-W) Audífonos con micrófono, ideales para diversas actividades como llamadas, música y deportes,  hasta 26 Horas de uso con la base de carga , control táctil, bluetooth 5.3, compatibilidad con Google Assistant y Siri, con tecnología XBS (extra Bass System), USB-C, IPX4, Blanco.","Audífonos Bluetooth Marca PANASONIC B110 ( RZ-B110WDE-W) Audífonos con micrófono, ideales para diversas actividades como llamadas, música y deportes,  hasta 26 Horas de uso con la base de carga , control táctil, bluetooth 5.3, compatibilidad con Google Assistant y Siri, con tecnología XBS (extra Bass System), USB-C, IPX4, Blanco.. Clave Oficial CT: BOCPAN360. Marca: CT.",TELEFONIA Y VIDEO VIGILANCIA,telefonia_seguridad,CT,384.62,7500.0,12000.0,12000.0,10125.0,10125.0,9375.0,9000.0,https://static.ctonline.mx/imagenes/BOCPAN360/BOCPAN360_400.jpg,assets/img/catalog/BOCPAN360.jpg
BOCPAN370,"Diadema Bluetooth Marca PANASONIC HF630B  (RB-HF630BE-K) Audífonos con micrófono y cancelación de ruido, ligeros, ideales para diversas actividades como llamadas, música y deportes, hasta 72 Horas de uso, bluetooth  5.3 hasta 10 metros, con tecnología XBS (extra Bass System), USB-C,  Negro.","Diadema Bluetooth Marca PANASONIC HF630B  (RB-HF630BE-K) Audífonos con micrófono y cancelación de ruido, ligeros, ideales para diversas actividades como llamadas, música y deportes, hasta 72 Horas de uso, bluetooth  5.3 hasta 10 metros, con tecnología XBS (extra Bass System), USB-C,  Negro.. Clave Oficial CT: BOCPAN370. Marca: CT.",TELEFONIA Y VIDEO VIGILANCIA,telefonia_seguridad,CT,604.4,11785.71,18857.14,18857.14,15910.71,15910.71,14732.14,14142.86,https://static.ctonline.mx/imagenes/BOCPAN370/BOCPAN370_400.jpg,assets/img/catalog/BOCPAN370.jpg
BOCPAN380,"Diadema Bluetooth Marca PANASONIC HF630B  (RB-HF630BE-A) Audífonos con micrófono y cancelación de ruido, ligeros, ideales para diversas actividades como llamadas, música y deportes,  hasta 72 Horas de uso, bluetooth 5.3 hasta 10 metros, con tecnología XBS (extra Bass System), USB-C, Azul.","Diadema Bluetooth Marca PANASONIC HF630B  (RB-HF630BE-A) Audífonos con micrófono y cancelación de ruido, ligeros, ideales para diversas actividades como llamadas, música y deportes,  hasta 72 Horas de uso, bluetooth 5.3 hasta 10 metros, con tecnología XBS (extra Bass System), USB-C, Azul.. Clave Oficial CT: BOCPAN380. Marca: CT.",TELEFONIA Y VIDEO VIGILANCIA,telefonia_seguridad,CT,604.4,11785.71,18857.14,18857.14,15910.71,15910.71,14732.14,14142.86,https://static.ctonline.mx/imagenes/BOCPAN380/BOCPAN380_400.jpg,assets/img/catalog/BOCPAN380.jpg
BOCPAN390,"Diadema Bluetooth Marca PANASONIC HF630B  (RB-HF630BE-W) Audífonos con micrófono y cancelación de ruido, ligeros, ideales para diversas actividades como llamadas, música y deportes, hasta 72 Horas de uso, bluetooth 5.3 hasta 10 metros, con tecnología XBS (extra Bass System), USB-C, Blanco.","Diadema Bluetooth Marca PANASONIC HF630B  (RB-HF630BE-W) Audífonos con micrófono y cancelación de ruido, ligeros, ideales para diversas actividades como llamadas, música y deportes, hasta 72 Horas de uso, bluetooth 5.3 hasta 10 metros, con tecnología XBS (extra Bass System), USB-C, Blanco.. Clave Oficial CT: BOCPAN390. Marca: CT.",TELEFONIA Y VIDEO VIGILANCIA,telefonia_seguridad,CT,604.4,11785.71,18857.14,18857.14,15910.71,15910.71,14732.14,14142.86,https://static.ctonline.mx/imagenes/BOCPAN390/BOCPAN390_400.jpg,assets/img/catalog/BOCPAN390.jpg
ACCPTS2530,"Diadema POLY Blackwire Modelo 3315 (76J12AA), USB-A, monoaural, alámbricos duraderos, ligeros y fáciles de implementar, micrófono con anulación de ruido y opciones de sonido estéreo de alta fidelidad. el ecualizados dinámico optimiza la calidad de las llamadas y se ajusta de forma automática","Diadema POLY Blackwire Modelo 3315 (76J12AA), USB-A, monoaural, alámbricos duraderos, ligeros y fáciles de implementar, micrófono con anulación de ruido y opciones de sonido estéreo de alta fidelidad. el ecualizados dinámico optimiza la calidad de las llamadas y se ajusta de forma automática. Clave Oficial CT: ACCPTS2530. Marca: CT.",TELEFONIA Y VIDEO VIGILANCIA,telefonia_seguridad,CT,18.11,353.22,565.15,565.15,476.84,476.84,441.52,423.86,https://static.ctonline.mx/imagenes/ACCPTS2530/ACCPTS2530_400.jpg,assets/img/catalog/ACCPTS2530.jpg
ACCPTS1770,"Diadema POLY Blackwire Modelo 3225 (213939-101), USB-C con adaptador USB-C/A y 3.5 mm, binaural, alambricos duraderos, ligeros y faciles de implementar, banda ancha para PC, micrófono con anulación de ruido y opciones de sonido estereo de alta fidelidad, el ecualizados dinamico optimiza la calidad de las llamadas y se ajusta de forma automatica","Diadema POLY Blackwire Modelo 3225 (213939-101), USB-C con adaptador USB-C/A y 3.5 mm, binaural, alambricos duraderos, ligeros y faciles de implementar, banda ancha para PC, micrófono con anulación de ruido y opciones de sonido estereo de alta fidelidad, el ecualizados dinamico optimiza la calidad de las llamadas y se ajusta de forma automatica. Clave Oficial CT: ACCPTS1770. Marca: CT.",TELEFONIA Y VIDEO VIGILANCIA,telefonia_seguridad,CT,63.5,1238.33,1981.33,1981.33,1671.75,1671.75,1547.92,1486.0,https://static.ctonline.mx/imagenes/ACCPTS1770/ACCPTS1770_400.jpg,assets/img/catalog/ACCPTS1770.jpg
ACCPTS2320,"Diadema POLY Blackwire Modelo 3315 (76J13AA), USB-A, monoaural, alámbricos duraderos, ligeros y fáciles de implementar, micrófono con anulación de ruido y opciones de sonido estéreo de alta fidelidad. el ecualizados dinámico optimiza la calidad de las llamadas y se ajusta de forma automática","Diadema POLY Blackwire Modelo 3315 (76J13AA), USB-A, monoaural, alámbricos duraderos, ligeros y fáciles de implementar, micrófono con anulación de ruido y opciones de sonido estéreo de alta fidelidad. el ecualizados dinámico optimiza la calidad de las llamadas y se ajusta de forma automática. Clave Oficial CT: ACCPTS2320. Marca: CT.",TELEFONIA Y VIDEO VIGILANCIA,telefonia_seguridad,CT,18.12,353.33,565.32,565.32,476.99,476.99,441.66,423.99,https://static.ctonline.mx/imagenes/ACCPTS2320/ACCPTS2320_400.jpg,assets/img/catalog/ACCPTS2320.jpg
ACCPTS1870,"Diadema POLY Blackwire Modelo 5210 (80R98AA), USB-A y 3.5 mm, monoaural, alambricos duraderos, ligeros y faciles de implementar, administracion sencilla de llamadas, micrófono con cancelación de ruido y procesamiento de señales digitales (DSP) para lograr un sonido de voz más natural, ecualizador dinamico","Diadema POLY Blackwire Modelo 5210 (80R98AA), USB-A y 3.5 mm, monoaural, alambricos duraderos, ligeros y faciles de implementar, administracion sencilla de llamadas, micrófono con cancelación de ruido y procesamiento de señales digitales (DSP) para lograr un sonido de voz más natural, ecualizador dinamico. Clave Oficial CT: ACCPTS1870. Marca: CT.",TELEFONIA Y VIDEO VIGILANCIA,telefonia_seguridad,CT,84.82,1653.95,2646.33,2646.33,2232.84,2232.84,2067.44,1984.75,https://static.ctonline.mx/imagenes/ACCPTS1870/ACCPTS1870_400.jpg,assets/img/catalog/ACCPTS1870.jpg
ACCPTS2400,"Diadema POLY Blackwire Modelo 3220 (8X228A6), USB-C con adaptador USB-C/A, binaural, alámbricos duraderos, ligeros y fáciles de implementar, banda ancha para PC, micrófono con anulación de ruido y opciones de sonido estéreo de alta fidelidad, el ecualizados dinámico optimiza la calidad de las llamadas y se ajusta de forma automática. PESOS","Diadema POLY Blackwire Modelo 3220 (8X228A6), USB-C con adaptador USB-C/A, binaural, alámbricos duraderos, ligeros y fáciles de implementar, banda ancha para PC, micrófono con anulación de ruido y opciones de sonido estéreo de alta fidelidad, el ecualizados dinámico optimiza la calidad de las llamadas y se ajusta de forma automática. PESOS. Clave Oficial CT: ACCPTS2400. Marca: CT.",TELEFONIA Y VIDEO VIGILANCIA,telefonia_seguridad,CT,630.68,12298.3,19677.27,19677.27,16602.7,16602.7,15372.87,14757.95,https://static.ctonline.mx/imagenes/ACCPTS2400/ACCPTS2400_400.jpg,assets/img/catalog/ACCPTS2400.jpg
ACCPTS2390,"Diadema POLY Modelo HW510 (783Q1AA#ABA) Conector QD, monoaural, alámbrica, No incluye adaptador","Diadema POLY Modelo HW510 (783Q1AA#ABA) Conector QD, monoaural, alámbrica, No incluye adaptador. Clave Oficial CT: ACCPTS2390. Marca: CT.",TELEFONIA Y VIDEO VIGILANCIA,telefonia_seguridad,CT,1021.32,19915.7,31865.13,31865.13,26886.2,26886.2,24894.63,23898.85,https://static.ctonline.mx/imagenes/ACCPTS2390/ACCPTS2390_400.jpg,assets/img/catalog/ACCPTS2390.jpg
ACCPTS2310,"Diadema POLY Blackwire Modelo 5220 (8X231AA), USB-C con adaptador USB-C/A y 3.5 mm, binaural, alámbricos duraderos, ligeros y fáciles de implementar, administración sencilla de llamadas, micrófono con cancelación de ruido y procesamiento de señales digitales (DSP) para lograr un sonido de voz más natural, ecualizador dinámico. (ESTE MODELO ESTA EN PESOS)","Diadema POLY Blackwire Modelo 5220 (8X231AA), USB-C con adaptador USB-C/A y 3.5 mm, binaural, alámbricos duraderos, ligeros y fáciles de implementar, administración sencilla de llamadas, micrófono con cancelación de ruido y procesamiento de señales digitales (DSP) para lograr un sonido de voz más natural, ecualizador dinámico. (ESTE MODELO ESTA EN PESOS). Clave Oficial CT: ACCPTS2310. Marca: CT.",TELEFONIA Y VIDEO VIGILANCIA,telefonia_seguridad,CT,1873.86,36540.34,58464.55,58464.55,49329.46,49329.46,45675.43,43848.41,https://static.ctonline.mx/imagenes/ACCPTS2310/ACCPTS2310_400.jpg,assets/img/catalog/ACCPTS2310.jpg
ACCPTS2410,"Diadema POLY Voyager Modelo Focus 2 (9T9J3AA#AC3) USB-C-C, binaural, Bluetooth, 3 niveles de cancelación activa de ruido, Sensores inteligentes, Certificación para Zoom, Negro","Diadema POLY Voyager Modelo Focus 2 (9T9J3AA#AC3) USB-C-C, binaural, Bluetooth, 3 niveles de cancelación activa de ruido, Sensores inteligentes, Certificación para Zoom, Negro. Clave Oficial CT: ACCPTS2410. Marca: CT.",TELEFONIA Y VIDEO VIGILANCIA,telefonia_seguridad,CT,3557.49,69371.03,110993.65,110993.65,93650.89,93650.89,86713.79,83245.23,https://static.ctonline.mx/imagenes/ACCPTS2410/ACCPTS2410_400.jpg,assets/img/catalog/ACCPTS2410.jpg
ACCPOL1450,"Altavoz manos libre POLY (772C3AA) Altavoz manos libres Poly Sync 10 con USB-A USB-C, sonido de alta calidad para llamadas y música , Su matriz de dos micrófonos reduce el ruido ambiental para disfrutar de unas mejores llamadas.","Altavoz manos libre POLY (772C3AA) Altavoz manos libres Poly Sync 10 con USB-A USB-C, sonido de alta calidad para llamadas y música , Su matriz de dos micrófonos reduce el ruido ambiental para disfrutar de unas mejores llamadas.. Clave Oficial CT: ACCPOL1450. Marca: CT.",TELEFONIA Y VIDEO VIGILANCIA,telefonia_seguridad,CT,2022.23,39433.43,63093.49,63093.49,53235.13,53235.13,49291.79,47320.12,https://static.ctonline.mx/imagenes/ACCPOL1450/ACCPOL1450_400.jpg,assets/img/catalog/ACCPOL1450.jpg
ACCPTS1880,"Auricular Marca Plantronics Voyager 5200 UC (7W6D3AA#ABA)  Auricular Inalámbrico Monoaural. Tiempo de conversación 7 horas,  tiene alcance de hasta 75 metros, comandos responder, ignorar y finalizar llamadas, Bluetooth v5.0.","Auricular Marca Plantronics Voyager 5200 UC (7W6D3AA#ABA)  Auricular Inalámbrico Monoaural. Tiempo de conversación 7 horas,  tiene alcance de hasta 75 metros, comandos responder, ignorar y finalizar llamadas, Bluetooth v5.0.. Clave Oficial CT: ACCPTS1880. Marca: CT.",TELEFONIA Y VIDEO VIGILANCIA,telefonia_seguridad,CT,73.86,1440.34,2304.55,2304.55,1944.46,1944.46,1800.43,1728.41,https://static.ctonline.mx/imagenes/ACCPTS1880/ACCPTS1880_400.jpg,assets/img/catalog/ACCPTS1880.jpg
ACCPTS1020,"Auricular bluetooth para Móviles Plantronics Poly (VOYAGER 5200), 7S431AA#ABA Auricular Inalámbrico Monoaural, micrófonos con reducción de ruido, Alerta dinámica Mute, Tecnología Windsmart, soporta hasta 7 horas de conversación y 9 días en tiempo de espera, Multipunto, necesita 90 minutos para carga completa, tiene alcance de hasta 75 metros, comandos responder, ignorar y finalizar llamadas, Bluetooth v5.0.","Auricular bluetooth para Móviles Plantronics Poly (VOYAGER 5200), 7S431AA#ABA Auricular Inalámbrico Monoaural, micrófonos con reducción de ruido, Alerta dinámica Mute, Tecnología Windsmart, soporta hasta 7 horas de conversación y 9 días en tiempo de espera, Multipunto, necesita 90 minutos para carga completa, tiene alcance de hasta 75 metros, comandos responder, ignorar y finalizar llamadas, Bluetooth v5.0.. Clave Oficial CT: ACCPTS1020. Marca: CT.",TELEFONIA Y VIDEO VIGILANCIA,telefonia_seguridad,CT,68.18,1329.55,2127.27,2127.27,1794.89,1794.89,1661.93,1595.45,https://static.ctonline.mx/imagenes/ACCPTS1020/ACCPTS1020_400.jpg,assets/img/catalog/ACCPTS1020.jpg
ACCPTS1960,"Diadema POLY Voyager Modelo 4310 (76U48AA), USB-A, monoaural,  Bluetooth de hasta 50 metros que brinda el adaptador USB BT700 incluido, Indicador de llamada, Conexión múltiple, Cancelación pasiva de ruido (PNC), Negro","Diadema POLY Voyager Modelo 4310 (76U48AA), USB-A, monoaural,  Bluetooth de hasta 50 metros que brinda el adaptador USB BT700 incluido, Indicador de llamada, Conexión múltiple, Cancelación pasiva de ruido (PNC), Negro. Clave Oficial CT: ACCPTS1960. Marca: CT.",TELEFONIA Y VIDEO VIGILANCIA,telefonia_seguridad,CT,103.98,2027.56,3244.09,3244.09,2737.2,2737.2,2534.45,2433.07,https://static.ctonline.mx/imagenes/ACCPTS1960/ACCPTS1960_400.jpg,assets/img/catalog/ACCPTS1960.jpg
ACCPTS1810,"Auricular Marca Plantronics Voyager 5200 UC (206110-102) 7K2F3AA, Auricular Inalámbrico Monoaural. Tiempo de conversación 7 horas, Compatible con Windows y Mac OS, incluye estuche de carga, adaptador USB BT600, Bluetooth v5.0, alcance hasta 30 metros, protección auditiva, cancelación de ECO, reducción del ruido.","Auricular Marca Plantronics Voyager 5200 UC (206110-102) 7K2F3AA, Auricular Inalámbrico Monoaural. Tiempo de conversación 7 horas, Compatible con Windows y Mac OS, incluye estuche de carga, adaptador USB BT600, Bluetooth v5.0, alcance hasta 30 metros, protección auditiva, cancelación de ECO, reducción del ruido.. Clave Oficial CT: ACCPTS1810. Marca: CT.",TELEFONIA Y VIDEO VIGILANCIA,telefonia_seguridad,CT,102.27,1994.32,3190.91,3190.91,2692.33,2692.33,2492.9,2393.18,https://static.ctonline.mx/imagenes/ACCPTS1810/ACCPTS1810_400.jpg,assets/img/catalog/ACCPTS1810.jpg
ACCPTS1860,"Audifono Plantronics Voyager Focus 2 Uc 213726-01, Vfocus2 C (Computer & Mobile) Usb-A, Premium Stereo Bluetooth Headset, Without Charge Stand, Worldwide,Bluetooth 5.1, USB-A, binaural, incluye BT700, conexión hasta 2 dispositivos, Dynamic EQ, ANC hibrido, acoustic fence, control (llamada, multimedia), alertas de voz, sensores inteligentes, SoundGuard DIGITAL, hasta 90 mts distancia, hasta 16 hrs en llamada, comp PLT Hub y Poly Lens, Cert. Microsoft Teams.","Audifono Plantronics Voyager Focus 2 Uc 213726-01, Vfocus2 C (Computer & Mobile) Usb-A, Premium Stereo Bluetooth Headset, Without Charge Stand, Worldwide,Bluetooth 5.1, USB-A, binaural, incluye BT700, conexión hasta 2 dispositivos, Dynamic EQ, ANC hibrido, acoustic fence, control (llamada, multimedia), alertas de voz, sensores inteligentes, SoundGuard DIGITAL, hasta 90 mts distancia, hasta 16 hrs en llamada, comp PLT Hub y Poly Lens, Cert. Microsoft Teams.. Clave Oficial CT: ACCPTS1860. Marca: CT.",TELEFONIA Y VIDEO VIGILANCIA,telefonia_seguridad,CT,198.86,3877.84,6204.55,6204.55,5235.09,5235.09,4847.3,4653.41,https://static.ctonline.mx/imagenes/ACCPTS1860/ACCPTS1860_400.jpg,assets/img/catalog/ACCPTS1860.jpg
ACCPTS2350,"Diadema POLY Voyager Modelo 4310 (77Y92AA) PESOS , USB-A con base de carga, monoaural, Bluetooth de hasta 50 metros que brinda el adaptador USB BT700 incluido, Indicador de llamada, Conexión múltiple, Cancelación pasiva de ruido (PNC), Negro","Diadema POLY Voyager Modelo 4310 (77Y92AA) PESOS , USB-A con base de carga, monoaural, Bluetooth de hasta 50 metros que brinda el adaptador USB BT700 incluido, Indicador de llamada, Conexión múltiple, Cancelación pasiva de ruido (PNC), Negro. Clave Oficial CT: ACCPTS2350. Marca: CT.",TELEFONIA Y VIDEO VIGILANCIA,telefonia_seguridad,CT,2968.78,57891.29,92626.06,92626.06,78153.24,78153.24,72364.11,69469.55,https://static.ctonline.mx/imagenes/ACCPTS2350/ACCPTS2350_400.jpg,assets/img/catalog/ACCPTS2350.jpg
ACCPTS2360,"Diadema POLY Voyager Modelo 4320 (77Y98AA) PESOS, USB-A, binaural, Bluetooth de hasta 50 metros que brinda el adaptador USB BT700 incluido, Indicador de llamada, Conexión múltiple, Cancelación pasiva de ruido (PNC), certificacion Microsoft Teams, Negro","Diadema POLY Voyager Modelo 4320 (77Y98AA) PESOS, USB-A, binaural, Bluetooth de hasta 50 metros que brinda el adaptador USB BT700 incluido, Indicador de llamada, Conexión múltiple, Cancelación pasiva de ruido (PNC), certificacion Microsoft Teams, Negro. Clave Oficial CT: ACCPTS2360. Marca: CT.",TELEFONIA Y VIDEO VIGILANCIA,telefonia_seguridad,CT,3095.45,60361.36,96578.18,96578.18,81487.84,81487.84,75451.7,72433.64,https://static.ctonline.mx/imagenes/ACCPTS2360/ACCPTS2360_400.jpg,assets/img/catalog/ACCPTS2360.jpg
ACCPTS930,"Diadema POLY Modelo HW510 (783Q1AA#ABA) Conector QD, monoaural, alambrica, No incluye adaptador","Diadema POLY Modelo HW510 (783Q1AA#ABA) Conector QD, monoaural, alambrica, No incluye adaptador. Clave Oficial CT: ACCPTS930. Marca: CT.",TELEFONIA Y VIDEO VIGILANCIA,telefonia_seguridad,CT,69.41,1353.48,2165.56,2165.56,1827.19,1827.19,1691.85,1624.17,https://static.ctonline.mx/imagenes/ACCPTS930/ACCPTS930_400.jpg,assets/img/catalog/ACCPTS930.jpg
ACCPTS2460,"Cable Plantronics Poly U10P 784Q5AA Short End Cable, Pesos","Cable Plantronics Poly U10P 784Q5AA Short End Cable, Pesos. Clave Oficial CT: ACCPTS2460. Marca: CT.",TELEFONIA Y VIDEO VIGILANCIA,telefonia_seguridad,CT,729.23,14219.93,22751.89,22751.89,19196.91,19196.91,17774.91,17063.92,https://static.ctonline.mx/imagenes/ACCPTS2460/ACCPTS2460_400.jpg,assets/img/catalog/ACCPTS2460.jpg
ACCPTS2510,"Adaptador Poly USB-A a USB-C 85Q48AA, funciona con una amplia variedad de productos de audio de Poly, incluyendo headsets de las líneas Blackwire, Savi, Calisto, Voyager UC.","Adaptador Poly USB-A a USB-C 85Q48AA, funciona con una amplia variedad de productos de audio de Poly, incluyendo headsets de las líneas Blackwire, Savi, Calisto, Voyager UC.. Clave Oficial CT: ACCPTS2510. Marca: CT.",TELEFONIA Y VIDEO VIGILANCIA,telefonia_seguridad,CT,85.42,1665.7,2665.12,2665.12,2248.69,2248.69,2082.12,1998.84,https://static.ctonline.mx/imagenes/ACCPTS2510/ACCPTS2510_400.jpg,assets/img/catalog/ACCPTS2510.jpg
ACCPOL460,"Video conferencia POLY Modelo Poly Studio  (7200-85830-034), (842D4AA#ABM) USB-A, Campo de visión 4K de 120 grados con tecnologia inteligente, ideal para salas de juntas 4 x 6 metros, 6 Micrófonos y altavoces estéreo integrados, Tecnologías Poly Acoustic Fence y NoiseBlockAI (eliminar el ruido), Multiples modos de encuadre y rastrea la conversacion en automatico, certificado para Microsoft Teams, Zoom y Google Meet","Video conferencia POLY Modelo Poly Studio  (7200-85830-034), (842D4AA#ABM) USB-A, Campo de visión 4K de 120 grados con tecnologia inteligente, ideal para salas de juntas 4 x 6 metros, 6 Micrófonos y altavoces estéreo integrados, Tecnologías Poly Acoustic Fence y NoiseBlockAI (eliminar el ruido), Multiples modos de encuadre y rastrea la conversacion en automatico, certificado para Microsoft Teams, Zoom y Google Meet. Clave Oficial CT: ACCPOL460. Marca: CT.",TELEFONIA Y VIDEO VIGILANCIA,telefonia_seguridad,CT,497.73,9705.68,15529.09,15529.09,13102.67,13102.67,12132.1,11646.82,https://static.ctonline.mx/imagenes/ACCPOL460/ACCPOL460_400.jpg,assets/img/catalog/ACCPOL460.jpg
ACCPOL1480,"Video conferencia POLY Modelo Poly Studio  (7200-85830-034), (842D4AA#ABM) USB-A, Campo de visión 4K de 120 grados con tecnología inteligente, ideal para salas de juntas 4 x 6 metros, 6 Micrófonos y altavoces estéreo integrados, Tecnologías Poly Acoustic Fence y NoiseBlockAI (eliminar el ruido), Múltiples modos de encuadre y rastrea la conversación en automático, certificado para Microsoft Teams, Zoom y Google Meet, PESOS.","Video conferencia POLY Modelo Poly Studio  (7200-85830-034), (842D4AA#ABM) USB-A, Campo de visión 4K de 120 grados con tecnología inteligente, ideal para salas de juntas 4 x 6 metros, 6 Micrófonos y altavoces estéreo integrados, Tecnologías Poly Acoustic Fence y NoiseBlockAI (eliminar el ruido), Múltiples modos de encuadre y rastrea la conversación en automático, certificado para Microsoft Teams, Zoom y Google Meet, PESOS.. Clave Oficial CT: ACCPOL1480. Marca: CT.",TELEFONIA Y VIDEO VIGILANCIA,telefonia_seguridad,CT,7713.16,150406.6,240650.56,240650.56,203048.91,203048.91,188008.25,180487.92,https://static.ctonline.mx/imagenes/ACCPOL1480/ACCPOL1480_400.jpg,assets/img/catalog/ACCPOL1480.jpg
ACCPOL1390,"Video Conferencia V52 USB Marca POLY (A09D4AA), USB-C, Resolución UHD 4K de 95 grados , ideal para salas de juntas medianas, 2 micrófonos MEMS y2 micrófonos de segundo orden, altavoces estéreo integrados , Tecnologías Poly Acoustic Fence y NoiseBlockAI (eliminar el ruido), Múltiples modos de encuadre y rastrea la conversación en automático.","Video Conferencia V52 USB Marca POLY (A09D4AA), USB-C, Resolución UHD 4K de 95 grados , ideal para salas de juntas medianas, 2 micrófonos MEMS y2 micrófonos de segundo orden, altavoces estéreo integrados , Tecnologías Poly Acoustic Fence y NoiseBlockAI (eliminar el ruido), Múltiples modos de encuadre y rastrea la conversación en automático.. Clave Oficial CT: ACCPOL1390. Marca: CT.",TELEFONIA Y VIDEO VIGILANCIA,telefonia_seguridad,CT,60465.91,1179085.23,1886536.36,1886536.36,1591765.06,1591765.06,1473856.53,1414902.27,https://static.ctonline.mx/imagenes/ACCPOL1390/ACCPOL1390_400.jpg,assets/img/catalog/ACCPOL1390.jpg
ACCPOL1400,"Video Conferencia V72 USB Marca POLY (AV1E3AA), USB-C, Resolución UHD 4K de 70 y 120 grados , ideal para salas de juntas medianas, 2 micrófonos MEMS y2 micrófonos de segundo orden, altavoces estéreo integrados , Tecnologías Poly Acoustic Fence y NoiseBlockAI (eliminar el ruido), Múltiples modos de encuadre y rastrea la conversación en automático.","Video Conferencia V72 USB Marca POLY (AV1E3AA), USB-C, Resolución UHD 4K de 70 y 120 grados , ideal para salas de juntas medianas, 2 micrófonos MEMS y2 micrófonos de segundo orden, altavoces estéreo integrados , Tecnologías Poly Acoustic Fence y NoiseBlockAI (eliminar el ruido), Múltiples modos de encuadre y rastrea la conversación en automático.. Clave Oficial CT: ACCPOL1400. Marca: CT.",TELEFONIA Y VIDEO VIGILANCIA,telefonia_seguridad,CT,100776.51,1965141.97,3144227.15,3144227.15,2652941.66,2652941.66,2456427.46,2358170.37,https://static.ctonline.mx/imagenes/ACCPOL1400/ACCPOL1400_400.jpg,assets/img/catalog/ACCPOL1400.jpg
ACCPOL1410,"Video Conferencia X72 USB Marca POLY (A4LZ8AA), USB-C, Resolución UHD 4K de 70 Y 120 grados , ideal para salas de juntas grandes, micrófonos con formación de haces , altavoces estéreo integrados , Tecnologías Poly Acoustic Fence y NoiseBlockAI (eliminar el ruido), Múltiples modos de encuadre y rastrea la conversación en automático.","Video Conferencia X72 USB Marca POLY (A4LZ8AA), USB-C, Resolución UHD 4K de 70 Y 120 grados , ideal para salas de juntas grandes, micrófonos con formación de haces , altavoces estéreo integrados , Tecnologías Poly Acoustic Fence y NoiseBlockAI (eliminar el ruido), Múltiples modos de encuadre y rastrea la conversación en automático.. Clave Oficial CT: ACCPOL1410. Marca: CT.",TELEFONIA Y VIDEO VIGILANCIA,telefonia_seguridad,CT,93048.65,1814448.63,2903117.81,2903117.81,2449505.65,2449505.65,2268060.79,2177338.36,https://static.ctonline.mx/imagenes/ACCPOL1410/ACCPOL1410_400.jpg,assets/img/catalog/ACCPOL1410.jpg
ACCPOL1340,"Micrófono de expansión Marca Poly (875M6AA), micrófono de mesa para poly Studio X50/X52/X70, ideal para ampliar la cobertura de audio en salas grandes , rango de cobertura 360°, incluye cable RJ-11, color único gris metálico. Garantía 1 Año","Micrófono de expansión Marca Poly (875M6AA), micrófono de mesa para poly Studio X50/X52/X70, ideal para ampliar la cobertura de audio en salas grandes , rango de cobertura 360°, incluye cable RJ-11, color único gris metálico. Garantía 1 Año. Clave Oficial CT: ACCPOL1340. Marca: CT.",TELEFONIA Y VIDEO VIGILANCIA,telefonia_seguridad,CT,3791.99,73943.78,118310.05,118310.05,99824.1,99824.1,92429.72,88732.53,https://static.ctonline.mx/imagenes/ACCPOL1340/ACCPOL1340_400.jpg,assets/img/catalog/ACCPOL1340.jpg
ACCPOL1420,"Cable de extensión USB 2.0 activo Marca Poly (CA-UAM/UAF-10MTS) cable USB 2.0 activo, conector USB Tipo-A macho en un extremo y USB Tipo-A hembra en el otro, Velocidades de transferencia hasta 480 MBPS.","Cable de extensión USB 2.0 activo Marca Poly (CA-UAM/UAF-10MTS) cable USB 2.0 activo, conector USB Tipo-A macho en un extremo y USB Tipo-A hembra en el otro, Velocidades de transferencia hasta 480 MBPS.. Clave Oficial CT: ACCPOL1420. Marca: CT.",TELEFONIA Y VIDEO VIGILANCIA,telefonia_seguridad,CT,1172.23,22858.43,36573.49,36573.49,30858.88,30858.88,28573.04,27430.12,https://static.ctonline.mx/imagenes/ACCPOL1420/ACCPOL1420_400.jpg,assets/img/catalog/ACCPOL1420.jpg
KITPOL110,"Kit de adaptador de corriente Marca POLY (B92SVAA#ABA) USB-C 65W y cable de alimentación, entrada AC de 100-240 V, 50/60 Hz, 1.4 A.","Kit de adaptador de corriente Marca POLY (B92SVAA#ABA) USB-C 65W y cable de alimentación, entrada AC de 100-240 V, 50/60 Hz, 1.4 A.. Clave Oficial CT: KITPOL110. Marca: CT.",TELEFONIA Y VIDEO VIGILANCIA,telefonia_seguridad,CT,729.77,14230.57,22768.91,22768.91,19211.27,19211.27,17788.21,17076.68,https://static.ctonline.mx/imagenes/KITPOL110/KITPOL110_400.jpg,assets/img/catalog/KITPOL110.jpg
ACCPOL1580,"Micrófono de mesa Marca Poly (B22X6AA), Micrófono de mesa negro HP Poly Studio A2 con placa de montaje cables de entrada/salida.","Micrófono de mesa Marca Poly (B22X6AA), Micrófono de mesa negro HP Poly Studio A2 con placa de montaje cables de entrada/salida.. Clave Oficial CT: ACCPOL1580. Marca: CT.",TELEFONIA Y VIDEO VIGILANCIA,telefonia_seguridad,CT,4549.09,88707.27,141931.64,141931.64,119754.82,119754.82,110884.09,106448.73,https://static.ctonline.mx/imagenes/ACCPOL1580/ACCPOL1580_400.jpg,assets/img/catalog/ACCPOL1580.jpg
ACCPOL1570,Puente de audio Marca Poly (B22X2AA) Puente de audio HP Poly Studio A2 con cable de extensión CAT6A y micrófono,Puente de audio Marca Poly (B22X2AA) Puente de audio HP Poly Studio A2 con cable de extensión CAT6A y micrófono. Clave Oficial CT: ACCPOL1570. Marca: CT.,TELEFONIA Y VIDEO VIGILANCIA,telefonia_seguridad,CT,9290.91,181172.73,289876.36,289876.36,244583.18,244583.18,226465.91,217407.27,https://static.ctonline.mx/imagenes/ACCPOL1570/ACCPOL1570_400.jpg,assets/img/catalog/ACCPOL1570.jpg
ACCJAB150,"Jabra Evolve 10 Stereo con Conexión USB A, Cancelación Activa/Pasiva de Ruido con Indicador de Ocupado (2699-820-109)","Jabra Evolve 10 Stereo con Conexión USB A, Cancelación Activa/Pasiva de Ruido con Indicador de Ocupado (2699-820-109). Clave Oficial CT: ACCJAB150. Marca: CT.",TELEFONIA Y VIDEO VIGILANCIA,telefonia_seguridad,CT,21.7,423.15,677.04,677.04,571.25,571.25,528.94,507.78,https://static.ctonline.mx/imagenes/ACCJAB150/ACCJAB150_400.jpg,assets/img/catalog/ACCJAB150.jpg
ACCJAB160,"Jabra Evolve 20 Duo con conexión USB, micrófono con cancelación de ruido de última generación, configuración Plug and Play, Certificación Microsoft Teams (4999-823-109)","Jabra Evolve 20 Duo con conexión USB, micrófono con cancelación de ruido de última generación, configuración Plug and Play, Certificación Microsoft Teams (4999-823-109). Clave Oficial CT: ACCJAB160. Marca: CT.",TELEFONIA Y VIDEO VIGILANCIA,telefonia_seguridad,CT,38.52,751.18,1201.89,1201.89,1014.1,1014.1,938.98,901.42,https://static.ctonline.mx/imagenes/ACCJAB160/ACCJAB160_400.jpg,assets/img/catalog/ACCJAB160.jpg
ACCJAB170,"Jabra Evolve 20 Duo con conexión USB, micrófono con cancelación de ruido de última generación, configuración Plug and Play, Certificación Microsoft Teams (4999-829-269","Jabra Evolve 20 Duo con conexión USB, micrófono con cancelación de ruido de última generación, configuración Plug and Play, Certificación Microsoft Teams (4999-829-269. Clave Oficial CT: ACCJAB170. Marca: CT.",TELEFONIA Y VIDEO VIGILANCIA,telefonia_seguridad,CT,38.56,751.83,1202.93,1202.93,1014.98,1014.98,939.79,902.2,https://static.ctonline.mx/imagenes/ACCJAB170/ACCJAB170_400.jpg,assets/img/catalog/ACCJAB170.jpg
ACCJAB180,"Jabra Headset BIZ 2300 UC Mono, Alámbrico, USB, Negro (2393-829-109)","Jabra Headset BIZ 2300 UC Mono, Alámbrico, USB, Negro (2393-829-109). Clave Oficial CT: ACCJAB180. Marca: CT.",TELEFONIA Y VIDEO VIGILANCIA,telefonia_seguridad,CT,96.69,1885.43,3016.69,3016.69,2545.34,2545.34,2356.79,2262.52,https://static.ctonline.mx/imagenes/ACCJAB180/ACCJAB180_400.jpg,assets/img/catalog/ACCJAB180.jpg
ACCJAB190,"Jabra Evolve2 30SE, Auricular stereo versión MS con aislamiento de ruido, indicador de ocupado (Busylight) (23189-999-979)","Jabra Evolve2 30SE, Auricular stereo versión MS con aislamiento de ruido, indicador de ocupado (Busylight) (23189-999-979). Clave Oficial CT: ACCJAB190. Marca: CT.",TELEFONIA Y VIDEO VIGILANCIA,telefonia_seguridad,CT,85.71,1671.37,2674.19,2674.19,2256.34,2256.34,2089.21,2005.64,https://static.ctonline.mx/imagenes/ACCJAB190/ACCJAB190_400.jpg,assets/img/catalog/ACCJAB190.jpg
ACCJAB080,"Jabra Speak 510, Altavoz portátil con micrófono integrado, de gama media ideal para conferencias de audio (7510-209)","Jabra Speak 510, Altavoz portátil con micrófono integrado, de gama media ideal para conferencias de audio (7510-209). Clave Oficial CT: ACCJAB080. Marca: CT.",TELEFONIA Y VIDEO VIGILANCIA,telefonia_seguridad,CT,140.5,2739.75,4383.6,4383.6,3698.66,3698.66,3424.69,3287.7,https://static.ctonline.mx/imagenes/ACCJAB080/ACCJAB080_400.jpg,assets/img/catalog/ACCJAB080.jpg
ACCJAB240,"Jabra Biz 1500 Duo, Auricular profesional con cancelación de ruido, ideal para contact center con conexión USB (1559-0159)","Jabra Biz 1500 Duo, Auricular profesional con cancelación de ruido, ideal para contact center con conexión USB (1559-0159). Clave Oficial CT: ACCJAB240. Marca: CT.",TELEFONIA Y VIDEO VIGILANCIA,telefonia_seguridad,CT,63.76,1243.23,1989.17,1989.17,1678.37,1678.37,1554.04,1491.88,https://static.ctonline.mx/imagenes/ACCJAB240/ACCJAB240_400.jpg,assets/img/catalog/ACCJAB240.jpg
ACCJAB200,"Jabra Evolve 2 40SE, Auricular stereo versión MS con aislamiento de ruido, conexión USB-A y indicador de ocupado (Busylight) (24189-999-799)","Jabra Evolve 2 40SE, Auricular stereo versión MS con aislamiento de ruido, conexión USB-A y indicador de ocupado (Busylight) (24189-999-799). Clave Oficial CT: ACCJAB200. Marca: CT.",TELEFONIA Y VIDEO VIGILANCIA,telefonia_seguridad,CT,120.23,2344.55,3751.28,3751.28,3165.14,3165.14,2930.69,2813.46,https://static.ctonline.mx/imagenes/ACCJAB200/ACCJAB200_400.jpg,assets/img/catalog/ACCJAB200.jpg
ACCJAB210,"Jabra Evolve2 65, Auricular stereo versión UC, dongle USB-A con cancelación de ruido (26599-999-999)","Jabra Evolve2 65, Auricular stereo versión UC, dongle USB-A con cancelación de ruido (26599-999-999). Clave Oficial CT: ACCJAB210. Marca: CT.",TELEFONIA Y VIDEO VIGILANCIA,telefonia_seguridad,CT,215.44,4201.17,6721.87,6721.87,5671.58,5671.58,5251.46,5041.4,https://static.ctonline.mx/imagenes/ACCJAB210/ACCJAB210_400.jpg,assets/img/catalog/ACCJAB210.jpg
ACCJAB220,Jabra Biz 2300 Duo con conexión USB (2399-829-109),Jabra Biz 2300 Duo con conexión USB (2399-829-109). Clave Oficial CT: ACCJAB220. Marca: CT.,TELEFONIA Y VIDEO VIGILANCIA,telefonia_seguridad,CT,110.99,2164.28,3462.85,3462.85,2921.78,2921.78,2705.35,2597.14,https://static.ctonline.mx/imagenes/ACCJAB220/ACCJAB220_400.jpg,assets/img/catalog/ACCJAB220.jpg
ACCJAB230,"Jabra Speak 510, Altavoz portátil con micrófono integrado, de gama media ideal para conferencias de audio, certificado Microsoft Skype Empresarial (7510-109)","Jabra Speak 510, Altavoz portátil con micrófono integrado, de gama media ideal para conferencias de audio, certificado Microsoft Skype Empresarial (7510-109). Clave Oficial CT: ACCJAB230. Marca: CT.",TELEFONIA Y VIDEO VIGILANCIA,telefonia_seguridad,CT,140.5,2739.75,4383.6,4383.6,3698.66,3698.66,3424.69,3287.7,https://static.ctonline.mx/imagenes/ACCJAB230/ACCJAB230_400.jpg,assets/img/catalog/ACCJAB230.jpg
ACCJAB250,"Jabra BIZ 1100 Duo Audífonos con Micrófono, Alámbrico, USB, Negro (1159-0158)","Jabra BIZ 1100 Duo Audífonos con Micrófono, Alámbrico, USB, Negro (1159-0158). Clave Oficial CT: ACCJAB250. Marca: CT.",TELEFONIA Y VIDEO VIGILANCIA,telefonia_seguridad,CT,33.67,656.5,1050.4,1050.4,886.28,886.28,820.62,787.8,https://static.ctonline.mx/imagenes/ACCJAB250/ACCJAB250_400.jpg,assets/img/catalog/ACCJAB250.jpg
ACCJAB260,"Jabra Evolve 30 II audífonos tipo diadema Duo con conexión USB, micrófono con cancelación de ruido, configuración Plug and Play y certificación para Microsoft Teams (5399-823-369)","Jabra Evolve 30 II audífonos tipo diadema Duo con conexión USB, micrófono con cancelación de ruido, configuración Plug and Play y certificación para Microsoft Teams (5399-823-369). Clave Oficial CT: ACCJAB260. Marca: CT.",TELEFONIA Y VIDEO VIGILANCIA,telefonia_seguridad,CT,57.47,1120.6,1792.96,1792.96,1512.81,1512.81,1400.75,1344.72,https://static.ctonline.mx/imagenes/ACCJAB260/ACCJAB260_400.jpg,assets/img/catalog/ACCJAB260.jpg
ACCJAB350,"Jabra Evolve2 50 USB C/A MS Stereo, certificado para Microsoft Teams. Cuenta con cancelación activa de ruido (ANC), micrófonos con tecnología de cancelación de ruido y audio de alta calidad para llamadas y música. Ideal para trabajo híbrido y oficinas. (25089-999-799)","Jabra Evolve2 50 USB C/A MS Stereo, certificado para Microsoft Teams. Cuenta con cancelación activa de ruido (ANC), micrófonos con tecnología de cancelación de ruido y audio de alta calidad para llamadas y música. Ideal para trabajo híbrido y oficinas. (25089-999-799). Clave Oficial CT: ACCJAB350. Marca: CT.",TELEFONIA Y VIDEO VIGILANCIA,telefonia_seguridad,CT,125.67,2450.5,3920.8,3920.8,3308.18,3308.18,3063.12,2940.6,https://static.ctonline.mx/imagenes/ACCJAB350/ACCJAB350_400.jpg,assets/img/catalog/ACCJAB350.jpg
ACCJAB270,"Jabra Evolve3 75 audífonos inalámbricos versión Microsoft Teams con cancelación activa de ruido (ANC), conexión Bluetooth con adaptador USB-A Link 390a y base de carga inalámbrica (WLC) (37599-999-989)","Jabra Evolve3 75 audífonos inalámbricos versión Microsoft Teams con cancelación activa de ruido (ANC), conexión Bluetooth con adaptador USB-A Link 390a y base de carga inalámbrica (WLC) (37599-999-989). Clave Oficial CT: ACCJAB270. Marca: CT.",TELEFONIA Y VIDEO VIGILANCIA,telefonia_seguridad,CT,306.27,5972.2,9555.52,9555.52,8062.47,8062.47,7465.25,7166.64,https://static.ctonline.mx/imagenes/ACCJAB270/ACCJAB270_400.jpg,assets/img/catalog/ACCJAB270.jpg
ACCJAB280,Jabra Evolve3 75 audífonos inalámbricos versión Microsoft Teams con cancelación activa de ruido (ANC) y conexión Bluetooth con adaptador USB-C Link 390c (37599-999-899),Jabra Evolve3 75 audífonos inalámbricos versión Microsoft Teams con cancelación activa de ruido (ANC) y conexión Bluetooth con adaptador USB-C Link 390c (37599-999-899). Clave Oficial CT: ACCJAB280. Marca: CT.,TELEFONIA Y VIDEO VIGILANCIA,telefonia_seguridad,CT,268.38,5233.37,8373.39,8373.39,7065.04,7065.04,6541.71,6280.04,https://static.ctonline.mx/imagenes/ACCJAB280/ACCJAB280_400.jpg,assets/img/catalog/ACCJAB280.jpg
ACCJAB290,"Jabra Evolve3 85 audífonos inalámbricos versión Microsoft Teams con cancelación activa de ruido (ANC), conexión Bluetooth con adaptador USB-A Link 390a y base de carga inalámbrica (WLC) (38599-999-989)","Jabra Evolve3 85 audífonos inalámbricos versión Microsoft Teams con cancelación activa de ruido (ANC), conexión Bluetooth con adaptador USB-A Link 390a y base de carga inalámbrica (WLC) (38599-999-989). Clave Oficial CT: ACCJAB290. Marca: CT.",TELEFONIA Y VIDEO VIGILANCIA,telefonia_seguridad,CT,400.99,7819.28,12510.85,12510.85,10556.03,10556.03,9774.1,9383.14,https://static.ctonline.mx/imagenes/ACCJAB290/ACCJAB290_400.jpg,assets/img/catalog/ACCJAB290.jpg
ACCJAB300,Jabra Evolve3 85 audífonos inalámbricos versión Microsoft Teams con cancelación activa de ruido (ANC) y conexión Bluetooth con adaptador USB-C Link 390c (38599-999-899),Jabra Evolve3 85 audífonos inalámbricos versión Microsoft Teams con cancelación activa de ruido (ANC) y conexión Bluetooth con adaptador USB-C Link 390c (38599-999-899). Clave Oficial CT: ACCJAB300. Marca: CT.,TELEFONIA Y VIDEO VIGILANCIA,telefonia_seguridad,CT,359.31,7006.57,11210.51,11210.51,9458.86,9458.86,8758.21,8407.88,https://static.ctonline.mx/imagenes/ACCJAB300/ACCJAB300_400.jpg,assets/img/catalog/ACCJAB300.jpg
ACCJAB310,"Jabra Speak2 75 speakerphone portátil versión Microsoft Teams con audio de alta calidad, micrófonos con cancelación de ruido y conexión USB/Bluetooth (2775-109)","Jabra Speak2 75 speakerphone portátil versión Microsoft Teams con audio de alta calidad, micrófonos con cancelación de ruido y conexión USB/Bluetooth (2775-109). Clave Oficial CT: ACCJAB310. Marca: CT.",TELEFONIA Y VIDEO VIGILANCIA,telefonia_seguridad,CT,233.02,4543.93,7270.29,7270.29,6134.31,6134.31,5679.92,5452.72,https://static.ctonline.mx/imagenes/ACCJAB310/ACCJAB310_400.jpg,assets/img/catalog/ACCJAB310.jpg
ACCJAB320,"Jabra Speak2 75 speakerphone portátil para Comunicaciones Unificadas (UC) con audio de alta calidad, micrófonos con cancelación de ruido, conexión USB/Bluetooth y adaptador USB-C Link 380c (2775-429)","Jabra Speak2 75 speakerphone portátil para Comunicaciones Unificadas (UC) con audio de alta calidad, micrófonos con cancelación de ruido, conexión USB/Bluetooth y adaptador USB-C Link 380c (2775-429). Clave Oficial CT: ACCJAB320. Marca: CT.",TELEFONIA Y VIDEO VIGILANCIA,telefonia_seguridad,CT,281.11,5481.67,8770.67,8770.67,7400.25,7400.25,6852.08,6578.0,https://static.ctonline.mx/imagenes/ACCJAB320/ACCJAB320_400.jpg,assets/img/catalog/ACCJAB320.jpg
ACCJAB330,Jabra Evolve3 75 Audífonos inalámbricos versión Microsoft Teams con cancelación activa de ruido (ANC) y conexión Bluetooth con adaptador USB-A Link 390a (37599-999-999),Jabra Evolve3 75 Audífonos inalámbricos versión Microsoft Teams con cancelación activa de ruido (ANC) y conexión Bluetooth con adaptador USB-A Link 390a (37599-999-999). Clave Oficial CT: ACCJAB330. Marca: CT.,TELEFONIA Y VIDEO VIGILANCIA,telefonia_seguridad,CT,268.38,5233.37,8373.39,8373.39,7065.04,7065.04,6541.71,6280.04,https://static.ctonline.mx/imagenes/ACCJAB330/ACCJAB330_400.jpg,assets/img/catalog/ACCJAB330.jpg
ACCJAB340,Jabra Evolve3 85 Audífonos inalámbricos versión Microsoft Teams con cancelación activa de ruido (ANC) y conexión Bluetooth con adaptador USB-A Link 390a (38599-999-999),Jabra Evolve3 85 Audífonos inalámbricos versión Microsoft Teams con cancelación activa de ruido (ANC) y conexión Bluetooth con adaptador USB-A Link 390a (38599-999-999). Clave Oficial CT: ACCJAB340. Marca: CT.,TELEFONIA Y VIDEO VIGILANCIA,telefonia_seguridad,CT,359.31,7006.57,11210.51,11210.51,9458.86,9458.86,8758.21,8407.88,https://static.ctonline.mx/imagenes/ACCJAB340/ACCJAB340_400.jpg,assets/img/catalog/ACCJAB340.jpg
ACCJAB360,"Jabra Speak2 75 altavoz profesional portátil certificado para Microsoft Teams, con audio de alta calidad, micrófonos con cancelación de ruido, conectividad Bluetooth y adaptador USB-C Link 390c. Ideal para reuniones híbridas y videoconferencias.(2775-329)","Jabra Speak2 75 altavoz profesional portátil certificado para Microsoft Teams, con audio de alta calidad, micrófonos con cancelación de ruido, conectividad Bluetooth y adaptador USB-C Link 390c. Ideal para reuniones híbridas y videoconferencias.(2775-329). Clave Oficial CT: ACCJAB360. Marca: CT.",TELEFONIA Y VIDEO VIGILANCIA,telefonia_seguridad,CT,245.64,4790.07,7664.11,7664.11,6466.59,6466.59,5987.58,5748.08,https://static.ctonline.mx/imagenes/ACCJAB360/ACCJAB360_400.jpg,assets/img/catalog/ACCJAB360.jpg
ACCJAB370,"Jabra Evolve2 50 Headset monoaural profesional certificado para Microsoft Teams, con conexión USB-A/USB-C y Bluetooth. Integra 4 micrófonos con cancelación de ruido, ANC para reducción del ruido ambiental (25089-899-799)","Jabra Evolve2 50 Headset monoaural profesional certificado para Microsoft Teams, con conexión USB-A/USB-C y Bluetooth. Integra 4 micrófonos con cancelación de ruido, ANC para reducción del ruido ambiental (25089-899-799). Clave Oficial CT: ACCJAB370. Marca: CT.",TELEFONIA Y VIDEO VIGILANCIA,telefonia_seguridad,CT,119.36,2327.43,3723.89,3723.89,3142.04,3142.04,2909.29,2792.92,https://static.ctonline.mx/imagenes/ACCJAB370/ACCJAB370_400.jpg,assets/img/catalog/ACCJAB370.jpg
ACCJAB380,"Jabra Evolve 20 audífonos tipo diadema Mono con conexión USB-C/A, micrófono con cancelación de ruido, configuración Plug and Play y certificación Microsoft Teams (4993-823-169)","Jabra Evolve 20 audífonos tipo diadema Mono con conexión USB-C/A, micrófono con cancelación de ruido, configuración Plug and Play y certificación Microsoft Teams (4993-823-169). Clave Oficial CT: ACCJAB380. Marca: CT.",TELEFONIA Y VIDEO VIGILANCIA,telefonia_seguridad,CT,34.66,675.78,1081.25,1081.25,912.31,912.31,844.73,810.94,https://static.ctonline.mx/imagenes/ACCJAB380/ACCJAB380_400.jpg,assets/img/catalog/ACCJAB380.jpg
ACCJAB390,"Jabra Evolve 20 audífonos tipo diadema Mono UC con conexión USB-C/A, micrófono con cancelación de ruido y configuración Plug and Play (4993-829-269)","Jabra Evolve 20 audífonos tipo diadema Mono UC con conexión USB-C/A, micrófono con cancelación de ruido y configuración Plug and Play (4993-829-269). Clave Oficial CT: ACCJAB390. Marca: CT.",TELEFONIA Y VIDEO VIGILANCIA,telefonia_seguridad,CT,34.66,675.78,1081.25,1081.25,912.31,912.31,844.73,810.94,https://static.ctonline.mx/imagenes/ACCJAB390/ACCJAB390_400.jpg,assets/img/catalog/ACCJAB390.jpg
ACCJAB400,"Jabra Evolve 30 II audífonos tipo diadema mono con conexión USB-C/USB-A, micrófono con cancelación de ruido, configuración Plug and Play y certificación MS (5393-823-369)","Jabra Evolve 30 II audífonos tipo diadema mono con conexión USB-C/USB-A, micrófono con cancelación de ruido, configuración Plug and Play y certificación MS (5393-823-369). Clave Oficial CT: ACCJAB400. Marca: CT.",TELEFONIA Y VIDEO VIGILANCIA,telefonia_seguridad,CT,52.94,1032.42,1651.87,1651.87,1393.76,1393.76,1290.52,1238.9,https://static.ctonline.mx/imagenes/ACCJAB400/ACCJAB400_400.jpg,assets/img/catalog/ACCJAB400.jpg
ACCJAB410,"Jabra Evolve 30 II audífonos tipo diadema mono con conexión USB-C/USB-A, micrófono con cancelación de ruido, configuración Plug and Play y certificación UC (5393-829-369)","Jabra Evolve 30 II audífonos tipo diadema mono con conexión USB-C/USB-A, micrófono con cancelación de ruido, configuración Plug and Play y certificación UC (5393-829-369). Clave Oficial CT: ACCJAB410. Marca: CT.",TELEFONIA Y VIDEO VIGILANCIA,telefonia_seguridad,CT,52.94,1032.42,1651.87,1651.87,1393.76,1393.76,1290.52,1238.9,https://static.ctonline.mx/imagenes/ACCJAB410/ACCJAB410_400.jpg,assets/img/catalog/ACCJAB410.jpg
ACCJAB420,"Jabra Evolve 30 II audífonos tipo diadema Duo con conexión USB-C/USB-A, micrófono con cancelación de ruido, configuración Plug and Play y certificación UC (5399-829-369)","Jabra Evolve 30 II audífonos tipo diadema Duo con conexión USB-C/USB-A, micrófono con cancelación de ruido, configuración Plug and Play y certificación UC (5399-829-369). Clave Oficial CT: ACCJAB420. Marca: CT.",TELEFONIA Y VIDEO VIGILANCIA,telefonia_seguridad,CT,57.36,1118.43,1789.49,1789.49,1509.89,1509.89,1398.04,1342.12,https://static.ctonline.mx/imagenes/ACCJAB420/ACCJAB420_400.jpg,assets/img/catalog/ACCJAB420.jpg
ACCJAB430,"Jabra Evolve 65 TE audífonos inalámbricos tipo diadema estéreo con adaptador Bluetooth Link 390 USB-A, micrófono con cancelación de ruido y certificación para Microsoft Teams (6699-833-309)","Jabra Evolve 65 TE audífonos inalámbricos tipo diadema estéreo con adaptador Bluetooth Link 390 USB-A, micrófono con cancelación de ruido y certificación para Microsoft Teams (6699-833-309). Clave Oficial CT: ACCJAB430. Marca: CT.",TELEFONIA Y VIDEO VIGILANCIA,telefonia_seguridad,CT,160.07,3121.3,4994.08,4994.08,4213.76,4213.76,3901.62,3745.56,https://static.ctonline.mx/imagenes/ACCJAB430/ACCJAB430_400.jpg,assets/img/catalog/ACCJAB430.jpg
ACCJAB440,"Jabra Evolve 65 TE audífonos inalámbricos tipo diadema estéreo con adaptador Bluetooth Link 390 USB-A, micrófono con cancelación de ruido y certificación UC (6699-839-409)","Jabra Evolve 65 TE audífonos inalámbricos tipo diadema estéreo con adaptador Bluetooth Link 390 USB-A, micrófono con cancelación de ruido y certificación UC (6699-839-409). Clave Oficial CT: ACCJAB440. Marca: CT.",TELEFONIA Y VIDEO VIGILANCIA,telefonia_seguridad,CT,160.07,3121.3,4994.08,4994.08,4213.76,4213.76,3901.62,3745.56,https://static.ctonline.mx/imagenes/ACCJAB440/ACCJAB440_400.jpg,assets/img/catalog/ACCJAB440.jpg
ACCJAB450,"Jabra Evolve2 30 SE audífonos tipo diadema mono con conexión USB C/A, micrófono con cancelación de ruido, busylight y certificación para Microsoft Teams (23189-899-779)","Jabra Evolve2 30 SE audífonos tipo diadema mono con conexión USB C/A, micrófono con cancelación de ruido, busylight y certificación para Microsoft Teams (23189-899-779). Clave Oficial CT: ACCJAB450. Marca: CT.",TELEFONIA Y VIDEO VIGILANCIA,telefonia_seguridad,CT,68.06,1327.08,2123.33,2123.33,1791.56,1791.56,1658.85,1592.5,https://static.ctonline.mx/imagenes/ACCJAB450/ACCJAB450_400.jpg,assets/img/catalog/ACCJAB450.jpg
ACCJAB460,"Jabra Evolve2 30 SE audífonos tipo diadema mono con conexión USB C/A, micrófono con cancelación de ruido, busylight y certificación UC (23189-889-779)","Jabra Evolve2 30 SE audífonos tipo diadema mono con conexión USB C/A, micrófono con cancelación de ruido, busylight y certificación UC (23189-889-779). Clave Oficial CT: ACCJAB460. Marca: CT.",TELEFONIA Y VIDEO VIGILANCIA,telefonia_seguridad,CT,68.06,1327.08,2123.33,2123.33,1791.56,1791.56,1658.85,1592.5,https://static.ctonline.mx/imagenes/ACCJAB460/ACCJAB460_400.jpg,assets/img/catalog/ACCJAB460.jpg
ACCJAB470,"Jabra Evolve2 30 SE audífonos tipo diadema Duo con conexión USB C/A, micrófono con cancelación de ruido, busylight y certificación UC (23189-989-779)","Jabra Evolve2 30 SE audífonos tipo diadema Duo con conexión USB C/A, micrófono con cancelación de ruido, busylight y certificación UC (23189-989-779). Clave Oficial CT: ACCJAB470. Marca: CT.",TELEFONIA Y VIDEO VIGILANCIA,telefonia_seguridad,CT,75.62,1474.63,2359.41,2359.41,1990.75,1990.75,1843.29,1769.56,https://static.ctonline.mx/imagenes/ACCJAB470/ACCJAB470_400.jpg,assets/img/catalog/ACCJAB470.jpg
ACCJAB480,"Jabra Evolve2 40 SE audífonos tipo diadema Duo con conexión USB C/A, micrófono con cancelación de ruido, busylight y certificación UC (24189-989-799)","Jabra Evolve2 40 SE audífonos tipo diadema Duo con conexión USB C/A, micrófono con cancelación de ruido, busylight y certificación UC (24189-989-799). Clave Oficial CT: ACCJAB480. Marca: CT.",TELEFONIA Y VIDEO VIGILANCIA,telefonia_seguridad,CT,105.88,2064.62,3303.39,3303.39,2787.23,2787.23,2580.77,2477.54,https://static.ctonline.mx/imagenes/ACCJAB480/ACCJAB480_400.jpg,assets/img/catalog/ACCJAB480.jpg
ACCJAB490,"Jabra Evolve2 55 audífonos inalámbricos tipo diadema estéreo con adaptador Bluetooth Link 390a, cancelación activa de ruido y certificación para Microsoft Teams (25599-999-999)","Jabra Evolve2 55 audífonos inalámbricos tipo diadema estéreo con adaptador Bluetooth Link 390a, cancelación activa de ruido y certificación para Microsoft Teams (25599-999-999). Clave Oficial CT: ACCJAB490. Marca: CT.",TELEFONIA Y VIDEO VIGILANCIA,telefonia_seguridad,CT,169.52,3305.68,5289.09,5289.09,4462.67,4462.67,4132.1,3966.82,https://static.ctonline.mx/imagenes/ACCJAB490/ACCJAB490_400.jpg,assets/img/catalog/ACCJAB490.jpg
ACCJAB500,"Jabra Evolve2 55 audífonos inalámbricos tipo diadema estéreo con adaptador Bluetooth Link 390a, cancelación activa de ruido y certificación UC (25599-989-999)","Jabra Evolve2 55 audífonos inalámbricos tipo diadema estéreo con adaptador Bluetooth Link 390a, cancelación activa de ruido y certificación UC (25599-989-999). Clave Oficial CT: ACCJAB500. Marca: CT.",TELEFONIA Y VIDEO VIGILANCIA,telefonia_seguridad,CT,169.52,3305.68,5289.09,5289.09,4462.67,4462.67,4132.1,3966.82,https://static.ctonline.mx/imagenes/ACCJAB500/ACCJAB500_400.jpg,assets/img/catalog/ACCJAB500.jpg
ACCJAB510,"Jabra Evolve2 55 audífonos inalámbricos tipo diadema estéreo con adaptador Bluetooth Link 390c, cancelación activa de ruido y certificación para Microsoft Teams (25599-999-899)","Jabra Evolve2 55 audífonos inalámbricos tipo diadema estéreo con adaptador Bluetooth Link 390c, cancelación activa de ruido y certificación para Microsoft Teams (25599-999-899). Clave Oficial CT: ACCJAB510. Marca: CT.",TELEFONIA Y VIDEO VIGILANCIA,telefonia_seguridad,CT,169.52,3305.68,5289.09,5289.09,4462.67,4462.67,4132.1,3966.82,https://static.ctonline.mx/imagenes/ACCJAB510/ACCJAB510_400.jpg,assets/img/catalog/ACCJAB510.jpg
ACCJAB520,"Jabra Evolve2 55 audífonos inalámbricos tipo diadema estéreo con adaptador Bluetooth Link 390c, cancelación activa de ruido y certificación UC (25599-989-899)","Jabra Evolve2 55 audífonos inalámbricos tipo diadema estéreo con adaptador Bluetooth Link 390c, cancelación activa de ruido y certificación UC (25599-989-899). Clave Oficial CT: ACCJAB520. Marca: CT.",TELEFONIA Y VIDEO VIGILANCIA,telefonia_seguridad,CT,169.52,3305.68,5289.09,5289.09,4462.67,4462.67,4132.1,3966.82,https://static.ctonline.mx/imagenes/ACCJAB520/ACCJAB520_400.jpg,assets/img/catalog/ACCJAB520.jpg
ACCJAB530,"Jabra Evolve3 65 Flex audífonos inalámbricos plegables con dongle USB-A Link 390, ANC adaptativa de 4 micrófonos, busylight 360° y certificación UC, color negro (36699-989-999)","Jabra Evolve3 65 Flex audífonos inalámbricos plegables con dongle USB-A Link 390, ANC adaptativa de 4 micrófonos, busylight 360° y certificación UC, color negro (36699-989-999). Clave Oficial CT: ACCJAB530. Marca: CT.",TELEFONIA Y VIDEO VIGILANCIA,telefonia_seguridad,CT,226.7,4420.65,7073.04,7073.04,5967.88,5967.88,5525.81,5304.78,https://static.ctonline.mx/imagenes/ACCJAB530/ACCJAB530_400.jpg,assets/img/catalog/ACCJAB530.jpg
ACCJAB540,"Jabra Evolve3 65 Flex audífonos inalámbricos plegables con dongle USB-A Link 390, ANC adaptativa de 4 micrófonos, busylight 360° y certificación Microsoft Teams, color negro (36699-999-999)","Jabra Evolve3 65 Flex audífonos inalámbricos plegables con dongle USB-A Link 390, ANC adaptativa de 4 micrófonos, busylight 360° y certificación Microsoft Teams, color negro (36699-999-999). Clave Oficial CT: ACCJAB540. Marca: CT.",TELEFONIA Y VIDEO VIGILANCIA,telefonia_seguridad,CT,226.7,4420.65,7073.04,7073.04,5967.88,5967.88,5525.81,5304.78,https://static.ctonline.mx/imagenes/ACCJAB540/ACCJAB540_400.jpg,assets/img/catalog/ACCJAB540.jpg
ACCJAB550,"Jabra Evolve3 65 Flex audífonos inalámbricos plegables con dongle USB-C Link 390, ANC adaptativa de 4 micrófonos, busylight 360° y certificación Microsoft Teams, color negro (36699-999-899)","Jabra Evolve3 65 Flex audífonos inalámbricos plegables con dongle USB-C Link 390, ANC adaptativa de 4 micrófonos, busylight 360° y certificación Microsoft Teams, color negro (36699-999-899). Clave Oficial CT: ACCJAB550. Marca: CT.",TELEFONIA Y VIDEO VIGILANCIA,telefonia_seguridad,CT,226.7,4420.65,7073.04,7073.04,5967.88,5967.88,5525.81,5304.78,https://static.ctonline.mx/imagenes/ACCJAB550/ACCJAB550_400.jpg,assets/img/catalog/ACCJAB550.jpg
ACCJAB560,"Jabra Evolve3 65 Flex audífonos inalámbricos plegables con dongle USB-C Link 390, ANC adaptativa de 4 micrófonos, busylight 360° y certificación UC, color negro (36699-989-899)","Jabra Evolve3 65 Flex audífonos inalámbricos plegables con dongle USB-C Link 390, ANC adaptativa de 4 micrófonos, busylight 360° y certificación UC, color negro (36699-989-899). Clave Oficial CT: ACCJAB560. Marca: CT.",TELEFONIA Y VIDEO VIGILANCIA,telefonia_seguridad,CT,226.7,4420.65,7073.04,7073.04,5967.88,5967.88,5525.81,5304.78,https://static.ctonline.mx/imagenes/ACCJAB560/ACCJAB560_400.jpg,assets/img/catalog/ACCJAB560.jpg
ACCJAB570,"Jabra Evolve3 75 audífonos inalámbricos con dongle USB-C Link 390, ANC avanzada adaptativa, carga inalámbrica, busylight 180° y certificación Microsoft Teams, color negro (37599-999-889)","Jabra Evolve3 75 audífonos inalámbricos con dongle USB-C Link 390, ANC avanzada adaptativa, carga inalámbrica, busylight 180° y certificación Microsoft Teams, color negro (37599-999-889). Clave Oficial CT: ACCJAB570. Marca: CT.",TELEFONIA Y VIDEO VIGILANCIA,telefonia_seguridad,CT,306.27,5972.2,9555.52,9555.52,8062.47,8062.47,7465.25,7166.64,https://static.ctonline.mx/imagenes/ACCJAB570/ACCJAB570_400.jpg,assets/img/catalog/ACCJAB570.jpg
ACCJAB580,"Jabra Evolve3 75 audífonos inalámbricos con dongle USB-C Link 390, ANC avanzada adaptativa, busylight 180° y certificación UC, color negro (37599-989-899)","Jabra Evolve3 75 audífonos inalámbricos con dongle USB-C Link 390, ANC avanzada adaptativa, busylight 180° y certificación UC, color negro (37599-989-899). Clave Oficial CT: ACCJAB580. Marca: CT.",TELEFONIA Y VIDEO VIGILANCIA,telefonia_seguridad,CT,268.38,5233.37,8373.39,8373.39,7065.04,7065.04,6541.71,6280.04,https://static.ctonline.mx/imagenes/ACCJAB580/ACCJAB580_400.jpg,assets/img/catalog/ACCJAB580.jpg
ACCJAB590,"Jabra Evolve3 75 audífonos inalámbricos con dongle USB-C Link 390, ANC avanzada adaptativa, carga inalámbrica, busylight 180° y certificación UC, color negro (37599-989-889)","Jabra Evolve3 75 audífonos inalámbricos con dongle USB-C Link 390, ANC avanzada adaptativa, carga inalámbrica, busylight 180° y certificación UC, color negro (37599-989-889). Clave Oficial CT: ACCJAB590. Marca: CT.",TELEFONIA Y VIDEO VIGILANCIA,telefonia_seguridad,CT,306.27,5972.2,9555.52,9555.52,8062.47,8062.47,7465.25,7166.64,https://static.ctonline.mx/imagenes/ACCJAB590/ACCJAB590_400.jpg,assets/img/catalog/ACCJAB590.jpg
ACCJAB600,"Jabra Evolve3 85 audífonos inalámbricos con dongle USB-C Link 390, ANC avanzada adaptativa, carga inalámbrica, busylight 180° y certificación UC, color negro (38599-989-889)","Jabra Evolve3 85 audífonos inalámbricos con dongle USB-C Link 390, ANC avanzada adaptativa, carga inalámbrica, busylight 180° y certificación UC, color negro (38599-989-889). Clave Oficial CT: ACCJAB600. Marca: CT.",TELEFONIA Y VIDEO VIGILANCIA,telefonia_seguridad,CT,400.99,7819.28,12510.85,12510.85,10556.03,10556.03,9774.1,9383.14,https://static.ctonline.mx/imagenes/ACCJAB600/ACCJAB600_400.jpg,assets/img/catalog/ACCJAB600.jpg
ACCJAB610,"Jabra Evolve3 85 audífonos inalámbricos con dongle USB-C Link 390, ANC avanzada adaptativa, busylight 180° y certificación UC, color negro (38599-989-899)","Jabra Evolve3 85 audífonos inalámbricos con dongle USB-C Link 390, ANC avanzada adaptativa, busylight 180° y certificación UC, color negro (38599-989-899). Clave Oficial CT: ACCJAB610. Marca: CT.",TELEFONIA Y VIDEO VIGILANCIA,telefonia_seguridad,CT,359.31,7006.57,11210.51,11210.51,9458.86,9458.86,8758.21,8407.88,https://static.ctonline.mx/imagenes/ACCJAB610/ACCJAB610_400.jpg,assets/img/catalog/ACCJAB610.jpg
ACCJAB620,"Jabra Evolve3 85 audífonos inalámbricos con dongle USB-C Link 390, ANC avanzada adaptativa, carga inalámbrica, busylight 180° y certificación Microsoft Teams, color negro (38599-999-889)","Jabra Evolve3 85 audífonos inalámbricos con dongle USB-C Link 390, ANC avanzada adaptativa, carga inalámbrica, busylight 180° y certificación Microsoft Teams, color negro (38599-999-889). Clave Oficial CT: ACCJAB620. Marca: CT.",TELEFONIA Y VIDEO VIGILANCIA,telefonia_seguridad,CT,400.18,7803.47,12485.55,12485.55,10534.68,10534.68,9754.33,9364.16,https://static.ctonline.mx/imagenes/ACCJAB620/ACCJAB620_400.jpg,assets/img/catalog/ACCJAB620.jpg
ACCJAB630,"Jabra Speak2 55 altavoz manos libres con 4 micrófonos de beamforming, cancelación de ruido, protección IP64 y certificación para Microsoft Teams, color gris oscuro (2755-109)","Jabra Speak2 55 altavoz manos libres con 4 micrófonos de beamforming, cancelación de ruido, protección IP64 y certificación para Microsoft Teams, color gris oscuro (2755-109). Clave Oficial CT: ACCJAB630. Marca: CT.",TELEFONIA Y VIDEO VIGILANCIA,telefonia_seguridad,CT,119.1,2322.45,3715.92,3715.92,3135.31,3135.31,2903.06,2786.94,https://static.ctonline.mx/imagenes/ACCJAB630/ACCJAB630_400.jpg,assets/img/catalog/ACCJAB630.jpg
ACCJAB640,"Jabra Speak2 40 altavoz manos libres con 4 micrófonos de beamforming, cancelación de ruido, protección IP64 y certificación para Microsoft Teams, color gris oscuro (2740-109)","Jabra Speak2 40 altavoz manos libres con 4 micrófonos de beamforming, cancelación de ruido, protección IP64 y certificación para Microsoft Teams, color gris oscuro (2740-109). Clave Oficial CT: ACCJAB640. Marca: CT.",TELEFONIA Y VIDEO VIGILANCIA,telefonia_seguridad,CT,106.5,2076.75,3322.8,3322.8,2803.61,2803.61,2595.94,2492.1,https://static.ctonline.mx/imagenes/ACCJAB640/ACCJAB640_400.jpg,assets/img/catalog/ACCJAB640.jpg
ACCJAB650,"Jabra PanaCast 20 cámara web personal 4K Ultra-HD con zoom inteligente impulsado por IA, optimización de luz, cubierta de privacidad integrada y compatibilidad con Microsoft Teams y Zoom (8300-119)","Jabra PanaCast 20 cámara web personal 4K Ultra-HD con zoom inteligente impulsado por IA, optimización de luz, cubierta de privacidad integrada y compatibilidad con Microsoft Teams y Zoom (8300-119). Clave Oficial CT: ACCJAB650. Marca: CT.",TELEFONIA Y VIDEO VIGILANCIA,telefonia_seguridad,CT,159.61,3112.42,4979.87,4979.87,4201.76,4201.76,3890.52,3734.9,https://static.ctonline.mx/imagenes/ACCJAB650/ACCJAB650_400.jpg,assets/img/catalog/ACCJAB650.jpg
CAMTND170,"Camara Tenda modelo CP7, Cámara de Seguridad IP Smart WiFi Domo IR para Interiores CP7, Alámbrico/Inalámbrico, 2560 x 1440 Pixeles, Día/Noche","Camara Tenda modelo CP7, Cámara de Seguridad IP Smart WiFi Domo IR para Interiores CP7, Alámbrico/Inalámbrico, 2560 x 1440 Pixeles, Día/Noche. Clave Oficial CT: CAMTND170. Marca: CT.",TELEFONIA Y VIDEO VIGILANCIA,telefonia_seguridad,CT,20.56,400.83,641.33,641.33,541.12,541.12,501.04,481.0,https://static.ctonline.mx/imagenes/CAMTND170/CAMTND170_400.jpg,assets/img/catalog/CAMTND170.jpg
CAMTND030,"Cámara CP3 Interiores, 2 MPX, Video HD 1080P, Bocina y Micrófono, Ranura SD para almacenamiento, Software administrativo remoto y control desde la nube, giro sobre su eje 360° horizontal.","Cámara CP3 Interiores, 2 MPX, Video HD 1080P, Bocina y Micrófono, Ranura SD para almacenamiento, Software administrativo remoto y control desde la nube, giro sobre su eje 360° horizontal.. Clave Oficial CT: CAMTND030. Marca: CT.",TELEFONIA Y VIDEO VIGILANCIA,telefonia_seguridad,CT,21.67,422.5,676.0,676.0,570.38,570.38,528.12,507.0,https://static.ctonline.mx/imagenes/CAMTND030/CAMTND030_400.jpg,assets/img/catalog/CAMTND030.jpg
CAMTND060,"Camara Wifi TENDA CH3 Es Una Camara Para Exteriores De 2Mp Resolucion 1080P. Es Una Camara De Vigilancia Para Exteriores De Alto Rendimiento Con Movimiento 355° Horizontal 90° Vertical, Audio Bidireccional Full Dúplex, Detección Inteligente De Movimiento Y Funciones De Alarma Sonora Y Luminosa. Vision Nocturna A Color.","Camara Wifi TENDA CH3 Es Una Camara Para Exteriores De 2Mp Resolucion 1080P. Es Una Camara De Vigilancia Para Exteriores De Alto Rendimiento Con Movimiento 355° Horizontal 90° Vertical, Audio Bidireccional Full Dúplex, Detección Inteligente De Movimiento Y Funciones De Alarma Sonora Y Luminosa. Vision Nocturna A Color.. Clave Oficial CT: CAMTND060. Marca: CT.",TELEFONIA Y VIDEO VIGILANCIA,telefonia_seguridad,CT,31.11,606.67,970.67,970.67,819.0,819.0,758.33,728.0,https://static.ctonline.mx/imagenes/CAMTND060/CAMTND060_400.jpg,assets/img/catalog/CAMTND060.jpg
CAMTND090,"Cámara domo/concha TENDA IC7-LRS-2.8 4 MEGAPIXELES, (2560*1440), Visión nocturna por  INFRAROJOS, Detección de movimiento y captación remota de audio, varios escenarios de audio 2.4 MM de amplitud de lente, carcaza plástica color BLANCO.","Cámara domo/concha TENDA IC7-LRS-2.8 4 MEGAPIXELES, (2560*1440), Visión nocturna por  INFRAROJOS, Detección de movimiento y captación remota de audio, varios escenarios de audio 2.4 MM de amplitud de lente, carcaza plástica color BLANCO.. Clave Oficial CT: CAMTND090. Marca: CT.",TELEFONIA Y VIDEO VIGILANCIA,telefonia_seguridad,CT,23.33,455.0,728.0,728.0,614.25,614.25,568.75,546.0,https://static.ctonline.mx/imagenes/CAMTND090/CAMTND090_400.jpg,assets/img/catalog/CAMTND090.jpg
CAMTND100,"Cámara domo/concha TENDA IC7-LRS-4.0 4 MEGAPIXELES, (2560*1440), Visión nocturna por  INFRAROJOS, Detección de movimiento y captación remota de audio, varios escenarios de audio 2.4 MM de amplitud de lente, carcaza plástica color BLANCO.","Cámara domo/concha TENDA IC7-LRS-4.0 4 MEGAPIXELES, (2560*1440), Visión nocturna por  INFRAROJOS, Detección de movimiento y captación remota de audio, varios escenarios de audio 2.4 MM de amplitud de lente, carcaza plástica color BLANCO.. Clave Oficial CT: CAMTND100. Marca: CT.",TELEFONIA Y VIDEO VIGILANCIA,telefonia_seguridad,CT,21.11,411.67,658.67,658.67,555.75,555.75,514.58,494.0,https://static.ctonline.mx/imagenes/CAMTND100/CAMTND100_400.jpg,assets/img/catalog/CAMTND100.jpg
CAMTND110,"Cámara domo/concha TENDA IC7-PRS-2.8 4 MEGAPIXELES, (2560*1440), Visión nocturns por  INFRAROJOS, Detección de movimiento y comparación remota de audio, varios escenarios de uso con sus 2.4 MM de amplitud de lente, PoE  CARCAZA PLASTICA COLOR BLANCO.","Cámara domo/concha TENDA IC7-PRS-2.8 4 MEGAPIXELES, (2560*1440), Visión nocturns por  INFRAROJOS, Detección de movimiento y comparación remota de audio, varios escenarios de uso con sus 2.4 MM de amplitud de lente, PoE  CARCAZA PLASTICA COLOR BLANCO.. Clave Oficial CT: CAMTND110. Marca: CT.",TELEFONIA Y VIDEO VIGILANCIA,telefonia_seguridad,CT,26.67,520.0,832.0,832.0,702.0,702.0,650.0,624.0,https://static.ctonline.mx/imagenes/CAMTND110/CAMTND110_400.jpg,assets/img/catalog/CAMTND110.jpg
CAMTND120,"Cámara domo/concha TENDA IC7-PRS-4.0 4 MEGAPIXELES, (2560*1440), Visión nocturns por  INFRAROJOS, Detección de movimiento y comparación remota de audio, varios escenarios de uso con sus 2.4 MM de amplitud de lente, PoE  CARCAZA PLASTICA COLOR BLANCO.","Cámara domo/concha TENDA IC7-PRS-4.0 4 MEGAPIXELES, (2560*1440), Visión nocturns por  INFRAROJOS, Detección de movimiento y comparación remota de audio, varios escenarios de uso con sus 2.4 MM de amplitud de lente, PoE  CARCAZA PLASTICA COLOR BLANCO.. Clave Oficial CT: CAMTND120. Marca: CT.",TELEFONIA Y VIDEO VIGILANCIA,telefonia_seguridad,CT,26.67,520.0,832.0,832.0,702.0,702.0,650.0,624.0,https://static.ctonline.mx/imagenes/CAMTND120/CAMTND120_400.jpg,assets/img/catalog/CAMTND120.jpg
CAMTND130,"Cámara BALA IT7-LCS-4 4MP Full-Color Bullet Security Camera. La cámara de seguridad tipo bala a todo color de 4 MP IT7-PCS es una cámara de ingeniería de alto rendimiento de 4 MP (2560*1440) que integra funciones como visión nocturna a todo color, detección de personas, alarma por detección de movimiento y captación remota de audio. Se utiliza habitualmente en escenarios de vigilancia de interiores y exteriores como aparcamientos, tiendas, supermercados y joyerías con su apertura de lente de 4 mm. La cámara puede utilizarse con NVR y también admite el control remoto mediante una aplicación para smartphone Carcaza pastica/metálica blanca/negra.","Cámara BALA IT7-LCS-4 4MP Full-Color Bullet Security Camera. La cámara de seguridad tipo bala a todo color de 4 MP IT7-PCS es una cámara de ingeniería de alto rendimiento de 4 MP (2560*1440) que integra funciones como visión nocturna a todo color, detección de personas, alarma por detección de movimiento y captación remota de audio. Se utiliza habitualmente en escenarios de vigilancia de interiores y exteriores como aparcamientos, tiendas, supermercados y joyerías con su apertura de lente de 4 mm. La cámara puede utilizarse con NVR y también admite el control remoto mediante una aplicación para smartphone Carcaza pastica/metálica blanca/negra.. Clave Oficial CT: CAMTND130. Marca: CT.",TELEFONIA Y VIDEO VIGILANCIA,telefonia_seguridad,CT,31.11,606.67,970.67,970.67,819.0,819.0,758.33,728.0,https://static.ctonline.mx/imagenes/CAMTND130/CAMTND130_400.jpg,assets/img/catalog/CAMTND130.jpg
CAMTND140,"Cámara BALA IT7-LCS-6 4MP Full-Color Bullet Security Camera. La cámara de seguridad tipo bala a todo color de 4 MP IT7-PCS es una cámara de ingeniería de alto rendimiento de 4 MP (2560*1440) que integra funciones como visión nocturna a todo color, detección de personas, alarma por detección de movimiento y captación remota de audio. Se utiliza habitualmente en escenarios de vigilancia de interiores y exteriores como aparcamientos, tiendas, supermercados y joyerías con su apertura de lente de 6 mm. La cámara puede utilizarse con NVR y también admite el control remoto mediante una aplicación para smartphone Carcaza pastica/metálica blanca/negra.","Cámara BALA IT7-LCS-6 4MP Full-Color Bullet Security Camera. La cámara de seguridad tipo bala a todo color de 4 MP IT7-PCS es una cámara de ingeniería de alto rendimiento de 4 MP (2560*1440) que integra funciones como visión nocturna a todo color, detección de personas, alarma por detección de movimiento y captación remota de audio. Se utiliza habitualmente en escenarios de vigilancia de interiores y exteriores como aparcamientos, tiendas, supermercados y joyerías con su apertura de lente de 6 mm. La cámara puede utilizarse con NVR y también admite el control remoto mediante una aplicación para smartphone Carcaza pastica/metálica blanca/negra.. Clave Oficial CT: CAMTND140. Marca: CT.",TELEFONIA Y VIDEO VIGILANCIA,telefonia_seguridad,CT,31.11,606.67,970.67,970.67,819.0,819.0,758.33,728.0,https://static.ctonline.mx/imagenes/CAMTND140/CAMTND140_400.jpg,assets/img/catalog/CAMTND140.jpg
CAMTND150,"CAMARA BALA IT7-PCS-6 4MP Full-Color Bullet Security Camera. La cámara de seguridad tipo bala a todo color de 4 MP IT7-PCS es una cámara de ingeniería de alto rendimiento de 4 MP (2560*1440) que integra funciones como visión nocturna a todo color, detección de personas, alarma por detección de movimiento y captación remota de audio, Alimentación PoE Se utiliza habitualmente en escenarios de vigilancia de interiores y exteriores como aparcamientos, tiendas, supermercados y joyerías con su apertura de lente de 6 mm. La cámara puede utilizarse con NVR y también admite el control remoto mediante una aplicación para smartphone Carcaza pastica/metálica blanca/negra.","CAMARA BALA IT7-PCS-6 4MP Full-Color Bullet Security Camera. La cámara de seguridad tipo bala a todo color de 4 MP IT7-PCS es una cámara de ingeniería de alto rendimiento de 4 MP (2560*1440) que integra funciones como visión nocturna a todo color, detección de personas, alarma por detección de movimiento y captación remota de audio, Alimentación PoE Se utiliza habitualmente en escenarios de vigilancia de interiores y exteriores como aparcamientos, tiendas, supermercados y joyerías con su apertura de lente de 6 mm. La cámara puede utilizarse con NVR y también admite el control remoto mediante una aplicación para smartphone Carcaza pastica/metálica blanca/negra.. Clave Oficial CT: CAMTND150. Marca: CT.",TELEFONIA Y VIDEO VIGILANCIA,telefonia_seguridad,CT,34.44,671.67,1074.67,1074.67,906.75,906.75,839.58,806.0,https://static.ctonline.mx/imagenes/CAMTND150/CAMTND150_400.jpg,assets/img/catalog/CAMTND150.jpg
CAMTND160,"Cámara de seguridad TENDA CH9  es una cámara de videovigilancia de alto rendimiento con 6 (3+3) MP e incorpora doble lente y con capacidad de realizar movimientos verticales y  horizontales otorgando una visión de 360 grados, visión nocturna, audio bidireccional(incluye altavoz y micrófono), ranura para Micro Sd de hasta 512 Gb, detección activa de personas, vehículos, cruce de línea segura, e intrusiones. Equipada con un módulo NPU y un SOC de alto rendimiento con tecnología avanzada de aprendizaje profundo, la cámara cuenta con lentes duales capaces de detectar con precisión humanos y vehículos, minimizando así las falsas alarmas. Con la última tecnología Wi-Fi 6, antena especial incorporada para la mejora de la señal, ofrece un mejor rendimiento antiinterferente y una menor latencia en comparación con Wi-Fi 4, lo que permite que su rango de seguridad sea más amplio. El video se puede almacenar en una tarjeta Micro SD local, en la nube y en un NVR/NAS. Incluso si ocurre un accidente vandálico en sus dispositivos, podrá recuperar videos de la grabación en la nube. Carcaza plástica de polímero resistente, color blanco.","Cámara de seguridad TENDA CH9  es una cámara de videovigilancia de alto rendimiento con 6 (3+3) MP e incorpora doble lente y con capacidad de realizar movimientos verticales y  horizontales otorgando una visión de 360 grados, visión nocturna, audio bidireccional(incluye altavoz y micrófono), ranura para Micro Sd de hasta 512 Gb, detección activa de personas, vehículos, cruce de línea segura, e intrusiones. Equipada con un módulo NPU y un SOC de alto rendimiento con tecnología avanzada de aprendizaje profundo, la cámara cuenta con lentes duales capaces de detectar con precisión humanos y vehículos, minimizando así las falsas alarmas. Con la última tecnología Wi-Fi 6, antena especial incorporada para la mejora de la señal, ofrece un mejor rendimiento antiinterferente y una menor latencia en comparación con Wi-Fi 4, lo que permite que su rango de seguridad sea más amplio. El video se puede almacenar en una tarjeta Micro SD local, en la nube y en un NVR/NAS. Incluso si ocurre un accidente vandálico en sus dispositivos, podrá recuperar videos de la grabación en la nube. Carcaza plástica de polímero resistente, color blanco.. Clave Oficial CT: CAMTND160. Marca: CT.",TELEFONIA Y VIDEO VIGILANCIA,telefonia_seguridad,CT,39.5,770.25,1232.4,1232.4,1039.84,1039.84,962.81,924.3,https://static.ctonline.mx/imagenes/CAMTND160/CAMTND160_400.jpg,assets/img/catalog/CAMTND160.jpg
ACCTND090,Beli SP3 es un Wi-Fi inteligente Plug.It puede encender o apagar la electrónica desde cualquier lugar con su teléfono inteligente usando el Beli app; programar el Smart Plug para que se encienda y apague automáticamente cuando esté ausente o configurar una escena para controlar muchos dispositivos con un solo botón. El SP3 funciona directamente con Amazon Alexa y Google Assistant para administrar sus dispositivos a través de Control de Voz; funciona con una red inalámbrica segura de 2.4GHz sin la necesidad de un concentrador separado. Compacto El diseño no bloqueará la salida adyacente.,Beli SP3 es un Wi-Fi inteligente Plug.It puede encender o apagar la electrónica desde cualquier lugar con su teléfono inteligente usando el Beli app; programar el Smart Plug para que se encienda y apague automáticamente cuando esté ausente o configurar una escena para controlar muchos dispositivos con un solo botón. El SP3 funciona directamente con Amazon Alexa y Google Assistant para administrar sus dispositivos a través de Control de Voz; funciona con una red inalámbrica segura de 2.4GHz sin la necesidad de un concentrador separado. Compacto El diseño no bloqueará la salida adyacente.. Clave Oficial CT: ACCTND090. Marca: CT.,TELEFONIA Y VIDEO VIGILANCIA,telefonia_seguridad,CT,7.22,140.83,225.33,225.33,190.13,190.13,176.04,169.0,https://static.ctonline.mx/imagenes/ACCTND090/ACCTND090_400.jpg,assets/img/catalog/ACCTND090.jpg
ACCEZV100,"Montaje de pared para PT (Wallmount) / Compatible con C6CN, C6N, C6TC, C4W. EZVIZ","Montaje de pared para PT (Wallmount) / Compatible con C6CN, C6N, C6TC, C4W. EZVIZ. Clave Oficial CT: ACCEZV100. Marca: CT.",TELEFONIA Y VIDEO VIGILANCIA,telefonia_seguridad,CT,3.11,60.67,97.07,97.07,81.9,81.9,75.83,72.8,https://static.ctonline.mx/imagenes/ACCEZV100/ACCEZV100_400.jpg,assets/img/catalog/ACCEZV100.jpg
ACCEZV070,Enchufe Inteligente (110-240V (125Vca)) (T30) / Inalámbrico / Control a través de la Aplicación Móvil / Conecte los Dispositivos del Hogar / Permite Personalizar Horarios / Soporta Asistente de Voz de Google y Alexa. EZVIZ,Enchufe Inteligente (110-240V (125Vca)) (T30) / Inalámbrico / Control a través de la Aplicación Móvil / Conecte los Dispositivos del Hogar / Permite Personalizar Horarios / Soporta Asistente de Voz de Google y Alexa. EZVIZ. Clave Oficial CT: ACCEZV070. Marca: CT.,TELEFONIA Y VIDEO VIGILANCIA,telefonia_seguridad,CT,8.23,160.55,256.88,256.88,216.74,216.74,200.69,192.66,https://static.ctonline.mx/imagenes/ACCEZV070/ACCEZV070_400.jpg,assets/img/catalog/ACCEZV070.jpg
ACCEZV190,"Panel solar Ezviz (MODEL E) IP65,  carga de potencia 6.18W, cable tipo c.","Panel solar Ezviz (MODEL E) IP65,  carga de potencia 6.18W, cable tipo c.. Clave Oficial CT: ACCEZV190. Marca: CT.",TELEFONIA Y VIDEO VIGILANCIA,telefonia_seguridad,CT,18.97,369.85,591.76,591.76,499.3,499.3,462.31,443.82,https://static.ctonline.mx/imagenes/ACCEZV190/ACCEZV190_400.jpg,assets/img/catalog/ACCEZV190.jpg
ACCEZV110,Timbre Inalámbrico (Doorbell) de Batería Recargable (1920x1080) (DB2C) / 100% Libre de Cables / Llamada a la App / Detección de Movimiento / Timbre Para Interior / Timbres Seleccionables / Soporta Micro SD / Interior. EZVIZ (Existencias Limitadas),Timbre Inalámbrico (Doorbell) de Batería Recargable (1920x1080) (DB2C) / 100% Libre de Cables / Llamada a la App / Detección de Movimiento / Timbre Para Interior / Timbres Seleccionables / Soporta Micro SD / Interior. EZVIZ (Existencias Limitadas). Clave Oficial CT: ACCEZV110. Marca: CT.,TELEFONIA Y VIDEO VIGILANCIA,telefonia_seguridad,CT,64.44,1256.67,2010.67,2010.67,1696.5,1696.5,1570.83,1508.0,https://static.ctonline.mx/imagenes/ACCEZV110/ACCEZV110_400.jpg,assets/img/catalog/ACCEZV110.jpg
KITEZV020,"Kit de Alarma Inalámbrico (CS-B1) / Incluye: 1 Hub, 1 Sensor PIR, 1 Contacto Magnético y 1 Smart Botón / Configuración y Visualización por App Móvil EZVIZ / Protocolo Zigbee","Kit de Alarma Inalámbrico (CS-B1) / Incluye: 1 Hub, 1 Sensor PIR, 1 Contacto Magnético y 1 Smart Botón / Configuración y Visualización por App Móvil EZVIZ / Protocolo Zigbee. Clave Oficial CT: KITEZV020. Marca: CT.",TELEFONIA Y VIDEO VIGILANCIA,telefonia_seguridad,CT,87.22,1700.83,2721.33,2721.33,2296.12,2296.12,2126.04,2041.0,https://static.ctonline.mx/imagenes/KITEZV020/KITEZV020_400.jpg,assets/img/catalog/KITEZV020.jpg
ACCEZV180,"Cerradura inteligente Ezviz (DL05) Timbre Incorporado, control a través de la aplicación ezviz, vinculación wifi o bluetooth, batería, bloqueo de seguridad para niños, alertas en tiempo real.","Cerradura inteligente Ezviz (DL05) Timbre Incorporado, control a través de la aplicación ezviz, vinculación wifi o bluetooth, batería, bloqueo de seguridad para niños, alertas en tiempo real.. Clave Oficial CT: ACCEZV180. Marca: CT.",TELEFONIA Y VIDEO VIGILANCIA,telefonia_seguridad,CT,104.28,2033.42,3253.47,3253.47,2745.11,2745.11,2541.77,2440.1,https://static.ctonline.mx/imagenes/ACCEZV180/ACCEZV180_400.jpg,assets/img/catalog/ACCEZV180.jpg
NVREZV020,Ezviz (CS-X5S/8W) NVR Inalámbrico 8 canales / Admite Cámaras hasta 5 Megapíxel (3K) / Salidas HDMI y VGA / Tecnología H.265 / Almacenamiento Expandible hasta 8TB,Ezviz (CS-X5S/8W) NVR Inalámbrico 8 canales / Admite Cámaras hasta 5 Megapíxel (3K) / Salidas HDMI y VGA / Tecnología H.265 / Almacenamiento Expandible hasta 8TB. Clave Oficial CT: NVREZV020. Marca: CT.,TELEFONIA Y VIDEO VIGILANCIA,telefonia_seguridad,CT,53.89,1050.83,1681.33,1681.33,1418.62,1418.62,1313.54,1261.0,https://static.ctonline.mx/imagenes/NVREZV020/NVREZV020_400.jpg,assets/img/catalog/NVREZV020.jpg
CAMEZV500,"Cámara Ezviz (H1C) FHD, interior, visión nocturna, detección de movimiento, alertas sonoras, lente angular, cable tipo c.","Cámara Ezviz (H1C) FHD, interior, visión nocturna, detección de movimiento, alertas sonoras, lente angular, cable tipo c.. Clave Oficial CT: CAMEZV500. Marca: CT.",TELEFONIA Y VIDEO VIGILANCIA,telefonia_seguridad,CT,17.78,346.67,554.67,554.67,468.0,468.0,433.33,416.0,https://static.ctonline.mx/imagenes/CAMEZV500/CAMEZV500_400.jpg,assets/img/catalog/CAMEZV500.jpg
CAMEZV680,Camara CS-H6C/3MP PT / Wi-Fi de Doble banda 2.4 / 5 GHz / Vision Nocturna A Color / Detección de Ruidos Fuertes / Seguimiento Inteligente / Detección de Humanos / Audio de Dos Vías / MicroSD512GB,Camara CS-H6C/3MP PT / Wi-Fi de Doble banda 2.4 / 5 GHz / Vision Nocturna A Color / Detección de Ruidos Fuertes / Seguimiento Inteligente / Detección de Humanos / Audio de Dos Vías / MicroSD512GB. Clave Oficial CT: CAMEZV680. Marca: CT.,TELEFONIA Y VIDEO VIGILANCIA,telefonia_seguridad,CT,23.33,455.0,728.0,728.0,614.25,614.25,568.75,546.0,https://static.ctonline.mx/imagenes/CAMEZV680/CAMEZV680_400.jpg,assets/img/catalog/CAMEZV680.jpg
CAMEZV380,Mini Cámara PT IP 2 Megapíxel (H6C) / Wi-Fi / Smart Tracking / Uso Interior / Grabación en la Nube/ Audio de Dos Vías/ Notificación Push/ Micro SD hasta 256 GB,Mini Cámara PT IP 2 Megapíxel (H6C) / Wi-Fi / Smart Tracking / Uso Interior / Grabación en la Nube/ Audio de Dos Vías/ Notificación Push/ Micro SD hasta 256 GB. Clave Oficial CT: CAMEZV380. Marca: CT.,TELEFONIA Y VIDEO VIGILANCIA,telefonia_seguridad,CT,22.22,433.33,693.33,693.33,585.0,585.0,541.67,520.0,https://static.ctonline.mx/imagenes/CAMEZV380/CAMEZV380_400.jpg,assets/img/catalog/CAMEZV380.jpg
CAMEZV310,Cámara Mini IP 2 Megapíxel (1920 x 1080) (C1C-V2) / Lente 2.8 mm / Uso Residencial / Grabación en la Nube,Cámara Mini IP 2 Megapíxel (1920 x 1080) (C1C-V2) / Lente 2.8 mm / Uso Residencial / Grabación en la Nube. Clave Oficial CT: CAMEZV310. Marca: CT.,TELEFONIA Y VIDEO VIGILANCIA,telefonia_seguridad,CT,22.5,438.75,702.0,702.0,592.31,592.31,548.44,526.5,https://static.ctonline.mx/imagenes/CAMEZV310/CAMEZV310_400.jpg,assets/img/catalog/CAMEZV310.jpg
CAMEZV460,Camara Bala WiFi (CS-H3C) / 2 Megapixel / Detección humana / Micrófono Integrado / Micro SD / Excelente Vision Nocturna / Exterior,Camara Bala WiFi (CS-H3C) / 2 Megapixel / Detección humana / Micrófono Integrado / Micro SD / Excelente Vision Nocturna / Exterior. Clave Oficial CT: CAMEZV460. Marca: CT.,TELEFONIA Y VIDEO VIGILANCIA,telefonia_seguridad,CT,30.23,589.55,943.28,943.28,795.89,795.89,736.94,707.46,https://static.ctonline.mx/imagenes/CAMEZV460/CAMEZV460_400.jpg,assets/img/catalog/CAMEZV460.jpg
CAMEZV490,"Cámara Ezviz (H3C) 3MP 2K, Exterior IP67, visión nocturna a color, detección de personas con tecnología IA, luz y sirena, zona de detección personalizable.","Cámara Ezviz (H3C) 3MP 2K, Exterior IP67, visión nocturna a color, detección de personas con tecnología IA, luz y sirena, zona de detección personalizable.. Clave Oficial CT: CAMEZV490. Marca: CT.",TELEFONIA Y VIDEO VIGILANCIA,telefonia_seguridad,CT,31.64,617.07,987.31,987.31,833.04,833.04,771.33,740.48,https://static.ctonline.mx/imagenes/CAMEZV490/CAMEZV490_400.jpg,assets/img/catalog/CAMEZV490.jpg
CAMEZV650,Ezviz (H6C) Cámara PT / Resolución 3K (5 Megapíxel) / Visión Nocturna Inteligente en Color / Detección de Forma Humana Inteligente / Almacenamiento en MicroSD y Nube,Ezviz (H6C) Cámara PT / Resolución 3K (5 Megapíxel) / Visión Nocturna Inteligente en Color / Detección de Forma Humana Inteligente / Almacenamiento en MicroSD y Nube. Clave Oficial CT: CAMEZV650. Marca: CT.,TELEFONIA Y VIDEO VIGILANCIA,telefonia_seguridad,CT,36.17,705.25,1128.4,1128.4,952.09,952.09,881.56,846.3,https://static.ctonline.mx/imagenes/CAMEZV650/CAMEZV650_400.jpg,assets/img/catalog/CAMEZV650.jpg
CAMEZV550,"Ezviz (H4) Cámara Wifi de 3 MP 2k Detección Humana y Vehículo, Audio Bidireccional, IP67, Ranura MicroSD, Visión Nocturna, H.265, WIFI 2.4, Interior/Exterior, H.265.","Ezviz (H4) Cámara Wifi de 3 MP 2k Detección Humana y Vehículo, Audio Bidireccional, IP67, Ranura MicroSD, Visión Nocturna, H.265, WIFI 2.4, Interior/Exterior, H.265.. Clave Oficial CT: CAMEZV550. Marca: CT.",TELEFONIA Y VIDEO VIGILANCIA,telefonia_seguridad,CT,35.56,693.33,1109.33,1109.33,936.0,936.0,866.67,832.0,https://static.ctonline.mx/imagenes/CAMEZV550/CAMEZV550_400.jpg,assets/img/catalog/CAMEZV550.jpg
CAMEZV560,"Ezviz (H6C G1 4K) Cámara Wifi 8 MP 4K Interior, Detección Humana y Mascotas, Llamada a la APP, Visión Nocturna, Audio Bidireccional, Notificaciones, WDR, Modo Patrullaje, WIFI 6, MicroSD, TIPO C, H.265.","Ezviz (H6C G1 4K) Cámara Wifi 8 MP 4K Interior, Detección Humana y Mascotas, Llamada a la APP, Visión Nocturna, Audio Bidireccional, Notificaciones, WDR, Modo Patrullaje, WIFI 6, MicroSD, TIPO C, H.265.. Clave Oficial CT: CAMEZV560. Marca: CT.",TELEFONIA Y VIDEO VIGILANCIA,telefonia_seguridad,CT,36.28,707.42,1131.87,1131.87,955.01,955.01,884.27,848.9,https://static.ctonline.mx/imagenes/CAMEZV560/CAMEZV560_400.jpg,assets/img/catalog/CAMEZV560.jpg
CAMEZV570,"Ezviz (H8C PRO 2K) Cámara Wifi 3MP 2K, Exterior, Cobertura 360°, Visión Nocturna, WDR,  Detención Humana por IA, Seguimiento Inteligente, Sieran, Audio Bireccional, IP67, Exterior, H.265, MicroSD","Ezviz (H8C PRO 2K) Cámara Wifi 3MP 2K, Exterior, Cobertura 360°, Visión Nocturna, WDR,  Detención Humana por IA, Seguimiento Inteligente, Sieran, Audio Bireccional, IP67, Exterior, H.265, MicroSD. Clave Oficial CT: CAMEZV570. Marca: CT.",TELEFONIA Y VIDEO VIGILANCIA,telefonia_seguridad,CT,35.88,699.62,1119.39,1119.39,944.48,944.48,874.52,839.54,https://static.ctonline.mx/imagenes/CAMEZV570/CAMEZV570_400.jpg,assets/img/catalog/CAMEZV570.jpg
CAMEZV580,"Ezviz (H9C DUAL 2K) Cámara Wifi 3MP+3MP 2K, Exterior, Modo Patrullaje, Visión Nocturna Cobertura 360°, Antenas Duales, Wifi 6, WDR, Detección de Forma Humana/Vehículo con IA, Seguimiento Automatico,IP65, Exterior, MicroSD, H.265.","Ezviz (H9C DUAL 2K) Cámara Wifi 3MP+3MP 2K, Exterior, Modo Patrullaje, Visión Nocturna Cobertura 360°, Antenas Duales, Wifi 6, WDR, Detección de Forma Humana/Vehículo con IA, Seguimiento Automatico,IP65, Exterior, MicroSD, H.265.. Clave Oficial CT: CAMEZV580. Marca: CT.",TELEFONIA Y VIDEO VIGILANCIA,telefonia_seguridad,CT,48.01,936.22,1497.95,1497.95,1263.89,1263.89,1170.27,1123.46,https://static.ctonline.mx/imagenes/CAMEZV580/CAMEZV580_400.jpg,assets/img/catalog/CAMEZV580.jpg
CAMEZV590,"Ezviz (H9C DUAL 3K) Cámara Wifi 5MP+5MP 3K, Exterior, Modo Patrullaje, Visión Nocturna Cobertura 360°, Antenas Duales, Wifi 6, WDR, Detección de Forma Humana/Vehículo con IA, Seguimiento Automatico,IP65, Exterior MicroSD, H.265.","Ezviz (H9C DUAL 3K) Cámara Wifi 5MP+5MP 3K, Exterior, Modo Patrullaje, Visión Nocturna Cobertura 360°, Antenas Duales, Wifi 6, WDR, Detección de Forma Humana/Vehículo con IA, Seguimiento Automatico,IP65, Exterior MicroSD, H.265.. Clave Oficial CT: CAMEZV590. Marca: CT.",TELEFONIA Y VIDEO VIGILANCIA,telefonia_seguridad,CT,56.28,1097.42,1755.87,1755.87,1481.51,1481.51,1371.77,1316.9,https://static.ctonline.mx/imagenes/CAMEZV590/CAMEZV590_400.jpg,assets/img/catalog/CAMEZV590.jpg
CAMEZV440,EZVIZ (CS-H8-3K) PT WiFi / (3K) 5MP / Visión 360° / Detección humana / Detección de Vehículo / Audio de Dos Vías / Sirena / Luz Parpadeante / Colores en Oscuridad / Micro SD / Presets / Autoseguimiento / Exterior,EZVIZ (CS-H8-3K) PT WiFi / (3K) 5MP / Visión 360° / Detección humana / Detección de Vehículo / Audio de Dos Vías / Sirena / Luz Parpadeante / Colores en Oscuridad / Micro SD / Presets / Autoseguimiento / Exterior. Clave Oficial CT: CAMEZV440. Marca: CT.,TELEFONIA Y VIDEO VIGILANCIA,telefonia_seguridad,CT,66.94,1305.42,2088.67,2088.67,1762.31,1762.31,1631.77,1566.5,https://static.ctonline.mx/imagenes/CAMEZV440/CAMEZV440_400.jpg,assets/img/catalog/CAMEZV440.jpg
CAMEZV600,"Ezviz (CB5 4K) Cámara Solar Wifi 8MP 4K, BATERIA 10400 mAh, Detección Humana Vehicular, Visión Nocturna, WIFI 6, IP65, Exterior, MicroSD, H.265.","Ezviz (CB5 4K) Cámara Solar Wifi 8MP 4K, BATERIA 10400 mAh, Detección Humana Vehicular, Visión Nocturna, WIFI 6, IP65, Exterior, MicroSD, H.265.. Clave Oficial CT: CAMEZV600. Marca: CT.",TELEFONIA Y VIDEO VIGILANCIA,telefonia_seguridad,CT,92.38,1801.37,2882.19,2882.19,2431.85,2431.85,2251.71,2161.64,https://static.ctonline.mx/imagenes/CAMEZV600/CAMEZV600_400.jpg,assets/img/catalog/CAMEZV600.jpg
CAMEZV610,EZVIZ (CS-H90) Cámara Doble Lente PT / Rotación en Ambos Lentes / Wi-Fi / 4MP+ y 4MP (Resolución 8 Megapíxel ) / Auto Seguimiento Inteligente / Visión Color Nocturna,EZVIZ (CS-H90) Cámara Doble Lente PT / Rotación en Ambos Lentes / Wi-Fi / 4MP+ y 4MP (Resolución 8 Megapíxel ) / Auto Seguimiento Inteligente / Visión Color Nocturna. Clave Oficial CT: CAMEZV610. Marca: CT.,TELEFONIA Y VIDEO VIGILANCIA,telefonia_seguridad,CT,77.48,1510.82,2417.31,2417.31,2039.6,2039.6,1888.52,1812.98,https://static.ctonline.mx/imagenes/CAMEZV610/CAMEZV610_400.jpg,assets/img/catalog/CAMEZV610.jpg
CAMEZV620,EZVIZ (CS-H8C/3MP/POE) Cámara PT PoE Estándar Af / 3 Megapíxel / Movimiento Panorámico de 360° / Preset / Seguimiento Inteligente / Detección Humana / Audio de Dos Vías,EZVIZ (CS-H8C/3MP/POE) Cámara PT PoE Estándar Af / 3 Megapíxel / Movimiento Panorámico de 360° / Preset / Seguimiento Inteligente / Detección Humana / Audio de Dos Vías. Clave Oficial CT: CAMEZV620. Marca: CT.,TELEFONIA Y VIDEO VIGILANCIA,telefonia_seguridad,CT,41.33,806.0,1289.6,1289.6,1088.1,1088.1,1007.5,967.2,https://static.ctonline.mx/imagenes/CAMEZV620/CAMEZV620_400.jpg,assets/img/catalog/CAMEZV620.jpg
CAMEZV630,EZVIZ (CS-H8C/5MP) Cámara PT / Resolución 5 Megapíxel (3K) / Visión Nocturna en Color / AI Detección de Humanos y Vehículos / Defensa Activa con Sirena y Luz Estroboscópica / IP67,EZVIZ (CS-H8C/5MP) Cámara PT / Resolución 5 Megapíxel (3K) / Visión Nocturna en Color / AI Detección de Humanos y Vehículos / Defensa Activa con Sirena y Luz Estroboscópica / IP67. Clave Oficial CT: CAMEZV630. Marca: CT.,TELEFONIA Y VIDEO VIGILANCIA,telefonia_seguridad,CT,46.76,911.73,1458.77,1458.77,1230.84,1230.84,1139.67,1094.08,https://static.ctonline.mx/imagenes/CAMEZV630/CAMEZV630_400.jpg,assets/img/catalog/CAMEZV630.jpg
CAMEZV510,"Cámara Ezviz (H7C DUAL 2K+) Lente dual 2K+ Y 2K+, interior, visión panorámica, llamadas bidireccionales, visión nocturna a color, detección de movimiento, compatible wifi 6 GHZ ,5 GHZ ,2.4 GHZ.","Cámara Ezviz (H7C DUAL 2K+) Lente dual 2K+ Y 2K+, interior, visión panorámica, llamadas bidireccionales, visión nocturna a color, detección de movimiento, compatible wifi 6 GHZ ,5 GHZ ,2.4 GHZ.. Clave Oficial CT: CAMEZV510. Marca: CT.",TELEFONIA Y VIDEO VIGILANCIA,telefonia_seguridad,CT,46.21,901.12,1441.79,1441.79,1216.51,1216.51,1126.4,1081.34,https://static.ctonline.mx/imagenes/CAMEZV510/CAMEZV510_400.jpg,assets/img/catalog/CAMEZV510.jpg
CAMEZV520,"Cámara Ezviz (H9C DUAL 2K) Lente 3MP 2K, Exterior, antenas wifi dual, 2 modos de patrulla, cobertura panorámica, resistente a interperie, tracking automático, detección de forma humana y vehículo.","Cámara Ezviz (H9C DUAL 2K) Lente 3MP 2K, Exterior, antenas wifi dual, 2 modos de patrulla, cobertura panorámica, resistente a interperie, tracking automático, detección de forma humana y vehículo.. Clave Oficial CT: CAMEZV520. Marca: CT.",TELEFONIA Y VIDEO VIGILANCIA,telefonia_seguridad,CT,53.22,1037.83,1660.53,1660.53,1401.08,1401.08,1297.29,1245.4,https://static.ctonline.mx/imagenes/CAMEZV520/CAMEZV520_400.jpg,assets/img/catalog/CAMEZV520.jpg
CAMEZV470,Camara PT WiFi (H8C 2K+) / 4 Megapixel / Cobertura 360° / Detección humana / Seguimiento Inteligente / Sirena / Luz Parpadeante / Colores en Oscuridad / Micro SD / Audio de Dos Vías / Exterior,Camara PT WiFi (H8C 2K+) / 4 Megapixel / Cobertura 360° / Detección humana / Seguimiento Inteligente / Sirena / Luz Parpadeante / Colores en Oscuridad / Micro SD / Audio de Dos Vías / Exterior. Clave Oficial CT: CAMEZV470. Marca: CT.,TELEFONIA Y VIDEO VIGILANCIA,telefonia_seguridad,CT,52.5,1023.75,1638.0,1638.0,1382.06,1382.06,1279.69,1228.5,https://static.ctonline.mx/imagenes/CAMEZV470/CAMEZV470_400.jpg,assets/img/catalog/CAMEZV470.jpg
CAMEZV530,"Cámara Ezviz (H9C DUAL 3K) Lente 5MP 3K, exterior, antenas wifi dual, detección para seguimiento automático, llamada bidireccional, visión nocturna a color, cobertura panorámica de 360°, luz y sirena.","Cámara Ezviz (H9C DUAL 3K) Lente 5MP 3K, exterior, antenas wifi dual, detección para seguimiento automático, llamada bidireccional, visión nocturna a color, cobertura panorámica de 360°, luz y sirena.. Clave Oficial CT: CAMEZV530. Marca: CT.",TELEFONIA Y VIDEO VIGILANCIA,telefonia_seguridad,CT,57.06,1112.58,1780.13,1780.13,1501.99,1501.99,1390.73,1335.1,https://static.ctonline.mx/imagenes/CAMEZV530/CAMEZV530_400.jpg,assets/img/catalog/CAMEZV530.jpg
CAMEZV540,"Cámara Ezviz (EB3) Batería, detección de movimiento, alarma luz y sonido, alertas personalizadas, visión nocturna a color, comunicación bidireccional.","Cámara Ezviz (EB3) Batería, detección de movimiento, alarma luz y sonido, alertas personalizadas, visión nocturna a color, comunicación bidireccional.. Clave Oficial CT: CAMEZV540. Marca: CT.",TELEFONIA Y VIDEO VIGILANCIA,telefonia_seguridad,CT,70.93,1383.2,2213.12,2213.12,1867.32,1867.32,1729.0,1659.84,https://static.ctonline.mx/imagenes/CAMEZV540/CAMEZV540_400.jpg,assets/img/catalog/CAMEZV540.jpg
CAMEZV320,Cámara IP Inalámbrica Con Batería Recargable (CS-BC1C) / 2 Megapíxel / Sirena y Estrobo / Alertas de Audio Personalizable / Uso en Exterior / Grabación en la Nube / Almacenamiento Interno (Existencias Limitadas),Cámara IP Inalámbrica Con Batería Recargable (CS-BC1C) / 2 Megapíxel / Sirena y Estrobo / Alertas de Audio Personalizable / Uso en Exterior / Grabación en la Nube / Almacenamiento Interno (Existencias Limitadas). Clave Oficial CT: CAMEZV320. Marca: CT.,TELEFONIA Y VIDEO VIGILANCIA,telefonia_seguridad,CT,94.44,1841.67,2946.67,2946.67,2486.25,2486.25,2302.08,2210.0,https://static.ctonline.mx/imagenes/CAMEZV320/CAMEZV320_400.jpg,assets/img/catalog/CAMEZV320.jpg
CAMEZV480,"Cámara Ezviz (EB8 4G) 4G, Batería, ubicación GPS del dispositivo, visión panorámica, comunicación bidireccional, visión nocturna a color, detección de movimiento de personas.","Cámara Ezviz (EB8 4G) 4G, Batería, ubicación GPS del dispositivo, visión panorámica, comunicación bidireccional, visión nocturna a color, detección de movimiento de personas.. Clave Oficial CT: CAMEZV480. Marca: CT.",TELEFONIA Y VIDEO VIGILANCIA,telefonia_seguridad,CT,137.42,2679.73,4287.57,4287.57,3617.64,3617.64,3349.67,3215.68,https://static.ctonline.mx/imagenes/CAMEZV480/CAMEZV480_400.jpg,assets/img/catalog/CAMEZV480.jpg
CAMEZV260,Cámara IP 2 Megapíxeles (1920 x 1080) (LC1C) / Lente 2.8 mm / Luz Ultrabrillante / Grabación en la Nube / Audio de dos vías / Sirena Integrada / Sensor PIR / Micro SD / IP65 / H.265. EZVIZ (Existencias Limitadas),Cámara IP 2 Megapíxeles (1920 x 1080) (LC1C) / Lente 2.8 mm / Luz Ultrabrillante / Grabación en la Nube / Audio de dos vías / Sirena Integrada / Sensor PIR / Micro SD / IP65 / H.265. EZVIZ (Existencias Limitadas). Clave Oficial CT: CAMEZV260. Marca: CT.,TELEFONIA Y VIDEO VIGILANCIA,telefonia_seguridad,CT,100.0,1950.0,3120.0,3120.0,2632.5,2632.5,2437.5,2340.0,https://static.ctonline.mx/imagenes/CAMEZV260/CAMEZV260_400.jpg,assets/img/catalog/CAMEZV260.jpg
CAMNEX060,"Cámara de batería exterior Nextt Home, resolución Full HD- Video de alta calidad de 1080p de día o de noche, clasificación IP65, comunicación bidireccional. NHC-O630","Cámara de batería exterior Nextt Home, resolución Full HD- Video de alta calidad de 1080p de día o de noche, clasificación IP65, comunicación bidireccional. NHC-O630. Clave Oficial CT: CAMNEX060. Marca: CT.",TELEFONIA Y VIDEO VIGILANCIA,telefonia_seguridad,CT,57.53,1121.74,1794.78,1794.78,1514.35,1514.35,1402.17,1346.09,https://static.ctonline.mx/imagenes/CAMNEX060/CAMNEX060_400.jpg,assets/img/catalog/CAMNEX060.jpg
CAMNEX070,"Cámara interior Nextt Home, PTZ 1080p IR hasta 9m, tipo domo, ip67 NHC-P710","Cámara interior Nextt Home, PTZ 1080p IR hasta 9m, tipo domo, ip67 NHC-P710. Clave Oficial CT: CAMNEX070. Marca: CT.",TELEFONIA Y VIDEO VIGILANCIA,telefonia_seguridad,CT,26.91,524.68,839.5,839.5,708.32,708.32,655.86,629.62,https://static.ctonline.mx/imagenes/CAMNEX070/CAMNEX070_400.jpg,assets/img/catalog/CAMNEX070.jpg
CAMNEX090,"Cámara inteligente Nextt Home para alimentador de mascotas 1920 x 1080 Pixeles, 2.8 mm, capacidad total de alimento aproximadamente 1.59 kg, manual y programado NHA-P610","Cámara inteligente Nextt Home para alimentador de mascotas 1920 x 1080 Pixeles, 2.8 mm, capacidad total de alimento aproximadamente 1.59 kg, manual y programado NHA-P610. Clave Oficial CT: CAMNEX090. Marca: CT.",TELEFONIA Y VIDEO VIGILANCIA,telefonia_seguridad,CT,107.6,2098.19,3357.1,3357.1,2832.55,2832.55,2622.73,2517.82,https://static.ctonline.mx/imagenes/CAMNEX090/CAMNEX090_400.jpg,assets/img/catalog/CAMNEX090.jpg
CAMNEX110,"Cámara para exterior e interior con batería NHC-O640 IP65 con Angulo de 120 grados y alcance de hasta 8 mts., comunicación bidireccional, luces LED infrarrojas para visión nocturna","Cámara para exterior e interior con batería NHC-O640 IP65 con Angulo de 120 grados y alcance de hasta 8 mts., comunicación bidireccional, luces LED infrarrojas para visión nocturna. Clave Oficial CT: CAMNEX110. Marca: CT.",TELEFONIA Y VIDEO VIGILANCIA,telefonia_seguridad,CT,63.02,1228.94,1966.31,1966.31,1659.07,1659.07,1536.18,1474.73,https://static.ctonline.mx/imagenes/CAMNEX110/CAMNEX110_400.jpg,assets/img/catalog/CAMNEX110.jpg
CAMNEX130,Cámara NEXXT  modelo NHC-OP20S/ Resolución 2K de 3MP / 100% inalámbrico/Luz LED activada por movimiento /Visión nocturna en color /compatible con Cloud y microSD /clasificación IP65  /,Cámara NEXXT  modelo NHC-OP20S/ Resolución 2K de 3MP / 100% inalámbrico/Luz LED activada por movimiento /Visión nocturna en color /compatible con Cloud y microSD /clasificación IP65  /. Clave Oficial CT: CAMNEX130. Marca: CT.,TELEFONIA Y VIDEO VIGILANCIA,telefonia_seguridad,CT,63.4,1236.26,1978.01,1978.01,1668.95,1668.95,1545.32,1483.51,https://static.ctonline.mx/imagenes/CAMNEX130/CAMNEX130_400.jpg,assets/img/catalog/CAMNEX130.jpg
CAMNEX140,Cámara  NEXXT  modelo NHC-OP30DL/ Resolución QHD 2K (3MP) / almacenamiento en la nube y microSD™ /soporte RJ45 y ONVIF /audio bidireccional /Detección avanzada de movimiento / visión nocturna en color/,Cámara  NEXXT  modelo NHC-OP30DL/ Resolución QHD 2K (3MP) / almacenamiento en la nube y microSD™ /soporte RJ45 y ONVIF /audio bidireccional /Detección avanzada de movimiento / visión nocturna en color/. Clave Oficial CT: CAMNEX140. Marca: CT.,TELEFONIA Y VIDEO VIGILANCIA,telefonia_seguridad,CT,46.16,900.1,1440.16,1440.16,1215.14,1215.14,1125.13,1080.12,https://static.ctonline.mx/imagenes/CAMNEX140/CAMNEX140_400.jpg,assets/img/catalog/CAMNEX140.jpg
CAMNEX150,Cámara  NEXXT  modelo NHC-OP10/ Resolución 2K+ / zoom digital 6x. /Detección de movimiento /Clasificación IP65 /luz LED/ visión nocturna / Comunicación bidireccional/ Puerto RJ45 /protocolo ONVIF.®,Cámara  NEXXT  modelo NHC-OP10/ Resolución 2K+ / zoom digital 6x. /Detección de movimiento /Clasificación IP65 /luz LED/ visión nocturna / Comunicación bidireccional/ Puerto RJ45 /protocolo ONVIF.®. Clave Oficial CT: CAMNEX150. Marca: CT.,TELEFONIA Y VIDEO VIGILANCIA,telefonia_seguridad,CT,28.28,551.54,882.46,882.46,744.58,744.58,689.42,661.85,https://static.ctonline.mx/imagenes/CAMNEX150/CAMNEX150_400.jpg,assets/img/catalog/CAMNEX150.jpg
CAMNEX160,Cámara  NEXXT  modelo NHC-OF10/ Resolución completa 2K+ / Certificación de impermeabilización IP65/Objetivo de 4 mm y el ángulo de visión de 107° /Detección de movimiento y LEDs IR /No hace falta hub/ Listo para la nube/Compatible con ONVIF / Audio bidireccional /visualización remota en iOS o Android.,Cámara  NEXXT  modelo NHC-OF10/ Resolución completa 2K+ / Certificación de impermeabilización IP65/Objetivo de 4 mm y el ángulo de visión de 107° /Detección de movimiento y LEDs IR /No hace falta hub/ Listo para la nube/Compatible con ONVIF / Audio bidireccional /visualización remota en iOS o Android.. Clave Oficial CT: CAMNEX160. Marca: CT.,TELEFONIA Y VIDEO VIGILANCIA,telefonia_seguridad,CT,25.35,494.37,790.99,790.99,667.4,667.4,617.96,593.24,https://static.ctonline.mx/imagenes/CAMNEX160/CAMNEX160_400.jpg,assets/img/catalog/CAMNEX160.jpg
CAMNEX170,Cámara NEXXT  modelo NHC-IP11/ Resolución de 2K (3MP) / Detección del cuerpo/ Zoom y rotación horizontal y vertical desde la app /transmisión bidireccional / Acceso rápido y seguro a la nube/ LED infrarrojo para visión nocturna alcance de hasta 10 m.,Cámara NEXXT  modelo NHC-IP11/ Resolución de 2K (3MP) / Detección del cuerpo/ Zoom y rotación horizontal y vertical desde la app /transmisión bidireccional / Acceso rápido y seguro a la nube/ LED infrarrojo para visión nocturna alcance de hasta 10 m.. Clave Oficial CT: CAMNEX170. Marca: CT.,TELEFONIA Y VIDEO VIGILANCIA,telefonia_seguridad,CT,18.55,361.64,578.62,578.62,488.21,488.21,452.05,433.96,https://static.ctonline.mx/imagenes/CAMNEX170/CAMNEX170_400.jpg,assets/img/catalog/CAMNEX170.jpg
CAMNEX180,Cámara NEXXT  modelo NHC-IF10/ Resolución 2K QHD (3MP)/ Visión nocturna avanzada/Audio bidireccional y sirena integrada/Detección de movimiento y sonido/Almacenamiento flexible/ Diseño compacto y alimentación USB-C / Con compatibles ONVIF,Cámara NEXXT  modelo NHC-IF10/ Resolución 2K QHD (3MP)/ Visión nocturna avanzada/Audio bidireccional y sirena integrada/Detección de movimiento y sonido/Almacenamiento flexible/ Diseño compacto y alimentación USB-C / Con compatibles ONVIF. Clave Oficial CT: CAMNEX180. Marca: CT.,TELEFONIA Y VIDEO VIGILANCIA,telefonia_seguridad,CT,11.68,227.8,364.47,364.47,307.52,307.52,284.74,273.35,https://static.ctonline.mx/imagenes/CAMNEX180/CAMNEX180_400.jpg,assets/img/catalog/CAMNEX180.jpg
CAMNEX190,Cámara NEXXT  modelo NHC-IF20T/ Nítida resolución 3K (5MP)/ Luz LED / Detección de movimiento/ Visión nocturna a colores/Comunicación bidireccional /Compatible con la nube y con microSD/Puerto RJ45 (sin PoE) /compatible ONVIF.,Cámara NEXXT  modelo NHC-IF20T/ Nítida resolución 3K (5MP)/ Luz LED / Detección de movimiento/ Visión nocturna a colores/Comunicación bidireccional /Compatible con la nube y con microSD/Puerto RJ45 (sin PoE) /compatible ONVIF.. Clave Oficial CT: CAMNEX190. Marca: CT.,TELEFONIA Y VIDEO VIGILANCIA,telefonia_seguridad,CT,25.11,489.72,783.55,783.55,661.12,661.12,612.14,587.66,https://static.ctonline.mx/imagenes/CAMNEX190/CAMNEX190_400.jpg,assets/img/catalog/CAMNEX190.jpg
ACCNEX010,"Bombilla LED Inteligente Nextt Home, WiFi, Luz Fria/Cálida, 4W, 400 Lúmenes, Ahorro de 87% vs Foco Tradicional 40W. NHB-W310","Bombilla LED Inteligente Nextt Home, WiFi, Luz Fria/Cálida, 4W, 400 Lúmenes, Ahorro de 87% vs Foco Tradicional 40W. NHB-W310. Clave Oficial CT: ACCNEX010. Marca: CT.",TELEFONIA Y VIDEO VIGILANCIA,telefonia_seguridad,CT,7.78,151.78,242.85,242.85,204.91,204.91,189.73,182.14,https://static.ctonline.mx/imagenes/ACCNEX010/ACCNEX010_400.jpg,assets/img/catalog/ACCNEX010.jpg
ACCNEX040,"Bombilla inteligente Nextt Home, 1000 lúmenes. 10W (equivalente a 80 watts). 110V, 50/60Hz. 2700k-6500k. IEEE 801.11N, 2.4GHz (no es compatible con redes Wi-Fi de 5GHz). No requiere concentrador. NHB-W410","Bombilla inteligente Nextt Home, 1000 lúmenes. 10W (equivalente a 80 watts). 110V, 50/60Hz. 2700k-6500k. IEEE 801.11N, 2.4GHz (no es compatible con redes Wi-Fi de 5GHz). No requiere concentrador. NHB-W410. Clave Oficial CT: ACCNEX040. Marca: CT.",TELEFONIA Y VIDEO VIGILANCIA,telefonia_seguridad,CT,9.91,193.22,309.15,309.15,260.84,260.84,241.52,231.86,https://static.ctonline.mx/imagenes/ACCNEX040/ACCNEX040_400.jpg,assets/img/catalog/ACCNEX040.jpg
ACCNEX080,"Bombilla inteligente Nextt Home, Wi-Fi - 1000 Lúmenes - E26 - BR30 - Control de Voz - Programable. NHB-W210","Bombilla inteligente Nextt Home, Wi-Fi - 1000 Lúmenes - E26 - BR30 - Control de Voz - Programable. NHB-W210. Clave Oficial CT: ACCNEX080. Marca: CT.",TELEFONIA Y VIDEO VIGILANCIA,telefonia_seguridad,CT,9.2,179.41,287.05,287.05,242.2,242.2,224.26,215.29,https://static.ctonline.mx/imagenes/ACCNEX080/ACCNEX080_400.jpg,assets/img/catalog/ACCNEX080.jpg
ACCNEX380,"Timbre inteligente con cámara NHC-D100 1080P con visión nocturna y espectro visual de 110°, microSD de hasta 128GB, comunicación bidireccional","Timbre inteligente con cámara NHC-D100 1080P con visión nocturna y espectro visual de 110°, microSD de hasta 128GB, comunicación bidireccional. Clave Oficial CT: ACCNEX380. Marca: CT.",TELEFONIA Y VIDEO VIGILANCIA,telefonia_seguridad,CT,63.74,1242.9,1988.65,1988.65,1677.92,1677.92,1553.63,1491.48,https://static.ctonline.mx/imagenes/ACCNEX380/ACCNEX380_400.jpg,assets/img/catalog/ACCNEX380.jpg
ACCNEX310,Enchufe inteligente Wi-Fi AHIWPSO4U1 2PK con empaque de dos 110V,Enchufe inteligente Wi-Fi AHIWPSO4U1 2PK con empaque de dos 110V. Clave Oficial CT: ACCNEX310. Marca: CT.,TELEFONIA Y VIDEO VIGILANCIA,telefonia_seguridad,CT,15.0,292.5,468.0,468.0,394.88,394.88,365.62,351.0,https://static.ctonline.mx/imagenes/ACCNEX310/ACCNEX310_400.jpg,assets/img/catalog/ACCNEX310.jpg
ACCNEX350,"Interruptor de 3 circuitos NHE-T100 inteligente con conexión Wi-Fi 3 en 1 admite la conexión de tres aparatos eléctricos distintos, botón con luz LED para identificar el interruptor en la oscuridad","Interruptor de 3 circuitos NHE-T100 inteligente con conexión Wi-Fi 3 en 1 admite la conexión de tres aparatos eléctricos distintos, botón con luz LED para identificar el interruptor en la oscuridad. Clave Oficial CT: ACCNEX350. Marca: CT.",TELEFONIA Y VIDEO VIGILANCIA,telefonia_seguridad,CT,19.99,389.78,623.65,623.65,526.2,526.2,487.22,467.73,https://static.ctonline.mx/imagenes/ACCNEX350/ACCNEX350_400.jpg,assets/img/catalog/ACCNEX350.jpg
ACCNEX360,"Interruptor de 3 vías inteligente NHE-S300 con conexión Wi-Fi, enciende y apaga las luces o dispositivos conectados a determinadas horas o en función de los ciclos entre el día y la noche","Interruptor de 3 vías inteligente NHE-S300 con conexión Wi-Fi, enciende y apaga las luces o dispositivos conectados a determinadas horas o en función de los ciclos entre el día y la noche. Clave Oficial CT: ACCNEX360. Marca: CT.",TELEFONIA Y VIDEO VIGILANCIA,telefonia_seguridad,CT,16.28,317.54,508.06,508.06,428.68,428.68,396.92,381.05,https://static.ctonline.mx/imagenes/ACCNEX360/ACCNEX360_400.jpg,assets/img/catalog/ACCNEX360.jpg
ACCNEX160,"Nextt Home Interruptor inteligente Monopolar con conexión Wi-Fi (NHE-S100), activación por voz y configuración de horarios, no requiere concentrador, programación de múltiples temporizadores","Nextt Home Interruptor inteligente Monopolar con conexión Wi-Fi (NHE-S100), activación por voz y configuración de horarios, no requiere concentrador, programación de múltiples temporizadores. Clave Oficial CT: ACCNEX160. Marca: CT.",TELEFONIA Y VIDEO VIGILANCIA,telefonia_seguridad,CT,12.58,245.3,392.48,392.48,331.16,331.16,306.63,294.36,https://static.ctonline.mx/imagenes/ACCNEX160/ACCNEX160_400.jpg,assets/img/catalog/ACCNEX160.jpg
ACCNEX110,Enchufe de pared inteligente Nextt Home / Programación de encendido o apagado / Vinculación inalámbrica a través de WiFi / Interacción vía remota desde Smartphone o Tablet / Aplicación Nexxt Solutions Home compatible con Android y iOS / Compatible con Amazon Alexa y Google Assistant AHIWPSO4U1,Enchufe de pared inteligente Nextt Home / Programación de encendido o apagado / Vinculación inalámbrica a través de WiFi / Interacción vía remota desde Smartphone o Tablet / Aplicación Nexxt Solutions Home compatible con Android y iOS / Compatible con Amazon Alexa y Google Assistant AHIWPSO4U1. Clave Oficial CT: ACCNEX110. Marca: CT.,TELEFONIA Y VIDEO VIGILANCIA,telefonia_seguridad,CT,9.08,177.02,283.23,283.23,238.98,238.98,221.28,212.43,https://static.ctonline.mx/imagenes/ACCNEX110/ACCNEX110_400.jpg,assets/img/catalog/ACCNEX110.jpg
CAMNNN030,"Cámara de seguridad NECNON Modelo NIPCAM-1-LITE lente de 2.0MP y resolución en video HD 1080P, WiFi, Triple antena, Altavoz, Micrófono, Detección de movimiento, Grabación automática,  puertos Ethernet, TF hasta 128 GB, alarma de pánico, envia notificaciones via APP, Hasta 6 cámaras simultáneas, Lente con movimiento, Incluye soporte NBCS1L122M","Cámara de seguridad NECNON Modelo NIPCAM-1-LITE lente de 2.0MP y resolución en video HD 1080P, WiFi, Triple antena, Altavoz, Micrófono, Detección de movimiento, Grabación automática,  puertos Ethernet, TF hasta 128 GB, alarma de pánico, envia notificaciones via APP, Hasta 6 cámaras simultáneas, Lente con movimiento, Incluye soporte NBCS1L122M. Clave Oficial CT: CAMNNN030. Marca: CT.",TELEFONIA Y VIDEO VIGILANCIA,telefonia_seguridad,CT,351.78,6859.79,10975.66,10975.66,9260.72,9260.72,8574.74,8231.75,https://static.ctonline.mx/imagenes/CAMNNN030/CAMNNN030_400.jpg,assets/img/catalog/CAMNNN030.jpg
CAMUNI100,"Cámara Analógica Fija IR HD Tipo Torreta de 2 MP (UAC-T112-F28) con sensor CMOS de 1/3 pulgadas de alto desempeño. Soporta TVI /AHD /CVI / CVBS, lo que mejora de manera efectiva la adaptabilidad del producto y la diversidad de las soluciones de red. La cámara soporta filtro de reflexión IR y proporciona imágenes en color de día e imágenes en blanco y negro de noche, soporta giro horizontal de 180°, giro vertical de 180°, Menú de configuración de OSD en 11 idiomas fácil de manejar, Diseño a prueba de agua y polvo IP67, alta confiabilidad.","Cámara Analógica Fija IR HD Tipo Torreta de 2 MP (UAC-T112-F28) con sensor CMOS de 1/3 pulgadas de alto desempeño. Soporta TVI /AHD /CVI / CVBS, lo que mejora de manera efectiva la adaptabilidad del producto y la diversidad de las soluciones de red. La cámara soporta filtro de reflexión IR y proporciona imágenes en color de día e imágenes en blanco y negro de noche, soporta giro horizontal de 180°, giro vertical de 180°, Menú de configuración de OSD en 11 idiomas fácil de manejar, Diseño a prueba de agua y polvo IP67, alta confiabilidad.. Clave Oficial CT: CAMUNI100. Marca: CT.",TELEFONIA Y VIDEO VIGILANCIA,telefonia_seguridad,CT,7.84,152.9,244.64,244.64,206.41,206.41,191.12,183.48,https://static.ctonline.mx/imagenes/CAMUNI100/CAMUNI100_400.jpg,assets/img/catalog/CAMUNI100.jpg
CAMUNI310,Cámara Analógica Turret Uniarch (UAC-T122-F28-X-H) 2MP / Lente Fijo 2.8 mm / DWDR / IR-Cut-Filter / TVI/AHD/CVI/CVBS / Menu-OSD / Admite giro 180 grados (Horizontal+Vertical) / Plastica / IP67 / 3-Axis / 12VCD,Cámara Analógica Turret Uniarch (UAC-T122-F28-X-H) 2MP / Lente Fijo 2.8 mm / DWDR / IR-Cut-Filter / TVI/AHD/CVI/CVBS / Menu-OSD / Admite giro 180 grados (Horizontal+Vertical) / Plastica / IP67 / 3-Axis / 12VCD. Clave Oficial CT: CAMUNI310. Marca: CT.,TELEFONIA Y VIDEO VIGILANCIA,telefonia_seguridad,CT,9.31,181.48,290.37,290.37,245.0,245.0,226.85,217.78,https://static.ctonline.mx/imagenes/CAMUNI310/CAMUNI310_400.jpg,assets/img/catalog/CAMUNI310.jpg
CAMUNI080,"Cámara Analógica Fija IR HD Tipo Mini Bala de 2 MP (UAC-B112-F28) con sensor CMOS de 1/3 pulgadas de alto desempeño. Soporta TVI /AHD /CVI / CVBS, lo que mejora de manera efectiva la adaptabilidad del producto y la diversidad de las soluciones de red. La cámara soporta filtro de reflexión IR y proporciona imágenes en color de día e imágenes en blanco y negro de noche. Soporta giro horizontal de 180°, giro vertical de 180°, Menú de configuración de OSD en 11 idiomas fácil de manejar, Diseño a prueba de agua y polvo IP67, alta confiabilidad.","Cámara Analógica Fija IR HD Tipo Mini Bala de 2 MP (UAC-B112-F28) con sensor CMOS de 1/3 pulgadas de alto desempeño. Soporta TVI /AHD /CVI / CVBS, lo que mejora de manera efectiva la adaptabilidad del producto y la diversidad de las soluciones de red. La cámara soporta filtro de reflexión IR y proporciona imágenes en color de día e imágenes en blanco y negro de noche. Soporta giro horizontal de 180°, giro vertical de 180°, Menú de configuración de OSD en 11 idiomas fácil de manejar, Diseño a prueba de agua y polvo IP67, alta confiabilidad.. Clave Oficial CT: CAMUNI080. Marca: CT.",TELEFONIA Y VIDEO VIGILANCIA,telefonia_seguridad,CT,11.06,215.61,344.97,344.97,291.07,291.07,269.51,258.73,https://static.ctonline.mx/imagenes/CAMUNI080/CAMUNI080_400.jpg,assets/img/catalog/CAMUNI080.jpg
CAMUNI140,"Cámara Analógica Fija HD Tipo Torreta ColorHunter de 2 MP (UAC-T112-F28-W) con sensor CMOS de 1/3 pulgadas de alto desempeño. Soporta TVI /AHD /CVI / CVBS, lo que mejora de manera efectiva la adaptabilidad del producto y la diversidad de las soluciones de red. Soporta iluminación de luz blanca, imágenes a todo color 24/7, soporta giro horizontal de 180°, giro vertical de 180°, Menú de configuración de OSD en 11 idiomas fácil de manejar, Diseño a prueba de agua y polvo IP67, alta confiabilidad.","Cámara Analógica Fija HD Tipo Torreta ColorHunter de 2 MP (UAC-T112-F28-W) con sensor CMOS de 1/3 pulgadas de alto desempeño. Soporta TVI /AHD /CVI / CVBS, lo que mejora de manera efectiva la adaptabilidad del producto y la diversidad de las soluciones de red. Soporta iluminación de luz blanca, imágenes a todo color 24/7, soporta giro horizontal de 180°, giro vertical de 180°, Menú de configuración de OSD en 11 idiomas fácil de manejar, Diseño a prueba de agua y polvo IP67, alta confiabilidad.. Clave Oficial CT: CAMUNI140. Marca: CT.",TELEFONIA Y VIDEO VIGILANCIA,telefonia_seguridad,CT,11.54,225.03,360.04,360.04,303.78,303.78,281.28,270.03,https://static.ctonline.mx/imagenes/CAMUNI140/CAMUNI140_400.jpg,assets/img/catalog/CAMUNI140.jpg
CAMUNI280,Cámara Analógica Bala LightHunter Uniarch (UAC-B122-AF28LM) 2MP / AHD/TVI/CVI/CVBS / Lente Fijo 2.8mm / 12VCD / IP67 / IR 20M / DWDR / Menu OSD / Micrófono Integrado / DEFOG / Interior / Exterior / Metal Plástica,Cámara Analógica Bala LightHunter Uniarch (UAC-B122-AF28LM) 2MP / AHD/TVI/CVI/CVBS / Lente Fijo 2.8mm / 12VCD / IP67 / IR 20M / DWDR / Menu OSD / Micrófono Integrado / DEFOG / Interior / Exterior / Metal Plástica. Clave Oficial CT: CAMUNI280. Marca: CT.,TELEFONIA Y VIDEO VIGILANCIA,telefonia_seguridad,CT,11.99,233.78,374.05,374.05,315.6,315.6,292.22,280.53,https://static.ctonline.mx/imagenes/CAMUNI280/CAMUNI280_400.jpg,assets/img/catalog/CAMUNI280.jpg
CAMUNI300,Cámara Analógica LightHunter Turret Uniarch (UAC-T122-AF28LM) 2MP / AHD/TVI/CVI/CVBS / Lente Fijo 2.8mm / 12VCD / IP67 / IR 20M / DWDR / Menu OSD / Micrófono Integrado / DEFOG / 3 Axis / Interior / Exterior / Metal Plástica,Cámara Analógica LightHunter Turret Uniarch (UAC-T122-AF28LM) 2MP / AHD/TVI/CVI/CVBS / Lente Fijo 2.8mm / 12VCD / IP67 / IR 20M / DWDR / Menu OSD / Micrófono Integrado / DEFOG / 3 Axis / Interior / Exterior / Metal Plástica. Clave Oficial CT: CAMUNI300. Marca: CT.,TELEFONIA Y VIDEO VIGILANCIA,telefonia_seguridad,CT,12.31,239.98,383.97,383.97,323.98,323.98,299.98,287.98,https://static.ctonline.mx/imagenes/CAMUNI300/CAMUNI300_400.jpg,assets/img/catalog/CAMUNI300.jpg
CAMUNI220,Cámara IP Mini Bala UNIARCH (IPC-B122-APF28-E) / 2MP / Lente Fijo 2.8 mm / Ultra265 / DWDR / ROI / Digital Defog / IR 30m / POE AT / 12VCD / IP67 / ONVIF,Cámara IP Mini Bala UNIARCH (IPC-B122-APF28-E) / 2MP / Lente Fijo 2.8 mm / Ultra265 / DWDR / ROI / Digital Defog / IR 30m / POE AT / 12VCD / IP67 / ONVIF. Clave Oficial CT: CAMUNI220. Marca: CT.,TELEFONIA Y VIDEO VIGILANCIA,telefonia_seguridad,CT,10.8,210.51,336.82,336.82,284.19,284.19,263.14,252.61,https://static.ctonline.mx/imagenes/CAMUNI220/CAMUNI220_400.jpg,assets/img/catalog/CAMUNI220.jpg
CAMUNI240,Cámara IP Turret UNIARCH (IPC-T122-APF28-E) / 2MP / Lente Fijo 2.8 mm / Ultra265 / DWDR / 2D/3D DNR / Micrófono Integrado / Digital Defog / IR 30m / POE 12VCD / IP67,Cámara IP Turret UNIARCH (IPC-T122-APF28-E) / 2MP / Lente Fijo 2.8 mm / Ultra265 / DWDR / 2D/3D DNR / Micrófono Integrado / Digital Defog / IR 30m / POE 12VCD / IP67. Clave Oficial CT: CAMUNI240. Marca: CT.,TELEFONIA Y VIDEO VIGILANCIA,telefonia_seguridad,CT,10.8,210.51,336.82,336.82,284.19,284.19,263.14,252.61,https://static.ctonline.mx/imagenes/CAMUNI240/CAMUNI240_400.jpg,assets/img/catalog/CAMUNI240.jpg
CAMUNI120,"Cámara Analógica Fija HD Tipo Mini Bala ColorHunter de 2 MP (UAC-B112-F28-W) con sensor CMOS de 1/3 pulgadas de alto desempeño. Soporta TVI /AHD /CVI / CVBS, lo que mejora de manera efectiva la adaptabilidad del producto y la diversidad de las soluciones de red. Soporta iluminación de luz blanca, imágenes a todo color 24/7, soporta giro horizontal de 180°, giro vertical de 180°, Menú de configuración de OSD en 11 idiomas fácil de manejar, Diseño a prueba de agua y polvo IP67, alta confiabilidad.","Cámara Analógica Fija HD Tipo Mini Bala ColorHunter de 2 MP (UAC-B112-F28-W) con sensor CMOS de 1/3 pulgadas de alto desempeño. Soporta TVI /AHD /CVI / CVBS, lo que mejora de manera efectiva la adaptabilidad del producto y la diversidad de las soluciones de red. Soporta iluminación de luz blanca, imágenes a todo color 24/7, soporta giro horizontal de 180°, giro vertical de 180°, Menú de configuración de OSD en 11 idiomas fácil de manejar, Diseño a prueba de agua y polvo IP67, alta confiabilidad.. Clave Oficial CT: CAMUNI120. Marca: CT.",TELEFONIA Y VIDEO VIGILANCIA,telefonia_seguridad,CT,13.09,255.27,408.44,408.44,344.62,344.62,319.09,306.33,https://static.ctonline.mx/imagenes/CAMUNI120/CAMUNI120_400.jpg,assets/img/catalog/CAMUNI120.jpg
CAMUNI290,Cámara Analógica Domo LightHunter Uniarch (UAC-D122-AF28M) 2MP / AHD/TVI/CVI/CVBS / Lente Fijo 2.8 mm / 12 VCD / IP67 / IR 20M / DWDR / Menu OSD / Micrófono Incluido / Defog / 3 AXIS / Interior / Exterior / Metálica,Cámara Analógica Domo LightHunter Uniarch (UAC-D122-AF28M) 2MP / AHD/TVI/CVI/CVBS / Lente Fijo 2.8 mm / 12 VCD / IP67 / IR 20M / DWDR / Menu OSD / Micrófono Incluido / Defog / 3 AXIS / Interior / Exterior / Metálica. Clave Oficial CT: CAMUNI290. Marca: CT.,TELEFONIA Y VIDEO VIGILANCIA,telefonia_seguridad,CT,14.9,290.51,464.81,464.81,392.18,392.18,363.13,348.61,https://static.ctonline.mx/imagenes/CAMUNI290/CAMUNI290_400.jpg,assets/img/catalog/CAMUNI290.jpg
CAMUNI320,Cámara IP Turret Uniarch (IPC-T132-AF28-ECO) 2MP / Lente Fijo 2.8 mm / DWDR / IR30M / Micrófono Integrado / Human Body Detection 2.0 / ROI / Audio Detection / POE-AF / ONVIF / Uso en Interior / 3-Axis / Ultra 265,Cámara IP Turret Uniarch (IPC-T132-AF28-ECO) 2MP / Lente Fijo 2.8 mm / DWDR / IR30M / Micrófono Integrado / Human Body Detection 2.0 / ROI / Audio Detection / POE-AF / ONVIF / Uso en Interior / 3-Axis / Ultra 265. Clave Oficial CT: CAMUNI320. Marca: CT.,TELEFONIA Y VIDEO VIGILANCIA,telefonia_seguridad,CT,15.28,298.04,476.86,476.86,402.35,402.35,372.55,357.65,https://static.ctonline.mx/imagenes/CAMUNI320/CAMUNI320_400.jpg,assets/img/catalog/CAMUNI320.jpg
CAMUNI330,Cámara IP Mini PT Uniarch (Uho-S2) 2MP / Ultra 265 / 5 VCC / DWDR / Lente Fijo de 3.6mm / IR10M / MicroSD 256GB / Micrófono + Altavoz / Autotracking / Human Body Detection / Wifi 2.4 GHz / Interior,Cámara IP Mini PT Uniarch (Uho-S2) 2MP / Ultra 265 / 5 VCC / DWDR / Lente Fijo de 3.6mm / IR10M / MicroSD 256GB / Micrófono + Altavoz / Autotracking / Human Body Detection / Wifi 2.4 GHz / Interior. Clave Oficial CT: CAMUNI330. Marca: CT.,TELEFONIA Y VIDEO VIGILANCIA,telefonia_seguridad,CT,15.34,299.15,478.64,478.64,403.85,403.85,373.93,358.98,https://static.ctonline.mx/imagenes/CAMUNI330/CAMUNI330_400.jpg,assets/img/catalog/CAMUNI330.jpg
CAMUNI110,"Cámara Analógica Fija IR HD Tipo Torreta de 5 MP (UAC-T115-F28) con sensor CMOS de 1/2.7 pulgadas de alto desempeño. Soporta TVI /AHD /CVI / CVBS, lo que mejora de manera efectiva la adaptabilidad del producto y la diversidad de las soluciones de red. La cámara soporta filtro de reflexión IR y proporciona imágenes en color de día e imágenes en blanco y negro de noche. Soporta giro horizontal de 180°, giro vertical de 180°, Menú de configuración de OSD en 11 idiomas fácil de manejar, Diseño a prueba de agua y polvo IP67, alta confiabilidad.","Cámara Analógica Fija IR HD Tipo Torreta de 5 MP (UAC-T115-F28) con sensor CMOS de 1/2.7 pulgadas de alto desempeño. Soporta TVI /AHD /CVI / CVBS, lo que mejora de manera efectiva la adaptabilidad del producto y la diversidad de las soluciones de red. La cámara soporta filtro de reflexión IR y proporciona imágenes en color de día e imágenes en blanco y negro de noche. Soporta giro horizontal de 180°, giro vertical de 180°, Menú de configuración de OSD en 11 idiomas fácil de manejar, Diseño a prueba de agua y polvo IP67, alta confiabilidad.. Clave Oficial CT: CAMUNI110. Marca: CT.",TELEFONIA Y VIDEO VIGILANCIA,telefonia_seguridad,CT,16.22,316.21,505.94,505.94,426.88,426.88,395.26,379.45,https://static.ctonline.mx/imagenes/CAMUNI110/CAMUNI110_400.jpg,assets/img/catalog/CAMUNI110.jpg
CAMUNI090,"Cámara Analógica Fija IR HD Tipo Mini Bala de 5 MP (UAC-B115-F28) con sensor CMOS de 1/2.7 pulgadas de alto desempeño. Soporta TVI /AHD /CVI / CVBS, lo que mejora de manera efectiva la adaptabilidad del producto y la diversidad de las soluciones de red. La cámara soporta filtro de reflexión IR y proporciona imágenes en color de día e imágenes en blanco y negro de noche. Soporta giro horizontal de 180°, giro vertical de 180°, Menú de configuración de OSD en 11 idiomas fácil de manejar, Diseño a prueba de agua y polvo IP67, alta confiabilidad.","Cámara Analógica Fija IR HD Tipo Mini Bala de 5 MP (UAC-B115-F28) con sensor CMOS de 1/2.7 pulgadas de alto desempeño. Soporta TVI /AHD /CVI / CVBS, lo que mejora de manera efectiva la adaptabilidad del producto y la diversidad de las soluciones de red. La cámara soporta filtro de reflexión IR y proporciona imágenes en color de día e imágenes en blanco y negro de noche. Soporta giro horizontal de 180°, giro vertical de 180°, Menú de configuración de OSD en 11 idiomas fácil de manejar, Diseño a prueba de agua y polvo IP67, alta confiabilidad.. Clave Oficial CT: CAMUNI090. Marca: CT.",TELEFONIA Y VIDEO VIGILANCIA,telefonia_seguridad,CT,17.47,340.59,544.94,544.94,459.79,459.79,425.73,408.7,https://static.ctonline.mx/imagenes/CAMUNI090/CAMUNI090_400.jpg,assets/img/catalog/CAMUNI090.jpg
CAMUNI150,"Cámara Analógica Fija HD Tipo Torreta ColorHunter de 5 MP (UAC-T115-F28-W) con sensor CMOS de 1/2.7 pulgadas de alto desempeño. Soporta TVI /AHD /CVI / CVBS, lo que mejora de manera efectiva la adaptabilidad del producto y la diversidad de las soluciones de red. Soporta iluminación de luz blanca, imágenes a todo color 24/7, soporta giro horizontal de 180°, giro vertical de 180°, Menú de configuración de OSD en 11 idiomas fácil de manejar, Diseño a prueba de agua y polvo IP67, alta confiabilidad.","Cámara Analógica Fija HD Tipo Torreta ColorHunter de 5 MP (UAC-T115-F28-W) con sensor CMOS de 1/2.7 pulgadas de alto desempeño. Soporta TVI /AHD /CVI / CVBS, lo que mejora de manera efectiva la adaptabilidad del producto y la diversidad de las soluciones de red. Soporta iluminación de luz blanca, imágenes a todo color 24/7, soporta giro horizontal de 180°, giro vertical de 180°, Menú de configuración de OSD en 11 idiomas fácil de manejar, Diseño a prueba de agua y polvo IP67, alta confiabilidad.. Clave Oficial CT: CAMUNI150. Marca: CT.",TELEFONIA Y VIDEO VIGILANCIA,telefonia_seguridad,CT,19.08,372.05,595.28,595.28,502.27,502.27,465.06,446.46,https://static.ctonline.mx/imagenes/CAMUNI150/CAMUNI150_400.jpg,assets/img/catalog/CAMUNI150.jpg
CAMUNI130,"Cámara Analógica Fija HD Tipo Mini Bala ColorHunter de 5 MP (UAC-B115-F28-W)  con sensor CMOS de 1/2.7 pulgadas de alto desempeño. Soporta TVI /AHD /CVI / CVBS, lo que mejora de manera efectiva la adaptabilidad del producto y la diversidad de las soluciones de red. Soporta iluminación de luz blanca, imágenes a todo color 24/7, soporta giro horizontal de 180°, giro vertical de 180°, Menú de configuración de OSD en 11 idiomas fácil de manejar, Diseño a prueba de agua y polvo IP67, alta confiabilidad.","Cámara Analógica Fija HD Tipo Mini Bala ColorHunter de 5 MP (UAC-B115-F28-W)  con sensor CMOS de 1/2.7 pulgadas de alto desempeño. Soporta TVI /AHD /CVI / CVBS, lo que mejora de manera efectiva la adaptabilidad del producto y la diversidad de las soluciones de red. Soporta iluminación de luz blanca, imágenes a todo color 24/7, soporta giro horizontal de 180°, giro vertical de 180°, Menú de configuración de OSD en 11 idiomas fácil de manejar, Diseño a prueba de agua y polvo IP67, alta confiabilidad.. Clave Oficial CT: CAMUNI130. Marca: CT.",TELEFONIA Y VIDEO VIGILANCIA,telefonia_seguridad,CT,19.33,376.93,603.08,603.08,508.85,508.85,471.16,452.31,https://static.ctonline.mx/imagenes/CAMUNI130/CAMUNI130_400.jpg,assets/img/catalog/CAMUNI130.jpg
CAMUNI340,Cámara IP Bala Wifi Uniarch (Uho-B2R-M2F3) 2MP / FullHD / DWDR / Ultra265 / 12VCD / 3 Axis / Lente Fijo de 2.8mm / IR Inteligente de hasta 20M / MicroSD 128GB / Micrófono + Altavoz / Human Body Detection / Audio Detection / IP67,Cámara IP Bala Wifi Uniarch (Uho-B2R-M2F3) 2MP / FullHD / DWDR / Ultra265 / 12VCD / 3 Axis / Lente Fijo de 2.8mm / IR Inteligente de hasta 20M / MicroSD 128GB / Micrófono + Altavoz / Human Body Detection / Audio Detection / IP67. Clave Oficial CT: CAMUNI340. Marca: CT.,TELEFONIA Y VIDEO VIGILANCIA,telefonia_seguridad,CT,20.45,398.86,638.18,638.18,538.47,538.47,498.58,478.64,https://static.ctonline.mx/imagenes/CAMUNI340/CAMUNI340_400.jpg,assets/img/catalog/CAMUNI340.jpg
CAMUNI190,Cámara IP Mini PT WiFi UNIARCH (UHO-S2E-M3) / 3MP / Ultra 265 / DWDR / Lente Fijo de 4.0 mm / IR hasta 10m / Micrófono y Altavoz Integrados / Human Body Detection / Auto Tracking / Detección de Audio / Detección de Movimiento / Ranura para MicroSD hasta 256 GB / IP66,Cámara IP Mini PT WiFi UNIARCH (UHO-S2E-M3) / 3MP / Ultra 265 / DWDR / Lente Fijo de 4.0 mm / IR hasta 10m / Micrófono y Altavoz Integrados / Human Body Detection / Auto Tracking / Detección de Audio / Detección de Movimiento / Ranura para MicroSD hasta 256 GB / IP66. Clave Oficial CT: CAMUNI190. Marca: CT.,TELEFONIA Y VIDEO VIGILANCIA,telefonia_seguridad,CT,21.57,420.58,672.93,672.93,567.78,567.78,525.72,504.7,https://static.ctonline.mx/imagenes/CAMUNI190/CAMUNI190_400.jpg,assets/img/catalog/CAMUNI190.jpg
CAMUNI390,Cámara IP Turret Uniarch (IPC-T134-AF28-ECO) 4MP / Lente Fijo 2.8 mm / DWDR / Micrófono Integrado / ROI / Human Body Detection 2.0 / Audio Detection / IR 30M / ONVIF / Ultra265 / PoE / 3 Axis / No incluye glándula impermeable,Cámara IP Turret Uniarch (IPC-T134-AF28-ECO) 4MP / Lente Fijo 2.8 mm / DWDR / Micrófono Integrado / ROI / Human Body Detection 2.0 / Audio Detection / IR 30M / ONVIF / Ultra265 / PoE / 3 Axis / No incluye glándula impermeable. Clave Oficial CT: CAMUNI390. Marca: CT.,TELEFONIA Y VIDEO VIGILANCIA,telefonia_seguridad,CT,23.86,465.34,744.55,744.55,628.21,628.21,581.68,558.41,https://static.ctonline.mx/imagenes/CAMUNI390/CAMUNI390_400.jpg,assets/img/catalog/CAMUNI390.jpg
CAMUNI380,Cámara IP Bala Uniarch (IPC-B134-AF28-ECO) 4MP / Lente Fijo 2.8 mm / DWDR / Micrófono Integrado / Human Body Detection 2.0 / IR 30M / ONVIF / Ultra265 / PoE / 3 Axis / IP67,Cámara IP Bala Uniarch (IPC-B134-AF28-ECO) 4MP / Lente Fijo 2.8 mm / DWDR / Micrófono Integrado / Human Body Detection 2.0 / IR 30M / ONVIF / Ultra265 / PoE / 3 Axis / IP67. Clave Oficial CT: CAMUNI380. Marca: CT.,TELEFONIA Y VIDEO VIGILANCIA,telefonia_seguridad,CT,23.86,465.34,744.55,744.55,628.21,628.21,581.68,558.41,https://static.ctonline.mx/imagenes/CAMUNI380/CAMUNI380_400.jpg,assets/img/catalog/CAMUNI380.jpg
CAMUNI200,Cámara IP Bala WiFi UNIARCH (UHO-B1R-M2F3) / 2MP / Ultra65 / 12 VCD / DWDR / Lente Fijo de 2.8 mm / IR hasta 30M / Micrófono Integrado / Human Body Detection / Detección de Audio / Detección de Movimiento / Ranura para MicroSD hasta 128 GB,Cámara IP Bala WiFi UNIARCH (UHO-B1R-M2F3) / 2MP / Ultra65 / 12 VCD / DWDR / Lente Fijo de 2.8 mm / IR hasta 30M / Micrófono Integrado / Human Body Detection / Detección de Audio / Detección de Movimiento / Ranura para MicroSD hasta 128 GB. Clave Oficial CT: CAMUNI200. Marca: CT.,TELEFONIA Y VIDEO VIGILANCIA,telefonia_seguridad,CT,23.97,467.34,747.74,747.74,630.9,630.9,584.17,560.8,https://static.ctonline.mx/imagenes/CAMUNI200/CAMUNI200_400.jpg,assets/img/catalog/CAMUNI200.jpg
CAMUNI350,Cámara IP Mini PTZ Wifi Uniarch (Uho-P2A-M3F4D) 3MP / Lente Fijo 4mm / DWDR / IR30M / Luz Cálida 10M (Dual Light) / MicroSD 512GB / Micrófono + Altavoz / Human Body Detection / Paneo + Tildeo / IP66 / Ultra265 / 12VCD / Grafeno / Serie Panda P,Cámara IP Mini PTZ Wifi Uniarch (Uho-P2A-M3F4D) 3MP / Lente Fijo 4mm / DWDR / IR30M / Luz Cálida 10M (Dual Light) / MicroSD 512GB / Micrófono + Altavoz / Human Body Detection / Paneo + Tildeo / IP66 / Ultra265 / 12VCD / Grafeno / Serie Panda P. Clave Oficial CT: CAMUNI350. Marca: CT.,TELEFONIA Y VIDEO VIGILANCIA,telefonia_seguridad,CT,25.5,497.25,795.6,795.6,671.29,671.29,621.56,596.7,https://static.ctonline.mx/imagenes/CAMUNI350/CAMUNI350_400.jpg,assets/img/catalog/CAMUNI350.jpg
CAMUNI180,Cámara Análoga PT UNIARCH (UAC-P112-AF40-W-H) / 2MP / Micrófono Embebido / Transmisión Vía Coaxial / ColorHunter / Lente 4.0 mm  / IP66 / 12 VCD / Plástica,Cámara Análoga PT UNIARCH (UAC-P112-AF40-W-H) / 2MP / Micrófono Embebido / Transmisión Vía Coaxial / ColorHunter / Lente 4.0 mm  / IP66 / 12 VCD / Plástica. Clave Oficial CT: CAMUNI180. Marca: CT.,TELEFONIA Y VIDEO VIGILANCIA,telefonia_seguridad,CT,26.48,516.31,826.09,826.09,697.01,697.01,645.38,619.57,https://static.ctonline.mx/imagenes/CAMUNI180/CAMUNI180_400.jpg,assets/img/catalog/CAMUNI180.jpg
CAMUNI360,Cámara IP Doble Lente Wifi Uniarch (Uho-S3S-M33D) 3MP+3MP / Lente 4mm / DWDR / IR10M / Luz Cálida Dual Light / MicroSD 512GB / Micrófono + Altavoz / Human Body Detection / Detección Vehículo-Mascota-Llanto / USB-C / Interior / Serie Panda,Cámara IP Doble Lente Wifi Uniarch (Uho-S3S-M33D) 3MP+3MP / Lente 4mm / DWDR / IR10M / Luz Cálida Dual Light / MicroSD 512GB / Micrófono + Altavoz / Human Body Detection / Detección Vehículo-Mascota-Llanto / USB-C / Interior / Serie Panda. Clave Oficial CT: CAMUNI360. Marca: CT.,TELEFONIA Y VIDEO VIGILANCIA,telefonia_seguridad,CT,31.82,620.45,992.73,992.73,837.61,837.61,775.57,744.55,https://static.ctonline.mx/imagenes/CAMUNI360/CAMUNI360_400.jpg,assets/img/catalog/CAMUNI360.jpg
CAMUNI230,Cámara IP Bala UNIARCH (IPC-B124-APF28K) 4MP / Ultra265 / Lente Fijo 2.8 mm / DWDR / Micrófono Embebido / Ranura para MicroSD hasta 128GB / Digital Defog / IR 30m / POE / 12VCD /  IP67,Cámara IP Bala UNIARCH (IPC-B124-APF28K) 4MP / Ultra265 / Lente Fijo 2.8 mm / DWDR / Micrófono Embebido / Ranura para MicroSD hasta 128GB / Digital Defog / IR 30m / POE / 12VCD /  IP67. Clave Oficial CT: CAMUNI230. Marca: CT.,TELEFONIA Y VIDEO VIGILANCIA,telefonia_seguridad,CT,35.62,694.69,1111.5,1111.5,937.83,937.83,868.36,833.62,https://static.ctonline.mx/imagenes/CAMUNI230/CAMUNI230_400.jpg,assets/img/catalog/CAMUNI230.jpg
CAMUNI260,Cámara IP Bala UNIARCH (IPC-B233-APF40W) / 3MP / Ultra265 / IR 50m / Micrófono Embebido / Lente Fijo 4.0 mm / Smart IR / Analíticas Human Body Detection / IP67 / POE / 12 VCD / Metal Plástica,Cámara IP Bala UNIARCH (IPC-B233-APF40W) / 3MP / Ultra265 / IR 50m / Micrófono Embebido / Lente Fijo 4.0 mm / Smart IR / Analíticas Human Body Detection / IP67 / POE / 12 VCD / Metal Plástica. Clave Oficial CT: CAMUNI260. Marca: CT.,TELEFONIA Y VIDEO VIGILANCIA,telefonia_seguridad,CT,30.23,589.43,943.09,943.09,795.73,795.73,736.79,707.32,https://static.ctonline.mx/imagenes/CAMUNI260/CAMUNI260_400.jpg,assets/img/catalog/CAMUNI260.jpg
CAMUNI250,Cámara IP Turret UNIARCH (IPC-T124-APF28K) / 4MP / Ultra265 / Lente Fijo 2.8 mm / IP67 / DWDR / Micrófono Embebido / Ranura para MicroSD / Digital Defog / IR 30m / POE / 12 VCD / 3 Axis,Cámara IP Turret UNIARCH (IPC-T124-APF28K) / 4MP / Ultra265 / Lente Fijo 2.8 mm / IP67 / DWDR / Micrófono Embebido / Ranura para MicroSD / Digital Defog / IR 30m / POE / 12 VCD / 3 Axis. Clave Oficial CT: CAMUNI250. Marca: CT.,TELEFONIA Y VIDEO VIGILANCIA,telefonia_seguridad,CT,36.27,707.32,1131.71,1131.71,954.88,954.88,884.15,848.78,https://static.ctonline.mx/imagenes/CAMUNI250/CAMUNI250_400.jpg,assets/img/catalog/CAMUNI250.jpg
CAMUNI370,Cámara IP PTZ Doble Lente Wifi Uniarch (Uho-P2S-M33F34) 3MP+3MP / Lente Fijo / DWDR / IR30M / Luz Cálida 10M / MicroSD 512GB / Micrófono + Altavoz / Paneo + Tildeo / Ultra Motion Detection / IP66 / Ultra265 / 12VCD / Exterior / Serie Panda,Cámara IP PTZ Doble Lente Wifi Uniarch (Uho-P2S-M33F34) 3MP+3MP / Lente Fijo / DWDR / IR30M / Luz Cálida 10M / MicroSD 512GB / Micrófono + Altavoz / Paneo + Tildeo / Ultra Motion Detection / IP66 / Ultra265 / 12VCD / Exterior / Serie Panda. Clave Oficial CT: CAMUNI370. Marca: CT.,TELEFONIA Y VIDEO VIGILANCIA,telefonia_seguridad,CT,38.64,753.41,1205.45,1205.45,1017.1,1017.1,941.76,904.09,https://static.ctonline.mx/imagenes/CAMUNI370/CAMUNI370_400.jpg,assets/img/catalog/CAMUNI370.jpg
CAMUNI210,Cámara IP Mini PT WiFi UNIARCH (UHO-P1A-M3F4D) / 3MP / Ultra265 / DC 12V / DWDR / Lente Fijo de 4.0 mm / IR Dual (IR hasta 30m / Luz Cálida 30m) / Micrófono y Altavoz Embebido / Human Body Detection / Auto Tracking / Detección de Audio / Interior y Exterior / IP66,Cámara IP Mini PT WiFi UNIARCH (UHO-P1A-M3F4D) / 3MP / Ultra265 / DC 12V / DWDR / Lente Fijo de 4.0 mm / IR Dual (IR hasta 30m / Luz Cálida 30m) / Micrófono y Altavoz Embebido / Human Body Detection / Auto Tracking / Detección de Audio / Interior y Exterior / IP66. Clave Oficial CT: CAMUNI210. Marca: CT.,TELEFONIA Y VIDEO VIGILANCIA,telefonia_seguridad,CT,41.26,804.6,1287.35,1287.35,1086.21,1086.21,1005.75,965.52,https://static.ctonline.mx/imagenes/CAMUNI210/CAMUNI210_400.jpg,assets/img/catalog/CAMUNI210.jpg
CAMUNI160,Cámara IP PT UNIARCH (IPC-P213-AF40KC) / 3MP / Ultra265 / Lente Fijo 4.0 mm / IP66 / DWDR / Micrófono Embebido / Bocina Embebida / Ranura para MicroSD 256 GB / IR 30m / POE /12VCD / Analíticas / Interior-Exterior (Incluye brazo de pared),Cámara IP PT UNIARCH (IPC-P213-AF40KC) / 3MP / Ultra265 / Lente Fijo 4.0 mm / IP66 / DWDR / Micrófono Embebido / Bocina Embebida / Ranura para MicroSD 256 GB / IR 30m / POE /12VCD / Analíticas / Interior-Exterior (Incluye brazo de pared). Clave Oficial CT: CAMUNI160. Marca: CT.,TELEFONIA Y VIDEO VIGILANCIA,telefonia_seguridad,CT,39.2,764.49,1223.18,1223.18,1032.06,1032.06,955.61,917.39,https://static.ctonline.mx/imagenes/CAMUNI160/CAMUNI160_400.jpg,assets/img/catalog/CAMUNI160.jpg
CAMUNI400,Cámara IP Domo Uniarch (IPC-D312-APKZ) 2MP / Lente Motorizado 2.8-12mm / WDR 120DB / Micrófono Embebido / Ranura para MicroSD 128 GB / IR 50m / POE AT y 12VCD / Analíticas Human Body Detection / IP67,Cámara IP Domo Uniarch (IPC-D312-APKZ) 2MP / Lente Motorizado 2.8-12mm / WDR 120DB / Micrófono Embebido / Ranura para MicroSD 128 GB / IR 50m / POE AT y 12VCD / Analíticas Human Body Detection / IP67. Clave Oficial CT: CAMUNI400. Marca: CT.,TELEFONIA Y VIDEO VIGILANCIA,telefonia_seguridad,CT,55.0,1072.5,1716.0,1716.0,1447.88,1447.88,1340.62,1287.0,https://static.ctonline.mx/imagenes/CAMUNI400/CAMUNI400_400.jpg,assets/img/catalog/CAMUNI400.jpg
CAMUNI270,Cámara IP Bala UNIARCH (IPC-B312-APKZ) / 2MP / Ultra265/ Lente Motorizado 2.8-12 mm / WDR 120DB / Micrófono Embebido / Ranura para MicroSD 128 GB / IR 50m / POE AT y 12VCD / Analíticas Human Body Detection / IP67,Cámara IP Bala UNIARCH (IPC-B312-APKZ) / 2MP / Ultra265/ Lente Motorizado 2.8-12 mm / WDR 120DB / Micrófono Embebido / Ranura para MicroSD 128 GB / IR 50m / POE AT y 12VCD / Analíticas Human Body Detection / IP67. Clave Oficial CT: CAMUNI270. Marca: CT.,TELEFONIA Y VIDEO VIGILANCIA,telefonia_seguridad,CT,55.0,1072.5,1716.0,1716.0,1447.88,1447.88,1340.62,1287.0,https://static.ctonline.mx/imagenes/CAMUNI270/CAMUNI270_400.jpg,assets/img/catalog/CAMUNI270.jpg
CAMUNI420,Cámara PT Solar 4g Uniarch (Uho-P2G-M3F4D-LA) 3MP / Lente 4mm / Dual-Light / DWDR / IR30M / Luz Cálida 30M / MicroSD 512GB / ANR / Micrófono + Altavoz Integrado / 3D-DNR / Ultra Motion Detection / 4G Card Nano SIM / LTE-FDD / IP66 / Grafeno / Bateria10AH / Ultra265 / 12VCD / Soporte Incluido / Admite dos tipos de montaje / Serie Panda,Cámara PT Solar 4g Uniarch (Uho-P2G-M3F4D-LA) 3MP / Lente 4mm / Dual-Light / DWDR / IR30M / Luz Cálida 30M / MicroSD 512GB / ANR / Micrófono + Altavoz Integrado / 3D-DNR / Ultra Motion Detection / 4G Card Nano SIM / LTE-FDD / IP66 / Grafeno / Bateria10AH / Ultra265 / 12VCD / Soporte Incluido / Admite dos tipos de montaje / Serie Panda. Clave Oficial CT: CAMUNI420. Marca: CT.,TELEFONIA Y VIDEO VIGILANCIA,telefonia_seguridad,CT,132.95,2592.61,4148.18,4148.18,3500.03,3500.03,3240.77,3111.14,https://static.ctonline.mx/imagenes/CAMUNI420/CAMUNI420_400.jpg,assets/img/catalog/CAMUNI420.jpg
DVRUNI010,DVR 4 Canales Pentahíbrido 1080P Lite (XVR-104F) / H.265 / 4CH BNC + 2CH IP / Almacenamiento 6TB / 12 VDC,DVR 4 Canales Pentahíbrido 1080P Lite (XVR-104F) / H.265 / 4CH BNC + 2CH IP / Almacenamiento 6TB / 12 VDC. Clave Oficial CT: DVRUNI010. Marca: CT.,TELEFONIA Y VIDEO VIGILANCIA,telefonia_seguridad,CT,24.66,480.85,769.36,769.36,649.15,649.15,601.07,577.02,https://static.ctonline.mx/imagenes/DVRUNI010/DVRUNI010_400.jpg,assets/img/catalog/DVRUNI010.jpg
DVRUNI020,DVR 8 Canales Pentahíbrido 1080P Lite (XVR-108F) / H.265 / 8CH BNC + 2CH IP / Almacenamiento 6TB / 12 VDC,DVR 8 Canales Pentahíbrido 1080P Lite (XVR-108F) / H.265 / 8CH BNC + 2CH IP / Almacenamiento 6TB / 12 VDC. Clave Oficial CT: DVRUNI020. Marca: CT.,TELEFONIA Y VIDEO VIGILANCIA,telefonia_seguridad,CT,28.5,555.75,889.2,889.2,750.26,750.26,694.69,666.9,https://static.ctonline.mx/imagenes/DVRUNI020/DVRUNI020_400.jpg,assets/img/catalog/DVRUNI020.jpg
NVRUNI030,"XVR-G3 (XVR-104G3) Compatible con formatos de video H.265/H.264, Admite audio a través de cable coaxial, Compatible con cámaras TVI, AHD, CVI, CVBS,IP con acceso adaptativo, Entrada BNC de 4 canales, Admite 1 canal HDMI y 1 canal de salida VGA con una resolución de hasta 1920x1080, larga distancia de transmisión por cable coaxial y admite las cámaras principales de los protocolos ONVIF y RTSP.","XVR-G3 (XVR-104G3) Compatible con formatos de video H.265/H.264, Admite audio a través de cable coaxial, Compatible con cámaras TVI, AHD, CVI, CVBS,IP con acceso adaptativo, Entrada BNC de 4 canales, Admite 1 canal HDMI y 1 canal de salida VGA con una resolución de hasta 1920x1080, larga distancia de transmisión por cable coaxial y admite las cámaras principales de los protocolos ONVIF y RTSP.. Clave Oficial CT: NVRUNI030. Marca: CT.",TELEFONIA Y VIDEO VIGILANCIA,telefonia_seguridad,CT,33.12,645.94,1033.5,1033.5,872.02,872.02,807.42,775.12,https://static.ctonline.mx/imagenes/NVRUNI030/NVRUNI030_400.jpg,assets/img/catalog/NVRUNI030.jpg
NVRUNI040,"XVR-G3 (XVR-108G3) Compatible con formatos de video H.265/H.264, Admite audio a través de cable coaxial, Compatible con cámaras TVI, AHD, CVI, CVBS,IP con acceso adaptativo, Entrada BNC de 8 canales, Admite 1 canal HDMI y 1 canal de salida VGA con una resolución de hasta 1920x1080, larga distancia de transmisión por cable coaxial y admite las cámaras principales de los protocolos ONVIF y RTSP.","XVR-G3 (XVR-108G3) Compatible con formatos de video H.265/H.264, Admite audio a través de cable coaxial, Compatible con cámaras TVI, AHD, CVI, CVBS,IP con acceso adaptativo, Entrada BNC de 8 canales, Admite 1 canal HDMI y 1 canal de salida VGA con una resolución de hasta 1920x1080, larga distancia de transmisión por cable coaxial y admite las cámaras principales de los protocolos ONVIF y RTSP.. Clave Oficial CT: NVRUNI040. Marca: CT.",TELEFONIA Y VIDEO VIGILANCIA,telefonia_seguridad,CT,35.24,687.15,1099.45,1099.45,927.66,927.66,858.94,824.58,https://static.ctonline.mx/imagenes/NVRUNI040/NVRUNI040_400.jpg,assets/img/catalog/NVRUNI040.jpg
CABUNI030,"Cable de Red, cable UTP Categoría 6 CCA (CAB-6-CCA) CAT6/UTP/100m/27%CCA/0.585±0.05mm","Cable de Red, cable UTP Categoría 6 CCA (CAB-6-CCA) CAT6/UTP/100m/27%CCA/0.585±0.05mm. Clave Oficial CT: CABUNI030. Marca: CT.",TELEFONIA Y VIDEO VIGILANCIA,telefonia_seguridad,CT,20.28,395.54,632.86,632.86,533.98,533.98,494.42,474.65,https://static.ctonline.mx/imagenes/CABUNI030/CABUNI030_400.jpg,assets/img/catalog/CABUNI030.jpg
CABUNI040,Cableado UTP Cat5e UNV (CAB-LC2100A-IN) Forro PVC Azul / 4 Pares Calibre 23 AWG / 100% Cobre / Uso Interior,Cableado UTP Cat5e UNV (CAB-LC2100A-IN) Forro PVC Azul / 4 Pares Calibre 23 AWG / 100% Cobre / Uso Interior. Clave Oficial CT: CABUNI040. Marca: CT.,TELEFONIA Y VIDEO VIGILANCIA,telefonia_seguridad,CT,69.32,1351.7,2162.73,2162.73,1824.8,1824.8,1689.63,1622.05,https://static.ctonline.mx/imagenes/CABUNI040/CABUNI040_400.jpg,assets/img/catalog/CABUNI040.jpg
CABUNI050,Cableado UTP Cat6 UNV (CAB-LC3100A-IN) Forro PVC Azul / 4 Pares Calibre 23 AWG / 100% Cobre / Uso Interior,Cableado UTP Cat6 UNV (CAB-LC3100A-IN) Forro PVC Azul / 4 Pares Calibre 23 AWG / 100% Cobre / Uso Interior. Clave Oficial CT: CABUNI050. Marca: CT.,TELEFONIA Y VIDEO VIGILANCIA,telefonia_seguridad,CT,93.75,1828.12,2925.0,2925.0,2467.97,2467.97,2285.16,2193.75,https://static.ctonline.mx/imagenes/CABUNI050/CABUNI050_400.jpg,assets/img/catalog/CABUNI050.jpg
CAMUNV200,Cámara IP Turret UNV (IPC3622LE-ADF28K-WP) / 2MP / Lente-2.8 mm / WDR 120dB / IR 30m / MicroSD 512GB / Micrófono Integrado / Ultra Motion Detection / ONVIF / IP67 / 3-AXIS / Metálica + Plástico (Grafeno) / EasyStar / Ultra265 / Modo Corredor,Cámara IP Turret UNV (IPC3622LE-ADF28K-WP) / 2MP / Lente-2.8 mm / WDR 120dB / IR 30m / MicroSD 512GB / Micrófono Integrado / Ultra Motion Detection / ONVIF / IP67 / 3-AXIS / Metálica + Plástico (Grafeno) / EasyStar / Ultra265 / Modo Corredor. Clave Oficial CT: CAMUNV200. Marca: CT.,TELEFONIA Y VIDEO VIGILANCIA,telefonia_seguridad,CT,71.27,1389.82,2223.71,2223.71,1876.25,1876.25,1737.27,1667.78,https://static.ctonline.mx/imagenes/CAMUNV200/CAMUNV200_400.jpg,assets/img/catalog/CAMUNV200.jpg
CAMUNV210,Cámara IP Bala UNV (IPC2312LE-ADF28KM-WP) / 2 MP / Lente 2.8 mm / WDR 120dB / IR 30m / MicroSD 512GB / Micrófono Integrado / Ultra Motion Detection / Human Body Detection / ONVIF / IP67 / 3-AXIS / Metálica + Plástico (Grafeno) / EasyStar / Ultra265 / Modo Corredor,Cámara IP Bala UNV (IPC2312LE-ADF28KM-WP) / 2 MP / Lente 2.8 mm / WDR 120dB / IR 30m / MicroSD 512GB / Micrófono Integrado / Ultra Motion Detection / Human Body Detection / ONVIF / IP67 / 3-AXIS / Metálica + Plástico (Grafeno) / EasyStar / Ultra265 / Modo Corredor. Clave Oficial CT: CAMUNV210. Marca: CT.,TELEFONIA Y VIDEO VIGILANCIA,telefonia_seguridad,CT,71.27,1389.82,2223.71,2223.71,1876.25,1876.25,1737.27,1667.78,https://static.ctonline.mx/imagenes/CAMUNV210/CAMUNV210_400.jpg,assets/img/catalog/CAMUNV210.jpg
CAMUNV010,Cámara IP Bala UNV (IPC2314LE-ADF28KM-WP) / 4MP / Ultra265 Lente fijo de 2.8 mm / 12 VDC & POE / Ranura para MicroSD hasta 128 GB / WDR 120 DB / IR 30 MTS / Micrófono embebido / Analíticas SIP / Human Body Detection / ONVIF / ColorHunter Wise-ISP / IP67 / 3-Axis (EasyStar OwlView),Cámara IP Bala UNV (IPC2314LE-ADF28KM-WP) / 4MP / Ultra265 Lente fijo de 2.8 mm / 12 VDC & POE / Ranura para MicroSD hasta 128 GB / WDR 120 DB / IR 30 MTS / Micrófono embebido / Analíticas SIP / Human Body Detection / ONVIF / ColorHunter Wise-ISP / IP67 / 3-Axis (EasyStar OwlView). Clave Oficial CT: CAMUNV010. Marca: CT.,TELEFONIA Y VIDEO VIGILANCIA,telefonia_seguridad,CT,86.55,1687.64,2700.22,2700.22,2278.31,2278.31,2109.55,2025.16,https://static.ctonline.mx/imagenes/CAMUNV010/CAMUNV010_400.jpg,assets/img/catalog/CAMUNV010.jpg
CAMUNV020,Cámara IP Domo UNV (IPC3514LE-ADF28K-WP) / 4 MP / Ultra265 / Lente fijo de 2.8 mm / 12 VCD & POE / Ranura para MicroSD hasta 256 GB / IK10 / WDR 120DB / Micrófono embebido / Human Body Detection / ColorHunter Wise-ISP / IK10 / ONVIF / Metálica Plástica / IP67 / 3-Axis (EasyStar OwlView),Cámara IP Domo UNV (IPC3514LE-ADF28K-WP) / 4 MP / Ultra265 / Lente fijo de 2.8 mm / 12 VCD & POE / Ranura para MicroSD hasta 256 GB / IK10 / WDR 120DB / Micrófono embebido / Human Body Detection / ColorHunter Wise-ISP / IK10 / ONVIF / Metálica Plástica / IP67 / 3-Axis (EasyStar OwlView). Clave Oficial CT: CAMUNV020. Marca: CT.,TELEFONIA Y VIDEO VIGILANCIA,telefonia_seguridad,CT,86.55,1687.64,2700.22,2700.22,2278.31,2278.31,2109.55,2025.16,https://static.ctonline.mx/imagenes/CAMUNV020/CAMUNV020_400.jpg,assets/img/catalog/CAMUNV020.jpg
CAMUNV030,Cámara IP Turret (IPC3624LE-ADF28K-WP) / 4 MP / Lente fijo de 2.8 mm / WDR 120 DB / IR 30 M / Ranura para MicroSD hasta 256GB / Micrófono embebido / Human Body Detection / ColorHunter Wise-ISP / ONVIF / Metálica+Grafeno / IP67 / 3-Axis (EasyStar OwlView),Cámara IP Turret (IPC3624LE-ADF28K-WP) / 4 MP / Lente fijo de 2.8 mm / WDR 120 DB / IR 30 M / Ranura para MicroSD hasta 256GB / Micrófono embebido / Human Body Detection / ColorHunter Wise-ISP / ONVIF / Metálica+Grafeno / IP67 / 3-Axis (EasyStar OwlView). Clave Oficial CT: CAMUNV030. Marca: CT.,TELEFONIA Y VIDEO VIGILANCIA,telefonia_seguridad,CT,86.55,1687.64,2700.22,2700.22,2278.31,2278.31,2109.55,2025.16,https://static.ctonline.mx/imagenes/CAMUNV030/CAMUNV030_400.jpg,assets/img/catalog/CAMUNV030.jpg
CAMUNV040,Cámara IP Bala UNIVIEW (IPC2122LB-AF28K-WL) / 2MP / ColorHunter / U-CODE / Micrófono Embebido / Slot MicroSD 128GB / IP67 / Sin Analíticas,Cámara IP Bala UNIVIEW (IPC2122LB-AF28K-WL) / 2MP / ColorHunter / U-CODE / Micrófono Embebido / Slot MicroSD 128GB / IP67 / Sin Analíticas. Clave Oficial CT: CAMUNV040. Marca: CT.,TELEFONIA Y VIDEO VIGILANCIA,telefonia_seguridad,CT,49.45,964.36,1542.98,1542.98,1301.89,1301.89,1205.45,1157.24,https://static.ctonline.mx/imagenes/CAMUNV040/CAMUNV040_400.jpg,assets/img/catalog/CAMUNV040.jpg
CAMUNV060,Cámara IP Bala UNV (IPC2122LB-ADF28KM-H) / 2MP / Ultra265 / Lente Fijo de 2.8 mm / 12 VCD & POE AF / Ranura para MicroSD hasta 128 GB / Micrófono Embebido / WDR 120 DB / IR 30M / Analíticas Human Body Detection / IP67 (Serie Easy),Cámara IP Bala UNV (IPC2122LB-ADF28KM-H) / 2MP / Ultra265 / Lente Fijo de 2.8 mm / 12 VCD & POE AF / Ranura para MicroSD hasta 128 GB / Micrófono Embebido / WDR 120 DB / IR 30M / Analíticas Human Body Detection / IP67 (Serie Easy). Clave Oficial CT: CAMUNV060. Marca: CT.,TELEFONIA Y VIDEO VIGILANCIA,telefonia_seguridad,CT,64.73,1262.18,2019.49,2019.49,1703.95,1703.95,1577.73,1514.62,https://static.ctonline.mx/imagenes/CAMUNV060/CAMUNV060_400.jpg,assets/img/catalog/CAMUNV060.jpg
CAMUNV070,Cámara IP Domo UNV (IPC322LB-ADF28K-H) / 2MP / Ultra265 / Lente Fijo de 2.8 mm / 12 VCD & POE / Ranura para MicroSD hasta 128 GB / WDR 120DB / IK10 / IR 30 M / Modo Corredor / 3 Axis / Analíticas Human Body Detection / IP67 (Serie Easy H),Cámara IP Domo UNV (IPC322LB-ADF28K-H) / 2MP / Ultra265 / Lente Fijo de 2.8 mm / 12 VCD & POE / Ranura para MicroSD hasta 128 GB / WDR 120DB / IK10 / IR 30 M / Modo Corredor / 3 Axis / Analíticas Human Body Detection / IP67 (Serie Easy H). Clave Oficial CT: CAMUNV070. Marca: CT.,TELEFONIA Y VIDEO VIGILANCIA,telefonia_seguridad,CT,64.73,1262.18,2019.49,2019.49,1703.95,1703.95,1577.73,1514.62,https://static.ctonline.mx/imagenes/CAMUNV070/CAMUNV070_400.jpg,assets/img/catalog/CAMUNV070.jpg
CAMUNV080,Cámara IP Turret UNV (IPC3612LB-ADF28K-H) / 2MP / Ultra265 / Lente Fijo de 2.8 mm / 12 VCD & POE / Ranura para MicroSD hasta 128 GB / Micrófono Embebido / Modo Corredor / 120 DB WDR / IR 30M / Analíticas Human Body Detection / IP67 (Serie Easy),Cámara IP Turret UNV (IPC3612LB-ADF28K-H) / 2MP / Ultra265 / Lente Fijo de 2.8 mm / 12 VCD & POE / Ranura para MicroSD hasta 128 GB / Micrófono Embebido / Modo Corredor / 120 DB WDR / IR 30M / Analíticas Human Body Detection / IP67 (Serie Easy). Clave Oficial CT: CAMUNV080. Marca: CT.,TELEFONIA Y VIDEO VIGILANCIA,telefonia_seguridad,CT,62.55,1219.64,1951.42,1951.42,1646.51,1646.51,1524.55,1463.56,https://static.ctonline.mx/imagenes/CAMUNV080/CAMUNV080_400.jpg,assets/img/catalog/CAMUNV080.jpg
CAMUNV090,Cámara IP Bala UNV (IPC2322LB-ADZK-H) / 2MP / Ultra265 / Lente Mortorizado de 2.8-12 mm / 12 VCD & POE / Ranura para MicroSD hasta 256 GB / Micrófono Embebido / WDR 120DB / IR 50M / Analíticas Human Body Detection / IP67 / Metálica (Serie Easy H),Cámara IP Bala UNV (IPC2322LB-ADZK-H) / 2MP / Ultra265 / Lente Mortorizado de 2.8-12 mm / 12 VCD & POE / Ranura para MicroSD hasta 256 GB / Micrófono Embebido / WDR 120DB / IR 50M / Analíticas Human Body Detection / IP67 / Metálica (Serie Easy H). Clave Oficial CT: CAMUNV090. Marca: CT.,TELEFONIA Y VIDEO VIGILANCIA,telefonia_seguridad,CT,116.36,2269.09,3630.55,3630.55,3063.27,3063.27,2836.36,2722.91,https://static.ctonline.mx/imagenes/CAMUNV090/CAMUNV090_400.jpg,assets/img/catalog/CAMUNV090.jpg
CAMUNV100,Cámara IP Domo UNV (IPC3532LB-ADZK-H) / 2MP / Ultra265 / Lente Motorizado de 2.8-12 mm / 12 VCD & POE / WDR 120 DB / IK10 / IR 40M / Micrófono Embebido / Analíticas Human Body Detection / IP67 / Metálica (Serie Easy H),Cámara IP Domo UNV (IPC3532LB-ADZK-H) / 2MP / Ultra265 / Lente Motorizado de 2.8-12 mm / 12 VCD & POE / WDR 120 DB / IK10 / IR 40M / Micrófono Embebido / Analíticas Human Body Detection / IP67 / Metálica (Serie Easy H). Clave Oficial CT: CAMUNV100. Marca: CT.,TELEFONIA Y VIDEO VIGILANCIA,telefonia_seguridad,CT,118.55,2311.64,3698.62,3698.62,3120.71,3120.71,2889.55,2773.96,https://static.ctonline.mx/imagenes/CAMUNV100/CAMUNV100_400.jpg,assets/img/catalog/CAMUNV100.jpg
CAMUNV110,Cámara IP Bala UNV (IPC2325LB-ADZK-H) / 5MP / Ultra265 / Lente Motorizado de 2.8-12 mm / 12VDC & POE / Ranura MicroSD hasta 256GB / Micrófono Embebido / WDR 120DB / Modo Corredor / IP67 / 50M IR / Botón de Reset / Analíticas Human Body Detection e Intrusión / Serie Easy G,Cámara IP Bala UNV (IPC2325LB-ADZK-H) / 5MP / Ultra265 / Lente Motorizado de 2.8-12 mm / 12VDC & POE / Ranura MicroSD hasta 256GB / Micrófono Embebido / WDR 120DB / Modo Corredor / IP67 / 50M IR / Botón de Reset / Analíticas Human Body Detection e Intrusión / Serie Easy G. Clave Oficial CT: CAMUNV110. Marca: CT.,TELEFONIA Y VIDEO VIGILANCIA,telefonia_seguridad,CT,136.0,2652.0,4243.2,4243.2,3580.2,3580.2,3315.0,3182.4,https://static.ctonline.mx/imagenes/CAMUNV110/CAMUNV110_400.jpg,assets/img/catalog/CAMUNV110.jpg
CAMUNV120,Cámara IP Domo UNV (IPC3535LB-ADZK-H) / Ultra265 / 5MP / Lente Motorizado de 2.8-12 mm / 12 VCD & POE / WDR 120 DB / IK10 / IR 40M / Micrófono Embebido / Metálica / Analíticas Human Body Detection / IP67  (Serie Easy G),Cámara IP Domo UNV (IPC3535LB-ADZK-H) / Ultra265 / 5MP / Lente Motorizado de 2.8-12 mm / 12 VCD & POE / WDR 120 DB / IK10 / IR 40M / Micrófono Embebido / Metálica / Analíticas Human Body Detection / IP67  (Serie Easy G). Clave Oficial CT: CAMUNV120. Marca: CT.,TELEFONIA Y VIDEO VIGILANCIA,telefonia_seguridad,CT,142.55,2779.64,4447.42,4447.42,3752.51,3752.51,3474.55,3335.56,https://static.ctonline.mx/imagenes/CAMUNV120/CAMUNV120_400.jpg,assets/img/catalog/CAMUNV120.jpg
CAMUNV130,Cámara IP PTZ Interior Ultra265 UNV (IPC6412LR-X5UPW-VG) / 2MP 5X de Zoom / 12VDC & POE / WiFi / Ranura MicroSD / Micrófono y Bocina Embebidos / 1 Entrada y 1 Salida de Alarma / WDR 120DB / 30M IR / Metálica / Analíticas Smart Intrusión Prevention (Serie Easy),Cámara IP PTZ Interior Ultra265 UNV (IPC6412LR-X5UPW-VG) / 2MP 5X de Zoom / 12VDC & POE / WiFi / Ranura MicroSD / Micrófono y Bocina Embebidos / 1 Entrada y 1 Salida de Alarma / WDR 120DB / 30M IR / Metálica / Analíticas Smart Intrusión Prevention (Serie Easy). Clave Oficial CT: CAMUNV130. Marca: CT.,TELEFONIA Y VIDEO VIGILANCIA,telefonia_seguridad,CT,216.0,4212.0,6739.2,6739.2,5686.2,5686.2,5265.0,5054.4,https://static.ctonline.mx/imagenes/CAMUNV130/CAMUNV130_400.jpg,assets/img/catalog/CAMUNV130.jpg
CAMUNV140,Cámara IP Mini PTZ Domo UNV (IPC6415SR-X5UPW-VG) / 5MP / POE / 5X Zoom Óptico / WiFi / Micrófono y Bocina Integrados / Soporta MicroSD / WDR / Alarma / 30M IR/ StarLight / Analíticas SIP,Cámara IP Mini PTZ Domo UNV (IPC6415SR-X5UPW-VG) / 5MP / POE / 5X Zoom Óptico / WiFi / Micrófono y Bocina Integrados / Soporta MicroSD / WDR / Alarma / 30M IR/ StarLight / Analíticas SIP. Clave Oficial CT: CAMUNV140. Marca: CT.,TELEFONIA Y VIDEO VIGILANCIA,telefonia_seguridad,CT,261.09,5091.27,8146.04,8146.04,6873.22,6873.22,6364.09,6109.53,https://static.ctonline.mx/imagenes/CAMUNV140/CAMUNV140_400.jpg,assets/img/catalog/CAMUNV140.jpg
CAMUNV150,Cámara IP PTZ WiFi UNV (IPC6312LR-AX4W-VG) / 2MP / Ultra265 / 2.8-12 mm / 4X de Zoom / 12 VCD / Ranura para MicroSD 256 GB / LightHunter / Micrófono y Bocina Embebidos / Auto Tracking / IR 50M / WDR 120DB / 256 Presets / Patrullaje / Botón de Reset / Analíticas SIP / Conteo de Personas / IP66 / Exterior / Metálica-Plástica (Serie Easy PTZ) (Incluye brazo),Cámara IP PTZ WiFi UNV (IPC6312LR-AX4W-VG) / 2MP / Ultra265 / 2.8-12 mm / 4X de Zoom / 12 VCD / Ranura para MicroSD 256 GB / LightHunter / Micrófono y Bocina Embebidos / Auto Tracking / IR 50M / WDR 120DB / 256 Presets / Patrullaje / Botón de Reset / Analíticas SIP / Conteo de Personas / IP66 / Exterior / Metálica-Plástica (Serie Easy PTZ) (Incluye brazo). Clave Oficial CT: CAMUNV150. Marca: CT.,TELEFONIA Y VIDEO VIGILANCIA,telefonia_seguridad,CT,173.09,3375.27,5400.44,5400.44,4556.62,4556.62,4219.09,4050.33,https://static.ctonline.mx/imagenes/CAMUNV150/CAMUNV150_400.jpg,assets/img/catalog/CAMUNV150.jpg
CAMUNV160,Cámara IP PTZ Dual UNV (IPC9312LFW-AF28-2X4) 2MP / 4X Zoom / 2.8 - 12 mm / IR 50M / 10 M Luz Cálida / Exterior / LightHunter / WDR 120DB / 12VCD / POE AT / Doble Micrófono y Altavoz Embebidos / Analítica SIP / Soporta MicroSD hasta 256 GB / Incluye Brazo a Pared / IP66 (Serie Easy),Cámara IP PTZ Dual UNV (IPC9312LFW-AF28-2X4) 2MP / 4X Zoom / 2.8 - 12 mm / IR 50M / 10 M Luz Cálida / Exterior / LightHunter / WDR 120DB / 12VCD / POE AT / Doble Micrófono y Altavoz Embebidos / Analítica SIP / Soporta MicroSD hasta 256 GB / Incluye Brazo a Pared / IP66 (Serie Easy). Clave Oficial CT: CAMUNV160. Marca: CT.,TELEFONIA Y VIDEO VIGILANCIA,telefonia_seguridad,CT,269.82,5261.45,8418.33,8418.33,7102.96,7102.96,6576.82,6313.75,https://static.ctonline.mx/imagenes/CAMUNV160/CAMUNV160_400.jpg,assets/img/catalog/CAMUNV160.jpg
CAMUNV170,Cámara IP Mini PTZ UNV (IPC6434LR-X16-VG1) / 4 MP / Ultra265 / LightHunter / Lente Motorizado 5.5 - 88 mm / Zoom 16X / IK10 / IP66 / POE AT / 12VCD 3A / Audio Entrada y Salida / Alarma Entrada y Salida / Soporta MicroSD 256 GB/ Analíticas SIP Lite / Auto Tracking /100 M IR / Botón de Reset,Cámara IP Mini PTZ UNV (IPC6434LR-X16-VG1) / 4 MP / Ultra265 / LightHunter / Lente Motorizado 5.5 - 88 mm / Zoom 16X / IK10 / IP66 / POE AT / 12VCD 3A / Audio Entrada y Salida / Alarma Entrada y Salida / Soporta MicroSD 256 GB/ Analíticas SIP Lite / Auto Tracking /100 M IR / Botón de Reset. Clave Oficial CT: CAMUNV170. Marca: CT.,TELEFONIA Y VIDEO VIGILANCIA,telefonia_seguridad,CT,390.55,7615.64,12185.02,12185.02,10281.11,10281.11,9519.55,9138.76,https://static.ctonline.mx/imagenes/CAMUNV170/CAMUNV170_400.jpg,assets/img/catalog/CAMUNV170.jpg
CAMUNV180,Cámara IP Bala UNV (IPC2222SB-AHDF28KM-I1) / Ultra265 / 2MP / IR 80M / LightHunter / Analíticas SIP / UMD / Audio E/S / Alarma E/S / Ranura para MicroSD hasta 256GB / Micrófono Embebido / IK10 / IP67,Cámara IP Bala UNV (IPC2222SB-AHDF28KM-I1) / Ultra265 / 2MP / IR 80M / LightHunter / Analíticas SIP / UMD / Audio E/S / Alarma E/S / Ranura para MicroSD hasta 256GB / Micrófono Embebido / IK10 / IP67. Clave Oficial CT: CAMUNV180. Marca: CT.,TELEFONIA Y VIDEO VIGILANCIA,telefonia_seguridad,CT,101.82,1985.45,3176.73,3176.73,2680.36,2680.36,2481.82,2382.55,https://static.ctonline.mx/imagenes/CAMUNV180/CAMUNV180_400.jpg,assets/img/catalog/CAMUNV180.jpg
CAMUNV190,Cámara IP Bala UNV (IPC2225SB-ADF28KM-I1) / 5MP / Lente Fijo 2.8 mm / Ultra265 / Analíticas SIP/ 80M IR / 1 Entrada y 1 Salida de Audio / 1 Entrada y 1 Salida de Alarma / Micrófono Embebido / IK10 / IP67 / LightHunter (Serie Prime I),Cámara IP Bala UNV (IPC2225SB-ADF28KM-I1) / 5MP / Lente Fijo 2.8 mm / Ultra265 / Analíticas SIP/ 80M IR / 1 Entrada y 1 Salida de Audio / 1 Entrada y 1 Salida de Alarma / Micrófono Embebido / IK10 / IP67 / LightHunter (Serie Prime I). Clave Oficial CT: CAMUNV190. Marca: CT.,TELEFONIA Y VIDEO VIGILANCIA,telefonia_seguridad,CT,124.36,2425.09,3880.15,3880.15,3273.87,3273.87,3031.36,2910.11,https://static.ctonline.mx/imagenes/CAMUNV190/CAMUNV190_400.jpg,assets/img/catalog/CAMUNV190.jpg
CAMUBI060,"Ubiquiti UVC-G5-Bullet - Cámara IP bullet para exterior 4 MP con Iluminadores IR 9 mts, Lente fijo, micrófono integrado y detección de eventos de IA","Ubiquiti UVC-G5-Bullet - Cámara IP bullet para exterior 4 MP con Iluminadores IR 9 mts, Lente fijo, micrófono integrado y detección de eventos de IA. Clave Oficial CT: CAMUBI060. Marca: CT.",TELEFONIA Y VIDEO VIGILANCIA,telefonia_seguridad,CT,151.56,2955.36,4728.57,4728.57,3989.73,3989.73,3694.2,3546.43,https://static.ctonline.mx/imagenes/CAMUBI060/CAMUBI060_400.jpg,assets/img/catalog/CAMUBI060.jpg
CAMUBI070,Ubiquiti UVC-G5-TURRET-ULTRA - Camara IP PoE Tipo Domo 2K/ IR de Hasta 30m/ Deteccion de Eventos IA/ Microfono Integrado/ A Prueba de Agua/ Angulo de Vision Ultra Amplio,Ubiquiti UVC-G5-TURRET-ULTRA - Camara IP PoE Tipo Domo 2K/ IR de Hasta 30m/ Deteccion de Eventos IA/ Microfono Integrado/ A Prueba de Agua/ Angulo de Vision Ultra Amplio. Clave Oficial CT: CAMUBI070. Marca: CT.,TELEFONIA Y VIDEO VIGILANCIA,telefonia_seguridad,CT,106.82,2082.95,3332.73,3332.73,2811.99,2811.99,2603.69,2499.55,https://static.ctonline.mx/imagenes/CAMUBI070/CAMUBI070_400.jpg,assets/img/catalog/CAMUBI070.jpg
CAMUBI050,Camara Ubiquiti modelo UVC-G5-DOME-ULTRA IP PoE Tipo Domo 2K IR de Hasta 30m deteccion de eventos IA microfono integrado a prueba de agua angulo de vision ultra amplio,Camara Ubiquiti modelo UVC-G5-DOME-ULTRA IP PoE Tipo Domo 2K IR de Hasta 30m deteccion de eventos IA microfono integrado a prueba de agua angulo de vision ultra amplio. Clave Oficial CT: CAMUBI050. Marca: CT.,TELEFONIA Y VIDEO VIGILANCIA,telefonia_seguridad,CT,97.24,1896.15,3033.85,3033.85,2559.81,2559.81,2370.19,2275.38,https://static.ctonline.mx/imagenes/CAMUBI050/CAMUBI050_400.jpg,assets/img/catalog/CAMUBI050.jpg
